# .PCD v0.7 - Point Cloud Data file format
VERSION 0.7
FIELDS x y z intensity
SIZE 4 4 4 4
TYPE F F F F
COUNT 1 1 1 1
WIDTH 23574
HEIGHT 1
VIEWPOINT 0 0 0 1 0 0 0
POINTS 23574
DATA ascii
0.964503 -0.124725 0.621120 0.000000
1.008127 -0.124253 0.637453 0.000000
0.705251 -0.127157 0.537492 0.000000
0.932004 -0.125216 0.543526 0.000000
0.728761 -0.126597 0.676895 0.000000
0.542661 -0.074987 0.496932 0.000000
1.707321 7.751744 1.162372 0.000000
1.219014 -0.122026 0.636642 0.000000
1.193249 -0.122642 0.459065 0.000000
1.173298 7.750969 1.012788 0.000000
1.136598 16.014355 2.061726 0.000000
1.115121 10.189254 1.477656 0.000000
1.439176 7.751319 1.082303 0.000000
0.861507 18.507497 2.363184 0.000000
1.121652 13.169206 1.768882 0.000000
1.111669 8.732513 1.288810 0.000000
1.335035 7.751143 1.020948 0.000000
0.639685 17.626050 2.366072 0.000000
1.141100 17.859364 2.109814 0.000000
1.092579 11.122321 1.204506 0.000000
0.336607 16.725545 2.365847 0.000000
0.925866 20.195489 2.366524 0.000000
1.154387 15.364772 1.663428 0.000000
1.091768 9.751282 1.013202 0.000000
0.061158 15.865852 2.365596 0.000000
0.572364 19.378745 2.366402 0.000000
1.148056 20.770458 2.128445 0.000000
1.093273 12.566488 1.211423 0.000000
-0.188640 15.037396 2.365318 0.000000
0.244014 18.566396 2.366257 0.000000
0.874848 23.370239 2.366800 0.000000
1.822428 7.751809 1.061666 0.000000
1.233060 7.748977 1.221561 0.000000
1.138862 7.748506 1.232236 0.000000
1.119216 9.367726 1.396072 0.000000
1.126417 12.006340 1.658443 0.000000
1.110135 8.115851 1.277935 0.000000
2.083072 -0.080112 1.066445 0.000000
2.202834 -0.077350 1.329563 0.000000
2.033548 -0.081449 0.886678 0.000000
2.196093 -0.080091 0.601261 0.000000
2.200568 -0.078322 1.142378 0.000000
1.954969 -0.082973 0.715289 0.000000
1.908013 -0.083261 0.822270 0.000000
1.847937 -0.082969 1.074572 0.000000
2.434165 -0.075571 1.120374 0.000000
2.725030 -0.071322 1.315817 0.000000
2.474986 -0.072976 1.551935 0.000000
2.761874 -0.072114 0.979627 0.000000
2.446705 -0.074555 1.314294 0.000000
2.542946 -0.075207 0.824103 0.000000
2.236966 -0.078987 0.849518 0.000000
1.207456 -0.122359 0.546401 0.000000
1.417478 -0.119491 0.716428 0.000000
1.407661 -0.119241 0.818225 0.000000
1.608049 -0.086593 0.925286 0.000000
1.608842 -0.087439 0.686284 0.000000
1.094882 17.288755 1.449464 0.000000
-1.386397 -0.110596 1.666617 0.000000
-1.172112 -0.115028 1.445386 0.000000
-1.179120 -0.117775 1.230370 0.000000
-1.386719 -0.116677 1.215801 0.000000
-1.368942 -0.117893 1.055518 0.000000
-1.367503 -0.113335 1.464949 0.000000
-1.553447 -0.086116 1.025891 0.000000
-1.505656 -0.114666 1.313428 0.000000
-1.599559 -0.083220 1.403495 0.000000
-1.189662 -0.121050 0.834713 0.000000
-0.974902 -0.123293 0.836495 0.000000
-0.985919 -0.118933 1.220409 0.000000
-0.980149 -0.121967 1.003342 0.000000
-1.190135 -0.119781 1.069963 0.000000
-1.982550 -0.072579 2.037324 0.000000
-1.724779 -0.076329 1.843073 0.000000
-1.974590 -0.076460 1.761088 0.000000
-1.789126 -0.072828 2.036055 0.000000
-1.995949 -0.075866 1.809278 0.000000
-2.150757 -0.075154 1.679854 0.000000
-1.585818 -0.074785 2.013811 0.000000
-1.766496 -0.070391 2.271797 0.000000
-2.017105 -0.075657 1.807798 0.000000
-2.190292 -0.072360 2.007850 0.000000
-2.360336 -0.071463 1.894032 0.000000
-1.998033 -0.069747 2.237284 0.000000
-1.593480 -0.077157 1.801634 0.000000
-1.755010 -0.081969 1.329347 0.000000
-1.571226 -0.079539 1.669522 0.000000
-1.765705 -0.080338 1.545860 0.000000
-1.798114 -0.079564 1.600925 0.000000
-1.851407 -0.080341 1.408337 0.000000
-1.359323 7.754799 1.942304 0.000000
-1.063237 9.428586 1.902467 0.000000
-1.079270 12.535694 1.812026 0.000000
-1.094388 17.396257 1.803777 0.000000
-1.288850 7.754598 2.009623 0.000000
-1.108014 7.752520 1.629648 0.000000
-1.080051 9.976909 1.624438 0.000000
-1.092905 12.946608 1.462558 0.000000
-1.073694 8.136490 1.556501 0.000000
-1.091446 10.123723 1.404328 0.000000
-1.521206 7.756202 2.212623 0.000000
-1.077256 7.753808 1.820870 0.000000
-1.132863 7.751741 1.410507 0.000000
-1.090003 8.165901 1.208019 0.000000
-1.706118 7.756203 2.217131 0.000000
-1.461913 7.753925 1.807232 0.000000
-1.266945 7.752769 1.636263 0.000000
-1.127745 7.751272 1.287370 0.000000
-1.611452 6.680370 2.171898 0.000000
-1.777804 7.756429 2.141172 0.000000
-1.556951 7.753513 1.747990 0.000000
-1.353783 7.751450 1.230401 0.000000
-1.715432 6.577576 2.225513 0.000000
-0.968314 12.085896 2.363947 0.000000
-0.414921 14.246409 2.365014 0.000000
-0.059567 17.759644 2.366092 0.000000
0.486685 22.798787 2.365020 0.000000
1.096496 25.889683 2.020000 0.000000
-0.618983 13.490695 2.364683 0.000000
-0.339177 16.962982 2.365903 0.000000
0.116060 21.849263 2.365016 0.000000
0.676823 29.209486 2.364685 0.000000
-0.802912 12.771716 2.364328 0.000000
-0.415606 16.025281 2.360989 0.000000
-0.265705 21.044551 2.366609 0.000000
0.304005 28.459114 2.363693 0.000000
-1.611398 6.634149 1.897859 0.000000
-0.829633 15.423268 2.365458 0.000000
-0.597651 20.220449 2.366511 0.000000
-0.194530 27.727011 2.366833 0.000000
-1.061229 10.754047 2.271270 0.000000
-1.042463 14.682448 2.365199 0.000000
-0.904916 19.391436 2.366396 0.000000
-0.648211 26.848260 2.366846 0.000000
-1.064080 8.857323 2.085743 0.000000
-1.059733 11.659591 2.099054 0.000000
-1.077421 16.353809 2.096193 0.000000
-1.095801 24.913210 2.241552 0.000000
-0.798988 -0.124917 0.835560 0.000000
-0.781153 -0.125965 0.600195 0.000000
-0.768249 -0.122402 1.061589 0.000000
-0.577012 -0.126064 0.844790 0.000000
-1.728474 7.752923 1.619497 0.000000
-1.510022 7.751680 1.265652 0.000000
-1.836577 6.578212 2.299876 0.000000
-1.680190 6.575033 1.824886 0.000000
-1.798300 6.573834 1.607712 0.000000
-1.729944 7.752232 1.474846 0.000000
-1.823188 6.577115 2.078533 0.000000
-1.759020 6.572461 1.278223 0.000000
-0.584282 -0.124068 1.023035 0.000000
2.620905 -0.073532 1.063096 0.000000
-1.802586 6.572784 1.452866 0.000000
-0.589214 -0.127391 0.624408 0.000000
-3.637265 -0.051405 3.441553 0.000000
-3.587458 -0.053887 3.043183 0.000000
-2.974792 -0.054850 3.413000 0.000000
-3.115238 -0.055121 3.363827 0.000000
-3.375671 -0.054265 3.228204 0.000000
-2.977352 -0.052886 3.635883 0.000000
-3.170524 -0.054153 3.461205 0.000000
-3.226809 -0.053178 3.562211 0.000000
-3.443590 -0.053199 3.335863 0.000000
-3.191782 -0.052942 3.633436 0.000000
-3.582680 -0.051056 3.564253 0.000000
-3.308849 -0.055327 3.124600 0.000000
-2.992032 -0.048998 3.911070 0.000000
-3.341934 -0.051216 3.775394 0.000000
-3.450759 -0.050708 3.758892 0.000000
-3.186104 -0.050930 3.820028 0.000000
-3.364764 -0.049957 3.966746 0.000000
-3.401022 -0.050228 3.888058 0.000000
-3.954210 -0.048322 3.681977 0.000000
-3.176758 -0.048987 4.064437 0.000000
-3.391981 -0.049566 4.009474 0.000000
-3.726762 -0.048899 3.811666 0.000000
-2.850637 -0.059881 2.924289 0.000000
-2.928900 -0.061589 2.578598 0.000000
-2.966573 -0.063596 2.202775 0.000000
-2.595493 -0.061894 2.814400 0.000000
-2.749693 -0.061744 2.767952 0.000000
-2.989962 -0.060559 2.661417 0.000000
-3.126547 0.083277 2.554851 0.000000
-2.556572 -0.058148 3.061661 0.000000
-2.799847 -0.060815 2.844835 0.000000
-3.064630 -0.037414 2.553860 0.000000
-2.799661 -0.059664 3.002780 0.000000
-3.800575 -0.047818 3.942991 0.000000
-3.051812 -0.059524 2.747323 0.000000
-2.787201 -0.056717 3.261119 0.000000
-2.954240 -0.057994 3.091225 0.000000
-3.178390 -0.057436 2.928883 0.000000
-3.399640 -0.057123 2.699768 0.000000
-3.007149 -0.057041 3.179026 0.000000
-3.231147 -0.057791 2.805977 0.000000
-2.791906 -0.053130 3.500816 0.000000
-2.994359 -0.056608 3.256911 0.000000
-3.784935 -0.038004 5.625175 0.000000
-3.514321 -0.020147 5.127690 0.000000
-3.984812 -0.041133 5.131191 0.000000
-4.314623 -0.039446 5.247179 0.000000
-4.793065 -0.037956 5.204844 0.000000
-3.551813 -0.038270 5.257883 0.000000
-3.966231 -0.040159 5.355813 0.000000
-4.386570 -0.038452 5.425009 0.000000
-4.927350 -0.036192 5.558315 0.000000
-3.520161 -0.036858 5.470004 0.000000
-4.129599 -0.039071 5.477536 0.000000
-4.458844 -0.037468 5.608474 0.000000
-4.835197 -0.035292 5.880155 0.000000
-4.625912 0.056036 5.134050 0.000000
-4.099263 -0.038166 5.707562 0.000000
-4.533160 -0.036475 5.801327 0.000000
-5.129294 -0.034000 6.010573 0.000000
-4.167842 -0.037163 5.895661 0.000000
-4.608089 -0.035491 6.000644 0.000000
-5.339390 -0.031826 6.506169 0.000000
-3.634938 -0.034698 5.819713 0.000000
-4.308674 -0.035155 6.297177 0.000000
-4.762490 -0.033517 6.427263 0.000000
-5.341275 -0.031491 6.610866 0.000000
-4.238982 -0.042795 4.553757 0.000000
-3.150174 -0.045838 4.260607 0.000000
-3.522378 -0.048235 4.127000 0.000000
-3.620982 -0.047812 4.115173 0.000000
-4.004218 -0.046029 4.094274 0.000000
-3.584545 -0.047236 4.253060 0.000000
-3.952564 -0.045645 4.222857 0.000000
-4.030429 -0.044561 4.371200 0.000000
-3.386913 -0.045032 4.558023 0.000000
-3.593617 -0.046076 4.458739 0.000000
-3.972191 -0.044412 4.455727 0.000000
-3.373596 -0.041544 4.795127 0.000000
-3.778608 -0.044204 4.664322 0.000000
-4.191227 -0.042380 4.688782 0.000000
-4.319386 -0.041724 4.719078 0.000000
-3.775437 -0.043126 4.880988 0.000000
-4.174470 -0.041433 4.912153 0.000000
-4.401412 -0.040652 4.891562 0.000000
-3.592479 -0.042356 4.912315 0.000000
-4.346803 0.007614 5.132301 0.000000
-1.726178 -0.083702 1.091542 0.000000
-1.975827 -0.079694 1.276020 0.000000
-2.186284 -0.076236 1.447277 0.000000
-1.398210 -0.118718 0.816950 0.000000
-1.582248 -0.085929 0.994470 0.000000
-2.639518 0.030458 2.551720 0.000000
-2.369294 -0.068936 2.231805 0.000000
-2.579374 -0.067614 2.139524 0.000000
-2.584718 -0.069681 1.809819 0.000000
-2.397123 0.000054 2.550383 0.000000
-2.386299 -0.065058 2.569297 0.000000
-2.415088 -0.068061 2.292007 0.000000
-2.780431 -0.066271 2.048122 0.000000
-2.378089 -0.062038 2.758022 0.000000
-2.960610 0.783630 2.984721 0.000000
-2.598952 -0.064051 2.615635 0.000000
-2.562301 -0.064830 2.551842 0.000000
-2.750743 -0.064635 2.347407 0.000000
-2.943958 0.013774 2.553422 0.000000
-2.197150 -0.069168 2.265250 0.000000
-2.395794 -0.072575 1.665148 0.000000
-3.980407 -0.035868 6.051367 0.000000
-2.323955 -0.069803 2.173401 0.000000
4.103152 -0.055453 1.925664 0.000000
4.443267 -0.051753 2.240708 0.000000
4.229858 -0.053110 2.298996 0.000000
4.067101 -0.053625 2.472609 0.000000
3.633094 -0.056513 2.559426 0.000000
4.577630 -0.051255 2.095911 0.000000
4.190972 -0.053547 2.260384 0.000000
3.858703 -0.056103 2.267279 0.000000
3.901560 0.098217 2.558709 0.000000
4.326652 -0.052992 2.130561 0.000000
4.030546 -0.055431 2.093266 0.000000
3.535424 -0.058736 2.271171 0.000000
3.888884 -0.054168 2.646098 0.000000
3.956053 -0.056196 2.051262 0.000000
3.661056 -0.058551 2.080941 0.000000
3.840587 -0.057729 1.904433 0.000000
3.891700 -0.057885 1.739285 0.000000
3.747584 -0.058884 1.814833 0.000000
3.451981 -0.059862 2.186991 0.000000
3.291020 -0.062082 2.029641 0.000000
4.079489 -0.051842 2.860572 0.000000
4.280533 -0.049495 3.095685 0.000000
5.473302 -0.043245 2.913107 0.000000
5.082509 -0.045501 2.880158 0.000000
4.644365 -0.047330 3.085507 0.000000
4.039769 -0.051065 3.085604 0.000000
5.222751 -0.044609 2.912178 0.000000
4.847285 -0.046830 2.893247 0.000000
4.521692 -0.048599 2.950059 0.000000
5.151839 -0.045935 2.609094 0.000000
4.657687 -0.048442 2.766444 0.000000
5.000264 -0.047273 2.469809 0.000000
4.287709 -0.051123 2.699256 0.000000
4.963286 -0.047551 2.454457 0.000000
4.438617 -0.050779 2.522701 0.000000
4.713440 -0.049934 2.213745 0.000000
2.870643 -0.070044 1.220011 0.000000
3.137706 -0.066415 1.402721 0.000000
2.845747 -0.068521 1.628664 0.000000
3.068767 -0.067836 1.216415 0.000000
2.879499 -0.069102 1.428125 0.000000
2.837022 -0.071058 1.035531 0.000000
3.229835 -0.065637 1.349264 0.000000
2.641228 -0.071592 1.462111 0.000000
3.481888 -0.062284 1.568645 0.000000
3.565898 -0.059764 1.994262 0.000000
3.657368 -0.060022 1.729575 0.000000
3.568299 -0.061162 1.647170 0.000000
3.691045 -0.060285 1.569384 0.000000
3.381928 -0.062169 1.832029 0.000000
3.061556 -0.065350 1.816613 0.000000
3.207013 -0.064526 1.684861 0.000000
3.311959 -0.064532 1.419282 0.000000
3.122495 -0.065688 1.616202 0.000000
2.827747 -0.067385 1.873604 0.000000
7.823236 -0.026393 6.491112 0.000000
6.231604 -0.030849 6.151038 0.000000
8.821556 -0.022587 7.556805 0.000000
7.378255 -0.026810 6.731174 0.000000
6.021996 -0.032253 5.847975 0.000000
8.512521 -0.023867 7.123458 0.000000
7.145882 -0.028093 6.381197 0.000000
6.115344 -0.032639 5.622698 0.000000
9.920645 -0.020611 7.753409 0.000000
8.219241 -0.025155 6.718818 0.000000
6.923545 -0.029385 6.052223 0.000000
5.877817 -0.033416 5.591625 0.000000
9.497180 -0.021899 7.319822 0.000000
7.472530 -0.026203 6.923996 0.000000
6.987265 -0.029722 5.844906 0.000000
5.950386 -0.033861 5.369723 0.000000
9.023433 -0.023722 6.680207 0.000000
7.618250 -0.027559 6.140773 0.000000
6.799575 -0.030882 5.568047 0.000000
5.792796 -0.035074 5.132975 0.000000
8.694774 -0.025015 6.284375 0.000000
7.436657 -0.028991 5.671623 0.000000
6.551834 -0.032231 5.310136 0.000000
5.572107 -0.036566 4.897384 0.000000
8.478755 -0.025743 6.120768 0.000000
-5.224730 -0.028531 7.664033 0.000000
-4.381021 -0.034150 6.511648 0.000000
-4.842334 -0.032526 6.655949 0.000000
-5.560393 -0.029652 7.055393 0.000000
-3.814980 -0.031415 6.408668 0.000000
-4.575628 -0.033313 6.611765 0.000000
-5.005479 -0.030555 7.142740 0.000000
-5.788769 -0.027734 7.574313 0.000000
-3.877031 -0.030316 6.623215 0.000000
-4.530328 -0.032130 6.972896 0.000000
-5.149207 -0.029767 7.300068 0.000000
-4.152809 -0.031023 6.951537 0.000000
-4.779858 -0.030698 7.241759 0.000000
7.332705 -0.029667 5.483689 0.000000
-4.197506 -0.030274 7.031279 0.000000
-4.685713 -0.030101 7.481415 0.000000
-4.069569 -0.027001 7.331803 0.000000
-4.346783 -0.027983 7.695640 0.000000
7.141307 -0.025445 7.559278 0.000000
6.800435 -0.027011 7.156077 0.000000
6.708653 -0.027694 6.949201 0.000000
8.031650 -0.023541 7.740356 0.000000
6.626517 -0.028477 6.702960 0.000000
7.742104 -0.024880 7.314409 0.000000
6.464141 -0.029969 6.264597 0.000000
5.035971 -0.043513 3.536558 0.000000
5.527448 -0.040233 3.818118 0.000000
4.959833 -0.042347 3.954666 0.000000
6.625157 -0.035084 4.086864 0.000000
5.808041 -0.038660 3.936820 0.000000
5.321412 -0.040948 3.881912 0.000000
4.719636 -0.044740 3.639933 0.000000
6.410309 -0.036449 3.858696 0.000000
5.632043 -0.040023 3.735965 0.000000
5.176071 -0.042232 3.704414 0.000000
4.604158 -0.045942 3.492894 0.000000
6.205591 -0.037812 3.645131 0.000000
5.678947 -0.040437 3.527409 0.000000
6.188963 -0.036631 4.115760 0.000000
4.445195 -0.046566 3.550290 0.000000
6.008940 -0.039183 3.443479 0.000000
5.462918 -0.041386 3.547142 0.000000
4.900776 -0.044791 3.377672 0.000000
4.493213 -0.047130 3.354055 0.000000
5.822446 -0.040540 3.255686 0.000000
5.300602 -0.042746 3.369467 0.000000
4.385243 -0.048315 3.221786 0.000000
5.644104 -0.041895 3.079192 0.000000
5.008604 -0.044929 3.175275 0.000000
6.647999 -0.033658 4.634700 0.000000
6.319898 -0.033239 5.191558 0.000000
5.493944 -0.037511 4.695193 0.000000
8.148109 -0.027174 5.734125 0.000000
7.137239 -0.030825 5.201567 0.000000
6.135184 -0.034529 4.938278 0.000000
5.353616 -0.038719 4.495563 0.000000
7.835831 -0.028615 5.375352 0.000000
6.864893 -0.032328 4.898660 0.000000
5.959977 -0.035808 4.702153 0.000000
7.544949 -0.030042 5.046666 0.000000
5.877784 -0.036889 4.438560 0.000000
5.152260 -0.040180 4.312277 0.000000
7.329607 -0.031587 4.605168 0.000000
6.567093 -0.034086 4.570664 0.000000
5.627435 -0.038386 4.267189 0.000000
5.086844 -0.041137 4.125942 0.000000
7.091137 -0.032339 4.594772 0.000000
6.373766 -0.035359 4.336241 0.000000
5.472144 -0.039663 4.069764 0.000000
6.852845 -0.033707 4.332937 0.000000
1.099925 29.395290 0.950897 0.000000
1.091612 9.542717 0.599173 0.000000
0.533347 25.036995 2.366851 0.000000
1.096969 30.003555 2.049284 0.000000
1.095139 18.346449 1.147815 0.000000
1.093344 12.777426 0.512193 0.000000
0.136962 23.611731 2.366802 0.000000
0.611791 34.264410 2.359863 0.000000
1.100451 29.395541 1.479005 0.000000
1.095062 18.110866 0.692014 0.000000
-0.217711 22.256290 2.366717 0.000000
0.180197 32.408744 2.360335 0.000000
0.652436 35.720628 1.775229 0.000000
1.093499 13.129401 0.801777 0.000000
-0.534833 20.974546 2.366600 0.000000
-0.351691 30.531287 2.360777 0.000000
0.047039 35.720591 1.726616 0.000000
0.644633 35.720196 0.840557 0.000000
-0.817741 19.764390 2.366451 0.000000
-0.632273 28.620944 2.361195 0.000000
-0.593891 35.720661 1.835622 0.000000
0.016038 35.720299 1.096872 0.000000
-1.047791 18.211928 2.329302 0.000000
-1.095666 23.924948 2.109119 0.000000
-1.096796 34.761487 1.962931 0.000000
1.279056 7.750795 0.648503 0.000000
1.868556 7.751541 0.625928 0.000000
1.135035 7.750912 0.990575 0.000000
1.235405 7.750965 0.940788 0.000000
1.600827 7.751211 0.703390 0.000000
1.091148 8.857262 1.044010 0.000000
1.439906 7.750991 0.674779 0.000000
1.652453 7.751142 0.457228 0.000000
1.092763 11.480390 1.204572 0.000000
1.090688 8.276706 0.930017 0.000000
-0.578777 35.720326 1.117873 0.000000
1.532327 7.751050 0.583951 0.000000
1.164009 15.365762 1.434513 0.000000
1.092194 10.459240 0.866537 0.000000
1.116899 7.750620 0.624650 0.000000
1.364900 7.750841 0.566853 0.000000
1.137479 21.134036 1.938694 0.000000
1.093824 13.944991 1.109211 0.000000
1.091878 9.943909 0.749885 0.000000
1.197866 7.750657 0.552382 0.000000
0.974420 26.543816 2.366865 0.000000
1.095351 19.269683 1.502006 0.000000
-1.580290 7.751960 1.424241 0.000000
-1.452230 7.751425 1.092467 0.000000
-1.236962 7.750997 0.894165 0.000000
-1.701106 7.753915 1.807168 0.000000
-1.615861 7.751663 1.118571 0.000000
-1.407693 7.751201 0.906438 0.000000
-1.611345 6.670705 1.764171 0.000000
-1.633211 6.735631 1.401457 0.000000
-1.666379 7.751933 1.303378 0.000000
-1.759915 7.751594 0.800866 0.000000
-1.381998 7.751033 0.724110 0.000000
-1.670168 6.572474 1.403600 0.000000
-1.728443 6.572181 1.093387 0.000000
-1.677009 6.571831 0.832414 0.000000
-1.807016 6.575524 1.886571 0.000000
-0.564331 -0.127914 0.446220 0.000000
-1.093235 13.759238 0.905528 0.000000
-1.055766 13.943877 2.022632 0.000000
-1.094322 17.153598 1.701934 0.000000
-1.095355 21.976694 1.468672 0.000000
-1.096405 30.001408 1.115283 0.000000
-1.079774 11.111574 1.878758 0.000000
-1.093857 15.536272 1.302149 0.000000
-1.094852 19.321785 0.887318 0.000000
-1.080203 9.034058 1.717326 0.000000
-1.091530 10.257061 1.413597 0.000000
-1.092353 11.749337 1.035314 0.000000
1.400829 7.751143 0.938831 0.000000
-1.090068 8.243427 1.202920 0.000000
-1.090914 9.335433 1.084651 0.000000
-1.091721 10.587921 0.735574 0.000000
-1.126489 7.751021 1.048750 0.000000
-1.089954 8.123343 0.650339 0.000000
-1.289140 7.751210 1.069334 0.000000
1.426571 -0.119836 0.522079 0.000000
1.902961 7.751828 0.949450 0.000000
1.734574 7.751575 0.943043 0.000000
-3.751824 -0.051564 3.278565 0.000000
-2.878328 0.787472 3.009625 0.000000
-0.929065 -0.124496 0.639593 0.000000
-1.184515 -0.121534 0.726448 0.000000
-0.732641 -0.126402 0.588971 0.000000
-4.398644 -0.032982 6.813716 0.000000
-4.168886 -0.036630 6.023667 0.000000
-3.158707 -0.036518 5.417284 0.000000
-4.922689 -0.031545 6.892765 0.000000
-3.377549 -0.036014 5.474364 0.000000
-3.694073 -0.033606 6.007537 0.000000
-4.891634 -0.031099 7.048546 0.000000
-3.262623 -0.034245 5.760565 0.000000
-3.753940 -0.032512 6.203593 0.000000
-3.577115 -0.035780 5.641202 0.000000
-5.088847 -0.029575 7.401966 0.000000
-3.315636 -0.033104 5.943568 0.000000
-4.506057 -0.031748 7.097506 0.000000
-3.369805 -0.031951 6.136405 0.000000
-4.590991 -0.030535 7.404602 0.000000
-3.424449 -0.030804 6.336524 0.000000
-3.940133 -0.029215 6.847859 0.000000
-4.765587 -0.029085 7.754642 0.000000
-3.480113 -0.029647 6.547599 0.000000
-4.064477 -0.024901 5.130554 0.000000
-2.991210 -0.044025 4.430006 0.000000
-3.918711 0.019721 5.129886 0.000000
-2.912404 -0.042105 4.676596 0.000000
-3.300904 -0.041143 4.850714 0.000000
-2.960606 -0.040991 4.813940 0.000000
-3.978275 -0.039555 5.479765 0.000000
-3.150913 -0.040632 4.840054 0.000000
-3.997135 -0.038836 5.623894 0.000000
-4.436675 -0.035242 6.188509 0.000000
-3.073416 -0.024215 5.125855 0.000000
-4.684946 -0.034500 6.210301 0.000000
-3.108271 -0.037640 5.257510 0.000000
7.945289 -0.026428 6.346359 0.000000
7.684088 -0.027710 5.997077 0.000000
8.387161 -0.026301 5.918309 0.000000
8.014392 -0.028120 5.403048 0.000000
8.835205 -0.024297 6.544768 0.000000
5.626105 -0.034827 5.381337 0.000000
7.791242 -0.028881 5.297731 0.000000
7.107795 -0.031303 5.028879 0.000000
7.571180 -0.030124 4.971651 0.000000
-3.536518 -0.028494 6.767191 0.000000
-4.135799 -0.025895 7.590891 0.000000
-3.593999 -0.027331 6.999211 0.000000
-3.652442 -0.026165 7.242865 0.000000
-3.712006 -0.024990 7.500847 0.000000
-3.772244 -0.023821 7.770252 0.000000
6.812152 -0.026502 7.362079 0.000000
7.883581 -0.024231 7.513938 0.000000
6.643550 -0.027647 7.023626 0.000000
8.760312 -0.022820 7.478493 0.000000
6.475750 -0.029244 6.533773 0.000000
9.630410 -0.021395 7.514906 0.000000
6.361826 -0.030068 6.321084 0.000000
9.233205 -0.022645 7.117455 0.000000
8.105002 -0.025583 6.610890 0.000000
-2.124683 -0.063927 2.665658 0.000000
-2.603015 -0.064492 2.551359 0.000000
-2.182066 -0.059962 2.976879 0.000000
-2.363506 -0.061413 2.813012 0.000000
-2.376411 -0.057963 3.105695 0.000000
-1.977808 0.085699 2.549479 0.000000
-1.951704 -0.065773 2.565723 0.000000
-2.744196 0.783997 2.997028 0.000000
-1.989399 -0.064825 2.629459 0.000000
-2.597960 0.028210 2.551460 0.000000
-2.727385 -0.046472 4.181357 0.000000
-2.508673 -0.051795 3.655480 0.000000
-2.594706 -0.049681 3.855215 0.000000
-2.789483 -0.048459 3.953124 0.000000
-3.383048 -0.048150 4.215721 0.000000
-3.918375 -0.042977 4.796606 0.000000
-2.772894 -0.045385 4.298673 0.000000
-3.195773 -0.043266 4.575504 0.000000
-2.383146 -0.054910 3.380529 0.000000
-2.578292 -0.056552 3.203683 0.000000
-2.599830 -0.052761 3.543593 0.000000
-2.771737 -0.051014 3.690298 0.000000
3.407078 -0.063825 1.341210 0.000000
3.141253 -0.067279 1.140979 0.000000
2.263504 -0.079149 0.642300 0.000000
5.390862 -0.041414 3.644586 0.000000
5.618845 -0.041134 3.386343 0.000000
5.520777 -0.041712 3.351346 0.000000
5.132822 -0.043753 3.324986 0.000000
5.309315 -0.044592 2.756652 0.000000
6.049439 -0.035593 4.668366 0.000000
5.217554 -0.039933 4.305100 0.000000
5.794774 -0.038038 4.163410 0.000000
3.620816 -0.057602 2.359042 0.000000
3.817925 -0.039085 2.557737 0.000000
4.196524 -0.055175 1.778078 0.000000
4.044342 0.088426 2.559407 0.000000
4.332915 -0.051946 2.408363 0.000000
4.854203 -0.048606 2.338214 0.000000
4.687611 -0.049258 2.477975 0.000000
4.547102 -0.049607 2.642301 0.000000
4.147277 -0.051715 2.785492 0.000000
4.319383 -0.053876 1.878487 0.000000
6.345483 -0.040462 2.165374 0.000000
7.137939 -0.036472 2.408871 0.000000
6.229549 -0.040637 2.377963 0.000000
8.390795 -0.031857 2.424852 0.000000
7.597748 -0.034481 2.531122 0.000000
6.841762 -0.038042 2.218634 0.000000
6.174575 -0.041048 2.308548 0.000000
7.839350 -0.034001 2.226544 0.000000
7.375315 -0.035806 2.206627 0.000000
6.564565 -0.039603 2.043189 0.000000
5.964835 -0.042448 2.153251 0.000000
7.524865 -0.035434 2.037224 0.000000
6.876579 -0.037973 2.164507 0.000000
7.956410 -0.032989 2.676640 0.000000
5.674917 -0.044005 2.174408 0.000000
7.230687 -0.036858 1.862024 0.000000
6.745575 -0.039049 1.841900 0.000000
6.196948 -0.041842 1.801627 0.000000
5.573398 -0.045237 1.870307 0.000000
6.954237 -0.038275 1.699592 0.000000
6.324627 -0.041437 1.626066 0.000000
5.959229 -0.043366 1.660797 0.000000
5.498663 -0.046141 1.637781 0.000000
6.648844 -0.039818 1.615816 0.000000
6.058566 -0.042700 1.730975 0.000000
9.163921 -0.028605 3.222890 0.000000
9.520847 -0.025966 4.567975 0.000000
9.001524 -0.027417 4.399342 0.000000
8.613865 -0.029200 3.878019 0.000000
9.485719 -0.026771 4.029586 0.000000
8.267497 -0.030301 3.799750 0.000000
9.060624 -0.027966 3.914302 0.000000
7.869981 -0.031926 3.550640 0.000000
8.786550 -0.029258 3.508593 0.000000
7.650541 -0.033074 3.300923 0.000000
9.454171 -0.027545 3.477244 0.000000
8.327911 -0.030793 3.363827 0.000000
7.249780 -0.034866 3.097849 0.000000
5.682558 -0.044862 1.723455 0.000000
7.811353 -0.032766 3.157000 0.000000
7.181520 -0.035597 2.832522 0.000000
9.799215 -0.026930 3.275585 0.000000
8.651662 -0.030138 3.145732 0.000000
7.797758 -0.033298 2.843044 0.000000
6.883720 -0.037177 2.623553 0.000000
9.297724 -0.028590 2.931940 0.000000
8.291815 -0.031567 2.901495 0.000000
7.396516 -0.035009 2.684144 0.000000
6.798083 -0.037881 2.432825 0.000000
8.778802 -0.030423 2.614088 0.000000
3.840243 -0.060641 0.851878 0.000000
4.323077 -0.055655 1.170351 0.000000
4.880617 -0.051629 0.846195 0.000000
4.670869 -0.053155 0.937945 0.000000
4.446226 -0.054723 1.111981 0.000000
4.994581 -0.050946 0.656600 0.000000
4.507779 -0.054599 0.852127 0.000000
4.319231 -0.056152 0.894535 0.000000
4.074703 -0.058166 1.003494 0.000000
4.698126 -0.053150 0.757517 0.000000
4.617396 -0.053399 1.065034 0.000000
4.525114 -0.054647 0.675357 0.000000
4.352549 -0.056019 0.772159 0.000000
4.047671 -0.058638 0.867766 0.000000
4.358571 -0.056139 0.597957 0.000000
4.059995 -0.058817 0.626362 0.000000
3.802618 -0.061192 0.724993 0.000000
3.722340 -0.061869 0.814832 0.000000
4.046195 -0.059073 0.457746 0.000000
5.113170 -0.049182 1.362638 0.000000
5.218184 -0.047983 1.621565 0.000000
6.394565 -0.041282 1.471206 0.000000
5.828543 -0.044223 1.592663 0.000000
5.484002 -0.046308 1.595550 0.000000
5.051790 -0.049344 1.508023 0.000000
6.122583 -0.043040 1.232066 0.000000
5.609249 -0.045749 1.463098 0.000000
5.294914 -0.047745 1.475775 0.000000
4.870629 -0.050533 1.558753 0.000000
5.945284 -0.043839 1.396852 0.000000
5.402791 -0.047252 1.343310 0.000000
-9.251198 -0.021817 7.500927 0.000000
4.726860 -0.051823 1.454281 0.000000
5.772496 -0.045334 1.014059 0.000000
5.272435 -0.048553 1.042550 0.000000
4.940706 -0.050599 1.257283 0.000000
4.737792 -0.052049 1.299091 0.000000
5.019666 -0.050227 1.127107 0.000000
4.453436 -0.054384 1.260364 0.000000
5.072257 -0.050092 0.941264 0.000000
4.841248 -0.051698 1.029464 0.000000
-4.902551 -0.046051 2.919533 0.000000
-4.564100 -0.000500 2.562141 0.000000
-4.535271 -0.050498 2.293852 0.000000
-4.667693 -0.050068 2.136583 0.000000
-4.779773 -0.047129 2.817530 0.000000
-4.758629 -0.047385 2.780898 0.000000
-4.860369 0.066687 2.496815 0.000000
-4.753249 -0.048889 2.332504 0.000000
-4.670009 -0.046920 3.058321 0.000000
-4.975474 -0.046378 2.687387 0.000000
-4.856174 -0.027216 2.563444 0.000000
-4.955072 -0.044156 3.381532 0.000000
-4.404358 -0.049668 2.769476 0.000000
-5.171772 -0.045051 2.744500 0.000000
-5.150865 -0.045760 2.544372 0.000000
-5.105693 -0.042770 3.557682 0.000000
-5.053159 -0.044707 3.066607 0.000000
-5.302722 -0.043585 2.991693 0.000000
-5.326942 -0.044307 2.698148 0.000000
-5.295739 -0.042327 3.407385 0.000000
-5.375989 -0.041989 3.388888 0.000000
-5.478328 -0.042175 3.158801 0.000000
-5.511779 -0.042845 2.862197 0.000000
-5.262157 -0.041382 3.744544 0.000000
-4.037151 -0.053750 2.391099 0.000000
-3.810356 -0.056437 2.170152 0.000000
-3.791438 -0.057646 1.907532 0.000000
-3.793880 -0.058450 1.678469 0.000000
-3.684512 -0.059734 1.593312 0.000000
-3.897658 -0.056404 1.997987 0.000000
-3.906864 -0.057154 1.767999 0.000000
-3.859461 -0.058409 1.506865 0.000000
-4.121109 -0.053886 2.192970 0.000000
-4.144654 -0.054525 1.961660 0.000000
-4.109280 -0.055674 1.693802 0.000000
-5.549840 -0.040613 3.565965 0.000000
-4.254821 0.017581 2.560673 0.000000
-4.238951 -0.052609 2.298258 0.000000
-4.270047 -0.053194 2.066373 0.000000
-4.377847 -0.052892 1.902567 0.000000
-4.278025 -0.051034 2.636505 0.000000
-4.361253 -0.051319 2.409298 0.000000
-4.400171 -0.051851 2.176986 0.000000
-4.594925 -0.051487 1.821215 0.000000
-8.046126 -0.026715 5.984534 0.000000
-7.068092 -0.031572 4.859792 0.000000
-7.333190 -0.031128 4.705135 0.000000
-6.750364 -0.030732 5.595513 0.000000
-7.083808 -0.030710 5.218989 0.000000
-7.289432 -0.030609 5.005897 0.000000
-7.732639 -0.029391 5.006746 0.000000
-6.993934 -0.029330 5.916457 0.000000
-7.273635 -0.029130 5.697598 0.000000
-7.646111 -0.028604 5.506484 0.000000
-8.098252 -0.027691 5.408248 0.000000
-7.387142 -0.027894 6.135820 0.000000
-7.720143 -0.027137 6.136741 0.000000
-6.760751 -0.031999 5.067640 0.000000
-8.485688 -0.025956 5.877743 0.000000
-7.564976 -0.026558 6.578946 0.000000
-7.859144 -0.026229 6.438968 0.000000
-8.461876 -0.024839 6.530673 0.000000
-8.883608 -0.024398 6.312897 0.000000
-7.988892 -0.025089 6.885564 0.000000
-8.388819 -0.024192 6.962971 0.000000
-8.839158 -0.023338 6.991004 0.000000
-9.528568 -0.022243 6.941424 0.000000
-8.145206 -0.023650 7.490125 0.000000
-8.763320 -0.022708 7.434253 0.000000
-6.148820 -0.035832 4.366860 0.000000
-5.662678 -0.040757 3.336972 0.000000
-5.705690 -0.041378 3.037227 0.000000
-5.424976 -0.039993 3.942841 0.000000
-5.732881 -0.039228 3.755027 0.000000
-5.856796 -0.039332 3.527249 0.000000
-5.910178 -0.039902 3.224691 0.000000
-5.610336 -0.038740 4.088230 0.000000
-5.925848 -0.037834 3.957087 0.000000
-6.061789 -0.037897 3.730996 0.000000
-6.276626 -0.037581 3.504983 0.000000
-5.810678 -0.036676 4.506368 0.000000
-6.364076 -0.035964 4.013306 0.000000
-6.595442 -0.035438 3.873340 0.000000
-6.184771 -0.034616 4.761493 0.000000
-6.346801 -0.035014 4.406457 0.000000
-6.567373 -0.034652 4.241608 0.000000
-6.784829 -0.034156 4.130134 0.000000
-6.324829 -0.033600 4.966843 0.000000
-6.576864 -0.033590 4.656857 0.000000
-6.752042 -0.033548 4.437396 0.000000
-7.126374 -0.032427 4.394415 0.000000
-6.400418 -0.033215 5.021045 0.000000
0.478115 -1.053632 0.094075 0.000000
0.657167 -1.165353 0.094529 0.000000
0.903157 -0.986977 0.092786 0.000000
0.825019 -0.632544 0.091085 0.000000
0.799082 -0.826158 0.092105 0.000000
0.627905 -0.647623 0.091425 0.000000
1.065038 -0.424675 0.089847 0.000000
0.475580 -0.832842 0.092631 0.000000
0.212960 -1.164019 0.095261 0.000000
1.275550 -0.216816 0.088824 0.000000
1.609128 -0.087731 0.138238 0.000000
0.841450 -1.329671 0.095212 0.000000
1.063020 -1.127973 0.093172 0.000000
1.270717 -0.662537 0.090443 0.000000
1.436376 -0.119732 0.184784 0.000000
0.833496 -1.041948 0.093277 0.000000
1.028031 -0.613273 0.090677 0.000000
1.583454 -0.344983 0.088785 0.000000
0.780731 -1.382873 0.095843 0.000000
1.065415 -0.849594 0.091693 0.000000
-0.129496 -0.644380 0.091772 0.000000
0.010187 -0.924111 0.093512 0.000000
0.289147 -0.991501 0.093865 0.000000
0.033653 -0.760515 0.092462 0.000000
0.345851 -0.796953 0.092546 0.000000
-0.181080 -0.413995 0.090596 0.000000
-0.033962 -0.267486 0.089972 0.000000
1.228456 -0.408787 0.089548 0.000000
2.831253 -0.072272 0.272681 0.000000
3.107476 -0.068994 0.280349 0.000000
3.110174 -0.068931 0.420003 0.000000
2.923786 -0.071131 0.413961 0.000000
3.080276 -0.069291 0.190174 0.000000
2.872421 -0.071698 0.109558 0.000000
2.741793 -0.073355 0.227659 0.000000
2.661027 -0.074275 0.511608 0.000000
2.654135 -0.074419 0.184664 0.000000
2.501312 -0.076363 0.229392 0.000000
2.091841 -0.472550 0.088285 0.000000
3.416821 -0.065515 0.330029 0.000000
3.921925 -0.060192 0.559809 0.000000
3.619021 -0.063066 0.714294 0.000000
3.512460 -0.064263 0.650041 0.000000
3.663909 -0.062784 0.545267 0.000000
3.622021 -0.063338 0.278756 0.000000
3.407870 -0.065456 0.588302 0.000000
3.273424 -0.066875 0.642890 0.000000
2.400505 -0.077497 0.066547 0.000000
3.250979 -0.067319 0.425773 0.000000
3.212098 -0.067792 0.327705 0.000000
1.711395 -0.232635 0.088263 0.000000
2.088178 -0.127225 0.087454 0.000000
2.006121 -0.082791 0.329495 0.000000
1.329293 -1.157520 0.092501 0.000000
1.513280 -0.696578 0.090081 0.000000
1.829168 -0.085021 0.199565 0.000000
1.172169 -1.331810 0.093998 0.000000
1.258841 -0.942811 0.091678 0.000000
1.718288 -0.766471 0.089878 0.000000
1.539894 -0.403193 0.089036 0.000000
2.140741 -0.383439 0.087981 0.000000
1.841631 -0.699196 0.089396 0.000000
2.268983 -0.079266 0.137292 0.000000
2.223015 -0.079965 0.332283 0.000000
1.638679 -0.881980 0.090467 0.000000
-3.757108 -0.060129 1.227232 0.000000
1.527999 -0.944967 0.090988 0.000000
1.859798 -0.354858 0.088369 0.000000
1.470737 -1.032124 0.091501 0.000000
1.952509 -0.545522 0.088730 0.000000
0.810480 -2.066193 0.102879 0.000000
0.977307 -1.811892 0.098599 0.000000
1.058741 -1.853561 0.098380 0.000000
1.224847 -1.654240 0.095797 0.000000
1.458049 -1.295331 0.092725 0.000000
1.449484 -1.508414 0.093813 0.000000
1.050212 -1.765909 0.097693 0.000000
1.329165 -1.586689 0.094820 0.000000
1.751935 -1.309677 0.091730 0.000000
0.758493 -2.091645 0.103806 0.000000
2.020292 -0.886898 0.089553 0.000000
3.446532 -0.065103 0.021343 0.000000
1.448637 -1.832865 0.095555 0.000000
1.792816 -1.420278 0.092001 0.000000
2.002322 -1.294203 0.090838 0.000000
3.241608 -0.067423 0.130793 0.000000
1.320747 -1.894905 0.096776 0.000000
1.521681 -1.694031 0.094403 0.000000
1.870349 -1.399742 0.091639 0.000000
3.113090 -0.262567 0.008163 0.000000
1.945544 -1.181641 0.090655 0.000000
0.699914 -1.981492 0.102816 0.000000
0.554043 -2.186111 0.107990 0.000000
0.504533 -1.836963 0.102165 0.000000
0.000497 -1.940027 0.106252 0.000000
-0.198506 -1.996391 0.106552 0.000000
0.836194 -1.629470 0.097762 0.000000
2.845312 -0.649945 0.009437 0.000000
6.451060 -0.041782 0.612529 0.000000
7.438924 -0.036835 1.004811 0.000000
6.911667 -0.039158 1.050352 0.000000
6.432771 -0.041511 1.088489 0.000000
7.750709 -0.035662 0.850459 0.000000
7.084929 -0.038497 0.862041 0.000000
6.609530 -0.040746 0.920938 0.000000
6.292528 -0.042298 1.049752 0.000000
7.305548 -0.037639 0.652206 0.000000
6.967846 -0.039082 0.803243 0.000000
6.481105 -0.041451 0.866316 0.000000
6.174130 -0.043024 0.971433 0.000000
6.985180 -0.039153 0.540827 0.000000
8.020307 -0.034584 0.904837 0.000000
6.062890 -0.043882 0.691860 0.000000
5.798358 -0.045294 0.895259 0.000000
6.688824 -0.040642 0.439083 0.000000
6.261874 -0.042847 0.543404 0.000000
5.854506 -0.045123 0.686885 0.000000
5.484524 -0.047485 0.668070 0.000000
6.379788 -0.042286 0.353469 0.000000
5.898095 -0.045015 0.402666 0.000000
5.701406 -0.046011 0.761997 0.000000
5.205487 -0.049351 0.729090 0.000000
6.149703 -0.043590 0.257262 0.000000
9.529361 -0.029274 1.517763 0.000000
9.687530 -0.027848 2.670335 0.000000
9.185330 -0.029465 2.406368 0.000000
9.659023 -0.028261 2.318364 0.000000
8.723170 -0.031084 2.166503 0.000000
9.307989 -0.029385 2.133648 0.000000
8.347758 -0.032300 2.164045 0.000000
9.738231 -0.028351 1.977003 0.000000
8.648538 -0.031643 1.839703 0.000000
7.993133 -0.033753 1.965386 0.000000
9.188362 -0.030075 1.738586 0.000000
8.371881 -0.032690 1.700606 0.000000
7.657845 -0.035343 1.663446 0.000000
5.634827 -0.046560 0.587327 0.000000
8.693042 -0.031774 1.526827 0.000000
7.962343 -0.034324 1.514636 0.000000
7.318291 -0.036902 1.501181 0.000000
9.114534 -0.030579 1.372387 0.000000
8.238596 -0.033473 1.334940 0.000000
7.670486 -0.035617 1.331973 0.000000
7.065390 -0.038057 1.457255 0.000000
8.424553 -0.033030 1.049966 0.000000
7.822098 -0.035160 1.161769 0.000000
7.336196 -0.037087 1.232607 0.000000
6.708113 -0.039987 1.215114 0.000000
3.944706 -0.060064 0.053131 0.000000
4.236470 -0.057381 0.161441 0.000000
4.208309 -0.057625 0.318836 0.000000
3.222114 -0.829905 0.008999 0.000000
4.069951 -0.058910 0.262440 0.000000
2.870064 -1.008250 0.010151 0.000000
3.786882 -0.429957 0.007364 0.000000
4.087710 -0.058731 0.105640 0.000000
2.001032 -1.561138 0.091693 0.000000
3.313893 -0.787319 0.008738 0.000000
4.406821 -0.055862 0.054078 0.000000
1.996524 -1.796016 0.092463 0.000000
2.920292 -0.815374 0.009623 0.000000
3.683341 -0.062676 0.110157 0.000000
1.681509 -1.607545 0.093215 0.000000
3.251768 -0.404047 0.008185 0.000000
1.873091 -1.503305 0.091996 0.000000
5.148751 -0.049992 0.327700 0.000000
5.579880 -0.046965 0.496166 0.000000
5.646877 -0.046609 0.309990 0.000000
5.410258 -0.048188 0.224399 0.000000
5.358484 -0.048486 0.408832 0.000000
5.083822 -0.050391 0.498696 0.000000
5.453557 -0.047910 0.030106 0.000000
5.240201 -0.049350 0.292161 0.000000
4.898109 -0.051823 0.422196 0.000000
5.283071 -0.049070 0.180936 0.000000
4.949765 -0.051481 0.252139 0.000000
4.659339 -0.053664 0.509285 0.000000
5.185283 -0.049762 0.144648 0.000000
4.973755 -0.051308 0.071387 0.000000
4.721027 -0.053239 0.350576 0.000000
4.553248 -0.054629 0.283886 0.000000
4.312717 -0.286949 0.006454 0.000000
4.745085 -0.070244 0.005714 0.000000
3.622412 -0.633505 0.007925 0.000000
-2.389864 -0.076925 0.579912 0.000000
-2.153033 -0.080165 0.340345 0.000000
-1.930489 -0.083067 0.362528 0.000000
-2.282091 -0.078174 0.660635 0.000000
-2.138872 -0.080153 0.584346 0.000000
-2.583504 -0.073550 0.993927 0.000000
-2.507172 -0.075056 0.788327 0.000000
-2.746491 -0.071769 0.933975 0.000000
-1.787799 -0.084920 0.303172 0.000000
-1.686287 -0.086112 0.160830 0.000000
-1.323545 -0.244984 0.088834 0.000000
-1.866549 -0.083857 0.450322 0.000000
-1.454339 -0.118695 0.094945 0.000000
-2.172232 -0.079416 0.739158 0.000000
-3.301527 -0.065007 1.117913 0.000000
-2.829872 -0.070637 0.987086 0.000000
-3.398855 -0.062477 1.586197 0.000000
-3.132692 -0.065957 1.381099 0.000000
-3.199617 -0.066281 1.051370 0.000000
-3.100455 -0.067538 0.988117 0.000000
-3.278754 -0.064730 1.291898 0.000000
-3.589218 -0.060087 1.739278 0.000000
-3.578518 -0.061003 1.512362 0.000000
-3.514455 -0.062411 1.261483 0.000000
-3.406435 -0.063717 1.187897 0.000000
-2.495933 -0.075672 0.496962 0.000000
-2.731586 -0.071460 1.093302 0.000000
-2.808133 -0.070390 1.146107 0.000000
-2.728522 -0.072388 0.764213 0.000000
-2.842204 -0.069251 1.345484 0.000000
-3.108135 -0.065538 1.551798 0.000000
-0.186566 -1.754190 0.102043 0.000000
-0.344188 -1.566159 0.098998 0.000000
-0.384393 -1.709277 0.100687 0.000000
-0.554233 -1.371841 0.096355 0.000000
-0.425506 -1.147604 0.094792 0.000000
-0.793958 -1.123953 0.093795 0.000000
-0.955384 -0.948504 0.092366 0.000000
-1.369662 -0.119849 0.160085 0.000000
-1.126531 -0.789507 0.091213 0.000000
-1.471022 -0.118738 0.289953 0.000000
-1.183785 -0.405273 0.089572 0.000000
-0.765464 -1.367348 0.095616 0.000000
-1.367613 -0.551734 0.089799 0.000000
-0.593420 -1.528744 0.097701 0.000000
-0.785069 -0.834634 0.092113 0.000000
-0.959177 -0.653703 0.090922 0.000000
-0.899727 -0.401517 0.089947 0.000000
-1.000246 -0.278673 0.089360 0.000000
1.867425 -0.084573 0.417342 0.000000
1.803566 -0.085414 0.384736 0.000000
1.615269 -0.087811 0.294627 0.000000
1.626715 -0.087449 0.584557 0.000000
2.578938 -0.074904 0.762855 0.000000
2.461198 -0.076785 0.521600 0.000000
2.381228 -0.077845 0.485085 0.000000
2.147096 -0.080845 0.516791 0.000000
0.862739 -0.126027 0.397441 0.000000
1.032277 -0.124333 0.228294 0.000000
1.291638 -0.121566 0.306663 0.000000
1.476899 -0.119302 0.242045 0.000000
4.117414 -0.057153 1.305803 0.000000
4.401183 -0.054302 1.489788 0.000000
4.310886 -0.054629 1.646280 0.000000
4.179905 -0.055981 1.551172 0.000000
4.256570 -0.055734 1.395028 0.000000
3.850558 -0.059011 1.506855 0.000000
3.811264 -0.059983 1.294832 0.000000
3.636337 -0.061515 1.347732 0.000000
3.852821 -0.059963 1.142022 0.000000
5.501153 -0.045320 2.037306 0.000000
5.048509 -0.047690 2.217961 0.000000
5.222270 -0.046977 2.064646 0.000000
4.889292 -0.049094 2.089718 0.000000
4.658310 -0.050415 2.181760 0.000000
5.334587 -0.046629 1.907900 0.000000
4.872901 -0.049932 1.812796 0.000000
3.726991 -0.061351 1.066749 0.000000
5.043674 -0.048458 1.934603 0.000000
4.736351 -0.050490 1.968942 0.000000
4.948568 -0.049864 1.609739 0.000000
4.447585 -0.053258 1.747668 0.000000
4.709359 -0.051396 1.698581 0.000000
2.634871 -0.074331 0.702523 0.000000
2.969320 -0.069886 0.898882 0.000000
2.888144 -0.071188 0.735238 0.000000
3.051950 -0.069324 0.697044 0.000000
3.269160 -0.066377 0.950937 0.000000
3.476230 -0.063867 1.077437 0.000000
3.488168 -0.064073 0.929357 0.000000
3.241347 -0.066377 1.073125 0.000000
3.058376 -0.068725 0.954525 0.000000
-1.808759 6.572224 0.994700 0.000000
-1.633006 6.649799 0.681691 0.000000
-1.761602 6.571895 0.719213 0.000000
-1.803570 6.572565 1.294544 0.000000
-1.092551 12.146983 0.459864 0.000000
-1.089620 7.754903 0.645360 0.000000
-1.091017 9.484686 0.595944 0.000000
-1.183166 7.750711 0.559079 0.000000
-1.633160 6.725257 1.102537 0.000000
-1.503238 7.751124 0.632192 0.000000
-1.662935 7.751365 0.672141 0.000000
-1.094028 16.080026 0.559663 0.000000
1.617267 7.751033 0.296208 0.000000
0.602328 -0.128060 0.372949 0.000000
1.445333 7.750780 0.152606 0.000000
1.809341 7.751269 0.170334 0.000000
1.261551 7.750581 0.179313 0.000000
0.551803 -0.128379 0.370777 0.000000
1.160390 7.750495 0.240930 0.000000
1.432263 7.750801 0.297485 0.000000
1.091575 9.495695 0.297753 0.000000
1.248400 7.750600 0.302087 0.000000
1.803506 7.751294 0.297904 0.000000
1.093283 12.648820 0.293348 0.000000
1.090439 8.006877 0.307568 0.000000
1.095050 18.070030 0.349210 0.000000
1.092122 10.360233 0.301741 0.000000
1.627596 7.751012 0.160031 0.000000
-0.253617 35.719982 0.326310 0.000000
1.096409 25.622830 0.014911 0.000000
-1.124853 15.365491 0.984733 0.000000
-1.096381 29.674876 0.878961 0.000000
-0.087438 35.720036 0.475465 0.000000
0.894593 35.719923 0.130961 0.000000
-1.092232 11.511410 0.993132 0.000000
-1.094911 19.572896 0.965418 0.000000
-0.712434 35.720176 0.764393 0.000000
0.336199 35.719954 0.265753 0.000000
-1.090745 9.108411 0.970195 0.000000
-1.096035 26.512883 0.718213 0.000000
0.561420 35.720014 0.400819 0.000000
-1.110313 7.750881 0.910362 0.000000
-1.091912 10.917426 0.834083 0.000000
-1.094544 17.964388 0.653810 0.000000
-0.841196 35.720033 0.395598 0.000000
-1.090498 8.780642 0.969287 0.000000
-1.093036 13.246854 0.622394 0.000000
-1.095559 23.036307 0.406958 0.000000
-1.091602 10.387784 0.634882 0.000000
1.142267 15.365159 0.342755 0.000000
1.115857 29.395050 0.385980 0.000000
1.093796 13.920235 0.298384 0.000000
1.090981 8.672299 0.272331 0.000000
0.615920 35.720083 0.566901 0.000000
1.095525 20.247715 0.229481 0.000000
1.092615 11.249345 0.247632 0.000000
0.082385 35.720087 0.608198 0.000000
1.097249 33.475897 0.589762 0.000000
1.091387 9.223980 0.347378 0.000000
-0.552890 35.720218 0.874911 0.000000
1.095987 22.757022 0.316425 0.000000
1.093054 12.139279 0.353158 0.000000
-1.096683 32.991387 1.193473 0.000000
1.008320 35.719957 0.209695 0.000000
1.094739 16.874797 0.368138 0.000000
-1.095159 20.817475 0.946658 0.000000
-0.737411 35.720219 0.854715 0.000000
-1.991156 -0.080391 1.106242 0.000000
-1.765592 -0.083850 0.959006 0.000000
-1.790883 -0.084432 0.695471 0.000000
-1.820955 -0.083012 0.993706 0.000000
-2.108341 -0.078560 1.188819 0.000000
-1.925959 -0.082519 0.763268 0.000000
-2.079673 -0.077992 1.358810 0.000000
-2.136795 -0.079474 0.878684 0.000000
-1.595443 -0.087120 0.606098 0.000000
-1.391931 -0.119685 0.452170 0.000000
-1.567671 -0.087713 0.426072 0.000000
-2.738699 -0.069835 1.473736 0.000000
-2.588405 -0.072078 1.355400 0.000000
-2.593149 -0.072824 1.166923 0.000000
-2.525040 -0.070655 1.752367 0.000000
-2.546796 -0.071660 1.533979 0.000000
-2.707208 -0.067699 1.931124 0.000000
-2.750810 -0.068493 1.713599 0.000000
-2.757394 -0.070459 1.283077 0.000000
-2.899766 -0.064639 2.130906 0.000000
-2.966632 -0.065214 1.916328 0.000000
-2.821350 -0.067412 1.778473 0.000000
-2.928822 -0.068028 1.410961 0.000000
-2.353065 -0.074705 1.374472 0.000000
-2.351803 -0.073502 1.591890 0.000000
-2.373153 -0.075324 1.196166 0.000000
-1.171440 -0.122305 0.270061 0.000000
-0.790715 1.409199 0.006853 0.000000
-0.462826 0.820563 0.008442 0.000000
-0.374321 -0.371380 0.090314 0.000000
-0.540941 -0.078390 0.376064 0.000000
-0.821526 1.911660 0.005814 0.000000
-0.557819 1.045900 0.007798 0.000000
-0.797208 -0.126030 0.213215 0.000000
-0.934119 2.263068 0.005159 0.000000
-0.786896 1.243225 0.007234 0.000000
-0.241806 -0.105820 0.089282 0.000000
-0.430863 0.712427 0.008770 0.000000
-0.610076 0.994398 0.007916 0.000000
-0.560252 -0.127582 0.091635 0.000000
-0.668491 1.012268 0.007849 0.000000
-0.984743 -0.124255 0.217487 0.000000
-0.335273 0.702130 0.008827 0.000000
0.036228 -0.481558 0.090950 0.000000
-0.154852 -0.122882 0.089369 0.000000
-0.404468 1.335906 0.007116 0.000000
-1.019144 2.504065 0.004747 0.000000
-1.155591 -0.122472 0.447012 0.000000
-1.343931 -0.119458 0.792452 0.000000
-0.760426 -0.126205 0.139987 0.000000
-0.986216 -0.124250 0.485362 0.000000
6.896276 -0.032662 4.717726 0.000000
9.884052 -0.021634 7.092441 0.000000
8.050004 -0.026555 6.168385 0.000000
9.546262 -0.022902 6.617130 0.000000
7.849577 -0.027844 5.742746 0.000000
9.001764 -0.024396 6.297910 0.000000
7.479557 -0.029350 5.454781 0.000000
8.611854 -0.025864 5.895165 0.000000
7.218942 -0.030742 5.137790 0.000000
8.254954 -0.027308 5.530412 0.000000
7.146819 -0.031284 4.988215 0.000000
9.561500 -0.024006 5.867891 0.000000
8.197735 -0.028039 5.208320 0.000000
8.520141 -0.025430 6.247350 0.000000
9.109577 -0.025569 5.439680 0.000000
7.616614 -0.030169 4.888684 0.000000
6.662053 -0.034023 4.468271 0.000000
8.602826 -0.026767 5.387014 0.000000
7.412935 -0.030974 4.778373 0.000000
6.441148 -0.035377 4.235859 0.000000
9.873581 -0.023923 5.512855 0.000000
8.599772 -0.027548 4.931204 0.000000
7.234561 -0.032091 4.505623 0.000000
6.232063 -0.036725 4.018848 0.000000
9.298766 -0.025808 5.018553 0.000000
-6.194956 -0.028874 6.843080 0.000000
-5.708746 -0.032016 6.142705 0.000000
-6.112510 -0.031729 5.872305 0.000000
-6.474081 -0.030807 5.855778 0.000000
-5.233549 -0.032907 6.253356 0.000000
-5.883538 -0.031337 6.219668 0.000000
-6.309765 -0.029808 6.392096 0.000000
-6.690623 -0.029066 6.329504 0.000000
-5.594988 -0.030527 6.732420 0.000000
-5.985192 -0.029887 6.643856 0.000000
-6.489727 -0.028420 6.770111 0.000000
-7.154425 -0.027131 6.712372 0.000000
-5.725662 -0.029728 6.906046 0.000000
8.009052 -0.029384 4.743279 0.000000
-6.695205 -0.027116 7.124734 0.000000
-7.369192 -0.025427 7.294111 0.000000
-5.853774 -0.028227 7.346578 0.000000
-6.330292 -0.027237 7.368209 0.000000
-6.911974 -0.025810 7.505578 0.000000
-7.623096 -0.024085 7.722444 0.000000
-5.810301 -0.027722 7.563133 0.000000
-6.492360 -0.026035 7.733959 0.000000
9.590106 -0.021571 7.439349 0.000000
9.073945 -0.022834 7.164307 0.000000
8.687362 -0.024275 6.716015 0.000000
5.961716 -0.040546 3.000232 0.000000
6.900676 -0.036023 3.195092 0.000000
6.306655 -0.038688 3.111884 0.000000
5.761740 -0.041987 2.822570 0.000000
6.670886 -0.037361 2.997365 0.000000
6.113266 -0.039990 2.933259 0.000000
4.814600 -0.048013 2.604870 0.000000
6.418283 -0.039210 2.638162 0.000000
5.928473 -0.041288 2.765109 0.000000
6.472282 -0.037311 3.398849 0.000000
6.245525 -0.040022 2.638643 0.000000
5.662351 -0.043382 2.474506 0.000000
5.811411 -0.042494 2.510465 0.000000
5.471078 -0.044217 2.564074 0.000000
5.604737 -0.043999 2.351172 0.000000
5.215584 -0.046270 2.355352 0.000000
7.224238 -0.033207 3.995266 0.000000
7.062834 -0.032987 4.344957 0.000000
6.012040 -0.037901 3.908112 0.000000
8.918169 -0.027192 4.678315 0.000000
7.708173 -0.031051 4.310561 0.000000
6.664647 -0.035222 3.968909 0.000000
5.842197 -0.039170 3.712287 0.000000
8.422658 -0.028750 4.481359 0.000000
7.426038 -0.032149 4.192450 0.000000
6.417671 -0.036602 3.785616 0.000000
8.006834 -0.030422 4.177313 0.000000
-5.349221 -0.032840 6.180751 0.000000
6.202142 -0.037998 3.578437 0.000000
7.806257 -0.031473 3.924128 0.000000
6.944722 -0.034767 3.718593 0.000000
7.406553 -0.033002 3.793217 0.000000
6.720620 -0.036082 3.502671 0.000000
5.224242 -0.044234 3.029619 0.000000
7.248393 -0.034553 3.270273 0.000000
-3.977446 0.089079 2.559500 0.000000
-3.498675 -0.059101 2.158942 0.000000
-3.558434 -0.054886 2.895134 0.000000
-3.477946 -0.056010 2.795333 0.000000
-3.621073 0.020741 2.557336 0.000000
-3.690549 -0.056600 2.353754 0.000000
-3.640931 -0.053755 2.999376 0.000000
-3.672158 -0.026521 2.557425 0.000000
-3.705124 -0.054807 2.704621 0.000000
-3.593427 -0.057854 2.254063 0.000000
-3.725804 -0.052613 3.108499 0.000000
-3.892882 -0.052397 2.927122 0.000000
-4.063611 -0.052146 2.725254 0.000000
-3.990653 -0.051182 3.046439 0.000000
-4.107146 -0.051501 2.804723 0.000000
-3.995519 -0.049138 3.467541 0.000000
-3.902910 -0.050305 3.342189 0.000000
-4.091363 -0.049959 3.171653 0.000000
-3.328994 -0.060576 2.159663 0.000000
-3.196043 -0.061833 2.145917 0.000000
-3.142004 -0.063989 1.819837 0.000000
-3.057843 -0.065183 1.744299 0.000000
-3.104437 -0.061480 2.355174 0.000000
-3.364380 0.112972 2.556325 0.000000
-4.218893 -0.050210 2.932174 0.000000
-3.227986 -0.062783 1.898844 0.000000
-3.302646 -0.010729 2.555395 0.000000
-3.357669 -0.059527 2.316056 0.000000
-3.585861 0.036806 2.557209 0.000000
-3.441391 -0.058360 2.406800 0.000000
-4.893819 -0.037497 5.235139 0.000000
-4.579908 -0.041008 4.639702 0.000000
-4.736060 -0.040752 4.545526 0.000000
-5.184293 -0.039545 4.376352 0.000000
-5.259709 -0.039720 4.236323 0.000000
-4.682075 -0.039837 4.828631 0.000000
-4.858304 -0.039521 4.735721 0.000000
-5.160023 -0.038709 4.639305 0.000000
-5.412474 -0.038394 4.444429 0.000000
-5.139741 -0.038191 4.806029 0.000000
-5.301321 -0.037441 4.850782 0.000000
-5.730403 -0.036208 4.755471 0.000000
-5.112951 -0.041041 4.040091 0.000000
-5.015941 -0.037176 5.209172 0.000000
-5.449387 -0.036160 5.076680 0.000000
-5.911060 -0.034404 5.150489 0.000000
-5.370144 -0.035148 5.460079 0.000000
-5.603887 -0.034876 5.316541 0.000000
-6.085792 -0.033507 5.269940 0.000000
-5.115996 -0.035164 5.683980 0.000000
-5.590199 -0.033824 5.662348 0.000000
-5.956137 -0.032384 5.792119 0.000000
-6.281209 -0.031744 5.699426 0.000000
-4.703435 -0.044994 3.513564 0.000000
-4.090910 -0.047964 3.599074 0.000000
-4.228117 -0.048334 3.348134 0.000000
-4.334353 -0.048913 3.066310 0.000000
-4.192464 -0.045708 3.965704 0.000000
-4.189484 -0.046780 3.737335 0.000000
-4.301884 -0.047496 3.441167 0.000000
-4.576228 -0.046306 3.356490 0.000000
-4.352045 -0.046404 3.627449 0.000000
-4.526242 -0.045010 3.739300 0.000000
-4.396659 -0.044391 4.035406 0.000000
-4.573987 -0.043876 3.954957 0.000000
-4.785249 -0.043467 3.799943 0.000000
-4.835059 -0.043680 3.679448 0.000000
-4.381561 -0.043363 4.286393 0.000000
-4.505625 -0.043186 4.196384 0.000000
-4.644065 -0.043759 3.900247 0.000000
-4.971481 -0.042362 3.854678 0.000000
-4.479954 -0.042181 4.459547 0.000000
-4.618964 -0.041969 4.366702 0.000000
-4.920791 -0.041367 4.183847 0.000000
-5.423151 -0.046538 1.458063 0.000000
-4.957889 -0.050410 1.004051 0.000000
-5.355607 -0.047602 1.018360 0.000000
-5.777625 -0.044885 1.046240 0.000000
-6.044823 -0.043220 1.138748 0.000000
-5.058396 -0.049364 1.227959 0.000000
-5.539033 -0.045988 1.338803 0.000000
-5.928017 -0.043620 1.360281 0.000000
-6.290755 -0.041736 1.258547 0.000000
-5.236643 -0.047956 1.339511 0.000000
-5.691501 -0.045192 1.230414 0.000000
-6.149883 -0.042557 1.206599 0.000000
-6.556781 -0.040374 1.246874 0.000000
-5.729156 -0.045238 0.992559 0.000000
-5.936762 -0.043340 1.524242 0.000000
-6.566351 -0.040093 1.453800 0.000000
-6.832951 -0.038724 1.526991 0.000000
-5.753817 -0.044487 1.466409 0.000000
-6.221463 -0.041449 1.750630 0.000000
-6.762971 -0.038767 1.754649 0.000000
-7.397547 -0.036049 1.707655 0.000000
-6.164987 -0.041876 1.664740 0.000000
-6.447828 -0.040431 1.652223 0.000000
-7.041583 -0.037189 1.995987 0.000000
-7.716417 -0.034587 1.886161 0.000000
-5.192718 -0.049007 0.735411 0.000000
-4.565053 -0.054053 0.233985 0.000000
-4.192256 -0.057191 0.465758 0.000000
-4.349767 -0.055753 0.540535 0.000000
-4.499948 -0.054539 0.423762 0.000000
-4.661111 -0.053181 0.494785 0.000000
-4.012927 -0.058623 0.719884 0.000000
-4.299921 -0.056102 0.646651 0.000000
-4.829849 -0.051806 0.570082 0.000000
-4.453712 -0.054704 0.727970 0.000000
-4.867308 -0.051329 0.796420 0.000000
-6.252199 -0.040988 1.939046 0.000000
-4.568501 -0.053516 0.930636 0.000000
-4.686577 -0.052822 0.705378 0.000000
-5.300832 -0.048213 0.787545 0.000000
-4.782088 -0.051858 0.906215 0.000000
-4.982434 -0.050430 0.832709 0.000000
-5.057169 -0.049819 0.893684 0.000000
-5.595145 -0.046143 0.923339 0.000000
-4.696180 -0.052171 1.152195 0.000000
6.701934 -1.781852 0.005113 0.000000
-9.780366 -0.026355 3.618702 0.000000
-9.042801 -0.028256 3.562092 0.000000
-9.722269 -0.026238 3.830316 0.000000
15.689640 -1.003450 0.001376 0.000000
9.637758 -1.715485 0.003327 0.000000
30.876355 1.307217 0.000021 0.000000
7.156183 -1.806277 0.004768 0.000000
14.169820 -0.931148 0.001608 0.000000
5.414737 -2.196347 0.006681 0.000000
9.062957 -1.503229 0.003488 0.000000
26.644039 1.442755 0.000247 0.000000
4.497961 -2.083385 0.007992 0.000000
-8.620233 -0.029810 3.272317 0.000000
13.293435 -0.416811 0.001605 0.000000
3.869095 -2.004005 0.009197 0.000000
5.391331 -1.942180 0.006554 0.000000
8.654556 -1.303767 0.003592 0.000000
24.779200 1.713661 0.000311 0.000000
3.276397 -2.386170 0.011219 0.000000
4.367913 -2.074460 0.008223 0.000000
6.483805 -1.748562 0.005283 0.000000
12.750488 -0.217920 0.001643 0.000000
2.917603 -2.342977 0.012478 0.000000
3.663006 -2.165849 0.009862 0.000000
-7.040586 -0.036802 2.266678 0.000000
-6.734365 -0.038817 1.816784 0.000000
-7.372393 -0.035548 2.191465 0.000000
-8.058295 -0.033116 2.079503 0.000000
-6.477249 -0.039911 1.909459 0.000000
-7.106207 -0.036848 2.040871 0.000000
-7.705464 -0.034159 2.271717 0.000000
-8.427050 -0.031633 2.289846 0.000000
-6.935186 -0.037426 2.151995 0.000000
-7.532445 -0.034836 2.253654 0.000000
-8.071184 -0.032594 2.476114 0.000000
-8.974903 -0.029524 2.680005 0.000000
-7.887584 -0.033240 2.469289 0.000000
-8.467914 -0.031017 2.700135 0.000000
-9.536953 -0.027723 2.930910 0.000000
-7.537249 -0.034409 2.544853 0.000000
-8.272629 -0.031629 2.705586 0.000000
-9.105930 -0.028883 2.917089 0.000000
-7.871396 -0.032886 2.766603 0.000000
-8.691569 -0.029829 3.102410 0.000000
-9.631073 -0.027162 3.225381 0.000000
-8.231352 -0.031353 3.008271 0.000000
-9.147089 -0.028373 3.252199 0.000000
-1.090171 -1.659257 0.096340 0.000000
-0.669725 -1.914709 0.101729 0.000000
-0.763012 -2.153391 0.104032 0.000000
-0.996713 -1.723139 0.097386 0.000000
-0.841645 -1.827425 0.099384 0.000000
-1.197355 -1.585371 0.095265 0.000000
-1.318956 -1.364390 0.093453 0.000000
-1.527984 -1.288492 0.092314 0.000000
-1.368699 -1.407548 0.093476 0.000000
-1.720372 -1.143947 0.091118 0.000000
-0.573549 -1.967735 0.103298 0.000000
-0.529646 -2.026556 0.104655 0.000000
-0.574700 -2.262216 0.108506 0.000000
-0.201306 -2.208240 0.112093 0.000000
-0.647858 -1.604831 0.098236 0.000000
-3.939934 -0.059550 0.024704 0.000000
-3.494069 -0.064072 0.153445 0.000000
-2.963158 -0.791228 0.009485 0.000000
-3.391547 -0.065186 0.283662 0.000000
-3.283172 -0.213284 0.007854 0.000000
-3.505752 -0.063956 0.341613 0.000000
-3.787507 -0.061065 0.123403 0.000000
-3.741405 -0.061524 0.364664 0.000000
-3.369396 -0.065382 0.101326 0.000000
-3.744987 -0.061441 0.466592 0.000000
-3.896537 -0.060006 0.329367 0.000000
-4.118742 -0.057891 0.028350 0.000000
-4.041346 -0.058609 0.395444 0.000000
-4.345538 -0.055881 0.356819 0.000000
-3.870333 -0.060160 0.534044 0.000000
-2.122937 -0.932528 0.089399 0.000000
-1.153367 -1.987080 0.098347 0.000000
-1.916360 -0.868667 0.089700 0.000000
-2.079093 -0.794811 0.089129 0.000000
-1.540924 -1.474272 0.093083 0.000000
-1.201237 -1.791710 0.096597 0.000000
-2.919787 -0.070478 0.111665 0.000000
-1.643649 -1.272875 0.091849 0.000000
-1.565041 -1.733724 0.094151 0.000000
-1.811047 -1.008731 0.090399 0.000000
-1.781737 -1.567823 0.092460 0.000000
-3.114631 -0.084333 0.007882 0.000000
-2.820016 -0.515058 0.009210 0.000000
-1.925109 -1.223791 0.090772 0.000000
0.407570 -2.559342 0.050595 0.000000
0.209082 -2.579321 0.058772 0.000000
0.772386 -2.558122 0.037866 0.000000
0.037230 -2.597815 0.063234 0.000000
1.388053 -2.511722 0.024585 0.000000
1.540083 -2.434437 0.028956 0.000000
1.628852 -2.432932 0.035202 0.000000
2.053681 -2.277905 0.093545 0.000000
1.907914 -2.218890 0.094254 0.000000
1.641524 -2.200098 0.096010 0.000000
2.850996 -2.158398 0.012477 0.000000
1.001334 -2.488031 0.031136 0.000000
4.333469 -1.922269 0.008161 0.000000
8.466957 -1.064274 0.003568 0.000000
2.083529 -2.426796 0.069367 0.000000
3.288420 -2.092063 0.010844 0.000000
6.557457 -1.560171 0.005109 0.000000
5.096591 -1.788620 0.006837 0.000000
1.832752 -2.429890 0.050118 0.000000
3.689936 -1.809487 0.009407 0.000000
3.019497 -2.113563 0.011770 0.000000
0.850168 -2.505949 0.034867 0.000000
-8.014779 -0.029993 4.270403 0.000000
-6.683708 -0.036187 3.392638 0.000000
-7.548570 -0.032610 3.613043 0.000000
-8.249618 -0.029524 4.159392 0.000000
-9.500538 -0.025962 4.440134 0.000000
-7.039052 -0.034753 3.426363 0.000000
-7.885007 -0.031074 3.873866 0.000000
-8.974040 -0.026978 4.586276 0.000000
-7.341189 -0.033175 3.683797 0.000000
-8.273707 -0.029085 4.381923 0.000000
-9.212275 -0.026327 4.647893 0.000000
-7.714186 -0.031038 4.180028 0.000000
-8.646131 -0.027960 4.472927 0.000000
-8.839334 -0.027950 4.157572 0.000000
-9.079992 -0.026379 4.819249 0.000000
-8.435936 -0.027956 4.796630 0.000000
-9.624987 -0.024265 5.467052 0.000000
-8.844433 -0.026397 5.150544 0.000000
-9.593195 -0.024252 5.520647 0.000000
16.093069 1.680344 0.000158 0.000000
9.602130 -0.029802 0.113451 0.000000
7.207468 -0.703907 0.004111 0.000000
9.516088 -0.030050 0.095453 0.000000
5.678982 -1.077794 0.005621 0.000000
8.880817 -0.158162 0.002893 0.000000
-7.640566 -0.033280 3.037096 0.000000
-6.790770 -0.037518 2.484356 0.000000
-5.278941 -0.045511 2.356271 0.000000
-5.750807 -0.043007 2.274377 0.000000
-6.334303 -0.039710 2.425289 0.000000
-6.806636 -0.037136 2.662769 0.000000
-5.578673 -0.044033 2.245291 0.000000
-6.185312 -0.040099 2.587827 0.000000
-6.778903 -0.037211 2.685547 0.000000
-7.304824 -0.034885 2.804914 0.000000
-5.788061 -0.042510 2.407301 0.000000
-6.243617 -0.039434 2.768904 0.000000
-6.823771 -0.036681 2.870274 0.000000
9.353569 -0.030450 0.302998 0.000000
-5.876556 -0.041420 2.680209 0.000000
-6.492191 -0.037883 2.971065 0.000000
-7.338026 -0.034306 3.073312 0.000000
-8.040482 -0.031093 3.576755 0.000000
-6.091429 -0.039972 2.848903 0.000000
-6.946818 -0.035643 3.153496 0.000000
-7.578843 -0.032567 3.580874 0.000000
-8.560005 -0.029312 3.741892 0.000000
-6.460174 -0.037552 3.187662 0.000000
-7.003062 -0.035011 3.365190 0.000000
-7.959945 -0.031189 3.669756 0.000000
3.769632 -1.215301 0.008484 0.000000
6.776904 -0.315014 0.004156 0.000000
1.658409 -2.106645 0.095498 0.000000
2.767194 -1.715410 0.011979 0.000000
3.701363 -1.548904 0.009062 0.000000
5.228007 -0.631553 0.005735 0.000000
1.807913 -2.155167 0.094682 0.000000
3.095980 -1.401512 0.010338 0.000000
4.231977 -1.186859 0.007612 0.000000
1.500437 -2.238199 0.097320 0.000000
2.836959 -1.780809 0.011860 0.000000
4.351372 -1.374321 0.007613 0.000000
1.379212 -2.270934 0.098614 0.000000
2.007039 -2.101471 0.093337 0.000000
3.223705 -1.407703 0.010008 0.000000
1.499926 -2.156745 0.096920 0.000000
2.806903 -1.554215 0.011504 0.000000
8.024815 -0.034938 0.056743 0.000000
9.876750 -0.028850 0.634368 0.000000
4.799044 -1.262047 0.006824 0.000000
7.760547 -0.260270 0.003509 0.000000
8.988395 -0.031547 0.316703 0.000000
9.397621 -0.030281 0.408743 0.000000
3.963350 -1.497109 0.008450 0.000000
5.947160 -0.988755 0.005292 0.000000
8.483827 -0.033250 0.179691 0.000000
8.841897 -0.031898 0.587879 0.000000
3.511556 -1.759171 0.009787 0.000000
4.951587 -1.173768 0.006540 0.000000
-6.094430 -0.041220 2.258876 0.000000
8.562045 -0.032946 0.295527 0.000000
3.111457 -1.688609 0.010795 0.000000
4.160926 -1.209992 0.007758 0.000000
6.258905 -0.517656 0.004684 0.000000
2.769733 -1.910901 0.012362 0.000000
3.494157 -1.423006 0.009365 0.000000
5.115445 -0.904313 0.006101 0.000000
7.619503 -0.073311 0.003475 0.000000
-3.230253 -0.066710 0.662268 0.000000
-2.945138 -0.070152 0.511373 0.000000
-3.187450 -0.067369 0.487482 0.000000
-3.293600 -0.066140 0.541278 0.000000
-2.971342 -0.069535 0.745718 0.000000
-3.540112 -0.063555 0.442901 0.000000
-3.132602 -0.067875 0.609653 0.000000
-3.434338 -0.064325 0.775213 0.000000
-3.753444 -0.061035 0.786087 0.000000
-3.399879 -0.064263 0.998236 0.000000
-3.889412 -0.059877 0.645640 0.000000
-3.541162 -0.063106 0.835874 0.000000
-3.765387 -0.060620 0.966449 0.000000
-2.356409 -0.077512 0.228344 0.000000
-2.597368 -0.074478 0.339174 0.000000
-2.519747 -0.075408 0.176729 0.000000
-2.731372 -0.072641 0.019147 0.000000
-2.791248 -0.072090 0.297146 0.000000
-2.901220 -0.070752 0.211455 0.000000
-2.767012 -0.072354 0.421497 0.000000
-3.116568 -0.068240 0.212463 0.000000
-5.397421 -0.046012 1.830516 0.000000
-4.904028 -0.050040 1.470485 0.000000
-5.171296 -0.048172 1.471790 0.000000
-4.294156 -0.054417 1.599553 0.000000
-4.692778 -0.051430 1.547736 0.000000
-5.260378 -0.047148 1.699232 0.000000
-4.441513 -0.052958 1.707000 0.000000
-4.848424 -0.050060 1.650846 0.000000
-5.011460 -0.048675 1.760391 0.000000
-5.708619 -0.044292 1.748330 0.000000
-4.624754 -0.051579 1.700368 0.000000
-4.543835 -0.052786 1.450342 0.000000
-5.908053 -0.042716 1.992919 0.000000
-4.754638 -0.050008 1.942569 0.000000
-5.182405 -0.047278 1.876847 0.000000
-5.716289 -0.043713 2.029035 0.000000
-6.115200 -0.041332 2.144388 0.000000
-4.852203 -0.049353 1.932461 0.000000
-5.362138 -0.045867 2.000797 0.000000
-5.868112 -0.042720 2.103988 0.000000
-6.333370 -0.039940 2.305784 0.000000
-5.013372 -0.047938 2.060683 0.000000
-4.005539 -0.058070 1.110926 0.000000
-3.878409 -0.059715 0.855740 0.000000
-4.008008 -0.058378 0.929340 0.000000
-4.272164 -0.056078 0.879773 0.000000
-3.634068 -0.061524 1.146621 0.000000
-3.883380 -0.059352 1.036846 0.000000
-4.549640 -0.053485 1.056619 0.000000
2.153911 -1.844021 0.091910 0.000000
-4.282317 -0.055658 1.089204 0.000000
-3.884205 -0.058722 1.312448 0.000000
-4.136418 -0.056272 1.392098 0.000000
-4.401069 -0.054129 1.358353 0.000000
-4.738314 -0.051465 1.366417 0.000000
-4.264018 -0.055458 1.271366 0.000000
-4.848365 -0.050847 1.252969 0.000000
-4.152430 -0.055865 1.498258 0.000000
-0.011469 -2.594726 0.062842 0.000000
-0.120223 -2.247170 0.114017 0.000000
0.005783 -2.390001 0.121048 0.000000
-0.289653 -2.167281 0.110080 0.000000
0.637387 -2.208538 0.107283 0.000000
0.961289 -2.383746 0.104808 0.000000
1.027004 -2.366003 0.103602 0.000000
0.020437 -2.609272 0.064221 0.000000
0.236921 -2.641344 0.062153 0.000000
0.551628 -2.609710 0.046751 0.000000
0.703919 -2.603335 0.040908 0.000000
0.831793 -2.642256 0.037424 0.000000
-0.862360 -2.303534 0.104631 0.000000
-0.650343 -2.507131 0.038923 0.000000
-1.031974 -2.253610 0.101796 0.000000
-0.834446 -2.451405 0.061521 0.000000
-1.055453 -2.034784 0.099588 0.000000
-1.210667 -2.160802 0.099102 0.000000
-1.333454 -2.373560 0.099166 0.000000
-1.576387 -2.132140 0.095880 0.000000
-1.036481 -2.445226 0.100349 0.000000
-1.647647 -1.981374 0.094768 0.000000
-0.578617 -2.518073 0.041356 0.000000
-0.616327 -2.243285 0.107492 0.000000
-4.925148 -1.261586 0.006782 0.000000
-2.954946 -1.894329 0.011591 0.000000
-6.825144 -0.039754 0.031201 0.000000
-5.364363 -0.874071 0.005956 0.000000
-4.139430 -1.596328 0.008287 0.000000
-3.357794 -1.647023 0.010032 0.000000
-7.041652 -0.038710 0.159183 0.000000
-6.889264 -0.295481 0.004310 0.000000
-5.144077 -1.173166 0.006441 0.000000
-3.813598 -1.794600 0.009141 0.000000
-7.523431 -0.036592 0.204100 0.000000
-8.013662 -0.034697 0.053298 0.000000
-6.595448 -0.784862 0.004827 0.000000
-3.404343 -1.414142 0.009578 0.000000
-7.880764 -0.035127 0.302736 0.000000
-8.472787 -0.033016 0.179678 0.000000
-9.117443 -0.110298 0.003112 0.000000
-6.469848 -1.091523 0.005117 0.000000
-8.312827 -0.033479 0.435055 0.000000
-8.978589 -0.031315 0.320424 0.000000
-9.643796 -0.029456 0.052014 0.000000
-9.004998 -0.292114 0.003254 0.000000
-8.874916 -0.031510 0.628498 0.000000
-9.537919 -0.029598 0.477911 0.000000
-15.461734 1.052564 0.001156 0.000000
-1.766316 -2.071367 0.094392 0.000000
-1.939129 -1.958746 0.093074 0.000000
-1.471808 -2.338917 0.097638 0.000000
-2.796314 -1.533883 0.011440 0.000000
-1.958009 -2.011413 0.093137 0.000000
-3.095478 -1.299085 0.010141 0.000000
-2.159314 -1.822610 0.091699 0.000000
-3.737762 -1.128748 0.008481 0.000000
-3.179752 -1.548128 0.010347 0.000000
-2.081208 -2.187460 0.092976 0.000000
-1.616108 -2.394407 0.096603 0.000000
-4.538038 -0.822870 0.006871 0.000000
-3.550296 -1.265672 0.009040 0.000000
-2.908241 -1.611509 0.011241 0.000000
-5.498391 -0.496891 0.005516 0.000000
-4.383073 -1.176717 0.007454 0.000000
-0.219058 -2.569110 0.056107 0.000000
-0.892506 -2.065884 0.101485 0.000000
-1.398708 -1.866605 0.095782 0.000000
2.025954 -2.746226 0.018244 0.000000
2.954515 -2.663210 0.012678 0.000000
3.588654 -2.521111 0.010381 0.000000
1.812128 -2.646750 0.020009 0.000000
2.478790 -2.773403 0.015116 0.000000
3.096316 -2.532832 0.011998 0.000000
1.671126 -2.645434 0.021505 0.000000
2.231310 -2.758380 0.016684 0.000000
2.720810 -2.542017 0.013590 0.000000
2.552020 -2.432920 0.014278 0.000000
1.464293 -2.715289 0.024382 0.000000
2.291745 -2.450014 0.015795 0.000000
1.269922 -2.643262 0.027186 0.000000
3.299304 -2.702458 0.011416 0.000000
5.767999 -2.748592 0.006531 0.000000
9.140031 -2.696049 0.003980 0.000000
21.980835 -2.046591 0.000948 0.000000
3.547357 -2.851006 0.010718 0.000000
4.629621 -2.726621 0.008162 0.000000
6.634430 -2.688003 0.005620 0.000000
11.735711 -2.340180 0.002841 0.000000
3.014983 -2.664484 0.012432 0.000000
3.854431 -2.712229 0.009798 0.000000
5.259331 -2.698863 0.007157 0.000000
8.142909 -2.592761 0.004474 0.000000
2.672312 -2.658635 0.013958 0.000000
4.316390 -2.791706 0.008792 0.000000
6.127880 -2.427086 0.005985 0.000000
3.626406 -2.766489 0.010441 0.000000
4.824201 -2.464615 0.007689 0.000000
4.034450 -2.521227 0.009245 0.000000
1.045895 -2.642333 0.031708 0.000000
4.085347 -2.821921 0.009305 0.000000
-4.987335 -0.490644 0.006016 0.000000
-2.750813 -1.371728 0.011237 0.000000
-4.590646 -0.053833 0.040041 0.000000
-4.770463 -0.052411 0.110597 0.000000
-3.898594 -0.708648 0.007649 0.000000
-3.387640 -1.137319 0.009191 0.000000
-4.833468 -0.051911 0.013815 0.000000
-4.782725 -0.305659 0.006053 0.000000
-3.912699 -0.950291 0.007940 0.000000
-4.893050 -0.051419 0.390931 0.000000
-5.035211 -0.050410 0.086968 0.000000
-5.248393 -0.048888 0.165561 0.000000
-3.243343 -0.841276 0.009000 0.000000
-5.157451 -0.049512 0.266409 0.000000
-5.366382 -0.048036 0.352603 0.000000
-5.711400 -0.045845 0.131480 0.000000
-5.829619 -0.045117 0.140812 0.000000
-5.291833 -0.048503 0.457632 0.000000
-5.473742 -0.047348 0.250266 0.000000
-5.824510 -0.045106 0.326001 0.000000
-6.137660 -0.043332 0.017953 0.000000
-5.587139 -0.046543 0.445070 0.000000
-5.622644 -0.046280 0.514748 0.000000
-6.075924 -0.043652 0.223919 0.000000
-2.073621 -1.352889 0.090704 0.000000
-1.757927 -1.631237 0.092799 0.000000
-1.405471 -1.818203 0.095474 0.000000
-1.995790 -1.504534 0.091419 0.000000
-6.403214 -0.041813 0.341205 0.000000
-3.481392 -0.497520 0.008007 0.000000
-2.873243 -1.021403 0.010158 0.000000
-1.899893 -1.731378 0.092530 0.000000
-3.352387 -0.782314 0.008689 0.000000
-2.780917 -1.071299 0.010496 0.000000
-4.262035 -0.056628 0.093273 0.000000
-3.869325 -0.528904 0.007455 0.000000
-9.103525 -0.029711 2.142344 0.000000
-7.585743 -0.035659 1.335195 0.000000
-8.006534 -0.034121 1.228237 0.000000
-8.760196 -0.031449 1.325956 0.000000
-9.498602 -0.029259 1.305067 0.000000
-7.962533 -0.034045 1.511122 0.000000
-8.424775 -0.032492 1.409181 0.000000
-9.373446 -0.029487 1.480107 0.000000
-8.371385 -0.032419 1.704405 0.000000
-8.832968 -0.030979 1.634941 0.000000
-9.694474 -0.028402 1.755316 0.000000
-8.614390 -0.031428 1.905928 0.000000
-9.579507 -0.028596 1.894777 0.000000
-8.819667 -0.031352 1.196432 0.000000
-9.705183 -0.027933 2.278186 0.000000
29.301418 -4.420528 0.001316 0.000000
13.277724 -3.511316 0.002893 0.000000
8.796395 -3.056504 0.004298 0.000000
18.600521 -3.281737 0.001853 0.000000
6.273610 -3.041031 0.006107 0.000000
10.713105 -2.988398 0.003442 0.000000
32.498143 -2.777254 0.000972 0.000000
5.142729 -2.949928 0.007435 0.000000
7.550786 -2.890937 0.004984 0.000000
14.046207 -2.617065 0.002537 0.000000
-7.587703 -0.036083 0.750907 0.000000
-5.712512 -0.045632 0.652184 0.000000
-6.076306 -0.043583 0.425539 0.000000
-6.539413 -0.041067 0.429220 0.000000
-6.854462 -0.039561 0.265438 0.000000
-5.940289 -0.044177 0.759713 0.000000
-6.332141 -0.041968 0.766824 0.000000
-6.618100 -0.040672 0.409828 0.000000
-7.027963 -0.038618 0.567472 0.000000
-6.392826 -0.041587 0.841568 0.000000
-6.630947 -0.040488 0.649565 0.000000
-7.197296 -0.037793 0.674730 0.000000
-2.114985 -0.473688 0.088241 0.000000
-6.437464 -0.041224 0.999156 0.000000
-6.857412 -0.039244 0.854461 0.000000
-7.449478 -0.036512 0.972803 0.000000
-7.819289 -0.035222 0.636834 0.000000
-6.709696 -0.039729 1.132758 0.000000
-7.237601 -0.037257 1.174531 0.000000
-7.964011 -0.034521 0.885793 0.000000
-8.590322 -0.032266 0.940787 0.000000
-7.000152 -0.038221 1.277114 0.000000
-7.621829 -0.035736 1.063646 0.000000
-8.373264 -0.032944 1.033599 0.000000
-0.145340 1.977157 0.005781 0.000000
0.016930 1.517729 0.006731 0.000000
0.042947 -0.152013 0.089499 0.000000
-0.219646 6.438418 0.000390 0.000000
-0.134962 3.016359 0.004057 0.000000
-0.091220 1.453806 0.006875 0.000000
-0.528247 7.440387 0.001705 0.000000
-0.299056 3.514498 0.003373 0.000000
-0.179028 1.613882 0.006516 0.000000
-0.138013 0.712779 0.008827 0.000000
-0.785982 8.741025 0.000981 0.000000
-0.399420 3.909002 0.002881 0.000000
-0.103257 2.979403 0.004111 0.000000
-1.091190 9.720975 0.090787 0.000000
-0.546843 4.298477 0.002428 0.000000
-0.239755 2.122460 0.005505 0.000000
-0.035196 0.887265 0.008318 0.000000
-1.089681 7.810268 0.157557 0.000000
-0.797139 4.848013 0.001836 0.000000
-0.494193 2.288113 0.005189 0.000000
-0.304547 0.804288 0.008528 0.000000
-1.349066 7.750726 0.023617 0.000000
-0.941177 5.650709 0.001065 0.000000
0.281383 2.204920 0.005346 0.000000
0.469301 1.804175 0.006081 0.000000
0.553813 1.067470 0.007737 0.000000
0.403994 -0.250126 0.089795 0.000000
0.477792 3.263876 0.003683 0.000000
0.203717 -0.318517 0.090167 0.000000
0.345332 3.672158 0.003160 0.000000
0.203228 2.014523 0.005702 0.000000
0.297348 1.006018 0.007961 0.000000
0.241284 4.123220 0.002624 0.000000
-0.535154 2.588030 0.004687 0.000000
0.098497 4.408573 0.002309 0.000000
0.044035 2.546890 0.004776 0.000000
0.230523 1.222531 0.007412 0.000000
-0.004888 5.049977 0.001643 0.000000
0.088430 2.726817 0.004488 0.000000
0.057542 1.373232 0.007061 0.000000
-0.021741 5.799252 0.000941 0.000000
-1.037504 3.811143 0.002955 0.000000
-0.245427 1.115563 0.007683 0.000000
-1.330752 7.750740 0.225492 0.000000
-1.154246 6.735530 0.000139 0.000000
-0.776364 2.967655 0.004086 0.000000
-1.511913 7.750966 0.245538 0.000000
-1.541882 7.750966 0.036243 0.000000
-0.915457 3.213702 0.003727 0.000000
-0.492305 1.471471 0.006790 0.000000
-1.693840 7.751222 0.268690 0.000000
-1.735690 7.751238 0.052168 0.000000
-0.609216 1.666263 0.006347 0.000000
-1.788185 6.571824 0.529562 0.000000
-1.715968 6.571554 0.107013 0.000000
-1.346459 4.413865 0.002246 0.000000
-1.806846 6.571892 0.587983 0.000000
-1.803461 6.571732 0.207847 0.000000
-1.462875 5.257448 0.001396 0.000000
-7.291452 -0.026506 6.865846 0.000000
-5.622807 -0.033688 5.675251 0.000000
-6.610364 -0.028830 6.499455 0.000000
-7.725429 -0.024496 7.431238 0.000000
-5.255456 -0.035798 5.374833 0.000000
-5.932545 -0.032309 5.840834 0.000000
-6.800006 -0.027604 6.830868 0.000000
-7.035804 -0.025980 7.328910 0.000000
-6.289125 -0.030425 6.180359 0.000000
-7.468611 -0.024539 7.632091 0.000000
-5.874855 -0.030742 6.433516 0.000000
-6.320455 -0.029127 6.641593 0.000000
-6.549557 -0.027240 7.194100 0.000000
-6.641140 -0.025831 7.708613 0.000000
9.820013 -0.026934 3.229215 0.000000
9.899367 -0.026266 3.656306 0.000000
-5.768903 -0.034999 5.106106 0.000000
-5.336525 -0.038699 4.443027 0.000000
-5.835847 -0.035240 4.953552 0.000000
-4.291301 -0.045589 3.882569 0.000000
-5.331746 -0.037520 4.794742 0.000000
-6.024878 -0.034040 5.151101 0.000000
-4.918449 -0.040448 4.429685 0.000000
-5.472267 -0.036935 4.817687 0.000000
-6.275573 -0.032157 5.553172 0.000000
9.428113 -0.027823 3.301075 0.000000
-6.597178 -0.030935 5.679232 0.000000
-5.943987 -0.033024 5.584993 0.000000
-6.680396 -0.029468 6.177022 0.000000
-6.084963 -0.032533 5.614004 0.000000
-7.086398 -0.027934 6.423479 0.000000
-5.581849 -0.034804 5.361083 0.000000
6.451466 -0.040296 1.954595 0.000000
7.316157 -0.035626 2.491022 0.000000
7.432488 -0.034472 2.931435 0.000000
6.742941 -0.039523 1.484659 0.000000
6.990535 -0.037757 1.968307 0.000000
7.006920 -0.037200 2.296501 0.000000
6.446684 -0.041091 1.406866 0.000000
6.227802 -0.042458 1.231886 0.000000
7.304296 -0.036173 2.148936 0.000000
6.624165 -0.038800 2.353976 0.000000
5.992768 -0.043908 1.118698 0.000000
6.195458 -0.042253 1.533529 0.000000
6.303973 -0.041156 1.881094 0.000000
5.562299 -0.046760 0.915527 0.000000
5.707726 -0.045426 1.269476 0.000000
8.105808 -0.032526 2.642835 0.000000
9.474198 -0.026839 3.996091 0.000000
9.421987 -0.026558 4.300609 0.000000
8.905046 -0.029914 2.732360 0.000000
8.963024 -0.029220 3.169462 0.000000
9.072902 -0.028377 3.589954 0.000000
9.038566 -0.027815 4.061751 0.000000
8.454600 -0.031587 2.478073 0.000000
8.517716 -0.030871 2.894009 0.000000
8.640873 -0.029949 3.307316 0.000000
8.772040 -0.028944 3.759963 0.000000
8.041258 -0.033251 2.248097 0.000000
-4.766051 -0.042504 4.070143 0.000000
8.384758 -0.030886 3.182403 0.000000
8.557709 -0.029994 3.447075 0.000000
7.660600 -0.034904 2.039270 0.000000
8.012254 -0.031971 3.239286 0.000000
7.582315 -0.034883 2.288183 0.000000
7.726628 -0.034170 2.414615 0.000000
7.026204 -0.038039 1.626293 0.000000
-3.493534 -0.060403 1.878503 0.000000
-4.037376 0.008491 2.559527 0.000000
-4.412230 -0.046256 3.586337 0.000000
-4.194971 -0.048731 3.303056 0.000000
-5.098572 -0.041620 3.895601 0.000000
-5.247642 -0.040267 4.091837 0.000000
-5.553353 -0.038618 4.202359 0.000000
-5.709513 -0.037341 4.413272 0.000000
-3.893086 -0.054064 2.568211 0.000000
-3.998504 -0.052786 2.683579 0.000000
0.526666 3.012190 0.004030 0.000000
-4.425979 -0.048358 3.064225 0.000000
-4.681715 -0.045669 3.369648 0.000000
6.029097 -0.040983 2.681453 0.000000
6.756871 -0.036433 3.273653 0.000000
6.510900 -0.037010 3.460897 0.000000
6.305564 -0.036983 3.809530 0.000000
6.500747 -0.037951 3.061741 0.000000
6.393090 -0.037653 3.394021 0.000000
6.395583 -0.039642 2.474560 0.000000
6.257366 -0.039476 2.863875 0.000000
6.171857 -0.039102 3.190320 0.000000
6.046423 -0.041355 2.474327 0.000000
5.856459 -0.042683 2.319846 0.000000
5.658418 -0.042788 2.720039 0.000000
5.524874 -0.042587 3.048172 0.000000
7.561933 -0.032997 3.516717 0.000000
8.406557 -0.029085 4.305987 0.000000
8.316931 -0.028772 4.631231 0.000000
7.967010 -0.029267 4.865803 0.000000
7.411910 -0.029909 5.277662 0.000000
8.358492 -0.029650 4.041776 0.000000
7.962112 -0.030306 4.313460 0.000000
7.708817 -0.030342 4.674524 0.000000
7.342954 -0.030967 4.875955 0.000000
7.901420 -0.031420 3.787337 0.000000
7.629479 -0.031846 4.020154 0.000000
7.099840 -0.032284 4.607001 0.000000
5.409515 -0.045486 2.203606 0.000000
7.135283 -0.033277 4.102933 0.000000
6.998519 -0.033034 4.417031 0.000000
7.066666 -0.034231 3.764286 0.000000
6.874480 -0.034735 3.849562 0.000000
6.763744 -0.034294 4.212762 0.000000
7.136486 -0.035385 3.048252 0.000000
6.835242 -0.035551 3.543157 0.000000
6.626197 -0.036201 3.612664 0.000000
6.525875 -0.035577 4.033342 0.000000
4.446328 -0.052569 1.984307 0.000000
4.303929 -0.055264 1.424152 0.000000
5.388548 -0.044855 2.500516 0.000000
5.019731 -0.049236 1.669070 0.000000
5.108226 -0.047743 2.051311 0.000000
7.696623 -0.028517 5.592926 0.000000
-3.648105 -0.046226 4.385128 0.000000
-4.734255 -0.038389 5.146467 0.000000
-3.712448 -0.045221 4.521354 0.000000
-4.274295 -0.041285 4.858882 0.000000
-4.294709 -0.005267 5.131957 0.000000
-4.996810 -0.035618 5.657629 0.000000
-3.914488 -0.042164 4.968223 0.000000
-4.444997 -0.039101 5.221156 0.000000
-5.175358 -0.034201 5.913114 0.000000
-3.598343 -0.045268 4.601586 0.000000
-4.623368 -0.036910 5.619343 0.000000
-4.056214 -0.040107 5.299924 0.000000
-4.715531 -0.035815 5.832806 0.000000
-5.470576 -0.031682 6.449312 0.000000
-3.654059 -0.049979 3.685433 0.000000
-4.110435 -0.043466 4.527238 0.000000
-5.174797 -0.028587 7.676022 0.000000
9.210571 -0.021911 7.595204 0.000000
9.771823 -0.022029 6.945998 0.000000
8.840886 -0.023200 7.180430 0.000000
9.322643 -0.023532 6.464853 0.000000
9.751430 -0.023214 6.166319 0.000000
9.119522 -0.024409 6.152948 0.000000
9.891633 -0.024130 5.339285 0.000000
9.392170 -0.024531 5.736799 0.000000
8.964103 -0.026037 5.342250 0.000000
8.591947 -0.026708 5.435771 0.000000
-4.809547 -0.034722 6.056539 0.000000
-5.566010 -0.029974 6.940993 0.000000
-3.799970 -0.037641 5.128982 0.000000
-4.204314 -0.038035 5.663034 0.000000
-4.870697 -0.032939 6.515367 0.000000
-5.674880 -0.028568 7.351580 0.000000
-5.104250 -0.031455 6.794985 0.000000
-4.438838 -0.034912 6.272899 0.000000
-5.208008 -0.030358 7.069521 0.000000
-5.313569 -0.029270 7.356328 0.000000
-4.605360 -0.032807 6.733579 0.000000
-5.421482 -0.028184 7.658283 0.000000
1.145173 -0.146355 0.088753 0.000000
1.363692 -0.120603 0.183593 0.000000
0.829871 -0.126153 0.178724 0.000000
0.722422 2.493522 0.004795 0.000000
0.575652 -0.127819 0.089404 0.000000
0.680589 -0.127273 0.148839 0.000000
0.898181 2.227733 0.005203 0.000000
0.869744 2.432283 0.004866 0.000000
0.808884 1.598191 0.006426 0.000000
0.779477 1.714423 0.006192 0.000000
0.786421 2.763636 0.004361 0.000000
0.666195 1.016506 0.007831 0.000000
0.487309 2.969215 0.004096 0.000000
0.472346 1.654289 0.006388 0.000000
2.778339 -1.078756 0.010544 0.000000
4.077321 -0.732087 0.007324 0.000000
3.430870 -0.926089 0.008736 0.000000
3.004168 -1.118037 0.010040 0.000000
6.165533 -0.043406 0.503210 0.000000
2.113020 -1.632436 0.091479 0.000000
4.140745 -0.341686 0.006744 0.000000
6.409675 -0.042128 0.344246 0.000000
7.235607 -0.037559 1.191496 0.000000
6.428775 -0.041926 0.568190 0.000000
6.756625 -0.040146 0.731760 0.000000
7.001890 -0.038752 1.032110 0.000000
5.903438 -0.045048 0.175792 0.000000
5.673046 -0.046481 0.100670 0.000000
5.947531 -0.044734 0.363890 0.000000
6.204391 -0.043037 0.749225 0.000000
4.747222 -0.332242 0.005984 0.000000
1.029834 -2.033492 0.100269 0.000000
3.589114 -0.677694 0.008049 0.000000
3.114376 -0.887672 0.009335 0.000000
7.207236 -0.037909 0.912608 0.000000
-7.778031 -0.029542 4.867921 0.000000
-6.722657 -0.034783 3.953584 0.000000
-6.353865 -0.036932 3.641287 0.000000
-6.852368 -0.033936 4.123681 0.000000
-5.140798 -0.043686 3.233235 0.000000
-6.507985 -0.035006 4.184385 0.000000
-7.222124 -0.031963 4.470234 0.000000
-6.047072 -0.037772 3.800566 0.000000
-6.781250 -0.033816 4.282159 0.000000
-5.578600 -0.040099 3.692015 0.000000
-7.012013 -0.032081 4.710653 0.000000
-7.806958 -0.029149 5.030037 0.000000
-5.759756 -0.038680 3.902183 0.000000
-7.330300 -0.030873 4.829111 0.000000
-8.305462 -0.027061 5.486092 0.000000
-6.130281 -0.036429 4.173840 0.000000
-6.797521 -0.032917 4.639712 0.000000
-7.619423 -0.029139 5.279295 0.000000
-4.658805 0.099662 2.562855 0.000000
-5.509355 -0.043118 2.766204 0.000000
-9.560974 3.604767 4.941181 0.000000
-5.687717 -0.041742 2.933817 0.000000
-8.828293 -0.024780 6.150509 0.000000
-5.874530 -0.040361 3.112176 0.000000
-5.135268 -0.044986 2.834844 0.000000
-6.070533 -0.038974 3.302253 0.000000
8.341599 -0.033045 1.417568 0.000000
9.298129 -0.029988 1.439482 0.000000
8.617044 -0.032289 1.179321 0.000000
8.861008 -0.031477 1.208426 0.000000
9.302499 -0.029700 1.794765 0.000000
8.472007 -0.032720 1.258421 0.000000
8.800656 -0.031389 1.579021 0.000000
9.032660 -0.030332 1.971099 0.000000
7.647903 -0.036123 0.772384 0.000000
8.166459 -0.033976 1.007092 0.000000
8.794113 -0.031384 1.609603 0.000000
8.090055 -0.034064 1.267264 0.000000
7.049808 -0.038910 0.409292 0.000000
7.709237 -0.035643 1.112993 0.000000
8.044373 -0.034033 1.503139 0.000000
7.043891 -0.038810 0.669522 0.000000
-6.375744 -0.035013 4.367444 0.000000
-8.111087 -0.027229 5.638389 0.000000
-9.344322 -0.023353 6.428475 0.000000
-7.282799 -0.030174 5.213167 0.000000
-8.593354 -0.025424 6.053071 0.000000
-9.838078 -0.021417 7.161569 0.000000
-6.637306 -0.032915 4.848875 0.000000
-7.761038 -0.028054 5.638830 0.000000
-8.964046 -0.023980 6.474149 0.000000
-8.109342 -0.026345 6.107142 0.000000
-9.598029 -0.021905 7.087654 0.000000
-8.878965 -0.022946 7.182180 0.000000
-8.040405 -0.025675 6.529909 0.000000
-9.527345 -0.021053 7.717719 0.000000
-8.433440 -0.024211 6.908549 0.000000
-8.958282 -0.022376 7.443712 0.000000
9.632830 -0.029151 1.284680 0.000000
-0.305130 -1.945843 0.104927 0.000000
-0.459322 -1.647240 0.099568 0.000000
-0.702800 -1.427042 0.096335 0.000000
-0.996740 -1.301558 0.094313 0.000000
-0.194588 -2.197725 0.111826 0.000000
-1.357847 -1.145565 0.092241 0.000000
-0.845223 -1.567110 0.096919 0.000000
-1.896846 -0.083428 0.181920 0.000000
-1.488802 -0.639297 0.089881 0.000000
-1.668488 -0.452940 0.088951 0.000000
-1.485783 -0.851863 0.090661 0.000000
-2.129496 -0.080355 0.130682 0.000000
-1.885609 -0.226354 0.087988 0.000000
-1.787068 -0.967571 0.090325 0.000000
-1.094041 -1.213612 0.093444 0.000000
-1.885316 -0.475672 0.088642 0.000000
-1.597009 -1.178782 0.091629 0.000000
-2.348866 -0.077507 0.105411 0.000000
-0.998511 -1.138760 0.093311 0.000000
-1.096476 -1.040447 0.092493 0.000000
-1.003617 -0.936841 0.092193 0.000000
-1.337689 -0.794916 0.090779 0.000000
-1.630119 -0.342989 0.088689 0.000000
-1.208238 -0.927298 0.091651 0.000000
0.498240 -2.262674 0.110544 0.000000
0.002507 -2.139155 0.111287 0.000000
1.077030 -1.409128 0.094869 0.000000
0.898903 -1.585171 0.097034 0.000000
1.281530 -1.241924 0.093092 0.000000
0.626512 -1.511867 0.097585 0.000000
0.792442 -1.616787 0.097870 0.000000
2.030933 -0.705971 0.089018 0.000000
1.809631 -0.883779 0.090052 0.000000
-0.379530 -1.177849 0.095110 0.000000
-0.179904 -1.266120 0.096147 0.000000
-0.183714 -1.584737 0.099618 0.000000
0.005576 -1.781999 0.103351 0.000000
-0.014183 -1.099883 0.094810 0.000000
-0.336112 -1.203250 0.095389 0.000000
-0.374613 -0.945000 0.093414 0.000000
0.013107 -1.541737 0.099513 0.000000
1.628306 -1.028174 0.091040 0.000000
0.030276 -1.260352 0.096198 0.000000
3.935728 -0.060190 0.208591 0.000000
5.363060 -0.048172 0.823308 0.000000
5.484958 -0.046990 1.152215 0.000000
5.206550 -0.048746 1.231541 0.000000
4.503140 -0.054996 0.442251 0.000000
-2.283359 -0.077337 0.965632 0.000000
-4.241082 -0.054289 1.795231 0.000000
-3.393506 -0.061705 1.790664 0.000000
-4.821890 -0.048640 2.264358 0.000000
-0.932797 -0.207060 0.089180 0.000000
-0.658320 -0.677910 0.091498 0.000000
-0.810893 -0.125800 0.153735 0.000000
-0.611287 -0.406051 0.090284 0.000000
-1.181157 -0.121939 0.104049 0.000000
-0.483198 -0.558296 0.091101 0.000000
-0.426231 -0.620741 0.091466 0.000000
-0.531920 -0.807167 0.092364 0.000000
-0.684381 -0.313204 0.089830 0.000000
-1.799833 -0.084628 0.537171 0.000000
-1.385512 -0.119810 0.353707 0.000000
-9.306556 -0.030135 0.744789 0.000000
-0.040447 -2.601988 0.063136 0.000000
-1.212482 -2.440360 0.074805 0.000000
-2.784004 -1.670391 0.011757 0.000000
-1.508080 -2.434212 0.073079 0.000000
-3.692004 -1.390007 0.008915 0.000000
-1.924470 -2.399457 0.094379 0.000000
-3.542381 -1.749570 0.009710 0.000000
23.002802 -8.609194 0.003761 0.000000
-8.506961 -0.784716 0.003722 0.000000
-5.970826 -1.571441 0.005852 0.000000
-9.783811 -0.028939 0.437142 0.000000
-34.490262 6.707302 -0.001975 0.000000
-13.322485 0.407724 0.001769 0.000000
-8.120836 -1.196534 0.004125 0.000000
-30.358650 4.252094 -0.000990 0.000000
-12.670223 -0.390252 0.002248 0.000000
-28.697959 2.737152 -0.000300 0.000000
-14.251493 1.253725 0.001234 0.000000
11.600419 -5.612769 0.004437 0.000000
37.388339 -10.661489 0.003746 0.000000
7.763377 -4.605723 0.005780 0.000000
14.545024 -5.736592 0.003449 0.000000
5.936429 -4.103321 0.006926 0.000000
9.087290 -4.441334 0.004650 0.000000
19.885574 -6.082584 0.002764 0.000000
4.650642 -3.610133 0.008422 0.000000
6.494343 -4.030878 0.006215 0.000000
-3.029915 -1.875485 0.011315 0.000000
-5.457909 -0.954079 0.005924 0.000000
-3.230301 -1.919218 0.010765 0.000000
-2.782790 -2.189333 0.012703 0.000000
-7.048247 -0.380732 0.004267 0.000000
-8.281894 -0.033718 0.052819 0.000000
-6.597342 -0.898251 0.004898 0.000000
-4.800881 -1.501294 0.007150 0.000000
-3.628562 -1.900652 0.009682 0.000000
-8.735246 -0.032143 0.167927 0.000000
-8.983091 -0.031383 0.069210 0.000000
-6.136417 -1.151922 0.005430 0.000000
-4.631622 -1.620091 0.007496 0.000000
-9.233642 -0.030549 0.295263 0.000000
-8.612197 -0.032047 1.164054 0.000000
-7.266729 -0.037335 0.913470 0.000000
-7.753996 -0.035363 0.837407 0.000000
-8.223108 -0.033669 0.712490 0.000000
-9.190156 -0.030529 0.651968 0.000000
-8.030600 -0.034247 0.927135 0.000000
-8.996795 -0.031017 0.843659 0.000000
-9.417981 -0.029785 0.803269 0.000000
-7.810183 -0.034954 1.114412 0.000000
-8.500387 -0.032832 0.427140 0.000000
-9.380029 -0.029701 1.137607 0.000000
-8.484606 -0.032321 1.369839 0.000000
-9.103639 -0.030367 1.354162 0.000000
-8.925712 -0.030748 1.564407 0.000000
-9.646102 -0.028670 1.566099 0.000000
-9.407934 -0.029162 1.779491 0.000000
37.103959 -6.184474 0.002130 0.000000
14.629822 -4.177443 0.002852 0.000000
9.036765 -3.524176 0.004355 0.000000
-6.573132 -0.040981 0.159508 0.000000
-6.731934 -0.040205 0.054412 0.000000
-6.713077 -0.040266 0.200277 0.000000
-7.285760 -0.037641 0.051011 0.000000
-6.238611 -0.042614 0.547299 0.000000
20.525839 -3.918402 0.001847 0.000000
-7.154300 -0.038128 0.379681 0.000000
-7.732284 -0.035676 0.396792 0.000000
-7.475057 -0.036682 0.503106 0.000000
-8.060708 -0.034452 0.289493 0.000000
-6.840429 -0.039371 0.790017 0.000000
-7.240236 -0.037628 0.627526 0.000000
4.032429 -2.683654 0.009351 0.000000
6.013962 -2.724639 0.006244 0.000000
2.583987 -2.903987 0.014624 0.000000
4.836776 -2.699907 0.007795 0.000000
2.312664 -2.874776 0.016238 0.000000
3.455434 -2.672512 0.010889 0.000000
22.164655 -2.727357 0.001222 0.000000
6.659697 -3.382162 0.005871 0.000000
11.020431 -3.355894 0.003478 0.000000
35.547047 -3.685241 0.001323 0.000000
5.125370 -3.053896 0.007502 0.000000
7.733728 -3.018701 0.004910 0.000000
14.768568 -3.196710 0.002438 0.000000
4.341984 -2.893324 0.008788 0.000000
5.820441 -2.838160 0.006510 0.000000
9.345893 -2.988925 0.004000 0.000000
-5.088801 -0.724524 0.006120 0.000000
3.665585 -2.848906 0.010376 0.000000
4.759140 -2.934146 0.008033 0.000000
6.675320 -2.918531 0.005682 0.000000
11.631981 -2.775538 0.003051 0.000000
3.166614 -2.816658 0.011960 0.000000
3.963485 -2.881968 0.009619 0.000000
8.101340 -2.742396 0.004563 0.000000
2.725631 -2.932208 0.013907 0.000000
-4.318173 -0.316628 0.006592 0.000000
-3.592788 -0.866578 0.008379 0.000000
-2.973534 -1.302058 0.010464 0.000000
-4.134420 -0.628493 0.007201 0.000000
-2.809277 -1.559536 0.011451 0.000000
-4.087024 -0.853653 0.007543 0.000000
-3.361294 -1.311659 0.009522 0.000000
-5.086515 -0.451087 0.005875 0.000000
-4.000913 -1.079340 0.007952 0.000000
-2.028355 -1.428419 0.091074 0.000000
-3.129229 -0.904490 0.009347 0.000000
-2.115285 -1.789303 0.091789 0.000000
-3.561958 -0.697178 0.008180 0.000000
11.167289 -4.402632 0.003814 0.000000
8.726299 -4.832781 0.005297 0.000000
18.415830 -8.319841 0.004095 0.000000
6.105224 -4.812074 0.007099 0.000000
10.343749 -5.795870 0.004886 0.000000
30.959047 -10.586295 0.003984 0.000000
4.878501 -4.282134 0.008990 0.000000
7.197809 -4.813714 0.006203 0.000000
13.580630 -6.087668 0.004102 0.000000
3.994207 -4.034471 0.010193 0.000000
5.521206 -4.291452 0.007678 0.000000
8.298143 -5.622699 0.005702 0.000000
19.720702 -6.792837 0.003050 0.000000
3.407795 -3.819616 0.011791 0.000000
4.570628 -3.923381 0.008850 0.000000
6.416734 -4.236966 0.006725 0.000000
10.816007 -4.854512 0.004096 0.000000
2.980738 -3.618697 0.013555 0.000000
3.634708 -3.601643 0.010918 0.000000
5.108963 -3.834071 0.007975 0.000000
7.754097 -4.199644 0.005307 0.000000
-17.309968 -0.032468 0.001407 0.000000
-3.077825 -2.562518 0.012025 0.000000
-12.232312 -0.369135 0.002328 0.000000
-7.089539 -1.537673 0.004924 0.000000
-4.816605 -2.030047 0.007536 0.000000
-3.661307 -2.574926 0.010225 0.000000
-23.942404 1.961006 0.000129 0.000000
-10.104478 -1.190659 0.003290 0.000000
-6.392797 -2.080947 0.005759 0.000000
-4.450038 -2.275086 0.008304 0.000000
2.711030 -3.498104 0.014980 0.000000
-8.724441 -1.674361 0.004064 0.000000
-5.701046 -2.387611 0.006605 0.000000
-13.612561 -1.382926 0.002503 0.000000
-7.788730 -2.308893 0.004854 0.000000
-31.844373 0.216056 0.000621 0.000000
-11.529318 -2.172541 0.003286 0.000000
-22.478135 -1.581208 0.001652 0.000000
29.985164 -13.660490 0.005131 0.000000
12.978682 -7.355936 0.004626 0.000000
1.921525 -3.037056 0.019435 0.000000
2.346628 -3.126371 0.016116 0.000000
2.716836 -3.050544 0.014000 0.000000
1.573516 -3.013068 0.023690 0.000000
1.758969 -3.003461 0.021085 0.000000
2.114240 -3.077325 0.017778 0.000000
2.411989 -3.003202 0.015673 0.000000
1.396036 -3.008402 0.026662 0.000000
1.902938 -2.831627 0.019458 0.000000
3.012074 -3.223191 0.012711 0.000000
3.210257 -3.422632 0.012193 0.000000
4.167849 -3.605773 0.009568 0.000000
5.862842 -3.872400 0.006805 0.000000
2.364830 -3.406048 0.016732 0.000000
2.995555 -3.432614 0.012945 0.000000
3.596889 -3.402457 0.010738 0.000000
4.765975 -3.573937 0.008220 0.000000
2.077688 -3.201595 0.018420 0.000000
2.599670 -3.201677 0.014638 0.000000
-4.144581 -2.334498 0.008928 0.000000
3.954056 -3.455743 0.009812 0.000000
1.829731 -3.206419 0.021318 0.000000
2.362351 -3.257151 0.016244 0.000000
2.744123 -3.200534 0.013893 0.000000
3.468028 -3.367494 0.011116 0.000000
-0.879757 -2.676117 0.034938 0.000000
-0.533032 -2.735860 0.048724 0.000000
-0.607966 -2.710101 0.044757 0.000000
-4.982961 -1.636899 0.007011 0.000000
-1.710066 -2.430977 0.095661 0.000000
-3.481489 -1.973541 0.010136 0.000000
-2.139105 -2.587670 0.016802 0.000000
-1.933368 -2.593883 0.018384 0.000000
-4.163603 -1.850695 0.008489 0.000000
-3.026828 -2.144453 0.011725 0.000000
-2.513500 -2.371081 0.014210 0.000000
-3.760993 -2.047826 0.009523 0.000000
-2.860346 -2.333134 0.012600 0.000000
-2.544700 -2.560743 0.014330 0.000000
-6.052644 -1.480811 0.005718 0.000000
-4.504226 -1.942037 0.007963 0.000000
-3.306336 -2.284775 0.010984 0.000000
-2.692546 -2.572365 0.013621 0.000000
-8.269018 -1.175090 0.004038 0.000000
-5.516288 -1.804302 0.006474 0.000000
-2.050454 -2.314895 0.093436 0.000000
-2.982296 -2.063627 0.011764 0.000000
0.571006 -2.801949 0.052110 0.000000
-0.333104 -2.726807 0.059451 0.000000
1.084430 -2.808181 0.031910 0.000000
1.315495 -2.839744 0.027174 0.000000
0.908949 -2.838556 0.036994 0.000000
0.706788 -2.804699 0.044300 0.000000
1.521092 -2.869056 0.023944 0.000000
1.744202 -2.815353 0.021061 0.000000
1.199809 -3.016823 0.031016 0.000000
4.246984 -3.103790 0.009068 0.000000
2.852217 -3.087005 0.013370 0.000000
3.615930 -3.192152 0.010648 0.000000
3.104821 -3.111364 0.012324 0.000000
3.270448 -3.154994 0.011730 0.000000
2.925333 -2.941217 0.012992 0.000000
2.165939 -2.965383 0.017341 0.000000
2.996546 -3.265466 0.012777 0.000000
32.213681 -6.846288 0.002059 0.000000
5.040996 -3.711182 0.007816 0.000000
7.444154 -3.813633 0.005395 0.000000
14.076067 -4.589439 0.003123 0.000000
4.382639 -3.549327 0.008904 0.000000
5.743638 -3.563939 0.006859 0.000000
8.805623 -3.632329 0.004510 0.000000
3.678107 -3.207911 0.010477 0.000000
6.441351 -3.476755 0.006102 0.000000
3.821018 -3.245257 0.010104 0.000000
5.243773 -3.291930 0.007417 0.000000
-7.093863 -0.035895 2.693387 0.000000
-6.430314 -0.039636 2.215041 0.000000
-7.047646 -0.036318 2.553515 0.000000
-6.993011 -0.036479 2.591930 0.000000
-7.502012 -0.034165 2.791909 0.000000
-5.800617 -0.042500 2.382490 0.000000
-6.563366 -0.038542 2.478279 0.000000
-5.551136 -0.044444 2.133029 0.000000
-7.987913 -0.032427 2.809668 0.000000
-7.543435 -0.033808 2.921845 0.000000
-8.200935 -0.030984 3.328612 0.000000
-6.590017 -0.038186 2.604878 0.000000
-7.064241 -0.035725 2.860706 0.000000
-7.990839 -0.031798 3.229831 0.000000
-8.867453 -0.028835 3.480415 0.000000
-5.710774 -0.044092 1.850721 0.000000
-5.343180 -0.046820 1.590852 0.000000
-5.522898 -0.045460 1.716928 0.000000
-6.676191 -0.037141 2.950329 0.000000
-5.452264 -0.045684 1.825151 0.000000
-6.042633 -0.042216 1.863450 0.000000
-6.515368 -0.039285 2.183518 0.000000
-6.272244 -0.040755 2.017809 0.000000
-6.942949 -0.037247 2.247683 0.000000
3.611156 -1.766914 0.009547 0.000000
9.012646 -0.210721 0.002862 0.000000
33.298660 6.195350 -0.003269 0.000000
6.665845 -0.939373 0.004644 0.000000
14.778547 1.230917 0.000570 0.000000
5.309433 -1.381650 0.006261 0.000000
4.522927 -1.528758 0.007481 0.000000
6.934666 -0.630758 0.004250 0.000000
14.100084 0.738011 0.000923 0.000000
5.507653 -1.030403 0.005764 0.000000
9.449202 -0.030204 0.213700 0.000000
3.214019 -1.679644 0.010479 0.000000
4.555320 -1.245168 0.007161 0.000000
7.048203 -0.591505 0.004148 0.000000
2.910423 -1.894391 0.011809 0.000000
-7.774230 -0.031875 3.611109 0.000000
-7.537196 -0.033622 3.050789 0.000000
-8.353566 -0.030274 3.495867 0.000000
-9.333206 -0.027207 3.800312 0.000000
-7.154506 -0.035109 3.008868 0.000000
-7.941416 -0.031447 3.549947 0.000000
-8.645284 -0.028877 3.877605 0.000000
-7.236690 -0.034133 3.373751 0.000000
-8.389801 -0.029973 3.624021 0.000000
-9.316699 -0.026758 4.169405 0.000000
-8.634655 -0.028557 4.109480 0.000000
-9.806804 -0.025090 4.593174 0.000000
-8.141563 -0.030254 3.905456 0.000000
-9.021914 -0.027101 4.426840 0.000000
-8.540124 -0.028621 4.229084 0.000000
-9.798721 -0.024742 4.867837 0.000000
-9.449162 -0.025322 4.982282 0.000000
30.646721 4.595663 -0.001382 0.000000
-5.141932 -0.048951 1.108298 0.000000
5.688132 -0.911309 0.005486 0.000000
7.533446 -0.367353 0.003703 0.000000
5.817780 -0.609573 0.005131 0.000000
4.654018 -1.022601 0.006801 0.000000
3.814814 -1.304720 0.008511 0.000000
1.354006 -2.053675 0.097533 0.000000
6.203258 -0.043325 0.048443 0.000000
6.954642 -0.039411 0.262596 0.000000
7.483182 -0.036705 0.928001 0.000000
7.941727 -0.034862 0.933781 0.000000
6.852511 -0.039652 0.773856 0.000000
5.316110 -0.246299 0.005304 0.000000
6.196412 -0.043357 0.105171 0.000000
7.934092 -0.035073 0.626714 0.000000
9.307523 -0.030183 1.108505 0.000000
9.663862 -0.028854 1.588176 0.000000
8.800844 -0.031847 0.932369 0.000000
9.508700 -0.029232 1.651505 0.000000
8.502601 -0.033003 0.637297 0.000000
9.143477 -0.030438 1.444647 0.000000
9.551137 -0.028835 1.997702 0.000000
8.300487 -0.033524 0.960872 0.000000
8.711951 -0.031920 1.259178 0.000000
7.440394 -0.037161 0.435807 0.000000
8.313570 -0.033390 1.089944 0.000000
7.258859 -0.037977 0.374297 0.000000
7.596378 -0.036323 0.790364 0.000000
1.711508 -1.812625 0.093932 0.000000
4.295289 -0.526553 0.006760 0.000000
2.751828 -1.210691 0.010918 0.000000
3.906460 -0.491014 0.007269 0.000000
3.232518 -1.189111 0.009611 0.000000
4.450963 -0.696052 0.006740 0.000000
3.997202 -0.852317 0.007602 0.000000
2.835547 -1.349066 0.010978 0.000000
-1.936827 -0.651299 0.089031 0.000000
-2.157150 -0.217448 0.087574 0.000000
0.265034 -2.200340 0.111743 0.000000
-2.080536 -1.120247 0.090019 0.000000
4.785251 -2.159935 0.007561 0.000000
11.169953 -1.442628 0.002628 0.000000
4.888583 -2.227506 0.007443 0.000000
7.706773 -1.915747 0.004440 0.000000
16.784447 -0.503670 0.000981 0.000000
4.013735 -2.311044 0.009139 0.000000
5.900297 -1.828570 0.005895 0.000000
10.149238 -1.360309 0.002959 0.000000
37.168449 2.828432 -0.002032 0.000000
3.498049 -2.217591 0.010364 0.000000
6.201223 -2.147180 0.005767 0.000000
7.297289 -1.768087 0.004646 0.000000
15.345053 -0.227499 0.001108 0.000000
3.054999 -2.264044 0.011848 0.000000
4.081612 -2.156727 0.008864 0.000000
5.676940 -1.888915 0.006178 0.000000
9.558146 -1.032107 0.003042 0.000000
2.709360 -2.300492 0.013306 0.000000
-7.804991 -0.034097 2.021037 0.000000
-9.512947 -0.028446 2.271623 0.000000
-7.539358 -0.034945 2.151337 0.000000
-8.321810 -0.031989 2.278560 0.000000
-9.052567 -0.029566 2.435151 0.000000
-7.862494 -0.033484 2.350752 0.000000
-8.625458 -0.030876 2.402504 0.000000
-9.778383 -0.027326 2.725645 0.000000
6.923980 -1.496588 0.004777 0.000000
-8.690834 -0.030007 2.965392 0.000000
-9.727548 -0.027122 3.046776 0.000000
-9.296335 -0.028116 3.138181 0.000000
-9.648225 -0.026725 3.570239 0.000000
24.468152 -0.910593 0.000278 0.000000
12.562548 -1.692520 0.002328 0.000000
8.399918 -1.988754 0.004057 0.000000
19.403176 -0.752967 0.000727 0.000000
2.574405 -2.377008 0.014075 0.000000
5.585366 -1.762922 0.006203 0.000000
4.538981 -1.915558 0.007789 0.000000
-4.734311 -0.052693 0.208941 0.000000
-5.067593 -0.050082 0.476422 0.000000
-3.329618 -0.418319 0.008125 0.000000
-2.905974 -0.908792 0.009848 0.000000
-6.785819 -0.039236 1.260359 0.000000
-7.099457 -0.037500 1.542515 0.000000
-7.425558 -0.036085 1.565616 0.000000
-6.235620 -0.041769 1.472882 0.000000
-6.755487 -0.039116 1.504520 0.000000
-7.937616 -0.033906 1.747998 0.000000
-7.133499 -0.037195 1.678076 0.000000
-7.644418 -0.035169 1.603056 0.000000
-8.523467 -0.031816 1.804585 0.000000
-6.896003 -0.037996 1.874723 0.000000
-7.456271 -0.035653 1.842187 0.000000
-8.994423 -0.030139 2.025581 0.000000
-5.257185 -0.048293 0.997986 0.000000
-5.852447 -0.044604 0.874019 0.000000
-5.468361 -0.046749 1.110025 0.000000
-5.813424 -0.044689 1.027333 0.000000
-6.308929 -0.041794 1.114053 0.000000
-6.914451 -0.038842 1.027197 0.000000
15.757199 -0.799119 0.001267 0.000000
-9.136577 -0.030086 1.599780 0.000000
9.727813 -1.549710 0.003213 0.000000
15.971108 -0.023587 0.000908 0.000000
6.862052 -1.781139 0.004981 0.000000
9.973211 -0.916547 0.002819 0.000000
17.177055 0.924404 0.000321 0.000000
5.445969 -1.994394 0.006518 0.000000
7.130279 -1.426295 0.004584 0.000000
10.537606 -0.482424 0.002408 0.000000
19.726547 2.141003 -0.000511 0.000000
-8.309272 -0.033291 0.841417 0.000000
3.054257 -1.863352 0.011264 0.000000
3.824121 -1.687132 0.008958 0.000000
4.972811 -1.426049 0.006726 0.000000
5.644971 -1.643143 0.006056 0.000000
7.601466 -1.080358 0.004073 0.000000
11.783444 0.371570 0.001624 0.000000
4.692271 -1.879160 0.007505 0.000000
5.881339 -1.286184 0.005564 0.000000
8.274673 -0.515748 0.003377 0.000000
3.970033 -1.825028 0.008793 0.000000
6.408358 -0.962512 0.004866 0.000000
4.124517 -1.619407 0.008269 0.000000
3.476080 -1.917627 0.010082 0.000000
-6.068459 -0.043509 0.651357 0.000000
-3.773230 -0.951975 0.008179 0.000000
-5.713040 -0.045787 0.341619 0.000000
-4.659933 -0.555992 0.006445 0.000000
-5.967298 -0.044210 0.440301 0.000000
-5.597763 -0.046564 0.063498 0.000000
-6.613441 -0.040412 0.891671 0.000000
-4.002775 -0.457082 0.007171 0.000000
-4.254834 -0.570221 0.006968 0.000000
-3.098623 -1.087545 0.009750 0.000000
-1.666398 -0.682377 0.089669 0.000000
-5.961701 -0.041560 2.425552 0.000000
-6.166395 -0.040020 2.668240 0.000000
-7.454640 -0.031649 4.273956 0.000000
-7.924259 -0.029875 4.479984 0.000000
-8.287444 -0.028322 4.804351 0.000000
-9.000800 -0.027211 4.386682 0.000000
-8.686850 -0.026471 5.323639 0.000000
-9.243629 -0.025908 4.885968 0.000000
-9.746719 -0.025138 4.652142 0.000000
-9.057851 -0.025061 5.696457 0.000000
-9.822400 -0.024061 5.334691 0.000000
-6.947098 -0.035386 3.284171 0.000000
-6.319260 -0.038514 3.030182 0.000000
-6.413287 -0.037700 3.210889 0.000000
-6.624224 -0.036299 3.448262 0.000000
-7.097380 -0.034064 3.663756 0.000000
-7.394432 -0.032557 3.911008 0.000000
-7.606937 -0.032788 3.400739 0.000000
-2.788783 -0.628942 0.009514 0.000000
-6.749518 -0.038362 2.080835 0.000000
-6.179559 -0.042033 1.500433 0.000000
-7.352271 -0.035231 2.468253 0.000000
-7.226025 -0.035923 2.340562 0.000000
-2.762547 -0.544250 0.009385 0.000000
-5.441248 -0.047368 0.663063 0.000000
-5.981051 -0.042973 1.603412 0.000000
-2.914989 -0.223235 0.008449 0.000000
1.911175 -1.931353 0.093319 0.000000
8.213057 -0.033997 0.687538 0.000000
-9.536536 -0.026275 4.142685 0.000000
-9.875204 -0.025920 3.803458 0.000000
9.521903 -0.029568 1.110776 0.000000
9.821126 -0.028902 0.836565 0.000000
9.155522 -0.030643 1.097096 0.000000
9.363806 -0.030223 0.747859 0.000000
8.652478 -0.032390 0.833454 0.000000
9.545430 -0.029831 0.470407 0.000000
8.950301 -0.031452 0.792548 0.000000
9.606272 -0.029737 0.274110 0.000000
8.370606 -0.033548 0.445437 0.000000
9.047257 -0.031448 0.057159 0.000000
7.936781 -0.035196 0.315999 0.000000
-7.729352 -0.033895 2.405489 0.000000
-8.116372 -0.032228 2.640590 0.000000
-8.538502 -0.030546 2.900029 0.000000
-8.771313 -0.030125 2.671768 0.000000
-8.825214 -0.030140 2.519380 0.000000
-8.614773 -0.029476 3.523145 0.000000
-8.807365 -0.029203 3.327490 0.000000
-9.006318 -0.028943 3.097147 0.000000
-9.256840 -0.028638 2.770502 0.000000
-9.002516 -0.028287 3.619161 0.000000
-9.218793 -0.027856 3.515404 0.000000
3.439934 -1.017120 0.008864 0.000000
4.772255 -0.783648 0.006409 0.000000
4.051738 -0.857392 0.007520 0.000000
4.568816 -0.531764 0.006408 0.000000
3.155975 -1.376900 0.010132 0.000000
2.799562 -1.491195 0.011394 0.000000
7.436231 -0.037251 0.237079 0.000000
7.352193 -0.037634 0.161101 0.000000
6.846984 -0.039948 0.178108 0.000000
6.482217 -0.041800 0.133881 0.000000
5.692484 -0.263347 0.004969 0.000000
-6.705431 -2.188501 0.005551 0.000000
-19.051157 1.403913 0.000662 0.000000
-8.845371 -1.026747 0.003694 0.000000
-5.744672 -1.997804 0.006341 0.000000
-14.023419 -0.070456 0.001861 0.000000
-7.649586 -1.772491 0.004683 0.000000
-5.133388 -2.170076 0.007179 0.000000
-34.758449 3.352949 -0.000677 0.000000
-11.594754 -1.190854 0.002848 0.000000
-3.484030 -2.377755 0.010552 0.000000
-22.351370 0.120266 0.000961 0.000000
-9.659184 -1.989070 0.003810 0.000000
-16.657874 -1.398311 0.002055 0.000000
38.519962 -11.108536 0.003341 0.000000
8.870807 -4.509992 0.004775 0.000000
17.188584 -5.531723 0.002909 0.000000
10.167595 -4.304355 0.004140 0.000000
-4.490241 -1.714847 0.007797 0.000000
-3.220612 -2.125398 0.011065 0.000000
-2.785315 -2.396865 0.012993 0.000000
-2.387077 -2.580599 0.015215 0.000000
-5.415553 -1.566177 0.006428 0.000000
21.710880 -5.449780 0.002286 0.000000
-3.191042 -2.366774 0.011438 0.000000
-7.302698 -1.066078 0.004522 0.000000
-10.405067 -0.318388 0.002800 0.000000
-6.252646 -1.488360 0.005545 0.000000
-4.498694 -2.141515 0.008124 0.000000
3.573542 -3.166401 0.010765 0.000000
4.516114 -2.908226 0.008455 0.000000
5.471665 -3.138909 0.007056 0.000000
3.360790 -2.989298 0.011369 0.000000
4.592843 -3.372716 0.008473 0.000000
7.018816 -3.963430 0.005757 0.000000
11.692201 -4.040039 0.003521 0.000000
30.605575 -5.346272 0.001572 0.000000
4.109161 -3.507129 0.009463 0.000000
5.427117 -3.490057 0.007228 0.000000
8.187376 -3.779506 0.004905 0.000000
14.347754 -3.922211 0.002809 0.000000
6.074997 -3.238246 0.006386 0.000000
9.201202 -3.207479 0.004154 0.000000
4.863963 -3.228044 0.007968 0.000000
6.822351 -3.059459 0.005610 0.000000
4.054708 -3.069595 0.009481 0.000000
-1.025332 -2.723822 0.031621 0.000000
-1.739842 -2.763300 0.020526 0.000000
-1.911202 -2.774176 0.018900 0.000000
-4.275942 -1.957415 0.008375 0.000000
-2.242663 -2.688371 0.016252 0.000000
-5.346122 -1.797612 0.006668 0.000000
-3.807419 -2.039930 0.009409 0.000000
-2.515603 -2.693658 0.014638 0.000000
-6.802491 -1.450768 0.005081 0.000000
-4.738711 -2.131301 0.007725 0.000000
-3.579791 -2.550318 0.010427 0.000000
-1.370738 -2.613405 0.024640 0.000000
-1.593645 -2.754330 0.022143 0.000000
-2.856284 -2.700787 0.013020 0.000000
5.338365 -4.078121 0.007717 0.000000
7.882391 -5.321860 0.005866 0.000000
16.147022 -7.343046 0.004061 0.000000
5.876959 -4.619803 0.007308 0.000000
9.656888 -5.420310 0.005038 0.000000
24.451149 -8.528621 0.003624 0.000000
4.687045 -4.204266 0.008848 0.000000
6.957953 -4.533318 0.006202 0.000000
12.379082 -5.403734 0.003799 0.000000
3.893807 -3.928099 0.010446 0.000000
12.032400 -6.777324 0.004671 0.000000
8.382185 -4.410531 0.004999 0.000000
16.979174 -5.852604 0.003433 0.000000
3.333476 -3.733739 0.012057 0.000000
4.367696 -3.858616 0.009431 0.000000
6.077192 -4.008298 0.006604 0.000000
10.344325 -4.400155 0.004089 0.000000
4.802843 -3.637712 0.008171 0.000000
-6.896268 -2.371608 0.005490 0.000000
-9.659904 -1.194150 0.003451 0.000000
-5.949445 -1.800197 0.006014 0.000000
-4.323259 -2.340888 0.008582 0.000000
-3.293259 -2.710526 0.011400 0.000000
-16.010764 -0.051121 0.001564 0.000000
-8.128692 -1.772256 0.004409 0.000000
-5.369399 -2.271250 0.006933 0.000000
-3.875076 -2.724211 0.009782 0.000000
-12.220555 -1.223043 0.002717 0.000000
7.341732 -3.831279 0.005474 0.000000
-4.671809 -2.499820 0.008066 0.000000
-24.416995 -0.104057 0.000942 0.000000
-9.896122 -2.100477 0.003770 0.000000
-6.189214 -2.463232 0.006139 0.000000
-16.749142 -1.702500 0.002238 0.000000
-8.306455 -2.456445 0.004626 0.000000
-12.667799 -2.489996 0.003141 0.000000
-27.608283 -2.564455 0.001724 0.000000
25.343507 -11.451436 0.004598 0.000000
2.422563 -3.401839 0.016549 0.000000
5.775185 -3.791341 0.006883 0.000000
1.798229 -3.213396 0.021548 0.000000
-3.764101 -1.512291 0.008920 0.000000
38.450292 -4.429083 0.000806 0.000000
-9.452872 -0.029979 0.089961 0.000000
-17.258992 2.136937 0.000665 0.000000
-8.395718 -0.771676 0.003767 0.000000
-9.715433 -0.028944 0.826833 0.000000
-32.393781 4.853788 -0.001223 0.000000
-9.061452 -0.031079 0.262185 0.000000
14.944674 -3.299012 0.002444 0.000000
39.192540 -2.987346 0.000866 0.000000
9.048184 -3.005405 0.004151 0.000000
15.529941 -2.736861 0.002100 0.000000
9.592764 -2.758066 0.003796 0.000000
16.790680 -2.160742 0.001663 0.000000
5.312200 -2.957873 0.007198 0.000000
6.810466 -2.719616 0.005481 0.000000
-6.666321 -0.366915 0.004503 0.000000
-4.455779 -1.178827 0.007348 0.000000
-2.795982 -1.929769 0.012212 0.000000
-7.484119 -0.036760 0.182620 0.000000
-5.922264 -0.692715 0.005293 0.000000
-7.978087 -0.034830 0.045598 0.000000
-8.353512 -0.033354 0.389105 0.000000
-6.914932 -0.779054 0.004601 0.000000
-4.770951 -1.468689 0.007164 0.000000
-8.785759 -0.031815 0.581674 0.000000
10.384397 -2.231747 0.003247 0.000000
4.342940 -2.226903 0.008387 0.000000
3.647424 -2.293702 0.010025 0.000000
19.339841 -1.278431 0.000952 0.000000
5.505483 -2.679047 0.006820 0.000000
7.400152 -2.327434 0.004845 0.000000
11.582827 -1.744119 0.002638 0.000000
4.438075 -2.669745 0.008488 0.000000
5.887760 -2.467476 0.006262 0.000000
8.170076 -2.126938 0.004251 0.000000
4.665681 -2.495878 0.007974 0.000000
5.170786 -2.244396 0.007036 0.000000
2.383365 -2.366902 0.015084 0.000000
-9.462579 -0.023630 6.107353 0.000000
3.996842 -0.205997 0.006761 0.000000
3.228433 -0.367005 0.008159 0.000000
5.174998 -0.049561 0.737684 0.000000
2.972653 -0.544424 0.008958 0.000000
2.045897 -1.098455 0.090109 0.000000
-3.701851 -0.057769 2.067943 0.000000
-4.992003 -0.045038 3.068990 0.000000
-4.984113 -0.043705 3.466173 0.000000
-4.534876 -0.048296 2.909909 0.000000
-5.177898 -0.041990 3.682368 0.000000
-5.293269 -0.043572 3.012833 0.000000
-5.326841 -0.040666 3.870544 0.000000
-5.514149 -0.041785 3.230279 0.000000
-4.194981 -0.051880 2.569022 0.000000
-3.922069 -0.055098 2.277715 0.000000
-4.588122 0.041594 2.562370 0.000000
-9.113705 -0.025172 5.554752 0.000000
-7.970550 -0.029994 4.341165 0.000000
-8.055526 -0.030154 4.111240 0.000000
-8.275464 -0.030006 3.818105 0.000000
-7.968414 -0.029127 4.816771 0.000000
-8.392593 -0.028388 4.606543 0.000000
-8.436524 -0.028579 4.423035 0.000000
-8.758124 -0.027959 4.289462 0.000000
-8.396947 -0.027238 5.266722 0.000000
-8.443406 -0.027267 5.186972 0.000000
-8.802635 -0.026773 4.976274 0.000000
-8.750650 -0.026119 5.449819 0.000000
-7.781510 -0.030081 4.583311 0.000000
-9.556052 -0.024782 5.202683 0.000000
-9.899073 -0.024155 5.155695 0.000000
-9.147581 -0.024382 6.008980 0.000000
-9.585060 -0.023581 5.989458 0.000000
-9.583336 -0.022820 6.499066 0.000000
9.342851 -0.028208 3.159526 0.000000
8.638720 -0.030524 2.876198 0.000000
9.403455 -0.028457 2.796804 0.000000
8.801107 -0.030436 2.544393 0.000000
-6.682088 -0.035446 3.730202 0.000000
-6.108631 -0.039411 3.054159 0.000000
-6.346041 -0.037869 3.262085 0.000000
-6.597497 -0.036322 3.486051 0.000000
-6.756730 -0.036322 3.189584 0.000000
-6.820481 -0.035560 3.435812 0.000000
-7.150024 -0.033212 3.989784 0.000000
-7.379036 -0.033267 3.566442 0.000000
-7.468092 -0.033553 3.237307 0.000000
-7.226604 -0.032480 4.220544 0.000000
-7.429880 -0.031962 4.156447 0.000000
-7.665403 -0.031589 3.964077 0.000000
6.621002 -0.040512 1.120977 0.000000
6.022826 -0.043850 1.007659 0.000000
6.327438 -0.042320 0.801751 0.000000
6.477263 -0.040997 1.353587 0.000000
5.930897 -0.044524 0.862852 0.000000
7.589007 -0.035591 1.687073 0.000000
9.474530 -0.028588 2.489691 0.000000
8.410991 -0.031948 2.288670 0.000000
7.639164 -0.034591 2.344321 0.000000
9.131493 -0.029952 2.066946 0.000000
8.006209 -0.033519 2.127324 0.000000
9.519262 -0.028751 2.190000 0.000000
8.585411 -0.031805 1.885864 0.000000
7.655324 -0.035037 1.946045 0.000000
7.007058 -0.037841 1.852032 0.000000
8.818521 -0.031043 1.905944 0.000000
8.026507 -0.033843 1.765792 0.000000
8.452428 -0.032426 1.692568 0.000000
6.461618 -0.040656 1.681450 0.000000
7.481980 -0.036255 1.465814 0.000000
6.821357 -0.039070 1.551525 0.000000
7.002754 -0.038450 1.352183 0.000000
-4.921693 -0.048517 2.071758 0.000000
-5.096005 -0.047019 2.209379 0.000000
-5.274666 -0.045207 2.480425 0.000000
-5.470657 -0.043996 2.513126 0.000000
-5.672234 -0.042474 2.681111 0.000000
-5.884697 -0.040945 2.860995 0.000000
-1.497540 4.983491 0.001654 0.000000
-0.934906 2.827695 0.004268 0.000000
-0.587466 1.628493 0.006431 0.000000
-1.103995 3.233708 0.003674 0.000000
-0.613037 2.108260 0.005491 0.000000
-1.249201 4.188563 0.002500 0.000000
-0.807160 2.700946 0.004477 0.000000
-1.048326 3.145679 0.003802 0.000000
5.666357 -0.039069 3.997738 0.000000
8.290013 -0.028390 4.887488 0.000000
7.894537 -0.029676 4.752597 0.000000
5.259744 -0.042584 3.480867 0.000000
7.286883 -0.032631 4.173624 0.000000
7.013515 -0.034089 3.919004 0.000000
7.204398 -0.030258 5.370361 0.000000
8.476339 -0.025022 6.520484 0.000000
7.072001 -0.029961 5.651387 0.000000
9.642521 -0.021553 7.398222 0.000000
8.145950 -0.025937 6.384148 0.000000
6.843559 -0.030695 5.596304 0.000000
9.218987 -0.023023 6.897871 0.000000
7.837183 -0.027386 5.985677 0.000000
6.623704 -0.032628 5.072288 0.000000
8.944727 -0.024438 6.338807 0.000000
6.596236 -0.033197 4.882815 0.000000
8.708009 -0.025236 6.142138 0.000000
6.385410 -0.034563 4.622438 0.000000
9.768851 -0.022678 6.510642 0.000000
8.348383 -0.026682 5.756544 0.000000
6.116371 -0.035555 4.599677 0.000000
9.310074 -0.024437 5.902873 0.000000
5.961896 -0.036720 4.389417 0.000000
8.887592 -0.025936 5.506900 0.000000
7.611445 -0.029584 5.180833 0.000000
4.888178 -0.046103 3.032562 0.000000
4.771323 -0.047274 2.896412 0.000000
7.314999 -0.028623 5.973159 0.000000
5.855037 -0.041353 2.886651 0.000000
-3.875804 -0.046734 4.079911 0.000000
-4.488355 -0.043063 4.243758 0.000000
-4.798163 -0.039521 4.795782 0.000000
-7.390426 -0.025042 7.457208 0.000000
-6.484483 -0.029510 6.347483 0.000000
-5.003443 -0.032546 6.535909 0.000000
-5.610997 -0.031339 6.448996 0.000000
-6.049605 -0.029462 6.744321 0.000000
-6.659636 -0.028338 6.653761 0.000000
-5.864852 -0.029351 6.931960 0.000000
-6.374178 -0.028491 6.840469 0.000000
-7.143493 -0.026390 7.052292 0.000000
-5.871103 -0.029026 7.043402 0.000000
-6.622708 -0.026942 7.257389 0.000000
-6.110516 -0.030635 6.266381 0.000000
-5.518479 -0.028939 7.330445 0.000000
-6.137350 -0.027103 7.566103 0.000000
-6.806788 -0.025715 7.630862 0.000000
-5.792281 -0.027487 7.663563 0.000000
8.428409 -0.023099 7.628205 0.000000
8.304049 -0.023834 7.340742 0.000000
7.998987 -0.025184 6.923045 0.000000
7.713188 -0.026527 6.537495 0.000000
9.013186 -0.022858 7.209980 0.000000
7.571824 -0.027284 6.319260 0.000000
8.712205 -0.024012 6.839363 0.000000
-4.450026 0.021247 5.132938 0.000000
-4.984477 -0.038294 4.935111 0.000000
-5.571834 -0.037065 4.665579 0.000000
-4.841876 -0.038022 5.143727 0.000000
-5.254313 -0.037072 5.006494 0.000000
-4.657180 -0.037429 5.458738 0.000000
-5.003609 -0.036329 5.453954 0.000000
-5.923912 -0.033766 5.352706 0.000000
-5.399285 -0.034548 5.613986 0.000000
-5.231075 -0.034001 5.925940 0.000000
-6.252804 -0.031299 5.891328 0.000000
-5.451002 -0.032103 6.330189 0.000000
6.112999 -0.041934 2.008015 0.000000
5.892912 -0.043397 1.861363 0.000000
6.720022 -0.038753 2.118766 0.000000
-8.490447 -0.025066 6.371764 0.000000
-7.468806 -0.030273 4.927184 0.000000
-6.790567 -0.030244 5.750275 0.000000
-7.095233 -0.029678 5.655685 0.000000
-7.365082 -0.029251 5.536492 0.000000
-6.879685 -0.029161 6.105158 0.000000
-7.317016 -0.028660 5.861302 0.000000
-7.667156 -0.027783 5.881531 0.000000
-7.792974 -0.026465 6.390206 0.000000
-8.154250 -0.025949 6.265546 0.000000
-7.188573 -0.030836 5.033027 0.000000
-7.540590 -0.026062 6.838414 0.000000
-7.886747 -0.025777 6.637146 0.000000
-8.501644 -0.024457 6.701416 0.000000
-9.176811 -0.023369 6.608155 0.000000
-7.733633 -0.024630 7.356766 0.000000
-8.307248 -0.023647 7.341219 0.000000
-8.813231 -0.022722 7.379449 0.000000
-9.535886 -0.021531 7.398363 0.000000
-8.120656 -0.023260 7.718779 0.000000
-8.638742 -0.022286 7.797571 0.000000
9.722638 -0.023805 5.797509 0.000000
-5.701754 -0.040344 3.417265 0.000000
-5.899360 -0.038896 3.617153 0.000000
-6.125733 -0.038421 3.425536 0.000000
-5.984697 -0.036860 4.219129 0.000000
-6.278509 -0.036455 3.949583 0.000000
-5.957629 -0.035810 4.618385 0.000000
-6.177440 -0.035484 4.456266 0.000000
9.200727 -0.025454 5.391419 0.000000
-6.150207 -0.034425 4.872510 0.000000
-6.358167 -0.034403 4.624033 0.000000
-6.406033 -0.034345 4.583699 0.000000
-6.965041 -0.033375 4.202595 0.000000
-6.354200 -0.033025 5.146480 0.000000
-6.578802 -0.032969 4.900388 0.000000
-6.823213 -0.032148 4.928223 0.000000
-6.566541 -0.031636 5.437686 0.000000
-6.627551 -0.031816 5.297947 0.000000
7.457217 -0.034883 2.617342 0.000000
7.749083 -0.032967 3.162732 0.000000
6.875138 -0.036811 2.843159 0.000000
6.628710 -0.038229 2.652371 0.000000
7.876905 -0.033064 2.816033 0.000000
7.134039 -0.035983 2.716651 0.000000
6.461645 -0.039208 2.538646 0.000000
6.856205 -0.037477 2.519708 0.000000
6.593329 -0.038973 2.335899 0.000000
8.023193 -0.031087 3.763958 0.000000
8.934896 -0.026859 4.865677 0.000000
8.590982 -0.027920 4.721195 0.000000
9.734474 -0.025111 4.854244 0.000000
8.254007 -0.029596 4.248565 0.000000
9.113686 -0.026731 4.679041 0.000000
7.958870 -0.030631 4.137309 0.000000
8.721914 -0.028193 4.346436 0.000000
7.671896 -0.031979 3.877153 0.000000
9.629571 -0.025916 4.427489 0.000000
8.592842 -0.028934 4.089594 0.000000
7.399837 -0.033332 3.633492 0.000000
9.203903 -0.027407 4.060275 0.000000
7.143241 -0.034679 3.406669 0.000000
8.858841 -0.028370 3.996053 0.000000
7.707454 -0.032529 3.505869 0.000000
6.989571 -0.035337 3.365364 0.000000
7.411749 -0.033966 3.267432 0.000000
9.111688 -0.028233 3.622200 0.000000
0.447998 -0.538220 0.091059 0.000000
0.215341 -0.562317 0.091319 0.000000
0.014307 -0.290115 0.090071 0.000000
0.345456 -0.199831 0.089619 0.000000
0.529586 -0.777891 0.092245 0.000000
0.977014 -0.231774 0.089238 0.000000
0.734279 -0.358582 0.089988 0.000000
-0.172326 1.026853 0.007924 0.000000
0.030130 0.833502 0.008472 0.000000
-0.323385 1.745580 0.006228 0.000000
-0.097734 1.361136 0.007089 0.000000
-0.470025 2.190376 0.005363 0.000000
-0.338500 1.444132 0.006877 0.000000
-0.952980 3.449895 0.003411 0.000000
-0.509857 1.965422 0.005771 0.000000
-0.322446 1.217153 0.007416 0.000000
-1.544619 5.532512 0.001137 0.000000
-1.165386 4.029178 0.002688 0.000000
-0.688341 2.505356 0.004802 0.000000
0.094020 0.789832 0.008598 0.000000
0.299492 0.688123 0.008877 0.000000
1.671755 -0.541083 0.089242 0.000000
0.813572 -0.446633 0.090268 0.000000
5.179087 -2.509728 0.007175 0.000000
6.415013 -2.262653 0.005621 0.000000
9.276331 -1.972331 0.003603 0.000000
16.381183 -0.622685 0.001098 0.000000
6.951670 -2.170653 0.005110 0.000000
10.273221 -1.350847 0.002907 0.000000
7.504673 -1.653239 0.004442 0.000000
38.177516 2.016802 0.001089 0.000000
3.649279 -2.523032 0.010213 0.000000
3.802693 -2.352693 0.009674 0.000000
4.982566 -1.846948 0.007040 0.000000
2.870456 -2.412253 0.012761 0.000000
-8.119252 -0.034137 0.532037 0.000000
-5.848653 -0.982575 0.005569 0.000000
-8.538923 -0.032585 0.680278 0.000000
-8.981539 -0.031198 0.579354 0.000000
-8.077769 -0.507533 0.003776 0.000000
-9.078363 -0.030682 0.986372 0.000000
-9.267752 -0.030377 0.469918 0.000000
-9.701477 -0.029185 0.383691 0.000000
-12.882335 0.816139 0.001679 0.000000
-9.864647 -0.028617 0.675228 0.000000
-29.475248 5.381577 -0.001435 0.000000
28.608585 -2.522677 0.000605 0.000000
13.081866 -2.455754 0.002518 0.000000
28.563462 -1.277361 0.000095 0.000000
8.535091 -2.559314 0.004234 0.000000
13.548754 -2.115190 0.002258 0.000000
31.305492 -0.049429 0.001768 0.000000
6.366527 -2.518288 0.005791 0.000000
8.850085 -2.206087 0.003914 0.000000
14.496797 -1.412550 0.001761 0.000000
3.500683 -2.038273 0.010160 0.000000
-4.708375 -1.286557 0.007092 0.000000
-5.877337 -0.440360 0.005141 0.000000
-4.052213 -1.245838 0.008062 0.000000
-3.048129 -1.734228 0.011028 0.000000
-6.605440 -0.428720 0.004585 0.000000
4.768907 -3.147177 0.008098 0.000000
6.856659 -3.678696 0.005801 0.000000
10.567403 -3.825092 0.003816 0.000000
22.581684 -4.488209 0.001818 0.000000
5.365515 -3.471702 0.007303 0.000000
7.462858 -3.579654 0.005304 0.000000
12.138924 -3.471871 0.003176 0.000000
30.312497 -3.842688 0.000954 0.000000
4.320713 -3.304355 0.008976 0.000000
5.697584 -3.380288 0.006858 0.000000
8.290131 -3.289570 0.004667 0.000000
14.212222 -3.089457 0.002513 0.000000
3.946236 -3.054599 0.009733 0.000000
6.900841 -2.889197 0.005476 0.000000
3.752911 -0.978719 0.008194 0.000000
7.541396 -0.036819 0.199666 0.000000
7.098397 -0.038717 0.326676 0.000000
6.778376 -0.040271 0.225810 0.000000
6.714007 -0.093160 0.004049 0.000000
3.216445 -1.332979 0.009899 0.000000
7.973045 -0.035139 0.039821 0.000000
9.613667 -0.028945 1.648506 0.000000
9.427599 -0.029705 1.311281 0.000000
9.659467 -0.029147 1.173168 0.000000
8.945411 -0.031268 1.123249 0.000000
9.130331 -0.030780 0.993554 0.000000
8.503395 -0.032821 0.953117 0.000000
-9.291974 -0.026753 4.215751 0.000000
8.605570 -0.032656 0.628356 0.000000
8.097023 -0.034362 0.798392 0.000000
8.310109 -0.033796 0.365915 0.000000
7.812290 -0.035581 0.556354 0.000000
7.373639 -0.037406 0.527973 0.000000
-8.002812 -0.031666 3.290858 0.000000
-7.382028 -0.035973 1.828364 0.000000
-7.732136 -0.034382 2.012370 0.000000
-8.182614 -0.032527 2.216543 0.000000
-8.561520 -0.029523 3.596137 0.000000
-8.999694 -0.028853 3.187200 0.000000
-8.823777 -0.028402 3.876318 0.000000
-6.074560 -0.043204 0.990090 0.000000
-6.529012 -0.041000 0.663435 0.000000
-3.700801 -0.424356 0.007558 0.000000
10.462927 -0.220317 0.002306 0.000000
-8.760885 -0.030735 2.139814 0.000000
-8.817352 -0.030778 1.917526 0.000000
-9.093773 -0.030191 1.627939 0.000000
-9.306175 -0.029124 2.153814 0.000000
-9.607265 -0.028570 1.836627 0.000000
16.828024 0.395887 0.000598 0.000000
10.192597 -0.959717 0.002757 0.000000
17.300383 1.175713 0.000197 0.000000
7.145322 -1.253306 0.004475 0.000000
18.795280 2.169279 0.000875 0.000000
7.413238 -0.830602 0.004050 0.000000
11.041819 0.245426 0.001898 0.000000
4.411447 -1.653485 0.007781 0.000000
5.753984 -1.215843 0.005643 0.000000
7.987411 -0.443968 0.003490 0.000000
4.690314 -1.462837 0.007160 0.000000
-6.819747 -0.038942 1.389224 0.000000
-7.176033 -0.037724 0.928399 0.000000
-7.334549 -0.036765 1.258317 0.000000
6.057810 -0.907820 0.005132 0.000000
-7.689087 -0.035257 1.323255 0.000000
-8.057198 -0.033710 1.497191 0.000000
-8.392345 -0.032069 1.989982 0.000000
-8.416030 -0.032208 1.769293 0.000000
-8.627301 -0.031794 1.439885 0.000000
3.379965 -1.936616 0.010373 0.000000
5.124101 -1.374546 0.006485 0.000000
6.607833 -0.425842 0.004351 0.000000
4.283467 -1.557358 0.007913 0.000000
5.512964 -0.837075 0.005607 0.000000
4.586001 -1.055566 0.006928 0.000000
6.090992 -0.039022 3.365566 0.000000
5.570918 -0.043423 2.656307 0.000000
-6.430089 -0.026869 7.439286 0.000000
-5.019063 -0.033171 6.339615 0.000000
-6.143773 -0.026739 7.703406 0.000000
-5.210663 -0.031052 6.845854 0.000000
-5.185155 -0.030809 6.940922 0.000000
9.868525 -0.022190 6.729555 0.000000
-4.543689 -0.001306 5.133395 0.000000
-6.234769 -0.028168 7.079583 0.000000
7.249528 -0.033933 3.593124 0.000000
7.012033 -0.035523 3.228102 0.000000
6.746222 -0.036725 3.154991 0.000000
6.452990 -0.038694 2.812234 0.000000
9.405431 -0.023710 6.254699 0.000000
9.008313 -0.024953 5.952530 0.000000
8.636578 -0.026396 5.559014 0.000000
8.512041 -0.027159 5.280638 0.000000
8.025531 -0.028864 4.997950 0.000000
8.218725 -0.030429 3.809287 0.000000
8.127492 -0.029713 4.384766 0.000000
0.741826 -0.524714 0.090697 0.000000
0.435976 0.787092 0.008544 0.000000
1.048375 -0.252750 0.089231 0.000000
-0.066315 -0.899849 0.093336 0.000000
-0.427582 2.680032 0.004551 0.000000
0.219098 0.924118 0.008198 0.000000
0.143244 1.108397 0.007710 0.000000
-1.094732 18.764361 0.629618 0.000000
-1.095854 24.993156 0.051282 0.000000
-1.091130 9.644841 1.277656 0.000000
-1.092162 11.380456 1.023963 0.000000
-1.093166 13.574183 0.630661 0.000000
-1.094158 16.497113 0.308890 0.000000
-1.092573 12.185802 0.364534 0.000000
-1.093813 15.393585 1.158360 0.000000
-1.090866 9.263831 0.269826 0.000000
-1.343285 7.750906 0.594501 0.000000
-0.626981 35.720462 1.413636 0.000000
1.097420 35.133919 1.237836 0.000000
1.095497 20.054382 0.487255 0.000000
1.093594 13.409981 0.022331 0.000000
-0.040781 35.720732 2.004834 0.000000
0.591832 35.720431 1.371819 0.000000
1.095457 19.928420 0.087690 0.000000
-0.679749 35.720896 2.282127 0.000000
-0.019506 35.720530 1.596339 0.000000
0.553567 35.720179 0.798610 0.000000
0.978366 26.903909 -0.010600 0.000000
-1.096561 31.842121 2.036793 0.000000
-0.130704 35.720152 0.755764 0.000000
0.422308 28.632337 -0.009874 0.000000
-1.095246 21.353316 1.738496 0.000000
-1.096464 30.661645 1.594163 0.000000
-0.115445 31.669533 -0.011844 0.000000
-1.093937 15.793272 1.472424 0.000000
-1.095071 20.391622 1.284735 0.000000
-1.120398 29.395174 0.641269 0.000000
-0.983003 35.719891 -0.000568 0.000000
-1.092488 12.022764 1.308594 0.000000
-1.499327 7.751022 0.444692 0.000000
-1.633049 6.649186 1.246676 0.000000
-1.669769 7.751267 0.475829 0.000000
-1.810759 6.572450 1.193218 0.000000
0.504803 35.720663 1.861983 0.000000
1.094600 16.292015 1.126280 0.000000
1.091461 9.316649 0.633675 0.000000
1.093083 12.161245 0.997813 0.000000
1.090901 8.558358 0.580362 0.000000
1.092536 11.082770 0.746685 0.000000
1.090418 7.975544 0.522768 0.000000
1.096126 23.486464 1.228652 0.000000
1.157034 15.365324 0.709676 0.000000
1.092103 10.327104 0.433140 0.000000
1.076272 35.720663 1.802676 0.000000
1.095751 21.331985 0.980393 0.000000
1.093786 13.881696 0.580324 0.000000
1.091798 9.839232 0.200642 0.000000
-4.015226 0.789150 2.999564 0.000000
-3.585345 0.786292 3.004367 0.000000
-0.707190 3.037385 0.003995 0.000000
2.956570 -0.330513 0.008561 0.000000
-6.247634 -0.038914 2.995525 0.000000
-8.680363 -0.026762 5.159233 0.000000
-9.739509 -0.023509 5.838121 0.000000
-8.831676 -0.025732 5.575147 0.000000
-8.070796 -0.027859 5.354817 0.000000
-9.372237 -0.023742 6.144354 0.000000
-8.432551 -0.026331 5.732525 0.000000
-9.898428 -0.022199 6.554521 0.000000
-9.130734 -0.023644 6.490987 0.000000
-7.599234 -0.031961 3.876969 0.000000
-6.945076 -0.033968 3.965622 0.000000
-6.493504 -0.036185 3.721572 0.000000
-7.320781 -0.032247 4.185915 0.000000
-1.551184 -0.337630 0.088794 0.000000
-1.499288 -0.598265 0.089719 0.000000
-0.496204 -0.204584 0.089546 0.000000
-0.691449 1.809616 0.006040 0.000000
-0.373060 -0.675400 0.091800 0.000000
-1.276603 4.808904 0.001845 0.000000
-0.319653 -0.440414 0.090658 0.000000
-1.535917 5.779359 0.000919 0.000000
-0.962128 2.549317 0.004687 0.000000
-1.800964 6.571706 0.017462 0.000000
-1.074407 2.989268 0.004013 0.000000
7.645633 -0.034056 2.701295 0.000000
9.823885 -0.025597 4.342354 0.000000
9.222253 -0.028026 3.561702 0.000000
8.729872 -0.030837 2.380467 0.000000
7.866507 -0.033672 2.404497 0.000000
8.000693 -0.032476 2.930888 0.000000
9.795894 -0.026506 3.655671 0.000000
-5.949756 -0.037257 4.126808 0.000000
-5.594894 -0.038600 4.153842 0.000000
-7.253089 -0.027921 6.263038 0.000000
-7.530014 -0.026505 6.638434 0.000000
-7.826420 -0.025082 7.046019 0.000000
-8.338887 -0.023077 7.623763 0.000000
-6.909969 -0.027735 6.676410 0.000000
-7.578233 -0.024682 7.468666 0.000000
9.734604 -0.027496 2.900022 0.000000
-5.771872 -0.037208 4.378407 0.000000
-7.057003 -0.030098 5.516757 0.000000
-6.403089 -0.032222 5.393093 0.000000
-2.995173 -0.047441 4.085788 0.000000
-4.368159 -0.033701 6.639907 0.000000
-4.859152 -0.030065 7.388587 0.000000
-4.577073 -0.030764 7.344115 0.000000
-3.902307 -0.027438 7.088792 0.000000
-3.629586 0.786611 3.007895 0.000000
3.218349 -0.061454 2.272064 0.000000
3.017829 -0.064456 2.062036 0.000000
3.821960 -0.053065 2.970813 0.000000
3.660574 -0.055206 2.774438 0.000000
3.506413 -0.057321 2.593294 0.000000
3.712084 0.072726 2.557610 0.000000
2.647374 -0.070224 1.704488 0.000000
5.849572 -0.034885 5.134230 0.000000
6.276014 -0.031904 5.724510 0.000000
5.420836 -0.035732 5.304213 0.000000
8.246009 -0.025678 6.412835 0.000000
7.047293 -0.029463 5.891663 0.000000
6.277592 -0.032345 5.562502 0.000000
5.307293 -0.036819 5.095956 0.000000
6.816756 -0.030378 5.754350 0.000000
6.106452 -0.033594 5.297293 0.000000
5.254423 -0.037364 4.992367 0.000000
7.643556 -0.028489 5.668277 0.000000
7.258689 -0.028240 6.203910 0.000000
5.007196 -0.039676 4.610045 0.000000
6.444240 -0.033220 5.056461 0.000000
5.640565 -0.036293 4.907880 0.000000
5.636991 -0.036884 4.727224 0.000000
4.890060 -0.040825 4.433285 0.000000
8.039804 -0.024337 7.319425 0.000000
6.693369 -0.025735 7.781218 0.000000
6.442620 -0.027131 7.392728 0.000000
6.474829 -0.027909 7.057052 0.000000
7.419166 -0.024564 7.742890 0.000000
6.327980 -0.028537 6.931909 0.000000
7.281341 -0.025258 7.530202 0.000000
6.127234 -0.030307 6.440522 0.000000
7.061647 -0.026500 7.155218 0.000000
6.036465 -0.030797 6.344052 0.000000
8.216143 -0.023350 7.681297 0.000000
7.175748 -0.027158 6.764253 0.000000
5.965989 -0.031493 6.162143 0.000000
5.424816 -0.038489 4.481241 0.000000
6.833725 -0.028597 6.466306 0.000000
5.779197 -0.032485 5.992335 0.000000
9.312989 -0.021443 7.789046 0.000000
6.629414 -0.029440 6.316645 0.000000
5.663598 -0.033854 5.653006 0.000000
8.932884 -0.022856 7.291076 0.000000
6.456427 -0.031089 5.846220 0.000000
5.521471 -0.035030 5.419770 0.000000
4.264248 -0.047596 3.543188 0.000000
4.770815 -0.046058 3.228279 0.000000
4.079666 -0.049808 3.298315 0.000000
4.459275 -0.048126 3.161599 0.000000
4.248752 -0.050521 2.905049 0.000000
3.991348 -0.050902 3.184166 0.000000
4.460403 -0.045356 3.812308 0.000000
4.877950 -0.041194 4.351423 0.000000
4.668437 -0.043098 4.107780 0.000000
5.209399 -0.040644 4.113698 0.000000
5.037105 -0.042104 3.923322 0.000000
4.486146 -0.045582 3.728963 0.000000
6.190046 -0.037924 3.626475 0.000000
5.507928 -0.040609 3.726755 0.000000
4.837774 -0.043545 3.793304 0.000000
4.817859 -0.044427 3.590507 0.000000
1.092257 10.572179 0.739619 0.000000
1.119252 29.395371 1.122991 0.000000
1.091095 8.814792 0.440326 0.000000
0.653276 35.720451 1.402989 0.000000
1.095559 20.336312 0.813084 0.000000
1.092783 11.558775 0.657943 0.000000
0.043958 35.720481 1.491129 0.000000
1.097224 32.885021 1.244232 0.000000
1.094371 15.572818 0.737178 0.000000
-0.560821 35.720589 1.688706 0.000000
1.096002 22.752120 0.921324 0.000000
1.093234 12.525219 0.608619 0.000000
-1.054230 35.720723 1.896244 0.000000
1.025858 35.720462 1.395303 0.000000
1.094823 17.160584 0.761892 0.000000
1.091709 9.687660 0.562649 0.000000
1.829591 7.751400 0.469042 0.000000
1.093370 12.839015 0.670792 0.000000
1.090763 8.387976 0.548920 0.000000
-1.091730 10.600183 0.921226 0.000000
-1.094218 16.758649 0.933123 0.000000
-1.090332 8.573361 0.939557 0.000000
-1.092700 12.487777 0.910244 0.000000
-1.091149 9.680607 0.652187 0.000000
-1.095690 24.026412 1.139476 0.000000
-1.089769 7.915206 0.744894 0.000000
0.349033 35.720302 1.099691 0.000000
-1.095456 22.523761 1.584189 0.000000
1.096455 25.840880 0.882171 0.000000
-1.094030 16.098410 1.330201 0.000000
-1.096572 31.730661 1.698703 0.000000
0.929367 35.720296 1.043392 0.000000
-1.095144 20.784441 1.331473 0.000000
-1.091196 9.746107 1.013291 0.000000
-1.148192 15.365679 1.275773 0.000000
-1.096203 27.980615 1.386940 0.000000
-0.228702 35.720332 1.164769 0.000000
-1.089801 7.944493 1.075450 0.000000
-1.092237 11.529681 1.029329 0.000000
-1.094711 18.717363 1.141841 0.000000
-0.866215 35.720292 1.012066 0.000000
-1.090759 9.121676 1.111912 0.000000
-1.093291 13.911904 1.099054 0.000000
-4.088993 -0.024225 7.748728 0.000000
-4.870464 -0.029641 7.515898 0.000000
-4.858966 -0.029222 7.657272 0.000000
-3.727728 -0.030757 6.426276 0.000000
-4.379649 -0.031284 7.140500 0.000000
-3.785181 -0.029653 6.637324 0.000000
-4.334060 -0.028192 7.533285 0.000000
-4.594303 -0.029871 7.600623 0.000000
-3.957221 -0.026097 7.425203 0.000000
-4.167399 -0.032888 6.666252 0.000000
7.624854 -0.025517 7.109732 0.000000
7.484049 -0.026501 6.773837 0.000000
-3.367830 0.023646 5.126326 0.000000
-3.762956 -0.040858 5.216224 0.000000
-4.280848 -0.036995 5.857129 0.000000
-4.905004 -0.033638 6.289419 0.000000
-3.347930 -0.038390 5.178261 0.000000
-3.725398 -0.039017 5.453517 0.000000
-4.359074 -0.035954 6.060270 0.000000
-3.319127 -0.037181 5.304813 0.000000
-3.999891 -0.037153 5.877802 0.000000
-4.521243 -0.033860 6.497756 0.000000
-3.967475 -0.034050 6.304477 0.000000
-4.691529 -0.031753 6.981297 0.000000
-5.246154 -0.028708 7.589755 0.000000
-3.560185 -0.034053 5.845518 0.000000
-4.185651 -0.034222 6.467991 0.000000
-4.719467 -0.031377 7.074696 0.000000
-3.558354 -0.033264 6.030594 0.000000
6.277183 -0.034387 4.821754 0.000000
7.390712 -0.027389 6.454286 0.000000
7.185357 -0.028551 6.141507 0.000000
6.713285 -0.030667 5.747065 0.000000
6.109213 -0.033136 5.454780 0.000000
7.893870 -0.028210 5.507026 0.000000
-2.180628 -0.064848 2.552995 0.000000
-3.203784 0.783619 2.991949 0.000000
-2.939571 -0.045145 4.303693 0.000000
-4.089204 0.040459 5.130946 0.000000
-4.533218 -0.038006 5.415654 0.000000
-3.195876 -0.041605 4.742760 0.000000
-3.798079 0.021143 5.129255 0.000000
0.560099 -0.127932 0.623037 0.000000
-0.708042 13.827269 2.362374 0.000000
-0.028334 16.060099 2.362898 0.000000
0.449324 19.649075 2.363200 0.000000
1.135954 24.482991 2.362957 0.000000
-0.276602 15.289705 2.362750 0.000000
0.122379 18.912325 2.363173 0.000000
0.711749 23.896668 2.363004 0.000000
1.095635 20.585709 1.681789 0.000000
-0.502686 14.547124 2.362576 0.000000
-0.182176 18.172747 2.363127 0.000000
0.305116 23.255172 2.363047 0.000000
1.097074 30.989229 2.267440 0.000000
1.092455 10.893077 1.182063 0.000000
-0.464455 17.427593 2.363062 0.000000
-0.081872 22.561294 2.363090 0.000000
0.408810 30.529571 2.360767 0.000000
-0.894199 13.139326 2.362146 0.000000
-0.724827 16.690215 2.362977 0.000000
-0.406625 21.858836 2.364310 0.000000
0.064023 29.832647 2.360923 0.000000
-1.062363 12.477976 2.361890 0.000000
-0.963762 15.961091 2.362868 0.000000
-0.789115 21.051235 2.363151 0.000000
-0.516670 29.020109 2.361108 0.000000
1.131046 17.824730 2.229218 0.000000
1.117157 11.089678 1.491338 0.000000
1.135661 15.364114 1.900022 0.000000
1.102302 9.447036 1.206010 0.000000
0.539291 17.673140 2.363114 0.000000
1.135937 20.364354 2.305072 0.000000
1.113863 12.254506 1.410660 0.000000
1.090854 8.470602 1.088799 0.000000
0.243119 16.856311 2.363019 0.000000
0.798479 20.372265 2.363213 0.000000
1.129018 16.789656 1.789080 0.000000
2.047709 -0.079829 1.213205 0.000000
1.273998 -0.120235 0.934551 0.000000
-1.068569 10.139000 2.136773 0.000000
-2.548540 0.783491 2.994800 0.000000
-2.182844 0.021065 2.548866 0.000000
-1.700458 6.576545 2.013442 0.000000
-1.822940 6.575665 1.640171 0.000000
-1.064509 13.504442 2.175825 0.000000
-1.056408 19.248045 2.278322 0.000000
-0.816109 28.277926 2.361267 0.000000
-1.070271 8.395725 1.970743 0.000000
-1.067916 10.710080 1.934853 0.000000
-1.085640 15.367459 2.026674 0.000000
-1.095035 20.256920 1.981713 0.000000
-1.069947 8.725904 1.766126 0.000000
-1.067467 11.083458 1.679827 0.000000
-1.162677 15.366006 1.722603 0.000000
-1.087193 8.999353 1.427757 0.000000
-1.092072 11.204721 1.244329 0.000000
-1.499402 7.755323 2.006348 0.000000
-1.090664 8.983508 1.344013 0.000000
-1.335051 7.751832 1.412731 0.000000
-8.642431 -0.023688 6.989094 0.000000
-6.815717 -0.031345 5.270841 0.000000
-7.828357 -0.027447 5.863178 0.000000
-8.349995 -0.025372 6.358060 0.000000
-7.577465 -0.027775 5.985952 0.000000
-6.870912 -0.030399 5.598721 0.000000
-7.995171 -0.026292 6.260747 0.000000
-9.296163 -0.022010 7.332866 0.000000
-7.130565 -0.028974 5.923801 0.000000
-7.593155 -0.027219 6.233749 0.000000
-8.780900 -0.022940 7.283330 0.000000
7.821703 -0.034739 1.635728 0.000000
7.329599 -0.036543 1.779591 0.000000
6.910889 -0.038969 1.259659 0.000000
9.250819 -0.028882 2.783647 0.000000
-7.026716 -0.028851 6.086223 0.000000
-8.199711 -0.024331 7.075130 0.000000
-7.276145 -0.027458 6.447954 0.000000
-8.411421 -0.022980 7.611318 0.000000
-7.780625 -0.025267 6.996136 0.000000
-8.037072 -0.024367 7.212841 0.000000
9.620670 -0.028179 2.511405 0.000000
9.896732 -0.026909 3.079393 0.000000
9.254288 -0.029458 2.217545 0.000000
9.491067 -0.027789 3.190887 0.000000
9.060367 -0.029249 2.921879 0.000000
9.286841 -0.028139 3.339076 0.000000
8.302602 -0.032679 1.950816 0.000000
-0.854327 1.730531 0.006157 0.000000
0.022019 -1.098886 0.094805 0.000000
0.432346 -1.271417 0.095880 0.000000
4.149702 -0.586903 0.007036 0.000000
9.894615 -0.028032 1.869795 0.000000
-7.717699 -0.030670 4.370264 0.000000
-7.016809 -0.033223 4.193656 0.000000
-8.042958 -0.029056 4.749119 0.000000
-9.251366 -0.025142 5.386169 0.000000
-7.529185 -0.030979 4.497621 0.000000
-9.840568 -0.023295 5.857685 0.000000
-7.855299 -0.029467 4.799508 0.000000
-8.384284 -0.027588 5.085053 0.000000
-9.146754 -0.024640 5.848956 0.000000
-9.651776 -0.023097 6.234159 0.000000
9.810988 -0.028728 1.187700 0.000000
9.269480 -0.030362 0.996836 0.000000
4.715125 -0.563412 0.006260 0.000000
4.214637 -0.746395 0.007134 0.000000
3.991822 -0.673196 0.007380 0.000000
4.860674 -0.487240 0.006011 0.000000
-9.509751 -0.025050 5.081253 0.000000
-9.125351 -0.026325 4.785993 0.000000
-8.287154 -0.028876 4.483329 0.000000
-2.723197 0.784417 3.010483 0.000000
-3.451395 0.044348 5.127382 0.000000
6.617987 -0.032052 5.304789 0.000000
8.563806 -0.025888 5.939679 0.000000
7.924467 -0.028743 5.196156 0.000000
6.467988 -0.030188 6.177658 0.000000
6.104932 -0.034380 5.025032 0.000000
5.960899 -0.035023 4.966306 0.000000
9.607535 -0.021997 7.142468 0.000000
-4.356702 -0.030184 7.216727 0.000000
8.071210 -0.023891 7.523075 0.000000
7.242338 -0.026117 7.169821 0.000000
7.832680 -0.025059 7.143020 0.000000
7.009397 -0.026993 6.985198 0.000000
7.606185 -0.026226 6.787481 0.000000
9.362289 -0.022964 6.780909 0.000000
7.480967 -0.027016 6.537399 0.000000
7.215651 -0.028736 6.028505 0.000000
2.309578 -0.075634 1.414112 0.000000
1.750903 -0.084458 1.011896 0.000000
3.739996 -0.054143 2.870206 0.000000
3.582325 -0.056271 2.681681 0.000000
3.509367 0.008411 2.556223 0.000000
7.561516 3.618625 4.935951 0.000000
3.116397 -0.062375 2.268083 0.000000
1.090156 20.159388 2.361104 0.000000
1.120953 12.832495 1.552680 0.000000
1.090964 8.611195 1.056013 0.000000
0.737676 19.300717 2.361126 0.000000
1.130224 17.387645 1.920843 0.000000
1.090417 7.952015 0.955910 0.000000
0.411793 18.455624 2.361127 0.000000
1.032417 22.586145 2.360765 0.000000
1.091921 9.986694 1.069135 0.000000
0.111654 17.624377 2.361105 0.000000
0.643693 21.839641 2.360824 0.000000
1.093476 13.038328 1.157705 0.000000
-0.163678 16.811061 2.361059 0.000000
0.277833 21.072077 2.360878 0.000000
0.953743 27.180233 2.359786 0.000000
1.095112 18.220390 1.444474 0.000000
1.101842 9.052007 1.218207 0.000000
-0.064695 20.285803 2.360921 0.000000
1.105442 11.547473 1.401301 0.000000
1.090432 7.962852 1.038126 0.000000
1.110704 9.865149 1.228054 0.000000
-1.069348 9.392617 1.708988 0.000000
-1.092338 11.717313 1.467214 0.000000
-1.093818 15.413045 1.403042 0.000000
-1.074090 9.397586 1.591555 0.000000
-1.092349 11.739496 1.218378 0.000000
-1.095341 21.898571 1.763272 0.000000
-1.042907 13.812511 2.360619 0.000000
0.499639 26.568928 2.361384 0.000000
1.114526 29.395870 2.094211 0.000000
-0.645047 15.259086 2.360892 0.000000
-0.383170 19.489254 2.360952 0.000000
0.043784 25.789796 2.359986 0.000000
0.602180 35.720843 2.206420 0.000000
-0.853811 14.523184 2.360769 0.000000
-0.678032 18.693041 2.360967 0.000000
-0.377554 24.988927 2.360106 0.000000
0.009806 35.540647 2.359539 0.000000
-0.949238 17.899096 2.360965 0.000000
-0.673078 24.089926 2.361595 0.000000
-0.401864 34.966977 2.359701 0.000000
-1.067371 11.260808 2.133960 0.000000
-1.053249 21.309995 2.215902 0.000000
-1.057271 33.884246 2.359995 0.000000
-1.069575 9.219876 1.948841 0.000000
-1.066843 11.660255 1.887199 0.000000
-1.078112 15.447826 1.926569 0.000000
-1.009472 9.172442 -0.001613 0.000000
-1.157457 7.750517 0.014302 0.000000
-1.667666 6.571508 0.305990 0.000000
-6.858819 -0.026555 7.226003 0.000000
-7.065904 -0.025264 7.624976 0.000000
-5.485968 -0.032500 6.174776 0.000000
-6.173297 -0.028442 7.023577 0.000000
-6.364424 -0.026806 7.515136 0.000000
9.847203 -0.022036 6.859060 0.000000
-6.109410 -0.031015 6.130290 0.000000
-5.763872 -0.033599 5.569460 0.000000
-5.495572 -0.034820 5.440250 0.000000
9.507957 -0.023222 6.450903 0.000000
-6.470851 -0.029136 6.505784 0.000000
-6.661700 -0.027839 6.855517 0.000000
7.687873 -0.030833 4.455173 0.000000
7.599440 -0.032029 3.973013 0.000000
7.414322 -0.031805 4.378538 0.000000
9.571614 -0.024106 5.788655 0.000000
9.758535 -0.025277 4.693575 0.000000
9.497264 -0.025639 4.837050 0.000000
9.120463 -0.025661 5.366960 0.000000
8.895587 -0.025680 5.651377 0.000000
9.291329 -0.026822 4.329095 0.000000
8.702747 -0.027220 4.981765 0.000000
8.231816 -0.028190 5.080591 0.000000
8.460400 -0.029910 3.693009 0.000000
8.091513 -0.031442 3.416267 0.000000
-3.450417 0.785288 2.988350 0.000000
-4.531853 0.800425 2.996298 0.000000
-4.892685 -0.041242 4.249443 0.000000
-5.024196 -0.039974 4.439537 0.000000
-1.090007 8.181670 0.326327 0.000000
6.812544 -0.034378 4.103595 0.000000
5.474186 -0.038659 4.371576 0.000000
1.092518 11.066528 0.288863 0.000000
1.636322 7.372162 -0.000431 0.000000
1.090309 7.856663 0.392223 0.000000
1.406755 6.960701 -0.000101 0.000000
1.149997 15.365243 0.539788 0.000000
1.092009 10.174386 0.311703 0.000000
1.156411 7.750463 0.115924 0.000000
1.239312 6.605115 -0.000038 0.000000
1.095685 21.016734 0.443023 0.000000
1.091547 9.457040 0.117586 0.000000
1.017086 6.394281 0.000380 0.000000
-0.260872 7.172761 -0.000197 0.000000
-1.096635 32.256984 0.340111 0.000000
-0.301405 15.836263 -0.005399 0.000000
0.033449 6.551352 -0.000127 0.000000
-1.093884 15.614837 0.827544 0.000000
-1.095125 20.606629 0.429130 0.000000
-0.686526 17.966768 -0.006447 0.000000
-0.123890 6.945840 -0.000022 0.000000
-1.092542 12.136327 0.802763 0.000000
-1.124045 15.365255 0.515668 0.000000
-1.094767 18.853995 0.123003 0.000000
-1.095346 21.848094 0.900991 0.000000
-1.091155 9.684231 0.818492 0.000000
-1.092068 11.201174 0.501364 0.000000
-1.093112 13.408518 0.115463 0.000000
-0.545487 7.795514 -0.000659 0.000000
-1.089821 7.971745 0.895048 0.000000
-1.090641 8.968437 0.556005 0.000000
-1.091564 10.315566 0.300465 0.000000
-0.615056 8.203703 -0.000954 0.000000
0.502052 12.572977 -0.003684 0.000000
1.097301 33.925572 0.468500 0.000000
1.095270 19.031517 0.138096 0.000000
1.002531 11.519123 -0.003099 0.000000
0.845768 6.210628 0.000545 0.000000
0.700051 35.720110 0.622960 0.000000
1.096995 30.616824 0.007563 0.000000
0.908479 11.995096 -0.003369 0.000000
0.685087 6.085673 0.000661 0.000000
0.045921 35.720191 0.853075 0.000000
0.601454 35.719873 0.044902 0.000000
0.531825 6.014735 0.000730 0.000000
0.018591 35.719851 0.006515 0.000000
0.265003 13.374537 -0.004120 0.000000
0.369942 6.285827 0.000504 0.000000
-1.096723 33.572406 1.127286 0.000000
-0.523383 35.719940 0.203092 0.000000
0.086802 14.584684 -0.004762 0.000000
4.126576 -3.372846 0.009403 0.000000
-2.114822 -2.787513 0.017267 0.000000
-4.877735 -1.922648 0.007369 0.000000
-3.606916 -2.389064 0.010225 0.000000
-2.902745 -2.550671 0.012686 0.000000
-6.247157 -1.727112 0.005691 0.000000
-2.749409 -2.666733 0.013458 0.000000
-8.473054 -1.313054 0.004008 0.000000
-5.506296 -2.199203 0.006726 0.000000
-3.169925 -2.673198 0.011789 0.000000
-12.804932 -0.604924 0.002313 0.000000
-7.254756 -1.899330 0.004999 0.000000
-4.867831 -2.299373 0.007636 0.000000
-26.198818 1.302198 -0.002691 0.000000
-3.550650 -2.065917 0.010060 0.000000
4.026908 -3.983500 0.010456 0.000000
5.706298 -4.257985 0.007295 0.000000
9.107144 -4.607644 0.004693 0.000000
21.368562 -6.714464 0.002858 0.000000
3.555805 -3.782372 0.011906 0.000000
11.573295 -4.653951 0.003769 0.000000
3.869275 -3.722388 0.010210 0.000000
14.288081 -6.027441 0.005486 0.000000
7.943135 -4.098467 0.005157 0.000000
4.319157 -3.620456 0.009123 0.000000
5.870293 -3.707591 0.006755 0.000000
3.748235 -3.419539 0.010324 0.000000
4.928360 -3.409894 0.007919 0.000000
-21.343520 -2.551434 -0.000167 0.000000
-10.218071 -1.427106 0.003357 0.000000
-6.260833 -2.211882 0.005946 0.000000
-4.596234 -2.429099 0.008150 0.000000
-17.902370 -0.799378 -0.000297 0.000000
-8.717140 -2.058553 0.004244 0.000000
-5.761758 -2.557908 0.006623 0.000000
-13.678527 -1.961757 0.002718 0.000000
-7.498919 -2.440399 0.005094 0.000000
-31.897183 -0.964048 -0.002450 0.000000
-11.162417 -2.507022 0.003527 0.000000
32.803395 -14.151160 0.009203 0.000000
13.465867 -7.312267 0.006075 0.000000
8.485768 -5.552989 0.006516 0.000000
19.535683 -8.342863 0.006231 0.000000
6.199723 -4.746886 0.007627 0.000000
10.685762 -5.725008 0.005911 0.000000
34.809605 -10.990385 0.007939 0.000000
7.375260 -4.747304 0.006813 0.000000
-8.459516 -1.024099 0.003867 0.000000
-10.391797 0.003432 0.002647 0.000000
-6.679277 -1.070591 0.004946 0.000000
-17.474678 1.864130 -0.001935 0.000000
-9.380690 -0.603544 0.003266 0.000000
-14.851714 0.526927 -0.000612 0.000000
-3.924174 -1.996475 0.009108 0.000000
-37.215910 5.167831 -0.006879 0.000000
-13.392852 -0.396426 0.002119 0.000000
-7.973916 -1.670043 0.004444 0.000000
-29.801767 2.397036 -0.000235 0.000000
-12.304849 -1.078138 0.002626 0.000000
-26.246588 0.624421 -0.003077 0.000000
17.901113 -7.452535 0.006392 0.000000
10.113587 -5.326607 0.006201 0.000000
26.255217 -8.413444 0.003086 0.000000
-4.494230 -1.545094 0.007641 0.000000
-5.459360 -1.147858 0.006072 0.000000
-4.088774 -1.635198 0.008420 0.000000
-7.270249 -0.646251 0.004296 0.000000
-5.022004 -1.422056 0.006792 0.000000
7.051810 -4.492087 0.007147 0.000000
6.886204 -3.809001 0.005818 0.000000
12.578207 -5.218953 0.003692 0.000000
5.413952 -4.046677 0.008433 0.000000
8.189836 -4.408978 0.005105 0.000000
16.488997 -5.596434 0.003029 0.000000
6.116889 -3.920760 0.006548 0.000000
9.668470 -4.218929 0.004313 0.000000
24.547839 -5.861378 0.002217 0.000000
12.252613 -4.383402 0.003487 0.000000
3.133721 -3.462509 0.012545 0.000000
8.342274 -3.770612 0.004811 0.000000
6.115133 -3.597186 0.006461 0.000000
-11.821236 0.005767 0.002255 0.000000
-6.892174 -1.298248 0.004929 0.000000
-4.635742 -1.919576 0.007732 0.000000
-23.848767 2.614427 -0.000135 0.000000
-9.668146 -0.955720 0.003331 0.000000
-6.127567 -1.666299 0.005764 0.000000
-7.934201 -0.916873 0.004075 0.000000
-16.741468 0.343639 -0.000578 0.000000
-8.236396 -1.508693 0.004223 0.000000
-13.058019 -0.872306 0.002378 0.000000
-29.714025 1.316024 -0.003189 0.000000
-10.865537 -1.739487 0.003291 0.000000
-20.780975 -0.796396 -0.000859 0.000000
15.758848 -5.076084 0.002982 0.000000
9.597123 -4.179273 0.004331 0.000000
-2.348603 -2.378228 0.015100 0.000000
-5.863116 -1.357702 0.005816 0.000000
6.804164 -4.273813 0.006149 0.000000
12.249567 -5.027226 0.005337 0.000000
5.333901 -3.800588 0.007420 0.000000
8.245091 -4.283824 0.005036 0.000000
16.435115 -5.071597 0.004930 0.000000
10.172066 -4.121072 0.004063 0.000000
4.770592 -4.010802 0.009126 0.000000
7.206233 -3.685687 0.005527 0.000000
3.356345 -3.328341 0.011467 0.000000
-16.070315 -1.959848 0.002372 0.000000
-15.275463 -0.494053 0.001845 0.000000
-7.839303 -1.818045 0.004593 0.000000
-5.241038 -2.512691 0.007231 0.000000
-11.606744 -1.588853 0.003023 0.000000
-6.712442 -2.377014 0.005637 0.000000
-4.689019 -2.744214 0.008168 0.000000
-22.952552 -0.563775 -0.001339 0.000000
-9.483967 -2.275184 0.004003 0.000000
-5.909938 -2.775316 0.006564 0.000000
4.622937 -3.311907 0.008404 0.000000
-8.154527 -2.673881 0.004802 0.000000
-12.241410 -2.756731 0.003347 0.000000
-26.044645 -2.946751 -0.000752 0.000000
27.665471 -10.924046 0.007533 0.000000
12.553174 -6.356961 0.005815 0.000000
8.127370 -5.021098 0.006506 0.000000
16.479400 -6.696920 0.005613 0.000000
6.011718 -4.383739 0.007718 0.000000
9.785096 -5.019273 0.005889 0.000000
24.161259 -7.313985 0.002791 0.000000
-5.300188 -1.865829 0.006769 0.000000
-4.388710 -2.125437 0.008305 0.000000
-3.902207 -2.220669 0.009359 0.000000
-6.675861 -1.637980 0.005283 0.000000
-9.238684 -1.336827 0.003679 0.000000
-5.822955 -2.024852 0.006274 0.000000
-4.260969 -2.534512 0.008829 0.000000
-3.027668 -0.584602 0.008952 0.000000
-4.070425 -0.286311 0.006864 0.000000
-7.310725 -0.036702 1.433374 0.000000
-7.698361 -0.035130 1.423479 0.000000
-7.559357 -0.035368 1.733581 0.000000
-8.003915 -0.033625 1.787965 0.000000
-7.830386 -0.034036 1.993159 0.000000
-8.211032 -0.032463 2.188210 0.000000
-9.057035 -0.029618 2.370359 0.000000
-8.656862 -0.030810 2.373367 0.000000
-9.596741 -0.027919 2.592574 0.000000
-7.030452 -0.038312 1.016889 0.000000
4.878070 -2.074107 0.007356 0.000000
4.526035 -2.307044 0.008102 0.000000
-9.615916 -0.027585 2.870813 0.000000
15.741186 -1.701443 0.001654 0.000000
9.727883 -2.174287 0.003491 0.000000
26.811783 -0.362393 0.003509 0.000000
6.870775 -2.306885 0.005242 0.000000
12.809184 -1.533244 0.002204 0.000000
5.340279 -2.273244 0.006823 0.000000
8.525714 -1.907050 0.003949 0.000000
20.560309 -0.227761 0.000377 0.000000
11.389022 -1.388910 0.002543 0.000000
5.175382 -2.078680 0.006927 0.000000
7.929268 -1.759490 0.004222 0.000000
17.256074 -0.335389 0.000842 0.000000
3.363240 -2.422626 0.010974 0.000000
6.190643 -1.354175 0.005311 0.000000
-8.983824 -0.028295 3.648574 0.000000
-9.503016 -0.026589 3.961765 0.000000
22.692390 2.367882 0.002017 0.000000
12.088513 0.093670 0.001673 0.000000
8.110745 -0.619453 0.003521 0.000000
22.257502 2.884452 0.001753 0.000000
-9.421467 -0.027153 3.670105 0.000000
11.919781 0.394405 0.001568 0.000000
8.063875 -0.530618 0.003497 0.000000
23.295615 3.718288 0.001406 0.000000
6.186782 -1.135729 0.005172 0.000000
4.964727 -1.389305 0.006707 0.000000
8.377857 -0.389530 0.003255 0.000000
-8.049271 -0.032056 2.927761 0.000000
-6.773217 -0.037806 2.361646 0.000000
-7.340740 -0.034820 2.761056 0.000000
-7.653943 -0.033315 2.985615 0.000000
-8.441314 -0.030451 3.190891 0.000000
-9.427068 -0.027542 3.340826 0.000000
-8.129259 -0.031647 3.031786 0.000000
-8.546836 -0.029972 3.310872 0.000000
4.108335 -1.549504 0.008227 0.000000
6.280424 -0.808718 0.004869 0.000000
6.472656 -0.761999 0.004681 0.000000
5.119621 -1.135419 0.006295 0.000000
10.977862 -3.434676 0.003521 0.000000
32.109380 -4.176426 0.006837 0.000000
7.573013 -3.122187 0.005059 0.000000
13.949954 -3.324752 0.002661 0.000000
5.740976 -3.136795 0.006722 0.000000
8.832790 -3.048691 0.004277 0.000000
19.921016 -2.985797 0.001528 0.000000
6.428570 -3.355572 0.006073 0.000000
6.421001 -2.926497 0.005919 0.000000
11.182234 -2.715073 0.003163 0.000000
7.641544 -2.785983 0.004877 0.000000
5.957725 -2.618603 0.006257 0.000000
-8.631423 -0.032225 0.771048 0.000000
-7.293318 -0.259883 0.004048 0.000000
-7.376644 -0.037135 0.415674 0.000000
-7.640226 -0.035852 0.783362 0.000000
-9.425738 -0.029965 0.354612 0.000000
-8.189985 -0.033750 0.782181 0.000000
37.484962 -6.858197 0.001740 0.000000
14.671692 -4.271091 0.002879 0.000000
9.130386 -3.702295 0.004375 0.000000
19.937549 -4.146102 0.002007 0.000000
-5.737820 -0.364194 0.005198 0.000000
-6.308837 -0.042386 0.060856 0.000000
-5.434910 -0.748578 0.005783 0.000000
-4.280501 -1.237969 0.007676 0.000000
-7.374042 -0.037201 0.272961 0.000000
17.769328 -4.699357 0.002516 0.000000
9.657003 -2.544719 0.003680 0.000000
7.891513 -3.143793 0.004855 0.000000
12.812672 -2.974909 0.002797 0.000000
32.725794 -2.148246 0.000178 0.000000
4.419274 -3.164992 0.008739 0.000000
8.580278 -2.794795 0.004308 0.000000
14.803820 -2.389056 0.002112 0.000000
6.582895 -2.720677 0.005681 0.000000
5.007942 -2.678431 0.007514 0.000000
7.045589 -2.434545 0.005161 0.000000
5.699311 -2.444815 0.006466 0.000000
-13.771440 0.682789 -0.000902 0.000000
-5.100231 -1.916314 0.007058 0.000000
-32.849259 5.229073 -0.007477 0.000000
-10.956702 -0.505052 0.002707 0.000000
-6.534731 -1.478917 0.005303 0.000000
-20.538844 1.464790 -0.003156 0.000000
-9.162986 -1.029457 0.003562 0.000000
-15.298833 -0.206847 -0.000929 0.000000
-12.404411 -1.052076 0.002598 0.000000
-27.013369 0.458660 -0.004051 0.000000
19.561496 -4.642002 0.002263 0.000000
10.634746 -3.741836 0.003761 0.000000
21.376934 -3.904793 0.001766 0.000000
7.215139 -3.308694 0.005390 0.000000
11.580090 -3.246867 0.003255 0.000000
25.002283 -3.255465 0.001170 0.000000
3.970358 -2.489537 0.009372 0.000000
-6.387550 -1.173806 0.005235 0.000000
-8.712326 -0.590897 0.003530 0.000000
4.709908 -0.835934 0.006541 0.000000
3.939561 -1.086858 0.007998 0.000000
3.593980 -1.222158 0.008852 0.000000
7.455771 -0.451184 0.003800 0.000000
8.281493 -0.033990 0.082459 0.000000
7.176458 -0.038428 0.093998 0.000000
5.428966 -0.554049 0.005460 0.000000
-6.498278 -0.040791 1.125667 0.000000
-3.635905 -0.654165 0.007992 0.000000
9.658583 -0.029441 0.639038 0.000000
-9.566114 -0.027963 2.627345 0.000000
-9.643649 -0.027978 2.406383 0.000000
-9.880535 -0.027394 2.382448 0.000000
17.603888 1.434676 0.000004 0.000000
9.832002 -0.029018 0.527064 0.000000
9.129199 -0.030945 0.699529 0.000000
10.399996 -0.137145 0.002288 0.000000
18.196523 2.411549 0.002264 0.000000
8.767167 -0.032179 0.506493 0.000000
7.261076 -0.993683 0.004244 0.000000
9.201699 -0.030989 0.028436 0.000000
8.608175 -0.032810 0.237244 0.000000
-7.538830 -0.036062 1.079870 0.000000
-7.932350 -0.034385 1.246562 0.000000
-8.079252 -0.033881 1.192675 0.000000
-8.362066 -0.032690 1.430693 0.000000
6.979543 -1.226727 0.004580 0.000000
5.454949 -1.427876 0.006122 0.000000
4.795395 -1.668912 0.007178 0.000000
5.179987 -1.994794 0.006866 0.000000
27.557524 2.462042 0.002926 0.000000
-9.882575 -0.028441 0.927205 0.000000
22.693464 -1.149186 0.000516 0.000000
11.778427 -1.823594 0.002608 0.000000
22.250058 -0.215844 0.000191 0.000000
7.861692 -2.054635 0.004407 0.000000
11.967434 -1.363305 0.002354 0.000000
23.868482 0.828303 0.003401 0.000000
5.921449 -2.180655 0.006075 0.000000
8.172880 -1.702174 0.004050 0.000000
12.402671 -0.710084 0.001953 0.000000
4.788768 -2.334030 0.007668 0.000000
6.054310 -1.952551 0.005807 0.000000
8.573452 -1.387386 0.003675 0.000000
13.996604 0.041178 0.001252 0.000000
9.376851 -0.968414 0.003084 0.000000
2.764021 -2.009749 0.012571 0.000000
-9.498378 -0.029434 1.024149 0.000000
-3.448854 -1.110796 0.009022 0.000000
-4.579065 -1.286055 0.007273 0.000000
-7.803352 -0.035319 0.568870 0.000000
-5.004710 -0.940932 0.006407 0.000000
-7.895991 -0.364740 0.003787 0.000000
-9.325923 -0.030338 0.109452 0.000000
-9.814890 -0.028883 0.362334 0.000000
-4.376592 -0.910642 0.007183 0.000000
-5.280140 -0.413177 0.005650 0.000000
-4.727466 -0.884826 0.006690 0.000000
8.910984 -4.385829 0.004716 0.000000
20.158089 -5.573459 0.002547 0.000000
4.568605 -3.602052 0.008565 0.000000
6.533805 -3.818232 0.006122 0.000000
11.192310 -4.298045 0.003775 0.000000
5.062215 -3.545451 0.007749 0.000000
7.711233 -3.783975 0.005204 0.000000
5.644404 -3.830532 0.007044 0.000000
5.973155 -3.567416 0.006603 0.000000
-31.529831 -0.174251 -0.005357 0.000000
-22.874985 2.238458 -0.004595 0.000000
-10.231619 -0.906770 0.003116 0.000000
-6.588688 -1.707508 0.005391 0.000000
-4.736212 -2.324581 0.007855 0.000000
-17.885764 0.370832 -0.001963 0.000000
-9.396211 -1.512670 0.003698 0.000000
-6.062495 -2.131269 0.006091 0.000000
-15.122279 -0.762782 -0.000940 0.000000
-8.226933 -1.952671 0.004441 0.000000
-13.268894 -1.457275 0.002587 0.000000
14.676416 -6.846835 0.007081 0.000000
8.815051 -5.079227 0.004926 0.000000
20.439631 -7.476361 0.007641 0.000000
6.473692 -4.454533 0.007901 0.000000
10.988236 -5.211035 0.006599 0.000000
33.926982 -9.062822 0.009947 0.000000
5.053189 -4.041805 0.009152 0.000000
7.523770 -4.240367 0.005471 0.000000
14.161676 -5.236133 0.003310 0.000000
-6.116510 -1.269194 0.005525 0.000000
-8.013506 -0.933471 0.004042 0.000000
-5.588755 -1.788160 0.006382 0.000000
-4.002663 -2.123606 0.009056 0.000000
-12.023239 -0.032192 -0.000159 0.000000
-7.303428 -1.305686 0.004654 0.000000
5.577493 -2.975033 0.006858 0.000000
-6.963835 -1.633695 0.005065 0.000000
-9.601436 -1.213310 0.003479 0.000000
6.457305 -3.640883 0.006139 0.000000
30.770562 -7.720741 0.002509 0.000000
7.448689 -4.026450 0.005459 0.000000
13.770519 -4.850426 0.003280 0.000000
8.819184 -4.069991 0.004658 0.000000
18.775683 -4.746448 0.002400 0.000000
11.080985 -4.935699 0.006191 0.000000
10.859767 -3.994232 0.003774 0.000000
7.726797 -3.420486 0.005067 0.000000
5.999552 -3.286727 0.006483 0.000000
-24.846202 -0.321360 -0.003813 0.000000
-16.042762 -0.359575 -0.001444 0.000000
-8.069560 -1.944453 0.004523 0.000000
-12.364066 -1.598688 0.002838 0.000000
-6.167429 -2.692816 0.006267 0.000000
-17.124515 -1.870300 -0.001035 0.000000
-8.260818 -2.759114 0.004780 0.000000
-13.052631 -2.770428 0.003177 0.000000
-29.809604 -2.848302 -0.003710 0.000000
15.439131 -6.616182 0.006606 0.000000
9.270548 -4.849630 0.005023 0.000000
20.587491 -6.899714 0.003014 0.000000
6.619577 -4.288709 0.007331 0.000000
4.816847 -3.007549 0.007966 0.000000
-9.571214 -1.223038 0.003494 0.000000
3.078648 -3.621459 0.013421 0.000000
8.006633 -4.850725 0.007206 0.000000
16.778409 -6.457752 0.006953 0.000000
4.206361 -4.002710 0.010446 0.000000
5.847042 -4.306320 0.007021 0.000000
9.996353 -4.830641 0.004378 0.000000
27.141495 -7.476675 0.008327 0.000000
4.657994 -3.954737 0.008599 0.000000
7.192903 -4.215124 0.005689 0.000000
13.199341 -4.847409 0.003415 0.000000
5.155504 -4.325354 0.009071 0.000000
5.546029 -3.816199 0.007160 0.000000
8.732174 -4.011887 0.004682 0.000000
-9.769856 -2.388140 0.003941 0.000000
-15.463462 -0.623811 -0.001124 0.000000
-11.821228 -1.736485 0.003028 0.000000
-6.831822 -2.524170 0.005610 0.000000
-22.970686 -0.810105 -0.003128 0.000000
-16.179996 -2.142988 -0.000608 0.000000
-12.453241 -2.893051 0.003352 0.000000
-26.814717 -3.204607 -0.002881 0.000000
15.798183 -7.965146 0.007586 0.000000
9.349140 -5.757409 0.007111 0.000000
24.643250 -9.599207 0.009028 0.000000
6.644602 -4.833084 0.007888 0.000000
12.141956 -6.165341 0.006128 0.000000
-4.551092 0.792580 2.991745 0.000000
9.874122 -0.021137 7.441156 0.000000
9.523293 -0.022303 7.032062 0.000000
9.100174 -0.023769 6.567722 0.000000
-5.116769 -0.037053 5.147755 0.000000
7.790679 -0.023909 7.756970 0.000000
7.553316 -0.025165 7.342925 0.000000
7.347828 -0.026714 6.803257 0.000000
8.219313 -0.023699 7.490519 0.000000
6.982307 -0.028826 6.227683 0.000000
6.640591 -0.029846 6.145439 0.000000
-5.550530 -0.033284 5.870093 0.000000
5.608863 -0.044847 1.959104 0.000000
-0.160518 2.677490 0.004568 0.000000
-0.806542 5.552634 0.001158 0.000000
-0.564932 3.859420 0.002933 0.000000
-0.260666 2.839777 0.004315 0.000000
-1.188694 6.549250 -0.000502 0.000000
-0.632843 4.293953 0.002429 0.000000
-0.206340 3.145625 0.003872 0.000000
-0.681370 4.680278 0.002012 0.000000
-0.843531 4.995769 0.001686 0.000000
-0.483798 3.258277 0.003706 0.000000
-1.030025 5.791923 0.000938 0.000000
-0.710051 3.780082 0.003021 0.000000
-1.397313 6.637816 -0.000618 0.000000
0.197354 2.261694 0.005252 0.000000
-0.316227 3.342945 0.003599 0.000000
-0.878979 4.196864 0.002523 0.000000
-0.778554 4.469467 0.002231 0.000000
-0.496737 4.161459 0.002583 0.000000
-0.171040 2.512539 0.004832 0.000000
-1.004676 6.948562 -0.000027 0.000000
-0.871655 4.591365 0.002096 0.000000
-1.283233 5.094831 0.001563 0.000000
-1.561998 5.914150 0.000801 0.000000
0.681556 0.786985 0.008453 0.000000
0.144257 1.927040 0.005874 0.000000
0.855535 2.137058 0.005372 0.000000
0.215611 1.439887 0.006896 0.000000
0.427578 1.507381 0.006713 0.000000
0.778329 2.044694 0.005557 0.000000
0.028856 1.755003 0.006223 0.000000
0.383627 1.763278 0.006177 0.000000
0.228059 1.860613 0.005999 0.000000
0.558699 2.141161 0.005425 0.000000
0.032908 2.049088 0.005645 0.000000
0.639778 0.831192 0.008346 0.000000
0.508520 0.851840 0.008335 0.000000
0.722553 1.257147 0.007212 0.000000
0.831106 1.631592 0.006347 0.000000
0.467496 1.221020 0.007373 0.000000
5.449176 -0.033837 5.851955 0.000000
5.460852 -0.034403 5.668129 0.000000
5.214870 -0.035438 5.580708 0.000000
5.386109 -0.036193 5.201124 0.000000
5.002154 -0.036824 5.381248 0.000000
6.278184 -0.027695 7.295819 0.000000
-3.962405 -0.026319 7.332489 0.000000
6.275245 -0.026556 7.747219 0.000000
5.001598 -0.037608 5.169057 0.000000
6.026343 -0.028615 7.139533 0.000000
7.083597 -0.025326 7.659004 0.000000
6.130965 -0.028807 6.987130 0.000000
5.987715 -0.029928 6.693062 0.000000
5.672262 -0.031738 6.330627 0.000000
5.716252 -0.032163 6.153460 0.000000
4.422185 -0.044092 4.143993 0.000000
4.360985 -0.046478 3.674662 0.000000
4.809380 -0.038933 4.999798 0.000000
7.048932 -0.030474 5.458291 0.000000
4.834966 -0.040193 4.653237 0.000000
6.981609 -0.031535 5.086284 0.000000
6.769353 -0.032811 4.820204 0.000000
4.606117 -0.041937 4.454766 0.000000
6.408686 -0.034258 4.707869 0.000000
4.777442 -0.041964 4.266523 0.000000
-4.197583 -0.035795 6.205640 0.000000
-0.650421 35.720676 1.861134 0.000000
-1.091536 10.266600 1.377096 0.000000
-1.133872 29.395622 1.600548 0.000000
-1.092419 11.879839 1.372112 0.000000
-1.094813 19.151542 1.264883 0.000000
-1.091055 9.537242 1.159902 0.000000
-1.091761 10.649462 1.156487 0.000000
1.009179 35.720564 1.608622 0.000000
0.282224 35.720843 2.219622 0.000000
1.097125 31.603156 1.858001 0.000000
1.094440 15.778947 1.033136 0.000000
-1.096140 27.645625 2.300378 0.000000
-0.361092 34.627920 2.359790 0.000000
0.640699 35.720782 2.084338 0.000000
1.096013 22.770812 1.220383 0.000000
-1.094734 18.819770 1.900777 0.000000
-0.813092 32.573812 2.360314 0.000000
0.049802 35.720816 2.170285 0.000000
-1.093337 14.021501 1.623958 0.000000
-1.095765 24.641029 2.134526 0.000000
-0.414700 35.720892 2.293868 0.000000
0.567890 35.720620 1.770478 0.000000
-1.091941 10.959070 1.450681 0.000000
-1.094356 17.271767 1.756140 0.000000
-1.096751 34.253790 2.323929 0.000000
-0.063812 35.720696 1.930819 0.000000
-1.090394 8.638132 1.246597 0.000000
-1.092945 13.035310 1.525079 0.000000
-0.720776 30.826382 2.360722 0.000000
1.095045 17.969476 1.316054 0.000000
1.094527 16.070130 1.032424 0.000000
1.091900 9.974555 0.819552 0.000000
1.096193 23.893407 1.540037 0.000000
1.093378 12.823641 1.047520 0.000000
1.056856 35.720823 2.127658 0.000000
1.092326 10.686097 0.905403 0.000000
0.433142 35.720869 2.261733 0.000000
1.096675 27.355726 1.781403 0.000000
1.114215 15.365486 1.033341 0.000000
1.091167 8.898649 0.816714 0.000000
-0.060379 33.695304 2.360019 0.000000
0.921601 35.720811 2.120363 0.000000
1.095507 20.033451 1.217835 0.000000
1.092755 11.500679 0.806625 0.000000
1.091379 9.190211 0.754324 0.000000
1.092941 11.864355 0.834385 0.000000
2.784157 -0.883925 0.010091 0.000000
3.558771 -0.375613 0.007634 0.000000
3.025999 -0.743525 0.009247 0.000000
2.789694 -0.650418 0.009557 0.000000
3.500930 -0.482186 0.007895 0.000000
0.285567 -2.192836 0.111332 0.000000
-8.422415 -0.029529 3.853076 0.000000
-9.171599 -0.027195 4.105879 0.000000
-9.625071 -0.025776 4.369862 0.000000
-7.687661 -0.033649 2.687869 0.000000
-7.892468 -0.032227 3.159144 0.000000
-8.323762 -0.031821 2.417168 0.000000
-3.171197 -0.276719 0.008137 0.000000
-7.344594 -0.025681 7.197722 0.000000
9.788613 -0.023509 5.917441 0.000000
8.031342 -0.028756 5.047180 0.000000
9.316910 -0.025184 5.407546 0.000000
8.940665 -0.026556 5.049994 0.000000
7.580739 -0.031155 4.451307 0.000000
7.382600 -0.032110 4.278298 0.000000
9.534526 -0.025271 5.040479 0.000000
8.193021 -0.029457 4.427276 0.000000
7.500659 -0.034009 3.059919 0.000000
7.362951 -0.034946 2.803567 0.000000
9.073430 -0.026603 4.825796 0.000000
8.656143 -0.028272 4.403056 0.000000
9.447547 -0.025887 4.740457 0.000000
7.655639 -0.032319 3.719035 0.000000
-5.737815 -0.035735 4.900478 0.000000
8.804706 -0.029275 3.461115 0.000000
-9.710731 -0.024682 5.045791 0.000000
-9.322566 -0.024356 5.807700 0.000000
9.758178 -0.026045 4.105202 0.000000
9.259578 -0.027666 3.766565 0.000000
8.521695 -0.030480 3.176833 0.000000
8.394180 -0.031385 2.793886 0.000000
-7.418905 -0.030913 4.687693 0.000000
-8.673259 -0.027319 4.830119 0.000000
8.421543 -0.032191 2.035197 0.000000
9.330215 -0.028979 2.487587 0.000000
8.854105 -0.030596 2.249137 0.000000
8.024576 -0.033772 1.840726 0.000000
-6.864758 -0.034771 3.727808 0.000000
0.593072 -1.788388 0.100939 0.000000
4.171059 -0.048700 3.418548 0.000000
-1.091638 10.437690 1.305827 0.000000
-1.114034 15.365774 1.433995 0.000000
-1.090346 8.572675 1.307537 0.000000
-5.409618 -0.028943 7.402883 0.000000
6.207969 -0.027189 7.545805 0.000000
6.052258 -0.027909 7.382978 0.000000
6.678453 -0.030564 5.823757 0.000000
7.585708 -0.028336 5.808534 0.000000
6.512898 -0.031948 5.461423 0.000000
5.196306 -0.037909 4.897174 0.000000
6.842274 -0.031295 5.351874 0.000000
5.904963 -0.029659 6.855178 0.000000
7.884471 -0.024010 7.624801 0.000000
5.674250 -0.031124 6.532196 0.000000
7.622763 -0.024649 7.532671 0.000000
8.957048 -0.022236 7.636173 0.000000
7.597715 -0.025420 7.180431 0.000000
5.437994 -0.033283 6.031941 0.000000
8.417140 -0.023676 7.320748 0.000000
8.378581 -0.024441 6.940470 0.000000
7.111962 -0.028004 6.452721 0.000000
6.287884 -0.031414 5.891623 0.000000
5.203310 -0.034720 5.798771 0.000000
-3.194741 0.783638 3.005444 0.000000
4.880998 -0.041855 4.177439 0.000000
5.790269 -0.037098 4.478149 0.000000
5.017534 -0.039973 4.519516 0.000000
4.657573 -0.044211 3.848832 0.000000
5.493147 -0.035993 5.154436 0.000000
5.807615 -0.033063 5.775292 0.000000
8.110889 -0.025036 6.889477 0.000000
5.629153 -0.034212 5.571901 0.000000
7.843844 -0.025944 6.692263 0.000000
6.572451 -0.030940 5.786144 0.000000
6.286598 -0.033114 5.273694 0.000000
8.332922 -0.025695 6.309873 0.000000
5.238534 -0.038330 4.734435 0.000000
8.196805 -0.026821 5.862299 0.000000
1.090801 8.414402 0.926662 0.000000
1.092611 11.191718 1.140844 0.000000
1.091447 9.263924 1.113466 0.000000
0.168138 35.720898 2.327904 0.000000
-0.978171 20.587179 2.361920 0.000000
-0.465975 24.744052 2.361531 0.000000
0.204294 30.129151 2.360857 0.000000
1.097197 32.233825 2.198547 0.000000
-0.832693 23.510660 2.361650 0.000000
-0.351948 29.177035 2.361072 0.000000
-1.061509 20.177814 2.197083 0.000000
-0.639116 27.883738 2.361336 0.000000
1.095566 20.246865 1.530715 0.000000
-1.166379 15.366347 1.838313 0.000000
-1.095912 25.759134 2.216781 0.000000
-0.552312 35.220885 2.359635 0.000000
-1.071095 11.528382 1.639877 0.000000
-1.094499 17.830344 1.836864 0.000000
-1.096688 33.389960 2.306617 0.000000
-1.093060 13.313425 1.463643 0.000000
1.130287 20.874513 1.817014 0.000000
1.093023 12.009573 1.204984 0.000000
0.993737 28.270887 2.361132 0.000000
1.094609 16.289159 1.480174 0.000000
1.091995 10.101348 1.124036 0.000000
1.096159 23.572543 1.826126 0.000000
1.093493 13.072038 1.288754 0.000000
0.059705 24.946735 2.361589 0.000000
0.987658 28.537658 2.363294 0.000000
1.095033 17.877259 1.477887 0.000000
-0.330492 23.413921 2.361747 0.000000
0.382544 27.253776 2.361231 0.000000
1.096641 27.013227 2.027900 0.000000
1.134284 15.365676 1.324443 0.000000
-0.675019 21.958645 2.361858 0.000000
-0.061011 25.995964 2.361390 0.000000
0.624154 30.950582 2.360664 0.000000
8.728011 -0.025898 5.733334 0.000000
8.364238 -0.027383 5.349677 0.000000
7.551173 -0.027751 6.121841 0.000000
8.264538 -0.024273 7.142881 0.000000
9.494412 -0.021379 7.657379 0.000000
8.438572 -0.023262 7.528226 0.000000
9.378407 -0.022262 7.208894 0.000000
8.820192 -0.023613 6.958543 0.000000
8.276653 -0.026104 6.152550 0.000000
-4.874022 0.015079 5.110915 0.000000
2.766671 -0.068341 1.815262 0.000000
3.817436 -0.051547 3.274170 0.000000
6.216760 -0.035299 4.564735 0.000000
6.184199 -0.035929 4.378876 0.000000
5.811542 -0.037895 4.188426 0.000000
4.240233 -0.045633 3.997153 0.000000
1.096490 25.840820 1.995094 0.000000
0.708980 23.284189 2.361946 0.000000
1.129080 20.138290 1.817655 0.000000
1.093284 12.594856 1.130044 0.000000
1.090959 8.611510 0.946298 0.000000
0.326396 22.231069 2.362002 0.000000
1.123053 28.117694 2.282613 0.000000
1.094881 17.314354 1.288279 0.000000
1.092680 11.343026 0.896851 0.000000
-0.024356 21.198862 2.362034 0.000000
0.568006 27.154826 2.361283 0.000000
-0.344205 20.188347 2.362045 0.000000
0.123305 26.162377 2.361392 0.000000
0.801461 35.436056 2.359552 0.000000
1.095968 22.497154 1.288954 0.000000
-0.635269 19.207832 2.362031 0.000000
-0.290691 25.131387 2.361500 0.000000
0.268237 34.757435 2.359741 0.000000
-0.898731 18.256540 2.361990 0.000000
-0.207027 33.745156 2.360010 0.000000
1.106860 12.631800 1.422113 0.000000
1.112176 17.116491 1.718904 0.000000
1.092507 10.984149 1.212855 0.000000
1.124091 24.351427 2.361873 0.000000
-1.089980 8.143335 1.118491 0.000000
-1.094399 17.434785 1.672858 0.000000
-1.066375 16.132569 2.245512 0.000000
-1.087107 23.178313 2.245878 0.000000
-0.605863 32.409974 2.360349 0.000000
-0.013456 35.720631 1.798116 0.000000
-1.094242 16.866606 1.800538 0.000000
-1.095838 25.152147 2.180783 0.000000
-0.913798 35.720742 1.953269 0.000000
-1.072362 10.114281 1.782416 0.000000
-1.090173 12.881296 1.634878 0.000000
-1.095925 25.766406 1.486816 0.000000
-1.074677 8.398962 1.664145 0.000000
-1.092862 12.843132 1.338860 0.000000
-1.094375 17.329280 1.164626 0.000000
-1.073548 8.322165 1.411811 0.000000
-1.091486 10.190784 1.308869 0.000000
-1.092825 12.760121 1.149502 0.000000
0.540852 -1.578546 0.098625 0.000000
7.049420 -0.037432 2.016367 0.000000
-8.761813 -0.025461 5.827933 0.000000
-8.627787 -0.024610 6.478121 0.000000
-9.152898 -0.023996 6.246373 0.000000
-9.035490 -0.023080 6.939742 0.000000
-9.588058 -0.022553 6.670909 0.000000
-8.323645 -0.026364 5.846704 0.000000
-7.797331 -0.029771 4.722594 0.000000
-7.906506 -0.027635 5.675804 0.000000
-9.112753 -0.025877 5.101714 0.000000
-9.741771 3.443368 4.806604 0.000000
0.235441 6.026703 0.000731 0.000000
-0.396343 7.989953 -0.000803 0.000000
0.077439 6.815245 0.000078 0.000000
0.514588 5.721909 0.000990 0.000000
-0.405976 9.456696 -0.001802 0.000000
-0.180360 7.641267 -0.000552 0.000000
0.181530 6.689405 0.000176 0.000000
0.382451 5.995220 0.000753 0.000000
-0.959764 11.991738 -0.003327 0.000000
-0.452440 8.863385 -0.001410 0.000000
-0.130809 7.124166 -0.000161 0.000000
0.664559 5.795509 0.000916 0.000000
-1.091420 10.073738 0.101371 0.000000
-0.689815 10.382421 -0.002608 0.000000
0.167248 6.367153 0.000442 0.000000
-1.089739 7.878720 0.337015 0.000000
-1.085145 12.519950 -0.003627 0.000000
-0.572781 8.786402 -0.001357 0.000000
-0.171404 6.799149 0.000096 0.000000
-0.776188 9.926417 -0.002099 0.000000
1.009402 5.782699 0.000905 0.000000
0.446112 3.631040 0.003205 0.000000
0.647027 4.060429 0.002670 0.000000
1.133737 4.941172 0.001682 0.000000
1.515983 6.179686 0.000520 0.000000
0.414637 4.142102 0.002593 0.000000
0.789317 4.512150 0.002156 0.000000
0.972231 5.177257 0.001467 0.000000
1.310873 5.826180 0.000841 0.000000
0.388190 4.496855 0.002201 0.000000
0.492982 4.676813 0.002004 0.000000
0.602007 5.046394 0.001622 0.000000
0.004093 5.049120 0.001644 0.000000
0.469952 5.140785 0.001537 0.000000
0.775869 5.206539 0.001455 0.000000
0.857498 5.767688 0.000929 0.000000
0.085379 5.784146 0.000950 0.000000
0.200495 5.480029 0.001225 0.000000
0.453944 5.572665 0.001129 0.000000
0.087820 6.106355 0.000666 0.000000
0.566853 5.900661 0.000828 0.000000
-0.974106 8.828350 -0.001385 0.000000
-1.159250 7.750608 0.390056 0.000000
-1.092103 11.237489 -0.001257 0.000000
-0.433130 7.572871 -0.000498 0.000000
-1.090709 9.047325 0.169499 0.000000
-0.609872 8.192504 -0.000946 0.000000
-1.090522 8.794806 0.074141 0.000000
-1.633071 6.690741 0.543837 0.000000
-6.479451 -0.026949 7.368280 0.000000
7.983810 -0.023501 7.802443 0.000000
6.480485 -0.028795 6.704097 0.000000
6.200350 -0.030182 6.422553 0.000000
8.742432 -0.022315 7.787988 0.000000
-5.888153 -0.031442 6.179583 0.000000
-5.753304 -0.032565 5.920786 0.000000
-6.027954 -0.030318 6.452794 0.000000
-5.739434 -0.030180 6.738246 0.000000
1.583484 6.305613 0.000409 0.000000
8.983614 -0.025208 5.827502 0.000000
9.628736 -0.021250 7.610945 0.000000
8.741835 -0.024713 6.405524 0.000000
9.752915 -0.022573 6.600373 0.000000
8.467954 -0.026357 5.791117 0.000000
9.019801 -0.025238 5.762927 0.000000
-6.972412 -0.029982 5.662225 0.000000
-6.899226 -0.028117 6.524117 0.000000
-7.405174 -0.025211 7.364707 0.000000
0.999776 2.759542 0.004328 0.000000
1.030489 3.655339 0.003110 0.000000
0.685393 2.803955 0.004316 0.000000
0.640600 3.040571 0.003976 0.000000
0.973707 3.935279 0.002782 0.000000
1.397863 4.809918 0.001783 0.000000
0.759711 3.209278 0.003726 0.000000
-9.262779 -0.028416 2.954667 0.000000
-8.343260 -0.031046 2.975141 0.000000
-9.377337 -0.027810 3.220103 0.000000
-9.901951 -0.026182 3.523759 0.000000
-6.866601 -0.038466 1.613495 0.000000
5.260729 -1.130158 0.006121 0.000000
6.890606 -1.022744 0.004525 0.000000
16.212109 0.789354 0.000523 0.000000
9.911909 -0.796710 0.002787 0.000000
37.980140 5.982489 0.002779 0.000000
7.131728 -1.065473 0.004376 0.000000
15.303902 0.879490 0.003176 0.000000
9.432040 -0.579463 0.002872 0.000000
36.173627 6.500817 0.002360 0.000000
14.996731 1.048347 0.000616 0.000000
5.508082 -1.305418 0.005973 0.000000
9.402768 -0.269637 0.002729 0.000000
37.043797 7.559833 0.002021 0.000000
6.936389 -0.813892 0.004364 0.000000
9.828744 -0.029185 0.107016 0.000000
4.520928 -0.836621 0.006795 0.000000
8.088170 -0.034552 0.495199 0.000000
7.758295 -0.035806 0.535211 0.000000
9.342619 -0.029897 1.384843 0.000000
-8.568080 -0.028815 4.057307 0.000000
-9.636331 -0.025638 4.457806 0.000000
-8.850919 -0.026993 4.766196 0.000000
-9.304807 -0.025390 5.145424 0.000000
-9.802998 -0.023775 5.566255 0.000000
9.872421 -0.028305 1.580744 0.000000
-8.171181 -0.030407 3.758393 0.000000
12.179253 -3.235309 0.003072 0.000000
-15.108505 0.917029 -0.001085 0.000000
-9.511691 -0.029546 0.748991 0.000000
28.805882 -6.462192 0.002097 0.000000
13.190268 -4.360836 0.003235 0.000000
16.729827 -4.323567 0.002532 0.000000
9.821551 -3.544245 0.004005 0.000000
24.321522 -4.062312 0.001545 0.000000
6.954961 -3.377658 0.005619 0.000000
8.065323 -3.063870 0.004715 0.000000
16.009473 -3.106232 0.002175 0.000000
6.144693 -2.923625 0.006192 0.000000
9.761780 -2.999204 0.003819 0.000000
4.983187 -2.865933 0.007640 0.000000
-4.894123 -1.019226 0.006608 0.000000
-14.866799 1.473211 -0.001263 0.000000
-9.020463 -0.509470 0.003358 0.000000
-9.173375 -0.030653 0.490573 0.000000
-2.793325 -0.908506 0.010109 0.000000
-3.959844 -0.260695 0.006975 0.000000
-4.505409 -0.378880 0.006439 0.000000
-6.338272 -0.042169 0.313289 0.000000
-4.306908 -0.775005 0.007131 0.000000
-5.539726 -0.296408 0.005313 0.000000
7.937017 -1.927188 0.004299 0.000000
17.554331 -0.431459 0.000829 0.000000
6.033103 -2.038495 0.005878 0.000000
-8.704168 -0.031394 1.623751 0.000000
-9.013846 -0.030117 1.988423 0.000000
18.464269 -1.939170 0.001334 0.000000
10.592375 -2.253127 0.003184 0.000000
32.940054 -0.525759 0.004898 0.000000
7.253820 -2.253886 0.004917 0.000000
14.177163 -1.716710 0.001963 0.000000
5.774043 -2.301829 0.006305 0.000000
8.803588 -2.122587 0.003901 0.000000
22.203871 -0.570463 0.003991 0.000000
4.407413 -2.478184 0.008435 0.000000
6.581037 -2.043786 0.005357 0.000000
11.718818 -1.413594 0.002452 0.000000
-4.626691 0.793069 2.995557 0.000000
8.999651 -0.028470 3.663440 0.000000
8.868829 -0.028262 4.053370 0.000000
8.408846 -0.029825 3.844006 0.000000
9.319627 -0.026657 4.400771 0.000000
8.049346 -0.030917 3.818533 0.000000
-5.770344 -0.031557 6.243178 0.000000
-6.294879 -0.029719 6.439416 0.000000
-7.239227 -0.024790 7.702380 0.000000
-6.445225 -0.028172 6.906445 0.000000
-1.270079 7.416417 -0.000389 0.000000
-0.328363 2.613406 0.004662 0.000000
-0.844173 5.955256 0.000797 0.000000
-0.441201 2.807728 0.004354 0.000000
-0.623562 3.326666 0.003604 0.000000
-0.869540 3.769921 0.003021 0.000000
-1.816125 6.571933 0.626386 0.000000
-0.615577 5.426216 0.001280 0.000000
1.431591 6.554197 0.000219 0.000000
1.424251 6.696280 0.000106 0.000000
1.360936 6.833897 0.000002 0.000000
1.261617 5.126186 0.001489 0.000000
1.272185 7.040092 -0.000152 0.000000
1.015476 5.027511 0.001609 0.000000
1.187292 3.941773 0.002744 0.000000
1.053311 7.587597 -0.000553 0.000000
0.839499 8.096551 -0.000911 0.000000
0.959326 5.324583 0.001328 0.000000
0.859667 3.767654 0.002995 0.000000
-0.189159 4.378309 0.002345 0.000000
-0.536676 18.006639 -0.006730 0.000000
-0.178645 7.411829 -0.000380 0.000000
0.053066 3.832368 0.002974 0.000000
-1.091262 22.280243 -0.008477 0.000000
-0.250423 8.031526 -0.000835 0.000000
-0.055665 4.010611 0.002763 0.000000
-1.094015 16.002716 0.173219 0.000000
0.233559 3.888046 0.002901 0.000000
-0.194294 2.378577 0.005055 0.000000
-0.624155 10.005005 -0.002148 0.000000
-0.342866 4.731828 0.001967 0.000000
-1.090989 9.439066 0.327039 0.000000
-1.010788 11.577148 -0.003088 0.000000
-0.484684 4.949364 0.001743 0.000000
-0.369488 2.477691 0.004880 0.000000
-1.090570 8.862690 0.122652 0.000000
0.889803 8.697815 -0.001331 0.000000
0.751168 3.716133 0.003070 0.000000
0.601340 9.215696 -0.001665 0.000000
0.645545 5.404103 0.001276 0.000000
0.496561 10.283757 -0.002343 0.000000
0.521420 2.212795 0.005303 0.000000
0.331857 11.573621 -0.003110 0.000000
0.012645 13.190053 -0.004012 0.000000
0.226937 6.518686 0.000315 0.000000
-0.103634 15.078347 -0.005014 0.000000
7.658869 -0.035421 1.583764 0.000000
-4.662839 -0.049270 2.402842 0.000000
-9.741325 3.335752 4.758797 0.000000
-7.525900 -0.028930 5.496010 0.000000
-8.714760 -0.024826 6.256056 0.000000
-9.020089 -0.022683 7.196011 0.000000
9.747028 -0.027305 3.050472 0.000000
9.800988 -0.026730 3.451121 0.000000
9.007435 -0.030145 2.244619 0.000000
-6.805733 -0.033049 4.572761 0.000000
-7.593658 -0.029478 5.146828 0.000000
-8.761581 -0.025775 5.640689 0.000000
-6.919055 -0.032327 4.728821 0.000000
-7.966456 -0.027879 5.476914 0.000000
-24.293937 2.763625 -0.000206 0.000000
-12.598920 0.751237 -0.000462 0.000000
-5.667962 -1.487580 0.006099 0.000000
-9.860061 -0.028747 0.408125 0.000000
-25.981611 4.390390 -0.000937 0.000000
-7.632806 -1.108661 0.004346 0.000000
-11.621193 -0.423893 0.002502 0.000000
-24.174744 1.771303 -0.004099 0.000000
23.500499 -6.439624 0.002537 0.000000
11.761699 -4.489921 0.003667 0.000000
37.283681 -7.300072 0.001929 0.000000
7.805617 -3.915676 0.005185 0.000000
14.589591 -4.411444 0.002934 0.000000
-6.502055 -0.461259 0.004679 0.000000
-3.926851 -1.495066 0.008576 0.000000
19.935047 -4.232297 0.002034 0.000000
-6.104271 -0.907551 0.005292 0.000000
-8.344794 -0.302139 0.003537 0.000000
5.187231 -3.211779 0.007469 0.000000
7.497907 -3.384064 0.005209 0.000000
6.046912 -2.256687 0.005981 0.000000
12.367572 -1.884534 0.002466 0.000000
5.218399 -2.483767 0.007105 0.000000
8.226873 -2.191284 0.004248 0.000000
17.936751 -1.025752 0.001028 0.000000
4.257245 -2.505586 0.008751 0.000000
24.512917 -1.072700 0.000269 0.000000
10.560607 -1.707738 0.002961 0.000000
7.293416 -1.991041 0.004761 0.000000
5.784526 -2.092521 0.006177 0.000000
-8.682166 -0.032004 0.871266 0.000000
-8.455222 -0.032629 1.085413 0.000000
-9.025112 -0.030768 1.114292 0.000000
-8.201010 -0.033382 1.269470 0.000000
-8.920333 -0.030994 1.260110 0.000000
-9.743490 -0.028627 1.244574 0.000000
-9.431285 -0.029345 1.454139 0.000000
22.551996 -2.715422 0.001158 0.000000
11.639853 -2.557002 0.002960 0.000000
7.930068 -2.420697 0.004531 0.000000
15.578768 -2.024867 0.001807 0.000000
9.403313 -2.232053 0.003658 0.000000
6.180620 -3.747570 0.006438 0.000000
9.815364 -4.144047 0.004225 0.000000
7.045483 -3.742111 0.005669 0.000000
5.500716 -3.301050 0.007075 0.000000
-7.014098 -2.529397 0.005473 0.000000
-23.434991 -0.885490 -0.002803 0.000000
-10.261290 -2.248315 0.003703 0.000000
-18.558350 -2.086099 -0.001092 0.000000
25.700446 -10.191431 0.007892 0.000000
7.847906 -4.899726 0.005514 0.000000
16.345281 -6.523917 0.003462 0.000000
-32.913887 1.305874 -0.005691 0.000000
9.792295 -4.826490 0.004448 0.000000
24.461628 -7.346539 0.002787 0.000000
12.151503 -4.900938 0.003703 0.000000
8.198399 -4.004085 0.004965 0.000000
16.542880 -4.822967 0.002742 0.000000
-6.448119 -1.894240 0.005611 0.000000
-5.708853 -1.761143 0.006235 0.000000
-10.569768 -0.995903 0.003054 0.000000
-8.933996 -1.516900 0.003894 0.000000
-14.110054 -0.908187 -0.000244 0.000000
-7.806029 -2.150397 0.004771 0.000000
4.263229 -0.980516 0.007331 0.000000
3.762232 -1.125420 0.008377 0.000000
5.456432 -0.288306 0.005206 0.000000
6.337612 -0.310309 0.004473 0.000000
-9.295603 -0.026355 4.493814 0.000000
9.687714 -0.029241 0.874409 0.000000
3.053890 -0.547870 0.008808 0.000000
-6.918159 -0.039157 0.514276 0.000000
-7.748834 -0.035546 0.538498 0.000000
-4.408630 -0.760568 0.006977 0.000000
-4.520247 -0.501812 0.006555 0.000000
-5.669850 -0.554696 0.005407 0.000000
-8.171533 -0.032881 1.929577 0.000000
-9.043203 -0.029340 2.668485 0.000000
10.910251 0.192557 0.001959 0.000000
7.497288 -0.661557 0.003900 0.000000
19.091188 2.064813 0.002976 0.000000
5.809269 -1.059573 0.005476 0.000000
11.998149 -0.268995 0.001864 0.000000
26.758515 1.874258 0.003707 0.000000
12.996183 -0.422733 0.001678 0.000000
22.244574 1.748914 0.003338 0.000000
6.309891 -1.597454 0.005351 0.000000
8.078128 -1.047894 0.003770 0.000000
20.130978 1.856345 0.003134 0.000000
4.152862 -1.936255 0.008522 0.000000
11.173257 -0.096426 0.002016 0.000000
4.827066 -1.666356 0.007129 0.000000
7.702301 -0.921825 0.003923 0.000000
-8.814433 -0.030501 2.211612 0.000000
-4.735889 -0.623308 0.006423 0.000000
-5.901658 -0.264280 0.004986 0.000000
-6.488010 -0.364866 0.004623 0.000000
11.544557 -0.216776 0.001965 0.000000
19.143077 -0.314144 0.000552 0.000000
10.685122 -1.322949 0.002744 0.000000
18.924093 0.409382 0.000308 0.000000
10.984676 -0.999979 0.002495 0.000000
19.954574 1.454818 0.002717 0.000000
7.621341 -1.212828 0.004133 0.000000
-9.611847 -0.029029 1.169324 0.000000
22.551102 2.909653 0.002203 0.000000
5.940099 -1.689922 0.005768 0.000000
7.851286 -0.838118 0.003787 0.000000
12.564002 0.465910 0.001363 0.000000
8.718173 -0.498533 0.003148 0.000000
-9.274378 -0.028920 2.455617 0.000000
-8.745537 -0.028740 3.786636 0.000000
8.503785 -0.032473 1.436728 0.000000
7.584886 -0.035947 1.345623 0.000000
-8.872827 -0.027543 4.374245 0.000000
-9.441858 -0.025633 4.774059 0.000000
9.437787 -0.028845 2.327252 0.000000
-2.783801 -0.387682 0.009010 0.000000
7.708634 -0.036078 0.366681 0.000000
6.157085 -0.411307 0.004690 0.000000
4.972404 -0.801520 0.006179 0.000000
-9.766033 -0.027935 2.097300 0.000000
-9.839992 -0.027200 2.697472 0.000000
9.866633 -0.028506 1.305387 0.000000
4.073629 -1.124669 0.007809 0.000000
5.301897 -0.518996 0.005559 0.000000
-7.319991 -1.543173 0.004772 0.000000
-10.609275 -1.066196 0.003067 0.000000
-6.570460 -2.177889 0.005657 0.000000
-3.541206 -2.700513 0.010639 0.000000
-19.460355 0.101280 -0.001747 0.000000
10.277725 -3.804160 0.003918 0.000000
23.840812 -4.269432 0.001668 0.000000
7.265433 -3.524317 0.005428 0.000000
12.582556 -3.476645 0.003050 0.000000
17.242619 -4.618551 0.002567 0.000000
8.572320 -3.194576 0.004471 0.000000
6.524378 -3.176902 0.005919 0.000000
-21.754250 -1.618049 -0.001514 0.000000
-8.881939 -1.786264 0.004043 0.000000
-4.156965 -2.646459 0.009107 0.000000
-14.343116 -1.290696 0.002323 0.000000
-7.467551 -2.322510 0.005062 0.000000
-5.149378 -2.738756 0.007467 0.000000
-34.958326 0.637589 -0.004858 0.000000
-11.296157 -2.121733 0.003329 0.000000
-6.615601 -2.775439 0.005898 0.000000
-9.496889 -2.603965 0.004137 0.000000
-15.879499 -2.646749 0.002655 0.000000
23.270731 -7.491337 0.002956 0.000000
11.768842 -5.030510 0.003859 0.000000
32.460347 -7.968481 0.002487 0.000000
7.616232 -4.273863 0.005419 0.000000
13.957916 -4.858777 0.003248 0.000000
-6.001271 -1.997181 0.006078 0.000000
-3.367007 -2.538087 0.011036 0.000000
-8.382584 -1.722244 0.004252 0.000000
-5.572055 -2.318566 0.006715 0.000000
7.506952 -4.927154 0.006957 0.000000
14.937249 -6.447721 0.006034 0.000000
9.153251 -4.833596 0.004909 0.000000
22.300011 -7.193971 0.006458 0.000000
11.769455 -4.884825 0.003790 0.000000
11.196402 -6.087984 0.006227 0.000000
7.934475 -4.322372 0.005232 0.000000
15.913107 -5.174983 0.003002 0.000000
9.782727 -4.144113 0.004237 0.000000
-4.245380 -2.939053 0.009072 0.000000
-3.994204 -2.521655 0.009380 0.000000
-12.638794 -1.354095 0.002676 0.000000
-7.140459 -2.362826 0.005304 0.000000
-4.887808 -2.498936 0.007723 0.000000
-25.962259 0.093200 -0.003078 0.000000
-10.105088 -2.193443 0.003740 0.000000
-17.106918 -1.667697 -0.000404 0.000000
-5.227924 -2.817405 0.007395 0.000000
-7.027198 -2.884921 0.005616 0.000000
-27.489779 -2.494994 -0.002263 0.000000
-10.040635 -3.001690 0.004091 0.000000
-18.055791 -3.532424 0.002781 0.000000
21.913485 -9.465000 0.007349 0.000000
-28.615293 3.541229 -0.000665 0.000000
-17.288246 1.778337 -0.001973 0.000000
-8.339998 -0.871086 0.003846 0.000000
-12.825634 0.014059 0.002037 0.000000
-7.119741 -1.247699 0.004743 0.000000
-10.473887 -0.766169 0.002970 0.000000
-19.180405 0.774626 -0.001977 0.000000
-8.849261 -1.377171 0.003865 0.000000
-14.782573 -0.592446 -0.000221 0.000000
27.308836 -3.986554 0.001253 0.000000
12.701355 -3.030124 0.002849 0.000000
28.953565 -2.806313 0.005097 0.000000
8.278608 -2.807725 0.004484 0.000000
-4.242988 -1.577673 0.008085 0.000000
13.205278 -2.749140 0.002608 0.000000
-5.261629 -1.328047 0.006428 0.000000
-6.878663 -0.932163 0.004720 0.000000
-9.867500 -0.028839 0.090291 0.000000
33.188143 -1.531828 0.004932 0.000000
8.615728 -2.703649 0.004251 0.000000
14.646995 -2.017230 0.001992 0.000000
9.371404 -2.392184 0.003743 0.000000
16.969531 -1.366213 0.001309 0.000000
10.401066 -1.998629 0.003147 0.000000
5.573571 -2.241434 0.006508 0.000000
7.517300 -2.081490 0.004646 0.000000
-7.958660 -0.028080 5.382534 0.000000
-8.533946 -0.027481 4.935508 0.000000
-8.307287 -0.026542 5.769024 0.000000
-8.791773 -0.024811 6.174686 0.000000
-7.166518 -0.032105 4.484283 0.000000
-9.397428 -0.021313 7.675813 0.000000
9.736081 -0.024578 5.237585 0.000000
8.736829 -0.027461 4.785063 0.000000
9.884441 -0.024394 5.155415 0.000000
9.362959 -0.026115 4.712288 0.000000
8.971789 -0.027514 4.382898 0.000000
9.845668 -0.025409 4.451081 0.000000
9.680587 -0.026507 3.876383 0.000000
8.994156 -0.030330 2.096393 0.000000
9.284055 -0.029608 1.963313 0.000000
7.924250 -0.034731 1.209704 0.000000
9.728090 -0.028341 2.022505 0.000000
-9.054095 -0.027884 3.817083 0.000000
-9.214474 -0.027722 3.630168 0.000000
-9.464125 -0.026105 4.396406 0.000000
-9.662998 -0.026048 4.094260 0.000000
9.804781 -0.027778 2.433339 0.000000
8.633436 -0.030953 2.537529 0.000000
-7.629985 -0.032879 3.302613 0.000000
-6.731193 -0.025992 7.570487 0.000000
-7.691251 -0.026525 6.466507 0.000000
-7.827314 -0.023679 7.754443 0.000000
7.699322 -0.026971 6.337441 0.000000
8.466335 -0.024595 6.767087 0.000000
7.292225 -0.029118 5.776697 0.000000
9.486620 -0.022445 6.978777 0.000000
9.816883 -0.022700 6.439017 0.000000
9.537489 -0.023816 6.025256 0.000000
1.607222 6.803349 0.000007 0.000000
0.066841 20.963823 -0.005793 0.000000
1.092148 10.408809 0.112410 0.000000
0.621467 13.780325 -0.004346 0.000000
1.142029 15.365044 -0.000831 0.000000
1.091294 9.094476 0.048057 0.000000
0.359937 16.785213 -0.005889 0.000000
0.824031 17.090990 -0.006053 0.000000
1.092923 11.866731 0.113662 0.000000
0.805849 11.627695 -0.003155 0.000000
0.678110 19.972516 -0.007438 0.000000
1.094580 16.318797 0.038941 0.000000
1.091874 9.960150 0.100299 0.000000
-0.453477 28.469673 -0.008603 0.000000
0.334211 23.754303 -0.009178 0.000000
1.041946 21.764726 -0.008284 0.000000
1.093447 13.049338 0.006883 0.000000
-1.096491 30.646639 0.052323 0.000000
-0.096923 29.831751 -0.009047 0.000000
0.676673 23.999421 -0.006872 0.000000
1.095110 18.354990 0.062405 0.000000
1.477447 7.273973 0.000811 0.000000
1.073465 9.377333 -0.001789 0.000000
0.901108 10.377943 -0.002414 0.000000
1.090486 8.062111 0.022782 0.000000
0.393466 -1.281348 0.096043 0.000000
19.165381 0.619329 0.000183 0.000000
10.685858 -0.716987 0.002467 0.000000
18.879460 1.411679 0.002971 0.000000
7.452811 -1.331961 0.004307 0.000000
10.800393 -0.219096 0.002193 0.000000
19.883046 2.436544 0.002657 0.000000
5.713700 -1.452131 0.005851 0.000000
11.578617 0.278229 0.001720 0.000000
-6.098967 -0.334869 0.004885 0.000000
5.337373 -0.801308 0.005763 0.000000
-5.061572 -0.212781 0.005679 0.000000
-3.868177 -1.187194 0.008317 0.000000
-7.234520 -0.423149 0.004182 0.000000
8.631866 -1.598929 0.003747 0.000000
20.933761 -0.948871 0.000627 0.000000
5.536874 -2.421138 0.006652 0.000000
11.771042 -1.720014 0.002560 0.000000
24.290178 0.332059 0.003479 0.000000
8.149900 -1.833142 0.004126 0.000000
12.985762 -1.108120 0.001979 0.000000
10.971638 -2.170953 0.003011 0.000000
-19.772945 2.949859 -0.002005 0.000000
-13.926580 0.930230 0.001427 0.000000
-5.153038 -1.672788 0.006818 0.000000
-34.674521 5.875244 -0.005378 0.000000
-11.062804 -0.375103 0.002618 0.000000
-21.077957 1.771741 -0.001886 0.000000
-9.351258 -1.090943 0.003516 0.000000
-15.603147 0.043124 -0.000094 0.000000
19.144664 -2.522901 0.001476 0.000000
10.581253 -2.555558 0.003314 0.000000
19.324075 -1.733090 0.001130 0.000000
7.387413 -2.477714 0.004922 0.000000
-8.593903 -0.030940 2.431434 0.000000
-8.901620 -0.029421 2.946998 0.000000
5.161666 -0.562026 0.005745 0.000000
-3.043139 -0.670815 0.009087 0.000000
-3.736746 -0.396729 0.007466 0.000000
-1.094954 19.734155 0.396346 0.000000
0.446398 2.481976 0.004854 0.000000
0.656102 2.215957 0.005275 0.000000
0.229636 2.625595 0.004641 0.000000
0.239888 2.884112 0.004242 0.000000
-0.510877 5.395274 0.001310 0.000000
-0.678760 5.883168 0.000863 0.000000
-0.528803 3.130376 0.003879 0.000000
-0.817900 6.833244 0.000067 0.000000
-0.425309 4.695821 0.002003 0.000000
-0.108724 3.741067 0.003089 0.000000
0.073918 3.041675 0.004018 0.000000
0.014417 3.337180 0.003609 0.000000
-1.185588 4.445952 0.002227 0.000000
-0.122477 3.989433 0.002789 0.000000
-0.398391 4.211051 0.002530 0.000000
-1.309897 5.336140 0.001334 0.000000
-1.596925 6.155556 0.000594 0.000000
-3.978084 0.788964 3.012382 0.000000
-4.361814 0.791476 3.015537 0.000000
-5.722569 -0.029376 7.031073 0.000000
7.934300 -0.027090 6.024309 0.000000
8.501941 -0.027412 5.149364 0.000000
9.160870 -0.021745 7.743522 0.000000
8.669607 -0.023566 7.138242 0.000000
8.579133 -0.024263 6.834981 0.000000
7.713828 -0.025793 6.893615 0.000000
8.136158 -0.025671 6.534275 0.000000
-8.512557 -0.026927 5.290277 0.000000
-9.771371 -0.023145 6.051434 0.000000
-8.923800 -0.025340 5.696097 0.000000
-8.133078 -0.028506 4.921045 0.000000
-9.863042 -0.022132 6.641526 0.000000
-8.252822 -0.026128 6.058581 0.000000
-9.365436 -0.022525 6.935428 0.000000
-9.895952 -0.020694 7.593593 0.000000
-8.537469 -0.022870 7.555883 0.000000
-7.556440 -0.027683 6.053014 0.000000
-7.821647 -0.024662 7.260859 0.000000
9.519614 -0.024506 5.587274 0.000000
9.073778 -0.026036 5.192054 0.000000
2.531623 -0.072069 1.601068 0.000000
2.938542 -0.065284 2.049028 0.000000
1.803308 -0.082190 1.305786 0.000000
0.821202 23.892359 2.363920 0.000000
1.121025 16.495272 1.721464 0.000000
1.103538 10.293263 1.202882 0.000000
1.132458 23.924674 2.273136 0.000000
1.115856 13.388604 1.444949 0.000000
0.067610 21.610633 2.364356 0.000000
0.749234 24.443999 2.364353 0.000000
1.095183 18.488966 1.602923 0.000000
1.090617 8.179649 1.051937 0.000000
-0.273135 20.508784 2.364299 0.000000
0.337625 23.609713 2.364349 0.000000
1.116528 27.182958 2.364175 0.000000
-0.580320 19.436860 2.364214 0.000000
-0.048034 22.744351 2.364336 0.000000
0.657817 26.716577 2.364171 0.000000
1.095724 21.063898 1.602674 0.000000
-0.856792 18.407057 2.364099 0.000000
0.289808 26.095785 2.363751 0.000000
1.097138 31.619464 2.335046 0.000000
1.092615 11.202519 1.209878 0.000000
1.128260 21.129823 2.088590 0.000000
-0.469644 30.832787 2.360714 0.000000
-1.067581 16.766005 2.301292 0.000000
-0.655728 20.995350 2.364009 0.000000
-0.221220 25.499739 2.363623 0.000000
0.496245 31.562936 2.360525 0.000000
-1.071415 12.871004 2.000803 0.000000
-1.079937 20.165582 2.205703 0.000000
-0.621544 24.815931 2.364193 0.000000
0.013022 31.375044 2.360579 0.000000
-1.073535 10.264705 1.803049 0.000000
-1.095683 24.042050 2.213999 0.000000
-1.082658 11.720796 1.655436 0.000000
-1.094470 17.713281 1.823992 0.000000
-1.096433 30.415909 2.312512 0.000000
-1.070986 13.286723 1.659567 0.000000
-1.095104 20.608113 1.888838 0.000000
-1.091620 10.403207 1.407640 0.000000
-1.129196 15.365161 0.279567 0.000000
-1.092270 11.567207 0.214369 0.000000
-1.090531 8.821656 0.363813 0.000000
-1.090224 8.441495 0.534490 0.000000
-0.789312 35.719902 0.065393 0.000000
0.331254 27.296568 -0.010757 0.000000
0.944954 21.744855 -0.008271 0.000000
-1.093342 14.022475 0.488442 0.000000
-1.096090 26.924783 0.342959 0.000000
-0.382304 32.446621 -0.012975 0.000000
0.476173 22.452878 -0.008587 0.000000
-1.091798 10.717447 0.570901 0.000000
-1.094545 17.944082 0.364324 0.000000
-0.977724 35.719924 0.084235 0.000000
0.044380 23.866416 -0.009039 0.000000
-1.093007 13.174693 0.561674 0.000000
-1.095705 23.964621 0.261524 0.000000
-0.243289 25.985263 -0.010165 0.000000
-1.091444 10.132171 0.507566 0.000000
-0.886843 28.701541 -0.011343 0.000000
-1.089978 8.150145 0.561470 0.000000
-1.092612 12.272443 0.363811 0.000000
-1.095318 21.592275 0.133470 0.000000
6.587009 -0.026067 7.719813 0.000000
6.303546 -0.028189 7.085092 0.000000
6.167253 -0.029258 6.790730 0.000000
5.850258 -0.031041 6.417002 0.000000
5.905217 -0.031406 6.245235 0.000000
6.656612 -0.028960 6.482471 0.000000
-3.241890 0.783947 3.003299 0.000000
7.476994 3.576680 4.935659 0.000000
-1.094911 19.571882 0.661060 0.000000
-1.090614 8.924741 1.135036 0.000000
-1.093321 13.972269 0.602445 0.000000
-1.092059 11.181298 1.236840 0.000000
-1.090045 8.229640 0.640721 0.000000
-1.128151 29.395923 2.159323 0.000000
1.097277 33.418161 1.405144 0.000000
1.095123 18.338178 0.727829 0.000000
-0.724674 27.611569 2.361393 0.000000
-0.146706 35.720892 2.310039 0.000000
-1.095967 26.154306 2.322671 0.000000
-1.094627 18.354931 1.853417 0.000000
-0.770235 35.720637 1.764565 0.000000
-1.093291 13.903550 1.622985 0.000000
-1.094829 19.261591 1.787369 0.000000
-1.096421 30.248585 1.580852 0.000000
-1.094931 19.704644 1.395691 0.000000
-1.096478 30.676366 0.976759 0.000000
0.455463 35.720741 2.016631 0.000000
1.094653 16.485218 1.195192 0.000000
1.093862 14.026927 1.236104 0.000000
1.091513 9.374827 0.960055 0.000000
1.095399 19.462866 1.512739 0.000000
1.090690 8.288337 0.784709 0.000000
1.096941 29.684421 2.121883 0.000000
1.092297 10.645327 0.742215 0.000000
0.766186 32.640728 2.360265 0.000000
1.096240 24.173365 1.553280 0.000000
1.168098 15.365383 0.819214 0.000000
1.091662 9.605849 0.733608 0.000000
0.204603 31.042116 2.360653 0.000000
1.095580 20.413813 1.017528 0.000000
-0.223823 29.305519 2.361044 0.000000
1.092318 10.647751 1.187955 0.000000
-3.756620 0.787418 2.998190 0.000000
-0.700960 0.773312 0.008488 0.000000
-0.887675 3.196556 0.003754 0.000000
-1.184823 3.661910 0.003118 0.000000
-7.953816 -0.026672 6.111989 0.000000
-8.284355 -0.025189 6.529561 0.000000
-9.172485 -0.021810 7.580233 0.000000
-8.533493 -0.023299 7.318222 0.000000
-7.709440 -0.026084 6.662364 0.000000
8.175923 -0.032560 2.431766 0.000000
9.883367 -0.025833 4.048856 0.000000
6.014866 -0.330323 0.004746 0.000000
4.849996 -0.710775 0.006242 0.000000
8.047095 -0.034749 0.388657 0.000000
9.439474 -0.029889 0.964199 0.000000
8.501355 -0.033057 0.528719 0.000000
5.845716 -0.464134 0.004994 0.000000
-9.824195 -0.025424 4.302876 0.000000
-9.910987 -0.022608 6.253092 0.000000
-9.091196 -0.025756 5.210363 0.000000
-9.655408 -0.023972 5.627391 0.000000
-8.142496 -0.028214 5.068774 0.000000
-8.901106 -0.024920 5.980138 0.000000
-9.364877 -0.023467 6.331810 0.000000
6.816871 -0.028210 6.642017 0.000000
1.095349 19.297307 0.891356 0.000000
1.093833 13.978803 0.826621 0.000000
1.091495 9.372989 0.445025 0.000000
1.093068 12.148729 0.750914 0.000000
1.096932 29.778137 1.318358 0.000000
1.094648 16.510552 0.793760 0.000000
1.092318 10.689701 0.568060 0.000000
1.096285 24.582127 0.821842 0.000000
-1.089757 7.882371 1.277348 0.000000
-1.084672 9.002552 1.461834 0.000000
-1.092664 12.394693 1.436850 0.000000
-1.094523 17.934286 1.618686 0.000000
-1.091195 9.753386 1.400509 0.000000
-1.093038 13.260518 1.247407 0.000000
6.538209 -0.026843 7.436391 0.000000
7.267321 -0.025075 7.625874 0.000000
-3.188118 0.783557 2.999303 0.000000
9.808995 -0.020688 7.806142 0.000000
8.759786 -0.022985 7.384456 0.000000
9.105885 -0.023309 6.842645 0.000000
8.726425 -0.027131 5.001337 0.000000
-1.096095 27.031434 0.705905 0.000000
-0.732764 35.720086 -0.011567 0.000000
-1.091619 10.416545 1.029834 0.000000
-1.093069 13.333734 0.805025 0.000000
-1.094595 18.183215 0.639080 0.000000
-1.096062 26.632538 0.156196 0.000000
-1.090218 8.421060 1.197647 0.000000
-1.091596 10.375640 0.954538 0.000000
-1.094428 17.472118 0.296515 0.000000
-1.094593 18.185931 0.837733 0.000000
-1.090120 8.314766 0.946423 0.000000
-1.092679 12.416355 0.252454 0.000000
-1.089808 7.960886 0.494328 0.000000
1.095734 21.299346 0.524835 0.000000
1.093559 13.314706 0.267094 0.000000
-0.368926 35.720618 1.762654 0.000000
1.041939 35.720053 0.443195 0.000000
-0.323794 35.720374 1.247604 0.000000
1.097087 31.692320 0.184386 0.000000
-1.095787 24.766967 1.416609 0.000000
-0.804112 35.720388 1.237920 0.000000
0.408753 34.254545 -0.013767 0.000000
-1.094398 17.432049 1.307001 0.000000
-1.095986 26.223262 1.063372 0.000000
-0.045053 34.764472 -0.013976 0.000000
-1.093061 13.317809 1.044745 0.000000
6.826660 -3.499074 0.005768 0.000000
-5.764284 -2.176214 0.006422 0.000000
-4.160334 -2.483626 0.008999 0.000000
-7.683506 -1.814445 0.004683 0.000000
-5.114306 -2.455061 0.007371 0.000000
11.774421 -4.658502 0.003719 0.000000
-39.234715 -3.200711 0.000496 0.000000
22.535182 -9.246574 0.004109 0.000000
11.371649 -5.934805 0.004550 0.000000
7.608087 -4.820017 0.005813 0.000000
15.138059 -6.225187 0.003891 0.000000
9.379716 -4.621816 0.004569 0.000000
22.491372 -6.839819 0.003381 0.000000
6.647297 -4.012549 0.006076 0.000000
-14.590981 -2.953838 0.002963 0.000000
15.787927 -4.789945 0.002869 0.000000
9.751846 -3.883532 0.004160 0.000000
-5.455502 -2.425573 0.006912 0.000000
-15.997500 -0.456531 0.001736 0.000000
-12.415017 -1.587798 0.002823 0.000000
-4.807520 -2.676284 0.007942 0.000000
-25.548571 -0.585842 0.001091 0.000000
-6.232133 -2.677787 0.006198 0.000000
-18.407623 -2.063454 0.002142 0.000000
-8.950629 -2.692382 0.004409 0.000000
-3.729318 -2.682374 0.010119 0.000000
33.493116 -4.915051 0.001247 0.000000
-12.974447 -1.828292 0.002802 0.000000
-7.338496 -2.519368 0.005236 0.000000
-29.065162 -1.069076 0.001219 0.000000
-10.609955 -2.476208 0.003682 0.000000
-20.142372 -2.492042 0.002158 0.000000
20.104417 -5.698249 0.002605 0.000000
10.637691 -4.382065 0.003993 0.000000
24.798924 -5.485534 0.002066 0.000000
12.358435 -3.978060 0.003307 0.000000
8.085756 -3.524672 0.004875 0.000000
14.431148 -3.574037 0.002660 0.000000
9.093653 -3.215116 0.004210 0.000000
18.101709 -3.054166 0.001828 0.000000
6.605901 -3.042248 0.005793 0.000000
-12.013755 -0.863524 0.002610 0.000000
-5.893975 -1.737100 0.006030 0.000000
-7.814915 -1.487098 0.004441 0.000000
-5.315762 -2.054172 0.006870 0.000000
-6.942702 -1.888751 0.005215 0.000000
-24.170122 0.849692 0.000577 0.000000
-9.674066 -1.608249 0.003635 0.000000
-6.174805 -2.265212 0.006054 0.000000
-16.653572 -0.953547 0.001882 0.000000
-8.360216 -2.112200 0.004446 0.000000
12.766626 -5.430301 0.003726 0.000000
17.313971 -5.654114 0.002948 0.000000
26.988315 -6.069889 0.002928 0.000000
8.784761 -3.687749 0.004542 0.000000
-7.550192 -2.722015 0.005184 0.000000
-11.228844 -1.759112 0.003199 0.000000
-6.417603 -2.241582 0.005820 0.000000
-4.512419 -2.695898 0.008447 0.000000
-3.554925 -2.888557 0.010706 0.000000
-20.642071 -0.604774 0.001355 0.000000
-9.150823 -2.281416 0.004146 0.000000
-5.687210 -2.717070 0.006782 0.000000
-4.194115 -2.957713 0.009184 0.000000
-14.447179 -2.192441 0.002679 0.000000
-5.081178 -2.812210 0.007596 0.000000
-36.287187 -1.197278 -0.000017 0.000000
-11.221193 -2.765927 0.003619 0.000000
-6.425941 -3.163374 0.006218 0.000000
-21.261678 -2.912710 0.002245 0.000000
-9.002113 -3.047391 0.004529 0.000000
-15.049857 -3.582206 0.003147 0.000000
17.690768 -7.561270 0.003968 0.000000
9.986145 -5.386548 0.004836 0.000000
27.120423 -8.786800 0.003114 0.000000
5.195269 -1.586156 0.006558 0.000000
5.343389 -1.756196 0.006491 0.000000
8.518532 -0.892747 0.003454 0.000000
23.623634 2.645164 0.000557 0.000000
6.385995 -1.330773 0.005120 0.000000
13.121026 0.019225 0.001452 0.000000
17.501031 -0.145636 0.000727 0.000000
-9.231731 -0.029125 2.366527 0.000000
10.174291 -1.100425 0.002828 0.000000
35.833669 3.531890 0.000047 0.000000
14.780851 -0.092063 0.001155 0.000000
9.151340 -1.154574 0.003278 0.000000
27.490180 2.841409 0.000372 0.000000
6.767537 -1.581658 0.004948 0.000000
-18.703217 -0.257327 0.001368 0.000000
18.570884 -6.098983 0.003450 0.000000
26.738586 -6.492604 0.002306 0.000000
12.599156 -4.593419 0.003473 0.000000
5.447791 -3.778417 0.007274 0.000000
16.378969 -4.366743 0.002604 0.000000
4.588942 -3.547583 0.008519 0.000000
9.791307 -3.411479 0.003967 0.000000
23.624194 -4.107726 0.001619 0.000000
5.213687 -3.143656 0.007408 0.000000
-10.377318 -1.344950 0.003269 0.000000
-6.245310 -0.915946 0.005181 0.000000
-8.532209 -0.596185 0.003611 0.000000
-13.079548 0.770011 0.001643 0.000000
-26.734542 4.081500 -0.000822 0.000000
-11.642017 -0.082946 0.002334 0.000000
-22.156558 2.000458 -0.000161 0.000000
-10.774397 -0.915164 0.002949 0.000000
-7.032206 -1.620801 0.005009 0.000000
-19.831587 0.665254 0.000901 0.000000
-5.131260 -1.362935 0.006610 0.000000
24.422542 -1.690044 0.000564 0.000000
6.936806 -2.411819 0.005238 0.000000
12.241829 -2.068456 0.002582 0.000000
8.041082 -2.302701 0.004410 0.000000
17.143761 -1.534990 0.001356 0.000000
10.166441 -1.903405 0.003195 0.000000
7.130730 -2.067671 0.004920 0.000000
-9.306151 -0.030050 0.906870 0.000000
12.017814 -2.960828 0.003009 0.000000
16.126209 -2.550763 0.001922 0.000000
-3.261187 -1.400752 0.009900 0.000000
-4.893307 -0.759006 0.006371 0.000000
-3.966133 -1.274309 0.008246 0.000000
-6.041813 -0.421923 0.004995 0.000000
-4.674614 -1.082638 0.006948 0.000000
-6.199952 -0.614338 0.005009 0.000000
-6.479617 -1.351838 0.005271 0.000000
-8.980502 -0.303486 0.003267 0.000000
-5.577280 -1.300214 0.006062 0.000000
-7.556762 -0.992464 0.004331 0.000000
-37.424511 7.547923 -0.002405 0.000000
-11.020494 -0.122107 0.002518 0.000000
-21.225313 2.345698 0.000286 0.000000
-9.070461 -0.615300 0.003392 0.000000
-15.298921 0.554260 0.001393 0.000000
9.514409 -2.117743 0.003559 0.000000
6.717783 -2.137010 0.005287 0.000000
16.551522 -0.232312 0.000892 0.000000
-7.549802 -0.284041 0.003919 0.000000
-3.750927 -1.713322 0.009187 0.000000
6.938519 -1.979505 0.005024 0.000000
18.470205 0.777161 0.000189 0.000000
7.232786 -1.522904 0.004562 0.000000
11.182552 -0.738254 0.002314 0.000000
7.939254 -1.110055 0.003883 0.000000
6.033396 -1.434701 0.005512 0.000000
7.496481 -2.460350 0.004837 0.000000
10.720069 -2.582742 0.003275 0.000000
33.813315 -3.438188 0.000621 0.000000
-14.662832 -1.593783 0.002405 0.000000
-7.852827 -2.217663 0.004774 0.000000
-39.186101 0.580204 0.000386 0.000000
-11.923313 -2.312826 0.003243 0.000000
-24.924084 -1.771409 0.001637 0.000000
22.765229 -5.072413 0.002081 0.000000
11.502293 -3.815775 0.003497 0.000000
26.541651 -4.557865 0.001522 0.000000
12.743768 -3.467628 0.003010 0.000000
8.290538 -3.124244 0.004604 0.000000
14.404928 -2.861436 0.002383 0.000000
17.496443 -2.340254 0.001627 0.000000
-5.274452 -0.229868 0.005493 0.000000
7.743522 -0.553965 0.003690 0.000000
6.342436 -0.784885 0.004801 0.000000
19.828998 1.933544 0.000346 0.000000
10.966882 -0.188038 0.002127 0.000000
19.638369 2.688292 0.000109 0.000000
-4.926280 -0.303491 0.005901 0.000000
-5.825522 -2.473339 0.006513 0.000000
25.412358 -7.387149 0.002868 0.000000
12.598369 -4.831722 0.003534 0.000000
8.383146 -4.021686 0.004874 0.000000
17.258912 -4.988391 0.002908 0.000000
-9.953374 -2.493040 0.003916 0.000000
-15.805972 -0.827673 0.001916 0.000000
-8.002582 -2.028017 0.004600 0.000000
-12.007164 -1.885506 0.003056 0.000000
-4.945453 -2.867937 0.007819 0.000000
-24.298113 -1.336738 0.001453 0.000000
-6.072966 -2.833043 0.006421 0.000000
-17.271680 -2.431732 0.002398 0.000000
-8.438278 -2.826930 0.004714 0.000000
-13.239505 -3.165156 0.003297 0.000000
-31.408159 -4.175973 0.002371 0.000000
25.096502 -10.032607 0.003650 0.000000
11.975010 -6.126495 0.004182 0.000000
35.873747 -6.903089 0.001852 0.000000
-18.232777 -0.264810 0.001413 0.000000
-9.427563 -1.945301 0.003886 0.000000
15.989005 -5.823747 0.003217 0.000000
9.414017 -4.600994 0.004552 0.000000
21.979343 -6.312078 0.002640 0.000000
11.330857 -4.405087 0.003768 0.000000
-21.224600 0.834335 0.000759 0.000000
7.646256 -3.881650 0.005278 0.000000
14.599594 -4.270669 0.002891 0.000000
20.177381 -4.230607 0.002013 0.000000
-6.265993 -1.253363 0.005386 0.000000
11.059969 -3.429255 0.003494 0.000000
-13.112312 0.177696 0.001904 0.000000
-7.709995 -1.225048 0.004364 0.000000
-26.924246 2.943655 -0.000315 0.000000
-11.468331 -0.795301 0.002704 0.000000
7.687020 -3.316908 0.005055 0.000000
-13.221501 -0.540009 0.002202 0.000000
-7.210509 -1.741912 0.004950 0.000000
-10.761803 -1.297636 0.003126 0.000000
-19.488077 -0.230604 0.001296 0.000000
-8.874213 -1.867112 0.004084 0.000000
10.454523 -5.207313 0.004412 0.000000
-7.347294 -2.628471 0.005279 0.000000
-29.732406 -1.596513 0.001406 0.000000
-10.443871 -2.768657 0.003858 0.000000
-6.322101 -3.172117 0.006316 0.000000
-18.882820 -2.956828 0.002452 0.000000
-8.776899 -3.099055 0.004654 0.000000
-13.957758 -3.444737 0.003265 0.000000
-34.651822 -4.825981 0.001830 0.000000
19.193859 -7.409380 0.003365 0.000000
-13.243737 -2.169224 0.002904 0.000000
28.893213 -8.402862 0.002978 0.000000
13.190664 -5.286560 0.003549 0.000000
8.589336 -4.284548 0.004846 0.000000
17.583799 -5.280591 0.002735 0.000000
6.260331 -3.979795 0.006420 0.000000
10.364842 -4.117120 0.003996 0.000000
26.198279 -5.328951 0.001891 0.000000
-10.410629 -1.652931 0.003397 0.000000
-3.250038 -2.856288 0.011634 0.000000
-18.230211 -1.059855 0.001761 0.000000
-8.586760 -2.246812 0.004391 0.000000
-5.558221 -2.627590 0.006890 0.000000
12.848963 -3.886043 0.003144 0.000000
8.692096 -3.455509 0.004506 0.000000
-1.094280 16.977118 0.855700 0.000000
1.095639 20.757217 0.750499 0.000000
1.092977 11.960563 0.528491 0.000000
-0.954613 35.720213 0.814411 0.000000
1.097265 33.525153 0.716242 0.000000
1.094541 16.143211 0.555970 0.000000
-1.095802 24.770286 0.936253 0.000000
0.445478 35.720214 0.892823 0.000000
1.096133 23.584056 0.611223 0.000000
-1.096857 35.472920 1.148849 0.000000
-0.144955 35.720201 0.869544 0.000000
1.024734 35.720181 0.757343 0.000000
-1.095377 22.001346 0.978346 0.000000
1.094349 15.531199 0.376320 0.000000
1.096088 23.350468 0.485630 0.000000
1.093355 12.813529 0.410442 0.000000
0.835375 35.720055 0.483727 0.000000
1.095072 18.161804 0.426888 0.000000
0.268928 35.720125 0.690443 0.000000
1.096738 28.180382 0.727527 0.000000
1.091255 9.035138 0.482332 0.000000
-0.269330 35.720255 0.985956 0.000000
-1.092028 11.127307 0.780821 0.000000
-1.092437 11.921280 0.943301 0.000000
-1.095036 20.179854 0.851895 0.000000
-1.090880 9.291423 0.643955 0.000000
-1.101532 15.365323 0.679990 0.000000
-1.096066 26.729675 0.765185 0.000000
-1.090502 8.788262 0.779814 0.000000
9.048876 -0.022357 7.476887 0.000000
8.133095 -0.024599 7.095332 0.000000
-7.013688 -0.028365 6.308802 0.000000
-7.127058 -0.026778 6.893632 0.000000
-7.757751 -0.025154 7.074234 0.000000
-8.412288 3.581005 4.938460 0.000000
2.024276 -0.078386 1.499723 0.000000
3.954405 -0.049576 3.498553 0.000000
3.750067 -0.052535 3.167264 0.000000
4.314351 -0.044649 4.133296 0.000000
4.167407 -0.046617 3.865943 0.000000
4.024836 -0.048584 3.617332 0.000000
3.361390 -0.058461 2.593352 0.000000
3.372334 0.006202 2.555437 0.000000
7.036609 3.593651 4.934557 0.000000
2.980133 -0.063916 2.214341 0.000000
3.552280 -0.055504 2.866121 0.000000
3.303834 -0.058862 2.603152 0.000000
1.092332 10.673727 1.201338 0.000000
1.108481 13.929940 1.590438 0.000000
1.114456 19.208519 2.015559 0.000000
1.029679 31.167929 2.360609 0.000000
-1.015023 17.433886 2.363777 0.000000
-0.131193 25.676450 2.364855 0.000000
0.607171 31.900130 2.360447 0.000000
-1.078607 14.070680 2.112893 0.000000
-0.967207 20.206541 2.363998 0.000000
-0.553645 25.050979 2.363852 0.000000
0.150447 31.920997 2.360447 0.000000
-0.320560 21.770677 2.364002 0.000000
-0.948440 24.414079 2.363906 0.000000
-0.409126 31.733602 2.360506 0.000000
-1.088491 18.914674 2.042664 0.000000
-0.886668 31.243845 2.360631 0.000000
0.919831 23.046450 2.363961 0.000000
1.102938 9.772771 1.236237 0.000000
0.524351 22.087513 2.363990 0.000000
1.117004 21.645562 2.159803 0.000000
0.159080 21.127757 2.363999 0.000000
-0.176727 20.179775 2.363983 0.000000
0.419416 23.226131 2.363956 0.000000
1.120546 25.169590 2.258206 0.000000
-0.483280 19.241119 2.363941 0.000000
0.038283 22.513732 2.363985 0.000000
0.731771 26.477739 2.363711 0.000000
1.095499 19.910520 1.693054 0.000000
-0.762229 18.326098 2.363872 0.000000
1.400267 -0.118394 1.012915 0.000000
1.189512 -0.121746 0.810568 0.000000
6.149297 -0.027584 7.435751 0.000000
5.864991 -0.028446 7.320270 0.000000
6.858248 -0.025495 7.760138 0.000000
5.634727 -0.030523 6.764557 0.000000
6.661805 -0.026703 7.396831 0.000000
5.414021 -0.032618 6.258586 0.000000
4.622607 -0.040722 4.730798 0.000000
4.904841 -0.037877 5.186299 0.000000
4.466322 -0.042680 4.421343 0.000000
4.446899 -0.043162 4.330232 0.000000
6.296890 -0.029110 6.738916 0.000000
7.211205 -0.025772 7.353490 0.000000
5.311403 -0.033989 5.923550 0.000000
5.036592 -0.035861 5.615950 0.000000
5.811713 -0.032675 5.900115 0.000000
5.101616 -0.035771 5.585224 0.000000
-4.163211 0.790167 3.009622 0.000000
-8.675155 -0.027487 4.724287 0.000000
9.859424 -0.026033 3.929053 0.000000
2.744983 -0.507452 0.009332 0.000000
8.956517 -0.029168 3.222654 0.000000
9.652539 -0.027007 3.519248 0.000000
9.073148 -0.028942 3.146613 0.000000
9.849864 -0.027361 2.750349 0.000000
-9.485489 -0.027764 3.016400 0.000000
9.847258 -0.027713 2.387370 0.000000
8.808692 -0.027870 4.414599 0.000000
-0.806136 2.019176 0.005617 0.000000
-9.259020 -0.023219 6.611305 0.000000
-9.113096 -0.022237 7.377558 0.000000
-9.782350 -0.021273 7.315921 0.000000
9.768154 -0.022937 6.336413 0.000000
9.260583 -0.026167 4.832756 0.000000
-6.811259 -0.031535 5.197229 0.000000
-7.588058 -0.029120 5.327991 0.000000
-1.095321 21.774292 1.947492 0.000000
3.501332 -0.054737 3.068203 0.000000
3.622622 -0.052828 3.265720 0.000000
3.873310 -0.049009 3.700627 0.000000
2.629451 -0.067591 2.150778 0.000000
7.730476 3.634003 4.936403 0.000000
3.165778 -0.047623 2.553969 0.000000
5.684600 -0.029131 7.205132 0.000000
5.887476 -0.027221 7.757620 0.000000
5.963440 -0.027833 7.475303 0.000000
5.737044 -0.029873 6.908434 0.000000
6.636650 -0.026292 7.587840 0.000000
5.489940 -0.031047 6.700690 0.000000
5.522650 -0.031573 6.504429 0.000000
5.303483 -0.032966 6.239203 0.000000
5.213181 -0.033925 6.023765 0.000000
4.702468 -0.039748 4.894047 0.000000
4.414495 -0.041384 4.769108 0.000000
4.389639 -0.043665 4.274592 0.000000
5.124065 -0.034892 5.815598 0.000000
4.950705 -0.036831 5.424367 0.000000
4.866579 -0.037802 5.240513 0.000000
2.205006 -0.075189 1.675551 0.000000
-1.632967 6.619914 0.921774 0.000000
-1.092074 11.216430 0.853394 0.000000
-1.090627 8.949237 0.922936 0.000000
1.090779 8.404179 0.661355 0.000000
1.092434 10.891925 0.623767 0.000000
1.091580 9.489084 0.710842 0.000000
1.095761 21.370155 1.057902 0.000000
1.093140 12.302778 0.838692 0.000000
1.090484 8.048530 0.600819 0.000000
1.074724 35.720477 1.418813 0.000000
1.094742 16.832424 0.945509 0.000000
1.092083 10.264220 0.881318 0.000000
-1.094086 16.276865 1.122810 0.000000
0.565122 35.720522 1.569223 0.000000
-1.091913 10.919199 1.077159 0.000000
-1.094489 17.778197 1.276380 0.000000
-1.090456 8.720516 1.111973 0.000000
-1.095522 22.933389 1.420293 0.000000
-1.091574 10.337198 1.113803 0.000000
-1.096510 31.081386 1.409303 0.000000
-1.090108 8.296634 1.023253 0.000000
-1.092598 12.258307 1.087338 0.000000
-1.095049 20.251374 1.088944 0.000000
1.096378 25.199733 1.209909 0.000000
1.093704 13.635283 0.989934 0.000000
1.091012 8.700983 0.697713 0.000000
0.859902 35.720579 1.661441 0.000000
1.095243 18.836111 1.109175 0.000000
0.215234 35.720605 1.748262 0.000000
-0.347926 35.720670 1.873262 0.000000
-1.094880 19.467328 1.437752 0.000000
1.097366 34.516980 1.440513 0.000000
-1.095948 25.952226 1.768381 0.000000
8.010727 3.564378 4.936982 0.000000
1.091673 9.641113 0.331338 0.000000
1.093205 12.481036 0.222252 0.000000
1.090908 8.577338 0.261194 0.000000
1.094838 17.245116 0.237209 0.000000
1.092382 10.821014 0.135386 0.000000
1.096417 25.621874 0.372134 0.000000
-1.090230 8.451133 0.677027 0.000000
-1.096210 27.931191 0.130229 0.000000
-0.377078 13.789339 -0.004330 0.000000
-1.094741 18.763833 0.287432 0.000000
-0.520839 14.431906 -0.004668 0.000000
-1.093115 13.428620 0.266629 0.000000
-0.978876 15.794447 -0.005362 0.000000
-0.284858 6.908229 0.000010 0.000000
-1.091690 10.531692 0.521149 0.000000
-1.093036 13.210039 0.017593 0.000000
-0.470352 6.828853 0.000073 0.000000
-1.090026 8.203818 0.429858 0.000000
-0.688667 7.255436 0.000977 0.000000
-0.906611 7.632349 0.000738 0.000000
-0.261883 35.720037 0.469999 0.000000
1.141486 15.365107 0.199050 0.000000
0.928447 35.719953 0.213952 0.000000
1.095782 21.583056 0.095750 0.000000
1.093114 12.279911 -0.002169 0.000000
0.984150 7.641610 0.000654 0.000000
0.203465 35.720073 0.570077 0.000000
0.810411 28.503271 -0.011297 0.000000
0.683517 12.396697 -0.003590 0.000000
0.752735 7.309274 0.000161 0.000000
0.536461 32.061660 -0.012830 0.000000
0.409559 12.371872 -0.003569 0.000000
0.470940 6.814931 0.000067 0.000000
-0.848269 35.720187 0.773793 0.000000
-0.009958 35.719908 0.155068 0.000000
0.270490 12.767824 -0.003786 0.000000
0.281844 6.803811 0.000082 0.000000
-1.095981 26.078013 0.760119 0.000000
0.352209 6.615544 0.000232 0.000000
1.095948 22.285586 1.796169 0.000000
-0.823779 19.050310 2.364870 0.000000
-0.413470 23.217542 2.365057 0.000000
0.184006 28.882511 2.362346 0.000000
1.014580 35.720869 2.222828 0.000000
-1.076673 18.031856 2.353539 0.000000
-0.767449 22.410464 2.365070 0.000000
-0.362882 28.375878 2.361353 0.000000
-1.078943 13.722590 2.019952 0.000000
-1.074755 21.119376 2.327872 0.000000
-1.079983 10.883537 1.803190 0.000000
-1.095751 24.532336 2.255007 0.000000
-1.080336 8.873505 1.652537 0.000000
-1.079657 11.932718 1.681361 0.000000
-1.096193 28.013206 1.818192 0.000000
-1.082764 9.457610 1.511942 0.000000
1.093644 13.448726 1.319469 0.000000
1.115364 20.318151 2.056464 0.000000
0.886456 23.734316 2.365001 0.000000
1.110941 16.214660 1.678026 0.000000
1.118375 23.291478 2.181373 0.000000
-1.094731 18.796800 1.489173 0.000000
0.788497 25.387764 2.364957 0.000000
1.092814 11.582743 1.195824 0.000000
-0.225364 20.906239 2.364993 0.000000
0.366185 24.716919 2.364997 0.000000
1.094340 15.421666 1.349677 0.000000
-0.538510 19.970889 2.364943 0.000000
-0.035185 23.989779 2.365032 0.000000
-1.082489 7.800734 1.409387 0.000000
-1.093239 13.777630 1.333583 0.000000
-8.117276 -0.025156 6.720612 0.000000
-8.673411 -0.024031 6.759780 0.000000
5.801523 -0.039740 3.575760 0.000000
-8.455987 -0.023695 7.170829 0.000000
-9.726359 -0.021656 7.117451 0.000000
-8.806314 -0.022086 7.759980 0.000000
9.314831 -0.024179 6.061634 0.000000
8.385925 -0.031989 2.325349 0.000000
7.821231 -0.034239 2.086836 0.000000
7.401465 -0.036220 1.802900 0.000000
-9.801688 -0.024889 4.754094 0.000000
8.565025 -0.030092 3.362748 0.000000
7.051649 -0.026302 7.250766 0.000000
6.854113 -0.027731 6.807622 0.000000
0.886373 1.967601 0.005672 0.000000
0.668284 1.890991 0.005871 0.000000
-1.282763 4.664478 0.001991 0.000000
-0.650487 2.761582 0.004405 0.000000
-1.706565 5.968445 0.000748 0.000000
-1.246134 4.332670 0.002343 0.000000
-1.071405 3.508341 0.003322 0.000000
-0.232796 2.227352 0.005316 0.000000
-0.274043 1.802087 0.006118 0.000000
-1.248745 3.862678 0.002870 0.000000
5.630347 -0.413551 0.005148 0.000000
9.021747 -0.031398 0.435671 0.000000
9.526354 -0.029807 0.647506 0.000000
7.168418 -0.203436 0.003824 0.000000
5.543192 -0.622508 0.005403 0.000000
7.167945 -2.370879 0.005037 0.000000
-15.621626 1.335580 0.001013 0.000000
27.589870 -4.173406 0.001336 0.000000
12.647725 -3.308606 0.002973 0.000000
16.582604 -2.871379 0.001966 0.000000
9.697206 -2.717738 0.003733 0.000000
24.134188 -2.211082 0.000353 0.000000
12.132099 -2.569742 0.002819 0.000000
16.224621 -1.961294 0.001677 0.000000
9.842206 -2.057446 0.003392 0.000000
-9.359460 -0.344156 0.003143 0.000000
6.593257 -1.339230 0.004949 0.000000
4.307398 -1.609056 0.007922 0.000000
8.968841 -0.896239 0.003236 0.000000
15.904228 0.181872 0.000835 0.000000
-9.351002 -0.029254 1.862500 0.000000
27.219652 0.475945 -0.000547 0.000000
12.705232 -1.016866 0.002009 0.000000
8.264445 -1.682877 0.003987 0.000000
19.520284 0.351510 0.000253 0.000000
6.209660 -1.911304 0.005629 0.000000
10.917358 -1.188846 0.002605 0.000000
7.495851 -1.565235 0.004402 0.000000
9.660482 -0.993548 0.002981 0.000000
31.381471 3.608459 -0.002036 0.000000
9.605487 -0.024431 5.523316 0.000000
-6.006110 -0.027877 7.365562 0.000000
-6.383689 -0.026395 7.666962 0.000000
-9.547825 -0.024179 5.630641 0.000000
9.850032 -0.028311 1.654484 0.000000
-8.060556 -0.029503 4.474249 0.000000
8.378549 -0.030457 3.488890 0.000000
-7.419910 -0.028601 5.772923 0.000000
-9.740112 -0.020886 7.620531 0.000000
-8.203122 -0.024170 7.157598 0.000000
16.064761 -3.473315 0.002312 0.000000
6.099864 -3.111252 0.006312 0.000000
9.620046 -3.153290 0.003942 0.000000
22.834988 -2.908597 0.001575 0.000000
12.687198 -3.726562 0.003125 0.000000
7.923112 -2.765958 0.004683 0.000000
15.471541 -2.259867 0.001932 0.000000
9.402826 -2.423563 0.003742 0.000000
-7.304169 -0.910065 0.004431 0.000000
-5.638184 -0.866289 0.005678 0.000000
-7.562372 -0.539168 0.004063 0.000000
-4.354380 -1.764697 0.008068 0.000000
-19.988030 2.873420 0.000486 0.000000
-10.630459 -0.134578 0.002631 0.000000
-7.180727 -1.125759 0.004632 0.000000
-19.407973 1.931883 0.000424 0.000000
-10.644947 -0.526475 0.002808 0.000000
-20.272394 1.264702 0.000664 0.000000
27.619119 -5.111750 0.001684 0.000000
-8.931844 -3.378270 0.004689 0.000000
-13.421423 -2.389853 0.002946 0.000000
-29.918174 -1.717505 0.001435 0.000000
-10.702959 -2.959034 0.003849 0.000000
-19.502208 -3.154371 0.002474 0.000000
-8.726363 -2.398647 0.004391 0.000000
-14.235665 -3.780229 0.003346 0.000000
-37.768944 -5.346678 0.002054 0.000000
38.462075 -13.528721 0.003713 0.000000
14.338124 -6.651693 0.003642 0.000000
20.996457 -7.206235 0.003080 0.000000
6.350725 -4.379060 0.006445 0.000000
11.173042 -5.050530 0.004044 0.000000
37.777144 -9.282549 0.002558 0.000000
4.969126 -3.987667 0.008030 0.000000
-7.295342 -2.112964 0.005078 0.000000
-2.839492 -2.980026 0.013271 0.000000
-6.267622 -2.464744 0.006066 0.000000
-18.288703 -1.237595 0.001812 0.000000
14.992246 -5.271592 0.003190 0.000000
9.190722 -4.312600 0.004558 0.000000
22.154138 -5.461174 0.002259 0.000000
6.783115 -3.717186 0.005875 0.000000
7.942145 -3.610456 0.004996 0.000000
-14.640228 -0.308713 0.001875 0.000000
-34.697929 2.981207 -0.000248 0.000000
-24.867444 0.364425 0.000746 0.000000
-10.829215 -1.859396 0.003356 0.000000
-20.017918 -1.103417 0.001608 0.000000
-17.015809 -2.022008 0.002260 0.000000
35.342464 -10.775236 0.003060 0.000000
13.956940 -5.810681 0.003512 0.000000
8.655943 -4.508548 0.004883 0.000000
-6.640815 -1.508856 0.005237 0.000000
8.567534 -3.698807 0.004661 0.000000
18.924363 -6.014765 0.002826 0.000000
6.390275 -4.034766 0.006306 0.000000
10.594688 -4.452330 0.004025 0.000000
29.225710 -6.487383 0.002089 0.000000
17.957349 -4.389951 0.002343 0.000000
6.312601 -3.590489 0.006261 0.000000
10.215106 -3.434517 0.003803 0.000000
32.269057 5.396867 -0.001176 0.000000
9.686959 -0.029411 0.534616 0.000000
14.015520 0.979356 0.000833 0.000000
8.827517 -0.345094 0.003017 0.000000
28.441075 5.303592 -0.002547 0.000000
8.799037 -0.097299 0.002897 0.000000
4.984259 -0.325877 0.005716 0.000000
8.958492 -0.030858 1.625243 0.000000
4.413803 -0.215814 0.006248 0.000000
9.719687 -1.098786 0.003007 0.000000
-9.848184 -0.027984 1.768527 0.000000
16.788573 -1.253707 0.001298 0.000000
9.823008 -1.705922 0.003244 0.000000
27.641805 0.478308 0.000396 0.000000
5.349706 -2.130695 0.006725 0.000000
8.535206 -1.654418 0.003825 0.000000
19.719052 0.064223 0.000344 0.000000
22.534306 3.634011 -0.001473 0.000000
9.118420 -0.031124 0.376946 0.000000
-9.849571 -0.028283 1.341121 0.000000
7.974752 -0.257464 0.003390 0.000000
-9.404462 -0.028899 2.099400 0.000000
5.014294 -0.613509 0.005956 0.000000
-8.594305 -0.031257 2.139026 0.000000
-19.100740 -2.993461 0.002440 0.000000
-14.027796 -3.441185 0.003253 0.000000
-36.038654 -4.822581 0.002584 0.000000
28.535307 -8.540616 0.002957 0.000000
12.771327 -5.231879 0.003656 0.000000
8.199805 -4.283298 0.005060 0.000000
-6.388169 -2.940367 0.006165 0.000000
21.513668 -5.148512 0.002222 0.000000
33.793254 -4.936212 0.001237 0.000000
7.829275 -3.466583 0.005016 0.000000
14.611344 -3.757971 0.002694 0.000000
-7.044803 -2.160667 0.005278 0.000000
-10.374437 -1.661986 0.003410 0.000000
-4.203420 -2.715875 0.009049 0.000000
-17.607520 -1.080007 0.001808 0.000000
-13.084680 -2.195868 0.002941 0.000000
-29.134801 -1.517167 0.001212 0.000000
14.387196 -0.507115 0.001405 0.000000
34.902766 4.024695 -0.002422 0.000000
6.588860 -1.831519 0.005236 0.000000
9.181067 -1.229821 0.003302 0.000000
14.948523 0.327642 0.000931 0.000000
9.543637 -0.660376 0.002867 0.000000
16.335477 1.291453 0.000260 0.000000
8.915185 -1.590977 0.003601 0.000000
-8.456416 -0.033025 0.317126 0.000000
-5.328915 -1.069098 0.006150 0.000000
-7.182172 -0.792216 0.004437 0.000000
-18.629134 2.242996 0.000341 0.000000
-13.581641 0.410032 0.001724 0.000000
-32.896123 4.910728 -0.001307 0.000000
36.317907 1.488433 -0.000653 0.000000
14.526010 -0.985625 0.001585 0.000000
33.598994 2.451195 -0.001779 0.000000
-9.187681 -0.836322 0.003456 0.000000
-14.644558 0.039825 0.001722 0.000000
-7.668763 -1.446011 0.004505 0.000000
-38.478140 4.297491 -0.001083 0.000000
-11.512806 -0.806658 0.002699 0.000000
-6.659835 -1.953059 0.005467 0.000000
11.379604 -1.993382 0.002805 0.000000
19.719013 -1.313273 0.000899 0.000000
37.441295 -3.351360 0.000402 0.000000
-22.741357 0.437228 0.000817 0.000000
-16.494791 -0.987183 0.001909 0.000000
-13.263109 -1.882720 0.002766 0.000000
-31.172096 -0.871250 0.000956 0.000000
33.761120 -4.412279 0.001023 0.000000
14.729039 -2.910013 0.002334 0.000000
6.369688 -2.934781 0.005971 0.000000
9.208165 -2.762742 0.003974 0.000000
16.797404 -2.341158 0.001739 0.000000
10.101522 -2.356886 0.003414 0.000000
9.238568 -0.027652 3.815787 0.000000
9.790059 -0.024695 5.075374 0.000000
-0.713508 6.102828 0.000671 0.000000
-0.964173 6.649606 0.000212 0.000000
-0.420657 5.107315 0.001588 0.000000
-1.205151 7.502652 0.000910 0.000000
-1.066945 6.209785 0.000572 0.000000
-1.352677 6.907060 0.000005 0.000000
0.118214 4.044518 0.002720 0.000000
0.368785 4.241112 0.002484 0.000000
-0.534059 4.420857 0.002293 0.000000
0.160618 4.287232 0.002441 0.000000
-0.011682 4.485185 0.002228 0.000000
-0.977610 6.031021 0.000727 0.000000
-1.109469 7.371935 0.000994 0.000000
-0.279135 5.167422 0.001530 0.000000
-0.430024 5.569315 0.001149 0.000000
0.285247 3.259828 0.003703 0.000000
0.268927 2.565740 0.004734 0.000000
0.387329 3.096925 0.003922 0.000000
0.934249 4.669501 0.001977 0.000000
0.078587 2.931012 0.004180 0.000000
0.178688 3.460948 0.003439 0.000000
-0.184997 3.476570 0.003424 0.000000
0.065879 3.706804 0.003128 0.000000
0.502712 4.397061 0.002302 0.000000
-0.367682 4.067575 0.002695 0.000000
1.213595 3.939759 0.002743 0.000000
1.355384 5.267771 0.001344 0.000000
-4.423697 0.791857 3.012066 0.000000
-6.992960 -0.028659 6.203128 0.000000
-8.385290 -0.023139 7.545664 0.000000
-9.734592 -0.021039 7.523474 0.000000
9.894428 -0.022740 6.319952 0.000000
9.297764 -0.314002 0.002795 0.000000
7.283192 -0.483009 0.003927 0.000000
37.227642 7.880726 -0.004084 0.000000
-22.732862 3.429152 0.000502 0.000000
34.157940 2.823953 -0.001204 0.000000
14.089412 -0.374301 0.001413 0.000000
31.698329 3.667742 -0.002087 0.000000
8.997894 -1.152865 0.003349 0.000000
32.544790 5.105051 -0.002721 0.000000
14.411057 0.979856 0.000756 0.000000
-5.290524 -0.706803 0.005893 0.000000
-7.657301 -0.036055 0.164769 0.000000
19.773460 -2.912066 0.001505 0.000000
10.750208 -2.619976 0.003280 0.000000
20.576210 -2.174700 0.001168 0.000000
7.209158 -2.694791 0.005150 0.000000
11.010928 -2.382983 0.003091 0.000000
7.627766 -2.390041 0.004715 0.000000
12.161291 -1.644551 0.002425 0.000000
27.176928 0.307665 0.000092 0.000000
13.558242 -1.107456 0.001842 0.000000
8.864918 -1.749877 0.003700 0.000000
6.693520 -1.923066 0.005196 0.000000
9.587485 -0.027896 2.874404 0.000000
9.142720 -0.029366 2.617059 0.000000
-9.834942 -0.027861 1.971566 0.000000
-9.290691 -0.029523 1.742525 0.000000
-9.269659 3.598802 4.940514 0.000000
9.855284 -0.023670 5.717537 0.000000
9.534866 -0.025013 5.220436 0.000000
-0.141399 9.852719 -0.002059 0.000000
-0.316011 10.991104 -0.002753 0.000000
-0.478108 12.330662 -0.003529 0.000000
-0.062914 6.244471 0.000551 0.000000
-0.803113 14.378347 -0.004637 0.000000
-0.385630 6.699419 0.000177 0.000000
-1.092970 13.060493 0.006983 0.000000
-0.499508 7.233044 0.000927 0.000000
-0.711408 7.865708 0.000524 0.000000
0.760633 3.828904 0.002932 0.000000
0.962889 6.845262 0.000019 0.000000
1.022550 4.399936 0.002253 0.000000
1.164082 3.547451 0.003223 0.000000
0.762264 7.073395 0.000995 0.000000
0.937334 4.068123 0.002632 0.000000
0.913209 3.387324 0.003467 0.000000
0.620323 7.417033 0.000776 0.000000
0.915281 2.869400 0.004182 0.000000
0.471919 7.851697 0.000507 0.000000
0.511194 5.238738 0.001440 0.000000
0.313071 8.391501 0.000186 0.000000
0.425777 2.786804 0.004374 0.000000
0.105157 9.160914 -0.001617 0.000000
-0.957868 8.658865 0.000053 0.000000
-1.089945 8.100484 0.139693 0.000000
1.219320 4.523995 0.002098 0.000000
-0.869501 5.232439 0.001455 0.000000
-1.534395 6.382388 0.000409 0.000000
1.642069 6.389721 0.000335 0.000000
1.311102 6.267158 0.000465 0.000000
1.504955 5.712801 0.000923 0.000000
1.194165 6.525130 0.000261 0.000000
1.218369 5.582334 0.001067 0.000000
1.182355 5.225981 0.001401 0.000000
2.766119 -0.392155 0.009037 0.000000
-9.706209 -0.022348 6.674029 0.000000
-9.481428 -0.021536 7.450086 0.000000
-0.554967 32.715330 2.360272 0.000000
1.096602 26.736589 1.905349 0.000000
-0.996732 30.492555 2.360806 0.000000
-0.084469 34.029765 2.359940 0.000000
0.870828 35.720886 2.268980 0.000000
1.095476 19.841917 1.562553 0.000000
-1.095323 21.805926 1.832625 0.000000
0.059896 35.087820 2.359661 0.000000
1.097083 31.126390 1.962612 0.000000
-1.093906 15.694302 1.604917 0.000000
-1.001907 29.779566 2.360960 0.000000
-0.327943 35.720887 2.292140 0.000000
-1.092482 12.007239 1.400744 0.000000
-1.094975 19.934503 1.714312 0.000000
-0.841223 35.041672 2.359693 0.000000
-1.091057 9.532817 1.266710 0.000000
1.092921 11.803041 1.130755 0.000000
1.097159 31.865206 1.927965 0.000000
1.094462 15.808934 1.352457 0.000000
1.096080 23.091939 1.605714 0.000000
-1.095900 25.635512 1.992270 0.000000
-0.516463 35.720802 2.119517 0.000000
-1.094493 17.800254 1.460213 0.000000
-1.096836 35.274951 2.075954 0.000000
-1.095433 22.396445 1.507835 0.000000
-1.093876 15.608711 1.209196 0.000000
-1.092475 11.998689 1.057126 0.000000
7.269779 3.629973 4.935233 0.000000
-6.843973 -0.026967 7.062185 0.000000
-7.055971 -0.025672 7.449249 0.000000
-1.093384 14.150271 1.191930 0.000000
-1.094219 16.772885 1.785191 0.000000
1.097217 32.551232 1.653079 0.000000
-0.996957 28.532546 2.361220 0.000000
-1.095599 23.508774 2.180324 0.000000
-0.904665 35.720922 2.311213 0.000000
-1.096063 26.884962 1.968179 0.000000
-1.092832 12.774275 1.554410 0.000000
-1.094633 18.369488 1.539801 0.000000
-1.096408 30.013100 1.579521 0.000000
-1.093160 13.564228 1.269430 0.000000
-1.094884 19.467109 1.153966 0.000000
-4.339061 0.791241 2.994476 0.000000
-0.376548 29.494916 2.361008 0.000000
3.256769 -0.057252 2.934040 0.000000
8.506308 3.584808 4.938222 0.000000
6.976970 3.583944 4.934381 0.000000
4.783702 -0.038775 5.063808 0.000000
5.545873 -0.029735 7.095219 0.000000
5.785224 -0.028172 7.476044 0.000000
5.396345 -0.032001 6.466006 0.000000
5.192718 -0.033621 6.130021 0.000000
4.069931 -0.046140 4.067660 0.000000
4.273792 -0.043284 4.473424 0.000000
1.061185 31.432801 2.360547 0.000000
1.091655 9.585048 0.958550 0.000000
0.743576 28.036519 2.364667 0.000000
1.095568 20.293086 1.606141 0.000000
1.093176 12.360713 1.061431 0.000000
0.288049 26.856666 2.364770 0.000000
1.094659 16.484810 1.317086 0.000000
0.793737 31.384775 2.360562 0.000000
1.096308 24.597017 1.755348 0.000000
1.093855 14.021121 1.093073 0.000000
-0.514749 24.499380 2.364915 0.000000
0.123565 30.424159 2.360790 0.000000
-0.863258 23.342764 2.364951 0.000000
1.090579 8.149100 0.815568 0.000000
1.108483 17.691278 1.619803 0.000000
-8.591667 -0.026402 5.492103 0.000000
-9.576735 -0.023151 6.287324 0.000000
9.877925 -0.027174 2.868083 0.000000
-9.876533 -0.023519 5.650672 0.000000
-8.348074 -0.024800 6.672785 0.000000
-9.155299 -0.021754 7.632232 0.000000
7.815780 -0.030333 4.523110 0.000000
5.037454 -0.307640 0.005642 0.000000
-9.845264 -0.025563 4.155710 0.000000
5.928740 -0.398380 0.004871 0.000000
1.092572 11.128649 0.991184 0.000000
1.097096 31.301179 1.823422 0.000000
1.093872 14.090876 0.830359 0.000000
0.911529 35.720662 1.823062 0.000000
-1.093373 14.120465 1.393083 0.000000
-1.095151 20.775145 1.081058 0.000000
-1.047141 35.720283 0.964029 0.000000
-1.095315 21.646430 0.744969 0.000000
-1.096605 32.228569 1.586798 0.000000
-1.092065 11.203076 0.782395 0.000000
-1.090484 8.766126 0.496985 0.000000
-1.095730 24.357569 1.904597 0.000000
1.095434 19.688014 1.058836 0.000000
1.093155 12.345661 0.632900 0.000000
-0.571274 34.507742 2.359823 0.000000
1.097113 31.586806 1.283527 0.000000
1.094770 16.958739 0.684771 0.000000
-0.905155 32.608016 2.360310 0.000000
-0.629883 35.720749 2.007114 0.000000
0.924087 35.720263 0.961689 0.000000
-1.099511 29.395780 1.903649 0.000000
-0.561987 35.720542 1.589836 0.000000
0.327405 35.720245 0.969168 0.000000
-1.094781 19.031615 1.432758 0.000000
-5.988778 -0.027081 7.680189 0.000000
-1.211765 6.298056 0.000493 0.000000
-1.510673 7.369859 0.000214 0.000000
0.665444 1.521770 0.006628 0.000000
-0.141636 2.149622 0.005459 0.000000
-0.356501 3.769181 0.003051 0.000000
-0.193875 3.342289 0.003602 0.000000
-0.713163 5.140494 0.001549 0.000000
-8.617077 3.613890 4.939003 0.000000
7.510065 -4.426500 0.005539 0.000000
-17.618297 -2.515614 0.002410 0.000000
-8.228330 -2.909652 0.004859 0.000000
-5.526552 -3.059996 0.007115 0.000000
-13.058786 -3.179050 0.003333 0.000000
-7.017927 -3.215334 0.005753 0.000000
-29.360639 -3.601395 0.002182 0.000000
-10.203759 -3.509689 0.004232 0.000000
-18.871338 -4.214143 0.002965 0.000000
21.820880 -8.392795 0.003222 0.000000
11.049270 -5.455276 0.004559 0.000000
-4.221349 -3.147838 0.009199 0.000000
14.737021 -5.636176 0.003364 0.000000
5.609219 -4.040927 0.007368 0.000000
21.511598 -6.067167 0.002587 0.000000
11.401093 -4.510993 0.003784 0.000000
39.544397 -7.153691 0.001826 0.000000
-2.080131 -2.884683 0.017626 0.000000
-2.361028 -2.804091 0.015630 0.000000
-2.665038 -2.825074 0.013989 0.000000
-8.450745 -2.141875 0.004412 0.000000
-3.050282 -2.852259 0.012347 0.000000
-3.608109 -2.927439 0.010575 0.000000
-26.993152 -1.154592 0.001273 0.000000
-10.028098 -2.503942 0.003893 0.000000
15.372426 -4.259122 0.002733 0.000000
9.470131 -3.647236 0.004196 0.000000
-15.460480 -1.329462 0.002173 0.000000
-8.339925 -2.368170 0.004571 0.000000
-12.825248 -2.000648 0.002908 0.000000
-28.442372 -1.716963 0.001466 0.000000
-11.177558 -2.771476 0.003631 0.000000
-21.849197 -2.974993 0.002236 0.000000
29.102998 -9.697385 0.003107 0.000000
12.789331 -5.702961 0.003750 0.000000
17.147988 -5.880682 0.003005 0.000000
9.824278 -4.564673 0.004366 0.000000
25.946831 -6.298976 0.002268 0.000000
12.534000 -4.372827 0.003408 0.000000
5.333130 -3.747863 0.007416 0.000000
-11.167831 -1.268643 0.002996 0.000000
-20.075166 -0.104562 0.001215 0.000000
16.834354 -4.210315 0.002472 0.000000
7.078017 -3.387064 0.005524 0.000000
-6.719798 -1.391447 0.005108 0.000000
-9.710192 -0.694563 0.003191 0.000000
-16.305761 0.641929 0.001231 0.000000
-8.191688 -1.323720 0.004154 0.000000
-12.568485 -0.421923 0.002280 0.000000
-26.336310 1.691034 0.000144 0.000000
-10.070934 -1.200968 0.003304 0.000000
-8.775696 -1.907326 0.004148 0.000000
-14.242709 -1.460092 0.002411 0.000000
7.820299 -2.894322 0.004803 0.000000
9.500597 -3.241178 0.004028 0.000000
19.649633 -3.388113 0.001760 0.000000
11.227212 -2.859181 0.003213 0.000000
-15.439553 -3.568558 0.003077 0.000000
-32.746711 -1.085917 0.001134 0.000000
-6.519526 -2.867370 0.006018 0.000000
-20.843437 -2.754870 0.002263 0.000000
-9.248501 -3.185215 0.004475 0.000000
19.776478 -5.930535 0.002734 0.000000
25.736414 -5.756512 0.002054 0.000000
12.572517 -4.113426 0.003287 0.000000
38.098528 -5.502578 0.001210 0.000000
15.181944 -3.662967 0.002537 0.000000
-18.631457 -0.884200 0.001633 0.000000
7.014141 -1.732929 0.004837 0.000000
-9.811801 -0.028534 1.093642 0.000000
21.598736 -1.440046 0.000755 0.000000
11.336257 -2.168348 0.002894 0.000000
39.464109 0.620180 -0.000273 0.000000
14.858351 -1.297765 0.001652 0.000000
23.101616 -0.149889 0.000041 0.000000
17.151400 -0.358480 0.000867 0.000000
-6.347995 -0.510086 0.004825 0.000000
-4.894285 -0.976644 0.006571 0.000000
-6.277726 -0.258901 0.004698 0.000000
-9.809454 -0.027755 2.176088 0.000000
22.914449 2.346956 -0.000922 0.000000
11.643669 -0.104962 0.001887 0.000000
19.372227 2.187689 0.000344 0.000000
17.690661 2.238396 0.000510 0.000000
11.193803 -3.026774 0.003290 0.000000
33.368882 -2.600263 0.000692 0.000000
5.779148 -2.822371 0.006551 0.000000
8.825544 -2.762503 0.004164 0.000000
-33.459986 3.264650 -0.000577 0.000000
-16.143835 1.601225 0.000843 0.000000
-14.532827 0.647965 0.001460 0.000000
-8.643435 -1.058918 0.003801 0.000000
-35.472318 5.336642 -0.001464 0.000000
-13.839933 -0.126565 0.001910 0.000000
-8.513615 -1.472964 0.004067 0.000000
-13.777139 -0.655751 0.002149 0.000000
-34.232823 2.124693 -0.000147 0.000000
24.970966 -5.521429 0.002068 0.000000
12.131755 -3.987815 0.003376 0.000000
14.825649 -3.600181 0.002587 0.000000
20.573280 -3.348503 0.001631 0.000000
-37.490615 0.596763 0.000460 0.000000
15.143651 -1.568872 0.001706 0.000000
16.198700 -0.704298 0.001164 0.000000
9.804690 -1.571759 0.003193 0.000000
18.180618 0.390723 0.000399 0.000000
10.699384 -0.802978 0.002495 0.000000
9.034069 -2.249723 0.003842 0.000000
-13.113510 -0.028397 0.001996 0.000000
-10.109139 -0.227276 0.002827 0.000000
-17.611885 1.546978 0.000721 0.000000
-29.262651 3.022261 -0.000432 0.000000
-6.325377 -1.937425 0.005741 0.000000
-19.152075 0.427673 0.000960 0.000000
-14.725997 -0.973226 0.002129 0.000000
14.821874 -2.100190 0.001989 0.000000
39.712844 0.434246 0.000060 0.000000
6.978993 -0.407202 0.004078 0.000000
5.735778 -0.683589 0.005264 0.000000
14.184038 0.275245 0.001103 0.000000
34.489985 4.586919 -0.001101 0.000000
31.300545 5.156006 -0.001180 0.000000
8.984757 -0.650076 0.003104 0.000000
13.926752 0.992266 0.000844 0.000000
9.868263 -0.029032 0.242467 0.000000
-7.027912 -1.847604 0.005132 0.000000
-9.970948 -1.691937 0.003563 0.000000
-16.234309 -1.160208 0.002003 0.000000
8.048768 -3.902681 0.005029 0.000000
10.189870 -3.749063 0.003931 0.000000
12.297820 -4.591494 0.003552 0.000000
-26.916176 -1.313337 0.001337 0.000000
-19.401231 -2.566183 0.002251 0.000000
-15.227798 -3.358708 0.003035 0.000000
26.944852 -9.507389 0.003669 0.000000
12.383583 -5.759021 0.004095 0.000000
8.018043 -4.637006 0.005417 0.000000
16.745335 -5.911969 0.003133 0.000000
9.637620 -4.504389 0.004423 0.000000
25.534724 -6.421102 0.002373 0.000000
6.348128 -2.719261 0.005900 0.000000
10.393395 -3.283705 0.003676 0.000000
21.208459 -5.618745 0.002457 0.000000
32.119236 -5.885267 0.001718 0.000000
7.553032 -3.633375 0.005259 0.000000
13.699166 -4.005021 0.002984 0.000000
17.895233 -3.797638 0.002145 0.000000
6.220667 -3.310693 0.006261 0.000000
26.932608 -3.270159 0.001015 0.000000
7.023238 -3.010698 0.005426 0.000000
12.797480 -2.908572 0.002775 0.000000
-7.416633 -1.823743 0.004854 0.000000
-5.092801 -2.272979 0.007297 0.000000
-11.022032 -1.442569 0.003114 0.000000
-20.920939 -0.269306 0.001207 0.000000
-9.214009 -2.195015 0.004082 0.000000
-15.162253 -1.630320 0.002338 0.000000
-7.858840 -2.440896 0.004872 0.000000
-5.350124 -2.644089 0.007154 0.000000
-12.008781 -2.375327 0.003248 0.000000
-6.869260 -2.804617 0.005704 0.000000
-24.887350 -2.121668 0.001760 0.000000
-10.062631 -2.942918 0.004061 0.000000
-17.819228 -3.179079 0.002649 0.000000
17.873166 -4.985930 0.002865 0.000000
10.173708 -3.984856 0.004024 0.000000
21.359907 -4.267024 0.001886 0.000000
11.399868 -3.463134 0.003388 0.000000
27.721058 -3.616858 0.001050 0.000000
13.194027 -3.030167 0.002708 0.000000
5.950197 -3.013325 0.006436 0.000000
8.602443 -2.848674 0.004317 0.000000
9.863448 -2.461526 0.003557 0.000000
8.460068 -3.562371 0.004671 0.000000
-14.446961 -4.066374 0.003460 0.000000
-39.137018 -6.424588 0.001633 0.000000
18.151729 -7.072756 0.003556 0.000000
10.152848 -5.006743 0.004508 0.000000
27.969202 -8.054746 0.003216 0.000000
12.984901 -5.096419 0.003537 0.000000
17.513194 -5.037234 0.002674 0.000000
26.951916 -5.094118 0.001714 0.000000
13.040331 -3.855527 0.003085 0.000000
-8.816485 -3.497749 0.004811 0.000000
-19.360857 -1.589593 0.001901 0.000000
-2.496611 -2.938584 0.014938 0.000000
-10.843614 -2.178763 0.003485 0.000000
-4.583694 -2.872461 0.008407 0.000000
-8.677241 -2.406258 0.004417 0.000000
-5.438119 -2.896719 0.007157 0.000000
-4.175429 -3.133767 0.009290 0.000000
-13.965805 -2.439913 0.002863 0.000000
-7.454773 -2.879409 0.005312 0.000000
-4.936474 -3.050908 0.007908 0.000000
-32.864770 -2.504818 0.001690 0.000000
-10.893975 -3.004799 0.003809 0.000000
-6.306799 -3.399915 0.006411 0.000000
-20.220240 -3.523009 0.001923 0.000000
-1.999885 -2.879824 0.018263 0.000000
-1.092435 11.893036 0.092814 0.000000
-0.656768 14.574257 -0.004739 0.000000
-1.052553 15.290335 -0.005108 0.000000
-1.091991 11.039542 0.170514 0.000000
6.403809 -0.028556 6.861917 0.000000
6.185976 -0.026837 7.698741 0.000000
5.922422 -0.028982 7.083709 0.000000
7.458292 -0.024889 7.555540 0.000000
-0.464222 13.786729 -0.004328 0.000000
9.378747 -0.023648 6.325329 0.000000
1.125181 4.681019 0.001946 0.000000
1.766039 7.496539 0.000360 0.000000
1.401080 7.482010 0.000390 0.000000
1.232929 7.585139 0.000329 0.000000
1.322017 4.632624 0.001972 0.000000
-1.091656 10.451763 0.052349 0.000000
0.204817 11.804755 -0.003240 0.000000
0.911598 13.040911 -0.003954 0.000000
-0.672812 13.478880 -0.004159 0.000000
-0.282396 12.654920 -0.003713 0.000000
0.110652 12.483393 -0.003625 0.000000
0.450846 12.986205 -0.003912 0.000000
-1.093277 13.827355 0.160722 0.000000
-0.702381 14.781690 -0.004850 0.000000
-0.057790 13.581411 -0.004224 0.000000
0.240320 12.927644 -0.003875 0.000000
-0.149292 11.243528 -0.002907 0.000000
-1.093568 17.323830 -0.006129 0.000000
-1.090167 8.367090 0.337004 0.000000
-1.092878 12.844801 0.050311 0.000000
-0.687066 16.132966 -0.005538 0.000000
-0.398390 13.369641 -0.004104 0.000000
-1.091305 9.903895 0.300635 0.000000
1.035519 11.199346 -0.002912 0.000000
0.497973 6.379879 0.000421 0.000000
0.907664 8.032106 0.000052 0.000000
0.790180 8.457560 -0.001162 0.000000
0.236733 7.528140 0.000395 0.000000
0.410546 8.809034 -0.001389 0.000000
1.090315 7.866378 0.145402 0.000000
0.015741 8.454987 -0.001137 0.000000
0.396223 9.511904 -0.001854 0.000000
0.936990 11.255736 -0.002943 0.000000
1.092006 10.171347 0.057942 0.000000
-0.103011 9.772563 -0.002008 0.000000
0.104200 10.368041 -0.002385 0.000000
0.401816 11.558424 -0.003104 0.000000
1.050927 13.595727 -0.004260 0.000000
-0.450220 11.269242 -0.002918 0.000000
-1.096130 27.448888 1.990062 0.000000
-1.094669 18.554934 1.560554 0.000000
-0.792701 35.165858 2.359658 0.000000
1.094785 16.935573 1.409861 0.000000
-0.978389 24.344363 2.363736 0.000000
-0.290052 27.306678 2.363828 0.000000
0.599190 30.708149 2.360724 0.000000
1.096305 24.527796 1.934460 0.000000
-1.083869 19.296280 2.092314 0.000000
-0.710607 26.309195 2.363932 0.000000
0.044623 30.366643 2.360807 0.000000
0.864660 34.718041 2.359742 0.000000
-0.571217 29.716998 2.360962 0.000000
0.302138 34.914737 2.359699 0.000000
-1.092048 11.156118 1.465658 0.000000
-1.094427 17.554391 1.813881 0.000000
-0.819516 29.042979 2.361108 0.000000
-0.271760 35.134939 2.359651 0.000000
-1.091847 13.127307 1.602422 0.000000
0.160869 28.272199 2.363716 0.000000
2.437293 -0.071030 1.924680 0.000000
1.092223 10.493912 1.046523 0.000000
1.096346 24.826444 1.952524 0.000000
1.093749 13.731840 1.221132 0.000000
0.807631 29.915910 2.363501 0.000000
1.095323 19.116914 1.656072 0.000000
1.126894 29.395939 2.215340 0.000000
-0.153207 27.006652 2.363858 0.000000
0.640477 29.165670 2.363603 0.000000
1.107807 21.439800 1.806486 0.000000
-0.565426 25.589159 2.363992 0.000000
1.090683 8.258936 1.079820 0.000000
0.392427 -1.893138 0.103742 0.000000
3.722169 -0.369068 0.007374 0.000000
9.146503 -0.021673 7.801468 0.000000
8.862928 -0.024045 6.662247 0.000000
-7.237428 -0.027082 6.655697 0.000000
-7.475711 -0.025785 7.031013 0.000000
-8.545517 3.633720 4.938860 0.000000
9.675649 -0.025859 4.391778 0.000000
-9.713447 -0.022631 6.473253 0.000000
9.895978 -0.024630 4.964776 0.000000
5.413078 -0.029572 7.243041 0.000000
5.309133 -0.030593 6.978610 0.000000
5.013351 -0.033652 6.259139 0.000000
4.982455 -0.035748 5.692595 0.000000
4.633565 -0.038540 5.255609 0.000000
4.486007 -0.039718 5.095067 0.000000
4.405775 -0.040715 4.930960 0.000000
1.095668 20.883595 0.967155 0.000000
1.097325 34.053465 1.210278 0.000000
1.094699 16.680070 0.940257 0.000000
1.096316 24.713216 1.334855 0.000000
-1.096415 30.178983 1.765393 0.000000
1.097353 34.358268 1.404614 0.000000
-1.096002 26.357315 1.508019 0.000000
-1.092010 11.096672 1.074812 0.000000
-1.094522 17.908914 1.254394 0.000000
-1.011407 35.720586 1.624306 0.000000
-1.095583 23.313119 1.242404 0.000000
-1.094125 16.417916 1.127324 0.000000
-1.096563 31.801804 1.427237 0.000000
-1.095053 20.172810 0.089364 0.000000
-1.093343 14.005663 0.213553 0.000000
-1.091714 10.558981 0.229881 0.000000
-1.094330 17.178347 1.159671 0.000000
1.097072 31.283333 0.474014 0.000000
-0.905461 35.720502 1.468603 0.000000
-0.048492 35.720273 1.032609 0.000000
1.096499 26.261317 0.009487 0.000000
-1.095700 24.066104 1.315636 0.000000
-0.783328 35.720298 1.030781 0.000000
0.014302 35.720083 0.589455 0.000000
0.714820 35.064660 -0.014122 0.000000
-1.096146 27.478281 0.903547 0.000000
-0.717470 35.720101 0.577298 0.000000
0.094407 32.952694 -0.013204 0.000000
-1.092883 12.897810 1.105266 0.000000
-1.094650 18.411600 0.928202 0.000000
-1.096485 30.599236 0.501972 0.000000
-0.495852 31.847756 -0.012718 0.000000
-1.093228 13.742258 0.740567 0.000000
-1.094950 19.749340 0.525558 0.000000
-1.050253 31.676834 -0.009671 0.000000
1.096952 29.967377 1.145971 0.000000
1.093776 13.844330 0.728577 0.000000
1.095391 19.501627 0.935267 0.000000
1.090514 8.092363 0.444965 0.000000
1.094527 16.086746 0.665006 0.000000
0.699992 35.720373 1.237953 0.000000
1.093717 13.708690 0.419548 0.000000
1.091244 9.025827 0.238042 0.000000
0.081942 35.720368 1.249490 0.000000
1.034162 35.720252 0.925180 0.000000
1.095362 19.432627 0.427029 0.000000
-4.750872 0.793878 3.006099 0.000000
8.026717 3.617175 4.937109 0.000000
8.264530 -0.029279 4.417874 0.000000
9.885634 -0.021435 7.225964 0.000000
-9.683269 -0.022104 6.865169 0.000000
8.924632 -0.029663 2.895931 0.000000
7.959539 -0.024567 7.275347 0.000000
6.972112 -0.025894 7.496161 0.000000
-1.427841 4.767560 0.001873 0.000000
6.572658 -1.022261 0.004769 0.000000
16.549106 0.544057 0.000537 0.000000
9.690619 -0.705884 0.002829 0.000000
32.898377 4.520222 -0.002494 0.000000
13.950322 0.513421 0.001040 0.000000
5.294304 -1.492333 0.006363 0.000000
25.942096 3.764235 -0.001784 0.000000
22.391134 3.278036 -0.001256 0.000000
-14.066678 0.590888 0.001557 0.000000
-31.703475 4.056223 -0.000879 0.000000
-26.113446 1.912909 -0.000238 0.000000
-11.793115 -1.106265 0.002759 0.000000
-23.424898 0.580112 0.000744 0.000000
-11.342266 -1.472201 0.003039 0.000000
-5.286365 -1.523116 0.006546 0.000000
26.459641 -2.040078 0.000501 0.000000
12.577455 -2.316595 0.002580 0.000000
16.573957 -1.765008 0.001535 0.000000
25.295890 -0.519099 0.000049 0.000000
12.381368 -1.430117 0.002272 0.000000
17.573940 -0.758738 0.000950 0.000000
10.175735 -1.404184 0.002964 0.000000
-15.980990 1.616185 0.000870 0.000000
-0.720298 2.316399 0.005110 0.000000
9.138092 -0.027025 4.442006 0.000000
-8.962382 -0.023566 6.724185 0.000000
-8.733909 -0.023284 7.128831 0.000000
-8.183740 -0.024768 6.859145 0.000000
-22.452427 -0.554482 0.000843 0.000000
-5.608353 -1.079719 0.005869 0.000000
-7.435646 -0.692403 0.004225 0.000000
-10.826039 0.002303 0.002505 0.000000
-19.654310 2.123395 -0.000106 0.000000
10.911633 -2.285001 0.003083 0.000000
11.313904 -3.190549 0.003316 0.000000
-10.488060 -0.443139 0.002815 0.000000
-19.073063 1.263257 0.000705 0.000000
-19.741291 0.557637 0.000382 0.000000
15.989862 -3.873784 0.002474 0.000000
21.347959 -3.415619 0.001572 0.000000
33.985449 -2.629739 0.002036 0.000000
19.531509 -1.858653 0.001149 0.000000
9.483097 -3.530040 0.004146 0.000000
21.290915 -5.835622 0.002531 0.000000
-10.764927 -3.690030 0.004114 0.000000
-20.097431 -4.535488 0.001883 0.000000
21.411084 -8.156474 0.003965 0.000000
38.609991 -10.554069 0.004371 0.000000
14.673325 -5.543008 0.003355 0.000000
11.397299 -4.230333 0.003681 0.000000
39.242720 -6.717913 0.003242 0.000000
15.014517 -4.163982 0.002772 0.000000
-31.079170 -4.176280 0.002377 0.000000
-13.191156 -1.838688 0.002763 0.000000
-27.476312 -1.099011 0.001244 0.000000
-10.342553 -2.558562 0.003806 0.000000
-18.116752 -2.594778 0.002401 0.000000
-13.423941 -3.271736 0.003305 0.000000
-7.371717 -3.207360 0.005497 0.000000
-16.697931 -0.202678 0.001543 0.000000
-5.907064 -2.257686 0.006315 0.000000
24.263731 -4.366653 0.001663 0.000000
9.794663 -3.694361 0.004072 0.000000
10.105735 -4.775134 0.004325 0.000000
-31.245868 0.134535 -0.000521 0.000000
-11.878890 -2.072760 0.003154 0.000000
-23.980276 -1.540155 0.001541 0.000000
-19.927953 -2.548335 0.002203 0.000000
17.957048 -6.400027 0.003139 0.000000
26.742920 -6.877066 0.002449 0.000000
7.183644 -4.153331 0.005687 0.000000
12.500539 -4.685829 0.003533 0.000000
16.564610 -4.452491 0.002609 0.000000
-9.847630 -0.024686 4.835055 0.000000
24.164795 -0.302247 0.000624 0.000000
11.837455 -1.529755 0.002467 0.000000
9.984076 -1.350732 0.003018 0.000000
28.699979 1.747740 0.000778 0.000000
13.021464 -0.747650 0.001814 0.000000
20.672970 1.084538 0.001268 0.000000
6.327539 -1.647932 0.005365 0.000000
11.253901 -0.678069 0.002266 0.000000
5.908922 -1.489880 0.005671 0.000000
19.374094 2.442235 0.001146 0.000000
-9.310146 -0.029743 1.376587 0.000000
-3.597855 -0.340178 0.007587 0.000000
17.357675 -4.062919 0.002318 0.000000
24.269007 -3.686525 0.001342 0.000000
12.592437 -3.039776 0.002877 0.000000
8.577215 -2.852431 0.004332 0.000000
-7.753747 -3.261261 0.005270 0.000000
-32.273984 -0.452957 -0.000412 0.000000
-10.913823 -2.222999 0.003482 0.000000
-6.492955 -2.667698 0.005956 0.000000
-20.024019 -2.258435 0.002099 0.000000
-9.192436 -2.841580 0.004363 0.000000
-5.695549 -3.121127 0.006939 0.000000
-14.626172 -3.186538 0.003049 0.000000
-39.236477 -3.760041 0.002121 0.000000
-11.734780 -3.480840 0.003759 0.000000
-23.542811 -4.586832 0.002774 0.000000
22.373719 -6.685648 0.002689 0.000000
11.377168 -4.655021 0.003820 0.000000
31.625840 -6.805166 0.002108 0.000000
13.598871 -4.579749 0.003208 0.000000
-13.828838 -1.776507 0.002638 0.000000
16.343262 1.708620 0.000103 0.000000
6.698741 -1.284561 0.004831 0.000000
14.960879 -0.594052 0.001332 0.000000
-13.562688 0.786408 0.001368 0.000000
-32.898315 5.502614 -0.001539 0.000000
-19.548604 1.600744 0.000163 0.000000
39.486880 3.142866 -0.002298 0.000000
35.275826 3.792246 -0.000244 0.000000
14.495101 0.107095 0.001124 0.000000
35.585125 5.250049 -0.000707 0.000000
9.021528 -0.925896 0.003226 0.000000
15.143350 0.622172 0.000777 0.000000
13.544255 -2.900004 0.002588 0.000000
34.511722 -2.138855 0.000090 0.000000
14.309963 -2.493305 0.002254 0.000000
8.858235 -2.538704 0.004054 0.000000
6.586879 -2.543713 0.005598 0.000000
32.256395 -3.485499 0.000708 0.000000
18.313053 -0.816672 0.000888 0.000000
10.871164 -1.526389 0.002771 0.000000
-11.946723 -0.796334 0.002585 0.000000
-24.325472 1.384210 -0.000361 0.000000
-16.855185 -0.511250 0.001667 0.000000
-13.002367 -1.589211 0.002695 0.000000
-7.350129 -2.218855 0.005091 0.000000
-30.355903 -0.022478 -0.000412 0.000000
-21.035488 -1.796160 0.001816 0.000000
-7.850814 -1.377161 0.004365 0.000000
9.812511 -0.025042 4.785601 0.000000
0.510789 4.402973 0.002296 0.000000
-0.209792 4.564137 0.002145 0.000000
0.172447 4.666793 0.002029 0.000000
0.203269 5.014372 0.001673 0.000000
-0.339013 4.834294 0.001861 0.000000
-0.151440 4.891309 0.001804 0.000000
-1.087511 7.003281 0.000005 0.000000
0.877125 3.162733 0.003773 0.000000
1.165839 4.492802 0.002137 0.000000
1.543747 6.809043 0.000008 0.000000
0.953421 4.583219 0.002065 0.000000
0.633006 4.344636 0.002350 0.000000
1.089229 6.013840 0.000696 0.000000
0.453119 3.499106 0.003373 0.000000
0.333312 3.517918 0.003357 0.000000
0.928607 5.465364 0.001199 0.000000
-1.322790 7.249627 0.000082 0.000000
-0.237906 5.597124 0.001126 0.000000
-0.590838 5.853348 0.000891 0.000000
-0.308592 5.395377 0.001312 0.000000
-0.767034 6.205928 0.000583 0.000000
-0.561197 5.798565 0.000942 0.000000
-0.936501 6.203241 0.000582 0.000000
1.108469 3.179113 0.003711 0.000000
-6.359514 -0.032677 5.270376 0.000000
-9.902974 -0.020374 7.806482 0.000000
7.223778 -0.289210 0.003844 0.000000
-7.724158 -0.290992 0.003832 0.000000
-15.363869 1.375577 0.001026 0.000000
37.118937 4.324936 0.000476 0.000000
32.919699 4.818434 0.000285 0.000000
33.081919 6.389374 -0.001199 0.000000
8.904995 -0.571390 0.003099 0.000000
14.584306 1.243926 0.000605 0.000000
19.347913 -2.224388 0.001332 0.000000
19.753441 -1.433063 0.000953 0.000000
10.821103 -1.859997 0.002934 0.000000
21.336592 -0.503910 0.000394 0.000000
24.874978 0.743882 0.001538 0.000000
12.854503 -0.835437 0.001893 0.000000
-0.769107 8.575172 -0.001212 0.000000
-1.064600 9.579571 -0.001874 0.000000
-0.637921 5.218598 0.001476 0.000000
-0.610994 3.526000 0.003345 0.000000
-6.480675 -0.030407 6.003600 0.000000
-6.092731 -0.033069 5.417133 0.000000
1.238321 4.169279 0.002479 0.000000
0.336797 5.282644 0.001406 0.000000
-0.059787 5.901797 0.000848 0.000000
-0.168630 6.593681 0.000265 0.000000
-0.571046 7.759731 0.000040 0.000000
1.011340 2.908805 0.004107 0.000000
1.005640 4.019498 0.002679 0.000000
0.645694 4.600992 0.002073 0.000000
0.520856 4.960285 0.001712 0.000000
8.167641 -0.031693 3.091762 0.000000
9.463324 -0.027241 3.705078 0.000000
-1.095958 26.057651 1.741281 0.000000
-0.902353 35.720842 2.150839 0.000000
1.091684 9.639361 0.804675 0.000000
-0.991408 33.039763 2.360202 0.000000
1.094955 17.589787 1.328559 0.000000
-1.095914 25.760224 2.145060 0.000000
-0.514601 34.253766 2.359888 0.000000
1.096482 25.860505 1.660087 0.000000
-1.094477 17.743548 1.711272 0.000000
-1.095492 22.777023 1.867004 0.000000
0.335624 35.720786 2.106700 0.000000
-1.094097 16.324843 1.567421 0.000000
-1.096447 30.611454 2.015242 0.000000
-0.308836 35.720827 2.180003 0.000000
-1.092660 12.383623 1.381480 0.000000
-1.095046 20.297699 1.719593 0.000000
1.093367 12.794338 1.090472 0.000000
1.096528 26.146091 1.787174 0.000000
1.097074 31.010283 2.109952 0.000000
-0.254814 35.325647 2.359602 0.000000
1.096004 22.626319 1.736675 0.000000
7.060213 3.636536 4.934707 0.000000
1.091603 33.565791 2.360031 0.000000
0.440840 32.085656 2.360405 0.000000
1.096573 26.501514 1.902622 0.000000
-0.075600 30.770815 2.360720 0.000000
1.095663 20.803498 1.220538 0.000000
1.093224 12.484383 0.874818 0.000000
-0.588130 29.388740 2.361034 0.000000
1.097311 33.614619 1.914789 0.000000
1.094880 17.323474 1.198873 0.000000
-1.090724 9.080105 0.622491 0.000000
-1.092365 11.782666 0.883048 0.000000
-1.095442 22.446962 1.069209 0.000000
0.296644 35.720471 1.471480 0.000000
-0.914329 27.805057 2.361363 0.000000
1.096520 26.221633 1.340431 0.000000
-1.095376 22.096585 2.081222 0.000000
-0.937305 33.833060 2.360005 0.000000
0.896474 35.720501 1.487769 0.000000
-1.094029 16.097734 1.652800 0.000000
-1.096015 26.534354 2.099255 0.000000
-1.092689 12.452992 1.541420 0.000000
-1.094612 18.308613 1.705783 0.000000
-1.096556 31.699459 1.970500 0.000000
-1.091241 9.805759 1.293304 0.000000
-1.095077 20.443282 1.413429 0.000000
-1.066960 35.720520 1.477549 0.000000
-1.091772 10.667781 1.348434 0.000000
3.819383 -0.048625 3.830637 0.000000
3.621944 -0.051540 3.498675 0.000000
8.363454 3.633790 4.937954 0.000000
3.036125 0.052162 2.553743 0.000000
4.828899 -0.035681 5.835083 0.000000
4.653257 -0.037706 5.448052 0.000000
5.520327 -0.028543 7.523221 0.000000
5.649587 -0.027656 7.754223 0.000000
6.844941 3.620944 4.934116 0.000000
5.207955 -0.031613 6.727030 0.000000
-9.372516 -0.024372 5.732223 0.000000
8.537610 -0.031111 2.654805 0.000000
-7.930511 -0.030422 4.166914 0.000000
7.843463 -0.032414 3.308076 0.000000
-8.373857 3.602578 4.938411 0.000000
-9.197806 3.604889 4.940356 0.000000
-9.506960 -0.027145 3.506769 0.000000
1.097367 34.590512 0.729761 0.000000
-1.094854 19.352702 1.539142 0.000000
-1.096786 34.668738 1.725876 0.000000
-1.095388 22.121677 1.368863 0.000000
-1.093929 15.762387 1.077583 0.000000
1.094927 17.501560 1.054958 0.000000
1.096460 25.737539 1.463418 0.000000
1.095507 20.028815 1.122034 0.000000
0.216791 35.720724 1.985285 0.000000
1.097109 31.663549 1.467193 0.000000
1.096325 24.878143 0.827806 0.000000
-1.096064 26.703841 0.505065 0.000000
-1.090977 9.427160 0.950280 0.000000
-1.092684 12.441764 0.665816 0.000000
-1.094458 17.612088 0.400443 0.000000
-1.092796 12.678171 0.505274 0.000000
-1.091157 9.685410 0.453726 0.000000
1.090388 7.932466 0.759183 0.000000
1.093420 12.935708 0.910590 0.000000
5.586532 -0.030084 6.948230 0.000000
-0.850279 1.539013 0.006552 0.000000
-0.961974 3.809537 0.002965 0.000000
-1.056055 4.235840 0.002466 0.000000
-1.656095 -2.840564 0.021569 0.000000
-17.926406 -1.990905 0.002151 0.000000
-8.552491 -2.723096 0.004613 0.000000
-3.876875 -3.107825 0.009951 0.000000
-7.000903 -3.016983 0.005693 0.000000
-28.981395 -2.807150 0.000909 0.000000
-10.581393 -3.010016 0.003910 0.000000
-18.668926 -3.617844 0.002759 0.000000
-8.465391 -3.533173 0.004974 0.000000
-13.664048 -4.085709 0.003572 0.000000
-34.249642 -6.326340 0.002101 0.000000
15.292739 -6.344397 0.003759 0.000000
22.300679 -6.894684 0.003208 0.000000
-10.298429 -2.078224 0.003618 0.000000
15.190601 -4.771587 0.002952 0.000000
9.389372 -3.908888 0.004326 0.000000
22.377097 -4.645471 0.001954 0.000000
6.686648 -3.531017 0.005898 0.000000
11.668531 -3.613635 0.003370 0.000000
7.981010 -3.353396 0.004879 0.000000
-10.717128 -2.031714 0.003461 0.000000
-8.536227 -1.716921 0.004173 0.000000
-12.840182 -1.306134 0.002621 0.000000
-7.494349 -2.098657 0.004940 0.000000
-26.329162 0.141974 0.000768 0.000000
-6.770746 -2.479818 0.005639 0.000000
-19.001253 -1.567091 0.001917 0.000000
-9.213546 -2.501907 0.004213 0.000000
-5.814272 -2.930230 0.006732 0.000000
-15.203458 -2.405942 0.002664 0.000000
-12.938580 -3.055797 0.003309 0.000000
-29.562278 -3.675779 0.002218 0.000000
16.186924 -6.223713 0.003326 0.000000
23.172333 -6.638943 0.002623 0.000000
15.373929 -4.510502 0.002805 0.000000
22.152669 -4.599685 0.001939 0.000000
11.617727 -3.402466 0.003301 0.000000
-29.462302 3.076682 -0.000453 0.000000
-18.842820 0.250154 0.001193 0.000000
-8.611935 -1.538431 0.004052 0.000000
-14.272207 -0.940383 0.001969 0.000000
-7.696894 -2.023409 0.004777 0.000000
-36.980061 1.694502 -0.000716 0.000000
-11.774128 -1.746435 0.003043 0.000000
13.054200 -3.223556 0.002835 0.000000
16.594835 -2.754536 0.001931 0.000000
10.000484 -2.672625 0.003588 0.000000
-16.360486 -2.962737 0.002714 0.000000
-3.819679 -2.896709 0.010007 0.000000
-38.172845 0.386417 -0.000309 0.000000
-11.478491 -2.374964 0.003384 0.000000
-4.615283 -2.954065 0.008388 0.000000
-22.750897 -1.894178 0.001771 0.000000
-8.124083 -3.180133 0.005023 0.000000
-12.848877 -3.219001 0.003393 0.000000
-28.960510 -4.544315 0.002584 0.000000
16.997349 -4.838747 0.002691 0.000000
20.749149 -4.628739 0.002079 0.000000
11.160609 -3.769695 0.003589 0.000000
27.651099 -4.117450 0.001283 0.000000
-9.017739 -1.816593 0.003997 0.000000
13.940243 -1.878168 0.002083 0.000000
-35.179316 7.511237 -0.002859 0.000000
34.016922 -0.707278 0.000910 0.000000
8.713987 -2.152858 0.003961 0.000000
19.762605 -0.940730 0.000760 0.000000
6.205901 -2.340443 0.005863 0.000000
10.745011 -1.761334 0.002918 0.000000
35.287560 1.576948 0.000128 0.000000
7.596800 -1.989421 0.004548 0.000000
14.344655 -0.886987 0.001559 0.000000
-8.790872 -0.031942 0.224489 0.000000
22.481054 0.696298 0.000860 0.000000
11.782229 -0.954530 0.002221 0.000000
7.915442 -1.558301 0.004131 0.000000
-9.844885 -0.027454 2.416820 0.000000
-9.875186 -0.026852 2.961897 0.000000
15.150071 0.877781 0.000666 0.000000
9.371635 -0.513018 0.002865 0.000000
29.776069 4.906970 -0.002482 0.000000
6.615560 -1.012141 0.004729 0.000000
13.345883 0.873707 0.001017 0.000000
25.282163 4.456940 -0.001991 0.000000
27.909468 -3.432835 0.000971 0.000000
7.269075 -3.082803 0.005263 0.000000
17.175474 -2.490202 0.001720 0.000000
10.425928 -3.314370 0.003676 0.000000
-38.816396 4.887119 -0.002126 0.000000
-16.707839 1.360366 0.000877 0.000000
-15.049453 0.283241 0.001548 0.000000
-14.261016 -0.415178 0.001965 0.000000
-35.912034 2.873342 -0.000524 0.000000
-14.044057 -1.077718 0.002288 0.000000
-36.560671 1.527071 -0.000914 0.000000
39.051473 -6.905541 0.001655 0.000000
14.488431 -4.083844 0.002845 0.000000
8.855385 -3.489122 0.004433 0.000000
18.960288 -3.826999 0.002020 0.000000
-10.080736 -0.137308 0.002791 0.000000
-7.111897 -0.893974 0.004542 0.000000
-23.962516 -0.670329 0.001203 0.000000
10.425360 -0.780870 0.002587 0.000000
14.983893 -1.025390 0.001512 0.000000
-20.010384 1.389205 0.000586 0.000000
-11.721386 -1.244902 0.002840 0.000000
-24.330215 0.210639 -0.000035 0.000000
14.771837 -1.634085 0.001796 0.000000
37.917635 1.189650 0.000473 0.000000
9.194855 -2.173367 0.003731 0.000000
9.313297 -1.676676 0.003452 0.000000
15.796375 -0.427821 0.001075 0.000000
9.791849 -1.250414 0.003041 0.000000
17.347893 0.532663 0.000438 0.000000
-8.648407 -0.645199 0.003585 0.000000
-13.838407 0.505601 0.001651 0.000000
-34.043067 5.045484 -0.001318 0.000000
14.532691 0.669517 0.000853 0.000000
36.874730 5.954408 -0.001088 0.000000
-11.480147 -1.725890 0.003110 0.000000
-21.422752 -0.859522 0.001422 0.000000
22.664250 -4.753534 0.001963 0.000000
15.678770 -6.418644 0.003986 0.000000
-15.995936 -2.038311 0.002389 0.000000
-12.616107 -2.876043 0.003314 0.000000
-7.351463 -3.033218 0.005443 0.000000
-27.356788 -3.145978 0.002110 0.000000
-10.653917 -3.389872 0.004035 0.000000
-19.844366 -3.908126 0.002742 0.000000
23.049833 -6.994323 0.003595 0.000000
15.396926 -4.776593 0.002921 0.000000
30.212289 -6.880099 0.002217 0.000000
13.146627 -4.445430 0.003280 0.000000
23.390254 -3.851947 0.001543 0.000000
11.664570 -3.399494 0.003287 0.000000
15.237173 -2.861176 0.002218 0.000000
-12.518858 -1.983906 0.002966 0.000000
-18.768904 -2.514360 0.002280 0.000000
-8.998527 -2.824185 0.004441 0.000000
-14.414075 -3.008264 0.003014 0.000000
6.705517 -2.450667 0.005450 0.000000
30.606991 -1.923029 0.000151 0.000000
-39.394732 -4.055846 0.000294 0.000000
15.927575 -4.222430 0.002619 0.000000
18.595445 -3.693749 0.002007 0.000000
22.444219 -3.128698 0.001349 0.000000
11.807796 -2.992288 0.003084 0.000000
14.015136 -2.372336 0.002268 0.000000
13.838066 -5.651848 0.003565 0.000000
18.963675 -5.821305 0.002780 0.000000
29.398658 -6.343665 0.002035 0.000000
13.248504 -4.361553 0.003224 0.000000
18.362009 -4.028548 0.002152 0.000000
10.601520 -3.564404 0.003707 0.000000
35.532421 -10.684136 0.004491 0.000000
-35.942027 -1.169790 -0.000425 0.000000
-7.648535 -2.753589 0.005134 0.000000
-3.711507 -3.126183 0.010372 0.000000
-4.541491 -3.019659 0.008542 0.000000
-21.042208 -2.733478 0.002248 0.000000
-5.632538 -3.386064 0.007104 0.000000
-7.608501 -3.597005 0.005491 0.000000
-11.405259 -3.918571 0.004025 0.000000
-23.444746 -5.147441 0.003047 0.000000
-0.463920 15.678028 -0.005316 0.000000
-0.374794 11.212924 -0.002885 0.000000
0.478523 14.380989 -0.004662 0.000000
1.094494 16.024499 0.034437 0.000000
-0.071637 13.644689 -0.004258 0.000000
0.302744 14.817216 -0.004887 0.000000
0.836103 16.987347 -0.006002 0.000000
-1.094184 16.568693 -0.000834 0.000000
0.814300 13.943105 -0.004440 0.000000
-0.155121 15.663802 -0.005316 0.000000
0.564849 16.587200 -0.005795 0.000000
-1.092672 12.390318 0.090890 0.000000
-0.988769 18.155320 -0.006535 0.000000
-0.345475 16.732437 -0.005846 0.000000
0.199742 16.345019 -0.004406 0.000000
-1.121554 15.365098 0.100019 0.000000
-0.745608 18.334288 -0.006623 0.000000
-0.119487 16.566482 -0.005764 0.000000
0.672549 6.691693 0.000157 0.000000
0.497810 7.235486 0.000437 0.000000
0.931794 9.758800 -0.002029 0.000000
0.298587 7.997784 -0.000820 0.000000
0.649675 10.123932 -0.002248 0.000000
0.128396 8.669583 -0.001288 0.000000
0.500873 10.791519 -0.002652 0.000000
1.022573 13.991083 -0.004470 0.000000
-1.094359 17.203306 0.133507 0.000000
-1.092079 11.211308 0.330008 0.000000
-1.094833 19.148768 0.053750 0.000000
-0.437331 16.662253 -0.005811 0.000000
-0.708388 17.342762 -0.006145 0.000000
-1.092847 12.776530 0.101752 0.000000
-1.091327 9.931312 0.094950 0.000000
0.627700 6.399381 0.000399 0.000000
1.489417 5.360742 0.001243 0.000000
1.164786 5.573262 0.001081 0.000000
0.820579 5.919640 0.000797 0.000000
-1.091917 10.922001 1.224778 0.000000
-1.094197 16.678236 1.338438 0.000000
-1.092702 12.483396 1.139593 0.000000
-1.095668 23.913154 1.688170 0.000000
1.091317 9.087438 1.060138 0.000000
1.095309 19.052806 1.587875 0.000000
0.399588 31.347815 2.360579 0.000000
-0.991189 27.061352 2.361502 0.000000
-0.013363 30.916584 2.360683 0.000000
0.702635 35.342381 2.359578 0.000000
-1.095338 21.862626 2.066516 0.000000
-0.730546 30.416811 2.360815 0.000000
-0.564091 28.021514 2.361310 0.000000
-1.128093 29.395959 2.222316 0.000000
0.613667 30.735608 2.360715 0.000000
1.103213 21.610975 1.807306 0.000000
0.149377 29.338305 2.363105 0.000000
0.995805 30.649775 2.362916 0.000000
-0.312883 27.889018 2.363300 0.000000
0.486698 29.886452 2.363027 0.000000
1.096318 24.638898 1.913713 0.000000
-0.677157 26.457101 2.362715 0.000000
0.001752 29.031711 2.363148 0.000000
0.914652 31.436924 2.360548 0.000000
1.095287 18.971762 1.445939 0.000000
-1.095765 24.625067 2.223633 0.000000
3.034917 -0.060477 2.688939 0.000000
-8.934466 -0.025936 5.313857 0.000000
-9.897388 -0.022854 6.097995 0.000000
1.672519 -0.084361 1.201662 0.000000
7.206448 3.575078 4.934961 0.000000
1.092116 10.309306 1.075206 0.000000
1.106626 27.717799 2.291750 0.000000
-1.087822 16.558645 1.824535 0.000000
-1.117649 29.118133 2.361108 0.000000
-1.094977 19.951900 1.949357 0.000000
-0.016175 30.119921 2.360864 0.000000
-1.091343 9.962381 1.401488 0.000000
-1.094169 16.578877 1.324974 0.000000
1.096174 23.678547 1.904981 0.000000
1.091620 9.517945 1.101054 0.000000
0.655874 27.779109 2.363387 0.000000
1.103365 20.783257 1.857123 0.000000
1.093115 12.204513 1.249752 0.000000
0.199442 26.648195 2.363513 0.000000
1.094651 16.444386 1.509054 0.000000
0.515309 27.955727 2.363362 0.000000
-0.605860 24.340643 2.363715 0.000000
0.061248 27.275731 2.363438 0.000000
0.877296 30.393120 2.363020 0.000000
1.095163 18.427771 1.482377 0.000000
-0.955464 23.196160 2.363782 0.000000
-0.370681 26.519614 2.363519 0.000000
0.279626 30.258630 2.360825 0.000000
1.096772 28.164598 2.019449 0.000000
-1.087704 18.544864 2.087343 0.000000
-0.777987 25.708002 2.363598 0.000000
4.027794 -0.045686 4.201832 0.000000
3.479682 -0.053095 3.378365 0.000000
1.093599 13.390494 0.535398 0.000000
1.092844 11.695293 0.479147 0.000000
1.094420 15.753065 0.477730 0.000000
1.091997 10.141291 0.526016 0.000000
1.095991 22.715859 0.773531 0.000000
1.095113 18.333985 0.428253 0.000000
1.096738 28.130464 0.555127 0.000000
-1.091079 9.559542 0.039926 0.000000
-0.764226 16.581288 -0.005765 0.000000
-1.091000 9.462645 0.663086 0.000000
-1.036606 16.791060 -0.005866 0.000000
-1.092693 12.426052 0.184791 0.000000
-1.094257 16.844918 0.336472 0.000000
-0.328924 35.719900 0.117273 0.000000
1.015412 35.719925 0.120602 0.000000
1.095312 19.217302 0.137085 0.000000
-1.096478 30.741876 1.117576 0.000000
-0.536159 35.720101 0.603241 0.000000
0.317323 35.719915 0.160801 0.000000
0.655338 19.164569 -0.007055 0.000000
-1.095038 20.212576 0.959189 0.000000
-1.050003 35.720204 0.774471 0.000000
0.326328 17.971196 -0.006472 0.000000
-1.095515 22.818306 0.725435 0.000000
-0.196012 17.138568 -0.006052 0.000000
-1.094054 16.157743 0.680673 0.000000
-1.095870 25.151720 0.274239 0.000000
-1.092539 12.127392 0.627693 0.000000
8.912253 -0.025015 6.031184 0.000000
-1.095755 24.422982 0.766333 0.000000
1.096895 29.601122 0.520032 0.000000
-1.136957 29.395119 0.507471 0.000000
1.095847 21.914905 0.496088 0.000000
-1.094732 18.751228 0.578745 0.000000
-1.093159 13.552144 0.505571 0.000000
-1.094217 16.733152 0.692243 0.000000
-1.096805 34.545860 0.745798 0.000000
1.097183 32.671859 0.182920 0.000000
1.093721 13.736907 0.070959 0.000000
1.092926 11.864338 0.342011 0.000000
1.094554 16.228025 0.232246 0.000000
0.583060 35.719895 0.098768 0.000000
1.096262 24.501942 0.289853 0.000000
-0.057684 35.719965 0.293339 0.000000
1.095304 19.158595 0.401242 0.000000
1.092735 11.471671 0.413628 0.000000
-1.096400 29.775034 0.502769 0.000000
-1.092340 11.719605 0.563376 0.000000
-1.094907 19.515404 0.482504 0.000000
-1.090796 9.175099 0.481534 0.000000
-9.051176 3.582470 4.939988 0.000000
18.630076 1.449910 0.000690 0.000000
7.375265 -1.167766 0.004268 0.000000
15.896859 1.319903 0.000349 0.000000
34.304146 6.634881 -0.001924 0.000000
14.375842 1.259068 0.000622 0.000000
24.112811 1.932887 0.000107 0.000000
12.197177 -0.268617 0.001809 0.000000
-8.623718 -1.388558 0.003973 0.000000
-9.537474 -0.616346 0.003214 0.000000
-37.047055 4.556210 -0.001199 0.000000
-13.589930 -0.543185 0.002135 0.000000
-29.661252 1.862072 -0.000378 0.000000
-12.474077 -1.314419 0.002691 0.000000
-26.191150 0.369794 0.000701 0.000000
15.774382 -2.295964 0.001892 0.000000
9.202168 -2.498242 0.003867 0.000000
21.942693 -1.543195 0.000767 0.000000
11.425874 -1.984735 0.002788 0.000000
7.725980 -2.058525 0.004496 0.000000
15.160745 -1.275981 0.001585 0.000000
22.803015 0.020174 0.000678 0.000000
11.791736 -1.355351 0.002393 0.000000
-15.287582 1.051748 0.001179 0.000000
-6.375617 -0.791754 0.004995 0.000000
-36.846948 7.680583 -0.002699 0.000000
-24.718561 -0.953818 0.001316 0.000000
-17.164107 2.143775 0.000414 0.000000
-9.843637 -0.206862 0.002904 0.000000
-17.252753 1.424012 0.000796 0.000000
-10.009733 -0.682958 0.003088 0.000000
-18.251161 0.970949 0.000926 0.000000
-5.629188 -0.750127 0.005597 0.000000
16.753506 -2.856242 0.001939 0.000000
9.301424 -2.071891 0.003636 0.000000
23.401529 -2.232932 0.001816 0.000000
15.255420 -1.893444 0.001823 0.000000
22.384001 -0.647129 0.000342 0.000000
6.628675 -2.227102 0.005410 0.000000
-25.962670 -3.737447 0.002369 0.000000
-10.116549 -3.481002 0.004250 0.000000
-18.300229 -4.215840 0.003002 0.000000
16.996332 -6.806632 0.003634 0.000000
26.049817 -7.668477 0.002805 0.000000
12.200510 -4.903770 0.003692 0.000000
-6.847381 -3.319371 0.005922 0.000000
16.953546 -5.022166 0.002732 0.000000
26.239639 -5.094347 0.001792 0.000000
-11.733994 -1.940406 0.003135 0.000000
-21.937713 -1.529324 0.001652 0.000000
-9.501876 -2.422794 0.004060 0.000000
-15.609121 -2.411803 0.002599 0.000000
-8.013708 -2.901890 0.004979 0.000000
-5.248741 -3.013452 0.007450 0.000000
-12.218929 -3.043073 0.003474 0.000000
13.792044 -3.003526 0.002572 0.000000
19.705640 -4.148988 0.002029 0.000000
30.838713 -3.676057 0.000878 0.000000
-15.422677 -0.103286 0.001667 0.000000
-13.231708 -1.065761 0.002428 0.000000
-29.239692 0.702197 -0.000057 0.000000
-24.248950 -0.819932 0.001243 0.000000
-11.112100 -2.241124 0.003431 0.000000
-21.504382 -1.869951 0.001817 0.000000
23.778100 -6.693723 0.002604 0.000000
38.564945 -7.588357 0.002002 0.000000
14.785328 -4.412253 0.002902 0.000000
7.014535 -0.964169 0.004399 0.000000
13.196491 -0.213360 0.001536 0.000000
21.095426 1.759568 0.000709 0.000000
11.288845 -0.353986 0.002106 0.000000
29.032526 2.587162 0.000082 0.000000
17.378239 1.406532 0.000079 0.000000
10.175696 -0.224955 0.002409 0.000000
16.524322 -0.108148 0.000849 0.000000
-9.805919 -0.026688 3.270867 0.000000
-14.177473 -1.413207 0.002402 0.000000
-34.829315 0.115146 -0.000132 0.000000
-22.433481 -1.928332 0.001792 0.000000
-9.671880 -2.751342 0.004129 0.000000
-16.984958 -2.797762 0.002574 0.000000
17.578496 -3.736371 0.002136 0.000000
9.936415 -3.279075 0.003856 0.000000
19.327195 -3.150580 0.001706 0.000000
22.654969 -2.092179 0.000912 0.000000
-10.528819 -1.338563 0.003218 0.000000
7.485761 -2.639320 0.004924 0.000000
11.967976 -2.319370 0.002760 0.000000
28.948772 -0.827767 0.000961 0.000000
13.736327 -1.727814 0.002064 0.000000
19.722415 -5.670965 0.002632 0.000000
29.735218 -5.779914 0.001819 0.000000
13.561348 -3.936869 0.002990 0.000000
14.941781 -5.441387 0.003252 0.000000
18.112050 -3.792797 0.002119 0.000000
10.456753 -3.108163 0.003584 0.000000
-13.484312 -2.031670 0.002785 0.000000
-30.028647 -1.340442 0.000549 0.000000
-19.011363 -2.713799 0.001836 0.000000
-13.825147 -3.238519 0.003233 0.000000
-7.599624 -3.290074 0.005377 0.000000
-34.447124 -4.511090 0.001337 0.000000
-11.012742 -3.678216 0.004045 0.000000
-21.230311 -4.872100 0.002271 0.000000
-7.441372 -1.515047 0.004679 0.000000
-36.772378 6.811282 -0.002339 0.000000
-20.187420 1.906984 0.000203 0.000000
-8.689957 -0.954364 0.003726 0.000000
-14.246500 0.158894 0.001733 0.000000
-11.227793 -0.926176 0.002827 0.000000
-22.301369 0.885574 0.000667 0.000000
28.485078 0.454673 0.000406 0.000000
12.957926 -1.364217 0.002092 0.000000
26.625217 1.263041 0.000225 0.000000
12.783690 -0.790615 0.001877 0.000000
-14.320353 1.001555 0.001342 0.000000
27.196744 2.290812 -0.001290 0.000000
8.399331 -1.374056 0.003760 0.000000
13.381771 -0.181264 0.001481 0.000000
30.233478 4.076848 -0.002165 0.000000
8.739127 -0.872291 0.003332 0.000000
14.375199 0.657563 0.000905 0.000000
0.366529 -1.696708 0.100772 0.000000
-1.205933 3.760573 0.002996 0.000000
-18.476560 1.182013 0.000788 0.000000
24.502036 1.076331 0.000613 0.000000
11.975230 -0.711612 0.002066 0.000000
22.869653 1.705850 0.000486 0.000000
23.221107 2.691129 0.000130 0.000000
12.257818 0.386991 0.001493 0.000000
25.293280 4.204139 -0.001909 0.000000
8.357514 -0.654039 0.003409 0.000000
6.240392 -1.136826 0.005124 0.000000
-10.205499 -0.499438 0.002936 0.000000
-18.535476 2.208213 0.000360 0.000000
-13.160030 0.348912 0.001818 0.000000
-29.991563 4.213220 -0.000943 0.000000
23.539565 -3.156077 0.001230 0.000000
11.601715 -2.847315 0.003088 0.000000
24.958986 -2.063778 0.000694 0.000000
12.398883 -2.206200 0.002590 0.000000
28.352851 -0.932612 0.001120 0.000000
13.202123 -1.611384 0.002133 0.000000
35.685976 0.943550 0.000317 0.000000
15.399540 -1.094470 0.001462 0.000000
6.851407 -0.354975 0.004131 0.000000
0.072167 14.157317 -0.004535 0.000000
0.255572 8.192690 -0.000959 0.000000
-1.126072 29.394928 0.008532 0.000000
-0.215710 14.974963 -0.004958 0.000000
0.020969 8.160475 -0.000931 0.000000
-1.094859 19.298192 0.282138 0.000000
-0.478900 16.181182 -0.005567 0.000000
-0.074082 8.055072 -0.000854 0.000000
0.437841 8.270445 -0.001020 0.000000
-0.824079 17.732334 -0.006334 0.000000
-0.223788 8.225878 -0.000974 0.000000
-1.091927 10.933137 0.352508 0.000000
-0.568766 8.596817 -0.001228 0.000000
-1.092094 11.224011 0.030996 0.000000
-0.664855 8.970982 -0.001481 0.000000
1.091045 8.758308 0.041076 0.000000
1.092710 11.439259 0.124574 0.000000
1.094324 15.472504 0.004889 0.000000
1.006785 20.243749 -0.006120 0.000000
1.016792 12.977385 -0.003922 0.000000
1.220994 7.215446 0.000397 0.000000
0.715407 22.395799 -0.008567 0.000000
0.920752 12.971311 -0.003916 0.000000
0.934218 8.981570 -0.001523 0.000000
0.986753 6.468776 0.000322 0.000000
0.346059 25.176582 -0.009816 0.000000
0.439420 13.052489 -0.003947 0.000000
-0.111049 29.335437 -0.009673 0.000000
0.258776 13.406442 -0.004136 0.000000
-0.886694 9.330738 -0.001716 0.000000
-1.130988 5.471416 0.001219 0.000000
-1.274972 5.655823 0.001044 0.000000
1.091140 8.885203 0.069604 0.000000
3.251564 -0.056815 3.011496 0.000000
3.659409 -0.050275 3.687592 0.000000
2.678272 -0.066721 2.211176 0.000000
4.872832 -0.033926 6.285476 0.000000
5.412437 -0.028050 7.765413 0.000000
5.358050 -0.030071 7.115173 0.000000
5.044977 -0.031967 6.733849 0.000000
5.109405 -0.032633 6.487463 0.000000
4.919672 -0.034671 6.041350 0.000000
4.628688 -0.036847 5.686081 0.000000
6.050519 -0.031336 6.141189 0.000000
4.474251 -0.038787 5.327862 0.000000
4.249839 -0.042709 4.621274 0.000000
8.321042 3.568098 4.937750 0.000000
1.094962 17.698224 0.765168 0.000000
1.096631 27.226245 0.912893 0.000000
0.659458 35.720353 1.188474 0.000000
1.095714 21.104761 0.973701 0.000000
-1.096078 26.939292 1.357903 0.000000
-0.493023 35.720414 1.319275 0.000000
-1.092060 11.193065 0.888573 0.000000
-1.094635 18.371302 1.131641 0.000000
-1.065665 35.720483 1.397121 0.000000
-1.093149 13.535536 0.969292 0.000000
-1.095629 23.581172 1.061953 0.000000
-1.091651 10.466493 0.869543 0.000000
-1.094129 16.446809 0.989916 0.000000
-1.092661 12.388908 0.866878 0.000000
-1.095487 22.701169 1.008838 0.000000
1.096295 24.597113 1.189722 0.000000
1.095242 18.821581 0.993667 0.000000
1.111259 29.395455 1.307266 0.000000
-1.094002 15.990887 1.006710 0.000000
-1.096496 30.926070 1.404319 0.000000
-0.303919 35.720474 1.465535 0.000000
-1.095003 20.068968 1.115083 0.000000
1.105408 27.542295 2.214506 0.000000
0.688966 28.956084 2.363257 0.000000
1.095636 20.616375 1.728811 0.000000
0.218785 27.829353 2.363400 0.000000
1.097053 30.728463 2.336839 0.000000
-0.215899 26.667809 2.363531 0.000000
0.549792 30.192405 2.363074 0.000000
1.096200 23.874489 1.915104 0.000000
1.093750 13.735477 1.189463 0.000000
-1.095398 22.174088 1.576776 0.000000
-1.093861 15.555750 1.000451 0.000000
-0.614946 25.509712 2.363644 0.000000
0.007783 29.551196 2.360986 0.000000
0.997411 34.033354 2.359915 0.000000
-0.555651 28.621705 2.361190 0.000000
0.242572 34.007363 2.359933 0.000000
1.114927 29.395795 1.964108 0.000000
-0.177077 33.807778 2.359996 0.000000
-1.095537 23.057999 2.047396 0.000000
-0.629609 33.426530 2.360098 0.000000
-1.094127 16.429016 1.665764 0.000000
-1.094819 19.198188 1.665205 0.000000
-1.096856 35.649008 2.097210 0.000000
-9.292499 -0.024818 5.542792 0.000000
-9.907535 -0.026078 3.601950 0.000000
0.304346 33.194388 2.360139 0.000000
-0.395225 31.760795 2.360499 0.000000
1.096265 24.350075 1.526172 0.000000
-0.611024 30.346545 2.360829 0.000000
1.097070 31.063573 1.450798 0.000000
-1.094774 19.000585 1.912364 0.000000
-1.096791 34.786171 2.349588 0.000000
1.093577 13.304802 1.054796 0.000000
1.095100 18.139778 1.560524 0.000000
-1.095466 22.611458 1.799229 0.000000
1.096616 26.886234 1.977857 0.000000
1.095603 20.459815 1.542292 0.000000
-1.091902 10.897380 0.705349 0.000000
-1.096061 26.900940 1.729544 0.000000
-1.090788 9.150278 1.336975 0.000000
-1.094600 18.242952 1.356818 0.000000
-1.096558 31.673372 1.273415 0.000000
-1.093114 13.455016 1.154757 0.000000
2.944638 -0.047869 2.552645 0.000000
5.224208 -0.030015 7.223334 0.000000
1.023022 3.360497 0.003485 0.000000
0.887378 4.343415 0.002329 0.000000
0.735274 4.996494 0.001663 0.000000
0.889154 3.412645 0.003437 0.000000
0.512605 3.872616 0.002902 0.000000
-1.091133 9.634562 -0.001217 0.000000
-0.093262 6.059907 0.000710 0.000000
-0.375191 7.097193 0.000501 0.000000
39.445167 -6.190383 0.001543 0.000000
22.258858 -8.046181 0.003187 0.000000
11.255311 -5.344407 0.004097 0.000000
21.622871 -5.632935 0.002415 0.000000
11.559527 -4.042038 0.003558 0.000000
-20.833694 -4.956211 0.002534 0.000000
15.337368 -3.857009 0.002585 0.000000
-28.313873 -1.491268 0.001303 0.000000
-18.473819 -2.645595 0.002364 0.000000
-5.548178 -3.392450 0.007205 0.000000
-13.751418 -3.498455 0.003324 0.000000
-7.303190 -3.571199 0.005675 0.000000
-33.034252 -4.527896 0.002245 0.000000
-10.807405 -3.688258 0.004102 0.000000
17.467395 -4.352640 0.002538 0.000000
-28.961896 -1.669516 0.001440 0.000000
-11.475415 -2.738073 0.003535 0.000000
-23.674952 -2.808051 0.002085 0.000000
19.943226 -6.567937 0.002919 0.000000
10.586164 -4.712793 0.004104 0.000000
30.049711 -7.036620 0.002280 0.000000
7.309971 -4.122269 0.005586 0.000000
8.483713 -3.960838 0.004798 0.000000
26.392230 -4.175460 0.001406 0.000000
12.502388 -3.315200 0.003014 0.000000
-7.539176 -1.710642 0.004719 0.000000
-18.449626 -0.216896 0.001378 0.000000
-9.340060 -1.966863 0.003927 0.000000
-15.047674 -1.588947 0.002358 0.000000
-39.302374 0.430605 0.000285 0.000000
-21.889337 0.438031 0.000886 0.000000
-9.371737 -1.692265 0.003790 0.000000
-15.722960 -0.845649 0.001932 0.000000
-12.402976 -1.681763 0.002869 0.000000
-27.009517 -0.977067 0.001271 0.000000
-10.453036 -2.386328 0.003697 0.000000
12.768398 -4.109983 0.003243 0.000000
9.780039 -3.251623 0.003912 0.000000
21.474933 -3.205742 0.001481 0.000000
-8.691769 -2.918107 0.004623 0.000000
-29.516201 -1.013422 0.001197 0.000000
-10.477055 -2.432165 0.003708 0.000000
-19.147229 -2.587479 0.002274 0.000000
-14.028539 -3.217303 0.003198 0.000000
-35.555138 -4.200516 0.002084 0.000000
-11.342735 -3.624490 0.003918 0.000000
-22.068037 -4.694014 0.002937 0.000000
10.430438 -4.210244 0.004008 0.000000
26.888697 -5.812139 0.002011 0.000000
-9.851623 -0.028116 1.577040 0.000000
23.494992 0.011803 0.000380 0.000000
16.378306 -0.275316 0.000933 0.000000
28.124095 2.202750 -0.000714 0.000000
12.959160 -0.285265 0.001617 0.000000
20.438216 1.435625 0.000145 0.000000
11.090833 -0.504539 0.002236 0.000000
7.434008 -1.045857 0.004160 0.000000
11.588075 -2.811503 0.003078 0.000000
37.285536 -1.933292 0.000285 0.000000
14.586593 -2.318210 0.002119 0.000000
9.086336 -2.533565 0.003938 0.000000
20.218074 -1.406436 0.000873 0.000000
11.138644 -2.140601 0.002946 0.000000
-8.016876 -0.635200 0.003878 0.000000
-26.717321 4.648076 -0.001049 0.000000
-12.266667 0.212813 0.002060 0.000000
-7.882611 -1.124599 0.004214 0.000000
-24.432557 3.049317 -0.000289 0.000000
-11.823244 -0.264790 0.002378 0.000000
-24.382398 1.814095 0.000161 0.000000
-12.004773 -0.748742 0.002551 0.000000
-25.654041 1.377757 0.000329 0.000000
16.742529 -3.561652 0.002232 0.000000
-8.766737 -0.231274 0.003316 0.000000
-19.488106 -2.132909 0.002081 0.000000
16.977151 -0.824998 0.001092 0.000000
19.152225 0.034035 0.000391 0.000000
11.048704 -1.196956 0.002566 0.000000
7.656571 -1.417881 0.004220 0.000000
-12.330020 -0.590725 0.002429 0.000000
-25.448442 1.849059 -0.000306 0.000000
-9.949115 -1.223714 0.003356 0.000000
-17.207094 -0.203477 0.001490 0.000000
-13.363545 -1.399182 0.002567 0.000000
-31.318268 0.540779 -0.000195 0.000000
-11.116309 -1.845819 0.003263 0.000000
-21.416576 -1.233602 0.001564 0.000000
15.926725 -1.735369 0.001637 0.000000
-22.220837 3.424671 -0.000385 0.000000
-8.839489 -0.404413 0.003378 0.000000
-14.681723 0.815076 0.001378 0.000000
23.149354 1.887477 0.000274 0.000000
11.760618 -0.206920 0.001898 0.000000
21.597381 2.427862 0.000184 0.000000
11.572644 0.155131 0.001783 0.000000
21.780882 3.325289 -0.001233 0.000000
7.784747 -0.742755 0.003773 0.000000
8.188759 -0.308488 0.003307 0.000000
6.420775 -0.487557 0.004534 0.000000
-16.481394 -2.557034 0.002540 0.000000
-13.846008 -3.091705 0.003148 0.000000
-35.327473 -4.141783 0.002369 0.000000
17.794135 -6.474072 0.003184 0.000000
9.991631 -4.700462 0.004345 0.000000
26.311374 -6.836342 0.002454 0.000000
6.986914 -4.103053 0.005822 0.000000
12.397774 -4.681929 0.003554 0.000000
-9.632850 -2.479539 0.004031 0.000000
16.314459 -4.515186 0.002672 0.000000
-13.557049 -1.395343 0.002516 0.000000
-29.125334 0.095702 -0.000074 0.000000
-20.892889 -1.775907 0.001819 0.000000
15.616673 -4.030313 0.002607 0.000000
9.265174 -3.563729 0.004260 0.000000
20.681615 -3.708147 0.001754 0.000000
31.693333 -3.153680 0.000650 0.000000
13.656674 -2.987279 0.002596 0.000000
18.368168 -2.052264 0.001378 0.000000
23.948038 -3.749201 0.002136 0.000000
12.197140 -3.018697 0.002976 0.000000
35.438524 -2.749407 0.001375 0.000000
8.015543 -2.821918 0.004648 0.000000
14.982896 -2.769514 0.002221 0.000000
-32.432487 -0.490978 -0.000068 0.000000
-20.515626 -2.108377 0.001983 0.000000
-5.805075 -3.040957 0.006787 0.000000
-15.134099 -3.128512 0.002947 0.000000
-7.828236 -3.037959 0.005139 0.000000
-12.101062 -3.530258 0.003687 0.000000
-25.492366 -4.527983 0.002672 0.000000
9.176878 -3.917910 0.004419 0.000000
18.510349 -4.386339 0.002282 0.000000
22.573007 -6.698061 0.002682 0.000000
22.374653 -4.495165 0.001835 0.000000
-3.282433 -3.034244 0.011607 0.000000
-17.429707 -2.085562 0.002239 0.000000
-12.824935 -2.951115 0.003293 0.000000
-28.101327 -3.168834 0.002101 0.000000
-10.213351 -3.309268 0.004173 0.000000
-6.005895 -3.375106 0.006695 0.000000
-18.255091 -3.991511 0.002946 0.000000
-8.402723 -3.769151 0.005090 0.000000
-13.620542 -4.252090 0.003664 0.000000
-33.550597 -6.570068 0.001841 0.000000
15.527534 -6.255290 0.003796 0.000000
-1.520950 -2.825605 0.023209 0.000000
-0.539885 3.683865 0.003149 0.000000
1.578696 5.925743 0.000729 0.000000
0.611716 3.517990 0.003334 0.000000
0.800900 4.857747 0.001796 0.000000
-1.585667 6.807154 0.000066 0.000000
-0.990912 5.149148 0.001530 0.000000
-1.232673 5.857907 0.000867 0.000000
-1.095263 21.409844 1.367651 0.000000
-1.091418 10.082248 1.184784 0.000000
-1.089851 8.008692 0.827190 0.000000
-1.090892 9.306639 0.955732 0.000000
1.092421 10.857634 0.845155 0.000000
1.095611 20.527378 1.354147 0.000000
0.054063 35.720651 1.843974 0.000000
1.097269 33.103092 1.891769 0.000000
0.785906 35.720703 1.920160 0.000000
-1.095196 21.080562 1.681813 0.000000
-1.095780 24.725034 1.605727 0.000000
-1.094323 17.139931 1.356890 0.000000
-1.096707 33.616425 1.804939 0.000000
1.095237 18.753346 1.283551 0.000000
1.097239 32.876896 1.648251 0.000000
1.093689 13.582692 1.146605 0.000000
1.092667 11.294256 1.197463 0.000000
1.096775 28.186294 1.707955 0.000000
-1.096639 32.741540 2.033456 0.000000
1.095695 20.946136 1.493870 0.000000
-7.897151 -0.023965 7.546629 0.000000
-9.327235 3.640131 4.940694 0.000000
1.009589 32.836757 2.360211 0.000000
1.095642 20.637423 1.574836 0.000000
0.551869 33.695935 2.360007 0.000000
0.163387 32.130464 2.360399 0.000000
0.838848 33.127800 2.360145 0.000000
-0.535065 30.571384 2.360775 0.000000
-1.094485 17.781117 1.543509 0.000000
-1.096750 34.214218 2.000295 0.000000
-1.095302 21.632740 1.431874 0.000000
0.207532 32.220106 2.360377 0.000000
1.096721 27.676612 2.098951 0.000000
-0.892044 28.864264 2.361149 0.000000
-0.043984 31.260534 2.360607 0.000000
0.783010 33.428150 2.360069 0.000000
0.319404 33.225396 2.360131 0.000000
1.097230 32.705243 2.159534 0.000000
-1.093942 15.803462 1.717581 0.000000
-0.328370 33.063836 2.360183 0.000000
-1.095879 25.463941 2.150020 0.000000
1.093571 13.312576 0.776079 0.000000
1.097007 30.458117 1.486324 0.000000
1.094465 15.870331 0.958471 0.000000
1.091969 10.088441 0.735079 0.000000
1.096071 23.123986 1.098504 0.000000
1.095164 18.493667 0.895711 0.000000
1.094386 15.644959 0.626461 0.000000
-1.090899 9.316576 0.458169 0.000000
-1.094124 16.382515 0.478492 0.000000
-0.343617 35.720154 0.747933 0.000000
1.096039 23.027835 0.760190 0.000000
-1.095745 24.397843 1.693777 0.000000
0.883237 35.720125 0.643301 0.000000
-1.094356 17.260847 1.220831 0.000000
-1.096351 29.469633 1.599177 0.000000
-1.092938 13.025514 1.321462 0.000000
-1.093843 15.487122 0.831237 0.000000
-1.095733 24.228340 0.579671 0.000000
-1.092362 11.765271 0.686313 0.000000
-9.809117 -0.021351 7.237094 0.000000
-1.091562 10.301123 0.015625 0.000000
-0.996294 12.745609 -0.003753 0.000000
1.294242 4.258240 0.002373 0.000000
1.815806 7.329562 0.000090 0.000000
1.608254 7.147159 0.000233 0.000000
1.418828 7.043492 0.000320 0.000000
1.241667 7.004303 0.000360 0.000000
-0.305245 11.720541 -0.003183 0.000000
0.492912 10.518893 -0.002488 0.000000
-0.486501 9.198751 -0.001629 0.000000
0.302277 10.764658 -0.002631 0.000000
0.678529 12.428241 -0.003607 0.000000
-0.610431 10.648238 -0.002545 0.000000
-0.211076 10.784165 -0.002632 0.000000
-0.137179 11.198477 -0.002881 0.000000
0.372024 12.174950 -0.003456 0.000000
-1.092533 12.089414 0.071319 0.000000
-0.787030 11.951694 -0.003309 0.000000
0.173721 8.941765 -0.001473 0.000000
0.027688 11.978479 -0.003338 0.000000
-1.090890 9.283990 0.012443 0.000000
-1.091024 13.419233 -0.004120 0.000000
-0.501957 12.598401 -0.003676 0.000000
-0.051115 11.995997 -0.003346 0.000000
-0.811860 13.570433 -0.004204 0.000000
-0.397996 12.002475 -0.003341 0.000000
0.536564 7.496160 -0.000462 0.000000
1.074100 7.036742 0.000344 0.000000
0.872911 7.002295 0.000317 0.000000
1.090740 8.366517 0.188191 0.000000
1.064496 10.397374 -0.002432 0.000000
0.108271 6.466981 0.000361 0.000000
0.597583 7.988931 -0.000824 0.000000
1.091477 9.354447 0.018088 0.000000
-0.034980 7.129678 0.000309 0.000000
0.284764 8.335484 -0.001060 0.000000
0.646001 10.261200 -0.002334 0.000000
1.093065 12.164907 0.166616 0.000000
-9.571424 -0.020851 7.806800 0.000000
27.954394 4.949385 -0.001833 0.000000
8.541356 -0.333163 0.003145 0.000000
36.804323 6.263644 -0.003404 0.000000
-7.733178 -0.934439 0.004193 0.000000
-10.875159 -0.179313 0.002577 0.000000
-19.222546 1.867371 0.000459 0.000000
-17.275289 0.675359 0.001112 0.000000
-16.442330 -0.058744 0.001553 0.000000
-9.413744 -1.560622 0.003713 0.000000
35.238893 -0.046617 -0.000387 0.000000
14.154266 -1.512603 0.001880 0.000000
8.649240 -1.869085 0.003866 0.000000
20.145458 -0.540081 0.000548 0.000000
36.810997 2.366304 -0.001324 0.000000
14.589972 -0.683959 0.001433 0.000000
23.081038 1.040156 -0.000394 0.000000
7.989220 -1.231431 0.003918 0.000000
-6.744680 -0.620098 0.004616 0.000000
-6.771961 -0.029995 5.871596 0.000000
-18.272515 1.718814 0.000583 0.000000
16.323996 -2.041912 0.001692 0.000000
9.670704 -2.341663 0.003588 0.000000
23.612750 -1.026301 0.000400 0.000000
11.877410 -1.804183 0.002574 0.000000
15.852062 -1.191686 0.001424 0.000000
5.807392 -2.347377 0.006290 0.000000
9.402230 -1.645897 0.003398 0.000000
24.420016 0.411187 0.000163 0.000000
12.356311 -1.028377 0.002105 0.000000
8.162293 -1.491473 0.003952 0.000000
-22.517322 -1.016483 0.001434 0.000000
-9.973055 -2.267531 0.003813 0.000000
-16.481658 -2.371271 0.002464 0.000000
12.207857 -3.524249 0.003176 0.000000
8.042487 -3.214950 0.004788 0.000000
24.725845 -4.484071 0.001670 0.000000
25.725277 -7.008918 0.002527 0.000000
-13.253390 -2.836618 0.003158 0.000000
-7.575655 -3.136842 0.005335 0.000000
-30.129127 -3.328329 0.002072 0.000000
-11.167732 -3.464825 0.003908 0.000000
-21.420542 -4.107490 0.002707 0.000000
16.845676 -6.447172 0.003285 0.000000
16.378965 -4.604378 0.002674 0.000000
-31.123626 -0.550654 0.000966 0.000000
-14.853082 -0.526601 0.001928 0.000000
-37.380328 2.874316 -0.000830 0.000000
-13.747250 -1.180656 0.002379 0.000000
-32.679014 0.851100 0.000027 0.000000
-13.092440 -1.712468 0.002730 0.000000
36.640228 -7.208393 0.001984 0.000000
26.128091 -3.617243 0.001203 0.000000
-16.846714 0.461391 0.001256 0.000000
16.332211 -2.778230 0.001977 0.000000
15.890757 1.548324 0.000249 0.000000
35.101164 7.231123 -0.003710 0.000000
24.134055 2.370199 -0.001061 0.000000
11.994174 -0.051863 0.001764 0.000000
18.606054 1.700600 0.000251 0.000000
10.510440 -0.184589 0.002273 0.000000
6.095396 -0.607334 0.004884 0.000000
-23.313280 3.867936 -0.000624 0.000000
23.329821 2.809037 -0.001160 0.000000
11.725707 0.042513 0.001795 0.000000
21.828467 3.445707 -0.000791 0.000000
-15.029109 -1.286708 0.002234 0.000000
-11.615435 -2.071284 0.003221 0.000000
-6.994119 -2.655119 0.005543 0.000000
12.957999 -2.259442 0.002471 0.000000
8.426039 -2.216318 0.004145 0.000000
25.290041 -1.903120 0.000566 0.000000
14.169502 -3.856435 0.002823 0.000000
-23.659131 -1.789228 0.001705 0.000000
-9.840907 -2.715156 0.004049 0.000000
-17.130475 -2.688599 0.002514 0.000000
-8.464958 -3.152014 0.004830 0.000000
-32.864237 -4.287373 0.001949 0.000000
37.074291 -6.344946 0.001607 0.000000
19.392499 -2.863053 0.001837 0.000000
10.919331 -2.642095 0.003230 0.000000
-8.963731 -2.384452 0.004274 0.000000
-14.175159 -2.149979 0.002710 0.000000
-33.108978 -1.643884 0.000923 0.000000
-10.977985 -2.995806 0.003782 0.000000
-20.101072 -2.926273 0.002357 0.000000
-14.453090 -3.774227 0.003314 0.000000
-7.450525 -3.489910 0.005547 0.000000
-6.424459 -2.548308 0.005962 0.000000
28.586794 -5.949290 0.001966 0.000000
-37.828307 -5.338392 0.002818 0.000000
-11.228785 -3.923371 0.004068 0.000000
-22.327932 -5.213435 0.003096 0.000000
34.634568 -10.177412 0.003501 0.000000
13.789928 -5.463388 0.003488 0.000000
8.597097 -4.493446 0.004909 0.000000
18.486817 -5.604049 0.002768 0.000000
10.230491 -4.256700 0.004099 0.000000
13.112316 -4.087699 0.003154 0.000000
17.821395 -3.979543 0.002234 0.000000
12.419698 -1.216975 0.002172 0.000000
27.048950 1.202703 -0.000837 0.000000
30.410901 3.074318 -0.001766 0.000000
25.727222 0.090896 0.000194 0.000000
14.344700 0.062816 0.001167 0.000000
-28.863654 3.270621 -0.000567 0.000000
-18.262251 0.504828 0.001094 0.000000
-33.488694 1.987881 -0.000117 0.000000
-21.829795 -0.549243 0.001308 0.000000
26.705466 -0.819247 0.000468 0.000000
12.321420 -1.630926 0.002375 0.000000
7.951294 3.598574 4.936892 0.000000
-10.080463 -0.547848 0.002992 0.000000
-30.311554 4.637781 -0.001072 0.000000
-18.088414 1.368323 0.000757 0.000000
-31.398122 2.976898 -0.000445 0.000000
-20.290145 0.387750 0.000974 0.000000
20.946840 -0.399885 0.000392 0.000000
11.005447 -1.208434 0.002584 0.000000
20.172696 0.274866 0.000197 0.000000
20.541547 1.222517 0.000498 0.000000
11.316426 -0.542165 0.002184 0.000000
22.222452 2.534119 -0.000936 0.000000
-9.834228 -0.026810 3.095043 0.000000
25.515987 4.537027 -0.002041 0.000000
1.093096 12.222158 0.459705 0.000000
1.094625 16.451836 0.541010 0.000000
1.096217 24.138863 0.790875 0.000000
1.091205 8.971423 0.201802 0.000000
1.092872 11.759017 0.302726 0.000000
-1.093920 15.717725 0.697354 0.000000
-1.095790 24.587924 0.278871 0.000000
-0.521209 18.778371 -0.006842 0.000000
-1.090536 8.832879 0.737261 0.000000
-1.092386 11.813068 0.665438 0.000000
-1.094220 16.704073 0.355640 0.000000
-0.071899 19.577473 -0.007236 0.000000
1.095420 19.727815 0.089171 0.000000
1.094467 15.918560 0.301106 0.000000
1.096113 23.556487 0.204135 0.000000
-1.134431 29.395391 1.131958 0.000000
0.707421 22.507340 -0.008617 0.000000
-1.096848 35.229976 0.712612 0.000000
0.393013 20.741496 -0.007793 0.000000
-1.095385 22.054504 0.770377 0.000000
2.532754 -0.069320 2.034659 0.000000
3.847468 -0.047433 4.030799 0.000000
1.092051 10.247685 0.093246 0.000000
1.097077 31.438297 0.307963 0.000000
1.094459 15.890345 0.479319 0.000000
-1.096108 27.070559 0.254264 0.000000
0.676046 35.719954 0.240512 0.000000
1.096031 23.009304 0.426354 0.000000
-1.067783 35.719986 0.233460 0.000000
0.077250 35.719931 0.217268 0.000000
-1.095597 23.359724 0.535472 0.000000
0.546004 35.720004 0.383772 0.000000
-1.096644 32.374604 0.585193 0.000000
-0.600683 35.719949 0.219428 0.000000
1.093799 13.938316 0.014777 0.000000
1.012168 20.173242 -0.007541 0.000000
1.090606 8.203257 0.295817 0.000000
0.829365 23.560982 -0.009099 0.000000
1.092194 10.484662 0.264921 0.000000
1.096394 25.509835 0.109849 0.000000
1.093849 14.067940 0.291627 0.000000
1.095444 19.832998 0.298508 0.000000
-1.096211 27.949587 0.336914 0.000000
-1.092047 11.158634 0.504037 0.000000
-1.094695 18.566824 0.215473 0.000000
5.748635 -0.029482 7.035624 0.000000
7.934014 3.630903 4.936904 0.000000
1.097148 31.765258 2.172885 0.000000
-0.232592 31.226865 2.360620 0.000000
-1.095157 20.885165 2.021411 0.000000
0.327477 31.411967 2.360566 0.000000
-1.090853 9.245961 1.250168 0.000000
-1.093157 13.559559 1.497102 0.000000
1.094531 16.029829 1.421527 0.000000
0.563384 29.688684 2.362466 0.000000
1.096076 23.046837 1.860833 0.000000
0.081337 28.446267 2.362665 0.000000
0.902399 30.080733 2.362401 0.000000
-0.361337 27.184492 2.362849 0.000000
0.408661 29.464295 2.362503 0.000000
1.096573 26.489209 2.026888 0.000000
-0.764679 25.919073 2.363013 0.000000
-0.065450 28.757109 2.362617 0.000000
0.691695 31.600061 2.360515 0.000000
-1.095624 23.687550 2.202128 0.000000
-0.589314 27.971735 2.361319 0.000000
-1.801541 7.751989 1.175692 0.000000
-9.745409 -0.024242 5.312704 0.000000
1.095282 18.926129 1.618556 0.000000
0.670306 30.052134 2.362144 0.000000
1.095782 21.374117 1.709406 0.000000
-1.096841 35.423002 2.007321 0.000000
-1.095438 22.458828 2.021182 0.000000
-0.782447 34.015258 2.359954 0.000000
-1.096201 28.141498 2.092309 0.000000
-1.094736 18.829236 1.424972 0.000000
-1.093294 13.908844 1.274922 0.000000
0.858121 34.406864 2.359821 0.000000
-0.265302 27.672942 2.362538 0.000000
0.402792 30.982538 2.360661 0.000000
1.093807 13.872138 1.339397 0.000000
-1.095845 25.204297 2.259602 0.000000
-0.549610 29.412339 2.361027 0.000000
0.303723 34.433665 2.359826 0.000000
1.096954 29.817499 1.878433 0.000000
-0.831976 28.732191 2.361178 0.000000
-0.006528 34.211099 2.359887 0.000000
-1.093902 15.619886 0.097646 0.000000
-0.539691 9.357231 -0.001736 0.000000
-0.137821 5.343525 0.001360 0.000000
-1.092346 11.713147 0.103754 0.000000
-0.656547 9.750796 -0.001987 0.000000
-1.090717 9.063973 0.356697 0.000000
-0.929986 10.193753 -0.002260 0.000000
-0.069514 32.881027 -0.011802 0.000000
0.251761 15.194177 -0.005081 0.000000
0.568420 9.399010 -0.001785 0.000000
0.618435 6.437832 0.000367 0.000000
0.168899 15.797427 -0.005389 0.000000
0.348562 9.104280 -0.001586 0.000000
-0.391907 16.435798 -0.005698 0.000000
0.227986 5.716712 0.001006 0.000000
-1.095014 20.033830 0.279532 0.000000
-0.493494 17.617657 -0.006283 0.000000
-0.140382 9.190992 -0.001629 0.000000
0.008208 5.451140 0.001257 0.000000
-0.967791 19.541868 -0.007200 0.000000
-0.379131 9.129842 -0.001588 0.000000
-1.254933 6.009354 0.000735 0.000000
-1.424215 6.589056 0.000247 0.000000
1.092664 11.351210 0.008384 0.000000
1.091710 9.704283 0.108572 0.000000
1.093324 12.755487 0.031646 0.000000
0.871668 24.790451 -0.009656 0.000000
0.976743 14.456625 -0.004715 0.000000
1.087586 10.192755 -0.002306 0.000000
1.047915 7.622360 -0.000579 0.000000
0.420797 28.043915 -0.009889 0.000000
0.774514 14.762464 -0.004868 0.000000
0.766246 9.747591 -0.002016 0.000000
-15.897249 -2.428482 0.002560 0.000000
-22.202666 -1.565194 0.001657 0.000000
-12.411799 -3.022693 0.003430 0.000000
-26.887485 -3.897754 0.002415 0.000000
-18.894784 -4.572881 0.003120 0.000000
18.337767 -6.959893 0.003498 0.000000
29.246546 -7.996907 0.003066 0.000000
7.060336 -3.563443 0.005599 0.000000
12.983815 -4.838350 0.003455 0.000000
28.478173 -5.033286 0.001578 0.000000
13.350142 -3.654836 0.002926 0.000000
8.548883 -3.322640 0.004533 0.000000
-16.882138 -0.157585 0.001509 0.000000
-9.002795 -1.445369 0.003830 0.000000
-14.523970 -1.192164 0.002277 0.000000
-35.623015 1.273050 -0.000401 0.000000
-29.030412 -0.679629 0.001032 0.000000
-25.707801 -1.809757 0.001620 0.000000
28.177660 -7.165171 0.002458 0.000000
12.669336 -4.422610 0.003392 0.000000
22.015727 -4.103826 0.001778 0.000000
36.715138 -3.415970 0.000391 0.000000
9.036792 -2.956047 0.004136 0.000000
-10.744858 -2.203514 0.003527 0.000000
-16.807363 -0.825419 0.001791 0.000000
-12.926441 -1.778586 0.002792 0.000000
-19.892538 -2.151281 0.002041 0.000000
-15.408758 -2.852256 0.002803 0.000000
15.081578 -3.584277 0.002532 0.000000
9.841104 -2.613782 0.003629 0.000000
19.162874 -2.108343 0.001303 0.000000
-9.942821 -1.542381 0.003505 0.000000
10.243120 -3.039897 0.003637 0.000000
7.207013 -2.806319 0.005199 0.000000
19.172505 -5.234038 0.002509 0.000000
-17.667408 -2.897800 0.002581 0.000000
-13.266319 -3.511115 0.003423 0.000000
-7.021573 -3.456842 0.005837 0.000000
-30.547596 -4.550565 0.002583 0.000000
-10.471299 -3.969647 0.004311 0.000000
-19.676494 -4.886588 0.003165 0.000000
14.534261 -5.530649 0.003374 0.000000
10.436739 -4.116630 0.003972 0.000000
28.035418 -5.359768 0.001758 0.000000
17.385677 -3.495938 0.002096 0.000000
-12.715425 -2.019701 0.002937 0.000000
-7.186806 -2.754073 0.005445 0.000000
-26.843068 -1.673410 0.001561 0.000000
-10.032065 -2.677074 0.003963 0.000000
-6.093124 -3.154173 0.006529 0.000000
10.101705 -0.110756 0.002380 0.000000
16.516089 0.066906 0.000787 0.000000
29.205367 3.042641 -0.001717 0.000000
21.525216 2.172756 -0.000740 0.000000
11.284968 -0.198615 0.002032 0.000000
17.593552 1.725849 0.000436 0.000000
-7.489050 -1.023861 0.004383 0.000000
-7.668488 -0.497741 0.003982 0.000000
-5.775223 -1.269990 0.005841 0.000000
-20.452887 2.848389 -0.000041 0.000000
-20.855724 2.226740 -0.000034 0.000000
-11.336050 -0.592437 0.002645 0.000000
-22.704787 1.727607 0.000299 0.000000
17.823490 -2.659236 0.001712 0.000000
25.661475 -1.865413 0.000530 0.000000
7.103695 -2.649296 0.005212 0.000000
16.111298 -1.505077 0.001507 0.000000
12.066840 -1.572544 0.002421 0.000000
-29.238376 5.474419 -0.001442 0.000000
19.102461 2.470240 -0.000606 0.000000
-17.234977 0.471551 0.001211 0.000000
-17.060218 1.656479 0.000724 0.000000
-12.200067 0.070845 0.002135 0.000000
-26.210271 3.026625 -0.000388 0.000000
18.562862 0.124335 0.000445 0.000000
10.211513 -1.089347 0.002810 0.000000
17.736596 0.642822 0.000349 0.000000
10.321824 -0.663523 0.002569 0.000000
17.911322 1.410116 0.000005 0.000000
-36.573280 0.873809 -0.000263 0.000000
-11.415201 -1.948256 0.003223 0.000000
-23.312407 -1.253947 0.001462 0.000000
-17.429429 -2.392403 0.002374 0.000000
19.104283 -2.805488 0.001578 0.000000
10.431217 -2.725998 0.003440 0.000000
20.360059 -2.002909 0.001120 0.000000
22.642355 -1.342374 0.000614 0.000000
27.420552 0.187533 0.000273 0.000000
13.369502 -1.287784 0.001959 0.000000
-10.430739 -1.040120 0.003112 0.000000
-19.315160 -0.118988 0.001268 0.000000
-27.387410 -2.893786 0.001349 0.000000
22.920001 -6.868582 0.003131 0.000000
36.999513 -7.686896 0.002815 0.000000
14.359483 -4.413107 0.002974 0.000000
8.988534 -3.822519 0.004487 0.000000
19.541681 -4.370845 0.002160 0.000000
-12.446069 -2.731947 0.003299 0.000000
30.526266 -4.058029 0.001089 0.000000
13.421466 -3.297276 0.002776 0.000000
-6.879722 -2.176646 0.005408 0.000000
-16.222742 -1.303881 0.002084 0.000000
-13.802447 -2.134335 0.002800 0.000000
-7.817881 -2.606386 0.004968 0.000000
-33.902276 -1.513230 0.000569 0.000000
7.622334 -2.912149 0.004942 0.000000
-8.372289 -3.042674 0.004835 0.000000
-13.178727 -3.288598 0.003352 0.000000
-30.100085 -4.399161 0.002542 0.000000
-10.430623 -3.776393 0.004268 0.000000
-19.698012 -4.780943 0.003130 0.000000
18.602066 -5.612777 0.002757 0.000000
24.856004 -5.764464 0.002166 0.000000
12.055706 -4.129993 0.003450 0.000000
39.112493 -5.544741 0.001889 0.000000
20.286008 -3.111124 0.001556 0.000000
-17.233553 -2.679653 0.002501 0.000000
-8.040017 -2.291271 0.004700 0.000000
-12.487739 -2.019488 0.002988 0.000000
-25.733865 -1.507443 0.001470 0.000000
15.613373 -5.564129 0.003189 0.000000
9.250466 -4.355059 0.004544 0.000000
23.168396 -5.672933 0.002244 0.000000
6.628588 -3.905066 0.006062 0.000000
7.712286 -4.429710 0.005514 0.000000
-18.123940 -2.993496 0.002571 0.000000
-27.486358 -1.657047 0.000905 0.000000
-10.290550 -2.782855 0.003916 0.000000
-32.233791 -4.783682 0.002587 0.000000
-10.821716 -3.960699 0.004214 0.000000
24.224200 -8.377478 0.003501 0.000000
11.767410 -5.220379 0.003908 0.000000
3.538693 -0.052158 3.477949 0.000000
6.566569 3.568605 4.933266 0.000000
5.133463 -0.030994 6.972042 0.000000
4.044853 -0.044574 4.413211 0.000000
4.550749 -0.037817 5.503265 0.000000
4.253639 -0.041685 4.843635 0.000000
1.096642 27.323251 0.792856 0.000000
1.095727 21.199327 0.759593 0.000000
1.094945 17.653384 0.406547 0.000000
1.097367 34.768350 1.001057 0.000000
0.575477 35.720302 1.080815 0.000000
1.096359 25.113482 0.877095 0.000000
-1.062624 35.720381 1.177116 0.000000
0.885668 35.720396 1.271115 0.000000
-1.095556 23.141729 0.886165 0.000000
-1.094101 16.323746 0.838464 0.000000
-1.094918 19.641606 1.075392 0.000000
1.095310 19.157149 0.801906 0.000000
-1.095416 22.250513 0.946610 0.000000
-0.613895 35.720436 1.358924 0.000000
0.281354 35.720369 1.254506 0.000000
-1.096428 30.305310 1.324978 0.000000
-1.094510 17.839955 0.864419 0.000000
-8.980794 -0.021735 7.806833 0.000000
-9.777703 -0.020565 7.800985 0.000000
5.317590 -0.029029 7.488918 0.000000
1.096650 27.218172 1.587090 0.000000
-1.095282 21.520418 1.406057 0.000000
1.097143 31.807170 1.646429 0.000000
-1.095862 25.276378 1.558206 0.000000
1.097092 31.359051 1.519421 0.000000
1.096089 23.217340 1.218868 0.000000
1.095097 18.181984 1.238671 0.000000
-1.096819 34.989121 1.630847 0.000000
-1.092966 13.089483 1.077709 0.000000
-1.095090 20.454105 1.094047 0.000000
-1.003078 27.042298 2.361505 0.000000
1.097055 30.960093 1.402960 0.000000
-1.094701 18.687777 1.785614 0.000000
-1.096809 35.025511 2.290425 0.000000
-1.093335 14.013826 1.428401 0.000000
-1.095463 22.588146 1.604488 0.000000
-1.094035 16.111414 1.596952 0.000000
-1.096613 32.390765 1.282674 0.000000
1.095377 19.406970 1.047062 0.000000
1.096689 27.456596 1.995844 0.000000
0.862973 35.249666 2.359600 0.000000
0.211760 33.942648 2.359952 0.000000
1.097256 32.985928 2.057891 0.000000
1.094711 16.690601 1.227070 0.000000
-0.237975 32.432056 2.360338 0.000000
1.096283 24.468425 1.458035 0.000000
-1.112504 4.980000 0.001687 0.000000
-0.752436 3.844694 0.002940 0.000000
-0.911682 4.221715 0.002493 0.000000
-1.094819 4.679655 0.001990 0.000000
-0.434930 3.578473 0.003287 0.000000
-1.057756 5.071174 0.001601 0.000000
-0.709210 4.193062 0.002538 0.000000
9.856093 -0.027999 2.035806 0.000000
-13.420733 -0.066573 0.001960 0.000000
-31.402556 3.288313 -0.000826 0.000000
-13.650893 -0.526372 0.002118 0.000000
-34.700865 2.563712 -0.000643 0.000000
18.158731 -3.561758 0.002011 0.000000
10.172705 -3.047604 0.003666 0.000000
25.545142 -2.725472 0.000901 0.000000
7.020567 -2.918430 0.005391 0.000000
12.387888 -2.613398 0.002764 0.000000
-31.221283 4.594940 -0.001086 0.000000
22.529190 -1.171770 0.000542 0.000000
-14.600880 1.356039 0.001135 0.000000
-34.006608 6.519957 -0.001954 0.000000
-13.635365 0.429589 0.001708 0.000000
-8.593611 -0.804892 0.003694 0.000000
21.234946 1.937429 -0.000591 0.000000
11.908744 -1.023247 0.002226 0.000000
16.909451 -0.012618 0.000758 0.000000
9.812581 -1.022822 0.002933 0.000000
29.845876 2.855038 -0.001080 0.000000
-0.125424 6.904464 0.000011 0.000000
-0.331325 7.485984 -0.000434 0.000000
-0.074340 4.639011 0.002064 0.000000
-0.411353 8.026880 -0.000831 0.000000
-1.061518 10.113249 -0.002215 0.000000
-0.770439 5.603856 0.001112 0.000000
-1.090055 6.554324 0.000287 0.000000
38.568510 -2.623948 0.000010 0.000000
14.794842 -2.757431 0.002263 0.000000
20.375279 -1.972255 0.001108 0.000000
11.693449 -3.065385 0.003148 0.000000
-22.272322 2.489949 -0.000072 0.000000
-11.032810 -0.478187 0.002678 0.000000
-20.095732 1.108291 0.000721 0.000000
-19.092354 0.218746 0.001161 0.000000
-19.392320 -0.515499 0.001415 0.000000
23.579605 -3.537189 0.001357 0.000000
8.037654 -1.371875 0.003963 0.000000
-14.147127 -1.348798 0.002382 0.000000
-8.967712 -3.071397 0.004554 0.000000
-14.790874 -3.326298 0.003079 0.000000
19.965164 -6.675847 0.002948 0.000000
10.777665 -4.852214 0.004108 0.000000
31.160150 -7.406674 0.002284 0.000000
13.240479 -4.784957 0.003384 0.000000
17.968829 -4.516019 0.002377 0.000000
10.383062 -3.780122 0.003869 0.000000
27.714298 -4.381523 0.001409 0.000000
12.884061 -3.412906 0.002951 0.000000
39.600466 0.640236 -0.001287 0.000000
14.786581 -1.280508 0.001658 0.000000
9.153498 -1.811554 0.003588 0.000000
21.330070 -0.028608 0.000212 0.000000
9.339606 -1.207662 0.003220 0.000000
25.139190 1.675078 -0.000837 0.000000
12.285596 -0.502286 0.001891 0.000000
-7.000965 -0.586767 0.004426 0.000000
37.373944 6.616670 -0.003613 0.000000
14.429945 1.186510 0.000656 0.000000
28.327257 5.343577 -0.001899 0.000000
9.802283 -0.209695 0.002540 0.000000
16.960726 2.081571 0.000119 0.000000
-10.766584 0.141173 0.002453 0.000000
-20.488277 2.638779 0.000047 0.000000
-35.889053 5.357861 -0.001626 0.000000
17.501557 0.834115 0.000302 0.000000
10.198855 -0.744541 0.002649 0.000000
16.767336 1.300889 0.000215 0.000000
16.927833 -4.002711 0.002353 0.000000
-34.489135 -3.897306 0.002263 0.000000
-11.330327 -3.433853 0.003851 0.000000
-22.276952 -4.593638 0.002848 0.000000
37.243826 -7.625014 0.002392 0.000000
21.750269 -3.410512 0.001524 0.000000
11.477940 -3.035305 0.003203 0.000000
30.775877 -2.677637 0.000489 0.000000
-18.208383 -2.584812 0.002393 0.000000
-8.215806 -3.655115 0.005148 0.000000
-4.662248 -3.029755 0.008337 0.000000
-26.575591 -3.187808 0.002136 0.000000
-10.030030 -3.201542 0.004177 0.000000
-17.622600 -3.884334 0.002952 0.000000
-13.220424 -4.255364 0.003726 0.000000
-31.733232 -6.550018 0.003319 0.000000
15.971377 -6.201140 0.003346 0.000000
23.580947 -6.800303 0.002841 0.000000
15.550956 -4.507991 0.002779 0.000000
-16.960937 -2.116559 0.002305 0.000000
9.419136 -3.908111 0.004314 0.000000
22.935637 -4.481469 0.001793 0.000000
11.906174 -3.425058 0.003225 0.000000
-26.519569 -0.208803 0.000947 0.000000
-19.034488 -1.756931 0.001957 0.000000
31.283094 -1.857550 0.000098 0.000000
13.297756 -2.216503 0.002369 0.000000
31.341613 -0.662330 0.000111 0.000000
8.221679 -2.532500 0.004402 0.000000
34.099175 0.843122 -0.000571 0.000000
14.458854 -1.133557 0.001660 0.000000
16.099886 -0.216946 0.000951 0.000000
-11.213116 -0.663900 0.002719 0.000000
-21.864638 0.925887 0.000705 0.000000
-15.464715 -0.798573 0.001976 0.000000
9.849628 -0.023403 5.913455 0.000000
-9.830753 -0.021772 6.925833 0.000000
-1.633030 6.664319 0.373034 0.000000
-0.951494 10.798462 -0.002632 0.000000
-1.091941 10.941846 0.008960 0.000000
-1.090308 8.527059 0.029263 0.000000
-0.206624 9.436193 -0.001791 0.000000
0.351532 9.717406 -0.001983 0.000000
-0.007875 7.201638 -0.000222 0.000000
0.400947 9.954186 -0.002136 0.000000
-0.062694 8.873463 -0.001422 0.000000
0.001552 9.473738 -0.001819 0.000000
-0.366766 9.333657 -0.001722 0.000000
-0.008790 9.509628 -0.001842 0.000000
-1.049845 10.877448 -0.002406 0.000000
-0.554844 9.920460 -0.002097 0.000000
1.002972 10.635017 -0.002572 0.000000
0.647058 5.989862 0.000745 0.000000
0.264462 4.631837 0.002062 0.000000
0.930932 8.249688 -0.001024 0.000000
0.605674 8.195720 -0.000973 0.000000
0.423452 8.178794 -0.000955 0.000000
1.322098 5.662034 0.000986 0.000000
-8.939811 3.625340 4.939784 0.000000
17.845959 1.612621 0.000196 0.000000
7.015828 -0.616816 0.004185 0.000000
-21.509174 3.021599 -0.000197 0.000000
7.211976 -2.139463 0.004893 0.000000
21.047394 0.469508 0.000038 0.000000
11.409262 -0.813088 0.002267 0.000000
23.683695 1.794737 -0.000765 0.000000
12.492118 -0.336510 0.001763 0.000000
20.286043 -0.514728 0.000521 0.000000
-24.320282 2.187113 -0.000052 0.000000
-9.468412 -1.049973 0.003450 0.000000
-16.474244 0.104529 0.001446 0.000000
-8.038719 -1.426574 0.004286 0.000000
-12.640352 -1.023069 0.002529 0.000000
-27.914893 0.861460 0.000476 0.000000
-19.475643 -0.990196 0.001651 0.000000
20.756729 -1.329660 0.000797 0.000000
-8.390856 3.573140 4.938395 0.000000
1.096133 23.469569 1.612079 0.000000
1.093037 12.057341 1.082797 0.000000
1.097171 32.007924 2.022409 0.000000
1.094614 16.325629 1.275692 0.000000
1.093607 13.365291 1.215771 0.000000
0.181676 34.801762 2.359733 0.000000
1.011625 35.208185 2.359612 0.000000
-0.579338 33.016434 2.360198 0.000000
0.594506 34.493909 2.359804 0.000000
1.096651 27.169503 1.872705 0.000000
-0.030619 33.457773 2.360078 0.000000
-1.095028 20.186417 1.770517 0.000000
-1.095406 22.290441 1.841419 0.000000
-0.637182 32.279766 2.360381 0.000000
0.295533 35.281060 2.359602 0.000000
1.097150 31.813943 2.046506 0.000000
-1.096391 30.007252 2.268197 0.000000
-0.265652 34.947544 2.359704 0.000000
-0.963494 34.236819 2.359906 0.000000
-1.095928 25.808974 1.841994 0.000000
1.095289 19.023420 1.116417 0.000000
1.094381 15.586507 0.881851 0.000000
-1.095101 20.546523 1.326025 0.000000
-1.095993 26.205992 0.782476 0.000000
-1.094400 17.408341 0.487751 0.000000
1.095882 22.054495 1.050348 0.000000
1.094958 17.654730 0.950149 0.000000
1.096607 26.984525 1.092454 0.000000
1.095817 21.714905 0.604601 0.000000
-1.095857 25.274929 1.706800 0.000000
-1.096522 31.339813 1.559722 0.000000
6.616831 3.566768 4.933395 0.000000
8.608607 -0.028905 4.080456 0.000000
1.097398 35.006026 0.833410 0.000000
1.094847 17.245575 0.507876 0.000000
1.092378 10.803128 0.499154 0.000000
1.096488 26.087028 0.750422 0.000000
1.095649 20.859826 0.289749 0.000000
-1.091600 10.379634 0.588545 0.000000
-1.092822 12.748397 0.796125 0.000000
-0.787896 22.272970 -0.008478 0.000000
-1.091306 9.914445 0.791037 0.000000
-1.094967 19.787235 0.096288 0.000000
-0.374818 23.086033 -0.008240 0.000000
1.097343 34.443917 0.379612 0.000000
1.094875 17.402096 0.117471 0.000000
-1.096663 32.786883 1.078742 0.000000
1.096652 27.538967 0.078503 0.000000
-1.095237 21.242588 0.954543 0.000000
0.572641 26.705218 -0.009790 0.000000
-1.095801 24.698350 0.768948 0.000000
0.117495 24.565887 -0.009535 0.000000
-1.094312 17.079407 0.713967 0.000000
-1.131535 29.394997 0.200171 0.000000
-3.160684 -3.052702 0.012032 0.000000
-13.204220 -2.366232 0.002976 0.000000
-29.400283 -1.963736 0.001558 0.000000
-10.405655 -2.814540 0.003889 0.000000
-1.300537 -2.802024 0.026460 0.000000
27.743231 -4.663428 0.001465 0.000000
29.917775 -7.626959 0.002513 0.000000
-17.043183 -2.399303 0.002409 0.000000
-23.341524 -1.146776 0.001421 0.000000
-13.599274 -2.871598 0.003106 0.000000
-32.047768 -3.459851 0.002107 0.000000
-22.630451 -4.244146 0.002687 0.000000
18.936746 -6.806927 0.003155 0.000000
10.374214 -4.808621 0.004234 0.000000
-13.775271 -1.473112 0.002498 0.000000
-32.061357 -0.032770 0.000788 0.000000
22.392528 -1.932303 0.000847 0.000000
10.327096 -2.629496 0.003441 0.000000
30.100648 -5.473095 0.001624 0.000000
-20.520578 -1.911488 0.001904 0.000000
-9.319823 -2.762459 0.004277 0.000000
-15.246295 -2.866287 0.002828 0.000000
-12.218902 -3.380861 0.003607 0.000000
-27.130735 -4.364163 0.002565 0.000000
38.514713 -4.608727 0.000812 0.000000
8.227662 -3.453477 0.004765 0.000000
14.783444 -3.596246 0.002588 0.000000
17.585339 -2.889926 0.001812 0.000000
18.104409 -3.837391 0.002139 0.000000
-18.679301 -3.136983 0.002544 0.000000
-8.742716 -3.385627 0.004781 0.000000
-13.629029 -3.688004 0.003420 0.000000
-33.470407 -5.196129 0.002792 0.000000
-20.718841 -5.335779 0.003233 0.000000
35.372883 -10.236837 0.003279 0.000000
13.999391 -5.404537 0.003433 0.000000
18.963390 -5.600357 0.002707 0.000000
28.906836 -5.891946 0.001920 0.000000
13.350415 -4.011652 0.003055 0.000000
24.535434 2.577115 -0.001155 0.000000
12.094568 -0.063527 0.001743 0.000000
19.093454 1.930132 -0.000358 0.000000
10.372128 -2.482276 0.003363 0.000000
-15.276080 -0.926273 0.002030 0.000000
-8.977474 -2.046053 0.004118 0.000000
-14.642475 -1.664117 0.002436 0.000000
15.752524 -4.507773 0.002749 0.000000
9.243860 -3.682953 0.004313 0.000000
20.593302 -4.142267 0.001942 0.000000
31.117141 -3.669097 0.000864 0.000000
13.470457 -3.003476 0.002640 0.000000
17.878918 -2.418834 0.001605 0.000000
-18.665387 0.801696 0.000928 0.000000
-9.999319 -1.185705 0.003321 0.000000
-11.204758 0.186875 0.002320 0.000000
-22.821378 2.984877 -0.000225 0.000000
-9.776554 -0.028870 0.634964 0.000000
17.558858 -1.824044 0.001409 0.000000
26.161803 -0.787067 0.000053 0.000000
-20.472674 3.017564 -0.000108 0.000000
16.977926 -0.624754 0.000980 0.000000
27.551645 1.068095 -0.000762 0.000000
8.298280 -1.561343 0.003908 0.000000
6.045412 -1.779983 0.005716 0.000000
10.669583 -0.049572 0.002155 0.000000
-26.774020 1.791538 0.000096 0.000000
16.930083 0.423453 0.000571 0.000000
18.189447 1.501136 0.000136 0.000000
-7.860353 -0.798135 0.004049 0.000000
-25.487237 3.308191 -0.000443 0.000000
19.125291 2.671376 -0.000703 0.000000
-12.417957 -3.366164 0.003560 0.000000
-26.687254 -3.902682 0.002421 0.000000
-10.214737 -3.786417 0.004334 0.000000
-19.087095 -4.571913 0.003110 0.000000
20.550532 -7.260309 0.003108 0.000000
10.778936 -5.032735 0.004148 0.000000
34.545768 -8.820247 0.002766 0.000000
7.353826 -4.212375 0.005581 0.000000
13.966323 -5.014903 0.003277 0.000000
19.702489 -5.128677 0.002430 0.000000
6.270644 -3.628650 0.006314 0.000000
10.666404 -3.956379 0.003829 0.000000
32.738398 -5.339123 0.001406 0.000000
14.197991 -3.695857 0.002754 0.000000
-22.042459 -1.584696 0.001670 0.000000
8.946509 -3.391412 0.004350 0.000000
-14.137436 -1.765998 0.002556 0.000000
-34.757550 -0.233006 0.000647 0.000000
-13.003935 -2.391206 0.003028 0.000000
-30.750165 -1.643050 0.001403 0.000000
35.407896 -7.925384 0.002252 0.000000
13.840372 -4.766785 0.003240 0.000000
8.667746 -3.957647 0.004698 0.000000
18.192820 -4.511183 0.002354 0.000000
25.847020 -4.189750 0.001469 0.000000
12.292210 -3.292508 0.003063 0.000000
16.117608 -2.858974 0.002057 0.000000
-18.475389 0.312262 0.001183 0.000000
17.143128 -2.363118 0.001688 0.000000
20.901143 -1.309617 0.000774 0.000000
-24.100622 -1.360163 0.001467 0.000000
-15.020824 -1.168409 0.002176 0.000000
-11.827277 -1.922190 0.003107 0.000000
-35.007673 -3.742821 0.002199 0.000000
33.824973 -4.649109 0.001266 0.000000
13.788805 -3.496753 0.002768 0.000000
15.156491 -2.867922 0.002233 0.000000
-9.082223 -1.607528 0.003873 0.000000
27.870443 -5.364648 0.001763 0.000000
-6.860096 -3.476934 0.005968 0.000000
-3.495058 -3.051439 0.010949 0.000000
-23.720868 -1.901154 0.001718 0.000000
-9.688183 -2.886143 0.004177 0.000000
-5.234509 -3.273651 0.007563 0.000000
-12.315312 -3.436003 0.003597 0.000000
-26.398140 -4.538349 0.002661 0.000000
-9.892043 -3.858184 0.004473 0.000000
-17.681764 -4.726987 0.003277 0.000000
38.502703 -10.138191 0.002992 0.000000
14.381639 -5.239193 0.003275 0.000000
8.754083 -4.333799 0.004778 0.000000
18.821862 -5.339385 0.002626 0.000000
0.601356 15.420621 -0.005206 0.000000
0.349596 17.791323 -0.006386 0.000000
1.095926 22.427926 0.017136 0.000000
1.093454 13.047470 0.366511 0.000000
0.030663 21.015890 -0.007375 0.000000
0.950762 29.699058 -0.011820 0.000000
-0.572742 26.097467 -0.010207 0.000000
0.329993 34.136707 -0.013715 0.000000
1.096678 27.703263 0.080501 0.000000
-1.096509 30.830453 0.090813 0.000000
1.032238 12.777977 -0.003813 0.000000
-1.092426 11.877744 0.230714 0.000000
-1.090444 8.710065 0.365705 0.000000
1.097266 33.609758 0.277613 0.000000
-1.093282 13.851168 0.303458 0.000000
-1.095950 25.745583 0.269149 0.000000
-0.577142 35.719872 0.009097 0.000000
-1.094366 17.257372 0.332057 0.000000
-1.092846 12.790242 0.385093 0.000000
-1.095480 22.561641 0.339897 0.000000
-1.091364 9.999323 0.421514 0.000000
-1.093942 15.776851 0.228844 0.000000
-1.096530 31.020515 0.388621 0.000000
1.935427 -0.079932 1.418987 0.000000
-1.095557 23.166551 1.655215 0.000000
-1.094073 16.244692 1.221233 0.000000
-1.092488 12.025475 1.125049 0.000000
-1.093282 13.884272 1.513810 0.000000
-0.980663 28.040795 2.361317 0.000000
-0.330708 32.071188 2.360424 0.000000
-1.095311 21.729322 2.029811 0.000000
-0.643447 31.955137 2.360457 0.000000
-1.096172 27.828158 2.102870 0.000000
-1.094734 18.820290 1.648112 0.000000
-1.000012 35.720909 2.269406 0.000000
0.826546 31.039167 2.360642 0.000000
1.096971 29.914431 2.211795 0.000000
1.094385 15.558804 1.405801 0.000000
1.095914 22.105690 1.814270 0.000000
1.093324 12.674219 1.296260 0.000000
-0.399100 28.502387 2.361213 0.000000
1.096410 25.294237 1.819858 0.000000
-0.797520 27.313987 2.361452 0.000000
-0.168915 29.889575 2.360917 0.000000
0.862847 32.358006 2.360330 0.000000
1.092876 11.705642 1.226848 0.000000
3.141944 -0.058653 2.845126 0.000000
1.096593 26.671474 2.007876 0.000000
-1.095628 23.646078 2.051063 0.000000
-1.094260 16.913343 1.701126 0.000000
-1.096422 30.314750 2.002922 0.000000
-1.095659 23.819043 1.483705 0.000000
0.249564 29.696475 2.361452 0.000000
1.059723 31.227201 2.360594 0.000000
0.489673 31.356783 2.360575 0.000000
0.095185 30.737230 2.360725 0.000000
1.075195 34.524683 2.359787 0.000000
-1.095938 25.924114 2.285268 0.000000
-0.345811 29.807382 2.360937 0.000000
1.096682 27.451549 1.673926 0.000000
-0.091205 34.429007 2.359831 0.000000
-1.095965 25.978569 0.954144 0.000000
-1.094498 17.789251 0.769684 0.000000
-1.092988 13.135527 0.708274 0.000000
-1.091473 10.175323 0.672596 0.000000
1.002634 35.720350 1.149795 0.000000
1.094916 17.489805 0.944661 0.000000
-1.095815 24.853141 0.848650 0.000000
1.096438 25.714378 0.890991 0.000000
-1.094295 17.029701 0.950635 0.000000
-1.096823 34.939329 1.139965 0.000000
-1.096400 29.775269 1.064063 0.000000
4.708123 -0.035876 5.876735 0.000000
-0.870274 11.214255 -0.002881 0.000000
-0.265394 10.396689 -0.002395 0.000000
-1.094430 17.477659 0.178907 0.000000
-0.554692 10.489358 -0.002449 0.000000
-0.365800 5.923062 0.000831 0.000000
-0.852706 22.645820 -0.008647 0.000000
0.236993 18.327839 -0.006640 0.000000
0.740960 33.958738 -0.013649 0.000000
0.993092 17.351663 -0.006186 0.000000
1.007742 8.392569 -0.001126 0.000000
0.545249 17.636993 -0.005992 0.000000
0.729763 10.985816 -0.002776 0.000000
0.886951 7.798766 -0.000699 0.000000
0.505575 7.188624 -0.000227 0.000000
-1.095315 35.719903 0.012907 0.000000
-0.043783 19.399119 -0.007152 0.000000
0.226458 10.232926 -0.002305 0.000000
-1.095493 22.645254 0.385355 0.000000
-0.437661 20.758300 -0.007782 0.000000
-1.094039 16.087863 0.246144 0.000000
-1.209990 6.471538 0.000350 0.000000
1.094405 15.737677 0.001300 0.000000
1.094639 29.649411 -0.011298 0.000000
-3.955774 0.788745 2.997243 0.000000
1.095253 18.895442 0.751902 0.000000
1.096096 23.400202 0.529917 0.000000
1.093604 13.412185 0.450121 0.000000
1.091132 8.851972 0.755123 0.000000
1.096894 29.509165 0.961578 0.000000
1.095887 22.077015 0.870218 0.000000
1.093305 12.680029 0.663818 0.000000
-9.596537 3.586849 4.941240 0.000000
17.152258 0.264025 0.000604 0.000000
31.496275 3.785786 -0.002117 0.000000
13.750089 0.104075 0.001275 0.000000
22.961254 2.697047 -0.001091 0.000000
7.879807 -0.676067 0.003681 0.000000
18.791490 2.053463 -0.000366 0.000000
10.461756 0.049193 0.002176 0.000000
17.672579 -1.362941 0.001210 0.000000
27.779140 0.287318 -0.000402 0.000000
-8.157181 -0.392427 0.003674 0.000000
-5.841211 -1.087924 0.005651 0.000000
-24.913061 4.328240 -0.000865 0.000000
-25.919340 3.423197 -0.000489 0.000000
-12.723733 -0.020885 0.002068 0.000000
19.742442 -2.520576 0.001396 0.000000
29.728371 -1.433217 0.000049 0.000000
13.144600 -2.141957 0.002377 0.000000
26.369195 -0.758328 0.000029 0.000000
30.418053 -2.435521 0.000419 0.000000
13.259484 -2.446053 0.002472 0.000000
10.973803 -2.974838 0.003338 0.000000
-16.335450 1.812001 0.000772 0.000000
-9.472498 -0.430305 0.003144 0.000000
-15.253415 0.982021 0.001233 0.000000
-9.147473 -1.206176 0.003654 0.000000
-15.643462 -0.284682 0.001714 0.000000
7.990319 -4.411233 0.005210 0.000000
16.782770 -5.614145 0.002999 0.000000
25.422187 -5.869472 0.002161 0.000000
16.688021 -3.985272 0.002408 0.000000
-17.426563 -2.922118 0.002606 0.000000
-26.052462 -1.770998 0.001603 0.000000
-30.745871 -4.596079 0.002513 0.000000
-10.631488 -3.966637 0.004265 0.000000
-20.251787 -4.897342 0.003143 0.000000
27.189965 -8.833371 0.003123 0.000000
-39.605240 -1.284306 0.001167 0.000000
-13.220932 -2.750843 0.003143 0.000000
-31.409425 -2.954665 0.001902 0.000000
27.791610 -7.417573 0.002530 0.000000
16.177596 -4.605277 0.002700 0.000000
-14.983970 -2.190892 0.002609 0.000000
11.574055 -3.451912 0.003335 0.000000
38.002122 -4.135223 0.000714 0.000000
-21.476055 -0.160635 0.001142 0.000000
-10.165695 -1.956034 0.003611 0.000000
-17.300876 -1.393368 0.001984 0.000000
12.539445 -0.895361 0.002001 0.000000
17.974583 0.380836 0.000445 0.000000
10.234314 -0.908830 0.002718 0.000000
34.110549 3.835876 -0.002314 0.000000
14.033481 0.112734 0.001215 0.000000
23.435472 2.480397 -0.001036 0.000000
26.489214 0.988755 -0.000657 0.000000
10.128076 -2.448717 0.003443 0.000000
19.499970 -1.469222 0.000993 0.000000
23.142986 -0.338590 0.000118 0.000000
12.364618 -1.229900 0.002189 0.000000
-12.849609 -1.515690 0.002697 0.000000
-28.933542 -0.149678 0.000809 0.000000
-19.895776 -1.787672 0.001918 0.000000
-9.155290 -2.517168 0.004244 0.000000
-15.446265 -2.430627 0.002625 0.000000
-22.229820 -1.761516 0.001728 0.000000
-15.792493 -2.655193 0.002666 0.000000
-12.063530 -3.390984 0.003642 0.000000
11.138098 -2.956817 0.003282 0.000000
36.734765 -5.291001 0.001181 0.000000
-25.266031 -4.192260 0.002559 0.000000
-9.854047 -3.630139 0.004402 0.000000
-17.421983 -4.415782 0.003162 0.000000
17.990519 -5.572473 0.002817 0.000000
9.878775 -4.334857 0.004266 0.000000
23.862773 -5.542317 0.002167 0.000000
11.959158 -4.130469 0.003474 0.000000
19.597219 -3.156285 0.001639 0.000000
-7.901636 -0.556108 0.003892 0.000000
-24.687324 4.149095 -0.000786 0.000000
-9.268594 -0.491322 0.003251 0.000000
-11.579859 -0.347877 0.002471 0.000000
-22.833380 2.082525 0.000131 0.000000
-15.800336 0.140732 0.001521 0.000000
15.111137 -0.222734 0.001148 0.000000
37.098856 4.347256 -0.002540 0.000000
14.745422 0.146489 0.001028 0.000000
36.280262 5.616256 -0.002995 0.000000
-1.656863 6.262767 0.000501 0.000000
-1.468546 5.077351 0.001566 0.000000
-9.312694 -0.022341 7.107314 0.000000
-18.481250 1.920127 0.000479 0.000000
-30.486918 3.977779 -0.000852 0.000000
39.142321 4.866002 -0.003014 0.000000
14.755443 0.386591 0.000942 0.000000
33.257356 5.194471 -0.002861 0.000000
32.616692 6.182094 -0.002691 0.000000
6.610741 -0.767842 0.004576 0.000000
-10.393466 -0.114159 0.002684 0.000000
-8.471399 -0.333285 0.003497 0.000000
-33.833341 6.888834 -0.002079 0.000000
24.547374 -2.099135 0.000735 0.000000
24.995122 -1.185298 0.000321 0.000000
27.203079 0.075235 -0.000050 0.000000
13.017698 -1.351398 0.002074 0.000000
31.944538 1.981818 -0.001484 0.000000
14.534918 -0.469588 0.001363 0.000000
-8.995848 3.567854 4.939839 0.000000
-1.036769 2.734580 0.004389 0.000000
-0.822247 6.474154 0.000358 0.000000
0.137252 4.814738 0.001877 0.000000
0.256916 4.925321 0.001760 0.000000
0.034323 7.050063 0.000101 0.000000
-1.091356 9.994038 0.979655 0.000000
-1.094288 16.992255 1.124851 0.000000
-1.092841 12.794011 0.861701 0.000000
5.150853 -0.030756 7.035026 0.000000
-1.095738 24.340422 1.323833 0.000000
-1.095612 23.556217 1.474189 0.000000
-1.096612 32.394397 1.905969 0.000000
-1.095185 20.992585 1.441666 0.000000
-1.096177 27.910680 1.789924 0.000000
-1.094767 18.972855 1.258705 0.000000
-0.953429 35.720661 1.786352 0.000000
1.095002 17.820306 0.819043 0.000000
1.096651 27.261698 1.298474 0.000000
1.095738 21.199846 1.112480 0.000000
1.097325 33.899106 1.687585 0.000000
1.094737 16.781330 1.085363 0.000000
1.096294 24.591482 1.303660 0.000000
8.922940 -0.022000 7.806226 0.000000
-1.094998 20.055515 1.968902 0.000000
-0.032782 32.753185 2.360253 0.000000
1.095936 22.291007 1.508903 0.000000
-0.638031 31.015050 2.360679 0.000000
1.095041 17.958025 1.026257 0.000000
1.096643 27.194754 1.447699 0.000000
-0.831245 34.814937 2.359748 0.000000
-1.095767 24.598730 1.969452 0.000000
-1.092228 11.494138 1.476005 0.000000
-1.094346 17.218877 1.551884 0.000000
-1.096423 30.279598 1.940073 0.000000
1.094803 17.008159 1.315748 0.000000
1.096368 25.017534 1.655354 0.000000
1.091285 9.045089 0.991835 0.000000
1.092882 11.735767 1.033464 0.000000
1.094351 15.486025 1.095384 0.000000
-1.094979 19.939092 1.364697 0.000000
-1.095506 22.820436 1.046133 0.000000
-1.093982 15.926560 0.854865 0.000000
1.096971 30.113059 1.485028 0.000000
-1.094921 19.623586 1.476100 0.000000
-0.010612 35.720417 1.360525 0.000000
1.093342 12.753036 0.827161 0.000000
1.094838 17.154364 1.191077 0.000000
1.092832 11.645206 0.782239 0.000000
-1.096151 27.524405 1.027286 0.000000
-1.094609 18.254114 0.815305 0.000000
-1.096607 31.998730 0.701597 0.000000
-1.095032 20.165546 0.795099 0.000000
-1.209810 3.407460 0.003432 0.000000
-15.845868 -2.284495 0.002511 0.000000
-7.947643 -2.828677 0.004984 0.000000
-12.039861 -2.938037 0.003469 0.000000
-6.841989 -3.132937 0.005857 0.000000
25.526369 -7.095198 0.002589 0.000000
-24.290702 -3.375850 0.002281 0.000000
-9.769590 -3.354391 0.004330 0.000000
-5.853766 -3.287179 0.006824 0.000000
-16.607678 -3.926174 0.003102 0.000000
-8.082344 -3.734689 0.005249 0.000000
-12.600505 -4.362938 0.003886 0.000000
-28.768353 -6.338355 0.003345 0.000000
24.530997 -4.482169 0.001685 0.000000
-14.490348 -1.397091 0.002345 0.000000
10.828437 -3.783861 0.003707 0.000000
33.415978 -4.411409 0.001035 0.000000
14.125337 -3.490884 0.002690 0.000000
-33.646503 0.484307 0.000521 0.000000
-23.462259 -1.599195 0.001605 0.000000
-18.491607 -2.426685 0.002271 0.000000
-15.456821 -3.344599 0.003004 0.000000
23.532664 -7.253818 0.002804 0.000000
11.579900 -4.884583 0.003835 0.000000
14.635084 -4.999601 0.003151 0.000000
20.549505 -4.630959 0.002095 0.000000
-13.808896 -0.849055 0.002245 0.000000
-34.787005 1.468312 0.000147 0.000000
-22.231825 -0.883515 0.001369 0.000000
-12.658755 -3.069470 0.003376 0.000000
-27.641204 -3.672257 0.002256 0.000000
-19.093781 -4.211991 0.002952 0.000000
32.793844 -7.069661 0.002093 0.000000
16.037234 -4.004945 0.002522 0.000000
20.377704 -3.569556 0.001739 0.000000
28.718627 -2.624373 0.000617 0.000000
13.553160 -2.778154 0.002538 0.000000
-23.107566 -1.502679 0.001600 0.000000
-16.387607 -2.566294 0.002554 0.000000
-26.013815 4.750028 -0.001040 0.000000
23.708723 0.386836 -0.000206 0.000000
28.618861 2.643221 -0.001503 0.000000
14.940440 1.290311 0.000520 0.000000
10.676142 -3.206912 0.003541 0.000000
16.386705 -2.523692 0.001875 0.000000
-22.601196 -0.098158 0.001065 0.000000
23.585234 -1.627225 0.000627 0.000000
11.803908 -2.054977 0.002702 0.000000
7.982325 -2.227204 0.004412 0.000000
-12.848163 0.260415 0.001921 0.000000
-25.916047 3.278095 -0.000429 0.000000
-23.303526 1.709305 0.000280 0.000000
-22.239815 0.772587 0.000740 0.000000
-11.361903 -1.334286 0.002973 0.000000
-16.715465 -1.998882 0.002298 0.000000
-20.637638 1.275666 0.000637 0.000000
-7.578249 -1.219356 0.004438 0.000000
-39.257706 3.553755 -0.000769 0.000000
-11.404603 -1.323289 0.002956 0.000000
-23.428488 0.156148 0.000918 0.000000
19.989183 0.933779 -0.000046 0.000000
-17.026461 -1.360991 0.002006 0.000000
17.336002 -1.513827 0.001320 0.000000
9.943938 -1.980948 0.003318 0.000000
17.380163 -0.993234 0.001097 0.000000
18.033688 -0.082242 0.000663 0.000000
10.575335 -1.123825 0.002675 0.000000
-10.589661 0.032317 0.002556 0.000000
-19.654626 2.558697 0.000115 0.000000
14.732911 0.952997 0.000707 0.000000
33.725145 6.560190 -0.003270 0.000000
-12.049159 -1.650881 0.002935 0.000000
-10.183474 -2.392652 0.003792 0.000000
37.665166 -8.930430 0.002558 0.000000
-13.692383 -2.877041 0.003089 0.000000
-7.784852 -3.187066 0.005224 0.000000
-32.944232 -3.430327 0.002099 0.000000
-11.459288 -3.437325 0.003815 0.000000
-23.532015 -4.362862 0.002689 0.000000
21.947661 -7.435936 0.003070 0.000000
14.384656 -5.026491 0.003209 0.000000
20.051575 -4.877986 0.002295 0.000000
24.456073 -4.367753 0.001648 0.000000
15.164069 -3.098598 0.002306 0.000000
20.761037 -2.315307 0.001184 0.000000
11.163047 -2.410479 0.003052 0.000000
26.300288 -5.392701 0.001896 0.000000
-17.636555 -2.060268 0.002212 0.000000
-5.755100 -2.938140 0.006801 0.000000
-33.576278 -3.324883 0.001991 0.000000
-11.317042 -3.394813 0.003838 0.000000
-22.256659 -4.141202 0.002672 0.000000
33.320481 -4.560345 0.001125 0.000000
13.992262 -3.497304 0.002718 0.000000
20.787603 -2.176831 0.001100 0.000000
-25.922190 -0.689470 0.001120 0.000000
11.477763 -2.281592 0.002897 0.000000
13.575320 -4.006773 0.003008 0.000000
18.686995 -3.972967 0.002113 0.000000
30.646899 -6.025866 0.001781 0.000000
-12.804079 -3.570406 0.003551 0.000000
-25.823974 -2.115105 0.001706 0.000000
-9.987922 -2.909481 0.004073 0.000000
-17.240336 -3.123480 0.002679 0.000000
-8.315153 -3.350847 0.004984 0.000000
-12.473543 -2.383860 0.003141 0.000000
-28.604270 -4.944209 0.002735 0.000000
-10.216114 -3.841459 0.004350 0.000000
-18.688703 -5.110078 0.003308 0.000000
37.774233 -10.621526 0.003188 0.000000
14.049759 -5.702237 0.003538 0.000000
19.489461 -5.655433 0.002647 0.000000
0.510096 6.624359 0.000218 0.000000
1.091343 9.156652 -0.000666 0.000000
0.689266 8.793190 -0.001388 0.000000
0.000384 5.925501 0.000827 0.000000
0.194655 7.068666 -0.000125 0.000000
-0.538708 6.607456 0.000251 0.000000
-0.815206 7.647034 -0.000553 0.000000
1.405354 7.730009 -0.000678 0.000000
1.219924 7.337766 -0.000377 0.000000
1.022464 7.009496 -0.000114 0.000000
0.694841 6.877164 0.000008 0.000000
-0.811552 8.413368 -0.001101 0.000000
0.024958 7.923426 -0.000761 0.000000
-0.598604 7.929971 -0.000760 0.000000
-0.016886 7.995463 -0.000813 0.000000
-1.012560 9.209883 -0.001637 0.000000
-0.997240 9.147122 -0.001596 0.000000
1.092021 10.160883 0.993779 0.000000
1.095106 18.212502 1.308324 0.000000
1.096729 27.817169 1.865285 0.000000
-1.063504 33.113075 2.360188 0.000000
1.096727 27.818164 1.690930 0.000000
1.095713 21.022166 1.423631 0.000000
1.097319 33.753650 2.126427 0.000000
1.096260 24.307780 1.739765 0.000000
-0.859658 33.641743 2.360056 0.000000
1.095453 19.691568 1.683699 0.000000
1.094957 17.571528 1.506706 0.000000
1.096477 25.794494 1.909891 0.000000
0.931374 32.461831 2.360307 0.000000
1.092933 11.818798 1.244041 0.000000
1.097012 30.341102 2.236977 0.000000
1.094433 15.702288 1.446677 0.000000
1.093440 12.950028 1.238124 0.000000
-0.734056 28.421719 2.361235 0.000000
-1.095985 26.233618 1.642741 0.000000
-0.568732 32.293114 2.360375 0.000000
1.097238 32.723936 2.273874 0.000000
-1.049414 26.817007 2.361547 0.000000
0.593938 32.770350 2.360239 0.000000
-1.095725 24.359049 2.117887 0.000000
-1.096560 31.918547 2.315920 0.000000
1.091794 9.822564 0.483446 0.000000
1.095875 22.050065 0.651427 0.000000
1.094994 17.837411 0.518030 0.000000
1.096685 27.665747 0.597651 0.000000
-1.095799 24.790616 1.019122 0.000000
1.092219 10.520283 0.548567 0.000000
1.093722 13.690073 0.741867 0.000000
-1.094368 17.292756 0.977160 0.000000
-0.584066 35.720045 0.462657 0.000000
0.343885 33.929137 -0.013629 0.000000
-1.092972 13.102836 0.804617 0.000000
-1.096878 35.369143 0.451627 0.000000
-0.374865 30.905872 -0.012317 0.000000
-1.095319 21.690524 0.587315 0.000000
-0.722772 29.122948 -0.011533 0.000000
-1.095628 23.487425 0.166636 0.000000
-1.092269 11.579717 0.458412 0.000000
-1.093976 15.861543 0.006259 0.000000
-1.092309 11.646537 0.212898 0.000000
-1.095091 20.373780 0.085694 0.000000
-1.096133 27.188960 0.033812 0.000000
-1.094590 18.135948 0.324174 0.000000
-1.090299 8.523205 0.215009 0.000000
-1.093057 13.283219 0.317269 0.000000
-1.095651 23.634356 0.125644 0.000000
-1.091431 10.100900 0.391791 0.000000
1.095179 18.662411 -0.003879 0.000000
1.092792 11.592674 0.287139 0.000000
0.663500 20.169618 -0.007529 0.000000
-0.167793 16.934884 -0.005951 0.000000
0.528667 21.943003 -0.008354 0.000000
1.093409 12.949143 0.365832 0.000000
-0.414000 20.581499 -0.007701 0.000000
0.028266 24.776284 -0.009627 0.000000
0.805213 33.225272 -0.013337 0.000000
1.095003 17.902395 0.348497 0.000000
-1.095585 23.237657 0.169785 0.000000
-0.480848 28.677870 -0.010957 0.000000
0.420987 34.809438 -0.014001 0.000000
1.096592 26.982152 0.135916 0.000000
-1.096596 31.853608 0.111146 0.000000
1.093526 13.231595 0.179587 0.000000
1.090779 8.417560 0.187918 0.000000
1.087762 9.830417 -0.002079 0.000000
0.877690 10.786146 -0.002661 0.000000
0.730154 11.639105 -0.003160 0.000000
26.130966 3.106458 -0.001516 0.000000
12.583552 0.038089 0.001566 0.000000
20.150434 2.541766 -0.000736 0.000000
17.105868 2.015175 -0.000140 0.000000
-18.247161 0.013968 0.001293 0.000000
-9.690823 -1.484568 0.003570 0.000000
-16.959487 -0.653042 0.001701 0.000000
-29.854603 4.477079 -0.001013 0.000000
10.506664 -2.087397 0.003145 0.000000
30.573775 -0.069409 -0.000547 0.000000
13.338357 -1.495490 0.002060 0.000000
18.661624 -0.542725 0.000736 0.000000
10.491934 -1.394091 0.002846 0.000000
32.748919 2.165417 -0.001372 0.000000
13.851393 -0.588336 0.001557 0.000000
-25.504175 4.549370 -0.000960 0.000000
-12.802693 0.585124 0.001781 0.000000
-16.390099 -1.444468 0.002097 0.000000
14.177312 -1.192962 0.001736 0.000000
14.288602 -1.957196 0.002040 0.000000
-31.541711 6.105283 -0.001775 0.000000
-13.834438 0.633679 0.001574 0.000000
-33.523397 5.266406 -0.001461 0.000000
-14.414867 0.339322 0.001625 0.000000
22.578263 -2.379445 0.001039 0.000000
11.575042 -2.558742 0.002981 0.000000
36.750366 -0.818485 -0.000594 0.000000
7.654829 -2.550017 0.004768 0.000000
19.937034 -1.153835 0.000817 0.000000
10.853352 -1.678474 0.002844 0.000000
34.037121 1.078550 -0.001201 0.000000
-21.537498 -1.797284 0.001780 0.000000
-26.281745 -3.911494 0.002428 0.000000
23.543845 -7.802777 0.003066 0.000000
11.580879 -5.215565 0.003951 0.000000
15.140926 -5.281955 0.003169 0.000000
22.176263 -5.209958 0.002186 0.000000
-37.330256 -1.460947 0.001214 0.000000
15.751066 -4.863315 0.002895 0.000000
20.967736 -4.628057 0.002061 0.000000
32.321588 -4.285440 0.001066 0.000000
13.775660 -3.296835 0.002693 0.000000
-11.066170 -0.948893 0.002881 0.000000
-19.826553 0.565567 0.000933 0.000000
18.391687 -2.824835 0.001693 0.000000
25.347984 3.224096 -0.001531 0.000000
18.174348 0.763667 0.000248 0.000000
35.765414 4.879068 -0.002726 0.000000
14.344725 0.490816 0.000981 0.000000
20.323120 2.627664 -0.000813 0.000000
-8.582178 -1.946797 0.004258 0.000000
-31.115105 0.231068 0.000649 0.000000
-20.283639 -1.437998 0.001739 0.000000
-27.559587 -3.639805 0.002248 0.000000
28.174460 -4.318557 0.001311 0.000000
32.735895 -3.363217 0.000646 0.000000
18.851245 -1.512628 0.001110 0.000000
-14.934176 -2.991671 0.002925 0.000000
-5.166302 -3.254742 0.007650 0.000000
-38.818747 -3.480499 0.002008 0.000000
-6.743863 -3.448749 0.006050 0.000000
-9.359321 -3.731185 0.004634 0.000000
-15.938737 -4.520980 0.003378 0.000000
-7.692628 -2.431824 0.004968 0.000000
-20.910262 -2.126118 0.001959 0.000000
17.580359 -3.487323 0.002068 0.000000
-22.709085 0.986389 0.000615 0.000000
-16.266348 -0.611108 0.001766 0.000000
38.295512 1.379274 -0.001494 0.000000
34.568006 2.333472 -0.001735 0.000000
34.227310 3.573963 -0.002158 0.000000
8.865805 -1.389417 0.003527 0.000000
38.534514 5.892701 -0.003290 0.000000
-11.386487 -0.165720 0.002436 0.000000
-21.622575 2.239663 0.000135 0.000000
-8.919376 -0.998565 0.003652 0.000000
-14.674893 0.239828 0.001618 0.000000
15.647671 0.853499 0.000592 0.000000
9.910554 -0.022991 6.124056 0.000000
-9.919029 -0.020596 7.638777 0.000000
8.605917 -0.780873 0.003352 0.000000
30.164985 1.789409 -0.001236 0.000000
27.255937 2.254102 -0.001253 0.000000
27.138504 3.414144 -0.001714 0.000000
8.356261 -1.039515 0.003613 0.000000
13.176020 0.330137 0.001300 0.000000
29.260128 5.184306 -0.002628 0.000000
13.928208 1.005683 0.000835 0.000000
-14.455140 -0.361537 0.001919 0.000000
-21.077946 2.859689 -0.000059 0.000000
-11.150038 0.255986 0.002298 0.000000
-14.041891 0.638388 0.001541 0.000000
-35.244850 5.437042 -0.001549 0.000000
8.876743 -2.885206 0.004188 0.000000
17.388129 -1.666655 0.001364 0.000000
10.362783 -2.006447 0.003163 0.000000
20.353453 -0.614626 0.000552 0.000000
11.441205 -1.573130 0.002607 0.000000
-0.656524 6.730334 0.000151 0.000000
-1.236077 7.330836 -0.000324 0.000000
-1.520035 7.750935 -0.000277 0.000000
-0.220294 12.386287 -0.003564 0.000000
0.355307 12.264275 -0.003507 0.000000
-1.096191 27.742651 0.248535 0.000000
-0.529320 25.747750 -0.010053 0.000000
0.021648 12.003939 -0.003352 0.000000
0.350984 7.427597 -0.000404 0.000000
-0.847445 28.317908 -0.011175 0.000000
-0.070016 12.075221 -0.003390 0.000000
-1.093200 13.654651 0.505669 0.000000
-1.095183 20.883451 0.197831 0.000000
-0.733329 12.570182 -0.003656 0.000000
-0.823885 13.042259 -0.003920 0.000000
1.096195 24.103768 0.027100 0.000000
1.092843 11.700989 0.135310 0.000000
0.938250 21.875700 -0.008332 0.000000
0.978543 13.364921 -0.004133 0.000000
0.430150 22.784863 -0.008739 0.000000
0.688177 12.796006 -0.003812 0.000000
2.159670 -0.075997 1.629945 0.000000
2.343459 -0.072714 1.820866 0.000000
1.095318 19.199023 0.634535 0.000000
-1.096429 30.165708 0.780427 0.000000
1.095859 21.953021 0.607907 0.000000
1.097440 35.569368 0.841860 0.000000
-1.093350 14.060336 0.732089 0.000000
-1.095896 25.442756 0.855580 0.000000
-1.091729 10.604152 0.701159 0.000000
-1.094436 17.538990 0.718761 0.000000
1.095404 19.633689 0.298162 0.000000
1.093743 13.782405 0.204530 0.000000
-1.092860 12.839067 0.687022 0.000000
1.097102 31.866179 0.455252 0.000000
1.094585 16.306285 0.538916 0.000000
-1.095453 22.487942 0.950790 0.000000
-1.093956 15.831251 0.609839 0.000000
-1.096495 30.854469 0.909701 0.000000
-1.095196 21.081268 2.002349 0.000000
-0.797158 29.312638 2.361054 0.000000
0.078994 34.020792 2.359933 0.000000
-1.093833 15.468565 1.621896 0.000000
-0.598744 33.840846 2.359998 0.000000
-1.092388 11.818157 1.476296 0.000000
-1.094641 18.415323 1.688009 0.000000
-1.089898 33.798403 2.360017 0.000000
1.096173 23.697561 1.762302 0.000000
-1.096145 27.604684 1.638243 0.000000
-1.094657 18.485394 1.380573 0.000000
1.096617 26.832744 2.047399 0.000000
-0.198444 29.088782 2.361085 0.000000
0.778909 31.488205 2.360540 0.000000
0.265634 30.921986 2.360679 0.000000
1.048574 31.906496 2.360436 0.000000
-0.927893 26.555325 2.361792 0.000000
-0.250799 30.004038 2.360896 0.000000
0.697406 34.038836 2.359919 0.000000
1.095345 19.231538 1.380523 0.000000
1.092835 11.646505 0.960423 0.000000
-0.560434 31.226210 2.360626 0.000000
1.096917 29.483212 1.855780 0.000000
-0.819204 29.611985 2.360994 0.000000
-0.027219 35.207536 2.359630 0.000000
0.196542 32.729758 2.360253 0.000000
-1.095466 22.655393 2.136867 0.000000
-0.707382 34.207979 2.359909 0.000000
-1.094894 19.548843 1.759838 0.000000
1.095848 21.731267 1.765176 0.000000
1.097373 34.249529 2.241411 0.000000
1.094792 16.966703 1.389666 0.000000
0.547943 34.125577 2.359899 0.000000
1.096319 24.681171 1.643833 0.000000
-1.091370 10.018631 0.926605 0.000000
-1.095538 23.042333 1.455449 0.000000
-1.096132 27.377281 1.315618 0.000000
5.335786 -0.028126 7.786748 0.000000
4.958015 -0.032946 6.504620 0.000000
4.789956 -0.034897 6.077496 0.000000
-0.937057 4.694408 0.001985 0.000000
1.401872 5.052105 0.001602 0.000000
1.385992 6.068767 0.000626 0.000000
0.843577 6.727384 0.000120 0.000000
1.077573 5.923177 0.000776 0.000000
1.600919 6.927631 -0.000090 0.000000
1.202387 6.639609 0.000167 0.000000
1.644524 6.684421 0.000097 0.000000
-0.689221 10.982001 -0.002744 0.000000
-0.210111 6.073640 0.000699 0.000000
-1.018650 12.195942 -0.003445 0.000000
-0.577098 6.577419 0.000276 0.000000
-0.704161 6.818708 0.000081 0.000000
-0.894755 7.321915 -0.000312 0.000000
-1.004659 7.908656 -0.000746 0.000000
-0.170604 8.396646 -0.001093 0.000000
18.176420 -5.825413 0.002846 0.000000
28.921938 -6.313899 0.002045 0.000000
18.182400 -4.033865 0.002172 0.000000
10.563067 -3.566516 0.003720 0.000000
13.179118 -5.636546 0.003671 0.000000
-12.241216 -2.399083 0.003209 0.000000
-24.415764 -1.941880 0.001698 0.000000
-16.880309 -2.825855 0.002608 0.000000
-19.434882 -4.880088 0.003174 0.000000
31.585105 -9.880563 0.003232 0.000000
-12.173585 -1.133924 0.002683 0.000000
-22.831012 0.036456 0.000983 0.000000
-9.258838 -2.334738 0.004123 0.000000
-15.666458 -2.152888 0.002482 0.000000
-8.775184 -2.641911 0.004469 0.000000
-14.129327 -2.702767 0.002943 0.000000
-36.489612 -2.934254 0.001894 0.000000
36.027703 -8.842378 0.002592 0.000000
18.392527 -4.845278 0.002447 0.000000
26.876781 -4.669995 0.001512 0.000000
16.669588 -3.267344 0.002129 0.000000
9.804302 -2.960051 0.003786 0.000000
-14.870434 -0.940873 0.002100 0.000000
-23.775527 -0.698364 0.001216 0.000000
-17.057403 -1.949535 0.002247 0.000000
-13.607035 -2.730990 0.003049 0.000000
23.157135 -5.504600 0.002204 0.000000
-5.170198 -3.158549 0.007611 0.000000
-34.919246 -3.193663 0.001945 0.000000
-11.183889 -3.388798 0.003874 0.000000
-6.465432 -3.300101 0.006233 0.000000
-21.454231 -3.992371 0.002681 0.000000
-15.434169 -4.231368 0.003342 0.000000
17.365665 -5.543461 0.002890 0.000000
-14.001699 -2.907893 0.003045 0.000000
35.220212 -5.242890 0.001211 0.000000
14.458177 -3.742142 0.002717 0.000000
-19.476111 -1.934994 0.001983 0.000000
29.956438 1.416199 -0.001071 0.000000
19.434802 0.686397 0.000132 0.000000
7.344010 -1.304977 0.004365 0.000000
15.104996 0.375313 0.000886 0.000000
9.349918 -0.752985 0.002994 0.000000
26.677628 3.432676 -0.001672 0.000000
12.604271 0.309456 0.001444 0.000000
-9.888177 -0.728424 0.003145 0.000000
-18.413569 2.426958 0.000308 0.000000
-17.435207 1.485986 0.000759 0.000000
-18.070065 0.365266 0.001166 0.000000
24.125995 -3.276706 0.001244 0.000000
38.303774 -2.289936 -0.000083 0.000000
14.788194 -2.430509 0.002132 0.000000
19.705845 -1.627999 0.001043 0.000000
10.701209 -2.059289 0.003063 0.000000
32.347301 -0.019477 -0.000714 0.000000
13.772726 -1.504099 0.001962 0.000000
-34.628702 -2.675033 0.001737 0.000000
13.090280 -0.913347 0.001870 0.000000
-27.381819 0.593689 0.000599 0.000000
-10.257384 -1.861825 0.003538 0.000000
-18.938615 -1.154501 0.001716 0.000000
20.499782 -2.340805 0.001218 0.000000
10.886731 -2.402864 0.003138 0.000000
21.139838 -1.498945 0.000818 0.000000
11.063434 -1.833760 0.002841 0.000000
22.723358 -0.592634 0.000295 0.000000
-28.385486 5.175453 -0.001322 0.000000
-6.707856 -0.991999 0.004877 0.000000
-9.607013 -0.309969 0.003036 0.000000
-16.717579 1.533444 0.000801 0.000000
-12.369806 -0.121239 0.002186 0.000000
-26.507814 2.987342 -0.000386 0.000000
27.537115 2.553875 -0.001426 0.000000
24.619255 2.991593 -0.001355 0.000000
12.282992 0.080027 0.001628 0.000000
24.443566 3.938601 -0.001707 0.000000
12.590218 0.664894 0.001275 0.000000
15.719246 -3.562745 0.002407 0.000000
9.560209 -3.182453 0.003980 0.000000
11.975513 -3.771434 0.003326 0.000000
-9.427661 -2.863603 0.004273 0.000000
-35.323087 0.633775 0.000412 0.000000
-12.282981 -2.087722 0.003062 0.000000
-24.493271 -1.531673 0.001515 0.000000
-6.760426 -2.876088 0.005820 0.000000
-19.273867 -2.576964 0.002262 0.000000
-16.050505 -3.223500 0.002861 0.000000
29.185303 -8.302489 0.002772 0.000000
12.772234 -5.095964 0.003577 0.000000
16.763171 -5.021423 0.002754 0.000000
23.936363 -4.978370 0.001942 0.000000
-14.640242 -1.276433 0.002272 0.000000
23.398569 -4.093268 0.001641 0.000000
35.762424 -3.605879 0.000578 0.000000
14.124669 -3.038188 0.002513 0.000000
18.779934 -2.588896 0.001551 0.000000
-9.524606 -3.433552 0.004457 0.000000
-16.592132 -4.064236 0.003119 0.000000
29.717279 -6.678708 0.002177 0.000000
12.899277 -4.370269 0.003313 0.000000
15.574583 -4.130567 0.002652 0.000000
19.486216 -3.409002 0.001788 0.000000
-22.610732 -3.731748 0.002501 0.000000
10.996175 -3.052509 0.003368 0.000000
27.217565 -2.610624 0.000739 0.000000
-19.610086 -1.765916 0.001926 0.000000
-8.916882 -2.519119 0.004351 0.000000
-14.442923 -2.456742 0.002787 0.000000
-7.684985 -2.879891 0.005163 0.000000
-37.221746 -2.539725 0.001704 0.000000
-11.579096 -3.013710 0.003616 0.000000
-6.755753 -3.323768 0.005997 0.000000
-22.225956 -3.142226 0.002305 0.000000
-9.316667 -3.219870 0.004459 0.000000
-15.631599 -3.631657 0.003073 0.000000
-7.939753 -3.526963 0.005256 0.000000
-12.004623 -4.127210 0.003946 0.000000
-25.882004 -5.987429 0.003294 0.000000
18.140467 -6.636429 0.003199 0.000000
10.155903 -4.839141 0.004327 0.000000
27.956974 -7.431570 0.002528 0.000000
12.795447 -4.832913 0.003494 0.000000
-15.005652 -2.385413 0.002688 0.000000
-38.422955 -1.689228 0.001285 0.000000
-11.594923 -2.828817 0.003539 0.000000
-6.785935 -3.167828 0.005914 0.000000
-1.093280 13.863896 0.908088 0.000000
1.093598 13.353959 0.981228 0.000000
-1.093226 13.730012 1.034477 0.000000
-1.095703 24.092477 1.493557 0.000000
-1.094235 16.824418 1.344690 0.000000
-1.096697 33.511655 1.624074 0.000000
-1.134547 29.395533 1.424834 0.000000
-1.094797 19.096859 1.143359 0.000000
1.096711 27.759571 1.289156 0.000000
1.097285 33.381816 1.667709 0.000000
-1.096163 27.719626 1.563582 0.000000
1.096190 23.835218 1.360457 0.000000
0.377493 -1.566487 0.099044 0.000000
-1.094394 17.423798 1.554165 0.000000
-1.095417 22.317366 1.695106 0.000000
-1.093964 15.877749 1.222938 0.000000
-1.094887 19.515971 1.388297 0.000000
1.096719 27.716262 1.971142 0.000000
-1.095851 25.218942 1.948530 0.000000
1.096109 23.339152 1.513687 0.000000
6.786311 3.614212 4.933947 0.000000
1.095746 21.252899 1.238593 0.000000
-1.092721 12.529159 1.312618 0.000000
-1.096754 34.174094 1.425223 0.000000
-1.091263 9.846480 1.172290 0.000000
-1.095271 21.467697 1.148291 0.000000
-1.095707 24.087233 0.788162 0.000000
-1.094164 16.532207 0.727402 0.000000
1.097330 33.869429 1.918621 0.000000
1.094785 16.959348 1.091059 0.000000
1.096344 24.885360 1.314716 0.000000
1.092970 11.941572 0.658271 0.000000
1.097000 30.426028 1.379101 0.000000
1.096197 23.989742 0.973797 0.000000
1.675009 7.182933 -0.000291 0.000000
0.745380 7.354825 -0.000363 0.000000
0.482169 6.979055 -0.000064 0.000000
-0.797553 7.299660 -0.000294 0.000000
1.007564 7.855810 -0.000747 0.000000
0.920320 7.512590 -0.000491 0.000000
-1.088186 8.018108 -0.000821 0.000000
-0.966586 7.846616 -0.000700 0.000000
-1.090085 8.258524 0.065188 0.000000
-0.617630 7.103891 -0.000143 0.000000
-1.191746 7.631907 -0.000547 0.000000
15.534084 1.419066 0.000353 0.000000
-30.637338 4.410250 -0.001018 0.000000
-12.830154 -0.180771 0.002132 0.000000
-27.481444 2.777691 -0.000311 0.000000
-12.519683 -0.778545 0.002448 0.000000
-26.463597 1.574938 0.000244 0.000000
12.646837 -0.828979 0.001942 0.000000
34.475974 3.800187 -0.002304 0.000000
-35.733742 7.646556 -0.002353 0.000000
27.022471 0.967868 -0.000693 0.000000
-1.633141 6.726453 0.196862 0.000000
-27.679787 0.498833 0.000663 0.000000
37.309360 0.661079 -0.001172 0.000000
14.457090 -1.313205 0.001737 0.000000
21.170475 -0.059532 0.000239 0.000000
21.782007 -1.278173 0.000639 0.000000
-33.571208 6.994020 -0.002168 0.000000
-14.602842 1.113567 0.001263 0.000000
-17.242359 -2.378039 0.002385 0.000000
-13.975039 -2.829218 0.003020 0.000000
-33.895256 -3.461467 0.002130 0.000000
-23.519669 -1.122858 0.001409 0.000000
-24.131622 -4.367943 0.002670 0.000000
26.549722 -8.283737 0.002949 0.000000
12.195089 -5.250508 0.003818 0.000000
16.166481 -5.278630 0.002984 0.000000
23.284475 -5.212169 0.002080 0.000000
11.704351 -3.861745 0.003452 0.000000
15.568505 -3.655372 0.002469 0.000000
17.126866 -2.825509 0.001877 0.000000
24.749783 -2.081632 0.000715 0.000000
30.378250 -4.457745 0.001246 0.000000
-12.014689 -0.277083 0.002364 0.000000
-23.122049 1.845122 0.000241 0.000000
-20.226510 0.584404 0.000900 0.000000
-10.518902 -1.557141 0.003317 0.000000
-18.818706 -0.461298 0.001457 0.000000
21.649269 2.816171 -0.001011 0.000000
28.309789 3.895366 -0.001990 0.000000
12.990312 0.247871 0.001378 0.000000
11.392281 0.325523 0.001756 0.000000
-32.428956 6.404610 -0.001890 0.000000
-18.172318 1.814066 0.000541 0.000000
27.532339 3.669503 -0.001857 0.000000
24.878989 4.063567 -0.001826 0.000000
19.417671 -2.080997 0.001265 0.000000
15.526361 -2.838148 0.002145 0.000000
-15.417795 -2.366497 0.002621 0.000000
-12.243053 -2.916720 0.003417 0.000000
-26.210773 -3.343857 0.002239 0.000000
-18.612874 -3.977853 0.002921 0.000000
23.706738 -5.042143 0.001926 0.000000
13.096049 -3.440314 0.002909 0.000000
-21.725024 -1.082295 0.001479 0.000000
-11.240784 -1.818818 0.003220 0.000000
19.505812 -3.941462 0.001993 0.000000
10.898196 -4.231464 0.003848 0.000000
33.226800 -6.512345 0.001902 0.000000
13.977050 -4.237138 0.003010 0.000000
20.346905 -5.949817 0.002666 0.000000
10.854595 -3.314967 0.003519 0.000000
-7.946281 -3.213580 0.005138 0.000000
-23.150370 -2.077840 0.001815 0.000000
-15.807807 -3.015044 0.002813 0.000000
-25.040623 -4.521317 0.002683 0.000000
-9.655609 -3.808868 0.004544 0.000000
-17.134294 -4.867919 0.003369 0.000000
15.161937 -1.142498 0.001518 0.000000
-30.463862 1.855511 0.000052 0.000000
-10.774943 -1.558453 0.003238 0.000000
-19.948179 -0.290974 0.001281 0.000000
-15.395440 -1.590161 0.002295 0.000000
15.173867 -1.756353 0.001776 0.000000
39.682758 1.192542 -0.001563 0.000000
-17.821256 0.644586 0.001099 0.000000
-8.219809 -1.280597 0.004118 0.000000
-13.330731 -0.799564 0.002304 0.000000
-19.619550 0.300547 0.001060 0.000000
28.267973 0.396271 -0.000584 0.000000
12.732615 -1.236762 0.002098 0.000000
26.318562 1.063372 -0.000674 0.000000
26.796968 2.142077 -0.001186 0.000000
-31.140280 3.113731 -0.000468 0.000000
29.769574 3.809827 -0.002060 0.000000
9.114424 -0.404282 0.002918 0.000000
-10.244588 -0.387953 0.002871 0.000000
-18.661534 1.566117 0.000647 0.000000
-13.364876 -0.084466 0.001976 0.000000
29.967274 5.528302 -0.002811 0.000000
6.498444 -0.304477 0.004348 0.000000
-0.818713 1.371972 0.006930 0.000000
-0.883679 35.720065 0.470558 0.000000
-1.096084 26.908539 0.455303 0.000000
-1.092655 12.377419 0.769009 0.000000
-1.094535 17.904924 0.440535 0.000000
-1.096455 30.236724 0.057980 0.000000
-1.095619 23.512334 0.961791 0.000000
-1.093212 13.667114 0.352648 0.000000
1.092635 11.286890 0.449779 0.000000
1.095865 22.002936 0.593725 0.000000
1.095159 18.543878 0.268259 0.000000
1.095165 18.524770 0.609717 0.000000
6.415947 3.628200 4.933005 0.000000
-1.094896 19.398207 0.047611 0.000000
-1.091753 10.627918 0.285791 0.000000
-1.093181 28.572723 -0.011282 0.000000
0.570316 29.323826 -0.011652 0.000000
-0.616320 16.922404 -0.005938 0.000000
0.457109 23.741842 -0.009172 0.000000
-0.489226 21.934107 -0.008328 0.000000
0.015989 24.922663 -0.009695 0.000000
0.907560 30.714735 -0.012260 0.000000
-1.095813 24.709907 0.055894 0.000000
-0.346678 26.560744 -0.010418 0.000000
-1.094231 16.748784 0.180855 0.000000
-0.906558 28.889188 -0.011427 0.000000
-0.131098 28.301876 -0.011185 0.000000
-0.566983 28.016390 -0.011049 0.000000
0.896238 8.471375 -0.001177 0.000000
0.624199 9.141959 -0.001618 0.000000
1.000384 14.238904 -0.004600 0.000000
0.292526 10.977589 -0.002759 0.000000
0.790862 14.974630 -0.004981 0.000000
0.129079 12.395676 -0.003575 0.000000
0.427530 15.876556 -0.005435 0.000000
1.095124 18.400025 0.199741 0.000000
-0.249651 14.236961 -0.004571 0.000000
0.181880 17.341574 -0.006161 0.000000
0.845162 23.369979 -0.009013 0.000000
1.821363 7.381473 -0.000453 0.000000
1.474713 7.349877 -0.000402 0.000000
1.205020 7.583282 -0.000558 0.000000
1.094607 16.365198 0.789780 0.000000
1.096128 23.543863 0.941607 0.000000
1.090980 8.665598 0.510713 0.000000
1.095921 22.141809 1.704748 0.000000
1.094081 33.859951 2.359958 0.000000
0.446440 32.507167 2.360303 0.000000
1.096446 25.520569 1.975936 0.000000
-0.194131 31.142980 2.360638 0.000000
0.911990 32.003620 2.360415 0.000000
1.095396 19.440244 1.670699 0.000000
1.096909 29.441126 2.027900 0.000000
-1.096531 31.463563 2.053417 0.000000
-1.092792 12.687828 1.359830 0.000000
-1.094229 16.807208 1.567625 0.000000
-0.396238 32.895659 2.360225 0.000000
0.678322 33.064164 2.360164 0.000000
1.095871 21.869706 1.694237 0.000000
-1.095233 21.274294 2.001933 0.000000
-0.732842 29.817456 2.360946 0.000000
0.170484 33.015862 2.360186 0.000000
1.089029 35.503012 2.359531 0.000000
-1.012233 28.111364 2.361303 0.000000
-0.782140 27.104902 2.361602 0.000000
-0.069383 30.221538 2.360844 0.000000
0.882911 33.774018 2.359982 0.000000
-1.095720 24.320551 2.231505 0.000000
0.256207 33.616298 2.360033 0.000000
-1.094303 17.070917 1.804541 0.000000
-1.095194 21.047482 1.868098 0.000000
-0.846605 33.395960 2.360111 0.000000
1.095555 20.194687 1.627413 0.000000
1.094473 15.835751 1.434052 0.000000
1.096000 22.606259 1.845165 0.000000
0.021221 29.635502 2.360966 0.000000
1.095004 17.751216 1.553593 0.000000
0.416987 31.009300 2.360655 0.000000
1.096537 26.231424 1.999264 0.000000
-1.094560 18.068467 1.448426 0.000000
-1.096744 34.046167 2.023834 0.000000
-1.096054 26.537992 0.044194 0.000000
-1.067888 35.720121 0.569226 0.000000
-0.286470 34.275289 -0.013761 0.000000
0.485872 9.157871 -0.001624 0.000000
-1.095514 22.793542 0.407862 0.000000
0.021623 14.959596 -0.004956 0.000000
0.315004 8.549139 -0.001210 0.000000
0.607506 15.377286 -0.005184 0.000000
-1.092587 12.223933 0.483647 0.000000
-0.598154 15.196209 -0.005064 0.000000
-1.092985 13.110760 0.236768 0.000000
-0.359174 7.702067 -0.000594 0.000000
1.095367 19.461871 0.347863 0.000000
1.096943 30.111401 0.305794 0.000000
1.094449 15.878495 0.127141 0.000000
1.096028 23.017744 0.019238 0.000000
0.815252 30.166594 -0.012022 0.000000
0.941342 16.184039 -0.005603 0.000000
0.320691 31.789750 -0.012709 0.000000
-1.093242 13.716969 0.082210 0.000000
-0.648568 7.628989 -0.000540 0.000000
-18.645568 -4.215395 0.002980 0.000000
27.796667 -8.881708 0.003117 0.000000
12.577836 -5.415366 0.003760 0.000000
16.945897 -5.517349 0.002932 0.000000
25.416635 -5.613680 0.002065 0.000000
-25.656445 -3.922384 0.002444 0.000000
12.305663 -4.008144 0.003333 0.000000
-15.338480 -2.161379 0.002531 0.000000
18.120261 -5.063847 0.002613 0.000000
25.253543 -4.951872 0.001787 0.000000
12.157415 -3.763505 0.003278 0.000000
15.326712 -3.342623 0.002390 0.000000
9.307804 -3.151307 0.004083 0.000000
21.283672 -2.944599 0.001395 0.000000
11.352160 -2.692661 0.003105 0.000000
-11.693332 -0.659387 0.002585 0.000000
-21.664812 0.952622 0.000699 0.000000
-18.280533 -0.572295 0.001537 0.000000
-12.044734 -1.508474 0.002874 0.000000
17.497268 -1.501706 0.001282 0.000000
14.727456 -2.398067 0.002128 0.000000
-11.355285 -3.043819 0.003689 0.000000
-24.839110 -0.286477 0.001023 0.000000
-17.547946 -1.720602 0.002078 0.000000
-8.576894 -2.407795 0.004467 0.000000
-13.411250 -2.413424 0.002961 0.000000
-32.718191 -2.539482 0.001780 0.000000
-22.332590 -3.406177 0.002387 0.000000
28.052579 -3.213249 0.000917 0.000000
35.487993 -2.154066 -0.000039 0.000000
17.787511 -3.478899 0.002040 0.000000
-39.456217 -7.670463 0.003766 0.000000
-4.905527 -3.226162 0.008018 0.000000
-31.434180 -3.477753 0.002113 0.000000
-10.646954 -3.443572 0.004057 0.000000
-6.377804 -3.483651 0.006374 0.000000
-19.879558 -4.042310 0.002800 0.000000
-8.810408 -3.707326 0.004868 0.000000
-14.431484 -4.408459 0.003556 0.000000
14.254653 -5.425149 0.003396 0.000000
19.384993 -5.592617 0.002653 0.000000
28.896674 -5.404724 0.001725 0.000000
13.204535 -3.874224 0.003051 0.000000
12.996311 0.482024 0.001272 0.000000
8.531916 -0.532000 0.003256 0.000000
22.483760 3.565804 -0.001390 0.000000
19.453064 1.044410 -0.000023 0.000000
15.336490 0.790274 0.000669 0.000000
28.241683 4.315585 -0.002207 0.000000
22.875392 -0.769652 0.000327 0.000000
9.494572 -1.474655 0.003277 0.000000
-16.742431 0.936765 0.001055 0.000000
-18.441431 2.173584 0.000379 0.000000
-28.628010 3.868684 -0.000784 0.000000
-17.833038 0.840211 0.001004 0.000000
-32.082396 2.360033 -0.000195 0.000000
23.196031 0.636232 -0.000256 0.000000
21.752176 1.351648 -0.000395 0.000000
11.409606 -0.577972 0.002172 0.000000
21.968165 2.057116 -0.000716 0.000000
23.593244 3.442498 -0.001437 0.000000
18.549439 -0.843797 0.000862 0.000000
-30.208329 0.878002 0.000433 0.000000
-10.751374 -1.876537 0.003384 0.000000
-19.885897 -1.124017 0.001625 0.000000
-15.051934 -2.180903 0.002596 0.000000
-26.982328 -2.826052 0.001969 0.000000
35.052097 -2.399147 0.000152 0.000000
-23.181626 -1.954816 0.001754 0.000000
38.140073 -11.463151 0.003508 0.000000
-12.524852 -3.584053 0.003607 0.000000
-26.891287 -4.398477 0.002568 0.000000
-18.626703 -4.755527 0.003182 0.000000
14.185492 -5.868417 0.003533 0.000000
8.788347 -4.602405 0.004830 0.000000
20.129086 -6.103757 0.002751 0.000000
10.739145 -4.400845 0.003963 0.000000
33.765954 -6.921199 0.001965 0.000000
14.160606 -4.206579 0.002957 0.000000
8.784717 -3.331652 0.004411 0.000000
19.011641 -3.343894 0.001824 0.000000
-24.214221 0.517458 0.000761 0.000000
-14.949841 -2.666893 0.002793 0.000000
15.925133 -5.264086 0.003012 0.000000
9.253291 -4.032628 0.004434 0.000000
11.022196 -3.867559 0.003672 0.000000
34.196437 -5.181279 0.001260 0.000000
-35.633595 -6.798107 0.003436 0.000000
22.995187 -5.496593 0.002211 0.000000
35.140284 -5.267384 0.001226 0.000000
19.291343 -3.399426 0.001807 0.000000
-13.826667 -4.246224 0.003635 0.000000
-8.782027 -3.708670 0.004881 0.000000
3.783863 -0.048382 3.912328 0.000000
-1.092746 12.567659 0.450489 0.000000
-1.095091 20.440230 0.651177 0.000000
-1.096137 27.361461 0.708077 0.000000
-1.096615 31.971595 0.955824 0.000000
-1.094637 18.348455 0.640154 0.000000
1.095409 19.626032 0.428471 0.000000
1.097336 31.496867 0.578928 0.000000
1.092101 10.307065 0.655367 0.000000
-1.095590 23.298263 0.780118 0.000000
1.096683 27.681438 0.799106 0.000000
4.399142 -0.039757 5.159475 0.000000
1.093615 13.417726 0.779418 0.000000
-1.095300 21.633119 1.375574 0.000000
-1.095885 25.439326 1.338004 0.000000
-1.094412 17.485693 1.010841 0.000000
1.096912 29.560059 1.135111 0.000000
1.095957 22.460352 1.163186 0.000000
1.094965 17.666773 1.061332 0.000000
1.096556 26.571577 1.274852 0.000000
-1.096807 34.684335 1.437699 0.000000
-1.041876 26.660427 2.361573 0.000000
0.340391 32.460524 2.360316 0.000000
1.012036 33.181135 2.360130 0.000000
0.744093 35.474214 2.359542 0.000000
0.193467 34.629240 2.359777 0.000000
1.096953 29.903232 1.743376 0.000000
-1.094665 18.529608 1.864401 0.000000
-1.065308 32.927515 2.360234 0.000000
-1.095460 22.574879 1.921436 0.000000
1.095223 18.676641 1.561760 0.000000
0.615217 33.834371 2.359971 0.000000
-1.096149 27.636999 1.883848 0.000000
-1.096769 34.297041 1.611245 0.000000
8.362650 -2.779731 0.004423 0.000000
16.335476 -2.392098 0.001822 0.000000
23.099683 -1.421094 0.000600 0.000000
11.725871 -2.174503 0.002776 0.000000
15.325843 -1.333788 0.001568 0.000000
-21.351697 3.206620 -0.000206 0.000000
-11.047198 0.106524 0.002394 0.000000
-20.029816 2.165486 0.000311 0.000000
-20.184460 1.429619 0.000548 0.000000
-10.833368 -0.952867 0.002949 0.000000
-21.452456 0.894633 0.000728 0.000000
28.812462 -3.398370 0.000910 0.000000
34.555240 2.509636 -0.001805 0.000000
21.298515 1.063576 -0.000231 0.000000
31.267932 4.734265 -0.002490 0.000000
13.670350 0.421022 0.001153 0.000000
-0.690321 12.378399 -0.003548 0.000000
-0.858215 13.979039 -0.004424 0.000000
-0.216633 7.372293 -0.000350 0.000000
-0.206840 11.164006 -0.002859 0.000000
-1.089180 8.997281 -0.001497 0.000000
0.372569 8.918798 -0.001462 0.000000
0.474737 8.591532 -0.001243 0.000000
-0.134702 10.397218 -0.002398 0.000000
0.724372 7.822175 -0.000710 0.000000
1.203013 7.750496 -0.000305 0.000000
1.784684 7.700826 -0.000683 0.000000
1.293004 6.915899 -0.000058 0.000000
1.006698 6.702977 0.000130 0.000000
1.506282 5.428103 0.001179 0.000000
-37.607291 6.252807 -0.001879 0.000000
-14.110198 0.238010 0.001707 0.000000
-33.480395 4.003535 -0.000856 0.000000
-32.698210 2.508285 -0.000245 0.000000
-13.648214 -0.891856 0.002286 0.000000
-35.027400 1.515457 0.000132 0.000000
28.396421 -4.317162 0.001297 0.000000
15.940477 -2.802047 0.002066 0.000000
9.533467 -2.878352 0.003871 0.000000
-9.460876 -0.320377 0.003094 0.000000
21.660355 -2.233253 0.001075 0.000000
11.398226 -2.494215 0.003008 0.000000
36.551291 -0.701215 -0.000681 0.000000
14.492654 -1.940044 0.001991 0.000000
30.300285 -4.871486 0.001367 0.000000
31.660240 -8.128443 0.002555 0.000000
13.562624 -4.825299 0.003324 0.000000
8.495811 -4.177441 0.004863 0.000000
18.799161 -4.845479 0.002407 0.000000
10.520910 -4.876407 0.004206 0.000000
13.472062 -3.650114 0.002901 0.000000
-14.215277 -2.274283 0.002752 0.000000
-33.439238 -1.926156 0.001480 0.000000
-11.130433 -2.925828 0.003708 0.000000
-20.454195 -3.033676 0.002367 0.000000
-9.138730 -3.317947 0.004575 0.000000
-14.803103 -3.761603 0.003268 0.000000
-11.414170 -4.198802 0.004116 0.000000
-23.726696 -5.577868 0.003210 0.000000
19.553723 -7.016116 0.003144 0.000000
-10.839956 -2.541586 0.003639 0.000000
-16.857713 -3.373153 0.002819 0.000000
38.166488 -9.962607 0.002905 0.000000
-25.657386 -1.316473 0.001391 0.000000
29.279593 -5.456438 0.001655 0.000000
-9.531124 -1.631876 0.003699 0.000000
-37.361966 0.835063 0.000293 0.000000
8.596660 -1.562226 0.003748 0.000000
18.552040 -0.773052 0.000844 0.000000
10.349561 -1.455408 0.002925 0.000000
31.495469 1.720026 -0.001366 0.000000
13.525214 -0.685766 0.001670 0.000000
20.296143 0.760534 -0.000018 0.000000
10.904575 -0.738150 0.002404 0.000000
15.548988 0.392592 0.000801 0.000000
16.100812 1.824891 0.000098 0.000000
21.579743 1.308146 -0.000363 0.000000
19.997411 1.850456 -0.000429 0.000000
19.866007 2.446011 -0.000672 0.000000
-6.875273 -0.407940 0.004392 0.000000
-11.975261 0.565328 0.001958 0.000000
-24.092664 3.738452 -0.000582 0.000000
-17.212035 -1.996603 0.002232 0.000000
-7.207220 -2.988779 0.005526 0.000000
12.974891 -2.774193 0.002668 0.000000
-29.080751 -2.766718 0.001865 0.000000
-19.226943 -3.585201 0.002717 0.000000
27.601278 -6.533975 0.002252 0.000000
14.949171 -4.063430 0.002743 0.000000
18.927245 -3.414579 0.001851 0.000000
10.693865 -3.140763 0.003509 0.000000
26.205919 -2.982605 0.000944 0.000000
-16.448535 -1.510482 0.002116 0.000000
-37.495518 2.935654 -0.000495 0.000000
-22.518327 -0.024269 0.001014 0.000000
-31.817559 -1.784615 0.001494 0.000000
17.710571 -2.318136 0.001591 0.000000
18.321878 -1.737730 0.001257 0.000000
-14.411207 -0.479151 0.001995 0.000000
22.797134 0.349284 -0.000090 0.000000
12.088158 -0.942515 0.002139 0.000000
1.093129 6.971181 -0.000087 0.000000
1.207428 3.793925 0.002917 0.000000
-0.462828 6.164258 0.000621 0.000000
-1.169754 7.595490 -0.000518 0.000000
-1.206457 7.146178 -0.000184 0.000000
-0.291949 5.709740 0.001021 0.000000
-0.107682 5.476088 0.001235 0.000000
-1.188918 7.199199 -0.000224 0.000000
19.892644 2.749802 -0.000796 0.000000
-27.939356 5.022046 -0.001256 0.000000
-16.548197 1.421413 0.000881 0.000000
21.306758 2.171081 -0.000705 0.000000
-9.227237 -0.904296 0.003474 0.000000
-15.654020 0.098010 0.001551 0.000000
15.559624 0.086856 0.000926 0.000000
-13.722814 -1.797838 0.002662 0.000000
-11.837317 -0.915212 0.002667 0.000000
-24.755647 0.925644 0.000532 0.000000
-17.271676 -0.729241 0.001713 0.000000
-34.248267 -0.334156 0.000881 0.000000
31.514854 -0.909550 -0.000311 0.000000
13.308251 -1.950788 0.002257 0.000000
30.300315 0.024717 -0.000526 0.000000
8.527116 -2.181969 0.004073 0.000000
13.558176 -1.247108 0.001903 0.000000
32.158026 1.458755 -0.001241 0.000000
14.099446 -0.646112 0.001528 0.000000
37.334847 3.724693 -0.002447 0.000000
1.001203 2.753488 0.004337 0.000000
-1.390103 6.662296 0.000189 0.000000
-1.723498 7.697161 -0.000608 0.000000
-1.121555 5.857806 0.000873 0.000000
1.097041 30.730395 1.648475 0.000000
1.096019 22.808292 1.428963 0.000000
1.096560 26.462572 1.622552 0.000000
1.095532 20.098945 1.405318 0.000000
1.097060 30.852373 1.803093 0.000000
1.095394 19.483961 1.374331 0.000000
-1.095985 26.240042 1.972630 0.000000
-1.095485 22.686011 1.411555 0.000000
-1.094015 16.035748 1.149533 0.000000
-1.095994 26.293304 1.339635 0.000000
-1.094460 17.652513 1.066899 0.000000
-1.094953 19.775265 0.790157 0.000000
1.095658 20.752029 1.266606 0.000000
1.095434 19.697976 0.995501 0.000000
-1.096079 27.113373 1.973700 0.000000
1.097098 31.477893 1.054349 0.000000
-1.096803 34.889305 1.855630 0.000000
-1.092851 12.825517 0.870215 0.000000
1.095956 22.582292 0.235508 0.000000
-1.096359 29.532686 1.095905 0.000000
-1.095353 21.872883 0.747171 0.000000
-1.093877 15.578923 0.559185 0.000000
1.095973 22.570897 0.882215 0.000000
1.093480 13.105040 0.554694 0.000000
-1.095732 24.188223 0.326042 0.000000
1.096724 27.949349 0.738757 0.000000
-1.094078 16.222002 0.311556 0.000000
36.192522 -6.823692 0.001791 0.000000
20.738884 -4.142052 0.001931 0.000000
11.251490 -3.209878 0.003345 0.000000
-20.687106 -2.285030 0.002039 0.000000
-37.720741 -3.776815 0.002119 0.000000
-6.534931 -3.534971 0.006252 0.000000
-22.200633 -4.297053 0.002738 0.000000
-9.228131 -3.914724 0.004754 0.000000
-15.647509 -4.647548 0.003495 0.000000
15.257442 -5.823330 0.003348 0.000000
-2.863411 -3.014105 0.013181 0.000000
10.007700 -3.387943 0.003868 0.000000
-34.740251 -3.293346 0.001978 0.000000
-11.891407 -3.257524 0.003631 0.000000
-24.844533 -4.226238 0.002575 0.000000
33.135146 -9.674216 0.003072 0.000000
13.569700 -5.453605 0.003522 0.000000
18.313227 -5.596446 0.002790 0.000000
27.927584 -5.690945 0.001877 0.000000
12.931402 -4.108716 0.003206 0.000000
-23.533285 -0.803021 0.001313 0.000000
-18.453516 -1.584847 0.001960 0.000000
18.446217 -2.200693 0.001434 0.000000
10.788839 -2.347064 0.003152 0.000000
-9.409123 -3.210305 0.004421 0.000000
-13.977052 -2.279590 0.002796 0.000000
-21.643047 -3.390819 0.002415 0.000000
-16.062098 -3.944634 0.003156 0.000000
21.562973 -4.880215 0.002120 0.000000
26.649160 -4.223418 0.001421 0.000000
36.504350 -3.503285 0.000454 0.000000
13.529815 0.424878 0.001179 0.000000
11.830682 0.459455 0.001570 0.000000
30.523988 -1.954305 0.000200 0.000000
13.582505 -2.248082 0.002286 0.000000
25.209803 -5.063534 0.001841 0.000000
-26.355683 2.656057 -0.000256 0.000000
-22.837355 1.018916 0.000598 0.000000
-21.213550 -0.047578 0.001090 0.000000
-20.843031 -0.951869 0.001485 0.000000
39.936137 -4.917097 0.000941 0.000000
24.654482 -1.050347 0.000255 0.000000
24.285018 0.499621 -0.000290 0.000000
12.164447 -1.100649 0.002189 0.000000
16.968539 0.067603 0.000712 0.000000
-17.252876 1.623948 0.000714 0.000000
-9.726521 -0.418976 0.003048 0.000000
-16.210354 0.893132 0.001153 0.000000
-12.120370 -0.418050 0.002375 0.000000
-25.525295 1.809059 0.000179 0.000000
-32.220376 0.845846 0.000431 0.000000
22.599289 -0.441131 0.000198 0.000000
11.394482 -1.583545 0.002624 0.000000
21.519873 0.260179 0.000056 0.000000
11.223475 -1.165636 0.002494 0.000000
21.949283 1.103925 -0.000315 0.000000
11.620047 -0.558515 0.002100 0.000000
24.027758 2.412239 -0.001042 0.000000
12.756261 0.019745 0.001538 0.000000
8.450121 -0.611228 0.003340 0.000000
22.544406 3.299008 -0.001316 0.000000
18.436762 -3.832510 0.002090 0.000000
-15.054845 -2.413068 0.002682 0.000000
-12.016482 -3.062287 0.003523 0.000000
-25.353435 -3.752307 0.002386 0.000000
-18.416658 -4.215887 0.002995 0.000000
34.495951 -10.407675 0.003278 0.000000
13.775590 -5.645500 0.003574 0.000000
30.369696 -6.254012 0.001941 0.000000
-20.408604 -1.419697 0.001727 0.000000
-23.612944 1.324491 0.000406 0.000000
-10.861932 -1.384427 0.003136 0.000000
-19.845138 -0.154712 0.001247 0.000000
-10.022558 -1.742856 0.003566 0.000000
-17.815835 -1.042475 0.001779 0.000000
21.520014 -5.447506 0.002296 0.000000
11.166477 -4.128342 0.003721 0.000000
32.170996 -5.401000 0.001522 0.000000
-11.060243 -1.699032 0.003216 0.000000
-20.632703 -0.899403 0.001488 0.000000
-15.235155 -1.898497 0.002443 0.000000
-12.003396 -2.777430 0.003429 0.000000
-25.615999 -2.658465 0.001994 0.000000
-10.301157 -3.000836 0.003999 0.000000
-18.657915 -3.492010 0.002733 0.000000
21.416477 -4.054398 0.001822 0.000000
24.859188 -3.316012 0.001193 0.000000
30.994440 -2.399235 0.000376 0.000000
13.646980 -2.531711 0.002416 0.000000
10.047639 -2.095599 0.003324 0.000000
-26.419996 -3.249427 0.002148 0.000000
-16.665816 -2.350565 0.002439 0.000000
-4.719250 -3.213073 0.008308 0.000000
-31.431955 -6.640001 0.003393 0.000000
19.738464 -5.580379 0.002601 0.000000
30.021288 -5.782865 0.001771 0.000000
18.375621 -3.553745 0.001984 0.000000
0.133608 21.371538 -0.008079 0.000000
-0.941182 22.140222 -0.008410 0.000000
-0.285301 21.179468 -0.007984 0.000000
-1.094607 18.187863 0.113664 0.000000
-0.789178 21.062505 -0.007920 0.000000
-0.487878 20.313603 -0.007570 0.000000
-0.862319 21.509383 -0.008126 0.000000
-1.094146 16.428231 0.002782 0.000000
-0.199057 10.741804 -0.002607 0.000000
0.295826 13.198695 -0.004025 0.000000
0.958992 17.709631 -0.006359 0.000000
0.029471 14.395711 -0.004660 0.000000
0.558051 17.942496 -0.006462 0.000000
-0.711712 14.216409 -0.004553 0.000000
-0.293165 15.797675 -0.005379 0.000000
-0.769413 17.732076 -0.006335 0.000000
-0.146653 19.068827 -0.006992 0.000000
0.511293 22.123579 -0.008436 0.000000
-1.095081 20.316675 -0.004730 0.000000
0.821442 7.142895 -0.000206 0.000000
0.622262 7.592002 -0.000534 0.000000
0.296753 8.687198 -0.001304 0.000000
1.095810 21.529378 1.602281 0.000000
-1.095371 22.053797 1.828906 0.000000
-0.693042 32.950897 2.360220 0.000000
-1.095703 24.141231 1.683950 0.000000
0.814398 33.492841 2.360054 0.000000
-0.345434 30.983885 2.360677 0.000000
0.468267 32.214754 2.360373 0.000000
-0.911200 29.402862 2.361039 0.000000
0.027375 31.406243 2.360573 0.000000
-1.095804 24.893926 2.089254 0.000000
-0.565891 30.628595 2.360762 0.000000
0.241094 33.585696 2.360040 0.000000
-0.117871 33.218676 2.360141 0.000000
-1.095920 25.734199 1.751603 0.000000
1.014159 33.387933 2.360077 0.000000
-1.080547 26.563827 2.361592 0.000000
-0.359143 29.783671 2.360941 0.000000
0.508045 33.515416 2.360054 0.000000
1.096452 25.646819 1.719168 0.000000
-1.094881 19.480294 1.846721 0.000000
-1.092169 11.381155 1.459870 0.000000
-1.096605 32.439431 2.259746 0.000000
0.653171 31.006148 2.360652 0.000000
1.096937 29.616783 2.229416 0.000000
-0.181954 28.970025 2.361175 0.000000
1.096079 23.272816 0.317503 0.000000
1.097475 29.394908 0.016741 0.000000
0.887818 19.944297 -0.007430 0.000000
0.437539 19.145097 -0.007039 0.000000
0.652915 11.386588 -0.003010 0.000000
0.201595 18.691633 -0.006817 0.000000
1.094494 16.009975 0.348343 0.000000
-1.094862 19.332708 0.482657 0.000000
-1.096643 35.429821 0.176752 0.000000
-0.009063 18.595554 -0.006767 0.000000
0.317690 9.974678 -0.002145 0.000000
-1.095380 21.942954 0.270000 0.000000
-1.093883 15.576396 0.398551 0.000000
-0.941236 19.382227 -0.007122 0.000000
8.407392 3.630423 4.938054 0.000000
1.093631 13.491518 0.336007 0.000000
1.097084 31.569425 0.082297 0.000000
1.096220 24.195028 0.598540 0.000000
-1.093883 15.589999 0.639587 0.000000
-1.091872 10.835955 0.437629 0.000000
1.096892 29.593242 0.748747 0.000000
-1.094808 19.108387 0.579941 0.000000
-1.093290 13.884971 0.504372 0.000000
-1.095858 25.162738 0.752614 0.000000
-1.096876 35.596350 0.645204 0.000000
20.892512 1.466444 -0.000374 0.000000
16.380270 1.103352 0.000361 0.000000
9.700641 -0.563913 0.002756 0.000000
32.569867 5.554745 -0.002985 0.000000
13.737658 0.877179 0.000934 0.000000
-18.277255 1.849855 0.000520 0.000000
-19.827495 1.492724 0.000576 0.000000
31.790841 -1.811314 0.000060 0.000000
17.708088 -1.469370 0.001243 0.000000
27.154323 -0.144576 -0.000299 0.000000
12.625517 -1.513422 0.002243 0.000000
17.749979 -0.456841 0.000818 0.000000
27.628529 -1.079241 0.000079 0.000000
-24.005105 2.300813 0.000049 0.000000
36.589164 -3.262765 0.000383 0.000000
14.136102 -2.963556 0.002478 0.000000
12.987024 -1.975874 0.002343 0.000000
17.279031 -1.045204 0.001135 0.000000
-12.016961 0.360378 0.002055 0.000000
-23.636379 3.171837 -0.000295 0.000000
-11.991034 -0.124191 0.002271 0.000000
10.197551 -1.605666 0.003051 0.000000
-12.845146 -0.969200 0.002472 0.000000
22.236392 -4.264489 0.001813 0.000000
22.788356 -6.608270 0.002635 0.000000
15.076968 -4.415949 0.002856 0.000000
-15.688263 -2.907740 0.002780 0.000000
-21.947838 -1.978659 0.001831 0.000000
-25.478170 -4.191582 0.002555 0.000000
-17.891549 -4.644875 0.003203 0.000000
15.539990 -6.005560 0.003344 0.000000
15.663893 -3.762255 0.002495 0.000000
22.237382 -3.393070 0.001478 0.000000
-26.299035 0.723954 0.000544 0.000000
-17.619519 -1.878476 0.002137 0.000000
18.288666 -5.638519 0.002808 0.000000
26.085279 -5.771745 0.002039 0.000000
17.936115 1.073567 0.000143 0.000000
10.006145 -0.478534 0.002597 0.000000
37.752218 6.334370 -0.003545 0.000000
11.883486 -0.430184 0.001968 0.000000
14.967984 -0.253322 0.001189 0.000000
-31.755285 -1.741753 0.001474 0.000000
26.656758 -3.491704 0.001129 0.000000
12.299705 -3.009096 0.002949 0.000000
29.258997 -2.476370 0.000542 0.000000
34.986048 -0.801560 -0.000465 0.000000
16.987428 -1.018512 0.001166 0.000000
-11.829770 -1.211112 0.002798 0.000000
-24.250399 0.082193 0.000944 0.000000
-9.885991 -1.985955 0.003723 0.000000
10.345535 -1.676448 0.003025 0.000000
-11.642713 -2.823305 0.003525 0.000000
-23.435029 -3.057137 0.002243 0.000000
-16.418366 -3.713601 0.003048 0.000000
-8.008601 -3.521450 0.005219 0.000000
-12.624452 -4.019019 0.003766 0.000000
-28.067311 -5.961810 0.003222 0.000000
22.691420 -5.482413 0.002228 0.000000
35.179011 -5.448088 0.001281 0.000000
-24.019385 2.665081 -0.000160 0.000000
-15.819755 0.365655 0.001423 0.000000
-12.228043 -0.654068 0.002459 0.000000
-26.730975 1.403806 0.000320 0.000000
18.945731 -0.199998 0.000550 0.000000
18.161727 0.494456 0.000354 0.000000
18.320569 1.317166 -0.000032 0.000000
10.758632 -0.234368 0.002213 0.000000
19.687991 2.277123 -0.000606 0.000000
-16.210480 1.538554 0.000854 0.000000
-9.741531 3.371867 4.801592 0.000000
9.921173 -0.592076 0.002683 0.000000
16.819729 1.781035 0.000003 0.000000
10.146166 0.040814 0.002282 0.000000
-10.906082 0.201506 0.002393 0.000000
-20.988915 2.824991 -0.000045 0.000000
-35.634377 5.545641 -0.001588 0.000000
-20.470580 1.222077 0.000662 0.000000
17.535276 0.586182 0.000392 0.000000
16.773606 0.803694 0.000423 0.000000
15.631255 -2.514180 0.002006 0.000000
17.719881 -1.064168 0.001068 0.000000
20.147890 -0.105542 0.000370 0.000000
0.793135 9.579560 -0.001909 0.000000
0.556003 9.678521 -0.001964 0.000000
0.093006 10.989099 -0.002759 0.000000
-0.072275 11.799009 -0.003232 0.000000
0.190774 7.750474 -0.000639 0.000000
-0.514105 14.192799 -0.004543 0.000000
1.421284 7.454127 -0.000476 0.000000
0.908239 9.195051 -0.001663 0.000000
-1.624915 7.597916 -0.000531 0.000000
-0.752812 9.277740 -0.001683 0.000000
-0.823311 15.981209 -0.005461 0.000000
-1.093383 14.110714 0.114344 0.000000
-0.919502 9.891525 -0.002076 0.000000
3.977919 -0.045528 4.281010 0.000000
4.182575 -0.042652 4.694179 0.000000
1.095777 21.438894 1.188126 0.000000
1.097394 34.906405 1.421373 0.000000
-1.096029 26.570966 1.290368 0.000000
-1.094522 17.907498 1.190370 0.000000
-1.095563 23.164528 1.324673 0.000000
-1.096570 31.774371 1.572993 0.000000
1.096058 23.130607 0.920258 0.000000
1.095193 18.630856 0.979724 0.000000
-0.304617 33.578956 2.360052 0.000000
-1.095280 21.570412 1.885799 0.000000
-1.096051 26.862400 2.116948 0.000000
-1.096777 34.602626 2.130070 0.000000
-1.093194 13.655349 1.452451 0.000000
-1.095966 26.065376 1.456031 0.000000
1.094571 16.193108 1.276767 0.000000
0.898699 33.806768 2.359975 0.000000
0.914004 34.825777 2.359710 0.000000
-0.518528 29.816503 2.360941 0.000000
0.256557 34.330756 2.359853 0.000000
1.094646 16.498936 0.929236 0.000000
-1.095381 22.109501 1.752819 0.000000
-1.093990 15.968015 1.402126 0.000000
-1.096087 27.081897 1.780218 0.000000
-1.096704 33.440148 1.429553 0.000000
-1.095234 21.247280 1.142496 0.000000
-1.095701 24.022446 0.838531 0.000000
36.402843 -9.032377 0.002632 0.000000
20.016662 -5.113249 0.002393 0.000000
34.523278 -5.254412 0.001240 0.000000
10.987171 -5.039109 0.004091 0.000000
-29.812897 -1.986009 0.001549 0.000000
-19.022828 -3.115631 0.002515 0.000000
-14.035530 -3.741608 0.003369 0.000000
-35.110659 -5.276205 0.002770 0.000000
-11.138334 -3.925172 0.004090 0.000000
-21.658398 -5.387291 0.003215 0.000000
21.136691 -7.452227 0.003110 0.000000
14.708297 -3.981812 0.002760 0.000000
16.165804 -5.773841 0.003168 0.000000
9.595676 -4.204604 0.004338 0.000000
22.792164 -5.659110 0.002261 0.000000
11.481662 -4.363713 0.003707 0.000000
37.839690 -6.131304 0.001410 0.000000
-21.046393 -2.385449 0.002057 0.000000
-15.465167 -1.065653 0.002068 0.000000
-39.662572 1.288634 0.000150 0.000000
-27.088779 -1.149547 0.001271 0.000000
-28.916487 1.504307 0.000185 0.000000
-19.023466 -0.635957 0.001500 0.000000
-14.499639 -1.689198 0.002464 0.000000
-39.041184 -0.114934 0.000668 0.000000
18.224010 -3.790563 0.002103 0.000000
25.568056 -2.956687 0.000963 0.000000
12.769280 -2.798607 0.002723 0.000000
-16.625561 -3.587427 0.002961 0.000000
-11.872798 -2.795063 0.003464 0.000000
-23.851591 -2.796551 0.002077 0.000000
-9.739700 -3.052148 0.004224 0.000000
-8.216781 -3.499194 0.005110 0.000000
-13.093675 -3.998762 0.003682 0.000000
-30.251843 -5.695851 0.003065 0.000000
26.064433 -6.436292 0.002325 0.000000
12.154414 -4.381964 0.003512 0.000000
37.287740 -6.596402 0.001703 0.000000
17.113249 0.719133 0.000396 0.000000
10.941324 -1.235112 0.002618 0.000000
37.625359 2.788729 -0.002091 0.000000
22.889634 1.320228 -0.000512 0.000000
11.730913 -0.717044 0.002140 0.000000
-15.675114 0.406944 0.001409 0.000000
-15.200348 -0.164422 0.001715 0.000000
36.351247 -4.639981 0.000898 0.000000
14.145850 -3.326790 0.002623 0.000000
18.170375 -2.841483 0.001726 0.000000
26.051490 -2.006608 0.000554 0.000000
16.394863 -1.791657 0.001569 0.000000
-6.913575 -1.184579 0.004847 0.000000
-16.805562 1.564689 0.000782 0.000000
-25.386681 -2.150813 0.001731 0.000000
-13.999650 -0.296347 0.001956 0.000000
-34.103170 3.262729 -0.000662 0.000000
-10.853240 -1.031276 0.002980 0.000000
-20.721466 0.246008 0.001011 0.000000
-15.236120 -1.113389 0.002114 0.000000
-27.272907 -0.925629 0.001243 0.000000
25.192981 -1.465871 0.000419 0.000000
24.726833 -0.486874 0.000085 0.000000
26.064786 0.703406 -0.000505 0.000000
29.960931 2.350839 -0.001522 0.000000
13.995450 -0.372039 0.001431 0.000000
16.541078 1.779968 0.000046 0.000000
-24.309061 3.981036 -0.000697 0.000000
34.943298 -6.561245 0.001824 0.000000
14.154272 -4.087098 0.002906 0.000000
19.635969 -3.939911 0.001979 0.000000
-23.713615 -0.817351 0.001328 0.000000
-14.337609 -2.910332 0.002988 0.000000
-35.912241 -3.258192 0.001972 0.000000
-25.725629 -4.227568 0.002551 0.000000
15.155962 -5.673809 0.003313 0.000000
21.140274 -5.824104 0.002540 0.000000
39.896796 -1.441154 -0.000546 0.000000
32.116948 -5.709370 0.001603 0.000000
23.350232 -2.894305 0.001115 0.000000
15.138574 -2.333930 0.002021 0.000000
-8.045073 -2.449313 0.004767 0.000000
-9.411639 -2.044822 0.003932 0.000000
-16.007399 -1.608172 0.002220 0.000000
-12.407739 -2.437526 0.003180 0.000000
-26.584014 -2.348442 0.001761 0.000000
-10.322092 -2.933616 0.003965 0.000000
-18.328359 -3.157011 0.002576 0.000000
-37.448537 -5.532308 0.002853 0.000000
19.918019 -4.873334 0.002309 0.000000
33.301352 -3.448450 0.000617 0.000000
14.294936 -2.883827 0.002414 0.000000
23.172057 -6.410674 0.002552 0.000000
-31.977619 -3.418744 0.002101 0.000000
-39.651247 -7.788999 0.003797 0.000000
15.998597 -6.013593 0.003289 0.000000
15.113028 -4.369007 0.002830 0.000000
21.854517 -4.104351 0.001794 0.000000
-18.638414 -2.266536 0.002243 0.000000
-13.778141 -3.096930 0.003159 0.000000
1.474157 7.043509 -0.000170 0.000000
1.369580 6.584128 0.000201 0.000000
-1.429460 7.437229 -0.000409 0.000000
-1.800669 7.752163 1.334222 0.000000
-1.096596 32.274569 2.013565 0.000000
-1.095632 23.692295 1.781438 0.000000
-1.094174 16.609068 1.531077 0.000000
-1.095195 21.062617 1.446127 0.000000
-1.096136 27.536484 1.698994 0.000000
1.095317 19.103921 1.378798 0.000000
1.096913 29.486634 1.724623 0.000000
1.095892 21.996459 1.584587 0.000000
1.097441 35.228320 2.187577 0.000000
0.000257 33.825308 2.359987 0.000000
-1.095954 26.071602 2.162819 0.000000
-0.418163 33.595239 2.360052 0.000000
-1.094541 18.012895 1.731341 0.000000
-0.761120 30.748534 2.360741 0.000000
-1.096356 29.570677 1.930430 0.000000
0.696221 33.279848 2.360108 0.000000
1.096657 27.220739 2.022222 0.000000
-0.184642 32.409985 2.360338 0.000000
1.022986 32.094902 2.360390 0.000000
1.096116 23.359541 1.619436 0.000000
1.094583 16.279503 0.817749 0.000000
1.096127 23.540180 1.080777 0.000000
-1.096195 27.851057 0.670287 0.000000
-1.094673 18.508720 0.783228 0.000000
-1.096587 31.815270 0.342260 0.000000
-1.094999 19.958614 0.370847 0.000000
-1.096445 30.436402 1.592841 0.000000
1.096749 28.164585 0.904442 0.000000
1.102269 29.395113 0.547508 0.000000
-1.095665 23.808776 1.091014 0.000000
-1.067432 16.909807 -0.005925 0.000000
-0.509356 16.371029 -0.005662 0.000000
-0.148894 16.789864 -0.005879 0.000000
-0.816783 17.567317 -0.006251 0.000000
-1.091125 9.636031 0.301400 0.000000
-0.796055 16.744639 -0.005847 0.000000
-0.867195 17.058571 -0.006002 0.000000
0.338084 16.930959 -0.005963 0.000000
0.060298 8.375950 -0.001084 0.000000
0.350250 10.405206 -0.002415 0.000000
0.910250 14.124838 -0.004539 0.000000
-0.190438 9.384979 -0.001757 0.000000
0.057171 11.185549 -0.002876 0.000000
0.633165 14.093179 -0.004514 0.000000
-0.597536 10.611661 -0.002522 0.000000
0.361890 14.243492 -0.004588 0.000000
1.062445 18.526341 -0.006758 0.000000
-0.352493 13.164787 -0.003992 0.000000
0.051829 14.767808 -0.004855 0.000000
0.657244 17.561960 -0.006279 0.000000
-0.023328 15.203430 -0.005081 0.000000
0.461505 6.548994 0.000282 0.000000
0.890927 9.308539 -0.001737 0.000000
0.319269 6.989424 -0.000066 0.000000
25.740512 4.354803 -0.001995 0.000000
34.556592 5.673996 -0.003084 0.000000
-8.904250 -0.610695 0.003458 0.000000
-13.808992 0.278621 0.001737 0.000000
-30.492553 3.747585 -0.000727 0.000000
-12.620074 -0.405930 0.002264 0.000000
-24.448544 0.574021 0.000736 0.000000
17.486567 -0.973967 0.001073 0.000000
28.478913 1.025865 -0.000820 0.000000
19.104144 0.520466 0.000238 0.000000
12.940432 -1.669527 0.002228 0.000000
-20.821187 2.672555 0.000013 0.000000
28.997322 -0.403433 -0.000286 0.000000
-24.552105 -0.519303 0.001104 0.000000
-11.247892 0.307341 0.002249 0.000000
-21.876493 2.970238 -0.000196 0.000000
-24.500002 2.620429 -0.000101 0.000000
19.968094 -1.275448 0.000858 0.000000
33.142718 0.470576 -0.000903 0.000000
13.996347 -1.338836 0.001840 0.000000
8.696842 -1.600588 0.003715 0.000000
-20.032040 -1.474128 0.001766 0.000000
-11.144254 -2.189788 0.003401 0.000000
-39.190960 -2.402744 0.001671 0.000000
-24.942270 -3.760848 0.002398 0.000000
15.199891 -5.955987 0.003408 0.000000
21.677641 -6.284438 0.002652 0.000000
37.718696 -7.023875 0.001838 0.000000
21.115411 -4.056392 0.001849 0.000000
-18.579838 -1.789780 0.002016 0.000000
-26.296815 1.808682 0.000169 0.000000
-21.921031 0.170457 0.000959 0.000000
-10.770735 -1.739294 0.003320 0.000000
-19.659930 -0.986286 0.001637 0.000000
26.304189 -5.822116 0.002041 0.000000
15.189588 -3.861089 0.002608 0.000000
20.515495 -3.565293 0.001723 0.000000
-12.912126 -0.483888 0.002238 0.000000
32.392946 -2.635129 0.000327 0.000000
13.615264 -2.614141 0.002457 0.000000
17.591202 1.308212 0.000084 0.000000
38.201760 7.146461 -0.003906 0.000000
14.625628 1.174312 0.000620 0.000000
29.042104 5.524233 -0.002677 0.000000
22.830743 1.997913 -0.000821 0.000000
-23.746211 3.910399 -0.000674 0.000000
18.167311 2.193138 -0.000353 0.000000
-31.624792 -1.396628 0.001332 0.000000
-9.463657 -3.008738 0.004316 0.000000
-16.017462 -3.542964 0.003008 0.000000
19.354265 -4.013241 0.002042 0.000000
27.555198 -2.584493 0.000691 0.000000
38.486893 -0.651263 -0.000722 0.000000
15.548183 -1.914199 0.001775 0.000000
-15.202376 -2.394659 0.002657 0.000000
-22.832480 -3.386785 0.002360 0.000000
-15.811066 -3.949885 0.003183 0.000000
-7.974981 -3.713534 0.005303 0.000000
-26.014356 -5.860400 0.003200 0.000000
20.379313 -5.655836 0.002560 0.000000
31.779959 -5.867629 0.001727 0.000000
18.708167 -3.690525 0.001992 0.000000
18.090341 -0.385921 0.000749 0.000000
18.657194 0.510813 0.000299 0.000000
20.477440 1.717352 -0.000436 0.000000
-14.478871 0.544905 0.001513 0.000000
-38.192178 5.224642 -0.001480 0.000000
-11.059854 -0.714997 0.002777 0.000000
-21.485505 1.158264 0.000584 0.000000
18.784424 -0.801103 0.000819 0.000000
7.763849 3.588549 4.936408 0.000000
15.729730 0.626266 0.000677 0.000000
9.541395 -1.397066 0.003222 0.000000
-10.812188 -0.301243 0.002658 0.000000
-38.689472 6.847130 -0.002033 0.000000
-20.698031 1.797558 0.000364 0.000000
-14.435021 -0.188485 0.001840 0.000000
-38.748026 4.315546 -0.001014 0.000000
-22.850977 0.686509 0.000761 0.000000
15.968274 -0.568638 0.001133 0.000000
8.648486 -2.263996 0.004044 0.000000
22.967900 -3.408017 0.001355 0.000000
25.073942 -2.491229 0.000845 0.000000
12.389859 -2.582690 0.002751 0.000000
29.730822 -1.218482 0.000010 0.000000
39.236335 0.627742 -0.001278 0.000000
15.656613 -1.272403 0.001492 0.000000
-1.095132 20.579452 0.081896 0.000000
-0.995221 10.537742 -0.002472 0.000000
-1.044911 10.667172 -0.002554 0.000000
-1.095696 23.977372 0.629593 0.000000
1.095053 18.150653 0.009563 0.000000
1.032075 25.884992 -0.010148 0.000000
1.025280 14.584309 -0.004784 0.000000
0.463634 24.981575 -0.009731 0.000000
0.726274 13.168489 -0.004019 0.000000
0.070257 24.380553 -0.009434 0.000000
-1.094259 16.876353 0.693674 0.000000
-0.257488 24.595823 -0.009545 0.000000
0.129678 11.500716 -0.003065 0.000000
-1.094784 18.936585 0.285762 0.000000
-0.844511 24.958259 -0.009672 0.000000
1.095201 18.724160 0.268333 0.000000
1.095873 22.084203 0.235866 0.000000
1.096131 23.663680 0.113453 0.000000
1.095344 19.347233 0.333667 0.000000
-1.096164 27.571923 0.454177 0.000000
-1.094688 18.580521 0.578116 0.000000
-1.095726 24.157049 0.475739 0.000000
-1.094229 16.755461 0.557169 0.000000
1.096984 30.546780 0.306559 0.000000
-1.095646 23.629753 0.476330 0.000000
1.096603 27.052619 0.544906 0.000000
-1.095109 20.542986 0.526111 0.000000
1.096268 24.293717 1.811834 0.000000
0.916838 31.225503 2.360599 0.000000
-0.593474 28.265601 2.361262 0.000000
0.338501 30.629244 2.360744 0.000000
-1.095128 20.684997 1.520310 0.000000
-1.094085 16.289616 1.657389 0.000000
-1.078570 28.340926 2.361260 0.000000
-1.095804 24.885587 1.984675 0.000000
-1.096570 31.897061 1.830094 0.000000
0.784987 32.402198 2.360323 0.000000
-1.091740 10.606293 1.417061 0.000000
-1.096047 26.775897 1.957010 0.000000
-1.096674 33.162515 1.677480 0.000000
-1.095219 21.187718 1.230547 0.000000
1.096421 25.430666 1.650240 0.000000
-0.003334 32.813182 2.360240 0.000000
1.095485 19.912944 1.310001 0.000000
-0.414868 32.136043 2.360411 0.000000
1.097122 31.543914 1.754887 0.000000
-1.096501 31.230759 2.315222 0.000000
-0.493694 6.287114 0.000517 0.000000
-0.664087 6.453005 0.000378 0.000000
-1.094311 17.025222 0.055123 0.000000
-0.419260 16.576594 -0.005769 0.000000
-0.846333 18.852483 -0.006875 0.000000
-0.598784 10.161588 -0.002247 0.000000
-0.847100 11.516972 -0.003058 0.000000
0.924305 11.079906 -0.002838 0.000000
0.634110 11.500573 -0.003076 0.000000
1.006503 7.325387 -0.000355 0.000000
0.517486 11.975688 -0.003347 0.000000
0.414808 8.791235 -0.001377 0.000000
0.178367 13.684263 -0.004285 0.000000
-0.080746 14.962499 -0.004954 0.000000
16.527970 -4.605183 0.002653 0.000000
-24.152089 -4.109071 0.002561 0.000000
-17.297121 -4.473332 0.003200 0.000000
17.134057 -6.403827 0.003230 0.000000
25.967339 -7.212106 0.002575 0.000000
25.319772 -4.578456 0.001600 0.000000
-20.614111 -1.998843 0.001924 0.000000
-15.082591 -2.720510 0.002793 0.000000
-39.848099 -3.150108 0.001874 0.000000
-13.454406 -0.786840 0.002279 0.000000
-28.445899 1.126529 0.000309 0.000000
-22.297432 -0.593335 0.001312 0.000000
-10.433776 -2.147644 0.003604 0.000000
-17.030953 -2.434392 0.002423 0.000000
21.659608 -6.079393 0.002579 0.000000
33.281972 -6.287621 0.001739 0.000000
-20.244405 -0.560102 0.001424 0.000000
-10.878826 -1.552713 0.003206 0.000000
-9.193593 -2.010177 0.004008 0.000000
-14.818082 -1.794950 0.002457 0.000000
-25.166018 -1.867209 0.001652 0.000000
-39.596453 -5.352432 0.002840 0.000000
-32.756514 -1.708781 0.001444 0.000000
-20.322148 -3.041870 0.002379 0.000000
-14.664845 -3.767066 0.003286 0.000000
-23.260612 -5.558130 0.003211 0.000000
14.416525 -3.920971 0.002795 0.000000
16.107037 1.300625 0.000324 0.000000
9.760887 -0.371142 0.002637 0.000000
26.737006 2.510414 -0.001300 0.000000
19.490739 1.678748 -0.000299 0.000000
21.399609 -2.107069 0.001022 0.000000
34.797479 -0.526543 -0.000596 0.000000
15.766550 -2.713727 0.002055 0.000000
19.944725 -0.687172 0.000620 0.000000
-13.213271 0.754179 0.001649 0.000000
-28.813950 4.584918 -0.001025 0.000000
-29.868430 3.761002 -0.000760 0.000000
-13.595044 -0.306472 0.002033 0.000000
-18.406551 -2.905087 0.002471 0.000000
-23.209309 0.537643 0.000764 0.000000
-29.722776 -0.837522 0.001084 0.000000
-20.901004 -2.398193 0.002069 0.000000
36.165183 -2.407070 0.000094 0.000000
14.150819 -2.504880 0.002294 0.000000
37.315759 -1.117512 -0.000549 0.000000
8.771631 -2.481808 0.004075 0.000000
14.413540 -2.118525 0.002080 0.000000
15.960525 -1.269217 0.001440 0.000000
9.774205 -1.830650 0.003319 0.000000
18.081499 -0.405517 0.000755 0.000000
37.010830 8.062779 -0.004149 0.000000
14.817095 -0.021365 0.001107 0.000000
35.265193 4.772784 -0.002806 0.000000
33.806562 5.943869 -0.003185 0.000000
9.182914 -0.728948 0.003054 0.000000
-29.566466 3.810271 -0.000778 0.000000
-34.612794 7.350012 -0.002308 0.000000
16.573670 -4.185916 0.002500 0.000000
24.141031 -3.693729 0.001353 0.000000
12.790183 -4.368926 0.003336 0.000000
-28.610259 -0.965574 0.001145 0.000000
-11.550185 -2.437368 0.003392 0.000000
-22.499663 -2.317826 0.001932 0.000000
-18.910470 -3.122825 0.002526 0.000000
18.781744 -6.008921 0.002837 0.000000
27.849536 -6.554398 0.002250 0.000000
15.841579 -3.255141 0.002263 0.000000
20.983860 -2.962109 0.001429 0.000000
32.648809 -1.737539 -0.000005 0.000000
13.781261 -2.213527 0.002236 0.000000
18.726052 -1.530027 0.001130 0.000000
24.759253 -2.969885 0.001012 0.000000
35.365144 -6.252739 0.001684 0.000000
12.440635 -2.606895 0.002747 0.000000
-13.607861 -2.011587 0.002757 0.000000
-32.023075 -1.342636 0.001308 0.000000
-10.838788 -2.620281 0.003674 0.000000
-20.104768 -2.623358 0.002217 0.000000
-14.815797 -3.591486 0.003179 0.000000
-11.612844 -3.910135 0.003976 0.000000
-24.300014 -5.156481 0.003030 0.000000
24.918208 -6.368839 0.002390 0.000000
11.944480 -4.358110 0.003565 0.000000
23.519341 -8.004112 0.003088 0.000000
-8.563365 -3.301354 0.004837 0.000000
-31.255422 -4.880544 0.002726 0.000000
-20.029284 -5.167353 0.003230 0.000000
15.207882 -5.342588 0.003181 0.000000
-12.862935 -2.230843 0.002993 0.000000
-26.927521 -1.905997 0.001651 0.000000
15.332733 -3.657297 0.002509 0.000000
-1.095812 24.853631 1.159775 0.000000
-1.138391 29.395441 1.235507 0.000000
-1.094737 18.813622 1.007527 0.000000
-1.096826 34.928941 1.281205 0.000000
-1.095343 21.853096 1.094171 0.000000
1.097142 31.919026 1.217884 0.000000
-1.096729 33.705645 1.259786 0.000000
1.095547 20.227004 1.116425 0.000000
-1.095337 21.850196 1.201897 0.000000
1.097216 32.568609 1.985322 0.000000
-1.095849 25.192578 1.726224 0.000000
-1.096695 33.541570 2.197007 0.000000
1.096164 23.686039 1.534446 0.000000
1.095198 18.587431 1.396661 0.000000
1.096714 27.718540 1.799517 0.000000
8.346203 -0.022916 7.801141 0.000000
-1.094918 19.630967 0.936445 0.000000
-1.096021 26.561677 1.988743 0.000000
1.097131 31.727068 1.253468 0.000000
1.095479 19.897395 1.001947 0.000000
-1.096504 30.997170 1.050548 0.000000
1.095706 21.026531 1.229518 0.000000
1.097300 33.501972 1.992886 0.000000
-1.802367 7.751350 0.138210 0.000000
-1.037522 5.384505 0.001304 0.000000
-1.460480 7.103650 -0.000158 0.000000
-18.872143 2.057928 0.000402 0.000000
-17.522317 1.185735 0.000869 0.000000
-9.844247 -0.917978 0.003250 0.000000
-17.081210 0.262910 0.001315 0.000000
19.048498 1.366966 -0.000123 0.000000
10.760261 -0.526268 0.002351 0.000000
26.208031 2.161388 -0.001110 0.000000
22.884323 0.157759 -0.000020 0.000000
11.473176 -1.395494 0.002519 0.000000
7.775528 -1.670158 0.004273 0.000000
15.949870 -0.256783 0.000988 0.000000
-17.417047 -0.375318 0.001569 0.000000
9.943384 -2.327048 0.003466 0.000000
-29.107806 1.122214 0.000377 0.000000
-12.685653 -1.586568 0.002760 0.000000
-29.401624 0.024436 0.000802 0.000000
14.985891 -3.867969 0.002643 0.000000
28.579665 -2.827520 0.000651 0.000000
17.109484 -2.070036 0.001582 0.000000
-15.005653 0.558382 0.001431 0.000000
-36.381102 5.185482 -0.001367 0.000000
-13.704659 -0.288376 0.002003 0.000000
-31.196032 2.715851 -0.000369 0.000000
21.775316 1.062339 -0.000284 0.000000
11.586439 -0.759539 0.002196 0.000000
13.840074 -1.491199 0.001944 0.000000
-12.080575 0.522141 0.001953 0.000000
-26.340176 4.289068 -0.000903 0.000000
34.795015 0.031707 -0.000879 0.000000
19.491943 -0.436525 0.000562 0.000000
10.765354 -1.534337 0.002809 0.000000
34.877218 2.381305 -0.001817 0.000000
-26.783431 -4.163551 0.002495 0.000000
17.091439 -6.177889 0.003179 0.000000
9.739719 -4.683893 0.004441 0.000000
25.149138 -6.540033 0.002378 0.000000
12.044275 -4.401585 0.003553 0.000000
15.656621 -4.332976 0.002717 0.000000
23.066937 -4.035360 0.001651 0.000000
-12.252138 -1.713114 0.002912 0.000000
-17.816605 -2.004410 0.002165 0.000000
-37.209145 -3.070713 0.001887 0.000000
28.144163 5.098312 -0.002520 0.000000
-14.399093 0.651876 0.001480 0.000000
-37.917230 6.192803 -0.001829 0.000000
14.748625 0.496317 0.000894 0.000000
33.426008 5.954132 -0.003103 0.000000
-14.322046 -1.880693 0.002572 0.000000
-35.585571 -0.491416 0.000832 0.000000
-11.377165 -2.455427 0.003445 0.000000
-21.934696 -2.253815 0.001941 0.000000
-8.128548 -3.241398 0.005044 0.000000
-12.723684 -3.660789 0.003594 0.000000
-28.318747 -4.936468 0.002734 0.000000
22.972169 -4.269700 0.001732 0.000000
30.752654 -3.531422 0.000867 0.000000
23.475046 -4.268774 0.001693 0.000000
24.682290 -6.783396 0.002578 0.000000
-27.537320 -3.581643 0.002225 0.000000
-6.105084 -3.453326 0.006622 0.000000
-18.048749 -4.154894 0.002997 0.000000
-13.454266 -4.254467 0.003688 0.000000
-33.112053 -6.926191 0.003509 0.000000
16.600816 -6.271774 0.003290 0.000000
12.124134 -4.636226 0.003615 0.000000
15.977774 -4.509647 0.002716 0.000000
-17.847372 -0.273680 0.001452 0.000000
-26.992017 1.842113 0.000076 0.000000
-33.498056 0.510545 0.000471 0.000000
-22.512934 -1.352356 0.001575 0.000000
20.739549 -1.690747 0.000929 0.000000
20.784483 -0.971993 0.000648 0.000000
11.049474 -1.790663 0.002827 0.000000
21.927379 0.196523 0.000060 0.000000
11.686386 -1.076743 0.002314 0.000000
25.148172 1.319610 -0.000732 0.000000
1.092288 10.650095 0.146469 0.000000
0.873431 11.574071 -0.003125 0.000000
0.493533 11.628159 -0.003147 0.000000
1.118941 15.177514 -0.005094 0.000000
0.790325 14.599079 -0.004785 0.000000
0.829304 7.928652 -0.000791 0.000000
-21.417542 3.238718 -0.000220 0.000000
15.145544 1.357262 0.000449 0.000000
-34.302323 1.853508 -0.000031 0.000000
-29.657755 3.374794 -0.000572 0.000000
-18.468853 0.560369 0.001059 0.000000
16.149119 -1.366377 0.001431 0.000000
9.516706 -1.943273 0.003482 0.000000
16.298512 0.065481 0.000823 0.000000
17.712857 0.895560 0.000251 0.000000
1.094395 15.614442 1.218542 0.000000
1.095997 22.576763 1.760082 0.000000
1.097007 30.396654 2.142772 0.000000
-0.803737 30.695877 2.360753 0.000000
1.095438 19.639580 1.551069 0.000000
-1.096466 30.781841 2.330418 0.000000
-0.280913 34.223553 2.359891 0.000000
-1.095148 20.842663 1.975313 0.000000
-0.797302 33.981075 2.359965 0.000000
-1.096097 27.213607 2.197969 0.000000
-0.890635 14.586842 -0.004740 0.000000
0.593496 13.983098 -0.004455 0.000000
-1.086502 14.106376 -0.004490 0.000000
-0.596135 13.570154 -0.004210 0.000000
-0.332264 13.524593 -0.004189 0.000000
-0.784429 13.793807 -0.004327 0.000000
-1.095890 25.344270 0.458076 0.000000
-1.094247 16.817453 0.448768 0.000000
-1.095514 22.784756 0.715308 0.000000
1.092509 11.039968 0.540207 0.000000
1.095923 22.323955 0.876234 0.000000
1.095023 17.945052 0.619144 0.000000
-1.095575 23.315244 2.062585 0.000000
-0.798977 32.601262 2.360308 0.000000
-1.800608 7.751493 0.544555 0.000000
1.095912 22.295008 0.426162 0.000000
1.096601 27.143383 0.233998 0.000000
1.025086 35.719881 -0.002009 0.000000
1.089363 17.345900 -0.006185 0.000000
1.094353 15.549527 0.423686 0.000000
-1.092870 12.838278 0.251435 0.000000
-0.790386 12.784375 -0.003776 0.000000
-1.012341 12.792385 -0.003779 0.000000
-0.784381 34.551343 -0.013852 0.000000
0.438963 34.570770 -0.013887 0.000000
0.643681 15.772028 -0.005387 0.000000
-0.169998 34.108560 -0.013677 0.000000
0.342335 14.566256 -0.004756 0.000000
-1.095612 23.408840 0.567543 0.000000
-1.092246 11.539406 0.642803 0.000000
-1.094502 17.764822 0.137296 0.000000
-0.546558 12.763676 -0.003769 0.000000
-19.645355 -1.527924 0.001809 0.000000
-14.827063 -2.440250 0.002719 0.000000
-38.154273 -2.306711 0.001641 0.000000
-24.718071 -3.507289 0.002305 0.000000
-18.418584 -4.194291 0.002988 0.000000
16.958299 -6.242678 0.003224 0.000000
25.461306 -6.949404 0.002556 0.000000
16.141298 -4.511972 0.002696 0.000000
24.035331 -4.270164 0.001656 0.000000
15.559185 -2.425532 0.001982 0.000000
-17.888488 -2.707395 0.002449 0.000000
-36.809832 -4.649463 0.002577 0.000000
17.743936 -4.057750 0.002269 0.000000
12.442859 -2.576046 0.002734 0.000000
33.932658 -1.172304 -0.000278 0.000000
14.788766 -1.902095 0.001904 0.000000
-15.527483 -1.435638 0.002205 0.000000
-12.199479 -2.118983 0.003095 0.000000
-25.085948 -1.752447 0.001629 0.000000
-38.148114 -5.593142 0.002945 0.000000
-11.358915 -4.170506 0.004119 0.000000
-22.411057 -5.580328 0.003229 0.000000
20.996998 -5.813357 0.002549 0.000000
33.779952 -6.191290 0.001667 0.000000
19.545176 -3.629889 0.001868 0.000000
-32.628665 -1.959961 0.001468 0.000000
-20.051943 -3.058017 0.002397 0.000000
24.945714 2.594196 -0.001202 0.000000
18.931819 1.709106 -0.000244 0.000000
34.068090 7.144466 -0.003708 0.000000
13.758072 -4.362072 0.003107 0.000000
-12.361053 -0.989306 0.002580 0.000000
-24.434834 0.726868 0.000678 0.000000
-21.806006 -0.739652 0.001339 0.000000
-20.981125 -1.415714 0.001662 0.000000
34.044124 -6.896086 0.001920 0.000000
-29.746963 2.570753 -0.000285 0.000000
17.319267 -3.966037 0.002303 0.000000
24.577468 -3.400778 0.001239 0.000000
23.280926 0.508638 -0.000198 0.000000
16.142977 -2.065403 0.001729 0.000000
-12.445458 0.629905 0.001827 0.000000
-27.100637 4.202939 -0.000873 0.000000
-13.236675 0.284351 0.001834 0.000000
-31.835367 4.310001 -0.001037 0.000000
22.865475 -1.125740 0.000496 0.000000
30.879345 3.607326 -0.002090 0.000000
8.672121 -1.166184 0.003514 0.000000
13.997958 0.376282 0.001091 0.000000
34.076699 5.622492 -0.003092 0.000000
13.796892 -0.240620 0.001416 0.000000
-18.026624 1.110953 0.000906 0.000000
-13.004665 -0.348661 0.002165 0.000000
-30.923207 2.652672 -0.000342 0.000000
-19.869147 0.006261 0.001190 0.000000
34.415162 1.618917 -0.001410 0.000000
13.913311 -0.931944 0.001691 0.000000
31.018316 2.426053 -0.001620 0.000000
14.750816 -1.517723 0.001757 0.000000
11.584888 -2.781020 0.003066 0.000000
25.744029 -1.791959 0.000471 0.000000
12.674322 -2.012315 0.002442 0.000000
33.351871 -0.002385 -0.000784 0.000000
8.389759 -2.362641 0.004231 0.000000
-11.667414 -3.307219 0.003708 0.000000
-23.036679 -3.907498 0.002539 0.000000
-9.686269 -3.631071 0.004466 0.000000
-16.836861 -4.535295 0.003301 0.000000
30.799484 -8.036307 0.002559 0.000000
13.257527 -4.850227 0.003404 0.000000
29.338298 -4.879412 0.001411 0.000000
-36.857984 -2.979563 0.001916 0.000000
-19.866697 -1.889197 0.001944 0.000000
-9.053152 -2.715905 0.004372 0.000000
-14.758992 -2.724620 0.002847 0.000000
-14.015561 -0.697022 0.002138 0.000000
-31.206143 1.674236 0.000081 0.000000
15.574084 -4.332164 0.002728 0.000000
-24.287870 -0.377349 0.001072 0.000000
-20.694311 -1.584421 0.001758 0.000000
27.149707 -6.810528 0.002329 0.000000
21.074303 -3.908727 0.001795 0.000000
34.115183 -3.322310 0.000572 0.000000
-13.361239 -1.602752 0.002630 0.000000
-17.245999 -0.846071 0.001750 0.000000
-30.547422 -0.739062 0.001042 0.000000
-20.615968 -2.155194 0.001987 0.000000
-9.217441 -2.926688 0.004386 0.000000
-15.846021 -2.958539 0.002782 0.000000
20.178629 -3.537476 0.001756 0.000000
-30.805252 -4.980038 0.002710 0.000000
-19.890456 -5.160717 0.003236 0.000000
35.480699 -5.706140 0.001364 0.000000
-12.696879 -2.304461 0.003058 0.000000
0.575695 31.367893 -0.012525 0.000000
1.096045 23.090718 0.234985 0.000000
-1.096467 30.421828 0.359021 0.000000
-1.094904 19.489050 0.216298 0.000000
1.097342 34.474254 0.471870 0.000000
-1.095913 25.544662 0.553528 0.000000
1.095191 18.683878 0.138750 0.000000
0.966971 25.792874 -0.010096 0.000000
1.094393 15.663065 0.377142 0.000000
-1.094366 17.263580 0.450477 0.000000
-1.095462 22.471800 0.534647 0.000000
-1.093917 15.708140 0.559612 0.000000
-1.096475 30.838270 0.442633 0.000000
-1.092444 11.927110 0.444934 0.000000
-1.095039 20.135887 0.525909 0.000000
1.096131 23.381330 1.886988 0.000000
0.981997 32.964024 2.360183 0.000000
0.575698 32.828550 2.360224 0.000000
-1.096068 26.857255 1.015969 0.000000
1.094791 17.010600 0.991476 0.000000
-1.095985 26.147594 1.157045 0.000000
1.096339 24.895760 1.199747 0.000000
-1.094471 17.697436 0.892828 0.000000
-1.094023 16.072890 0.879380 0.000000
-1.096518 31.237041 1.263806 0.000000
1.097404 34.956090 1.209910 0.000000
1.092654 11.306717 0.743539 0.000000
1.096036 22.969328 0.778532 0.000000
1.095783 21.479020 0.955120 0.000000
0.904603 10.570918 -0.002531 0.000000
0.531168 15.012565 -0.004994 0.000000
0.306121 16.349869 -0.005669 0.000000
1.094731 16.728833 1.525643 0.000000
0.812627 32.736945 2.360239 0.000000
-1.095281 21.531308 1.669493 0.000000
-1.095907 25.580010 1.459331 0.000000
1.097326 33.720063 2.213399 0.000000
-0.482286 28.845127 2.361143 0.000000
0.211540 32.760242 2.360246 0.000000
-0.822785 27.426878 2.361429 0.000000
-0.366769 31.819596 2.360485 0.000000
1.096356 25.028579 1.461713 0.000000
-1.095083 20.497059 1.943992 0.000000
-0.840147 31.121033 2.360657 0.000000
-1.095928 25.855071 2.082409 0.000000
-8.640797 3.586528 4.939022 0.000000
-37.003093 6.838498 -0.002098 0.000000
-14.610958 0.589879 0.001478 0.000000
-15.427174 0.033365 0.001601 0.000000
17.713188 -2.668397 0.001730 0.000000
25.114511 -1.921466 0.000586 0.000000
12.086752 -2.326540 0.002733 0.000000
15.771255 -1.562358 0.001579 0.000000
23.294283 -0.311053 0.000099 0.000000
13.448917 -0.089005 0.001426 0.000000
17.177397 0.119490 0.000664 0.000000
30.750917 3.363905 -0.001910 0.000000
21.796658 2.008307 -0.000682 0.000000
11.576814 -0.088766 0.001898 0.000000
17.744131 1.701795 -0.000109 0.000000
-0.301570 6.938906 -0.000015 0.000000
-0.565091 7.042812 -0.000095 0.000000
0.177616 17.762265 -0.006367 0.000000
0.471054 7.243744 -0.000268 0.000000
-0.338861 19.887823 -0.007378 0.000000
0.366599 7.199260 -0.000230 0.000000
-0.659294 22.982806 -0.008806 0.000000
0.033483 6.955943 -0.000033 0.000000
-1.095253 21.223279 0.069728 0.000000
-19.867411 1.617035 0.000495 0.000000
-10.681206 -0.725209 0.002890 0.000000
-19.628504 0.920656 0.000820 0.000000
-20.452248 0.186746 0.001049 0.000000
24.848728 -2.609577 0.000903 0.000000
12.016848 -2.602359 0.002865 0.000000
-11.791204 0.466433 0.002043 0.000000
-21.418381 2.894923 -0.000092 0.000000
-24.603974 -1.923585 0.001686 0.000000
16.439383 -3.966207 0.002441 0.000000
-28.214552 -4.735227 0.002678 0.000000
-18.813081 -4.859640 0.003204 0.000000
26.583603 -8.723112 0.003110 0.000000
12.196144 -5.401798 0.003836 0.000000
16.361533 -5.590500 0.003041 0.000000
24.655283 -5.752136 0.002175 0.000000
35.771567 -7.399953 0.002016 0.000000
18.951243 -4.388718 0.002233 0.000000
29.529919 -3.875200 0.001000 0.000000
13.354994 -3.014171 0.002669 0.000000
-30.720845 -0.782556 0.001041 0.000000
-23.916358 -2.118226 0.001788 0.000000
25.631487 0.508185 -0.000410 0.000000
17.295906 0.128615 0.000644 0.000000
30.751720 3.155306 -0.001816 0.000000
21.401643 1.985280 -0.000625 0.000000
-17.565018 -2.734266 0.002484 0.000000
-25.881968 -1.790401 0.001613 0.000000
-13.240976 -3.284499 0.003340 0.000000
-30.979713 -4.382061 0.002539 0.000000
-20.237522 -4.784677 0.003108 0.000000
23.616619 -6.301744 0.002483 0.000000
33.811737 -6.310411 0.001728 0.000000
13.964237 -4.004225 0.002925 0.000000
24.233488 -3.120868 0.001164 0.000000
12.491187 -2.818579 0.002820 0.000000
26.531366 2.742806 -0.001405 0.000000
-24.966735 2.640524 -0.000165 0.000000
-9.583596 -0.877785 0.003325 0.000000
-16.498332 0.361591 0.001328 0.000000
29.362996 2.261535 -0.001448 0.000000
12.712800 -0.152615 0.001625 0.000000
26.036051 3.723142 -0.001784 0.000000
8.224311 -0.989367 0.003659 0.000000
28.339964 5.432782 -0.002615 0.000000
-28.148781 5.374291 -0.001396 0.000000
34.280756 -0.058027 -0.000816 0.000000
13.310062 -2.001472 0.002270 0.000000
-19.614740 -0.191783 0.001276 0.000000
-38.207864 0.878690 0.000272 0.000000
-23.980389 -1.383694 0.001531 0.000000
-17.816446 -2.215016 0.002251 0.000000
28.579641 -2.679999 0.000663 0.000000
30.025880 -1.564687 0.000047 0.000000
-1.575697 6.796855 0.000076 0.000000
-1.220866 5.597582 0.001099 0.000000
25.222481 3.747929 -0.001695 0.000000
-37.588416 8.183045 -0.002566 0.000000
-19.248166 2.263153 0.000264 0.000000
-31.793586 4.400827 -0.001072 0.000000
28.052804 3.144753 -0.001652 0.000000
12.312970 0.407453 0.001471 0.000000
17.667622 -1.809671 0.001391 0.000000
17.991977 -1.334110 0.001130 0.000000
10.205200 -1.954036 0.003201 0.000000
19.118199 -0.463329 0.000643 0.000000
21.560763 0.692385 -0.000134 0.000000
1.097011 30.494266 1.618633 0.000000
1.095983 22.539460 1.521127 0.000000
1.096469 25.805687 1.592253 0.000000
-1.096500 31.154397 1.935539 0.000000
-1.095038 20.252474 1.508974 0.000000
-1.096010 26.421546 1.405563 0.000000
-1.094557 18.071784 1.195805 0.000000
-1.096682 33.238124 1.786362 0.000000
-1.095229 21.252616 1.285768 0.000000
-1.095742 24.366102 1.014731 0.000000
-0.608761 34.762221 2.359758 0.000000
1.097187 32.282196 1.665261 0.000000
1.096301 24.641679 1.174001 0.000000
1.096003 22.695489 1.423920 0.000000
-1.095186 20.945787 0.590801 0.000000
1.096674 27.590002 0.733240 0.000000
-1.095766 24.569311 1.312694 0.000000
-1.127402 29.395314 0.960629 0.000000
-1.094816 19.164161 0.975607 0.000000
-1.096737 33.785578 0.598134 0.000000
1.095119 18.315362 0.890450 0.000000
1.096695 27.695984 1.112226 0.000000
1.096091 23.224625 1.195166 0.000000
1.097434 35.450967 1.009116 0.000000
-1.096495 31.130404 1.793511 0.000000
-24.478343 -3.274903 0.002214 0.000000
-28.555450 -6.326479 0.003341 0.000000
26.938466 -7.100640 0.002533 0.000000
16.952799 -4.611671 0.002602 0.000000
9.885940 -3.759942 0.004058 0.000000
25.709752 -4.564343 0.001571 0.000000
27.457289 -4.379539 0.001422 0.000000
12.870448 -3.381548 0.002942 0.000000
-39.320467 -3.164272 0.001873 0.000000
-24.330136 -0.614389 0.001169 0.000000
-18.008317 -1.967025 0.002130 0.000000
-28.154683 -4.151255 0.002477 0.000000
-22.048850 1.063476 0.000647 0.000000
-15.678596 -0.767422 0.001907 0.000000
-26.603806 -0.226799 0.000988 0.000000
-35.737796 -3.866708 0.002265 0.000000
-22.953697 -4.429542 0.002748 0.000000
17.572596 -4.694740 0.002536 0.000000
9.915005 -3.805689 0.004062 0.000000
21.493741 -4.266001 0.001873 0.000000
28.678697 -3.630482 0.000975 0.000000
16.573152 -2.505139 0.001842 0.000000
-27.917954 -1.156579 0.001262 0.000000
-14.044941 -3.075596 0.003113 0.000000
-13.842361 1.099908 0.001374 0.000000
-35.791237 6.931810 -0.002054 0.000000
15.499674 -0.226535 0.001082 0.000000
22.033376 -0.005305 0.000113 0.000000
25.368183 1.728272 -0.000871 0.000000
15.451344 1.388749 0.000379 0.000000
31.493059 6.191418 -0.003181 0.000000
-14.948738 0.006689 0.001680 0.000000
-38.079369 3.992749 -0.000876 0.000000
-14.319297 -0.776437 0.002110 0.000000
-35.823580 2.168285 -0.000132 0.000000
-37.153669 0.961533 0.000237 0.000000
17.009284 -4.000419 0.002342 0.000000
36.931231 -2.723293 0.000102 0.000000
14.573984 -2.778388 0.002310 0.000000
-9.899691 -0.564075 0.003060 0.000000
19.785048 -1.827786 0.001109 0.000000
32.898959 1.075070 -0.001100 0.000000
33.987589 2.677813 -0.001824 0.000000
14.586235 -0.356546 0.001302 0.000000
38.620927 4.961253 -0.002988 0.000000
15.750213 0.584132 0.000691 0.000000
-24.116264 2.141003 0.000038 0.000000
-16.301339 0.058084 0.001479 0.000000
-27.519129 0.934319 0.000415 0.000000
-19.081527 -0.801118 0.001574 0.000000
35.428827 0.145524 -0.000863 0.000000
-19.466581 2.643042 0.000090 0.000000
29.212754 4.655105 -0.002397 0.000000
12.881001 0.777706 0.001164 0.000000
-19.513931 -1.545794 0.001823 0.000000
-14.761134 -2.460044 0.002737 0.000000
-37.427236 -2.214669 0.001506 0.000000
-11.828427 -3.036424 0.003563 0.000000
-24.514648 -3.513082 0.002315 0.000000
19.389277 -6.865630 0.003135 0.000000
30.885532 -7.885943 0.002566 0.000000
18.030073 -4.729721 0.002495 0.000000
28.609022 -4.667048 0.001424 0.000000
20.317847 -4.143198 0.001970 0.000000
30.572723 -3.683127 0.000895 0.000000
17.769907 -2.429365 0.001625 0.000000
-27.847639 -4.364985 0.002556 0.000000
-32.708186 -0.170755 0.000834 0.000000
-20.886299 -1.813136 0.001829 0.000000
16.399228 -4.186582 0.002525 0.000000
18.608486 -3.545911 0.001956 0.000000
22.882941 -2.692683 0.001123 0.000000
11.853345 -2.660718 0.002938 0.000000
30.683869 -1.237875 -0.000104 0.000000
14.196329 -2.197739 0.002152 0.000000
20.388931 -3.923170 0.001881 0.000000
-27.670979 -2.145423 0.001647 0.000000
-13.204188 -3.785842 0.003542 0.000000
-31.120611 -5.060080 0.002804 0.000000
-19.613536 -5.146897 0.003247 0.000000
15.550489 -5.803562 0.003286 0.000000
9.284636 -4.500781 0.004578 0.000000
36.160287 -6.433773 0.001688 0.000000
0.364318 11.380913 -0.002999 0.000000
0.076964 11.397926 -0.003003 0.000000
-0.994024 12.115910 -0.003398 0.000000
-0.769862 11.586181 -0.003099 0.000000
-0.997800 11.662837 -0.003138 0.000000
0.361190 7.246533 -0.000267 0.000000
0.705365 12.083662 -0.003413 0.000000
-0.446737 8.244972 -0.000984 0.000000
-0.325891 8.924527 -0.001452 0.000000
0.146804 9.851035 -0.002063 0.000000
-0.611127 9.565570 -0.001870 0.000000
-0.577400 9.721641 -0.001969 0.000000
-0.929255 31.880021 2.360485 0.000000
1.069120 34.141465 2.359885 0.000000
0.490782 35.043541 2.359662 0.000000
-0.104669 34.916162 2.359707 0.000000
-0.562049 34.718505 2.359769 0.000000
-0.311794 34.060401 2.359932 0.000000
0.714260 34.826819 2.359716 0.000000
-1.095324 21.754551 1.680116 0.000000
1.865988 7.752016 1.203288 0.000000
-1.096443 30.487682 1.999746 0.000000
-0.983725 32.314977 2.360382 0.000000
-1.095653 23.845942 1.928171 0.000000
-1.094954 19.807869 1.500909 0.000000
1.096463 25.683127 2.023880 0.000000
-0.495401 28.500552 2.361214 0.000000
0.609331 32.801728 2.360229 0.000000
-1.095288 21.586310 2.064238 0.000000
0.177078 32.883772 2.360217 0.000000
1.097320 34.317097 0.429412 0.000000
1.092468 10.971489 0.237999 0.000000
1.096491 26.211401 0.320826 0.000000
-1.093862 15.477031 -0.000851 0.000000
-1.094990 19.941881 0.525754 0.000000
1.072398 21.161633 -0.008001 0.000000
0.388661 17.508681 -0.006247 0.000000
-1.095417 22.173523 0.267820 0.000000
-0.514826 15.948241 -0.005453 0.000000
-0.673636 15.563000 -0.005253 0.000000
-1.095218 21.095156 0.382294 0.000000
1.094886 17.403176 0.509798 0.000000
1.096443 25.880501 0.320007 0.000000
-1.096751 33.718196 0.294812 0.000000
-1.094774 18.927919 0.579358 0.000000
0.609889 20.791111 -0.007820 0.000000
0.854760 18.156430 -0.006575 0.000000
0.397626 24.569441 -0.009544 0.000000
-0.359582 30.775408 -0.012261 0.000000
-1.095844 24.959874 0.347538 0.000000
-1.094329 17.107352 0.333272 0.000000
17.029482 1.855400 -0.000054 0.000000
27.405316 3.003059 -0.001543 0.000000
20.312083 2.298063 -0.000658 0.000000
-34.088389 3.431542 -0.000631 0.000000
-27.947718 1.053635 0.000397 0.000000
17.130294 -0.780576 0.001046 0.000000
-35.888261 6.832871 -0.002018 0.000000
-15.002755 0.889614 0.001295 0.000000
18.118082 -1.980798 0.001389 0.000000
27.187920 -0.401165 -0.000159 0.000000
12.782240 -1.648962 0.002261 0.000000
27.885091 1.147762 -0.000871 0.000000
27.812578 0.317652 -0.000525 0.000000
-16.745287 1.608065 0.000768 0.000000
-16.853125 1.164751 0.000960 0.000000
20.340249 -2.501864 0.001294 0.000000
30.450951 -1.514854 -0.000002 0.000000
-34.520186 -2.822608 0.001784 0.000000
-22.027813 -3.981377 0.002656 0.000000
-16.223563 -4.224681 0.003262 0.000000
21.501652 -7.489987 0.003102 0.000000
37.597565 -9.236682 0.002644 0.000000
20.555308 -5.031645 0.002280 0.000000
35.426718 -5.270288 0.001217 0.000000
-19.055072 -1.894604 0.002005 0.000000
-14.274686 -2.748290 0.002934 0.000000
25.414150 -4.190158 0.001498 0.000000
34.937908 -7.893010 0.002255 0.000000
-14.643489 -0.580025 0.001975 0.000000
-34.808888 2.243993 -0.000213 0.000000
-26.627930 0.037901 0.000874 0.000000
-22.651786 -1.332538 0.001562 0.000000
-20.444041 -2.252124 0.002038 0.000000
10.747174 0.079953 0.002069 0.000000
19.599519 2.355589 -0.000610 0.000000
18.532586 0.479651 0.000325 0.000000
35.824574 4.517668 -0.002741 0.000000
14.326776 0.320362 0.001059 0.000000
24.581656 2.835277 -0.001263 0.000000
33.211110 6.821581 -0.003447 0.000000
-36.340357 -3.775733 0.002210 0.000000
-24.213257 -1.136303 0.001392 0.000000
-17.708476 -2.226932 0.002266 0.000000
17.896864 -3.474715 0.002026 0.000000
19.713064 -2.759442 0.001498 0.000000
22.831635 -1.963663 0.000850 0.000000
29.076020 -0.543812 -0.000285 0.000000
8.952563 -1.899408 0.003725 0.000000
22.911808 -5.663018 0.002256 0.000000
36.384130 -5.887347 0.001386 0.000000
19.889923 -3.492288 0.001768 0.000000
-11.600470 -2.365592 0.003349 0.000000
-22.805968 -2.110337 0.001838 0.000000
-17.480465 -4.722227 0.003291 0.000000
24.323965 1.209273 -0.000639 0.000000
-25.401360 1.630579 0.000269 0.000000
-17.626584 -0.319976 0.001534 0.000000
26.082399 0.591514 -0.000473 0.000000
-16.036698 0.734501 0.001252 0.000000
12.078770 -0.681905 0.002027 0.000000
24.733864 2.288517 -0.001098 0.000000
12.598204 -0.188822 0.001666 0.000000
26.853920 3.678218 -0.001802 0.000000
-24.858153 3.203105 -0.000353 0.000000
13.237976 0.498885 0.001211 0.000000
22.673821 1.012181 -0.000377 0.000000
21.195614 1.549352 -0.000432 0.000000
21.339814 2.409207 -0.000817 0.000000
22.864979 3.697024 -0.001472 0.000000
-15.020534 0.027563 0.001664 0.000000
-14.802155 0.818104 0.001348 0.000000
-21.648944 1.982658 0.000241 0.000000
23.962069 -2.832721 0.001043 0.000000
28.487966 -0.632774 -0.000221 0.000000
35.541223 1.293754 -0.001429 0.000000
15.146198 -0.834333 0.001397 0.000000
-0.411654 14.784753 -0.004855 0.000000
-0.392541 13.854207 -0.004364 0.000000
0.485738 12.669450 -0.003737 0.000000
0.983221 18.344718 -0.006668 0.000000
0.555568 19.735801 -0.007324 0.000000
0.363802 21.762786 -0.008268 0.000000
-0.124732 24.575067 -0.009538 0.000000
-0.701470 28.772188 -0.011386 0.000000
0.005513 13.235107 -0.004037 0.000000
-1.096170 27.587176 0.134390 0.000000
-1.685556 6.023794 0.000699 0.000000
1.095162 18.529080 0.484037 0.000000
1.106141 29.395139 0.606349 0.000000
1.095916 22.291313 0.655180 0.000000
-1.096806 34.754833 1.199569 0.000000
1.096578 26.787016 0.949198 0.000000
-1.096728 33.742734 1.181161 0.000000
1.097123 31.697257 1.009076 0.000000
-1.094779 18.983449 0.971722 0.000000
-0.975240 27.695076 2.361384 0.000000
-0.187056 31.678470 2.360514 0.000000
1.097254 32.923186 1.846485 0.000000
-1.096386 29.945245 2.285579 0.000000
1.097393 34.566376 2.043248 0.000000
1.096420 25.418472 1.450059 0.000000
1.097164 32.148440 1.484402 0.000000
1.095842 21.753473 1.427366 0.000000
-1.096505 31.030257 1.375887 0.000000
-1.094995 19.982763 0.848911 0.000000
-0.789789 7.919691 -0.000752 0.000000
-0.895674 8.751285 -0.001333 0.000000
7.387303 -0.024484 7.800202 0.000000
-25.943977 -4.533683 0.002662 0.000000
30.451631 -9.627913 0.003196 0.000000
13.038973 -5.477291 0.003683 0.000000
17.923628 -5.617188 0.002849 0.000000
27.967531 -6.039682 0.002008 0.000000
-10.161463 -1.588124 0.003449 0.000000
-17.055835 -0.632589 0.001685 0.000000
-33.269068 -0.375690 0.000910 0.000000
-21.476934 -3.182518 0.002349 0.000000
27.481257 -7.538517 0.002584 0.000000
15.948400 -4.610484 0.002729 0.000000
37.995836 -4.133208 0.000609 0.000000
-29.167402 -0.112811 0.000823 0.000000
22.881679 -6.270108 0.002538 0.000000
32.218803 -6.373250 0.001905 0.000000
17.348414 -3.601523 0.002121 0.000000
-25.053832 -4.192693 0.002564 0.000000
24.051451 -3.129678 0.001182 0.000000
12.244117 -2.931931 0.002933 0.000000
-15.474488 -2.681303 0.002733 0.000000
24.758592 2.638333 -0.001194 0.000000
10.568765 -0.807176 0.002550 0.000000
37.204673 4.389735 -0.002759 0.000000
8.033321 -0.906019 0.003719 0.000000
29.549339 1.155010 -0.000944 0.000000
-12.632610 0.707151 0.001763 0.000000
-25.167617 3.898047 -0.000727 0.000000
-23.248304 2.500393 0.000000 0.000000
-23.049944 1.582893 0.000371 0.000000
-11.791909 -0.928146 0.002681 0.000000
-24.575261 0.886505 0.000552 0.000000
20.965086 -3.448935 0.001621 0.000000
30.956389 -2.655213 0.000421 0.000000
17.503688 -2.198408 0.001567 0.000000
-34.370673 1.595288 0.000066 0.000000
-22.122814 -0.688615 0.001305 0.000000
15.785253 -2.194948 0.001848 0.000000
15.936952 -1.534128 0.001544 0.000000
19.133333 0.261138 0.000329 0.000000
11.067417 -0.902579 0.002428 0.000000
-27.346730 3.224483 -0.000491 0.000000
21.687339 1.682365 -0.000529 0.000000
11.172241 0.133510 0.001911 0.000000
-30.658813 6.148086 -0.001755 0.000000
-29.613851 -4.117752 0.002462 0.000000
23.765924 -7.557028 0.002949 0.000000
14.951622 -4.961705 0.003073 0.000000
34.509196 -4.415378 0.000992 0.000000
14.309641 -3.576736 0.002684 0.000000
-24.756300 -0.488460 0.001087 0.000000
-18.464041 -1.878193 0.002049 0.000000
28.120571 -3.601778 0.001022 0.000000
-22.953877 -1.522282 0.001612 0.000000
15.964630 -2.568392 0.001952 0.000000
-16.182411 -2.597209 0.002590 0.000000
20.303247 -4.230095 0.001999 0.000000
26.800872 -3.600514 0.001156 0.000000
12.961114 -3.056735 0.002767 0.000000
17.981092 -4.705142 0.002494 0.000000
28.157492 -4.664262 0.001448 0.000000
-14.843115 -2.211041 0.002631 0.000000
-37.737943 -1.847720 0.001463 0.000000
-4.481060 -3.229808 0.008724 0.000000
-21.806331 -3.384796 0.002405 0.000000
-15.468165 -3.954808 0.003223 0.000000
-11.803302 -4.128144 0.003987 0.000000
-25.361087 -5.820914 0.003199 0.000000
29.777226 -7.759995 0.002568 0.000000
1.097195 32.497453 1.425299 0.000000
-1.095738 24.373077 1.503613 0.000000
-1.094708 18.684855 1.219039 0.000000
1.097304 33.698411 1.719696 0.000000
1.096212 24.008733 1.281606 0.000000
1.113035 29.395621 1.633296 0.000000
-8.388789 -0.022662 7.803088 0.000000
0.476897 35.294725 2.359595 0.000000
-1.096599 32.297968 2.229072 0.000000
-0.794586 33.251884 2.360145 0.000000
-0.369463 35.439996 2.359576 0.000000
1.095781 21.542686 0.635466 0.000000
-1.095835 25.050895 1.425949 0.000000
1.095348 19.284819 1.168760 0.000000
-1.096052 26.585040 0.538059 0.000000
-1.008363 10.414531 -0.002401 0.000000
0.059708 5.326911 0.001373 0.000000
1.052169 10.992240 -0.002789 0.000000
-0.516020 7.340412 -0.000323 0.000000
-0.162930 8.681443 -0.001290 0.000000
16.336045 1.546471 0.000180 0.000000
35.346874 7.464759 -0.003908 0.000000
-15.607079 -0.517568 0.001816 0.000000
16.490068 -1.090902 0.001278 0.000000
25.369516 0.573364 -0.000410 0.000000
17.134257 -0.092010 0.000760 0.000000
30.135718 2.761011 -0.001636 0.000000
13.597315 -0.297517 0.001479 0.000000
-16.108868 1.801971 0.000800 0.000000
-1.647404 5.656600 0.001021 0.000000
-15.678339 -1.019156 0.002010 0.000000
20.350660 -1.605910 0.000930 0.000000
32.791330 -0.049557 -0.000653 0.000000
19.249295 -0.438076 0.000619 0.000000
34.239331 2.344036 -0.001773 0.000000
35.348109 -5.069916 0.001188 0.000000
22.698442 -7.419820 0.002967 0.000000
-14.626858 -2.240699 0.002671 0.000000
-37.194947 -2.026330 0.001482 0.000000
-11.906405 -2.936460 0.003501 0.000000
11.255339 -5.056573 0.004022 0.000000
14.787991 -5.047304 0.003150 0.000000
9.047239 -4.057996 0.004540 0.000000
20.684197 -5.035846 0.002272 0.000000
-29.163097 0.314826 0.000636 0.000000
-13.839979 -0.639204 0.002133 0.000000
-32.566487 1.866985 -0.000032 0.000000
-15.603816 0.299318 0.001470 0.000000
-27.878528 -0.935716 0.001234 0.000000
20.711711 -2.466870 0.001246 0.000000
18.510675 2.497228 -0.000531 0.000000
30.371331 3.974284 -0.002153 0.000000
13.399143 0.380411 0.001224 0.000000
22.238503 2.923602 -0.001110 0.000000
11.290540 0.135179 0.001876 0.000000
-17.859963 2.196238 0.000429 0.000000
-33.724716 -3.132228 0.001948 0.000000
-22.431081 -4.140885 0.002668 0.000000
15.240418 -4.055458 0.002685 0.000000
21.148885 -2.798717 0.001339 0.000000
28.060486 -1.672079 0.000283 0.000000
-24.121694 -2.188848 0.001805 0.000000
-16.277923 -3.079718 0.002771 0.000000
-26.285272 -4.631299 0.002711 0.000000
-17.695466 -4.833431 0.003296 0.000000
16.154880 -5.839915 0.003199 0.000000
22.715175 -6.255439 0.002545 0.000000
14.887701 -4.373664 0.002876 0.000000
-37.999427 3.401594 -0.000642 0.000000
27.066037 1.421821 -0.000946 0.000000
-22.666687 0.183449 0.000927 0.000000
-16.648164 -1.078143 0.001932 0.000000
27.152143 -0.702326 -0.000034 0.000000
26.028035 0.260653 -0.000387 0.000000
30.375233 3.150915 -0.001830 0.000000
24.004080 3.349373 -0.001428 0.000000
24.322029 2.518396 -0.001115 0.000000
-22.265077 2.924375 -0.000172 0.000000
-14.732942 0.793819 0.001366 0.000000
-22.214203 1.422421 0.000427 0.000000
26.776456 1.951978 -0.001141 0.000000
12.430902 -0.461472 0.001835 0.000000
12.560365 -2.180874 0.002542 0.000000
28.776513 -0.238967 -0.000336 0.000000
13.539410 -1.407962 0.001977 0.000000
35.279164 1.589515 -0.001533 0.000000
15.061164 -0.718639 0.001370 0.000000
-1.802727 7.751375 0.240574 0.000000
0.080409 21.956630 -0.008352 0.000000
-1.094357 17.228075 0.715555 0.000000
-0.375598 20.546508 -0.007688 0.000000
-0.664370 19.748471 -0.007303 0.000000
-1.094902 19.422161 -0.002385 0.000000
1.096622 27.048637 1.128519 0.000000
1.095632 20.704575 0.960606 0.000000
1.096155 23.665510 1.115849 0.000000
-1.094645 18.415431 1.183390 0.000000
-1.094207 16.706746 1.136463 0.000000
-1.096675 33.059406 1.303576 0.000000
1.092318 10.699999 0.397042 0.000000
1.096427 25.683224 0.404419 0.000000
1.095592 20.559643 0.319888 0.000000
1.093145 12.337167 0.282460 0.000000
1.097344 34.463331 0.825212 0.000000
1.097253 33.528953 0.380935 0.000000
1.094851 17.314817 0.179067 0.000000
1.096551 26.744230 -0.010289 0.000000
-1.095262 21.400764 0.893930 0.000000
0.447263 23.886874 -0.009237 0.000000
1.093259 12.584208 0.566665 0.000000
1.096345 24.903972 1.564021 0.000000
-1.096743 34.035915 2.219813 0.000000
1.097376 34.359569 2.139683 0.000000
-1.096853 35.528126 1.646712 0.000000
-1.095402 22.203781 1.309333 0.000000
-1.095886 25.443139 1.173462 0.000000
-15.445127 -3.771579 0.003168 0.000000
-25.334281 -5.728662 0.003217 0.000000
19.154006 -6.834622 0.003142 0.000000
30.984063 -8.052254 0.002559 0.000000
18.543439 -4.844220 0.002431 0.000000
29.995355 -4.950179 0.001481 0.000000
-35.738713 -1.725171 0.001388 0.000000
-11.299374 -2.807036 0.003610 0.000000
-15.471697 -1.686505 0.002320 0.000000
-29.984368 -2.152954 0.001607 0.000000
-24.104862 -3.382946 0.002289 0.000000
16.191729 -5.585127 0.003060 0.000000
22.335722 -5.789011 0.002406 0.000000
11.291194 -4.180905 0.003699 0.000000
36.924057 -5.895728 0.001373 0.000000
-29.195207 1.260607 0.000270 0.000000
-19.297771 -0.759800 0.001544 0.000000
-12.159996 -2.488375 0.003258 0.000000
25.547396 -5.302018 0.001921 0.000000
38.891540 -4.898010 0.000971 0.000000
-15.583161 -2.163714 0.002495 0.000000
-24.534478 -2.749030 0.002040 0.000000
-9.806689 -3.044401 0.004198 0.000000
-17.065785 -3.574976 0.002875 0.000000
-30.948922 -5.884099 0.003131 0.000000
18.823676 -0.225885 0.000572 0.000000
33.149488 2.296748 -0.001632 0.000000
13.793205 -0.427230 0.001491 0.000000
-21.878430 1.193496 0.000567 0.000000
-24.136203 3.433669 -0.000494 0.000000
-22.103376 2.010981 0.000199 0.000000
-12.214748 0.577609 0.001905 0.000000
-11.382582 -1.105473 0.002867 0.000000
-22.819937 0.214562 0.000909 0.000000
34.854096 -4.255301 0.000879 0.000000
25.470147 -1.884638 0.000546 0.000000
-8.313940 -0.401566 0.003605 0.000000
16.155784 -1.720731 0.001572 0.000000
-25.603973 -2.133206 0.001717 0.000000
-14.038181 -0.333415 0.001967 0.000000
-34.833847 3.222167 -0.000615 0.000000
-11.156158 -1.185588 0.002963 0.000000
-21.114361 0.055380 0.001056 0.000000
-12.770072 -1.916051 0.002883 0.000000
-28.364982 -1.151881 0.001254 0.000000
16.591745 -1.287593 0.001337 0.000000
19.487557 0.519646 0.000164 0.000000
11.383179 -0.993555 0.002369 0.000000
26.122354 2.851240 -0.001388 0.000000
23.592350 3.219932 -0.001350 0.000000
-16.439067 1.026529 0.001051 0.000000
-12.300174 0.613835 0.001876 0.000000
-26.984797 4.445064 -0.000998 0.000000
14.936479 -5.653302 0.003340 0.000000
20.591938 -5.784328 0.002572 0.000000
33.496187 -6.149043 0.001715 0.000000
-38.310842 -4.831392 0.002599 0.000000
19.224748 -3.632728 0.001907 0.000000
-31.476951 -0.040403 0.000736 0.000000
-13.839947 -1.460184 0.002483 0.000000
-17.064204 -2.809707 0.002586 0.000000
-14.396480 -3.410685 0.003176 0.000000
39.165820 -1.208763 -0.000608 0.000000
31.225242 -5.377396 0.001529 0.000000
23.058229 -2.680992 0.001105 0.000000
-9.616589 -2.006858 0.003834 0.000000
-16.241614 -1.719847 0.002275 0.000000
-26.827104 -2.331488 0.001752 0.000000
-18.434819 -3.290148 0.002627 0.000000
-14.340456 -3.866326 0.003364 0.000000
-37.729792 -5.779124 0.003023 0.000000
23.157029 -3.330793 0.001355 0.000000
32.991769 -2.218635 0.000122 0.000000
14.427430 -2.449299 0.002212 0.000000
19.379805 -3.943158 0.002004 0.000000
-15.428294 -4.644745 0.003516 0.000000
-36.850077 -3.695762 0.002156 0.000000
-21.866275 -4.341369 0.002780 0.000000
38.261506 -11.072701 0.003333 0.000000
14.346594 -5.716890 0.003476 0.000000
19.906136 -5.941807 0.002723 0.000000
32.390707 -6.464353 0.001839 0.000000
-1.562980 6.992787 -0.000076 0.000000
1.094512 16.008424 0.963557 0.000000
1.096166 23.743545 1.226421 0.000000
-1.096688 33.350958 1.801524 0.000000
1.095753 21.249503 1.434607 0.000000
1.097346 34.098132 1.899410 0.000000
-9.741571 3.401248 4.782537 0.000000
1.096046 22.869479 1.796655 0.000000
-1.095529 23.000719 1.889406 0.000000
-1.096402 30.075025 1.981455 0.000000
0.740182 34.670321 2.359754 0.000000
0.809383 34.300611 2.359850 0.000000
1.097115 31.465608 2.134615 0.000000
-0.795956 31.519327 2.360565 0.000000
0.038409 34.458659 2.359825 0.000000
-1.092229 11.507939 1.232708 0.000000
1.094432 15.762722 0.941741 0.000000
1.095934 22.296923 1.057959 0.000000
1.096527 26.314240 1.185826 0.000000
-1.095283 21.468301 0.586554 0.000000
1.097280 33.589977 0.973428 0.000000
1.094778 17.021885 0.405251 0.000000
-1.096641 32.697808 1.601003 0.000000
1.096509 26.304369 0.487362 0.000000
-1.096438 30.259114 0.971272 0.000000
-0.910558 14.166429 -0.004524 0.000000
-0.501190 12.805351 -0.003793 0.000000
-0.761469 13.084057 -0.003942 0.000000
-1.092242 11.497995 0.026856 0.000000
-0.857405 10.935960 -0.002716 0.000000
0.543748 11.112706 -0.002845 0.000000
0.243238 11.108261 -0.002835 0.000000
-0.210092 10.171233 -0.002255 0.000000
0.439789 13.433579 -0.004156 0.000000
-0.543873 11.102050 -0.002817 0.000000
0.041124 12.998104 -0.003906 0.000000
-0.130403 12.961866 -0.003886 0.000000
0.685495 7.790415 -0.000685 0.000000
0.865613 10.866752 -0.002710 0.000000
22.312815 3.509134 -0.001349 0.000000
-15.449299 -0.555685 0.001847 0.000000
26.262319 -0.441598 -0.000086 0.000000
16.663511 -0.760121 0.001112 0.000000
26.567346 1.112554 -0.000708 0.000000
18.295223 0.419847 0.000375 0.000000
-14.507147 1.209296 0.001258 0.000000
9.784504 -0.020725 7.807156 0.000000
-15.381488 -1.344296 0.002187 0.000000
-15.090363 1.370910 0.001063 0.000000
-16.068647 0.844816 0.001184 0.000000
35.847517 -1.238408 -0.000358 0.000000
19.057885 -1.309564 0.000999 0.000000
31.147456 0.594978 -0.000894 0.000000
19.418446 -0.054207 0.000438 0.000000
10.763803 -1.150573 0.002632 0.000000
-12.319559 -1.996046 0.003021 0.000000
20.185992 -4.143973 0.001983 0.000000
14.779555 -5.910816 0.003457 0.000000
-17.473423 -2.410595 0.002374 0.000000
-33.281743 -3.874752 0.002305 0.000000
-23.139980 -4.431580 0.002744 0.000000
20.734710 -6.008281 0.002628 0.000000
10.827153 -4.512476 0.003972 0.000000
34.947719 -6.615978 0.001781 0.000000
-33.976359 1.857552 0.000006 0.000000
-16.055337 0.328962 0.001393 0.000000
-29.765863 0.027934 0.000733 0.000000
-28.128547 -1.179028 0.001269 0.000000
20.295045 -3.360115 0.001662 0.000000
32.110535 -2.570652 0.000341 0.000000
15.984293 1.036004 0.000427 0.000000
32.408639 5.902280 -0.003118 0.000000
13.787175 1.019696 0.000822 0.000000
20.157928 1.442039 -0.000291 0.000000
8.729937 -0.335173 0.003056 0.000000
-27.059878 4.771035 -0.001098 0.000000
27.143624 4.242665 -0.002104 0.000000
-17.848431 -1.316378 0.001885 0.000000
-32.074256 -1.515602 0.001352 0.000000
-21.100004 -2.989775 0.002322 0.000000
39.836491 -5.986536 0.001317 0.000000
16.575151 -3.272305 0.002145 0.000000
19.473914 -2.518527 0.001434 0.000000
9.929025 -3.171905 0.003817 0.000000
25.345253 -5.294207 0.001931 0.000000
30.919771 -8.960107 0.002906 0.000000
17.205876 -5.309600 0.002836 0.000000
16.557889 -3.568593 0.002260 0.000000
13.165370 -1.046715 0.001902 0.000000
29.770107 2.116336 -0.001418 0.000000
33.705346 4.086169 -0.002454 0.000000
-14.977588 0.261121 0.001565 0.000000
-27.963989 0.093353 0.000789 0.000000
30.950375 -0.107923 -0.000521 0.000000
13.073134 -1.414497 0.002090 0.000000
28.994271 0.867199 -0.000861 0.000000
-14.842526 -0.000121 0.001705 0.000000
23.883514 0.268649 -0.000171 0.000000
22.533399 1.042758 -0.000403 0.000000
22.580746 1.908859 -0.000727 0.000000
24.520890 3.333849 -0.001471 0.000000
12.775731 0.547208 0.001284 0.000000
-21.511319 1.941579 0.000263 0.000000
-1.095471 22.478242 0.068515 0.000000
0.468631 16.071936 -0.005535 0.000000
-1.096564 31.472298 0.583678 0.000000
-1.095077 20.337137 0.526028 0.000000
-0.092045 14.121038 -0.004513 0.000000
-0.649032 13.393568 -0.004112 0.000000
-0.945677 13.289376 -0.004053 0.000000
1.097210 32.847965 0.309789 0.000000
-1.095989 26.169298 0.886708 0.000000
0.725881 25.211515 -0.009841 0.000000
0.238864 31.060953 -0.012397 0.000000
1.095746 21.385438 0.383020 0.000000
1.097387 35.066902 0.363001 0.000000
1.094738 16.868082 0.404134 0.000000
-1.095882 25.248991 0.345894 0.000000
1.096357 25.123786 0.547796 0.000000
-1.096871 35.264448 0.285268 0.000000
-1.092901 12.916213 0.428363 0.000000
-1.095366 21.914607 0.588037 0.000000
-1.095927 25.640936 0.457603 0.000000
0.211921 32.941575 2.360203 0.000000
-0.914893 27.237020 2.361468 0.000000
1.097298 33.384321 2.196559 0.000000
-1.046718 28.440552 2.361238 0.000000
-0.334616 32.685412 2.360275 0.000000
-1.095871 25.401296 1.982724 0.000000
1.033402 32.534647 2.360287 0.000000
1.096246 24.155736 1.932357 0.000000
-1.096651 32.975556 2.138113 0.000000
1.096990 30.240138 1.899160 0.000000
1.096363 24.982101 1.658787 0.000000
-0.791296 28.321640 2.361258 0.000000
-0.125561 32.117977 2.360407 0.000000
-1.094545 18.018665 1.832154 0.000000
0.682711 32.059971 2.360407 0.000000
0.000681 30.942725 2.360679 0.000000
1.094827 17.078936 1.531937 0.000000
1.001758 8.433291 -0.001154 0.000000
0.476051 16.343962 -0.005673 0.000000
0.466788 10.982819 -0.002766 0.000000
-0.182979 19.771908 -0.007323 0.000000
-0.762713 7.475391 -0.000426 0.000000
-1.056606 14.578707 -0.004737 0.000000
-0.536425 22.222278 -0.008460 0.000000
-1.096030 26.364598 -0.002403 0.000000
-1.094721 18.681421 0.126033 0.000000
23.494659 -4.477610 0.001753 0.000000
-20.435104 -4.663573 0.002992 0.000000
-24.452571 -1.682689 0.001650 0.000000
23.933593 -6.817700 0.002640 0.000000
21.674737 -5.850717 0.002473 0.000000
-33.358085 0.440108 0.000538 0.000000
-27.233278 -1.127124 0.001258 0.000000
-11.627030 -2.513701 0.003403 0.000000
-24.126287 -2.399634 0.001883 0.000000
33.166810 -6.131916 0.001721 0.000000
26.779482 -3.098202 0.000961 0.000000
-16.474012 -0.352507 0.001642 0.000000
17.493272 -2.609492 0.001739 0.000000
-25.166122 -2.168487 0.001741 0.000000
-18.446827 -3.150441 0.002567 0.000000
16.138168 -3.297569 0.002216 0.000000
19.919151 -1.811772 0.001092 0.000000
24.443308 -0.642299 0.000159 0.000000
14.157435 -5.018211 0.003245 0.000000
18.397393 -5.087891 0.002543 0.000000
26.028605 -4.968615 0.001745 0.000000
37.113825 -9.417056 0.002741 0.000000
-35.136477 -1.778790 0.001347 0.000000
-21.171158 -3.197295 0.002370 0.000000
-15.121963 -3.780567 0.003207 0.000000
-11.603660 -4.199160 0.004073 0.000000
-24.313480 -5.597104 0.003206 0.000000
23.936731 2.062576 -0.000955 0.000000
38.910346 3.674010 -0.002475 0.000000
18.139285 1.481856 -0.000050 0.000000
10.240194 -0.393743 0.002468 0.000000
15.372813 1.137450 0.000501 0.000000
33.004946 -0.419100 -0.000599 0.000000
13.976487 -1.751846 0.002014 0.000000
-18.045310 2.030477 0.000462 0.000000
-19.453425 0.925746 0.000822 0.000000
15.215723 -2.747800 0.002175 0.000000
20.726223 -1.931409 0.001036 0.000000
-37.589302 7.751775 -0.002394 0.000000
-10.495520 -0.189531 0.002691 0.000000
-19.405966 2.183089 0.000296 0.000000
-13.415301 0.350650 0.001773 0.000000
-32.461635 4.286541 -0.000959 0.000000
21.193257 0.980121 -0.000187 0.000000
19.949761 1.560559 -0.000324 0.000000
-30.115797 -1.154158 0.001201 0.000000
-21.307584 -2.394395 0.002037 0.000000
22.113334 -1.964269 0.000881 0.000000
29.592333 0.617967 -0.000739 0.000000
19.924737 2.358855 -0.000661 0.000000
-19.629631 -0.515311 0.001395 0.000000
-15.917764 -1.521512 0.002187 0.000000
11.858144 -3.196157 0.003149 0.000000
-13.611742 -2.397363 0.002910 0.000000
-32.503331 -1.997670 0.001509 0.000000
-26.371526 -3.197690 0.002141 0.000000
27.290949 -6.234792 0.002089 0.000000
23.682305 -3.606668 0.001357 0.000000
-11.834593 -3.895537 0.003925 0.000000
-33.277352 -1.384891 0.001313 0.000000
-20.677934 -2.879383 0.002317 0.000000
-24.621516 -5.290706 0.003070 0.000000
18.729411 -5.583309 0.002726 0.000000
24.786620 -5.274393 0.001957 0.000000
37.725678 -5.170044 0.001076 0.000000
14.901579 -3.597346 0.002574 0.000000
36.158701 -9.008969 0.002628 0.000000
20.208887 -5.198958 0.002401 0.000000
34.263677 -5.375607 0.001361 0.000000
14.312506 -3.797768 0.002769 0.000000
-38.941528 -5.355047 0.002840 0.000000
1.097419 35.351362 1.013043 0.000000
1.096412 25.525349 1.021310 0.000000
-1.096392 29.902069 1.315087 0.000000
-1.095951 25.916628 1.057516 0.000000
-1.095512 22.843989 0.916115 0.000000
1.096987 30.260262 1.563404 0.000000
1.094499 15.970776 1.058226 0.000000
1.096029 22.846974 1.311851 0.000000
1.096583 26.691789 1.515932 0.000000
-1.095440 22.441475 1.316937 0.000000
1.097091 31.244421 1.676234 0.000000
-1.096375 29.673747 1.963605 0.000000
1.096949 30.004397 1.216376 0.000000
-1.096139 27.456127 1.443528 0.000000
1.096631 27.038998 1.726348 0.000000
1.097169 32.066205 1.879275 0.000000
18.535004 -1.245553 0.001034 0.000000
-13.413042 0.813321 0.001564 0.000000
-28.482056 4.691193 -0.001064 0.000000
-12.638855 0.119564 0.002028 0.000000
-26.182937 3.024681 -0.000324 0.000000
-26.032307 1.953202 0.000119 0.000000
-12.445739 -0.908342 0.002521 0.000000
-27.918679 1.218519 0.000338 0.000000
15.518291 -3.261896 0.002320 0.000000
20.563971 -2.698932 0.001347 0.000000
31.807409 -1.614492 -0.000047 0.000000
10.355128 -0.410536 0.002436 0.000000
20.999421 -0.020082 0.000238 0.000000
24.087251 1.941735 -0.000850 0.000000
18.131277 1.256038 0.000014 0.000000
-1.664341 6.973973 -0.000067 0.000000
-0.724587 6.986567 -0.000052 0.000000
-20.114463 1.691861 0.000454 0.000000
-10.303005 -0.653306 0.002972 0.000000
-18.052384 0.449316 0.001129 0.000000
-17.026722 -0.997274 0.001872 0.000000
28.287938 -2.747252 0.000718 0.000000
16.988799 -2.137360 0.001626 0.000000
20.768800 1.055871 -0.000174 0.000000
-17.162251 1.931527 0.000584 0.000000
18.284725 -0.417742 0.000736 0.000000
31.650404 2.004995 -0.001493 0.000000
13.750833 -0.735331 0.001640 0.000000
24.253809 -6.240695 0.002408 0.000000
11.828288 -4.512172 0.003655 0.000000
16.998246 -6.167423 0.003189 0.000000
22.242107 -3.985413 0.001711 0.000000
-14.625933 -3.404492 0.003159 0.000000
31.171326 5.232676 -0.002716 0.000000
13.545631 0.975599 0.000930 0.000000
24.250827 4.252375 -0.001841 0.000000
19.008591 2.178240 -0.000450 0.000000
-7.638932 -0.663468 0.004093 0.000000
-11.450895 0.309058 0.002197 0.000000
-23.434611 3.338834 -0.000409 0.000000
-15.217107 0.628324 0.001380 0.000000
-14.461808 -1.857764 0.002545 0.000000
-36.282117 -0.635379 0.000910 0.000000
-22.081448 -2.492073 0.002039 0.000000
-28.478689 -5.024643 0.002792 0.000000
21.837882 -3.276831 0.001469 0.000000
31.171109 -2.253285 0.000289 0.000000
14.979403 -5.931470 0.003435 0.000000
21.399363 -6.259964 0.002663 0.000000
36.205231 -6.923570 0.001850 0.000000
15.675535 -0.817094 0.001286 0.000000
17.461550 0.176886 0.000595 0.000000
-27.264706 1.856873 0.000049 0.000000
-18.108784 -0.393478 0.001480 0.000000
-13.915519 -1.327133 0.002413 0.000000
-34.750642 0.432466 0.000511 0.000000
38.824776 -1.276699 -0.000464 0.000000
37.941009 0.195695 -0.001026 0.000000
0.021842 7.487352 -0.000440 0.000000
-0.716667 11.063911 -0.002793 0.000000
0.290133 9.217996 -0.001658 0.000000
-0.251329 8.779940 -0.001355 0.000000
0.192109 9.679794 -0.001956 0.000000
-0.835469 9.594194 -0.001885 0.000000
-0.377544 10.492073 -0.002453 0.000000
21.052694 2.737530 -0.000912 0.000000
-30.523613 3.380764 -0.000566 0.000000
-18.875964 0.580325 0.001029 0.000000
-14.035382 -0.849980 0.002226 0.000000
-36.257362 1.962244 -0.000055 0.000000
-11.549681 -1.534374 0.003010 0.000000
-23.116463 -0.579367 0.001218 0.000000
24.381098 -0.700282 0.000202 0.000000
11.925123 -1.774344 0.002548 0.000000
23.356658 0.166816 -0.000093 0.000000
24.341957 1.125569 -0.000607 0.000000
12.347024 -0.725437 0.001973 0.000000
26.803124 2.769836 -0.001477 0.000000
13.341974 0.158437 0.001338 0.000000
-1.096539 31.629343 2.352292 0.000000
-1.095253 21.386801 1.898182 0.000000
-0.403569 33.625078 2.360045 0.000000
0.401610 34.678842 2.359762 0.000000
1.093672 13.550198 0.910866 0.000000
1.095179 18.525392 1.184851 0.000000
1.097306 33.832197 1.202964 0.000000
-1.094594 18.155385 0.455460 0.000000
-1.095718 24.214380 0.927733 0.000000
1.096401 25.400303 0.884143 0.000000
1.097321 34.167232 0.648308 0.000000
-1.094543 18.018812 1.342274 0.000000
-1.096652 32.727672 1.451229 0.000000
-1.095217 21.115987 1.029382 0.000000
1.097237 33.171021 0.624057 0.000000
1.094720 16.784006 0.488458 0.000000
1.096299 24.774315 0.405678 0.000000
1.095656 20.873268 0.466640 0.000000
1.097124 32.034452 0.079932 0.000000
1.094677 16.655926 0.092965 0.000000
-1.096777 34.237140 1.190185 0.000000
-1.091767 10.638021 0.073582 0.000000
-0.906271 16.370246 -0.005658 0.000000
-1.095943 25.763393 0.757593 0.000000
0.019266 18.388151 -0.006668 0.000000
-1.096392 29.609664 0.231601 0.000000
-0.233373 17.383066 -0.006173 0.000000
-1.094822 19.115375 0.283991 0.000000
23.132351 -4.269154 0.001718 0.000000
-33.012132 -3.761343 0.002168 0.000000
16.511855 -6.261040 0.003296 0.000000
24.300173 -6.744600 0.002589 0.000000
-36.645454 -4.814186 0.002583 0.000000
33.635084 -5.444224 0.001401 0.000000
13.758394 -3.806993 0.002890 0.000000
18.322575 -2.628403 0.001616 0.000000
23.238316 -1.666530 0.000667 0.000000
-15.609072 -1.420937 0.002190 0.000000
-25.350327 -1.848052 0.001643 0.000000
-17.818330 -2.881009 0.002564 0.000000
-36.466425 -1.834084 0.001385 0.000000
-21.479314 -3.396664 0.002422 0.000000
-15.342756 -3.963711 0.003244 0.000000
-7.798203 -3.689096 0.005398 0.000000
-24.365437 -5.690878 0.003215 0.000000
32.451780 -9.356828 0.002971 0.000000
13.394933 -5.292857 0.003513 0.000000
26.751493 -5.411946 0.001878 0.000000
12.630900 -3.911186 0.003210 0.000000
17.061549 -3.664393 0.002221 0.000000
17.183254 1.436983 0.000104 0.000000
37.810851 7.529140 -0.004056 0.000000
21.630352 1.960764 -0.000650 0.000000
-35.467517 0.686025 0.000361 0.000000
-13.591409 -1.880401 0.002702 0.000000
-33.995445 -0.731589 0.000961 0.000000
33.681677 -6.406529 0.001754 0.000000
24.321080 -3.269125 0.001228 0.000000
-18.823833 1.732841 0.000533 0.000000
21.973883 -0.870194 0.000483 0.000000
11.355393 -1.693353 0.002683 0.000000
39.283722 1.657354 -0.001736 0.000000
9.009727 -1.601548 0.003559 0.000000
22.338419 0.430806 -0.000077 0.000000
-17.435399 2.033135 0.000521 0.000000
19.489965 -0.240575 0.000487 0.000000
18.795322 0.378398 0.000335 0.000000
19.143480 1.140767 -0.000073 0.000000
10.802829 -0.511954 0.002333 0.000000
20.454948 2.344208 -0.000691 0.000000
-31.666901 4.634499 -0.001143 0.000000
-18.663098 1.115524 0.000806 0.000000
-33.003108 2.962377 -0.000522 0.000000
-23.284772 -1.619476 0.001618 0.000000
-16.491596 -2.674440 0.002583 0.000000
-28.626419 -4.191576 0.002514 0.000000
-19.809062 -4.782374 0.003125 0.000000
17.945850 -6.612537 0.003208 0.000000
33.964571 -3.219359 0.000462 0.000000
-14.877167 -1.198454 0.002203 0.000000
-10.201750 -1.171800 0.003246 0.000000
-17.433498 -0.114977 0.001426 0.000000
-38.002936 1.215478 0.000237 0.000000
-27.398853 -2.072000 0.001624 0.000000
26.862880 -6.649024 0.002330 0.000000
-17.455583 -0.954816 0.001773 0.000000
-30.601670 -0.936035 0.001087 0.000000
14.633449 -3.242873 0.002489 0.000000
16.025238 -2.689926 0.002008 0.000000
22.301204 -0.970923 0.000498 0.000000
-33.166007 -5.190482 0.002791 0.000000
-20.708819 -5.196733 0.003211 0.000000
37.364520 -9.442960 0.002745 0.000000
18.554223 -5.089494 0.002528 0.000000
26.711773 -5.110565 0.001771 0.000000
-28.517101 -1.836079 0.001494 0.000000
-1.094655 18.397463 0.217683 0.000000
-1.093073 13.343645 0.532157 0.000000
-1.094144 16.450253 0.409079 0.000000
-1.095261 21.306785 0.381263 0.000000
1.097410 35.442632 0.197612 0.000000
-0.598379 30.820994 -0.012277 0.000000
-1.096754 33.748957 0.061861 0.000000
-1.095204 20.996957 0.208013 0.000000
1.097051 31.203901 0.276343 0.000000
1.022252 15.955743 -0.005489 0.000000
1.093154 12.367391 0.114398 0.000000
0.630142 17.786518 -0.006389 0.000000
0.424549 20.589327 -0.007724 0.000000
1.095728 21.348191 0.069657 0.000000
1.096040 22.851369 1.854434 0.000000
-0.668074 28.048825 2.361309 0.000000
-1.094683 18.610982 1.896217 0.000000
-1.095097 20.535231 1.749439 0.000000
1.096704 27.575129 2.042779 0.000000
1.094931 17.562599 0.703002 0.000000
1.096538 26.449090 0.941440 0.000000
1.095780 21.532039 0.587445 0.000000
1.095604 20.558058 0.884322 0.000000
1.097183 32.416517 1.075797 0.000000
-1.096160 27.612465 0.925569 0.000000
-1.096678 33.074348 1.119205 0.000000
-1.095228 21.182983 0.890424 0.000000
1.079465 18.336924 -0.006668 0.000000
1.092544 11.120130 0.144073 0.000000
0.700542 13.353480 -0.004119 0.000000
0.726520 8.949979 -0.001494 0.000000
-0.335009 28.154022 -0.011117 0.000000
0.219779 13.794303 -0.004344 0.000000
-0.963276 33.772484 -0.013529 0.000000
-0.086929 14.376795 -0.004648 0.000000
-0.201616 15.139518 -0.005044 0.000000
-0.030566 8.525667 -0.001186 0.000000
-1.058855 17.593388 -0.006261 0.000000
-0.395774 8.555553 -0.001201 0.000000
-1.096763 34.442307 2.305765 0.000000
-0.170335 29.718745 2.360953 0.000000
0.377282 31.841043 2.360463 0.000000
-0.473687 35.428485 2.359583 0.000000
22.743485 -0.395681 0.000166 0.000000
15.576650 -1.477443 0.001557 0.000000
-21.485050 2.196917 0.000156 0.000000
-11.495341 -0.466690 0.002547 0.000000
-23.449289 1.748958 0.000260 0.000000
24.093425 -1.613005 0.000577 0.000000
16.557731 1.468670 0.000154 0.000000
15.727312 0.133379 0.000881 0.000000
24.480331 -2.635567 0.000938 0.000000
15.145209 -2.089626 0.001901 0.000000
17.477534 -3.229209 0.001990 0.000000
21.490051 -1.088427 0.000614 0.000000
-14.845269 1.216570 0.001197 0.000000
-34.986843 6.538528 -0.001893 0.000000
-32.085851 4.482672 -0.001108 0.000000
-13.634409 -0.068678 0.001918 0.000000
-32.397904 3.242488 -0.000535 0.000000
-36.059877 2.495853 -0.000301 0.000000
-28.890412 -1.827671 0.001503 0.000000
-34.698704 -5.033397 0.002748 0.000000
-21.812100 -5.395016 0.003211 0.000000
23.710024 -8.019121 0.003081 0.000000
22.279760 -5.465564 0.002252 0.000000
35.118272 -7.092070 0.001990 0.000000
18.764397 -4.020159 0.002106 0.000000
22.361170 -6.580445 0.002652 0.000000
28.874501 -3.622126 0.000963 0.000000
-20.636797 -0.323429 0.001243 0.000000
-16.630703 -1.480289 0.002087 0.000000
-36.056960 -1.784770 0.001370 0.000000
-28.973188 -3.191555 0.002046 0.000000
23.173011 0.423402 -0.000150 0.000000
16.143222 -0.020095 0.000883 0.000000
27.897896 2.729886 -0.001512 0.000000
12.868741 -0.181411 0.001601 0.000000
20.338410 1.676383 -0.000406 0.000000
11.848221 -3.906600 0.003425 0.000000
36.618741 -5.163707 0.001137 0.000000
24.017984 -5.243163 0.002038 0.000000
-13.581604 -3.477963 0.003347 0.000000
-32.015948 -4.539175 0.002585 0.000000
-20.677556 -4.899433 0.003129 0.000000
18.094970 -5.580032 0.002809 0.000000
-29.968996 5.548930 -0.001501 0.000000
-12.437517 -0.105484 0.002166 0.000000
-27.015990 2.832346 -0.000334 0.000000
-17.606749 0.486238 0.001163 0.000000
16.736988 0.786667 0.000442 0.000000
16.950678 1.506505 0.000092 0.000000
25.653870 0.081883 -0.000238 0.000000
-24.178325 -1.518187 0.001528 0.000000
-38.641741 0.618839 0.000362 0.000000
19.380847 -2.178738 0.001309 0.000000
-20.715937 2.412476 0.000113 0.000000
-36.877934 5.212103 -0.001435 0.000000
16.937935 0.666024 0.000440 0.000000
29.904851 -1.726343 0.000197 0.000000
29.753575 -0.447589 -0.000356 0.000000
32.155283 0.956801 -0.001020 0.000000
38.708241 3.085405 -0.002311 0.000000
15.706955 -0.218681 0.001038 0.000000
1.097423 35.143062 1.810277 0.000000
-1.096044 26.752746 1.766354 0.000000
-1.095182 20.996950 1.338868 0.000000
1.096174 23.815431 1.089223 0.000000
1.095843 21.798167 1.320999 0.000000
1.095907 22.110082 1.535318 0.000000
-1.096838 35.331788 1.862629 0.000000
-1.095910 25.616026 1.197400 0.000000
1.095426 19.621129 1.276288 0.000000
-0.487036 33.370253 2.360112 0.000000
1.095930 22.247273 1.278932 0.000000
1.096516 26.196416 1.358928 0.000000
1.097205 32.765431 1.089723 0.000000
-1.096660 33.066019 1.983780 0.000000
-1.095421 22.235729 0.534347 0.000000
1.096421 25.591982 0.707696 0.000000
-1.095970 26.104330 1.395894 0.000000
-1.096544 31.426196 1.057400 0.000000
-27.494408 -3.201157 0.002116 0.000000
-18.281653 -4.154649 0.002982 0.000000
-33.480855 -6.939420 0.003513 0.000000
15.738843 -6.023904 0.003324 0.000000
26.615814 -4.174535 0.001395 0.000000
19.548344 -6.541351 0.002940 0.000000
-32.999238 0.190258 0.000597 0.000000
-22.929792 -1.659271 0.001645 0.000000
-18.099389 -2.688936 0.002427 0.000000
-15.070708 -3.367560 0.003055 0.000000
8.307743 -3.953914 0.004894 0.000000
17.572732 -4.541087 0.002488 0.000000
-22.438581 0.919129 0.000649 0.000000
-15.949149 -0.606435 0.001803 0.000000
-27.363700 -0.304578 0.000941 0.000000
-36.230443 -4.121748 0.002374 0.000000
-11.599217 -3.640604 0.003856 0.000000
-22.807175 -4.603320 0.002833 0.000000
35.896213 -7.206629 0.001952 0.000000
21.198443 -3.421095 0.001587 0.000000
-28.569597 -1.033075 0.001228 0.000000
-20.668948 3.094458 -0.000144 0.000000
14.261579 -1.227838 0.001743 0.000000
20.439825 -0.046964 0.000318 0.000000
39.357584 3.261698 -0.002329 0.000000
23.993123 1.613429 -0.000721 0.000000
12.174032 -0.456279 0.001899 0.000000
34.473528 6.263200 -0.003377 0.000000
14.000460 1.032549 0.000811 0.000000
-19.442853 0.017260 0.001230 0.000000
-19.609132 -0.698223 0.001503 0.000000
16.931885 -3.971384 0.002357 0.000000
22.739826 -3.424244 0.001376 0.000000
36.443305 -2.511543 0.000044 0.000000
-22.628022 2.419212 0.000061 0.000000
-20.240695 1.096855 0.000721 0.000000
-19.493218 -1.781533 0.001938 0.000000
-24.628473 2.145862 0.000042 0.000000
20.562614 0.448475 0.000046 0.000000
-28.462371 0.975213 0.000432 0.000000
-19.864261 -0.997488 0.001600 0.000000
20.071973 -1.133101 0.000797 0.000000
10.642587 -1.884792 0.003008 0.000000
19.611815 -0.412410 0.000542 0.000000
22.753052 1.600392 -0.000619 0.000000
12.381789 -0.370338 0.001803 0.000000
-21.651467 3.070811 -0.000224 0.000000
17.362849 1.569127 -0.000011 0.000000
-23.696810 -1.098816 0.001394 0.000000
12.911384 -4.705522 0.003435 0.000000
-23.323648 -4.433395 0.002737 0.000000
18.761619 -6.630726 0.003112 0.000000
29.220922 -7.520845 0.002533 0.000000
27.145693 -4.559194 0.001487 0.000000
30.266377 -3.574956 0.000880 0.000000
13.359405 -2.917230 0.002632 0.000000
17.558417 -2.450282 0.001657 0.000000
-27.881838 -4.533159 0.002592 0.000000
29.380145 -5.248927 0.001631 0.000000
37.072405 -4.422966 0.000852 0.000000
14.494343 -3.276476 0.002530 0.000000
17.278593 -2.707125 0.001812 0.000000
21.630999 -1.832369 0.000917 0.000000
-33.041233 -0.282125 0.000875 0.000000
17.731572 -3.727505 0.002116 0.000000
28.395074 -5.712293 0.001861 0.000000
-13.964849 -3.743647 0.003379 0.000000
-30.453144 -2.145336 0.001569 0.000000
-34.721978 -5.265454 0.002769 0.000000
-10.825677 -4.033356 0.004223 0.000000
-21.345486 -5.370973 0.003219 0.000000
34.669790 -9.855672 0.003075 0.000000
18.510737 -5.568176 0.002745 0.000000
1.063909 8.121524 -0.000940 0.000000
0.797233 9.858619 -0.002087 0.000000
0.545738 9.577470 -0.001900 0.000000
-0.902823 9.657214 -0.001928 0.000000
-0.994937 10.382868 -0.002379 0.000000
-1.094850 19.328489 1.380909 0.000000
-0.688715 33.610202 2.360056 0.000000
1.096201 23.894774 1.684280 0.000000
-1.095831 25.103426 1.967261 0.000000
1.096759 28.067806 1.962662 0.000000
0.525773 31.620474 2.360512 0.000000
-1.094302 17.068541 1.544051 0.000000
0.858366 31.732858 2.360480 0.000000
1.095359 19.275230 1.618219 0.000000
-0.700058 29.464631 2.361021 0.000000
-1.094824 19.239711 1.933500 0.000000
1.096365 25.179280 0.650646 0.000000
1.093865 14.108968 0.465037 0.000000
1.097035 30.998278 0.703126 0.000000
1.096205 24.106399 0.203000 0.000000
-0.026781 22.921809 -0.008791 0.000000
-1.096171 27.689723 1.061575 0.000000
0.926849 27.652277 -0.010927 0.000000
-1.096760 34.031594 0.742876 0.000000
0.366954 24.942613 -0.009712 0.000000
-1.095272 21.428103 0.742797 0.000000
-1.095738 24.233866 0.259063 0.000000
-0.465356 21.774416 -0.008255 0.000000
-0.865229 20.935074 -0.007857 0.000000
-1.094506 17.783730 0.365341 0.000000
1.096156 23.831234 0.203590 0.000000
-1.096054 26.600253 0.344768 0.000000
0.537269 14.971921 -0.004973 0.000000
1.094760 16.978386 0.068888 0.000000
1.066514 25.066050 -0.009782 0.000000
-0.193597 19.855341 -0.007362 0.000000
0.629623 27.765970 -0.010970 0.000000
-0.574808 24.580134 -0.009526 0.000000
0.198909 31.549851 -0.012606 0.000000
1.097169 32.509193 0.077457 0.000000
0.846160 12.254329 -0.003514 0.000000
15.730360 1.686242 0.000207 0.000000
18.534358 1.968295 -0.000307 0.000000
-18.993028 0.800561 0.000900 0.000000
16.565016 -0.780108 0.001132 0.000000
-11.445469 0.097246 0.002300 0.000000
-23.211435 2.652097 -0.000113 0.000000
17.192604 -1.695663 0.001402 0.000000
25.311126 -0.545887 -0.000010 0.000000
27.199876 0.208788 -0.000452 0.000000
-25.151873 4.037510 -0.000779 0.000000
-26.036591 3.319801 -0.000445 0.000000
-29.652664 3.129243 -0.000474 0.000000
28.833401 -1.249446 0.000070 0.000000
12.967557 -2.086461 0.002396 0.000000
17.290163 -1.233406 0.001211 0.000000
-16.056447 -2.621270 0.002617 0.000000
-12.605917 -3.349916 0.003521 0.000000
-27.477680 -4.158945 0.002485 0.000000
-19.272675 -4.569716 0.003100 0.000000
20.388167 -7.245253 0.003114 0.000000
33.912511 -8.547162 0.002570 0.000000
19.340858 -5.113156 0.002459 0.000000
31.920977 -5.033877 0.001304 0.000000
13.999177 -3.702778 0.002794 0.000000
34.887400 -7.720197 0.002267 0.000000
-35.637870 -0.335775 0.000870 0.000000
-31.518854 -1.887901 0.001538 0.000000
25.208177 -4.190774 0.001508 0.000000
-18.503732 0.034465 0.001262 0.000000
10.382492 0.017149 0.002217 0.000000
18.356473 2.126392 -0.000355 0.000000
16.727545 0.368587 0.000622 0.000000
30.571520 3.786238 -0.002074 0.000000
22.044808 2.480380 -0.000901 0.000000
-24.513669 -1.375337 0.001453 0.000000
-36.333965 -3.848204 0.002264 0.000000
32.930247 -4.447058 0.001012 0.000000
38.841725 -3.317053 0.000340 0.000000
20.477394 -1.369031 0.000835 0.000000
37.723706 -9.776940 0.002852 0.000000
-16.428788 -3.002608 0.002721 0.000000
-26.903683 -4.710149 0.002685 0.000000
-10.163150 -3.911695 0.004394 0.000000
-18.078859 -4.990952 0.003320 0.000000
18.704238 -5.332308 0.002635 0.000000
27.386565 -5.105251 0.001696 0.000000
12.936018 -3.669862 0.003038 0.000000
16.972334 -3.335843 0.002109 0.000000
-16.474102 0.693759 0.001196 0.000000
-27.001512 1.739141 0.000169 0.000000
-25.792961 3.236194 -0.000411 0.000000
17.705983 1.512564 -0.000002 0.000000
35.760738 4.227834 -0.002536 0.000000
34.910643 5.434047 -0.003064 0.000000
37.977636 7.684559 -0.004129 0.000000
-24.961267 3.973370 -0.000747 0.000000
-23.147119 2.172328 0.000087 0.000000
16.208634 -2.851738 0.002041 0.000000
17.347246 -2.341754 0.001653 0.000000
22.574828 -0.255493 0.000119 0.000000
12.179846 -1.261205 0.002254 0.000000
-0.747470 10.571338 -0.002493 0.000000
-1.020619 6.092897 0.000673 0.000000
0.147022 10.176550 -0.002266 0.000000
0.461518 16.977022 -0.005988 0.000000
0.784289 10.584612 -0.002535 0.000000
0.132205 17.540725 -0.006257 0.000000
-1.096531 31.069267 0.046443 0.000000
-0.222121 18.515302 -0.006723 0.000000
-1.095065 20.296875 0.378050 0.000000
-0.401286 19.760557 -0.007316 0.000000
-1.036635 21.587442 -0.008154 0.000000
0.745357 16.564170 -0.005788 0.000000
1.093255 12.592033 0.066265 0.000000
0.848204 27.987147 -0.011072 0.000000
1.048307 16.543485 -0.005786 0.000000
0.475260 31.615466 -0.012638 0.000000
1.097342 34.347638 0.987627 0.000000
1.096548 26.616386 0.405857 0.000000
1.096521 26.154274 1.900805 0.000000
-0.798664 27.467035 2.361421 0.000000
-0.597583 30.371630 2.360822 0.000000
0.350076 35.019897 2.359670 0.000000
-0.307108 28.815086 2.361148 0.000000
-0.830822 34.789918 2.359758 0.000000
1.095989 22.524743 1.828812 0.000000
0.101994 30.151911 2.360857 0.000000
-1.095256 21.384807 1.523574 0.000000
1.097254 33.016466 2.074956 0.000000
-1.096036 26.721800 2.050306 0.000000
-1.096686 33.307741 1.582026 0.000000
-1.096109 27.262320 1.625580 0.000000
-1.095183 20.979653 1.168637 0.000000
-1.376688 7.750757 -0.000355 0.000000
1.601330 5.983766 0.000678 0.000000
16.732493 -5.507159 0.002953 0.000000
25.064308 -5.777514 0.002161 0.000000
-26.474015 -1.962570 0.001678 0.000000
-31.442779 -4.794835 0.002612 0.000000
-20.440148 -5.185789 0.003218 0.000000
26.702104 -8.734373 0.003111 0.000000
-21.609386 -0.133862 0.001124 0.000000
-17.482572 -1.361704 0.001957 0.000000
-32.234734 -3.122240 0.001939 0.000000
27.349762 -7.322788 0.002550 0.000000
22.076349 -4.264315 0.001826 0.000000
37.104063 -3.964203 0.000589 0.000000
-29.215680 -0.109851 0.000790 0.000000
-20.010675 -1.772082 0.001905 0.000000
23.458588 -5.219144 0.002071 0.000000
17.759164 -5.572187 0.002855 0.000000
35.923462 -5.153072 0.001158 0.000000
25.837278 0.967654 -0.000605 0.000000
12.368528 -0.871874 0.002032 0.000000
17.684840 0.232175 0.000547 0.000000
33.123632 3.820868 -0.002225 0.000000
22.904368 2.583353 -0.001013 0.000000
-16.441605 1.820273 0.000756 0.000000
-15.519534 0.996248 0.001174 0.000000
-15.377542 0.231730 0.001521 0.000000
29.834368 -2.561493 0.000535 0.000000
17.157672 -1.878636 0.001483 0.000000
25.813775 -0.678515 0.000002 0.000000
26.660075 0.108989 -0.000385 0.000000
-22.566628 -0.833171 0.001335 0.000000
-16.802150 -1.986696 0.002284 0.000000
24.355088 -2.116007 0.000756 0.000000
12.166331 -1.922421 0.002531 0.000000
31.024738 1.860063 -0.001333 0.000000
37.989162 4.781383 -0.002918 0.000000
-34.047313 6.778307 -0.002074 0.000000
-30.837386 3.807503 -0.000784 0.000000
14.476865 0.367301 0.001012 0.000000
32.201785 4.932106 -0.002693 0.000000
13.899409 0.732115 0.000966 0.000000
31.653904 6.097974 -0.003114 0.000000
-23.638307 -1.578796 0.001593 0.000000
-18.703734 -2.625790 0.002341 0.000000
23.323292 -7.237494 0.002808 0.000000
14.742433 -4.614031 0.002994 0.000000
20.368334 -4.634545 0.002112 0.000000
33.079244 -4.410902 0.001046 0.000000
-34.050892 0.334446 0.000543 0.000000
27.722291 -3.403476 0.001015 0.000000
28.331404 -2.538492 0.000629 0.000000
13.582348 -2.539326 0.002432 0.000000
-28.195136 -3.869959 0.002312 0.000000
-23.261095 -1.482745 0.001590 0.000000
-10.418510 -3.493975 0.004164 0.000000
32.522043 -6.869473 0.002058 0.000000
15.951189 -4.005915 0.002535 0.000000
25.242918 -6.845175 0.002559 0.000000
-29.191685 -6.360425 0.003355 0.000000
-16.072377 -2.365409 0.002513 0.000000
-24.691723 -3.267226 0.002203 0.000000
-16.910954 -3.897871 0.003018 0.000000
1.097038 30.783941 1.265481 0.000000
-1.096824 35.041373 1.670649 0.000000
1.096069 23.108841 1.322445 0.000000
1.095081 18.131047 1.032573 0.000000
-1.096722 33.829417 1.736544 0.000000
1.097042 30.681023 1.940507 0.000000
-0.629669 34.443758 2.359847 0.000000
-1.032745 30.849811 2.360723 0.000000
1.096398 25.320397 1.054692 0.000000
1.095558 20.315679 0.745404 0.000000
1.097242 33.042849 0.872323 0.000000
-1.095844 25.073752 1.024368 0.000000
1.096718 27.757068 1.560965 0.000000
-0.991744 7.571918 -0.000500 0.000000
-9.639591 3.604251 4.941356 0.000000
-22.572291 0.605947 0.000802 0.000000
15.568692 -1.060998 0.001420 0.000000
23.354471 0.316329 -0.000153 0.000000
16.232647 -0.005965 0.000855 0.000000
28.009810 2.435639 -0.001369 0.000000
-22.861118 -0.044780 0.001036 0.000000
30.108661 0.008555 -0.000589 0.000000
19.151161 -1.520491 0.001049 0.000000
18.538617 -0.566346 0.000759 0.000000
32.223077 2.039740 -0.001519 0.000000
-33.232667 -3.419807 0.002093 0.000000
-23.732626 -4.364757 0.002682 0.000000
21.935234 -7.339522 0.002986 0.000000
37.291130 -8.735301 0.002464 0.000000
14.311208 -4.968340 0.003214 0.000000
33.284639 -4.850121 0.001150 0.000000
24.001111 -4.106246 0.001591 0.000000
11.960408 -3.342632 0.003177 0.000000
14.929150 -2.887752 0.002279 0.000000
25.717083 3.156703 -0.001502 0.000000
-19.741990 2.244934 0.000239 0.000000
38.440063 6.446591 -0.003593 0.000000
32.930344 6.437479 -0.003362 0.000000
-26.122884 -0.851842 0.001253 0.000000
-33.964722 -3.314708 0.001984 0.000000
26.019961 -5.087189 0.001803 0.000000
20.591099 -1.946903 0.001053 0.000000
-12.989355 -3.767154 0.003577 0.000000
-26.043163 -2.096780 0.001694 0.000000
-29.172489 -4.958770 0.002733 0.000000
-18.815742 -5.116569 0.003303 0.000000
37.517815 -10.587406 0.003181 0.000000
19.378411 -5.648390 0.002655 0.000000
30.459244 -6.021209 0.001786 0.000000
17.999308 -0.018249 0.000562 0.000000
19.640139 0.982571 -0.000026 0.000000
17.089138 -0.999818 0.001143 0.000000
37.879002 5.836001 -0.003374 0.000000
-21.782703 2.022886 0.000218 0.000000
37.782672 1.411322 -0.001589 0.000000
14.386205 -1.148692 0.001682 0.000000
33.814114 2.362556 -0.001710 0.000000
14.187499 -0.500810 0.001448 0.000000
33.741731 3.563595 -0.002241 0.000000
1.096931 30.022463 0.523512 0.000000
1.096216 24.218319 0.110454 0.000000
-1.096120 27.269064 0.920971 0.000000
0.252081 32.905793 -0.013185 0.000000
-0.283303 30.059595 -0.011953 0.000000
1.095511 20.110357 0.741162 0.000000
1.093060 12.144773 0.512624 0.000000
1.097082 31.458953 0.838218 0.000000
1.096142 23.707520 0.629694 0.000000
-1.095398 22.039604 0.126749 0.000000
-1.092003 11.073132 0.333637 0.000000
-1.095360 21.811867 0.130194 0.000000
-0.593638 27.948030 -0.011024 0.000000
0.357455 33.719852 -0.013537 0.000000
-0.384277 35.719859 -0.000376 0.000000
1.095228 18.819711 0.268626 0.000000
-1.095854 25.006639 0.105501 0.000000
0.779487 19.576826 -0.007255 0.000000
1.094633 16.510570 0.094198 0.000000
0.331443 21.278293 -0.008044 0.000000
-0.720881 20.050520 -0.007448 0.000000
-0.183617 23.982161 -0.009270 0.000000
0.840005 32.270443 -0.012930 0.000000
0.986063 9.920418 -0.002132 0.000000
-0.500968 30.159784 2.360864 0.000000
-1.096347 29.551210 2.264374 0.000000
-1.094947 19.796326 1.641185 0.000000
-1.095746 24.414024 1.695787 0.000000
1.096743 27.870186 2.041123 0.000000
1.007528 32.302995 2.360343 0.000000
1.096408 25.330992 1.703152 0.000000
-1.095852 25.246307 2.070988 0.000000
-0.561731 34.138171 2.359918 0.000000
0.595570 34.227537 2.359871 0.000000
-0.197426 29.353747 2.361032 0.000000
0.320262 30.522436 2.360768 0.000000
0.180518 31.088750 2.360643 0.000000
-0.994948 26.738920 2.361560 0.000000
-0.228947 30.249115 2.360840 0.000000
1.094797 17.107500 0.063760 0.000000
-0.992928 27.682332 -0.010896 0.000000
-1.094998 19.927020 0.003786 0.000000
-0.442446 12.198582 -0.003452 0.000000
-0.928873 12.998020 -0.003894 0.000000
1.095504 20.128840 0.086174 0.000000
0.700218 21.596417 -0.008198 0.000000
0.287436 22.313933 -0.008519 0.000000
-0.061603 23.352596 -0.008986 0.000000
-1.095962 25.845886 0.342347 0.000000
-0.456195 25.092782 -0.009759 0.000000
21.922442 -5.314706 0.002204 0.000000
39.659781 -5.678719 0.001219 0.000000
-26.484637 -3.907302 0.002424 0.000000
32.102519 -4.279806 0.001082 0.000000
-14.045233 -2.270288 0.002782 0.000000
-37.784136 -1.426561 0.001208 0.000000
-31.376966 0.271861 0.000632 0.000000
-20.307168 -1.667671 0.001814 0.000000
27.803669 -4.287623 0.001362 0.000000
32.390103 -3.264104 0.000577 0.000000
-11.243536 -2.354828 0.003442 0.000000
-22.815604 -4.244970 0.002681 0.000000
-16.069734 -4.741859 0.003451 0.000000
38.342702 -10.014451 0.002918 0.000000
17.949267 0.701866 0.000299 0.000000
35.215066 4.845588 -0.002839 0.000000
24.802369 3.398199 -0.001570 0.000000
20.082841 2.796909 -0.000833 0.000000
33.683275 1.021727 -0.001169 0.000000
-33.648169 5.252817 -0.001367 0.000000
36.362256 -0.857019 -0.000566 0.000000
19.681460 -1.193677 0.000859 0.000000
-35.442278 5.475802 -0.001468 0.000000
29.654668 1.679016 -0.001157 0.000000
26.991689 2.238674 -0.001259 0.000000
29.027497 5.105020 -0.002585 0.000000
-13.821054 -2.792022 0.003032 0.000000
-34.903729 -2.767471 0.001845 0.000000
-36.745635 -2.890892 0.001802 0.000000
35.988223 -8.606507 0.002570 0.000000
26.726258 -4.672722 0.001520 0.000000
16.596486 -3.189520 0.002104 0.000000
-35.117811 -3.139504 0.001902 0.000000
-15.663010 -4.412642 0.003383 0.000000
23.119034 -5.205801 0.002089 0.000000
-1.096714 33.452985 0.964649 0.000000
-1.094814 19.121439 0.713739 0.000000
1.097109 31.609332 0.848109 0.000000
-1.096215 28.058973 0.712510 0.000000
-1.800332 7.751612 0.740959 0.000000
1.095632 20.774925 0.320411 0.000000
1.096449 25.844685 0.728506 0.000000
-1.095518 22.916148 1.316909 0.000000
-1.096526 31.276219 1.683685 0.000000
-1.096086 27.044676 1.306786 0.000000
1.095866 21.910902 1.206038 0.000000
1.096385 25.272029 1.215941 0.000000
-1.096089 27.141024 2.024261 0.000000
-0.988978 29.802445 2.360954 0.000000
-0.902634 34.424150 2.359856 0.000000
1.094987 17.696077 1.378915 0.000000
-1.095915 25.645287 1.283677 0.000000
-18.017620 0.027528 0.001327 0.000000
23.938159 -3.284276 0.001260 0.000000
38.062794 -2.218932 -0.000154 0.000000
32.082340 -0.139537 -0.000583 0.000000
29.657138 1.500640 -0.001101 0.000000
19.298249 0.652465 0.000157 0.000000
15.074581 0.485355 0.000850 0.000000
26.448283 3.528338 -0.001686 0.000000
13.106382 -1.955965 0.002309 0.000000
35.678265 -3.485309 0.000567 0.000000
28.298802 -1.304994 0.000120 0.000000
-22.289123 -3.365603 0.002380 0.000000
-15.640680 -3.952622 0.003203 0.000000
-24.782541 -1.499915 0.001492 0.000000
34.336576 3.907952 -0.002416 0.000000
26.898879 0.828072 -0.000674 0.000000
-35.692650 7.568831 -0.002315 0.000000
-28.233855 4.869769 -0.001208 0.000000
-26.578919 2.715305 -0.000281 0.000000
27.341167 2.554344 -0.001354 0.000000
24.227060 3.866711 -0.001661 0.000000
13.145142 -2.755493 0.002624 0.000000
-22.950494 -3.723669 0.002484 0.000000
-16.434545 -4.218531 0.003241 0.000000
27.081584 -2.613934 0.000728 0.000000
-14.542205 -2.787000 0.002903 0.000000
-37.313611 -2.698930 0.001749 0.000000
26.241537 0.940644 -0.000620 0.000000
20.997692 -1.517583 0.000838 0.000000
-27.530414 0.467124 0.000672 0.000000
-18.895851 -1.304966 0.001803 0.000000
20.287106 -2.202411 0.001207 0.000000
27.318706 3.658334 -0.001859 0.000000
14.914160 -1.608687 0.001761 0.000000
39.538553 1.238385 -0.001607 0.000000
-19.888086 -0.466046 0.001362 0.000000
-1.096682 33.167433 2.083901 0.000000
1.097401 34.653325 2.158395 0.000000
-1.096132 27.483265 2.085042 0.000000
-1.095688 24.081973 1.934584 0.000000
1.097199 32.526984 1.311173 0.000000
1.094721 16.782965 0.691401 0.000000
-1.096678 33.316242 2.121459 0.000000
-1.095550 23.046451 0.777453 0.000000
1.096245 24.291193 0.815934 0.000000
-1.095500 22.727334 0.954959 0.000000
-1.095963 25.944911 0.457063 0.000000
-1.094683 18.509955 0.129008 0.000000
1.095307 19.192745 0.268777 0.000000
-25.134399 -4.610420 0.002744 0.000000
23.593592 -5.042906 0.001934 0.000000
29.396149 -4.314899 0.001247 0.000000
-21.601611 -1.266936 0.001573 0.000000
21.550452 2.901176 -0.001020 0.000000
16.934331 -2.841000 0.001908 0.000000
9.333900 -1.149942 0.003194 0.000000
37.160342 0.823795 -0.001322 0.000000
29.591237 3.901330 -0.002061 0.000000
28.037368 0.356634 -0.000555 0.000000
29.721794 5.443854 -0.002769 0.000000
21.295226 -2.788645 0.001323 0.000000
-24.959666 -0.457487 0.001072 0.000000
-18.481043 -2.289341 0.002258 0.000000
-0.151122 12.322290 -0.003530 0.000000
-0.234618 14.170460 -0.004537 0.000000
-1.053298 28.226343 -0.011133 0.000000
0.916551 30.481057 -0.012161 0.000000
0.953611 23.089186 -0.008888 0.000000
0.409150 23.573372 -0.009095 0.000000
1.095916 22.334131 0.161201 0.000000
-1.094646 18.341750 0.131884 0.000000
-0.734626 21.923523 -0.008315 0.000000
-0.587185 26.207405 -0.010257 0.000000
0.378552 28.944153 -0.011482 0.000000
-1.094107 16.290362 0.006294 0.000000
-0.116093 28.107372 -0.011104 0.000000
0.627564 32.209533 2.360373 0.000000
-1.095563 23.255371 1.902974 0.000000
-1.094133 16.466568 1.575259 0.000000
-0.330832 30.624979 2.360758 0.000000
-0.593760 32.988327 2.360206 0.000000
-0.832406 33.423966 2.360103 0.000000
-1.094203 16.718451 1.800137 0.000000
-1.107283 28.668695 2.361198 0.000000
-1.096613 32.500620 1.991528 0.000000
-1.094105 16.340832 0.725575 0.000000
1.095489 20.031936 0.298814 0.000000
-0.843787 15.564650 -0.005252 0.000000
-0.176039 14.768691 -0.004852 0.000000
-1.095933 25.578386 0.041588 0.000000
-0.380882 14.759144 -0.004844 0.000000
-0.758228 15.198334 -0.005061 0.000000
0.835013 29.855622 -0.011886 0.000000
0.962536 15.966673 -0.005493 0.000000
0.334216 31.553143 -0.012610 0.000000
0.493415 15.379986 -0.005182 0.000000
-1.096846 34.761089 0.453626 0.000000
-0.267218 33.996936 -0.013638 0.000000
1.094710 16.766019 0.263073 0.000000
-1.096490 30.681477 0.695063 0.000000
-1.094994 19.968439 0.792625 0.000000
1.096409 25.554985 0.319149 0.000000
1.095563 20.386902 0.592126 0.000000
1.097204 32.873046 0.461848 0.000000
1.096247 24.382323 0.688716 0.000000
-15.779374 1.108082 0.001092 0.000000
-16.726702 0.775398 0.001125 0.000000
38.231836 -11.434807 0.003479 0.000000
33.890884 -6.976626 0.002044 0.000000
34.288726 -5.050691 0.001218 0.000000
-19.412730 -1.075979 0.001658 0.000000
35.311660 -2.039832 -0.000035 0.000000
-30.130656 0.817613 0.000400 0.000000
-28.670873 3.616336 -0.000650 0.000000
-31.864549 2.309137 -0.000178 0.000000
19.745497 -0.613368 0.000613 0.000000
-0.871396 13.785196 -0.004321 0.000000
-1.023228 8.709120 -0.001304 0.000000
-0.062907 10.093168 -0.002211 0.000000
1.095624 20.611491 1.153524 0.000000
1.097186 32.291231 1.553462 0.000000
-1.095788 24.722560 1.279284 0.000000
-1.096784 34.530453 1.453249 0.000000
1.097006 30.437815 1.198004 0.000000
1.096667 27.455920 1.246226 0.000000
0.525782 35.402610 2.359567 0.000000
1.097083 31.181452 1.790818 0.000000
-1.096647 32.855616 1.583267 0.000000
1.095506 20.046019 0.810618 0.000000
-23.417102 -5.565140 0.003210 0.000000
-37.456802 2.793963 -0.000397 0.000000
-22.414713 -0.297671 0.001139 0.000000
26.208147 -2.686617 0.000844 0.000000
15.552153 0.572284 0.000727 0.000000
-14.013670 0.082807 0.001794 0.000000
-33.395824 3.948429 -0.000834 0.000000
37.420838 3.778586 -0.002524 0.000000
30.556126 0.081040 -0.000637 0.000000
-27.711268 4.944233 -0.001223 0.000000
-16.472410 1.393875 0.000900 0.000000
-11.985114 -3.580929 0.003735 0.000000
-24.728546 -4.298089 0.002613 0.000000
33.249021 -9.665109 0.003045 0.000000
-33.452609 -2.168540 0.001550 0.000000
18.561555 -2.188339 0.001416 0.000000
-22.027424 -4.296006 0.002744 0.000000
20.791615 -3.913248 0.001822 0.000000
1.097130 31.704613 1.695182 0.000000
-1.096342 29.430592 2.091492 0.000000
-1.095886 25.495581 1.673109 0.000000
-1.096826 35.162106 1.859375 0.000000
1.096125 23.411295 1.521371 0.000000
1.096381 25.082747 1.904745 0.000000
-0.158987 31.421735 2.360574 0.000000
-0.254556 33.222786 2.360146 0.000000
-1.095638 23.687320 1.340870 0.000000
-1.095639 23.565038 0.333047 0.000000
1.094493 15.976554 0.700104 0.000000
-1.093990 15.924191 0.365364 0.000000
1.095022 17.979924 0.011563 0.000000
0.657246 7.010266 -0.000095 0.000000
1.093366 12.850467 0.162046 0.000000
9.590694 -0.021009 7.803795 0.000000
-22.850335 0.994325 0.000570 0.000000
24.799079 -0.988903 0.000213 0.000000
31.881259 -1.830559 0.000034 0.000000
27.206331 -0.062826 -0.000299 0.000000
34.635131 -10.405687 0.003259 0.000000
30.490677 -6.336530 0.001950 0.000000
25.755813 -2.712852 0.000880 0.000000
-26.235966 4.842014 -0.001073 0.000000
-15.080849 -1.922054 0.002471 0.000000
13.822126 -2.509542 0.002368 0.000000
-13.039247 -4.254601 0.003755 0.000000
-31.206092 -6.783753 0.003439 0.000000
10.605813 -4.195795 0.003938 0.000000
30.289512 -5.612329 0.001717 0.000000
-25.277667 1.889335 0.000165 0.000000
19.731583 2.400514 -0.000639 0.000000
-26.640695 1.367085 0.000338 0.000000
26.900154 -3.485590 0.001113 0.000000
29.379023 -2.281973 0.000417 0.000000
35.174741 -0.934745 -0.000433 0.000000
-1.095302 21.526038 0.380147 0.000000
1.095233 18.866364 0.137743 0.000000
1.096863 29.473342 0.067805 0.000000
-1.096219 28.027063 0.471025 0.000000
0.082455 18.761344 -0.006850 0.000000
-1.096797 34.305650 0.188618 0.000000
-1.096784 34.297222 0.647063 0.000000
1.096990 30.555384 0.697193 0.000000
1.095950 22.462520 0.768488 0.000000
1.096529 26.151891 2.006707 0.000000
1.097043 30.592232 2.279996 0.000000
-1.095126 20.699377 1.751489 0.000000
-1.095685 24.054581 2.026434 0.000000
-0.664487 33.008501 2.360205 0.000000
-1.043650 31.423790 2.360595 0.000000
1.096332 24.774914 1.598409 0.000000
-1.095987 26.216556 2.179418 0.000000
-1.096724 33.838824 2.128221 0.000000
1.096675 27.353432 1.951027 0.000000
22.571401 -4.265566 0.001787 0.000000
-21.783412 -1.995238 0.001843 0.000000
-26.085455 0.682921 0.000567 0.000000
-24.059430 0.027188 0.000970 0.000000
-17.019647 -1.440806 0.002026 0.000000
-31.541198 -1.764477 0.001480 0.000000
-12.413415 -4.023097 0.003805 0.000000
-16.229549 -3.608425 0.003005 0.000000
37.825279 6.553318 -0.003557 0.000000
-11.954558 0.376258 0.002050 0.000000
-23.475419 3.098121 -0.000265 0.000000
-23.832198 2.231050 0.000079 0.000000
-26.113711 1.640403 0.000168 0.000000
36.762811 -3.093793 0.000314 0.000000
-28.701044 1.458345 0.000204 0.000000
-38.832668 -0.146241 0.000739 0.000000
20.292580 -0.076418 0.000345 0.000000
-20.929947 2.711787 -0.000006 0.000000
17.764177 0.428540 0.000452 0.000000
16.678751 1.199433 0.000281 0.000000
16.863740 1.798157 -0.000034 0.000000
-39.409334 1.267858 0.000116 0.000000
-17.611392 -3.191581 0.002669 0.000000
16.337290 -5.789917 0.003153 0.000000
38.045345 -6.120825 0.001397 0.000000
36.543653 -4.622371 0.000880 0.000000
26.300099 -2.057707 0.000517 0.000000
-12.812675 -3.951982 0.003714 0.000000
-30.105487 -5.704878 0.003075 0.000000
37.504439 -6.368257 0.001605 0.000000
-23.720499 -2.729571 0.002100 0.000000
-34.903342 -5.309120 0.002791 0.000000
-29.652099 -1.942401 0.001549 0.000000
21.309052 -7.469020 0.003105 0.000000
36.663052 -9.058663 0.002637 0.000000
34.611413 -5.385507 0.001350 0.000000
-1.095947 25.943239 1.273741 0.000000
-1.095483 22.681190 1.324560 0.000000
1.096155 23.714596 0.966554 0.000000
-1.096041 26.609766 1.348612 0.000000
1.096979 30.073539 1.811683 0.000000
-1.095583 23.322668 1.647477 0.000000
-1.095643 23.653142 0.893575 0.000000
1.096356 25.043154 1.064476 0.000000
-1.096004 26.427575 1.752604 0.000000
1.096542 26.347075 1.501270 0.000000
23.067304 1.363650 -0.000542 0.000000
20.726402 -0.236799 0.000343 0.000000
37.899133 2.981219 -0.002168 0.000000
-30.345289 3.579443 -0.000646 0.000000
-11.839163 -1.093857 0.002746 0.000000
-24.481261 0.291824 0.000786 0.000000
-24.295878 -0.553245 0.001180 0.000000
32.325750 -5.547776 0.001558 0.000000
16.839941 -3.558232 0.002217 0.000000
23.558428 -2.866441 0.001081 0.000000
28.606130 1.369677 -0.001019 0.000000
35.061905 -6.596541 0.001795 0.000000
19.977096 -3.966634 0.001947 0.000000
-35.680283 -3.256697 0.002032 0.000000
-25.507471 -4.227611 0.002561 0.000000
34.603229 5.633786 -0.003072 0.000000
17.274330 1.372606 0.000105 0.000000
-24.030251 3.915543 -0.000681 0.000000
-26.344591 -2.364902 0.001775 0.000000
-37.225211 -5.588028 0.002947 0.000000
33.570755 -3.462659 0.000679 0.000000
-31.654914 -3.405852 0.002067 0.000000
-39.382720 -7.784705 0.003807 0.000000
-33.893040 3.377483 -0.000612 0.000000
25.125873 -1.359293 0.000380 0.000000
-8.779901 -0.022052 7.803055 0.000000
-23.463741 3.922916 -0.000649 0.000000
-37.881633 5.396166 -0.001558 0.000000
-12.031547 -1.270869 0.002774 0.000000
18.200098 -0.381069 0.000732 0.000000
0.401065 33.977866 2.359939 0.000000
-1.094937 19.755478 1.936990 0.000000
-0.054206 32.227427 2.360381 0.000000
1.095681 20.833599 1.742254 0.000000
0.205430 17.189510 -0.006086 0.000000
0.965474 18.545051 -0.006765 0.000000
-0.250931 15.579274 -0.005268 0.000000
-1.096385 29.853126 1.433483 0.000000
-1.095028 20.189582 1.277990 0.000000
-1.095414 22.335783 2.096207 0.000000
1.095625 35.027895 2.359657 0.000000
-1.096530 31.366620 1.987637 0.000000
-0.864878 25.047757 -0.009730 0.000000
-1.095628 23.555812 0.782795 0.000000
-19.903388 -1.492246 0.001780 0.000000
-38.935084 -2.432041 0.001685 0.000000
37.871012 -7.171395 0.001823 0.000000
13.806123 -2.765314 0.002473 0.000000
-31.558986 -1.566830 0.001374 0.000000
19.595383 -4.150760 0.002039 0.000000
27.670794 -2.572139 0.000665 0.000000
38.731363 -0.718637 -0.000781 0.000000
31.934028 -5.900941 0.001649 0.000000
18.947681 -3.684220 0.001965 0.000000
-22.665712 -3.393484 0.002369 0.000000
29.239668 5.739451 -0.002783 0.000000
17.593166 1.476227 0.000024 0.000000
38.536869 7.386182 -0.003941 0.000000
-24.514905 2.490950 -0.000115 0.000000
20.162981 -1.376160 0.000891 0.000000
33.253084 0.611610 -0.001022 0.000000
-38.482027 6.768479 -0.002003 0.000000
-22.673192 0.632443 0.000788 0.000000
16.142077 -0.528790 0.001092 0.000000
9.502800 -0.925252 0.003014 0.000000
15.959138 0.738487 0.000585 0.000000
-14.505005 0.810063 0.001412 0.000000
29.682838 -1.275937 -0.000023 0.000000
25.565235 -4.566937 0.001578 0.000000
16.773732 -4.608326 0.002622 0.000000
-39.634917 -3.111922 0.001955 0.000000
26.073229 -7.213319 0.002568 0.000000
27.172726 -3.261752 0.000995 0.000000
-13.361782 -0.964396 0.002359 0.000000
-28.248020 1.074001 0.000351 0.000000
21.969809 -6.105766 0.002564 0.000000
33.539496 -6.298344 0.001734 0.000000
-20.013986 -0.441737 0.001344 0.000000
-32.572811 -1.735824 0.001459 0.000000
-39.306343 -5.359119 0.002848 0.000000
35.364891 -5.408223 0.001331 0.000000
19.518346 -3.393302 0.001774 0.000000
-1.096587 31.663726 0.463438 0.000000
-1.096115 27.139247 0.555338 0.000000
1.097032 31.191688 0.330213 0.000000
1.095081 18.139004 0.885210 0.000000
1.096667 27.546468 1.132368 0.000000
1.096956 30.130853 0.815759 0.000000
-1.095320 21.689898 1.154088 0.000000
-1.095765 24.574213 1.153211 0.000000
-1.096761 34.058471 1.324988 0.000000
1.095571 20.313643 1.344256 0.000000
-1.095956 26.085240 1.856943 0.000000
-1.096614 32.400443 1.767779 0.000000
-28.697745 4.535489 -0.001007 0.000000
-29.625521 3.474429 -0.000652 0.000000
-33.849531 3.160579 -0.000523 0.000000
21.536179 -2.092487 0.001003 0.000000
34.917042 -0.494817 -0.000673 0.000000
19.769338 1.762402 -0.000361 0.000000
26.996138 2.575237 -0.001341 0.000000
0.496629 12.094836 -0.003415 0.000000
-1.173836 7.355166 -0.000341 0.000000
-1.094273 16.879039 0.058345 0.000000
21.130418 -2.953461 0.001410 0.000000
32.960406 -1.711774 -0.000031 0.000000
13.947167 -2.380941 0.002284 0.000000
-31.118440 -4.987063 0.002711 0.000000
22.396962 -5.213876 0.002178 0.000000
-26.631580 -1.944524 0.001666 0.000000
-22.323740 -2.398990 0.001973 0.000000
26.584602 2.089711 -0.001153 0.000000
24.871703 -2.955144 0.000996 0.000000
-31.841467 -1.371078 0.001322 0.000000
-24.037648 -5.158776 0.003041 0.000000
35.406022 -6.391471 0.001700 0.000000
14.348979 -4.084756 0.002871 0.000000
-34.738698 7.007509 -0.002165 0.000000
-29.265531 3.940577 -0.000861 0.000000
35.410905 4.993821 -0.002828 0.000000
14.495985 0.539855 0.000934 0.000000
34.211410 5.930340 -0.003222 0.000000
-16.402777 -1.127409 0.001973 0.000000
-29.546387 -0.915884 0.001103 0.000000
36.341396 -2.542816 0.000068 0.000000
37.474553 -1.132795 -0.000527 0.000000
-21.234865 2.824473 -0.000059 0.000000
-37.682947 5.995904 -0.001689 0.000000
33.747630 5.888783 -0.003183 0.000000
14.334837 0.952616 0.000779 0.000000
20.873600 -1.673564 0.000910 0.000000
22.109572 0.020113 0.000116 0.000000
25.117256 1.404654 -0.000767 0.000000
1.097279 33.271874 1.832495 0.000000
-1.096735 33.961131 1.869007 0.000000
1.097349 34.267413 1.905329 0.000000
1.095810 21.560642 1.310853 0.000000
1.095262 18.893670 1.216964 0.000000
-1.096442 30.324874 1.110161 0.000000
1.096720 27.953503 0.928731 0.000000
1.093520 13.192943 0.639503 0.000000
1.096949 29.881252 1.313378 0.000000
-1.095829 24.870125 0.505788 0.000000
-1.095433 22.305958 0.711447 0.000000
24.895656 -6.705656 0.002516 0.000000
-32.930701 -6.905049 0.003495 0.000000
23.653311 -4.268970 0.001679 0.000000
25.320521 -6.402678 0.002379 0.000000
-37.157553 -3.045752 0.001845 0.000000
-26.606091 1.832613 0.000144 0.000000
30.821840 -3.560028 0.000846 0.000000
-35.273281 -0.794344 0.000950 0.000000
-21.649056 -2.302451 0.001979 0.000000
14.208634 -0.750739 0.001551 0.000000
35.125127 0.064061 -0.000897 0.000000
35.136408 2.250927 -0.001693 0.000000
28.249589 5.173212 -0.002511 0.000000
-36.072871 4.929806 -0.001315 0.000000
-14.832847 0.489981 0.001518 0.000000
-30.891350 2.456501 -0.000263 0.000000
-28.801231 1.048719 0.000404 0.000000
28.737280 -2.810501 0.000635 0.000000
-34.052379 1.902550 -0.000016 0.000000
-22.034465 -0.506318 0.001286 0.000000
15.926070 -0.762401 0.001228 0.000000
17.936344 0.959890 0.000199 0.000000
-29.470435 3.321022 -0.000551 0.000000
-37.875483 -2.332155 0.001651 0.000000
25.648964 -6.967679 0.002553 0.000000
34.283508 -6.908255 0.001917 0.000000
17.560429 -3.989900 0.002272 0.000000
24.710681 -3.490229 0.001267 0.000000
-36.535162 -4.656857 0.002582 0.000000
34.118473 -1.144048 -0.000303 0.000000
33.840975 -6.167417 0.001711 0.000000
-37.902963 -5.546979 0.002862 0.000000
-22.229189 -5.568623 0.003228 0.000000
15.329304 -5.782626 0.003312 0.000000
-1.095903 14.228425 -0.004552 0.000000
0.796119 8.292559 -0.001048 0.000000
1.097047 30.737479 2.014629 0.000000
1.097065 30.940623 2.003044 0.000000
-1.093219 13.723721 1.604914 0.000000
-1.095980 26.235064 2.304401 0.000000
1.095992 22.751636 0.424719 0.000000
1.096668 27.581176 0.323784 0.000000
-1.095990 26.052295 0.003063 0.000000
1.095825 21.818277 0.094214 0.000000
-0.013670 34.398554 -0.013821 0.000000
-0.809906 34.779890 -0.013961 0.000000
-1.096439 30.199908 0.391589 0.000000
1.095829 21.764200 0.590561 0.000000
1.097409 35.366702 0.474100 0.000000
-1.094328 17.113185 0.450814 0.000000
0.956365 25.937800 -0.010167 0.000000
0.560638 31.570306 -0.012620 0.000000
-1.095395 22.100066 0.584208 0.000000
-1.096437 30.215794 0.581147 0.000000
25.186582 2.598894 -0.001227 0.000000
18.963807 1.888409 -0.000329 0.000000
34.350455 7.248780 -0.003765 0.000000
-29.494105 2.510638 -0.000259 0.000000
-31.716050 4.346631 -0.000989 0.000000
23.102066 -0.839977 0.000351 0.000000
23.449778 -0.283105 0.000077 0.000000
-36.808491 6.749738 -0.001993 0.000000
-15.321022 0.000710 0.001628 0.000000
-22.851666 -3.909600 0.002546 0.000000
-16.664607 -4.534002 0.003315 0.000000
-11.526376 -3.268090 0.003731 0.000000
29.403018 -4.935331 0.001501 0.000000
-19.607888 -1.919741 0.001970 0.000000
34.494453 -3.312048 0.000552 0.000000
-31.064862 1.658470 0.000118 0.000000
30.983691 3.301043 -0.001919 0.000000
13.505564 0.096102 0.001333 0.000000
21.633440 2.269110 -0.000771 0.000000
25.914519 -1.772663 0.000455 0.000000
33.557289 0.046442 -0.000725 0.000000
35.715874 -5.688069 0.001415 0.000000
-30.600110 -4.989916 0.002739 0.000000
-30.643935 2.675305 -0.000286 0.000000
34.832826 1.689102 -0.001456 0.000000
31.258266 2.457571 -0.001622 0.000000
31.140668 3.695973 -0.002067 0.000000
-13.033450 0.460920 0.001819 0.000000
-30.017274 4.532198 -0.001034 0.000000
34.355078 5.712370 -0.003141 0.000000
26.763907 2.804913 -0.001441 0.000000
26.384014 3.903182 -0.001867 0.000000
28.470123 5.514273 -0.002715 0.000000
13.168090 -0.452020 0.001646 0.000000
-28.165288 5.099532 -0.001288 0.000000
29.559775 2.312274 -0.001480 0.000000
30.212746 -1.540433 0.000027 0.000000
34.532028 -0.018832 -0.000844 0.000000
-1.095211 21.002546 0.073944 0.000000
0.986344 14.373013 -0.004671 0.000000
0.152748 17.944426 -0.006455 0.000000
1.096104 23.368928 0.767751 0.000000
1.095219 18.755302 0.770157 0.000000
-1.096479 30.714157 1.334945 0.000000
-1.096026 26.464680 1.164110 0.000000
1.095846 21.833236 0.864245 0.000000
1.094880 17.341958 0.941461 0.000000
-1.094397 17.403077 0.915223 0.000000
-1.096130 27.560599 2.217272 0.000000
-0.992866 30.925746 2.360706 0.000000
1.096630 26.999466 1.763566 0.000000
1.096090 23.199343 1.598345 0.000000
-12.624631 -3.487027 0.003550 0.000000
-28.144128 -4.790296 0.002707 0.000000
-16.692787 -2.841573 0.002633 0.000000
-19.917443 -3.065720 0.002408 0.000000
-13.442841 -1.613751 0.002628 0.000000
-23.645466 -2.014106 0.001748 0.000000
36.005131 -7.409971 0.002012 0.000000
-16.217743 -0.899971 0.001909 0.000000
29.702456 -3.865095 0.000988 0.000000
-19.429575 -0.093635 0.001252 0.000000
-37.810938 0.896590 0.000268 0.000000
-23.675112 -1.207370 0.001433 0.000000
24.424792 -3.111854 0.001150 0.000000
34.095378 -6.323677 0.001722 0.000000
23.800937 -6.317833 0.002476 0.000000
-30.776308 -4.389031 0.002540 0.000000
31.119769 3.001706 -0.001845 0.000000
25.854622 0.549545 -0.000441 0.000000
-11.779369 0.354588 0.002099 0.000000
25.140101 -2.750521 0.000934 0.000000
21.961173 -1.019542 0.000547 0.000000
-22.016526 0.816887 0.000703 0.000000
17.970278 -1.872086 0.001357 0.000000
18.199602 -1.299678 0.001093 0.000000
-19.021711 2.360422 0.000240 0.000000
28.340275 3.219767 -0.001695 0.000000
25.424885 3.611101 -0.001645 0.000000
-37.381424 8.100610 -0.002542 0.000000
-27.931038 -4.154220 0.002479 0.000000
10.781902 -4.712221 0.004046 0.000000
31.334028 -7.415532 0.002282 0.000000
-24.145706 -0.642598 0.001186 0.000000
-38.803237 -3.177722 0.001878 0.000000
23.091088 -3.400025 0.001344 0.000000
37.210053 -2.702822 0.000086 0.000000
-27.675320 -1.184194 0.001274 0.000000
-35.397703 -3.965912 0.002314 0.000000
-22.767331 -4.427291 0.002753 0.000000
-28.337066 -6.313818 0.003337 0.000000
1.096435 25.579034 1.316791 0.000000
-1.094998 20.052440 1.500301 0.000000
1.097057 30.933757 1.636361 0.000000
1.097400 34.680288 2.340311 0.000000
1.096743 28.063993 1.122383 0.000000
-1.096455 30.590782 1.780993 0.000000
-1.094774 18.937878 0.630674 0.000000
-1.096695 33.073675 0.425559 0.000000
-0.993304 12.221788 -0.003457 0.000000
31.692370 6.316028 -0.003180 0.000000
-37.832988 3.927702 -0.000857 0.000000
-35.595532 2.116974 -0.000118 0.000000
22.344901 -0.038998 0.000062 0.000000
25.494639 1.988836 -0.000998 0.000000
-35.597234 6.858562 -0.002032 0.000000
-9.172615 -0.021448 7.806484 0.000000
-36.967451 0.864718 0.000373 0.000000
-14.161918 1.021766 0.001358 0.000000
-35.693520 6.760723 -0.001993 0.000000
-15.147474 0.605081 0.001396 0.000000
27.842670 1.241589 -0.000853 0.000000
27.290716 -0.449984 -0.000170 0.000000
17.234993 -0.759987 0.001024 0.000000
18.325115 -4.626166 0.002416 0.000000
-37.125071 -2.206669 0.001495 0.000000
19.511484 -6.882077 0.003127 0.000000
31.194612 -7.922005 0.002569 0.000000
-27.752460 1.013068 0.000413 0.000000
30.760520 -3.625746 0.000824 0.000000
27.654708 3.247264 -0.001676 0.000000
-19.466752 2.520279 0.000153 0.000000
29.410659 4.687700 -0.002416 0.000000
13.135359 0.681342 0.001152 0.000000
-32.592540 -0.349016 0.000895 0.000000
30.833005 -1.323304 -0.000045 0.000000
-27.608562 -4.365028 0.002558 0.000000
-27.412708 -2.164431 0.001658 0.000000
-30.951729 -5.136569 0.002770 0.000000
36.338164 -6.513566 0.001642 0.000000
15.814658 0.470447 0.000728 0.000000
34.394845 2.760318 -0.001870 0.000000
38.987130 4.980145 -0.003079 0.000000
-27.275844 0.888361 0.000438 0.000000
35.770289 0.151731 -0.000957 0.000000
33.200826 1.242461 -0.001272 0.000000
-12.174076 0.177912 0.002092 0.000000
-24.655743 3.127898 -0.000323 0.000000
-15.845315 0.770517 0.001236 0.000000
27.109841 3.814052 -0.001923 0.000000
26.323740 0.541807 -0.000530 0.000000
24.463616 1.245546 -0.000663 0.000000
24.861698 2.252495 -0.001060 0.000000
-0.700704 15.673339 -0.005309 0.000000
1.095730 21.352896 -0.000500 0.000000
1.097384 35.035678 0.475266 0.000000
1.094921 17.564947 0.236907 0.000000
1.096552 26.636136 0.376983 0.000000
-1.095842 25.061427 0.940643 0.000000
-1.096448 30.177891 0.502415 0.000000
-1.096707 33.196719 0.335332 0.000000
0.387421 24.697435 -0.009603 0.000000
1.095913 22.331805 0.235707 0.000000
-0.636579 29.163651 2.361082 0.000000
-1.095608 23.549814 1.908632 0.000000
-0.840949 35.507419 2.359567 0.000000
-0.452987 14.965105 -0.004951 0.000000
-0.865479 16.190310 -0.005568 0.000000
0.532152 19.998637 -0.007447 0.000000
0.345404 21.930090 -0.008345 0.000000
-0.137138 24.690233 -0.009590 0.000000
-0.705281 28.957859 -0.011461 0.000000
14.576731 -5.035643 0.003181 0.000000
-34.361310 -2.802388 0.001851 0.000000
-9.442262 -3.770333 0.004613 0.000000
21.714964 -7.515375 0.003094 0.000000
37.852687 -9.260106 0.002648 0.000000
35.727683 -5.274000 0.001211 0.000000
-34.581994 2.355478 -0.000290 0.000000
-20.250685 -2.232513 0.002080 0.000000
35.163941 -7.907251 0.002255 0.000000
25.625260 -4.189841 0.001482 0.000000
29.293127 -0.512500 -0.000306 0.000000
-35.966851 -3.715759 0.002196 0.000000
19.847635 -2.749864 0.001482 0.000000
23.193464 -1.846125 0.000753 0.000000
36.643739 -5.890017 0.001381 0.000000
-22.631329 -2.126452 0.001851 0.000000
-25.264805 -4.524737 0.002675 0.000000
-17.276044 -4.716649 0.003304 0.000000
36.104127 4.617116 -0.002743 0.000000
24.727336 3.130427 -0.001394 0.000000
-16.608367 1.082350 0.001012 0.000000
30.652277 -1.491736 -0.000010 0.000000
22.949292 3.817589 -0.001592 0.000000
-23.515151 3.736269 -0.000597 0.000000
22.837141 1.051020 -0.000404 0.000000
21.353053 1.778472 -0.000535 0.000000
24.107128 -2.821475 0.001027 0.000000
28.671561 -0.603573 -0.000241 0.000000
35.836530 1.347035 -0.001459 0.000000
-25.566292 -2.191542 0.001750 0.000000
-33.055269 -0.408503 0.000920 0.000000
38.290833 -4.123877 0.000596 0.000000
-24.843945 -4.192853 0.002571 0.000000
32.587653 -6.262551 0.001753 0.000000
28.186531 -6.051784 0.001999 0.000000
-25.719633 -4.530963 0.002667 0.000000
30.783846 -9.670643 0.003202 0.000000
1.095208 18.702871 0.556015 0.000000
-1.095331 21.775487 0.974062 0.000000
-1.096767 34.079994 1.135449 0.000000
1.097172 32.362068 1.144933 0.000000
-1.096197 27.967333 1.134732 0.000000
-1.094721 18.744412 0.808117 0.000000
1.097252 33.165124 1.520312 0.000000
-1.800027 7.751729 0.897296 0.000000
-1.096654 32.868603 1.784432 0.000000
-1.093346 14.042762 0.885635 0.000000
1.097210 32.650842 1.502180 0.000000
-23.067264 2.434748 0.000027 0.000000
31.057421 -2.661882 0.000469 0.000000
26.575991 -0.745554 -0.000025 0.000000
29.618799 1.305325 -0.001000 0.000000
37.550020 4.477143 -0.002807 0.000000
24.898808 2.751957 -0.001300 0.000000
28.316079 -3.647552 0.000998 0.000000
23.746166 -1.789817 0.000689 0.000000
-29.419672 -4.124674 0.002465 0.000000
23.944538 -7.581326 0.002948 0.000000
34.770691 -4.575240 0.000960 0.000000
16.689957 -1.056135 0.001230 0.000000
25.415569 0.467929 -0.000382 0.000000
17.240351 -0.067015 0.000735 0.000000
30.364555 2.814182 -0.001736 0.000000
35.611227 7.596440 -0.003907 0.000000
-27.000001 3.255709 -0.000488 0.000000
21.917088 1.822545 -0.000649 0.000000
27.189051 -3.640620 0.001085 0.000000
-37.583896 -1.999986 0.001475 0.000000
-25.141905 -5.807165 0.003194 0.000000
28.376382 -4.665402 0.001433 0.000000
-16.430033 -1.978258 0.002323 0.000000
-18.633577 0.357342 0.001156 0.000000
-34.071854 1.540380 0.000086 0.000000
0.437304 10.128372 -0.002244 0.000000
22.415999 2.980733 -0.001146 0.000000
-37.605960 3.294035 -0.000644 0.000000
27.276390 -0.635874 -0.000073 0.000000
26.383140 0.328590 -0.000434 0.000000
27.242242 1.463625 -0.000976 0.000000
-1.096793 34.878192 2.004351 0.000000
-1.096000 26.155656 0.554375 0.000000
1.096931 29.695268 1.469673 0.000000
1.096658 27.334566 1.102199 0.000000
1.097421 35.387183 0.991663 0.000000
0.059142 22.171566 -0.008446 0.000000
-0.220811 20.741285 -0.007779 0.000000
-0.709680 19.994546 -0.007421 0.000000
1.096485 26.063513 0.530218 0.000000
1.097301 34.107151 0.383727 0.000000
-1.096651 32.592419 1.111323 0.000000
1.089664 26.943853 -0.010617 0.000000
35.736237 -5.077886 0.001179 0.000000
-36.721790 -2.127707 0.001572 0.000000
20.954349 -5.045412 0.002251 0.000000
-33.595921 -3.071186 0.001924 0.000000
28.355482 -1.527035 0.000217 0.000000
-25.696252 -0.720159 0.001138 0.000000
-17.582694 -4.828930 0.003306 0.000000
9.500747 -4.453498 0.004465 0.000000
39.209793 -6.876268 0.001735 0.000000
18.762764 2.588564 -0.000597 0.000000
30.408319 3.874600 -0.002097 0.000000
-28.901874 0.272970 0.000653 0.000000
-27.723674 -0.960518 0.001244 0.000000
-32.284856 1.810825 -0.000009 0.000000
-16.218080 1.629576 0.000824 0.000000
20.488063 -1.723773 0.000965 0.000000
32.877634 0.058900 -0.000764 0.000000
-39.668900 -0.352118 0.000828 0.000000
-25.705818 -2.258941 0.001784 0.000000
24.876573 -2.459665 0.000862 0.000000
11.983462 -2.589268 0.002865 0.000000
25.851939 -1.539371 0.000412 0.000000
28.931234 -0.380559 -0.000312 0.000000
35.414309 1.634945 -0.001514 0.000000
-22.115348 1.566577 0.000379 0.000000
26.909584 1.841956 -0.001066 0.000000
24.216293 3.415801 -0.001472 0.000000
-29.768210 -2.135825 0.001580 0.000000
-18.907386 -0.658145 0.001517 0.000000
-15.390691 -1.699757 0.002333 0.000000
22.570906 -5.653210 0.002274 0.000000
37.186014 -5.907543 0.001359 0.000000
39.397932 -4.907080 0.000957 0.000000
25.757524 -5.310433 0.001911 0.000000
-24.280029 -2.805540 0.002103 0.000000
-16.843728 -3.572732 0.002940 0.000000
-30.726428 -5.877866 0.003129 0.000000
-15.203999 -3.778510 0.003198 0.000000
-25.023302 -5.718588 0.003219 0.000000
31.176807 -8.069721 0.002555 0.000000
-21.323433 -3.190056 0.002360 0.000000
30.085047 -4.871323 0.001375 0.000000
-14.553999 -2.250388 0.002687 0.000000
-35.568593 -1.749305 0.001335 0.000000
-1.096658 32.628972 1.376001 0.000000
-1.096207 28.039875 1.067908 0.000000
1.095691 20.977883 1.104708 0.000000
1.097267 33.456428 1.279186 0.000000
-1.096112 27.188865 1.021623 0.000000
1.096212 24.064385 1.154959 0.000000
-1.096630 32.648532 1.958199 0.000000
-1.096167 27.803207 1.454156 0.000000
1.097383 34.648545 1.923809 0.000000
1.097426 34.902110 2.166904 0.000000
-1.095874 25.317411 1.190160 0.000000
1.096404 25.336629 1.474835 0.000000
1.097013 30.621786 1.435330 0.000000
-23.881100 3.403629 -0.000467 0.000000
-21.627376 1.194834 0.000565 0.000000
-22.703237 0.331155 0.000868 0.000000
35.138028 -4.302956 0.000836 0.000000
33.328303 2.360855 -0.001704 0.000000
21.252722 1.225134 -0.000300 0.000000
-0.999873 6.941576 -0.000020 0.000000
39.545213 -1.353131 -0.000568 0.000000
31.510244 -5.243802 0.001504 0.000000
26.481353 -0.409317 -0.000111 0.000000
26.745885 1.038396 -0.000688 0.000000
-38.036690 -4.804362 0.002546 0.000000
20.720773 -5.793314 0.002563 0.000000
-31.363675 -0.373000 0.000905 0.000000
28.503295 4.557525 -0.002248 0.000000
26.249320 2.860347 -0.001443 0.000000
-26.913380 4.296609 -0.000874 0.000000
23.795116 3.283772 -0.001389 0.000000
12.179808 0.495057 0.001464 0.000000
18.321151 -3.834584 0.002105 0.000000
-26.671809 -2.389694 0.001785 0.000000
-14.058360 -3.857330 0.003407 0.000000
-37.580370 -5.649629 0.002877 0.000000
33.368284 -2.065522 0.000092 0.000000
32.521231 -6.464199 0.001913 0.000000
-36.468314 -3.704290 0.002159 0.000000
-9.007156 -3.827296 0.004824 0.000000
16.459927 -1.863403 0.001600 0.000000
19.799080 0.415753 0.000202 0.000000
-34.609319 3.145658 -0.000525 0.000000
0.430029 13.779980 -0.004341 0.000000
-26.890096 4.709776 -0.001075 0.000000
27.244474 4.394676 -0.002111 0.000000
12.760713 0.731378 0.001210 0.000000
29.193441 0.827258 -0.000793 0.000000
-27.770675 0.059730 0.000804 0.000000
31.140939 -0.166765 -0.000540 0.000000
13.347452 -1.003290 0.001847 0.000000
29.844476 2.034906 -0.001334 0.000000
33.984632 4.040080 -0.002386 0.000000
0.610556 34.527619 2.359796 0.000000
-0.313013 12.957571 -0.003877 0.000000
-1.095253 21.296255 0.537676 0.000000
1.096571 26.708770 1.118750 0.000000
1.095986 22.618252 1.033735 0.000000
1.095688 20.978280 0.755063 0.000000
1.097336 34.112583 0.983563 0.000000
-1.096593 32.046430 1.683856 0.000000
-1.096616 32.481039 2.089626 0.000000
1.094793 17.086326 0.237319 0.000000
1.096455 25.937294 0.012264 0.000000
-1.095939 25.787722 0.975691 0.000000
-1.096528 31.038775 0.582866 0.000000
-1.095427 22.219898 0.150088 0.000000
-33.176291 -3.835539 0.002216 0.000000
20.974799 -6.025321 0.002615 0.000000
35.168938 -6.783504 0.001813 0.000000
25.396072 -1.443152 0.000395 0.000000
-31.799578 -1.544172 0.001389 0.000000
31.092400 -8.978504 0.002911 0.000000
12.496435 -3.898629 0.003241 0.000000
16.193069 1.042395 0.000410 0.000000
32.691424 5.996343 -0.003164 0.000000
-33.761628 1.810682 0.000019 0.000000
-27.887181 -1.206395 0.001282 0.000000
32.242033 -2.486078 0.000350 0.000000
-16.108158 0.128064 0.001473 0.000000
36.144831 -1.262854 -0.000430 0.000000
31.379152 0.636476 -0.000917 0.000000
-21.409282 1.792140 0.000354 0.000000
-24.203020 0.763496 0.000653 0.000000
24.072930 0.304722 -0.000198 0.000000
22.751585 1.955752 -0.000759 0.000000
24.734673 3.399718 -0.001516 0.000000
24.103971 -6.834948 0.002634 0.000000
11.874228 -4.602627 0.003675 0.000000
-24.202420 -1.718427 0.001667 0.000000
-29.862230 -4.345854 0.002540 0.000000
-33.153832 0.460832 0.000497 0.000000
-23.927451 -2.205222 0.001816 0.000000
21.952244 -5.869006 0.002459 0.000000
33.301831 -6.175998 0.001678 0.000000
26.847413 -3.166787 0.000919 0.000000
20.193374 -1.945199 0.001089 0.000000
24.626238 -0.784184 0.000211 0.000000
-24.025273 -5.588632 0.003208 0.000000
26.239316 -4.973951 0.001736 0.000000
-34.780207 -1.738125 0.001431 0.000000
-20.846344 -3.007875 0.002337 0.000000
1.096392 25.448590 0.597440 0.000000
-1.096827 34.742646 0.203021 0.000000
0.769750 25.561087 -0.009994 0.000000
1.095822 21.845263 -0.004928 0.000000
0.212359 31.390712 -0.012536 0.000000
1.096718 28.066323 0.078309 0.000000
1.095804 21.698756 0.235154 0.000000
1.095226 18.672278 1.614349 0.000000
1.095806 21.611348 0.918138 0.000000
1.096483 25.985889 1.175528 0.000000
-1.096846 35.265497 1.132651 0.000000
-1.096350 29.448485 1.366553 0.000000
-1.096742 34.117428 1.822642 0.000000
-19.225842 0.863395 0.000861 0.000000
33.258797 -0.383803 -0.000621 0.000000
39.196705 3.875056 -0.002643 0.000000
24.017676 2.017892 -0.000882 0.000000
18.380575 1.557111 -0.000108 0.000000
15.265449 1.222405 0.000495 0.000000
-0.437828 22.590487 -0.008632 0.000000
-1.054024 26.542524 -0.010394 0.000000
-0.390386 11.965501 -0.003319 0.000000
0.045911 7.397552 -0.000373 0.000000
-1.103097 14.739104 -0.004822 0.000000
32.047513 -1.503166 -0.000060 0.000000
13.795742 -2.076702 0.002192 0.000000
20.685128 -2.688443 0.001333 0.000000
-28.353832 4.642614 -0.001045 0.000000
-26.078165 2.868070 -0.000332 0.000000
-25.913566 1.918276 0.000134 0.000000
-31.631056 -1.829108 0.001488 0.000000
-38.621543 -5.386190 0.002857 0.000000
23.899948 -3.429451 0.001297 0.000000
-32.283307 -1.984040 0.001481 0.000000
-26.199221 -3.258340 0.002156 0.000000
27.591664 -6.245141 0.002082 0.000000
20.867044 0.067945 0.000219 0.000000
24.307247 1.951459 -0.000876 0.000000
-33.047486 -1.411498 0.001320 0.000000
-20.453726 -2.898622 0.002332 0.000000
37.945445 -5.129785 0.001118 0.000000
21.287284 0.944583 -0.000195 0.000000
20.171572 2.252471 -0.000629 0.000000
-32.282610 4.230555 -0.000941 0.000000
-37.367744 7.669591 -0.002368 0.000000
-29.827501 -1.184232 0.001212 0.000000
29.888001 0.947603 -0.000867 0.000000
-23.283154 3.287598 -0.000382 0.000000
20.718367 1.601322 -0.000407 0.000000
19.362199 2.016097 -0.000421 0.000000
38.305315 0.222348 -0.001138 0.000000
-1.627010 7.187682 -0.000222 0.000000
-1.096755 34.202111 1.847219 0.000000
-1.096853 35.554929 1.927008 0.000000
-1.096628 32.519435 1.368861 0.000000
-1.095090 20.470491 0.995679 0.000000
-1.096834 35.386569 2.212886 0.000000
-1.096095 27.117572 1.433096 0.000000
1.097216 32.610048 1.869537 0.000000
-1.095947 25.943810 1.494543 0.000000
1.094861 17.306487 0.628376 0.000000
1.097380 34.583471 1.223825 0.000000
1.097366 34.699269 0.733300 0.000000
1.095219 18.707550 1.192632 0.000000
1.096740 28.066019 1.269964 0.000000
-13.516414 -3.131192 0.003224 0.000000
-31.334067 -3.414576 0.002075 0.000000
36.556160 -6.945957 0.001848 0.000000
-19.612906 -4.044518 0.002819 0.000000
-39.071563 -7.643081 0.003746 0.000000
22.443729 -3.951262 0.001676 0.000000
-31.806197 -0.029614 0.000764 0.000000
-22.271790 -1.945333 0.001806 0.000000
-14.470100 -3.406913 0.003164 0.000000
24.545366 -6.338617 0.002403 0.000000
-34.570892 0.527332 0.000451 0.000000
-28.225127 -5.018435 0.002795 0.000000
22.120071 -3.345017 0.001469 0.000000
31.302978 -2.380357 0.000354 0.000000
-36.135342 -0.710879 0.000922 0.000000
-21.922948 -2.504839 0.002051 0.000000
-15.872348 -3.233991 0.002885 0.000000
31.804993 2.027351 -0.001467 0.000000
20.943242 1.145799 -0.000243 0.000000
31.214519 5.279417 -0.002739 0.000000
24.455490 4.324486 -0.001885 0.000000
-17.110007 -0.226444 0.001507 0.000000
27.067507 2.606420 -0.001363 0.000000
-36.009080 1.911275 -0.000039 0.000000
-30.362025 3.332297 -0.000549 0.000000
23.526666 0.199955 -0.000117 0.000000
24.490375 1.162259 -0.000631 0.000000
-32.984458 -3.784304 0.002207 0.000000
24.489123 -6.763644 0.002584 0.000000
33.821572 -6.488297 0.001840 0.000000
-36.445860 -4.827960 0.002586 0.000000
33.952339 -5.527767 0.001473 0.000000
-15.077346 -3.881391 0.003259 0.000000
-36.252153 -1.930881 0.001497 0.000000
-21.287764 -3.336347 0.002433 0.000000
-24.022410 -5.674014 0.003216 0.000000
32.640198 -9.378536 0.002973 0.000000
-0.520569 10.951747 -0.002728 0.000000
0.855123 12.190432 -0.003479 0.000000
1.060814 9.472614 -0.001851 0.000000
-1.095582 23.296472 1.464746 0.000000
-0.935784 16.486324 -0.005716 0.000000
-1.096737 33.688738 0.870866 0.000000
-1.095164 20.788364 0.210538 0.000000
1.097092 31.666712 0.276691 0.000000
-1.096134 27.253549 0.341065 0.000000
-1.096710 33.152225 0.084905 0.000000
-1.095658 23.705230 0.263843 0.000000
0.600416 17.959357 -0.006471 0.000000
-0.425630 31.075546 -0.012387 0.000000
38.273998 7.778888 -0.004091 0.000000
-17.255152 1.965849 0.000563 0.000000
39.707949 1.725176 -0.001777 0.000000
14.932819 -0.819110 0.001428 0.000000
22.516456 0.467286 -0.000109 0.000000
-33.406585 -0.621039 0.000961 0.000000
-21.206778 2.111316 0.000201 0.000000
24.245957 -1.709726 0.000586 0.000000
28.133189 -7.447042 0.002527 0.000000
-28.589683 -4.144176 0.002471 0.000000
27.197919 -4.665947 0.001496 0.000000
-23.108748 -1.639315 0.001633 0.000000
-27.150593 -2.155880 0.001688 0.000000
27.071294 -6.665935 0.002325 0.000000
34.217131 -3.205375 0.000450 0.000000
-37.607480 1.025198 0.000212 0.000000
-30.429999 -0.816076 0.001057 0.000000
16.673594 1.717309 0.000057 0.000000
26.878859 2.865038 -0.001458 0.000000
20.188509 1.859364 -0.000444 0.000000
37.576202 -9.607132 0.002801 0.000000
-28.368444 -1.872310 0.001527 0.000000
-32.665342 -5.016224 0.002723 0.000000
-32.965642 2.939052 -0.000447 0.000000
-20.824275 0.199341 0.001019 0.000000
19.612460 -0.215058 0.000464 0.000000
20.604199 2.392236 -0.000721 0.000000
-31.403785 4.654270 -0.001107 0.000000
-17.409710 0.432391 0.001199 0.000000
-13.039572 0.862106 0.001607 0.000000
18.543238 -2.608964 0.001584 0.000000
21.798247 -1.043155 0.000567 0.000000
25.859653 0.227802 -0.000365 0.000000
8.644823 -0.022439 7.804675 0.000000
-0.662331 9.043842 -0.001528 0.000000
-0.351776 28.349920 -0.011201 0.000000
-0.987618 34.040837 -0.013644 0.000000
0.943767 20.148218 -0.007526 0.000000
1.096581 26.849341 0.807493 0.000000
1.097235 33.004779 1.113805 0.000000
-1.096209 28.029473 0.856571 0.000000
-0.331594 31.010142 2.360672 0.000000
-1.095068 20.421753 2.008999 0.000000
-0.163400 34.696182 2.359767 0.000000
-1.096095 27.220242 1.984583 0.000000
-1.392708 6.995887 -0.000068 0.000000
-34.419346 -5.033000 0.002744 0.000000
-28.795572 -1.813124 0.001481 0.000000
-20.582813 -0.292139 0.001233 0.000000
-28.675683 -3.133788 0.002087 0.000000
35.368196 -7.176361 0.001957 0.000000
18.989436 -4.016905 0.002083 0.000000
29.079872 -3.613901 0.000951 0.000000
-38.423490 0.738160 0.000418 0.000000
-31.780031 -4.542574 0.002583 0.000000
-20.469327 -4.899170 0.003136 0.000000
36.995387 -5.170310 0.001128 0.000000
-26.692003 -1.693266 0.001568 0.000000
28.130312 2.790258 -0.001549 0.000000
20.293038 1.939537 -0.000492 0.000000
11.196728 -0.384999 0.002145 0.000000
-31.898012 4.404005 -0.001007 0.000000
-34.792807 6.447776 -0.001886 0.000000
-32.211032 3.191052 -0.000520 0.000000
-35.837298 2.461723 -0.000260 0.000000
17.768473 -3.285099 0.001958 0.000000
10.198486 -2.931025 0.003611 0.000000
24.461817 -2.488176 0.000904 0.000000
-17.806159 -2.495360 0.002388 0.000000
32.559267 0.960573 -0.001039 0.000000
-27.140160 -0.338097 0.000956 0.000000
30.052136 -1.785402 0.000212 0.000000
13.178255 -2.227310 0.002404 0.000000
29.911140 -0.422487 -0.000381 0.000000
39.119281 3.048032 -0.002290 0.000000
-36.658850 5.383750 -0.001518 0.000000
16.940464 0.846956 0.000390 0.000000
19.773665 -6.555104 0.002928 0.000000
30.337661 -7.062815 0.002279 0.000000
13.363262 -4.580583 0.003253 0.000000
26.844373 -4.173875 0.001379 0.000000
-32.651776 0.143385 0.000618 0.000000
36.638249 -2.522841 0.000047 0.000000
29.540954 -2.577558 0.000557 0.000000
-28.283898 -1.269910 0.001316 0.000000
-35.938061 -4.129035 0.002374 0.000000
36.183353 -7.224251 0.001950 0.000000
-33.210218 -6.922890 0.003505 0.000000
1.096902 29.462068 1.596459 0.000000
1.095890 22.039599 1.331264 0.000000
1.096220 24.001297 1.621712 0.000000
-0.819447 32.808229 2.360259 0.000000
1.097268 33.364081 1.170192 0.000000
34.670597 6.345096 -0.003359 0.000000
-22.421964 2.220377 0.000123 0.000000
37.445185 0.670081 -0.001193 0.000000
20.702656 -0.079258 0.000290 0.000000
24.197592 1.662967 -0.000756 0.000000
-19.404213 -0.739067 0.001530 0.000000
-20.662195 2.927343 -0.000078 0.000000
-23.058570 2.604684 -0.000087 0.000000
25.508732 -0.547464 -0.000002 0.000000
26.589462 1.212577 -0.000823 0.000000
27.365961 -4.560455 0.001479 0.000000
18.979013 -6.657073 0.003100 0.000000
29.503576 -7.552501 0.002534 0.000000
13.030333 -4.784101 0.003434 0.000000
30.437415 -3.538234 0.000881 0.000000
15.998951 1.646085 0.000188 0.000000
23.627312 2.535543 -0.001070 0.000000
-21.644920 2.816348 -0.000065 0.000000
-32.820531 -0.315495 0.000886 0.000000
21.892635 -1.801994 0.000857 0.000000
-27.615562 -4.529696 0.002598 0.000000
29.570069 -5.316326 0.001605 0.000000
37.506554 -4.424485 0.000834 0.000000
-30.276518 -2.153910 0.001576 0.000000
-34.522483 -5.298332 0.002788 0.000000
-21.032586 -5.353775 0.003227 0.000000
34.960290 -9.897669 0.003085 0.000000
19.873618 -0.589715 0.000591 0.000000
22.926729 1.645450 -0.000649 0.000000
-26.856537 1.701239 0.000182 0.000000
-16.463406 0.448988 0.001307 0.000000
1.095450 19.854101 0.485305 0.000000
1.097086 31.456522 0.709197 0.000000
-1.096118 27.202019 1.081749 0.000000
-1.096729 33.526339 0.739940 0.000000
-1.095237 21.201363 0.764200 0.000000
-0.813001 21.183473 -0.007976 0.000000
0.643267 13.596163 -0.004249 0.000000
1.059729 25.234234 -0.009858 0.000000
-0.144609 20.115824 -0.007486 0.000000
0.619536 27.884764 -0.011022 0.000000
0.185390 31.704477 -0.012672 0.000000
1.097229 33.181427 0.182077 0.000000
1.094615 16.422018 0.340343 0.000000
-1.096025 26.316160 0.159912 0.000000
-1.095443 22.324595 0.341397 0.000000
-1.096053 26.556417 0.336085 0.000000
-0.398147 28.639203 2.361182 0.000000
1.095792 21.616288 0.163923 0.000000
0.838906 28.122143 -0.011131 0.000000
0.548601 31.817813 -0.012726 0.000000
-0.522730 10.390088 -0.002387 0.000000
-1.095336 21.683317 -0.001320 0.000000
0.733333 16.725601 -0.005868 0.000000
-27.245949 -4.160787 0.002491 0.000000
34.162746 -8.401458 0.002568 0.000000
19.577466 -5.123101 0.002439 0.000000
32.133694 -5.032817 0.001297 0.000000
-35.378714 -0.371510 0.000880 0.000000
-31.383474 -1.852060 0.001494 0.000000
35.077939 -7.699860 0.002179 0.000000
39.216846 -3.186844 0.000181 0.000000
20.500969 -1.068384 0.000730 0.000000
-36.036972 -3.857865 0.002263 0.000000
-26.620392 -4.759587 0.002717 0.000000
-17.961962 -4.985442 0.003328 0.000000
37.988784 -9.806806 0.002859 0.000000
27.442082 -5.191206 0.001705 0.000000
17.159871 -3.300725 0.002064 0.000000
30.797632 3.609086 -0.002017 0.000000
22.345040 2.722340 -0.001024 0.000000
-29.504908 2.928276 -0.000444 0.000000
29.118155 -1.220300 0.000044 0.000000
27.396378 0.244131 -0.000477 0.000000
38.376500 7.815681 -0.004197 0.000000
-24.664959 3.852054 -0.000679 0.000000
36.019965 4.329653 -0.002643 0.000000
35.237627 5.530045 -0.003117 0.000000
17.341073 -2.081776 0.001522 0.000000
-32.033445 -3.192476 0.001974 0.000000
27.547499 -7.342383 0.002545 0.000000
37.397510 -3.955131 0.000572 0.000000
23.639544 -5.226684 0.002061 0.000000
36.136219 -5.086526 0.001163 0.000000
25.346052 -5.768387 0.002131 0.000000
-31.222971 -4.757610 0.002681 0.000000
26.972556 -8.767574 0.003112 0.000000
-26.311291 -1.980730 0.001684 0.000000
1.095742 21.312513 0.631972 0.000000
1.097397 34.888940 0.998192 0.000000
1.096395 25.337160 0.984702 0.000000
1.093871 14.103732 0.600191 0.000000
-1.095819 24.952516 1.524223 0.000000
-1.096770 34.473945 1.615613 0.000000
1.096695 27.546258 1.461425 0.000000
1.097063 31.128359 1.269968 0.000000
17.352271 -1.851813 0.001448 0.000000
25.972288 -0.652406 -0.000017 0.000000
30.143167 -2.544849 0.000514 0.000000
26.005460 0.894568 -0.000586 0.000000
33.237893 3.856335 -0.002283 0.000000
23.108633 2.402103 -0.000957 0.000000
1.600593 6.004136 0.000660 0.000000
23.343240 -1.404551 0.000521 0.000000
33.280295 -4.354357 0.001036 0.000000
-33.858203 0.391378 0.000533 0.000000
23.528561 0.351107 -0.000178 0.000000
28.225845 2.789460 -0.001568 0.000000
32.771469 5.151990 -0.002804 0.000000
31.819214 6.033697 -0.003084 0.000000
38.135049 4.844423 -0.002925 0.000000
-33.923686 6.670344 -0.001949 0.000000
-30.603438 3.742109 -0.000760 0.000000
-27.829464 -3.867508 0.002399 0.000000
32.642706 -6.931248 0.002015 0.000000
13.415283 -4.259865 0.003147 0.000000
-28.981951 -6.349801 0.003349 0.000000
-34.874859 1.423534 0.000164 0.000000
26.832839 0.141461 -0.000404 0.000000
31.445880 1.803963 -0.001340 0.000000
33.285759 6.509574 -0.003339 0.000000
-39.425571 3.347806 -0.000628 0.000000
19.718642 1.171767 -0.000109 0.000000
1.097106 31.393635 2.026210 0.000000
-1.049421 30.389494 2.360829 0.000000
1.096757 28.127399 1.576522 0.000000
1.097337 34.112720 1.479963 0.000000
1.095598 20.554539 0.674431 0.000000
1.097275 33.694338 0.958271 0.000000
0.237941 33.116240 -0.013277 0.000000
-0.313821 30.358885 -0.012081 0.000000
-0.867039 28.509764 -0.011260 0.000000
-1.095338 21.690151 0.003923 0.000000
1.095343 19.349311 0.402439 0.000000
1.097016 30.792000 0.599500 0.000000
1.096255 24.504159 0.108846 0.000000
-1.096087 26.935163 0.916441 0.000000
1.097144 32.079107 0.856100 0.000000
-28.890452 -4.951688 0.002739 0.000000
-33.109430 -3.495555 0.002135 0.000000
37.557618 -8.758935 0.002467 0.000000
-33.784824 -3.229453 0.001959 0.000000
-25.842215 -0.898508 0.001275 0.000000
12.307894 -3.758369 0.003239 0.000000
25.904659 3.042149 -0.001476 0.000000
19.380791 -1.486514 0.001011 0.000000
18.626098 -0.390217 0.000677 0.000000
32.523332 2.378113 -0.001641 0.000000
38.132701 1.469717 -0.001625 0.000000
34.071819 3.705846 -0.002248 0.000000
38.263640 5.944072 -0.003431 0.000000
18.929335 -1.328581 0.001021 0.000000
-39.030021 -3.633797 0.002160 0.000000
-15.885814 -4.735091 0.003467 0.000000
38.729462 -10.029771 0.002916 0.000000
1.093866 14.130310 0.025872 0.000000
0.765391 19.710356 -0.007317 0.000000
0.381897 21.586362 -0.008185 0.000000
1.096277 24.699112 0.022452 0.000000
-0.196016 24.092846 -0.009317 0.000000
0.829601 32.476862 -0.013016 0.000000
1.096907 29.783699 0.013927 0.000000
-1.096866 35.183016 0.060248 0.000000
0.692255 21.671916 -0.008232 0.000000
-0.084247 23.535428 -0.009068 0.000000
1.095555 20.396551 0.064240 0.000000
-1.095925 25.541298 0.344183 0.000000
-0.485498 25.365280 -0.009882 0.000000
-1.096217 27.857356 -0.004097 0.000000
-1.096178 27.705182 0.710282 0.000000
-1.096675 32.965064 0.958743 0.000000
25.189408 3.539192 -0.001599 0.000000
-31.205803 5.949118 -0.001696 0.000000
-33.563881 5.100456 -0.001381 0.000000
19.900360 -0.918442 0.000736 0.000000
33.896594 1.245974 -0.001309 0.000000
38.354034 -2.112973 -0.000102 0.000000
-28.690146 -4.541971 0.002586 0.000000
-19.311347 -4.876411 0.003179 0.000000
13.391483 -5.610803 0.003632 0.000000
18.377311 -5.831786 0.002830 0.000000
29.154930 -6.328229 0.002039 0.000000
36.096109 -8.632621 0.002590 0.000000
14.193320 -4.967448 0.003240 0.000000
16.782069 -3.178302 0.002073 0.000000
29.967256 1.740557 -0.001196 0.000000
-23.587294 -0.726313 0.001233 0.000000
17.556375 -5.556959 0.002875 0.000000
-15.405581 -4.408630 0.003409 0.000000
-19.249813 -2.159531 0.002104 0.000000
30.150208 1.839381 -0.001251 0.000000
27.077061 2.489465 -0.001312 0.000000
26.940746 3.507661 -0.001715 0.000000
27.599541 2.739805 -0.001448 0.000000
-12.144006 -0.021483 0.002191 0.000000
-12.709489 0.806495 0.001731 0.000000
-28.047758 4.800708 -0.001152 0.000000
21.052093 -1.288859 0.000753 0.000000
1.096259 24.348686 1.164358 0.000000
-1.096489 30.829358 1.668848 0.000000
1.096253 24.297848 1.292568 0.000000
-38.341574 -1.946762 0.001462 0.000000
24.194111 -4.942756 0.001846 0.000000
-35.092000 0.480993 0.000490 0.000000
-37.123309 -2.716619 0.001705 0.000000
29.866337 -6.666983 0.002132 0.000000
-35.599972 7.452461 -0.002317 0.000000
34.645397 3.986443 -0.002455 0.000000
-26.506831 1.332688 0.000350 0.000000
23.444497 -4.108808 0.001633 0.000000
35.905521 -3.526683 0.000487 0.000000
18.778050 -2.387296 0.001473 0.000000
-30.400698 4.419042 -0.001000 0.000000
-27.284265 2.507933 -0.000215 0.000000
-17.652967 0.786043 0.001038 0.000000
-13.032606 -0.659872 0.002296 0.000000
-30.289754 1.813551 0.000067 0.000000
-32.303338 6.322054 -0.001842 0.000000
-17.857883 1.802988 0.000577 0.000000
-33.640452 -3.473170 0.002134 0.000000
12.373626 -5.209133 0.003733 0.000000
21.085403 -4.628235 0.002052 0.000000
30.483991 -4.430696 0.001162 0.000000
13.386830 -3.349406 0.002803 0.000000
29.542751 -4.200092 0.001174 0.000000
-15.637512 -3.027812 0.002837 0.000000
-24.997263 -4.614300 0.002726 0.000000
-1.094845 19.278632 1.148585 0.000000
1.097034 31.016098 0.034351 0.000000
1.096301 24.718925 0.802135 0.000000
1.095358 19.391080 0.637746 0.000000
-1.095175 20.787009 0.078017 0.000000
-0.609311 28.078577 -0.011079 0.000000
1.095969 22.677632 0.014745 0.000000
-0.451537 26.597176 -0.010428 0.000000
0.366359 29.153066 -0.011568 0.000000
28.590168 3.976221 -0.002036 0.000000
-20.093967 0.552441 0.000919 0.000000
-18.607326 -0.505563 0.001488 0.000000
37.496715 0.875552 -0.001353 0.000000
21.024914 0.099775 0.000196 0.000000
-33.287650 6.698816 -0.002007 0.000000
23.196543 -0.718610 0.000287 0.000000
-15.241301 -2.705109 0.002767 0.000000
27.991482 -8.910622 0.003122 0.000000
25.436294 -4.955315 0.001778 0.000000
21.443979 -2.778612 0.001305 0.000000
-21.431325 0.679267 0.000782 0.000000
28.434504 4.226531 -0.002156 0.000000
13.197973 0.554031 0.001196 0.000000
22.761354 3.467785 -0.001421 0.000000
-32.521732 -2.523285 0.001697 0.000000
-22.163461 -3.412261 0.002392 0.000000
28.320352 -3.204084 0.000896 0.000000
35.828280 -2.011160 -0.000113 0.000000
29.180773 -5.416623 0.001719 0.000000
26.882453 2.181133 -0.001235 0.000000
-19.444212 0.301081 0.001074 0.000000
29.908743 3.988240 -0.002111 0.000000
-18.400352 1.594458 0.000617 0.000000
-30.965433 3.064687 -0.000453 0.000000
23.375594 0.674104 -0.000287 0.000000
21.978439 2.371832 -0.000842 0.000000
23.799787 3.509256 -0.001477 0.000000
-31.642645 2.258107 -0.000156 0.000000
-18.245650 2.102329 0.000418 0.000000
-28.578966 3.797827 -0.000768 0.000000
32.435487 -3.523408 0.000762 0.000000
0.792312 30.075845 -0.011984 0.000000
-1.096765 34.049497 0.423204 0.000000
-1.096442 30.272440 0.692923 0.000000
1.095606 20.599639 0.595111 0.000000
1.096294 24.678920 0.693429 0.000000
-1.096578 32.035852 1.972258 0.000000
0.739291 33.621407 2.360024 0.000000
-1.096636 32.448220 1.444409 0.000000
-1.090197 13.964760 -0.004413 0.000000
-10.139194 -3.789086 0.004357 0.000000
-18.503269 -4.751591 0.003187 0.000000
38.496878 -11.475123 0.003488 0.000000
14.392651 -5.877924 0.003505 0.000000
20.392208 -6.127636 0.002737 0.000000
-26.636702 -4.396157 0.002573 0.000000
-22.998744 -1.972484 0.001768 0.000000
-16.095768 -2.912484 0.002728 0.000000
-24.284955 0.255339 0.000804 0.000000
-19.295429 -1.095746 0.001670 0.000000
11.266062 -3.898118 0.003604 0.000000
34.480781 -5.141765 0.001203 0.000000
19.076421 -3.163743 0.001737 0.000000
-29.838861 0.768237 0.000418 0.000000
-19.641717 -1.036706 0.001628 0.000000
-27.904670 -3.179791 0.002107 0.000000
-18.438203 -3.985148 0.002935 0.000000
-35.321506 -6.781198 0.003425 0.000000
34.713152 2.510492 -0.001866 0.000000
-21.018269 3.237462 -0.000211 0.000000
-19.820681 2.082884 0.000349 0.000000
-21.210007 0.604441 0.000847 0.000000
29.065496 -3.389778 0.000895 0.000000
31.639192 4.763803 -0.002603 0.000000
-26.762471 -2.838812 0.001978 0.000000
22.907944 0.433625 -0.000138 0.000000
-37.193648 2.736126 -0.000381 0.000000
-22.260330 -0.325699 0.001152 0.000000
-23.802355 3.635451 -0.000540 0.000000
-22.985216 1.806182 0.000259 0.000000
-25.441182 -1.341153 0.001403 0.000000
38.566602 -9.875291 0.002869 0.000000
19.368283 -5.240485 0.002491 0.000000
36.928058 -0.793545 -0.000653 0.000000
28.427807 -4.214997 0.001233 0.000000
21.911775 -2.274946 0.001039 0.000000
-39.656183 -6.598298 0.003332 0.000000
26.443181 -2.673366 0.000821 0.000000
-12.878832 -2.789401 0.003217 0.000000
-28.807014 -2.780661 0.001876 0.000000
31.825323 -8.132838 0.002558 0.000000
30.523491 -4.872263 0.001357 0.000000
-33.332114 -1.909865 0.001450 0.000000
13.763105 -3.749357 0.002872 0.000000
1.097075 31.171059 1.049240 0.000000
-1.096738 33.933889 1.442034 0.000000
1.096715 27.820368 1.258109 0.000000
1.097229 32.870469 1.462710 0.000000
1.097354 34.229253 1.740891 0.000000
-1.095825 25.010194 1.287292 0.000000
-37.408784 6.248990 -0.001794 0.000000
-33.021942 3.939714 -0.000916 0.000000
-32.497721 2.459240 -0.000227 0.000000
20.318819 0.942519 -0.000088 0.000000
18.685198 -0.607857 0.000712 0.000000
31.769079 1.627805 -0.001300 0.000000
-26.188976 2.438498 -0.000157 0.000000
-21.033698 -0.023328 0.001102 0.000000
-20.725974 -1.151887 0.001584 0.000000
25.597910 -5.074270 0.001824 0.000000
24.944224 -0.965996 0.000195 0.000000
24.488328 0.538937 -0.000322 0.000000
-17.254822 -2.079937 0.002265 0.000000
-34.348830 -3.304304 0.001980 0.000000
33.454480 -9.690665 0.003051 0.000000
28.156645 -5.701226 0.001870 0.000000
-23.227868 -0.809494 0.001314 0.000000
30.823481 -1.901502 0.000136 0.000000
31.595570 4.800456 -0.002614 0.000000
23.611201 3.661010 -0.001535 0.000000
21.467686 2.219466 -0.000738 0.000000
-33.292806 -2.166339 0.001540 0.000000
21.713318 -4.884502 0.002109 0.000000
26.826470 -4.309016 0.001433 0.000000
37.165634 -3.480284 0.000423 0.000000
-18.256325 -1.408382 0.001884 0.000000
-37.222285 -3.686882 0.002157 0.000000
-34.005624 -0.368677 0.000890 0.000000
31.618326 -0.878971 -0.000265 0.000000
30.639944 0.224326 -0.000702 0.000000
32.413126 1.749289 -0.001379 0.000000
37.784881 3.862205 -0.002565 0.000000
-17.060516 -0.113115 0.001474 0.000000
-32.067787 0.978018 0.000322 0.000000
22.139650 1.263915 -0.000409 0.000000
-1.096766 33.966594 0.710354 0.000000
-1.095604 23.355173 0.337189 0.000000
0.122917 21.493633 -0.008135 0.000000
0.219215 18.513725 -0.006728 0.000000
0.484966 22.374888 -0.008552 0.000000
0.623631 11.902172 -0.003308 0.000000
1.097051 30.999218 1.192584 0.000000
1.096107 23.393988 0.926888 0.000000
-1.095601 23.422514 1.332689 0.000000
1.095460 19.845266 0.805866 0.000000
-0.962362 29.308689 2.361058 0.000000
-1.096162 27.788894 2.067681 0.000000
1.096961 29.849408 2.050050 0.000000
-1.801772 7.752378 1.506128 0.000000
-1.096504 31.188365 2.296680 0.000000
-1.095797 24.811081 1.727156 0.000000
0.411399 33.267690 2.360119 0.000000
0.998222 33.355628 2.360086 0.000000
1.000366 12.550405 -0.003684 0.000000
0.585991 19.354464 -0.007143 0.000000
-1.096172 27.643468 0.414062 0.000000
-1.096754 33.811977 0.192920 0.000000
-0.035885 18.761040 -0.006847 0.000000
-0.545718 18.962237 -0.006928 0.000000
1.096244 24.385582 0.235321 0.000000
1.096951 30.193102 0.010829 0.000000
-39.951426 -2.555407 0.001725 0.000000
-25.149331 -3.756661 0.002394 0.000000
34.854772 -10.436277 0.003268 0.000000
19.190134 -5.839318 0.002763 0.000000
30.643911 -6.270830 0.001934 0.000000
-17.740695 -1.333862 0.001901 0.000000
-23.437277 1.282404 0.000427 0.000000
-25.470541 -2.672080 0.001998 0.000000
-18.411305 -3.510534 0.002753 0.000000
21.696251 -4.105071 0.001806 0.000000
30.541027 -5.795231 0.001746 0.000000
-9.994467 -3.204986 0.004189 0.000000
-17.421854 -3.889026 0.002970 0.000000
-31.070076 -6.640593 0.003419 0.000000
32.983321 5.783610 -0.003017 0.000000
27.457182 -0.024365 -0.000327 0.000000
32.116492 -1.807433 0.000018 0.000000
-23.856239 2.400454 -0.000008 0.000000
-21.683564 -2.984061 0.002244 0.000000
29.515587 -2.382182 0.000416 0.000000
35.598718 -0.895325 -0.000462 0.000000
-31.320135 -1.787330 0.001488 0.000000
17.173685 -1.064084 0.001156 0.000000
-16.806932 -1.560009 0.002093 0.000000
-25.063401 -4.226922 0.002567 0.000000
26.274311 -5.780697 0.002032 0.000000
15.948712 -3.757431 0.002439 0.000000
22.483948 -3.374805 0.001446 0.000000
-25.867396 0.641332 0.000587 0.000000
-27.875572 -5.954296 0.003218 0.000000
-23.313076 -3.067368 0.002248 0.000000
35.436077 -5.450197 0.001276 0.000000
-1.096745 33.792228 0.645322 0.000000
1.096445 25.693089 1.219772 0.000000
1.096195 24.008838 0.810166 0.000000
1.097292 33.551867 2.102312 0.000000
-1.095875 25.300901 1.295335 0.000000
36.919093 -3.081129 0.000333 0.000000
27.967246 -1.041118 -0.000012 0.000000
17.516952 -1.100769 0.001108 0.000000
38.347083 6.532347 -0.003670 0.000000
14.812848 0.980707 0.000679 0.000000
-0.522122 14.223788 -0.004560 0.000000
0.986851 6.099169 0.000631 0.000000
-15.444089 0.534447 0.001389 0.000000
-15.017982 -0.128462 0.001727 0.000000
-15.305217 -0.613455 0.001892 0.000000
36.831813 -4.618554 0.000869 0.000000
-21.502285 -5.379262 0.003218 0.000000
34.979539 -5.396397 0.001341 0.000000
36.935166 -9.087107 0.002638 0.000000
-39.170377 1.217381 0.000224 0.000000
-17.609082 -3.279159 0.002702 0.000000
38.347127 -6.128211 0.001390 0.000000
17.285837 0.956563 0.000295 0.000000
38.331957 2.891379 -0.002205 0.000000
14.793059 -0.563479 0.001339 0.000000
37.895547 -6.536650 0.001670 0.000000
-23.466969 -2.753865 0.002112 0.000000
-29.885092 -5.698862 0.003073 0.000000
26.281322 -6.454093 0.002321 0.000000
25.753704 -2.945491 0.000950 0.000000
-11.610989 -2.720520 0.003497 0.000000
-35.321662 5.317696 -0.001411 0.000000
-28.434325 1.334899 0.000292 0.000000
11.527845 -1.160552 0.002398 0.000000
-38.553089 -0.211398 0.000796 0.000000
25.331904 -1.335366 0.000356 0.000000
12.141565 -2.108141 0.002627 0.000000
24.856621 -0.444541 -0.000009 0.000000
26.321901 0.635379 -0.000504 0.000000
30.024009 2.423498 -0.001545 0.000000
-33.707519 3.117827 -0.000589 0.000000
-20.685292 0.169453 0.001040 0.000000
-8.591467 -0.022348 7.801508 0.000000
-1.095513 22.917395 1.644274 0.000000
-1.095580 23.258761 0.957433 0.000000
-1.096592 32.035338 1.492942 0.000000
1.096886 29.569042 0.463210 0.000000
-1.095593 23.380466 1.135895 0.000000
-1.096071 26.835347 0.720548 0.000000
-1.096478 30.607082 0.390143 0.000000
-14.356200 -4.406988 0.003568 0.000000
-38.997223 -7.755942 0.003790 0.000000
-35.394049 -3.270794 0.002034 0.000000
35.347165 -6.588291 0.001816 0.000000
33.737420 -3.527582 0.000660 0.000000
-18.201182 -3.301466 0.002646 0.000000
-36.816173 -5.572343 0.002923 0.000000
24.657883 -4.369133 0.001638 0.000000
-12.354395 -2.445051 0.003193 0.000000
-26.098533 -2.225314 0.001767 0.000000
-20.711201 2.633290 0.000034 0.000000
35.013071 5.912500 -0.003249 0.000000
25.955429 4.348261 -0.002008 0.000000
32.526725 -5.414479 0.001513 0.000000
-30.011872 3.478625 -0.000612 0.000000
28.833976 1.338898 -0.000998 0.000000
19.270181 0.551251 0.000207 0.000000
-21.248363 1.147347 0.000600 0.000000
-26.135576 0.189819 0.000797 0.000000
-37.732185 5.109558 -0.001441 0.000000
38.007396 -7.153922 0.001887 0.000000
-38.606210 -2.454177 0.001692 0.000000
-24.734347 -3.764781 0.002404 0.000000
32.627516 -2.618032 0.000308 0.000000
26.493035 -5.831115 0.002032 0.000000
15.633883 -1.901955 0.001757 0.000000
-31.291530 -1.592514 0.001382 0.000000
-15.856678 -3.550924 0.003026 0.000000
27.801850 -2.569597 0.000669 0.000000
39.080976 -0.680633 -0.000811 0.000000
-22.498550 -3.399991 0.002374 0.000000
-39.792814 -1.836346 0.001442 0.000000
-0.737581 14.920313 -0.004922 0.000000
0.233449 7.772743 -0.000657 0.000000
0.953306 18.669773 -0.006825 0.000000
0.008040 33.662772 2.360026 0.000000
-1.096482 30.969803 1.998630 0.000000
-0.959233 26.807573 2.361547 0.000000
-0.146033 29.467049 2.361007 0.000000
-1.096152 27.404591 0.251446 0.000000
-0.590631 24.728593 -0.009593 0.000000
0.169283 11.749877 -0.003209 0.000000
-0.900364 25.353022 -0.009866 0.000000
1.096002 22.832653 0.235270 0.000000
0.948757 26.114494 -0.010246 0.000000
0.453609 25.111988 -0.009789 0.000000
1.096131 23.641028 0.591703 0.000000
-1.095529 22.907852 0.566416 0.000000
-1.093985 15.920225 0.428881 0.000000
23.115616 2.054990 -0.000824 0.000000
29.572847 5.734316 -0.002871 0.000000
33.536282 0.674276 -0.001009 0.000000
-24.325077 2.438028 -0.000090 0.000000
15.936109 -2.697984 0.002024 0.000000
35.204379 -0.458497 -0.000699 0.000000
20.077233 -0.663445 0.000600 0.000000
-28.417377 4.434501 -0.000970 0.000000
-29.544676 3.469839 -0.000621 0.000000
-23.945804 -4.109405 0.002566 0.000000
-17.188582 -4.471196 0.003207 0.000000
26.344607 -7.233106 0.002565 0.000000
27.300422 -3.240602 0.000969 0.000000
-28.185681 1.077225 0.000333 0.000000
-18.914579 -1.772587 0.001971 0.000000
-24.697235 -2.138778 0.001771 0.000000
-18.290963 -2.913085 0.002484 0.000000
25.278640 -2.476920 0.000826 0.000000
30.153045 -1.222660 -0.000068 0.000000
35.761204 -5.420790 0.001320 0.000000
-32.343755 -1.759492 0.001465 0.000000
-23.099362 -5.550546 0.003211 0.000000
-14.263569 -0.076188 0.001818 0.000000
-38.230694 6.686166 -0.001977 0.000000
-20.562124 1.757221 0.000387 0.000000
-38.253473 4.179149 -0.000966 0.000000
17.014687 1.779938 -0.000050 0.000000
35.912978 4.928915 -0.002828 0.000000
34.505241 6.160539 -0.003298 0.000000
15.162344 -0.154805 0.001095 0.000000
-34.597884 7.160795 -0.002177 0.000000
-29.096057 3.676365 -0.000723 0.000000
-18.247877 0.668711 0.001047 0.000000
37.846319 -1.098134 -0.000557 0.000000
-0.900745 19.124414 -0.007001 0.000000
-0.272563 9.740081 -0.001985 0.000000
1.097252 33.197272 1.311625 0.000000
-1.096155 27.581440 1.316727 0.000000
-1.096708 33.450661 1.315027 0.000000
1.097029 30.797215 0.989690 0.000000
1.096725 27.969731 1.087796 0.000000
-1.096581 31.947467 1.741767 0.000000
-1.095759 24.577396 2.161445 0.000000
1.097416 34.945051 1.966806 0.000000
-1.096394 29.925952 1.103011 0.000000
-28.409939 -0.882848 0.001115 0.000000
28.104585 -6.575709 0.002243 0.000000
16.759524 -4.185925 0.002473 0.000000
-29.325356 -0.988806 0.001186 0.000000
25.061462 -2.989561 0.001007 0.000000
35.792582 -6.277623 0.001677 0.000000
-19.831736 -2.644637 0.002241 0.000000
25.116800 -6.385385 0.002387 0.000000
19.341071 1.201410 -0.000118 0.000000
23.072529 0.193187 -0.000047 0.000000
33.170331 -1.710161 -0.000060 0.000000
25.297944 1.447616 -0.000796 0.000000
-22.224070 -1.392539 0.001600 0.000000
34.062318 5.988149 -0.003234 0.000000
14.354916 1.158432 0.000680 0.000000
-37.436772 5.919132 -0.001666 0.000000
17.315416 -6.066370 0.003107 0.000000
-36.689065 -3.060160 0.001846 0.000000
-26.548927 -4.164492 0.002500 0.000000
28.858538 -2.665234 0.000641 0.000000
-35.067024 -0.758058 0.000953 0.000000
-12.448427 -3.711023 0.003674 0.000000
-28.038159 -4.928617 0.002738 0.000000
31.075657 -3.524734 0.000846 0.000000
-27.275840 -3.587292 0.002231 0.000000
-32.648429 -6.886465 0.003485 0.000000
1.097248 33.004567 1.723346 0.000000
-1.096181 27.988921 1.899664 0.000000
-1.095507 22.813599 1.850242 0.000000
-0.694287 31.671641 2.360525 0.000000
1.096990 30.303713 1.326822 0.000000
1.096018 22.867423 0.913592 0.000000
-1.095766 24.503098 0.580422 0.000000
0.587780 14.020437 -0.004474 0.000000
-35.942627 4.877958 -0.001238 0.000000
-30.644253 2.588488 -0.000317 0.000000
35.417920 2.354656 -0.001837 0.000000
-26.012204 4.061646 -0.000774 0.000000
35.341025 0.115295 -0.000934 0.000000
-31.533660 4.227063 -0.001006 0.000000
23.478207 0.548012 -0.000226 0.000000
23.277162 -0.813932 0.000327 0.000000
17.053394 -6.253877 0.003216 0.000000
-29.238990 2.450393 -0.000236 0.000000
-20.744529 -1.793119 0.001831 0.000000
34.540391 -6.922122 0.001914 0.000000
24.898724 -3.483851 0.001250 0.000000
34.769479 7.314373 -0.003760 0.000000
25.294670 2.442373 -0.001192 0.000000
-21.201657 3.142247 -0.000177 0.000000
34.502122 -1.108942 -0.000333 0.000000
-17.674162 -2.725371 0.002472 0.000000
-36.223027 -4.659259 0.002575 0.000000
34.194727 -6.186649 0.001702 0.000000
19.785082 -3.677252 0.001859 0.000000
-29.279038 3.266830 -0.000528 0.000000
-33.827704 1.854471 -0.000004 0.000000
15.163356 1.106302 0.000564 0.000000
-17.846652 1.154393 0.000872 0.000000
-30.485267 2.748905 -0.000354 0.000000
-19.611572 0.061080 0.001206 0.000000
35.141643 1.809375 -0.001605 0.000000
31.544643 2.521353 -0.001660 0.000000
34.674558 5.809820 -0.003194 0.000000
33.885097 0.195174 -0.000806 0.000000
1.078658 17.459382 -0.006239 0.000000
-1.096405 29.848169 0.965807 0.000000
0.406713 35.104002 -0.014126 0.000000
0.631252 15.862234 -0.005433 0.000000
-0.210317 34.618307 -0.013907 0.000000
0.309400 14.778504 -0.004867 0.000000
-0.833508 35.062805 -0.014081 0.000000
0.193742 13.936725 -0.004421 0.000000
-1.095973 25.916048 0.053905 0.000000
1.096009 22.826875 0.481195 0.000000
1.095086 18.231849 0.308449 0.000000
1.096705 27.932845 0.269775 0.000000
1.095864 22.056682 0.092624 0.000000
1.095249 18.902728 0.501348 0.000000
-1.096407 29.803980 0.478980 0.000000
-1.096384 29.457959 0.327176 0.000000
-1.096853 35.084112 0.420444 0.000000
-1.095144 20.805426 1.720228 0.000000
1.045860 34.909754 2.359689 0.000000
1.039066 13.772254 -0.004354 0.000000
-0.235590 20.162951 -0.007508 0.000000
-0.805300 23.118792 -0.008861 0.000000
29.693281 -4.942461 0.001492 0.000000
-36.223678 -3.074136 0.001848 0.000000
-24.016078 -0.349925 0.001074 0.000000
-30.972768 1.625512 0.000100 0.000000
27.206959 -6.922211 0.002439 0.000000
34.691458 -3.339170 0.000481 0.000000
-30.272600 -0.772246 0.001055 0.000000
22.393979 -2.726645 0.001175 0.000000
-30.496725 -4.972795 0.002710 0.000000
35.997900 -5.641041 0.001357 0.000000
19.800077 -3.301476 0.001705 0.000000
17.364754 0.318842 0.000554 0.000000
31.025107 3.520316 -0.001987 0.000000
17.652633 1.850208 -0.000137 0.000000
-38.811197 5.635299 -0.001642 0.000000
-36.580521 6.671562 -0.001968 0.000000
26.194801 -1.707235 0.000411 0.000000
-24.665199 2.633788 -0.000124 0.000000
34.994807 0.093027 -0.000821 0.000000
-37.744885 0.816323 0.000297 0.000000
30.427658 -1.516352 0.000008 0.000000
29.787252 2.367010 -0.001512 0.000000
26.464786 3.857868 -0.001865 0.000000
28.731353 5.420614 -0.002617 0.000000
19.196186 -4.391301 0.002210 0.000000
29.894408 -3.857474 0.000975 0.000000
36.264512 -7.425488 0.002009 0.000000
-25.692423 -1.676568 0.001594 0.000000
-30.556345 -4.392861 0.002544 0.000000
-20.027795 -4.784212 0.003117 0.000000
11.785760 -4.303960 0.003593 0.000000
34.399633 -6.338586 0.001717 0.000000
24.622706 -3.102789 0.001133 0.000000
-27.951341 -4.730747 0.002679 0.000000
-18.688555 -4.854984 0.003212 0.000000
-24.315238 -2.172269 0.001795 0.000000
-1.095405 22.209611 1.063932 0.000000
1.096449 25.702068 1.156553 0.000000
-1.096855 35.466378 1.292054 0.000000
-1.094956 19.833680 1.080261 0.000000
-1.096816 35.133297 2.152899 0.000000
1.097286 33.523158 1.744510 0.000000
-1.096613 32.206683 1.714356 0.000000
-1.095637 23.640921 1.142103 0.000000
22.047511 -1.003874 0.000497 0.000000
18.198230 -3.262997 0.001898 0.000000
25.338865 -2.738096 0.000916 0.000000
-20.314777 0.156829 0.001065 0.000000
-19.584071 0.602883 0.000938 0.000000
31.394400 3.068916 -0.001880 0.000000
-0.959770 7.012640 -0.000075 0.000000
-37.570161 3.862183 -0.000837 0.000000
-35.352361 2.065844 -0.000102 0.000000
-36.454749 0.711956 0.000336 0.000000
37.526117 -2.683431 0.000069 0.000000
25.633147 1.849654 -0.001002 0.000000
-35.258574 6.607529 -0.001945 0.000000
-13.618685 1.009224 0.001441 0.000000
-38.463588 -3.024095 0.001876 0.000000
-27.707098 -4.156738 0.002483 0.000000
31.529955 -7.428748 0.002281 0.000000
15.712483 1.256233 0.000400 0.000000
32.164542 6.208561 -0.003216 0.000000
28.530439 3.246141 -0.001758 0.000000
12.813415 0.115295 0.001481 0.000000
25.731715 3.697621 -0.001747 0.000000
-37.154569 8.014873 -0.002513 0.000000
-35.119572 -3.883108 0.002259 0.000000
21.774363 -4.264672 0.001852 0.000000
29.044639 -3.572802 0.000963 0.000000
25.859268 -4.562239 0.001559 0.000000
-12.567303 -4.372559 0.003898 0.000000
-28.116267 -6.300580 0.003331 0.000000
27.111484 -7.131096 0.002504 0.000000
19.369830 -0.265819 0.000510 0.000000
21.709031 0.727167 -0.000159 0.000000
-26.331879 -0.239998 0.000961 0.000000
8.588134 -0.022528 7.802255 0.000000
0.768610 6.883193 -0.000001 0.000000
-1.050136 12.286209 -0.003496 0.000000
-0.598427 11.592701 -0.003105 0.000000
-23.950961 2.062678 0.000087 0.000000
-27.146151 0.890077 0.000469 0.000000
-18.857954 -0.842839 0.001602 0.000000
36.178048 0.397517 -0.001050 0.000000
33.473639 1.292406 -0.001303 0.000000
34.533011 2.649402 -0.001893 0.000000
-1.096637 32.765605 2.251848 0.000000
-1.096660 32.626144 0.460644 0.000000
-1.095682 23.954938 1.349092 0.000000
1.094966 17.734233 0.347748 0.000000
-1.095337 21.720653 0.272056 0.000000
1.095781 21.595774 -0.002666 0.000000
-1.096863 35.245045 0.019175 0.000000
31.250639 -7.852799 0.002526 0.000000
28.851650 -4.669155 0.001415 0.000000
-36.951121 -2.239718 0.001512 0.000000
-24.307629 -3.518727 0.002320 0.000000
-27.452576 -4.216451 0.002526 0.000000
31.140492 -1.293675 -0.000069 0.000000
-32.363024 -0.382092 0.000906 0.000000
-30.633136 -5.127398 0.002766 0.000000
-19.473804 -5.139696 0.003251 0.000000
15.711143 -5.819710 0.003269 0.000000
36.795499 -6.422216 0.001636 0.000000
27.917884 3.318661 -0.001722 0.000000
-33.679814 3.321503 -0.000593 0.000000
-24.656085 -0.316955 0.001039 0.000000
-23.492918 -1.230893 0.001447 0.000000
-35.480174 6.685057 -0.001966 0.000000
18.344872 -1.953369 0.001353 0.000000
27.515932 -0.417208 -0.000196 0.000000
28.183152 1.391716 -0.000974 0.000000
24.779133 1.323140 -0.000712 0.000000
-15.829182 0.453995 0.001374 0.000000
-25.208134 1.476859 0.000297 0.000000
26.498193 0.577398 -0.000553 0.000000
27.363178 3.828947 -0.001891 0.000000
13.587697 0.677378 0.001055 0.000000
-21.888267 -3.984486 0.002662 0.000000
38.197865 -9.209111 0.002641 0.000000
35.956239 -5.341230 0.001214 0.000000
-18.932390 -1.909368 0.002021 0.000000
-33.805736 -2.835515 0.001861 0.000000
-26.563974 0.180953 0.000747 0.000000
-34.213293 2.284245 -0.000258 0.000000
29.519761 -0.480296 -0.000328 0.000000
-35.703467 -3.719809 0.002160 0.000000
23.372468 -1.827661 0.000733 0.000000
-1.096657 32.555588 0.217236 0.000000
-1.095108 20.500079 0.222143 0.000000
0.602050 20.869964 -0.007858 0.000000
-0.390140 31.031537 -0.012373 0.000000
-1.096100 27.299785 2.280128 0.000000
-0.512004 32.409376 2.360350 0.000000
1.096936 29.994386 0.604087 0.000000
-1.095138 20.696857 0.822524 0.000000
-0.161796 24.910285 -0.009687 0.000000
0.197763 13.581843 -0.004230 0.000000
1.097347 34.027749 2.017786 0.000000
20.584326 -2.478585 0.001266 0.000000
30.884007 -1.466919 -0.000031 0.000000
36.458040 4.795057 -0.002789 0.000000
24.926761 3.125404 -0.001406 0.000000
-22.847829 1.587457 0.000341 0.000000
31.355251 -2.645607 0.000449 0.000000
28.386188 -6.150772 0.001992 0.000000
-22.455758 -2.142423 0.001863 0.000000
-32.989741 -0.505957 0.000936 0.000000
38.615792 -4.116080 0.000583 0.000000
14.918064 -3.186920 0.002409 0.000000
25.076752 2.970227 -0.001389 0.000000
29.933717 1.363227 -0.001042 0.000000
37.845907 4.549042 -0.002786 0.000000
-24.630842 -4.192778 0.002573 0.000000
23.056678 -6.285753 0.002532 0.000000
32.808413 -6.269826 0.001748 0.000000
21.495780 2.458279 -0.000848 0.000000
23.147234 3.858506 -0.001607 0.000000
36.075731 1.493231 -0.001465 0.000000
-30.502396 5.941882 -0.001619 0.000000
19.388728 0.320972 0.000281 0.000000
-1.095640 23.708665 1.447383 0.000000
1.097307 33.683387 1.538532 0.000000
1.097276 33.375044 1.479558 0.000000
-1.096421 30.136550 1.247230 0.000000
1.096933 29.642340 1.936361 0.000000
1.096504 26.062036 1.476951 0.000000
-1.095752 24.518632 1.484055 0.000000
-37.136787 -1.900919 0.001473 0.000000
-24.817769 -5.931149 0.003286 0.000000
30.191328 -7.656662 0.002511 0.000000
28.419822 -4.664256 0.001427 0.000000
35.150078 -4.422351 0.000920 0.000000
-18.243210 -1.834282 0.002055 0.000000
-29.216404 -4.130241 0.002465 0.000000
-33.899008 1.500880 0.000137 0.000000
-27.380628 -3.676954 0.002265 0.000000
20.571904 -4.229670 0.001978 0.000000
-22.636519 -1.561865 0.001637 0.000000
30.782012 2.910458 -0.001726 0.000000
36.061691 7.746855 -0.003984 0.000000
28.494527 -3.638869 0.000988 0.000000
-17.811932 1.278023 0.000810 0.000000
-16.222600 0.377522 0.001358 0.000000
-37.596469 3.211976 -0.000646 0.000000
27.403432 -0.669819 -0.000062 0.000000
26.599824 0.239129 -0.000358 0.000000
12.591792 -1.044789 0.002047 0.000000
27.579047 1.431302 -0.000959 0.000000
22.735790 2.947362 -0.001162 0.000000
-36.413033 -2.077618 0.001498 0.000000
22.972882 -7.453359 0.002962 0.000000
11.510312 -5.132228 0.003970 0.000000
20.899436 -2.302154 0.001167 0.000000
-33.188604 -3.334690 0.001992 0.000000
28.529670 -1.473947 0.000189 0.000000
-25.695114 -0.922100 0.001282 0.000000
21.473311 -3.815852 0.001720 0.000000
-26.074830 -4.629229 0.002715 0.000000
39.721530 -6.910733 0.001733 0.000000
-1.096596 32.062203 1.357790 0.000000
-1.006582 19.760759 -0.007303 0.000000
-0.253184 20.971360 -0.007886 0.000000
1.082629 27.132392 -0.010700 0.000000
1.095709 21.157453 0.381841 0.000000
1.097340 34.697423 0.386530 0.000000
1.094943 17.665739 0.105147 0.000000
-1.096579 31.867756 1.064385 0.000000
0.427621 24.168219 -0.009365 0.000000
-1.095739 24.316884 0.745245 0.000000
-1.096226 28.052801 0.209528 0.000000
1.096541 26.547069 0.576584 0.000000
30.831597 4.191223 -0.002301 0.000000
-15.596114 0.383091 0.001427 0.000000
-32.067464 1.860981 0.000014 0.000000
-28.639858 0.231320 0.000672 0.000000
33.115518 0.095711 -0.000734 0.000000
-27.561622 -0.985069 0.001253 0.000000
25.860272 -1.845761 0.000510 0.000000
-23.889315 3.364818 -0.000391 0.000000
-11.458615 -0.047062 0.002363 0.000000
-22.135566 1.893800 0.000239 0.000000
35.599650 -4.252532 0.000853 0.000000
31.382119 -8.088992 0.002557 0.000000
-13.064295 -2.473826 0.003050 0.000000
-29.411020 -2.193569 0.001625 0.000000
-23.915264 -3.389913 0.002298 0.000000
37.539593 -5.910664 0.001361 0.000000
16.544243 0.728972 0.000492 0.000000
-13.007318 -4.004155 0.003697 0.000000
-30.493641 -5.870082 0.003127 0.000000
19.482543 -5.479491 0.002597 0.000000
25.972101 -5.319310 0.001901 0.000000
39.545959 -4.965626 0.000874 0.000000
20.132276 -2.968449 0.001504 0.000000
-24.010545 -2.829494 0.002116 0.000000
-22.071900 2.999083 -0.000214 0.000000
27.021996 2.197169 -0.001220 0.000000
24.731596 2.535469 -0.001168 0.000000
12.388802 -0.002139 0.001638 0.000000
24.420887 3.560682 -0.001565 0.000000
29.184499 -0.345422 -0.000340 0.000000
-39.323687 -0.402165 0.000787 0.000000
-25.509165 -2.275243 0.001797 0.000000
26.087828 -1.515550 0.000389 0.000000
35.897520 1.703575 -0.001602 0.000000
-28.970851 1.226951 0.000266 0.000000
-26.763670 4.372315 -0.000966 0.000000
26.468822 3.080183 -0.001532 0.000000
23.828875 3.369790 -0.001449 0.000000
-1.095622 23.593957 1.600575 0.000000
1.097462 35.466157 2.195143 0.000000
1.097375 34.640316 0.993745 0.000000
1.096026 22.875477 1.041475 0.000000
-1.094830 19.204295 0.658445 0.000000
-21.703432 -4.340237 0.002786 0.000000
38.754123 -11.062777 0.003392 0.000000
20.100215 -5.930615 0.002681 0.000000
32.866233 -6.487549 0.001905 0.000000
-31.020766 -0.253930 0.000881 0.000000
-37.675577 -4.841416 0.002601 0.000000
20.752056 -5.983230 0.002642 0.000000
-34.382871 3.089347 -0.000508 0.000000
33.442405 -2.102482 0.000130 0.000000
-37.106967 -5.631380 0.002871 0.000000
23.340500 -3.324057 0.001341 0.000000
-14.437132 1.047127 0.001309 0.000000
26.714409 -0.468464 -0.000105 0.000000
26.802819 1.038747 -0.000714 0.000000
28.681940 4.457031 -0.002286 0.000000
31.794499 -5.394049 0.001511 0.000000
23.239611 -2.669131 0.001089 0.000000
39.914332 -1.319809 -0.000589 0.000000
30.221868 2.222203 -0.001480 0.000000
-27.547859 -0.027289 0.000869 0.000000
31.265509 0.009749 -0.000584 0.000000
29.570486 0.893554 -0.000833 0.000000
13.373321 -0.830746 0.001756 0.000000
34.282487 4.256674 -0.002488 0.000000
14.991378 0.459798 0.000875 0.000000
27.551865 4.343587 -0.002127 0.000000
-32.785417 -3.891821 0.002307 0.000000
35.415504 -6.617893 0.001792 0.000000
14.322725 -4.370945 0.002988 0.000000
32.586738 -2.467550 0.000326 0.000000
-20.974307 -2.998904 0.002332 0.000000
-16.459930 -3.932431 0.003116 0.000000
31.274754 -8.999317 0.002911 0.000000
-0.323206 12.562868 -0.003660 0.000000
0.707087 11.111709 -0.002850 0.000000
-0.809480 31.493308 2.360571 0.000000
-1.095774 24.635042 1.918803 0.000000
0.866535 17.989940 -0.006494 0.000000
0.006624 15.046417 -0.004999 0.000000
-1.095803 24.674932 0.248658 0.000000
-1.096792 34.192468 0.330016 0.000000
1.095825 21.843527 0.235988 0.000000
0.761244 25.728467 -0.010071 0.000000
-1.095865 25.157409 0.505799 0.000000
20.290583 1.480032 -0.000319 0.000000
32.991244 6.094848 -0.003217 0.000000
-33.444329 1.688124 0.000028 0.000000
-15.995102 0.820121 0.001201 0.000000
36.455138 -1.231552 -0.000454 0.000000
14.341527 -2.128663 0.002097 0.000000
31.625354 0.679392 -0.000946 0.000000
13.624791 -1.092640 0.001823 0.000000
-27.644871 -1.233558 0.001294 0.000000
20.979098 -1.852052 0.000982 0.000000
33.523736 -0.348069 -0.000646 0.000000
-29.650597 -4.349828 0.002542 0.000000
16.343944 -6.241338 0.003312 0.000000
23.648983 -4.477527 0.001742 0.000000
27.026552 -3.088267 0.000943 0.000000
-16.307894 -0.392993 0.001674 0.000000
-32.803679 0.410656 0.000512 0.000000
24.229049 2.072251 -0.000918 0.000000
24.838183 -0.730533 0.000150 0.000000
26.461828 -4.979904 0.001726 0.000000
-34.514814 -1.763441 0.001439 0.000000
37.637242 -9.472679 0.002749 0.000000
21.445574 0.982993 -0.000223 0.000000
-37.011835 7.415277 -0.002354 0.000000
-19.279655 2.171474 0.000304 0.000000
-32.098316 4.174210 -0.000920 0.000000
11.431737 -2.065711 0.002820 0.000000
30.103949 0.983804 -0.000900 0.000000
-0.449622 22.663189 -0.008664 0.000000
1.012336 14.776895 -0.004883 0.000000
-1.086848 8.345108 -0.001051 0.000000
1.097038 30.824986 1.227746 0.000000
1.096493 26.036787 1.099309 0.000000
-1.095813 25.013108 2.226574 0.000000
-1.096700 33.461657 1.850707 0.000000
-1.096041 26.710871 1.582783 0.000000
-38.204613 -5.344663 0.002828 0.000000
-32.198800 -1.980876 0.001536 0.000000
-25.980736 -3.266873 0.002163 0.000000
-29.742263 -1.089594 0.001240 0.000000
-24.470833 -5.287943 0.003069 0.000000
24.966155 -5.280431 0.001947 0.000000
38.239566 -5.195614 0.001092 0.000000
-32.810693 -1.437824 0.001327 0.000000
24.587566 1.847472 -0.000861 0.000000
-28.217601 4.592143 -0.001028 0.000000
-25.802836 2.910758 -0.000333 0.000000
-25.657731 1.845669 0.000162 0.000000
15.683866 -3.252309 0.002291 0.000000
32.358224 -1.475020 -0.000085 0.000000
18.775061 -1.207712 0.000993 0.000000
-21.102214 -2.406569 0.002077 0.000000
-34.222336 0.366870 0.000590 0.000000
39.529393 -1.174371 -0.000631 0.000000
38.663830 0.269981 -0.001165 0.000000
14.981365 -1.476462 0.001703 0.000000
24.726916 -6.353181 0.002397 0.000000
-31.649103 -0.100029 0.000811 0.000000
-35.874247 -0.676962 0.000920 0.000000
-28.190761 -5.103508 0.002874 0.000000
31.453244 -2.233452 0.000269 0.000000
20.971386 -4.057678 0.001860 0.000000
-31.008572 -3.423078 0.002078 0.000000
-38.612656 -7.726490 0.003776 0.000000
21.537059 -6.271947 0.002658 0.000000
36.872996 -7.006351 0.001816 0.000000
1.097022 30.506815 1.831991 0.000000
-0.979551 31.650898 2.360539 0.000000
1.095801 21.604170 1.065573 0.000000
1.096524 26.346764 0.963342 0.000000
1.097421 35.245928 0.740136 0.000000
31.628529 5.394036 -0.002853 0.000000
24.669848 4.399806 -0.001928 0.000000
-17.842513 0.401234 0.001169 0.000000
32.045314 2.060140 -0.001457 0.000000
-16.966040 1.826680 0.000678 0.000000
22.129584 -0.995361 0.000525 0.000000
22.605464 0.471024 -0.000119 0.000000
23.300726 -4.268842 0.001706 0.000000
-32.503638 -3.736057 0.002194 0.000000
-35.009781 0.703268 0.000447 0.000000
-33.358135 -0.782975 0.001059 0.000000
34.176167 -6.510984 0.001832 0.000000
24.520052 -3.261636 0.001210 0.000000
14.983872 1.492399 0.000424 0.000000
21.212285 2.790159 -0.000950 0.000000
34.207493 -5.478476 0.001442 0.000000
-35.845962 -1.997222 0.001483 0.000000
-23.846470 -5.664841 0.003217 0.000000
32.843974 -9.403150 0.002977 0.000000
13.594349 -5.304018 0.003480 0.000000
26.986849 -5.422439 0.001866 0.000000
27.260402 2.641125 -0.001384 0.000000
-35.765729 1.997243 -0.000148 0.000000
-30.020101 3.232910 -0.000514 0.000000
-22.892954 -0.560006 0.001227 0.000000
23.670464 0.127306 -0.000131 0.000000
-32.798225 2.774757 -0.000442 0.000000
18.894221 0.204435 0.000378 0.000000
19.318913 1.062642 -0.000026 0.000000
-0.597494 16.838559 -0.005897 0.000000
-0.270272 17.597027 -0.006277 0.000000
0.925055 22.131686 -0.008451 0.000000
1.097219 33.204440 0.199243 0.000000
-1.096695 33.110200 0.935619 0.000000
0.010534 18.439902 -0.006694 0.000000
1.097162 32.372384 0.309234 0.000000
-1.096667 32.769482 0.300353 0.000000
1.008245 16.181463 -0.005604 0.000000
0.467357 20.602571 -0.007729 0.000000
-0.443246 31.276204 -0.012471 0.000000
-1.096666 32.689579 0.090368 0.000000
-1.096689 33.439186 2.257672 0.000000
-1.095585 23.189836 0.136226 0.000000
-0.368194 28.541952 -0.011286 0.000000
-1.011501 34.304160 -0.013756 0.000000
-0.720729 16.336787 -0.005640 0.000000
-1.094464 17.604178 -0.002061 0.000000
0.899966 9.415454 -0.001807 0.000000
0.960130 7.266808 -0.000308 0.000000
-28.316523 -4.363796 0.002549 0.000000
28.204645 -7.410264 0.002539 0.000000
27.371269 -4.664604 0.001486 0.000000
-37.430564 1.117305 0.000264 0.000000
-30.285609 -0.969734 0.001102 0.000000
-26.919254 -2.174344 0.001699 0.000000
34.597485 -3.161934 0.000450 0.000000
22.552261 -0.874834 0.000432 0.000000
-13.581509 -3.707977 0.003437 0.000000
-32.539000 -5.177335 0.002783 0.000000
37.851934 -9.638198 0.002806 0.000000
-28.105253 -1.894380 0.001537 0.000000
20.067288 2.068425 -0.000524 0.000000
27.139599 2.933514 -0.001498 0.000000
17.360766 -2.470506 0.001691 0.000000
22.998401 -0.365295 0.000138 0.000000
-29.731006 5.244045 -0.001402 0.000000
-17.068659 1.559607 0.000754 0.000000
-26.656225 2.859230 -0.000283 0.000000
-38.121832 0.691649 0.000433 0.000000
35.623113 -7.190589 0.001954 0.000000
29.292178 -3.605950 0.000937 0.000000
-28.489443 -3.145665 0.002092 0.000000
22.564292 -6.592676 0.002644 0.000000
-31.542457 -4.545181 0.002584 0.000000
24.353701 -5.396228 0.002067 0.000000
37.392764 -5.177913 0.001117 0.000000
19.701398 -3.148750 0.001627 0.000000
-26.538541 -1.712683 0.001577 0.000000
22.547509 -5.476164 0.002237 0.000000
-34.138549 -5.031728 0.002741 0.000000
23.932783 -8.044468 0.003079 0.000000
15.574835 -5.246796 0.003055 0.000000
1.097284 33.527658 1.196783 0.000000
-1.096602 32.132100 1.103723 0.000000
1.096942 29.827034 1.546293 0.000000
-1.096060 26.877836 1.589554 0.000000
1.096541 26.332030 1.669441 0.000000
15.351428 -2.057998 0.001855 0.000000
-32.016668 3.138656 -0.000503 0.000000
-35.586031 2.406944 -0.000245 0.000000
24.666878 -2.473955 0.000884 0.000000
-34.544951 6.364261 -0.001857 0.000000
20.577245 1.948826 -0.000554 0.000000
37.048983 -2.470230 0.000009 0.000000
-19.260912 0.067803 0.001232 0.000000
-32.468878 0.190896 0.000614 0.000000
-22.719276 -1.706029 0.001692 0.000000
-14.912361 -3.375895 0.003079 0.000000
30.516815 -7.173542 0.002245 0.000000
17.731000 -4.395352 0.002368 0.000000
27.084653 -4.173453 0.001365 0.000000
37.844199 0.928332 -0.001387 0.000000
35.081913 6.471475 -0.003427 0.000000
-20.506673 2.406565 0.000133 0.000000
-35.634857 -4.135699 0.002372 0.000000
-22.629738 -4.600299 0.002837 0.000000
36.384847 -7.244557 0.001936 0.000000
29.773520 -2.517254 0.000505 0.000000
-28.057616 -1.295783 0.001328 0.000000
23.331869 -6.424611 0.002544 0.000000
39.482968 3.243864 -0.002397 0.000000
30.218355 -1.700821 0.000173 0.000000
30.218116 -0.520639 -0.000374 0.000000
32.716706 0.864041 -0.001067 0.000000
-26.813487 -0.565552 0.001059 0.000000
17.364177 1.646834 -0.000015 0.000000
20.736251 0.401043 0.000093 0.000000
-24.459507 2.099812 0.000062 0.000000
-28.259863 0.772177 0.000527 0.000000
20.352760 -1.090564 0.000751 0.000000
-1.096208 28.172062 1.795611 0.000000
1.096611 26.911053 1.286494 0.000000
-1.096439 30.400149 1.122629 0.000000
1.097310 33.885333 1.183250 0.000000
1.096506 26.235625 0.774394 0.000000
1.097122 31.924345 0.715352 0.000000
1.096287 24.675019 0.235002 0.000000
-1.096666 32.835860 0.641815 0.000000
-1.095214 21.064120 0.655019 0.000000
-0.048426 23.082636 -0.008862 0.000000
-32.631620 -3.765867 0.002169 0.000000
29.789031 -7.439702 0.002456 0.000000
27.592095 -4.562104 0.001464 0.000000
-27.506710 -4.544363 0.002648 0.000000
29.665933 -5.259019 0.001620 0.000000
37.709547 -4.561975 0.000854 0.000000
28.494674 -5.726687 0.001818 0.000000
-30.077148 -2.114583 0.001570 0.000000
-34.138262 -5.287147 0.002782 0.000000
-20.874877 -5.344828 0.003230 0.000000
35.154021 -9.966093 0.003071 0.000000
11.805859 0.176998 0.001708 0.000000
23.822413 2.591411 -0.001108 0.000000
18.478611 2.168625 -0.000384 0.000000
25.646679 -0.534044 -0.000011 0.000000
26.772564 1.253876 -0.000847 0.000000
16.746686 0.430991 0.000596 0.000000
17.821795 1.549724 -0.000032 0.000000
-25.414574 3.096670 -0.000351 0.000000
-27.016894 -4.162312 0.002493 0.000000
34.359080 -8.588768 0.002572 0.000000
32.355646 -5.032586 0.001287 0.000000
-22.066492 -1.779548 0.001743 0.000000
-35.158598 -0.535875 0.000848 0.000000
-31.134051 -1.874565 0.001505 0.000000
35.266898 -7.756930 0.002268 0.000000
20.666349 -1.173189 0.000751 0.000000
39.449869 -3.003114 0.000178 0.000000
38.267624 -9.839425 0.002862 0.000000
1.046160 25.563421 -0.010004 0.000000
0.609193 28.001590 -0.011072 0.000000
0.144716 32.139579 -0.012861 0.000000
1.097269 33.702168 0.181152 0.000000
-1.095999 26.158947 0.340411 0.000000
-1.095651 23.779469 1.930757 0.000000
-1.095672 23.959258 2.219187 0.000000
-1.095886 25.356100 0.945035 0.000000
0.432960 17.192925 -0.006093 0.000000
0.759787 10.786897 -0.002656 0.000000
-0.254458 18.782144 -0.006850 0.000000
0.820071 28.379271 -0.011241 0.000000
1.034176 16.782789 -0.005904 0.000000
1.096638 27.308911 0.593765 0.000000
-1.096846 35.213498 0.918048 0.000000
30.905405 3.873373 -0.002125 0.000000
22.531904 2.779864 -0.001060 0.000000
17.562594 -1.380206 0.001227 0.000000
-24.871430 4.188685 -0.000788 0.000000
-29.234612 2.861765 -0.000415 0.000000
29.253235 -1.326537 0.000015 0.000000
30.349560 -2.483180 0.000462 0.000000
26.136339 -0.625979 -0.000037 0.000000
-26.144847 -1.998780 0.001691 0.000000
-30.856854 -4.624045 0.002547 0.000000
-20.303035 -5.179838 0.003220 0.000000
-39.864998 -1.562789 0.001243 0.000000
-31.687129 -3.033172 0.001940 0.000000
37.712997 -3.946322 0.000564 0.000000
33.603962 3.946579 -0.002333 0.000000
23.216238 2.414584 -0.000970 0.000000
-29.189872 -0.343315 0.000878 0.000000
36.560391 -5.096085 0.001154 0.000000
36.515100 4.235763 -0.002614 0.000000
35.580942 5.630086 -0.003163 0.000000
38.429731 4.888848 -0.002977 0.000000
32.815728 5.113795 -0.002790 0.000000
-33.688766 6.416137 -0.001914 0.000000
24.490455 -1.990826 0.000650 0.000000
27.011406 0.174427 -0.000427 0.000000
31.612293 1.876033 -0.001348 0.000000
1.097100 31.413215 1.418171 0.000000
1.095799 21.520478 1.416433 0.000000
0.008858 34.242829 2.359879 0.000000
1.097395 34.772169 1.576626 0.000000
33.568903 -4.265483 0.000934 0.000000
-33.447828 0.371415 0.000509 0.000000
-23.507405 -1.611220 0.001632 0.000000
-13.915385 -1.106913 0.002319 0.000000
-34.698928 1.216166 0.000166 0.000000
-22.100256 -0.980291 0.001418 0.000000
-27.646268 -3.874361 0.002403 0.000000
32.843857 -6.894097 0.002051 0.000000
28.419794 -2.525666 0.000606 0.000000
-25.893985 4.701716 -0.001020 0.000000
13.058247 -0.000715 0.001473 0.000000
-22.716723 -0.242040 0.001104 0.000000
-23.000170 1.627870 0.000319 0.000000
23.470332 -1.567292 0.000572 0.000000
-39.122174 3.280813 -0.000608 0.000000
-23.397034 0.190374 0.000874 0.000000
19.915501 1.055108 -0.000084 0.000000
33.417206 6.680846 -0.003421 0.000000
22.125376 -7.357018 0.002981 0.000000
37.837863 -8.784905 0.002466 0.000000
14.570773 -4.996843 0.003160 0.000000
24.520473 -4.061329 0.001527 0.000000
-33.272084 -3.356398 0.002052 0.000000
30.843092 -6.031576 0.001773 0.000000
-17.136160 -3.129776 0.002689 0.000000
38.044723 -10.658730 0.003193 0.000000
-1.096379 29.840074 2.111077 0.000000
1.097191 32.559075 0.864204 0.000000
1.097044 31.165445 0.447471 0.000000
-1.096837 35.133900 1.347746 0.000000
1.096328 24.999410 0.020046 0.000000
-1.096029 26.484864 0.890849 0.000000
0.223679 33.321696 -0.013364 0.000000
-1.096537 31.212323 0.464645 0.000000
-0.329170 30.502692 -0.012141 0.000000
-1.095770 24.437176 0.060285 0.000000
-1.096827 34.536360 0.199704 0.000000
-0.678109 20.391468 -0.007607 0.000000
-0.100101 24.335386 -0.009428 0.000000
0.819200 32.676613 -0.013103 0.000000
-0.584446 28.201512 -0.011133 0.000000
26.181150 3.290512 -0.001584 0.000000
-29.645160 4.394488 -0.000974 0.000000
32.797577 2.206095 -0.001546 0.000000
-12.751794 0.565213 0.001797 0.000000
-25.290239 4.370386 -0.000880 0.000000
-13.773720 0.616180 0.001595 0.000000
-33.231174 5.005678 -0.001346 0.000000
22.714380 -2.201983 0.000950 0.000000
34.064448 1.398857 -0.001367 0.000000
-21.311454 -1.649589 0.001734 0.000000
-26.074333 -3.915457 0.002433 0.000000
23.718180 -7.828617 0.003062 0.000000
-37.019159 -1.614219 0.001359 0.000000
32.460469 -4.281071 0.001069 0.000000
35.867548 5.112275 -0.002890 0.000000
25.338727 3.572147 -0.001672 0.000000
20.385527 2.901973 -0.000905 0.000000
-13.544907 -1.540976 0.002569 0.000000
-30.917177 0.083859 0.000675 0.000000
32.862424 -3.238670 0.000546 0.000000
13.807302 -2.815911 0.002494 0.000000
15.962545 -2.267918 0.001819 0.000000
-38.731360 -3.765978 0.002123 0.000000
-22.464206 -4.227005 0.002694 0.000000
38.906109 -10.081753 0.002928 0.000000
28.291754 -5.369837 0.001750 0.000000
38.458968 1.409145 -0.001537 0.000000
34.347566 3.713618 -0.002325 0.000000
38.666988 6.056673 -0.003489 0.000000
-39.236370 3.655298 -0.000760 0.000000
30.297115 1.805225 -0.001240 0.000000
29.499006 5.265189 -0.002672 0.000000
-35.162274 5.248192 -0.001428 0.000000
20.584170 -0.461459 0.000472 0.000000
-0.500214 25.497167 -0.009942 0.000000
-1.033475 28.050320 -0.011055 0.000000
-1.094930 19.599036 0.099600 0.000000
-0.117972 23.787175 -0.009181 0.000000
1.095611 20.654187 0.160711 0.000000
0.746237 21.925114 -0.008349 0.000000
0.267758 22.519582 -0.008612 0.000000
1.097205 32.779021 0.956673 0.000000
-1.096639 32.492870 0.952963 0.000000
1.096534 26.417578 0.609020 0.000000
-1.096194 27.976879 0.940088 0.000000
-1.096580 32.079272 2.343233 0.000000
4.992972 -0.032424 6.633282 0.000000
-24.223628 -1.960277 0.001711 0.000000
-28.423346 -4.539354 0.002588 0.000000
31.774441 -9.907018 0.003238 0.000000
-10.519319 -1.831982 0.003440 0.000000
-36.184707 -2.951181 0.001895 0.000000
36.461966 -8.805488 0.002549 0.000000
-39.347457 2.191868 -0.000242 0.000000
-34.556795 -3.189013 0.002003 0.000000
-21.304033 -4.176348 0.002771 0.000000
-9.025263 -3.641432 0.004745 0.000000
-17.847071 0.144924 0.001289 0.000000
38.733743 -2.170584 -0.000193 0.000000
19.840714 -1.610599 0.001020 0.000000
32.750762 0.048085 -0.000702 0.000000
13.245441 -0.666692 0.001726 0.000000
-14.660393 -2.162364 0.002639 0.000000
-27.028780 0.258903 0.000706 0.000000
-27.852299 4.823394 -0.001119 0.000000
-26.064775 2.681592 -0.000210 0.000000
27.618041 2.622170 -0.001399 0.000000
24.670161 4.013670 -0.001753 0.000000
-34.830141 0.516380 0.000434 0.000000
-24.375581 -1.496063 0.001517 0.000000
29.350761 -8.319279 0.002769 0.000000
36.114181 -3.476957 0.000547 0.000000
28.757207 -1.205556 -0.000000 0.000000
30.131532 -6.686925 0.002129 0.000000
19.669234 -3.586076 0.001835 0.000000
27.502912 -2.787375 0.000776 0.000000
-36.648517 -2.735151 0.001709 0.000000
-22.127952 -3.372236 0.002388 0.000000
-25.795892 -5.847467 0.003198 0.000000
-37.963069 -1.973702 0.001466 0.000000
1.096482 25.895120 1.328442 0.000000
-1.096581 32.021534 2.069141 0.000000
-1.096797 34.867842 2.329517 0.000000
-1.095475 22.575600 0.723330 0.000000
1.096610 26.868546 1.571823 0.000000
9.338439 -0.021381 7.802784 0.000000
15.559420 1.621470 0.000258 0.000000
-27.051383 2.449419 -0.000189 0.000000
-26.227524 1.262976 0.000380 0.000000
18.317174 0.261802 0.000434 0.000000
-35.280068 7.411787 -0.002266 0.000000
27.284282 1.017570 -0.000726 0.000000
21.315765 0.042180 0.000186 0.000000
-33.116717 6.603466 -0.001992 0.000000
21.932415 -1.398292 0.000711 0.000000
-23.930619 -4.366445 0.002675 0.000000
26.686489 -8.298641 0.002950 0.000000
-23.164563 -1.170250 0.001438 0.000000
-18.068597 -1.273658 0.001843 0.000000
30.684459 -4.460023 0.001234 0.000000
28.799033 3.880971 -0.001991 0.000000
21.861685 3.150675 -0.001155 0.000000
-32.134772 6.304860 -0.001854 0.000000
27.627358 3.906759 -0.001939 0.000000
25.084157 4.133313 -0.001867 0.000000
23.954009 -5.042120 0.001912 0.000000
29.673849 -4.315179 0.001234 0.000000
15.767678 -2.816644 0.002099 0.000000
-22.886495 -2.266934 0.001893 0.000000
-16.800547 -4.851994 0.003411 0.000000
20.477729 -5.960362 0.002659 0.000000
-30.109235 1.770886 0.000081 0.000000
28.526313 0.352094 -0.000606 0.000000
-30.787159 3.015529 -0.000434 0.000000
30.064526 3.890608 -0.002105 0.000000
14.154818 0.583364 0.000973 0.000000
-18.421566 1.210385 0.000777 0.000000
30.218242 5.614170 -0.002859 0.000000
-1.096235 28.006491 0.057654 0.000000
1.097000 30.560679 0.823073 0.000000
-1.096206 28.080629 1.334124 0.000000
-1.096839 35.162442 1.152637 0.000000
-0.339285 19.396062 -0.007145 0.000000
1.096004 22.850751 0.193005 0.000000
-0.774797 22.190732 -0.008441 0.000000
0.898300 30.948278 -0.012360 0.000000
0.353919 29.361454 -0.011661 0.000000
-1.001384 29.068161 -0.011502 0.000000
-0.146327 28.495569 -0.011271 0.000000
-0.640239 28.325584 -0.011189 0.000000
1.095354 19.408032 0.136010 0.000000
1.095402 19.595785 0.655785 0.000000
0.479262 33.050189 2.360168 0.000000
-1.095495 22.810170 2.032715 0.000000
-1.096544 31.585388 1.953524 0.000000
-1.096718 33.426808 0.452158 0.000000
-0.305451 34.545189 -0.013874 0.000000
0.467437 15.595813 -0.005293 0.000000
0.771992 30.389918 -0.012116 0.000000
0.269260 31.913280 -0.012761 0.000000
28.197293 -8.941756 0.003124 0.000000
25.905508 -5.763684 0.002043 0.000000
-25.444483 -3.925456 0.002449 0.000000
-18.061657 -0.506203 0.001527 0.000000
-11.014697 -3.013379 0.003775 0.000000
-32.243487 -2.575540 0.001787 0.000000
36.054189 -1.886690 -0.000086 0.000000
23.083206 -0.535754 0.000244 0.000000
26.798916 -2.004198 0.000470 0.000000
-12.746501 0.223512 0.001955 0.000000
-28.333207 3.727080 -0.000742 0.000000
-31.411035 2.205556 -0.000137 0.000000
23.563892 0.713598 -0.000315 0.000000
21.974289 1.222863 -0.000378 0.000000
22.173317 2.367322 -0.000868 0.000000
32.795080 -3.516256 0.000740 0.000000
35.630025 -2.040286 -0.000013 0.000000
38.773695 -11.518251 0.003498 0.000000
21.765671 -5.186490 0.002218 0.000000
34.626655 -5.056332 0.001211 0.000000
-24.110600 0.328044 0.000800 0.000000
-27.701387 -3.190612 0.002113 0.000000
-35.011575 -6.763820 0.003416 0.000000
1.096486 26.188459 0.268943 0.000000
1.097331 34.160186 0.572375 0.000000
1.096337 24.975415 0.698106 0.000000
1.096919 29.695326 0.985198 0.000000
-1.096390 29.765282 0.777224 0.000000
1.097162 32.011186 1.774989 0.000000
16.512412 -2.372086 0.001791 0.000000
15.569906 -1.288260 0.001513 0.000000
-19.886470 1.353463 0.000605 0.000000
29.324811 -3.381316 0.000877 0.000000
35.189928 2.540143 -0.001885 0.000000
16.407231 0.848853 0.000472 0.000000
31.814283 4.895562 -0.002600 0.000000
-0.990064 8.001687 -0.000812 0.000000
-32.993306 3.833643 -0.000795 0.000000
-15.188126 1.017160 0.001246 0.000000
-37.106980 6.059247 -0.001788 0.000000
-32.294568 2.410328 -0.000211 0.000000
-34.544466 1.421528 0.000161 0.000000
28.631748 -4.316083 0.001287 0.000000
37.152462 -0.779121 -0.000624 0.000000
32.069697 -8.158180 0.002559 0.000000
18.989970 -4.848240 0.002387 0.000000
19.751231 -7.039615 0.003135 0.000000
30.763414 -4.873753 0.001347 0.000000
-32.980568 -1.935089 0.001458 0.000000
-39.527205 -5.720674 0.002923 0.000000
-16.784587 -3.299242 0.002799 0.000000
-36.696067 0.897672 0.000259 0.000000
32.114770 1.933184 -0.001420 0.000000
20.462962 0.979004 -0.000116 0.000000
-11.330609 -0.208988 0.002471 0.000000
21.774613 1.571269 -0.000496 0.000000
26.722976 -2.639004 0.000780 0.000000
-28.627617 -2.716076 0.001915 0.000000
-19.048033 -3.597017 0.002730 0.000000
-39.266011 -6.580802 0.003319 0.000000
19.165647 -3.404474 0.001821 0.000000
-36.920079 2.676871 -0.000361 0.000000
17.927316 -2.263452 0.001538 0.000000
18.523068 -1.799875 0.001265 0.000000
0.808915 6.900082 -0.000016 0.000000
-27.483771 4.867039 -0.001189 0.000000
-33.702999 -0.585535 0.000948 0.000000
31.946735 -0.843972 -0.000292 0.000000
30.872332 0.262513 -0.000729 0.000000
32.682184 1.703101 -0.001419 0.000000
38.159734 3.947682 -0.002614 0.000000
-1.095801 24.853336 1.321006 0.000000
1.097403 34.958075 1.620810 0.000000
1.097281 33.661422 1.179159 0.000000
1.096137 23.666383 0.348360 0.000000
-1.095169 20.853349 0.653763 0.000000
-1.095530 22.888819 0.384218 0.000000
1.096921 29.761550 0.751373 0.000000
36.921231 -6.969903 0.001845 0.000000
20.929478 -3.910927 0.001809 0.000000
-37.000912 -3.757116 0.002209 0.000000
-34.163519 -3.217857 0.001956 0.000000
-24.517186 -4.297099 0.002621 0.000000
33.671681 -9.718545 0.003056 0.000000
18.682360 -2.175577 0.001397 0.000000
-32.925782 -2.189056 0.001548 0.000000
27.067680 -4.309872 0.001422 0.000000
37.269127 -3.330589 0.000422 0.000000
23.808177 3.726998 -0.001579 0.000000
-25.839322 2.491740 -0.000110 0.000000
31.049764 -1.879576 0.000118 0.000000
25.116484 -0.980480 0.000197 0.000000
24.701545 0.579948 -0.000352 0.000000
-25.030440 1.818145 0.000194 0.000000
-31.807095 0.767414 0.000455 0.000000
21.703586 0.307913 -0.000011 0.000000
-39.593596 -2.577006 0.001728 0.000000
35.085300 -10.441695 0.003333 0.000000
30.934343 -6.289023 0.001929 0.000000
-23.510763 1.107118 0.000494 0.000000
-19.609009 -0.205150 0.001279 0.000000
25.977774 -2.699847 0.000861 0.000000
-20.499422 -0.921421 0.001503 0.000000
-25.324237 -2.685272 0.002004 0.000000
25.270507 -3.300926 0.001157 0.000000
16.764060 -1.737404 0.001497 0.000000
-30.907706 -6.761062 0.003427 0.000000
19.869354 -5.589459 0.002593 0.000000
30.602443 -5.626998 0.001710 0.000000
18.490129 -3.549802 0.001970 0.000000
0.101755 21.729148 -0.008244 0.000000
-0.801085 22.353591 -0.008515 0.000000
-0.295835 21.243139 -0.008013 0.000000
-0.627945 21.358944 -0.008059 0.000000
0.586480 18.121664 -0.006549 0.000000
-1.093867 15.506949 0.051003 0.000000
0.106230 32.254043 2.360372 0.000000
1.096990 30.581663 0.037311 0.000000
0.065010 18.874087 -0.006903 0.000000
-1.096719 33.326553 0.197086 0.000000
-1.096714 33.303532 0.643565 0.000000
21.355131 1.592707 -0.000463 0.000000
33.164692 5.742965 -0.003078 0.000000
25.659136 4.466259 -0.002017 0.000000
-19.743400 1.579857 0.000519 0.000000
32.347694 -1.762939 0.000018 0.000000
17.818883 -1.452608 0.001224 0.000000
27.649799 -0.175334 -0.000289 0.000000
17.973068 -0.410206 0.000772 0.000000
-23.770949 2.014484 0.000109 0.000000
-25.873778 1.640563 0.000221 0.000000
37.372403 -3.066895 0.000311 0.000000
-11.778798 -0.280195 0.002392 0.000000
28.155926 -1.015474 -0.000032 0.000000
-23.214961 3.119751 -0.000289 0.000000
22.910384 -6.617551 0.002630 0.000000
22.665699 -4.271621 0.001753 0.000000
-17.514200 -1.892398 0.002151 0.000000
26.468591 -5.790280 0.002023 0.000000
38.709722 6.763065 -0.003687 0.000000
29.633504 -2.263256 0.000399 0.000000
-31.024615 -1.617667 0.001393 0.000000
27.043260 -3.595054 0.001142 0.000000
35.747507 -0.997166 -0.000425 0.000000
-23.940689 0.001226 0.000982 0.000000
-23.056827 -3.087435 0.002261 0.000000
-27.678159 -5.946064 0.003217 0.000000
-23.606508 2.559570 -0.000109 0.000000
18.292594 0.795882 0.000223 0.000000
18.580855 1.302022 -0.000025 0.000000
16.983514 1.077539 0.000279 0.000000
20.465187 0.003358 0.000293 0.000000
-1.096818 35.055741 1.466426 0.000000
1.097325 33.821742 2.112642 0.000000
37.226863 -9.118459 0.002641 0.000000
-29.301764 -1.962731 0.001598 0.000000
-34.328276 -5.254183 0.002761 0.000000
-11.014257 -4.159603 0.004212 0.000000
38.667274 -6.136991 0.001386 0.000000
-20.833796 -2.431631 0.002100 0.000000
-38.920667 1.198740 0.000138 0.000000
-26.748109 -1.182310 0.001290 0.000000
-38.231751 -0.251996 0.000805 0.000000
25.995953 -2.993295 0.000963 0.000000
-29.660859 -5.692162 0.003068 0.000000
26.503461 -6.472643 0.002314 0.000000
38.016923 -6.488298 0.001620 0.000000
38.717285 2.968344 -0.002246 0.000000
23.248228 1.407628 -0.000574 0.000000
37.136739 -4.615375 0.000860 0.000000
14.352742 -3.285086 0.002559 0.000000
-33.421200 3.051543 -0.000487 0.000000
30.523975 2.541302 -0.001617 0.000000
25.544659 -1.310876 0.000338 0.000000
25.011829 -0.417330 -0.000029 0.000000
26.569567 0.680512 -0.000536 0.000000
16.777535 1.765951 -0.000009 0.000000
35.479822 -6.451339 0.001703 0.000000
20.115985 -3.926830 0.001909 0.000000
-35.132939 -3.281983 0.001978 0.000000
-25.285495 -4.227392 0.002562 0.000000
32.659068 -5.560906 0.001546 0.000000
23.686308 -2.855359 0.001067 0.000000
15.219262 -2.324314 0.002005 0.000000
-15.843304 -1.635580 0.002250 0.000000
-18.170825 -3.210695 0.002615 0.000000
-36.553916 -5.502310 0.002832 0.000000
24.867550 -4.370833 0.001624 0.000000
-1.096455 30.696192 1.957933 0.000000
-0.272560 31.499085 2.360557 0.000000
-1.096455 30.289143 0.321413 0.000000
1.096935 29.982441 0.465894 0.000000
-0.996090 17.248821 -0.006089 0.000000
0.684624 14.235531 -0.004591 0.000000
26.197408 4.428435 -0.002052 0.000000
35.429179 5.871142 -0.003200 0.000000
-25.890952 1.462671 0.000285 0.000000
17.764994 -0.719335 0.000911 0.000000
29.055218 1.247216 -0.000957 0.000000
13.000463 -1.658138 0.002211 0.000000
20.374198 -1.215389 0.000795 0.000000
33.905348 0.728974 -0.001041 0.000000
14.190046 -1.242380 0.001762 0.000000
20.274841 0.176482 0.000215 0.000000
-38.265928 -2.476267 0.001692 0.000000
-24.529575 -3.768416 0.002414 0.000000
38.459289 -7.355036 0.001972 0.000000
21.262353 -4.055322 0.001834 0.000000
26.674132 -5.800797 0.002018 0.000000
-21.658294 0.041374 0.001037 0.000000
20.659900 -3.561014 0.001709 0.000000
32.877853 -2.600458 0.000295 0.000000
29.820645 5.821819 -0.002918 0.000000
-31.180296 -1.447036 0.001349 0.000000
28.152693 -2.350167 0.000566 0.000000
39.454608 -0.640786 -0.000836 0.000000
-39.436284 -1.864585 0.001445 0.000000
32.394447 -5.885431 0.001702 0.000000
18.969696 -0.990243 0.000879 0.000000
-37.441986 5.100748 -0.001341 0.000000
-37.972433 6.602801 -0.001947 0.000000
-37.820479 4.107552 -0.000977 0.000000
23.330806 -3.459174 0.001346 0.000000
25.494098 -2.462132 0.000808 0.000000
30.216398 -1.291306 -0.000064 0.000000
13.667325 -1.868363 0.002140 0.000000
0.941048 26.288426 -0.010323 0.000000
0.433452 25.360912 -0.009900 0.000000
-0.441371 24.950584 -0.009698 0.000000
1.096966 30.374441 0.414094 0.000000
-1.096476 30.624141 0.582027 0.000000
-1.096001 26.272321 0.537724 0.000000
0.903852 31.824148 2.360458 0.000000
1.096435 25.459631 2.027366 0.000000
-1.096537 31.502986 1.726063 0.000000
-23.624815 -4.003219 0.002550 0.000000
-16.943938 -2.409645 0.002423 0.000000
22.190149 -6.038479 0.002513 0.000000
-38.572564 -5.350227 0.002831 0.000000
-32.109768 -1.783001 0.001471 0.000000
-22.936417 -5.542564 0.003213 0.000000
35.909712 -5.578035 0.001308 0.000000
19.894329 1.771593 -0.000383 0.000000
21.679538 -2.077423 0.000988 0.000000
11.341904 -2.241755 0.002922 0.000000
35.596751 -0.440124 -0.000659 0.000000
14.247016 -1.704743 0.001943 0.000000
-29.376302 3.407363 -0.000624 0.000000
-23.054324 0.504075 0.000779 0.000000
-29.168829 -0.901890 0.001115 0.000000
36.954172 -2.502264 0.000028 0.000000
38.244232 -1.061672 -0.000583 0.000000
-28.854817 3.608363 -0.000695 0.000000
-18.073198 0.617661 0.001078 0.000000
15.133058 0.067533 0.001019 0.000000
36.378660 5.047335 -0.002891 0.000000
34.865663 6.134408 -0.003332 0.000000
-34.391332 6.892101 -0.002123 0.000000
24.541096 -3.672723 0.001320 0.000000
-28.269880 -0.987450 0.001234 0.000000
-22.101788 -2.239077 0.001928 0.000000
28.388480 -6.572365 0.002200 0.000000
33.464581 -1.684530 -0.000083 0.000000
36.005622 -6.286503 0.001616 0.000000
-10.758600 -2.631966 0.003700 0.000000
-39.759756 -4.802663 0.002519 0.000000
-23.893935 -5.156623 0.003044 0.000000
22.497915 -5.223899 0.002166 0.000000
1.097309 33.781728 1.285746 0.000000
-1.096674 32.969595 1.304390 0.000000
1.097046 31.005374 0.830599 0.000000
-1.096582 31.937356 1.272738 0.000000
1.097454 35.434694 1.918530 0.000000
-18.776803 2.023875 0.000421 0.000000
-28.709082 1.176691 0.000286 0.000000
29.147572 -2.650178 0.000622 0.000000
-35.768103 4.918147 -0.001326 0.000000
-30.536155 2.479241 -0.000214 0.000000
22.090486 1.121537 -0.000372 0.000000
35.787023 2.567073 -0.001874 0.000000
-26.384610 -4.225829 0.002540 0.000000
-36.578696 -3.035996 0.001846 0.000000
28.782451 5.327353 -0.002650 0.000000
-37.169864 5.978714 -0.001749 0.000000
34.390096 6.091113 -0.003288 0.000000
-21.487716 -2.316442 0.001991 0.000000
-14.015542 -1.881842 0.002628 0.000000
-34.810943 -0.702058 0.001008 0.000000
-27.858717 -4.850408 0.002730 0.000000
18.896246 -4.750104 0.002389 0.000000
31.209898 -3.518913 0.000802 0.000000
13.989961 -3.048853 0.002542 0.000000
25.129984 -6.608005 0.002465 0.000000
-27.018714 -3.592605 0.002240 0.000000
-17.933262 -4.154771 0.003008 0.000000
-32.368664 -6.867561 0.003477 0.000000
-26.554450 1.740952 0.000119 0.000000
21.153321 -1.638399 0.000872 0.000000
21.088185 -0.925175 0.000605 0.000000
22.356903 0.057324 0.000061 0.000000
25.517839 1.405549 -0.000791 0.000000
-33.599367 1.806485 0.000017 0.000000
-29.121011 3.339054 -0.000596 0.000000
-0.807668 14.792425 -0.004852 0.000000
-1.093123 13.473017 1.600704 0.000000
-1.089440 12.809572 -0.003783 0.000000
-0.856721 35.337037 -0.014200 0.000000
-1.096361 29.449507 0.960442 0.000000
0.244817 35.267212 -0.014195 0.000000
-0.324745 34.815361 -0.013990 0.000000
-0.063203 13.981300 -0.004440 0.000000
-37.263671 -2.237450 0.001508 0.000000
25.918468 -6.804780 0.002493 0.000000
-35.905937 -4.660964 0.002574 0.000000
17.955740 -4.056105 0.002244 0.000000
10.180132 -3.436982 0.003817 0.000000
34.714208 -1.102015 -0.000337 0.000000
14.933618 -1.879217 0.001871 0.000000
-24.661261 -1.600926 0.001536 0.000000
-37.003998 -5.517609 0.002846 0.000000
-22.107285 -5.497821 0.003221 0.000000
34.405340 -6.196079 0.001632 0.000000
-32.067150 -2.034368 0.001518 0.000000
-19.999693 -3.340545 0.002504 0.000000
25.407338 2.658755 -0.001267 0.000000
35.178716 7.451689 -0.003837 0.000000
-21.651799 -0.721430 0.001378 0.000000
-20.587077 -1.758097 0.001830 0.000000
34.723563 -6.838415 0.001867 0.000000
-29.094418 2.282775 -0.000138 0.000000
23.791283 0.567554 -0.000262 0.000000
-31.229885 4.144000 -0.000971 0.000000
31.624790 3.813875 -0.002210 0.000000
-30.363587 2.524318 -0.000291 0.000000
35.462311 1.869374 -0.001642 0.000000
31.750061 2.600556 -0.001727 0.000000
26.356515 -1.521572 0.000312 0.000000
34.043664 0.118939 -0.000776 0.000000
-22.669263 -3.911472 0.002556 0.000000
-35.949641 -3.113323 0.001894 0.000000
-30.734784 1.576407 0.000118 0.000000
-23.836422 -0.379580 0.001091 0.000000
27.454897 -6.946785 0.002436 0.000000
34.894969 -3.301552 0.000533 0.000000
-30.058041 -0.685539 0.001024 0.000000
-17.505357 -3.197663 0.002680 0.000000
-13.104500 -3.531851 0.003462 0.000000
-30.314853 -4.984380 0.002738 0.000000
36.355829 -5.651875 0.001352 0.000000
-1.096802 34.419074 0.450417 0.000000
-1.096360 29.421187 0.479325 0.000000
-1.096384 29.728552 1.238364 0.000000
1.096168 23.859446 0.785387 0.000000
0.388837 16.568100 -0.005782 0.000000
-1.096563 31.798998 2.057509 0.000000
-36.347824 6.482959 -0.001969 0.000000
-38.627452 5.688272 -0.001600 0.000000
25.505981 -1.785253 0.000482 0.000000
23.785201 -0.223852 0.000030 0.000000
31.347032 3.580740 -0.002035 0.000000
17.802240 1.847771 -0.000156 0.000000
-0.023825 18.192327 -0.006571 0.000000
-0.820091 23.333994 -0.008962 0.000000
18.247309 -3.221847 0.001875 0.000000
-19.691298 1.614092 0.000549 0.000000
-16.642420 -3.132030 0.002757 0.000000
-27.687913 -4.725967 0.002679 0.000000
36.542007 -7.442895 0.002010 0.000000
-19.780277 -3.073394 0.002418 0.000000
30.098401 -3.849956 0.000965 0.000000
-23.540333 -2.151329 0.001812 0.000000
31.448833 3.294406 -0.001911 0.000000
13.788217 -0.021383 0.001318 0.000000
-25.545408 -1.695718 0.001601 0.000000
-30.329979 -4.396270 0.002543 0.000000
24.060924 -6.224695 0.002413 0.000000
34.570638 -6.207511 0.001698 0.000000
26.619151 3.976649 -0.001910 0.000000
28.927691 5.633372 -0.002726 0.000000
-36.921563 7.928012 -0.002481 0.000000
-31.334517 4.229014 -0.000944 0.000000
28.637675 3.297147 -0.001741 0.000000
18.307148 -1.282160 0.001073 0.000000
21.951474 0.836025 -0.000250 0.000000
-1.096778 34.563636 2.044870 0.000000
-1.096362 29.575538 1.626847 0.000000
1.097337 34.053573 1.766097 0.000000
-1.096624 32.136965 0.462107 0.000000
-1.096375 29.747615 1.771076 0.000000
-27.895344 -6.286859 0.003326 0.000000
17.142411 -4.615994 0.002580 0.000000
26.184424 -4.559138 0.001543 0.000000
-38.284044 -3.190916 0.001879 0.000000
20.128029 -6.687742 0.002940 0.000000
31.736525 -7.443428 0.002280 0.000000
13.596872 -4.757502 0.003283 0.000000
-26.114792 -0.211743 0.000933 0.000000
-34.959010 -3.806860 0.002208 0.000000
-22.449290 -4.454835 0.002782 0.000000
29.298856 -3.565836 0.000947 0.000000
-35.169998 6.706253 -0.001982 0.000000
22.423763 -0.184895 0.000163 0.000000
25.992007 1.941404 -0.001059 0.000000
32.323057 6.482647 -0.003332 0.000000
-36.392269 0.771526 0.000400 0.000000
-37.295546 3.794686 -0.000816 0.000000
-35.098940 2.013403 -0.000086 0.000000
37.857975 -2.663792 0.000051 0.000000
33.762568 1.344748 -0.001336 0.000000
34.817909 2.845725 -0.001921 0.000000
14.739754 -0.316616 0.001259 0.000000
-26.912233 0.664481 0.000565 0.000000
36.318384 0.249663 -0.001021 0.000000
30.015812 4.886435 -0.002546 0.000000
-19.248325 2.441278 0.000196 0.000000
-36.553455 -2.276868 0.001622 0.000000
-24.100958 -3.524168 0.002328 0.000000
31.516773 -7.959949 0.002569 0.000000
29.101215 -4.671705 0.001400 0.000000
-27.367776 -4.364720 0.002562 0.000000
-32.064219 -0.271729 0.000869 0.000000
31.322121 -1.319743 -0.000122 0.000000
-30.447486 -5.058453 0.002802 0.000000
36.992294 -6.482269 0.001680 0.000000
-0.705272 32.196404 2.360401 0.000000
0.403764 34.972784 2.359682 0.000000
-0.313140 33.834761 2.359992 0.000000
-0.838781 32.085679 2.360432 0.000000
-1.095116 20.669857 2.007848 0.000000
-1.093904 15.615335 -0.005089 0.000000
-1.095765 24.486836 0.931936 0.000000
-1.096828 34.766350 0.049211 0.000000
-1.096621 32.095861 0.221145 0.000000
-1.094628 18.310324 0.485453 0.000000
0.738702 21.186101 -0.008008 0.000000
-0.294913 31.378365 -0.012518 0.000000
28.194351 3.393418 -0.001763 0.000000
17.320202 2.093184 -0.000201 0.000000
-27.548981 1.138348 0.000372 0.000000
-24.473876 -0.346976 0.001058 0.000000
27.786518 -0.568792 -0.000125 0.000000
28.233092 1.395417 -0.000971 0.000000
-16.453152 1.628287 0.000795 0.000000
31.129410 -1.441134 -0.000052 0.000000
-33.730816 -2.854083 0.001798 0.000000
-16.074424 -4.227615 0.003276 0.000000
38.575981 -9.272518 0.002662 0.000000
36.378431 -5.284295 0.001188 0.000000
35.669145 -7.945604 0.002255 0.000000
-34.154654 2.116076 -0.000165 0.000000
-26.327312 -0.178174 0.000914 0.000000
36.852466 4.786477 -0.002885 0.000000
-35.315350 -3.726944 0.002157 0.000000
20.149456 -2.652608 0.001410 0.000000
29.730809 -0.270709 -0.000397 0.000000
37.223611 -5.902593 0.001369 0.000000
16.947446 -5.625706 0.002983 0.000000
-17.067743 -4.710274 0.003318 0.000000
-25.032163 1.434700 0.000317 0.000000
26.759496 0.703574 -0.000599 0.000000
25.074215 2.308013 -0.001097 0.000000
27.573541 3.888640 -0.001926 0.000000
21.517581 1.636632 -0.000497 0.000000
21.654158 2.507900 -0.000883 0.000000
23.313343 3.918494 -0.001645 0.000000
-23.365255 3.647060 -0.000545 0.000000
24.261697 -2.809939 0.001013 0.000000
13.544400 -1.761929 0.002117 0.000000
36.497190 1.464666 -0.001453 0.000000
15.227998 -0.816409 0.001378 0.000000
0.516282 20.162353 -0.007524 0.000000
0.317688 22.161963 -0.008450 0.000000
-0.186613 25.118439 -0.009778 0.000000
-0.740463 29.285538 -0.011604 0.000000
6.324680 3.572302 4.932630 0.000000
1.096965 30.200417 0.771086 0.000000
0.395130 32.141474 2.360392 0.000000
-1.096461 30.705587 1.777523 0.000000
1.096554 26.449905 1.583166 0.000000
1.097328 33.884066 1.496504 0.000000
-0.368569 6.305864 0.000501 0.000000
30.967997 -9.696202 0.003208 0.000000
-32.443855 -0.575582 0.000958 0.000000
22.694949 -4.485597 0.001811 0.000000
38.957824 -4.108632 0.000572 0.000000
-16.680617 -0.551215 0.001698 0.000000
-28.659508 -0.131970 0.000805 0.000000
33.040870 -6.278197 0.001746 0.000000
-24.417358 -4.192458 0.002577 0.000000
25.277273 2.862126 -0.001365 0.000000
38.324201 4.660826 -0.002852 0.000000
30.169907 1.267058 -0.001021 0.000000
-22.969245 2.400699 0.000040 0.000000
31.665842 -2.629002 0.000431 0.000000
26.752314 -0.718621 -0.000043 0.000000
-33.772508 1.485984 0.000105 0.000000
-21.707241 -0.812717 0.001393 0.000000
-26.933229 3.106835 -0.000438 0.000000
22.061995 1.864381 -0.000676 0.000000
-30.342107 5.880074 -0.001596 0.000000
-29.012821 -4.135272 0.002468 0.000000
24.106081 -7.444894 0.002829 0.000000
35.316958 -4.420236 0.000961 0.000000
23.944791 -1.770062 0.000669 0.000000
-27.042919 -3.649791 0.002261 0.000000
27.356593 -3.632633 0.001072 0.000000
30.395090 -7.757873 0.002529 0.000000
-36.884028 -1.805546 0.001372 0.000000
-24.630979 -5.919875 0.003284 0.000000
-1.096718 33.713415 2.074659 0.000000
-1.096359 29.608543 1.566739 0.000000
36.523774 7.900803 -0.004066 0.000000
30.860192 2.937756 -0.001804 0.000000
33.251660 0.019291 -0.000707 0.000000
-18.823858 -1.596976 0.001938 0.000000
-36.016739 -2.102885 0.001504 0.000000
21.097611 -5.050843 0.002242 0.000000
-28.508916 0.191701 0.000752 0.000000
-31.862285 1.815436 0.000033 0.000000
18.985313 2.428133 -0.000576 0.000000
31.099456 4.057326 -0.002203 0.000000
13.599056 0.269164 0.001236 0.000000
-17.610828 2.099664 0.000484 0.000000
-25.544246 -0.945730 0.001293 0.000000
-32.951183 -3.367073 0.002056 0.000000
-22.081998 -4.141312 0.002680 0.000000
28.634538 -1.500956 0.000194 0.000000
-16.058192 -3.059042 0.002812 0.000000
-25.860053 -4.626799 0.002715 0.000000
-14.326873 -0.397145 0.001950 0.000000
-37.195244 3.213577 -0.000580 0.000000
27.632457 1.552946 -0.001029 0.000000
-22.509701 0.151851 0.000943 0.000000
26.635425 0.366135 -0.000474 0.000000
31.089117 3.209391 -0.001862 0.000000
24.646826 3.555599 -0.001620 0.000000
-21.811928 1.485456 0.000424 0.000000
27.340326 2.094688 -0.001228 0.000000
29.273705 -0.366726 -0.000318 0.000000
36.239205 1.651063 -0.001562 0.000000
15.252800 -0.747421 0.001347 0.000000
0.417647 24.305708 -0.009428 0.000000
0.037791 22.375500 -0.008542 0.000000
1.097378 34.683676 1.231204 0.000000
-1.095550 23.129604 1.129861 0.000000
1.097398 35.291374 0.389300 0.000000
1.075516 27.319207 -0.010780 0.000000
-24.923017 -5.793185 0.003195 0.000000
31.599171 -8.110110 0.002559 0.000000
-34.859353 -1.868443 0.001401 0.000000
-29.271614 -2.028811 0.001571 0.000000
-23.724830 -3.396659 0.002305 0.000000
37.790003 -5.920886 0.001346 0.000000
-28.670252 1.209590 0.000336 0.000000
-38.842166 -0.449864 0.000806 0.000000
-11.855582 -2.499822 0.003337 0.000000
15.387504 -3.545941 0.002457 0.000000
-30.257466 -5.861615 0.003122 0.000000
33.905986 2.446119 -0.001722 0.000000
-23.707396 3.346851 -0.000438 0.000000
-21.802583 1.924007 0.000244 0.000000
-22.419890 0.369726 0.000852 0.000000
35.612570 -4.372804 0.000883 0.000000
16.295859 -1.474931 0.001467 0.000000
-25.350576 -2.208827 0.001758 0.000000
-34.060550 3.196381 -0.000618 0.000000
19.960465 0.476333 0.000129 0.000000
24.010200 3.577061 -0.001521 0.000000
-16.281168 1.032944 0.001067 0.000000
-26.541211 4.299419 -0.000937 0.000000
-30.988314 -0.202095 0.000848 0.000000
-37.271351 -4.837486 0.002600 0.000000
31.829793 -5.388377 0.001530 0.000000
23.424965 -2.657251 0.001069 0.000000
23.529915 -3.317295 0.001324 0.000000
-36.630061 -5.612642 0.002864 0.000000
33.733168 -2.185714 0.000139 0.000000
39.089653 -11.192424 0.003362 0.000000
-14.237807 -3.058653 0.003079 0.000000
-15.276839 -4.641753 0.003531 0.000000
33.147930 -6.446408 0.001848 0.000000
1.096942 29.770728 1.666408 0.000000
1.096651 27.407399 0.548312 0.000000
-0.494869 13.011139 -0.003907 0.000000
-1.036873 13.788328 -0.004319 0.000000
-0.946033 12.576180 -0.003657 0.000000
1.017657 11.385796 -0.003020 0.000000
22.670091 3.630020 -0.001432 0.000000
28.838250 4.587294 -0.002285 0.000000
26.948537 -0.435041 -0.000131 0.000000
8.075552 -0.023352 7.800646 0.000000
36.714713 -1.165616 -0.000414 0.000000
31.878625 0.723002 -0.000974 0.000000
-32.464765 -3.844368 0.002221 0.000000
21.100803 -6.034757 0.002607 0.000000
35.712745 -6.993168 0.001902 0.000000
-33.362536 1.757419 0.000030 0.000000
32.672860 -2.577345 0.000363 0.000000
-26.711720 4.416140 -0.000953 0.000000
27.797737 4.569143 -0.002211 0.000000
19.872634 -2.509521 0.001377 0.000000
25.407030 -1.584957 0.000458 0.000000
-15.759037 -2.294892 0.002526 0.000000
31.470571 -9.022468 0.002914 0.000000
30.465917 2.278337 -0.001513 0.000000
34.788651 4.236500 -0.002495 0.000000
29.787320 0.929652 -0.000865 0.000000
-38.907622 5.156164 -0.001370 0.000000
-27.375436 -0.007526 0.000835 0.000000
31.615907 0.056319 -0.000613 0.000000
-24.027374 0.769480 0.000612 0.000000
22.930628 2.004670 -0.000792 0.000000
24.958276 3.468413 -0.001556 0.000000
-21.296812 1.757343 0.000373 0.000000
1.096542 26.647351 0.137330 0.000000
1.095861 22.098371 -0.007262 0.000000
0.752508 25.895374 -0.010145 0.000000
-1.096741 33.513358 0.208892 0.000000
-1.095210 21.084440 0.537341 0.000000
-1.095797 24.652738 0.461719 0.000000
0.302876 18.134901 -0.006552 0.000000
-1.096078 26.681230 -0.007997 0.000000
-29.435906 -4.353344 0.002543 0.000000
-24.070968 -1.736275 0.001676 0.000000
24.283446 -6.853406 0.002631 0.000000
22.100145 -5.879175 0.002452 0.000000
-32.599621 0.471092 0.000562 0.000000
-26.674389 -1.339247 0.001354 0.000000
-23.734961 -2.221188 0.001830 0.000000
16.391867 -3.282393 0.002174 0.000000
25.038972 -0.701743 0.000127 0.000000
37.925755 -9.505026 0.002754 0.000000
-34.244703 -1.788536 0.001445 0.000000
-20.718456 -3.016552 0.002348 0.000000
-23.876047 -5.583461 0.003208 0.000000
33.804911 -0.310721 -0.000672 0.000000
-19.300120 0.756261 0.000913 0.000000
-36.896322 7.499283 -0.002311 0.000000
-31.904174 4.115770 -0.000901 0.000000
-23.271825 0.308207 0.000859 0.000000
30.360144 0.909053 -0.000896 0.000000
-19.516795 -0.491416 0.001398 0.000000
-31.933042 -2.008125 0.001489 0.000000
-25.758235 -3.275279 0.002171 0.000000
27.752450 -6.251820 0.002076 0.000000
24.183689 -3.509875 0.001309 0.000000
-32.571975 -1.463648 0.001337 0.000000
-20.221087 -2.917148 0.002350 0.000000
-24.319819 -5.284730 0.003072 0.000000
18.845307 -5.591657 0.002718 0.000000
25.153763 -5.287112 0.001939 0.000000
38.706886 -5.085736 0.001013 0.000000
1.096544 26.538160 1.049139 0.000000
1.097083 31.274570 1.240592 0.000000
1.097145 31.876374 1.433679 0.000000
-1.096546 31.462298 1.386879 0.000000
-13.217998 0.913921 0.001559 0.000000
-28.074751 4.540180 -0.001007 0.000000
-12.540911 0.084479 0.002059 0.000000
20.940233 -2.667235 0.001302 0.000000
32.531253 -1.539160 -0.000105 0.000000
-16.805648 -1.045384 0.001907 0.000000
21.135512 1.023660 -0.000201 0.000000
31.449237 0.054426 -0.000640 0.000000
32.413832 2.131783 -0.001505 0.000000
-39.927390 -4.838610 0.002622 0.000000
22.766597 -3.936260 0.001636 0.000000
-22.111476 -1.961943 0.001820 0.000000
31.854136 5.441165 -0.002830 0.000000
24.891309 4.477375 -0.001974 0.000000
20.870210 1.643991 -0.000439 0.000000
19.583029 2.095191 -0.000479 0.000000
-23.031247 3.369176 -0.000414 0.000000
-35.467309 -0.718044 0.000937 0.000000
-21.605709 -2.529689 0.002073 0.000000
-27.966927 -5.011803 0.002795 0.000000
31.623060 -2.361055 0.000337 0.000000
-30.821070 -3.494119 0.002121 0.000000
-19.477697 -4.045347 0.002826 0.000000
-38.222489 -7.696090 0.003754 0.000000
37.162683 -7.092604 0.001892 0.000000
17.796643 0.130996 0.000545 0.000000
39.912438 -1.138918 -0.000653 0.000000
39.040941 0.319350 -0.001194 0.000000
-0.163228 10.989664 -0.002755 0.000000
-0.605099 11.296173 -0.002931 0.000000
21.488366 2.763388 -0.000978 0.000000
-18.641081 0.580173 0.001023 0.000000
-35.490742 1.808208 -0.000007 0.000000
-22.897467 -0.782457 0.001303 0.000000
23.964831 0.187527 -0.000176 0.000000
24.973486 1.278399 -0.000707 0.000000
0.004387 35.279125 2.359610 0.000000
0.999235 35.033845 2.359654 0.000000
1.095845 21.841684 1.073322 0.000000
1.096474 25.978586 0.484875 0.000000
1.097296 33.839873 0.199519 0.000000
-1.096662 32.728590 0.861455 0.000000
-32.296866 -3.795004 0.002210 0.000000
-35.889526 -4.984953 0.002630 0.000000
34.477543 -5.603730 0.001398 0.000000
-24.982349 -1.885950 0.001663 0.000000
-35.623471 -1.890553 0.001400 0.000000
-21.016023 -3.204478 0.002379 0.000000
33.060443 -9.430207 0.002982 0.000000
27.074703 -5.493823 0.001831 0.000000
22.142068 2.106435 -0.000750 0.000000
-34.748076 0.659809 0.000460 0.000000
-33.093345 -0.902221 0.001073 0.000000
34.551044 -6.535335 0.001828 0.000000
24.729139 -3.253980 0.001194 0.000000
-18.614756 1.664041 0.000574 0.000000
20.904195 2.270801 -0.000725 0.000000
19.993734 -0.336895 0.000476 0.000000
-32.452956 2.700359 -0.000415 0.000000
27.553533 -4.663737 0.001479 0.000000
-16.235141 -2.603770 0.002592 0.000000
-28.081673 -4.364588 0.002552 0.000000
-19.466962 -4.777064 0.003139 0.000000
28.444476 -7.435846 0.002538 0.000000
34.759890 -3.177922 0.000417 0.000000
-14.724090 -1.184631 0.002218 0.000000
-37.137258 1.068434 0.000281 0.000000
-30.134551 -0.849793 0.001071 0.000000
-26.687958 -2.192563 0.001708 0.000000
27.288651 -6.683940 0.002323 0.000000
22.729584 -0.849042 0.000408 0.000000
-32.226685 -5.170104 0.002778 0.000000
38.140301 -9.671662 0.002807 0.000000
18.726320 -5.092895 0.002512 0.000000
27.179017 -5.000898 0.001692 0.000000
-27.844925 -1.915878 0.001550 0.000000
-1.095567 23.103295 0.338776 0.000000
-1.096635 32.165279 0.073249 0.000000
-0.460606 31.469698 -0.012557 0.000000
0.750975 18.136458 -0.006563 0.000000
1.096702 27.795213 0.896867 0.000000
1.097329 34.162874 1.131849 0.000000
-1.096562 31.679929 1.096202 0.000000
1.095225 18.863421 -0.005813 0.000000
0.931579 20.362930 -0.007627 0.000000
0.969410 13.439942 -0.004173 0.000000
-0.384834 28.733157 -0.011371 0.000000
-1.096821 34.417561 -0.002144 0.000000
-0.116551 14.522905 -0.004724 0.000000
-1.095512 22.729406 0.086573 0.000000
-0.394595 15.347694 -0.005145 0.000000
0.155989 31.623915 2.360519 0.000000
-0.824079 30.223894 2.360859 0.000000
22.961359 -0.177383 0.000061 0.000000
-21.064305 2.067893 0.000224 0.000000
20.217546 2.115033 -0.000556 0.000000
27.252015 2.934374 -0.001519 0.000000
-34.291895 6.279917 -0.001826 0.000000
-31.818183 3.086014 -0.000483 0.000000
-35.330774 2.352187 -0.000224 0.000000
17.976547 -3.274033 0.001928 0.000000
-33.849890 -5.029824 0.002737 0.000000
19.105951 -4.015545 0.002068 0.000000
29.431073 -3.720637 0.000960 0.000000
-20.208857 -0.238794 0.001245 0.000000
-28.296811 -3.157416 0.002096 0.000000
28.455467 2.849464 -0.001603 0.000000
37.461122 -5.117645 0.001130 0.000000
24.451800 -5.264150 0.001973 0.000000
-26.216594 -1.751825 0.001594 0.000000
-31.297770 -4.547309 0.002583 0.000000
-17.462895 0.201536 0.001304 0.000000
-37.873629 0.752605 0.000351 0.000000
19.691527 -2.075380 0.001214 0.000000
-36.142805 5.016860 -0.001362 0.000000
30.468350 -1.655291 0.000068 0.000000
30.444907 -0.488650 -0.000398 0.000000
32.938966 0.974686 -0.001138 0.000000
1.097201 32.342852 1.950712 0.000000
1.096573 26.748599 0.612889 0.000000
-32.298138 0.096070 0.000640 0.000000
30.637774 -7.090486 0.002275 0.000000
38.213809 0.983816 -0.001420 0.000000
24.376553 1.795765 -0.000824 0.000000
35.454828 6.422307 -0.003458 0.000000
17.119591 -3.968448 0.002331 0.000000
37.378559 -2.448959 -0.000010 0.000000
-22.261621 2.288973 0.000116 0.000000
-19.269744 -1.725590 0.001931 0.000000
-24.304625 2.191517 0.000016 0.000000
-28.093187 0.737086 0.000540 0.000000
20.127781 -0.310791 0.000451 0.000000
23.090126 1.617330 -0.000638 0.000000
17.587734 1.721747 -0.000073 0.000000
29.878129 -7.520434 0.002427 0.000000
29.967822 -5.269971 0.001609 0.000000
-27.346326 -4.525998 0.002598 0.000000
38.131478 -4.563487 0.000837 0.000000
28.640100 -5.724030 0.001851 0.000000
-33.936523 -5.242625 0.002754 0.000000
35.267761 -9.942845 0.003092 0.000000
1.096541 26.218792 2.039944 0.000000
1.097185 32.583430 0.649482 0.000000
1.096329 25.006641 0.202935 0.000000
-1.096645 32.571589 0.734204 0.000000
0.325094 25.396464 -0.009915 0.000000
-0.927112 21.257892 -0.008008 0.000000
-0.177327 20.398688 -0.007618 0.000000
0.633419 28.245564 -0.011180 0.000000
-0.606154 24.871715 -0.009657 0.000000
0.139381 32.259391 -0.012907 0.000000
1.097331 34.364232 0.198589 0.000000
0.842380 12.570816 -0.003692 0.000000
23.950325 2.654675 -0.001148 0.000000
-22.843722 2.638857 -0.000055 0.000000
26.962826 1.296372 -0.000874 0.000000
27.420499 0.519033 -0.000567 0.000000
29.461594 -1.301733 -0.000005 0.000000
-26.912733 -4.178267 0.002528 0.000000
34.603666 -8.612881 0.002575 0.000000
32.591721 -5.032963 0.001279 0.000000
35.591336 -7.736744 0.002178 0.000000
-34.925267 -0.581119 0.000882 0.000000
-30.875659 -1.897302 0.001513 0.000000
18.126243 -4.387722 0.002324 0.000000
18.597551 2.355960 -0.000475 0.000000
17.177348 0.511337 0.000502 0.000000
31.190404 3.875266 -0.002206 0.000000
-35.430759 -3.875179 0.002264 0.000000
39.991043 -3.052839 0.000147 0.000000
-26.497425 -4.633058 0.002709 0.000000
-16.303337 0.401258 0.001339 0.000000
36.697996 4.448388 -0.002659 0.000000
35.933011 5.732170 -0.003220 0.000000
-24.496883 3.885551 -0.000649 0.000000
19.442477 -1.286020 0.000940 0.000000
-1.057528 11.179861 -0.002856 0.000000
-1.096411 29.844405 0.063332 0.000000
-1.095375 21.914341 -0.000586 0.000000
0.715079 16.957744 -0.005982 0.000000
0.524412 32.299489 -0.012933 0.000000
1.096497 26.117291 0.933783 0.000000
-1.096811 34.705214 0.880566 0.000000
-30.759153 -4.781052 0.002609 0.000000
-39.499096 -1.463149 0.001249 0.000000
-13.185301 -2.945614 0.003215 0.000000
-31.557663 -3.145502 0.001954 0.000000
38.044019 -3.937786 0.000549 0.000000
-28.867215 -0.254411 0.000921 0.000000
23.824151 -5.234617 0.002049 0.000000
23.308488 2.707928 -0.001126 0.000000
-15.412271 -0.344334 0.001763 0.000000
-34.292206 1.373657 0.000176 0.000000
24.789981 -1.956679 0.000617 0.000000
-33.529626 6.525625 -0.001898 0.000000
-30.363894 3.675771 -0.000734 0.000000
38.891374 5.000955 -0.003035 0.000000
32.524180 6.263078 -0.003207 0.000000
-18.357086 -2.655379 0.002375 0.000000
23.763887 -7.274339 0.002799 0.000000
33.645009 -4.355799 0.001020 0.000000
-33.351783 0.238210 0.000581 0.000000
28.120443 -3.424121 0.000956 0.000000
23.747144 -1.529619 0.000538 0.000000
-27.462714 -3.880737 0.002406 0.000000
33.174089 -6.919721 0.002049 0.000000
16.162103 -3.870381 0.002448 0.000000
1.097169 32.158242 1.306287 0.000000
-1.096154 27.504283 0.668526 0.000000
1.097446 35.343731 1.785226 0.000000
-0.800539 8.390799 -0.001083 0.000000
-25.663305 3.192771 -0.000397 0.000000
-22.011010 0.466722 0.000869 0.000000
28.849313 2.635226 -0.001495 0.000000
-25.812364 4.571351 -0.000963 0.000000
-29.514344 4.364231 -0.000973 0.000000
30.630472 0.070106 -0.000559 0.000000
-32.647583 -3.440607 0.002099 0.000000
-23.214119 -4.259846 0.002677 0.000000
38.014805 -8.968875 0.002565 0.000000
20.241040 -4.953859 0.002305 0.000000
34.164141 -4.943803 0.001222 0.000000
26.226864 3.281793 -0.001630 0.000000
12.526040 0.296671 0.001468 0.000000
33.867499 6.755316 -0.003525 0.000000
-38.174533 8.190872 -0.002595 0.000000
-19.405562 2.234002 0.000267 0.000000
26.471198 -5.102175 0.001781 0.000000
-28.484085 -4.925563 0.002791 0.000000
38.335032 -10.699574 0.003204 0.000000
31.051933 -6.038273 0.001770 0.000000
18.172915 0.026789 0.000526 0.000000
-20.574777 1.029778 0.000699 0.000000
-38.811212 3.213065 -0.000589 0.000000
15.915585 0.945718 0.000504 0.000000
38.974023 1.484315 -0.001581 0.000000
34.954276 2.588210 -0.001849 0.000000
34.665597 3.791529 -0.002371 0.000000
-1.095997 26.265395 0.967949 0.000000
1.097117 31.780248 0.537522 0.000000
-1.096777 34.415927 1.270784 0.000000
1.096365 25.308639 0.017521 0.000000
-1.095380 22.084358 1.099650 0.000000
0.195098 33.715323 -0.013533 0.000000
0.395158 34.447843 -0.013850 0.000000
0.808446 32.874032 -0.013189 0.000000
-1.095709 24.012311 0.159853 0.000000
-0.375927 16.944844 -0.005952 0.000000
1.095652 20.900228 0.073108 0.000000
0.248054 22.712663 -0.008703 0.000000
-18.693499 -4.572632 0.003131 0.000000
32.678010 -4.286486 0.001053 0.000000
-16.697551 -0.672034 0.001739 0.000000
-36.791118 -1.687437 0.001315 0.000000
15.997456 -4.873189 0.002862 0.000000
-30.609965 0.040769 0.000696 0.000000
33.059952 -3.353032 0.000628 0.000000
-38.223812 -3.771603 0.002119 0.000000
39.359385 -10.108756 0.002931 0.000000
28.555078 -5.380526 0.001740 0.000000
25.453108 3.537310 -0.001673 0.000000
20.581271 2.902422 -0.000962 0.000000
34.521824 1.241212 -0.001304 0.000000
-14.522046 0.001745 0.001754 0.000000
-31.086057 5.967473 -0.001685 0.000000
-33.178642 5.167302 -0.001418 0.000000
37.267330 -0.756702 -0.000676 0.000000
20.183868 -0.924302 0.000665 0.000000
-38.850345 3.469076 -0.000738 0.000000
-34.778692 5.267469 -0.001398 0.000000
30.475222 1.903974 -0.001296 0.000000
27.212832 3.584995 -0.001761 0.000000
29.749580 5.349680 -0.002715 0.000000
-34.121811 -2.838657 0.001789 0.000000
-39.068072 1.949160 -0.000083 0.000000
-24.030525 -1.978492 0.001723 0.000000
-28.346263 -4.541714 0.002642 0.000000
31.813486 -9.821969 0.003224 0.000000
-35.885742 -2.922971 0.001811 0.000000
36.755402 -8.849712 0.002597 0.000000
36.042193 -5.278670 0.001198 0.000000
29.599164 -6.290012 0.001969 0.000000
1.097258 33.397821 0.808953 0.000000
1.095765 21.466970 0.235405 0.000000
1.096583 26.837947 0.744612 0.000000
-0.574204 31.199982 2.360633 0.000000
-18.354286 2.400494 0.000322 0.000000
-17.228238 1.296236 0.000879 0.000000
-17.011519 0.771176 0.001107 0.000000
39.096701 -2.145494 -0.000214 0.000000
30.579280 1.678965 -0.001220 0.000000
19.716944 0.863420 0.000008 0.000000
1.636362 6.473466 0.000267 0.000000
-26.080482 1.227205 0.000394 0.000000
18.970288 -2.262251 0.001388 0.000000
28.963175 -1.179860 -0.000020 0.000000
18.347439 -6.662774 0.003185 0.000000
-25.577260 -5.834255 0.003196 0.000000
24.324797 -4.942490 0.001838 0.000000
29.527358 -8.337876 0.002769 0.000000
35.326330 4.125142 -0.002475 0.000000
-35.009765 7.246937 -0.002239 0.000000
25.031272 3.113873 -0.001431 0.000000
-22.438628 -3.735495 0.002506 0.000000
30.237846 -6.714078 0.002087 0.000000
27.756004 -2.774160 0.000757 0.000000
-36.514709 -2.736520 0.001756 0.000000
21.366719 -1.246180 0.000708 0.000000
-26.889289 0.337798 0.000725 0.000000
-18.688412 -1.339434 0.001829 0.000000
-7.823463 -0.023592 7.800922 0.000000
-31.841715 6.205997 -0.001814 0.000000
-17.970976 1.617445 0.000643 0.000000
27.904845 3.988238 -0.001984 0.000000
-10.045142 -0.896201 0.003170 0.000000
-29.926123 1.728328 0.000097 0.000000
-1.096803 34.579031 1.183290 0.000000
1.095446 19.791670 0.659176 0.000000
1.097029 30.840676 0.917636 0.000000
1.096180 23.913836 0.595091 0.000000
-1.096169 27.723807 1.324761 0.000000
-22.707703 -2.281954 0.001907 0.000000
-24.783402 -4.610571 0.002732 0.000000
26.980877 -8.332775 0.002948 0.000000
29.957964 -4.315772 0.001218 0.000000
-21.265812 -1.254671 0.001582 0.000000
28.880004 4.059549 -0.002081 0.000000
-22.847371 1.767367 0.000278 0.000000
-18.499130 -0.527884 0.001503 0.000000
21.335033 -4.629698 0.002032 0.000000
30.907067 -4.423092 0.001144 0.000000
-32.906944 6.615245 -0.001931 0.000000
-30.406718 2.913088 -0.000397 0.000000
-19.271662 0.217699 0.001143 0.000000
-14.437905 -0.872469 0.002131 0.000000
28.803464 0.344677 -0.000620 0.000000
30.562164 5.620708 -0.002864 0.000000
-25.232528 -3.928300 0.002452 0.000000
-18.486121 -4.571199 0.003145 0.000000
21.761778 -2.757869 0.001272 0.000000
25.623505 -4.959176 0.001767 0.000000
28.576626 -3.282051 0.000848 0.000000
-13.479882 -2.744543 0.003076 0.000000
-32.173604 -2.541657 0.001704 0.000000
-21.826419 -3.423746 0.002411 0.000000
24.714731 -4.191063 0.001556 0.000000
13.137279 -2.917043 0.002691 0.000000
36.502893 -1.858337 -0.000118 0.000000
-38.299446 -7.586069 0.003712 0.000000
29.428009 -5.573760 0.001743 0.000000
-18.228610 -2.323125 0.002288 0.000000
0.774257 15.105974 -0.005048 0.000000
-0.178998 12.576786 -0.003671 0.000000
-0.670885 28.556515 -0.011290 0.000000
-0.668824 17.161290 -0.006055 0.000000
-0.370488 19.588301 -0.007235 0.000000
1.096067 23.278527 0.016787 0.000000
-1.094540 17.924468 0.134516 0.000000
0.069467 25.157944 -0.009802 0.000000
0.888928 31.179382 -0.012459 0.000000
-1.095549 22.972853 0.082657 0.000000
-0.467559 26.763355 -0.010501 0.000000
0.341419 29.567259 -0.011748 0.000000
-1.110525 29.394920 -0.000898 0.000000
-0.161565 28.686526 -0.011353 0.000000
-0.785145 29.718783 2.360968 0.000000
-0.797173 15.377964 -0.005155 0.000000
1.096351 25.197663 0.111412 0.000000
0.794828 30.464942 -0.012149 0.000000
0.307100 32.023201 -0.012810 0.000000
-1.095878 25.279000 0.774309 0.000000
1.096542 26.543077 0.321606 0.000000
1.096377 25.280994 0.702881 0.000000
15.527819 0.650602 0.000699 0.000000
23.273703 -0.505966 0.000218 0.000000
26.933048 -2.057702 0.000481 0.000000
-21.113106 0.724709 0.000808 0.000000
29.529899 -3.191639 0.000744 0.000000
23.477996 -1.385104 0.000502 0.000000
39.072952 -11.565957 0.003510 0.000000
-18.379411 -4.747482 0.003193 0.000000
-26.408917 -4.360707 0.002575 0.000000
35.013233 -5.143911 0.001186 0.000000
13.619806 0.618110 0.001075 0.000000
35.369469 2.669604 -0.001898 0.000000
33.188462 -3.470706 0.000697 0.000000
-26.540208 -2.851341 0.001985 0.000000
36.062473 -2.014002 -0.000039 0.000000
-13.064923 -1.140937 0.002493 0.000000
-29.620951 0.724898 0.000508 0.000000
-27.543330 -3.134744 0.002107 0.000000
-34.693336 -6.745351 0.003405 0.000000
23.322904 -5.513081 0.002194 0.000000
-13.125075 -0.476714 0.002194 0.000000
-31.371526 2.202415 -0.000120 0.000000
23.758180 0.754137 -0.000345 0.000000
-23.653995 3.583508 -0.000514 0.000000
-22.606485 1.859308 0.000249 0.000000
21.971075 1.475621 -0.000514 0.000000
1.097159 32.165190 1.019074 0.000000
1.097216 32.657570 1.677951 0.000000
-1.096550 31.524616 1.420750 0.000000
1.097348 34.363409 1.127740 0.000000
30.832806 -4.895532 0.001341 0.000000
32.326732 -8.185438 0.002560 0.000000
-39.033642 -5.703251 0.002912 0.000000
14.599130 -5.248162 0.003244 0.000000
19.580720 -5.248726 0.002476 0.000000
29.989395 -5.598568 0.001727 0.000000
39.037979 -10.068020 0.002925 0.000000
-14.804928 -1.213294 0.002219 0.000000
-25.226859 -1.365329 0.001420 0.000000
-36.787486 2.791223 -0.000449 0.000000
-22.104771 -0.353664 0.001170 0.000000
-28.529926 -2.794500 0.001883 0.000000
-8.617208 -3.520840 0.004902 0.000000
-14.225018 -4.075426 0.003490 0.000000
-38.872474 -6.562464 0.003306 0.000000
18.803003 -0.475313 0.000692 0.000000
10.553233 -1.401998 0.002828 0.000000
32.277502 1.881301 -0.001462 0.000000
-32.780698 3.774326 -0.000776 0.000000
28.877177 -4.315338 0.001275 0.000000
22.061662 -2.260841 0.001022 0.000000
37.541603 -0.588657 -0.000757 0.000000
-36.800508 6.022343 -0.001787 0.000000
38.557059 4.037679 -0.002662 0.000000
-33.508573 -0.437225 0.000911 0.000000
32.294201 -0.807293 -0.000323 0.000000
13.556211 -1.961211 0.002202 0.000000
31.118228 0.302399 -0.000755 0.000000
13.794795 -1.325255 0.001870 0.000000
32.965411 1.758744 -0.001452 0.000000
-27.224093 4.830927 -0.001122 0.000000
-24.308318 -4.295879 0.002625 0.000000
33.898197 -9.748488 0.003059 0.000000
25.703650 -5.073851 0.001773 0.000000
-32.712460 -2.095776 0.001584 0.000000
21.869146 -4.889188 0.002101 0.000000
27.318383 -4.311050 0.001408 0.000000
37.733446 -3.319680 0.000395 0.000000
37.169122 -6.842077 0.001744 0.000000
-36.675063 -3.766614 0.002211 0.000000
-1.127295 6.907361 0.000006 0.000000
-1.095129 20.644623 0.652482 0.000000
1.097143 31.941847 1.064978 0.000000
1.096961 30.177961 0.757527 0.000000
0.813181 23.741097 -0.009182 0.000000
-0.664753 21.586812 -0.008164 0.000000
32.169903 4.997677 -0.002663 0.000000
-20.894790 -0.051782 0.001119 0.000000
16.122835 -1.159653 0.001356 0.000000
24.777275 0.752793 -0.000452 0.000000
25.282114 -0.956297 0.000177 0.000000
27.992541 -0.192789 -0.000284 0.000000
17.994899 -0.337392 0.000739 0.000000
-39.224519 -2.598478 0.001734 0.000000
35.308116 -10.405144 0.003322 0.000000
19.309929 -5.849167 0.002757 0.000000
31.006936 -6.366911 0.001937 0.000000
32.861502 -5.486341 0.001501 0.000000
21.922477 -5.454307 0.002273 0.000000
26.042758 -2.679879 0.000837 0.000000
-23.356263 1.112247 0.000508 0.000000
16.576341 1.166586 0.000308 0.000000
25.954242 4.603183 -0.002153 0.000000
22.875531 3.412355 -0.001386 0.000000
-25.017384 -2.711422 0.002018 0.000000
31.730212 -2.120311 0.000242 0.000000
-17.219712 -3.893032 0.002987 0.000000
-30.577433 -6.610595 0.003409 0.000000
10.931664 -4.035489 0.003766 0.000000
30.891605 -5.672349 0.001636 0.000000
-31.590362 0.727421 0.000471 0.000000
21.994348 0.359709 -0.000024 0.000000
22.313094 1.306758 -0.000440 0.000000
24.453463 2.770759 -0.001225 0.000000
18.563190 1.593296 -0.000159 0.000000
-16.152944 1.280185 0.000974 0.000000
19.349686 0.082570 0.000352 0.000000
27.291760 -3.589747 0.001124 0.000000
29.895785 -2.244413 0.000376 0.000000
36.193322 -0.957810 -0.000459 0.000000
-0.569928 19.138604 -0.007013 0.000000
1.097026 30.949567 0.139992 0.000000
0.570949 19.548770 -0.007235 0.000000
-0.127971 18.957083 -0.006938 0.000000
1.096316 24.924160 0.317363 0.000000
-1.095653 23.715953 0.628397 0.000000
-1.096655 32.617541 0.684436 0.000000
-12.744706 -0.995935 0.002500 0.000000
22.629155 -3.221558 0.001371 0.000000
-25.712435 0.763517 0.000545 0.000000
26.615389 -5.772813 0.001993 0.000000
-23.818148 -0.024975 0.000993 0.000000
-30.899358 -1.640437 0.001426 0.000000
-16.062895 -3.615724 0.003024 0.000000
-27.477783 -5.937193 0.003213 0.000000
36.181519 -5.434533 0.001310 0.000000
-24.753700 4.270006 -0.000839 0.000000
-25.714798 1.600727 0.000241 0.000000
37.581909 -3.064397 0.000275 0.000000
28.356133 -0.988806 -0.000051 0.000000
-21.419333 -2.903276 0.002236 0.000000
-28.254125 1.364377 0.000245 0.000000
-18.788730 -0.680657 0.001532 0.000000
-14.209071 -1.717263 0.002524 0.000000
-37.909920 -0.291875 0.000817 0.000000
-34.841855 5.157457 -0.001396 0.000000
38.998894 -6.146879 0.001380 0.000000
-26.510086 -1.216276 0.001336 0.000000
-38.440839 1.131329 0.000163 0.000000
-17.501659 -3.284668 0.002711 0.000000
37.451982 -4.612816 0.000849 0.000000
-16.471684 -3.596302 0.002978 0.000000
-29.437507 -5.684980 0.003066 0.000000
38.417556 -6.419063 0.001588 0.000000
-23.204094 -2.777188 0.002127 0.000000
-29.151260 -1.804830 0.001494 0.000000
37.534958 -9.152383 0.002648 0.000000
1.096580 26.670139 1.685607 0.000000
-1.096825 35.404750 2.355340 0.000000
23.438134 1.453574 -0.000605 0.000000
-13.634466 0.265694 0.001787 0.000000
-29.875576 3.542179 -0.000679 0.000000
32.897868 -5.601523 0.001489 0.000000
29.312257 1.248660 -0.000962 0.000000
35.818481 -6.468993 0.001698 0.000000
-34.825692 -3.246159 0.001994 0.000000
26.215317 4.513725 -0.002088 0.000000
35.823533 6.039454 -0.003279 0.000000
17.760504 1.211178 0.000117 0.000000
-25.992413 -2.245537 0.001740 0.000000
-36.312738 -5.554164 0.002880 0.000000
34.251112 -3.451613 0.000560 0.000000
-19.635995 -4.351003 0.002933 0.000000
16.083252 -6.022959 0.003281 0.000000
22.200289 -4.117453 0.001766 0.000000
30.683757 2.522175 -0.001622 0.000000
-33.353592 3.039503 -0.000557 0.000000
25.042154 -0.267218 -0.000049 0.000000
-37.173576 5.025592 -0.001314 0.000000
-21.102413 1.109924 0.000619 0.000000
-15.053708 -0.473813 0.001882 0.000000
-25.875400 -0.106156 0.000937 0.000000
18.591740 -0.275564 0.000618 0.000000
-0.310449 32.277172 2.360375 0.000000
0.395335 17.381818 -0.006183 0.000000
0.848375 18.942698 -0.006953 0.000000
-0.879751 17.849052 -0.006391 0.000000
1.096976 30.409639 0.468603 0.000000
-1.096421 29.867131 0.324370 0.000000
1.096994 30.104987 2.289307 0.000000
-1.096184 27.995246 2.320795 0.000000
-1.096388 29.874570 1.922648 0.000000
-0.917686 25.498860 -0.009931 0.000000
0.933375 26.457896 -0.010399 0.000000
0.413013 25.597420 -0.010005 0.000000
0.300517 12.580496 -0.003682 0.000000
-37.921053 -2.497918 0.001698 0.000000
-24.321164 -3.771872 0.002419 0.000000
-18.067322 -4.215219 0.003020 0.000000
38.794375 -7.221001 0.001814 0.000000
33.032852 -2.559549 0.000340 0.000000
-30.949798 -1.472241 0.001358 0.000000
-20.635332 -2.775628 0.002280 0.000000
28.383848 -2.301770 0.000530 0.000000
39.846244 -0.599721 -0.000865 0.000000
32.599989 -5.917867 0.001630 0.000000
19.018126 -3.659319 0.001945 0.000000
-39.075010 -1.892437 0.001451 0.000000
30.081537 5.913500 -0.002967 0.000000
23.303378 2.105868 -0.000861 0.000000
-24.146292 2.401995 -0.000055 0.000000
-21.445478 2.649336 -0.000036 0.000000
34.102998 0.749880 -0.001112 0.000000
-37.702461 6.516669 -0.001918 0.000000
-20.234218 1.728511 0.000432 0.000000
-37.637089 4.105811 -0.001008 0.000000
-22.581461 0.403500 0.000835 0.000000
16.327244 -0.486970 0.001049 0.000000
16.147229 0.796256 0.000536 0.000000
-39.529142 -0.062717 0.000650 0.000000
-24.505381 -2.155742 0.001781 0.000000
30.538435 -1.352056 -0.000020 0.000000
-20.244447 -1.942733 0.001931 0.000000
17.321512 -6.421343 0.003237 0.000000
26.489450 -7.244671 0.002560 0.000000
27.425071 -3.253164 0.000978 0.000000
-18.795274 -1.787953 0.001987 0.000000
-31.921088 -1.981020 0.001511 0.000000
1.096218 24.213446 0.414159 0.000000
1.097186 32.613988 0.277253 0.000000
-28.266974 4.381676 -0.000950 0.000000
-29.059649 3.574138 -0.000688 0.000000
35.830180 -0.381366 -0.000750 0.000000
33.636329 -1.657173 -0.000078 0.000000
-17.206580 0.952924 0.000999 0.000000
-16.961806 0.394804 0.001263 0.000000
-26.258152 -2.078517 0.001683 0.000000
19.166792 -6.028132 0.002809 0.000000
28.519687 -6.574488 0.002159 0.000000
19.573115 1.520768 -0.000237 0.000000
25.392872 -2.967611 0.000982 0.000000
-39.269771 -4.850730 0.002626 0.000000
-23.745609 -5.153970 0.003043 0.000000
25.279531 -6.374806 0.002345 0.000000
36.278041 -6.303115 0.001621 0.000000
36.585063 5.137636 -0.003007 0.000000
35.275549 6.397434 -0.003423 0.000000
-28.889626 -0.933875 0.001128 0.000000
37.286803 -2.481352 0.000011 0.000000
38.624780 -0.977119 -0.000655 0.000000
-22.897583 0.470452 0.000798 0.000000
34.726724 6.196320 -0.003342 0.000000
-36.921290 5.761637 -0.001612 0.000000
14.903612 0.795638 0.000740 0.000000
22.584827 0.158175 -0.000034 0.000000
25.716312 1.451113 -0.000822 0.000000
-1.095683 23.892116 0.476061 0.000000
-16.846851 -2.329511 0.002415 0.000000
-26.887044 -3.425751 0.002240 0.000000
-32.081716 -6.847632 0.003468 0.000000
23.572576 -3.849261 0.001527 0.000000
-36.130906 -3.050382 0.001853 0.000000
-26.167046 -4.359015 0.002576 0.000000
25.657857 -6.403795 0.002337 0.000000
-32.679337 0.414230 0.000578 0.000000
-27.602940 -4.844787 0.002733 0.000000
31.430143 -3.545214 0.000814 0.000000
-34.527362 -0.622886 0.000901 0.000000
-21.444781 -2.541971 0.002084 0.000000
35.974812 0.203079 -0.000992 0.000000
-25.959472 4.160615 -0.000846 0.000000
36.084131 2.487922 -0.001915 0.000000
-35.457325 4.738549 -0.001191 0.000000
29.244043 -2.668808 0.000557 0.000000
16.318372 -1.335777 0.001394 0.000000
16.616318 0.092393 0.000762 0.000000
18.174506 1.027797 0.000146 0.000000
-21.036008 3.073939 -0.000149 0.000000
26.110736 -6.817860 0.002460 0.000000
34.809392 -6.937303 0.001914 0.000000
17.768626 -3.987537 0.002244 0.000000
25.096564 -3.477417 0.001235 0.000000
-35.591329 -4.662105 0.002570 0.000000
20.717491 -3.342799 0.001617 0.000000
34.720651 -6.354938 0.001714 0.000000
-19.739596 -3.356945 0.002534 0.000000
-21.938652 -5.488022 0.003225 0.000000
0.374406 14.170542 -0.004550 0.000000
1.001411 15.463359 -0.005237 0.000000
-0.792517 13.820817 -0.004341 0.000000
1.097228 32.598681 2.111203 0.000000
-1.095890 25.283853 0.046490 0.000000
0.294806 35.719853 -0.001508 0.000000
1.094969 17.768262 -0.002314 0.000000
-0.344069 35.081795 -0.014101 0.000000
1.095943 22.437931 0.585585 0.000000
-1.096755 33.846272 0.464021 0.000000
25.628463 2.780030 -0.001322 0.000000
19.226855 1.972884 -0.000388 0.000000
35.390369 7.610610 -0.003947 0.000000
-28.985182 2.390868 -0.000208 0.000000
-24.091174 0.488577 0.000772 0.000000
-31.132462 4.167968 -0.000924 0.000000
23.586041 -0.813567 0.000303 0.000000
23.819930 -0.240114 0.000009 0.000000
-36.100431 6.510327 -0.001910 0.000000
-38.346357 5.515489 -0.001600 0.000000
-22.419171 -3.823017 0.002538 0.000000
-16.446206 -4.598132 0.003348 0.000000
-35.693033 -3.064123 0.001859 0.000000
35.313681 -3.290956 0.000515 0.000000
-30.542712 1.473371 0.000126 0.000000
27.782767 -6.849682 0.002317 0.000000
31.642800 3.462278 -0.002016 0.000000
-29.838166 -0.883241 0.001083 0.000000
34.571137 0.041519 -0.000786 0.000000
36.521620 -5.718840 0.001398 0.000000
20.164583 -3.365870 0.001677 0.000000
-30.184060 -4.965140 0.002709 0.000000
-30.084937 2.461018 -0.000265 0.000000
-29.686580 4.420930 -0.000993 0.000000
35.796755 1.931397 -0.001676 0.000000
32.165943 2.658351 -0.001740 0.000000
31.860803 3.877576 -0.002173 0.000000
35.365258 6.018822 -0.003304 0.000000
27.397290 3.177143 -0.001637 0.000000
26.859657 4.051500 -0.001956 0.000000
29.180507 5.769188 -0.002851 0.000000
30.267262 2.481026 -0.001580 0.000000
-27.678745 5.000947 -0.001189 0.000000
-16.234912 1.309022 0.000955 0.000000
-0.266895 20.369185 -0.007606 0.000000
1.096977 30.301880 1.029331 0.000000
-1.096525 31.396136 2.017314 0.000000
1.097395 34.780130 1.762834 0.000000
-27.428342 -4.720968 0.002683 0.000000
-18.434667 -4.971846 0.003276 0.000000
-29.991069 -0.783871 0.001106 0.000000
-23.349856 -2.167738 0.001825 0.000000
36.835216 -7.462144 0.002009 0.000000
19.289104 -4.368448 0.002186 0.000000
-37.035254 0.638189 0.000389 0.000000
24.825330 -3.093791 0.001114 0.000000
34.962130 -6.229611 0.001692 0.000000
-25.243419 -1.733499 0.001620 0.000000
-17.255298 -2.937849 0.002623 0.000000
31.978567 3.210304 -0.001965 0.000000
-21.301783 2.602192 -0.000013 0.000000
-20.077362 0.055463 0.001162 0.000000
22.367802 -1.194190 0.000562 0.000000
18.379718 -1.090369 0.000981 0.000000
-18.808648 2.310638 0.000303 0.000000
-31.194362 4.234313 -0.001007 0.000000
28.897635 3.470709 -0.001861 0.000000
25.802006 3.934262 -0.001844 0.000000
-36.676057 7.837604 -0.002453 0.000000
31.951248 -7.459433 0.002278 0.000000
-37.829712 -3.191096 0.001958 0.000000
38.202086 -2.644180 0.000031 0.000000
-27.368714 -1.372232 0.001365 0.000000
16.797448 -2.420713 0.001770 0.000000
21.923882 -4.264375 0.001839 0.000000
29.567485 -3.558831 0.000935 0.000000
-27.667962 -6.272268 0.003324 0.000000
12.739419 -4.627094 0.003448 0.000000
1.096908 29.589271 1.204413 0.000000
-0.151957 10.458376 -0.002436 0.000000
32.670349 6.435032 -0.003294 0.000000
-14.638235 -0.060187 0.001754 0.000000
-37.013111 3.726226 -0.000793 0.000000
-34.981825 1.858349 -0.000099 0.000000
22.704187 0.123691 0.000008 0.000000
-34.942129 6.626647 -0.001954 0.000000
-35.885028 0.743965 0.000336 0.000000
-35.031492 6.529169 -0.001914 0.000000
-14.801804 0.656305 0.001429 0.000000
18.547945 -4.740092 0.002422 0.000000
29.365549 -4.674779 0.001390 0.000000
-23.905460 -3.447434 0.002321 0.000000
-36.238430 -2.299253 0.001626 0.000000
19.711861 -6.872257 0.003102 0.000000
31.610748 -7.878664 0.002487 0.000000
-33.236529 3.207729 -0.000554 0.000000
-27.335905 1.176219 0.000328 0.000000
-11.893910 -1.403524 0.002865 0.000000
20.913993 2.491347 -0.000791 0.000000
30.237852 4.945387 -0.002557 0.000000
31.455538 -1.263623 -0.000096 0.000000
-31.834866 -0.305537 0.000879 0.000000
-13.015866 -3.643043 0.003523 0.000000
-30.319240 -5.118011 0.002764 0.000000
-19.317032 -5.140359 0.003284 0.000000
35.151470 2.891354 -0.002027 0.000000
14.296274 -1.486236 0.001843 0.000000
16.105452 0.594946 0.000605 0.000000
36.671352 0.297026 -0.001054 0.000000
27.733628 4.010132 -0.002036 0.000000
26.822757 0.726410 -0.000572 0.000000
-0.783735 15.924816 -0.005437 0.000000
-1.096785 34.137650 0.073073 0.000000
-1.096558 31.478635 0.364930 0.000000
0.569767 21.166762 -0.007995 0.000000
-0.312408 31.601924 -0.012614 0.000000
-0.996217 35.285154 2.359634 0.000000
1.097430 35.007858 2.054565 0.000000
-1.096426 30.274469 1.625870 0.000000
-0.775415 29.595400 -0.011740 0.000000
-18.609111 -1.865854 0.002035 0.000000
-33.518842 -2.851660 0.001862 0.000000
-21.744398 -3.987377 0.002668 0.000000
38.737524 -9.353818 0.002660 0.000000
36.439246 -5.257438 0.001173 0.000000
-33.819922 2.051420 -0.000142 0.000000
-26.034986 -0.076751 0.000924 0.000000
35.945235 -7.967835 0.002253 0.000000
26.077485 -4.189921 0.001456 0.000000
29.867071 -0.288802 -0.000378 0.000000
23.557495 -1.808804 0.000712 0.000000
-24.891964 -4.425016 0.002661 0.000000
23.307845 -5.679031 0.002238 0.000000
37.233747 4.884214 -0.002938 0.000000
18.747763 0.646713 0.000227 0.000000
28.740143 0.390034 -0.000633 0.000000
31.387010 -1.414637 -0.000072 0.000000
23.488505 3.981412 -0.001680 0.000000
23.359636 1.173679 -0.000491 0.000000
21.740325 2.762069 -0.001007 0.000000
-28.437096 -0.137890 0.000866 0.000000
36.973404 1.538106 -0.001499 0.000000
-32.356900 -0.507011 0.000952 0.000000
39.312367 -4.101706 0.000557 0.000000
23.289734 -6.373650 0.002539 0.000000
18.031596 -5.625665 0.002840 0.000000
28.418463 -6.064974 0.001994 0.000000
-22.384629 -2.042410 0.001828 0.000000
31.159944 -9.723670 0.003211 0.000000
1.097006 30.629631 0.777646 0.000000
-1.096063 26.789943 1.171301 0.000000
1.097002 30.322332 1.762187 0.000000
-24.680247 3.610981 -0.000578 0.000000
-22.818809 2.223093 0.000092 0.000000
-22.691098 1.546204 0.000361 0.000000
21.301812 -3.272483 0.001526 0.000000
31.933843 -2.414076 0.000339 0.000000
26.913552 -0.733466 -0.000008 0.000000
30.384168 1.359730 -0.001131 0.000000
38.720086 4.763773 -0.002957 0.000000
25.479138 2.920382 -0.001400 0.000000
-28.802944 -4.139935 0.002470 0.000000
24.356174 -7.469132 0.002826 0.000000
15.160468 -4.970515 0.003043 0.000000
35.751152 -4.423369 0.000945 0.000000
36.804617 7.968631 -0.004167 0.000000
22.250638 1.817577 -0.000665 0.000000
-30.155868 5.970829 -0.001686 0.000000
-26.721464 3.047175 -0.000412 0.000000
20.757836 2.441484 -0.000756 0.000000
-26.930094 -3.706451 0.002348 0.000000
20.711209 -4.229798 0.001964 0.000000
27.534567 -3.624680 0.001060 0.000000
30.476915 -7.688066 0.002513 0.000000
15.872364 -2.184280 0.001830 0.000000
-33.464080 1.430512 0.000127 0.000000
-17.768052 1.809659 0.000602 0.000000
22.979226 3.160806 -0.001262 0.000000
-36.900788 3.143739 -0.000589 0.000000
-16.429109 -1.260710 0.002048 0.000000
27.982378 -0.541216 -0.000180 0.000000
26.976809 0.438801 -0.000511 0.000000
27.800848 1.478991 -0.000991 0.000000
31.309025 3.380804 -0.001965 0.000000
0.407600 24.439923 -0.009486 0.000000
1.068398 27.500269 -0.010862 0.000000
-35.863316 -2.001819 0.001498 0.000000
23.134366 -7.712049 0.003071 0.000000
14.986466 -5.017366 0.003099 0.000000
28.919649 -1.474572 0.000165 0.000000
-21.909000 -4.105700 0.002686 0.000000
15.575725 -3.851744 0.002546 0.000000
-25.233222 -0.992886 0.001314 0.000000
-32.659230 -3.261796 0.001971 0.000000
-17.242456 -4.872536 0.003361 0.000000
16.347802 -5.991629 0.003226 0.000000
21.633396 -3.813309 0.001706 0.000000
-23.448038 -2.370869 0.001907 0.000000
-12.204220 -3.686696 0.003724 0.000000
-25.643994 -4.624057 0.002719 0.000000
31.358129 4.241635 -0.002306 0.000000
15.373355 -3.080996 0.002268 0.000000
-28.380505 0.190449 0.000694 0.000000
21.188402 -2.275365 0.001132 0.000000
-39.168193 4.431208 -0.001083 0.000000
-31.789475 1.649875 0.000035 0.000000
-17.567402 1.208420 0.000884 0.000000
20.723973 -1.554177 0.000876 0.000000
33.639838 0.068277 -0.000740 0.000000
35.528740 2.513822 -0.001895 0.000000
-38.730156 -0.449724 0.000835 0.000000
-25.134231 -2.225892 0.001769 0.000000
29.564864 -0.328350 -0.000349 0.000000
36.577330 1.825351 -0.001674 0.000000
27.546025 2.145561 -0.001260 0.000000
12.678408 -0.498593 0.001788 0.000000
25.163681 2.653744 -0.001243 0.000000
24.997758 3.677042 -0.001651 0.000000
-21.815139 1.295267 0.000521 0.000000
-29.179612 -2.149844 0.001659 0.000000
38.112009 -5.929214 0.001337 0.000000
26.064483 -1.825938 0.000486 0.000000
16.597752 -1.429129 0.001384 0.000000
20.361494 -2.951045 0.001474 0.000000
-23.873548 -2.840973 0.002124 0.000000
-12.824250 -4.012835 0.003729 0.000000
-30.022241 -5.852683 0.003119 0.000000
-24.707025 -5.779132 0.003196 0.000000
-34.791442 -1.944741 0.001420 0.000000
1.097420 35.265397 1.246597 0.000000
35.993777 -4.251777 0.000835 0.000000
34.309808 2.525372 -0.001769 0.000000
32.233677 -5.330866 0.001423 0.000000
27.280574 1.200307 -0.000841 0.000000
-36.859377 -4.832990 0.002592 0.000000
-30.756035 -0.236627 0.000860 0.000000
26.703224 3.145585 -0.001575 0.000000
-36.380487 -5.746166 0.002993 0.000000
34.114071 -2.162606 0.000117 0.000000
-21.537739 -4.338879 0.002793 0.000000
16.753105 -1.952555 0.001587 0.000000
19.837348 0.775941 0.000042 0.000000
-33.823014 2.998004 -0.000530 0.000000
-0.915375 11.144617 -0.002839 0.000000
27.809015 4.424397 -0.002174 0.000000
-38.610471 5.076246 -0.001341 0.000000
31.818996 0.111397 -0.000718 0.000000
29.866046 1.037705 -0.000970 0.000000
30.777248 2.231242 -0.001456 0.000000
34.959001 4.415066 -0.002633 0.000000
0.184547 33.396078 2.360089 0.000000
1.096719 27.974870 0.592396 0.000000
0.005159 15.362554 -0.005161 0.000000
-0.400088 13.884206 -0.004381 0.000000
-32.266033 -3.906611 0.002308 0.000000
25.627331 -1.562264 0.000436 0.000000
31.677063 -9.047645 0.002917 0.000000
33.622964 6.300884 -0.003324 0.000000
-33.145919 1.631877 0.000046 0.000000
-27.405290 -1.260091 0.001313 0.000000
19.971597 0.011989 0.000346 0.000000
19.581369 -1.053651 0.000830 0.000000
37.171002 -1.127923 -0.000452 0.000000
32.146566 0.768616 -0.001003 0.000000
-23.840958 0.730247 0.000631 0.000000
23.982777 -4.478409 0.001719 0.000000
-23.800482 -1.771534 0.001695 0.000000
-29.220900 -4.356318 0.002546 0.000000
-32.368698 0.432162 0.000576 0.000000
27.282982 -3.078206 0.000924 0.000000
-39.813146 -0.353195 0.000776 0.000000
-19.804270 -0.657959 0.001479 0.000000
38.226852 -9.539709 0.002757 0.000000
26.693185 -4.986412 0.001716 0.000000
-33.978701 -1.890477 0.001464 0.000000
-1.096203 27.908338 0.503601 0.000000
0.743708 26.059911 -0.010217 0.000000
1.086653 22.388012 -0.008571 0.000000
1.096413 25.345748 2.002625 0.000000
1.079690 8.778497 -0.001393 0.000000
0.846055 14.767965 -0.004875 0.000000
0.538135 16.792122 -0.005897 0.000000
0.119599 18.160980 -0.006561 0.000000
-0.074128 31.914463 2.360456 0.000000
-19.064632 0.767156 0.000911 0.000000
21.156676 -1.883368 0.000979 0.000000
34.099469 -0.272208 -0.000698 0.000000
24.563483 2.241047 -0.001066 0.000000
-0.563739 22.890150 -0.008762 0.000000
-1.134928 14.914767 -0.004914 0.000000
32.683619 -1.446000 -0.000110 0.000000
-27.928910 4.487895 -0.000986 0.000000
-25.609969 2.803016 -0.000258 0.000000
-37.448489 -5.331403 0.002809 0.000000
-15.759281 -1.649354 0.002263 0.000000
-31.747050 -2.057045 0.001527 0.000000
27.923794 -6.259539 0.002071 0.000000
24.629941 2.083542 -0.000954 0.000000
-32.325253 -1.489696 0.001345 0.000000
-24.006993 -5.276882 0.003073 0.000000
38.903693 -5.188327 0.001040 0.000000
-36.644763 7.410131 -0.002280 0.000000
-23.004271 0.394979 0.000833 0.000000
30.498604 0.937428 -0.000969 0.000000
-29.292805 -1.041245 0.001208 0.000000
22.545172 -1.729574 0.000778 0.000000
39.473068 0.372998 -0.001153 0.000000
-1.096713 33.651082 1.693242 0.000000
-30.511876 -3.501866 0.002124 0.000000
37.575043 -7.122295 0.001887 0.000000
-37.828053 -7.664649 0.003738 0.000000
-31.204098 -0.069465 0.000757 0.000000
-39.487662 -4.823731 0.002566 0.000000
-17.864629 -0.451606 0.001553 0.000000
-33.703971 0.286506 0.000565 0.000000
-27.708977 -5.004904 0.002794 0.000000
31.952501 -2.341582 0.000307 0.000000
-35.247860 -0.811362 0.000972 0.000000
32.218673 5.551993 -0.002888 0.000000
27.793765 2.830199 -0.001555 0.000000
-35.220220 1.755640 0.000011 0.000000
-29.839394 3.181566 -0.000493 0.000000
-22.626502 -0.659065 0.001263 0.000000
-23.689629 3.796679 -0.000623 0.000000
-32.107526 -3.848267 0.002220 0.000000
34.666883 -6.602133 0.001784 0.000000
-35.452504 -4.975422 0.002626 0.000000
34.631851 -5.649694 0.001440 0.000000
-35.228167 -2.151829 0.001520 0.000000
-14.917921 -3.884454 0.003278 0.000000
-23.671620 -5.655427 0.003219 0.000000
33.285529 -9.459138 0.002983 0.000000
27.234516 -5.433705 0.001858 0.000000
-0.806537 16.795196 -0.005870 0.000000
-1.096591 32.041785 0.947390 0.000000
0.911452 22.380823 -0.008561 0.000000
1.097242 33.334423 0.200359 0.000000
-1.096017 26.283877 0.346474 0.000000
-1.096590 31.704069 0.079380 0.000000
-1.096580 31.650859 0.224877 0.000000
0.594027 20.947904 -0.007894 0.000000
-0.478234 31.661126 -0.012636 0.000000
22.324357 2.157942 -0.000783 0.000000
15.133106 1.456053 0.000411 0.000000
-17.054640 0.420662 0.001245 0.000000
-39.491089 2.688768 -0.000387 0.000000
-34.537445 0.663094 0.000415 0.000000
22.910600 0.605001 -0.000247 0.000000
-32.893221 -0.845573 0.001005 0.000000
-20.799192 2.752984 -0.000010 0.000000
24.794420 -1.649539 0.000525 0.000000
28.694263 -7.462853 0.002538 0.000000
-26.475022 -2.059788 0.001671 0.000000
27.512140 -6.702818 0.002317 0.000000
35.053309 -3.164068 0.000402 0.000000
-36.833841 1.018651 0.000296 0.000000
27.595172 2.991675 -0.001607 0.000000
38.449076 -9.708356 0.002814 0.000000
-18.145978 -3.185189 0.002605 0.000000
-31.907714 -5.162268 0.002777 0.000000
-32.335343 2.610992 -0.000336 0.000000
19.552424 1.265076 -0.000163 0.000000
-31.154816 4.483329 -0.001083 0.000000
21.189151 2.361580 -0.000786 0.000000
-17.253179 0.310797 0.001284 0.000000
-29.242131 5.344638 -0.001433 0.000000
18.754593 -2.681308 0.001575 0.000000
-0.401450 28.921000 -0.011451 0.000000
-1.096859 34.966365 -0.010410 0.000000
0.633276 20.538538 -0.007704 0.000000
1.088104 19.116841 -0.007044 0.000000
-1.096502 31.039218 1.186531 0.000000
-0.006089 35.506925 2.359550 0.000000
-0.762609 35.229962 2.359641 0.000000
24.094475 -8.004331 0.003059 0.000000
29.638307 -3.712750 0.000948 0.000000
-31.050453 -4.548927 0.002582 0.000000
28.622821 2.916928 -0.001626 0.000000
20.766482 1.801889 -0.000497 0.000000
-34.149500 6.244277 -0.001793 0.000000
-31.611533 3.031946 -0.000463 0.000000
-35.131411 2.307922 -0.000237 0.000000
-26.690861 -0.404404 0.000989 0.000000
-19.301552 -1.864358 0.001980 0.000000
30.695935 -1.734710 0.000160 0.000000
30.684289 -0.455360 -0.000421 0.000000
33.329631 1.081308 -0.001124 0.000000
-35.863764 5.170918 -0.001441 0.000000
16.573889 1.236737 0.000264 0.000000
30.918465 -7.201043 0.002239 0.000000
27.334541 -4.173304 0.001352 0.000000
-32.172535 0.155505 0.000625 0.000000
-22.559017 -1.724462 0.001704 0.000000
37.630437 -2.460389 -0.000009 0.000000
20.198324 -1.779009 0.001050 0.000000
-35.021602 -4.147251 0.002371 0.000000
-22.479269 -4.695933 0.002927 0.000000
36.804706 -7.264824 0.001944 0.000000
21.571786 -3.427420 0.001559 0.000000
1.096622 27.159635 0.740310 0.000000
-1.096833 34.811913 0.648784 0.000000
35.968276 6.742813 -0.003565 0.000000
-20.183366 0.927434 0.000759 0.000000
-19.058260 0.165559 0.001172 0.000000
38.689501 0.915892 -0.001411 0.000000
-20.345887 2.808623 -0.000019 0.000000
17.597235 -1.636346 0.001327 0.000000
25.841807 -0.504419 -0.000034 0.000000
-23.128318 -1.277227 0.001478 0.000000
27.735495 -4.412005 0.001394 0.000000
30.066775 -7.468867 0.002453 0.000000
-32.170437 -3.742028 0.002196 0.000000
19.094539 -6.671439 0.003095 0.000000
-18.754632 0.609930 0.001003 0.000000
24.026860 2.649740 -0.001145 0.000000
-32.112886 -0.540082 0.000962 0.000000
22.373416 -1.748306 0.000798 0.000000
30.062681 -5.329725 0.001587 0.000000
-27.141660 -4.400484 0.002563 0.000000
-18.969505 -3.212637 0.002538 0.000000
28.898691 -5.736734 0.001846 0.000000
-33.552623 -5.230968 0.002750 0.000000
35.660221 -10.034120 0.003081 0.000000
-16.205560 -0.130556 0.001600 0.000000
-27.922215 0.701709 0.000555 0.000000
20.902012 0.533784 -0.000016 0.000000
23.239156 1.815691 -0.000746 0.000000
-25.245671 3.057137 -0.000337 0.000000
1.095623 20.700183 0.598383 0.000000
0.314457 25.502361 -0.009961 0.000000
-0.524669 22.154267 -0.008430 0.000000
1.039184 25.725692 -0.010078 0.000000
0.623157 28.435630 -0.011263 0.000000
-0.637461 25.153392 -0.009783 0.000000
0.124398 32.496301 -0.013010 0.000000
1.097360 34.867335 0.198126 0.000000
0.899632 28.642140 -0.011361 0.000000
0.512069 32.536296 -0.013033 0.000000
-1.095421 22.140295 -0.005175 0.000000
0.425720 17.242923 -0.006116 0.000000
-1.096376 29.457422 0.068553 0.000000
-21.899701 -1.797742 0.001757 0.000000
20.730386 -7.279067 0.003101 0.000000
34.862157 -8.639189 0.002580 0.000000
32.839988 -5.034038 0.001273 0.000000
-34.566426 -0.478385 0.000909 0.000000
-30.613325 -1.919861 0.001521 0.000000
35.871410 -7.758070 0.002180 0.000000
15.136638 -2.755036 0.002193 0.000000
20.965322 -1.070805 0.000681 0.000000
33.927852 -4.430738 0.000971 0.000000
38.883328 -9.914229 0.002879 0.000000
27.861249 -5.118836 0.001674 0.000000
13.180883 -3.662394 0.002964 0.000000
17.372779 -3.234747 0.002004 0.000000
31.466616 3.950672 -0.002244 0.000000
22.788466 2.644201 -0.001054 0.000000
-29.056673 2.966801 -0.000410 0.000000
27.653429 0.560587 -0.000600 0.000000
-15.635113 -0.043092 0.001621 0.000000
37.191355 4.563936 -0.002727 0.000000
36.306513 5.839858 -0.003275 0.000000
-28.682124 -0.284674 0.000933 0.000000
-39.063731 -1.496824 0.001254 0.000000
-31.217774 -3.156695 0.001958 0.000000
38.388263 -3.929719 0.000534 0.000000
37.003504 -5.106478 0.001144 0.000000
-30.511299 -4.758603 0.002676 0.000000
27.273877 -8.807374 0.003113 0.000000
-25.873108 -1.924729 0.001675 0.000000
-1.096780 34.184895 0.875631 0.000000
1.097086 31.396106 1.120355 0.000000
1.097219 32.769106 1.257551 0.000000
30.637883 -2.292136 0.000331 0.000000
17.955788 0.463138 0.000408 0.000000
34.375735 4.135774 -0.002441 0.000000
23.493036 2.763517 -0.001161 0.000000
-11.907602 -0.590732 0.002513 0.000000
28.341852 -3.415468 0.000939 0.000000
34.031095 -4.357678 0.001005 0.000000
14.816172 -4.616183 0.002982 0.000000
-33.186968 0.296279 0.000569 0.000000
-25.691017 4.523560 -0.000942 0.000000
23.892622 0.423056 -0.000233 0.000000
29.053542 2.818510 -0.001637 0.000000
33.437980 5.348177 -0.002909 0.000000
-30.123604 3.609774 -0.000706 0.000000
-33.345220 6.547364 -0.001989 0.000000
-27.273373 -3.886807 0.002410 0.000000
33.338359 -6.970514 0.002005 0.000000
28.971131 -2.492995 0.000566 0.000000
25.869293 -7.019838 0.002523 0.000000
-34.034239 1.325447 0.000191 0.000000
-21.873828 -0.995636 0.001435 0.000000
-16.645698 -2.185576 0.002367 0.000000
-37.908634 8.094990 -0.002562 0.000000
34.223602 6.944960 -0.003562 0.000000
-38.497251 3.145588 -0.000567 0.000000
-23.134547 0.096572 0.000950 0.000000
20.060609 1.093071 -0.000113 0.000000
-10.872140 -0.635991 0.002792 0.000000
-0.925919 29.071516 -0.011506 0.000000
0.180559 33.906037 -0.013615 0.000000
1.097142 32.152444 0.555367 0.000000
38.642673 -10.743830 0.003214 0.000000
-18.563165 -5.103508 0.003316 0.000000
31.271644 -6.046003 0.001766 0.000000
-23.000237 -4.245570 0.002677 0.000000
22.335759 -7.378551 0.002976 0.000000
34.255575 -4.931242 0.001220 0.000000
38.455053 -8.844721 0.002477 0.000000
26.427131 3.361061 -0.001626 0.000000
20.296811 2.590768 -0.000771 0.000000
-16.054178 -1.593070 0.002200 0.000000
-29.333718 4.305512 -0.000950 0.000000
31.143243 0.011537 -0.000608 0.000000
33.225782 2.522569 -0.001730 0.000000
-25.066325 4.384736 -0.000891 0.000000
-38.924991 4.666357 -0.001181 0.000000
-16.047952 -0.774194 0.001872 0.000000
35.002606 3.873525 -0.002413 0.000000
-25.864829 -3.919094 0.002437 0.000000
23.901685 -7.856080 0.003062 0.000000
-36.354645 -1.718046 0.001326 0.000000
21.384672 -4.598254 0.001997 0.000000
33.015049 -4.273141 0.000959 0.000000
33.393414 -3.342941 0.000607 0.000000
-30.583271 0.149748 0.000683 0.000000
28.623644 -5.393572 0.001735 0.000000
-37.915570 -3.656906 0.002069 0.000000
-0.703479 20.559591 -0.007684 0.000000
0.381472 34.637160 -0.013931 0.000000
-1.096183 27.628882 0.144144 0.000000
-1.095695 23.892599 0.121949 0.000000
-1.096741 33.422510 0.115919 0.000000
-1.095060 20.295454 0.635454 0.000000
0.730950 22.166611 -0.008459 0.000000
1.095698 21.122697 0.071414 0.000000
1.096584 27.001947 0.084586 0.000000
1.097307 33.924250 0.817011 0.000000
-1.096561 31.597821 0.941838 0.000000
36.619804 5.227030 -0.003041 0.000000
25.640593 3.597466 -0.001709 0.000000
20.715063 2.950403 -0.000992 0.000000
-30.837682 5.605022 -0.001548 0.000000
22.904024 -2.255202 0.000911 0.000000
37.623206 -0.718745 -0.000703 0.000000
34.807622 1.406861 -0.001408 0.000000
39.472976 -2.120249 -0.000237 0.000000
-18.228007 2.345897 0.000348 0.000000
-28.152516 -4.536402 0.002591 0.000000
-19.064425 -4.868485 0.003192 0.000000
32.059702 -9.860561 0.003231 0.000000
18.528927 -5.838805 0.002819 0.000000
-35.456722 -2.938444 0.001814 0.000000
37.130762 -8.893860 0.002601 0.000000
16.879895 -3.172631 0.002059 0.000000
30.712448 1.798282 -0.001292 0.000000
15.356321 0.450818 0.000816 0.000000
-38.734996 1.889559 -0.000064 0.000000
20.649383 -0.563098 0.000506 0.000000
-21.026774 -4.178913 0.002785 0.000000
-15.226783 -4.414463 0.003466 0.000000
-19.005883 -2.185915 0.002131 0.000000
-34.517614 5.066224 -0.001362 0.000000
-38.608587 3.513470 -0.000716 0.000000
30.607617 2.061055 -0.001366 0.000000
30.010475 5.437137 -0.002763 0.000000
14.154499 1.229893 0.000666 0.000000
-25.902736 2.634547 -0.000191 0.000000
-27.750098 4.710796 -0.001140 0.000000
21.523525 -1.317000 0.000677 0.000000
27.050366 1.087404 -0.000747 0.000000
-37.236803 -1.893947 0.001453 0.000000
24.461902 -4.942735 0.001832 0.000000
15.876350 -3.518396 0.002362 0.000000
-34.212161 0.572987 0.000490 0.000000
-18.817915 -2.615632 0.002330 0.000000
29.713906 -8.358256 0.002772 0.000000
-36.118576 -2.754414 0.001764 0.000000
-22.268310 -3.738958 0.002515 0.000000
30.403692 -6.707768 0.002124 0.000000
27.808410 -2.722543 0.000720 0.000000
-34.834871 7.246993 -0.002207 0.000000
27.671793 1.103749 -0.000843 0.000000
36.829231 -3.491668 0.000441 0.000000
29.178682 -1.153516 -0.000039 0.000000
-30.051165 4.305604 -0.000957 0.000000
-26.883280 2.472359 -0.000138 0.000000
-29.734782 1.684586 0.000116 0.000000
15.333773 -1.730972 0.001740 0.000000
-31.760153 6.136414 -0.001773 0.000000
-17.760267 1.769062 0.000599 0.000000
25.416133 4.384380 -0.001969 0.000000
-22.984494 -1.193926 0.001453 0.000000
16.341781 -5.290135 0.002966 0.000000
31.003843 -4.462741 0.001222 0.000000
17.228102 -2.817607 0.001862 0.000000
25.172655 -2.045797 0.000672 0.000000
24.084817 -5.042883 0.001902 0.000000
30.126946 -4.364545 0.001173 0.000000
-24.565706 -4.606520 0.002737 0.000000
-16.603304 -4.844245 0.003423 0.000000
-0.447790 6.972255 -0.000040 0.000000
-1.096487 31.034669 2.034233 0.000000
1.095467 19.904748 0.736882 0.000000
1.096103 23.530155 0.031411 0.000000
-0.198830 25.216521 -0.009823 0.000000
0.879585 31.403833 -0.012559 0.000000
-0.483285 26.923847 -0.010574 0.000000
0.329058 29.766730 -0.011838 0.000000
-1.042127 29.443519 -0.011667 0.000000
-0.176564 28.871273 -0.011436 0.000000
22.026983 3.156901 -0.001178 0.000000
29.176279 4.144460 -0.002133 0.000000
-19.872270 0.359648 0.001021 0.000000
22.065045 -1.237031 0.000602 0.000000
38.601546 1.041335 -0.001456 0.000000
21.492213 0.002647 0.000184 0.000000
-32.789286 6.494011 -0.001953 0.000000
27.113216 -2.039733 0.000464 0.000000
23.456988 -0.529893 0.000163 0.000000
-25.022590 -3.930814 0.002462 0.000000
-18.273493 -4.568765 0.003156 0.000000
28.247665 -8.985029 0.003135 0.000000
25.822183 -4.963646 0.001759 0.000000
15.509990 0.846270 0.000619 0.000000
29.152647 4.682590 -0.002337 0.000000
23.145168 3.710460 -0.001552 0.000000
30.759152 5.797772 -0.002955 0.000000
-31.754389 -2.610077 0.001799 0.000000
28.776152 -3.271477 0.000833 0.000000
36.780027 -1.936340 -0.000176 0.000000
-37.907010 -7.556126 0.003697 0.000000
29.704822 -5.585807 0.001737 0.000000
29.181392 0.208058 -0.000561 0.000000
27.495631 2.312110 -0.001294 0.000000
30.575000 4.169813 -0.002217 0.000000
-18.249249 1.289282 0.000794 0.000000
23.756803 0.825385 -0.000416 0.000000
22.122170 1.434193 -0.000503 0.000000
22.326620 2.348842 -0.000911 0.000000
24.014532 3.795931 -0.001621 0.000000
-31.173216 2.152281 -0.000119 0.000000
-28.122652 3.404336 -0.000609 0.000000
36.419035 -2.083819 -0.000098 0.000000
18.908367 -0.778871 0.000797 0.000000
-1.095752 24.281193 0.156313 0.000000
0.774019 30.744257 -0.012270 0.000000
0.930427 16.284096 -0.005652 0.000000
0.293607 32.248930 -0.012907 0.000000
-1.096646 32.417610 0.499388 0.000000
-1.096862 35.455864 0.897041 0.000000
1.096582 26.884875 0.322363 0.000000
1.096451 25.799818 0.659179 0.000000
-1.096844 35.085417 0.748784 0.000000
20.529018 -6.140399 0.002730 0.000000
-23.933605 0.293457 0.000816 0.000000
21.954467 -5.165665 0.002195 0.000000
-19.059243 -1.134847 0.001702 0.000000
-16.355896 -2.047559 0.002349 0.000000
-29.550959 0.719835 0.000443 0.000000
-19.412750 -1.250565 0.001724 0.000000
-34.374171 -6.726324 0.003391 0.000000
35.619318 2.780372 -0.001927 0.000000
-20.936796 3.203161 -0.000197 0.000000
-19.689701 2.160894 0.000295 0.000000
-19.674441 1.237740 0.000666 0.000000
29.671089 -3.020721 0.000719 0.000000
23.767948 -1.344421 0.000469 0.000000
-26.320392 -2.863434 0.001995 0.000000
-36.356034 2.557295 -0.000322 0.000000
-19.661800 -2.570425 0.002227 0.000000
-36.055830 0.684595 0.000371 0.000000
-25.126280 -1.303812 0.001410 0.000000
37.899828 -0.549232 -0.000786 0.000000
29.129684 -4.314952 0.001262 0.000000
22.376004 -2.232042 0.000987 0.000000
-28.240034 -2.744935 0.001928 0.000000
-18.862805 -3.607851 0.002744 0.000000
-38.482557 -6.543684 0.003295 0.000000
19.357530 -3.413882 0.001805 0.000000
26.967696 -2.624836 0.000762 0.000000
-38.743286 -5.624634 0.002930 0.000000
32.594189 -8.214455 0.002561 0.000000
31.014817 -4.875823 0.001338 0.000000
-1.096652 32.984889 1.833171 0.000000
1.096579 26.699960 1.253776 0.000000
1.097395 34.923968 1.140948 0.000000
-36.637360 6.006458 -0.001716 0.000000
-32.561759 3.714059 -0.000755 0.000000
-13.403663 -1.023715 0.002383 0.000000
20.699565 0.817638 -0.000071 0.000000
32.561827 1.938893 -0.001495 0.000000
-25.736098 2.586741 -0.000169 0.000000
-20.453995 -1.193080 0.001614 0.000000
25.804846 -5.080460 0.001813 0.000000
25.457707 -0.931066 0.000159 0.000000
16.166355 -0.880073 0.001239 0.000000
24.922257 0.622174 -0.000383 0.000000
-33.520034 -3.408707 0.002092 0.000000
34.141248 -9.781424 0.003064 0.000000
31.530801 -1.834707 0.000079 0.000000
24.119233 3.943145 -0.001707 0.000000
-27.251545 4.788586 -0.001155 0.000000
18.923639 -2.134748 0.001341 0.000000
-32.455714 -2.117275 0.001592 0.000000
38.003796 -3.363353 0.000330 0.000000
-18.035318 -1.442431 0.001915 0.000000
-13.624839 -2.477038 0.002940 0.000000
-33.250229 -0.471802 0.000923 0.000000
32.519034 -0.785135 -0.000399 0.000000
31.375278 0.343567 -0.000783 0.000000
33.261467 1.816366 -0.001487 0.000000
38.973247 4.131333 -0.002714 0.000000
-25.640540 4.601895 -0.000979 0.000000
23.050910 3.471997 -0.001422 0.000000
-16.821745 -0.289706 0.001565 0.000000
-24.942746 1.654376 0.000246 0.000000
-13.167272 -1.210615 0.002501 0.000000
-31.254724 0.786956 0.000393 0.000000
22.492334 1.350806 -0.000472 0.000000
-0.722152 18.193739 -0.006558 0.000000
-0.839894 22.576921 -0.008617 0.000000
-0.275830 21.469447 -0.008118 0.000000
0.565089 18.351331 -0.006661 0.000000
-1.096365 29.720322 2.118795 0.000000
-0.057543 33.093583 2.360167 0.000000
0.074015 19.079441 -0.007001 0.000000
-0.275914 18.950105 -0.006928 0.000000
-0.993714 19.690186 -0.007269 0.000000
-38.900658 -2.717901 0.001690 0.000000
35.458231 -10.506017 0.003342 0.000000
31.237087 -6.308363 0.001924 0.000000
33.010851 -5.575101 0.001538 0.000000
-16.447459 -2.035432 0.002336 0.000000
25.489263 -3.293302 0.001143 0.000000
31.911500 -2.174122 0.000195 0.000000
-20.225155 -0.966018 0.001534 0.000000
-18.238309 -3.521827 0.002768 0.000000
31.112830 -5.677833 0.001633 0.000000
-30.325568 -6.594511 0.003398 0.000000
26.013135 4.706736 -0.002139 0.000000
18.136348 -1.450462 0.001158 0.000000
28.011658 0.019215 -0.000427 0.000000
-18.073427 1.651647 0.000624 0.000000
-19.565339 1.558090 0.000538 0.000000
-23.432079 2.508573 -0.000083 0.000000
18.744645 1.450714 -0.000129 0.000000
27.466602 -3.410820 0.001030 0.000000
30.172938 -2.224839 0.000357 0.000000
-23.694241 -0.050978 0.001006 0.000000
-21.349421 -1.886871 0.001831 0.000000
16.036156 -3.755205 0.002427 0.000000
22.948296 -3.190929 0.001283 0.000000
-25.498540 0.721572 0.000564 0.000000
-27.278378 -5.927955 0.003212 0.000000
-22.926834 -3.096985 0.002269 0.000000
36.301937 -5.462106 0.001250 0.000000
-1.096635 32.352053 0.796991 0.000000
1.097360 34.772004 0.179070 0.000000
-1.096136 27.304515 0.415078 0.000000
-24.591167 4.211043 -0.000813 0.000000
-23.064945 2.947907 -0.000199 0.000000
-23.506204 2.126534 0.000123 0.000000
-25.713603 1.420796 0.000302 0.000000
37.837961 -3.052651 0.000284 0.000000
28.421163 -0.989476 -0.000001 0.000000
18.508359 -2.816334 0.001677 0.000000
26.916944 -1.929173 0.000475 0.000000
12.786232 -2.284491 0.002520 0.000000
37.788976 -4.610800 0.000838 0.000000
-28.997849 -2.049958 0.001580 0.000000
-33.754986 -5.275619 0.002773 0.000000
37.858596 -9.188967 0.002649 0.000000
-38.068195 1.090301 0.000191 0.000000
16.558107 -5.600181 0.003023 0.000000
-26.383079 -1.295575 0.001355 0.000000
-20.603447 -2.423647 0.002093 0.000000
39.354157 -6.158261 0.001374 0.000000
21.092703 -0.373125 0.000369 0.000000
17.192728 1.142519 0.000226 0.000000
17.342707 1.973867 -0.000164 0.000000
38.910042 -6.447119 0.001587 0.000000
-29.208034 -5.677129 0.003063 0.000000
26.147614 -2.922917 0.000915 0.000000
-34.620075 5.103802 -0.001339 0.000000
-28.028681 1.317664 0.000266 0.000000
20.615521 0.033734 0.000267 0.000000
-37.576323 -0.269163 0.000721 0.000000
16.922361 1.817493 -0.000026 0.000000
-26.505525 -1.132409 0.001317 0.000000
25.762565 -1.286098 0.000309 0.000000
25.254840 -0.233535 -0.000074 0.000000
30.943247 2.582662 -0.001660 0.000000
14.338837 -0.158488 0.001258 0.000000
-33.003112 3.149066 -0.000533 0.000000
-1.096483 30.953545 2.179382 0.000000
1.096740 27.952025 1.425025 0.000000
1.097020 30.844978 0.471327 0.000000
-1.095959 25.887147 0.779723 0.000000
22.460766 -4.091725 0.001726 0.000000
-30.683308 -3.431249 0.002081 0.000000
-19.412896 -4.206887 0.002934 0.000000
-23.072641 -0.833836 0.001327 0.000000
-34.543805 -3.205869 0.001952 0.000000
21.599387 -5.992957 0.002541 0.000000
-17.820102 -3.267802 0.002682 0.000000
-35.901150 -5.540484 0.002872 0.000000
25.048120 -4.321336 0.001587 0.000000
34.467180 -3.510588 0.000626 0.000000
18.117413 -2.236965 0.001487 0.000000
17.968989 -0.678112 0.000871 0.000000
36.192601 6.141147 -0.003389 0.000000
26.466054 4.597320 -0.002135 0.000000
33.016657 -5.743788 0.001579 0.000000
17.116341 -3.509310 0.002136 0.000000
-13.701545 0.094669 0.001836 0.000000
29.568430 1.568745 -0.001146 0.000000
18.581340 -0.192064 0.000563 0.000000
-21.060134 0.982353 0.000680 0.000000
-25.710986 -0.135895 0.000950 0.000000
19.097339 -0.969115 0.000856 0.000000
21.186507 1.732254 -0.000501 0.000000
-14.234908 0.278899 0.001673 0.000000
-36.891355 4.947607 -0.001287 0.000000
-23.007591 3.757331 -0.000572 0.000000
39.134126 -7.240964 0.001811 0.000000
-37.576108 -2.518869 0.001702 0.000000
22.136167 -6.326826 0.002631 0.000000
33.413733 -2.541047 0.000316 0.000000
27.108603 -5.824100 0.002000 0.000000
-21.510380 0.011556 0.001055 0.000000
-30.718010 -1.497003 0.001366 0.000000
-15.608838 -3.561874 0.003057 0.000000
28.426837 -2.332613 0.000543 0.000000
32.843456 -5.925456 0.001623 0.000000
-38.713244 -1.919576 0.001458 0.000000
-0.952540 25.784215 -0.010059 0.000000
0.986426 26.769274 -0.010538 0.000000
0.402598 25.711657 -0.010056 0.000000
23.500327 2.159008 -0.000895 0.000000
30.352637 6.008339 -0.003015 0.000000
34.414152 0.799334 -0.001141 0.000000
36.016277 -0.395319 -0.000695 0.000000
-28.113344 4.328467 -0.000929 0.000000
-23.430539 -4.004602 0.002554 0.000000
26.644012 -7.257572 0.002559 0.000000
22.352797 -6.051676 0.002505 0.000000
27.687469 -3.244507 0.000961 0.000000
20.076572 1.792121 -0.000446 0.000000
16.154572 0.023954 0.000862 0.000000
-39.200876 -0.101925 0.000728 0.000000
25.716977 -2.447080 0.000785 0.000000
36.452411 -5.527348 0.001325 0.000000
-22.607990 -5.525585 0.003217 0.000000
17.125172 -5.639057 0.002967 0.000000
-37.422622 6.428452 -0.001890 0.000000
-37.388457 3.965289 -0.000896 0.000000
-22.247369 0.523812 0.000840 0.000000
36.832506 5.361614 -0.003028 0.000000
35.576956 6.354057 -0.003445 0.000000
-33.759503 6.819789 -0.002079 0.000000
39.098276 -0.985308 -0.000643 0.000000
22.668416 -5.231635 0.002157 0.000000
28.634468 -6.591416 0.002193 0.000000
24.687524 -3.666009 0.001309 0.000000
-28.602065 -1.124263 0.001243 0.000000
36.670764 -6.323548 0.001614 0.000000
-19.715497 -2.797912 0.002355 0.000000
-38.999499 -4.817649 0.002559 0.000000
25.464630 -6.388813 0.002342 0.000000
19.712528 1.561198 -0.000271 0.000000
-16.815286 0.190588 0.001366 0.000000
-17.244300 -0.592037 0.001654 0.000000
21.442336 -2.935639 0.001378 0.000000
34.107308 -1.630156 -0.000130 0.000000
-32.453399 0.360840 0.000532 0.000000
21.301352 -1.620127 0.000853 0.000000
21.245253 -0.901254 0.000580 0.000000
25.919884 1.497495 -0.000852 0.000000
35.083930 6.307384 -0.003402 0.000000
-36.647412 5.679580 -0.001582 0.000000
25.855842 -6.419476 0.002329 0.000000
16.182835 -4.222653 0.002583 0.000000
17.532903 -6.088750 0.003065 0.000000
-25.925371 -4.357090 0.002579 0.000000
29.458271 -2.653557 0.000541 0.000000
-34.364572 -0.692623 0.000949 0.000000
-21.281706 -2.520537 0.002124 0.000000
-27.454739 -4.997822 0.002795 0.000000
31.748660 -3.537983 0.000795 0.000000
-26.702917 -3.434624 0.002245 0.000000
-17.666574 -4.005063 0.002991 0.000000
-31.791337 -6.826934 0.003456 0.000000
-1.096784 34.206880 0.927684 0.000000
0.930587 15.500631 -0.005255 0.000000
29.276695 5.498321 -0.002739 0.000000
-35.020826 4.722709 -0.001251 0.000000
-30.055636 2.270546 -0.000187 0.000000
-28.283502 0.937476 0.000445 0.000000
36.444317 2.559020 -0.001953 0.000000
22.392407 1.197410 -0.000425 0.000000
-25.763876 4.095215 -0.000817 0.000000
-12.554440 0.426686 0.001900 0.000000
-26.544294 4.019146 -0.000797 0.000000
-30.929617 4.062262 -0.000937 0.000000
23.638388 -0.921130 0.000336 0.000000
15.462609 -0.810425 0.001334 0.000000
23.956224 0.795216 -0.000378 0.000000
-36.499761 -2.580123 0.001714 0.000000
17.319035 -6.294047 0.003179 0.000000
-23.834690 0.430127 0.000800 0.000000
-21.409517 -0.765677 0.001404 0.000000
35.392784 -6.972664 0.001905 0.000000
25.301452 -3.471017 0.001218 0.000000
35.764155 7.739545 -0.004015 0.000000
25.878210 2.785741 -0.001343 0.000000
-35.390642 -4.796482 0.002567 0.000000
35.314654 -0.964232 -0.000483 0.000000
15.475143 -5.796245 0.003295 0.000000
19.812048 -3.766780 0.001890 0.000000
16.393890 -1.108677 0.001297 0.000000
-28.872750 3.153824 -0.000486 0.000000
-21.791721 -0.409148 0.001204 0.000000
35.728005 6.127773 -0.003358 0.000000
-29.917569 2.485691 -0.000217 0.000000
-17.670268 1.097638 0.000906 0.000000
36.142305 1.994867 -0.001712 0.000000
32.307856 2.728018 -0.001798 0.000000
32.192188 3.965553 -0.002292 0.000000
34.793467 0.327291 -0.000945 0.000000
0.687918 16.197330 -0.005604 0.000000
-1.096875 35.402483 0.461661 0.000000
-0.382526 35.593248 -0.014320 0.000000
-0.859571 23.555853 -0.009064 0.000000
-35.252181 -3.077660 0.001865 0.000000
-30.250381 1.418107 0.000151 0.000000
-23.725405 -0.467493 0.001123 0.000000
35.586667 -3.373908 0.000499 0.000000
22.715858 -2.704042 0.001141 0.000000
-29.872100 -4.957192 0.002707 0.000000
36.955777 -5.736089 0.001389 0.000000
17.571760 0.204237 0.000572 0.000000
31.812017 3.623582 -0.002067 0.000000
18.176142 1.848511 -0.000217 0.000000
18.115555 -2.647392 0.001647 0.000000
23.971901 -0.211919 -0.000010 0.000000
-38.039940 5.464691 -0.001502 0.000000
-35.880457 6.492434 -0.001969 0.000000
26.412425 -1.436064 0.000312 0.000000
-36.746737 0.725092 0.000411 0.000000
13.317846 -0.200203 0.001503 0.000000
27.111513 4.129656 -0.002002 0.000000
30.533285 -3.835728 0.000939 0.000000
-16.003557 -0.951294 0.001950 0.000000
-23.264649 -2.385192 0.001919 0.000000
37.139522 -7.482858 0.002005 0.000000
-29.870734 -4.401562 0.002545 0.000000
35.052365 -6.372359 0.001706 0.000000
-27.381957 -4.776164 0.002712 0.000000
1.096258 24.426393 0.796477 0.000000
1.097026 30.734986 1.039283 0.000000
-1.096744 33.946640 1.325934 0.000000
1.097443 35.204028 1.948366 0.000000
-21.035729 2.750373 -0.000024 0.000000
32.098910 3.347635 -0.002033 0.000000
-36.726800 3.657706 -0.000768 0.000000
-34.575947 1.907654 -0.000048 0.000000
-35.644012 0.627696 0.000391 0.000000
17.545226 -4.060014 0.002294 0.000000
26.070657 1.837284 -0.000968 0.000000
22.726647 0.188028 -0.000054 0.000000
-37.472050 -3.006058 0.001842 0.000000
20.341142 -6.603785 0.002903 0.000000
32.180733 -7.477218 0.002275 0.000000
18.361639 -4.509487 0.002336 0.000000
32.808186 6.687889 -0.003379 0.000000
29.179772 3.546688 -0.001903 0.000000
26.157519 3.832103 -0.001826 0.000000
-36.421116 7.744821 -0.002419 0.000000
-27.161065 -1.286828 0.001323 0.000000
-34.249502 -3.819522 0.002211 0.000000
29.757935 -3.590193 0.000910 0.000000
26.357139 -4.558281 0.001532 0.000000
-16.225463 -3.940288 0.003139 0.000000
-27.435772 -6.382012 0.003336 0.000000
18.490949 -1.071133 0.000962 0.000000
22.183109 0.836880 -0.000241 0.000000
-25.898063 -0.245682 0.000948 0.000000
1.000352 13.160485 -0.004022 0.000000
30.430538 5.107131 -0.002594 0.000000
-23.767915 1.914833 0.000152 0.000000
-26.701571 0.624371 0.000582 0.000000
37.050259 0.347174 -0.001085 0.000000
34.375972 1.454132 -0.001401 0.000000
35.530955 2.807333 -0.001969 0.000000
-1.096113 27.136261 0.899230 0.000000
-1.095685 23.944574 0.923525 0.000000
31.910230 -7.863201 0.002505 0.000000
29.525335 -4.601969 0.001350 0.000000
-35.918258 -2.321312 0.001631 0.000000
-20.231342 -2.137344 0.002006 0.000000
31.938850 -1.359560 -0.000120 0.000000
-31.600319 -0.339447 0.000891 0.000000
-29.972855 -5.053140 0.002798 0.000000
37.430943 -6.508495 0.001672 0.000000
28.480590 3.470549 -0.001809 0.000000
17.432547 2.133850 -0.000230 0.000000
18.100282 -2.453124 0.001575 0.000000
28.951656 1.598543 -0.001094 0.000000
-24.895686 1.434176 0.000330 0.000000
27.062546 0.689820 -0.000628 0.000000
25.528188 2.425876 -0.001173 0.000000
27.958691 4.080046 -0.002073 0.000000
-24.313636 3.008455 -0.000274 0.000000
22.099373 -7.457381 0.003068 0.000000
39.064047 -9.390193 0.002664 0.000000
36.914158 -5.355717 0.001187 0.000000
-33.024993 -2.844626 0.001825 0.000000
-22.039884 -1.203994 0.001533 0.000000
-19.828330 -2.380057 0.002157 0.000000
36.232073 -7.991665 0.002253 0.000000
14.146805 -4.652954 0.003129 0.000000
-33.644281 2.007261 -0.000102 0.000000
30.176383 -0.248614 -0.000410 0.000000
-34.676854 -3.750901 0.002200 0.000000
20.284618 -2.633774 0.001386 0.000000
-15.552541 -3.033952 0.002851 0.000000
-24.679644 -4.423077 0.002665 0.000000
37.867459 -5.919749 0.001353 0.000000
0.440702 21.345287 -0.008076 0.000000
-0.329926 31.821050 -0.012708 0.000000
1.097067 31.328171 0.618550 0.000000
-1.095954 25.748063 0.008340 0.000000
-0.637975 8.699681 -0.001298 0.000000
0.492016 20.392155 -0.007632 0.000000
0.672915 12.897780 -0.003868 0.000000
-0.211202 25.312820 -0.009866 0.000000
-0.792909 29.744231 -0.011805 0.000000
-1.096394 29.863144 1.612257 0.000000
31.787649 -1.232270 -0.000124 0.000000
28.962925 0.429127 -0.000659 0.000000
18.876424 0.679610 0.000200 0.000000
37.632014 4.985779 -0.002992 0.000000
-24.480916 3.790142 -0.000652 0.000000
-22.653145 2.294798 0.000089 0.000000
-22.605400 1.393323 0.000466 0.000000
31.365929 -9.753889 0.003216 0.000000
28.660857 -6.079170 0.001990 0.000000
28.261976 -7.602931 0.002578 0.000000
39.691215 -4.095018 0.000544 0.000000
25.689691 2.980774 -0.001437 0.000000
30.634053 1.409033 -0.001163 0.000000
-24.355776 -4.108558 0.002553 0.000000
21.990065 2.612569 -0.000952 0.000000
23.571034 4.047703 -0.001725 0.000000
23.546696 1.217106 -0.000522 0.000000
37.210433 1.580402 -0.001598 0.000000
-28.228164 -0.171243 0.000879 0.000000
-26.412172 3.084605 -0.000412 0.000000
-30.046174 5.613589 -0.001544 0.000000
-1.400169 4.416409 0.002237 0.000000
1.097441 35.468366 1.438492 0.000000
-36.044084 -1.862578 0.001389 0.000000
-24.442457 -5.908185 0.003282 0.000000
-39.730589 -2.922683 0.001829 0.000000
35.866696 -4.421129 0.000893 0.000000
-33.152043 1.374929 0.000148 0.000000
-26.742898 -3.713344 0.002353 0.000000
37.215135 8.108768 -0.004234 0.000000
-17.620664 1.216849 0.000850 0.000000
-16.344309 -1.990467 0.002334 0.000000
-19.891011 1.048808 0.000755 0.000000
-36.751723 3.041233 -0.000586 0.000000
28.052419 -0.534272 -0.000154 0.000000
27.193872 0.478254 -0.000538 0.000000
28.052106 1.647156 -0.001085 0.000000
23.094675 3.164264 -0.001270 0.000000
-35.597480 -2.342735 0.001639 0.000000
21.397610 -5.062926 0.002220 0.000000
-32.306648 -3.387113 0.002059 0.000000
29.151981 -1.573056 0.000185 0.000000
-25.035834 -0.905811 0.001288 0.000000
-12.098456 -3.690715 0.003747 0.000000
-25.430696 -4.621081 0.002724 0.000000
1.061008 27.680755 -0.010942 0.000000
0.016199 22.569705 -0.008631 0.000000
-8.009404 -0.023286 7.801934 0.000000
31.709183 4.336153 -0.002359 0.000000
-38.900472 4.394518 -0.001114 0.000000
-31.422920 1.641975 0.000056 0.000000
-28.116346 0.149114 0.000712 0.000000
33.956963 0.395548 -0.000886 0.000000
35.879654 2.584343 -0.001933 0.000000
-22.259660 0.336471 0.000874 0.000000
36.369081 -4.371514 0.000855 0.000000
26.280454 -1.805289 0.000467 0.000000
-34.380167 -1.832351 0.001422 0.000000
-24.488074 -5.764682 0.003194 0.000000
-12.970537 -2.507292 0.003083 0.000000
-28.827174 -2.374031 0.001702 0.000000
-23.467502 -3.337082 0.002293 0.000000
38.591756 -5.942221 0.001339 0.000000
-29.780753 -5.843047 0.003115 0.000000
-21.675653 1.258413 0.000537 0.000000
27.638504 2.008686 -0.001173 0.000000
25.392116 2.715928 -0.001283 0.000000
25.072800 3.768777 -0.001689 0.000000
29.973251 -0.075382 -0.000462 0.000000
36.943615 1.890104 -0.001712 0.000000
-38.355505 -0.497630 0.000820 0.000000
-26.224920 4.047858 -0.000775 0.000000
26.912121 3.044227 -0.001553 0.000000
20.120292 0.677212 0.000040 0.000000
-0.722022 35.560296 2.359551 0.000000
-21.371640 -4.337331 0.002800 0.000000
33.597612 -6.538185 0.001892 0.000000
-30.287702 -0.202765 0.000804 0.000000
-33.665968 2.916284 -0.000446 0.000000
34.226284 -2.053822 0.000079 0.000000
-36.108082 -5.781652 0.002939 0.000000
23.758943 -3.291722 0.001276 0.000000
-13.821801 -3.827760 0.003461 0.000000
12.436594 -1.418102 0.002253 0.000000
27.502687 1.246326 -0.000872 0.000000
32.481009 -5.334574 0.001413 0.000000
23.636902 -2.600760 0.001023 0.000000
13.411619 -0.988221 0.001827 0.000000
-27.170454 -0.041677 0.000850 0.000000
32.095489 0.143884 -0.000704 0.000000
30.110360 1.084104 -0.001000 0.000000
30.981139 2.395376 -0.001584 0.000000
35.310766 4.418532 -0.002633 0.000000
-38.303833 4.861833 -0.001309 0.000000
-26.537958 4.584547 -0.001021 0.000000
28.207864 4.467180 -0.002195 0.000000
21.370995 -6.055810 0.002595 0.000000
33.332019 -2.428535 0.000278 0.000000
20.149546 -2.486560 0.001342 0.000000
31.892660 -9.074695 0.002917 0.000000
0.433068 11.387882 -0.003005 0.000000
1.096630 27.346865 0.082599 0.000000
1.096601 26.958274 0.589897 0.000000
0.725913 26.376995 -0.010358 0.000000
1.096918 29.877258 0.065424 0.000000
33.961298 6.410497 -0.003380 0.000000
-32.872604 1.658275 0.000066 0.000000
34.403116 -0.233052 -0.000726 0.000000
24.469935 -6.872888 0.002629 0.000000
-28.999780 -4.358911 0.002546 0.000000
27.544903 -3.122792 0.000865 0.000000
-32.108397 0.312107 0.000556 0.000000
22.251228 -5.889834 0.002443 0.000000
-39.584083 -0.359810 0.000807 0.000000
-24.497188 -2.354808 0.001851 0.000000
26.929531 -4.993327 0.001704 0.000000
-33.670851 -1.948142 0.001433 0.000000
38.550187 -9.577800 0.002763 0.000000
-21.064886 1.686806 0.000408 0.000000
20.597052 2.586143 -0.000812 0.000000
-36.387894 7.320123 -0.002248 0.000000
-19.177524 2.105222 0.000337 0.000000
-13.262209 0.135800 0.001896 0.000000
-31.499301 3.996434 -0.000857 0.000000
22.720222 -1.710697 0.000756 0.000000
25.244265 -0.672591 0.000100 0.000000
30.675211 0.962173 -0.000936 0.000000
-0.591871 23.123981 -0.008870 0.000000
0.819454 14.994314 -0.004992 0.000000
0.466866 31.831993 2.360465 0.000000
-37.069472 -5.323779 0.002805 0.000000
-31.583531 -2.031851 0.001499 0.000000
-25.535152 -3.283425 0.002179 0.000000
28.103620 -6.268200 0.002068 0.000000
24.399030 -3.407842 0.001254 0.000000
39.334100 -5.196230 0.001027 0.000000
24.970123 2.060004 -0.001011 0.000000
-27.775258 4.433576 -0.000967 0.000000
-25.595026 2.852164 -0.000307 0.000000
-25.242501 1.732796 0.000209 0.000000
-27.100768 1.128913 0.000349 0.000000
33.017629 -1.416581 -0.000135 0.000000
13.929283 -2.056709 0.002158 0.000000
-17.608357 -0.511148 0.001593 0.000000
39.845515 0.422638 -0.001267 0.000000
17.994558 0.181342 0.000502 0.000000
-22.812038 3.130270 -0.000307 0.000000
21.073356 1.890862 -0.000560 0.000000
-39.131172 -4.836414 0.002614 0.000000
22.943135 -3.934330 0.001622 0.000000
29.182201 -2.520078 0.000511 0.000000
-34.838498 -0.851078 0.000988 0.000000
-15.606595 -3.335358 0.002963 0.000000
-27.586784 -5.095399 0.002875 0.000000
32.300379 -2.321327 0.000290 0.000000
-30.364166 -3.438982 0.002091 0.000000
-37.438032 -7.632990 0.003724 0.000000
32.596105 5.666488 -0.002950 0.000000
25.178976 4.550583 -0.002065 0.000000
9.295096 -1.484495 0.003372 0.000000
-31.837143 -3.936118 0.002276 0.000000
-39.149942 2.622294 -0.000364 0.000000
-32.787581 -0.935672 0.001086 0.000000
-11.417647 0.418134 0.002165 0.000000
-35.019598 -4.965681 0.002620 0.000000
35.035465 -5.615382 0.001382 0.000000
-35.119629 -2.047543 0.001497 0.000000
-20.857536 -3.355697 0.002460 0.000000
-23.493225 -5.788259 0.003262 0.000000
33.527008 -9.490923 0.002989 0.000000
27.597793 -5.506052 0.001808 0.000000
28.015590 2.889505 -0.001588 0.000000
-34.942917 1.702516 0.000028 0.000000
-30.891678 4.406404 -0.001053 0.000000
-32.016794 2.767698 -0.000384 0.000000
21.077090 2.543255 -0.000826 0.000000
-1.096578 31.713185 0.919749 0.000000
-0.378940 17.746232 -0.006348 0.000000
1.097294 33.910157 0.377872 0.000000
1.003432 16.254197 -0.005638 0.000000
0.731593 18.388207 -0.006684 0.000000
-1.096549 31.257233 0.085264 0.000000
-0.881679 30.186411 2.360869 0.000000
-0.417798 29.101865 -0.011532 0.000000
-1.083400 35.072999 -0.014084 0.000000
-19.231558 -4.772064 0.003151 0.000000
28.950266 -7.490872 0.002536 0.000000
27.944846 -4.663570 0.001457 0.000000
-36.523577 0.968540 0.000313 0.000000
27.747742 -6.723052 0.002312 0.000000
35.299648 -3.135730 0.000412 0.000000
18.746835 -1.878354 0.001268 0.000000
22.915112 -0.822228 0.000382 0.000000
-31.740690 -5.000016 0.002717 0.000000
38.776833 -9.748231 0.002819 0.000000
20.557021 2.019580 -0.000591 0.000000
27.876657 3.192603 -0.001699 0.000000
24.992326 -1.628415 0.000504 0.000000
23.247058 -0.121699 0.000021 0.000000
-29.178650 5.184978 -0.001339 0.000000
-19.244261 -0.281231 0.001331 0.000000
-37.169685 0.549712 0.000475 0.000000
29.853127 -3.705156 0.000934 0.000000
36.483053 -7.243446 0.001947 0.000000
-34.465174 -1.895200 0.001415 0.000000
-30.802754 -4.549998 0.002582 0.000000
-20.028104 -4.894094 0.003152 0.000000
-33.267455 -5.024254 0.002732 0.000000
-1.096040 26.614166 0.912030 0.000000
-34.794338 2.239478 -0.000189 0.000000
-33.918601 6.165767 -0.001769 0.000000
20.918866 1.846158 -0.000528 0.000000
28.886220 2.984139 -0.001664 0.000000
38.081597 -2.405593 -0.000052 0.000000
-22.020929 2.365392 0.000072 0.000000
-19.843683 0.981122 0.000785 0.000000
31.137254 -7.217057 0.002237 0.000000
39.088601 0.973228 -0.001450 0.000000
24.603185 1.963640 -0.000950 0.000000
36.235942 6.823001 -0.003667 0.000000
-20.244007 2.469983 0.000118 0.000000
-34.706913 -4.152249 0.002369 0.000000
-22.206157 -4.695019 0.002931 0.000000
23.648642 -6.406531 0.002525 0.000000
30.946763 -1.607135 0.000028 0.000000
30.935197 -0.421017 -0.000446 0.000000
33.528641 1.075585 -0.001202 0.000000
-21.873407 0.782832 0.000723 0.000000
-26.463308 -0.437545 0.001005 0.000000
0.179662 9.369969 -0.001755 0.000000
21.149564 0.594318 -0.000061 0.000000
20.268307 -0.283627 0.000427 0.000000
-24.005057 1.904429 0.000188 0.000000
-27.748851 0.666471 0.000570 0.000000
-1.096567 31.550199 0.699435 0.000000
30.360572 -7.500078 0.002454 0.000000
27.831078 -4.564188 0.001454 0.000000
-31.958748 -3.799749 0.002213 0.000000
-31.862994 -0.573262 0.000976 0.000000
-26.845654 -4.541791 0.002655 0.000000
30.257685 -5.203415 0.001543 0.000000
38.947102 -4.432095 0.000789 0.000000
-33.378490 -5.263940 0.002770 0.000000
-4.308444 -3.221798 0.009048 0.000000
-18.639377 -3.264383 0.002591 0.000000
35.931212 -10.042437 0.003108 0.000000
29.167363 -5.750269 0.001837 0.000000
18.976142 2.168910 -0.000438 0.000000
24.237791 2.709701 -0.001184 0.000000
-18.414828 0.718845 0.001017 0.000000
-22.737643 2.602030 -0.000041 0.000000
26.150741 -0.546435 -0.000006 0.000000
12.961104 -0.763423 0.001833 0.000000
-26.231293 1.544428 0.000247 0.000000
18.159914 1.625009 -0.000135 0.000000
-25.095494 3.009647 -0.000317 0.000000
35.131711 -8.667439 0.002579 0.000000
33.097541 -5.035823 0.001261 0.000000
-34.287319 -0.513674 0.000924 0.000000
-30.471125 -1.917874 0.001540 0.000000
36.163216 -7.781094 0.002176 0.000000
-15.428622 -0.892588 0.002000 0.000000
34.206741 -4.427873 0.000959 0.000000
39.214440 -9.955870 0.002882 0.000000
28.108760 -5.126375 0.001663 0.000000
-0.199011 20.574631 -0.007702 0.000000
0.612785 28.622110 -0.011343 0.000000
0.109336 32.728716 -0.013108 0.000000
-0.758976 30.121875 2.360881 0.000000
0.487144 32.993226 -0.013231 0.000000
0.996369 28.993851 -0.011514 0.000000
1.094756 16.974462 -0.002317 0.000000
31.621519 4.059470 -0.002229 0.000000
13.713953 0.388209 0.001157 0.000000
22.848107 2.983573 -0.001200 0.000000
18.731694 2.255624 -0.000449 0.000000
27.886367 0.597183 -0.000633 0.000000
-28.880433 2.786558 -0.000319 0.000000
29.914185 -1.249481 -0.000047 0.000000
25.638990 -5.883589 0.002154 0.000000
-30.266933 -4.757919 0.002674 0.000000
27.438880 -8.830194 0.003115 0.000000
-38.967870 -1.528263 0.001269 0.000000
-31.090377 -3.058702 0.001950 0.000000
38.754856 -3.921757 0.000521 0.000000
-21.161269 -0.372616 0.001225 0.000000
34.581837 4.234245 -0.002531 0.000000
23.661900 2.753544 -0.001171 0.000000
-28.433376 -0.221551 0.000871 0.000000
17.717056 -2.174406 0.001531 0.000000
-24.295068 3.727940 -0.000624 0.000000
37.576043 4.680066 -0.002861 0.000000
36.695679 5.951601 -0.003332 0.000000
33.906302 5.385660 -0.002963 0.000000
33.033265 6.554657 -0.003359 0.000000
-33.035185 6.204162 -0.001832 0.000000
24.947417 -1.939394 0.000600 0.000000
27.598395 0.280025 -0.000502 0.000000
26.044343 -7.007191 0.002548 0.000000
34.315772 -4.380946 0.000934 0.000000
23.889611 -7.286327 0.002797 0.000000
-18.617720 0.060972 0.001243 0.000000
-33.857646 1.233382 0.000227 0.000000
-27.080965 -3.892513 0.002412 0.000000
33.524620 -6.947345 0.002045 0.000000
16.348084 -3.967353 0.002454 0.000000
24.085596 0.460827 -0.000260 0.000000
29.226186 2.985651 -0.001686 0.000000
28.570441 -3.406970 0.000924 0.000000
23.957028 -1.586108 0.000584 0.000000
-38.170996 3.076316 -0.000546 0.000000
-16.852420 -1.392105 0.002032 0.000000
18.360898 0.074388 0.000489 0.000000
20.276180 1.007189 -0.000101 0.000000
-37.628807 7.995170 -0.002529 0.000000
34.545496 6.915009 -0.003551 0.000000
-22.914687 -1.382488 0.001570 0.000000
38.785746 -8.878064 0.002480 0.000000
20.434470 -4.824675 0.002229 0.000000
34.556981 -4.952206 0.001209 0.000000
24.921601 -4.191023 0.001545 0.000000
-32.404460 -3.324518 0.002019 0.000000
16.782989 -2.738427 0.001899 0.000000
31.499299 -6.054630 0.001761 0.000000
-16.826162 -3.166393 0.002740 0.000000
38.964107 -10.790976 0.003225 0.000000
1.095957 22.352232 1.829505 0.000000
1.097195 32.692110 0.425513 0.000000
0.166146 34.088545 -0.013693 0.000000
-0.945442 29.251328 -0.011586 0.000000
-1.096675 32.801233 0.073386 0.000000
-0.396099 17.077171 -0.006018 0.000000
0.775365 33.437071 -0.013427 0.000000
0.353983 34.997223 -0.014082 0.000000
-1.096142 27.285865 0.148340 0.000000
0.876656 10.185197 -0.002294 0.000000
10.953010 0.261836 0.001914 0.000000
-17.954575 -0.104408 0.001370 0.000000
-29.144775 4.244986 -0.000927 0.000000
33.602391 2.599469 -0.001773 0.000000
-30.642348 5.760557 -0.001621 0.000000
-32.623180 4.924464 -0.001248 0.000000
-39.081749 4.907107 -0.001282 0.000000
23.179982 -2.226387 0.000879 0.000000
37.884847 -0.648701 -0.000721 0.000000
20.292371 -0.904406 0.000645 0.000000
35.054733 1.572870 -0.001473 0.000000
18.537801 0.862194 0.000168 0.000000
37.007667 5.330871 -0.003101 0.000000
-30.328758 0.050565 0.000717 0.000000
33.747087 -3.332666 0.000591 0.000000
-37.594883 -3.677335 0.002158 0.000000
28.832672 -5.392063 0.001731 0.000000
-38.601134 4.584980 -0.001152 0.000000
35.538148 2.610824 -0.001927 0.000000
35.327001 3.997875 -0.002418 0.000000
14.971402 0.022328 0.001065 0.000000
-38.286141 3.442054 -0.000692 0.000000
31.005918 2.054444 -0.001382 0.000000
27.783119 3.742656 -0.001901 0.000000
30.278393 5.526503 -0.002812 0.000000
-34.373583 5.030462 -0.001311 0.000000
20.803849 -0.426349 0.000414 0.000000
-0.558459 25.985767 -0.010157 0.000000
-1.026944 13.185932 -0.003993 0.000000
0.218162 22.983115 -0.008822 0.000000
-1.096520 31.113100 0.982444 0.000000
29.915631 -6.377665 0.002022 0.000000
-23.839553 -1.996248 0.001738 0.000000
-16.501106 -2.856968 0.002655 0.000000
32.407266 -10.000455 0.003254 0.000000
-35.248917 -2.999148 0.001902 0.000000
37.338822 -8.895225 0.002559 0.000000
-38.393893 1.829379 -0.000048 0.000000
30.817051 1.971692 -0.001339 0.000000
-17.158779 1.392442 0.000816 0.000000
-17.653784 0.095875 0.001322 0.000000
39.875218 -2.093961 -0.000256 0.000000
14.810906 -2.499186 0.002153 0.000000
-16.120644 -0.387367 0.001714 0.000000
20.899764 -2.163349 0.001086 0.000000
-26.794921 0.219544 0.000727 0.000000
-27.556477 4.714259 -0.001077 0.000000
25.471439 3.243515 -0.001514 0.000000
-34.199811 0.475445 0.000470 0.000000
29.907907 -8.380117 0.002770 0.000000
24.754899 -4.944751 0.001815 0.000000
23.810642 -4.106875 0.001607 0.000000
29.400416 -1.126877 -0.000062 0.000000
30.691257 -6.730143 0.002120 0.000000
28.018629 -2.760730 0.000740 0.000000
-35.716469 -2.772167 0.001768 0.000000
-1.096745 34.000938 1.639042 0.000000
-1.096452 30.528637 2.158571 0.000000
1.097125 31.538040 1.998838 0.000000
1.097441 35.326996 1.595960 0.000000
-26.626129 2.551805 -0.000211 0.000000
-25.868925 1.232438 0.000395 0.000000
21.755313 0.162526 0.000089 0.000000
39.001375 1.100073 -0.001493 0.000000
15.562173 -0.046847 0.000990 0.000000
22.295627 -1.385843 0.000657 0.000000
-32.566641 -3.515985 0.002142 0.000000
27.141062 -8.352298 0.002950 0.000000
25.397405 -2.027103 0.000651 0.000000
21.468663 -4.630965 0.002022 0.000000
31.331003 -4.465808 0.001205 0.000000
29.328344 4.178178 -0.002174 0.000000
22.339604 3.040499 -0.001157 0.000000
28.484388 4.157702 -0.002083 0.000000
19.945913 -2.047212 0.001179 0.000000
-21.152879 -1.329119 0.001617 0.000000
24.370055 -5.045996 0.001888 0.000000
30.258493 -4.316759 0.001208 0.000000
-24.343742 -4.600671 0.002759 0.000000
-29.549405 1.795926 0.000038 0.000000
29.305445 0.570610 -0.000705 0.000000
27.748003 2.372881 -0.001329 0.000000
-30.211111 2.861481 -0.000378 0.000000
31.162623 5.818752 -0.002968 0.000000
1.097135 31.915274 0.845828 0.000000
1.096258 24.500473 0.415737 0.000000
1.096167 23.940996 0.111975 0.000000
0.869932 31.627693 -0.012656 0.000000
-0.499216 27.082998 -0.010646 0.000000
0.316419 29.965257 -0.011924 0.000000
-1.003197 29.760020 -0.011804 0.000000
-0.191808 29.054805 -0.011517 0.000000
1.752166 7.492197 -0.000528 0.000000
-0.340483 14.576559 -0.004748 0.000000
0.199751 33.426625 2.360081 0.000000
-0.363127 35.338235 -0.014214 0.000000
0.244912 15.233898 -0.005102 0.000000
0.440898 15.789088 -0.005390 0.000000
0.729665 30.972261 -0.012368 0.000000
0.265899 32.693049 -0.013093 0.000000
28.409636 -8.974347 0.003124 0.000000
-24.809143 -3.933127 0.002465 0.000000
21.867656 -2.799750 0.001280 0.000000
-31.502460 -2.627027 0.001804 0.000000
-21.684948 -3.745217 0.002578 0.000000
37.130464 -1.910089 -0.000198 0.000000
-18.049602 -2.345362 0.002308 0.000000
-37.513053 -7.525518 0.003679 0.000000
-19.343980 -4.045997 0.002836 0.000000
13.388663 0.606277 0.001124 0.000000
23.391265 3.690830 -0.001555 0.000000
19.858500 1.209588 -0.000140 0.000000
23.762142 -0.477025 0.000123 0.000000
27.303984 -2.021146 0.000446 0.000000
-27.839729 3.586141 -0.000678 0.000000
-17.466126 0.730826 0.001073 0.000000
-30.932495 2.099011 -0.000097 0.000000
23.876644 0.819485 -0.000400 0.000000
22.376246 1.436555 -0.000512 0.000000
22.437042 2.235499 -0.000829 0.000000
24.300477 3.791454 -0.001680 0.000000
-29.232886 0.650086 0.000537 0.000000
-19.292656 -1.269462 0.001737 0.000000
-26.096968 -2.875466 0.002003 0.000000
36.762377 -2.059234 -0.000120 0.000000
8.976262 -4.602619 0.004748 0.000000
-18.007294 -4.648170 0.003194 0.000000
35.090510 -6.953976 0.001907 0.000000
-23.755450 0.258939 0.000835 0.000000
23.496991 -5.522238 0.002186 0.000000
-27.168787 -3.156758 0.002119 0.000000
-18.065297 -3.996861 0.002962 0.000000
-34.055719 -6.706735 0.003386 0.000000
1.096618 27.232367 0.323099 0.000000
-1.096824 34.919645 0.891744 0.000000
-20.856482 3.002458 -0.000114 0.000000
-20.864162 0.741861 0.000809 0.000000
29.961321 -3.008720 0.000698 0.000000
36.056116 2.788672 -0.002024 0.000000
-36.393279 5.906744 -0.001747 0.000000
-13.890352 0.043674 0.001826 0.000000
-32.338049 3.653365 -0.000730 0.000000
-33.772563 1.277358 0.000211 0.000000
22.304961 -2.014332 0.000911 0.000000
38.283378 -0.507758 -0.000816 0.000000
31.553316 -4.881908 0.001316 0.000000
32.630127 -8.228365 0.002562 0.000000
19.198358 -4.852456 0.002371 0.000000
-38.344561 -5.614538 0.002920 0.000000
19.966731 -7.066649 0.003127 0.000000
-16.457477 -3.243158 0.002815 0.000000
19.694362 -5.253568 0.002466 0.000000
-24.884203 -1.597620 0.001525 0.000000
30.336108 -5.479439 0.001617 0.000000
32.855879 1.997879 -0.001533 0.000000
20.856861 0.855310 -0.000101 0.000000
-23.501319 3.530420 -0.000490 0.000000
-22.414761 1.647765 0.000339 0.000000
-38.082313 -6.523699 0.003281 0.000000
-28.038627 -2.759086 0.001934 0.000000
-21.949933 -0.381220 0.001188 0.000000
32.656091 -0.769438 -0.000352 0.000000
31.640685 0.385524 -0.000813 0.000000
33.487463 1.949066 -0.001506 0.000000
1.097371 34.404667 1.942631 0.000000
1.096990 30.187261 1.684235 0.000000
1.097054 31.061594 0.784185 0.000000
37.819069 -6.876067 0.001738 0.000000
-36.084874 -3.712357 0.002155 0.000000
34.399172 -9.817237 0.003071 0.000000
22.027904 -4.894187 0.002087 0.000000
11.202236 -3.768199 0.003574 0.000000
38.225291 -3.308469 0.000375 0.000000
-25.567746 2.538941 -0.000146 0.000000
25.128598 0.721092 -0.000463 0.000000
-24.785506 1.614013 0.000263 0.000000
-31.144219 0.647140 0.000502 0.000000
22.163600 0.394791 -0.000049 0.000000
19.016141 -3.937154 0.002055 0.000000
-38.558982 -2.658392 0.001689 0.000000
35.853308 -10.574573 0.003353 0.000000
31.548326 -6.328621 0.001915 0.000000
-23.020983 1.033837 0.000549 0.000000
33.378419 -5.590304 0.001530 0.000000
-24.861538 -2.724005 0.002029 0.000000
25.715496 -3.285631 0.001124 0.000000
32.082472 -2.097636 0.000218 0.000000
16.864112 -1.723105 0.001477 0.000000
-16.387693 -2.381591 0.002478 0.000000
-12.916584 -4.253485 0.003778 0.000000
-30.081099 -6.427921 0.003277 0.000000
31.342409 -5.684168 0.001622 0.000000
-1.004400 22.599318 -0.008623 0.000000
-0.318161 21.711390 -0.008227 0.000000
-0.700849 21.790360 -0.008258 0.000000
-0.461163 20.924598 -0.007862 0.000000
-0.327332 16.175013 -0.005569 0.000000
0.819068 23.987543 -0.009292 0.000000
-9.259187 -0.021322 7.801322 0.000000
1.097121 31.993123 0.112737 0.000000
0.918935 20.570249 -0.007725 0.000000
-0.307738 19.183364 -0.007041 0.000000
-0.594022 19.306438 -0.007094 0.000000
1.097406 35.328904 0.177907 0.000000
1.097216 32.882386 0.727793 0.000000
-1.096570 31.668798 0.728542 0.000000
34.150256 6.050724 -0.003239 0.000000
26.349146 4.616256 -0.002166 0.000000
-19.406596 1.362992 0.000646 0.000000
28.264698 0.097692 -0.000421 0.000000
28.706756 -0.957672 -0.000027 0.000000
-23.268854 2.053572 0.000157 0.000000
-25.548953 1.559710 0.000258 0.000000
38.332538 -3.037907 0.000263 0.000000
17.734586 -0.914662 0.001004 0.000000
23.314440 -6.651243 0.002617 0.000000
-25.551075 0.584652 0.000626 0.000000
26.998217 -5.789868 0.001979 0.000000
30.393251 -2.310659 0.000348 0.000000
36.717722 -0.768204 -0.000631 0.000000
-23.430989 -0.104610 0.001033 0.000000
-39.789099 -1.592763 0.001318 0.000000
-22.654089 -3.115731 0.002283 0.000000
-12.250061 -4.024927 0.003838 0.000000
-27.073529 -5.918025 0.003210 0.000000
36.621424 -5.449327 0.001302 0.000000
19.587077 0.035518 0.000370 0.000000
-25.928860 1.190938 0.000409 0.000000
18.165404 -0.985956 0.000983 0.000000
-28.727941 -2.070499 0.001591 0.000000
-17.395313 -3.289970 0.002724 0.000000
39.728622 -6.171039 0.001368 0.000000
-37.954280 1.063431 0.000189 0.000000
-37.273511 -0.203086 0.000703 0.000000
-16.250583 -3.529904 0.002981 0.000000
-39.689868 -1.087101 0.001114 0.000000
-23.067788 -2.788653 0.002134 0.000000
-12.626112 -3.960393 0.003748 0.000000
-28.976286 -5.668736 0.003059 0.000000
26.868318 -6.508107 0.002294 0.000000
39.183793 -6.425007 0.001554 0.000000
23.634312 1.500798 -0.000639 0.000000
-14.831097 -0.268410 0.001813 0.000000
-15.020097 -0.734654 0.001997 0.000000
38.143455 -4.609394 0.000826 0.000000
27.156283 -1.908528 0.000451 0.000000
-32.726719 2.881210 -0.000426 0.000000
31.363374 2.735361 -0.001733 0.000000
-26.317444 -1.156870 0.001331 0.000000
25.991717 -1.260286 0.000288 0.000000
25.513498 -0.331927 -0.000092 0.000000
17.993669 1.281623 0.000059 0.000000
36.566971 -6.457263 0.001684 0.000000
-22.913183 -0.858525 0.001340 0.000000
33.413999 -5.613406 0.001471 0.000000
-35.488517 -5.526303 0.002862 0.000000
25.321549 -4.276006 0.001540 0.000000
34.850099 -3.502236 0.000606 0.000000
-30.521037 -3.766630 0.002215 0.000000
-14.023608 -4.466786 0.003668 0.000000
-1.095906 25.456910 0.755079 0.000000
-1.096842 35.290375 1.209211 0.000000
26.722385 4.682492 -0.002185 0.000000
36.516132 6.362877 -0.003482 0.000000
19.698403 0.741234 0.000068 0.000000
34.684170 0.843317 -0.001122 0.000000
39.423178 -7.260310 0.001881 0.000000
-24.112591 -3.775115 0.002425 0.000000
-17.877770 -4.339282 0.003099 0.000000
22.300796 -6.342523 0.002624 0.000000
27.180596 -6.000581 0.002032 0.000000
33.699076 -2.546576 0.000242 0.000000
23.655722 2.175202 -0.000956 0.000000
30.630680 6.105155 -0.003068 0.000000
-30.477509 -1.522087 0.001378 0.000000
-20.416036 -2.795956 0.002294 0.000000
22.982585 -3.337430 0.001373 0.000000
28.665807 -2.283329 0.000508 0.000000
33.103069 -5.934190 0.001619 0.000000
-25.544430 -0.165483 0.000963 0.000000
18.788856 -0.188635 0.000558 0.000000
-36.602035 4.868523 -0.001263 0.000000
-20.917891 0.946611 0.000702 0.000000
16.009117 0.975736 0.000478 0.000000
-37.138257 6.339797 -0.001859 0.000000
-10.704945 -0.342087 0.002703 0.000000
-37.103614 3.940283 -0.000915 0.000000
23.746641 -3.436795 0.001310 0.000000
25.945151 -2.431930 0.000766 0.000000
1.137086 14.988169 -0.004997 0.000000
1.096311 24.828169 0.544838 0.000000
-0.561540 17.192891 -0.006072 0.000000
-1.092371 11.756285 -0.000460 0.000000
26.976315 -7.287150 0.002554 0.000000
-23.236003 -4.005778 0.002559 0.000000
-20.104271 -1.958298 0.001944 0.000000
-14.666610 -2.947568 0.002950 0.000000
-16.664635 -2.538391 0.002517 0.000000
27.988037 -3.396131 0.000998 0.000000
36.884349 -5.542243 0.001316 0.000000
36.459756 -0.348299 -0.000729 0.000000
20.515859 -0.651740 0.000524 0.000000
-27.951819 4.273278 -0.000908 0.000000
-16.061891 -1.193025 0.002035 0.000000
37.997757 -2.438673 -0.000029 0.000000
39.560714 -0.944749 -0.000670 0.000000
-28.562020 3.437022 -0.000628 0.000000
15.399789 0.041919 0.000967 0.000000
37.363299 5.296686 -0.003031 0.000000
35.839616 6.540915 -0.003521 0.000000
-33.441918 6.712659 -0.002037 0.000000
24.999680 -3.653103 0.001284 0.000000
19.350981 -6.040465 0.002798 0.000000
34.322964 -1.633576 -0.000158 0.000000
25.777556 -6.397645 0.002299 0.000000
36.973909 -6.307860 0.001589 0.000000
-19.609497 -2.960993 0.002399 0.000000
-38.520136 -4.811227 0.002554 0.000000
-1.096445 30.513204 1.393424 0.000000
1.097457 35.514729 1.640675 0.000000
29.683263 -2.638100 0.000526 0.000000
-28.103901 0.900091 0.000462 0.000000
-34.940332 4.593790 -0.001141 0.000000
36.813954 2.631511 -0.001998 0.000000
23.763771 -3.846646 0.001512 0.000000
-35.519933 -3.270386 0.001971 0.000000
29.422855 5.565005 -0.002728 0.000000
-36.367294 5.596432 -0.001556 0.000000
-33.978180 -0.802071 0.001038 0.000000
-27.343787 -4.838834 0.002733 0.000000
19.188658 -4.654360 0.002314 0.000000
31.814739 -3.502809 0.000768 0.000000
-26.514938 -3.443188 0.002248 0.000000
-31.502736 -6.805890 0.003450 0.000000
21.598263 -1.783396 0.000901 0.000000
26.096344 1.633489 -0.000920 0.000000
-28.664990 3.096924 -0.000460 0.000000
-13.420223 -0.949919 0.002343 0.000000
18.280561 1.175217 0.000061 0.000000
-0.854984 14.992947 -0.004956 0.000000
1.096936 29.931995 0.970863 0.000000
1.097184 32.396502 1.230932 0.000000
1.096894 29.690144 0.305007 0.000000
1.095010 17.942618 -0.004286 0.000000
-1.096835 34.863615 0.462544 0.000000
-36.247497 -2.441577 0.001671 0.000000
-23.817729 -3.794956 0.002481 0.000000
-9.830493 -3.586714 0.004395 0.000000
-34.974777 -4.789901 0.002562 0.000000
20.998480 -3.285268 0.001558 0.000000
12.730335 -2.488379 0.002623 0.000000
15.167420 -1.843431 0.001818 0.000000
-7.546563 -3.647450 0.005539 0.000000
-36.157524 -5.593764 0.002849 0.000000
-21.602963 -5.467886 0.003231 0.000000
-31.230919 -2.089015 0.001544 0.000000
-19.525505 -3.346131 0.002546 0.000000
-21.286316 -0.787636 0.001419 0.000000
35.562298 -6.884385 0.001858 0.000000
-28.725993 2.330460 -0.000182 0.000000
25.511109 -3.464747 0.001201 0.000000
24.170365 0.699788 -0.000381 0.000000
-30.710275 4.042836 -0.000876 0.000000
32.607150 2.795677 -0.001837 0.000000
32.496184 4.046108 -0.002337 0.000000
36.111705 6.242541 -0.003418 0.000000
-17.743089 0.813027 0.001020 0.000000
-12.846832 -0.397355 0.002212 0.000000
36.508824 2.061661 -0.001753 0.000000
26.643078 -1.411439 0.000290 0.000000
35.165106 0.377527 -0.000983 0.000000
-22.304215 -3.974195 0.002645 0.000000
-16.348625 -4.595455 0.003357 0.000000
-30.083584 1.443067 0.000198 0.000000
27.960615 -6.862254 0.002312 0.000000
21.914587 -3.988330 0.001739 0.000000
35.981472 -3.363149 0.000479 0.000000
-29.746389 -4.972278 0.002738 0.000000
37.209931 -5.736456 0.001319 0.000000
0.499585 32.768699 -0.013132 0.000000
-1.096684 32.950217 0.452897 0.000000
-1.096691 33.225027 1.249957 0.000000
-0.476554 31.408737 2.360584 0.000000
-35.563786 6.247366 -0.001881 0.000000
-37.731879 5.378830 -0.001474 0.000000
24.144829 -0.161577 -0.000022 0.000000
32.067867 3.759020 -0.002138 0.000000
22.405191 2.589231 -0.000973 0.000000
-0.042899 18.351114 -0.006647 0.000000
-0.883917 23.731992 -0.009140 0.000000
-0.176574 11.580365 -0.003103 0.000000
18.481707 -3.287290 0.001868 0.000000
-27.165994 -4.715691 0.002682 0.000000
-18.258595 -4.853442 0.003265 0.000000
30.768940 -3.828899 0.000928 0.000000
37.466631 -7.505954 0.002005 0.000000
-23.077885 -2.399561 0.001931 0.000000
32.394482 3.420460 -0.002079 0.000000
-29.764124 -4.549317 0.002583 0.000000
30.792171 2.603783 -0.001652 0.000000
27.684580 3.075928 -0.001587 0.000000
27.349271 4.152211 -0.002057 0.000000
16.984754 -0.460019 0.000936 0.000000
36.119210 0.198236 -0.000986 0.000000
-19.083372 -0.169555 0.001303 0.000000
-36.159906 7.650852 -0.002385 0.000000
29.339170 3.461952 -0.001884 0.000000
22.349797 0.875022 -0.000271 0.000000
-27.210362 -6.241788 0.003315 0.000000
18.062787 -6.412631 0.003131 0.000000
27.758236 -7.363764 0.002543 0.000000
32.423430 -7.496762 0.002275 0.000000
-25.680037 -0.279504 0.000966 0.000000
-33.913717 -4.000989 0.002312 0.000000
-22.098847 -4.589982 0.002853 0.000000
29.847728 -3.551883 0.000917 0.000000
16.936134 -2.326641 0.001709 0.000000
-34.463659 6.462521 -0.001896 0.000000
-36.428274 3.587145 -0.000746 0.000000
38.955136 -2.603340 -0.000009 0.000000
35.852842 3.040774 -0.002114 0.000000
34.706958 1.512298 -0.001438 0.000000
-15.928364 -0.073061 0.001582 0.000000
-23.589052 1.966088 0.000133 0.000000
-26.513824 0.765587 0.000527 0.000000
37.434943 0.562888 -0.001162 0.000000
30.846447 5.133025 -0.002664 0.000000
-19.135743 2.400985 0.000217 0.000000
-11.714701 -3.173566 0.003643 0.000000
-23.714972 -3.453705 0.002329 0.000000
19.945996 -6.819366 0.003039 0.000000
32.166865 -7.936985 0.002486 0.000000
29.798907 -4.604784 0.001338 0.000000
23.671235 -2.508555 0.000990 0.000000
32.143375 -1.332315 -0.000147 0.000000
20.962225 -3.700916 0.001725 0.000000
-29.685565 -5.098216 0.002760 0.000000
-19.066487 -5.128846 0.003291 0.000000
0.310046 11.683613 -0.003174 0.000000
-0.784028 11.626888 -0.003122 0.000000
0.235066 35.516306 2.359542 0.000000
-0.794105 28.800547 2.361162 0.000000
0.033069 25.569505 -0.009986 0.000000
-0.347180 32.032507 -0.012799 0.000000
28.773243 3.549140 -0.001859 0.000000
-32.762425 3.089389 -0.000513 0.000000
-26.936296 0.848406 0.000487 0.000000
28.211261 -0.566949 -0.000146 0.000000
29.052801 1.559784 -0.001083 0.000000
29.028810 0.524648 -0.000675 0.000000
20.983941 -2.442542 0.001214 0.000000
-15.841045 -4.230361 0.003298 0.000000
22.124312 -7.608133 0.003085 0.000000
39.415589 -9.430278 0.002669 0.000000
-32.933499 -2.882708 0.001873 0.000000
37.272927 -5.362644 0.001178 0.000000
26.400952 -4.088194 0.001390 0.000000
36.540262 -8.018098 0.002253 0.000000
-33.376050 2.031973 -0.000090 0.000000
38.043288 5.090055 -0.003051 0.000000
-34.544780 -3.739887 0.002162 0.000000
30.264284 -0.377683 -0.000406 0.000000
23.453803 -5.685822 0.002230 0.000000
38.218994 -5.930282 0.001344 0.000000
-24.466823 -4.420882 0.002667 0.000000
-16.859351 -4.703291 0.003336 0.000000
-24.626891 1.573769 0.000283 0.000000
27.203345 0.788273 -0.000658 0.000000
25.763587 2.486632 -0.001214 0.000000
28.191967 4.072300 -0.002032 0.000000
-24.062991 2.924364 -0.000238 0.000000
23.736873 1.261043 -0.000554 0.000000
22.163562 2.666314 -0.000988 0.000000
23.670104 4.046354 -0.001719 0.000000
-23.034393 3.532792 -0.000490 0.000000
24.662174 -2.622580 0.000921 0.000000
37.463052 1.613305 -0.001549 0.000000
-0.235713 25.493404 -0.009946 0.000000
-0.775379 29.988663 -0.011909 0.000000
1.097108 31.793085 0.623479 0.000000
-22.024126 -2.147757 0.001892 0.000000
31.584599 -9.786774 0.003220 0.000000
13.280199 -5.472472 0.003624 0.000000
28.909305 -6.094063 0.001981 0.000000
28.446705 -7.620473 0.002575 0.000000
23.065891 -4.479935 0.001782 0.000000
-16.503011 -0.591064 0.001731 0.000000
-28.184468 -0.257709 0.000886 0.000000
23.464619 -6.389557 0.002530 0.000000
-15.013583 -2.985461 0.002912 0.000000
30.899411 1.460882 -0.001197 0.000000
-22.492882 1.361206 0.000482 0.000000
-18.217824 0.241880 0.001226 0.000000
-32.842118 1.320172 0.000169 0.000000
-21.280591 -0.882527 0.001438 0.000000
19.657545 0.383221 0.000229 0.000000
-29.822211 5.685292 -0.001524 0.000000
22.415321 2.182419 -0.000841 0.000000
-39.359391 -2.974877 0.001787 0.000000
-28.376221 -4.147916 0.002474 0.000000
24.489369 -7.482887 0.002824 0.000000
36.246385 -4.421265 0.000878 0.000000
27.913784 -3.609304 0.001036 0.000000
-26.551912 -3.719884 0.002357 0.000000
20.857863 -4.230168 0.001950 0.000000
13.469724 -3.523888 0.002851 0.000000
-24.255002 -5.896220 0.003284 0.000000
37.643964 8.254607 -0.004305 0.000000
31.681117 3.138582 -0.001920 0.000000
34.296201 0.247862 -0.000842 0.000000
36.223364 2.649979 -0.001926 0.000000
-18.636994 -1.554650 0.001936 0.000000
-14.211600 -2.446404 0.002826 0.000000
-35.190563 -2.242091 0.001598 0.000000
23.307740 -7.737861 0.003069 0.000000
21.341283 -2.261519 0.001113 0.000000
31.944909 4.382917 -0.002440 0.000000
23.316943 3.129508 -0.001278 0.000000
-17.452492 1.803064 0.000638 0.000000
-32.056390 -3.334266 0.002024 0.000000
-21.748416 -4.106502 0.002693 0.000000
29.247298 -1.483447 0.000097 0.000000
-25.214124 -4.617821 0.002725 0.000000
-36.316637 3.017710 -0.000518 0.000000
-22.032873 0.057532 0.000999 0.000000
28.277393 1.697051 -0.001117 0.000000
31.992617 3.547457 -0.002060 0.000000
-21.725939 2.742156 -0.000084 0.000000
27.980391 2.251687 -0.001325 0.000000
30.049055 -0.145661 -0.000496 0.000000
37.323208 1.956528 -0.001753 0.000000
15.548060 -0.792093 0.001311 0.000000
0.483297 24.713797 -0.009610 0.000000
0.005533 22.661141 -0.008672 0.000000
1.053489 27.858016 -0.011020 0.000000
-34.067587 -1.921880 0.001421 0.000000
-39.284857 -0.394983 0.000835 0.000000
-28.714375 -2.282898 0.001680 0.000000
-23.279063 -3.343936 0.002302 0.000000
38.981314 -5.955475 0.001332 0.000000
-18.588542 -0.797075 0.001603 0.000000
-37.872366 -0.544679 0.000836 0.000000
26.433319 -5.339230 0.001881 0.000000
20.569098 -2.987887 0.001477 0.000000
-23.497149 -2.819346 0.002094 0.000000
-29.535884 -5.832737 0.003108 0.000000
34.875581 2.720946 -0.001931 0.000000
-22.041162 0.284255 0.000906 0.000000
36.770179 -4.371595 0.000838 0.000000
26.467187 -1.968787 0.000513 0.000000
-24.920571 -2.242506 0.001783 0.000000
-33.481159 2.923102 -0.000500 0.000000
27.204190 3.284604 -0.001656 0.000000
24.523084 3.620870 -0.001624 0.000000
-30.058894 -0.227232 0.000827 0.000000
-36.322505 -4.994023 0.002634 0.000000
23.979541 -2.673225 0.000985 0.000000
-25.969882 -2.437581 0.001816 0.000000
-35.654789 -5.761416 0.002928 0.000000
34.658117 -2.132772 0.000090 0.000000
-15.043667 -4.635906 0.003556 0.000000
27.453372 -0.269008 -0.000222 0.000000
27.738139 1.294706 -0.000904 0.000000
-14.801197 1.197106 0.001209 0.000000
-15.607543 0.941375 0.001185 0.000000
13.871362 -1.041418 0.001747 0.000000
20.137696 0.154154 0.000269 0.000000
-31.752570 -3.851878 0.002224 0.000000
-32.542246 1.519678 0.000091 0.000000
33.470721 -2.202767 0.000168 0.000000
34.309931 6.522901 -0.003443 0.000000
-26.355034 4.520256 -0.000996 0.000000
28.454674 4.673631 -0.002344 0.000000
26.056160 -1.370879 0.000326 0.000000
32.124097 -9.104492 0.002922 0.000000
17.735086 -5.284873 0.002722 0.000000
35.679827 4.600432 -0.002734 0.000000
30.366166 1.132163 -0.001030 0.000000
-37.980357 4.909715 -0.001286 0.000000
-26.962080 -0.075956 0.000865 0.000000
32.441292 0.191247 -0.000739 0.000000
-23.712549 0.551490 0.000756 0.000000
24.891320 0.458127 -0.000317 0.000000
23.242851 1.222494 -0.000526 0.000000
1.073747 22.592879 -0.008664 0.000000
0.279819 32.473450 -0.013001 0.000000
1.096961 30.294881 0.062917 0.000000
-28.774759 -4.360996 0.002547 0.000000
24.660859 -6.893140 0.002622 0.000000
27.741428 -3.111742 0.000850 0.000000
-39.065719 -0.337653 0.000815 0.000000
-24.294765 -2.369932 0.001862 0.000000
27.183526 -4.941022 0.001639 0.000000
38.893884 -9.619248 0.002770 0.000000
18.681604 1.630655 -0.000188 0.000000
-18.947144 0.735898 0.000930 0.000000
21.308126 -1.866893 0.000958 0.000000
34.727133 -0.191907 -0.000756 0.000000
-36.116806 7.226229 -0.002214 0.000000
-31.284596 3.934410 -0.000833 0.000000
31.006793 1.017802 -0.000973 0.000000
-28.837528 -1.096454 0.001230 0.000000
25.459898 -0.642211 0.000077 0.000000
-31.096579 -2.102052 0.001549 0.000000
-25.315195 -3.291203 0.002189 0.000000
28.291282 -6.277901 0.002060 0.000000
-39.853276 -5.052295 0.002691 0.000000
-31.820740 -1.541075 0.001365 0.000000
-23.848730 -5.272283 0.003077 0.000000
19.139350 -5.575246 0.002669 0.000000
39.605692 -5.101318 0.000989 0.000000
-36.808489 -5.355998 0.002825 0.000000
-27.783375 4.216535 -0.000885 0.000000
-25.432714 2.751569 -0.000238 0.000000
33.365245 -1.458287 -0.000169 0.000000
15.395257 -0.091483 0.001032 0.000000
25.161832 2.109826 -0.001046 0.000000
18.706946 1.339013 -0.000055 0.000000
-16.697392 1.820125 0.000709 0.000000
32.372086 0.193619 -0.000777 0.000000
-38.722951 -4.834226 0.002607 0.000000
23.161593 -3.800868 0.001543 0.000000
25.372253 4.620352 -0.002106 0.000000
-34.644528 -0.886212 0.001064 0.000000
-27.378171 -5.091629 0.002874 0.000000
32.420865 -2.267478 0.000240 0.000000
-30.103389 -3.509093 0.002178 0.000000
-37.038290 -7.599933 0.003706 0.000000
21.984047 2.925351 -0.001082 0.000000
-34.662533 1.649615 0.000048 0.000000
-22.460270 -0.685581 0.001281 0.000000
24.266071 0.341253 -0.000228 0.000000
25.327638 1.361521 -0.000763 0.000000
28.369668 2.852008 -0.001588 0.000000
0.996717 22.529655 -0.008635 0.000000
-31.501249 -3.939306 0.002275 0.000000
-34.810361 -4.803996 0.002574 0.000000
35.336323 -5.674173 0.001425 0.000000
24.154022 -1.564688 0.000562 0.000000
-34.759165 -2.071809 0.001506 0.000000
-23.301495 -5.775326 0.003262 0.000000
33.783132 -9.525477 0.002993 0.000000
-38.796223 2.554239 -0.000342 0.000000
-33.823129 0.423172 0.000491 0.000000
-32.346098 -0.907575 0.001101 0.000000
35.244395 -6.631369 0.001777 0.000000
15.914014 -1.978353 0.001736 0.000000
11.985937 -0.969705 0.002177 0.000000
19.782114 1.333006 -0.000212 0.000000
-31.852043 2.568419 -0.000289 0.000000
28.845460 -7.660262 0.002573 0.000000
35.679655 -3.122310 0.000395 0.000000
-36.308587 0.803174 0.000317 0.000000
27.993059 -6.744457 0.002308 0.000000
-31.587295 -5.153999 0.002773 0.000000
39.120041 -9.790886 0.002827 0.000000
18.914816 -5.098016 0.002495 0.000000
0.057314 25.299359 -0.009864 0.000000
-0.513196 32.026789 -0.012796 0.000000
1.072092 19.390062 -0.007174 0.000000
-0.434384 29.281400 -0.011608 0.000000
-0.403352 15.394218 -0.005171 0.000000
23.433494 -0.111714 0.000001 0.000000
-20.830906 1.837212 0.000342 0.000000
20.682666 2.059568 -0.000619 0.000000
16.146133 0.326874 0.000733 0.000000
-33.753388 6.103066 -0.001760 0.000000
-31.180798 2.921634 -0.000420 0.000000
-34.485218 2.180474 -0.000190 0.000000
-27.725808 -1.944342 0.001615 0.000000
-32.854278 -5.184198 0.002787 0.000000
24.377877 -8.041845 0.003057 0.000000
15.777335 -5.256108 0.003031 0.000000
30.082106 -3.697622 0.000921 0.000000
-16.831053 1.221260 0.000946 0.000000
26.772135 0.401227 -0.000485 0.000000
-36.837012 0.501720 0.000491 0.000000
18.979842 -2.662051 0.001543 0.000000
-20.330667 2.285231 0.000182 0.000000
-35.398053 4.821127 -0.001288 0.000000
31.200296 -1.582451 0.000009 0.000000
31.116791 -0.264375 -0.000491 0.000000
33.840673 1.128131 -0.001234 0.000000
-1.096770 34.477160 1.887848 0.000000
20.131310 -6.584051 0.002910 0.000000
31.368874 -7.234713 0.002237 0.000000
-26.234344 -0.470562 0.001021 0.000000
-34.387189 -4.156692 0.002366 0.000000
37.620504 -7.322524 0.001930 0.000000
21.677674 -3.283331 0.001487 0.000000
-20.044856 2.855153 -0.000025 0.000000
39.430451 1.162397 -0.001532 0.000000
24.808994 1.901538 -0.000897 0.000000
36.639538 6.949484 -0.003728 0.000000
38.463788 -2.291570 -0.000041 0.000000
-27.525952 0.783630 0.000511 0.000000
23.425243 1.864337 -0.000779 0.000000
-31.509193 -3.752836 0.002204 0.000000
19.214271 -6.686559 0.003090 0.000000
30.490792 -7.572871 0.002422 0.000000
28.079411 -4.566669 0.001443 0.000000
-26.620891 -4.540221 0.002655 0.000000
-31.637392 -0.482662 0.000943 0.000000
30.553075 -5.212447 0.001535 0.000000
39.204656 -4.491400 0.000730 0.000000
29.300871 -5.753161 0.001794 0.000000
-32.997987 -5.251788 0.002766 0.000000
-10.640013 -4.098342 0.004304 0.000000
-20.533852 -5.283113 0.003254 0.000000
36.291474 -10.097406 0.003118 0.000000
-1.096521 31.108909 0.697249 0.000000
0.282449 25.799967 -0.010095 0.000000
1.017502 26.191611 -0.010282 0.000000
0.602440 28.801880 -0.011422 0.000000
-0.652785 25.286662 -0.009843 0.000000
-20.253699 2.817703 0.000000 0.000000
-22.749347 2.509743 -0.000041 0.000000
26.293870 -0.205216 -0.000190 0.000000
28.216376 0.537138 -0.000644 0.000000
20.148154 -2.215998 0.001224 0.000000
-21.720929 -1.623088 0.001699 0.000000
-26.317689 -4.165151 0.002505 0.000000
35.420745 -8.698459 0.002582 0.000000
19.963928 -5.140991 0.002408 0.000000
33.372292 -5.038317 0.001252 0.000000
-33.998906 -0.549517 0.000935 0.000000
36.508974 -7.879829 0.002273 0.000000
18.310257 -4.386544 0.002302 0.000000
18.931093 2.221276 -0.000472 0.000000
32.050685 4.108680 -0.002335 0.000000
23.195510 2.919226 -0.001218 0.000000
21.156136 -1.071266 0.000657 0.000000
28.370520 -5.134700 0.001655 0.000000
-26.064357 1.504085 0.000267 0.000000
-25.019191 2.993314 -0.000300 0.000000
18.371907 1.695456 -0.000187 0.000000
37.098341 6.066607 -0.003393 0.000000
-22.509906 1.991199 0.000178 0.000000
23.396946 -0.093068 -0.000002 0.000000
0.696337 17.174697 -0.006089 0.000000
0.987494 29.142695 -0.011579 0.000000
1.096619 27.023106 0.979486 0.000000
-0.204074 34.402072 2.359846 0.000000
1.097018 30.475024 2.055134 0.000000
5.164945 -0.030017 7.261971 0.000000
25.955873 -5.806851 0.002055 0.000000
-25.531886 -1.828808 0.001631 0.000000
-30.018322 -4.756666 0.002671 0.000000
-30.883808 -3.167407 0.001970 0.000000
39.142978 -3.914116 0.000509 0.000000
-28.293304 -0.346550 0.000955 0.000000
19.921638 -3.133769 0.001600 0.000000
34.937302 4.324398 -0.002578 0.000000
-33.558664 1.036161 0.000241 0.000000
32.836944 2.071433 -0.001509 0.000000
-32.877465 6.293764 -0.001816 0.000000
34.211641 5.520748 -0.003009 0.000000
34.612687 -4.378198 0.000923 0.000000
28.796682 -3.579933 0.000980 0.000000
33.866884 -7.004065 0.002002 0.000000
29.465959 2.848242 -0.001631 0.000000
-28.953407 4.184335 -0.000901 0.000000
31.571284 0.238702 -0.000742 0.000000
22.450801 -7.391152 0.002974 0.000000
39.142761 -8.914974 0.002486 0.000000
34.967221 -4.961328 0.001199 0.000000
25.135496 -4.191195 0.001531 0.000000
20.449796 2.641805 -0.000804 0.000000
-37.337307 7.892359 -0.002493 0.000000
34.950579 7.136848 -0.003696 0.000000
-32.347335 -3.450501 0.002102 0.000000
-18.304050 -5.039217 0.003317 0.000000
19.871287 -5.607885 0.002599 0.000000
31.743774 -6.064586 0.001756 0.000000
-37.835251 3.005969 -0.000524 0.000000
-38.272886 4.503425 -0.001124 0.000000
-22.074358 0.787191 0.000734 0.000000
14.601006 -0.969372 0.001564 0.000000
35.897973 2.683303 -0.001970 0.000000
35.782476 4.103190 -0.002474 0.000000
1.097231 33.187841 0.427800 0.000000
0.151446 34.269045 -0.013768 0.000000
-0.983936 29.594214 -0.011733 0.000000
-1.096098 26.957078 0.152325 0.000000
-1.096648 32.413816 0.027335 0.000000
-0.740770 20.791061 -0.007794 0.000000
0.752633 33.788786 -0.013579 0.000000
-1.096396 30.121675 2.138574 0.000000
-1.112639 28.736328 -0.011357 0.000000
0.208109 23.068158 -0.008861 0.000000
16.160219 -4.814315 0.002789 0.000000
21.499238 -4.597571 0.001987 0.000000
-30.053706 0.010408 0.000735 0.000000
33.959953 -3.187680 0.000485 0.000000
16.182253 -2.237427 0.001776 0.000000
29.101468 -5.239389 0.001640 0.000000
37.419895 5.440699 -0.003158 0.000000
20.995194 3.050042 -0.001057 0.000000
35.488484 1.524085 -0.001483 0.000000
-38.720742 4.964295 -0.001346 0.000000
-30.570607 5.791075 -0.001621 0.000000
38.310521 -0.606266 -0.000753 0.000000
20.526429 -0.862473 0.000610 0.000000
31.279322 2.117979 -0.001484 0.000000
-19.784041 1.018283 0.000770 0.000000
-37.949632 3.368433 -0.000666 0.000000
28.015063 3.794132 -0.001955 0.000000
-33.375612 -2.829019 0.001816 0.000000
-38.048530 1.769349 -0.000025 0.000000
32.643155 -10.036995 0.003256 0.000000
-22.201697 -0.084604 0.001050 0.000000
18.752678 -5.805423 0.002795 0.000000
-10.836007 -3.231122 0.003916 0.000000
-20.885195 -4.179845 0.002791 0.000000
37.103861 -5.298520 0.001169 0.000000
-18.884266 -2.198767 0.002143 0.000000
30.192469 -6.396423 0.002020 0.000000
-1.096455 30.440455 0.904764 0.000000
-18.014928 2.257965 0.000395 0.000000
-16.837006 0.717995 0.001143 0.000000
31.258016 1.808713 -0.001304 0.000000
20.125434 0.847407 -0.000017 0.000000
-29.763244 4.144898 -0.000914 0.000000
-26.406827 2.339525 -0.000081 0.000000
-25.612870 1.117162 0.000441 0.000000
37.526836 -3.468792 0.000409 0.000000
19.092764 -2.249788 0.001370 0.000000
29.716993 -1.159880 -0.000012 0.000000
18.457507 -6.677132 0.003181 0.000000
17.173378 -5.026402 0.002709 0.000000
30.116841 -8.404384 0.002774 0.000000
36.400651 4.423281 -0.002694 0.000000
28.195692 1.039678 -0.000822 0.000000
-34.395923 7.036020 -0.002160 0.000000
25.704436 3.311787 -0.001553 0.000000
-22.095095 -3.742284 0.002523 0.000000
30.991524 -6.753893 0.002117 0.000000
-35.435880 -2.728089 0.001788 0.000000
-26.541881 0.271379 0.000755 0.000000
-18.475409 -1.373859 0.001855 0.000000
21.138173 -2.135848 0.001054 0.000000
-31.240211 6.004486 -0.001732 0.000000
28.779531 4.092428 -0.002109 0.000000
25.972116 4.432437 -0.002042 0.000000
-14.863533 -1.555661 0.002367 0.000000
-29.338757 1.596060 0.000149 0.000000
-24.052716 -4.684767 0.002808 0.000000
-9.518616 -3.900482 0.004630 0.000000
34.725144 -6.576717 0.001800 0.000000
-22.725525 -1.039221 0.001442 0.000000
27.311606 -8.373793 0.002950 0.000000
30.570666 -4.318059 0.001192 0.000000
-20.886265 -1.346793 0.001678 0.000000
29.648107 4.345648 -0.002253 0.000000
11.540311 0.439160 0.001660 0.000000
-18.223123 -0.780047 0.001625 0.000000
31.621824 -4.415080 0.001110 0.000000
25.487463 -2.060413 0.000609 0.000000
14.752922 -1.073835 0.001570 0.000000
27.863280 2.457693 -0.001391 0.000000
31.118915 4.272424 -0.002346 0.000000
-30.004985 2.807918 -0.000357 0.000000
-39.352473 1.706710 -0.000006 0.000000
29.436506 0.510740 -0.000715 0.000000
31.340874 5.993413 -0.003060 0.000000
-39.757678 -2.764040 0.001779 0.000000
-18.055092 -4.565412 0.003168 0.000000
28.635043 -9.009404 0.003131 0.000000
-31.248132 -2.643480 0.001810 0.000000
-21.400837 -3.753596 0.002592 0.000000
37.496310 -1.883434 -0.000221 0.000000
-24.100263 -0.407673 0.001089 0.000000
0.860092 31.847084 -0.012748 0.000000
-0.391009 19.705132 -0.007290 0.000000
-0.696668 22.502850 -0.008583 0.000000
-0.192275 25.564430 -0.009981 0.000000
-0.530750 27.386926 -0.010778 0.000000
0.303680 30.159329 -0.012005 0.000000
-1.022357 29.921185 -0.011874 0.000000
-0.207073 29.233798 -0.011592 0.000000
-1.012824 15.964221 -0.005448 0.000000
1.096481 26.144369 0.106562 0.000000
0.743846 31.146609 -0.012444 0.000000
1.096681 27.703881 0.381654 0.000000
20.004622 1.248957 -0.000168 0.000000
29.675897 4.770749 -0.002460 0.000000
27.504832 -2.002112 0.000430 0.000000
30.200062 -3.156985 0.000701 0.000000
23.920772 -1.323613 0.000448 0.000000
14.599783 -5.893980 0.003480 0.000000
20.792163 -6.211429 0.002694 0.000000
22.113098 -5.172363 0.002184 0.000000
33.099852 5.248879 -0.002854 0.000000
36.405151 2.981149 -0.002068 0.000000
-25.872477 -2.887256 0.002010 0.000000
-29.028529 0.611709 0.000553 0.000000
37.125537 -2.033954 -0.000143 0.000000
19.034182 -0.756465 0.000774 0.000000
-26.973880 -3.167425 0.002124 0.000000
-33.728651 -6.686045 0.003375 0.000000
23.677876 -5.532044 0.002177 0.000000
-27.728497 3.474313 -0.000579 0.000000
-30.684339 2.044636 -0.000075 0.000000
24.164050 0.838131 -0.000408 0.000000
22.546850 1.480077 -0.000542 0.000000
22.714943 2.527631 -0.000977 0.000000
1.123711 6.850743 0.000005 0.000000
31.678557 -4.889712 0.001295 0.000000
-37.941771 -5.603704 0.002911 0.000000
33.180979 -8.279869 0.002565 0.000000
30.584250 -5.486681 0.001609 0.000000
-35.694859 2.573109 -0.000369 0.000000
-12.673904 -2.706446 0.003227 0.000000
-27.833156 -2.773013 0.001940 0.000000
-37.678486 -6.502919 0.003268 0.000000
33.168342 2.060050 -0.001570 0.000000
13.973834 -0.605914 0.001538 0.000000
-32.103924 3.590624 -0.000708 0.000000
-33.500488 1.228071 0.000227 0.000000
22.482431 -2.108173 0.000931 0.000000
38.763064 -0.561650 -0.000785 0.000000
-36.078196 5.835858 -0.001654 0.000000
-30.351853 -1.941903 0.001534 0.000000
-32.719484 -0.540736 0.000948 0.000000
33.026534 -0.730975 -0.000386 0.000000
31.922988 0.429639 -0.000842 0.000000
33.892220 1.937436 -0.001562 0.000000
32.060589 -1.787630 0.000037 0.000000
-17.865457 -1.433678 0.001942 0.000000
22.201109 -4.940007 0.002091 0.000000
38.738710 -3.297099 0.000351 0.000000
38.055393 -6.945208 0.001784 0.000000
0.811086 24.113648 -0.009349 0.000000
0.420762 22.894793 -0.008788 0.000000
-1.019733 22.705226 -0.008671 0.000000
-25.418558 2.367440 -0.000058 0.000000
16.354058 -0.842259 0.001196 0.000000
25.337327 0.762764 -0.000493 0.000000
25.641974 -0.905066 0.000136 0.000000
-20.282836 -1.061434 0.001579 0.000000
18.374036 -1.579914 0.001188 0.000000
28.447594 0.090867 -0.000478 0.000000
-38.074701 -2.678419 0.001693 0.000000
36.162043 -10.633367 0.003307 0.000000
19.433860 -5.859575 0.002748 0.000000
31.724008 -6.365385 0.001876 0.000000
21.861930 1.729244 -0.000562 0.000000
26.576110 4.822898 -0.002273 0.000000
-20.094632 -0.864562 0.001506 0.000000
-24.699613 -2.736603 0.002033 0.000000
25.811267 -3.358274 0.001142 0.000000
32.450706 -2.132368 0.000155 0.000000
-17.014785 -3.896387 0.003007 0.000000
-29.816508 -6.560500 0.003386 0.000000
20.291528 -5.582268 0.002539 0.000000
31.588629 -5.691618 0.001619 0.000000
-30.867317 0.777098 0.000401 0.000000
22.673857 1.395253 -0.000505 0.000000
18.978237 1.522840 -0.000183 0.000000
-23.302572 2.217285 0.000066 0.000000
-0.999279 19.931205 -0.007383 0.000000
0.823736 12.707777 -0.003767 0.000000
0.121287 19.387391 -0.007149 0.000000
-1.096552 31.380082 0.344319 0.000000
-1.096547 31.282932 0.730377 0.000000
-1.094099 16.260909 -0.004146 0.000000
-21.195486 -1.903454 0.001845 0.000000
23.086949 -3.182200 0.001271 0.000000
-25.343323 0.544903 0.000647 0.000000
27.116317 -5.658536 0.001907 0.000000
-30.083190 -1.964075 0.001543 0.000000
-39.384242 -1.624254 0.001324 0.000000
-15.806631 -3.625671 0.003054 0.000000
-26.865042 -5.907444 0.003207 0.000000
-24.293078 4.234939 -0.000787 0.000000
38.673043 -3.197265 0.000282 0.000000
29.008648 -0.904830 -0.000117 0.000000
17.950627 -0.874602 0.000962 0.000000
-36.897534 -0.412762 0.000853 0.000000
-34.194236 4.975780 -0.001327 0.000000
-26.154419 -1.321131 0.001368 0.000000
-37.578056 0.983125 0.000252 0.000000
-20.421165 -2.468334 0.002134 0.000000
27.368829 -1.947637 0.000416 0.000000
-28.785790 -5.798370 0.003099 0.000000
27.100845 -6.527366 0.002288 0.000000
39.426032 -6.476919 0.001582 0.000000
26.427251 -2.971625 0.000927 0.000000
-39.295614 -1.122999 0.001126 0.000000
-22.929505 -2.799807 0.002144 0.000000
-28.453694 -2.091065 0.001605 0.000000
-1.096679 33.008903 1.518968 0.000000
23.833546 1.548569 -0.000673 0.000000
33.755800 -5.606239 0.001517 0.000000
30.501881 -0.206580 -0.000444 0.000000
18.187375 -0.634741 0.000828 0.000000
26.990277 4.771342 -0.002236 0.000000
17.917892 1.385863 -0.000005 0.000000
-35.083791 -5.512024 0.002858 0.000000
25.532987 -4.276526 0.001526 0.000000
35.157778 -3.418155 0.000511 0.000000
-30.243587 -3.608326 0.002214 0.000000
-19.201018 -4.210578 0.002944 0.000000
16.207318 -6.073624 0.003278 0.000000
22.631184 -4.091090 0.001713 0.000000
27.238983 0.856201 -0.000694 0.000000
31.504527 2.712079 -0.001735 0.000000
-32.479869 2.822265 -0.000405 0.000000
-26.123262 -1.181692 0.001344 0.000000
25.696847 -0.301590 -0.000115 0.000000
-22.850277 3.700952 -0.000544 0.000000
-36.307079 4.788848 -0.001234 0.000000
-25.371946 -0.195671 0.000977 0.000000
19.239524 -0.817743 0.000743 0.000000
0.835101 19.069563 -0.007011 0.000000
0.472488 14.418207 -0.004682 0.000000
-1.096805 34.728056 1.280486 0.000000
-0.969548 25.919020 -0.010118 0.000000
0.961626 27.167739 -0.010713 0.000000
0.449961 25.898203 -0.010140 0.000000
-36.860904 -2.560247 0.001707 0.000000
27.363278 -6.008905 0.002027 0.000000
34.003087 -2.527875 0.000223 0.000000
-30.231804 -1.547125 0.001384 0.000000
28.906527 -2.317919 0.000457 0.000000
33.377898 -5.944134 0.001614 0.000000
20.947049 -5.702343 0.002482 0.000000
30.925030 6.207215 -0.003120 0.000000
23.821045 2.355748 -0.001002 0.000000
-23.626724 2.255282 0.000018 0.000000
35.100732 0.903980 -0.001161 0.000000
-36.839533 6.247664 -0.001828 0.000000
-14.259976 0.978303 0.001358 0.000000
-36.784593 3.913558 -0.000940 0.000000
16.308366 0.818771 0.000498 0.000000
17.537941 1.811092 -0.000109 0.000000
-38.548175 -0.167246 0.000684 0.000000
26.133633 -2.526033 0.000788 0.000000
31.193337 -1.181841 -0.000148 0.000000
-37.554165 -3.332820 0.001961 0.000000
-23.119247 -4.137447 0.002642 0.000000
17.420420 -6.433720 0.003231 0.000000
22.521470 -6.065593 0.002498 0.000000
37.123294 -5.676871 0.001330 0.000000
-1.096888 35.440720 0.369120 0.000000
1.096382 25.380134 0.408818 0.000000
1.097323 34.381601 0.341304 0.000000
4.586125 -0.037271 5.611574 0.000000
-28.609208 3.203292 -0.000538 0.000000
36.923604 -0.299535 -0.000762 0.000000
14.573637 -1.670657 0.001843 0.000000
-17.062248 -0.592546 0.001677 0.000000
34.643779 -1.605892 -0.000182 0.000000
-17.083898 0.965308 0.001016 0.000000
-16.725146 0.166492 0.001385 0.000000
29.010046 -6.474148 0.002091 0.000000
-19.482980 -2.969361 0.002409 0.000000
-23.289288 -5.143478 0.003050 0.000000
37.378340 -6.328403 0.001580 0.000000
-28.369897 3.472848 -0.000635 0.000000
37.791303 5.457486 -0.003180 0.000000
36.359043 6.593430 -0.003569 0.000000
38.385351 -2.416446 -0.000051 0.000000
39.835604 -0.862011 -0.000740 0.000000
-1.598292 7.291215 -0.000304 0.000000
-36.079463 5.512092 -0.001525 0.000000
21.493325 -0.698828 0.000459 0.000000
22.980876 0.385597 -0.000119 0.000000
26.317624 1.684169 -0.000950 0.000000
1.096984 30.357245 0.980140 0.000000
-26.326618 -3.451329 0.002255 0.000000
-31.221937 -6.804369 0.003453 0.000000
23.961738 -3.860141 0.001478 0.000000
-27.085049 -4.832624 0.002732 0.000000
10.520572 -3.632232 0.003762 0.000000
-33.763363 -0.992436 0.001057 0.000000
-25.582256 3.828485 -0.000681 0.000000
37.209972 2.708515 -0.002040 0.000000
29.807503 5.680234 -0.002837 0.000000
-34.655811 4.557930 -0.001176 0.000000
-29.777132 2.209335 -0.000159 0.000000
29.917363 -2.622601 0.000507 0.000000
-21.775646 -1.549135 0.001666 0.000000
-32.613697 1.607109 0.000085 0.000000
-28.459660 3.169167 -0.000498 0.000000
-35.907708 -2.462214 0.001679 0.000000
-23.645786 -3.799325 0.002487 0.000000
26.472174 -7.051294 0.002537 0.000000
16.756828 -4.429476 0.002568 0.000000
-34.609307 -4.661695 0.002565 0.000000
35.993999 -0.894147 -0.000539 0.000000
20.092743 -3.725986 0.001833 0.000000
-35.669293 -5.471150 0.002821 0.000000
-21.433631 -5.457443 0.003233 0.000000
0.977682 15.788708 -0.005403 0.000000
-28.426760 2.124336 -0.000072 0.000000
23.857495 -0.991571 0.000354 0.000000
24.356978 0.738818 -0.000410 0.000000
24.335882 -0.128891 -0.000046 0.000000
-35.311236 6.253115 -0.001820 0.000000
-37.417041 5.292121 -0.001443 0.000000
-34.701281 -3.152062 0.001904 0.000000
36.388610 -3.352494 0.000459 0.000000
28.152222 -6.876462 0.002309 0.000000
-29.953302 1.362266 0.000174 0.000000
-23.468570 -0.439492 0.001124 0.000000
18.292597 1.887633 -0.000245 0.000000
32.452393 3.853726 -0.002193 0.000000
26.920965 -1.455124 0.000257 0.000000
35.436186 0.297621 -0.000984 0.000000
37.410139 -5.754552 0.001383 0.000000
-29.256430 -4.940716 0.002707 0.000000
-29.516844 2.333027 -0.000212 0.000000
36.896462 2.131615 -0.001795 0.000000
32.837534 2.804795 -0.001828 0.000000
32.816242 4.130341 -0.002385 0.000000
31.069969 2.667972 -0.001693 0.000000
36.482617 0.246007 -0.001021 0.000000
-19.369899 -3.161263 0.002486 0.000000
37.814582 -7.531360 0.002006 0.000000
31.017919 -3.822298 0.000915 0.000000
-29.231206 -4.546367 0.002584 0.000000
13.993768 -0.132790 0.001328 0.000000
32.709120 3.497488 -0.002122 0.000000
-30.592963 4.068840 -0.000937 0.000000
29.772247 3.705352 -0.002000 0.000000
26.604544 4.042878 -0.001954 0.000000
-35.884302 7.552749 -0.002352 0.000000
20.568741 -6.626648 0.002890 0.000000
32.676980 -7.517898 0.002272 0.000000
18.544692 -4.508974 0.002316 0.000000
39.358170 -2.582580 -0.000032 0.000000
-33.739753 -4.163959 0.002366 0.000000
-21.817263 -4.446409 0.002839 0.000000
30.134749 -3.545088 0.000899 0.000000
26.735043 -4.557892 0.001512 0.000000
-12.335434 -4.316925 0.003929 0.000000
-27.169837 -6.360592 0.003331 0.000000
27.978227 -7.386479 0.002544 0.000000
-1.152576 -2.805014 0.029237 0.000000
-0.228556 11.578672 -0.003102 0.000000
16.141649 1.532431 0.000215 0.000000
33.623369 6.958086 -0.003523 0.000000
-36.120902 3.515368 -0.000721 0.000000
-34.021126 1.798640 -0.000012 0.000000
18.644706 -1.784516 0.001246 0.000000
28.507674 -0.276390 -0.000306 0.000000
29.374270 1.445397 -0.001066 0.000000
29.921922 -4.682250 0.001367 0.000000
-23.523625 -3.459737 0.002336 0.000000
-35.266292 -2.364214 0.001642 0.000000
-32.518148 3.029577 -0.000490 0.000000
32.084800 -3.530677 0.000778 0.000000
18.311743 -2.431853 0.001542 0.000000
17.776744 2.129732 -0.000280 0.000000
32.236800 -1.330555 -0.000142 0.000000
-20.144187 -2.085333 0.001993 0.000000
23.830591 -2.587931 0.001005 0.000000
-29.487770 -5.045657 0.002796 0.000000
-10.328418 -4.066871 0.004394 0.000000
38.381558 -6.566510 0.001663 0.000000
36.304510 3.016267 -0.002091 0.000000
-23.255556 1.883548 0.000223 0.000000
-18.515781 -0.905016 0.001648 0.000000
37.860633 0.452685 -0.001158 0.000000
27.479786 0.770664 -0.000683 0.000000
25.887359 2.569032 -0.001295 0.000000
0.562348 21.554123 -0.008173 0.000000
-0.364736 32.242149 -0.012889 0.000000
-0.792170 30.122664 -0.011969 0.000000
-32.566311 -2.992299 0.001925 0.000000
-21.306585 -3.994546 0.002689 0.000000
22.358484 -7.637278 0.003082 0.000000
37.498284 -5.307142 0.001159 0.000000
-33.151534 1.923609 -0.000092 0.000000
-19.671119 -2.296527 0.002132 0.000000
36.867599 -8.046973 0.002255 0.000000
-39.287387 1.148316 0.000215 0.000000
-34.158251 -3.745825 0.002162 0.000000
-24.257363 -4.418518 0.002675 0.000000
23.763310 -5.701358 0.002215 0.000000
38.481750 5.200662 -0.003108 0.000000
-16.410209 0.963406 0.001107 0.000000
23.855233 4.112284 -0.001760 0.000000
-22.849913 3.499621 -0.000429 0.000000
23.936451 1.306927 -0.000588 0.000000
26.388614 -1.686401 0.000393 0.000000
-27.934017 -0.293745 0.000903 0.000000
30.002999 -0.413208 -0.000380 0.000000
37.926001 1.786685 -0.001655 0.000000
-31.611185 -0.606065 0.000989 0.000000
28.639144 -7.639378 0.002573 0.000000
23.344170 -4.478016 0.001763 0.000000
25.038323 -3.084558 0.001097 0.000000
29.172133 -6.110183 0.001973 0.000000
-21.859427 -2.162936 0.001909 0.000000
1.097174 32.395055 0.721494 0.000000
-23.618190 0.732224 0.000638 0.000000
-22.318215 1.377295 0.000469 0.000000
31.177432 1.514703 -0.001229 0.000000
16.925518 -2.403093 0.001724 0.000000
24.566183 -1.520566 0.000515 0.000000
24.783631 -7.515023 0.002820 0.000000
15.389729 -4.981782 0.003012 0.000000
36.571859 -4.561107 0.000893 0.000000
-15.677253 1.604841 0.000910 0.000000
38.040928 8.404302 -0.004322 0.000000
22.696358 2.044407 -0.000796 0.000000
-29.641875 5.791557 -0.001611 0.000000
-26.360132 -3.725986 0.002361 0.000000
-35.484589 -2.022532 0.001489 0.000000
-24.063991 -5.883781 0.003282 0.000000
-32.659821 1.263406 0.000221 0.000000
23.541132 3.028617 -0.001289 0.000000
-36.175679 2.991762 -0.000536 0.000000
28.467601 -0.474669 -0.000235 0.000000
28.532629 1.633931 -0.001093 0.000000
32.357462 3.635935 -0.002113 0.000000
-14.022505 -0.590190 0.002089 0.000000
-0.598350 35.115223 2.359666 0.000000
-1.096202 28.067069 1.575537 0.000000
1.096913 29.603609 1.174762 0.000000
-0.530595 21.362822 -0.008064 0.000000
1.038011 28.199579 -0.011169 0.000000
-34.930067 -2.385370 0.001649 0.000000
23.562961 -7.664956 0.002979 0.000000
29.452815 -1.546482 0.000164 0.000000
-24.877528 -0.929976 0.001300 0.000000
-31.980839 -3.396648 0.002066 0.000000
16.566409 -5.894296 0.003152 0.000000
22.074440 -3.986810 0.001724 0.000000
19.358324 2.758549 -0.000762 0.000000
32.257925 4.469913 -0.002489 0.000000
15.524066 -3.069250 0.002237 0.000000
-38.171139 4.190478 -0.001005 0.000000
36.685667 2.737458 -0.001979 0.000000
-37.569200 -0.608395 0.000923 0.000000
-24.701498 -2.339279 0.001837 0.000000
30.317673 -0.191784 -0.000455 0.000000
37.728023 2.026824 -0.001791 0.000000
-21.533890 1.221294 0.000557 0.000000
28.213834 2.308077 -0.001357 0.000000
39.397788 -5.970298 0.001325 0.000000
-28.439117 -2.301456 0.001688 0.000000
26.689898 -1.949044 0.000494 0.000000
16.752819 -1.595542 0.001431 0.000000
26.798122 -5.360153 0.001840 0.000000
15.548624 -3.539366 0.002428 0.000000
-29.291102 -5.821959 0.003105 0.000000
32.365463 -8.200037 0.002560 0.000000
31.275387 -4.878524 0.001327 0.000000
-1.697821 7.292247 -0.000309 0.000000
36.845753 -4.251290 0.000806 0.000000
33.013886 -5.344607 0.001396 0.000000
27.719813 -0.231216 -0.000251 0.000000
-21.057615 -2.111261 0.001946 0.000000
-29.831301 -0.578205 0.000988 0.000000
29.948951 4.855790 -0.002508 0.000000
-16.196970 1.005059 0.001086 0.000000
27.463624 3.356229 -0.001701 0.000000
24.632346 3.628408 -0.001605 0.000000
-25.655795 -2.427277 0.001872 0.000000
-35.204510 -5.740988 0.002918 0.000000
34.966180 -2.064126 -0.000015 0.000000
-21.003758 -4.384045 0.002842 0.000000
-20.466300 -0.186291 0.001213 0.000000
16.987972 -1.915296 0.001535 0.000000
-33.153740 2.796715 -0.000403 0.000000
-26.152310 4.225500 -0.000872 0.000000
28.643964 4.685214 -0.002323 0.000000
-37.655106 4.825195 -0.001256 0.000000
-26.754553 -0.109717 0.000882 0.000000
32.794729 0.239358 -0.000773 0.000000
30.630669 1.181365 -0.001063 0.000000
0.190336 15.461592 -0.005217 0.000000
26.228704 -1.233835 0.000261 0.000000
-30.473316 -1.668219 0.001413 0.000000
32.370160 -9.136938 0.002927 0.000000
34.680129 6.641782 -0.003502 0.000000
-32.234262 1.463132 0.000114 0.000000
27.340344 -5.837004 0.001995 0.000000
21.146531 -3.278936 0.001541 0.000000
33.876624 -2.369800 0.000168 0.000000
33.025348 0.914886 -0.001098 0.000000
-20.821285 1.614192 0.000447 0.000000
25.115598 0.499579 -0.000346 0.000000
23.420169 2.245632 -0.000932 0.000000
-23.541221 -1.919295 0.001728 0.000000
-28.549095 -4.362606 0.002549 0.000000
-16.137394 -0.433747 0.001708 0.000000
-31.683435 0.254608 0.000637 0.000000
22.575295 -5.913515 0.002430 0.000000
27.944869 -3.100786 0.000836 0.000000
-38.683660 -0.380313 0.000828 0.000000
-39.710130 -5.600375 0.002900 0.000000
39.254249 -9.663570 0.002777 0.000000
27.270711 -4.896534 0.001597 0.000000
-33.033117 -1.963697 0.001491 0.000000
1.060266 22.789147 -0.008754 0.000000
0.716759 26.531576 -0.010423 0.000000
35.067607 -0.149203 -0.000780 0.000000
0.499678 7.745859 -0.000645 0.000000
-0.723414 23.371144 -0.008982 0.000000
33.668519 -1.430025 -0.000197 0.000000
-25.386031 2.793529 -0.000278 0.000000
-27.450866 4.321315 -0.000919 0.000000
-25.096236 1.694239 0.000230 0.000000
-26.727838 0.807363 0.000507 0.000000
-36.432151 -5.347824 0.002819 0.000000
38.206072 -9.229007 0.002654 0.000000
-30.915648 -2.110761 0.001557 0.000000
-25.092130 -3.298901 0.002195 0.000000
28.491497 -6.288779 0.002055 0.000000
25.364353 2.162127 -0.001076 0.000000
-39.416428 -5.046981 0.002684 0.000000
-19.857678 -2.943924 0.002378 0.000000
-23.685837 -5.267200 0.003079 0.000000
-31.063252 3.871199 -0.000810 0.000000
-14.189814 1.229073 0.001253 0.000000
-35.836642 7.130127 -0.002181 0.000000
-18.830922 1.913662 0.000474 0.000000
-28.722777 -1.218406 0.001294 0.000000
22.903894 -1.691086 0.000734 0.000000
25.683098 -0.611024 0.000050 0.000000
31.351442 1.075328 -0.001011 0.000000
-22.650822 3.077054 -0.000280 0.000000
-29.899295 -3.516262 0.002133 0.000000
-19.067773 -4.147890 0.002929 0.000000
-36.635379 -7.566036 0.003685 0.000000
38.452866 -7.186944 0.001885 0.000000
-30.538468 -0.214073 0.000834 0.000000
-27.166661 -5.087381 0.002872 0.000000
32.661999 -2.300590 0.000262 0.000000
-34.257621 -0.837860 0.000980 0.000000
33.019268 5.830798 -0.003039 0.000000
28.485427 3.013738 -0.001664 0.000000
-22.292622 -0.712069 0.001295 0.000000
25.456707 -0.563245 0.000012 0.000000
24.468298 0.379290 -0.000258 0.000000
22.160616 2.982619 -0.001119 0.000000
-31.274372 -3.808346 0.002218 0.000000
25.330183 -6.626319 0.002460 0.000000
-34.594576 -4.955769 0.002616 0.000000
24.358226 -1.542727 0.000541 0.000000
27.789446 -5.511687 0.001801 0.000000
-34.436224 -2.199414 0.001535 0.000000
-20.711734 -3.361810 0.002468 0.000000
34.051747 -9.562526 0.002998 0.000000
13.763340 -5.315612 0.003453 0.000000
1.091742 9.752345 -0.001111 0.000000
-0.847401 16.978453 -0.005963 0.000000
0.982788 22.725446 -0.008723 0.000000
-0.342201 17.941202 -0.006444 0.000000
-0.548347 32.374432 -0.012947 0.000000
15.303605 1.519543 0.000357 0.000000
22.621627 2.288039 -0.000866 0.000000
-38.432936 2.485235 -0.000318 0.000000
22.726177 -0.793809 0.000349 0.000000
-32.078045 -0.938905 0.001113 0.000000
23.555783 -0.063106 -0.000025 0.000000
-19.111097 -4.769146 0.003157 0.000000
29.287526 -7.706635 0.002570 0.000000
28.017940 -6.703713 0.002252 0.000000
36.075839 -3.108707 0.000376 0.000000
-35.885110 0.867802 0.000345 0.000000
28.280627 3.178790 -0.001718 0.000000
15.098237 -3.290181 0.002414 0.000000
18.956852 -1.983808 0.001286 0.000000
-31.769061 2.485298 -0.000285 0.000000
-20.298694 -0.054618 0.001186 0.000000
-30.426978 4.345405 -0.000993 0.000000
-28.945001 5.106400 -0.001307 0.000000
0.963105 13.622654 -0.004271 0.000000
-0.450958 29.456313 -0.011684 0.000000
-0.438297 15.565895 -0.005259 0.000000
-27.580842 -1.937436 0.001561 0.000000
24.531118 -8.062821 0.003059 0.000000
37.061591 -7.241771 0.001974 0.000000
30.322752 -3.690236 0.000910 0.000000
-19.134556 -0.292589 0.001345 0.000000
-36.498077 0.453526 0.000503 0.000000
-30.288925 -4.550649 0.002580 0.000000
-19.912445 -4.891938 0.003154 0.000000
39.143112 -5.093078 0.001000 0.000000
29.441167 3.124666 -0.001750 0.000000
21.152808 2.124610 -0.000674 0.000000
-33.477971 6.013712 -0.001725 0.000000
-30.954368 2.864717 -0.000402 0.000000
-21.726917 0.748236 0.000741 0.000000
-26.007924 -0.502945 0.001040 0.000000
31.470122 -1.556695 -0.000014 0.000000
31.423045 -0.224459 -0.000522 0.000000
-20.017619 2.242592 0.000222 0.000000
-35.072502 4.960910 -0.001360 0.000000
16.761070 1.441239 0.000145 0.000000
31.609334 -7.253662 0.002233 0.000000
27.888225 -4.115525 0.001269 0.000000
38.862981 -2.360231 -0.000096 0.000000
-34.068385 -4.160561 0.002369 0.000000
37.976080 -7.315467 0.001974 0.000000
23.946159 -6.709795 0.002599 0.000000
37.062362 7.081452 -0.003797 0.000000
-21.916198 2.063365 0.000200 0.000000
-18.965064 -0.195048 0.001320 0.000000
25.058665 1.882260 -0.000927 0.000000
-20.104018 2.831662 0.000001 0.000000
-20.008457 2.685274 0.000045 0.000000
-22.591023 2.461595 -0.000018 0.000000
17.704861 -1.620987 0.001307 0.000000
26.510152 -0.394902 -0.000123 0.000000
28.333490 -4.569510 0.001431 0.000000
-31.279534 -3.636031 0.002196 0.000000
30.667088 -7.532995 0.002454 0.000000
31.806910 -3.307772 0.000712 0.000000
17.953683 1.773335 -0.000161 0.000000
-31.383174 -0.516598 0.000954 0.000000
-26.554944 -4.430374 0.002633 0.000000
39.611768 -4.489917 0.000718 0.000000
-13.291029 -2.429629 0.002987 0.000000
-32.778608 -5.206486 0.002741 0.000000
-20.264363 -5.270658 0.003262 0.000000
36.542656 -10.159533 0.003104 0.000000
14.187521 -5.419484 0.003405 0.000000
29.443609 -5.764549 0.001827 0.000000
21.249981 0.781568 -0.000111 0.000000
23.675797 1.837561 -0.000779 0.000000
-7.658351 -0.023865 7.801595 0.000000
16.711483 -0.061415 0.000803 0.000000
-24.830530 2.911279 -0.000272 0.000000
-16.051918 0.523607 0.001325 0.000000
-1.096478 30.572912 0.783636 0.000000
0.381777 25.928811 -0.010152 0.000000
-0.993632 21.715632 -0.008217 0.000000
-0.178819 20.791677 -0.007805 0.000000
0.591809 28.980634 -0.011498 0.000000
-0.683735 25.546349 -0.009958 0.000000
0.198260 33.059474 -0.013250 0.000000
-1.651077 6.865260 0.000018 0.000000
0.978481 29.287478 -0.011642 0.000000
1.094801 17.132819 -0.004265 0.000000
-26.083144 -4.165565 0.002509 0.000000
35.728753 -8.732388 0.002585 0.000000
33.663680 -5.041691 0.001242 0.000000
36.808886 -7.834388 0.002176 0.000000
34.901544 -4.417565 0.000975 0.000000
-39.505829 0.981906 0.000278 0.000000
-34.163638 -3.903678 0.002264 0.000000
32.366297 4.193282 -0.002383 0.000000
-12.539639 -0.277358 0.002222 0.000000
-28.414303 2.797241 -0.000339 0.000000
30.413160 -1.010466 -0.000156 0.000000
28.512850 0.437933 -0.000609 0.000000
37.527179 6.188535 -0.003458 0.000000
-16.438946 -0.615106 0.001753 0.000000
-38.146185 -1.716524 0.001344 0.000000
-30.489805 -3.082915 0.001966 0.000000
39.548060 -3.906915 0.000487 0.000000
38.094021 -5.175156 0.001060 0.000000
26.124660 -5.814036 0.002044 0.000000
-29.769128 -4.754866 0.002675 0.000000
1.096675 27.547324 0.820218 0.000000
-1.096693 33.229942 1.099799 0.000000
1.097228 32.854180 1.157362 0.000000
-15.219825 -0.263894 0.001760 0.000000
24.080351 2.939078 -0.001272 0.000000
-21.763269 0.408661 0.000901 0.000000
29.801012 3.129131 -0.001773 0.000000
34.621312 5.594234 -0.003072 0.000000
33.691876 6.640568 -0.003405 0.000000
-13.434472 1.027790 0.001481 0.000000
-32.641409 6.211792 -0.001784 0.000000
34.157196 -7.023631 0.001996 0.000000
26.255655 -7.028816 0.002542 0.000000
-33.222145 1.178335 0.000244 0.000000
-37.039302 7.788310 -0.002451 0.000000
35.366018 7.273213 -0.003773 0.000000
20.471133 1.349681 -0.000288 0.000000
1.097283 33.687690 0.430043 0.000000
-1.095819 24.872414 0.750139 0.000000
0.136692 34.444888 -0.013843 0.000000
32.002540 -6.075799 0.001748 0.000000
22.418235 -7.503286 0.003061 0.000000
35.368323 -4.949265 0.001169 0.000000
39.522844 -8.955168 0.002489 0.000000
20.771871 -4.862751 0.002178 0.000000
12.579310 -3.730275 0.003152 0.000000
-25.069872 -1.016844 0.001327 0.000000
20.607182 2.694153 -0.000839 0.000000
-17.632507 -0.067302 0.001391 0.000000
-28.753570 4.121642 -0.000879 0.000000
19.980085 -1.592806 0.001003 0.000000
31.859121 0.282019 -0.000773 0.000000
-21.091112 1.817857 0.000329 0.000000
-37.929631 4.419095 -0.001097 0.000000
36.108129 4.139080 -0.002559 0.000000
-39.854968 -0.023319 0.000679 0.000000
21.743574 -4.597347 0.001968 0.000000
33.864406 -4.262359 0.000923 0.000000
34.268369 -3.174957 0.000468 0.000000
-29.874306 -0.004232 0.000777 0.000000
0.648594 20.357934 -0.007619 0.000000
0.064052 35.489718 -0.014287 0.000000
-0.094202 30.404844 2.360800 0.000000
-1.024390 28.942641 2.361136 0.000000
7.530336 -0.024255 7.800636 0.000000
-1.096416 30.070107 0.883478 0.000000
18.749693 0.882031 0.000125 0.000000
37.852238 5.555336 -0.003216 0.000000
26.247406 3.789748 -0.001821 0.000000
21.143620 3.102459 -0.001089 0.000000
-30.286229 5.424315 -0.001478 0.000000
-32.157124 4.781674 -0.001199 0.000000
-38.392244 4.732926 -0.001227 0.000000
23.328455 -2.211477 0.000864 0.000000
38.803661 -0.597015 -0.000791 0.000000
35.856978 1.586691 -0.001519 0.000000
34.063437 0.391143 -0.000925 0.000000
32.895734 -10.076802 0.003266 0.000000
13.544959 -5.623593 0.003608 0.000000
-22.040565 -0.114934 0.001067 0.000000
17.121640 -3.120634 0.001976 0.000000
28.043821 3.818377 -0.001944 0.000000
-37.692046 1.708096 -0.000007 0.000000
21.187038 -0.530233 0.000417 0.000000
-20.709377 -4.001077 0.002717 0.000000
-15.020445 -4.414989 0.003489 0.000000
-33.780607 4.968026 -0.001292 0.000000
31.570715 2.179562 -0.001519 0.000000
28.441372 2.787421 -0.001566 0.000000
30.857909 5.718466 -0.002914 0.000000
25.945681 3.382225 -0.001597 0.000000
-27.200732 4.516474 -0.001032 0.000000
-0.999328 34.008739 2.359963 0.000000
24.914008 -4.946596 0.001804 0.000000
30.337912 -8.430745 0.002773 0.000000
13.163342 -5.102836 0.003504 0.000000
-26.359953 0.237406 0.000768 0.000000
-35.007254 -2.656770 0.001734 0.000000
-21.872976 -3.666089 0.002505 0.000000
31.043468 -6.613539 0.002052 0.000000
-34.079522 6.928233 -0.002121 0.000000
36.805487 4.522308 -0.002751 0.000000
-25.447174 1.079286 0.000460 0.000000
37.907996 -3.457356 0.000389 0.000000
29.884919 -1.070265 -0.000108 0.000000
-29.542386 4.018904 -0.000893 0.000000
-29.130411 1.550491 0.000166 0.000000
15.417829 -1.717836 0.001721 0.000000
-17.517224 1.607536 0.000691 0.000000
27.488833 -8.396725 0.002950 0.000000
16.523362 -5.369266 0.002966 0.000000
21.749942 -4.634502 0.001999 0.000000
31.883107 -4.413355 0.001097 0.000000
25.665199 -2.043067 0.000590 0.000000
24.521534 -5.048378 0.001879 0.000000
30.813531 -4.278243 0.001140 0.000000
20.080026 -2.032661 0.001160 0.000000
-16.405483 -4.835849 0.003439 0.000000
1.097212 32.890111 0.801125 0.000000
-0.619868 22.713593 -0.008682 0.000000
-0.058875 25.741145 -0.010061 0.000000
0.850223 32.059605 -0.012840 0.000000
0.291027 30.346871 -0.012087 0.000000
-0.237469 29.576744 -0.011742 0.000000
29.809401 4.325148 -0.002237 0.000000
15.736951 -0.000685 0.000943 0.000000
27.658629 -1.866040 0.000404 0.000000
23.923114 -0.449765 0.000099 0.000000
-39.332917 -2.783590 0.001780 0.000000
-24.744878 -3.821177 0.002430 0.000000
28.871258 -9.046592 0.003134 0.000000
-17.640938 -0.767306 0.001687 0.000000
23.741838 3.812933 -0.001628 0.000000
20.339397 1.312701 -0.000263 0.000000
-30.985463 -2.659916 0.001816 0.000000
29.598919 -3.372721 0.000858 0.000000
37.906663 -1.981519 -0.000192 0.000000
-14.231093 -1.034051 0.002244 0.000000
-38.967426 1.643569 0.000014 0.000000
29.692552 0.554132 -0.000742 0.000000
31.419357 4.356866 -0.002392 0.000000
-29.792529 2.753413 -0.000336 0.000000
24.249931 0.899785 -0.000461 0.000000
24.681847 3.996213 -0.001787 0.000000
12.779559 0.803587 0.001156 0.000000
-30.505424 2.004330 -0.000045 0.000000
-27.492536 3.536288 -0.000643 0.000000
34.094725 -3.519079 0.000644 0.000000
37.502778 -2.008325 -0.000167 0.000000
0.978374 16.592731 -0.005808 0.000000
0.733295 31.352027 -0.012529 0.000000
-0.482270 35.719863 -0.001832 0.000000
-1.096746 33.904566 0.881506 0.000000
1.096722 28.074107 0.383177 0.000000
-23.578107 0.224891 0.000856 0.000000
-16.083508 -2.026529 0.002374 0.000000
22.276991 -5.179490 0.002175 0.000000
36.263985 -5.157954 0.001148 0.000000
-28.818810 0.572931 0.000569 0.000000
-19.050781 -1.306835 0.001767 0.000000
-33.398216 -6.664607 0.003365 0.000000
-26.775155 -3.177822 0.002130 0.000000
36.826318 2.944601 -0.002116 0.000000
-19.441985 1.010898 0.000799 0.000000
-20.614147 0.679316 0.000846 0.000000
30.485980 -3.123498 0.000715 0.000000
24.083024 -1.301919 0.000429 0.000000
-25.650582 -2.898620 0.002021 0.000000
-35.449478 2.371570 -0.000257 0.000000
-21.608811 -0.290190 0.001174 0.000000
18.332709 -2.213032 0.001451 0.000000
-23.346234 3.476860 -0.000468 0.000000
-22.266024 1.607273 0.000360 0.000000
20.854676 2.033999 -0.000614 0.000000
14.785890 -5.258456 0.003218 0.000000
30.840295 -5.494630 0.001600 0.000000
39.106627 -0.420669 -0.000880 0.000000
-27.626736 -2.786521 0.001948 0.000000
-14.045830 -4.080247 0.003516 0.000000
-37.277148 -6.481682 0.003257 0.000000
28.889560 -6.611457 0.002190 0.000000
20.081731 -7.081524 0.003122 0.000000
33.272816 -8.295983 0.002547 0.000000
19.307018 -4.855054 0.002359 0.000000
31.844038 -4.885899 0.001306 0.000000
-35.783343 5.747262 -0.001624 0.000000
-31.862931 3.526788 -0.000686 0.000000
33.495728 2.124685 -0.001607 0.000000
-25.269996 2.324798 -0.000039 0.000000
25.830907 -0.878743 0.000113 0.000000
25.591048 0.615032 -0.000442 0.000000
39.161948 -3.324143 0.000279 0.000000
38.466623 -6.971875 0.001776 0.000000
33.418362 -0.690585 -0.000418 0.000000
32.218921 0.475377 -0.000870 0.000000
15.996970 0.207091 0.000812 0.000000
34.282055 2.095141 -0.001594 0.000000
-25.218089 4.441174 -0.000915 0.000000
23.562146 3.750493 -0.001591 0.000000
-24.486280 1.669204 0.000258 0.000000
-30.674534 0.565313 0.000529 0.000000
22.902288 1.570092 -0.000606 0.000000
-0.342474 21.910635 -0.008317 0.000000
-0.496135 21.155299 -0.007967 0.000000
-1.095553 22.941569 -0.003741 0.000000
0.543213 18.563715 -0.006763 0.000000
1.096387 25.399848 0.361595 0.000000
-1.095888 25.535448 2.284198 0.000000
0.905975 20.767038 -0.007815 0.000000
-1.096504 30.833525 0.357204 0.000000
-0.605794 19.385455 -0.007132 0.000000
1.095566 20.444712 0.161614 0.000000
1.097218 32.987927 0.074905 0.000000
-37.601383 -2.697614 0.001702 0.000000
36.475748 -10.683376 0.003316 0.000000
31.876610 -6.350302 0.001912 0.000000
26.049261 -3.303906 0.001076 0.000000
-39.901777 -1.088929 0.001099 0.000000
31.848055 -5.700060 0.001612 0.000000
13.951164 -3.801717 0.002851 0.000000
-5.929934 -3.436703 0.006793 0.000000
-29.555663 -6.542378 0.003379 0.000000
34.808560 6.365292 -0.003345 0.000000
26.801464 4.901751 -0.002317 0.000000
16.969734 1.367401 0.000160 0.000000
28.682594 0.128812 -0.000505 0.000000
-19.297905 1.330241 0.000666 0.000000
-15.891598 1.207463 0.001050 0.000000
37.579695 -0.737755 -0.000655 0.000000
-23.295719 -0.131448 0.001046 0.000000
23.463147 -6.664507 0.002613 0.000000
27.204356 -5.799699 0.001970 0.000000
16.336613 -3.681161 0.002348 0.000000
23.381236 -3.164848 0.001242 0.000000
-25.133859 0.505135 0.000666 0.000000
-38.931057 -1.655997 0.001276 0.000000
-22.515408 -3.124675 0.002290 0.000000
-26.657238 -5.896509 0.003204 0.000000
37.336801 -5.558293 0.001307 0.000000
-1.096514 30.998754 0.786926 0.000000
-24.090403 4.031787 -0.000732 0.000000
39.154459 -3.183603 0.000262 0.000000
29.248606 -0.874935 -0.000141 0.000000
27.404857 -1.887367 0.000429 0.000000
-15.199505 -0.942923 0.002047 0.000000
38.911822 -4.608687 0.000798 0.000000
18.628819 -2.807725 0.001660 0.000000
-28.367486 -2.047645 0.001600 0.000000
38.960685 -9.318459 0.002666 0.000000
23.566922 -5.806251 0.002261 0.000000
-25.928004 -1.346145 0.001384 0.000000
-20.281319 -2.480338 0.002144 0.000000
17.725032 1.199497 0.000127 0.000000
21.464799 -0.093727 0.000219 0.000000
-28.534311 -5.786069 0.003097 0.000000
27.338694 -6.547362 0.002282 0.000000
-22.782766 -2.862235 0.002135 0.000000
-38.890675 -1.159194 0.001134 0.000000
-33.863258 4.883716 -0.001294 0.000000
-36.436940 -0.401669 0.000799 0.000000
25.885816 -0.270734 -0.000139 0.000000
27.440819 0.833065 -0.000691 0.000000
31.801125 2.779729 -0.001777 0.000000
14.554388 -0.097368 0.001196 0.000000
-32.263521 2.967966 -0.000466 0.000000
1.097157 32.265116 0.521004 0.000000
22.886660 -4.036419 0.001664 0.000000
-29.847420 -3.670044 0.002212 0.000000
23.854489 -6.471993 0.002527 0.000000
37.179430 -6.442490 0.001627 0.000000
-34.846815 -5.531048 0.002896 0.000000
25.755797 -4.277340 0.001512 0.000000
35.495109 -3.407009 0.000498 0.000000
30.669651 -0.317450 -0.000456 0.000000
37.422712 6.503261 -0.003575 0.000000
27.297618 4.921783 -0.002332 0.000000
30.281248 1.476560 -0.001109 0.000000
33.993833 -5.629517 0.001460 0.000000
-25.352734 1.336848 0.000343 0.000000
-20.641271 0.877528 0.000779 0.000000
19.272606 -0.775805 0.000750 0.000000
-35.999211 4.706538 -0.001205 0.000000
-17.664594 -4.338096 0.003116 0.000000
22.552697 -6.241412 0.002551 0.000000
34.293049 -2.440224 0.000198 0.000000
27.553078 -6.018105 0.002020 0.000000
15.757588 -3.865330 0.002517 0.000000
-30.018004 -1.577246 0.001403 0.000000
29.135660 -2.300265 0.000436 0.000000
33.664247 -5.955160 0.001605 0.000000
1.095150 18.371637 1.609033 0.000000
-0.986719 26.052128 -0.010179 0.000000
0.428990 26.184445 -0.010266 0.000000
1.097379 34.989762 0.381345 0.000000
-1.096841 34.838917 0.349484 0.000000
1.096538 26.591129 0.006616 0.000000
31.232775 6.313457 -0.003178 0.000000
35.516107 0.806948 -0.001134 0.000000
-21.074056 2.603772 0.000034 0.000000
-23.449365 2.205808 0.000041 0.000000
37.399797 -0.249779 -0.000805 0.000000
20.769498 -0.605061 0.000483 0.000000
-12.852577 0.604820 0.001765 0.000000
-27.611295 4.159278 -0.000861 0.000000
-28.433148 3.361577 -0.000594 0.000000
27.158313 -7.304258 0.002552 0.000000
-37.093083 -3.343788 0.001965 0.000000
22.783255 -6.036597 0.002449 0.000000
-38.057821 -0.218866 0.000702 0.000000
26.250853 -2.456531 0.000726 0.000000
31.548103 -1.073706 -0.000188 0.000000
-36.680210 -5.315334 0.002797 0.000000
-36.530530 6.153334 -0.001793 0.000000
-36.449254 3.741397 -0.000819 0.000000
36.675268 6.797022 -0.003653 0.000000
38.230166 5.572688 -0.003238 0.000000
-33.076423 6.590760 -0.001947 0.000000
38.789392 -2.393975 -0.000072 0.000000
19.551502 -6.055371 0.002785 0.000000
25.168890 -3.646819 0.001274 0.000000
37.773946 -6.579645 0.001673 0.000000
-23.131024 -5.139056 0.003050 0.000000
34.809806 -1.572821 -0.000181 0.000000
21.762867 -1.419415 0.000734 0.000000
21.651967 -0.672932 0.000436 0.000000
23.189191 0.283033 -0.000125 0.000000
26.585067 1.647161 -0.000952 0.000000
36.247800 6.666257 -0.003587 0.000000
17.799259 -6.113215 0.003043 0.000000
26.292947 -6.605095 0.002344 0.000000
24.140889 -3.856639 0.001465 0.000000
30.241259 -2.708772 0.000526 0.000000
-13.813174 -1.895172 0.002667 0.000000
-33.261265 -0.807839 0.000992 0.000000
-26.829906 -4.826230 0.002735 0.000000
19.311026 -4.636367 0.002287 0.000000
-26.131420 -3.459297 0.002259 0.000000
-17.462126 -4.008050 0.003009 0.000000
-0.547757 31.873022 2.360475 0.000000
-0.795041 14.056572 -0.004467 0.000000
-0.798139 12.809856 -0.003792 0.000000
30.079670 5.782714 -0.002844 0.000000
-34.268325 4.527755 -0.001174 0.000000
-27.764437 0.980994 0.000393 0.000000
-25.369383 3.964429 -0.000758 0.000000
37.448195 0.399260 -0.001124 0.000000
-26.158507 3.893943 -0.000741 0.000000
-30.261375 3.912732 -0.000823 0.000000
24.054905 -0.965171 0.000332 0.000000
24.549745 0.778893 -0.000440 0.000000
-35.560642 -2.482795 0.001683 0.000000
-23.453475 -3.709793 0.002465 0.000000
26.700754 -7.075340 0.002536 0.000000
-28.238629 2.139482 -0.000052 0.000000
-21.135057 -0.905818 0.001453 0.000000
25.731701 -3.458413 0.001188 0.000000
26.458821 2.918834 -0.001481 0.000000
15.797698 1.514809 0.000276 0.000000
-34.273315 -4.660435 0.002561 0.000000
-19.294615 -3.357770 0.002568 0.000000
35.904251 -6.284170 0.001627 0.000000
-35.228134 -5.455085 0.002811 0.000000
18.476610 1.195354 0.000005 0.000000
-28.230758 2.979579 -0.000413 0.000000
-17.812518 0.296712 0.001241 0.000000
-17.404886 0.989429 0.000987 0.000000
-29.309163 2.334777 -0.000156 0.000000
37.296057 2.203215 -0.001841 0.000000
33.246852 2.938633 -0.001924 0.000000
33.035117 4.371265 -0.002487 0.000000
36.932100 6.486174 -0.003550 0.000000
35.795484 0.346251 -0.001020 0.000000
0.669291 16.343699 -0.005676 0.000000
0.474358 33.215984 -0.013326 0.000000
-1.096591 31.919360 0.584462 0.000000
-0.914535 23.952948 -0.009238 0.000000
-34.293339 -3.164046 0.001913 0.000000
-29.744249 1.377588 0.000201 0.000000
-23.275352 -0.552976 0.001202 0.000000
28.353210 -6.891877 0.002306 0.000000
23.113046 -2.547874 0.001046 0.000000
37.877667 -5.773933 0.001369 0.000000
32.831050 3.891765 -0.002283 0.000000
24.530883 -0.095795 -0.000075 0.000000
-37.090797 5.203035 -0.001413 0.000000
-35.175293 6.131339 -0.001835 0.000000
27.128435 -1.431635 0.000237 0.000000
36.868403 0.296206 -0.001055 0.000000
-35.783106 0.470662 0.000449 0.000000
30.165453 -2.606628 0.000489 0.000000
27.918387 4.378434 -0.002146 0.000000
19.711895 -4.234873 0.002057 0.000000
31.275474 -3.816012 0.000898 0.000000
38.176910 -7.558560 0.002000 0.000000
-29.152280 -4.405901 0.002551 0.000000
-19.246787 1.466210 0.000627 0.000000
33.037812 3.577491 -0.002166 0.000000
-35.810730 3.443697 -0.000696 0.000000
-33.737916 1.744048 0.000007 0.000000
39.788470 -2.561034 -0.000052 0.000000
-33.949776 6.290068 -0.001832 0.000000
13.777220 -4.764160 0.003253 0.000000
32.948072 -7.541115 0.002273 0.000000
33.989478 7.051509 -0.003628 0.000000
-30.243169 4.006716 -0.000857 0.000000
29.931146 3.618265 -0.001977 0.000000
-33.292526 -4.011380 0.002313 0.000000
26.934151 -4.558313 0.001498 0.000000
-26.908630 -6.339325 0.003328 0.000000
28.017026 -7.222587 0.002488 0.000000
18.722193 -1.031702 0.000921 0.000000
22.524801 0.914839 -0.000300 0.000000
-25.222149 -0.473383 0.001093 0.000000
31.509009 5.335938 -0.002771 0.000000
-18.434967 -1.185862 0.001785 0.000000
38.300645 0.509130 -0.001197 0.000000
36.624524 3.202924 -0.002206 0.000000
-1.096842 35.219371 1.450721 0.000000
32.715903 -7.974069 0.002455 0.000000
30.389728 -4.611938 0.001315 0.000000
-23.334659 -3.465477 0.002346 0.000000
20.188521 -6.849009 0.003029 0.000000
32.700832 -1.025175 -0.000279 0.000000
-30.863589 -0.584241 0.000981 0.000000
-29.238335 -5.041076 0.002795 0.000000
38.654517 -6.680925 0.001687 0.000000
21.111061 -3.697426 0.001712 0.000000
29.217308 3.657589 -0.001971 0.000000
17.729414 2.209137 -0.000328 0.000000
-23.914617 -0.437419 0.001107 0.000000
-34.026725 6.192425 -0.001793 0.000000
-24.493179 1.307714 0.000378 0.000000
-23.929356 2.880478 -0.000218 0.000000
27.686802 0.879185 -0.000719 0.000000
26.152619 2.672859 -0.001339 0.000000
28.726689 4.226130 -0.002123 0.000000
37.912336 -5.316736 0.001150 0.000000
37.210077 -8.077981 0.002256 0.000000
-32.812810 1.859471 -0.000068 0.000000
30.819002 -0.303566 -0.000461 0.000000
-33.820275 -3.708414 0.002187 0.000000
-15.215699 -3.122949 0.002936 0.000000
-16.638168 -4.602943 0.003331 0.000000
23.929637 -5.710260 0.002207 0.000000
0.020798 25.700680 -0.010043 0.000000
1.384301 -0.118646 1.000241 0.000000
2.990873 0.052133 2.553482 0.000000
1.097205 32.745392 0.633434 0.000000
1.096953 30.019240 1.186370 0.000000
-0.217720 25.780907 -0.010075 0.000000
-0.844679 30.161862 -0.011985 0.000000
21.125370 -2.430271 0.001195 0.000000
32.544889 -1.301047 -0.000165 0.000000
38.949740 5.318629 -0.003125 0.000000
25.944611 3.405982 -0.001638 0.000000
32.951164 -2.448292 0.000304 0.000000
-23.509647 0.603728 0.000730 0.000000
29.375906 -6.197019 0.001964 0.000000
-31.307852 -0.713804 0.001014 0.000000
31.464227 1.569750 -0.001266 0.000000
26.365137 3.172758 -0.001555 0.000000
25.295823 -3.165058 0.001079 0.000000
24.100218 4.239733 -0.001839 0.000000
26.504227 -1.784185 0.000445 0.000000
38.428989 1.780522 -0.001723 0.000000
-27.686951 -0.328988 0.000923 0.000000
-29.513558 5.435037 -0.001470 0.000000
-23.871995 -5.870999 0.003280 0.000000
11.967782 -4.891644 0.003743 0.000000
36.932812 -4.560779 0.000881 0.000000
-32.206681 1.209252 0.000211 0.000000
-26.162382 -3.731865 0.002367 0.000000
21.110205 -4.269845 0.001907 0.000000
32.292322 3.285563 -0.002008 0.000000
24.696661 -1.548329 0.000511 0.000000
-35.692195 2.882748 -0.000466 0.000000
-21.818302 -0.102104 0.001077 0.000000
28.727536 -0.439565 -0.000262 0.000000
28.755853 1.801667 -0.001188 0.000000
13.549233 -0.580207 0.001619 0.000000
32.556299 3.687158 -0.002187 0.000000
-34.541297 -2.285811 0.001617 0.000000
15.138134 -5.140096 0.003116 0.000000
21.499339 -2.247421 0.001095 0.000000
-31.552660 -3.308520 0.002041 0.000000
-0.542015 21.427060 -0.008093 0.000000
-0.801011 20.546567 -0.007676 0.000000
32.461988 4.538023 -0.002471 0.000000
-27.573685 0.025961 0.000818 0.000000
21.288528 -1.479643 0.000800 0.000000
34.979276 0.340256 -0.000968 0.000000
37.293183 -4.251622 0.000786 0.000000
26.972746 -1.740792 0.000399 0.000000
-38.501221 -0.480175 0.000860 0.000000
-28.247937 -2.286401 0.001687 0.000000
-23.092443 -3.350489 0.002310 0.000000
39.627469 -5.813867 0.001270 0.000000
19.693855 -0.045991 0.000397 0.000000
35.607217 2.872115 -0.002020 0.000000
-29.039517 -5.810419 0.003102 0.000000
26.900771 -5.319623 0.001807 0.000000
20.701405 -2.979451 0.001459 0.000000
-23.320864 -2.830284 0.002104 0.000000
-14.263605 0.426289 0.001597 0.000000
-37.950938 5.525565 -0.001611 0.000000
28.457884 2.366584 -0.001392 0.000000
25.869317 2.845148 -0.001364 0.000000
25.543102 3.917760 -0.001781 0.000000
-37.197359 -0.648182 0.000933 0.000000
38.154156 2.100202 -0.001834 0.000000
20.549069 0.781445 -0.000040 0.000000
-34.341084 -3.758472 0.002198 0.000000
-20.923057 -4.344950 0.002846 0.000000
-29.704138 -0.449148 0.000955 0.000000
-32.884803 2.735083 -0.000383 0.000000
-34.967979 -5.700769 0.002961 0.000000
-15.847714 -1.994590 0.002407 0.000000
-25.476129 -2.442321 0.001879 0.000000
-38.441544 7.280274 -0.002316 0.000000
27.968437 -0.292358 -0.000246 0.000000
28.163944 1.437391 -0.000990 0.000000
33.304904 -5.351061 0.001391 0.000000
24.140313 -2.660790 0.000972 0.000000
31.821378 2.448317 -0.001591 0.000000
33.168383 0.289885 -0.000809 0.000000
30.911058 1.233078 -0.001094 0.000000
36.467056 4.800643 -0.002841 0.000000
-37.317457 4.738266 -0.001227 0.000000
28.966857 4.838268 -0.002436 0.000000
-31.166408 -3.942164 0.002276 0.000000
37.310255 -6.995962 0.001844 0.000000
34.194337 -2.349547 0.000147 0.000000
27.581389 -5.850750 0.001989 0.000000
-30.197825 -1.692825 0.001426 0.000000
26.471192 -1.207013 0.000236 0.000000
32.626514 -9.171435 0.002929 0.000000
17.988676 -5.294694 0.002699 0.000000
-0.015713 13.361958 -0.004104 0.000000
-0.599399 13.243850 -0.004032 0.000000
0.707637 26.681308 -0.010491 0.000000
1.097045 31.214792 0.185013 0.000000
35.067661 6.765728 -0.003564 0.000000
-32.085687 1.504532 0.000123 0.000000
-15.691126 0.720298 0.001271 0.000000
38.663534 -1.023888 -0.000610 0.000000
33.349122 0.967702 -0.001130 0.000000
21.466918 -1.849823 0.000938 0.000000
35.421282 -0.105480 -0.000813 0.000000
24.885494 -6.804398 0.002575 0.000000
-23.360558 -1.937274 0.001739 0.000000
28.161697 -3.089601 0.000822 0.000000
-22.958009 -2.453062 0.001964 0.000000
22.743672 -5.926186 0.002420 0.000000
27.404405 -4.945589 0.001630 0.000000
-39.258550 -5.587840 0.002887 0.000000
-20.839976 1.579731 0.000476 0.000000
23.703444 2.213623 -0.000932 0.000000
-38.799004 6.597499 -0.002000 0.000000
-35.550014 7.032833 -0.002143 0.000000
23.113493 -1.643311 0.000695 0.000000
31.583001 1.132382 -0.001097 0.000000
-36.050885 -5.338890 0.002811 0.000000
-30.776699 -2.123690 0.001561 0.000000
-24.902047 -3.259454 0.002193 0.000000
28.703286 -6.300908 0.002050 0.000000
-28.503348 -1.244379 0.001304 0.000000
-23.519947 -5.261613 0.003079 0.000000
-38.974438 -5.040895 0.002674 0.000000
25.447672 2.082716 -0.001051 0.000000
-27.278201 4.262663 -0.000897 0.000000
-25.072267 2.648184 -0.000190 0.000000
33.993207 -1.400379 -0.000221 0.000000
-17.429535 -0.551330 0.001624 0.000000
-37.900187 -4.827915 0.002595 0.000000
33.033991 -2.279575 0.000238 0.000000
-26.954786 -5.082666 0.002874 0.000000
-34.148008 -0.955550 0.001042 0.000000
38.904566 -7.000792 0.001774 0.000000
-29.653143 -3.595370 0.002177 0.000000
-36.236806 -7.531972 0.003673 0.000000
1.097392 34.588482 1.787811 0.000000
-0.048356 35.013629 2.359680 0.000000
32.985177 0.282594 -0.000835 0.000000
34.179160 2.435221 -0.001754 0.000000
-14.814914 -0.784497 0.002042 0.000000
-38.067246 2.416556 -0.000295 0.000000
-31.808668 -0.969802 0.001126 0.000000
35.887611 -6.666977 0.001767 0.000000
18.902023 -2.578802 0.001532 0.000000
-34.077216 -4.815006 0.002601 0.000000
-34.022198 -2.120050 0.001524 0.000000
-20.420113 -3.373397 0.002488 0.000000
-14.676855 -3.890871 0.003319 0.000000
-39.811760 -5.933044 0.003026 0.000000
-23.109526 -5.762138 0.003261 0.000000
34.340633 -9.603106 0.003004 0.000000
27.994079 -5.518219 0.001793 0.000000
28.737968 3.079886 -0.001704 0.000000
24.633214 0.319405 -0.000273 0.000000
-18.006396 0.893423 0.000971 0.000000
-31.213606 2.582158 -0.000315 0.000000
-1.096868 35.158390 0.334906 0.000000
0.718249 18.547368 -0.006760 0.000000
-0.565627 32.538674 -0.013014 0.000000
-0.483844 29.790286 -0.011830 0.000000
29.526629 -7.732456 0.002568 0.000000
-35.553763 0.816590 0.000361 0.000000
28.244552 -6.766728 0.002302 0.000000
36.388468 -3.108002 0.000333 0.000000
10.305635 -2.869873 0.003545 0.000000
19.120665 -5.104819 0.002477 0.000000
16.241444 0.353309 0.000710 0.000000
-20.235101 2.767783 0.000000 0.000000
-20.699261 1.873800 0.000356 0.000000
-22.532911 1.504868 0.000382 0.000000
23.721049 -0.032255 -0.000047 0.000000
-28.719269 5.128669 -0.001330 0.000000
19.098641 -2.652179 0.001528 0.000000
-36.156625 0.405724 0.000520 0.000000
37.508859 -7.277612 0.001979 0.000000
-27.286308 -3.211266 0.002122 0.000000
-30.029752 -4.550210 0.002582 0.000000
39.414568 -5.109770 0.000980 0.000000
-27.322337 -1.983265 0.001632 0.000000
-30.720671 2.806716 -0.000381 0.000000
-33.193004 5.921915 -0.001693 0.000000
29.736880 3.199087 -0.001794 0.000000
39.220555 -2.370605 -0.000098 0.000000
-31.127512 -0.031301 0.000724 0.000000
20.233801 -6.593503 0.002906 0.000000
31.868075 -7.274730 0.002232 0.000000
28.131409 -4.113884 0.001252 0.000000
37.499076 7.217257 -0.003865 0.000000
-34.642144 4.624391 -0.001213 0.000000
17.539369 1.143812 0.000172 0.000000
-13.600922 -3.258108 0.003273 0.000000
-21.925037 -4.692607 0.002940 0.000000
38.282942 -7.370697 0.001940 0.000000
24.118410 -6.726579 0.002595 0.000000
31.754214 -1.530122 -0.000035 0.000000
31.760266 -0.311312 -0.000523 0.000000
-25.995664 -0.536639 0.001058 0.000000
23.876882 1.888557 -0.000817 0.000000
-27.193712 0.557231 0.000615 0.000000
0.360584 26.134862 -0.010243 0.000000
-31.176905 -3.757770 0.002206 0.000000
19.511338 -6.769324 0.003059 0.000000
30.971361 -7.758200 0.002505 0.000000
28.472487 -4.414629 0.001354 0.000000
30.860520 -5.222189 0.001526 0.000000
-32.249533 -5.227017 0.002757 0.000000
36.875565 -10.208529 0.003114 0.000000
24.807351 2.899414 -0.001304 0.000000
19.319418 2.353841 -0.000563 0.000000
32.156244 -3.298469 0.000694 0.000000
-22.273428 2.446847 0.000032 0.000000
26.712468 -0.375567 -0.000137 0.000000
18.597948 1.769686 -0.000241 0.000000
-24.623616 2.863530 -0.000253 0.000000
-25.848216 -4.165709 0.002512 0.000000
21.134463 -7.225224 0.003074 0.000000
33.965954 -5.045763 0.001231 0.000000
37.155550 -7.864120 0.002176 0.000000
26.681632 -3.997273 0.001291 0.000000
-18.061895 -0.079524 0.001354 0.000000
21.314513 -1.048360 0.000633 0.000000
-39.107376 0.924983 0.000296 0.000000
-33.890384 -3.825283 0.002212 0.000000
28.642041 -5.143596 0.001644 0.000000
1.009929 26.341483 -0.010348 0.000000
0.581045 29.155633 -0.011577 0.000000
0.183917 33.272015 -0.013343 0.000000
0.649887 13.978423 -0.004454 0.000000
0.209545 33.519324 -0.013452 0.000000
32.695812 4.281190 -0.002431 0.000000
28.688051 0.742002 -0.000723 0.000000
-12.138422 0.634136 0.001890 0.000000
-28.308779 2.633886 -0.000259 0.000000
30.675707 -1.165585 -0.000114 0.000000
21.136502 -3.064856 0.001460 0.000000
-29.513670 -4.752613 0.002673 0.000000
-37.660465 -1.625238 0.001293 0.000000
-30.303193 -3.136457 0.002014 0.000000
39.980822 -3.899824 0.000474 0.000000
35.658317 4.447641 -0.002616 0.000000
24.263911 2.931485 -0.001281 0.000000
-27.887490 -0.408781 0.000982 0.000000
-12.640293 -1.629519 0.002807 0.000000
17.826773 -2.162292 0.001510 0.000000
38.487601 -5.181222 0.001053 0.000000
20.159510 -3.118736 0.001572 0.000000
37.975963 6.315660 -0.003522 0.000000
34.963788 5.791807 -0.003148 0.000000
34.158619 6.875720 -0.003566 0.000000
-32.402467 6.129531 -0.001752 0.000000
33.517867 2.369628 -0.001678 0.000000
35.218943 -4.253747 0.000868 0.000000
24.308661 -7.329715 0.002789 0.000000
-33.027640 1.086195 0.000279 0.000000
-21.455261 -1.172775 0.001536 0.000000
34.462441 -7.044770 0.001995 0.000000
30.086755 3.079209 -0.001788 0.000000
-37.144506 2.863710 -0.000473 0.000000
-36.728530 7.680678 -0.002415 0.000000
35.719028 7.372141 -0.003844 0.000000
35.533806 -4.851433 0.001069 0.000000
16.882115 -2.730172 0.001883 0.000000
-24.905630 -1.040504 0.001340 0.000000
-18.184381 -5.033346 0.003324 0.000000
32.270595 -6.087970 0.001741 0.000000
0.049600 34.980085 -0.014071 0.000000
-1.096579 31.499335 0.040400 0.000000
0.729114 34.123601 -0.013721 0.000000
0.000139 35.719848 -0.008512 0.000000
-28.547855 4.057754 -0.000852 0.000000
32.159983 0.326857 -0.000804 0.000000
34.724634 2.606442 -0.001824 0.000000
-24.428245 4.152357 -0.000785 0.000000
39.238343 -0.515297 -0.000818 0.000000
-30.066294 5.488766 -0.001458 0.000000
-31.916029 4.709006 -0.001168 0.000000
-38.038735 4.644956 -0.001192 0.000000
23.591396 -2.062831 0.000800 0.000000
22.987393 -5.337189 0.002140 0.000000
38.300404 5.673600 -0.003284 0.000000
-29.773831 -0.030095 0.000754 0.000000
-37.578842 4.333700 -0.001067 0.000000
36.714230 2.931193 -0.002050 0.000000
-37.258341 3.219619 -0.000617 0.000000
31.871932 2.242740 -0.001558 0.000000
-33.513287 4.889973 -0.001262 0.000000
-1.093090 13.350877 -0.001806 0.000000
0.373201 23.399486 -0.009017 0.000000
33.181080 -10.042833 0.003260 0.000000
38.384108 -9.044527 0.002616 0.000000
-37.327161 1.646205 0.000012 0.000000
-22.733594 -0.807695 0.001320 0.000000
24.185818 -5.481250 0.002104 0.000000
37.646936 -5.370553 0.001167 0.000000
-18.624670 -2.036887 0.002116 0.000000
-17.455788 0.046500 0.001358 0.000000
20.596039 -1.571625 0.000896 0.000000
34.433520 0.278162 -0.000913 0.000000
-32.680520 -2.859645 0.001830 0.000000
-15.865085 -0.225752 0.001670 0.000000
-27.064642 4.538816 -0.001007 0.000000
-25.216829 2.440610 -0.000106 0.000000
26.190705 3.453567 -0.001639 0.000000
30.568628 -8.458902 0.002775 0.000000
25.079033 -4.948978 0.001796 0.000000
38.305289 -3.446103 0.000372 0.000000
30.141744 -1.041002 -0.000131 0.000000
-9.282824 -3.416001 0.004549 0.000000
31.300142 -6.778685 0.002112 0.000000
-29.299069 4.007532 -0.000858 0.000000
-26.236630 2.293333 -0.000064 0.000000
-25.279971 1.041538 0.000477 0.000000
37.231004 4.625853 -0.002803 0.000000
28.583206 1.288977 -0.000962 0.000000
22.111563 0.211758 0.000018 0.000000
27.678939 -8.421912 0.002951 0.000000
25.854146 -2.025041 0.000572 0.000000
-18.015677 -0.689210 0.001629 0.000000
-17.666668 -1.465855 0.001969 0.000000
21.898827 -4.636724 0.001991 0.000000
32.162489 -4.412074 0.001086 0.000000
30.284460 4.529735 -0.002355 0.000000
22.705711 3.354371 -0.001351 0.000000
-30.940784 5.904808 -0.001692 0.000000
29.350453 4.259174 -0.002204 0.000000
-20.650714 -1.383369 0.001701 0.000000
24.683087 -5.051370 0.001870 0.000000
31.117435 -4.278111 0.001127 0.000000
-23.863664 -4.681430 0.002812 0.000000
-18.840307 0.113361 0.001208 0.000000
-38.581358 1.580981 0.000038 0.000000
30.008484 0.549788 -0.000763 0.000000
28.277229 2.499463 -0.001411 0.000000
31.728581 4.443362 -0.002445 0.000000
-29.577527 2.698874 -0.000311 0.000000
-28.362321 5.450764 -0.001428 0.000000
31.975889 6.205117 -0.003175 0.000000
0.278077 30.532442 -0.012169 0.000000
-0.546588 27.533730 -0.010842 0.000000
0.272998 10.192402 -0.002281 0.000000
-0.022842 12.708603 -0.003748 0.000000
0.205640 15.562390 -0.005269 0.000000
-1.094057 16.124643 -0.000557 0.000000
0.722740 31.550331 -0.012616 0.000000
-17.835485 -4.561294 0.003183 0.000000
29.114079 -9.085226 0.003135 0.000000
-24.595983 -3.935205 0.002472 0.000000
-38.826566 -2.957562 0.001833 0.000000
-20.894332 0.503578 0.000889 0.000000
-30.718489 -2.676102 0.001823 0.000000
-21.255293 -3.757479 0.002598 0.000000
29.697996 -3.372072 0.000839 0.000000
38.217160 -1.850148 -0.000218 0.000000
23.928797 3.877565 -0.001667 0.000000
24.102880 -0.579577 0.000166 0.000000
27.925724 -1.843855 0.000382 0.000000
-30.271333 1.952544 -0.000025 0.000000
24.448114 0.942027 -0.000490 0.000000
22.723214 1.524845 -0.000572 0.000000
24.866405 3.984001 -0.001793 0.000000
12.996995 0.892016 0.001073 0.000000
-12.968650 -1.005887 0.002456 0.000000
-28.606881 0.534323 0.000585 0.000000
-25.425716 -2.909914 0.002029 0.000000
20.902665 -6.219622 0.002688 0.000000
36.046548 -7.015259 0.001898 0.000000
-18.611830 -1.183125 0.001769 0.000000
-33.069332 -6.642755 0.003356 0.000000
-17.817630 -3.878963 0.002936 0.000000
-1.096697 33.201183 0.866120 0.000000
24.252756 -1.279608 0.000411 0.000000
-20.754136 0.471334 0.000909 0.000000
30.755868 -3.186687 0.000708 0.000000
37.347831 3.167137 -0.002179 0.000000
33.842898 5.413876 -0.002950 0.000000
-35.580651 5.677495 -0.001656 0.000000
-31.618441 3.462736 -0.000660 0.000000
-32.941408 1.128829 0.000263 0.000000
39.554968 -0.374191 -0.000911 0.000000
32.218115 -4.894618 0.001275 0.000000
33.491765 -8.315313 0.002566 0.000000
-16.322625 -3.296775 0.002852 0.000000
19.932115 -5.264451 0.002447 0.000000
31.112398 -5.503552 0.001590 0.000000
33.876837 2.020804 -0.001549 0.000000
22.559751 1.635766 -0.000623 0.000000
20.882106 2.820070 -0.000941 0.000000
-36.866990 -6.459410 0.003244 0.000000
-27.413539 -2.800002 0.001954 0.000000
-18.465955 -3.627107 0.002775 0.000000
29.151868 -6.632454 0.002186 0.000000
-21.485827 -0.453055 0.001258 0.000000
-32.172219 -0.763670 0.001014 0.000000
33.727572 -0.645085 -0.000502 0.000000
32.524429 0.522124 -0.000901 0.000000
34.585105 2.068340 -0.001638 0.000000
38.938962 -6.940767 0.001730 0.000000
-31.383639 -2.200872 0.001619 0.000000
22.462180 -4.939415 0.002032 0.000000
39.592993 -3.310894 0.000260 0.000000
33.751933 5.449049 -0.002911 0.000000
-25.040043 2.391658 -0.000081 0.000000
25.616644 0.996588 -0.000595 0.000000
-24.338390 1.630131 0.000277 0.000000
-30.430513 0.523675 0.000547 0.000000
23.066060 1.468633 -0.000599 0.000000
36.803033 -10.736312 0.003326 0.000000
-39.477535 -1.126009 0.001112 0.000000
-24.368762 -2.761096 0.002050 0.000000
-17.867154 -3.542212 0.002797 0.000000
26.258400 -3.295467 0.001062 0.000000
33.079518 -2.125479 0.000158 0.000000
14.384606 -2.345208 0.002165 0.000000
-25.129465 -3.494794 0.002291 0.000000
-29.296403 -6.523948 0.003374 0.000000
20.428031 -5.591513 0.002531 0.000000
-0.362175 16.347508 -0.005656 0.000000
0.802987 24.236856 -0.009404 0.000000
0.401947 23.104861 -0.008885 0.000000
1.095861 21.801542 1.801419 0.000000
1.097254 33.545161 0.076062 0.000000
0.094288 19.580789 -0.007240 0.000000
-0.629506 19.538512 -0.007204 0.000000
-1.092856 20.183531 -0.007503 0.000000
22.126041 1.663655 -0.000559 0.000000
27.034803 4.833423 -0.002285 0.000000
28.928256 0.168050 -0.000533 0.000000
29.495655 -0.844596 -0.000167 0.000000
-22.682829 2.938309 -0.000202 0.000000
-24.877118 0.559522 0.000658 0.000000
19.170021 -5.635951 0.002672 0.000000
27.502614 -5.673059 0.001891 0.000000
-23.010738 -0.186633 0.001073 0.000000
-26.443783 -5.884868 0.003204 0.000000
37.698254 -5.492233 0.001214 0.000000
-23.086478 2.304969 0.000055 0.000000
19.174508 1.404168 -0.000151 0.000000
11.779713 0.439510 0.001593 0.000000
-33.530220 4.791571 -0.001258 0.000000
-1.001741 10.399261 -0.002390 0.000000
-1.631451 5.581674 0.001089 0.000000
39.373210 -9.368415 0.002674 0.000000
-28.178699 -2.111380 0.001614 0.000000
-17.161780 -3.255235 0.002738 0.000000
23.714070 -5.813632 0.002254 0.000000
-18.232440 -0.908965 0.001686 0.000000
-36.013993 -0.446446 0.000818 0.000000
-38.480125 -1.195214 0.001143 0.000000
-28.277387 -5.773138 0.003094 0.000000
27.589625 -6.568732 0.002278 0.000000
39.331390 -4.609315 0.000786 0.000000
16.943259 -1.565713 0.001395 0.000000
-25.826101 -1.145457 0.001346 0.000000
26.085736 -0.238469 -0.000163 0.000000
32.115449 2.850982 -0.001818 0.000000
34.302659 -5.639030 0.001449 0.000000
-34.496428 -5.520305 0.002895 0.000000
25.831498 -4.393611 0.001543 0.000000
-29.622688 -3.758972 0.002254 0.000000
-13.811735 -4.505552 0.003712 0.000000
24.042977 -6.489634 0.002521 0.000000
-0.107527 17.382222 -0.006173 0.000000
-1.025320 18.346856 -0.006626 0.000000
0.816276 19.380682 -0.007162 0.000000
27.470813 4.910430 -0.002363 0.000000
37.837533 6.753082 -0.003685 0.000000
-13.427768 0.192429 0.001847 0.000000
-25.167220 1.294252 0.000362 0.000000
18.299887 -0.612661 0.000805 0.000000
-20.122134 2.428164 0.000139 0.000000
-23.225564 -0.731081 0.001273 0.000000
35.981951 1.031232 -0.001249 0.000000
-36.129272 -2.599919 0.001719 0.000000
27.755350 -6.028412 0.002013 0.000000
34.667099 -2.419789 0.000180 0.000000
31.548803 6.422150 -0.003238 0.000000
-22.693465 3.645056 -0.000517 0.000000
-29.637199 -1.741933 0.001445 0.000000
21.059465 -5.608852 0.002463 0.000000
33.970080 -5.967533 0.001598 0.000000
-25.017296 -0.001877 0.000887 0.000000
-35.684000 4.623056 -0.001175 0.000000
-36.218139 6.058809 -0.001756 0.000000
-36.123434 3.665353 -0.000789 0.000000
16.641208 -0.210347 0.000870 0.000000
26.464147 -2.441302 0.000708 0.000000
31.755726 -1.122141 -0.000200 0.000000
0.953190 27.293145 -0.010770 0.000000
0.905008 15.097209 -0.005048 0.000000
-1.003773 26.181151 -0.010235 0.000000
1.097432 35.540366 0.383026 0.000000
-1.096781 34.277359 0.599357 0.000000
-1.096786 34.218859 0.291781 0.000000
-1.095055 20.350589 2.006681 0.000000
-0.345901 9.840041 -0.002048 0.000000
-36.628968 -3.354492 0.001964 0.000000
-22.949610 -4.138647 0.002649 0.000000
28.621988 -3.067149 0.000788 0.000000
-37.727125 -0.262653 0.000751 0.000000
-22.153833 -5.205430 0.003100 0.000000
-36.288279 -5.306271 0.002789 0.000000
37.679702 -0.165111 -0.000902 0.000000
-27.431239 4.100013 -0.000838 0.000000
-28.974745 5.673212 -0.001517 0.000000
-28.348984 3.134798 -0.000510 0.000000
-31.969920 2.702634 -0.000360 0.000000
-15.809876 -1.057339 0.002014 0.000000
-27.876953 3.336635 -0.000577 0.000000
38.774714 5.798346 -0.003345 0.000000
37.212739 6.852528 -0.003703 0.000000
-32.824130 6.502358 -0.001911 0.000000
25.343437 -3.640758 0.001258 0.000000
-39.256606 1.227956 0.000173 0.000000
29.449294 -6.501650 0.002081 0.000000
35.332231 -1.548292 -0.000231 0.000000
-22.810677 -5.129115 0.003056 0.000000
-29.985585 -1.571694 0.001398 0.000000
-19.229512 -2.985528 0.002430 0.000000
24.690219 -8.085105 0.003055 0.000000
11.963518 -5.232230 0.003865 0.000000
-1.096871 35.590518 1.479774 0.000000
30.502132 -2.693345 0.000509 0.000000
-34.101479 4.365458 -0.001059 0.000000
-29.316957 2.181494 -0.000101 0.000000
38.055387 2.871233 -0.002137 0.000000
26.474806 -6.618666 0.002340 0.000000
30.385099 5.876453 -0.002944 0.000000
-26.685934 -4.974805 0.002799 0.000000
32.822092 -3.478747 0.000713 0.000000
-30.612522 -6.738225 0.003424 0.000000
-25.933574 -3.466979 0.002262 0.000000
-31.418796 0.213777 0.000651 0.000000
-21.401056 -1.579077 0.001700 0.000000
26.782306 1.789690 -0.001019 0.000000
-28.011948 2.921132 -0.000387 0.000000
16.422316 -0.465713 0.001026 0.000000
-0.799503 31.201247 2.360639 0.000000
1.097069 31.245837 0.999382 0.000000
-1.096617 32.219264 0.907091 0.000000
1.097024 30.991317 0.307287 0.000000
1.095048 18.118719 -0.006309 0.000000
-1.096712 33.358161 0.464634 0.000000
-35.208377 -2.503063 0.001687 0.000000
-23.288860 -3.714603 0.002473 0.000000
-33.997799 -4.789955 0.002563 0.000000
-7.392650 -3.650514 0.005641 0.000000
-21.315272 -5.482199 0.003259 0.000000
15.746509 -5.649705 0.003194 0.000000
20.364235 -3.719580 0.001805 0.000000
16.526824 1.800870 0.000019 0.000000
-28.197267 2.070764 -0.000047 0.000000
25.960802 -3.452104 0.001173 0.000000
-30.027487 3.845850 -0.000798 0.000000
-25.960233 3.830202 -0.000713 0.000000
24.256549 -0.938444 0.000305 0.000000
15.988851 -0.916395 0.001279 0.000000
33.493453 4.307238 -0.002482 0.000000
33.402601 3.194710 -0.002004 0.000000
37.721497 2.278931 -0.001881 0.000000
23.293826 -2.534929 0.001027 0.000000
27.250644 -1.597830 0.000309 0.000000
-16.178770 -4.599841 0.003376 0.000000
-34.061694 -3.118981 0.001945 0.000000
-29.486803 1.327077 0.000221 0.000000
28.561754 -6.908428 0.002302 0.000000
36.819194 -3.341583 0.000441 0.000000
38.322712 -5.636212 0.001246 0.000000
0.461434 33.434713 -0.013419 0.000000
1.004972 14.191701 -0.004577 0.000000
-34.739606 6.145394 -0.001839 0.000000
-36.756104 5.112500 -0.001382 0.000000
24.735650 -0.061279 -0.000101 0.000000
31.549616 -3.809811 0.000886 0.000000
33.376514 3.659469 -0.002216 0.000000
-23.802125 2.304517 -0.000006 0.000000
31.670291 2.805412 -0.001772 0.000000
28.067666 4.378472 -0.002186 0.000000
37.274046 0.348433 -0.001087 0.000000
17.089685 -0.437352 0.000913 0.000000
-18.817599 -0.232800 0.001349 0.000000
-35.435430 0.530338 0.000473 0.000000
-35.310708 7.351354 -0.002276 0.000000
30.086793 3.789190 -0.002046 0.000000
-1.096127 27.394268 1.495596 0.000000
-26.743670 -6.209311 0.003307 0.000000
18.204099 -6.524224 0.003157 0.000000
28.269200 -7.248955 0.002489 0.000000
20.690388 -6.639331 0.002886 0.000000
10.995943 -4.719163 0.003985 0.000000
33.359224 -7.404562 0.002222 0.000000
-32.973912 -4.015903 0.002312 0.000000
-21.666803 -4.445519 0.002847 0.000000
-33.679155 6.200498 -0.001800 0.000000
34.371393 7.180415 -0.003694 0.000000
-35.488962 3.370085 -0.000671 0.000000
37.042980 3.290012 -0.002257 0.000000
35.797918 1.700627 -0.001555 0.000000
-25.844649 0.464640 0.000659 0.000000
38.607701 0.517006 -0.001201 0.000000
31.743242 5.428211 -0.002840 0.000000
-34.499208 -2.542262 0.001698 0.000000
32.992442 -8.002082 0.002454 0.000000
30.528539 -4.691722 0.001342 0.000000
-30.614651 -0.475542 0.000944 0.000000
24.027927 -2.575073 0.000983 0.000000
32.862820 -1.132744 -0.000211 0.000000
21.262499 -3.694072 0.001695 0.000000
-28.989334 -5.036060 0.002796 0.000000
39.155653 -6.712795 0.001682 0.000000
1.002959 13.246452 -0.004068 0.000000
0.545648 21.753637 -0.008266 0.000000
0.008487 25.828419 -0.010101 0.000000
-0.399620 32.643766 -0.013063 0.000000
17.984878 2.206431 -0.000338 0.000000
29.468303 3.624100 -0.001953 0.000000
-32.002361 2.905459 -0.000443 0.000000
-26.553183 0.931355 0.000464 0.000000
18.910695 -1.659077 0.001160 0.000000
29.956057 0.598372 -0.000774 0.000000
32.742338 -1.273538 -0.000194 0.000000
-31.897870 -3.133956 0.001947 0.000000
-21.010153 -3.998204 0.002704 0.000000
-15.680675 -4.231251 0.003314 0.000000
22.496543 -7.619750 0.003080 0.000000
38.341508 -5.327239 0.001137 0.000000
14.214118 -4.655125 0.003119 0.000000
37.576524 -8.111832 0.002258 0.000000
-19.429440 -2.321368 0.002156 0.000000
-33.493188 -3.715963 0.002187 0.000000
-24.143101 -4.597556 0.002761 0.000000
27.938727 0.926101 -0.000752 0.000000
-24.309039 1.264984 0.000399 0.000000
26.387257 2.735217 -0.001376 0.000000
-11.618557 0.014723 0.002304 0.000000
-23.791729 2.835813 -0.000199 0.000000
28.956041 4.385415 -0.002245 0.000000
24.142690 1.354121 -0.000618 0.000000
-22.603982 3.408872 -0.000388 0.000000
26.732380 -1.762911 0.000423 0.000000
38.973161 1.950564 -0.001758 0.000000
-0.826004 30.381245 -0.012079 0.000000
1.097260 33.381318 0.734186 0.000000
32.320212 -9.902071 0.003240 0.000000
29.650323 -6.360061 0.002027 0.000000
-21.633537 -2.050792 0.001899 0.000000
-31.014866 -0.748316 0.001025 0.000000
29.063071 -7.682858 0.002573 0.000000
-27.435090 -0.364605 0.000939 0.000000
25.482523 -3.155781 0.001061 0.000000
-22.249115 2.053543 0.000176 0.000000
-22.047134 1.304746 0.000505 0.000000
-32.122821 1.165405 0.000257 0.000000
-38.096144 -3.015759 0.001835 0.000000
24.968567 -7.404781 0.002778 0.000000
37.308684 -4.561089 0.000867 0.000000
24.913242 -1.525582 0.000489 0.000000
-34.831667 -2.175838 0.001529 0.000000
-23.682607 -5.858158 0.003283 0.000000
32.620702 3.363884 -0.002049 0.000000
35.341434 0.389747 -0.001005 0.000000
37.453478 2.894667 -0.002118 0.000000
-34.208497 -2.307391 0.001619 0.000000
23.704998 -7.682734 0.002980 0.000000
-37.467872 4.024922 -0.000945 0.000000
19.479019 2.803329 -0.000793 0.000000
32.919385 4.652491 -0.002592 0.000000
-24.553782 -0.978101 0.001326 0.000000
-31.368335 -3.352583 0.002035 0.000000
29.987577 -1.406826 0.000029 0.000000
-35.368407 2.813811 -0.000445 0.000000
29.012468 1.857181 -0.001220 0.000000
32.892061 3.770710 -0.002232 0.000000
-37.600554 5.406512 -0.001502 0.000000
-21.233676 1.328869 0.000526 0.000000
28.708201 2.426221 -0.001433 0.000000
38.478398 2.149937 -0.001832 0.000000
-0.839865 20.787940 -0.007791 0.000000
1.029970 28.366702 -0.011241 0.000000
32.880506 -8.246114 0.002563 0.000000
-38.098897 -0.522906 0.000874 0.000000
-28.163661 -2.319728 0.001698 0.000000
-36.996855 -0.625936 0.000891 0.000000
27.022473 -5.368785 0.001833 0.000000
-23.141449 -2.841184 0.002114 0.000000
36.002259 2.952978 -0.002068 0.000000
14.338313 -0.215182 0.001281 0.000000
37.768438 -4.252366 0.000772 0.000000
-23.086600 3.075304 -0.000266 0.000000
27.111776 -1.647108 0.000335 0.000000
27.918442 3.438032 -0.001790 0.000000
25.103635 3.812035 -0.001738 0.000000
-25.748345 3.884358 -0.000707 0.000000
-29.531503 -0.410148 0.000932 0.000000
33.606539 -5.358302 0.001379 0.000000
24.305747 -2.648360 0.000954 0.000000
-15.606075 -1.838887 0.002378 0.000000
-25.296176 -2.456996 0.001889 0.000000
-13.647589 -3.834983 0.003489 0.000000
-34.610515 -5.687907 0.002956 0.000000
-14.805674 -4.628608 0.003581 0.000000
28.078177 -0.290099 -0.000287 0.000000
28.281012 1.581022 -0.001059 0.000000
-38.089223 7.178731 -0.002224 0.000000
-38.623016 7.179733 -0.002222 0.000000
20.306082 0.305020 0.000171 0.000000
-30.939172 -3.812120 0.002225 0.000000
37.659008 -6.920106 0.001785 0.000000
-31.928810 1.407487 0.000138 0.000000
27.641611 -5.821755 0.001958 0.000000
34.533307 -2.328482 0.000126 0.000000
35.466803 6.892924 -0.003634 0.000000
29.254331 4.874547 -0.002428 0.000000
26.780123 -1.334684 0.000261 0.000000
-26.588446 -6.209478 0.003324 0.000000
32.901527 -9.209108 0.002934 0.000000
13.776531 -0.963525 0.001729 0.000000
36.952634 4.916428 -0.002856 0.000000
-36.971666 4.650061 -0.001196 0.000000
33.309216 0.328886 -0.000869 0.000000
31.204773 1.286786 -0.001129 0.000000
-20.697963 1.577918 0.000468 0.000000
-38.248498 6.388797 -0.001910 0.000000
1.046463 22.974781 -0.008839 0.000000
0.688722 26.974048 -0.010620 0.000000
-0.647678 23.555265 -0.009065 0.000000
25.036070 -6.823894 0.002563 0.000000
28.388250 -3.078344 0.000805 0.000000
27.636843 -4.950702 0.001618 0.000000
-38.805597 -5.574706 0.002879 0.000000
19.195155 1.790955 -0.000306 0.000000
35.796568 -0.059545 -0.000846 0.000000
-35.252643 6.932635 -0.002109 0.000000
-16.019083 -1.211749 0.002052 0.000000
31.888264 1.186078 -0.001131 0.000000
-38.537427 -5.034349 0.002669 0.000000
-23.354797 -5.255744 0.003082 0.000000
-35.673767 -5.329580 0.002805 0.000000
-1.096522 31.241567 1.088857 0.000000
1.097412 35.036036 1.765521 0.000000
34.332961 -1.369820 -0.000242 0.000000
21.832644 0.326003 0.000004 0.000000
25.789566 2.271027 -0.001147 0.000000
-37.481176 -4.823831 0.002591 0.000000
33.813892 6.034086 -0.003151 0.000000
-22.442664 3.112241 -0.000286 0.000000
-26.737686 -5.077470 0.002874 0.000000
-29.347061 -3.495102 0.002140 0.000000
-18.848928 -4.150857 0.002944 0.000000
-35.831915 -7.496935 0.003657 0.000000
39.363398 -7.031575 0.001774 0.000000
15.225088 -1.555040 0.001689 0.000000
-28.849002 2.911460 -0.000388 0.000000
24.816519 0.354639 -0.000298 0.000000
28.997298 3.147426 -0.001743 0.000000
0.968338 22.912710 -0.008809 0.000000
25.538415 -6.645672 0.002456 0.000000
-30.621131 -3.939834 0.002317 0.000000
-33.847802 -4.833044 0.002623 0.000000
-14.142376 -2.454945 0.002839 0.000000
-33.660287 -2.143211 0.001532 0.000000
-39.389076 -5.964343 0.003005 0.000000
-22.920706 -5.748970 0.003264 0.000000
34.644981 -9.646505 0.003014 0.000000
28.208372 -5.525525 0.001788 0.000000
15.360194 1.600091 0.000293 0.000000
23.019161 2.358845 -0.000934 0.000000
-37.691276 2.346605 -0.000276 0.000000
-31.551882 -1.066432 0.001138 0.000000
36.237630 -6.687298 0.001767 0.000000
-16.830993 1.639097 0.000751 0.000000
-18.263657 1.426931 0.000722 0.000000
16.133917 -1.973457 0.001697 0.000000
-31.188043 2.358168 -0.000235 0.000000
-18.870192 -4.762756 0.003167 0.000000
28.510246 -6.790571 0.002297 0.000000
19.179377 -1.902969 0.001202 0.000000
23.458315 -0.787222 0.000305 0.000000
-0.618652 32.774398 -0.013114 0.000000
1.096869 29.406677 0.232511 0.000000
1.060832 19.563414 -0.007255 0.000000
23.941185 -0.174845 -0.000006 0.000000
-32.902915 5.829113 -0.001656 0.000000
-32.052568 -5.005920 0.002720 0.000000
-27.072148 -3.221241 0.002130 0.000000
30.039364 3.274913 -0.001839 0.000000
39.849981 -5.116201 0.000967 0.000000
-28.474101 4.949310 -0.001241 0.000000
-35.805363 0.357173 0.000537 0.000000
-19.875076 2.344224 0.000186 0.000000
-34.467683 4.645007 -0.001177 0.000000
32.059377 -0.272525 -0.000553 0.000000
34.882339 1.300294 -0.001344 0.000000
-30.633214 -0.148821 0.000791 0.000000
32.140313 -7.297470 0.002233 0.000000
28.387529 -4.112444 0.001240 0.000000
-25.774743 -0.568030 0.001078 0.000000
-33.408364 -4.166887 0.002363 0.000000
-21.635746 -4.688851 0.002950 0.000000
38.698314 -7.402032 0.001938 0.000000
-19.891589 2.643186 0.000067 0.000000
37.955565 7.347076 -0.003883 0.000000
39.674416 -2.346571 -0.000120 0.000000
-18.663222 -0.168807 0.001345 0.000000
-26.800023 0.482412 0.000648 0.000000
-30.710105 -3.650738 0.002203 0.000000
31.272712 -7.791527 0.002506 0.000000
28.601587 -4.572816 0.001416 0.000000
32.426074 -3.373382 0.000663 0.000000
-26.170931 -4.536137 0.002662 0.000000
-32.072763 -5.315414 0.002841 0.000000
-20.130465 -5.264150 0.003267 0.000000
37.222619 -10.260340 0.003122 0.000000
1.002313 26.485681 -0.010417 0.000000
-0.714191 25.789006 -0.010066 0.000000
17.910323 -1.699309 0.001310 0.000000
26.951614 -0.340903 -0.000164 0.000000
-39.155801 -0.405210 0.000822 0.000000
-28.109410 2.581874 -0.000234 0.000000
30.951505 -1.136158 -0.000143 0.000000
18.048590 -1.006215 0.001005 0.000000
28.972778 0.791179 -0.000758 0.000000
-25.616990 -4.165623 0.002520 0.000000
36.393868 -8.807793 0.002589 0.000000
-33.101084 -0.657049 0.000976 0.000000
37.527263 -7.896698 0.002174 0.000000
26.882971 -3.993464 0.001276 0.000000
-38.678581 0.942557 0.000250 0.000000
-33.535833 -3.830571 0.002212 0.000000
35.499516 -4.421481 0.000909 0.000000
28.960564 -5.043765 0.001556 0.000000
-24.460976 2.814069 -0.000228 0.000000
17.353196 -0.475360 0.000873 0.000000
17.300616 0.775001 0.000349 0.000000
-22.028306 1.696725 0.000333 0.000000
0.677046 17.376102 -0.006188 0.000000
0.960213 29.565384 -0.011763 0.000000
-29.254944 -4.749862 0.002674 0.000000
-37.306933 -1.627146 0.001293 0.000000
-30.169485 -3.006359 0.001928 0.000000
-27.676623 -0.440351 0.000998 0.000000
-21.490827 -2.066147 0.001912 0.000000
-38.589089 5.909884 -0.001712 0.000000
21.363585 -3.066607 0.001436 0.000000
32.097727 -2.288106 0.000260 0.000000
-32.652911 1.078498 0.000283 0.000000
-21.204045 -1.144379 0.001539 0.000000
26.031443 -0.851205 0.000093 0.000000
-32.152303 6.044208 -0.001723 0.000000
35.388313 5.914268 -0.003211 0.000000
34.546738 7.003873 -0.003628 0.000000
-31.744367 0.053886 0.000689 0.000000
34.666263 -7.039712 0.002035 0.000000
16.937545 -4.439450 0.002545 0.000000
-7.238660 -0.024575 7.800217 0.000000
-12.514118 0.254997 0.001988 0.000000
-21.511172 0.592053 0.000833 0.000000
32.470038 0.372615 -0.000836 0.000000
-28.340952 3.994037 -0.000824 0.000000
20.094247 -1.424650 0.000893 0.000000
35.162745 2.691756 -0.001873 0.000000
-30.850746 -3.762312 0.002211 0.000000
20.891681 -4.864681 0.002168 0.000000
35.888724 -4.854738 0.001060 0.000000
20.895807 2.685581 -0.000878 0.000000
-36.409666 7.571085 -0.002377 0.000000
36.044142 7.537409 -0.003872 0.000000
-24.735867 -1.064555 0.001351 0.000000
32.556361 -6.101473 0.001736 0.000000
18.779435 0.176919 0.000401 0.000000
20.605825 1.387207 -0.000319 0.000000
-37.227729 4.248920 -0.001036 0.000000
36.933984 4.334821 -0.002669 0.000000
1.097375 34.865176 0.432105 0.000000
0.034271 35.143915 -0.014142 0.000000
0.750133 34.410346 -0.013842 0.000000
-0.777298 20.998851 -0.007890 0.000000
0.691317 22.720885 -0.008715 0.000000
-0.629893 26.513324 -0.010391 0.000000
34.434036 -4.359957 0.000990 0.000000
16.381537 -4.818634 0.002763 0.000000
21.874627 -4.597747 0.001961 0.000000
-29.493001 -0.070391 0.000772 0.000000
34.942223 -3.148793 0.000434 0.000000
18.876003 0.916150 0.000098 0.000000
14.749489 0.743661 0.000787 0.000000
21.294481 3.155521 -0.001126 0.000000
36.643897 1.718792 -0.001600 0.000000
-37.675369 4.555181 -0.001165 0.000000
23.774980 -2.045814 0.000781 0.000000
39.727871 -0.467989 -0.000856 0.000000
32.190527 2.309147 -0.001600 0.000000
-33.236727 4.809887 -0.001230 0.000000
31.484180 5.924198 -0.003027 0.000000
-32.330712 -2.874523 0.001837 0.000000
21.245371 -0.345319 0.000343 0.000000
-36.963506 1.585140 0.000038 0.000000
33.493560 -10.094991 0.003267 0.000000
-33.935083 -3.057447 0.001922 0.000000
38.772950 -9.054613 0.002571 0.000000
17.382607 -3.100877 0.001936 0.000000
-20.560107 -4.002188 0.002727 0.000000
24.372088 -5.490385 0.002095 0.000000
38.044138 -5.379459 0.001161 0.000000
-17.938128 2.227173 0.000411 0.000000
-16.675380 0.411903 0.001292 0.000000
-29.060211 3.937560 -0.000830 0.000000
-26.064955 2.247250 -0.000042 0.000000
19.427174 -2.316382 0.001359 0.000000
38.727844 -3.434674 0.000353 0.000000
17.337350 -5.031122 0.002692 0.000000
-32.848156 0.248856 0.000586 0.000000
30.814069 -8.489384 0.002778 0.000000
37.669478 4.732083 -0.002866 0.000000
26.382569 3.537686 -0.001720 0.000000
-34.417252 -2.780185 0.001802 0.000000
-25.988496 0.169400 0.000801 0.000000
1.909249 7.698000 -0.000690 0.000000
29.487081 4.233286 -0.002183 0.000000
26.537271 4.665506 -0.002186 0.000000
-19.024119 -0.417293 0.001427 0.000000
-11.648077 -3.638465 0.003844 0.000000
-23.671535 -4.677793 0.002817 0.000000
-16.275486 -4.885414 0.003478 0.000000
35.777496 -6.412081 0.001696 0.000000
27.879015 -8.448968 0.002953 0.000000
24.852261 -5.054927 0.001862 0.000000
31.339349 -4.284426 0.001109 0.000000
30.575436 4.536825 -0.002377 0.000000
32.455947 -4.411262 0.001074 0.000000
17.766545 -2.874059 0.001786 0.000000
32.078163 4.435233 -0.002419 0.000000
-29.354579 2.642889 -0.000292 0.000000
-38.184580 1.517320 0.000054 0.000000
30.285230 0.595514 -0.000790 0.000000
32.316185 6.317963 -0.003231 0.000000
-38.572449 -2.999928 0.001834 0.000000
-24.385242 -3.937021 0.002479 0.000000
29.370797 -9.126440 0.003141 0.000000
12.924833 -5.444600 0.003697 0.000000
-30.452773 -2.691768 0.001830 0.000000
-21.108912 -3.761146 0.002608 0.000000
29.883898 -3.364090 0.000844 0.000000
38.726464 -1.797598 -0.000296 0.000000
-35.914247 -7.395265 0.003615 0.000000
-0.084135 25.987753 -0.010167 0.000000
-0.562391 27.676428 -0.010903 0.000000
0.265027 30.713653 -0.012243 0.000000
-0.252812 29.742702 -0.011811 0.000000
0.711860 31.747763 -0.012701 0.000000
0.169243 33.483350 -0.013432 0.000000
24.049546 4.181227 -0.001800 0.000000
24.270058 -0.391992 0.000055 0.000000
28.023459 -1.886954 0.000358 0.000000
-19.219974 1.033750 0.000807 0.000000
-20.426128 0.419028 0.000954 0.000000
30.801821 -3.112355 0.000693 0.000000
24.426174 -1.257118 0.000389 0.000000
21.141588 -6.238382 0.002677 0.000000
36.401140 -7.039239 0.001898 0.000000
22.599397 -5.066496 0.002089 0.000000
37.706786 3.122540 -0.002165 0.000000
-25.371347 -2.971417 0.002088 0.000000
-28.389122 0.495071 0.000600 0.000000
-32.735708 -6.620226 0.003343 0.000000
-30.178714 1.935437 -0.000030 0.000000
24.617202 1.017834 -0.000548 0.000000
-1.096832 35.241511 1.787685 0.000000
19.539714 -4.861348 0.002342 0.000000
32.460809 -4.895681 0.001282 0.000000
-36.720236 -5.567343 0.002887 0.000000
20.323964 -7.113726 0.003113 0.000000
33.821136 -8.353319 0.002567 0.000000
20.188981 -5.277172 0.002431 0.000000
31.397253 -5.513340 0.001583 0.000000
-27.198017 -2.813233 0.001962 0.000000
-36.456489 -6.436640 0.003232 0.000000
29.374437 -6.631220 0.002142 0.000000
34.192532 2.260807 -0.001693 0.000000
-31.365933 3.397170 -0.000634 0.000000
-35.156747 5.507158 -0.001578 0.000000
22.830897 -2.076092 0.000891 0.000000
-31.857687 -0.798924 0.001027 0.000000
34.070026 -0.606720 -0.000534 0.000000
32.848780 0.571292 -0.000938 0.000000
34.958993 2.138245 -0.001684 0.000000
-22.219606 -1.061622 0.001460 0.000000
35.588500 -9.990697 0.003097 0.000000
-17.714340 -1.761940 0.002079 0.000000
-31.146658 -2.294356 0.001619 0.000000
22.746546 -4.944967 0.002013 0.000000
-34.607689 -3.813351 0.002213 0.000000
0.887581 24.555666 -0.009549 0.000000
-0.791176 18.586201 -0.006747 0.000000
-1.095530 23.192235 -0.008891 0.000000
-0.378545 22.186939 -0.008446 0.000000
0.520903 18.758818 -0.006857 0.000000
34.171599 5.562257 -0.003023 0.000000
-24.858685 2.341779 -0.000060 0.000000
16.583669 -0.902424 0.001176 0.000000
34.448103 -1.602124 -0.000154 0.000000
18.488408 -1.563530 0.001170 0.000000
-36.914900 -2.717938 0.001752 0.000000
37.155341 -10.794077 0.003339 0.000000
34.568166 -5.468094 0.001375 0.000000
35.681712 6.521629 -0.003488 0.000000
27.276150 5.066765 -0.002410 0.000000
-39.042013 -1.163404 0.001119 0.000000
-24.024307 -2.785040 0.002066 0.000000
26.472847 -3.287147 0.001046 0.000000
-24.924309 -3.501166 0.002298 0.000000
-9.731971 -3.409392 0.004364 0.000000
-29.030724 -6.504632 0.003367 0.000000
15.143488 -5.455515 0.003227 0.000000
32.404453 -5.719900 0.001597 0.000000
-30.044965 0.590809 0.000480 0.000000
-24.129260 1.449914 0.000343 0.000000
19.137915 0.986408 0.000041 0.000000
19.356714 1.638236 -0.000268 0.000000
19.914725 0.215914 0.000244 0.000000
1.097296 34.083476 0.073682 0.000000
0.892625 20.955106 -0.007904 0.000000
-1.096402 29.870124 0.690758 0.000000
-39.609716 -3.379717 0.002000 0.000000
-24.674153 0.520218 0.000677 0.000000
27.711958 -5.681664 0.001887 0.000000
-26.228130 -5.872741 0.003200 0.000000
-24.982134 1.252108 0.000383 0.000000
-23.895824 4.083199 -0.000724 0.000000
-22.454667 2.739085 -0.000104 0.000000
29.758203 -0.812787 -0.000189 0.000000
-35.831479 -0.533732 0.000889 0.000000
21.252124 0.392540 0.000040 0.000000
-33.295335 4.718297 -0.001199 0.000000
23.865499 -5.821612 0.002248 0.000000
39.766246 -4.610565 0.000773 0.000000
18.993352 -2.814484 0.001593 0.000000
-12.425977 -3.966500 0.003787 0.000000
-28.019162 -5.759785 0.003091 0.000000
-38.171072 -1.236530 0.001144 0.000000
-22.501995 -2.937035 0.002197 0.000000
-27.847641 -2.087918 0.001621 0.000000
24.408909 1.713948 -0.000788 0.000000
21.793971 -0.031417 0.000166 0.000000
31.235261 -0.241529 -0.000516 0.000000
30.912536 1.742796 -0.001260 0.000000
20.128635 0.772120 -0.000013 0.000000
27.718180 4.994210 -0.002414 0.000000
38.359694 6.704510 -0.003645 0.000000
-34.139356 -5.508924 0.002889 0.000000
16.529558 -6.194925 0.003260 0.000000
24.244515 -6.531452 0.002489 0.000000
32.443347 2.924920 -0.001863 0.000000
-31.705293 2.641449 -0.000338 0.000000
-25.641250 -1.169782 0.001359 0.000000
26.702056 -1.187869 0.000175 0.000000
-35.367194 4.539835 -0.001144 0.000000
-20.445163 0.995626 0.000719 0.000000
-24.817120 -0.036214 0.000904 0.000000
19.199526 -0.146766 0.000500 0.000000
0.561661 14.794755 -0.004881 0.000000
-0.445437 17.371510 -0.006162 0.000000
1.097232 33.242513 0.423948 0.000000
0.935678 27.537223 -0.010876 0.000000
0.418511 26.320197 -0.010327 0.000000
-17.447589 -4.336192 0.003131 0.000000
35.008151 -2.469576 0.000161 0.000000
-29.411014 -1.781747 0.001484 0.000000
34.291677 -5.981086 0.001593 0.000000
-36.802609 -2.052354 0.001487 0.000000
31.882494 6.536571 -0.003295 0.000000
24.365310 2.373887 -0.001083 0.000000
-20.839553 2.453876 0.000092 0.000000
36.205809 1.075126 -0.001319 0.000000
-35.895153 5.961759 -0.001721 0.000000
-35.612579 3.599790 -0.000793 0.000000
14.003760 -1.819353 0.002045 0.000000
26.687872 -2.425588 0.000688 0.000000
32.133355 -1.199959 -0.000150 0.000000
-19.759172 -2.164954 0.002056 0.000000
-36.304193 -3.245586 0.001971 0.000000
-22.602867 -4.140379 0.002660 0.000000
28.869385 -3.055694 0.000771 0.000000
22.948436 -6.049199 0.002442 0.000000
-35.900670 -5.296840 0.002788 0.000000
-1.096764 33.800911 0.354587 0.000000
-1.096822 34.962124 1.467823 0.000000
-28.002848 3.045894 -0.000445 0.000000
-28.774517 5.599881 -0.001489 0.000000
-27.246536 4.039774 -0.000814 0.000000
22.473148 -1.997959 0.000890 0.000000
38.110443 -0.116496 -0.000934 0.000000
-1.092457 11.924105 -0.001526 0.000000
35.704680 -1.517893 -0.000255 0.000000
-16.816893 0.881572 0.001070 0.000000
25.528348 -3.634702 0.001247 0.000000
29.687349 -6.517318 0.002079 0.000000
19.769601 -6.072883 0.002771 0.000000
-27.747786 3.340302 -0.000541 0.000000
37.672350 6.991344 -0.003772 0.000000
37.020870 6.928702 -0.003702 0.000000
21.981891 -0.619686 0.000387 0.000000
-25.736421 -3.474274 0.002272 0.000000
-17.254873 -4.010365 0.003027 0.000000
-30.311864 -6.714583 0.003414 0.000000
24.324387 -3.853343 0.001450 0.000000
17.698480 -6.336912 0.003152 0.000000
26.665927 -6.633412 0.002335 0.000000
-31.149366 0.172767 0.000669 0.000000
-26.504915 -4.894996 0.002797 0.000000
-25.060261 3.655538 -0.000604 0.000000
38.586227 2.800768 -0.002084 0.000000
30.694821 5.981072 -0.003002 0.000000
-33.938534 4.372596 -0.001103 0.000000
-29.093007 2.129095 -0.000078 0.000000
-27.323316 0.743870 0.000529 0.000000
-21.324317 -1.510912 0.001680 0.000000
-21.012616 -0.705420 0.001396 0.000000
-27.891482 2.888373 -0.000359 0.000000
-34.857287 -2.522694 0.001694 0.000000
26.190095 -3.504197 0.001161 0.000000
-33.594835 -4.656255 0.002556 0.000000
18.556000 -4.024028 0.002130 0.000000
12.869540 -2.570937 0.002619 0.000000
36.588494 -6.288797 0.001592 0.000000
20.507973 -3.716485 0.001790 0.000000
-19.097171 -3.206236 0.002528 0.000000
-34.790322 -5.438833 0.002803 0.000000
-21.156433 -5.472427 0.003264 0.000000
0.448556 33.645539 -0.013507 0.000000
19.923494 2.023671 -0.000490 0.000000
16.708777 1.868868 -0.000032 0.000000
-27.968531 2.017757 -0.000025 0.000000
24.947208 -0.025847 -0.000129 0.000000
-34.446644 5.979466 -0.001720 0.000000
-36.514583 5.115331 -0.001396 0.000000
28.784370 -6.926599 0.002299 0.000000
33.523530 4.066633 -0.002383 0.000000
23.142622 2.752274 -0.001122 0.000000
27.485290 -1.574543 0.000285 0.000000
36.545549 0.551404 -0.001116 0.000000
38.749512 -5.649291 0.001237 0.000000
-28.737373 -4.743274 0.002675 0.000000
38.168909 2.358010 -0.001930 0.000000
33.955764 3.045856 -0.001973 0.000000
33.858486 4.401909 -0.002535 0.000000
31.986600 2.877175 -0.001813 0.000000
30.657493 -2.465456 0.000439 0.000000
37.694361 0.402005 -0.001122 0.000000
-0.944765 24.160260 -0.009334 0.000000
38.975612 -7.620601 0.002002 0.000000
31.837846 -3.803809 0.000871 0.000000
33.689533 3.616290 -0.002196 0.000000
18.887321 -3.349161 0.001839 0.000000
-25.158795 -0.426877 0.001054 0.000000
-18.276077 -1.755190 0.002027 0.000000
18.901542 -1.188018 0.000971 0.000000
-29.797422 3.876776 -0.000804 0.000000
33.532513 -7.593122 0.002269 0.000000
18.743164 -4.509597 0.002295 0.000000
15.113593 -2.440295 0.002071 0.000000
-32.744548 -4.171390 0.002368 0.000000
-21.512973 -4.444351 0.002851 0.000000
-26.511700 -6.192680 0.003306 0.000000
28.531003 -7.276645 0.002486 0.000000
1.097152 32.191033 0.614102 0.000000
-1.096780 34.344767 1.458821 0.000000
-35.161403 3.295824 -0.000647 0.000000
30.698347 -4.616150 0.001300 0.000000
-34.250520 -2.426473 0.001661 0.000000
-23.154223 -3.415474 0.002331 0.000000
20.317357 -6.865144 0.003025 0.000000
33.287520 -8.032539 0.002456 0.000000
-31.740387 2.843319 -0.000419 0.000000
-26.344230 0.889173 0.000485 0.000000
18.536767 -2.409994 0.001507 0.000000
32.077756 5.531587 -0.002894 0.000000
-30.355150 -0.510000 0.000957 0.000000
33.313963 -1.112777 -0.000286 0.000000
24.263947 -2.502150 0.000920 0.000000
-28.734788 -5.030552 0.002794 0.000000
39.430580 -6.658411 0.001602 0.000000
37.480322 3.380593 -0.002305 0.000000
39.146598 0.644560 -0.001288 0.000000
36.198833 1.768833 -0.001594 0.000000
-23.781813 2.611113 -0.000134 0.000000
-24.126179 1.222852 0.000421 0.000000
28.179854 0.903093 -0.000776 0.000000
29.228720 4.467948 -0.002295 0.000000
-0.417222 32.838115 -0.013146 0.000000
0.152528 22.899849 -0.008784 0.000000
-0.895570 30.538460 -0.012147 0.000000
-20.860026 -3.999744 0.002710 0.000000
22.647546 -7.641162 0.003079 0.000000
38.697370 -5.205923 0.001083 0.000000
-25.020295 -0.255981 0.001008 0.000000
37.962744 -8.148149 0.002259 0.000000
-38.096120 0.973239 0.000271 0.000000
31.438291 -0.126355 -0.000571 0.000000
-23.942315 -4.594200 0.002764 0.000000
24.099526 -5.719643 0.002199 0.000000
19.559679 0.844080 0.000050 0.000000
33.065243 -1.242550 -0.000222 0.000000
-16.067014 1.572145 0.000861 0.000000
21.273579 -2.417627 0.001179 0.000000
30.234876 0.644794 -0.000807 0.000000
24.353204 1.402053 -0.000654 0.000000
39.345555 1.928158 -0.001812 0.000000
-30.819511 -0.705764 0.001027 0.000000
-39.914153 -3.270305 0.001957 0.000000
32.589957 -9.945625 0.003244 0.000000
1.097283 33.680770 0.629157 0.000000
32.086568 1.687888 -0.001337 0.000000
15.383385 0.343409 0.000847 0.000000
26.604109 3.240143 -0.001598 0.000000
-37.621442 -3.031115 0.001838 0.000000
25.153207 -7.426748 0.002775 0.000000
-15.652416 1.485587 0.000954 0.000000
32.959226 3.444176 -0.002100 0.000000
-29.030891 5.400869 -0.001412 0.000000
20.086693 0.507027 0.000105 0.000000
-31.891780 1.154881 0.000235 0.000000
-31.149317 6.323075 -0.001824 0.000000
-35.065081 2.762949 -0.000450 0.000000
28.153526 0.648855 -0.000656 0.000000
29.355671 1.805045 -0.001203 0.000000
1.021883 28.527890 -0.011313 0.000000
-33.872035 -2.328665 0.001627 0.000000
23.854261 -7.701882 0.002977 0.000000
30.258780 -1.379653 0.000005 0.000000
-30.921272 -3.328183 0.002045 0.000000
-11.861270 -3.760840 0.003833 0.000000
19.736435 2.898125 -0.000855 0.000000
33.296669 4.625211 -0.002556 0.000000
-15.910915 1.513715 0.000899 0.000000
35.726569 0.441891 -0.001040 0.000000
-36.562268 -0.668985 0.000904 0.000000
27.564595 -1.223877 0.000142 0.000000
39.062604 2.255072 -0.001931 0.000000
-37.242066 5.309726 -0.001468 0.000000
28.972751 2.488899 -0.001470 0.000000
26.022863 4.005420 -0.001884 0.000000
-21.319382 2.617723 0.000009 0.000000
-37.699113 -0.564793 0.000890 0.000000
-27.978322 -2.304466 0.001696 0.000000
27.222448 -1.718094 0.000380 0.000000
27.252455 -5.377961 0.001822 0.000000
-22.961135 -2.851878 0.002123 0.000000
32.143922 -4.890474 0.001294 0.000000
1.096620 27.048662 1.265462 0.000000
38.096017 -4.374419 0.000789 0.000000
19.829464 -0.017590 0.000372 0.000000
36.415270 3.037074 -0.002116 0.000000
33.927199 -5.366498 0.001371 0.000000
-37.736702 7.067602 -0.002183 0.000000
28.249627 -0.253683 -0.000275 0.000000
28.498193 1.448849 -0.001005 0.000000
-29.275323 -0.445050 0.000945 0.000000
28.019143 3.508805 -0.001792 0.000000
25.305959 3.842726 -0.001735 0.000000
-34.246688 -5.674374 0.002949 0.000000
-25.111214 -2.471716 0.001898 0.000000
-33.772314 -3.751382 0.002163 0.000000
-10.995673 -3.498824 0.003971 0.000000
-20.626931 -4.342961 0.002861 0.000000
-8.919042 -3.830420 0.004860 0.000000
-25.789845 4.324292 -0.000910 0.000000
29.522076 5.015218 -0.002533 0.000000
-36.629854 4.455760 -0.001160 0.000000
33.653279 0.377600 -0.000900 0.000000
31.506416 1.341570 -0.001164 0.000000
32.492304 2.729708 -0.001782 0.000000
37.330365 5.018215 -0.002958 0.000000
26.882170 -1.386199 0.000264 0.000000
-26.276491 -6.175551 0.003303 0.000000
33.190470 -9.249237 0.002943 0.000000
35.888839 7.027055 -0.003699 0.000000
-31.533255 1.399594 0.000162 0.000000
-26.359040 -1.438066 0.001432 0.000000
27.828434 -5.865164 0.001979 0.000000
34.888049 -2.306887 0.000107 0.000000
-38.254018 7.065074 -0.002185 0.000000
-15.410495 0.760284 0.001290 0.000000
20.589941 0.368578 0.000121 0.000000
25.638780 0.700221 -0.000501 0.000000
-38.940043 3.948561 -0.000972 0.000000
-22.776911 -2.466699 0.001973 0.000000
-37.431554 -0.582416 0.000877 0.000000
-38.357502 -5.561184 0.002871 0.000000
27.879680 -4.956411 0.001610 0.000000
21.709536 -1.693267 0.000842 0.000000
36.190299 -0.011840 -0.000880 0.000000
34.684128 -1.338736 -0.000272 0.000000
-26.920906 4.143069 -0.000847 0.000000
-24.887419 2.595701 -0.000166 0.000000
-35.288808 -5.319579 0.002798 0.000000
25.882463 2.305210 -0.001177 0.000000
-38.091979 -5.027140 0.002662 0.000000
-23.014444 -5.242732 0.003085 0.000000
-34.947757 6.830691 -0.002072 0.000000
-18.680787 1.989907 0.000440 0.000000
-15.851383 -1.243575 0.002082 0.000000
32.207934 1.241860 -0.001167 0.000000
-7.477068 -0.024171 7.800492 0.000000
-29.064208 -3.607213 0.002188 0.000000
-35.425764 -7.461279 0.003637 0.000000
39.739885 -7.180136 0.001798 0.000000
-37.060349 -4.819212 0.002581 0.000000
-29.692241 -0.282015 0.000840 0.000000
-26.518367 -5.071853 0.002873 0.000000
-33.379738 -1.028888 0.001068 0.000000
34.375674 6.234063 -0.003271 0.000000
26.134542 1.546085 -0.000885 0.000000
29.271059 3.218379 -0.001787 0.000000
25.060617 0.208852 -0.000236 0.000000
-28.633579 2.854604 -0.000364 0.000000
22.527158 3.100961 -0.001194 0.000000
-30.504041 -3.946897 0.002284 0.000000
25.751174 -6.665721 0.002448 0.000000
36.601620 -6.709057 0.001757 0.000000
-33.507262 -4.828739 0.002624 0.000000
36.727639 -5.663730 0.001339 0.000000
28.430087 -5.533558 0.001777 0.000000
-20.283015 -3.328861 0.002483 0.000000
-38.879012 -5.942274 0.002995 0.000000
-22.728893 -5.735398 0.003266 0.000000
34.962012 -9.692382 0.003017 0.000000
-0.382324 18.189658 -0.006563 0.000000
0.697813 18.770077 -0.006866 0.000000
-0.600568 32.856436 -0.013150 0.000000
1.096933 29.958081 0.337732 0.000000
-16.652744 0.284979 0.001345 0.000000
-37.309018 2.276176 -0.000252 0.000000
-32.759763 0.350099 0.000567 0.000000
-31.238218 -1.098658 0.001152 0.000000
24.069714 0.031810 -0.000100 0.000000
-20.471854 1.802106 0.000394 0.000000
28.654877 -6.751291 0.002240 0.000000
37.163520 -3.079187 0.000293 0.000000
-34.880963 0.714440 0.000398 0.000000
16.550433 0.376815 0.000642 0.000000
29.057945 3.387243 -0.001841 0.000000
23.775610 -0.786226 0.000278 0.000000
-30.899122 2.295568 -0.000209 0.000000
19.346637 -2.632225 0.001492 0.000000
-0.500395 29.951997 -0.011901 0.000000
2.982379 -0.061382 2.614399 0.000000
24.908005 -8.209164 0.003086 0.000000
-26.855587 -3.230954 0.002135 0.000000
-35.450005 0.308622 0.000553 0.000000
-29.496368 -4.548022 0.002583 0.000000
30.357612 3.354415 -0.001886 0.000000
-32.613258 5.736979 -0.001618 0.000000
-30.241741 2.689640 -0.000332 0.000000
-33.340524 1.947540 -0.000082 0.000000
-25.405412 -0.652381 0.001151 0.000000
32.376012 -0.231861 -0.000583 0.000000
35.264362 1.362484 -0.001383 0.000000
-34.163511 4.562297 -0.001146 0.000000
32.422009 -7.321530 0.002227 0.000000
28.599105 -4.072869 0.001189 0.000000
-33.079808 -4.169335 0.002368 0.000000
-26.432155 -1.471631 0.001418 0.000000
39.142343 -7.436113 0.001938 0.000000
-1.013788 9.996202 -0.002137 0.000000
38.448142 7.510935 -0.004018 0.000000
25.725486 2.044902 -0.001034 0.000000
-22.149521 2.406675 0.000051 0.000000
27.196048 -0.305742 -0.000194 0.000000
29.012694 -4.418170 0.001328 0.000000
31.404050 -7.792252 0.002511 0.000000
25.249582 3.178274 -0.001471 0.000000
-31.758689 -5.306366 0.002837 0.000000
37.477771 -10.281789 0.003151 0.000000
-25.536017 1.379284 0.000325 0.000000
18.717081 1.808517 -0.000268 0.000000
0.279724 26.283827 -0.010308 0.000000
-0.189738 20.877504 -0.007844 0.000000
0.559306 29.490806 -0.011721 0.000000
21.279253 -7.245373 0.003071 0.000000
-32.792881 -0.692904 0.000987 0.000000
37.917700 -7.931491 0.002178 0.000000
18.723326 -4.387064 0.002259 0.000000
27.092786 -3.989862 0.001266 0.000000
29.197940 -5.174286 0.001584 0.000000
33.393377 4.466015 -0.002536 0.000000
23.724479 3.086234 -0.001322 0.000000
19.351813 2.559202 -0.000665 0.000000
-27.903594 2.528650 -0.000214 0.000000
31.243299 -1.105409 -0.000166 0.000000
29.202117 0.710911 -0.000765 0.000000
15.538209 1.195574 0.000453 0.000000
-27.466155 -0.471451 0.001014 0.000000
17.120832 -2.623938 0.001802 0.000000
18.157276 -2.078016 0.001413 0.000000
-36.873493 -1.658205 0.001302 0.000000
-29.777186 -3.159385 0.002029 0.000000
29.167443 -7.547709 0.002516 0.000000
-21.203733 -2.096280 0.001934 0.000000
-28.998580 -4.746770 0.002676 0.000000
28.456761 -9.017116 0.003136 0.000000
3.397329 -0.054386 3.248467 0.000000
1.097355 34.410477 1.196357 0.000000
18.157275 -1.611510 0.001226 0.000000
-38.359129 5.974141 -0.001792 0.000000
-21.236384 0.289509 0.000965 0.000000
24.793488 -7.384268 0.002781 0.000000
35.872024 5.997843 -0.003267 0.000000
-31.897172 5.957817 -0.001690 0.000000
-32.449966 0.986809 0.000316 0.000000
28.767340 0.480893 -0.000640 0.000000
26.239693 -0.822926 0.000070 0.000000
-36.088606 7.461514 -0.002336 0.000000
36.580661 7.655784 -0.003989 0.000000
-36.430793 2.719444 -0.000422 0.000000
20.988265 1.361483 -0.000344 0.000000
-1.096439 30.077720 -0.005257 0.000000
0.079985 35.271057 -0.014195 0.000000
-17.812727 -5.113367 0.003392 0.000000
32.856552 -6.116205 0.001728 0.000000
21.145157 -4.869762 0.002151 0.000000
36.261849 -4.858787 0.001046 0.000000
-24.563182 -1.088611 0.001365 0.000000
21.191111 2.925101 -0.001010 0.000000
-28.127411 3.928754 -0.000799 0.000000
32.798906 0.420713 -0.000871 0.000000
-36.864777 4.161997 -0.001006 0.000000
37.542277 3.008904 -0.002160 0.000000
37.379668 4.439736 -0.002728 0.000000
-25.762995 -3.742621 0.002377 0.000000
0.738482 34.634590 -0.013937 0.000000
0.353724 23.583032 -0.009100 0.000000
21.452556 3.210899 -0.001158 0.000000
-31.411013 4.558694 -0.001112 0.000000
-37.304303 4.464307 -0.001131 0.000000
23.965443 -2.028423 0.000762 0.000000
20.912556 -0.795665 0.000548 0.000000
37.069279 1.789436 -0.001645 0.000000
33.741716 -10.214534 0.003287 0.000000
39.186703 -9.102424 0.002579 0.000000
20.427273 1.045575 -0.000130 0.000000
-36.589611 1.522970 0.000058 0.000000
-32.023989 -2.926928 0.001890 0.000000
21.563334 -0.288029 0.000293 0.000000
24.555883 -5.406249 0.002059 0.000000
-14.804855 -4.413758 0.003513 0.000000
38.463778 -5.389537 0.001148 0.000000
-32.863421 4.608447 -0.001185 0.000000
-36.537504 3.067305 -0.000564 0.000000
31.072650 -8.522068 0.002780 0.000000
-25.606033 0.100964 0.000833 0.000000
-34.069750 -2.796912 0.001806 0.000000
31.924430 -6.824997 0.002065 0.000000
-25.107208 1.002960 0.000494 0.000000
39.172806 -3.423225 0.000335 0.000000
30.697088 -0.978950 -0.000180 0.000000
-28.822234 3.868268 -0.000800 0.000000
-25.886822 2.199919 -0.000022 0.000000
-38.531139 -1.561166 0.001276 0.000000
-28.546283 1.584494 0.000126 0.000000
29.779648 4.412496 -0.002300 0.000000
28.085476 -8.477351 0.002955 0.000000
16.744148 -5.281479 0.002886 0.000000
22.051262 -4.639285 0.001975 0.000000
32.758202 -4.410867 0.001062 0.000000
25.025986 -5.058936 0.001853 0.000000
31.759007 -4.278886 0.001096 0.000000
-23.479150 -4.673921 0.002818 0.000000
0.794914 24.355842 -0.009459 0.000000
-0.632963 17.572126 -0.006258 0.000000
-0.028380 26.188870 -0.010259 0.000000
0.252090 30.888572 -0.012323 0.000000
-0.267942 29.902522 -0.011884 0.000000
30.964729 4.725379 -0.002468 0.000000
22.250259 0.398252 -0.000060 0.000000
-17.463743 -1.497868 0.001998 0.000000
28.511984 -1.843710 0.000316 0.000000
24.451513 -0.362283 0.000027 0.000000
-38.043739 -2.839289 0.001791 0.000000
-24.126585 -3.830308 0.002450 0.000000
-17.613507 -4.556426 0.003198 0.000000
29.406320 -9.167618 0.003150 0.000000
-17.543289 -0.787080 0.001703 0.000000
24.319427 4.011802 -0.001749 0.000000
-27.935011 5.298212 -0.001364 0.000000
-30.180660 -2.707378 0.001838 0.000000
30.175815 -3.355583 0.000824 0.000000
39.180739 -1.767028 -0.000327 0.000000
-29.056165 -3.501913 0.002146 0.000000
-35.509248 -7.361061 0.003601 0.000000
-37.783972 1.453664 0.000078 0.000000
30.514973 0.768530 -0.000841 0.000000
32.396110 4.628892 -0.002545 0.000000
-29.127561 2.586412 -0.000267 0.000000
-29.657343 1.824667 0.000013 0.000000
24.861298 1.029402 -0.000551 0.000000
25.278817 4.122737 -0.001874 0.000000
38.714305 -1.819459 -0.000248 0.000000
0.700832 31.940503 -0.012783 0.000000
0.962400 16.777612 -0.005900 0.000000
6.378964 3.626668 4.932904 0.000000
36.775901 -7.065258 0.001894 0.000000
-28.166804 0.455536 0.000618 0.000000
-38.623838 -1.530183 0.001265 0.000000
-32.399729 -6.597050 0.003336 0.000000
38.131680 3.204843 -0.002267 0.000000
31.371063 -3.164685 0.000672 0.000000
24.609845 -1.233658 0.000366 0.000000
-25.180313 -2.982374 0.002097 0.000000
-21.210364 -0.503582 0.001288 0.000000
-22.869732 3.314453 -0.000389 0.000000
-21.878587 1.655409 0.000355 0.000000
21.391650 2.280853 -0.000768 0.000000
31.691073 -5.523871 0.001575 0.000000
23.015486 -2.059409 0.000871 0.000000
-18.258361 -3.635560 0.002792 0.000000
-13.857860 -4.083601 0.003542 0.000000
-36.049707 -6.413561 0.003221 0.000000
34.166584 -8.393652 0.002571 0.000000
32.812743 -4.902162 0.001252 0.000000
-34.858273 5.474077 -0.001524 0.000000
-31.107776 3.330757 -0.000610 0.000000
-30.431083 1.989718 -0.000055 0.000000
21.503523 1.104781 -0.000294 0.000000
-32.359404 1.027871 0.000300 0.000000
26.453484 -0.794252 0.000041 0.000000
-22.044209 -1.035897 0.001452 0.000000
33.291030 -1.684865 -0.000053 0.000000
-30.814182 -2.314454 0.001628 0.000000
-31.594243 -0.679651 0.000997 0.000000
34.428602 -0.567002 -0.000561 0.000000
33.187904 0.622276 -0.000970 0.000000
35.350152 2.210940 -0.001725 0.000000
-29.932542 0.440327 0.000581 0.000000
23.960327 -0.193381 0.000004 0.000000
0.428186 23.372933 -0.009005 0.000000
1.097343 34.598557 0.091742 0.000000
37.526350 -10.855553 0.003351 0.000000
34.913184 -5.478050 0.001365 0.000000
26.698450 -3.278673 0.001029 0.000000
-38.690877 -1.356673 0.001186 0.000000
-17.672680 -3.551311 0.002817 0.000000
20.778807 -5.590861 0.002483 0.000000
32.705621 -5.731414 0.001589 0.000000
-28.611202 -6.596486 0.003386 0.000000
36.111455 6.652640 -0.003557 0.000000
27.570049 5.013103 -0.002385 0.000000
17.174768 1.339937 0.000131 0.000000
29.448838 0.249971 -0.000592 0.000000
-22.866106 -0.214063 0.001090 0.000000
-39.151704 -3.391720 0.002003 0.000000
16.582279 -3.739436 0.002325 0.000000
23.701890 -3.147406 0.001214 0.000000
-22.080318 -3.150586 0.002314 0.000000
38.513129 -5.513861 0.001197 0.000000
-1.096366 29.479280 0.688601 0.000000
1.097346 34.309006 1.300344 0.000000
-23.754461 4.030307 -0.000698 0.000000
-24.793150 1.209373 0.000404 0.000000
30.031969 -0.780006 -0.000217 0.000000
25.574464 2.216086 -0.001112 0.000000
28.203170 -1.821059 0.000357 0.000000
-39.135531 5.066801 -0.001381 0.000000
22.254909 -7.479663 0.003064 0.000000
24.194286 -5.840127 0.002233 0.000000
21.935111 -0.012675 0.000142 0.000000
24.624081 1.765636 -0.000826 0.000000
-27.765242 -5.746385 0.003089 0.000000
-22.339211 -2.946850 0.002207 0.000000
-37.731057 -1.272742 0.001154 0.000000
-33.199858 4.700633 -0.001220 0.000000
-26.864543 1.081707 0.000372 0.000000
-18.074132 -0.825629 0.001658 0.000000
-25.455997 -1.193734 0.001371 0.000000
26.918819 -1.162010 0.000153 0.000000
26.507668 -0.171429 -0.000215 0.000000
28.247970 1.093461 -0.000853 0.000000
32.668636 3.030799 -0.001904 0.000000
-31.470120 2.779767 -0.000395 0.000000
24.577165 -6.559237 0.002481 0.000000
-33.780045 -5.496968 0.002881 0.000000
26.048425 -4.394928 0.001528 0.000000
36.608407 -3.373727 0.000442 0.000000
27.847923 5.105982 -0.002438 0.000000
31.128583 1.742175 -0.001301 0.000000
34.978540 -5.661520 0.001433 0.000000
19.333162 -0.118984 0.000475 0.000000
-14.650007 -0.705858 0.002027 0.000000
-35.039855 4.454531 -0.001112 0.000000
-22.482746 3.520798 -0.000431 0.000000
-35.314766 -2.789484 0.001772 0.000000
35.372981 -2.449460 0.000136 0.000000
-29.359525 -1.765731 0.001458 0.000000
-15.202489 -3.575426 0.003126 0.000000
34.624795 -5.995700 0.001583 0.000000
0.802642 19.511851 -0.007224 0.000000
0.798089 35.029654 2.359663 0.000000
0.407821 26.454801 -0.010388 0.000000
-1.096711 33.233423 0.297676 0.000000
32.230450 6.655461 -0.003360 0.000000
36.620534 1.137374 -0.001361 0.000000
22.649239 -1.981007 0.000871 0.000000
38.556057 -0.066758 -0.000976 0.000000
-28.571885 5.526329 -0.001456 0.000000
-27.059916 3.979496 -0.000785 0.000000
-27.868098 3.064968 -0.000432 0.000000
-31.479806 2.421793 -0.000260 0.000000
29.127760 -3.044116 0.000752 0.000000
23.119953 -6.062556 0.002436 0.000000
29.156509 3.052723 -0.001710 0.000000
-36.808062 -0.253063 0.000719 0.000000
26.920120 -2.409564 0.000670 0.000000
32.375250 -1.058180 -0.000252 0.000000
-35.505449 -5.286714 0.002781 0.000000
17.413901 -5.662372 0.002941 0.000000
-35.565145 5.863373 -0.001686 0.000000
-35.446239 3.509228 -0.000734 0.000000
-21.634145 0.378994 0.000917 0.000000
16.986986 -0.264624 0.000841 0.000000
38.146456 7.134057 -0.003850 0.000000
-27.550142 3.283019 -0.000514 0.000000
24.859026 -8.109152 0.003056 0.000000
29.937127 -6.534254 0.002075 0.000000
25.721453 -3.628764 0.001233 0.000000
-22.646776 -5.123574 0.003058 0.000000
36.033270 -1.473462 -0.000245 0.000000
22.133127 -1.406534 0.000680 0.000000
22.068909 -0.698605 0.000388 0.000000
27.029017 1.845305 -0.001059 0.000000
37.431144 7.188089 -0.003798 0.000000
17.802189 -6.349171 0.003145 0.000000
16.544797 -4.322055 0.002557 0.000000
24.516711 -3.850125 0.001437 0.000000
-32.483524 -0.968468 0.001099 0.000000
-26.048173 -4.884103 0.002801 0.000000
-30.011738 -6.690675 0.003405 0.000000
-25.534230 -3.481403 0.002278 0.000000
1.097408 35.090595 1.458874 0.000000
1.097175 32.388471 0.853664 0.000000
-1.096531 31.280249 0.914716 0.000000
-0.882213 15.093967 -0.005009 0.000000
31.016367 6.089364 -0.003057 0.000000
-33.575014 4.279340 -0.001066 0.000000
-28.865469 2.076339 -0.000058 0.000000
-27.117641 0.703940 0.000545 0.000000
38.847380 3.163988 -0.002276 0.000000
-24.858130 3.669676 -0.000603 0.000000
-29.789960 3.778450 -0.000772 0.000000
24.954452 0.862173 -0.000499 0.000000
-23.120428 -3.719260 0.002479 0.000000
27.323127 -7.151984 0.002499 0.000000
-27.694990 1.811327 0.000059 0.000000
26.329919 -3.447485 0.001113 0.000000
27.148519 3.109134 -0.001593 0.000000
-39.732365 0.249936 0.000546 0.000000
-33.250515 -4.653462 0.002552 0.000000
-34.269030 -5.482272 0.002841 0.000000
18.910501 1.349613 -0.000085 0.000000
-27.769473 2.983509 -0.000418 0.000000
-17.641585 0.249653 0.001272 0.000000
38.314323 6.892958 -0.003758 0.000000
-28.638043 2.024077 -0.000034 0.000000
38.629951 2.439041 -0.001979 0.000000
34.361265 3.132591 -0.002021 0.000000
34.233158 4.498695 -0.002590 0.000000
36.995017 0.505439 -0.001126 0.000000
1.097121 31.900342 0.308619 0.000000
0.435348 33.854046 -0.013596 0.000000
-33.255486 -3.084544 0.001926 0.000000
29.017325 -6.946064 0.002297 0.000000
23.477731 -2.521966 0.001008 0.000000
39.197018 -5.663504 0.001232 0.000000
25.027422 -0.024731 -0.000154 0.000000
-34.144141 5.885166 -0.001687 0.000000
27.990179 -1.525356 0.000240 0.000000
38.140529 0.458416 -0.001163 0.000000
32.871141 -1.270207 -0.000195 0.000000
30.978051 -2.447344 0.000419 0.000000
32.320660 2.952606 -0.001861 0.000000
32.024223 -3.648969 0.000816 0.000000
39.400924 -7.654581 0.001999 0.000000
-1.096510 30.984452 1.265458 0.000000
-32.847767 1.576220 0.000072 0.000000
-33.122538 6.018439 -0.001728 0.000000
20.946297 -6.666899 0.002874 0.000000
33.848690 -7.622053 0.002268 0.000000
29.634067 -4.062899 0.001134 0.000000
30.746932 3.964276 -0.002148 0.000000
-32.334223 -4.023591 0.002318 0.000000
-21.205794 -4.441380 0.002863 0.000000
18.462519 -6.596204 0.003129 0.000000
-12.040420 -4.261923 0.003980 0.000000
28.688235 -7.217222 0.002450 0.000000
19.190652 -1.115763 0.000894 0.000000
-25.648198 0.599810 0.000605 0.000000
36.612201 1.838704 -0.001640 0.000000
37.931326 3.473544 -0.002361 0.000000
-1.096719 33.672584 1.412895 0.000000
-1.096836 35.009368 0.983074 0.000000
31.024853 -4.620912 0.001286 0.000000
33.434226 -8.075779 0.002491 0.000000
-33.904456 -2.446672 0.001667 0.000000
-22.907615 -3.486176 0.002401 0.000000
33.750681 -1.178061 -0.000275 0.000000
-30.092602 -0.544404 0.000970 0.000000
21.540444 -3.646800 0.001648 0.000000
18.013592 2.213834 -0.000339 0.000000
19.162138 -1.764417 0.001170 0.000000
-13.697673 0.866122 0.001492 0.000000
-23.507645 2.745049 -0.000156 0.000000
28.433897 0.950432 -0.000805 0.000000
29.516070 4.554603 -0.002341 0.000000
39.168882 -5.216960 0.001072 0.000000
-19.306213 -2.333712 0.002168 0.000000
38.363535 -8.186433 0.002261 0.000000
-32.100725 1.708751 0.000009 0.000000
31.639299 -0.017822 -0.000587 0.000000
-23.743803 -4.590627 0.002770 0.000000
-16.454500 -4.733303 0.003401 0.000000
24.366042 -5.850281 0.002225 0.000000
0.137892 26.108904 -0.010226 0.000000
-0.434822 33.027235 -0.013224 0.000000
1.097322 34.202228 0.634312 0.000000
-1.096765 34.208529 1.270001 0.000000
0.198176 23.149380 -0.008900 0.000000
-0.268593 26.174319 -0.010248 0.000000
-0.912419 30.655001 -0.012200 0.000000
21.426610 -2.404774 0.001161 0.000000
33.561909 -1.206127 -0.000250 0.000000
26.615496 3.607288 -0.001760 0.000000
33.934332 -2.460190 0.000220 0.000000
32.878166 -9.992746 0.003250 0.000000
26.854989 3.310648 -0.001639 0.000000
25.679542 -3.146310 0.001047 0.000000
-39.439413 -3.283824 0.001957 0.000000
-37.870716 6.279083 -0.001868 0.000000
-22.480726 3.227930 -0.000324 0.000000
24.499588 1.525182 -0.000735 0.000000
23.342647 2.245763 -0.000941 0.000000
-28.974533 5.213656 -0.001365 0.000000
20.350422 0.570438 0.000054 0.000000
25.344743 -7.449826 0.002775 0.000000
15.599626 -4.858093 0.002916 0.000000
11.589415 -3.679843 0.003419 0.000000
-31.571245 1.099933 0.000256 0.000000
-15.438113 1.403553 0.001006 0.000000
33.317399 3.528747 -0.002151 0.000000
14.133955 -0.000140 0.001232 0.000000
-17.395565 1.011225 0.000960 0.000000
-13.827728 -0.476632 0.002073 0.000000
-34.690127 2.686631 -0.000425 0.000000
28.378773 0.684768 -0.000695 0.000000
29.555171 1.973423 -0.001295 0.000000
-30.905915 6.235975 -0.001790 0.000000
-33.537241 -2.349331 0.001635 0.000000
24.127412 -7.606491 0.002946 0.000000
15.213950 -5.144772 0.003105 0.000000
-30.610227 -3.337357 0.002052 0.000000
16.733917 -6.138894 0.003211 0.000000
1.013480 28.687263 -0.011383 0.000000
33.645856 4.851306 -0.002700 0.000000
-29.995234 1.427249 0.000179 0.000000
36.130140 0.496066 -0.001076 0.000000
38.366244 3.071467 -0.002219 0.000000
38.582080 -4.376315 0.000778 0.000000
27.477165 -1.695196 0.000354 0.000000
-14.664251 -1.823336 0.002506 0.000000
-37.290259 -0.607075 0.000901 0.000000
-27.422560 -2.232436 0.001689 0.000000
36.862856 3.071631 -0.002124 0.000000
27.495176 -5.387969 0.001812 0.000000
-39.148966 -1.320696 0.001176 0.000000
-21.202721 2.577340 0.000028 0.000000
29.248036 2.553774 -0.001509 0.000000
26.220178 4.173516 -0.001953 0.000000
27.802846 -1.357636 0.000168 0.000000
39.535139 2.323850 -0.001939 0.000000
-33.394457 -3.756497 0.002169 0.000000
-20.477033 -4.341656 0.002866 0.000000
-28.919304 -0.434450 0.000933 0.000000
-32.052068 2.547856 -0.000311 0.000000
-33.882077 -5.660381 0.002941 0.000000
-24.924070 -2.486259 0.001906 0.000000
-37.372627 6.953561 -0.002140 0.000000
28.853678 1.619066 -0.001104 0.000000
31.825497 1.399132 -0.001203 0.000000
37.794749 5.134586 -0.003024 0.000000
-36.269451 4.472916 -0.001131 0.000000
-25.402238 4.191852 -0.000851 0.000000
29.818141 5.109067 -0.002587 0.000000
13.154216 0.800918 0.001086 0.000000
-30.339595 -3.943894 0.002324 0.000000
35.254507 -2.285090 0.000079 0.000000
28.089897 -5.880749 0.001970 0.000000
27.126753 -1.360655 0.000241 0.000000
-26.042029 -6.158261 0.003297 0.000000
33.490218 -9.291475 0.002942 0.000000
18.175248 -5.303387 0.002680 0.000000
-2.781538 -3.005160 0.013539 0.000000
1.032206 23.150025 -0.008919 0.000000
0.679238 27.113201 -0.010684 0.000000
36.329714 7.166722 -0.003774 0.000000
-39.265186 3.952009 -0.000947 0.000000
-31.306043 1.295170 0.000184 0.000000
-37.878554 6.949189 -0.002142 0.000000
34.407190 1.137518 -0.001242 0.000000
20.666653 0.264440 0.000144 0.000000
-26.198695 -1.495698 0.001431 0.000000
21.873028 -1.674590 0.000824 0.000000
36.596587 0.036903 -0.000916 0.000000
-22.548121 -2.452993 0.002009 0.000000
-37.089916 -0.551689 0.000881 0.000000
28.128211 -4.962561 0.001597 0.000000
-20.443687 1.503926 0.000506 0.000000
-38.588174 3.772830 -0.000863 0.000000
25.823703 0.658551 -0.000472 0.000000
24.042745 1.598520 -0.000705 0.000000
-37.493049 6.170090 -0.001829 0.000000
-34.641621 6.729019 -0.002032 0.000000
22.587965 -2.533200 0.001092 0.000000
32.536120 1.298748 -0.001205 0.000000
-0.675086 23.750917 -0.009154 0.000000
1.024600 8.961571 -0.001513 0.000000
-37.646473 -5.019443 0.002653 0.000000
19.302392 1.441742 -0.000181 0.000000
26.015210 2.328404 -0.001185 0.000000
-24.462874 1.532568 0.000301 0.000000
-24.700889 2.543077 -0.000142 0.000000
21.760595 -2.445697 0.001131 0.000000
35.056731 -1.306193 -0.000298 0.000000
18.550140 0.318960 0.000385 0.000000
-33.072447 -1.052897 0.001124 0.000000
-26.301167 -5.065968 0.002877 0.000000
-28.983064 -3.686486 0.002226 0.000000
-18.624877 -4.152951 0.002957 0.000000
-35.104729 -7.326485 0.003583 0.000000
34.012265 0.428005 -0.000936 0.000000
23.363984 -0.692457 0.000260 0.000000
-30.052893 -3.947680 0.002325 0.000000
-36.929252 2.206800 -0.000222 0.000000
-30.924109 -1.130578 0.001166 0.000000
36.995004 -6.718275 0.001773 0.000000
22.784920 3.098867 -0.001222 0.000000
19.273274 -2.512003 0.001459 0.000000
-33.160843 -4.823940 0.002622 0.000000
-33.099566 -2.191130 0.001561 0.000000
-14.519700 -3.860369 0.003331 0.000000
-38.409909 -5.878942 0.002991 0.000000
-22.513180 -5.720486 0.003281 0.000000
35.299897 -9.741852 0.003024 0.000000
13.949194 -5.329913 0.003425 0.000000
28.664998 -5.542481 0.001768 0.000000
26.357549 1.596244 -0.000918 0.000000
29.555862 3.291840 -0.001830 0.000000
-30.604399 2.232113 -0.000183 0.000000
12.186452 0.222075 0.001588 0.000000
-1.094357 17.190573 -0.002764 0.000000
-0.635003 33.151378 -0.013275 0.000000
1.096958 30.243894 0.290140 0.000000
-0.516652 30.106930 -0.011970 0.000000
1.049247 19.727291 -0.007330 0.000000
19.293197 -1.888420 0.001186 0.000000
23.837424 -0.732076 0.000253 0.000000
-20.389385 1.812304 0.000397 0.000000
24.254874 0.065413 -0.000124 0.000000
27.898226 0.603966 -0.000626 0.000000
-35.097238 0.260941 0.000569 0.000000
31.403668 -3.662357 0.000849 0.000000
-26.640422 -3.240251 0.002142 0.000000
-31.432457 -4.993789 0.002715 0.000000
25.103820 -8.203272 0.003074 0.000000
-29.994928 2.630071 -0.000309 0.000000
18.514189 -3.196394 0.001811 0.000000
-32.316519 5.643081 -0.001583 0.000000
-18.556968 -0.192837 0.001362 0.000000
32.722108 -7.347681 0.002226 0.000000
13.763619 -4.581880 0.003178 0.000000
28.926898 -4.110379 0.001210 0.000000
25.961288 2.101913 -0.001073 0.000000
-19.773088 2.600792 0.000088 0.000000
-33.853979 4.478776 -0.001116 0.000000
-21.487634 -4.686501 0.002954 0.000000
39.606444 -7.472202 0.001936 0.000000
35.664629 1.427171 -0.001424 0.000000
21.860363 0.762408 -0.000187 0.000000
24.408829 2.027683 -0.000916 0.000000
-26.601407 0.445313 0.000666 0.000000
0.257202 26.538986 -0.010421 0.000000
-0.208222 24.198935 -0.009365 0.000000
-30.137452 -3.663912 0.002210 0.000000
31.761720 -7.695384 0.002418 0.000000
-31.443616 -5.296892 0.002834 0.000000
-10.468417 -4.018544 0.004330 0.000000
-19.856449 -5.250202 0.003274 0.000000
37.906964 -10.349481 0.003161 0.000000
25.495267 3.092355 -0.001464 0.000000
-39.614488 1.070986 0.000209 0.000000
28.797901 1.689382 -0.001129 0.000000
34.976309 -5.062697 0.001200 0.000000
-32.486052 -0.728101 0.001000 0.000000
38.323058 -7.968237 0.002179 0.000000
21.656726 -0.918649 0.000529 0.000000
-32.817154 -3.840157 0.002216 0.000000
29.488243 -5.056697 0.001539 0.000000
0.548185 29.654056 -0.011791 0.000000
-0.729431 25.905949 -0.010118 0.000000
1.096918 29.450104 2.258307 0.000000
1.097405 35.037360 1.169444 0.000000
33.767318 4.564501 -0.002587 0.000000
23.914543 3.145676 -0.001356 0.000000
-27.693807 2.474906 -0.000193 0.000000
21.509627 -3.175570 0.001443 0.000000
-37.843762 5.767678 -0.001703 0.000000
-36.435081 -1.689216 0.001310 0.000000
-29.553841 -3.030170 0.001944 0.000000
-27.250264 -0.502969 0.001026 0.000000
39.669783 -5.229130 0.001061 0.000000
36.283861 6.171535 -0.003348 0.000000
-31.640135 5.871449 -0.001652 0.000000
-21.125186 -1.089574 0.001543 0.000000
35.473865 -7.118555 0.001988 0.000000
24.800253 -1.209614 0.000346 0.000000
-36.064240 2.646298 -0.000395 0.000000
-35.756310 7.348852 -0.002294 0.000000
37.043732 7.807576 -0.004067 0.000000
23.117599 -7.471641 0.002959 0.000000
36.647868 -4.863489 0.001033 0.000000
-1.078883 30.373064 -0.012073 0.000000
0.726844 34.850826 -0.014031 0.000000
21.378866 2.844926 -0.000984 0.000000
-27.910766 3.862988 -0.000770 0.000000
35.958718 2.892563 -0.002018 0.000000
-13.389417 1.008138 0.001495 0.000000
21.193115 -0.748428 0.000506 0.000000
-36.934652 4.374374 -0.001100 0.000000
37.509020 1.989001 -0.001732 0.000000
-39.524560 -2.967021 0.001826 0.000000
-25.558533 -3.747591 0.002381 0.000000
16.514060 -2.194550 0.001714 0.000000
-36.496938 4.074552 -0.000976 0.000000
38.004886 3.099287 -0.002210 0.000000
32.865276 2.448587 -0.001684 0.000000
32.162757 6.145618 -0.003144 0.000000
-32.671056 4.647990 -0.001170 0.000000
21.731191 -0.258067 0.000269 0.000000
-0.644064 26.608680 -0.010433 0.000000
0.674859 22.924308 -0.008806 0.000000
1.846053 7.558917 -0.000584 0.000000
34.173338 -10.209897 0.003288 0.000000
-36.213035 1.460893 0.000076 0.000000
-20.312892 -4.181394 0.002817 0.000000
35.558884 0.430353 -0.001017 0.000000
-31.638784 -2.902937 0.001851 0.000000
28.772754 1.503892 -0.001042 0.000000
-25.410178 0.066455 0.000853 0.000000
-38.189945 -1.562615 0.001273 0.000000
31.338989 -8.556196 0.002781 0.000000
13.369648 -5.113696 0.003467 0.000000
39.631770 -3.411902 0.000314 0.000000
19.759577 -2.255204 0.001279 0.000000
30.988100 -0.947002 -0.000207 0.000000
-25.705847 2.152252 -0.000000 0.000000
-24.882801 1.005512 0.000498 0.000000
22.441823 0.278441 -0.000035 0.000000
23.043701 -1.101696 0.000473 0.000000
-38.409532 6.484240 -0.001954 0.000000
28.304940 -8.507984 0.002954 0.000000
16.286913 -3.427164 0.002256 0.000000
17.962702 -2.857840 0.001756 0.000000
-17.830913 -0.728176 0.001658 0.000000
23.229835 3.532579 -0.001462 0.000000
31.048529 4.782997 -0.002509 0.000000
-30.354771 5.664991 -0.001582 0.000000
30.138902 4.418821 -0.002290 0.000000
31.983505 -4.284725 0.001083 0.000000
-23.288893 -4.669840 0.002824 0.000000
-37.386426 1.391037 0.000099 0.000000
30.824038 0.741776 -0.000873 0.000000
29.146591 2.705371 -0.001539 0.000000
-28.900370 2.530359 -0.000244 0.000000
32.745305 4.725409 -0.002600 0.000000
-27.715141 5.220408 -0.001332 0.000000
0.778166 24.587876 -0.009561 0.000000
1.096697 27.913247 0.076533 0.000000
0.689819 32.126343 -0.012864 0.000000
29.813070 -9.176689 0.003117 0.000000
-23.948325 -3.893650 0.002507 0.000000
-37.608786 -2.857031 0.001793 0.000000
-29.906476 -2.722706 0.001844 0.000000
-20.816304 -3.767849 0.002623 0.000000
39.770859 -1.755412 -0.000313 0.000000
-28.835445 -3.549334 0.002198 0.000000
24.526086 4.082461 -0.001789 0.000000
20.746846 1.426289 -0.000346 0.000000
24.642335 -0.331304 0.000003 0.000000
28.766956 -1.821624 0.000292 0.000000
25.497625 4.195933 -0.001917 0.000000
25.080541 1.075385 -0.000584 0.000000
23.283630 1.665808 -0.000670 0.000000
-27.945412 0.416551 0.000635 0.000000
-24.990675 -2.992953 0.002104 0.000000
39.232956 -1.896669 -0.000269 0.000000
-38.379446 -2.974036 0.001836 0.000000
22.934972 -5.078746 0.002070 0.000000
-32.069017 -6.573895 0.003326 0.000000
38.955812 -5.526468 0.001187 0.000000
-19.026484 1.936860 0.000421 0.000000
-19.043116 1.041609 0.000815 0.000000
31.561991 -3.097751 0.000617 0.000000
38.609696 3.299227 -0.002319 0.000000
35.010687 5.751058 -0.003133 0.000000
-30.850118 3.264958 -0.000581 0.000000
-34.542540 5.382129 -0.001487 0.000000
30.749466 -4.285451 0.001136 0.000000
23.244598 -2.095647 0.000838 0.000000
33.133067 -4.907941 0.001257 0.000000
34.522555 -8.435664 0.002571 0.000000
19.786979 -4.868965 0.002319 0.000000
20.594064 -7.010528 0.003054 0.000000
20.322514 -5.284149 0.002420 0.000000
31.900535 -5.452971 0.001528 0.000000
-22.708738 3.260203 -0.000361 0.000000
-35.638968 -6.389893 0.003210 0.000000
-15.857100 1.135272 0.001075 0.000000
35.752285 2.285286 -0.001775 0.000000
-30.541505 -2.261154 0.001643 0.000000
22.898621 -4.948418 0.002004 0.000000
-20.079996 -0.264692 0.001264 0.000000
16.774247 -0.864631 0.001134 0.000000
-23.958215 1.408037 0.000362 0.000000
-29.676933 0.398246 0.000599 0.000000
23.480823 1.715003 -0.000706 0.000000
-23.402643 -3.902667 0.002525 0.000000
37.911717 -10.920056 0.003361 0.000000
-16.790427 -4.157291 0.003134 0.000000
-28.528250 -6.568007 0.003371 0.000000
1.097383 35.189584 0.068616 0.000000
0.878780 21.135420 -0.007988 0.000000
0.085223 19.641256 -0.007268 0.000000
-1.096826 34.791949 0.600564 0.000000
36.560340 6.789072 -0.003629 0.000000
27.791340 5.244562 -0.002510 0.000000
-18.959825 1.229919 0.000727 0.000000
35.162377 -1.538784 -0.000188 0.000000
29.727654 0.293295 -0.000624 0.000000
30.313658 -0.746658 -0.000243 0.000000
-22.256032 2.796962 -0.000135 0.000000
-38.685506 -3.403412 0.002003 0.000000
23.873547 -3.138562 0.001199 0.000000
20.550334 -3.095912 0.001527 0.000000
-21.930543 -3.158884 0.002323 0.000000
-24.931185 0.964072 0.000512 0.000000
-22.672674 2.036993 0.000153 0.000000
19.378451 0.912929 0.000027 0.000000
17.893676 2.171318 -0.000309 0.000000
-19.922255 2.438465 0.000152 0.000000
-32.722134 4.556484 -0.001134 0.000000
21.673826 0.292683 0.000032 0.000000
-37.291395 -1.308464 0.001164 0.000000
-22.014230 -2.965754 0.002226 0.000000
-27.506878 -5.732458 0.003087 0.000000
-38.432255 3.382806 -0.000709 0.000000
27.147777 -1.135006 0.000131 0.000000
12.475760 -1.864865 0.002431 0.000000
26.733261 -0.136072 -0.000240 0.000000
33.025539 3.110668 -0.001955 0.000000
-15.460810 -1.862783 0.002403 0.000000
-24.547098 -2.514583 0.001927 0.000000
-33.469076 -5.451701 0.002830 0.000000
26.277004 -4.396597 0.001517 0.000000
37.012500 -3.362647 0.000424 0.000000
-35.026482 -7.425859 0.003620 0.000000
-0.134485 17.555854 -0.006259 0.000000
-1.094685 18.490780 -0.002667 0.000000
-0.139322 15.586832 -0.005275 0.000000
31.857114 -0.159751 -0.000574 0.000000
37.047185 1.201027 -0.001401 0.000000
-17.339953 -4.335013 0.003140 0.000000
-20.614765 -0.108393 0.001155 0.000000
35.759957 -2.428529 0.000115 0.000000
32.586491 6.776813 -0.003423 0.000000
-29.077201 -1.789592 0.001470 0.000000
21.471563 -5.623073 0.002425 0.000000
34.978601 -6.011664 0.001578 0.000000
-34.708705 4.368787 -0.001083 0.000000
-20.357826 0.616298 0.000883 0.000000
-35.235793 5.765766 -0.001648 0.000000
-35.106364 3.431744 -0.000704 0.000000
-21.504847 0.349601 0.000934 0.000000
27.158078 -2.393451 0.000647 0.000000
-1.096671 32.828686 0.359100 0.000000
-1.044346 19.956899 -0.007396 0.000000
23.294898 -6.076426 0.002425 0.000000
29.391620 -3.032578 0.000734 0.000000
17.112841 1.664643 0.000004 0.000000
-26.867145 3.917677 -0.000761 0.000000
-27.658639 3.007150 -0.000410 0.000000
-31.167129 2.518697 -0.000288 0.000000
39.028901 -0.014392 -0.001007 0.000000
-21.833114 0.205245 0.000968 0.000000
15.792530 0.227418 0.000825 0.000000
38.647865 7.284629 -0.003925 0.000000
25.919319 -3.623003 0.001217 0.000000
30.194172 -6.552101 0.002068 0.000000
36.421664 -1.446624 -0.000291 0.000000
-22.484258 -5.117824 0.003062 0.000000
39.277444 -6.488186 0.001553 0.000000
26.891896 -2.949446 0.000891 0.000000
1.401192 4.852153 0.001741 0.000000
-33.364597 4.025966 -0.000949 0.000000
24.716705 -3.847077 0.001422 0.000000
31.345567 6.199888 -0.003120 0.000000
38.016043 7.229336 -0.003855 0.000000
-32.096791 -1.150619 0.001160 0.000000
-25.817517 -4.878195 0.002801 0.000000
-17.043874 -4.012069 0.003045 0.000000
-29.715964 -6.666780 0.003399 0.000000
17.598371 -6.325281 0.003159 0.000000
26.522885 -6.856143 0.002450 0.000000
-25.331017 -3.488280 0.002283 0.000000
-21.037717 -1.475643 0.001682 0.000000
22.317543 -1.583446 0.000747 0.000000
27.325903 1.811272 -0.001060 0.000000
-0.541487 11.773519 -0.003210 0.000000
-20.886928 -0.727966 0.001412 0.000000
-34.139744 -2.561445 0.001707 0.000000
27.436497 -7.003646 0.002449 0.000000
17.061152 -4.585651 0.002583 0.000000
-32.969662 -4.797214 0.002593 0.000000
38.026868 -0.694930 -0.000690 0.000000
-39.273524 0.195751 0.000566 0.000000
-33.870173 -5.467165 0.002838 0.000000
-20.995480 -5.462359 0.003266 0.000000
15.972685 -5.751036 0.003197 0.000000
-29.972959 -2.299885 0.001663 0.000000
-27.498590 1.909987 0.000022 0.000000
26.419374 -3.497938 0.001146 0.000000
25.387046 0.950234 -0.000563 0.000000
-25.560878 3.702914 -0.000654 0.000000
-29.550802 3.711145 -0.000744 0.000000
34.776842 3.221171 -0.002075 0.000000
34.629643 4.600737 -0.002645 0.000000
39.119670 2.524671 -0.002028 0.000000
28.044323 -1.331859 0.000143 0.000000
-33.050581 -3.157386 0.001957 0.000000
-22.743414 -0.585535 0.001243 0.000000
29.385149 -6.810052 0.002227 0.000000
0.422014 34.058558 -0.013682 0.000000
-33.836689 5.789965 -0.001651 0.000000
25.390034 0.047577 -0.000188 0.000000
-0.974785 24.355696 -0.009421 0.000000
23.767101 -6.801147 0.002645 0.000000
32.449013 -3.792393 0.000842 0.000000
28.943751 4.778334 -0.002377 0.000000
-34.402000 0.383394 0.000525 0.000000
31.306035 -2.429097 0.000394 0.000000
33.370605 -1.385845 -0.000163 0.000000
-29.306529 3.642792 -0.000715 0.000000
1.097260 33.273373 1.271620 0.000000
-39.829191 -2.082222 0.001468 0.000000
-22.706023 -3.405504 0.002375 0.000000
29.013892 -7.360368 0.002464 0.000000
30.068786 -4.196398 0.001150 0.000000
34.180817 -7.652982 0.002270 0.000000
18.958582 -4.511306 0.002274 0.000000
-32.078443 -4.174369 0.002370 0.000000
-34.497974 3.147187 -0.000589 0.000000
38.409939 3.571742 -0.002419 0.000000
-18.018151 -1.005203 0.001750 0.000000
37.050714 1.912388 -0.001687 0.000000
32.634211 5.713738 -0.002975 0.000000
-33.424872 -2.598416 0.001720 0.000000
33.918000 -8.099255 0.002456 0.000000
31.341594 -4.648918 0.001257 0.000000
21.758811 -3.783615 0.001677 0.000000
-10.012138 -4.010363 0.004486 0.000000
-1.096789 34.400516 0.886544 0.000000
0.114349 26.353010 -0.010334 0.000000
-0.469751 33.387871 -0.013379 0.000000
-20.676871 -3.894776 0.002694 0.000000
22.965470 -7.687190 0.003073 0.000000
39.648264 -5.405340 0.001109 0.000000
-18.074348 -2.102727 0.002181 0.000000
38.791441 -8.227903 0.002265 0.000000
14.535064 -4.608856 0.003026 0.000000
28.698489 0.999384 -0.000838 0.000000
-23.847805 1.229453 0.000448 0.000000
29.815015 4.644410 -0.002391 0.000000
24.706869 1.573990 -0.000765 0.000000
-22.210019 3.266933 -0.000319 0.000000
0.515782 13.325872 -0.004099 0.000000
-0.319520 26.338292 -0.010320 0.000000
-0.895670 30.979835 -0.012337 0.000000
1.097373 34.900458 0.737509 0.000000
-26.914265 -0.371586 0.000973 0.000000
-38.963937 -3.296831 0.001957 0.000000
32.758880 1.813910 -0.001420 0.000000
-31.250542 1.045307 0.000278 0.000000
-28.605434 5.251764 -0.001352 0.000000
25.541617 -7.473913 0.002768 0.000000
-33.804555 -2.145610 0.001545 0.000000
-18.060131 -1.784797 0.002055 0.000000
-33.197459 -2.369932 0.001642 0.000000
-36.366420 3.770874 -0.000854 0.000000
19.869311 2.946733 -0.000889 0.000000
34.026520 4.954915 -0.002760 0.000000
-24.034128 -1.160236 0.001405 0.000000
-30.420469 -3.318730 0.002068 0.000000
-34.315263 2.610745 -0.000394 0.000000
26.486043 4.153754 -0.001973 0.000000
-21.085085 2.537017 0.000050 0.000000
-20.827576 1.097192 0.000661 0.000000
29.459850 2.779030 -0.001582 0.000000
1.004949 28.843788 -0.011451 0.000000
32.792302 -4.901534 0.001271 0.000000
-20.142794 -3.334737 0.002494 0.000000
-27.308181 -2.297090 0.001732 0.000000
-35.678645 -0.804881 0.000986 0.000000
27.746712 -5.398607 0.001804 0.000000
37.222637 3.200015 -0.002193 0.000000
-20.485726 0.647615 0.000862 0.000000
39.089450 -4.378681 0.000759 0.000000
27.815338 -1.695010 0.000307 0.000000
28.709124 3.658297 -0.001919 0.000000
25.751225 4.022466 -0.001862 0.000000
-25.356835 3.638385 -0.000627 0.000000
-28.644318 -0.470649 0.000948 0.000000
-24.737486 -2.500417 0.001917 0.000000
-13.404988 -3.842754 0.003529 0.000000
-33.521882 -5.646135 0.002936 0.000000
36.977287 -1.959430 -0.000097 0.000000
-14.725015 -4.625871 0.003590 0.000000
35.781680 -6.640535 0.001784 0.000000
-19.059408 -2.357835 0.002192 0.000000
28.833041 -0.180895 -0.000371 0.000000
29.073235 1.746651 -0.001164 0.000000
-14.136646 0.931447 0.001394 0.000000
-37.503433 6.834082 -0.002097 0.000000
34.787943 1.197791 -0.001282 0.000000
20.950012 0.326857 0.000093 0.000000
-30.998113 1.240201 0.000207 0.000000
-25.944609 -1.484365 0.001458 0.000000
35.643091 -2.262389 0.000056 0.000000
36.783025 7.309945 -0.003850 0.000000
-25.203335 4.124461 -0.000819 0.000000
30.125564 5.206203 -0.002639 0.000000
27.384312 -1.334026 0.000215 0.000000
-25.810510 -6.140893 0.003300 0.000000
33.809073 -9.336904 0.002949 0.000000
33.197323 2.882685 -0.001875 0.000000
38.280027 5.255783 -0.003089 0.000000
-35.909104 4.382937 -0.001099 0.000000
34.438673 0.442985 -0.000961 0.000000
-20.315679 1.467116 0.000529 0.000000
-38.178826 3.684690 -0.000829 0.000000
0.659645 27.385640 -0.010804 0.000000
0.959925 15.381850 -0.005195 0.000000
-25.097999 -1.575300 0.001511 0.000000
-22.239147 -2.479130 0.002030 0.000000
-36.682703 -0.594078 0.000894 0.000000
28.389718 -4.969320 0.001586 0.000000
22.042209 -1.655480 0.000803 0.000000
37.028264 0.088249 -0.000954 0.000000
-34.325445 6.624676 -0.001993 0.000000
32.884103 1.358660 -0.001243 0.000000
22.763404 -2.520435 0.001075 0.000000
-37.206816 -5.011354 0.002650 0.000000
-22.844617 -5.235804 0.003089 0.000000
-24.295861 1.491021 0.000320 0.000000
21.991278 -2.588181 0.001182 0.000000
35.446819 -1.272571 -0.000324 0.000000
26.333266 2.420559 -0.001246 0.000000
34.381921 0.479507 -0.000973 0.000000
-26.079219 -5.059632 0.002877 0.000000
-28.410299 -3.695979 0.002236 0.000000
-13.619394 -4.501985 0.003740 0.000000
-34.622953 -7.389666 0.003608 0.000000
-28.195186 2.740349 -0.000316 0.000000
29.846843 3.366615 -0.001874 0.000000
0.366794 20.985641 -0.007907 0.000000
-29.893872 -3.848481 0.002289 0.000000
-39.611172 0.054133 0.000617 0.000000
-32.814323 -4.818779 0.002617 0.000000
-37.879816 -5.897926 0.002972 0.000000
-22.332261 -5.707957 0.003281 0.000000
35.630911 -9.603955 0.002988 0.000000
-36.541255 2.136416 -0.000199 0.000000
-30.614566 -1.161700 0.001181 0.000000
37.395343 -6.758092 0.001751 0.000000
20.572923 1.560274 -0.000377 0.000000
-30.336915 2.332754 -0.000212 0.000000
38.015200 -3.049579 0.000250 0.000000
12.810463 -4.482706 0.003376 0.000000
-34.195433 0.612480 0.000436 0.000000
24.038271 -0.703203 0.000229 0.000000
-0.652284 33.291887 -0.013334 0.000000
1.097005 30.698091 0.376483 0.000000
-0.533136 30.258912 -0.012032 0.000000
-0.786379 34.911658 2.359725 0.000000
24.445128 0.099622 -0.000154 0.000000
29.632028 3.539427 -0.001927 0.000000
-32.017176 5.548845 -0.001546 0.000000
-32.726706 1.828445 -0.000037 0.000000
18.727922 -3.183382 0.001782 0.000000
25.284882 -8.229981 0.003074 0.000000
31.707969 -3.655623 0.000834 0.000000
-32.391345 -2.011031 0.001508 0.000000
25.168495 0.905871 -0.000531 0.000000
30.919018 3.463992 -0.001976 0.000000
-27.994771 4.791026 -0.001174 0.000000
19.477579 -2.621960 0.001477 0.000000
-34.736009 0.212633 0.000586 0.000000
33.169684 -0.001991 -0.000685 0.000000
33.035732 -7.375452 0.002226 0.000000
29.097529 -4.067374 0.001164 0.000000
-21.031552 0.535347 0.000870 0.000000
-25.215625 -0.680649 0.001165 0.000000
-32.409300 -4.173083 0.002367 0.000000
-21.338725 -4.683909 0.002958 0.000000
-21.233269 1.859446 0.000306 0.000000
22.018917 0.799120 -0.000215 0.000000
-26.277438 0.544678 0.000621 0.000000
21.504502 -0.942212 0.000549 0.000000
32.051215 -7.724841 0.002415 0.000000
29.533094 -4.453324 0.001284 0.000000
-31.132753 -5.287207 0.002834 0.000000
-27.677449 -2.214131 0.001676 0.000000
-19.720674 -5.242994 0.003279 0.000000
38.364254 -10.422134 0.003177 0.000000
30.845486 -5.820938 0.001748 0.000000
-0.220615 24.303077 -0.009413 0.000000
0.525753 29.965598 -0.011929 0.000000
-0.759455 26.126558 -0.010218 0.000000
-39.149031 1.006904 0.000231 0.000000
-21.889841 2.323664 0.000091 0.000000
-27.515824 2.566447 -0.000240 0.000000
31.861947 -1.041450 -0.000220 0.000000
21.527189 -7.378099 0.003079 0.000000
37.531350 -8.941522 0.002606 0.000000
38.755641 -8.007994 0.002180 0.000000
27.537407 -3.983398 0.001239 0.000000
34.151583 4.665346 -0.002648 0.000000
19.480499 2.604800 -0.000698 0.000000
-37.454407 0.695158 0.000372 0.000000
36.649733 -4.421869 0.000864 0.000000
29.763989 -5.063967 0.001522 0.000000
-21.729627 1.614563 0.000378 0.000000
0.072539 10.544927 -0.002493 0.000000
0.315965 34.338591 -0.013804 0.000000
-28.473890 -4.739370 0.002673 0.000000
-29.285940 -3.127673 0.001990 0.000000
-27.182627 -0.400027 0.000955 0.000000
25.359106 -5.535133 0.002035 0.000000
37.436512 4.947253 -0.002921 0.000000
-37.439871 5.594873 -0.001601 0.000000
21.653276 -3.167793 0.001430 0.000000
26.679469 -0.764253 0.000018 0.000000
-31.857727 0.886971 0.000357 0.000000
-20.860700 -1.131086 0.001573 0.000000
-31.373978 5.782603 -0.001619 0.000000
36.699326 6.191996 -0.003390 0.000000
35.806072 7.417300 -0.003843 0.000000
-30.815516 -0.073816 0.000739 0.000000
30.239795 -3.353925 0.000803 0.000000
35.842355 -7.146528 0.001983 0.000000
-21.101634 0.259777 0.000983 0.000000
-27.725563 3.603698 -0.000671 0.000000
33.495276 0.521371 -0.000940 0.000000
-21.896666 -1.224835 0.001545 0.000000
21.280169 -4.872897 0.002140 0.000000
37.058131 -4.868956 0.001021 0.000000
37.526420 7.965439 -0.004147 0.000000
-35.419045 7.235146 -0.002252 0.000000
-17.617965 -5.051828 0.003399 0.000000
-36.132237 3.988363 -0.000942 0.000000
-21.305292 0.599570 0.000835 0.000000
38.479735 3.191699 -0.002268 0.000000
-1.096393 29.613534 0.106294 0.000000
-0.662432 26.930144 -0.010575 0.000000
-39.045548 -2.983843 0.001829 0.000000
25.034699 -8.134526 0.003057 0.000000
14.371093 -2.798871 0.002354 0.000000
-39.430381 -2.698012 0.001684 0.000000
-34.928101 -3.733686 0.002157 0.000000
19.192246 1.027734 0.000001 0.000000
27.428422 4.156675 -0.002035 0.000000
-36.556937 4.283011 -0.001067 0.000000
24.159913 -2.010925 0.000740 0.000000
37.971044 1.937950 -0.001736 0.000000
-32.380569 4.565656 -0.001137 0.000000
-35.839263 1.399797 0.000102 0.000000
34.378987 -10.321273 0.003305 0.000000
-32.918889 -3.097344 0.001935 0.000000
17.572060 -3.087666 0.001907 0.000000
-20.024696 -4.181003 0.002833 0.000000
39.474305 -5.293911 0.001073 0.000000
-18.259681 -2.007719 0.002122 0.000000
31.413084 -6.482897 0.001997 0.000000
25.886559 -3.191995 0.001072 0.000000
35.970483 0.485158 -0.001055 0.000000
-28.407577 3.803356 -0.000758 0.000000
-25.523934 2.104779 0.000021 0.000000
31.297114 -0.913478 -0.000233 0.000000
-34.390679 -2.096136 0.001511 0.000000
31.623266 -8.593136 0.002786 0.000000
39.122886 5.081502 -0.003052 0.000000
-24.674915 2.291607 -0.000035 0.000000
27.104154 3.752409 -0.001846 0.000000
-25.213144 0.032026 0.000868 0.000000
-23.096103 -4.665526 0.002829 0.000000
-16.085876 -4.876800 0.003495 0.000000
16.919516 -5.291584 0.002868 0.000000
31.467197 4.795561 -0.002549 0.000000
-21.649609 1.441532 0.000464 0.000000
-17.360093 -1.513944 0.002013 0.000000
-38.009121 6.368474 -0.001915 0.000000
23.225424 -1.077427 0.000447 0.000000
33.114915 4.827198 -0.002652 0.000000
-28.665940 2.473005 -0.000223 0.000000
-36.979556 1.327506 0.000117 0.000000
31.138842 0.793083 -0.000908 0.000000
-27.493167 5.142259 -0.001300 0.000000
-37.179232 -2.874073 0.001796 0.000000
-23.768901 -3.896864 0.002513 0.000000
30.063266 -9.215797 0.003122 0.000000
-29.634456 -2.737532 0.001849 0.000000
-20.667682 -3.770913 0.002630 0.000000
-28.578700 -3.556321 0.002203 0.000000
-0.810340 29.888682 -0.011866 0.000000
-0.685155 23.147015 -0.008881 0.000000
-0.121927 26.329154 -0.010320 0.000000
0.620126 33.157317 -0.013306 0.000000
0.678468 32.310151 -0.012943 0.000000
24.840238 -0.299448 -0.000020 0.000000
-38.144025 7.782292 -0.002489 0.000000
28.911247 -1.878420 0.000307 0.000000
31.868677 -3.085703 0.000596 0.000000
-37.925503 -2.990283 0.001840 0.000000
39.102437 3.396093 -0.002378 0.000000
-24.600965 -3.013759 0.002121 0.000000
39.721317 -1.866438 -0.000299 0.000000
-27.717961 0.376909 0.000654 0.000000
39.358542 -5.412559 0.001127 0.000000
-29.397987 1.770136 0.000038 0.000000
25.303726 1.121980 -0.000619 0.000000
21.516718 3.034988 -0.001081 0.000000
24.649791 0.984782 -0.000522 0.000000
20.722664 -7.168724 0.003100 0.000000
34.899548 -8.480554 0.002577 0.000000
-21.069364 -0.529042 0.001305 0.000000
-18.046087 -3.643321 0.002810 0.000000
-35.227595 -6.365739 0.003196 0.000000
35.361837 2.485952 -0.001828 0.000000
-30.584477 3.197641 -0.000555 0.000000
-29.918887 1.880037 -0.000009 0.000000
-31.768386 0.927323 0.000341 0.000000
-34.217089 5.287964 -0.001453 0.000000
35.188811 -0.484039 -0.000624 0.000000
36.178663 2.363709 -0.001817 0.000000
30.557608 -5.807240 0.001758 0.000000
36.664554 -10.154887 0.003129 0.000000
33.991674 -1.629070 -0.000102 0.000000
-30.259608 -2.280537 0.001653 0.000000
23.054661 -4.952272 0.001994 0.000000
0.505876 18.879215 -0.006915 0.000000
-0.390394 22.272407 -0.008486 0.000000
-19.648078 -1.212894 0.001695 0.000000
-18.939417 1.011294 0.000832 0.000000
35.589157 -1.506632 -0.000214 0.000000
30.012970 0.337326 -0.000655 0.000000
-23.221018 -3.905171 0.002533 0.000000
38.322704 -10.989411 0.003376 0.000000
28.139155 5.203121 -0.002491 0.000000
-17.472499 -3.559845 0.002834 0.000000
34.421427 -1.993165 0.000018 0.000000
-28.233847 -6.542902 0.003365 0.000000
15.308084 -5.408102 0.003188 0.000000
20.882598 -5.402489 0.002400 0.000000
33.346486 -5.757321 0.001571 0.000000
-29.418997 0.356177 0.000617 0.000000
-23.714329 1.469841 0.000354 0.000000
-22.598026 2.025116 0.000172 0.000000
32.386055 -2.170425 0.000203 0.000000
-38.307069 -3.489819 0.002004 0.000000
16.676940 -3.737018 0.002313 0.000000
-21.629810 -3.174780 0.002343 0.000000
17.719719 -5.601743 0.002867 0.000000
39.419141 -5.540150 0.001177 0.000000
-22.109058 2.748961 -0.000111 0.000000
30.610604 -0.711834 -0.000272 0.000000
-17.911440 -0.968057 0.001733 0.000000
-34.661661 -0.798197 0.000966 0.000000
-32.525411 4.516262 -0.001148 0.000000
-27.287353 -5.595365 0.003045 0.000000
-36.858691 -1.343194 0.001176 0.000000
-31.272264 -5.145549 0.002772 0.000000
38.829905 -5.307825 0.001111 0.000000
1.097446 35.465602 1.244633 0.000000
-38.012717 3.296771 -0.000678 0.000000
-24.355400 -2.528569 0.001936 0.000000
-33.178786 -5.460805 0.002859 0.000000
-28.768267 -3.612762 0.002194 0.000000
24.755211 -6.574643 0.002474 0.000000
26.967157 -0.099724 -0.000270 0.000000
28.760010 1.077353 -0.000859 0.000000
27.385364 -1.107307 0.000104 0.000000
-34.378111 4.283781 -0.001048 0.000000
-20.081068 0.628203 0.000895 0.000000
0.234466 26.780263 -0.010528 0.000000
-28.700581 -1.693545 0.001452 0.000000
30.462111 -2.204797 0.000337 0.000000
35.349629 -6.028901 0.001573 0.000000
-35.619206 -2.127756 0.001509 0.000000
32.962382 6.904589 -0.003487 0.000000
37.500140 1.268171 -0.001441 0.000000
-34.897633 5.666126 -0.001613 0.000000
27.360231 -2.371345 0.000614 0.000000
33.045300 -0.990627 -0.000307 0.000000
24.279062 -5.729865 0.002191 0.000000
-27.533866 2.920911 -0.000394 0.000000
-26.670940 3.855224 -0.000734 0.000000
39.524408 0.040015 -0.001047 0.000000
36.864189 -1.412929 -0.000325 0.000000
30.477141 -6.416095 0.002011 0.000000
27.138816 -2.938056 0.000874 0.000000
-35.626038 -4.816722 0.002579 0.000000
-22.318435 -5.111711 0.003065 0.000000
39.693051 -6.453395 0.001551 0.000000
-27.139988 3.165451 -0.000466 0.000000
22.573026 -1.484534 0.000667 0.000000
-29.416804 -6.642335 0.003391 0.000000
24.920671 -3.844212 0.001406 0.000000
18.165344 -6.238285 0.003042 0.000000
-25.752287 -4.928903 0.002833 0.000000
-31.861015 -1.034326 0.001123 0.000000
-28.404668 1.970849 -0.000013 0.000000
-32.901209 4.048245 -0.000939 0.000000
-27.335529 2.742796 -0.000310 0.000000
-33.785365 -2.579980 0.001712 0.000000
27.677032 -7.027573 0.002444 0.000000
-38.821482 0.142831 0.000580 0.000000
-32.565938 -4.646744 0.002549 0.000000
37.795306 -6.350031 0.001575 0.000000
-29.402292 -2.337440 0.001684 0.000000
-20.740320 -5.456450 0.003297 0.000000
-1.024308 15.191009 -0.005056 0.000000
25.550795 0.805085 -0.000526 0.000000
25.563559 0.101386 -0.000224 0.000000
-35.372591 4.744997 -0.001244 0.000000
-33.530239 5.695615 -0.001612 0.000000
-32.710426 -3.169496 0.001963 0.000000
29.511484 -6.988654 0.002288 0.000000
23.719480 2.926569 -0.001235 0.000000
37.917413 0.731806 -0.001237 0.000000
14.750096 -0.789959 0.001450 0.000000
35.122226 3.349635 -0.002162 0.000000
35.041768 4.706468 -0.002706 0.000000
-26.171231 4.456120 -0.000965 0.000000
31.582831 -2.522475 0.000390 0.000000
39.089102 0.576970 -0.001245 0.000000
32.692994 -3.636007 0.000782 0.000000
10.532870 -2.900175 0.003473 0.000000
27.381997 -2.401079 0.000628 0.000000
19.317740 -1.095390 0.000873 0.000000
31.436885 4.132144 -0.002276 0.000000
28.079299 4.509082 -0.002222 0.000000
21.082777 -6.682022 0.002868 0.000000
34.523712 -7.685386 0.002268 0.000000
30.215425 -4.059407 0.001101 0.000000
15.392824 -2.443953 0.002015 0.000000
-25.521597 -1.530374 0.001483 0.000000
-31.743354 -4.175348 0.002370 0.000000
-21.050423 -4.439561 0.002868 0.000000
-39.217207 -2.133319 0.001483 0.000000
-22.416482 -3.503962 0.002423 0.000000
29.259350 -7.385133 0.002460 0.000000
-32.543116 5.831355 -0.001659 0.000000
31.593472 -4.622466 0.001225 0.000000
-33.213208 -2.485703 0.001683 0.000000
34.258753 -8.136056 0.002458 0.000000
30.685327 4.059623 -0.002204 0.000000
18.388895 2.452859 -0.000501 0.000000
34.318217 -1.137451 -0.000305 0.000000
-29.509073 -0.752596 0.001052 0.000000
-23.690915 1.148567 0.000472 0.000000
28.968981 1.049139 -0.000871 0.000000
30.120393 4.735868 -0.002442 0.000000
0.227343 31.706610 2.360499 0.000000
-30.788290 -3.071061 0.001955 0.000000
-20.402693 -3.899985 0.002711 0.000000
39.240280 -8.271924 0.002267 0.000000
-36.907351 0.773187 0.000313 0.000000
-16.260646 -4.726448 0.003416 0.000000
24.735926 -5.873104 0.002212 0.000000
-11.382976 0.402488 0.002179 0.000000
24.932436 1.573912 -0.000791 0.000000
24.156968 -4.479332 0.001706 0.000000
-38.496873 -3.309167 0.001960 0.000000
1.097423 35.474858 0.744944 0.000000
33.118368 1.880767 -0.001458 0.000000
-17.005627 1.020713 0.000999 0.000000
25.649447 -7.618095 0.002810 0.000000
39.028692 -4.568128 0.000813 0.000000
32.771984 -8.002389 0.002491 0.000000
20.489638 0.603593 0.000030 0.000000
-30.933628 0.991679 0.000304 0.000000
-30.410751 6.060430 -0.001719 0.000000
-34.036569 2.536310 -0.000340 0.000000
30.141071 2.097606 -0.001375 0.000000
-32.855990 -2.390197 0.001648 0.000000
24.320255 -7.633297 0.002943 0.000000
-23.856785 -1.183664 0.001420 0.000000
20.189205 2.853234 -0.000865 0.000000
34.428588 5.064011 -0.002817 0.000000
-26.541665 -0.143983 0.000897 0.000000
26.514293 -4.398588 0.001505 0.000000
-35.939490 3.724720 -0.000869 0.000000
36.842055 0.600037 -0.001130 0.000000
27.142094 -2.417469 0.000649 0.000000
29.827245 2.689278 -0.001593 0.000000
26.724906 4.335140 -0.002045 0.000000
-15.357114 1.401145 0.001018 0.000000
-27.164477 -2.250742 0.001699 0.000000
-38.241073 -1.391570 0.001197 0.000000
-38.551085 -5.685827 0.002903 0.000000
-22.400846 2.844608 -0.000156 0.000000
-21.259601 0.085146 0.001037 0.000000
39.525478 -4.263261 0.000668 0.000000
37.704311 3.295882 -0.002253 0.000000
-36.635559 6.724654 -0.002055 0.000000
29.060235 -0.199780 -0.000365 0.000000
29.526737 1.714652 -0.001172 0.000000
-33.705475 -4.809387 0.002597 0.000000
-28.489780 -0.746405 0.001065 0.000000
28.993954 3.737038 -0.001964 0.000000
25.983348 4.097361 -0.001906 0.000000
-33.157604 -5.631385 0.002930 0.000000
37.293235 -1.908335 -0.000162 0.000000
36.169673 -6.664961 0.001781 0.000000
-20.326715 -4.340169 0.002872 0.000000
30.439831 5.305204 -0.002696 0.000000
-35.551351 4.294134 -0.001065 0.000000
-25.464343 -0.312711 0.000985 0.000000
34.823984 0.495851 -0.000998 0.000000
32.498807 1.519524 -0.001281 0.000000
33.566112 2.962185 -0.001922 0.000000
38.778912 5.379996 -0.003157 0.000000
-29.613216 -3.852768 0.002293 0.000000
-25.700435 -6.146429 0.003312 0.000000
34.142641 -9.384897 0.002958 0.000000
18.375776 -5.313703 0.002661 0.000000
-39.707402 -2.106195 0.001472 0.000000
37.261425 7.460778 -0.003926 0.000000
28.632498 -5.876078 0.001927 0.000000
36.048643 -2.239089 0.000034 0.000000
-38.370022 3.760967 -0.000878 0.000000
-30.687686 1.242458 0.000227 0.000000
-37.119868 6.716942 -0.002057 0.000000
35.190136 1.261121 -0.001322 0.000000
-36.717662 5.948036 -0.001749 0.000000
-37.762409 3.595523 -0.000798 0.000000
28.662095 -4.976676 0.001576 0.000000
1.007258 23.376681 -0.009020 0.000000
37.477522 0.141349 -0.000989 0.000000
19.511976 1.894569 -0.000399 0.000000
-0.702396 23.934488 -0.009237 0.000000
-26.354116 3.957230 -0.000767 0.000000
22.070955 -2.419897 0.001095 0.000000
-29.260524 -2.245186 0.001659 0.000000
26.487315 2.447686 -0.001259 0.000000
-36.763987 -5.002882 0.002642 0.000000
-22.672251 -5.228582 0.003090 0.000000
-18.507422 1.629090 0.000593 0.000000
-15.617932 -1.299378 0.002144 0.000000
33.245074 1.420526 -0.001282 0.000000
-28.206872 -3.780530 0.002278 0.000000
-34.221587 -7.353344 0.003588 0.000000
-29.017383 -0.479816 0.000961 0.000000
34.918833 -2.114838 0.000066 0.000000
-25.856843 -5.053013 0.002878 0.000000
-32.419997 -1.118642 0.001147 0.000000
34.772667 0.533593 -0.001009 0.000000
35.515956 6.604514 -0.003496 0.000000
-16.222524 -0.413489 0.001690 0.000000
26.824881 1.700529 -0.000986 0.000000
30.154058 3.445231 -0.001918 0.000000
-27.969602 2.682227 -0.000291 0.000000
-32.524830 1.264588 0.000190 0.000000
23.013404 3.253918 -0.001318 0.000000
37.905617 -6.778913 0.001767 0.000000
-39.145137 0.001983 0.000635 0.000000
-32.472406 -4.813290 0.002617 0.000000
-32.565722 -2.211028 0.001559 0.000000
-37.482229 -5.840882 0.002968 0.000000
36.021578 -9.849130 0.003041 0.000000
0.784266 18.941899 -0.006950 0.000000
-0.692895 33.503450 -0.013425 0.000000
-36.151008 2.066154 -0.000176 0.000000
-30.300219 -1.192982 0.001196 0.000000
24.644176 0.135192 -0.000179 0.000000
38.474976 -3.034293 0.000229 0.000000
29.219189 -5.049942 0.001547 0.000000
-29.565717 -4.949096 0.002710 0.000000
-30.015694 2.106473 -0.000127 0.000000
28.414302 0.694418 -0.000691 0.000000
0.723536 21.356882 -0.008088 0.000000
-0.565751 30.548226 -0.012158 0.000000
1.031103 19.958954 -0.007442 0.000000
25.473847 -8.258226 0.003073 0.000000
-34.374763 0.164729 0.000605 0.000000
-31.817407 5.482209 -0.001508 0.000000
-32.478060 1.796504 -0.000042 0.000000
-25.026679 -0.708453 0.001180 0.000000
33.406355 -0.102001 -0.000678 0.000000
-38.238042 7.811071 -0.002504 0.000000
-33.229448 4.311843 -0.001052 0.000000
29.214227 -4.109700 0.001197 0.000000
-21.040447 -4.678016 0.002969 0.000000
-18.271748 -0.030282 0.001318 0.000000
26.248843 2.387557 -0.001222 0.000000
29.805106 -4.454425 0.001273 0.000000
32.358721 -7.756601 0.002417 0.000000
-38.724332 1.023126 0.000228 0.000000
-29.783853 -0.719193 0.001037 0.000000
-7.075277 -3.608648 0.005849 0.000000
-30.816986 -5.277004 0.002828 0.000000
38.842564 -10.498537 0.003191 0.000000
31.145811 -5.835589 0.001742 0.000000
0.970707 17.596225 -0.006303 0.000000
21.662601 -7.396434 0.003077 0.000000
37.950621 -8.991914 0.002614 0.000000
-38.986267 1.221351 0.000144 0.000000
39.208540 -8.050127 0.002184 0.000000
27.774819 -3.980448 0.001226 0.000000
29.978178 -5.195188 0.001556 0.000000
34.556765 4.771348 -0.002704 0.000000
24.311520 3.269084 -0.001435 0.000000
19.752603 2.700715 -0.000763 0.000000
-27.268024 2.367130 -0.000145 0.000000
15.740754 1.175769 0.000427 0.000000
25.571111 -5.546160 0.002025 0.000000
-37.047399 5.488528 -0.001560 0.000000
-38.055015 4.200813 -0.001046 0.000000
21.952963 -3.152294 0.001396 0.000000
33.373754 -2.207876 0.000165 0.000000
37.922654 5.066893 -0.002988 0.000000
30.483892 -3.346920 0.000805 0.000000
-20.963625 0.229575 0.001000 0.000000
37.195158 -4.372110 0.000823 0.000000
-24.260350 4.092261 -0.000759 0.000000
37.173294 6.327113 -0.003461 0.000000
36.263788 7.566816 -0.003920 0.000000
-31.105125 5.693356 -0.001584 0.000000
36.232936 -7.176625 0.001980 0.000000
-39.575394 -2.073281 0.001456 0.000000
-31.467816 0.876827 0.000359 0.000000
-35.082256 7.122223 -0.002208 0.000000
38.023523 8.127605 -0.004230 0.000000
-35.328166 2.500977 -0.000342 0.000000
-1.096485 30.488294 -0.011830 0.000000
-26.274683 -4.889630 0.002797 0.000000
23.593427 -7.533831 0.002951 0.000000
37.488231 -4.875162 0.001011 0.000000
22.140015 -2.030627 0.000932 0.000000
-27.471777 3.731014 -0.000714 0.000000
33.868930 0.574814 -0.000974 0.000000
36.754373 3.106470 -0.002141 0.000000
-23.920665 3.971766 -0.000703 0.000000
-35.757928 3.900492 -0.000911 0.000000
38.985178 3.289606 -0.002322 0.000000
38.833034 4.779297 -0.002914 0.000000
25.216150 -8.161158 0.003053 0.000000
22.546522 -4.649040 0.001942 0.000000
-39.044928 -2.637864 0.001686 0.000000
36.485967 -3.095125 0.000352 0.000000
0.702647 35.274290 -0.014207 0.000000
0.657948 23.118388 -0.008894 0.000000
27.638978 4.292531 -0.002096 0.000000
21.953592 3.385184 -0.001270 0.000000
-30.624017 4.328710 -0.001022 0.000000
-36.174659 4.191164 -0.001033 0.000000
21.342165 -0.723707 0.000484 0.000000
26.116256 -3.183411 0.001051 0.000000
36.394382 0.541192 -0.001094 0.000000
34.724602 -10.379984 0.003317 0.000000
31.877362 -6.421657 0.001922 0.000000
-32.576214 -3.109975 0.001937 0.000000
-35.457559 1.337902 0.000121 0.000000
-21.885206 -1.059133 0.001465 0.000000
-31.097821 -2.968144 0.001906 0.000000
21.982225 -0.392384 0.000296 0.000000
-14.656659 -4.412087 0.003528 0.000000
-19.109268 0.831820 0.000881 0.000000
-35.433228 2.838316 -0.000482 0.000000
32.901016 6.385188 -0.003270 0.000000
30.687559 3.436567 -0.001934 0.000000
-24.478751 2.205811 0.000018 0.000000
29.347949 1.618401 -0.001117 0.000000
31.920199 -8.632169 0.002785 0.000000
17.701710 -5.044696 0.002654 0.000000
-25.144798 0.182873 0.000796 0.000000
19.885682 -2.242288 0.001259 0.000000
-28.089014 3.657174 -0.000709 0.000000
-25.337193 2.056415 0.000046 0.000000
-27.798621 1.270320 0.000283 0.000000
-29.779257 5.523890 -0.001510 0.000000
30.615974 4.625203 -0.002413 0.000000
28.771360 -8.574409 0.002961 0.000000
0.769769 24.698098 -0.009610 0.000000
0.607992 33.313250 -0.013373 0.000000
23.415679 -1.052208 0.000425 0.000000
-37.752109 7.654807 -0.002440 0.000000
29.178024 -1.856226 0.000282 0.000000
30.206102 -9.262962 0.003154 0.000000
24.957131 4.229109 -0.001877 0.000000
33.814787 6.811240 -0.003492 0.000000
-27.272105 5.064843 -0.001264 0.000000
-23.062556 -0.756761 0.001290 0.000000
-29.358371 -2.752264 0.001860 0.000000
31.131309 -3.101056 0.000676 0.000000
-28.318360 -3.563117 0.002209 0.000000
29.771267 2.921547 -0.001675 0.000000
-36.573226 1.264496 0.000142 0.000000
31.507953 0.793738 -0.000927 0.000000
33.497785 4.932354 -0.002712 0.000000
-28.429990 2.415655 -0.000197 0.000000
-29.132849 1.714773 0.000060 0.000000
25.538232 1.170723 -0.000653 0.000000
23.925611 2.988389 -0.001272 0.000000
-12.622720 -0.749525 0.002418 0.000000
0.666992 32.489381 -0.013019 0.000000
-27.488350 0.337269 0.000671 0.000000
-31.397977 -6.525838 0.003308 0.000000
39.898476 -5.554806 0.001163 0.000000
20.690167 -3.088192 0.001512 0.000000
32.033027 -3.142389 0.000631 0.000000
25.200358 -1.159972 0.000299 0.000000
-20.929315 -0.554085 0.001322 0.000000
-21.434252 1.470870 0.000464 0.000000
20.462350 -5.291638 0.002411 0.000000
-34.824377 -6.341703 0.003188 0.000000
35.293636 -8.527912 0.002581 0.000000
33.868638 -4.922840 0.001235 0.000000
-33.889200 5.193600 -0.001419 0.000000
-30.316749 3.130222 -0.000530 0.000000
37.061436 -10.216580 0.003137 0.000000
34.367672 -1.599734 -0.000131 0.000000
23.389402 -4.961407 0.001974 0.000000
-17.273863 -1.682414 0.002101 0.000000
34.257409 0.630043 -0.001010 0.000000
36.623001 2.445050 -0.001867 0.000000
-23.553896 1.429551 0.000375 0.000000
-0.824491 18.752195 -0.006827 0.000000
-0.005282 22.751248 -0.008713 0.000000
0.863490 24.904289 -0.009706 0.000000
1.097402 35.145798 0.736727 0.000000
0.857442 21.387542 -0.008105 0.000000
28.061734 -2.554189 0.000650 0.000000
34.805565 -1.967580 -0.000006 0.000000
21.027721 -5.410698 0.002392 0.000000
-27.965419 -6.423869 0.003345 0.000000
30.314010 0.383459 -0.000688 0.000000
35.990705 -1.479784 -0.000264 0.000000
19.507392 0.947328 -0.000001 0.000000
-37.798820 -3.498694 0.002005 0.000000
30.919569 -0.675927 -0.000301 0.000000
29.036804 -1.798611 0.000269 0.000000
-37.889541 4.760615 -0.001271 0.000000
39.272143 -5.351293 0.001120 0.000000
21.905524 -3.404739 0.001508 0.000000
18.528009 1.247427 0.000008 0.000000
25.271799 1.934452 -0.000963 0.000000
-12.215594 -3.970706 0.003830 0.000000
-27.039483 -5.583223 0.003045 0.000000
-36.421572 -1.377899 0.001188 0.000000
-32.130284 4.391534 -0.001071 0.000000
-24.922045 -1.327931 0.001422 0.000000
33.890798 3.247291 -0.002052 0.000000
24.940435 -6.590980 0.002472 0.000000
39.680862 -6.746588 0.001678 0.000000
-32.708422 -5.459086 0.002862 0.000000
37.889550 -3.339961 0.000387 0.000000
-24.165699 -2.542140 0.001947 0.000000
32.427119 -0.095621 -0.000619 0.000000
28.816029 5.362875 -0.002615 0.000000
36.112907 -5.703025 0.001410 0.000000
-24.219348 1.081498 0.000468 0.000000
-14.400384 -0.742402 0.002086 0.000000
-39.463461 2.519999 -0.000391 0.000000
-34.041019 4.197541 -0.001018 0.000000
-22.072905 3.218296 -0.000297 0.000000
-34.256299 -2.692625 0.001747 0.000000
-17.061970 -4.398574 0.003196 0.000000
36.467226 -2.215487 0.000004 0.000000
30.758110 -2.184600 0.000314 0.000000
35.731315 -6.047048 0.001563 0.000000
-0.484078 17.572539 -0.006261 0.000000
0.910619 19.755497 -0.007341 0.000000
0.222950 26.897181 -0.010578 0.000000
37.972532 1.337820 -0.001489 0.000000
21.490747 -0.476966 0.000369 0.000000
-26.474707 3.793188 -0.000707 0.000000
-27.300697 2.859293 -0.000365 0.000000
23.545359 -6.059365 0.002386 0.000000
-35.717479 -0.496804 0.000853 0.000000
27.668755 -2.359720 0.000606 0.000000
33.404641 -0.954963 -0.000333 0.000000
24.464872 -5.740706 0.002185 0.000000
-34.555758 5.565960 -0.001577 0.000000
-34.478664 3.345962 -0.000696 0.000000
30.778099 -6.437257 0.002007 0.000000
26.345224 -3.611562 0.001187 0.000000
27.394921 -2.926507 0.000854 0.000000
-18.640047 -2.972589 0.002473 0.000000
-35.214280 -4.810483 0.002576 0.000000
-22.151784 -5.105330 0.003069 0.000000
37.333511 -1.377586 -0.000354 0.000000
22.491059 -0.792804 0.000409 0.000000
27.818895 2.021826 -0.001173 0.000000
25.135207 -3.841426 0.001393 0.000000
31.985114 -2.612298 0.000409 0.000000
-25.587542 -4.872067 0.002803 0.000000
-29.117877 -6.617601 0.003383 0.000000
-16.881651 -4.107911 0.003102 0.000000
26.968943 -6.898916 0.002442 0.000000
32.052367 6.436294 -0.003244 0.000000
-32.591431 3.967685 -0.000908 0.000000
-28.168735 1.917444 0.000009 0.000000
-26.488734 0.584209 0.000600 0.000000
15.041717 -0.574885 0.001311 0.000000
-24.330007 3.418957 -0.000495 0.000000
-28.813634 3.506155 -0.000658 0.000000
27.931225 -7.053177 0.002440 0.000000
-38.361619 0.089519 0.000599 0.000000
38.975970 -0.605294 -0.000759 0.000000
38.239443 -6.373580 0.001567 0.000000
-20.448204 -5.439230 0.003301 0.000000
-27.062073 2.796577 -0.000337 0.000000
35.541458 3.440384 -0.002213 0.000000
38.300175 0.789373 -0.001263 0.000000
1.097416 35.434416 0.434835 0.000000
-0.989403 24.446779 -0.009462 0.000000
29.776968 -7.012125 0.002285 0.000000
35.099194 4.459754 -0.002603 0.000000
19.144046 2.223414 -0.000482 0.000000
27.733114 -1.550257 0.000262 0.000000
-34.956985 7.468661 -0.002351 0.000000
-33.215517 5.599243 -0.001575 0.000000
29.572238 4.972747 -0.002486 0.000000
33.051589 -3.629610 0.000763 0.000000
14.927310 -4.413744 0.002879 0.000000
-18.636634 1.275491 0.000737 0.000000
19.187441 -4.514032 0.002251 0.000000
30.637173 -4.193963 0.001119 0.000000
-25.311836 -1.552759 0.001499 0.000000
-31.365563 -4.032307 0.002322 0.000000
-20.894343 -4.437521 0.002873 0.000000
-38.862887 -2.136749 0.001485 0.000000
-25.575819 -6.123055 0.003294 0.000000
-10.075242 0.006695 0.002725 0.000000
37.980030 2.067364 -0.001782 0.000000
39.424872 3.778787 -0.002537 0.000000
34.614800 -8.174944 0.002461 0.000000
31.984262 -4.656880 0.001230 0.000000
-39.848420 -3.460642 0.002007 0.000000
34.774341 -0.972323 -0.000401 0.000000
-29.236729 -0.785328 0.001068 0.000000
21.918346 -3.780729 0.001660 0.000000
19.585752 -1.700282 0.001091 0.000000
29.362190 1.186895 -0.000931 0.000000
30.441798 4.831831 -0.002499 0.000000
-15.267314 -4.230674 0.003361 0.000000
-31.154991 1.531016 0.000084 0.000000
25.194654 -1.607097 0.000479 0.000000
-14.816771 -3.179516 0.003019 0.000000
24.928855 -5.885463 0.002203 0.000000
0.090675 26.583201 -0.010439 0.000000
-0.487308 33.561204 -0.013453 0.000000
0.188049 23.228936 -0.008935 0.000000
-0.913825 31.125538 -0.012402 0.000000
31.466230 0.846118 -0.000944 0.000000
-39.752135 -3.753553 0.002124 0.000000
33.825791 -10.150922 0.003277 0.000000
30.307837 -7.819531 0.002568 0.000000
24.340530 -4.480585 0.001696 0.000000
15.768531 -3.051466 0.002194 0.000000
27.656844 3.534505 -0.001775 0.000000
-38.024322 -3.321229 0.001961 0.000000
20.631410 0.637140 0.000001 0.000000
33.098563 -8.038382 0.002490 0.000000
25.847219 -7.642821 0.002807 0.000000
39.474883 -4.435663 0.000771 0.000000
-30.707141 0.916226 0.000356 0.000000
28.204169 0.975249 -0.000787 0.000000
-33.694661 2.466291 -0.000316 0.000000
30.453450 2.163370 -0.001413 0.000000
-17.949966 -1.799608 0.002069 0.000000
15.434872 -5.171148 0.003074 0.000000
24.515848 -7.790735 0.002972 0.000000
11.990674 -5.107401 0.003822 0.000000
-29.981395 -3.355023 0.002064 0.000000
34.846569 5.177130 -0.002877 0.000000
20.150998 3.049224 -0.000954 0.000000
-29.227672 1.276598 0.000242 0.000000
28.319410 -1.648167 0.000260 0.000000
-38.063233 -5.667805 0.002892 0.000000
38.249204 3.406119 -0.002333 0.000000
-20.700897 1.063277 0.000680 0.000000
26.985867 4.312764 -0.002062 0.000000
-23.586309 -2.582048 0.001981 0.000000
29.285330 3.817296 -0.002014 0.000000
-18.933786 -2.369828 0.002204 0.000000
-20.055941 -4.384163 0.002915 0.000000
36.576263 -6.691011 0.001778 0.000000
38.010472 -6.390266 0.001589 0.000000
-28.222345 -0.778970 0.001080 0.000000
-33.334131 -4.803416 0.002595 0.000000
37.748581 -1.879460 -0.000189 0.000000
-32.794122 -5.616330 0.002923 0.000000
-36.259127 6.608612 -0.002013 0.000000
29.355142 -0.159348 -0.000396 0.000000
-38.883946 2.114253 -0.000216 0.000000
-14.445162 -1.420161 0.002368 0.000000
-25.359811 -0.395690 0.001039 0.000000
35.231859 0.551456 -0.001037 0.000000
32.858798 1.583394 -0.001323 0.000000
-35.185542 4.203841 -0.001031 0.000000
30.770676 5.409151 -0.002753 0.000000
-29.481929 -3.954210 0.002333 0.000000
27.883776 -1.050030 0.000055 0.000000
-5.774579 -3.410711 0.006952 0.000000
34.487893 -9.435095 0.002961 0.000000
-1.096469 30.410305 0.096215 0.000000
0.649823 27.514364 -0.010860 0.000000
37.761261 7.617973 -0.004006 0.000000
-37.918278 3.665316 -0.000844 0.000000
-30.404758 1.190688 0.000251 0.000000
-36.731672 6.599039 -0.002012 0.000000
35.610564 1.326917 -0.001365 0.000000
21.099945 0.359550 0.000067 0.000000
26.627136 2.798682 -0.001414 0.000000
19.781613 1.979340 -0.000461 0.000000
27.212261 -0.292010 -0.000202 0.000000
28.940835 -4.984480 0.001561 0.000000
17.760767 -3.188498 0.001927 0.000000
-37.343033 3.506284 -0.000770 0.000000
-36.403380 5.761487 -0.001673 0.000000
22.945249 -2.507430 0.001057 0.000000
33.615457 1.483645 -0.001324 0.000000
-29.114407 -2.355886 0.001690 0.000000
-22.499079 -5.221079 0.003092 0.000000
22.235471 -2.406574 0.001077 0.000000
36.271773 -1.202609 -0.000386 0.000000
-21.811407 2.652674 -0.000062 0.000000
17.993068 -6.132240 0.003029 0.000000
10.156604 -4.574172 0.004238 0.000000
31.652850 -2.410095 0.000370 0.000000
-20.241275 -2.612426 0.002206 0.000000
-25.636952 -5.046189 0.002879 0.000000
35.350645 -2.089711 0.000037 0.000000
-28.171192 -3.661900 0.002246 0.000000
-33.828680 -7.317461 0.003576 0.000000
35.180460 0.589671 -0.001045 0.000000
-29.328585 -3.856816 0.002296 0.000000
-31.469491 0.053840 0.000668 0.000000
38.385631 -6.811486 0.001758 0.000000
23.392777 3.377520 -0.001397 0.000000
-38.673664 -0.050338 0.000652 0.000000
-32.126713 -4.807425 0.002615 0.000000
38.420725 -5.722906 0.001305 0.000000
-32.049318 -2.256238 0.001587 0.000000
-37.019133 -5.821298 0.002958 0.000000
-22.154098 -5.695434 0.003285 0.000000
36.410978 -9.907765 0.003050 0.000000
27.072775 1.755450 -0.001022 0.000000
30.472188 3.526368 -0.001966 0.000000
-27.742160 2.624006 -0.000267 0.000000
-29.815205 2.108568 -0.000106 0.000000
20.257568 0.710770 0.000013 0.000000
-0.392282 18.246693 -0.006591 0.000000
-0.711472 33.673344 -0.013496 0.000000
29.650887 -6.832193 0.002227 0.000000
38.849832 -3.022839 0.000241 0.000000
30.245523 3.700873 -0.002022 0.000000
21.875162 2.428857 -0.000866 0.000000
24.850263 0.171770 -0.000208 0.000000
-27.417430 4.588547 -0.001064 0.000000
-34.017684 0.117800 0.000623 0.000000
32.349149 -3.642493 0.000800 0.000000
25.606078 -8.219354 0.003055 0.000000
18.955838 -3.170332 0.001753 0.000000
-31.416019 5.360983 -0.001469 0.000000
-29.477341 -0.305235 0.000860 0.000000
33.701906 -7.435804 0.002222 0.000000
13.945024 -4.585811 0.003145 0.000000
26.568070 2.363707 -0.001233 0.000000
-37.829852 7.678745 -0.002455 0.000000
-32.910863 4.227424 -0.001018 0.000000
36.964421 1.634910 -0.001555 0.000000
-24.833503 -0.736581 0.001196 0.000000
33.738619 -1.354167 -0.000191 0.000000
33.780490 -0.055562 -0.000712 0.000000
-25.986542 0.332630 0.000720 0.000000
32.679254 -7.790087 0.002417 0.000000
30.087693 -4.455880 0.001260 0.000000
31.453686 -5.850952 0.001732 0.000000
-30.502217 -5.266544 0.002826 0.000000
-19.444084 -5.227773 0.003288 0.000000
39.276022 -10.576881 0.003180 0.000000
28.161060 -0.099850 -0.000349 0.000000
29.652141 1.866104 -0.001242 0.000000
-24.602161 1.166528 0.000424 0.000000
-31.546608 -0.833404 0.001045 0.000000
39.676883 -8.094206 0.002182 0.000000
28.018170 -3.977747 0.001209 0.000000
-36.621524 0.582422 0.000413 0.000000
0.514296 30.116489 -0.011992 0.000000
-0.789152 26.332867 -0.010310 0.000000
-0.029454 34.585221 -0.013901 0.000000
34.977748 4.881186 -0.002760 0.000000
-27.050488 2.312628 -0.000124 0.000000
32.536881 -0.973082 -0.000271 0.000000
-35.209597 -1.917671 0.001412 0.000000
-28.681536 -3.371403 0.002102 0.000000
38.421222 5.189272 -0.003059 0.000000
25.794143 -5.558002 0.002014 0.000000
37.773724 6.597027 -0.003572 0.000000
36.732320 7.719578 -0.003999 0.000000
29.885108 0.666041 -0.000772 0.000000
-39.078243 -2.101154 0.001465 0.000000
17.275192 -4.487750 0.002510 0.000000
-30.297743 -0.002702 0.000715 0.000000
15.545640 -4.781149 0.002900 0.000000
30.804750 -3.338198 0.000788 0.000000
-34.956170 2.428195 -0.000315 0.000000
21.445852 1.484167 -0.000433 0.000000
37.930194 -4.881941 0.000995 0.000000
-17.405569 -5.041743 0.003412 0.000000
-0.583110 32.699975 -0.013084 0.000000
0.690499 35.475328 -0.014294 0.000000
21.688063 3.092530 -0.001117 0.000000
-27.247567 3.664185 -0.000687 0.000000
-35.797516 4.101005 -0.000998 0.000000
38.956400 2.098547 -0.001836 0.000000
25.407055 -8.189479 0.003055 0.000000
16.716543 -4.828448 0.002722 0.000000
36.410028 -4.251333 0.000821 0.000000
22.132025 3.446831 -0.001306 0.000000
31.176820 -5.232580 0.001514 0.000000
-35.383016 3.812930 -0.000880 0.000000
30.420925 3.282624 -0.001865 0.000000
22.181822 -0.342340 0.000257 0.000000
-0.692236 27.148917 -0.010671 0.000000
0.370327 23.942259 -0.009261 0.000000
32.194509 -6.442404 0.001920 0.000000
-21.312332 -0.345023 0.001208 0.000000
-35.076057 1.276450 0.000141 0.000000
25.001506 -5.591084 0.002082 0.000000
29.960582 4.436180 -0.002303 0.000000
26.315659 -3.117643 0.000999 0.000000
-30.786854 -2.981282 0.001910 0.000000
32.224927 -8.672594 0.002789 0.000000
-27.953046 3.669894 -0.000701 0.000000
-25.148785 2.007938 0.000066 0.000000
-24.212330 0.808682 0.000591 0.000000
30.263345 1.618154 -0.001178 0.000000
-37.207672 6.138410 -0.001830 0.000000
29.021583 -8.610643 0.002961 0.000000
34.127032 -4.413610 0.001006 0.000000
32.924648 -4.353296 0.001050 0.000000
37.724984 -6.623018 0.001696 0.000000
-39.532587 -4.092724 0.002255 0.000000
-15.855149 -4.826131 0.003512 0.000000
-27.566315 1.222910 0.000306 0.000000
-36.170487 1.202546 0.000164 0.000000
31.801411 0.900114 -0.000981 0.000000
30.082840 2.996098 -0.001721 0.000000
-28.194305 2.358800 -0.000172 0.000000
33.891619 5.040160 -0.002772 0.000000
-27.058904 5.022368 -0.001232 0.000000
-0.147049 26.539488 -0.010412 0.000000
0.752427 24.912655 -0.009707 0.000000
0.655544 32.661730 -0.013094 0.000000
30.604874 -9.301734 0.003133 0.000000
-36.311503 -2.907277 0.001803 0.000000
-10.616770 -3.168046 0.003960 0.000000
-20.520936 -3.773751 0.002640 0.000000
-28.056505 -3.569607 0.002213 0.000000
25.184464 4.306135 -0.001922 0.000000
-37.350217 7.524694 -0.002394 0.000000
29.460097 -1.833087 0.000261 0.000000
-28.865909 1.659427 0.000085 0.000000
25.654193 1.241455 -0.000705 0.000000
-27.260898 0.298321 0.000689 0.000000
-24.407740 -3.023681 0.002129 0.000000
-31.069228 -6.501842 0.003300 0.000000
25.412428 -1.134036 0.000277 0.000000
-19.932149 2.813224 -0.000005 0.000000
32.530908 -3.060790 0.000561 0.000000
-30.050974 3.063702 -0.000500 0.000000
-31.170504 0.827260 0.000382 0.000000
20.892478 -7.193251 0.003094 0.000000
35.589447 -8.559164 0.002564 0.000000
20.779466 -5.392221 0.002416 0.000000
-22.333171 3.177130 -0.000300 0.000000
-17.829284 -3.650500 0.002827 0.000000
-34.418110 -6.317178 0.003176 0.000000
23.520293 2.866586 -0.001198 0.000000
37.079852 2.528334 -0.001920 0.000000
-29.685387 -2.318961 0.001672 0.000000
34.760130 -1.569472 -0.000158 0.000000
-23.259855 1.240187 0.000447 0.000000
-34.919336 -2.806135 0.001779 0.000000
-14.229380 -2.159866 0.002703 0.000000
-17.270552 -3.567706 0.002854 0.000000
35.200646 -1.941643 -0.000033 0.000000
-27.701933 -6.403163 0.003342 0.000000
34.045705 -5.787278 0.001554 0.000000
0.200206 13.903187 -0.004403 0.000000
0.846909 25.121512 -0.009803 0.000000
0.046603 19.984463 -0.007431 0.000000
-1.090666 20.426322 -0.007615 0.000000
-1.096693 33.038013 0.737033 0.000000
30.626935 0.431107 -0.000720 0.000000
-24.004699 1.004206 0.000508 0.000000
31.236491 -0.639415 -0.000329 0.000000
-23.162412 3.813183 -0.000599 0.000000
-21.912764 2.561704 -0.000017 0.000000
-37.302496 -3.435513 0.002005 0.000000
20.982341 -3.072737 0.001478 0.000000
18.291273 2.236534 -0.000383 0.000000
22.079479 -3.494095 0.001522 0.000000
-26.134451 0.847099 0.000503 0.000000
-17.659616 -0.916197 0.001743 0.000000
-35.982952 -1.560499 0.001248 0.000000
-26.792770 -5.570932 0.003042 0.000000
22.527591 0.090064 0.000035 0.000000
-37.469097 4.658333 -0.001235 0.000000
-37.174620 3.126452 -0.000616 0.000000
29.316093 -1.775036 0.000246 0.000000
-24.716700 -1.351885 0.001437 0.000000
34.291917 3.335817 -0.002102 0.000000
-23.928820 -2.414184 0.001897 0.000000
-32.356857 -5.445993 0.002860 0.000000
-0.170024 17.760808 -0.006359 0.000000
32.884333 -0.027363 -0.000669 0.000000
-33.878553 -2.710080 0.001755 0.000000
37.023425 -2.362822 0.000039 0.000000
-21.809465 3.276425 -0.000313 0.000000
-28.251557 -1.744452 0.001481 0.000000
31.070979 -2.163595 0.000289 0.000000
-23.490083 -5.844869 0.003283 0.000000
21.863437 -5.756607 0.002429 0.000000
36.136478 -6.066746 0.001555 0.000000
-38.967632 2.434428 -0.000364 0.000000
-33.701088 4.111096 -0.000982 0.000000
-34.216529 5.467077 -0.001538 0.000000
27.933833 -2.342561 0.000584 0.000000
33.653174 -0.862649 -0.000365 0.000000
23.787089 -6.133250 0.002400 0.000000
38.225566 -6.606703 0.001670 0.000000
30.186858 -3.134351 0.000734 0.000000
-35.317989 -0.539516 0.000867 0.000000
21.647841 -0.449731 0.000345 0.000000
-26.273049 3.729834 -0.000680 0.000000
26.567250 -3.606047 0.001171 0.000000
20.184002 -6.203476 0.002781 0.000000
37.823287 -1.341044 -0.000387 0.000000
-21.807971 -5.188954 0.003106 0.000000
-32.284144 3.888232 -0.000875 0.000000
-27.934422 1.864786 0.000035 0.000000
18.371411 -6.259766 0.003028 0.000000
25.296480 -3.954113 0.001410 0.000000
32.420613 6.559007 -0.003312 0.000000
-25.360910 -4.865789 0.002806 0.000000
-28.901972 -6.620885 0.003394 0.000000
22.743538 -1.463772 0.000645 0.000000
28.102229 2.084664 -0.001212 0.000000
-26.872954 2.622681 -0.000259 0.000000
-17.280037 0.153267 0.001337 0.000000
-20.496350 -0.796397 0.001458 0.000000
-33.131633 -2.743538 0.001766 0.000000
-31.874140 -4.776628 0.002589 0.000000
39.487007 -0.557647 -0.000790 0.000000
-37.902940 0.036773 0.000613 0.000000
38.703984 -6.398641 0.001567 0.000000
-32.810863 -5.447236 0.002849 0.000000
39.059048 -7.118473 0.001833 0.000000
-24.880150 3.596655 -0.000579 0.000000
25.853723 1.044244 -0.000628 0.000000
-27.734196 1.963852 -0.000000 0.000000
14.979927 -0.737065 0.001390 0.000000
35.985228 3.536066 -0.002270 0.000000
38.869686 0.747734 -0.001291 0.000000
39.650961 -3.169960 0.000236 0.000000
0.800252 30.888589 2.360677 0.000000
25.801158 0.140711 -0.000255 0.000000
35.536184 4.567900 -0.002661 0.000000
-1.004119 24.535877 -0.009501 0.000000
33.419548 -3.623384 0.000743 0.000000
29.055762 1.131270 -0.000893 0.000000
33.793968 3.281654 -0.002052 0.000000
32.137095 4.318651 -0.002383 0.000000
19.496217 -0.984404 0.000802 0.000000
-38.231638 -2.186659 0.001493 0.000000
-11.935341 -4.260825 0.004002 0.000000
-25.342065 -6.105063 0.003293 0.000000
30.848828 -4.056856 0.001073 0.000000
21.370856 -6.814556 0.002888 0.000000
11.076643 -4.722871 0.003963 0.000000
19.384591 -4.465107 0.002211 0.000000
-31.954904 5.643511 -0.001582 0.000000
28.557786 2.566181 -0.001453 0.000000
-31.618285 1.351283 0.000162 0.000000
34.981451 -8.215419 0.002463 0.000000
32.328736 -4.661681 0.001219 0.000000
-39.328375 -3.470891 0.002002 0.000000
22.065149 -3.751428 0.001625 0.000000
-0.504597 33.727461 -0.013527 0.000000
-25.276382 0.637670 0.000617 0.000000
30.630160 -0.150213 -0.000487 0.000000
34.895983 -1.073247 -0.000363 0.000000
-20.263533 -3.902318 0.002718 0.000000
-30.842699 1.472983 0.000109 0.000000
-18.979080 -2.461766 0.002240 0.000000
25.132193 -5.898779 0.002196 0.000000
-39.585485 -3.839451 0.002153 0.000000
-22.903923 2.557028 -0.000066 0.000000
30.774893 4.931026 -0.002552 0.000000
-21.935652 3.169953 -0.000271 0.000000
28.086144 -1.552452 0.000241 0.000000
-0.931886 31.266624 -0.012460 0.000000
30.592627 -7.852079 0.002569 0.000000
26.656914 -2.960520 0.000910 0.000000
27.925677 3.636550 -0.001846 0.000000
35.459619 -2.377671 0.000128 0.000000
-30.421374 0.867168 0.000378 0.000000
20.779644 0.672030 -0.000026 0.000000
-35.535678 -3.126528 0.001899 0.000000
31.654128 -4.652623 0.001244 0.000000
-32.752322 -2.213000 0.001570 0.000000
-38.380846 -5.920346 0.002984 0.000000
34.895811 3.897889 -0.002357 0.000000
24.699724 -7.816292 0.002969 0.000000
-35.239113 3.515748 -0.000759 0.000000
35.275092 5.292755 -0.002945 0.000000
-29.898271 5.880760 -0.001649 0.000000
-29.550419 -3.346456 0.002085 0.000000
-33.351751 2.396513 -0.000288 0.000000
35.217728 4.340839 -0.002554 0.000000
30.450411 2.833920 -0.001681 0.000000
-35.703425 -0.752875 0.000933 0.000000
-34.430672 -0.890305 0.000999 0.000000
-27.249643 -5.718355 0.003082 0.000000
38.744331 3.501855 -0.002372 0.000000
28.587454 -1.623675 0.000239 0.000000
-23.360670 -2.491775 0.001958 0.000000
26.468186 4.253067 -0.001998 0.000000
-27.982329 -0.615929 0.001026 0.000000
-32.437437 -5.601224 0.002918 0.000000
-14.443478 -4.643825 0.003643 0.000000
-38.421053 2.037233 -0.000191 0.000000
29.655805 -0.118370 -0.000427 0.000000
-39.653015 0.745889 0.000316 0.000000
36.041643 1.394045 -0.001409 0.000000
-29.044049 -3.860567 0.002297 0.000000
-37.467965 3.570391 -0.000812 0.000000
-30.116757 1.138352 0.000271 0.000000
29.187745 -5.908482 0.001909 0.000000
36.910122 -2.190882 -0.000019 0.000000
14.741347 1.400317 0.000500 0.000000
17.256307 1.610450 0.000012 0.000000
31.113888 5.516686 -0.002809 0.000000
28.149319 -1.019965 0.000029 0.000000
-38.722739 -2.160272 0.001487 0.000000
34.853772 -9.488723 0.002970 0.000000
18.592004 -5.325730 0.002645 0.000000
33.233311 1.649505 -0.001362 0.000000
35.657046 0.609053 -0.001074 0.000000
-34.818155 4.113649 -0.000999 0.000000
-36.929448 3.418751 -0.000734 0.000000
26.769965 0.919683 -0.000658 0.000000
24.917931 1.623452 -0.000801 0.000000
-36.022284 5.654280 -0.001629 0.000000
0.154246 15.880473 -0.005432 0.000000
-1.096436 30.003054 0.101395 0.000000
-1.096837 34.823052 0.184039 0.000000
-0.742569 24.185765 -0.009350 0.000000
37.953861 -6.393044 0.001598 0.000000
29.128199 -4.928884 0.001514 0.000000
38.431804 0.252868 -0.001069 0.000000
-33.363267 6.310303 -0.001874 0.000000
34.007205 1.550086 -0.001365 0.000000
-26.903630 -1.422191 0.001391 0.000000
35.598463 0.646814 -0.001087 0.000000
-28.501611 -0.548300 0.000991 0.000000
36.431448 6.884112 -0.003642 0.000000
-31.769500 -1.182672 0.001173 0.000000
-25.414329 -5.039051 0.002881 0.000000
-27.906305 -3.667220 0.002251 0.000000
-13.422394 -4.497113 0.003769 0.000000
-33.431978 -7.280880 0.003562 0.000000
-30.508270 -0.115363 0.000760 0.000000
-1.096619 32.316506 1.071421 0.000000
0.349191 21.136778 -0.007978 0.000000
-0.411904 18.354377 -0.006644 0.000000
38.896465 -5.740695 0.001298 0.000000
-38.203438 -0.102086 0.000666 0.000000
-31.782069 -4.801262 0.002611 0.000000
-31.808442 -2.253441 0.001598 0.000000
-36.559238 -5.801493 0.002944 0.000000
-21.881388 -5.655514 0.003292 0.000000
36.818836 -9.969650 0.003064 0.000000
-35.374214 1.927639 -0.000126 0.000000
-31.228751 0.127900 0.000656 0.000000
38.727297 -6.844144 0.001743 0.000000
-29.492656 2.147178 -0.000134 0.000000
29.923614 -6.855291 0.002216 0.000000
-0.748155 33.995874 -0.013634 0.000000
1.097136 32.138905 0.276990 0.000000
-0.582085 30.686531 -0.012218 0.000000
25.163136 0.010057 -0.000160 0.000000
-31.248552 5.303069 -0.001437 0.000000
25.809488 -8.250196 0.003053 0.000000
26.582694 -5.462369 0.001918 0.000000
-33.654845 0.070518 0.000641 0.000000
-16.680608 -2.657079 0.002558 0.000000
-32.594376 4.144025 -0.000984 0.000000
18.334979 1.229477 0.000030 0.000000
34.117123 -1.321945 -0.000221 0.000000
34.165116 -0.008172 -0.000749 0.000000
34.060851 -7.468974 0.002219 0.000000
-37.555092 -4.797101 0.002542 0.000000
29.921436 -4.061021 0.001119 0.000000
-24.638662 -0.764642 0.001211 0.000000
-20.889024 -4.674694 0.002974 0.000000
-25.776971 0.294899 0.000737 0.000000
25.297638 2.366130 -0.001134 0.000000
33.009776 -7.825055 0.002417 0.000000
-39.455639 -3.618375 0.002051 0.000000
-30.192007 -5.255897 0.002824 0.000000
-19.224460 -5.302766 0.003340 0.000000
0.805114 30.318060 -0.012086 0.000000
0.502919 30.261585 -0.012055 0.000000
28.433254 -0.060096 -0.000377 0.000000
29.960472 1.929284 -0.001281 0.000000
-26.820110 2.391643 -0.000161 0.000000
32.890849 -0.937761 -0.000304 0.000000
38.845095 -9.100947 0.002626 0.000000
-31.230378 -0.868105 0.001057 0.000000
28.274843 -3.975199 0.001196 0.000000
-36.201857 0.526273 0.000430 0.000000
37.968497 -4.426546 0.000821 0.000000
-24.412736 1.124327 0.000448 0.000000
-15.144964 -0.283775 0.001775 0.000000
-21.224677 1.475101 0.000470 0.000000
29.671498 -9.210700 0.003158 0.000000
-28.431268 -3.211607 0.002057 0.000000
-26.368308 -0.628054 0.001088 0.000000
25.810276 -5.484470 0.001984 0.000000
-36.262319 5.277344 -0.001482 0.000000
-37.211478 4.009573 -0.000977 0.000000
22.112009 -3.144430 0.001382 0.000000
30.193859 0.716426 -0.000809 0.000000
36.244533 2.840176 -0.002001 0.000000
-30.563358 5.514899 -0.001511 0.000000
38.172916 6.611101 -0.003613 0.000000
31.140154 -3.326425 0.000748 0.000000
-38.583164 -2.128489 0.001471 0.000000
-27.111183 3.603017 -0.000654 0.000000
34.656459 0.686436 -0.001052 0.000000
38.400795 -4.889617 0.000983 0.000000
-35.011426 3.726632 -0.000844 0.000000
0.631741 35.719856 -0.009205 0.000000
0.632172 23.388940 -0.009018 0.000000
31.434491 -4.278334 0.001113 0.000000
-30.086693 4.174008 -0.000958 0.000000
-35.412834 4.009526 -0.000964 0.000000
39.485936 2.184289 -0.001888 0.000000
-30.479940 -2.993888 0.001919 0.000000
-39.360475 -1.596995 0.001256 0.000000
26.544923 -3.107893 0.000981 0.000000
-24.960979 1.959968 0.000090 0.000000
-39.705362 -5.976167 0.002995 0.000000
32.548434 -8.715947 0.002794 0.000000
13.543085 -5.124651 0.003437 0.000000
17.904934 -5.053610 0.002635 0.000000
-9.090376 -3.579238 0.004693 0.000000
30.088260 -4.608113 0.001326 0.000000
31.326748 4.829118 -0.002527 0.000000
-39.015338 -4.094569 0.002251 0.000000
38.183030 -6.651342 0.001692 0.000000
29.282694 -8.648830 0.002964 0.000000
17.107013 -5.303213 0.002847 0.000000
22.835542 -4.757583 0.001953 0.000000
34.306545 5.153445 -0.002834 0.000000
-27.953598 2.301093 -0.000147 0.000000
-35.762267 1.140170 0.000187 0.000000
-26.848147 4.947839 -0.001200 0.000000
34.654184 7.085509 -0.003635 0.000000
30.889775 -9.347566 0.003136 0.000000
28.314121 -5.932566 0.001975 0.000000
-39.441640 -1.622184 0.001268 0.000000
-20.371297 -3.776456 0.002649 0.000000
-33.514132 -7.186910 0.003526 0.000000
-27.798507 -3.575718 0.002220 0.000000
-0.089995 26.719296 -0.010494 0.000000
0.631942 32.998284 -0.013238 0.000000
0.107190 34.777735 -0.013982 0.000000
25.474356 -0.198988 -0.000101 0.000000
-14.733364 1.408732 0.001098 0.000000
-36.947493 7.394812 -0.002346 0.000000
29.752305 -1.809385 0.000238 0.000000
32.877761 -3.048263 0.000541 0.000000
25.629159 -1.107795 0.000253 0.000000
38.926224 -7.222494 0.001884 0.000000
-24.210965 -3.033525 0.002137 0.000000
-30.736940 -6.477285 0.003291 0.000000
25.885086 1.290478 -0.000737 0.000000
22.118873 3.253666 -0.001223 0.000000
-38.754926 6.012053 -0.001792 0.000000
-20.786307 -0.579430 0.001340 0.000000
-34.013390 -6.292383 0.003165 0.000000
-29.778997 2.996040 -0.000474 0.000000
37.562698 2.616022 -0.001971 0.000000
-17.082291 -1.711161 0.002127 0.000000
23.563329 -4.966542 0.001961 0.000000
36.762061 6.308447 -0.003418 0.000000
30.946692 0.479515 -0.000758 0.000000
35.618064 -1.914577 -0.000060 0.000000
-16.261887 -4.007662 0.003142 0.000000
15.444042 -5.479255 0.003188 0.000000
34.420577 -5.803907 0.001547 0.000000
27.114177 3.383255 -0.001684 0.000000
-36.844293 -3.445365 0.002008 0.000000
16.963267 -3.667333 0.002235 0.000000
-21.627783 2.470415 0.000031 0.000000
-23.939027 1.180023 0.000444 0.000000
31.569902 -0.601299 -0.000361 0.000000
-25.925750 0.805606 0.000523 0.000000
-33.630993 -0.769629 0.000976 0.000000
22.238215 -3.488785 0.001506 0.000000
29.602585 -1.751194 0.000222 0.000000
-26.549261 -5.558500 0.003041 0.000000
-35.557526 -1.445308 0.001213 0.000000
-32.084844 -5.419464 0.002843 0.000000
-23.778070 -2.569075 0.001966 0.000000
34.619092 3.463970 -0.002159 0.000000
27.717936 0.015303 -0.000357 0.000000
12.607788 -1.954302 0.002435 0.000000
-38.474494 2.349726 -0.000335 0.000000
-1.094727 18.659008 -0.006605 0.000000
0.342418 27.186040 -0.010707 0.000000
-33.502004 -2.727136 0.001758 0.000000
-16.957905 -4.396940 0.003206 0.000000
29.445542 -6.127278 0.001969 0.000000
37.484565 -2.339626 0.000018 0.000000
-27.917358 -1.763681 0.001487 0.000000
31.396361 -2.142063 0.000268 0.000000
36.559966 -6.087744 0.001550 0.000000
-23.297438 -5.831349 0.003282 0.000000
22.171897 -5.777533 0.002413 0.000000
-33.870797 5.366748 -0.001501 0.000000
34.052632 -0.823756 -0.000398 0.000000
21.812538 -0.421396 0.000321 0.000000
-26.069573 3.666267 -0.000652 0.000000
-26.796741 2.773453 -0.000309 0.000000
38.316520 -1.314790 -0.000434 0.000000
20.312661 -6.215521 0.002775 0.000000
-28.179983 -1.740461 0.001477 0.000000
-34.559963 -4.782940 0.002558 0.000000
22.917385 -1.442834 0.000621 0.000000
22.899058 -0.564759 0.000268 0.000000
28.450059 2.191753 -0.001291 0.000000
25.507322 -3.951731 0.001397 0.000000
35.255788 -3.493774 0.000590 0.000000
-25.131090 -4.859208 0.002809 0.000000
-31.947798 3.974945 -0.000918 0.000000
-26.061601 0.504612 0.000641 0.000000
-32.757290 -2.759814 0.001774 0.000000
28.426115 -7.190348 0.002451 0.000000
-37.451667 -0.014659 0.000637 0.000000
-32.449434 -5.433552 0.002851 0.000000
-20.303543 -5.430393 0.003309 0.000000
22.997227 -5.951025 0.002403 0.000000
-24.697970 3.537466 -0.000552 0.000000
26.073683 1.014788 -0.000639 0.000000
26.108481 0.157943 -0.000296 0.000000
-34.271211 7.232771 -0.002262 0.000000
-32.583684 5.407224 -0.001502 0.000000
-31.714497 -3.343522 0.002030 0.000000
35.984463 4.678521 -0.002725 0.000000
24.286976 3.000401 -0.001312 0.000000
39.393442 0.814443 -0.001332 0.000000
36.446817 3.635287 -0.002325 0.000000
30.094936 5.004620 -0.002538 0.000000
-25.598568 4.258754 -0.000880 0.000000
34.195214 3.370464 -0.002105 0.000000
17.767215 -0.385666 0.000786 0.000000
-1.047301 24.781866 -0.009611 0.000000
29.638603 -9.169823 0.003147 0.000000
33.808173 -3.617069 0.000727 0.000000
36.256448 4.212494 -0.002536 0.000000
-39.530236 2.080394 -0.000214 0.000000
21.512453 -6.831039 0.002881 0.000000
35.658547 -7.795284 0.002265 0.000000
31.252427 -4.192693 0.001087 0.000000
-30.746002 -4.176278 0.002375 0.000000
-20.740342 -4.435333 0.002883 0.000000
-37.905738 -2.189102 0.001503 0.000000
-25.111616 -6.087095 0.003292 0.000000
37.519502 8.231589 -0.004234 0.000000
-38.644931 5.338383 -0.001522 0.000000
-31.719331 5.455564 -0.001511 0.000000
19.677063 -4.766914 0.002292 0.000000
32.574544 -4.633106 0.001188 0.000000
35.371009 -8.258878 0.002467 0.000000
-28.760089 -0.713170 0.001046 0.000000
22.392607 -3.744541 0.001596 0.000000
38.999548 2.235878 -0.001881 0.000000
-24.673421 0.327808 0.000763 0.000000
27.592175 1.869719 -0.001098 0.000000
31.115601 5.032187 -0.002612 0.000000
0.078712 26.693811 -0.010486 0.000000
-0.522097 33.890370 -0.013596 0.000000
0.078620 23.553690 -0.009081 0.000000
-0.373509 26.767872 -0.010509 0.000000
-0.967415 31.532751 -0.012575 0.000000
-29.859072 -3.018501 0.001933 0.000000
-20.123541 -3.904445 0.002724 0.000000
28.654211 -4.111280 0.001226 0.000000
-39.064156 -3.844495 0.002149 0.000000
25.342789 -5.912812 0.002190 0.000000
35.313036 -1.035819 -0.000394 0.000000
-35.990176 5.792817 -0.001699 0.000000
25.593477 1.727535 -0.000894 0.000000
-39.964718 -2.677562 0.001683 0.000000
15.855409 -3.045459 0.002178 0.000000
34.531878 -10.271200 0.003295 0.000000
35.884626 -2.355634 0.000105 0.000000
28.208162 3.715847 -0.001891 0.000000
26.263396 -7.695841 0.002803 0.000000
33.789712 -8.115786 0.002492 0.000000
17.173959 -1.332642 0.001269 0.000000
20.932346 0.707779 -0.000053 0.000000
-33.012732 2.327944 -0.000260 0.000000
31.108827 2.300446 -0.001500 0.000000
-31.827162 -2.559631 0.001715 0.000000
24.890772 -7.843154 0.002970 0.000000
-29.259278 -3.355115 0.002087 0.000000
35.646467 5.517454 -0.003034 0.000000
-34.859419 3.430740 -0.000730 0.000000
22.466001 -1.364366 0.000637 0.000000
38.417568 0.796821 -0.001278 0.000000
-23.138472 -2.439253 0.001953 0.000000
27.516136 4.480474 -0.002158 0.000000
-15.016277 1.462326 0.001034 0.000000
-20.459478 2.327498 0.000159 0.000000
-26.440625 -2.405730 0.001797 0.000000
-36.883570 -1.494323 0.001229 0.000000
-26.995921 -5.704138 0.003083 0.000000
39.291403 3.609708 -0.002434 0.000000
-37.965392 1.961870 -0.000161 0.000000
-32.601135 -4.790602 0.002591 0.000000
-27.720209 -0.649645 0.001041 0.000000
-24.516171 3.478758 -0.000522 0.000000
-13.216606 -3.847338 0.003562 0.000000
37.439788 -6.747684 0.001767 0.000000
-19.913642 -4.382567 0.002923 0.000000
-39.468496 -8.113344 0.003838 0.000000
31.464493 5.626270 -0.002871 0.000000
-34.455141 4.024972 -0.000962 0.000000
36.041289 0.706982 -0.001127 0.000000
33.616986 1.716927 -0.001408 0.000000
-28.907145 -3.959557 0.002337 0.000000
28.343928 -1.138993 0.000066 0.000000
35.235964 -9.545158 0.002980 0.000000
29.441146 -5.949810 0.001901 0.000000
37.372087 -2.165573 -0.000044 0.000000
-37.025294 3.477506 -0.000774 0.000000
-29.827864 1.086207 0.000292 0.000000
-35.956925 6.365231 -0.001925 0.000000
21.411255 0.426854 0.000014 0.000000
-36.509719 3.330371 -0.000701 0.000000
-39.121042 2.470293 -0.000369 0.000000
23.971779 -6.147819 0.002391 0.000000
30.258904 -2.996739 0.000676 0.000000
17.977615 -3.176557 0.001896 0.000000
0.403379 17.405773 -0.006197 0.000000
38.944973 0.312257 -0.001107 0.000000
-25.762646 3.767072 -0.000683 0.000000
-26.667845 -1.447042 0.001405 0.000000
-33.202113 -7.221134 0.003538 0.000000
-28.369798 -0.506530 0.000965 0.000000
18.095962 -6.142691 0.003022 0.000000
-25.191175 -5.031620 0.002882 0.000000
-31.441422 -1.214414 0.001186 0.000000
36.921548 7.033277 -0.003719 0.000000
-22.034582 3.075277 -0.000247 0.000000
-28.623894 -3.961733 0.002343 0.000000
-37.740565 -0.152546 0.000685 0.000000
39.388150 -5.759562 0.001286 0.000000
-31.479357 -2.273931 0.001611 0.000000
-21.714781 -5.644278 0.003297 0.000000
37.240562 -10.034156 0.003073 0.000000
24.304905 -0.549347 0.000140 0.000000
-29.538263 -1.214037 0.001226 0.000000
25.281484 0.247548 -0.000266 0.000000
39.975977 -2.986944 0.000160 0.000000
24.854775 -0.582380 0.000106 0.000000
30.055614 -5.071994 0.001515 0.000000
-29.275909 1.991333 -0.000058 0.000000
-24.491917 2.241986 -0.000009 0.000000
29.264001 0.841192 -0.000797 0.000000
26.024473 -8.283114 0.003056 0.000000
-33.291614 0.023593 0.000660 0.000000
32.308570 3.809746 -0.002179 0.000000
-30.958145 5.212324 -0.001400 0.000000
-31.472614 1.590333 0.000060 0.000000
27.408638 -2.376768 0.000626 0.000000
-24.445809 -0.792140 0.001230 0.000000
34.516842 -1.288262 -0.000252 0.000000
-32.271978 4.059504 -0.000950 0.000000
-37.084796 -4.789656 0.002540 0.000000
34.429571 -7.503435 0.002216 0.000000
33.826025 -2.078510 0.000104 0.000000
-20.739546 -4.671216 0.002982 0.000000
-28.824794 -6.593085 0.003381 0.000000
28.711333 -0.019751 -0.000411 0.000000
33.359289 -7.862413 0.002419 0.000000
-38.915493 -3.625724 0.002052 0.000000
33.572001 -5.512984 0.001481 0.000000
-29.878880 -5.244879 0.002821 0.000000
-25.566399 0.257296 0.000756 0.000000
22.705133 0.955665 -0.000330 0.000000
-0.281881 24.774619 -0.009625 0.000000
0.479547 30.543173 -0.012177 0.000000
-0.818677 26.525680 -0.010394 0.000000
-0.060924 34.940747 -0.014051 0.000000
0.339996 35.170524 -0.014155 0.000000
39.327979 -9.160526 0.002635 0.000000
28.541455 -3.972857 0.001183 0.000000
-30.914132 -0.902459 0.001070 0.000000
33.264194 -0.900812 -0.000334 0.000000
-26.612073 2.203917 -0.000072 0.000000
-26.146938 -0.658651 0.001107 0.000000
-28.163703 -3.221041 0.002067 0.000000
26.034366 -5.495733 0.001971 0.000000
29.913902 -9.214815 0.003150 0.000000
22.276813 -3.136528 0.001365 0.000000
-20.563179 0.372813 0.000963 0.000000
31.467171 -3.317124 0.000734 0.000000
25.749438 -7.499649 0.002770 0.000000
32.730583 3.726132 -0.002166 0.000000
37.744430 8.048517 -0.004164 0.000000
-38.098930 -2.154824 0.001480 0.000000
-30.650665 0.688339 0.000436 0.000000
27.664417 -0.636335 -0.000086 0.000000
-21.462058 -0.317437 0.001193 0.000000
-0.046878 35.719850 -0.003142 0.000000
-17.298008 -5.036391 0.003418 0.000000
-26.889767 3.537412 -0.000626 0.000000
35.077323 0.745595 -0.001091 0.000000
38.372803 3.368018 -0.002297 0.000000
-34.634876 3.639591 -0.000811 0.000000
0.218216 24.133310 -0.009346 0.000000
-0.721940 27.354390 -0.010762 0.000000
-29.813546 4.095967 -0.000926 0.000000
-35.028260 3.918502 -0.000930 0.000000
37.790370 0.723536 -0.001219 0.000000
-34.317074 1.155490 0.000192 0.000000
-30.295723 -3.346354 0.002060 0.000000
-39.672860 -7.543188 0.003609 0.000000
34.113074 6.776147 -0.003476 0.000000
-39.164547 -5.951807 0.002980 0.000000
32.886630 -8.761702 0.002800 0.000000
-24.616224 -0.070411 0.000924 0.000000
-31.981432 -2.889017 0.001842 0.000000
-24.768525 1.911156 0.000113 0.000000
-23.986397 0.810321 0.000596 0.000000
-35.997252 -1.719749 0.001323 0.000000
31.636712 4.839025 -0.002551 0.000000
29.550312 -8.688330 0.002967 0.000000
12.932461 -5.244348 0.003626 0.000000
23.010197 -4.761935 0.001940 0.000000
-15.676712 -4.818620 0.003528 0.000000
-38.510343 -4.095983 0.002249 0.000000
0.734883 25.114525 -0.009796 0.000000
0.158415 31.998704 -0.012797 0.000000
32.933387 5.216064 -0.002780 0.000000
-36.597143 7.282520 -0.002307 0.000000
25.698756 -0.163950 -0.000131 0.000000
31.190672 -9.396339 0.003143 0.000000
-26.635645 4.873068 -0.001169 0.000000
-33.120468 -7.151571 0.003511 0.000000
-35.355380 1.078389 0.000209 0.000000
34.737342 5.270773 -0.002896 0.000000
-27.711923 2.243491 -0.000123 0.000000
-28.293890 1.532237 0.000154 0.000000
26.121051 1.340304 -0.000776 0.000000
26.702885 4.595152 -0.002152 0.000000
-30.405507 -6.452467 0.003284 0.000000
37.254695 6.449085 -0.003495 0.000000
33.245166 -3.035369 0.000517 0.000000
25.857402 -1.080438 0.000225 0.000000
-24.013097 -3.043142 0.002147 0.000000
-20.531803 -0.596789 0.001367 0.000000
-21.016675 1.356844 0.000526 0.000000
-17.611228 -3.656984 0.002847 0.000000
-13.532499 -4.086459 0.003592 0.000000
-33.616716 -6.267730 0.003157 0.000000
36.399718 -8.655827 0.002572 0.000000
-30.562804 0.727118 0.000424 0.000000
23.746646 -4.972244 0.001954 0.000000
38.067751 2.707331 -0.002022 0.000000
-23.057304 1.306711 0.000438 0.000000
0.829807 25.328753 -0.009894 0.000000
0.842859 21.544296 -0.008177 0.000000
34.812689 -5.821723 0.001539 0.000000
31.284236 0.530300 -0.000792 0.000000
20.889344 0.434820 0.000065 0.000000
-36.394293 -3.454628 0.002012 0.000000
-1.096606 32.113584 0.731368 0.000000
31.917618 -0.561893 -0.000393 0.000000
-36.334177 2.957566 -0.000554 0.000000
-30.001428 -5.108204 0.002763 0.000000
22.577171 -3.478124 0.001477 0.000000
-26.302271 -5.545628 0.003041 0.000000
29.429236 -6.655004 0.002180 0.000000
-35.155881 -1.468431 0.001232 0.000000
19.318485 1.008440 0.000006 0.000000
27.984676 0.055602 -0.000390 0.000000
35.061789 3.561274 -0.002217 0.000000
-33.037600 -7.244195 0.003545 0.000000
-31.721944 -5.405133 0.002839 0.000000
39.355311 -3.305331 0.000322 0.000000
33.223176 2.144890 -0.001552 0.000000
29.745568 5.672089 -0.002784 0.000000
-19.708473 0.634117 0.000919 0.000000
-38.145673 2.302257 -0.000314 0.000000
-21.667538 3.225957 -0.000288 0.000000
37.959834 -2.316135 -0.000012 0.000000
29.726325 -6.145195 0.001960 0.000000
-27.657692 -1.786332 0.001501 0.000000
-23.107427 -5.817780 0.003284 0.000000
36.996575 -6.109829 0.001541 0.000000
-34.047450 -2.222208 0.001546 0.000000
-22.289944 1.937344 0.000213 0.000000
39.512494 1.562502 -0.001629 0.000000
-25.867050 3.603368 -0.000622 0.000000
34.568164 -0.841579 -0.000428 0.000000
-33.164963 -5.218870 0.002748 0.000000
-26.295684 2.928278 -0.000359 0.000000
20.582077 -6.241476 0.002762 0.000000
31.674064 -6.661044 0.002046 0.000000
-21.652248 -5.084913 0.003079 0.000000
28.741821 2.257037 -0.001331 0.000000
18.590650 -6.283528 0.003013 0.000000
10.240975 -4.625589 0.004222 0.000000
25.722848 -3.949569 0.001381 0.000000
-24.881289 -4.904932 0.002845 0.000000
35.743774 -3.280389 0.000489 0.000000
-31.655659 3.726988 -0.000812 0.000000
-27.454279 1.757918 0.000081 0.000000
-28.058521 3.299713 -0.000569 0.000000
25.911228 -0.579406 0.000020 0.000000
-32.352529 -2.651150 0.001741 0.000000
-36.995830 -0.066231 0.000652 0.000000
-31.100423 -4.788077 0.002610 0.000000
-20.009243 -5.411882 0.003315 0.000000
-26.406789 2.494782 -0.000187 0.000000
-17.092492 0.104632 0.001374 0.000000
-27.025308 3.402152 -0.000583 0.000000
36.921366 3.736940 -0.002387 0.000000
36.857215 5.168680 -0.002961 0.000000
1.096391 25.146713 2.008006 0.000000
24.503377 3.064407 -0.001352 0.000000
19.598643 2.448278 -0.000629 0.000000
26.349579 0.197905 -0.000326 0.000000
-33.922565 7.113607 -0.002215 0.000000
-32.262699 5.310359 -0.001463 0.000000
29.428475 -1.248285 0.000039 0.000000
35.133263 -1.064857 -0.000367 0.000000
34.227069 -3.766340 0.000756 0.000000
27.532081 -2.851631 0.000810 0.000000
-31.832948 0.109095 0.000642 0.000000
-31.357298 5.454506 -0.001508 0.000000
21.661409 -6.848636 0.002879 0.000000
36.073935 -7.836374 0.002270 0.000000
19.560943 -4.520065 0.002216 0.000000
31.581788 -4.192524 0.001077 0.000000
-30.415018 -4.176036 0.002378 0.000000
-20.573626 -4.491783 0.002915 0.000000
-24.811075 -6.079039 0.003306 0.000000
-39.031844 2.000133 -0.000191 0.000000
35.777218 -8.304586 0.002467 0.000000
19.936046 -4.774263 0.002268 0.000000
32.930648 -4.637676 0.001172 0.000000
21.090690 -7.067482 0.003020 0.000000
-38.414480 5.646078 -0.001649 0.000000
31.474103 5.138373 -0.002669 0.000000
-15.182459 -4.230117 0.003371 0.000000
-35.370283 0.416275 0.000471 0.000000
-38.554933 -3.849042 0.002151 0.000000
0.054897 26.903791 -0.010578 0.000000
-0.556742 34.199007 -0.013724 0.000000
-1.096627 32.233577 0.095688 0.000000
4.399543 -0.039448 5.231439 0.000000
32.522884 1.015393 -0.001058 0.000000
36.321763 -2.333334 0.000078 0.000000
34.911259 -10.336453 0.003311 0.000000
24.930390 -4.486303 0.001660 0.000000
34.697792 2.171088 -0.001642 0.000000
28.496476 3.796528 -0.001940 0.000000
25.829962 1.782031 -0.000929 0.000000
21.087745 0.743960 -0.000082 0.000000
-37.382579 -5.875297 0.002958 0.000000
34.161618 -8.158060 0.002496 0.000000
26.485931 -7.724689 0.002804 0.000000
-32.667732 2.258575 -0.000235 0.000000
31.458493 2.373131 -0.001543 0.000000
31.288321 -0.063598 -0.000551 0.000000
36.124254 4.560254 -0.002675 0.000000
-29.379161 5.700599 -0.001577 0.000000
-31.485624 -2.577010 0.001723 0.000000
25.086922 -7.871069 0.002968 0.000000
-28.971984 -3.363332 0.002095 0.000000
32.488542 -1.167107 -0.000181 0.000000
36.198967 5.541058 -0.003076 0.000000
38.832824 0.857832 -0.001310 0.000000
35.700666 -8.577258 0.002583 0.000000
-26.205349 -2.421772 0.001809 0.000000
-26.738854 -5.689484 0.003081 0.000000
-36.432121 -1.527672 0.001240 0.000000
-20.313960 0.961331 0.000739 0.000000
31.126849 2.989744 -0.001775 0.000000
29.414186 -1.190303 0.000016 0.000000
33.557739 0.342199 -0.000847 0.000000
26.986762 4.418606 -0.002095 0.000000
-8.760627 -3.838962 0.004938 0.000000
-14.313193 -4.618183 0.003656 0.000000
-38.917567 -8.058191 0.003810 0.000000
-27.491570 -0.743165 0.001090 0.000000
-30.308178 2.168724 -0.000159 0.000000
-39.142088 0.681499 0.000335 0.000000
39.234904 -1.787726 -0.000276 0.000000
-35.122954 6.261541 -0.001883 0.000000
30.661584 1.985639 -0.001339 0.000000
-37.503388 1.885919 -0.000137 0.000000
-38.686403 0.518620 0.000404 0.000000
34.022639 1.787891 -0.001451 0.000000
36.502138 0.769290 -0.001168 0.000000
35.216411 3.314540 -0.002128 0.000000
-34.085394 3.935099 -0.000930 0.000000
31.834123 5.741515 -0.002933 0.000000
37.848946 -2.139874 -0.000074 0.000000
29.724879 -5.966369 0.001892 0.000000
28.621110 -1.109378 0.000038 0.000000
-37.749263 -2.212132 0.001502 0.000000
-36.660353 3.396942 -0.000739 0.000000
-29.542254 1.035007 0.000320 0.000000
21.575790 0.462112 -0.000013 0.000000
30.572890 -2.984402 0.000660 0.000000
-38.632590 2.385931 -0.000343 0.000000
24.161145 -6.163038 0.002384 0.000000
-36.089481 3.242348 -0.000671 0.000000
-32.711009 6.099694 -0.001790 0.000000
31.090941 -6.459569 0.002001 0.000000
21.628294 -2.868947 0.001331 0.000000
37.652878 -1.088420 -0.000484 0.000000
-29.992161 -0.242240 0.000824 0.000000
-34.154208 -4.775816 0.002557 0.000000
18.310587 -6.165103 0.003007 0.000000
-31.118591 -1.245322 0.001202 0.000000
-24.971533 -5.024073 0.002887 0.000000
-32.816514 -7.185578 0.003527 0.000000
37.852703 3.266255 -0.002235 0.000000
24.510633 -0.518780 0.000112 0.000000
-28.479087 -3.867083 0.002308 0.000000
-34.595425 1.790512 -0.000071 0.000000
-29.253184 -1.243107 0.001242 0.000000
39.909742 -5.779970 0.001277 0.000000
-21.545933 -5.632715 0.003298 0.000000
37.688088 -10.103035 0.003084 0.000000
27.867632 1.929951 -0.001135 0.000000
-29.007788 1.933612 -0.000030 0.000000
-0.431328 18.453744 -0.006692 0.000000
-0.766513 34.149786 -0.013700 0.000000
1.097226 33.106136 0.277463 0.000000
-0.614372 30.948814 -0.012331 0.000000
1.057532 10.449462 -0.002463 0.000000
30.846226 -4.697153 0.001324 0.000000
30.513195 -6.906314 0.002214 0.000000
23.343674 -3.797800 0.001529 0.000000
25.073197 -0.550941 0.000079 0.000000
30.359270 -5.080685 0.001505 0.000000
31.256994 3.964855 -0.002178 0.000000
25.509621 0.287305 -0.000294 0.000000
-32.934149 -0.022219 0.000682 0.000000
-28.465385 2.270077 -0.000156 0.000000
-28.308665 3.367783 -0.000599 0.000000
-30.665762 5.121386 -0.001363 0.000000
32.692251 3.904449 -0.002234 0.000000
-36.610453 -4.781773 0.002531 0.000000
34.821013 -7.540430 0.002218 0.000000
38.442710 1.867692 -0.001701 0.000000
34.934109 -1.253451 -0.000279 0.000000
22.888978 0.997063 -0.000363 0.000000
-25.357311 0.220273 0.000777 0.000000
0.199963 27.117934 -0.010677 0.000000
33.724972 -7.901909 0.002422 0.000000
-38.419389 -3.650231 0.002065 0.000000
-29.566282 -5.233580 0.002817 0.000000
-19.091330 -5.294797 0.003343 0.000000
29.004318 0.022483 -0.000441 0.000000
18.053904 0.993473 0.000173 0.000000
-23.329627 2.462173 -0.000061 0.000000
28.815180 -3.970782 0.001166 0.000000
-0.076822 35.111421 -0.014123 0.000000
1.093075 12.190149 -0.000665 0.000000
36.343483 5.235400 -0.002956 0.000000
-26.388946 2.149098 -0.000048 0.000000
-35.471821 5.066664 -0.001403 0.000000
-36.365567 3.819703 -0.000907 0.000000
-27.893003 -3.230342 0.002071 0.000000
31.080351 -7.755530 0.002513 0.000000
-39.907984 -2.958306 0.001783 0.000000
26.345997 -5.451032 0.001928 0.000000
-38.878365 6.133103 -0.001853 0.000000
-21.083565 1.436330 0.000489 0.000000
38.274286 8.220235 -0.004253 0.000000
-30.011895 5.335041 -0.001439 0.000000
27.930617 -0.602435 -0.000117 0.000000
30.843025 0.821486 -0.000880 0.000000
37.196008 3.024228 -0.002107 0.000000
-37.586950 -2.176850 0.001488 0.000000
25.964921 -7.526628 0.002766 0.000000
-30.263471 0.678281 0.000445 0.000000
-20.315703 -1.213692 0.001631 0.000000
-33.839863 2.212446 -0.000234 0.000000
-33.697391 6.662973 -0.002034 0.000000
-17.083049 -5.025236 0.003433 0.000000
-26.796304 3.530817 -0.000625 0.000000
-34.648274 3.829019 -0.000895 0.000000
-29.678069 5.883101 -0.001659 0.000000
-34.256909 3.552669 -0.000779 0.000000
-33.944857 2.536198 -0.000364 0.000000
35.252984 2.933205 -0.001976 0.000000
31.443110 3.533559 -0.002013 0.000000
-18.402633 0.858209 0.000928 0.000000
22.786280 -0.120943 0.000107 0.000000
36.267673 -10.646958 0.003369 0.000000
-38.347455 -1.664512 0.001276 0.000000
-33.934824 1.095171 0.000214 0.000000
-10.543158 -3.392817 0.004072 0.000000
-39.116515 -7.495679 0.003584 0.000000
-16.790578 -0.180094 0.001525 0.000000
33.234017 -8.809069 0.002802 0.000000
34.267027 -7.007053 0.002038 0.000000
-38.637818 -5.927742 0.002970 0.000000
-27.258172 3.468833 -0.000611 0.000000
-24.574888 1.862334 0.000138 0.000000
19.980192 0.811463 0.000012 0.000000
29.833530 -8.730495 0.002970 0.000000
23.306972 -4.616957 0.001860 0.000000
33.331920 5.329616 -0.002845 0.000000
32.130065 5.095641 -0.002683 0.000000
-37.610410 -2.181004 0.001488 0.000000
-38.001843 -4.097032 0.002247 0.000000
-34.954251 1.017908 0.000236 0.000000
-27.471918 2.186651 -0.000093 0.000000
35.179842 5.390955 -0.002966 0.000000
-26.423704 4.798897 -0.001133 0.000000
35.560184 7.380329 -0.003791 0.000000
-0.183265 26.915051 -0.010581 0.000000
31.505291 -9.447738 0.003150 0.000000
-35.029223 -2.953491 0.001818 0.000000
-28.252487 -2.808057 0.001891 0.000000
-20.058845 -3.657023 0.002627 0.000000
32.387284 -3.130949 0.000611 0.000000
-32.729046 -7.116120 0.003497 0.000000
25.760814 4.620690 -0.002089 0.000000
33.391099 5.906700 -0.003082 0.000000
-36.188963 7.152261 -0.002256 0.000000
25.934340 -0.127385 -0.000159 0.000000
-28.036984 1.479351 0.000176 0.000000
26.368520 1.392352 -0.000810 0.000000
-23.818025 -3.052404 0.002158 0.000000
4.796712 -0.034427 6.201248 0.000000
26.093293 -1.052379 0.000202 0.000000
33.627163 -3.022259 0.000498 0.000000
-32.565976 4.817538 -0.001270 0.000000
-28.602892 1.605188 0.000110 0.000000
24.363602 -1.992800 0.000720 0.000000
36.835343 -8.708413 0.002579 0.000000
37.662695 2.921289 -0.002088 0.000000
-33.218022 -6.242686 0.003146 0.000000
-32.138673 1.733006 -0.000016 0.000000
-20.393552 -0.621439 0.001383 0.000000
24.134849 3.050967 -0.001316 0.000000
-38.465674 3.848016 -0.000931 0.000000
15.256621 -0.449084 0.001217 0.000000
-39.352409 -8.161321 0.003845 0.000000
-29.592068 -3.523063 0.002139 0.000000
-16.984531 -1.725561 0.002142 0.000000
-22.887723 1.265342 0.000459 0.000000
37.803158 -5.575216 0.001294 0.000000
-16.169227 -4.008515 0.003152 0.000000
35.216151 -5.840410 0.001529 0.000000
0.037262 20.046713 -0.007461 0.000000
29.562485 5.848985 -0.002843 0.000000
-18.369981 1.150108 0.000809 0.000000
31.634738 0.582763 -0.000830 0.000000
32.273940 -0.521794 -0.000426 0.000000
-21.484732 2.425029 0.000055 0.000000
-35.940405 -3.463639 0.002014 0.000000
12.043288 0.612573 0.001442 0.000000
-38.017377 7.959678 -0.002588 0.000000
-34.741622 -1.500677 0.001241 0.000000
-12.161727 -3.971495 0.003840 0.000000
-26.056330 -5.532605 0.003039 0.000000
-36.207604 4.354481 -0.001123 0.000000
-39.457819 1.893579 -0.000154 0.000000
-37.277908 0.753773 0.000319 0.000000
35.593420 3.620935 -0.002269 0.000000
-39.727986 -0.639795 0.000863 0.000000
-14.967424 -1.874243 0.002470 0.000000
-31.366046 -5.553971 0.002906 0.000000
39.884103 -3.293643 0.000293 0.000000
-32.652508 -7.208095 0.003537 0.000000
-23.514788 0.999501 0.000534 0.000000
33.624595 2.220951 -0.001598 0.000000
-16.761970 -4.210475 0.003157 0.000000
30.022890 -6.164423 0.001953 0.000000
-33.654572 -2.244927 0.001555 0.000000
-39.398795 -6.056527 0.003015 0.000000
-22.914741 -5.803831 0.003285 0.000000
37.459515 -6.133606 0.001535 0.000000
-37.587805 2.230831 -0.000279 0.000000
-32.678356 3.853622 -0.000883 0.000000
28.881049 -4.576578 0.001405 0.000000
-34.129548 -0.664259 0.000914 0.000000
-27.045025 4.985716 -0.001232 0.000000
-25.659123 3.539145 -0.000595 0.000000
32.005382 -6.686556 0.002040 0.000000
39.349480 -1.237772 -0.000501 0.000000
-21.486527 -5.077724 0.003084 0.000000
-33.745088 -4.768347 0.002553 0.000000
26.248210 -8.317673 0.003058 0.000000
-31.344004 3.647641 -0.000776 0.000000
-27.215697 1.705321 0.000108 0.000000
17.096478 -4.283507 0.002458 0.000000
25.949836 -3.947551 0.001366 0.000000
-24.661710 -4.898283 0.002848 0.000000
36.197011 -3.381021 0.000503 0.000000
-28.036864 -6.547497 0.003375 0.000000
23.288367 -1.398815 0.000577 0.000000
29.044572 2.324520 -0.001373 0.000000
-31.995113 -2.668058 0.001748 0.000000
28.800333 -7.305460 0.002483 0.000000
-36.541506 -0.117226 0.000670 0.000000
23.173753 -5.964293 0.002395 0.000000
29.080758 3.631488 -0.001907 0.000000
37.423420 3.844157 -0.002448 0.000000
-27.026088 1.803013 0.000074 0.000000
-31.020940 -3.224392 0.001991 0.000000
30.946631 -7.119325 0.002270 0.000000
-31.939363 5.213236 -0.001423 0.000000
34.633221 -3.761539 0.000736 0.000000
27.796711 -2.839071 0.000788 0.000000
30.779709 5.213482 -0.002655 0.000000
35.571675 -1.026366 -0.000401 0.000000
-32.464191 6.385819 -0.001908 0.000000
-21.714994 -3.441636 0.002425 0.000000
-24.685009 -6.064166 0.003300 0.000000
31.925291 -4.192685 0.001063 0.000000
21.816058 -6.867168 0.002875 0.000000
-38.534671 1.920524 -0.000163 0.000000
-20.356061 -4.568017 0.002960 0.000000
-30.078692 -4.039364 0.002330 0.000000
-31.110433 5.266119 -0.001435 0.000000
-30.684628 1.184592 0.000228 0.000000
-17.530490 -1.185864 0.001862 0.000000
-34.050648 7.198108 -0.002256 0.000000
35.266162 6.503718 -0.003416 0.000000
21.234601 -7.086620 0.003015 0.000000
36.197138 -8.352273 0.002470 0.000000
33.297581 -4.642749 0.001159 0.000000
-37.842839 -3.473138 0.001998 0.000000
36.494964 -0.813031 -0.000532 0.000000
22.562757 -3.741315 0.001581 0.000000
-9.975641 -4.010806 0.004497 0.000000
18.895086 2.636273 -0.000627 0.000000
-38.043127 -3.853278 0.002148 0.000000
-22.431193 2.413274 0.000006 0.000000
30.499833 1.326247 -0.001059 0.000000
31.845676 5.248187 -0.002727 0.000000
0.067955 23.636183 -0.009118 0.000000
-0.386970 26.866681 -0.010554 0.000000
-0.985135 31.659303 -0.012630 0.000000
25.142388 -4.488871 0.001647 0.000000
-36.168237 -3.364766 0.001968 0.000000
36.784098 -2.310076 0.000050 0.000000
26.713705 -7.754504 0.002800 0.000000
34.544019 -8.201891 0.002495 0.000000
32.682083 -4.666915 0.001202 0.000000
-31.704309 -2.276984 0.001600 0.000000
-36.897479 -5.852901 0.002951 0.000000
22.821864 -1.320171 0.000590 0.000000
39.479332 0.933705 -0.001373 0.000000
23.113047 -5.085598 0.002059 0.000000
-31.163179 -2.485490 0.001691 0.000000
25.293331 -7.900701 0.002966 0.000000
36.682781 5.670649 -0.003148 0.000000
25.701461 3.898367 -0.001783 0.000000
-29.114745 5.609428 -0.001538 0.000000
-32.322664 2.189543 -0.000206 0.000000
30.432365 1.039731 -0.000940 0.000000
36.609254 4.677197 -0.002741 0.000000
28.307454 3.587636 -0.001839 0.000000
28.084615 4.659262 -0.002263 0.000000
31.479316 3.070536 -0.001825 0.000000
-26.482469 -5.674642 0.003077 0.000000
27.261384 4.505946 -0.002145 0.000000
-27.242186 -0.774649 0.001109 0.000000
37.073889 -5.464901 0.001288 0.000000
-38.381845 -8.004246 0.003790 0.000000
-37.043293 1.810679 -0.000110 0.000000
-38.189791 0.457807 0.000424 0.000000
21.743061 0.497779 -0.000043 0.000000
-28.337353 -3.963697 0.002346 0.000000
-36.233538 3.307525 -0.000703 0.000000
-29.284670 0.956940 0.000352 0.000000
30.024230 -5.984123 0.001885 0.000000
32.217684 5.860858 -0.002996 0.000000
28.912754 -1.078452 0.000011 0.000000
-24.587899 -6.061571 0.003303 0.000000
36.049776 -9.666693 0.002998 0.000000
34.444813 1.861460 -0.001497 0.000000
35.674098 3.411469 -0.002184 0.000000
37.038370 0.794071 -0.001199 0.000000
-33.715211 3.845516 -0.000896 0.000000
-35.675464 3.156036 -0.000635 0.000000
25.601608 1.782286 -0.000908 0.000000
-34.860029 5.330190 -0.001506 0.000000
-0.755653 24.262244 -0.009385 0.000000
24.280401 -6.115392 0.002358 0.000000
30.899656 -2.971854 0.000640 0.000000
28.276928 -0.139992 -0.000322 0.000000
-32.379627 5.993356 -0.001750 0.000000
35.275127 1.763112 -0.001500 0.000000
-37.397449 -0.590517 0.000851 0.000000
28.005127 -5.409845 0.001795 0.000000
38.157307 -1.047437 -0.000515 0.000000
27.881948 2.810258 -0.001490 0.000000
36.976738 0.833116 -0.001213 0.000000
-30.791483 -1.276354 0.001215 0.000000
-24.748911 -5.016224 0.002887 0.000000
-13.382669 -4.456548 0.003760 0.000000
-32.428302 -7.149529 0.003512 0.000000
28.149374 1.991308 -0.001178 0.000000
-21.376737 -5.620936 0.003300 0.000000
38.157651 -10.175754 0.003098 0.000000
-34.203275 1.722045 -0.000044 0.000000
-28.963534 -1.272349 0.001256 0.000000
-28.734827 1.875160 -0.000004 0.000000
32.252542 -7.902218 0.002506 0.000000
23.529487 -3.794890 0.001511 0.000000
30.822167 -6.933552 0.002207 0.000000
30.670767 -5.089899 0.001490 0.000000
-0.784800 34.297666 -0.013763 0.000000
1.762390 7.751861 1.200072 0.000000
-0.630547 31.073472 -0.012383 0.000000
25.742775 0.327695 -0.000327 0.000000
27.651009 -1.306677 0.000191 0.000000
-30.377161 5.031956 -0.001327 0.000000
-28.208408 2.210811 -0.000129 0.000000
26.481400 -8.449089 0.003089 0.000000
33.083632 4.000842 -0.002289 0.000000
-32.572547 -0.068287 0.000698 0.000000
-31.628397 3.891966 -0.000883 0.000000
35.361703 -1.218055 -0.000314 0.000000
-36.141260 -4.773693 0.002527 0.000000
21.520060 -6.732003 0.002852 0.000000
35.228834 -7.579300 0.002218 0.000000
-39.511959 1.790361 -0.000114 0.000000
-24.051745 -0.847551 0.001260 0.000000
-18.970517 2.408495 0.000225 0.000000
26.009912 2.550037 -0.001253 0.000000
34.100702 -7.942832 0.002420 0.000000
-29.259850 -5.222261 0.002819 0.000000
-18.960012 -5.286786 0.003351 0.000000
32.747177 -5.903859 0.001691 0.000000
0.188311 27.223616 -0.010722 0.000000
-0.294136 24.859702 -0.009662 0.000000
0.467887 30.675481 -0.012234 0.000000
-0.833079 26.614934 -0.010434 0.000000
-0.092534 35.273930 -0.014193 0.000000
29.308208 0.066045 -0.000474 0.000000
30.952213 2.130833 -0.001410 0.000000
-26.167611 2.095026 -0.000021 0.000000
31.704541 1.133998 -0.001052 0.000000
29.103117 -3.968837 0.001151 0.000000
-34.953657 0.361702 0.000492 0.000000
-23.114182 2.414489 -0.000030 0.000000
-20.949524 1.253253 0.000571 0.000000
0.230222 35.438190 -0.014269 0.000000
1.097366 34.694485 0.576759 0.000000
30.533403 -9.353071 0.003173 0.000000
-27.622062 -3.239367 0.002080 0.000000
-37.980299 7.140458 -0.002262 0.000000
22.620355 -3.120688 0.001331 0.000000
27.745766 -1.671306 0.000330 0.000000
-20.178177 -1.233972 0.001645 0.000000
31.189413 0.877129 -0.000918 0.000000
-39.213527 -4.793652 0.002512 0.000000
26.186317 -7.554654 0.002764 0.000000
39.614202 -4.381533 0.000742 0.000000
17.628894 -4.589840 0.002499 0.000000
33.532647 3.919188 -0.002276 0.000000
-26.444713 3.406576 -0.000567 0.000000
35.967172 0.869711 -0.001176 0.000000
-28.761459 -3.508555 0.002152 0.000000
-4.198148 -3.207542 0.009265 0.000000
-33.465843 2.140924 -0.000206 0.000000
-33.884152 3.467337 -0.000741 0.000000
-29.409538 5.789931 -0.001615 0.000000
0.207931 24.217800 -0.009385 0.000000
0.623507 23.472847 -0.009056 0.000000
-0.736465 27.449688 -0.010804 0.000000
38.265648 -4.253507 0.000757 0.000000
-34.262083 3.738466 -0.000860 0.000000
22.156412 -0.591812 0.000362 0.000000
-33.569182 2.460948 -0.000333 0.000000
35.712464 3.025324 -0.002033 0.000000
35.001452 7.061184 -0.003630 0.000000
36.695242 -10.722068 0.003377 0.000000
-37.926302 -1.721352 0.001299 0.000000
-38.574681 -7.449087 0.003568 0.000000
-29.672435 -3.363273 0.002074 0.000000
-38.107986 -5.903196 0.002957 0.000000
-32.200955 -2.232974 0.001569 0.000000
-30.195922 -0.157283 0.000778 0.000000
33.602786 -8.859729 0.002807 0.000000
13.604871 -5.128860 0.003427 0.000000
-31.291651 -2.916741 0.001859 0.000000
-24.221508 -0.145952 0.000968 0.000000
-35.062453 -1.806388 0.001358 0.000000
-28.465206 5.044475 -0.001292 0.000000
32.515220 5.206433 -0.002747 0.000000
-26.630276 1.035196 0.000395 0.000000
-37.497578 -4.097741 0.002244 0.000000
-15.586156 -4.814610 0.003536 0.000000
30.129038 -8.774825 0.002973 0.000000
23.407206 -4.782488 0.001914 0.000000
-27.227537 2.129055 -0.000068 0.000000
-34.548720 0.957084 0.000258 0.000000
-26.207024 4.723383 -0.001102 0.000000
-34.610802 -2.967903 0.001828 0.000000
31.828480 -9.500891 0.003154 0.000000
-27.979717 -2.821132 0.001902 0.000000
-19.918281 -3.660451 0.002637 0.000000
32.750322 -3.119516 0.000588 0.000000
-32.346677 -7.081221 0.003488 0.000000
21.305818 -5.521267 0.002407 0.000000
26.177760 -0.089807 -0.000190 0.000000
-35.734979 7.006917 -0.002197 0.000000
34.019178 -3.009114 0.000471 0.000000
26.333872 -1.023987 0.000171 0.000000
-23.620018 -3.061606 0.002168 0.000000
-29.754129 -6.402953 0.003273 0.000000
-27.779591 1.426656 0.000202 0.000000
26.624150 1.445920 -0.000848 0.000000
27.246604 4.773605 -0.002253 0.000000
