# .PCD v0.7 - Point Cloud Data file format
VERSION 0.7
FIELDS x y z intensity
SIZE 4 4 4 4
TYPE F F F F
COUNT 1 1 1 1
WIDTH 14435
HEIGHT 1
VIEWPOINT 0 0 0 1 0 0 0
POINTS 14435
DATA ascii
-0.024259 -2.546299 0.061134 0.000000
0.190310 -2.567689 0.058378 0.000000
-0.390194 -2.538763 0.051523 0.000000
0.216168 -2.539021 0.055653 0.000000
-1.305803 -2.582537 0.026228 0.000000
-1.143655 -2.590322 0.029236 0.000000
-1.327942 -2.292513 0.099249 0.000000
-1.450824 -2.261933 0.097852 0.000000
-1.732592 -2.380403 0.095905 0.000000
-1.510600 -2.573326 0.023167 0.000000
-1.934118 -2.344402 0.094367 0.000000
-2.015363 -2.378045 0.093934 0.000000
-0.665502 -2.519170 0.040811 0.000000
-0.822773 -2.475618 0.035370 0.000000
-9.644630 -0.897425 0.003061 0.000000
-8.634345 -0.778815 0.003025 0.000000
-5.221949 -1.731197 0.006387 0.000000
-3.982288 -1.874945 0.008884 0.000000
-2.822929 -2.335163 0.012810 0.000000
-13.536365 0.224933 0.000803 0.000000
-6.873402 -1.257917 0.004285 0.000000
-4.723004 -1.898603 0.007473 0.000000
-3.535338 -2.170788 0.010181 0.000000
-30.831624 3.889261 0.013154 0.000000
-3.326156 -2.103858 0.010711 0.000000
-5.697603 -1.688059 0.005930 0.000000
-4.199989 -2.093579 0.008553 0.000000
-16.524792 0.458583 0.007711 0.000000
-7.734851 -1.489348 0.004422 0.000000
-5.158771 -1.982394 0.006898 0.000000
-11.509440 -0.944128 0.002682 0.000000
-6.517420 -1.737299 0.005459 0.000000
-22.260585 0.900658 0.001459 0.000000
-8.954626 -1.499793 0.003156 0.000000
-14.593015 -0.798618 0.008836 0.000000
-4.092037 -1.708212 0.008238 0.000000
-2.832456 -1.821392 0.011925 0.000000
-1.634814 -2.567996 0.021619 0.000000
-3.533020 -1.950198 0.009951 0.000000
-3.158867 -2.049699 0.011167 0.000000
-4.975480 -1.527530 0.006597 0.000000
-3.680568 -1.957764 0.009577 0.000000
-2.889962 -2.168102 0.012297 0.000000
-1.945695 -2.555284 0.018490 0.000000
-6.322303 -1.251976 0.004883 0.000000
-4.258841 -1.651803 0.008052 0.000000
-0.574162 -2.526404 0.044116 0.000000
-1.114000 -2.690074 0.030542 0.000000
-0.934577 -2.679001 0.034981 0.000000
-0.653660 -2.663974 0.044530 0.000000
-2.676879 -2.527559 0.013724 0.000000
-1.460636 -2.713629 0.024356 0.000000
-2.383180 -2.538432 0.015321 0.000000
-1.858147 -2.616351 0.019417 0.000000
-1.780777 -2.675084 0.020311 0.000000
-2.915479 -2.565141 0.012692 0.000000
-2.564122 -2.568065 0.014344 0.000000
-2.040128 -2.615860 0.017829 0.000000
-3.407899 -2.225111 0.010467 0.000000
-2.279365 -2.775215 0.016282 0.000000
-4.112362 -2.390547 0.008964 0.000000
-3.046645 -2.514209 0.012119 0.000000
-2.690775 -2.709101 0.013847 0.000000
-4.868485 -2.365145 0.007362 0.000000
-3.724268 -2.404449 0.009911 0.000000
-2.853285 -2.615587 0.013006 0.000000
-2.523005 -2.615407 0.014623 0.000000
-1.222816 -2.657566 0.028109 0.000000
-2.144108 -2.547520 0.016911 0.000000
-0.594976 -2.661263 0.047023 0.000000
-0.347180 -2.719749 0.062965 0.000000
-6.384709 -2.290370 0.005705 0.000000
0.641688 -2.509043 0.039345 0.000000
0.760439 -2.298294 0.106139 0.000000
0.576791 -2.460214 0.088328 0.000000
0.823808 -2.426674 0.106751 0.000000
1.028482 -2.373931 0.102789 0.000000
0.952765 -2.393359 0.104122 0.000000
1.381294 -2.355476 0.098389 0.000000
13.350908 0.643226 -0.006359 0.000000
-11.665287 -3.191532 0.002597 0.000000
-23.824227 -3.734020 0.014332 0.000000
28.325352 1.932556 -0.016335 0.000000
12.464434 -0.584157 -0.004937 0.000000
27.905589 2.859553 -0.002703 0.000000
7.942339 -1.302231 -0.000481 0.000000
12.629517 -0.051948 -0.000343 0.000000
29.741367 4.537104 -0.018665 0.000000
5.893259 -1.652627 0.006260 0.000000
8.135741 -0.939890 -0.000941 0.000000
-36.838417 -2.964475 0.009878 0.000000
34.969799 7.251802 -0.023156 0.000000
4.406639 -1.870474 0.007794 0.000000
5.957787 -1.248548 0.005886 0.000000
8.556147 -0.518520 -0.002424 0.000000
9.422721 -0.029841 0.185619 0.000000
3.645505 -1.995486 0.009482 0.000000
4.738607 -1.753484 0.007129 0.000000
6.365307 -1.108273 0.005371 0.000000
8.927996 -0.031079 0.196421 0.000000
3.012003 -2.067552 0.011502 0.000000
-3.741987 -2.627508 0.010005 0.000000
-4.577325 -2.550143 0.008016 0.000000
-3.565770 -2.744354 0.010563 0.000000
-8.568028 -2.063501 0.003326 0.000000
-5.590880 -2.593095 0.006833 0.000000
-4.136787 -2.738546 0.009226 0.000000
-3.276612 -2.616190 0.011382 0.000000
-13.216644 -1.784682 0.008986 0.000000
-7.388698 -2.539809 0.004770 0.000000
-4.942924 -2.786066 0.007797 0.000000
3.961763 -1.717750 0.008453 0.000000
-29.563010 -0.769761 0.015276 0.000000
-10.468745 -2.236287 0.003555 0.000000
-6.367669 -2.726648 0.005604 0.000000
-4.423385 -2.637850 0.008488 0.000000
-18.961041 -2.085505 0.011266 0.000000
-8.814778 -2.723334 0.003512 0.000000
-5.671927 -2.964908 0.006475 0.000000
-14.377858 -2.784639 0.001371 0.000000
-7.759691 -2.954560 0.005159 0.000000
1.178278 -2.439305 0.083706 0.000000
2.006443 -2.127871 0.093037 0.000000
1.230531 -2.437794 0.033466 0.000000
1.604778 -2.228150 0.095890 0.000000
1.950731 -2.046485 0.093106 0.000000
1.524363 -2.325424 0.096922 0.000000
1.786186 -2.182767 0.094470 0.000000
1.442885 -2.116787 0.096659 0.000000
4.836829 -1.282517 0.006490 0.000000
6.647260 -0.722529 0.004977 0.000000
2.062021 -2.309425 0.093167 0.000000
3.348502 -1.936862 0.010191 0.000000
4.122860 -1.501577 0.007913 0.000000
5.303207 -1.059389 0.006010 0.000000
1.902583 -2.246546 0.093933 0.000000
2.898212 -1.816254 0.011493 0.000000
3.435510 -1.796397 0.009877 0.000000
4.243927 -1.360390 0.007708 0.000000
-39.167258 2.169817 0.018235 0.000000
3.774961 -1.553442 0.008676 0.000000
1.459367 -2.410835 0.097861 0.000000
3.190857 -1.751885 0.010479 0.000000
-7.738886 -0.035433 0.084268 0.000000
-7.539377 -0.036169 0.327555 0.000000
-7.289161 -0.037539 0.190591 0.000000
-4.720161 -1.182680 0.006688 0.000000
-3.336336 -1.546313 0.009924 0.000000
-7.913994 -0.034610 0.279677 0.000000
-5.726014 -0.609355 0.005010 0.000000
-3.858463 -1.396054 0.008535 0.000000
-8.393173 -0.032759 0.595024 0.000000
-2.932831 -1.662308 0.011287 0.000000
-8.645166 -0.032280 0.672226 0.000000
-8.563753 -0.032304 0.300906 0.000000
-8.374742 -0.033391 0.066673 0.000000
-5.940399 -0.821472 0.004979 0.000000
-9.143517 -0.030626 0.831267 0.000000
-8.826600 -0.031806 0.421178 0.000000
-8.601928 -0.032529 0.328788 0.000000
-7.972962 -0.219652 0.003127 0.000000
-9.419671 -0.029291 0.926658 0.000000
-3.959133 -1.173628 0.008072 0.000000
-2.900180 -1.528451 0.011134 0.000000
-1.740832 -2.144520 0.095036 0.000000
-1.572358 -2.191719 0.096468 0.000000
-4.612240 -0.940541 0.006816 0.000000
-1.850158 -1.886817 0.093447 0.000000
-5.687558 -0.352682 0.004978 0.000000
-9.231006 -0.029900 0.703253 0.000000
-6.815453 -0.039523 0.108507 0.000000
-4.575706 -0.980769 0.006856 0.000000
-2.148555 -2.185019 0.092749 0.000000
-7.037385 -0.038779 0.177183 0.000000
-5.688295 -0.407029 0.005056 0.000000
6.861802 -0.038274 1.457017 0.000000
8.985897 -0.029933 1.912065 0.000000
8.111937 -0.033268 1.669249 0.000000
7.501209 -0.035177 1.773221 0.000000
6.826257 -0.038122 1.694421 0.000000
8.509324 -0.031617 1.694448 0.000000
7.796789 -0.034164 1.650656 0.000000
7.102535 -0.037136 1.451171 0.000000
6.761850 -0.038731 1.437593 0.000000
8.074545 -0.033286 1.498096 0.000000
7.433664 -0.035763 1.478953 0.000000
7.120763 -0.036599 1.865394 0.000000
6.294385 -0.041117 1.390772 0.000000
7.676229 -0.034939 1.320072 0.000000
7.095567 -0.037359 1.320573 0.000000
6.577021 -0.039790 1.318406 0.000000
6.060949 -0.042451 1.356023 0.000000
7.309378 -0.036579 1.158074 0.000000
6.784070 -0.038929 1.176321 0.000000
6.308921 -0.041303 1.189019 0.000000
5.821377 -0.044076 1.127593 0.000000
6.845448 -0.039008 0.941814 0.000000
8.374471 -0.031607 2.498181 0.000000
-9.196142 -0.030915 0.346038 0.000000
-9.131096 -0.030939 0.053581 0.000000
-9.884604 -0.027659 0.930174 0.000000
-9.723911 -0.029375 0.499447 0.000000
-9.436123 -0.029729 0.237685 0.000000
9.791716 -0.026442 3.029229 0.000000
9.105063 -0.028658 2.998256 0.000000
9.649836 -0.027179 2.870252 0.000000
8.769180 -0.030125 2.737969 0.000000
9.090930 -0.029260 2.445993 0.000000
9.623293 -0.027583 2.536778 0.000000
8.673034 -0.030424 2.366099 0.000000
7.883905 -0.032948 2.397682 0.000000
9.099358 -0.029254 2.279390 0.000000
8.248700 -0.032024 2.149739 0.000000
7.436452 -0.035064 2.050831 0.000000
9.516059 -0.028219 2.156250 0.000000
8.624085 -0.030911 2.048031 0.000000
7.859491 -0.033608 1.952964 0.000000
-0.792394 -2.221410 0.105485 0.000000
-0.844651 -2.201396 0.104448 0.000000
-1.130165 -2.341452 0.101968 0.000000
-1.219525 -2.019645 0.098455 0.000000
-1.743499 -1.836648 0.093827 0.000000
-3.352375 -1.377195 0.009623 0.000000
6.557207 -0.040530 0.893642 0.000000
0.559222 -2.115181 0.106047 0.000000
0.495641 -2.205598 0.108718 0.000000
0.600820 -2.090720 0.105115 0.000000
0.638572 -1.814435 0.100720 0.000000
0.801614 -1.874545 0.100188 0.000000
0.234287 -2.331448 0.116544 0.000000
1.287218 -1.553975 0.094541 0.000000
0.922736 -2.177148 0.102306 0.000000
1.066280 -1.892282 0.098225 0.000000
1.160559 -1.638887 0.095731 0.000000
0.817608 -1.678680 0.098059 0.000000
0.239343 -2.139335 0.110192 0.000000
0.189019 -2.313749 0.116509 0.000000
4.711399 -0.052412 0.268120 0.000000
4.655482 -0.052804 0.427829 0.000000
5.358856 -0.047655 0.336042 0.000000
5.144436 -0.049165 0.250897 0.000000
4.565494 -0.053439 0.585153 0.000000
5.181385 -0.048920 0.066432 0.000000
4.894608 -0.050973 0.343682 0.000000
4.492995 -0.054164 0.357250 0.000000
4.392499 -0.054945 0.502484 0.000000
4.941251 -0.050657 0.171548 0.000000
4.825742 -0.051427 0.502656 0.000000
4.337431 -0.055508 0.290720 0.000000
4.746901 -0.052142 0.096928 0.000000
4.563441 -0.053597 0.027631 0.000000
4.067922 -0.057910 0.351891 0.000000
3.930976 -0.356906 0.007006 0.000000
4.213516 -0.056591 0.068563 0.000000
4.061935 -0.057942 0.009804 0.000000
3.916296 -0.059358 0.283722 0.000000
6.181630 -0.042567 0.443373 0.000000
6.059475 -0.042790 1.069953 0.000000
5.604361 -0.045534 1.009116 0.000000
6.132690 -0.042490 0.922968 0.000000
5.601970 -0.045731 0.855079 0.000000
5.454325 -0.046737 0.985079 0.000000
6.360488 -0.041418 0.748737 0.000000
5.889255 -0.044194 0.762282 0.000000
5.501167 -0.046578 0.601484 0.000000
5.348638 -0.047252 0.977495 0.000000
3.289201 -0.694684 0.008533 0.000000
5.726208 -0.045084 0.699647 0.000000
5.391523 -0.047184 0.757792 0.000000
5.193584 -0.048611 0.667557 0.000000
5.618622 -0.046126 0.447485 0.000000
5.587708 -0.046114 0.428124 0.000000
4.937511 -0.050374 0.768102 0.000000
5.592444 -0.046127 0.212393 0.000000
5.286889 -0.048068 0.509271 0.000000
1.126797 -2.159212 0.099813 0.000000
1.876899 -1.301242 0.091054 0.000000
2.903740 -0.323018 0.008392 0.000000
1.230963 -1.885612 0.096931 0.000000
1.230559 -1.705891 0.095764 0.000000
1.669949 -1.431194 0.092266 0.000000
1.841722 -1.177210 0.090755 0.000000
1.437204 -1.452732 0.093317 0.000000
1.619321 -1.329035 0.092050 0.000000
1.419491 -1.691611 0.094605 0.000000
3.495888 -0.063571 0.102486 0.000000
3.906952 -0.059436 0.111433 0.000000
2.819040 -0.941637 0.009996 0.000000
3.432429 -0.416258 0.007830 0.000000
3.630718 -0.062189 0.159305 0.000000
1.929750 -1.520661 0.091581 0.000000
2.937293 -0.701408 0.009237 0.000000
1.651691 -1.766379 0.093712 0.000000
3.096548 -0.590025 0.008704 0.000000
2.134639 -1.138930 0.089801 0.000000
3.242726 -0.066335 0.140958 0.000000
6.152250 -0.042754 0.304591 0.000000
7.635935 -0.035889 0.364205 0.000000
7.073854 -0.038071 0.464199 0.000000
6.700184 -0.039780 0.524381 0.000000
7.622434 -0.035846 0.099460 0.000000
7.275586 -0.037427 0.253515 0.000000
6.834454 -0.039247 0.210442 0.000000
6.474574 -0.040937 0.557896 0.000000
6.853971 -0.217553 -0.000084 0.000000
6.839276 -0.039277 0.132981 0.000000
6.465934 -0.041106 0.259531 0.000000
8.037390 -0.034205 0.219691 0.000000
5.135132 -0.750891 0.006306 0.000000
6.529848 -0.040823 0.037517 0.000000
6.212315 -0.042478 0.008848 0.000000
5.906018 -0.044191 0.337204 0.000000
4.086293 -1.129621 0.007556 0.000000
5.286526 -0.522581 0.005265 0.000000
5.937262 -0.044063 0.085073 0.000000
5.695147 -0.045527 0.006252 0.000000
3.531399 -1.312978 0.009005 0.000000
4.379416 -0.820035 0.006939 0.000000
8.247653 -0.032956 0.988300 0.000000
9.418904 -0.029165 1.735676 0.000000
9.820474 -0.028350 1.536190 0.000000
9.064632 -0.030195 1.598656 0.000000
9.357082 -0.029504 1.394809 0.000000
8.460503 -0.032096 1.259018 0.000000
9.429767 -0.029592 0.926168 0.000000
8.653744 -0.031602 1.107391 0.000000
8.051944 -0.033661 1.085395 0.000000
9.643478 -0.029140 0.657824 0.000000
8.819070 -0.031280 0.762883 0.000000
5.399938 -0.331061 0.005951 0.000000
7.675645 -0.035210 0.926884 0.000000
9.091882 -0.030783 0.498108 0.000000
8.420044 -0.032566 0.745054 0.000000
7.889214 -0.034996 0.613777 0.000000
7.324726 -0.036756 0.780667 0.000000
8.783426 -0.031953 0.310008 0.000000
8.023748 -0.034347 0.484272 0.000000
7.414653 -0.036523 0.580369 0.000000
7.001380 -0.038276 0.647353 0.000000
1.288196 -2.021883 0.097371 0.000000
1.665549 -1.953746 0.094398 0.000000
1.959336 -1.736166 0.092141 0.000000
1.416277 -1.967361 0.096086 0.000000
2.835939 -1.002988 0.009953 0.000000
2.053849 -1.909047 0.092224 0.000000
5.408648 -0.047362 0.149868 0.000000
2.801483 -1.592629 0.011569 0.000000
3.558534 -1.152417 0.008934 0.000000
4.292712 -0.632116 0.006496 0.000000
5.384588 -0.047499 0.124256 0.000000
1.870982 -1.875328 0.092994 0.000000
2.831263 -1.261504 0.010636 0.000000
3.732802 -0.801229 0.007900 0.000000
4.512735 -0.333923 0.006236 0.000000
3.108574 -1.013714 0.009455 0.000000
3.841167 -0.612493 0.007475 0.000000
2.125157 -1.778259 0.091568 0.000000
3.210441 -0.914748 0.009064 0.000000
0.848358 -2.629998 0.035130 0.000000
1.401927 -2.694202 0.024243 0.000000
1.678091 -2.429836 0.075506 0.000000
1.026033 -2.626123 0.030662 0.000000
1.234298 -2.753543 0.027158 0.000000
2.587109 -2.495795 0.013838 0.000000
2.145052 -2.621285 0.016599 0.000000
2.740079 -2.411981 0.013024 0.000000
3.396460 -2.532080 0.010764 0.000000
1.609158 -2.620894 0.021367 0.000000
1.819301 -2.713579 0.019396 0.000000
2.300956 -2.508094 0.015411 0.000000
2.066857 -2.518542 0.016977 0.000000
1.986647 -2.411837 0.093817 0.000000
0.725059 -2.673214 0.039538 0.000000
0.503437 -2.702477 0.049431 0.000000
-3.513167 -3.105727 0.010877 0.000000
-3.179410 -2.815592 0.011857 0.000000
-2.604690 -2.891881 0.014421 0.000000
-2.100160 -2.838426 0.017652 0.000000
-3.695782 -2.848588 0.010254 0.000000
-2.897807 -2.824278 0.012977 0.000000
-2.586101 -3.130030 0.014596 0.000000
-5.869591 -2.784775 0.006596 0.000000
-4.239004 -2.954476 0.009008 0.000000
-1.911147 -2.818900 0.019260 0.000000
-2.757208 -3.033508 0.013713 0.000000
-7.870870 -2.847734 0.005015 0.000000
-5.256067 -3.157362 0.007177 0.000000
-4.004058 -3.045314 0.009561 0.000000
-3.153016 -3.095726 0.012071 0.000000
-11.400124 -2.888181 0.002753 0.000000
-6.935107 -3.072139 0.005251 0.000000
-4.856934 -3.140521 0.007948 0.000000
-3.662225 -3.232188 0.010310 0.000000
-21.045770 -3.351775 0.013482 0.000000
-1.374844 -2.886632 0.026114 0.000000
-1.478005 -2.906493 0.024496 0.000000
-1.670149 -2.867378 0.021874 0.000000
-9.679840 -3.213772 0.003563 0.000000
-3.069453 -2.724170 0.012209 0.000000
-2.327038 -2.862262 0.016039 0.000000
3.168635 -2.686585 0.011617 0.000000
21.773851 -1.562077 -0.011145 0.000000
3.556197 -2.994107 0.010564 0.000000
4.414046 -2.967758 0.008546 0.000000
6.446357 -2.458299 0.006153 0.000000
11.370944 -2.168140 -0.003875 0.000000
2.855434 -2.818783 0.012911 0.000000
3.741394 -2.701988 0.009924 0.000000
5.000722 -2.486059 0.007722 0.000000
7.666154 -2.284615 0.004413 0.000000
2.496561 -2.888728 0.014816 0.000000
9.009121 -2.597875 -0.001266 0.000000
4.039059 -2.521184 0.009112 0.000000
5.796902 -2.284065 0.006282 0.000000
2.336721 -2.862544 0.015598 0.000000
2.740817 -2.675564 0.013307 0.000000
3.410528 -2.462275 0.010666 0.000000
4.400226 -2.309526 0.008254 0.000000
2.400138 -2.622373 0.014989 0.000000
2.945127 -2.480951 0.012261 0.000000
3.705773 -2.467162 0.010053 0.000000
16.153196 -4.189106 -0.005465 0.000000
-6.156255 -3.286661 0.006353 0.000000
-4.584344 -3.206253 0.008430 0.000000
-16.001966 -3.887549 0.011612 0.000000
-8.385031 -3.655491 0.004434 0.000000
-5.464495 -3.465180 0.007188 0.000000
-13.080884 -4.256462 0.002774 0.000000
-7.498135 -3.900689 0.005661 0.000000
-29.546601 -6.369226 0.001083 0.000000
-11.165655 -4.548704 0.004337 0.000000
-22.038878 -6.416428 0.015749 0.000000
9.419050 -3.507593 -0.000901 0.000000
23.322404 -3.701972 -0.010834 0.000000
6.723847 -3.321198 0.006410 0.000000
11.648542 -3.141941 -0.000685 0.000000
5.065462 -3.155133 0.007553 0.000000
7.692990 -2.903332 0.004956 0.000000
15.090009 -2.577932 -0.006085 0.000000
4.086934 -2.834175 0.009392 0.000000
5.753414 -2.935758 0.006589 0.000000
-0.795651 -2.806601 0.040803 0.000000
-0.900002 -2.800036 0.037042 0.000000
0.275436 -2.658799 0.060137 0.000000
0.189767 -2.652953 0.064306 0.000000
6.640722 -1.745952 0.005204 0.000000
3.054443 -2.414433 0.011783 0.000000
3.836613 -2.243732 0.009550 0.000000
5.060796 -1.943139 0.006969 0.000000
3.377624 -2.282147 0.010597 0.000000
4.072992 -2.066782 0.008700 0.000000
4.664039 -2.171881 0.007929 0.000000
2.732535 -2.333295 0.012874 0.000000
3.450777 -2.120301 0.010398 0.000000
2.534608 -2.360729 0.013903 0.000000
2.863869 -2.130331 0.012126 0.000000
3.887424 -2.532047 0.009461 0.000000
37.962241 -1.946378 -0.020552 0.000000
14.184693 -2.338572 -0.005571 0.000000
8.713559 -2.572840 -0.000500 0.000000
18.093541 -1.525245 -0.008790 0.000000
6.365791 -2.484780 0.005819 0.000000
10.074896 -1.993541 -0.002437 0.000000
26.231994 -0.003481 -0.014827 0.000000
4.951877 -2.506510 0.007468 0.000000
6.895023 -2.170288 0.005225 0.000000
12.371164 -1.281507 -0.002283 0.000000
5.280115 -2.271600 0.006884 0.000000
7.879193 -1.809510 -0.000883 0.000000
16.044263 -0.394259 -0.008092 0.000000
4.262854 -2.336149 0.008530 0.000000
5.855382 -2.092042 0.006418 0.000000
9.454936 -1.299153 -0.002307 0.000000
3.403396 -2.207906 0.010447 0.000000
-1.129672 -2.840715 0.030893 0.000000
7.266645 -2.649450 0.005538 0.000000
-22.985960 -4.750288 0.000352 0.000000
-9.598481 -3.927528 0.004669 0.000000
-6.028486 -3.634328 0.006307 0.000000
-16.435090 -4.954897 0.003922 0.000000
-8.285260 -4.052861 0.005257 0.000000
-12.956398 -5.063482 0.004358 0.000000
-30.210373 -8.355521 0.020911 0.000000
21.849929 -2.631606 -0.001777 0.000000
11.080983 -2.618977 -0.002603 0.000000
27.653179 -1.479526 -0.013957 0.000000
-4.767071 -3.413418 0.007950 0.000000
12.735226 -2.149250 -0.000524 0.000000
39.727615 0.727077 -0.021940 0.000000
5.406598 -2.650262 0.006921 0.000000
8.166016 -2.281317 -0.000207 0.000000
15.083288 -1.308967 -0.006373 0.000000
4.237794 -2.436325 0.008840 0.000000
5.951511 -2.277133 0.005896 0.000000
9.226997 -1.794123 -0.001459 0.000000
19.109554 -0.126154 -0.009696 0.000000
-5.829238 -3.098489 0.006328 0.000000
-2.306741 -3.072544 0.016260 0.000000
-5.090120 -2.978518 0.007295 0.000000
-3.944549 -2.909377 0.009648 0.000000
-6.575969 -2.831181 0.005959 0.000000
-4.678821 -3.139090 0.008025 0.000000
-2.910603 -3.091774 0.012900 0.000000
-9.055776 -3.027967 0.003690 0.000000
4.689820 -2.341208 0.007597 0.000000
-4.352735 -3.126416 0.008638 0.000000
-3.397065 -3.298948 0.011272 0.000000
-14.806985 -3.384006 0.003140 0.000000
-7.728110 -3.263962 0.004669 0.000000
-5.349392 -3.251371 0.007019 0.000000
-3.937007 -3.268829 0.009600 0.000000
-38.933693 -4.553932 0.023160 0.000000
-11.775785 -3.732746 0.002508 0.000000
-6.740614 -3.582350 0.005918 0.000000
3.396349 -2.151781 0.010408 0.000000
6.677072 -2.078161 0.005149 0.000000
10.785461 -1.179876 -0.003235 0.000000
5.083243 -2.091571 0.006835 0.000000
7.504307 -1.490463 0.004065 0.000000
4.028657 -2.222204 0.008920 0.000000
5.655378 -1.832136 0.006446 0.000000
3.144843 -2.386517 0.011438 0.000000
3.931854 -2.083288 0.009219 0.000000
-2.446737 -2.985165 0.015355 0.000000
-3.343537 -2.860294 0.011314 0.000000
-0.190110 -2.626060 0.064985 0.000000
2.088925 -2.836736 0.017269 0.000000
2.350340 -2.670562 0.015338 0.000000
3.575727 -2.702097 0.010364 0.000000
7.880789 -3.074058 0.005236 0.000000
16.288980 -2.696307 -0.006860 0.000000
4.190699 -3.060877 0.009310 0.000000
5.936111 -2.949025 0.006801 0.000000
9.720486 -2.696953 -0.001862 0.000000
24.401378 -1.580378 -0.012765 0.000000
4.782713 -2.883013 0.007911 0.000000
6.821753 -2.754030 0.005830 0.000000
12.197867 -2.074110 -0.004204 0.000000
3.931907 -2.900520 0.009561 0.000000
5.344414 -2.752508 0.007048 0.000000
2.643970 -2.895117 0.013924 0.000000
3.314351 -2.795714 0.011200 0.000000
4.289098 -2.722024 0.008711 0.000000
6.127377 -2.369270 0.006300 0.000000
2.862661 -2.769752 0.012848 0.000000
-1.729012 -3.005079 0.021224 0.000000
-9.868822 -4.437438 0.004527 0.000000
-4.398249 -3.293921 0.008801 0.000000
-16.995822 -4.109043 0.004083 0.000000
-5.370776 -3.563723 0.007505 0.000000
-3.979348 -3.489432 0.009532 0.000000
-12.518349 -4.282434 0.003966 0.000000
-6.894862 -3.875344 0.005949 0.000000
-4.701666 -3.708366 0.008385 0.000000
-26.662513 -6.307317 0.017924 0.000000
-6.019760 -3.544732 0.006207 0.000000
-6.106894 -4.054888 0.006884 0.000000
-17.588708 -5.929601 0.013455 0.000000
-8.340018 -4.587167 0.005510 0.000000
-13.190235 -5.773485 0.005144 0.000000
-31.272561 -10.220665 0.022549 0.000000
17.144704 -4.415632 -0.006430 0.000000
9.727995 -3.622049 -0.001133 0.000000
25.821798 -4.041795 -0.012163 0.000000
12.212237 -3.268851 -0.003496 0.000000
-1.994030 -3.063792 0.018643 0.000000
-2.079585 -3.026217 0.017920 0.000000
-4.402982 -2.894512 0.008653 0.000000
-5.463724 -3.030056 0.006788 0.000000
-3.825739 -3.103608 0.010014 0.000000
-7.172908 -3.214463 0.005659 0.000000
-4.861231 -3.207246 0.007736 0.000000
-2.938425 -3.203114 0.012932 0.000000
-9.838596 -3.456619 0.004157 0.000000
-2.660766 -0.071684 1.286471 0.000000
-2.358440 -0.077269 0.762209 0.000000
-2.595778 -0.072653 1.239852 0.000000
-2.531962 -0.073609 1.194982 0.000000
-2.400379 -0.076223 0.936705 0.000000
-2.746022 -0.069675 1.506392 0.000000
-2.332844 -0.077206 0.897827 0.000000
-2.757050 -0.071077 1.158697 0.000000
-2.747510 -0.071817 0.974406 0.000000
-2.933061 -0.067687 1.491878 0.000000
-2.286918 -0.077302 1.031547 0.000000
-2.136924 -0.080055 0.790858 0.000000
-1.949931 -0.082748 0.697126 0.000000
-2.169921 -0.079066 0.958480 0.000000
-2.964667 -0.066427 1.684129 0.000000
-3.552716 -0.059150 2.016313 0.000000
-3.322432 -0.063292 1.564058 0.000000
-3.370490 -0.063514 1.374472 0.000000
-3.357931 -0.060809 2.037291 0.000000
-3.306712 -0.062432 1.799069 0.000000
-3.386689 -0.061348 1.868449 0.000000
-3.595039 -0.059777 1.781035 0.000000
-3.569671 -0.061021 1.516795 0.000000
-3.468654 -0.060254 1.940808 0.000000
-3.526780 -0.058502 2.201831 0.000000
-3.780343 -0.058481 1.674209 0.000000
-3.727640 -0.056911 2.177668 0.000000
-3.789037 -0.057383 1.943515 0.000000
-2.915111 -0.069519 1.075015 0.000000
-2.832637 -0.070004 1.209214 0.000000
-3.077595 -0.065619 1.607301 0.000000
-3.004554 -0.066659 1.548438 0.000000
-3.195957 -0.063084 1.886659 0.000000
-3.069238 -0.066704 1.374771 0.000000
-3.001849 -0.068346 1.129138 0.000000
-1.174947 -0.122714 0.251466 0.000000
-1.363644 -0.120474 0.463215 0.000000
-1.598405 -0.087625 0.543982 0.000000
-1.358605 -0.120591 0.288793 0.000000
-1.576136 -0.087703 0.641032 0.000000
-0.883866 -0.125657 0.210664 0.000000
-0.771954 -0.126622 0.201177 0.000000
-1.028699 -0.124296 0.435431 0.000000
-1.945164 -0.082423 0.827695 0.000000
-1.617182 -0.087510 0.448634 0.000000
-1.982115 -0.082725 0.469840 0.000000
-1.627264 -0.086998 0.664747 0.000000
5.195630 -0.028067 7.676366 0.000000
-7.696199 -0.024752 6.957396 0.000000
-8.638445 -0.023262 7.208323 0.000000
-6.315019 -0.027968 6.933256 0.000000
-7.194671 -0.026554 7.091902 0.000000
-7.980531 -0.023403 7.357544 0.000000
-8.870364 -0.021937 7.772030 0.000000
-6.573985 -0.027309 7.036348 0.000000
-7.396190 -0.025408 7.456779 0.000000
-6.420506 -0.026385 7.553671 0.000000
-6.643206 -0.025063 7.704806 0.000000
-6.968707 -0.027527 6.605324 0.000000
4.884852 -0.029651 7.355636 0.000000
4.802509 -0.030697 7.085905 0.000000
4.720449 -0.031754 6.826314 0.000000
5.522907 -0.027813 7.569103 0.000000
4.640209 -0.032805 6.580496 0.000000
5.276591 -0.030102 7.048979 0.000000
4.561142 -0.033857 6.345657 0.000000
5.303728 -0.030063 6.957960 0.000000
4.483233 -0.034910 6.121169 0.000000
6.053430 -0.027229 7.522141 0.000000
-7.682713 -0.027363 6.033371 0.000000
-6.036135 -0.033628 5.349264 0.000000
-6.700478 -0.031535 5.244927 0.000000
-7.388637 -0.029661 5.220826 0.000000
-5.625418 -0.032957 5.704234 0.000000
-6.210987 -0.032414 5.601976 0.000000
-6.918033 -0.029608 5.785837 0.000000
-7.406788 -0.028710 5.702557 0.000000
-5.756636 -0.031832 5.944726 0.000000
-6.231017 -0.030917 5.813301 0.000000
-7.131759 -0.028928 5.847162 0.000000
5.197437 -0.031193 6.675181 0.000000
-5.891857 -0.030708 6.198161 0.000000
-6.586256 -0.029983 6.156455 0.000000
-7.201739 -0.027479 6.344542 0.000000
-8.092111 -0.025276 6.566681 0.000000
-6.167945 -0.030069 6.328146 0.000000
-6.790796 -0.028749 6.466040 0.000000
-7.429249 -0.026204 6.695217 0.000000
-8.250041 -0.023661 6.971602 0.000000
-6.032357 -0.029575 6.467618 0.000000
5.418158 -0.034518 5.487401 0.000000
4.422987 -0.038127 5.364879 0.000000
3.966657 -0.042323 4.794472 0.000000
5.967305 -0.031051 6.177468 0.000000
5.153842 -0.035495 5.484294 0.000000
4.505675 -0.039195 5.040392 0.000000
3.984334 -0.043496 4.537601 0.000000
5.642189 -0.033612 5.609796 0.000000
4.809697 -0.037459 5.209608 0.000000
4.200484 -0.041206 4.838937 0.000000
3.789609 -0.044792 4.472664 0.000000
5.253920 -0.034785 5.602465 0.000000
4.972178 -0.037385 5.082341 0.000000
4.388628 -0.041446 4.617768 0.000000
3.760494 -0.045505 4.333909 0.000000
5.285564 -0.035759 5.243411 0.000000
4.613326 -0.039734 4.813973 0.000000
4.057814 -0.043267 4.520314 0.000000
3.744678 -0.046840 4.094147 0.000000
5.341202 -0.036181 5.105554 0.000000
4.780023 -0.039826 4.630720 0.000000
4.196987 -0.043802 4.277223 0.000000
4.181784 -0.039141 5.315161 0.000000
4.370353 -0.035954 5.991708 0.000000
5.930855 -0.028696 7.054737 0.000000
5.117553 -0.032501 6.398173 0.000000
4.330377 -0.037023 5.700719 0.000000
5.773467 -0.029569 6.860678 0.000000
4.990410 -0.033464 6.150144 0.000000
4.255634 -0.038081 5.503854 0.000000
6.421943 -0.026053 7.590518 0.000000
5.459733 -0.030938 6.542239 0.000000
4.889638 -0.034606 5.906327 0.000000
-5.528867 -0.035252 5.205899 0.000000
6.315733 -0.027664 7.183475 0.000000
5.571445 -0.031785 6.266505 0.000000
4.790901 -0.035749 5.674136 0.000000
4.109021 -0.040201 5.134306 0.000000
6.130049 -0.028695 6.789583 0.000000
5.231618 -0.032919 6.124742 0.000000
4.694137 -0.036895 5.452874 0.000000
3.975498 -0.041837 4.922706 0.000000
6.025533 -0.030730 6.229993 0.000000
-4.741663 0.116720 2.562579 0.000000
-4.088966 -0.051835 2.682537 0.000000
-4.578505 0.011582 2.561638 0.000000
-4.495437 -0.050635 2.258430 0.000000
-4.007203 -0.050722 3.103143 0.000000
-4.266541 -0.049649 2.906225 0.000000
-4.566931 -0.048724 2.655292 0.000000
-4.357788 -0.048555 3.024769 0.000000
-4.180881 -0.050236 2.910166 0.000000
-4.357401 -0.047676 3.239486 0.000000
-4.450908 -0.047462 3.148059 0.000000
-4.632570 -0.047453 2.948141 0.000000
-4.911788 -0.046609 2.630407 0.000000
-4.312362 -0.046417 3.580659 0.000000
-4.546146 -0.046367 3.276339 0.000000
-4.563434 -0.045333 3.513457 0.000000
-4.778274 -0.045179 3.254511 0.000000
-3.994506 -0.054950 2.122264 0.000000
-3.939469 0.057530 2.558521 0.000000
-3.752894 -0.056192 2.282990 0.000000
-3.890285 -0.057196 1.759257 0.000000
-3.613815 -0.056047 2.588828 0.000000
-3.818685 -0.055778 2.263856 0.000000
-3.803729 -0.057779 1.800485 0.000000
-3.982923 -0.052622 2.684083 0.000000
-4.960414 -0.044902 3.048633 0.000000
-4.120644 -0.054597 1.943136 0.000000
-4.074595 0.063486 2.559261 0.000000
-4.101826 -0.053721 2.218455 0.000000
-4.121736 -0.054053 2.081395 0.000000
-3.872267 -0.051935 2.987991 0.000000
-4.366272 -0.051964 2.147575 0.000000
-6.037838 -0.034472 4.762994 0.000000
-5.187962 -0.038723 4.550808 0.000000
-5.274261 -0.038730 4.338932 0.000000
-5.607742 -0.038482 4.118696 0.000000
-6.077630 -0.036048 4.169349 0.000000
-5.025113 -0.038589 4.668076 0.000000
-5.410964 -0.037954 4.522883 0.000000
-5.940638 -0.036774 4.249552 0.000000
-6.259884 -0.034743 4.391910 0.000000
-5.392834 -0.036412 4.995680 0.000000
-5.786890 -0.035912 4.723784 0.000000
-5.902607 -0.037354 3.959809 0.000000
-6.507954 -0.033917 4.586355 0.000000
-5.626729 -0.035474 4.902882 0.000000
-6.238945 -0.033205 4.992205 0.000000
-6.727618 -0.032633 4.646047 0.000000
-5.563657 -0.035270 5.165565 0.000000
-5.821461 -0.034440 5.167061 0.000000
-6.489755 -0.032926 5.128316 0.000000
-6.856997 -0.030819 5.149512 0.000000
-5.172189 -0.041499 3.700289 0.000000
-5.034379 -0.044954 2.998472 0.000000
-4.406549 -0.045306 3.715467 0.000000
-4.742397 -0.044181 3.548952 0.000000
-5.023663 -0.043612 3.395230 0.000000
-5.379057 -0.042531 3.072442 0.000000
-4.779329 -0.042989 3.814160 0.000000
-4.843925 -0.043089 3.693861 0.000000
-5.035799 -0.042733 3.543455 0.000000
-5.548044 -0.041162 3.238359 0.000000
-5.317916 -0.040467 3.784334 0.000000
-5.401207 -0.041026 3.513068 0.000000
-4.912467 -0.042168 4.022344 0.000000
-5.034189 -0.041485 3.970624 0.000000
-5.560742 -0.039722 3.686811 0.000000
-5.734468 -0.038657 3.762475 0.000000
-4.808101 -0.040833 4.320420 0.000000
-5.353532 -0.040275 4.001988 0.000000
-5.727360 -0.038413 3.871203 0.000000
1.813537 -0.083269 0.878742 0.000000
2.260985 -0.077771 0.807432 0.000000
2.093087 -0.078961 1.067683 0.000000
1.839514 -0.081458 1.190423 0.000000
2.160514 -0.078585 0.952429 0.000000
2.002481 -0.081554 0.625057 0.000000
1.760076 -0.084075 0.844962 0.000000
1.866216 -0.083312 0.638488 0.000000
2.531782 -0.073734 1.017532 0.000000
2.331308 -0.075229 1.244768 0.000000
2.601392 -0.072694 1.074696 0.000000
2.643638 -0.071316 1.297577 0.000000
2.457042 -0.073261 1.344014 0.000000
2.292196 -0.076598 1.041017 0.000000
2.117128 -0.077507 1.299291 0.000000
2.441458 -0.075379 0.847252 0.000000
1.213752 -0.121630 0.451250 0.000000
1.433884 -0.118560 0.661468 0.000000
1.410121 -0.119270 0.432583 0.000000
1.335340 -0.119904 0.609833 0.000000
1.379509 -0.119661 0.268446 0.000000
1.753943 -0.085044 0.466660 0.000000
1.788202 -0.084105 0.725498 0.000000
1.404788 -0.117565 0.989385 0.000000
4.214616 -0.051897 2.431807 0.000000
3.839550 -0.053972 2.584010 0.000000
3.434514 0.100776 2.556678 0.000000
4.445654 -0.049351 2.682821 0.000000
4.081473 -0.052266 2.574170 0.000000
3.900389 0.070048 2.558554 0.000000
3.358859 -0.059524 2.231263 0.000000
4.065494 0.005286 2.501969 0.000000
3.796540 -0.055827 2.245213 0.000000
4.382226 -0.050022 2.618084 0.000000
3.889376 -0.054644 2.350443 0.000000
3.410435 -0.059159 2.216439 0.000000
3.088121 -0.061793 2.248443 0.000000
4.103827 -0.053165 2.314790 0.000000
3.469350 -0.059646 2.008040 0.000000
3.182437 -0.062039 2.048244 0.000000
3.891685 -0.055679 2.096938 0.000000
3.617300 -0.058173 2.047705 0.000000
3.326444 -0.060316 2.131591 0.000000
3.736067 -0.054407 2.652538 0.000000
4.839171 -0.043835 3.532518 0.000000
4.264667 -0.047877 3.309762 0.000000
3.842604 -0.050990 3.192451 0.000000
5.258177 -0.041681 3.556925 0.000000
4.721677 -0.045045 3.376272 0.000000
4.297887 -0.048184 3.194848 0.000000
3.661529 -0.053438 2.948278 0.000000
5.096891 -0.043085 3.376705 0.000000
4.496363 -0.047464 3.084369 0.000000
4.077263 -0.050697 2.938459 0.000000
4.823546 -0.045471 3.112254 0.000000
4.567451 -0.048063 2.818608 0.000000
4.693165 -0.046770 2.961593 0.000000
4.283920 -0.049866 2.818669 0.000000
3.836364 -0.053110 2.771310 0.000000
3.537710 -0.034836 2.556156 0.000000
2.586677 -0.071245 1.450449 0.000000
3.199036 -0.063937 1.616257 0.000000
2.862495 -0.067035 1.690037 0.000000
2.791202 -0.068111 1.626348 0.000000
3.372812 -0.062952 1.420312 0.000000
3.042598 -0.066183 1.465808 0.000000
2.793537 -0.069100 1.415684 0.000000
2.519927 -0.070799 1.666531 0.000000
2.871459 -0.067962 1.479109 0.000000
3.059674 -0.066552 1.326020 0.000000
2.816978 -0.069488 1.259586 0.000000
2.325381 -0.073975 1.493034 0.000000
3.009826 -0.064846 1.825194 0.000000
2.932038 -0.065727 1.804181 0.000000
3.790082 -0.056922 1.995421 0.000000
3.530042 -0.059343 1.954223 0.000000
3.287182 -0.062092 1.839147 0.000000
3.499839 -0.060610 1.716680 0.000000
3.279258 -0.062802 1.695722 0.000000
-0.541350 3.423474 0.002943 0.000000
0.001823 7.173728 -0.000949 0.000000
-0.443720 2.405560 0.005057 0.000000
-0.276621 3.389138 0.003182 0.000000
-0.344225 4.544467 0.002408 0.000000
-0.078714 6.442135 -0.000114 0.000000
-0.414591 2.676317 0.004335 0.000000
-0.076138 6.063756 -0.000149 0.000000
-0.711874 2.982139 0.004331 0.000000
-0.149726 4.647534 0.001782 0.000000
-0.498796 4.455142 0.001851 0.000000
-0.265833 5.887006 -0.000222 0.000000
-0.764394 3.159554 0.003972 0.000000
-0.798881 3.652456 0.003248 0.000000
-0.434152 5.625535 -0.000229 0.000000
-0.897435 3.518850 0.003281 0.000000
-0.960368 3.980538 0.002836 0.000000
-0.716454 4.533537 0.002375 0.000000
-0.572097 5.456483 0.001391 0.000000
-0.157292 2.302234 0.004843 0.000000
0.651657 5.971561 -0.001123 0.000000
1.090597 8.972495 0.150104 0.000000
0.050837 2.045831 0.005739 0.000000
0.261580 3.417045 0.003865 0.000000
0.481995 5.596293 -0.000640 0.000000
1.070634 10.222601 -0.000068 0.000000
-0.077966 2.054489 0.005906 0.000000
0.117257 3.383067 0.003513 0.000000
0.351905 5.397804 -0.000601 0.000000
0.681819 9.085143 -0.000752 0.000000
-1.150675 3.852355 0.002343 0.000000
0.197654 5.197018 0.001185 0.000000
0.507912 8.235888 -0.000507 0.000000
-0.240003 2.209973 0.005009 0.000000
-0.121862 3.287447 0.003430 0.000000
0.055760 4.828424 0.001569 0.000000
0.311235 7.459969 -0.000974 0.000000
-0.397393 2.419277 0.005246 0.000000
-0.555968 -0.128247 0.241237 0.000000
-1.236126 5.249671 0.001657 0.000000
-0.994215 5.035185 0.001764 0.000000
-0.809862 4.141214 0.002343 0.000000
-0.988469 4.710301 0.002159 0.000000
-0.700019 5.283242 0.001109 0.000000
-1.176099 4.483629 0.002312 0.000000
-0.841832 5.337947 0.001051 0.000000
-1.259843 4.690794 0.002088 0.000000
-1.001282 4.854643 0.001908 0.000000
-1.299993 5.052608 0.001782 0.000000
-1.180954 5.177365 0.001575 0.000000
-1.478686 5.301678 0.001526 0.000000
0.671748 -0.127102 0.363460 0.000000
0.964158 -0.124169 0.571876 0.000000
0.815151 -0.125875 0.384176 0.000000
0.634501 -0.127364 0.418775 0.000000
1.011336 -0.123619 0.597333 0.000000
1.058236 -0.123051 0.623543 0.000000
1.120253 -0.122756 0.324936 0.000000
1.537796 7.751011 0.321614 0.000000
1.048003 4.596403 0.001638 0.000000
1.669440 7.751102 0.172898 0.000000
1.945116 7.751552 0.295940 0.000000
0.429869 2.309730 0.004789 0.000000
0.971353 4.382716 0.002975 0.000000
1.584438 7.750988 0.177405 0.000000
1.764939 7.751256 0.235063 0.000000
0.424372 2.067756 0.005692 0.000000
0.617898 3.893450 0.003441 0.000000
1.308861 7.750600 -0.000761 0.000000
0.784598 2.210071 0.004928 0.000000
0.236576 2.045501 0.005303 0.000000
0.563640 3.688133 0.002693 0.000000
1.166062 7.082839 -0.000397 0.000000
1.271792 7.750598 0.107328 0.000000
0.817725 6.482157 -0.000032 0.000000
1.141586 7.750459 0.076816 0.000000
0.540424 -0.125280 0.382532 0.000000
1.073144 2.828935 0.003847 0.000000
3.403474 -0.048993 4.006338 0.000000
0.587204 -0.127723 0.400218 0.000000
0.805304 2.757148 0.004120 0.000000
1.478491 5.339221 -0.003143 0.000000
2.076652 7.751729 0.176233 0.000000
0.692944 2.492282 0.004562 0.000000
1.264032 4.969058 -0.002518 0.000000
1.896994 7.751429 0.144936 0.000000
-1.921674 -0.080558 1.279621 0.000000
-1.687433 -0.085656 0.843111 0.000000
-1.652541 -0.084935 1.085450 0.000000
-1.980090 -0.080591 1.148212 0.000000
-1.573631 -0.086792 0.908434 0.000000
-1.353363 -0.120058 0.707053 0.000000
-1.564805 -0.086301 1.028359 0.000000
-2.299260 -0.074152 1.599721 0.000000
-2.308391 -0.075348 1.382923 0.000000
-2.398007 -0.072460 1.692465 0.000000
-2.481888 -0.072561 1.521541 0.000000
-2.498889 -0.070736 1.791126 0.000000
-2.550105 -0.069862 1.842786 0.000000
-2.031742 -0.080556 1.021836 0.000000
-2.141421 -0.078027 1.258968 0.000000
-2.154677 -0.076624 1.470614 0.000000
-0.672842 -0.127413 0.489424 0.000000
-0.780909 -0.126302 0.606529 0.000000
-0.578223 -0.128074 0.484852 0.000000
-0.824594 -0.125899 0.617409 0.000000
-0.982127 -0.124782 0.421538 0.000000
-1.152974 -0.122568 0.641065 0.000000
-1.183659 7.751038 0.976156 0.000000
-1.633279 6.701997 0.837499 0.000000
-1.474779 7.751273 0.869403 0.000000
-1.240310 7.751065 0.942024 0.000000
-1.640501 7.751498 0.876421 0.000000
-1.678551 6.571944 0.946434 0.000000
-1.366901 -0.119511 0.810263 0.000000
-1.166813 -0.121799 0.808508 0.000000
-4.535727 -0.042889 4.121423 0.000000
-5.582344 -0.038322 4.202025 0.000000
-4.076794 -0.045190 4.099864 0.000000
-4.591479 -0.041979 4.348443 0.000000
-5.123991 -0.039472 4.322624 0.000000
-5.780208 -0.036488 4.426541 0.000000
-4.143368 -0.044245 4.228893 0.000000
-4.717374 -0.040768 4.433269 0.000000
-3.968952 -0.046316 4.036915 0.000000
-4.175798 -0.043450 4.426977 0.000000
-5.368838 -0.037134 4.705529 0.000000
-5.963416 -0.034620 4.821304 0.000000
-4.279537 -0.042355 4.501037 0.000000
-4.906542 -0.038647 4.773305 0.000000
-5.496169 -0.035969 4.911630 0.000000
-6.130652 -0.033349 5.064404 0.000000
-4.349137 -0.041409 4.644806 0.000000
-4.946758 -0.039023 4.817820 0.000000
-4.670121 -0.044161 3.660280 0.000000
-3.757107 -0.049909 3.517170 0.000000
-4.192078 -0.047137 3.569724 0.000000
-4.904610 -0.043959 3.395063 0.000000
-4.938282 -0.043553 3.456587 0.000000
-3.790756 -0.049791 3.600986 0.000000
-4.275521 -0.046076 3.699302 0.000000
-3.946397 -0.047078 3.854910 0.000000
-4.360767 -0.045013 3.834363 0.000000
-5.314463 -0.040258 3.866129 0.000000
-6.734648 -0.026195 7.363618 0.000000
-4.790651 -0.035740 5.629738 0.000000
-5.497581 -0.032495 6.084011 0.000000
-6.494085 -0.027880 6.697289 0.000000
-7.488868 -0.024539 7.246225 0.000000
-4.868573 -0.034797 5.817485 0.000000
-5.743756 -0.030256 6.474229 0.000000
-7.716626 -0.023285 7.646959 0.000000
-4.947756 -0.033854 6.012917 0.000000
-5.738804 -0.029762 6.786562 0.000000
-7.233598 -0.026279 7.151338 0.000000
-4.964000 -0.033495 6.262602 0.000000
-5.993500 -0.029474 6.868176 0.000000
-6.987694 -0.024467 7.694671 0.000000
-5.110322 -0.031970 6.428709 0.000000
-5.833065 -0.027923 7.206811 0.000000
-5.193796 -0.031029 6.650026 0.000000
-6.088111 -0.027289 7.417463 0.000000
-5.278995 -0.030087 6.881127 0.000000
-5.350848 -0.028913 7.286000 0.000000
-5.518824 -0.027933 7.573770 0.000000
-5.307551 -0.034435 5.547033 0.000000
-6.338457 -0.031839 5.523268 0.000000
-4.394621 -0.040566 4.865528 0.000000
-5.102837 -0.036538 5.143046 0.000000
-5.770772 -0.033319 5.578282 0.000000
-6.498649 -0.031555 5.626610 0.000000
-4.575670 0.030176 5.133109 0.000000
-5.072497 -0.036699 5.224475 0.000000
-5.955716 -0.032931 5.672827 0.000000
-6.785813 -0.029391 6.016865 0.000000
-4.587548 -0.023700 5.132925 0.000000
-5.972577 -0.031832 5.884124 0.000000
-6.962944 -0.028276 6.304250 0.000000
-4.573284 -0.038175 5.318502 0.000000
-5.381074 -0.034765 5.617861 0.000000
-6.188383 -0.030176 6.117778 0.000000
-7.145951 -0.027170 6.606241 0.000000
-4.713959 -0.036685 5.449285 0.000000
-5.521005 -0.032340 5.989224 0.000000
-6.264561 -0.029563 6.429059 0.000000
-3.117368 -0.062620 2.114149 0.000000
-2.761439 -0.066292 2.066242 0.000000
-2.871308 -0.064463 2.189129 0.000000
-2.984227 -0.062609 2.320351 0.000000
-3.041948 -0.061672 2.389224 0.000000
-3.141762 0.074209 2.554243 0.000000
-3.188832 -0.033145 2.553868 0.000000
-2.654473 -0.068091 1.951016 0.000000
-2.662555 -0.069678 1.676555 0.000000
-3.329112 -0.059477 2.340802 0.000000
-2.982250 -0.064678 1.977043 0.000000
-3.956417 -0.050839 3.096551 0.000000
-3.349442 -0.055709 3.003185 0.000000
-3.789838 -0.053028 2.883775 0.000000
-4.210835 -0.051153 2.651179 0.000000
-3.539922 -0.053958 3.035729 0.000000
-3.607389 -0.052969 3.130473 0.000000
-4.539435 -0.047593 2.994645 0.000000
-3.574831 -0.052734 3.211081 0.000000
-3.949975 -0.050318 3.210231 0.000000
-3.170767 -0.059218 2.678515 0.000000
-3.556179 0.009782 2.556219 0.000000
-3.298469 -0.015037 2.554588 0.000000
-4.624032 0.793067 3.002269 0.000000
-3.572749 -0.055587 2.696697 0.000000
-3.637790 0.025038 2.556703 0.000000
-3.398711 -0.055549 2.932778 0.000000
-3.709184 -0.054116 2.783848 0.000000
-3.473814 -0.054942 2.944440 0.000000
2.151642 -0.073776 1.813279 0.000000
2.227165 -0.074221 1.631954 0.000000
2.011562 -0.076346 1.667562 0.000000
1.966058 -0.077176 1.622118 0.000000
2.172256 -0.075168 1.580505 0.000000
1.831751 -0.079605 1.493203 0.000000
2.446513 -0.068362 2.148664 0.000000
2.345955 -0.070203 2.029914 0.000000
2.723549 -0.067511 1.862126 0.000000
2.512295 -0.069307 1.918311 0.000000
2.296391 -0.071113 1.973078 0.000000
1.614665 -0.083420 1.301799 0.000000
1.644360 -0.084736 1.022487 0.000000
1.400786 -0.115890 1.260403 0.000000
1.404762 -0.116799 1.119962 0.000000
1.743980 -0.081167 1.413307 0.000000
1.889002 -0.080603 1.235779 0.000000
2.632645 -0.067253 2.049053 0.000000
3.185704 -0.055457 3.162131 0.000000
4.130880 -0.047288 3.603917 0.000000
3.452598 -0.051202 3.589301 0.000000
3.189636 -0.054972 3.235007 0.000000
4.231748 -0.046050 3.754395 0.000000
3.826837 -0.049974 3.410883 0.000000
3.597686 -0.051925 3.307331 0.000000
4.379620 -0.046556 3.462875 0.000000
3.936134 -0.049763 3.322811 0.000000
4.459195 -0.044450 3.854803 0.000000
4.052662 -0.049388 3.254422 0.000000
3.747853 -0.051104 3.285625 0.000000
3.283285 -0.055597 3.030780 0.000000
2.823741 -0.057843 3.171589 0.000000
3.751370 -0.052212 3.068017 0.000000
2.999715 -0.058564 2.883757 0.000000
3.443421 -0.054201 3.081018 0.000000
3.927911 -0.047305 3.824079 0.000000
5.032961 -0.038234 4.794971 0.000000
4.425208 -0.042017 4.451995 0.000000
3.852324 -0.046353 4.086562 0.000000
3.595314 -0.049031 3.831118 0.000000
4.911546 -0.039478 4.587127 0.000000
4.551321 -0.042321 4.253205 0.000000
3.522900 -0.050124 3.707210 0.000000
4.802468 -0.041307 4.256873 0.000000
4.245953 -0.044290 4.122551 0.000000
3.295376 -0.056455 2.872811 0.000000
3.246646 -0.051889 3.665359 0.000000
4.678446 -0.042590 4.071848 0.000000
4.335429 -0.044809 3.912442 0.000000
3.655086 -0.049445 3.696995 0.000000
3.383786 -0.052275 3.476082 0.000000
4.744322 -0.042596 3.971654 0.000000
2.603546 -0.065513 2.343288 0.000000
3.084054 -0.059782 2.590910 0.000000
6.371428 3.573395 4.932674 0.000000
2.796200 0.031240 2.552506 0.000000
2.497982 -0.067424 2.211241 0.000000
2.819532 -0.064108 2.263452 0.000000
2.767582 -0.062588 2.558452 0.000000
2.865268 -0.065257 2.006895 0.000000
3.223277 -0.057576 2.774529 0.000000
3.939270 -0.051807 2.896136 0.000000
3.574456 -0.054650 2.834757 0.000000
3.060877 -0.057529 2.973626 0.000000
3.405327 -0.057063 2.621639 0.000000
3.153008 -0.058683 2.680899 0.000000
2.601449 -0.062422 2.776174 0.000000
1.362049 -0.116565 1.226471 0.000000
3.375639 -0.013205 2.555321 0.000000
2.879361 -0.062688 2.401615 0.000000
3.336970 0.099245 2.555620 0.000000
2.801330 0.031320 2.552175 0.000000
0.829008 35.720491 1.559374 0.000000
1.154183 7.751036 1.033340 0.000000
1.353328 7.751486 1.255850 0.000000
1.093482 16.712547 0.958065 0.000000
1.093039 11.489568 1.094712 0.000000
1.090321 8.437840 1.129985 0.000000
1.096395 24.497884 1.271571 0.000000
1.165170 15.365734 1.336207 0.000000
1.091390 10.719701 1.205328 0.000000
1.089752 7.905201 1.308230 0.000000
1.091396 9.086545 0.988240 0.000000
1.094424 21.063164 1.448039 0.000000
1.093768 13.453808 1.359737 0.000000
1.091896 9.706335 1.365284 0.000000
0.306688 35.720594 1.607230 0.000000
1.097254 33.062509 1.875994 0.000000
1.095904 18.183124 1.496316 0.000000
1.092504 12.025385 1.536969 0.000000
-0.395906 35.720529 1.624798 0.000000
0.401437 35.720873 2.111504 0.000000
1.094044 26.245390 1.953737 0.000000
1.813498 7.752295 1.424861 0.000000
1.637923 7.751690 1.122558 0.000000
1.877056 7.752270 1.328744 0.000000
0.557587 -0.127366 0.667108 0.000000
1.559705 7.751284 0.796393 0.000000
1.660910 7.752003 1.366038 0.000000
1.219899 7.750850 0.744930 0.000000
1.566914 7.751426 0.951559 0.000000
1.094702 15.569973 1.476874 0.000000
1.171609 7.750754 0.668459 0.000000
1.233157 7.751002 0.913186 0.000000
1.406958 7.751475 1.192909 0.000000
1.091910 9.773838 0.712521 0.000000
1.198964 7.750903 0.839248 0.000000
1.249788 7.751257 1.152756 0.000000
1.507961 7.751734 1.309736 0.000000
1.092301 12.530947 0.979954 0.000000
-1.094550 16.254910 1.394076 0.000000
-1.092536 11.098514 1.154370 0.000000
-1.094831 18.125198 1.320451 0.000000
-1.072302 35.720842 2.318311 0.000000
-1.090770 8.784751 0.960065 0.000000
-1.093353 13.219963 1.092365 0.000000
-1.097922 23.472926 1.790160 0.000000
-1.091479 10.256674 0.871263 0.000000
-1.090582 8.166664 0.990585 0.000000
-1.093803 12.380506 1.162283 0.000000
-1.091233 9.457347 0.982539 0.000000
-0.364742 35.720990 2.273239 0.000000
-0.872607 35.720765 1.796977 0.000000
0.189319 35.720825 2.112115 0.000000
0.856645 35.166950 2.357681 0.000000
1.095227 21.381079 1.984643 0.000000
-1.095960 25.166574 1.340454 0.000000
-0.402981 35.720841 2.138656 0.000000
0.208158 35.720977 2.294684 0.000000
1.097396 30.308932 2.247822 0.000000
-1.095308 16.857405 1.049794 0.000000
-1.100663 33.174735 1.909167 0.000000
1.755673 7.751417 0.604969 0.000000
0.490517 31.721456 2.361349 0.000000
-1.093013 12.385449 0.939650 0.000000
-1.096633 20.876659 1.402821 0.000000
-0.942380 35.721030 2.260825 0.000000
0.125529 33.345966 2.358368 0.000000
-1.107836 15.365411 1.027048 0.000000
-1.096520 27.050656 1.821986 0.000000
-0.554100 34.874551 2.360576 0.000000
1.012319 -0.122062 0.958729 0.000000
1.090279 -0.120939 1.012559 0.000000
0.807492 -0.125003 0.767728 0.000000
1.308882 -0.118985 0.932992 0.000000
1.361115 -0.117497 1.088669 0.000000
0.894837 -0.123631 0.883639 0.000000
0.759054 -0.125773 0.681626 0.000000
0.776978 -0.125044 0.815403 0.000000
1.901562 7.751824 0.859308 0.000000
1.962109 7.752247 1.195983 0.000000
5.428072 -0.040261 3.750259 0.000000
0.419564 -1.895427 0.103464 0.000000
0.354634 -1.943375 0.104775 0.000000
0.579691 -1.770004 0.100548 0.000000
0.184108 -2.110809 0.109835 0.000000
0.692132 -1.774387 0.099864 0.000000
0.798988 -1.514411 0.096566 0.000000
-0.474252 -2.087505 0.107204 0.000000
-0.394903 -2.117578 0.108727 0.000000
0.198792 -1.985471 0.106543 0.000000
2.102179 -0.643833 0.088576 0.000000
2.685250 -0.073070 0.325814 0.000000
2.815357 -0.071271 0.093902 0.000000
2.634952 -0.073522 0.143542 0.000000
2.124748 -0.982997 0.089409 0.000000
2.401821 -0.076631 0.225935 0.000000
1.623737 -1.034978 0.090896 0.000000
2.813098 -0.071374 0.224113 0.000000
2.465035 -0.075584 0.069600 0.000000
1.514523 -1.268816 0.092175 0.000000
1.836143 -0.861705 0.089759 0.000000
1.354353 -1.387315 0.093340 0.000000
2.020531 -0.510864 0.088390 0.000000
2.245019 -0.078594 0.141799 0.000000
3.302381 -0.065639 0.460629 0.000000
3.454793 -0.064019 0.384984 0.000000
3.198257 -0.066833 0.408562 0.000000
3.229071 -0.066517 0.278219 0.000000
3.120895 -0.067740 0.228594 0.000000
2.817601 -0.071382 0.467862 0.000000
3.016302 -0.068849 0.045581 0.000000
1.048213 -1.373840 0.094524 0.000000
1.271344 -1.178394 0.092593 0.000000
0.804815 -1.583102 0.097244 0.000000
1.104306 -1.190449 0.093090 0.000000
0.994016 -1.298306 0.094132 0.000000
1.669469 -0.573112 0.089056 0.000000
1.410908 -1.054981 0.091588 0.000000
1.953612 -0.742549 0.088949 0.000000
1.067909 -1.482551 0.095156 0.000000
1.575948 -0.908386 0.090556 0.000000
2.094039 -0.201148 0.087332 0.000000
1.456441 -0.795573 0.090278 0.000000
-4.002835 -0.058647 0.750789 0.000000
-3.521269 -0.064062 0.139262 0.000000
-3.394374 -0.168600 0.007558 0.000000
-3.893363 -0.059995 0.454551 0.000000
-3.759212 -0.061614 0.232136 0.000000
-3.537226 -0.063713 0.301240 0.000000
-3.884504 -0.060364 0.282468 0.000000
-3.774783 -0.061424 0.083894 0.000000
-4.289578 -0.056134 0.634862 0.000000
-4.020474 -0.058724 0.511387 0.000000
-4.454240 -0.054258 0.983539 0.000000
-1.823843 -1.152513 0.090901 0.000000
-3.191784 -0.067602 0.017091 0.000000
-2.086311 -0.958526 0.089510 0.000000
-1.505258 -1.371450 0.092896 0.000000
-3.237800 -0.066989 0.397955 0.000000
-1.673976 -1.396224 0.092341 0.000000
-2.774884 -0.304474 0.008838 0.000000
-3.600389 -0.062898 0.558112 0.000000
-5.268252 -0.048435 0.892640 0.000000
-5.245586 -0.048015 1.104474 0.000000
-5.085660 -0.049818 0.807310 0.000000
-4.911830 -0.051186 0.727204 0.000000
-5.541007 -0.045542 1.547264 0.000000
-5.432428 -0.046614 1.201092 0.000000
-5.776271 -0.043580 1.746682 0.000000
-5.517485 -0.046138 1.116530 0.000000
-5.351099 -0.046684 1.489765 0.000000
-5.975514 -0.042525 1.815377 0.000000
-5.629001 -0.045036 1.580555 0.000000
-5.629084 -0.045200 1.304287 0.000000
-6.006729 -0.042014 1.890033 0.000000
-6.089686 -0.041944 1.637442 0.000000
-5.932057 -0.043269 1.349022 0.000000
-5.662079 -0.045634 1.081062 0.000000
-6.250776 -0.040439 2.044544 0.000000
-6.288057 -0.040883 1.659790 0.000000
-4.432337 -0.054815 0.701998 0.000000
-4.289282 -0.056520 0.451233 0.000000
-4.149184 -0.057817 0.391804 0.000000
-4.788344 -0.051264 1.165834 0.000000
-4.879948 -0.050994 1.137785 0.000000
-4.735995 -0.052137 0.848641 0.000000
-4.587173 -0.053881 0.581020 0.000000
-5.154494 -0.048221 1.374267 0.000000
-4.898128 -0.050776 0.928679 0.000000
-4.745911 -0.052540 0.651832 0.000000
-4.668586 -0.053306 0.431465 0.000000
-5.217895 -0.048288 1.323827 0.000000
-5.067732 -0.049402 1.013879 0.000000
-0.566686 -1.977110 0.104184 0.000000
-0.685125 -1.958940 0.102814 0.000000
-0.997966 -1.745238 0.097918 0.000000
-1.012260 -1.702307 0.097455 0.000000
-1.173767 -1.595554 0.095702 0.000000
-2.070168 -0.783172 0.089051 0.000000
-1.379436 -1.457145 0.093855 0.000000
-2.979462 -0.182088 0.008149 0.000000
-1.676942 -1.083151 0.091024 0.000000
-1.855565 -0.947376 0.090053 0.000000
-1.564080 -1.586732 0.093656 0.000000
-1.395698 -1.294994 0.092884 0.000000
3.408840 -0.064437 0.514787 0.000000
-0.847085 -1.858761 0.100145 0.000000
-1.027889 -1.882104 0.098935 0.000000
-0.641325 -2.011065 0.104038 0.000000
-0.966168 -2.153919 0.102286 0.000000
-1.343694 -1.934485 0.096869 0.000000
-0.556866 -2.306738 0.111077 0.000000
-1.473683 -1.872666 0.095603 0.000000
-2.095327 -1.531474 0.091211 0.000000
-1.660307 -1.752244 0.093921 0.000000
-4.217081 -0.057219 0.083315 0.000000
-2.955594 -0.853058 0.009615 0.000000
-4.569134 -0.054168 0.034341 0.000000
-3.524083 -0.700520 0.008192 0.000000
-3.607966 -0.542974 0.007813 0.000000
-4.758138 -0.052652 0.098832 0.000000
-4.198187 -0.356474 0.006689 0.000000
-2.924759 -1.067668 0.010124 0.000000
-4.912015 -0.051427 0.341303 0.000000
-3.346744 -0.668201 0.008490 0.000000
-1.855294 -1.653454 0.092579 0.000000
-5.166385 -0.049570 0.243242 0.000000
-4.851771 -0.051885 0.028773 0.000000
-1.483151 -1.739845 0.094842 0.000000
-1.037511 -2.125622 0.101162 0.000000
-1.825318 -1.565062 0.092389 0.000000
-2.012583 -1.325835 0.090828 0.000000
-3.052018 -0.717468 0.009151 0.000000
-0.319566 -2.375223 0.117873 0.000000
-3.986602 -0.554840 0.007233 0.000000
5.160219 -0.047316 1.794387 0.000000
6.547873 -0.039164 2.034331 0.000000
5.820070 -0.042893 1.929129 0.000000
5.525737 -0.044968 1.828642 0.000000
6.645350 -0.038649 1.943777 0.000000
6.100130 -0.041481 1.867065 0.000000
5.743318 -0.043412 1.978009 0.000000
5.321374 -0.046501 1.690454 0.000000
6.470448 -0.039960 1.760180 0.000000
5.865951 -0.043000 1.723051 0.000000
5.410247 -0.045805 1.668905 0.000000
7.184398 -0.035954 2.147041 0.000000
6.106817 -0.041827 1.625518 0.000000
5.645090 -0.044507 1.589028 0.000000
5.222044 -0.047236 1.551562 0.000000
4.816823 -0.050206 1.549572 0.000000
5.862234 -0.043397 1.484024 0.000000
5.436286 -0.046002 1.464050 0.000000
5.043135 -0.048654 1.441422 0.000000
4.655715 -0.051639 1.437576 0.000000
5.633497 -0.044943 1.353686 0.000000
5.238433 -0.047483 1.347288 0.000000
6.799121 -0.036933 2.572926 0.000000
9.095046 -0.027864 3.497887 0.000000
8.096621 -0.031377 3.061980 0.000000
7.399311 -0.033862 2.980145 0.000000
6.430955 -0.038363 2.761306 0.000000
8.518346 -0.030064 3.019175 0.000000
7.660406 -0.033418 2.802387 0.000000
6.918420 -0.036334 2.622385 0.000000
6.254845 -0.039320 2.584457 0.000000
8.024362 -0.032173 2.860390 0.000000
7.318288 -0.034511 2.744635 0.000000
4.874031 -0.050048 1.338702 0.000000
6.185541 -0.040475 2.274055 0.000000
7.607066 -0.033798 2.530714 0.000000
7.190482 -0.035607 2.514682 0.000000
6.531029 -0.038438 2.393940 0.000000
5.971555 -0.041858 2.137547 0.000000
7.482385 -0.034500 2.338767 0.000000
6.799578 -0.037745 2.205095 0.000000
6.042087 -0.041424 2.072666 0.000000
5.656547 -0.043472 2.170584 0.000000
3.632162 -0.061977 0.631234 0.000000
4.484786 -0.053976 0.731188 0.000000
4.323762 -0.055425 0.649088 0.000000
4.129755 -0.056834 0.903564 0.000000
3.679623 -0.061196 0.927443 0.000000
4.093097 -0.057424 0.707465 0.000000
3.871903 -0.059439 0.760422 0.000000
4.169518 -0.056857 0.571908 0.000000
3.997862 -0.058150 0.829841 0.000000
3.458933 -0.063709 0.783622 0.000000
3.879602 -0.059665 0.430655 0.000000
3.696772 -0.061433 0.503917 0.000000
3.250513 -0.066156 0.653016 0.000000
3.611255 -0.062395 0.304922 0.000000
4.701999 -0.051839 1.039091 0.000000
4.502413 -0.053049 1.332885 0.000000
5.416176 -0.046486 1.231424 0.000000
5.050699 -0.048950 1.237951 0.000000
4.711499 -0.051438 1.241107 0.000000
5.210451 -0.048014 1.117514 0.000000
4.872193 -0.050402 1.135391 0.000000
4.556005 -0.052815 1.149139 0.000000
4.212837 -0.055839 1.140099 0.000000
5.138349 -0.048815 0.869439 0.000000
6.817442 -0.036336 2.851786 0.000000
4.036708 -0.057325 1.171099 0.000000
4.829833 -0.051027 0.911747 0.000000
4.539434 -0.053262 0.948541 0.000000
4.385046 -0.054659 0.863939 0.000000
4.746945 -0.051915 0.673494 0.000000
-6.322355 -0.042211 0.500498 0.000000
-6.263633 -0.042300 0.897276 0.000000
-6.134069 -0.043232 0.608881 0.000000
-5.830884 -0.045125 0.306908 0.000000
-5.631998 -0.046407 0.104406 0.000000
-6.432935 -0.041451 0.929021 0.000000
-6.291670 -0.042304 0.633238 0.000000
-6.069768 -0.043672 0.400128 0.000000
-6.792147 -0.038971 1.138364 0.000000
-5.405801 -0.047891 0.027653 0.000000
-6.396737 -0.041866 0.373636 0.000000
-7.151200 -0.037573 1.290851 0.000000
-6.809834 -0.039478 0.865519 0.000000
-6.613987 -0.040638 0.764622 0.000000
-6.514840 -0.041227 0.492220 0.000000
-7.299714 -0.037025 1.301296 0.000000
-7.086531 -0.037881 1.194848 0.000000
-6.685539 -0.040326 0.478796 0.000000
-7.631782 -0.035527 1.447138 0.000000
-5.387611 -0.048006 0.324028 0.000000
-2.795075 -1.138134 0.010524 0.000000
-3.028404 -0.952910 0.009641 0.000000
-5.313466 -0.048439 0.499889 0.000000
-3.793567 -0.650141 0.007668 0.000000
-5.530828 -0.046923 0.588243 0.000000
-7.413551 -0.036318 1.346219 0.000000
-5.029415 -0.050551 0.099518 0.000000
-4.599512 -0.384627 0.006221 0.000000
-5.760827 -0.045394 0.683422 0.000000
-5.390991 -0.047990 0.139406 0.000000
-5.827882 -0.045095 0.431416 0.000000
-5.605295 -0.046562 0.220202 0.000000
7.713418 -0.032235 3.423533 0.000000
-9.310275 -0.029178 1.542018 0.000000
-9.836372 -0.027523 2.009818 0.000000
-9.847993 -0.027524 1.753778 0.000000
9.418432 -0.025598 4.768307 0.000000
8.835132 -0.027255 4.573905 0.000000
9.719046 -0.024724 4.784796 0.000000
8.491318 -0.028940 4.028749 0.000000
9.389224 -0.026087 4.274406 0.000000
8.084954 -0.030599 3.710553 0.000000
8.605529 -0.028865 3.848429 0.000000
-9.388192 -0.028658 1.894415 0.000000
9.582060 -0.026028 4.191730 0.000000
8.296091 -0.029577 3.791225 0.000000
7.552567 -0.032833 3.237607 0.000000
8.953046 -0.027869 3.768667 0.000000
7.899283 -0.031768 3.304871 0.000000
7.061053 -0.034695 3.190267 0.000000
9.457263 -0.027030 3.766181 0.000000
8.553474 -0.029345 3.498262 0.000000
7.478202 -0.033471 3.043706 0.000000
-8.690263 -0.031123 2.010093 0.000000
-7.372170 -0.036543 0.835704 0.000000
-7.102884 -0.038252 0.701258 0.000000
-7.858930 -0.034368 1.616617 0.000000
-7.717264 -0.035176 1.286107 0.000000
-7.703507 -0.034942 1.197333 0.000000
-7.510162 -0.036248 0.990291 0.000000
-8.256919 -0.032751 1.803729 0.000000
-8.062747 -0.033725 1.450196 0.000000
-8.072809 -0.033393 1.347582 0.000000
-7.903791 -0.034556 0.864212 0.000000
-6.055681 -0.042335 1.532833 0.000000
-8.433982 -0.032267 1.628804 0.000000
-8.473513 -0.031830 1.512409 0.000000
-8.375847 -0.032441 1.180494 0.000000
-9.163942 -0.029484 2.238453 0.000000
-8.834636 -0.030801 1.823510 0.000000
-8.910520 -0.030251 1.693850 0.000000
-8.662276 -0.031954 1.296103 0.000000
-9.420343 -0.027843 2.568000 0.000000
-9.450100 -0.028794 2.009228 0.000000
-2.542116 -0.075449 0.377695 0.000000
-2.533029 -0.075476 0.504071 0.000000
-2.226329 -0.079558 0.251052 0.000000
-2.766585 -0.072390 0.618313 0.000000
-2.609226 -0.074464 0.540452 0.000000
-2.931162 -0.070250 0.703282 0.000000
-2.975022 -0.069229 0.934165 0.000000
-2.715687 -0.073265 0.320586 0.000000
-3.193501 -0.066921 0.846091 0.000000
-2.173194 -0.080269 0.344087 0.000000
-2.385000 -0.077447 0.435864 0.000000
-2.194690 -0.079882 0.129349 0.000000
-1.980441 -0.161333 0.087561 0.000000
-2.978513 -0.069871 0.576037 0.000000
-3.694919 -0.061338 0.953043 0.000000
-3.704090 -0.060151 1.385508 0.000000
-3.577450 -0.062276 1.070104 0.000000
-3.583306 -0.062603 0.890471 0.000000
-3.369987 -0.065090 0.774750 0.000000
-3.680677 -0.061078 1.133132 0.000000
-3.548649 -0.063281 0.698917 0.000000
-3.820919 -0.058801 1.465248 0.000000
-3.896941 -0.058645 1.268813 0.000000
-4.194967 -0.054682 1.733505 0.000000
-3.929503 -0.058762 1.088524 0.000000
-3.380011 -0.064628 0.952846 0.000000
-3.103806 -0.068047 0.796307 0.000000
-3.374023 -0.064128 1.170798 0.000000
-3.006168 -0.069664 0.443161 0.000000
-3.590818 -0.061490 1.309905 0.000000
-0.991573 -0.857365 0.091793 0.000000
-0.576259 -1.208938 0.095002 0.000000
-0.622790 -1.175550 0.094632 0.000000
-0.758370 -1.257641 0.094895 0.000000
-1.170134 -0.682962 0.090610 0.000000
-1.398090 -0.450115 0.089301 0.000000
-0.378537 -1.322258 0.096424 0.000000
-1.538340 -0.303027 0.088597 0.000000
-1.971874 -0.082920 0.263654 0.000000
-1.771469 -0.362883 0.088414 0.000000
-1.322617 -0.783793 0.090726 0.000000
-1.702132 -0.128780 0.087857 0.000000
-1.597321 -0.528528 0.089224 0.000000
-0.950544 -1.108349 0.093309 0.000000
-1.114652 -0.969335 0.092085 0.000000
-1.251924 -0.321566 0.089072 0.000000
-4.127969 -0.056160 1.418824 0.000000
-1.534725 -0.088404 0.113291 0.000000
7.672746 -0.024690 7.230457 0.000000
6.848086 -0.025469 7.550776 0.000000
6.644688 -0.026777 7.160088 0.000000
6.450443 -0.028085 6.795216 0.000000
7.210876 -0.025151 7.473540 0.000000
6.206087 -0.030114 6.261104 0.000000
7.183128 -0.025968 7.132564 0.000000
6.084724 -0.030714 6.131566 0.000000
8.163237 -0.022931 7.707408 0.000000
6.962057 -0.027239 6.760939 0.000000
5.846705 -0.032517 5.693863 0.000000
-9.512578 -0.020131 7.782446 0.000000
6.633524 -0.029169 6.211705 0.000000
5.747965 -0.033345 5.547774 0.000000
7.596956 -0.025642 6.848324 0.000000
6.306237 -0.030932 5.845784 0.000000
5.588833 -0.034666 5.281007 0.000000
8.465033 -0.023130 7.428671 0.000000
7.111601 -0.027556 6.427361 0.000000
6.123148 -0.032100 5.657627 0.000000
5.365230 -0.036693 4.914683 0.000000
8.031895 -0.024404 7.054141 0.000000
-8.721467 -0.024520 5.951292 0.000000
-8.331337 -0.028283 4.350462 0.000000
-7.647927 -0.028327 5.535803 0.000000
-8.053168 -0.027287 5.323837 0.000000
-8.410634 -0.027333 4.816237 0.000000
-8.698059 -0.026775 4.675174 0.000000
-7.925356 -0.026710 5.730353 0.000000
-8.271528 -0.027076 5.417437 0.000000
-8.748874 -0.025582 5.307972 0.000000
-9.273249 -0.025437 5.054447 0.000000
-8.232242 -0.025278 6.104711 0.000000
6.858148 -0.028976 6.072203 0.000000
-9.116524 -0.024158 5.678986 0.000000
-9.676894 -0.024060 5.423279 0.000000
-8.401650 -0.024434 6.408510 0.000000
-9.054181 -0.023195 6.331368 0.000000
-9.512772 -0.022723 6.083813 0.000000
-8.905535 -0.022411 6.948484 0.000000
-9.407566 -0.021872 6.739922 0.000000
-9.115353 -0.021572 7.284420 0.000000
-9.879690 -0.021231 7.098634 0.000000
5.393013 -0.040251 3.801222 0.000000
6.407962 -0.033138 4.925615 0.000000
5.615333 -0.037350 4.414955 0.000000
5.073696 -0.040414 4.157317 0.000000
4.498142 -0.045232 3.624297 0.000000
6.295280 -0.034147 4.724698 0.000000
5.443638 -0.038727 4.198572 0.000000
4.930646 -0.041729 3.973299 0.000000
6.131930 -0.035994 4.220423 0.000000
5.007648 -0.039945 4.360748 0.000000
4.619178 -0.043916 3.793279 0.000000
5.825212 -0.037373 4.090973 0.000000
5.028590 -0.042574 3.639121 0.000000
4.630782 -0.044752 3.572919 0.000000
5.604690 -0.038847 3.954823 0.000000
4.414067 -0.046917 3.333231 0.000000
7.140792 -0.028801 5.862299 0.000000
5.904175 -0.033695 5.276628 0.000000
7.713792 -0.025878 6.622723 0.000000
6.620032 -0.030389 5.743479 0.000000
5.939267 -0.034076 5.114951 0.000000
5.145530 -0.038624 4.571570 0.000000
7.417693 -0.027343 6.226829 0.000000
6.506824 -0.031608 5.447713 0.000000
5.783407 -0.035300 4.878265 0.000000
-8.085920 -0.028408 4.652062 0.000000
6.282874 -0.033014 5.161504 0.000000
5.546753 -0.036407 4.784745 0.000000
6.881416 -0.030253 5.525848 0.000000
6.073380 -0.034403 4.897492 0.000000
5.380979 -0.037753 4.561839 0.000000
6.792870 -0.031732 5.022675 0.000000
5.874304 -0.035794 4.649615 0.000000
-5.115091 -0.046449 2.246264 0.000000
-4.743575 -0.050727 1.597619 0.000000
-4.913134 -0.047644 2.297994 0.000000
-4.973287 -0.047715 2.121782 0.000000
-4.643370 -0.051042 1.770719 0.000000
-4.985243 -0.046324 2.564100 0.000000
-4.933268 -0.048414 1.978043 0.000000
-4.899216 -0.049347 1.700997 0.000000
-5.074233 -0.046215 2.432630 0.000000
-5.087929 -0.047082 2.091098 0.000000
-5.136142 -0.047899 1.607050 0.000000
-5.357872 -0.044266 2.608183 0.000000
-5.242053 -0.044782 2.575849 0.000000
-5.212842 -0.046278 2.075178 0.000000
-5.231624 -0.046556 1.927552 0.000000
-5.571695 -0.042497 2.843638 0.000000
-5.596513 -0.043026 2.474047 0.000000
-5.418861 -0.044389 2.338425 0.000000
-5.596651 -0.043724 2.184721 0.000000
-4.466440 -0.051890 1.939587 0.000000
-4.308648 -0.053893 1.745563 0.000000
-4.010498 -0.057408 1.341946 0.000000
-4.186889 -0.056489 1.038777 0.000000
-4.328166 -0.053291 1.833575 0.000000
-4.313265 -0.054801 1.321519 0.000000
-5.466213 -0.042180 3.020750 0.000000
-4.506961 -0.052340 1.675493 0.000000
-4.375935 -0.053625 1.585387 0.000000
-4.758543 -0.049066 2.171368 0.000000
-4.594242 -0.052098 1.500199 0.000000
-4.477153 -0.053674 1.205313 0.000000
-4.629201 -0.049300 2.375470 0.000000
-4.785331 -0.049733 1.871426 0.000000
-7.111362 -0.030960 4.772618 0.000000
-6.640335 -0.036057 3.305346 0.000000
-6.831788 -0.035708 3.076992 0.000000
-6.634264 -0.034792 4.167693 0.000000
-6.659308 -0.034630 3.888499 0.000000
-6.887758 -0.034632 3.509828 0.000000
-7.095027 -0.034236 3.293299 0.000000
-6.969159 -0.033511 4.254230 0.000000
-7.099579 -0.032348 4.177047 0.000000
-7.151677 -0.033195 3.730476 0.000000
-7.234845 -0.033519 3.423266 0.000000
-6.425579 -0.036090 3.660506 0.000000
-7.260433 -0.032370 4.322447 0.000000
-7.503478 -0.031210 4.091356 0.000000
-7.672169 -0.031274 3.779140 0.000000
-7.353386 -0.030297 4.981063 0.000000
-7.444622 -0.030234 4.682288 0.000000
-7.735327 -0.030290 4.227795 0.000000
-8.193734 -0.029005 4.196966 0.000000
-7.536133 -0.028926 5.199516 0.000000
-7.739107 -0.028762 4.990165 0.000000
-6.000433 -0.040853 2.477992 0.000000
-5.783290 -0.041653 2.618696 0.000000
-5.724432 -0.042228 2.494055 0.000000
-5.650765 -0.043829 2.093202 0.000000
-5.723204 -0.040299 3.343681 0.000000
-5.600342 -0.041899 2.890855 0.000000
-5.893968 -0.041465 2.557549 0.000000
-5.916585 -0.041523 2.353214 0.000000
-5.992859 -0.039001 3.249762 0.000000
-5.910615 -0.040046 3.109332 0.000000
-6.079632 -0.040165 2.717856 0.000000
-6.011886 -0.037996 3.571131 0.000000
-6.112584 -0.038631 3.299672 0.000000
-6.308871 -0.038130 2.996769 0.000000
-6.219165 -0.039404 2.640474 0.000000
-6.210625 -0.036595 3.779657 0.000000
-6.203918 -0.037546 3.448051 0.000000
-6.407342 -0.037472 3.115247 0.000000
-6.450410 -0.037947 2.814855 0.000000
-6.413197 -0.036131 3.948169 0.000000
4.411603 -0.051706 2.086749 0.000000
5.971783 -0.041271 2.425276 0.000000
5.324555 -0.044623 2.480303 0.000000
4.834481 -0.048019 2.335552 0.000000
4.553306 -0.050286 2.211909 0.000000
5.750038 -0.042242 2.495132 0.000000
5.145799 -0.046073 2.334747 0.000000
4.700393 -0.048859 2.344659 0.000000
4.245463 -0.052575 2.191275 0.000000
5.558086 -0.043660 2.336108 0.000000
4.939010 -0.048139 2.051265 0.000000
4.124611 -0.053905 2.077302 0.000000
5.200879 -0.046470 2.046579 0.000000
4.512680 -0.051730 1.837415 0.000000
4.006754 -0.055236 1.968255 0.000000
5.034194 -0.047861 1.914523 0.000000
4.652939 -0.050764 1.809538 0.000000
4.275298 -0.053115 1.968533 0.000000
3.893357 -0.056548 1.865443 0.000000
4.901300 -0.048819 1.891714 0.000000
5.949237 -0.040121 2.957996 0.000000
5.229637 -0.043003 3.195949 0.000000
7.148154 -0.033575 3.713918 0.000000
6.352626 -0.037404 3.339776 0.000000
5.697041 -0.041015 3.080864 0.000000
5.003799 -0.044924 2.958537 0.000000
6.878836 -0.035041 3.472029 0.000000
6.146745 -0.038760 3.143509 0.000000
5.505602 -0.042445 2.911310 0.000000
4.823908 -0.046793 2.735843 0.000000
6.447736 -0.037654 3.062857 0.000000
4.517801 -0.052062 1.697950 0.000000
5.325258 -0.043854 2.753720 0.000000
4.854884 -0.047412 2.486585 0.000000
6.204133 -0.039160 2.867184 0.000000
5.761263 -0.041475 2.783796 0.000000
5.014684 -0.045968 2.636338 0.000000
4.635681 -0.048515 2.574019 0.000000
6.099402 -0.039725 2.739355 0.000000
5.583706 -0.042810 2.621194 0.000000
5.033142 -0.046271 2.461743 0.000000
3.407670 -0.063701 1.054438 0.000000
3.339284 -0.063929 1.226148 0.000000
3.913486 -0.058632 1.085518 0.000000
3.737859 -0.059842 1.275334 0.000000
3.443708 -0.062627 1.302633 0.000000
3.237662 -0.065216 1.153464 0.000000
3.684156 -0.060898 1.051138 0.000000
3.003467 -0.067837 1.133308 0.000000
3.475610 -0.063321 0.901725 0.000000
2.816787 -0.069975 1.127898 0.000000
3.375149 -0.064514 0.831628 0.000000
3.011219 -0.068617 0.806217 0.000000
4.260625 -0.054637 1.490416 0.000000
4.016826 -0.055904 1.751161 0.000000
3.894941 -0.057272 1.651873 0.000000
4.720431 -0.050623 1.671677 0.000000
4.233955 -0.054493 1.628727 0.000000
3.675733 -0.059150 1.673906 0.000000
4.431308 -0.053342 1.454879 0.000000
3.976910 -0.057195 1.442666 0.000000
3.662029 -0.059981 1.467779 0.000000
5.897615 -0.039586 3.260704 0.000000
4.103004 -0.055851 1.533190 0.000000
3.471035 -0.061697 1.500854 0.000000
4.295389 -0.054678 1.355449 0.000000
3.905073 -0.058420 1.214993 0.000000
4.138925 -0.055903 1.394580 0.000000
-8.683891 -0.029671 3.150221 0.000000
-7.815538 -0.032568 3.236861 0.000000
-7.898854 -0.032099 2.847381 0.000000
-7.813588 -0.032937 2.482702 0.000000
-7.827802 -0.033285 2.229724 0.000000
-8.368896 -0.030091 3.433375 0.000000
-8.226038 -0.030666 3.076797 0.000000
-8.386847 -0.031292 2.600958 0.000000
-8.272555 -0.032073 2.508079 0.000000
-8.502891 -0.029278 3.780197 0.000000
-8.711521 -0.029821 3.284572 0.000000
-7.467261 -0.035449 2.001059 0.000000
-8.603616 -0.030108 2.661721 0.000000
-8.906236 -0.027764 4.070263 0.000000
-9.097101 -0.028139 3.730006 0.000000
-9.172325 -0.027386 3.342181 0.000000
-9.043482 -0.028498 2.910761 0.000000
-9.377107 -0.025909 4.208974 0.000000
-9.559118 -0.026263 3.809887 0.000000
-9.472796 -0.027082 3.695030 0.000000
-9.740004 -0.026604 3.265207 0.000000
-9.613693 -0.025257 4.712346 0.000000
-6.990625 -0.037018 2.374037 0.000000
-6.101088 -0.042783 1.297047 0.000000
-6.509646 -0.038858 2.211275 0.000000
-6.536614 -0.039164 1.925479 0.000000
-6.264907 -0.041419 1.333682 0.000000
-6.917381 -0.037015 2.408718 0.000000
-6.778281 -0.037764 2.084589 0.000000
-6.797052 -0.037944 1.943402 0.000000
-6.594926 -0.039884 1.546489 0.000000
-7.075721 -0.035695 2.799406 0.000000
-9.827663 -0.025776 4.246160 0.000000
-6.908181 -0.037418 1.923147 0.000000
-6.866310 -0.038417 1.686112 0.000000
-7.393590 -0.034063 2.800654 0.000000
-7.304884 -0.034944 2.438181 0.000000
-7.235933 -0.036116 2.038254 0.000000
-7.156426 -0.036938 1.837223 0.000000
-7.730740 -0.032451 3.032609 0.000000
-7.592623 -0.033525 2.635022 0.000000
-7.491461 -0.034440 2.281125 0.000000
8.070560 -0.029140 4.564396 0.000000
7.020305 -0.031923 4.568824 0.000000
6.292893 -0.036443 3.846825 0.000000
9.177151 -0.025248 5.385823 0.000000
7.809813 -0.029631 4.677250 0.000000
6.872816 -0.033016 4.358029 0.000000
6.153002 -0.037115 3.777241 0.000000
8.730748 -0.026838 4.993150 0.000000
7.579483 -0.030508 4.553935 0.000000
6.768382 -0.034582 3.816898 0.000000
5.938553 -0.038606 3.553197 0.000000
8.309060 -0.027815 5.005396 0.000000
7.284413 -0.032400 4.089055 0.000000
6.338333 -0.036679 3.663528 0.000000
5.735152 -0.040093 3.344304 0.000000
7.802654 -0.030432 4.271664 0.000000
6.887513 -0.034239 3.830688 0.000000
6.111462 -0.038137 3.454935 0.000000
5.541635 -0.041574 3.149198 0.000000
7.435207 -0.032101 3.975372 0.000000
6.601226 -0.035591 3.633386 0.000000
9.447588 -0.023308 6.241121 0.000000
9.637509 -0.021108 7.576718 0.000000
9.303577 -0.022102 7.163732 0.000000
8.749012 -0.024226 6.537021 0.000000
8.360436 -0.025765 6.091450 0.000000
9.497476 -0.022255 6.708688 0.000000
8.085524 -0.027171 5.623981 0.000000
8.808416 -0.024272 6.322809 0.000000
7.663775 -0.028843 5.309581 0.000000
8.406265 -0.025791 5.991033 0.000000
7.342824 -0.030235 5.031466 0.000000
8.092112 -0.027209 5.452679 0.000000
7.061998 -0.031894 4.653518 0.000000
9.101153 -0.024729 5.811076 0.000000
7.919670 -0.028443 5.030389 0.000000
6.643070 -0.033055 4.598186 0.000000
8.664811 -0.026305 5.405221 0.000000
7.411258 -0.030732 4.679512 0.000000
6.410693 -0.034390 4.388412 0.000000
9.433686 -0.023851 5.831250 0.000000
0.419448 -1.002126 0.093611 0.000000
1.167137 -0.121995 0.125275 0.000000
0.450184 -1.342761 0.096278 0.000000
0.605081 -1.186342 0.094560 0.000000
0.884795 -0.469292 0.090027 0.000000
0.661634 -0.673168 0.091287 0.000000
0.560938 -1.538680 0.097847 0.000000
0.984586 -0.341720 0.089383 0.000000
0.610772 -0.991441 0.093180 0.000000
0.372799 -1.552980 0.098717 0.000000
0.443700 -0.963051 0.093307 0.000000
0.740088 -0.568480 0.090666 0.000000
1.430539 -0.118942 0.180855 0.000000
0.810477 -0.962035 0.092571 0.000000
1.020795 -0.468836 0.089798 0.000000
1.270278 -0.120912 0.192903 0.000000
0.987696 -1.162046 0.093279 0.000000
1.101351 -0.625876 0.090308 0.000000
0.991860 -0.754262 0.091091 0.000000
0.666338 -1.296723 0.095244 0.000000
1.138762 -0.312109 0.089034 0.000000
0.198850 -1.197548 0.095441 0.000000
0.201688 -1.285241 0.096240 0.000000
0.236365 -0.815817 0.092732 0.000000
0.178821 -1.449672 0.097973 0.000000
0.286884 -1.178813 0.095167 0.000000
0.060178 -1.298073 0.096494 0.000000
-0.184676 -1.367896 0.097167 0.000000
-0.380099 -1.597864 0.099480 0.000000
-0.523598 -1.405310 0.096882 0.000000
0.577820 -0.764119 0.091892 0.000000
1.379316 -0.293640 0.088624 0.000000
2.432480 -0.075759 0.740811 0.000000
2.731665 -0.072465 0.415692 0.000000
2.489183 -0.075431 0.511281 0.000000
2.356946 -0.076821 0.693809 0.000000
2.277627 -0.078084 0.554166 0.000000
2.027963 -0.081310 0.575703 0.000000
2.255345 -0.078548 0.270441 0.000000
2.666520 -0.072478 0.893896 0.000000
2.858805 -0.070173 0.897500 0.000000
3.086908 -0.068021 0.638204 0.000000
2.918680 -0.069803 0.751203 0.000000
2.683076 -0.072541 0.787092 0.000000
1.542693 -0.087815 0.265237 0.000000
1.617406 -0.086705 0.113310 0.000000
1.644948 -0.086524 0.360569 0.000000
1.674585 -0.371831 0.088795 0.000000
1.412671 -0.572838 0.089797 0.000000
1.819187 -0.084209 0.193890 0.000000
1.210809 -0.739531 0.090571 0.000000
1.087832 -0.869915 0.091435 0.000000
1.841098 -0.083974 0.339088 0.000000
2.031011 -0.081485 0.286196 0.000000
1.815379 -0.084200 0.504226 0.000000
2.168287 -0.079544 0.102024 0.000000
-5.543995 -0.027261 7.639801 0.000000
1.735976 7.752281 1.502803 0.000000
1.091852 9.915588 0.986283 0.000000
1.587076 7.751998 1.446712 0.000000
1.093483 12.697682 1.101095 0.000000
1.091185 9.015732 1.090193 0.000000
1.199484 7.751264 1.204912 0.000000
1.095159 16.939264 1.281565 0.000000
1.092186 11.550874 1.234897 0.000000
1.089781 8.257136 1.222179 0.000000
1.096897 24.443916 1.562212 0.000000
1.105943 15.365773 1.471056 0.000000
1.091738 10.264009 1.342101 0.000000
0.985545 35.720875 2.105223 0.000000
1.094208 20.554358 1.743137 0.000000
1.092807 13.098395 1.498984 0.000000
1.091350 9.008604 1.251648 0.000000
0.267786 35.720757 2.180969 0.000000
1.095961 31.569088 2.339365 0.000000
1.094194 17.364949 1.741841 0.000000
1.734747 7.751678 0.975324 0.000000
1.962589 7.752814 1.607743 0.000000
1.090268 7.975649 0.908791 0.000000
2.092465 -0.072865 2.010281 0.000000
1.930461 -0.076150 1.806183 0.000000
1.573006 -0.083067 1.416177 0.000000
1.091951 11.260070 1.491679 0.000000
-1.998569 -0.079018 1.400500 0.000000
-1.791131 -0.082661 1.224212 0.000000
-1.340916 7.751232 1.001347 0.000000
-1.093325 11.810952 1.193304 0.000000
-1.105641 19.661025 1.631247 0.000000
-0.937303 32.232829 2.359572 0.000000
-1.091760 9.339639 1.081840 0.000000
-1.102180 15.365696 1.218452 0.000000
-1.097260 25.991957 1.907626 0.000000
-1.092774 10.947957 1.128291 0.000000
-1.095378 17.613136 1.460671 0.000000
-1.497888 7.751449 1.028912 0.000000
-1.089828 7.846321 0.934784 0.000000
-1.091237 8.646834 1.003978 0.000000
-1.093788 12.993734 1.245626 0.000000
-1.654584 7.751689 1.059044 0.000000
-1.092245 10.062273 1.112294 0.000000
-1.704440 6.571891 1.020785 0.000000
-1.093991 17.704853 1.279096 0.000000
-0.306721 35.720744 2.157395 0.000000
0.720071 34.592599 2.360791 0.000000
1.096019 24.463809 2.013488 0.000000
1.153628 15.365928 1.604205 0.000000
-0.993976 35.720885 2.175638 0.000000
0.057945 34.936265 2.386136 0.000000
0.961904 29.625805 2.361001 0.000000
1.096216 19.532021 1.824014 0.000000
-1.095066 26.525803 1.622493 0.000000
-0.440765 35.084828 2.368549 0.000000
0.394661 30.652151 2.363455 0.000000
1.096281 26.975247 2.359574 0.000000
-1.087295 35.157024 2.235750 0.000000
-0.011337 31.538246 2.360242 0.000000
0.700580 28.371977 2.359249 0.000000
-1.093765 12.953747 1.155255 0.000000
-1.096600 22.281244 1.789083 0.000000
-0.790141 32.316577 2.360695 0.000000
0.078722 29.514636 2.360232 0.000000
-1.094898 15.710165 1.309921 0.000000
-1.097845 30.186018 2.215195 0.000000
-0.340007 30.949378 2.359804 0.000000
-3.552780 -0.056277 2.595864 0.000000
-3.887536 -0.053809 2.578610 0.000000
-4.212508 -0.052483 2.319488 0.000000
-5.383795 -0.041707 3.419391 0.000000
-4.503134 -0.044190 3.856521 0.000000
-4.947717 -0.041997 3.845035 0.000000
-5.901403 -0.037101 4.067122 0.000000
-5.388771 -0.037643 4.518597 0.000000
-9.635454 3.557084 4.940735 0.000000
-4.493276 -0.017947 2.561133 0.000000
-4.130252 -0.048635 3.328111 0.000000
-4.693407 -0.047456 2.779396 0.000000
-4.656791 -0.046389 3.121238 0.000000
-4.824444 -0.046182 2.910384 0.000000
-6.118964 -0.035463 4.475386 0.000000
3.316513 -0.053341 3.367303 0.000000
3.011020 -0.054116 3.539670 0.000000
3.842337 -0.048468 3.685945 0.000000
4.032673 -0.048522 3.460544 0.000000
3.758783 -0.049628 3.553843 0.000000
2.916439 -0.055987 3.349838 0.000000
4.334972 -0.043149 4.284281 0.000000
4.518279 -0.040875 4.628861 0.000000
4.899699 -0.038577 4.834907 0.000000
3.822367 -0.045733 4.235017 0.000000
3.256064 -0.049390 4.071191 0.000000
4.968565 -0.038703 4.709793 0.000000
3.206224 -0.050335 3.958423 0.000000
4.664029 -0.041074 4.437067 0.000000
2.643519 -0.061504 2.846163 0.000000
4.679231 -0.041965 4.202479 0.000000
4.104703 -0.044977 4.118700 0.000000
3.668844 -0.047942 3.959285 0.000000
4.441904 -0.043566 4.078536 0.000000
4.014940 -0.046146 3.967440 0.000000
2.497767 0.018589 2.550282 0.000000
2.341369 -0.067734 2.359737 0.000000
2.940086 -0.059583 2.797849 0.000000
5.023059 -0.037328 5.050330 0.000000
2.599393 -0.062408 2.770701 0.000000
3.088014 0.008045 2.553744 0.000000
2.469300 -0.065089 2.557006 0.000000
6.975614 3.552054 4.934239 0.000000
-6.579174 -0.028397 6.801221 0.000000
-7.798287 -0.025567 6.425637 0.000000
-6.338278 -0.029032 6.398479 0.000000
-7.063337 -0.027037 6.524158 0.000000
-7.860279 -0.025025 6.920679 0.000000
-5.631293 -0.031296 6.226120 0.000000
-7.271893 -0.025786 6.873650 0.000000
-8.127437 -0.023732 7.331189 0.000000
-8.411455 -0.022428 7.776540 0.000000
-6.653148 -0.026743 7.010445 0.000000
-5.976387 -0.028181 7.007345 0.000000
-6.922871 -0.026155 7.469002 0.000000
-6.097709 -0.027139 7.296292 0.000000
-6.107873 -0.026338 7.711046 0.000000
4.668635 -0.029252 7.716510 0.000000
4.612355 -0.030584 7.374164 0.000000
-5.950374 -0.035217 4.637395 0.000000
-6.304788 -0.034152 4.715909 0.000000
-6.526421 -0.033110 4.831564 0.000000
-6.717084 -0.031883 5.083938 0.000000
4.727456 -0.031077 7.108914 0.000000
-5.761978 -0.033639 5.357645 0.000000
-6.362783 -0.032074 5.234677 0.000000
-6.911348 -0.030229 5.536290 0.000000
-5.899671 -0.032485 5.597164 0.000000
-7.124764 -0.029432 5.637161 0.000000
-6.668783 -0.029556 5.885583 0.000000
-7.362428 -0.027628 6.179637 0.000000
5.427048 -0.033020 5.990835 0.000000
5.856441 -0.029833 6.630033 0.000000
5.156272 -0.033110 6.126743 0.000000
4.431826 -0.037802 5.436392 0.000000
3.885464 0.052636 5.129476 0.000000
5.937335 -0.029812 6.543895 0.000000
5.035569 -0.034311 5.874276 0.000000
4.336552 -0.038955 5.237387 0.000000
3.617084 -0.043422 4.878309 0.000000
5.696884 -0.032039 6.018392 0.000000
4.806462 -0.036700 5.410603 0.000000
4.244744 -0.040096 5.049589 0.000000
3.730865 -0.043194 4.799012 0.000000
3.866514 -0.024904 5.129058 0.000000
4.155567 -0.041233 4.870750 0.000000
5.282211 -0.034826 5.518424 0.000000
4.697556 -0.037887 5.197385 0.000000
4.068690 -0.042367 4.700227 0.000000
3.410433 -0.046509 4.437943 0.000000
3.510378 -0.047062 4.252650 0.000000
4.020997 -0.038354 5.603469 0.000000
4.493028 -0.031657 6.990070 0.000000
5.321763 -0.028412 7.490315 0.000000
4.510021 -0.033998 6.410327 0.000000
5.126861 -0.029086 7.380022 0.000000
4.266590 -0.034472 6.371625 0.000000
5.073489 -0.030798 6.881942 0.000000
4.204181 -0.035440 6.168190 0.000000
5.729574 -0.028003 7.454941 0.000000
4.957239 -0.031973 6.606799 0.000000
4.142501 -0.036409 5.972867 0.000000
5.682172 -0.028303 7.291716 0.000000
4.822101 -0.033001 6.403303 0.000000
6.483560 -0.025867 7.653270 0.000000
5.543249 -0.029509 6.973751 0.000000
4.736094 -0.034320 6.099197 0.000000
4.168960 -0.038889 5.426115 0.000000
6.217204 -0.026807 7.564673 0.000000
5.225197 -0.031369 6.669158 0.000000
4.630699 -0.035493 5.864710 0.000000
3.902732 -0.040292 5.263262 0.000000
6.028596 -0.028104 7.089978 0.000000
5.280030 -0.031918 6.391534 0.000000
4.529438 -0.036653 5.644183 0.000000
1.096046 19.531226 0.941793 0.000000
1.090298 8.653271 0.678193 0.000000
1.095472 17.683100 0.939242 0.000000
1.091795 10.802032 0.642721 0.000000
1.083620 25.760212 0.995913 0.000000
1.124157 15.365484 0.998819 0.000000
1.090907 9.380638 0.669426 0.000000
0.903842 35.720364 1.174208 0.000000
1.092278 13.047646 0.776388 0.000000
1.092476 11.743342 0.979676 0.000000
1.090309 7.878684 0.692648 0.000000
0.281528 35.720369 1.192265 0.000000
1.097127 29.705712 1.092002 0.000000
1.093290 15.437287 0.944550 0.000000
1.091328 9.995856 0.706274 0.000000
-0.359479 35.720483 1.334121 0.000000
0.708117 35.720467 1.363363 0.000000
1.094874 21.841861 0.962639 0.000000
1.093613 12.764972 0.918834 0.000000
-0.961578 35.720531 1.336716 0.000000
0.138733 35.720436 1.276643 0.000000
1.098627 34.888538 1.364182 0.000000
2.074003 7.752260 1.031781 0.000000
1.090424 8.151788 0.735943 0.000000
1.091939 10.170390 0.652594 0.000000
-1.710111 6.571780 0.702984 0.000000
-1.398273 7.751082 0.747766 0.000000
-1.176801 7.750817 0.721752 0.000000
-1.092379 10.203909 0.586929 0.000000
-1.095150 15.974767 0.570762 0.000000
-1.570032 7.751295 0.742868 0.000000
-1.089843 8.045870 0.531624 0.000000
-1.093143 11.500370 0.547092 0.000000
-1.743164 7.751537 0.740607 0.000000
-1.307156 7.750775 0.501799 0.000000
-1.090456 8.863477 0.274709 0.000000
-1.088847 23.537886 0.426881 0.000000
-1.475614 7.750977 0.510983 0.000000
-1.176960 7.750589 0.390061 0.000000
-1.633613 6.699580 0.777145 0.000000
-1.316404 7.750632 0.263086 0.000000
-1.763749 7.751377 0.532396 0.000000
-1.488270 7.750831 0.273931 0.000000
0.298930 35.720198 0.830433 0.000000
1.094003 17.097653 0.934618 0.000000
-1.097662 26.126972 1.112788 0.000000
-0.437154 35.720431 1.198361 0.000000
0.453234 35.720348 1.199664 0.000000
1.095901 25.265140 0.836972 0.000000
-1.094611 17.653934 0.958019 0.000000
-1.014989 35.720453 1.128898 0.000000
-0.123509 35.720314 1.117238 0.000000
-1.094043 12.870776 0.785792 0.000000
-1.095372 22.461930 0.803817 0.000000
-0.697380 35.720305 1.043847 0.000000
-1.091376 10.074115 0.791065 0.000000
-1.094334 15.522939 0.689179 0.000000
-1.091919 29.765854 0.812872 0.000000
-0.308160 35.720161 0.759547 0.000000
-1.090302 7.974826 0.672391 0.000000
-1.092819 11.655167 0.644141 0.000000
-1.094576 18.946102 0.785987 0.000000
-0.916898 35.720156 0.697562 0.000000
-1.091317 9.123273 0.617460 0.000000
-1.093846 13.407802 0.735221 0.000000
2.038860 7.751904 0.626341 0.000000
1.938766 7.751712 0.630098 0.000000
-1.660629 7.751054 0.287411 0.000000
-1.635215 6.571311 0.313161 0.000000
-4.282994 -0.043848 4.173483 0.000000
-4.633022 -0.039680 4.780687 0.000000
-4.828130 -0.034364 5.134268 0.000000
-4.042595 -0.046929 3.782691 0.000000
-5.705884 -0.029005 6.924915 0.000000
-5.028236 -0.032912 6.216452 0.000000
-5.365366 -0.029147 7.122163 0.000000
4.408324 -0.029854 7.560957 0.000000
4.524752 -0.030594 7.278810 0.000000
4.458553 -0.031569 7.035630 0.000000
4.250595 -0.033418 6.721804 0.000000
5.826321 -0.027095 7.629551 0.000000
5.195559 -0.029603 7.178071 0.000000
4.329738 -0.033504 6.583637 0.000000
-5.236096 -0.033320 5.933793 0.000000
-6.307968 -0.028991 6.604665 0.000000
-5.536131 -0.031688 6.307910 0.000000
-2.776219 -0.065545 2.216701 0.000000
-4.052712 0.789800 3.015607 0.000000
-3.240347 0.071675 2.554700 0.000000
5.418537 -0.033575 5.773024 0.000000
4.612096 -0.038209 5.228617 0.000000
5.198683 -0.037469 4.874100 0.000000
4.489184 -0.040256 4.802358 0.000000
4.993008 -0.030955 6.887263 0.000000
5.576531 -0.029238 7.121877 0.000000
4.028968 -0.035797 6.196287 0.000000
6.314589 -0.027099 7.285316 0.000000
5.409212 -0.030715 6.674104 0.000000
4.772433 -0.033327 6.335414 0.000000
6.014167 -0.028582 6.952838 0.000000
5.290387 -0.031698 6.516676 0.000000
4.406236 -0.035966 5.906320 0.000000
3.851417 -0.038738 5.638592 0.000000
5.704775 -0.031084 6.326487 0.000000
3.857692 -0.039448 5.521879 0.000000
5.015258 -0.035188 5.644648 0.000000
8.524707 -0.026298 5.532788 0.000000
7.504014 -0.029919 4.969764 0.000000
8.186122 -0.027714 5.178568 0.000000
6.381073 -0.035608 4.019805 0.000000
6.013350 -0.037220 3.967590 0.000000
6.645363 -0.034362 4.110431 0.000000
5.808940 -0.038674 3.747306 0.000000
5.392981 -0.041619 3.374719 0.000000
7.045291 -0.033283 4.016373 0.000000
5.615321 -0.040121 3.541662 0.000000
5.071736 -0.044393 3.026328 0.000000
5.430924 -0.041564 3.349316 0.000000
4.920263 -0.045777 2.866438 0.000000
9.717713 -0.020712 7.664033 0.000000
8.172150 -0.025443 6.473125 0.000000
9.100299 -0.022433 7.263793 0.000000
7.783882 -0.026872 6.157520 0.000000
8.727043 -0.024074 6.608321 0.000000
7.520950 -0.028417 5.688107 0.000000
9.887676 -0.020512 7.449504 0.000000
8.324358 -0.025303 6.236077 0.000000
7.196735 -0.029482 5.444126 0.000000
9.331646 -0.022235 6.959107 0.000000
7.968030 -0.026858 5.821829 0.000000
6.954055 -0.031374 5.023338 0.000000
7.750049 -0.028019 5.554294 0.000000
6.773890 -0.031880 4.983445 0.000000
6.340653 -0.034577 4.469288 0.000000
7.147762 -0.031079 4.863813 0.000000
8.886551 -0.024884 5.915573 0.000000
7.629298 -0.029368 5.101280 0.000000
4.371329 -0.051226 2.312350 0.000000
4.616715 -0.050153 2.073096 0.000000
4.774748 -0.047155 2.715535 0.000000
4.500671 -0.049880 2.439116 0.000000
8.540387 -0.023932 6.925773 0.000000
5.411201 -0.044159 2.465568 0.000000
-5.513831 -0.044950 1.850427 0.000000
-5.128447 -0.048035 1.548956 0.000000
-4.967157 -0.049747 1.266501 0.000000
-5.320399 -0.046429 1.724728 0.000000
-5.717583 -0.043459 1.985095 0.000000
-5.558139 -0.045136 1.613597 0.000000
-5.931936 -0.041961 2.129466 0.000000
-6.158494 -0.040455 2.284352 0.000000
-4.050044 -0.057876 0.962654 0.000000
-4.329228 -0.055088 1.119487 0.000000
-4.469760 -0.053821 1.145145 0.000000
-4.297644 -0.055735 0.900992 0.000000
-4.792353 -0.050808 1.393528 0.000000
-8.033594 -0.030206 3.830763 0.000000
-8.131899 -0.030778 3.515955 0.000000
-8.069191 -0.031594 3.118715 0.000000
-8.272520 -0.031271 2.891991 0.000000
-8.593041 -0.028097 4.078165 0.000000
-8.487043 -0.029198 3.564653 0.000000
-8.675420 -0.027890 4.412950 0.000000
-8.858055 -0.028498 3.649340 0.000000
-9.086154 -0.026397 4.740239 0.000000
-9.561652 -0.026621 4.039170 0.000000
-9.535509 -0.024887 5.101679 0.000000
8.937039 -0.022423 7.419954 0.000000
-5.838729 -0.043582 1.704630 0.000000
-5.836481 -0.043774 1.414685 0.000000
-6.398422 -0.038938 2.451164 0.000000
-6.462711 -0.038948 2.416292 0.000000
-6.211615 -0.041001 1.965056 0.000000
-6.652965 -0.037414 2.630860 0.000000
-6.644655 -0.037487 2.585709 0.000000
-6.923433 -0.035883 2.824864 0.000000
-6.915161 -0.035942 2.783315 0.000000
-7.212007 -0.034343 3.035097 0.000000
-7.079024 -0.035669 2.587721 0.000000
-7.077668 -0.036454 2.102499 0.000000
-7.520619 -0.032795 3.263119 0.000000
-7.470198 -0.033743 3.052499 0.000000
0.961294 -0.189335 0.088852 0.000000
0.557952 -0.568727 0.091082 0.000000
0.576875 -0.127655 0.184841 0.000000
0.441042 -0.317012 0.090036 0.000000
0.325008 -0.431519 0.090614 0.000000
0.282694 -0.791558 0.092550 0.000000
0.023688 -0.861093 0.093109 0.000000
0.784742 -0.319168 0.089753 0.000000
0.629330 -0.127296 0.194783 0.000000
1.620799 -0.993431 0.090659 0.000000
1.284685 -0.974151 0.091451 0.000000
6.215719 -0.039680 2.610450 0.000000
8.165044 -0.030898 3.220625 0.000000
6.752588 -0.037096 2.700336 0.000000
7.858140 -0.032527 2.939275 0.000000
7.088422 -0.035404 2.768179 0.000000
5.744247 -0.042883 2.227837 0.000000
7.535054 -0.033685 2.782915 0.000000
7.734583 -0.032309 3.210993 0.000000
5.960302 -0.041385 2.393074 0.000000
6.349288 -0.039949 2.022111 0.000000
5.345158 -0.045849 1.929431 0.000000
8.926848 -0.027555 4.047568 0.000000
9.774676 -0.023702 5.414000 0.000000
9.107298 -0.025900 5.012246 0.000000
8.671796 -0.027504 4.631894 0.000000
9.491364 -0.024799 5.085634 0.000000
8.275278 -0.029083 4.289460 0.000000
9.159094 -0.026306 4.724628 0.000000
7.826573 -0.030524 4.196848 0.000000
8.711984 -0.027889 4.377171 0.000000
7.667091 -0.031523 3.814048 0.000000
9.276700 -0.026169 4.449186 0.000000
8.279083 -0.029589 3.835925 0.000000
7.256524 -0.033763 3.430332 0.000000
7.925748 -0.031026 3.774072 0.000000
6.846459 -0.035247 3.324927 0.000000
9.664807 -0.025569 4.217258 0.000000
8.492495 -0.029161 3.740081 0.000000
7.517985 -0.032584 3.595116 0.000000
6.748647 -0.036490 3.024336 0.000000
9.158368 -0.027219 3.870222 0.000000
8.097540 -0.030742 3.463284 0.000000
7.367883 -0.033873 3.159856 0.000000
6.473512 -0.038090 2.809131 0.000000
8.698229 -0.028854 3.557874 0.000000
6.308870 -0.040583 1.873906 0.000000
4.873471 -0.049252 1.789088 0.000000
5.608632 -0.044362 1.794139 0.000000
-0.772589 -1.743850 0.099339 0.000000
-1.525689 -1.197470 0.091967 0.000000
-1.753419 -0.815562 0.089972 0.000000
-1.973561 -0.603998 0.088766 0.000000
-0.962733 -1.421391 0.095442 0.000000
-2.508985 -0.075803 0.121029 0.000000
-2.702994 -0.073399 0.188372 0.000000
-1.122024 -1.299992 0.093977 0.000000
-1.278554 -1.041768 0.092007 0.000000
-3.475522 -0.064280 0.501444 0.000000
-3.124441 -0.068314 0.350736 0.000000
-3.667585 -0.061954 0.759330 0.000000
-3.863761 -0.060081 0.682542 0.000000
-2.803985 -0.072161 0.225305 0.000000
-3.321826 -0.065888 0.587971 0.000000
0.311984 -1.715839 0.101093 0.000000
-0.380018 -1.977991 0.105663 0.000000
4.793532 -0.045882 3.046251 0.000000
7.038551 3.538416 4.935000 0.000000
5.097455 -0.042870 3.437680 0.000000
4.045059 -0.050498 3.027384 0.000000
-1.385161 7.750748 0.055523 0.000000
-1.555050 7.750964 0.075570 0.000000
-1.725018 7.751206 0.097929 0.000000
-1.156913 7.750466 0.169605 0.000000
-0.964068 13.866562 0.008428 0.000000
-0.779577 21.331247 0.010733 0.000000
-1.090576 7.919311 0.137616 0.000000
-1.092887 11.992194 0.090886 0.000000
-1.095368 19.493489 0.028700 0.000000
-1.091244 9.011325 0.126859 0.000000
-1.104629 15.365150 0.168323 0.000000
-1.092557 10.685161 0.083420 0.000000
-1.650749 6.571388 0.023033 0.000000
-1.091169 8.475695 0.196675 0.000000
-1.091068 10.211107 0.083379 0.000000
1.697292 7.221404 0.000391 0.000000
1.443874 6.761665 0.000519 0.000000
1.862443 7.751598 0.592175 0.000000
1.217057 6.298637 0.000280 0.000000
1.686630 7.751320 0.561130 0.000000
1.063808 6.055430 0.000495 0.000000
-0.481783 9.277885 0.000206 0.000000
0.208186 9.244243 0.008294 0.000000
0.841474 18.578820 0.010955 0.000000
1.133065 15.365144 0.240517 0.000000
-0.392720 5.873255 0.001306 0.000000
0.003449 9.145022 0.008145 0.000000
0.458151 16.985886 0.010228 0.000000
1.096395 21.290935 0.210466 0.000000
-0.374726 6.146382 0.000151 0.000000
-0.199192 9.144969 0.008009 0.000000
0.131742 15.836993 0.009684 0.000000
1.079387 33.350383 0.091875 0.000000
-0.418737 6.470151 0.000022 0.000000
-0.160186 5.663276 0.001240 0.000000
-0.163012 15.003273 0.009261 0.000000
0.520804 33.048201 0.015612 0.000000
-0.695417 6.813284 0.002244 0.000000
-0.659278 9.467166 0.003237 0.000000
-0.437057 14.412798 0.008922 0.000000
-0.030071 27.535545 0.013309 0.000000
-0.893652 7.443241 0.001649 0.000000
-0.845343 9.779790 0.007659 0.000000
-0.701581 14.051060 0.008651 0.000000
-0.445270 23.883213 0.011791 0.000000
0.546589 5.447724 0.001597 0.000000
0.864136 5.607412 0.000757 0.000000
1.574859 7.751154 0.583237 0.000000
0.725495 5.671745 0.000816 0.000000
1.351192 7.750775 0.304271 0.000000
1.090857 9.862192 0.199239 0.000000
1.166802 7.750571 0.290230 0.000000
1.214284 7.750713 0.549535 0.000000
0.895917 10.265645 0.003682 0.000000
1.091248 9.797382 0.394931 0.000000
1.161195 7.750642 0.485239 0.000000
0.377082 5.430628 0.000811 0.000000
0.645527 9.766133 0.008655 0.000000
1.093575 12.483125 0.071402 0.000000
1.091100 9.205258 0.560282 0.000000
0.008514 5.411348 0.000842 0.000000
0.420251 9.447698 0.008461 0.000000
1.095337 16.768368 0.140054 0.000000
1.091977 11.614564 0.275042 0.000000
-1.632664 -0.087363 0.354823 0.000000
-2.130819 -0.080694 0.526974 0.000000
-1.373552 -0.179232 0.088437 0.000000
-1.080401 -0.343151 0.089574 0.000000
-0.965191 -0.645173 0.090807 0.000000
-1.145049 -0.444430 0.089678 0.000000
-2.529538 -0.075216 0.702383 0.000000
-0.379428 -1.179243 0.095139 0.000000
-0.001162 -1.144146 0.095293 0.000000
-0.017406 -0.855852 0.093076 0.000000
-0.591776 -1.018147 0.093558 0.000000
0.036786 -0.601284 0.091564 0.000000
-0.755290 -0.864598 0.092299 0.000000
-0.549670 -0.837037 0.092644 0.000000
-0.991524 -0.438338 0.090061 0.000000
-0.771762 -0.656131 0.091343 0.000000
-9.224166 -0.022899 6.412924 0.000000
-8.298556 -0.027578 5.357982 0.000000
-7.544571 -0.026884 6.072190 0.000000
-8.103524 -0.026634 5.923795 0.000000
-8.410419 -0.025834 5.600512 0.000000
-9.054343 -0.024591 5.583210 0.000000
-7.663744 -0.026404 6.207395 0.000000
-8.213414 -0.025654 6.240129 0.000000
-8.804887 -0.024910 6.061566 0.000000
-8.094024 -0.025455 6.747667 0.000000
-8.788464 -0.023841 6.714950 0.000000
-8.396946 -0.024150 7.158912 0.000000
-8.853986 -0.022965 7.065517 0.000000
-9.790676 -0.020527 7.187774 0.000000
-8.572968 -0.022282 7.401315 0.000000
-9.275735 -0.020976 7.425058 0.000000
6.919470 -0.025065 7.770730 0.000000
6.696981 -0.026342 7.257656 0.000000
-6.275367 -0.036321 3.935947 0.000000
-6.664940 -0.034931 3.727707 0.000000
-6.275211 -0.034458 4.498252 0.000000
-6.419179 -0.035190 4.002638 0.000000
-6.876973 -0.033641 3.945264 0.000000
-6.476060 -0.033131 4.735663 0.000000
-6.868522 -0.032373 4.497595 0.000000
-7.237568 -0.032603 3.840865 0.000000
-6.688197 -0.031795 4.989959 0.000000
6.511699 -0.027581 6.904003 0.000000
-7.334027 -0.031051 4.424419 0.000000
-7.634496 -0.029942 4.776676 0.000000
-7.938865 -0.029681 4.437552 0.000000
-7.148167 -0.029110 5.554862 0.000000
-7.497699 -0.028671 5.340210 0.000000
-7.873782 -0.028638 5.093657 0.000000
-8.279395 -0.028063 4.914817 0.000000
-7.303426 -0.028201 5.742611 0.000000
6.641629 -0.029823 5.885039 0.000000
6.262904 -0.029405 6.451240 0.000000
5.913848 -0.032024 5.831706 0.000000
-6.083611 -0.035783 4.275727 0.000000
6.525568 -0.029539 6.162935 0.000000
7.339867 -0.026988 6.466639 0.000000
6.270874 -0.031628 5.630019 0.000000
5.436379 -0.035979 5.031643 0.000000
6.099509 -0.032317 5.551085 0.000000
-3.673466 -0.059757 1.593501 0.000000
-5.216994 -0.043895 2.916307 0.000000
-5.417287 -0.043342 2.728323 0.000000
-5.980084 -0.040269 2.773072 0.000000
-5.249458 -0.045742 2.210975 0.000000
-6.187802 -0.038875 2.938276 0.000000
-6.216811 -0.038853 3.037862 0.000000
-6.445085 -0.037403 3.231597 0.000000
-4.556795 -0.050414 2.182141 0.000000
-5.101494 -0.043616 3.194694 0.000000
-6.125931 -0.043394 0.276626 0.000000
-4.046245 -0.952629 0.007652 0.000000
-4.838102 -0.435457 0.006045 0.000000
-5.949031 -0.044460 0.069998 0.000000
-6.221875 -0.042883 0.156205 0.000000
-4.819428 -0.884127 0.006466 0.000000
-6.492827 -0.041177 0.013569 0.000000
-6.150987 -0.349780 0.004732 0.000000
-6.513833 -0.041290 0.250248 0.000000
-6.131221 -0.730398 0.005031 0.000000
-6.627944 -0.040726 0.294797 0.000000
-7.163172 -0.037854 0.212750 0.000000
-8.133736 -0.033877 0.187435 0.000000
-2.035063 -1.603595 0.091658 0.000000
-2.979284 -1.355261 0.010561 0.000000
-3.229627 -1.083766 0.009304 0.000000
-3.708628 -0.902511 0.008161 0.000000
-3.021435 -1.342899 0.010386 0.000000
-2.152718 -1.933938 0.092106 0.000000
-4.258549 -0.459815 0.006581 0.000000
-3.435986 -1.183235 0.009128 0.000000
-7.164113 -0.038059 0.465601 0.000000
7.780167 -0.034972 0.706196 0.000000
8.903753 -0.030718 1.179798 0.000000
8.803589 -0.030826 1.516555 0.000000
8.451707 -0.032514 0.545724 0.000000
8.434458 -0.032366 0.998310 0.000000
7.970291 -0.034757 0.277042 0.000000
8.086682 -0.033767 0.642341 0.000000
7.588754 -0.035899 0.048554 0.000000
7.721338 -0.035227 0.503277 0.000000
8.917919 -0.030839 0.917857 0.000000
7.179114 -0.038089 0.019580 0.000000
7.248931 -0.037215 0.549181 0.000000
7.578345 -0.036047 0.734497 0.000000
6.167156 -0.275002 0.005439 0.000000
4.782766 -0.927969 0.006782 0.000000
-8.193259 -0.033998 0.200118 0.000000
-8.757528 -0.032158 0.042242 0.000000
-7.263835 -0.037638 0.503100 0.000000
-7.947793 -0.034471 0.454322 0.000000
-7.619205 -0.036074 0.621890 0.000000
-8.390698 -0.032909 0.600090 0.000000
-8.199204 -0.033323 0.823857 0.000000
6.760259 -0.039591 0.358160 0.000000
-9.527957 -0.029563 0.625775 0.000000
-8.421522 -0.032911 0.895741 0.000000
-9.351162 -0.030081 0.836949 0.000000
-8.827049 -0.031428 1.044552 0.000000
-9.893591 -0.028509 1.003226 0.000000
-9.529910 -0.028964 1.241420 0.000000
9.536949 -0.029195 0.663770 0.000000
9.464920 -0.029106 1.109533 0.000000
9.423881 -0.029042 1.383090 0.000000
3.597115 -0.806092 0.008408 0.000000
6.193058 -0.042593 0.169038 0.000000
6.912875 -0.038799 0.424752 0.000000
3.883412 -1.014072 0.008128 0.000000
5.840474 -0.273165 0.005182 0.000000
3.306358 -1.232643 0.009554 0.000000
4.439037 -0.759873 0.006626 0.000000
6.309289 -0.041919 0.205291 0.000000
3.641098 -1.101577 0.008487 0.000000
5.560208 -0.331675 0.004946 0.000000
3.108208 -1.304604 0.009981 0.000000
-5.621706 -0.046428 0.411468 0.000000
-4.841132 -0.051899 0.503222 0.000000
-5.022073 -0.050477 0.579776 0.000000
-5.409744 -0.047845 0.254929 0.000000
-5.037292 -0.049888 0.793738 0.000000
-4.726011 -0.052898 0.270033 0.000000
-5.212318 -0.049039 0.661626 0.000000
-5.412136 -0.047591 0.749274 0.000000
-5.623212 -0.046128 0.843184 0.000000
-5.846007 -0.044653 0.944129 0.000000
-6.591099 -0.040736 0.608653 0.000000
-3.637531 -0.266483 0.007352 0.000000
-3.909336 -0.060112 0.133407 0.000000
-3.332855 -0.433490 0.008037 0.000000
-4.048936 -0.058785 0.185953 0.000000
-3.928938 -0.365806 0.007102 0.000000
-3.379233 -0.848509 0.008702 0.000000
-6.877167 -0.039251 0.725740 0.000000
-4.345722 -0.056077 0.301066 0.000000
-4.503646 -0.054699 0.364194 0.000000
-8.104013 -0.032871 1.898421 0.000000
-7.684339 -0.034268 1.836074 0.000000
-8.557622 -0.031565 1.891888 0.000000
-8.064971 -0.032613 2.033750 0.000000
-8.478292 -0.030944 2.251750 0.000000
-8.929841 -0.029259 2.493002 0.000000
-9.228383 -0.028646 2.609489 0.000000
-9.904355 -0.026991 3.160798 0.000000
-7.517321 -0.035558 1.743393 0.000000
9.636668 -0.027373 2.667854 0.000000
9.435383 -0.027238 3.264632 0.000000
9.384086 -0.029010 2.021523 0.000000
9.137892 -0.028810 2.605050 0.000000
9.143019 -0.028138 3.015553 0.000000
8.799924 -0.030888 1.886076 0.000000
8.779932 -0.030452 2.435610 0.000000
-6.599695 -0.040156 1.296201 0.000000
-6.717272 -0.039986 0.842164 0.000000
-6.082234 -0.043165 1.052756 0.000000
-6.539811 -0.040735 1.017614 0.000000
-6.332941 -0.041666 1.169698 0.000000
-7.394989 -0.036617 1.134868 0.000000
-7.861832 -0.034733 1.140357 0.000000
-8.241163 -0.033207 1.304404 0.000000
-6.884759 -0.038633 1.433030 0.000000
-7.491577 -0.035975 1.446397 0.000000
-8.912068 -0.030598 1.510855 0.000000
-7.189577 -0.037102 1.581618 0.000000
-7.762527 -0.034100 1.608415 0.000000
-9.359895 -0.029108 1.711797 0.000000
-2.878934 -0.267581 0.008566 0.000000
-1.929469 -1.379888 0.091334 0.000000
-1.277548 -1.640837 0.095433 0.000000
-2.075541 -1.144426 0.090136 0.000000
-1.730041 -1.493058 0.092510 0.000000
-2.745746 -0.778463 0.009936 0.000000
-3.133468 -0.556573 0.008670 0.000000
8.328496 -0.032600 1.665665 0.000000
6.552984 -0.039620 1.537443 0.000000
5.964889 -0.043574 0.805156 0.000000
6.220887 -0.042037 0.919664 0.000000
5.085601 -0.049530 0.423765 0.000000
8.353202 -0.032345 1.917860 0.000000
8.392040 -0.031553 2.343547 0.000000
7.996617 -0.033549 1.435707 0.000000
7.997976 -0.033563 1.713299 0.000000
7.968687 -0.033240 2.111756 0.000000
7.425447 -0.036206 1.322145 0.000000
7.579942 -0.034916 1.901689 0.000000
7.668948 -0.034548 2.075237 0.000000
7.117547 -0.037655 1.168577 0.000000
7.283846 -0.036323 1.751126 0.000000
7.354450 -0.035996 1.889282 0.000000
6.653371 -0.039824 0.873419 0.000000
6.962990 -0.038208 1.238625 0.000000
6.491902 -0.040496 1.042381 0.000000
6.683068 -0.039644 1.298324 0.000000
6.084943 -0.043008 0.632897 0.000000
2.013626 -1.350874 0.090761 0.000000
3.284422 -0.464314 0.008386 0.000000
3.290843 -0.260698 0.007795 0.000000
3.677184 -0.251785 0.007209 0.000000
3.016701 -0.746171 0.009386 0.000000
-8.107015 -2.194635 0.004142 0.000000
-3.371751 -2.561595 0.011028 0.000000
-6.488806 -1.853852 0.005506 0.000000
-3.988261 -2.557127 0.009353 0.000000
-8.757789 -1.743353 -0.000024 0.000000
-6.135161 -2.282232 0.005753 0.000000
-4.709664 -2.575266 0.007728 0.000000
-13.272875 -1.330626 -0.003918 0.000000
-5.048861 -2.148634 0.007292 0.000000
-5.658904 -2.545854 0.006409 0.000000
-27.153160 -0.064004 -0.012831 0.000000
-12.123632 -1.930336 -0.003114 0.000000
-7.648873 -2.444451 0.004492 0.000000
-5.472404 -2.796291 0.006670 0.000000
-23.725580 -1.332997 -0.010973 0.000000
-11.462054 -2.423127 -0.002653 0.000000
-7.588860 -2.791616 0.004631 0.000000
-22.200570 -2.289119 -0.010202 0.000000
-11.159706 -2.865760 -0.002478 0.000000
-3.046829 -2.227629 0.011789 0.000000
-3.633728 -2.260332 0.010004 0.000000
-4.306552 -2.028554 0.008185 0.000000
2.774694 -2.075999 0.012536 0.000000
3.523505 -1.983195 0.009878 0.000000
4.723656 -1.597861 0.006932 0.000000
7.315904 -0.513764 0.004772 0.000000
5.555828 -1.072052 0.005997 0.000000
3.340532 -1.707135 0.010009 0.000000
9.282842 -0.029950 0.143730 0.000000
3.467928 -1.492843 0.009399 0.000000
10.102478 -0.252560 0.003637 0.000000
-5.437317 -1.648773 0.006320 0.000000
-17.024280 1.111919 -0.001351 0.000000
-10.169428 -0.743400 -0.001263 0.000000
-7.035466 -1.521517 0.004598 0.000000
-17.674360 0.589352 -0.006723 0.000000
-10.514087 -1.083615 -0.001615 0.000000
-19.427788 0.171033 -0.007957 0.000000
32.160811 3.251419 0.020410 0.000000
13.245018 -0.162936 0.010940 0.000000
8.264810 -1.104629 0.004692 0.000000
18.283977 1.357400 0.013235 0.000000
6.115316 -1.517299 0.005323 0.000000
31.398751 5.177190 0.020380 0.000000
6.963282 -1.111019 0.005358 0.000000
13.251978 0.797102 0.000465 0.000000
3.951785 -1.948101 0.008844 0.000000
5.271095 -1.559391 0.006822 0.000000
8.207832 -0.467818 0.004116 0.000000
9.891244 -0.028767 0.360304 0.000000
4.396317 -1.703223 0.008013 0.000000
6.071620 -1.187419 0.006050 0.000000
-7.097119 -1.357215 0.004622 0.000000
-3.813509 -1.575804 0.008837 0.000000
-3.380634 -1.853676 0.010169 0.000000
-2.761188 -2.119877 0.012740 0.000000
-4.662703 -1.334404 0.006973 0.000000
-3.918266 -1.745865 0.008723 0.000000
-3.096531 -1.894762 0.011151 0.000000
-5.861866 -1.026149 0.005270 0.000000
-4.474815 -1.440867 0.007556 0.000000
-7.453745 -0.401847 0.003629 0.000000
-5.437618 -1.208315 0.006105 0.000000
-4.537282 -1.651419 0.007660 0.000000
-3.743522 -2.086361 0.009408 0.000000
-9.855873 -0.058461 0.002309 0.000000
-7.354321 -0.950454 0.004470 0.000000
-5.420068 -1.411035 0.006235 0.000000
-4.395726 -1.831888 0.007964 0.000000
-17.594438 1.975338 -0.006435 0.000000
-10.180774 -0.337492 -0.001226 0.000000
-1.921830 -2.049064 0.093596 0.000000
-3.183183 -1.647100 0.010492 0.000000
-3.589271 -1.791910 0.009618 0.000000
-0.828844 -0.126128 0.198011 0.000000
-0.683823 -0.469394 0.090585 0.000000
-1.010852 -0.124342 0.153481 0.000000
-0.605663 -0.256092 0.089664 0.000000
-0.546114 -0.203534 0.089501 0.000000
-0.515896 -0.632372 0.091550 0.000000
-0.716835 -0.127058 0.197869 0.000000
-1.566178 -0.088212 0.336121 0.000000
0.329257 1.152882 0.007583 0.000000
0.616463 1.630827 0.006080 0.000000
0.965144 2.126996 0.005003 0.000000
0.411521 1.287020 0.007240 0.000000
0.518501 1.514637 0.006362 0.000000
0.796812 1.501712 0.006477 0.000000
0.030838 1.174055 0.007265 0.000000
0.180101 0.933647 0.008182 0.000000
0.334407 0.803577 0.008392 0.000000
0.595847 1.098481 0.007499 0.000000
-0.190908 1.181872 0.007245 0.000000
0.045895 0.768207 0.008667 0.000000
0.837598 1.932434 0.005404 0.000000
0.962163 2.343434 0.005044 0.000000
0.260963 0.715785 0.008674 0.000000
0.260027 1.278384 0.006974 0.000000
-0.709455 0.979526 0.007813 0.000000
-0.483203 0.778653 0.008454 0.000000
-0.394625 -0.241076 0.089746 0.000000
-0.182423 -0.589473 0.091472 0.000000
-0.690393 1.257801 0.006967 0.000000
-0.230418 -0.755789 0.092387 0.000000
-0.689940 1.558738 0.006269 0.000000
-0.807273 1.471477 0.006338 0.000000
-0.507760 1.371829 0.006734 0.000000
-0.554624 -0.128180 0.193158 0.000000
-0.257637 1.099171 0.007541 0.000000
-0.171743 0.896554 0.008342 0.000000
0.001726 -0.143080 0.089254 0.000000
-0.194869 0.704646 0.008604 0.000000
0.154532 -0.222739 0.089761 0.000000
-0.083774 -0.369307 0.090411 0.000000
-0.266685 0.759525 0.008425 0.000000
-0.593266 1.120941 0.007338 0.000000
-4.663912 -0.002091 2.562024 0.000000
-5.905976 -0.040076 2.976566 0.000000
-6.695878 -0.036480 3.002500 0.000000
-6.083664 -0.038792 3.148274 0.000000
-6.956903 -0.035004 3.204701 0.000000
-5.791844 -0.040452 3.064303 0.000000
-6.268908 -0.037508 3.330106 0.000000
-7.145823 -0.034287 3.420038 0.000000
-6.462301 -0.036221 3.522884 0.000000
-7.433361 -0.031748 3.969133 0.000000
-6.986491 -0.033991 3.607627 0.000000
-7.660808 -0.030998 4.169023 0.000000
-7.155155 -0.033767 3.809907 0.000000
-8.174163 -0.029822 4.247526 0.000000
-5.724567 -0.039789 3.414732 0.000000
-5.793444 -0.042292 2.326413 0.000000
-5.061663 -0.047956 1.810812 0.000000
-4.860248 0.009005 2.540453 0.000000
-5.061255 -0.045256 2.769115 0.000000
9.759212 -0.021417 7.130261 0.000000
-7.779834 -0.027265 5.668082 0.000000
-9.043963 -0.023780 6.708629 0.000000
-9.171862 -0.022432 7.166225 0.000000
9.576971 -0.020610 7.735166 0.000000
8.988890 -0.021892 7.619978 0.000000
-8.529626 -0.025758 5.813566 0.000000
9.175085 -0.022667 7.032194 0.000000
8.538353 -0.023069 7.305476 0.000000
9.686930 -0.022542 6.560473 0.000000
9.199553 -0.023426 6.528259 0.000000
8.193643 -0.024538 6.838798 0.000000
9.382111 -0.023904 5.878122 0.000000
8.784269 -0.024873 6.001208 0.000000
7.875614 -0.025988 6.414397 0.000000
8.935698 -0.025474 5.444576 0.000000
-8.391829 -0.027466 5.046852 0.000000
-8.599205 -0.027637 4.647509 0.000000
-5.909157 -0.038413 3.602592 0.000000
-7.788783 -0.030172 4.480177 0.000000
-8.846964 -0.026150 5.113868 0.000000
-6.102715 -0.037031 3.802960 0.000000
-8.187965 -0.028682 4.925350 0.000000
-9.203099 -0.024318 5.521853 0.000000
-6.305769 -0.035646 4.016957 0.000000
-9.653885 -0.022785 5.929497 0.000000
-6.519258 -0.034258 4.245700 0.000000
-7.515036 -0.030506 4.801585 0.000000
-8.761782 -0.025973 5.415756 0.000000
-6.743843 -0.032868 4.490552 0.000000
-7.760682 -0.029183 5.035251 0.000000
-9.160214 -0.024475 5.819479 0.000000
-6.981222 -0.031472 4.753549 0.000000
-8.190638 -0.027200 5.438522 0.000000
-9.591508 -0.022969 6.263409 0.000000
-7.030738 -0.030710 5.197909 0.000000
6.867637 -0.029668 5.782451 0.000000
7.769834 -0.025135 6.968828 0.000000
6.962172 -0.026898 6.926945 0.000000
6.385571 -0.028549 6.735128 0.000000
5.649800 -0.031111 6.426423 0.000000
6.758899 -0.028138 6.505083 0.000000
7.096958 -0.028330 6.112137 0.000000
5.559571 -0.032325 6.042689 0.000000
5.878762 -0.028771 6.986209 0.000000
5.340982 -0.033669 5.810991 0.000000
6.650638 -0.031001 5.475181 0.000000
5.150558 -0.036077 5.277892 0.000000
-7.577486 -0.023974 7.684712 0.000000
-7.472733 -0.025466 6.832334 0.000000
-6.429039 -0.028996 6.300918 0.000000
-7.726273 -0.023692 7.395887 0.000000
-6.748446 -0.027314 6.698275 0.000000
-8.111414 -0.023744 7.647145 0.000000
-6.908215 -0.026805 6.902764 0.000000
-7.127963 -0.024915 7.384374 0.000000
-6.753994 -0.025770 7.527505 0.000000
7.210469 -0.024569 7.606787 0.000000
7.871075 -0.024290 7.260837 0.000000
6.513081 -0.027196 7.181366 0.000000
4.957289 -0.044178 3.269919 0.000000
4.535623 -0.045631 3.480299 0.000000
4.180975 -0.051073 2.693167 0.000000
5.633630 -0.036522 4.654609 0.000000
5.712267 -0.037628 4.207581 0.000000
5.489509 -0.037742 4.443010 0.000000
5.790192 -0.037427 4.173231 0.000000
5.349684 -0.038969 4.241007 0.000000
5.549349 -0.038941 3.998438 0.000000
5.241773 -0.041567 3.613606 0.000000
5.086154 -0.041403 3.869326 0.000000
4.960637 -0.042620 3.696683 0.000000
-5.248458 -0.042323 3.349406 0.000000
-9.084739 3.583058 4.939492 0.000000
-4.321541 -0.014054 2.560288 0.000000
-5.878710 -0.033307 5.325147 0.000000
-6.317055 -0.032651 5.101938 0.000000
-6.515192 -0.031355 5.358731 0.000000
-7.532814 -0.027990 5.832712 0.000000
-4.915084 -0.039712 4.490047 0.000000
-5.750302 -0.034396 5.107893 0.000000
-6.723955 -0.030055 5.632999 0.000000
-4.602159 -0.043073 4.004077 0.000000
-6.944710 -0.028747 5.926961 0.000000
-6.010227 -0.032226 5.551538 0.000000
-7.180026 -0.027424 6.245089 0.000000
-5.254642 -0.036339 5.051362 0.000000
-7.245221 -0.026747 6.475001 0.000000
-8.722524 -0.022555 7.424755 0.000000
-5.452682 -0.039268 3.960367 0.000000
-5.462893 -0.039008 4.041968 0.000000
-5.162710 -0.039818 4.167120 0.000000
-5.617847 -0.037752 4.228492 0.000000
-5.883844 -0.035672 4.546051 0.000000
-6.128883 -0.033938 4.862045 0.000000
-7.039185 -0.030709 5.372841 0.000000
3.773399 -0.054391 2.599129 0.000000
8.364422 -0.026349 5.778686 0.000000
7.579865 -0.033632 2.890535 0.000000
8.772934 -0.028737 3.714720 0.000000
8.385687 -0.030505 3.019920 0.000000
8.341430 -0.030377 3.413670 0.000000
8.065717 -0.030010 4.093385 0.000000
7.889795 -0.032093 3.016847 0.000000
7.697343 -0.031648 3.788651 0.000000
7.261449 -0.035431 2.317324 0.000000
7.049401 -0.035489 2.920301 0.000000
7.043193 -0.034881 3.258061 0.000000
6.943508 -0.037040 2.123335 0.000000
6.992628 -0.036168 2.523212 0.000000
6.963015 -0.035305 3.189400 0.000000
-9.044685 -0.027035 4.339207 0.000000
-7.990870 -0.031676 3.165177 0.000000
-8.952631 -0.027778 3.595677 0.000000
-8.375915 -0.030252 3.389789 0.000000
-7.788616 -0.032267 3.274336 0.000000
-8.778196 -0.028498 3.728185 0.000000
-7.851686 -0.031238 3.511101 0.000000
-9.198649 -0.027167 3.986207 0.000000
-8.207934 -0.029673 3.781770 0.000000
-9.550557 -0.026062 4.210126 0.000000
-8.656548 -0.028493 4.026483 0.000000
-9.465749 -0.024911 4.762890 0.000000
9.877876 -0.024139 5.183238 0.000000
9.592382 -0.024527 5.303944 0.000000
9.833177 -0.025389 4.013363 0.000000
9.400123 -0.025945 4.385340 0.000000
9.380979 -0.025806 4.749721 0.000000
9.099149 -0.026165 4.889477 0.000000
9.315418 -0.027157 3.617007 0.000000
9.003939 -0.027393 4.159438 0.000000
8.931689 -0.027282 4.377860 0.000000
4.653295 -0.052509 0.818564 0.000000
6.688572 -0.036838 2.967043 0.000000
6.277969 -0.039943 2.226735 0.000000
6.188702 -0.039879 2.570478 0.000000
-7.173770 -0.035209 2.848366 0.000000
5.539595 -0.044371 2.073608 0.000000
5.015268 -0.049528 1.011199 0.000000
-3.917935 -0.059251 0.890917 0.000000
-6.227619 -0.040409 2.248155 0.000000
-6.004717 -0.041864 2.091437 0.000000
-6.912790 -0.037578 2.065412 0.000000
-6.462009 -0.039469 2.126554 0.000000
-7.034139 -0.036357 2.255117 0.000000
-6.785096 -0.037267 2.391866 0.000000
-7.542549 -0.034442 2.442569 0.000000
-7.613607 -0.033329 2.718521 0.000000
-8.718724 -0.029710 2.869537 0.000000
-7.315777 -0.034817 2.696346 0.000000
-8.067316 -0.032076 2.806129 0.000000
-9.149768 -0.028879 3.013720 0.000000
-7.532456 -0.033924 2.813733 0.000000
-8.529477 -0.030647 3.006813 0.000000
-9.686061 -0.026388 3.461062 0.000000
-6.340541 -0.041338 1.417268 0.000000
-4.960304 -0.049360 1.496867 0.000000
-6.534604 -0.039420 1.796264 0.000000
1.528903 -0.395454 0.088713 0.000000
1.356416 -0.583010 0.089660 0.000000
5.744875 -0.038816 3.770275 0.000000
6.322861 -0.035016 4.328050 0.000000
6.588135 -0.036707 3.227907 0.000000
6.263419 -0.037394 3.415345 0.000000
6.101057 -0.036503 4.078740 0.000000
6.389838 -0.037938 3.040718 0.000000
6.030881 -0.038940 3.201131 0.000000
5.933712 -0.037407 3.987909 0.000000
6.164895 -0.039381 2.846326 0.000000
5.811130 -0.040479 3.002117 0.000000
6.534747 -0.034925 4.096384 0.000000
5.709019 -0.041705 2.800410 0.000000
5.564870 -0.040220 3.566262 0.000000
5.247567 -0.045491 2.319943 0.000000
5.357371 -0.043048 2.966673 0.000000
8.526157 -0.027034 5.051736 0.000000
8.080759 -0.027674 5.333849 0.000000
7.300567 -0.028870 5.664134 0.000000
8.149172 -0.028584 4.694401 0.000000
7.733027 -0.029209 4.992144 0.000000
7.438581 -0.029552 5.194528 0.000000
7.740185 -0.030631 4.256477 0.000000
7.115171 -0.032231 4.394765 0.000000
6.877057 -0.032590 4.561055 0.000000
7.021892 -0.033723 3.857126 0.000000
6.837624 -0.033731 4.130419 0.000000
6.620848 -0.034107 4.279133 0.000000
6.557136 -0.033525 4.596353 0.000000
6.622839 -0.035744 3.593674 0.000000
6.579918 -0.035210 3.888083 0.000000
5.090757 -0.046814 2.182378 0.000000
-0.998817 -1.259898 0.094125 0.000000
-1.212079 -0.883364 0.091422 0.000000
-1.449738 -0.666666 0.089993 0.000000
-1.081044 -1.197673 0.093456 0.000000
-1.706839 -0.561758 0.089122 0.000000
-1.900308 -0.382876 0.088255 0.000000
-1.539299 -0.826394 0.090402 0.000000
-0.797650 -1.402004 0.095913 0.000000
-0.453895 -1.603748 0.099293 0.000000
-1.704328 -0.686595 0.089539 0.000000
-2.360591 -0.077768 0.185994 0.000000
-2.185114 -0.450122 0.088074 0.000000
-0.399930 -1.613332 0.099605 0.000000
0.173782 -1.680534 0.101001 0.000000
-21.997513 -3.146428 -0.010242 0.000000
-2.752900 -1.995013 0.012571 0.000000
-8.063137 -1.000047 0.004112 0.000000
-6.266609 -1.004413 0.005172 0.000000
-4.990998 -1.736953 0.006973 0.000000
-3.244642 -2.299646 0.011192 0.000000
-8.482476 -0.654754 -0.000266 0.000000
-6.156267 -1.503687 0.005608 0.000000
-3.908158 -2.018266 0.009103 0.000000
-12.739495 0.398140 -0.003082 0.000000
-5.946976 -1.719047 0.005809 0.000000
-4.716134 -2.148018 0.007495 0.000000
-24.455535 2.872582 -0.012373 0.000000
-12.132726 -0.339433 -0.003710 0.000000
-8.191997 -1.413050 0.003755 0.000000
-5.904839 -1.834548 0.005957 0.000000
-23.683870 1.759466 -0.011968 0.000000
-12.123366 -0.814165 -0.003732 0.000000
-3.695436 -1.610144 0.009144 0.000000
-8.021179 -1.798804 0.004499 0.000000
-4.371007 -1.442876 0.007655 0.000000
-5.174075 -1.578443 0.006799 0.000000
-4.160861 -1.870520 0.008445 0.000000
4.154761 -1.871758 0.008590 0.000000
5.653637 -1.573276 0.006550 0.000000
9.477188 -0.367764 0.002194 0.000000
4.431690 -1.639750 0.007671 0.000000
6.759468 -1.066114 0.004712 0.000000
5.055061 -1.268373 0.006289 0.000000
3.153522 -1.901313 0.010810 0.000000
4.122582 -1.645306 0.008209 0.000000
9.618768 -0.924152 0.002705 0.000000
-24.763730 1.004778 -0.012764 0.000000
-12.598905 -1.220934 -0.004164 0.000000
-28.265822 0.458901 -0.015124 0.000000
30.188318 1.395427 0.020204 0.000000
12.960554 -0.817935 0.003291 0.000000
8.167932 -1.420125 0.003678 0.000000
16.803581 0.223205 0.012976 0.000000
25.457421 2.516375 0.017688 0.000000
4.646665 -1.854076 0.007866 0.000000
6.654003 -1.567735 0.005409 0.000000
12.033982 -0.029365 0.008352 0.000000
3.634878 -2.126628 0.009744 0.000000
5.099094 -1.716568 0.007030 0.000000
7.888181 -1.027295 0.003418 0.000000
16.750188 1.361240 0.002055 0.000000
-4.899830 -2.866325 0.007773 0.000000
13.821334 -4.204176 0.004014 0.000000
-16.483730 -4.163764 -0.007538 0.000000
-8.308344 -3.766840 -0.000275 0.000000
-5.515847 -3.615562 0.006952 0.000000
-13.006185 -4.442483 -0.004855 0.000000
-7.284005 -3.948064 0.005325 0.000000
-29.731585 -6.853492 -0.016894 0.000000
-10.771064 -4.641782 -0.002937 0.000000
-20.881322 -6.584850 -0.010981 0.000000
36.690049 -6.969742 0.022979 0.000000
-4.289830 -3.548605 0.008860 0.000000
8.555300 -3.604824 0.009778 0.000000
19.138711 -3.854743 0.003367 0.000000
6.156694 -3.307133 0.006661 0.000000
10.324367 -3.284538 0.005337 0.000000
30.315162 -3.153394 0.019781 0.000000
4.798973 -3.149830 0.008230 0.000000
7.161625 -3.053291 0.005771 0.000000
13.226039 -2.829501 0.003017 0.000000
-6.167821 -2.942527 0.006211 0.000000
-3.278189 -3.030151 0.011607 0.000000
-8.183262 -2.815664 0.004904 0.000000
-11.817542 -3.172636 -0.001938 0.000000
-6.853951 -3.348220 0.005331 0.000000
-22.753593 -3.714244 -0.011918 0.000000
-9.753921 -3.512013 -0.001788 0.000000
3.915967 -3.048405 0.009856 0.000000
1.883378 -2.815735 0.018948 0.000000
1.771519 -2.801783 0.020086 0.000000
4.870010 -2.662382 0.007921 0.000000
5.288428 -2.928942 0.007052 0.000000
8.213227 -2.705864 0.004379 0.000000
18.144650 -2.157575 0.000729 0.000000
3.313094 -2.853197 0.011235 0.000000
4.345960 -2.872514 0.008894 0.000000
6.050285 -2.674851 0.006038 0.000000
10.280877 -2.238219 0.004080 0.000000
7.051656 -2.346741 0.004986 0.000000
3.035476 -2.937266 0.012249 0.000000
3.994540 -2.650657 0.009496 0.000000
5.535965 -2.403392 0.006924 0.000000
7.817657 -1.739679 0.003835 0.000000
12.167493 -1.275122 0.001676 0.000000
-4.290360 -2.205908 0.008465 0.000000
-3.527253 -2.497262 0.010505 0.000000
-5.343961 -2.359865 0.007011 0.000000
-4.177523 -2.474785 0.008883 0.000000
-6.655571 -2.011129 0.005324 0.000000
8.475484 -2.560006 0.003846 0.000000
-22.281914 -2.973558 -0.011513 0.000000
-10.913857 -3.314516 -0.000921 0.000000
-20.884463 -3.786454 -0.010645 0.000000
22.426568 -3.161056 0.015462 0.000000
11.276091 -2.873757 0.004171 0.000000
33.531752 -1.978664 0.021733 0.000000
7.499438 -2.679124 0.005403 0.000000
13.579238 -2.339698 0.011321 0.000000
-7.345819 -3.086659 0.005057 0.000000
17.512896 -1.454666 0.001655 0.000000
4.548821 -2.724479 0.008230 0.000000
6.011031 -2.493600 0.006164 0.000000
9.857054 -1.986121 0.003538 0.000000
25.607981 0.140565 0.004102 0.000000
4.730578 -2.516371 0.007814 0.000000
-8.219502 -2.380200 -0.000008 0.000000
-4.870176 -2.551110 0.007667 0.000000
-3.838801 -2.617436 0.009751 0.000000
-9.020726 -1.984439 -0.000874 0.000000
-6.090641 -2.595900 0.005854 0.000000
-13.991161 -1.671878 -0.005343 0.000000
-5.796229 -2.623787 0.006468 0.000000
-30.844171 -0.615255 -0.016911 0.000000
-12.416637 -2.286849 -0.004104 0.000000
-7.740875 -2.631440 0.004817 0.000000
-5.430964 -2.962173 0.007057 0.000000
-25.174437 -2.005777 -0.013354 0.000000
-11.423340 -2.777339 -0.003285 0.000000
-3.180680 -1.124196 0.009605 0.000000
-4.264975 -0.291256 0.006491 0.000000
-3.578295 -0.946499 0.008475 0.000000
-4.057487 -0.762199 0.007423 0.000000
-3.443785 -0.316132 0.007737 0.000000
-7.543718 -0.036083 0.724405 0.000000
-6.179837 -0.042902 0.823151 0.000000
-8.355199 -0.033106 0.876804 0.000000
-6.940050 -0.038411 1.334487 0.000000
-8.714770 -0.031467 1.185288 0.000000
-8.577300 -0.032149 1.244673 0.000000
-5.945241 -0.043875 0.766839 0.000000
-9.346691 -0.029735 1.231938 0.000000
2.158953 -1.524076 0.090765 0.000000
3.485809 -0.659665 0.008371 0.000000
4.026317 -0.295620 0.006633 0.000000
7.892297 -0.034259 1.133121 0.000000
9.307388 -0.028230 2.675075 0.000000
8.910451 -0.030292 2.080365 0.000000
8.861817 -0.029749 2.422687 0.000000
8.326868 -0.032550 1.314861 0.000000
8.496805 -0.031780 1.866345 0.000000
8.455856 -0.031244 2.194590 0.000000
9.364849 -0.028779 2.317315 0.000000
8.194059 -0.032538 1.840514 0.000000
7.416452 -0.036198 1.023802 0.000000
7.756146 -0.034742 1.488445 0.000000
7.127666 -0.037630 0.819112 0.000000
-8.579980 -0.030825 2.108926 0.000000
-9.676463 -0.028333 1.575372 0.000000
-8.983357 -0.029340 2.328055 0.000000
9.870911 -0.027429 2.356561 0.000000
9.852024 -0.026854 2.641158 0.000000
9.325073 -0.029098 1.739881 0.000000
5.649737 -0.045785 0.239855 0.000000
5.828692 -0.044569 0.526596 0.000000
4.004409 -0.596026 0.007047 0.000000
7.281676 -0.036674 1.383433 0.000000
6.812602 -0.039103 0.748820 0.000000
6.967949 -0.038215 1.008981 0.000000
6.280364 -0.041962 0.511280 0.000000
7.643174 -0.033832 2.615477 0.000000
7.597468 -0.034092 2.490504 0.000000
7.069589 -0.036304 2.390230 0.000000
6.616149 -0.039183 1.662426 0.000000
6.899137 -0.036848 2.370604 0.000000
6.573103 -0.039054 1.877161 0.000000
8.717789 -0.027930 4.110517 0.000000
9.800800 -0.025278 4.431487 0.000000
9.775239 -0.026122 3.543055 0.000000
9.245778 -0.027084 4.048301 0.000000
9.179308 -0.026269 4.463949 0.000000
8.899313 -0.028797 3.433549 0.000000
8.742344 -0.029557 2.911094 0.000000
8.294195 -0.031259 2.641428 0.000000
6.330329 -0.040817 1.503492 0.000000
6.367173 -0.040244 1.778349 0.000000
5.810295 -0.044058 1.220708 0.000000
6.159211 -0.041689 1.504345 0.000000
5.572673 -0.045663 1.094547 0.000000
4.903452 -0.965699 0.006239 0.000000
5.159046 -0.959085 0.006376 0.000000
4.192863 -1.275767 0.007712 0.000000
6.356695 -0.494721 0.004448 0.000000
7.267587 -0.037646 0.038168 0.000000
7.532728 -0.036133 0.350041 0.000000
7.172751 -0.037713 0.236680 0.000000
2.949129 -1.648109 0.011036 0.000000
3.954548 -1.335562 0.008186 0.000000
5.855906 -0.499846 0.004857 0.000000
6.632321 -0.040457 0.058516 0.000000
3.319176 -1.535203 0.009813 0.000000
-9.439161 -0.029106 1.013336 0.000000
9.487445 -0.029367 0.347390 0.000000
8.874584 -0.031434 0.293163 0.000000
8.985842 -0.030887 0.499131 0.000000
4.597205 -0.943970 0.006612 0.000000
8.590831 -0.032307 0.069629 0.000000
8.490960 -0.032548 0.352666 0.000000
6.804295 -0.459088 0.004669 0.000000
7.919535 -0.035023 0.047167 0.000000
-2.778686 -1.292346 0.011005 0.000000
-3.627884 -1.109492 0.008476 0.000000
-3.113144 -1.525183 0.010488 0.000000
-4.209327 -0.679883 0.007072 0.000000
-7.774459 -0.035554 0.400376 0.000000
-7.480862 -0.036859 0.044789 0.000000
-6.145249 -0.906763 0.004849 0.000000
-8.590557 -0.080060 0.003228 0.000000
-8.318829 -0.272495 -0.000396 0.000000
-8.336986 -0.033502 0.282134 0.000000
-8.827668 -0.031619 0.383750 0.000000
-9.684153 -0.029308 0.191046 0.000000
-8.003737 -0.034498 0.752230 0.000000
-8.754062 -0.031483 0.547904 0.000000
-30.452762 5.761686 -0.017204 0.000000
-8.541187 -0.032126 0.685680 0.000000
-4.902417 -0.628395 0.006122 0.000000
-3.530878 -1.311465 0.009150 0.000000
-5.144333 -0.540846 0.005738 0.000000
-4.188614 -1.089968 0.007630 0.000000
-3.254042 -1.715995 0.010397 0.000000
-4.931994 -1.052069 0.006510 0.000000
-6.709495 -0.040370 0.080149 0.000000
6.788917 -0.039291 0.682728 0.000000
6.282982 -0.393151 0.004381 0.000000
8.341168 -0.032932 1.002429 0.000000
9.653533 -0.028648 1.661341 0.000000
8.919822 -0.030249 1.728548 0.000000
8.497854 -0.031758 1.528471 0.000000
8.799907 -0.031566 1.224221 0.000000
8.109473 -0.033251 1.345633 0.000000
9.758887 -0.028839 0.900352 0.000000
7.749945 -0.034732 1.178058 0.000000
9.014225 -0.030772 0.685168 0.000000
7.986814 -0.034373 0.887913 0.000000
7.266422 -0.037284 0.827248 0.000000
8.774885 -0.031181 0.792745 0.000000
4.212397 -0.285091 0.006841 0.000000
3.169354 -0.935618 0.009354 0.000000
4.680076 -0.712402 0.006672 0.000000
4.847720 -0.576696 0.006097 0.000000
3.816991 -0.842542 0.007821 0.000000
4.805565 -0.390596 0.006399 0.000000
2.772185 -1.418870 0.011337 0.000000
3.257105 -1.080639 0.009246 0.000000
4.069165 -0.692122 0.007074 0.000000
9.379500 -0.028727 1.948539 0.000000
-7.071815 -1.049434 0.004554 0.000000
-12.976146 0.721827 -0.003724 0.000000
-6.581532 -1.080322 0.004577 0.000000
-28.526795 4.692343 -0.013426 0.000000
-9.149108 -0.487964 -0.000525 0.000000
-15.001598 0.849185 -0.005171 0.000000
-4.634946 -1.697520 0.007506 0.000000
-10.366455 -0.498461 -0.001625 0.000000
-5.810440 -1.472685 0.005865 0.000000
-18.675701 1.160501 -0.007601 0.000000
-12.416274 -0.458998 -0.003295 0.000000
-26.848924 1.981747 -0.012548 0.000000
9.883542 -0.027189 2.191372 0.000000
-4.850212 -1.256399 0.006570 0.000000
-6.068411 -1.089059 0.005280 0.000000
-8.231255 -0.557454 0.002902 0.000000
-7.870385 -0.034004 1.919984 0.000000
-8.252450 -0.032440 2.113309 0.000000
-8.145540 -0.033160 1.692727 0.000000
-8.759028 -0.030639 2.428327 0.000000
-8.667553 -0.030863 2.325944 0.000000
-9.264820 -0.028141 2.978189 0.000000
-9.120587 -0.029276 2.560510 0.000000
-9.006798 -0.029958 2.111730 0.000000
-9.647338 -0.027148 3.120859 0.000000
-9.424447 -0.027559 2.760807 0.000000
-9.497957 -0.028341 2.355052 0.000000
-7.091555 -0.036794 1.781380 0.000000
-7.265376 -0.036560 1.571734 0.000000
-2.888416 -0.688556 0.009363 0.000000
-3.486983 -0.596770 0.008045 0.000000
-6.073758 -0.043761 0.118743 0.000000
-6.827016 -0.039681 0.353011 0.000000
-5.149713 -0.615218 0.005895 0.000000
-5.094315 -0.305113 0.005608 0.000000
-9.682150 -0.028273 1.351796 0.000000
-7.815175 -0.035455 0.082450 0.000000
-8.648265 -0.031653 0.981364 0.000000
-8.409499 -0.033191 0.552607 0.000000
-9.229840 -0.030166 1.042277 0.000000
-9.055557 -0.030869 0.737064 0.000000
-8.190482 -0.033924 0.529428 0.000000
-9.550533 -0.029113 0.565923 0.000000
9.410157 -0.027086 3.587227 0.000000
-7.528824 -0.036421 0.589321 0.000000
-7.391538 -0.037172 0.283488 0.000000
-5.146803 -0.826226 0.005793 0.000000
-6.514062 -0.380508 0.004146 0.000000
-7.618754 -0.036251 0.318891 0.000000
3.118339 -0.395060 0.008315 0.000000
2.782565 -0.899143 0.010134 0.000000
9.020654 -0.029732 2.090687 0.000000
7.998733 -0.032502 2.459152 0.000000
6.925028 -0.037523 1.836632 0.000000
7.169518 -0.036733 1.608531 0.000000
-3.401596 -2.978657 0.011179 0.000000
-4.058056 -2.816329 0.009340 0.000000
-7.251471 -2.779787 0.005017 0.000000
-10.789618 -2.823559 -0.002709 0.000000
18.862580 -1.324079 0.001294 0.000000
6.749241 -2.555870 0.005149 0.000000
10.288988 -1.959814 0.003368 0.000000
22.626075 -0.129133 0.014137 0.000000
7.147170 -2.145321 0.005026 0.000000
11.650061 -1.261226 0.002006 0.000000
29.334115 1.847800 0.017431 0.000000
9.540592 -2.237201 0.004172 0.000000
7.615163 -1.607137 0.004150 0.000000
13.471778 -0.563848 0.001731 0.000000
5.888776 -1.894318 0.006241 0.000000
8.713813 -1.302324 0.003863 0.000000
3.671870 -2.353924 0.009856 0.000000
-7.684779 -3.569875 0.006697 0.000000
-6.569746 -3.158578 0.005916 0.000000
-4.506623 -3.046835 0.008518 0.000000
-19.860874 -3.009283 -0.009843 0.000000
-8.989755 -3.157653 -0.000948 0.000000
-5.706647 -3.359186 0.006863 0.000000
-14.684744 -3.514709 -0.006088 0.000000
-39.594916 -5.082544 -0.022972 0.000000
-11.781431 -3.844736 -0.003731 0.000000
-6.842022 -3.724136 0.006080 0.000000
-24.304697 -5.187514 -0.013134 0.000000
-9.926745 -4.098218 -0.002045 0.000000
-17.837464 -5.314474 -0.008675 0.000000
16.885908 -2.029634 0.001411 0.000000
6.911149 -2.306615 0.005207 0.000000
-4.720143 -3.325878 0.008057 0.000000
-3.481630 -3.231103 0.011001 0.000000
-9.855865 -3.382025 -0.001873 0.000000
8.539413 -3.585059 0.005193 0.000000
17.890236 -3.439644 0.003597 0.000000
6.186330 -3.076571 0.006242 0.000000
10.053894 -3.062710 0.004587 0.000000
26.186354 -2.627333 0.017546 0.000000
6.961766 -2.915379 0.005987 0.000000
12.573611 -2.570831 0.003829 0.000000
13.433418 -3.899553 0.003722 0.000000
8.190451 -2.456286 0.004510 0.000000
16.290087 -1.992937 0.002772 0.000000
9.648446 -2.093611 0.004086 0.000000
-16.727481 -3.939264 -0.007692 0.000000
-8.136018 -3.633712 -0.000053 0.000000
-12.485039 -4.197122 -0.004385 0.000000
-26.660502 -6.038662 -0.014796 0.000000
-9.951432 -4.368476 -0.002113 0.000000
-6.014469 -3.888340 0.006855 0.000000
-17.640844 -5.756883 -0.008590 0.000000
-8.242412 -4.494450 -0.000336 0.000000
-13.107789 -5.631878 -0.005112 0.000000
-31.928119 -10.038946 -0.018684 0.000000
34.926710 -6.016725 0.022076 0.000000
-4.330467 -2.450446 0.008379 0.000000
-3.805783 -2.252526 0.009557 0.000000
-6.662969 -1.808193 0.005205 0.000000
-4.729186 -2.375229 0.007923 0.000000
-9.474909 -1.633985 -0.000792 0.000000
-5.966443 -2.036212 0.005749 0.000000
-5.223440 -2.128895 0.006907 0.000000
-15.855567 -0.977037 -0.005793 0.000000
-7.969612 -2.036620 0.004619 0.000000
-5.337103 -2.411928 0.006690 0.000000
-11.923841 -1.762302 -0.002919 0.000000
-6.928295 -2.351767 0.004957 0.000000
-2.769545 -2.332468 0.013038 0.000000
-24.314079 -0.895452 -0.011157 0.000000
8.190064 -0.033661 0.030152 0.000000
5.085370 -1.156064 0.006648 0.000000
7.031362 -0.331548 0.003497 0.000000
5.411367 -0.929906 0.006068 0.000000
4.455609 -1.010038 0.007255 0.000000
9.657404 -0.029106 0.425394 0.000000
-9.703547 -2.242064 -0.001010 0.000000
-16.786232 -1.990834 -0.006460 0.000000
-8.269485 -2.594220 0.004079 0.000000
-13.126314 -2.583275 -0.003883 0.000000
-31.068459 -2.595325 -0.015198 0.000000
15.754678 0.464562 0.011182 0.000000
9.190766 -0.989496 0.002998 0.000000
15.248074 0.887383 0.002384 0.000000
6.551594 -1.300001 0.005732 0.000000
9.105945 -0.507921 0.003991 0.000000
9.897385 -0.029046 0.114677 0.000000
9.119912 -0.030591 0.210792 0.000000
4.845591 -1.799237 0.007167 0.000000
6.449078 -1.179544 0.005398 0.000000
8.605295 -0.032190 0.158211 0.000000
-2.314632 -2.386419 0.015365 0.000000
3.762783 -1.238420 0.008300 0.000000
3.009561 -1.489928 0.010574 0.000000
2.776323 -1.725311 0.011920 0.000000
6.211633 -1.572372 0.005468 0.000000
2.906519 -2.213558 0.012085 0.000000
-1.901979 -0.516597 0.088632 0.000000
1.776158 -0.729835 0.089487 0.000000
1.937109 -0.292230 0.087793 0.000000
1.802161 -0.495387 0.088573 0.000000
-6.467626 -0.038316 2.728623 0.000000
-7.150868 -0.035298 3.014716 0.000000
-7.298149 -0.033143 3.603168 0.000000
-7.202104 -0.034132 3.330978 0.000000
7.489688 -0.026541 6.558815 0.000000
8.407137 -0.023666 7.012952 0.000000
8.111766 -0.025027 6.601718 0.000000
7.755375 -0.026746 6.250932 0.000000
8.700442 -0.023425 6.919585 0.000000
7.557988 -0.027769 5.807411 0.000000
6.444546 -0.032331 5.188141 0.000000
8.365415 -0.024801 6.498105 0.000000
6.248721 -0.033657 4.919594 0.000000
8.140163 -0.026258 6.089700 0.000000
6.961432 -0.030191 5.389466 0.000000
6.082856 -0.035561 4.472807 0.000000
8.941916 -0.023653 6.507857 0.000000
7.793599 -0.027757 5.708498 0.000000
5.881806 -0.036970 4.237954 0.000000
-8.790412 -0.025833 5.152514 0.000000
-7.822734 -0.030563 4.388399 0.000000
-7.850931 -0.030520 3.917022 0.000000
-8.094154 -0.030829 3.286361 0.000000
-8.060354 -0.028817 4.509207 0.000000
-8.221157 -0.029538 4.115040 0.000000
-8.423163 -0.028605 3.976569 0.000000
-8.912752 -0.027560 3.870673 0.000000
-8.965297 -0.025940 4.838450 0.000000
-9.263186 -0.026633 4.599026 0.000000
-9.699874 -0.025200 4.962654 0.000000
-9.509430 -0.024103 5.926022 0.000000
-9.819456 -0.022746 5.548063 0.000000
-9.851254 -0.023440 6.244555 0.000000
8.558795 -0.022384 7.711082 0.000000
8.193322 -0.023883 7.221753 0.000000
-3.103446 -0.341558 0.008254 0.000000
-2.961758 -0.442485 0.008771 0.000000
-5.459953 -0.047042 0.983734 0.000000
-3.222534 -0.309324 0.007964 0.000000
-6.834913 -0.039159 1.148388 0.000000
-7.662847 -0.034304 2.201203 0.000000
-7.405726 -0.035230 1.956628 0.000000
-7.801905 -0.033948 2.179493 0.000000
-6.701492 -0.039157 1.340637 0.000000
-8.163220 -0.032436 2.374077 0.000000
-8.554750 -0.030912 2.587441 0.000000
-8.828748 -0.029668 2.717604 0.000000
-5.875478 -0.044214 1.185302 0.000000
-8.854107 -0.030462 2.091408 0.000000
-6.798014 -0.038348 1.620173 0.000000
-6.600876 -0.039915 1.587281 0.000000
5.951919 -0.040816 2.664865 0.000000
6.628220 -0.036487 3.249374 0.000000
9.012755 -0.027346 4.253594 0.000000
8.060202 -0.029968 3.967668 0.000000
7.131336 -0.033728 3.552951 0.000000
7.260335 -0.034102 3.273361 0.000000
7.571104 -0.032212 3.692125 0.000000
-9.420039 -0.027543 3.560826 0.000000
-9.447108 -0.027826 3.080811 0.000000
-9.206350 -0.029058 2.263892 0.000000
-9.840879 -0.026726 3.399890 0.000000
-9.896156 -0.026334 2.831694 0.000000
9.467422 -0.023998 5.774789 0.000000
8.808316 -0.026142 5.264654 0.000000
8.426533 -0.027640 4.900195 0.000000
8.844123 -0.026641 4.824049 0.000000
8.417312 -0.025491 6.085650 0.000000
9.889822 -0.023821 5.238797 0.000000
8.462915 -0.028374 4.426173 0.000000
7.599755 -0.031546 4.018086 0.000000
9.266472 -0.025718 4.942438 0.000000
8.127414 -0.029085 4.367361 0.000000
-9.283407 3.560328 4.939958 0.000000
-5.899387 -0.038975 3.528976 0.000000
-6.083294 -0.037648 3.726118 0.000000
3.785953 0.028657 2.557735 0.000000
4.874253 -0.041267 4.161493 0.000000
-9.625010 -0.022011 6.956073 0.000000
-8.081340 -0.025848 6.024563 0.000000
-7.946380 -0.025041 6.572881 0.000000
-8.063958 -0.024257 6.802462 0.000000
-8.347213 -0.022934 7.211278 0.000000
-7.919048 -0.023650 7.475773 0.000000
-8.646979 -0.021608 7.652119 0.000000
6.169976 -0.026348 7.681527 0.000000
5.829213 -0.028281 7.315651 0.000000
5.703459 -0.028668 7.124714 0.000000
-7.142854 -0.030995 4.927534 0.000000
-6.638121 -0.033783 4.241389 0.000000
-6.906453 -0.033167 4.133779 0.000000
-6.533613 -0.030882 5.489750 0.000000
-6.911249 -0.030458 5.261955 0.000000
-7.231948 -0.030073 5.036064 0.000000
-7.841648 -0.028450 4.971333 0.000000
-7.398358 -0.027760 5.869010 0.000000
6.102255 -0.032848 5.365935 0.000000
4.291410 -0.042626 4.443372 0.000000
5.596569 -0.036142 4.849475 0.000000
5.288409 -0.037301 4.794895 0.000000
5.984197 -0.034590 4.890750 0.000000
7.476658 -0.024213 7.627937 0.000000
7.248991 -0.025457 7.237396 0.000000
7.033640 -0.026695 6.873246 0.000000
6.827747 -0.027939 6.530231 0.000000
7.226958 -0.029903 5.340867 0.000000
6.560604 -0.033156 4.736094 0.000000
7.936600 -0.027839 5.367512 0.000000
6.899016 -0.032197 4.745937 0.000000
-0.373136 -0.480410 0.090823 0.000000
-0.554443 -0.421362 0.090408 0.000000
-0.138143 -0.602022 0.091553 0.000000
-0.373132 -0.934034 0.093481 0.000000
-0.895113 -0.229850 0.089385 0.000000
0.381150 -0.378685 0.090342 0.000000
0.592598 0.831156 0.008078 0.000000
0.080976 -0.588213 0.091487 0.000000
0.772720 1.237905 0.007267 0.000000
0.666560 0.776594 0.008236 0.000000
0.845482 1.530297 0.006252 0.000000
6.124647 -0.989469 0.005634 0.000000
4.721739 -1.367391 0.006992 0.000000
6.318794 -0.511648 -0.000038 0.000000
3.920322 -1.564385 0.008515 0.000000
6.646821 -0.105565 -0.000947 0.000000
2.745433 -1.985109 0.012342 0.000000
-2.494166 -2.362933 0.014411 0.000000
14.005120 0.691322 -0.000610 0.000000
-23.356741 -0.143548 0.009804 0.000000
-9.254515 -1.887242 0.003226 0.000000
-5.886549 -2.328882 0.006393 0.000000
-15.602789 -1.436415 0.001327 0.000000
-7.903867 -2.236392 0.004101 0.000000
-12.124218 -2.013079 0.001886 0.000000
-26.049719 -1.583831 0.012359 0.000000
38.290670 6.537936 -0.026987 0.000000
-11.613572 -1.345197 0.002037 0.000000
32.760770 6.514531 -0.024164 0.000000
9.273061 -0.030407 0.460995 0.000000
8.785522 -0.031833 0.558809 0.000000
8.363054 -0.033296 0.412091 0.000000
8.489713 -0.187134 -0.002737 0.000000
8.332820 -0.033495 0.172316 0.000000
-6.747545 -1.790949 0.004985 0.000000
-5.293170 -1.906490 0.006531 0.000000
-9.538207 -1.224909 0.003191 0.000000
-16.199901 -0.559450 0.000826 0.000000
-7.783987 -1.606007 0.004360 0.000000
-5.008447 -2.350859 0.007343 0.000000
5.134433 -1.422968 0.006491 0.000000
8.031158 -1.376809 -0.000952 0.000000
19.889584 -1.276072 -0.009473 0.000000
10.553636 -1.842077 -0.002032 0.000000
21.415877 -0.308374 -0.011308 0.000000
11.144259 -1.390185 -0.003691 0.000000
24.649624 1.051312 -0.014447 0.000000
7.471145 -1.755186 0.004751 0.000000
12.165545 -0.772130 -0.005096 0.000000
31.111055 3.306030 -0.001188 0.000000
5.497809 -1.885024 0.006386 0.000000
13.863345 0.070660 -0.007144 0.000000
4.547795 -2.168206 0.007790 0.000000
8.870517 -0.867914 -0.002329 0.000000
-4.748564 -0.307691 0.005796 0.000000
-4.432897 -0.597411 0.006661 0.000000
-5.268301 -0.237297 0.005329 0.000000
-3.824049 -0.736856 0.007730 0.000000
-9.525555 -0.029021 1.605025 0.000000
-9.139631 -0.029972 1.156396 0.000000
-8.881568 -0.031032 0.751490 0.000000
9.428549 -0.027766 3.171916 0.000000
8.484355 -0.030372 2.987012 0.000000
-4.323066 -0.846054 0.006930 0.000000
-5.330740 -0.463246 0.005302 0.000000
-6.994941 -0.038772 0.593420 0.000000
-8.072986 -0.034037 1.004915 0.000000
8.148033 -0.031549 2.773523 0.000000
7.204025 -0.035279 2.567185 0.000000
9.529128 -0.027342 2.960975 0.000000
8.420514 -0.030802 2.709614 0.000000
8.010045 -0.033077 2.278554 0.000000
6.615134 -0.038404 2.189448 0.000000
8.468971 -0.031289 2.394615 0.000000
8.143313 -0.032303 2.183458 0.000000
7.756023 -0.033933 1.970859 0.000000
-3.716507 -1.497471 0.008949 0.000000
-4.593280 -1.380031 0.007235 0.000000
-5.639928 -0.922862 0.005427 0.000000
-7.461423 -0.204598 0.003414 0.000000
-4.125869 -1.557171 0.008035 0.000000
-7.860709 -0.511707 0.003436 0.000000
9.093235 -0.030194 1.165133 0.000000
7.494142 -0.035953 0.968620 0.000000
-24.368667 3.918779 0.006139 0.000000
-8.521110 -0.453400 0.003472 0.000000
-5.218579 -1.451011 0.006450 0.000000
-13.590557 0.658006 0.001260 0.000000
-6.712717 -1.138101 0.004790 0.000000
-31.776969 5.001965 0.008261 0.000000
-9.559087 -0.574167 0.002938 0.000000
-16.220924 0.802097 0.000761 0.000000
9.481981 -0.028218 2.329159 0.000000
9.503743 -0.028613 1.947244 0.000000
9.889304 -0.027421 1.711930 0.000000
9.329905 -0.029852 1.432585 0.000000
8.239443 -0.024024 7.169749 0.000000
-7.957236 -0.022493 7.788800 0.000000
6.712554 -0.025913 7.563072 0.000000
8.757166 -0.022699 7.442681 0.000000
7.034544 -0.026096 7.267341 0.000000
6.140650 -0.029770 6.489468 0.000000
-9.051070 -0.022241 7.413218 0.000000
-8.168748 -0.025898 6.244621 0.000000
-8.297564 -0.024633 6.784187 0.000000
-5.506291 -0.036557 4.706438 0.000000
-8.685617 -0.023934 7.042323 0.000000
-6.144417 -0.031156 5.787320 0.000000
5.216197 -0.040182 4.051084 0.000000
6.979205 -0.029339 5.829150 0.000000
6.596825 -0.031396 5.395190 0.000000
6.062023 -0.034980 4.667845 0.000000
5.883973 -0.036300 4.431519 0.000000
-1.004560 12.240548 -0.003809 0.000000
-1.091391 9.649863 0.000693 0.000000
1.089968 8.469950 0.384905 0.000000
1.091505 10.730399 0.338622 0.000000
1.093015 14.065251 0.274451 0.000000
1.091488 9.147229 0.598806 0.000000
1.096149 19.438647 0.209365 0.000000
2.006372 7.751845 0.553422 0.000000
-1.096586 23.520064 0.035305 0.000000
0.230784 35.719868 0.007080 0.000000
1.106407 29.775265 0.019167 0.000000
-1.109521 15.365176 0.295254 0.000000
-1.124988 29.394997 0.111389 0.000000
-0.315661 35.337657 -0.030599 0.000000
0.546126 25.527384 -0.009202 0.000000
-1.092421 11.408157 0.324223 0.000000
-1.094413 18.823986 0.283670 0.000000
-0.970880 30.301381 -0.012764 0.000000
0.007132 20.540539 -0.017878 0.000000
-1.091083 9.107158 0.503597 0.000000
-1.093759 13.562028 0.242470 0.000000
-0.753424 35.719859 0.007707 0.000000
-0.337553 17.323411 -0.014854 0.000000
-1.192754 7.750654 0.499851 0.000000
-1.092095 10.311628 0.304542 0.000000
-1.094837 15.988048 0.132943 0.000000
-0.691488 15.083301 -0.005415 0.000000
-1.090712 8.066582 0.332467 0.000000
-1.093164 11.778133 0.191084 0.000000
-0.943024 13.481888 -0.004559 0.000000
1.096621 34.904492 0.213309 0.000000
1.092744 11.794019 0.573618 0.000000
1.106405 29.569383 0.266873 0.000000
1.090806 9.724470 0.557881 0.000000
0.653974 35.720027 0.375817 0.000000
1.096467 21.613589 0.320097 0.000000
1.092229 12.596281 0.352186 0.000000
1.090565 8.314376 0.544876 0.000000
0.023254 35.719954 0.260178 0.000000
1.095162 16.811550 0.386289 0.000000
1.091676 10.513425 0.239371 0.000000
-0.427917 35.720035 0.389372 0.000000
0.495231 35.720010 0.384142 0.000000
1.096561 24.896167 0.267280 0.000000
1.094176 13.771845 0.259299 0.000000
-1.041870 35.720029 0.316071 0.000000
-0.031170 35.719899 0.115268 0.000000
0.837250 35.719925 0.054820 0.000000
1.094849 19.033685 0.209245 0.000000
-1.088110 22.064810 0.329857 0.000000
-4.130651 -0.036350 2.559209 0.000000
-6.988071 -0.031178 4.822455 0.000000
-7.504021 -0.028982 5.403961 0.000000
-7.726941 -0.026794 5.984965 0.000000
-8.832219 -0.028814 3.133927 0.000000
-8.199924 -0.031703 2.435613 0.000000
-9.161450 -0.028508 2.618690 0.000000
-8.423807 -0.030370 2.889018 0.000000
-9.577882 -0.026468 3.228275 0.000000
-9.736867 -0.026059 3.868443 0.000000
-9.223612 -0.026895 4.053450 0.000000
-7.742767 -0.033656 2.147496 0.000000
-2.143456 -0.306360 0.087677 0.000000
6.572123 -0.036029 3.551166 0.000000
8.712545 -0.026258 5.373037 0.000000
8.395620 -0.026375 5.511689 0.000000
8.240918 -0.028012 4.819098 0.000000
7.873352 -0.029622 4.473619 0.000000
7.352409 -0.030371 4.967698 0.000000
7.216693 -0.032816 3.869422 0.000000
-6.699187 -0.036925 2.915476 0.000000
-7.793979 -0.032210 3.499589 0.000000
-9.566372 -0.023633 5.600754 0.000000
-7.379959 -0.031016 4.613315 0.000000
-8.552747 -0.027478 5.201215 0.000000
-8.918634 -0.025777 5.665055 0.000000
-7.942475 -0.028244 5.222466 0.000000
-9.327006 -0.024320 6.088074 0.000000
-9.811936 -0.021579 6.437481 0.000000
-7.167649 -0.031701 4.397710 0.000000
-9.894524 -0.020348 7.243990 0.000000
9.428214 -0.021645 7.441084 0.000000
9.431159 -0.022016 6.927682 0.000000
9.119184 -0.022631 6.858536 0.000000
9.557488 -0.023092 6.090695 0.000000
9.054760 -0.023810 6.229442 0.000000
9.580117 -0.024296 5.430158 0.000000
9.153807 -0.024689 5.779180 0.000000
8.731053 -0.025332 5.906139 0.000000
-9.221201 -0.025495 4.820245 0.000000
-7.315480 -0.032533 4.010170 0.000000
-8.234374 -0.028358 4.726677 0.000000
-9.686835 -0.023905 5.219252 0.000000
-7.552259 -0.031578 4.302567 0.000000
-8.673798 -0.027449 4.820489 0.000000
-7.859516 -0.030131 4.601090 0.000000
-9.155815 -0.025081 5.214647 0.000000
-4.750452 -0.025999 5.133737 0.000000
-5.374293 -0.035214 5.257495 0.000000
-6.616300 -0.030618 5.529190 0.000000
-4.921606 -0.036513 5.315671 0.000000
-5.497583 -0.034090 5.474292 0.000000
-4.890465 -0.036435 5.467045 0.000000
-5.413117 -0.033387 5.763064 0.000000
-7.027520 -0.028029 6.140598 0.000000
-4.971887 -0.035496 5.653541 0.000000
-5.054937 -0.034557 5.847796 0.000000
-5.785121 -0.031570 6.153028 0.000000
-6.577201 -0.027925 6.576085 0.000000
-5.139688 -0.033618 6.050263 0.000000
-5.906821 -0.030521 6.407575 0.000000
-4.367214 -0.042812 4.315350 0.000000
-4.453520 -0.041772 4.463512 0.000000
-4.542084 -0.040728 4.618481 0.000000
-4.491544 -0.039519 4.948374 0.000000
-5.138211 -0.037464 4.855145 0.000000
-4.726599 -0.038627 4.950877 0.000000
5.412518 -0.028935 7.255819 0.000000
3.680333 -0.041672 5.143937 0.000000
-5.682383 -0.028013 7.464952 0.000000
-5.226383 -0.032674 6.262941 0.000000
-6.176606 -0.028452 6.750052 0.000000
-6.890977 -0.025772 7.175301 0.000000
-5.314173 -0.031739 6.483028 0.000000
-6.157847 -0.028442 6.953225 0.000000
-7.055938 -0.024699 7.499221 0.000000
-5.582125 -0.030093 6.655825 0.000000
-6.287677 -0.027412 7.245967 0.000000
-5.494567 -0.029874 6.952360 0.000000
-5.675791 -0.028050 7.334619 0.000000
4.114932 -0.035437 6.285061 0.000000
5.751086 -0.026957 7.713062 0.000000
-3.220820 -0.058823 2.610640 0.000000
-3.891317 -0.048961 3.547910 0.000000
-4.120864 -0.045906 3.907498 0.000000
4.919695 -0.035501 5.637161 0.000000
-3.746413 -0.050975 3.331073 0.000000
3.423754 1.183495 3.299176 0.000000
1.770873 -0.079310 1.621979 0.000000
3.059087 -0.053175 3.639259 0.000000
7.276575 3.525283 4.934782 0.000000
2.023839 7.751663 0.251084 0.000000
-0.415827 20.741773 -0.019909 0.000000
0.615283 18.176346 -0.008694 0.000000
1.094602 17.780859 0.378419 0.000000
1.092201 12.302184 0.544760 0.000000
1.090385 9.163532 0.791752 0.000000
0.246006 18.446334 -0.007142 0.000000
1.106828 26.787267 0.234008 0.000000
1.093577 16.228839 0.528893 0.000000
1.091703 11.275906 0.664219 0.000000
-0.119960 19.294571 -0.007571 0.000000
1.105269 23.349983 0.589447 0.000000
1.153849 15.365339 0.665864 0.000000
0.136094 35.719850 0.019503 0.000000
1.062101 35.720187 0.753091 0.000000
1.095629 20.029831 0.925789 0.000000
-0.881631 22.741803 -0.021664 0.000000
-0.491965 35.719848 0.016557 0.000000
0.527999 35.720036 0.462233 0.000000
1.096490 30.394309 0.852460 0.000000
-1.094201 18.202986 0.114978 0.000000
-1.021678 35.719910 0.135736 0.000000
-0.093201 35.720036 0.452615 0.000000
0.634244 35.720223 0.869264 0.000000
2.072718 7.752132 0.894966 0.000000
1.089853 7.815198 0.169121 0.000000
1.091590 10.131918 0.103312 0.000000
1.089552 7.981542 0.379462 0.000000
1.094092 13.590236 0.148056 0.000000
1.090832 9.899319 0.397425 0.000000
1.048140 17.892979 -0.017694 0.000000
1.092575 12.931452 0.303452 0.000000
-1.093531 12.819426 0.073330 0.000000
-1.091419 9.266771 0.440739 0.000000
-1.678253 6.571542 0.509050 0.000000
-1.633457 6.662741 0.522623 0.000000
-1.090824 8.756568 0.361552 0.000000
-1.095196 21.994589 0.376112 0.000000
-0.713995 35.720058 0.452848 0.000000
0.002739 35.720243 0.891868 0.000000
-1.091451 9.758010 0.213366 0.000000
-1.085494 27.724779 0.466024 0.000000
-0.404014 35.720124 0.770475 0.000000
-1.092233 11.148665 0.289623 0.000000
-1.094591 18.099220 0.589587 0.000000
-1.029025 35.720217 0.785687 0.000000
-1.094111 13.082291 0.533133 0.000000
-1.094968 23.109700 0.435416 0.000000
-1.091678 10.031138 0.445483 0.000000
-1.090131 7.884332 0.450308 0.000000
-1.093313 11.869987 0.524624 0.000000
6.552154 -0.026905 7.263661 0.000000
5.092730 -0.032328 6.406021 0.000000
6.323157 -0.028479 6.825088 0.000000
4.844460 -0.033152 6.344986 0.000000
4.970211 -0.029664 7.414675 0.000000
-5.858759 -0.029217 6.734388 0.000000
-5.380984 -0.031074 6.778929 0.000000
-6.215963 -0.026248 7.728579 0.000000
-5.453563 -0.028207 7.374170 0.000000
5.485270 -0.027972 7.642967 0.000000
5.379332 -0.029040 7.337203 0.000000
6.742835 -0.025631 7.657288 0.000000
4.062656 0.041638 5.130928 0.000000
-6.893188 -0.028139 6.418372 0.000000
-4.638682 -0.037629 5.275856 0.000000
-7.475388 -0.025035 7.534386 0.000000
-6.516874 -0.030600 5.804450 0.000000
3.814038 1.185795 3.282097 0.000000
0.684049 28.750730 2.363019 0.000000
1.093935 13.334952 1.532518 0.000000
-0.632585 35.720923 2.221394 0.000000
0.364711 33.014958 2.358279 0.000000
0.808570 29.172347 2.360409 0.000000
1.093769 17.470320 1.670682 0.000000
-1.113207 29.396062 2.131844 0.000000
-0.222546 33.203454 2.358725 0.000000
0.498587 30.029935 2.361553 0.000000
1.095063 24.892286 2.288326 0.000000
-1.094013 19.091710 1.581453 0.000000
-0.968563 33.323097 2.357607 0.000000
0.175870 31.181743 2.358814 0.000000
1.095658 21.908751 1.809403 0.000000
-1.093013 13.809394 1.212997 0.000000
-1.094707 24.910489 1.888657 0.000000
-0.426496 31.934045 2.358021 0.000000
0.306130 30.120822 2.360022 0.000000
-1.091675 10.616116 1.078477 0.000000
-1.093639 17.075564 1.451005 0.000000
-1.095300 32.405161 2.284677 0.000000
-1.090166 8.460076 1.030395 0.000000
-1.092389 12.652785 1.207812 0.000000
-1.094588 21.980266 1.672016 0.000000
1.093248 12.236903 1.030761 0.000000
1.090983 8.770444 1.067581 0.000000
1.094092 16.445528 1.215329 0.000000
1.091901 10.891566 1.359539 0.000000
1.089656 7.823684 1.055218 0.000000
1.096987 23.555614 1.720160 0.000000
1.094140 14.136491 1.312221 0.000000
-0.740728 33.145979 2.358083 0.000000
1.049144 35.720776 2.097410 0.000000
1.094722 19.089149 1.661380 0.000000
1.089975 8.582013 1.346473 0.000000
0.419224 35.720981 2.301586 0.000000
1.131315 29.395902 2.042881 0.000000
1.095058 15.849735 1.691734 0.000000
1.091296 10.554637 1.455510 0.000000
-0.058839 35.720918 2.239434 0.000000
0.780308 32.754033 2.351551 0.000000
-0.597125 -0.127727 0.614482 0.000000
-1.113838 7.750855 1.003853 0.000000
-1.091220 9.804679 1.022231 0.000000
-1.093408 15.521282 1.310168 0.000000
-1.090740 7.970433 1.007192 0.000000
-1.092671 11.617389 1.051144 0.000000
-1.094206 19.332275 1.473803 0.000000
-1.090602 9.083342 1.065015 0.000000
-1.633259 6.680694 1.021725 0.000000
-1.091248 8.346071 0.934231 0.000000
2.077180 7.752802 1.457464 0.000000
2.032703 7.752908 1.622912 0.000000
1.091683 9.680053 0.954122 0.000000
-2.935383 -0.062614 2.403238 0.000000
-8.791374 3.572039 4.938942 0.000000
-9.710546 -0.025282 4.413797 0.000000
7.479603 -0.031177 4.370674 0.000000
-8.564175 -0.027478 4.503012 0.000000
-9.899290 -0.023518 5.345527 0.000000
-9.382614 -0.025317 5.289043 0.000000
-9.711921 -0.023690 5.703140 0.000000
9.825859 -0.021375 7.093046 0.000000
9.873866 -0.022435 6.415095 0.000000
9.896818 -0.023381 5.658831 0.000000
9.654921 -0.024695 5.113361 0.000000
9.373714 -0.025055 5.204232 0.000000
6.801909 -0.034659 3.775643 0.000000
-7.532322 -0.032024 3.659919 0.000000
-6.686301 -0.035949 3.439729 0.000000
-7.768352 -0.031321 3.811963 0.000000
-8.955639 -0.027549 4.409631 0.000000
5.720718 -0.035055 5.022479 0.000000
7.291174 -0.028405 5.949016 0.000000
6.944777 -0.026736 7.015869 0.000000
8.486948 -0.024036 6.702398 0.000000
7.900209 -0.025489 6.727620 0.000000
7.242366 -0.026418 6.781070 0.000000
6.724570 -0.028073 6.641185 0.000000
7.034552 -0.028172 6.330071 0.000000
7.998744 -0.027307 5.682754 0.000000
7.461858 -0.028602 5.513154 0.000000
8.781850 -0.029286 3.245294 0.000000
9.809130 -0.026262 3.324927 0.000000
9.596327 -0.026209 3.833462 0.000000
9.370492 -0.028125 2.888490 0.000000
9.055123 -0.028416 3.313404 0.000000
8.972643 -0.027792 3.800855 0.000000
8.373124 -0.030839 2.974814 0.000000
8.275288 -0.030485 3.273291 0.000000
7.981585 -0.032151 2.764590 0.000000
-9.627376 -0.026971 2.731946 0.000000
-7.377872 -0.034952 2.274746 0.000000
-8.433663 -0.031075 2.650047 0.000000
-9.566726 -0.026933 2.851555 0.000000
-7.893481 -0.032861 2.657047 0.000000
-8.980881 -0.029376 2.821817 0.000000
-9.317693 -0.027534 3.375237 0.000000
-9.899575 -0.025603 3.420991 0.000000
-9.131526 -0.028062 3.434920 0.000000
-9.767177 -0.025651 3.702602 0.000000
2.900913 -0.443060 0.008788 0.000000
2.782485 -0.222419 0.008782 0.000000
7.433015 -0.025361 7.162991 0.000000
-7.293612 -0.026093 6.680058 0.000000
-6.898105 -0.028488 6.049144 0.000000
-6.284211 -0.030077 6.037416 0.000000
-7.506051 -0.024887 7.027980 0.000000
-4.625524 -0.041829 4.273984 0.000000
6.707301 -0.027344 6.877742 0.000000
7.138035 -0.024671 7.680824 0.000000
6.917671 -0.026008 7.265177 0.000000
5.843288 -0.030802 6.307518 0.000000
-5.127780 -0.034391 5.716562 0.000000
-7.065193 -0.025110 7.676505 0.000000
-5.348017 -0.032245 6.162323 0.000000
-6.403913 -0.026334 7.788326 0.000000
-5.796111 -0.028197 7.192029 0.000000
-5.965667 -0.026830 7.507094 0.000000
-5.804263 -0.026351 7.756087 0.000000
5.171640 -0.028908 7.419022 0.000000
-3.891810 0.787985 2.996025 0.000000
-4.224818 0.104941 2.560161 0.000000
-3.966037 -0.047947 3.662882 0.000000
2.732806 -0.059683 3.003979 0.000000
2.963514 -0.055053 3.443244 0.000000
1.095137 30.181067 2.235380 0.000000
1.094307 16.440553 1.665184 0.000000
-1.096359 30.649836 2.006787 0.000000
-0.341295 33.615741 2.358478 0.000000
0.575690 31.203598 2.361272 0.000000
1.096598 23.061544 2.158630 0.000000
-1.096163 19.905479 1.424814 0.000000
-0.859610 33.940800 2.361441 0.000000
0.105424 32.482978 2.368210 0.000000
0.954410 30.722052 2.362992 0.000000
0.216231 33.389438 2.360825 0.000000
-1.097395 26.295280 1.964364 0.000000
-0.515533 33.517729 2.358145 0.000000
0.592023 32.511746 2.361658 0.000000
-1.058312 34.399520 2.360554 0.000000
-0.011681 34.238515 2.360850 0.000000
-1.093995 13.121506 1.237717 0.000000
-1.095235 22.746265 1.694570 0.000000
1.089621 8.124848 1.276562 0.000000
1.095501 23.080799 1.743266 0.000000
1.092773 13.786531 1.360983 0.000000
1.091402 9.319969 1.381378 0.000000
1.093011 35.720988 2.303616 0.000000
1.094237 18.452311 1.731082 0.000000
1.091957 11.635909 1.275003 0.000000
1.097943 27.161283 2.190497 0.000000
1.091682 9.989789 1.222693 0.000000
1.096926 20.681741 1.852687 0.000000
1.093138 12.492373 1.430263 0.000000
-1.091748 9.252110 0.960811 0.000000
-1.093933 15.971104 1.320176 0.000000
-1.097895 30.685671 1.990839 0.000000
-1.090735 8.040372 1.023211 0.000000
-1.096039 19.693498 1.594754 0.000000
1.094294 16.340051 1.280471 0.000000
-1.094446 14.143338 1.042228 0.000000
-1.091746 10.657281 0.856176 0.000000
1.091122 9.658536 1.143382 0.000000
-0.656824 3.845318 0.002704 0.000000
-1.304157 6.158387 -0.001117 0.000000
-1.433247 6.326647 -0.000022 0.000000
-0.987375 3.694312 0.002852 0.000000
-1.003562 6.176152 -0.001290 0.000000
-1.677677 6.412401 -0.001321 0.000000
-1.111904 3.739081 0.002783 0.000000
-0.411762 6.911593 -0.002273 0.000000
-0.144457 5.455220 -0.000790 0.000000
-1.003891 9.339758 -0.002502 0.000000
-0.578336 6.624257 -0.000108 0.000000
-0.336157 5.179360 -0.004646 0.000000
-1.089667 8.047909 0.148117 0.000000
-0.709075 6.411040 -0.001644 0.000000
-0.414733 4.766026 0.001658 0.000000
-0.855257 6.263468 -0.001435 0.000000
-0.554210 4.230525 0.002613 0.000000
-0.715884 4.007040 0.003064 0.000000
-1.633724 6.715441 0.218281 0.000000
-7.052698 -0.032101 4.424754 0.000000
-8.744465 -0.023012 6.825864 0.000000
-7.573943 -0.026973 6.268481 0.000000
-7.815166 -0.025746 6.615986 0.000000
-8.059607 -0.024400 7.150436 0.000000
-8.310601 -0.025117 6.422648 0.000000
-7.611954 -0.025518 7.008161 0.000000
9.328487 -0.020923 7.707211 0.000000
7.832081 -0.024011 7.585898 0.000000
8.888659 -0.022488 7.179372 0.000000
-8.259385 -0.026106 5.952182 0.000000
-8.611078 -0.024678 6.337957 0.000000
-9.536860 -0.022745 7.016769 0.000000
-0.883935 9.381121 -0.001658 0.000000
6.129431 -0.031362 5.861441 0.000000
5.782934 -0.034045 5.286349 0.000000
8.168625 3.574463 4.937272 0.000000
0.120021 8.379725 -0.000617 0.000000
-0.186315 11.561507 -0.004807 0.000000
0.303405 10.629433 -0.003242 0.000000
0.482950 10.154505 -0.001919 0.000000
0.837069 10.294919 -0.002351 0.000000
-0.274983 11.708780 -0.003824 0.000000
-0.174536 10.194149 -0.002031 0.000000
0.393695 9.173925 -0.001456 0.000000
0.736886 8.728545 -0.000533 0.000000
-0.712807 11.807730 -0.002818 0.000000
-0.233386 9.749117 -0.002690 0.000000
1.091468 9.797223 0.110416 0.000000
-0.907840 12.332858 -0.004354 0.000000
-0.508048 9.402530 -0.001293 0.000000
-0.052704 7.655496 -0.000377 0.000000
0.078578 6.684380 -0.000327 0.000000
-0.730808 9.272664 -0.001275 0.000000
-0.353432 7.397162 -0.000912 0.000000
0.003699 5.995980 -0.001460 0.000000
1.088191 13.273377 -0.005587 0.000000
1.083865 12.911119 -0.003426 0.000000
1.090499 8.247177 0.004837 0.000000
0.997940 12.228021 -0.002613 0.000000
1.091333 10.658576 0.126719 0.000000
0.400984 11.902950 -0.002295 0.000000
0.394377 11.765691 -0.003710 0.000000
0.726689 12.072950 -0.002548 0.000000
1.092239 11.580380 0.075952 0.000000
0.108476 11.542062 -0.003180 0.000000
0.552115 11.358747 -0.003715 0.000000
0.862964 11.597173 -0.003953 0.000000
3.566511 -3.000693 0.010572 0.000000
7.095480 -2.669967 0.005304 0.000000
13.031410 -2.154324 -0.001458 0.000000
8.471152 -2.274363 0.004280 0.000000
28.335779 -1.656564 -0.007847 0.000000
10.075744 -3.644382 0.004775 0.000000
-13.897682 -4.278536 0.007554 0.000000
-5.137270 -3.649826 0.007366 0.000000
-32.902669 -6.627388 0.012941 0.000000
-6.497634 -4.057918 0.006449 0.000000
-21.097304 -6.203251 0.009866 0.000000
-9.172269 -4.670734 0.005060 0.000000
-15.567821 -6.139476 0.004113 0.000000
18.329155 -4.738728 -0.002313 0.000000
29.107798 -4.497749 -0.006398 0.000000
6.829691 -3.354261 0.006159 0.000000
12.890916 -3.427870 -0.000613 0.000000
5.355828 -3.202564 0.007275 0.000000
8.349020 -3.101746 0.004691 0.000000
17.722341 -2.859827 -0.003186 0.000000
4.271540 -3.073100 0.008898 0.000000
6.100266 -2.963205 0.006281 0.000000
10.150538 -2.725367 0.003441 0.000000
-4.020111 -3.429947 0.009619 0.000000
-5.157695 -3.034454 0.007456 0.000000
-4.799439 -2.979831 0.007982 0.000000
-7.476159 -3.080720 0.004785 0.000000
-10.627573 -3.293238 0.004117 0.000000
-6.443590 -3.315115 0.005783 0.000000
-18.742468 -3.989261 0.000831 0.000000
-8.624291 -3.767772 0.004414 0.000000
-5.616837 -3.443390 0.006784 0.000000
-5.108203 -2.443199 0.007251 0.000000
-6.235188 -2.542281 0.005969 0.000000
-4.623823 -2.619719 0.008112 0.000000
-8.566998 -2.205901 0.003789 0.000000
-12.762828 -2.398156 0.002148 0.000000
5.463568 -2.245536 0.006641 0.000000
10.423639 -2.071624 -0.000529 0.000000
30.566219 0.025831 -0.011182 0.000000
7.277684 -2.344688 0.005397 0.000000
13.321578 -1.452234 -0.002735 0.000000
19.493147 -1.755036 -0.005563 0.000000
8.437699 -1.865774 0.004679 0.000000
6.102812 -2.065176 0.006279 0.000000
4.849828 -2.055159 0.007344 0.000000
-17.443648 -3.770295 0.002463 0.000000
-5.231412 -2.814009 0.007261 0.000000
-25.336616 -2.015399 0.009513 0.000000
-11.100443 -2.698639 0.002430 0.000000
-7.065575 -3.070945 0.005473 0.000000
-20.269949 -2.982087 0.008759 0.000000
-10.050262 -3.005378 0.005627 0.000000
-9.363358 -3.412401 0.003745 0.000000
-15.710646 -4.218696 0.002018 0.000000
24.009958 -3.742203 -0.006253 0.000000
39.124977 -2.660560 -0.012727 0.000000
14.518831 -2.723918 -0.000220 0.000000
8.810036 -2.656742 0.004234 0.000000
-8.794303 -2.916787 0.004522 0.000000
-10.475820 -2.680395 0.004503 0.000000
-6.231400 -2.971331 0.006373 0.000000
-18.586246 -2.695649 0.001215 0.000000
-5.609749 -3.161218 0.006910 0.000000
-13.993243 -3.103010 0.003063 0.000000
-7.410683 -3.349111 0.005325 0.000000
-5.168701 -3.349332 0.007547 0.000000
-34.244417 -4.080795 0.011760 0.000000
-11.224976 -3.523466 0.002887 0.000000
-22.178969 -4.480815 0.009073 0.000000
-9.781404 -3.812462 0.003769 0.000000
-18.113482 -4.927122 0.003683 0.000000
-4.186134 -3.204395 0.009206 0.000000
-3.185939 -3.341814 0.011980 0.000000
-12.892594 -3.636324 0.002748 0.000000
-7.003782 -3.477149 0.005854 0.000000
-4.803223 -3.432056 0.008247 0.000000
-3.731382 -3.471055 0.010325 0.000000
-28.127858 -4.991694 0.000066 0.000000
-10.232990 -3.909902 0.003717 0.000000
-5.401515 -3.340196 0.007466 0.000000
-8.483965 -4.102223 0.004605 0.000000
-5.448539 -3.835215 0.007086 0.000000
-13.563550 -5.047788 0.003626 0.000000
-7.225702 -4.246440 0.005451 0.000000
-32.383400 -8.539698 0.000746 0.000000
-10.709075 -5.054815 0.003888 0.000000
-20.228017 -7.314099 0.010338 0.000000
17.944895 -3.795639 -0.002716 0.000000
9.964770 -3.279067 0.003722 0.000000
24.960596 -3.092529 -0.005804 0.000000
6.935440 -3.034139 0.005392 0.000000
-3.675589 -3.178552 0.010432 0.000000
-6.312377 -3.101015 0.005760 0.000000
-2.776808 -3.245491 0.013645 0.000000
-8.402859 -3.280163 0.004686 0.000000
6.767419 -2.340102 0.005700 0.000000
12.019628 -2.822977 -0.000505 0.000000
7.890754 -2.675136 0.005100 0.000000
15.250320 -2.172594 -0.002525 0.000000
5.851140 -2.653685 0.006653 0.000000
9.398897 -2.325179 0.003477 0.000000
21.079105 -1.090703 -0.000165 0.000000
4.640481 -2.641861 0.008232 0.000000
11.365857 -1.738327 -0.000803 0.000000
7.746095 -2.199611 0.005116 0.000000
-2.794317 -1.577138 0.011593 0.000000
-9.879657 -0.028465 0.785476 0.000000
-23.212159 2.674622 0.005979 0.000000
8.214099 -0.034808 -0.000332 0.000000
8.311219 -0.033198 0.269149 0.000000
5.951306 -0.774610 0.004940 0.000000
-5.693176 -1.390258 0.005720 0.000000
-5.892021 -0.780173 0.005284 0.000000
-5.754527 -1.088200 0.005579 0.000000
-7.665810 -0.839960 0.003819 0.000000
-20.551219 2.880506 0.005132 0.000000
-11.577570 0.025668 0.001364 0.000000
-4.027948 -0.402918 0.006974 0.000000
-3.874528 -0.866754 0.007774 0.000000
-4.649892 -0.740682 0.006458 0.000000
-7.327212 -0.037206 0.718212 0.000000
-9.029679 -0.030591 1.415682 0.000000
-8.619291 -0.031684 1.651587 0.000000
-9.716424 -0.027458 1.926666 0.000000
-9.643098 -0.028294 2.109723 0.000000
9.776276 -0.027728 2.231183 0.000000
-8.339562 -0.032900 1.468367 0.000000
8.782856 -0.031349 1.422707 0.000000
-7.182744 -0.037755 0.852504 0.000000
-8.493762 -0.032435 1.170193 0.000000
-9.174029 -0.029906 1.370415 0.000000
-7.938780 -0.034470 1.301150 0.000000
-8.652224 -0.031670 1.484250 0.000000
-9.456475 -0.029196 1.555752 0.000000
4.220255 -0.416488 0.006982 0.000000
6.538183 -0.040540 0.625741 0.000000
-13.553889 -0.014217 0.000552 0.000000
-6.767352 -1.393307 0.004900 0.000000
-8.868855 -0.853691 0.003474 0.000000
-6.294033 -1.601498 0.005495 0.000000
-4.887131 -2.063000 0.007142 0.000000
-8.520395 -1.404748 0.004045 0.000000
-6.091788 -1.828168 0.005563 0.000000
-27.874079 2.272930 0.007568 0.000000
-12.842542 -0.833197 0.005950 0.000000
-8.291587 -1.628069 0.004159 0.000000
-26.283814 0.959238 0.007928 0.000000
-12.786148 -1.393027 0.001325 0.000000
-8.258479 -2.185629 0.004170 0.000000
-26.853675 0.005226 0.008689 0.000000
7.553525 -1.103844 0.004922 0.000000
5.508549 -1.419980 0.006063 0.000000
-12.857531 -1.963179 0.002335 0.000000
-29.905876 -0.818161 0.010102 0.000000
16.765505 -0.895321 -0.004852 0.000000
9.431834 -1.611015 -0.002911 0.000000
23.422747 0.628586 -0.008733 0.000000
6.623229 -1.989744 0.005098 0.000000
11.520585 -0.998484 -0.001978 0.000000
7.667897 -1.570060 0.004749 0.000000
14.817657 -0.026410 -0.004452 0.000000
8.812024 -1.052998 -0.002928 0.000000
21.591382 1.871105 -0.008757 0.000000
6.547061 -1.479232 0.005470 0.000000
11.150487 -0.286598 -0.002229 0.000000
4.709204 -1.138855 0.006618 0.000000
5.558560 -0.639420 0.005701 0.000000
4.250799 -1.068811 0.007396 0.000000
-16.600454 -4.680350 0.002129 0.000000
-13.726441 -0.288482 -0.001795 0.000000
-7.075218 -1.685694 0.004823 0.000000
-32.178745 2.820245 -0.009828 0.000000
-10.000417 -1.024149 0.002624 0.000000
-17.933162 -0.171937 -0.000252 0.000000
-12.636178 -1.216828 -0.001209 0.000000
-6.965801 -2.025914 0.004956 0.000000
-27.473461 0.380697 -0.008105 0.000000
-9.957094 -1.865416 0.003695 0.000000
-17.600636 -1.248751 -0.003861 0.000000
9.386787 -0.029276 1.145638 0.000000
9.816783 -0.028834 0.629781 0.000000
-6.216162 -1.540080 0.005468 0.000000
-8.761562 -1.155725 0.003685 0.000000
-5.533342 -1.872936 0.006359 0.000000
-4.244799 -2.772489 0.008913 0.000000
-7.770079 -2.254138 0.004868 0.000000
-5.083602 -2.774229 0.007584 0.000000
-11.462471 -2.331983 -0.000827 0.000000
-6.740161 -2.709189 0.005495 0.000000
-22.037644 -2.144140 -0.000289 0.000000
-9.523107 -2.723089 0.003922 0.000000
4.970653 -1.950388 0.006975 0.000000
6.637677 -1.324759 0.004756 0.000000
10.413465 -0.095198 0.001932 0.000000
7.284976 -0.810456 0.004099 0.000000
18.225686 1.685154 0.009255 0.000000
5.675183 -1.339654 0.005622 0.000000
4.460938 -1.599983 0.007421 0.000000
3.694236 -1.790516 0.009247 0.000000
39.052078 1.721926 0.015748 0.000000
-5.933801 -2.952072 0.006255 0.000000
-15.779509 -2.759583 -0.003059 0.000000
-12.508480 -3.209760 -0.001268 0.000000
-27.291008 -3.951159 -0.008377 0.000000
-10.564992 -3.526629 0.003439 0.000000
-19.655245 -4.371039 -0.005090 0.000000
14.385829 -1.045904 0.002892 0.000000
8.643166 -1.747467 0.004007 0.000000
14.763306 -0.277210 0.003074 0.000000
6.122758 -1.922051 0.005754 0.000000
8.845494 -1.308810 0.003183 0.000000
15.910201 0.409723 0.000842 0.000000
6.454745 -1.761458 0.005215 0.000000
9.443490 -0.792280 0.002853 0.000000
-8.825090 -0.031847 0.192443 0.000000
-6.470735 -0.520189 0.004462 0.000000
-4.365222 -1.204142 0.007414 0.000000
-5.307849 -1.007482 0.005763 0.000000
-9.045049 -0.031052 0.470107 0.000000
-3.427895 -1.499000 0.009636 0.000000
-6.697120 -0.613882 0.004171 0.000000
-9.317097 -0.030293 0.331426 0.000000
-9.253250 -0.030593 0.158041 0.000000
-7.051034 -0.696712 0.004107 0.000000
-10.383213 -0.123714 0.001949 0.000000
-18.378097 1.990976 -0.000843 0.000000
-4.049619 -1.314493 0.008096 0.000000
-6.375035 -0.586704 0.004877 0.000000
-5.060232 -1.081841 0.006423 0.000000
9.862850 -0.027251 2.578813 0.000000
8.821812 -0.030080 2.239705 0.000000
9.646071 -0.027756 2.044003 0.000000
9.034722 -0.029810 1.865452 0.000000
8.742185 -0.031030 1.766991 0.000000
7.374137 -0.035932 1.518402 0.000000
8.298311 -0.032646 1.570359 0.000000
7.888868 -0.034261 1.390699 0.000000
3.603366 -0.407779 0.007281 0.000000
3.471990 -0.391594 0.007915 0.000000
4.059343 -0.873536 0.007204 0.000000
6.287666 -0.603243 0.004766 0.000000
4.872162 -1.047474 0.006505 0.000000
5.366058 -2.537934 0.006725 0.000000
7.902852 -2.176816 0.004549 0.000000
-11.053625 -3.602812 -0.000696 0.000000
-6.923746 -3.450043 0.005396 0.000000
-20.978832 -4.484067 -0.000232 0.000000
-9.943149 -3.857165 0.004459 0.000000
-17.699813 -5.000564 -0.004818 0.000000
19.726212 -4.089998 0.009742 0.000000
10.481731 -3.269649 0.004360 0.000000
29.807705 -3.418459 0.013123 0.000000
12.834304 -2.867096 0.002931 0.000000
-26.565171 -3.898268 -0.008851 0.000000
8.307750 -2.869424 0.004706 0.000000
17.011759 -2.271576 0.009248 0.000000
9.700035 -2.544536 0.003315 0.000000
25.033191 -0.886571 0.006887 0.000000
6.831048 -2.530940 0.005157 0.000000
12.177688 -1.926259 0.002283 0.000000
-6.896557 -2.678237 0.005444 0.000000
-15.272201 -2.660084 -0.003175 0.000000
-8.265514 -2.932641 0.004861 0.000000
-38.203467 -2.823209 -0.013701 0.000000
-12.718008 -3.200632 -0.001743 0.000000
5.539321 -1.684993 0.006069 0.000000
4.219313 -1.868781 0.008244 0.000000
7.041369 -1.347519 0.005022 0.000000
5.556533 -2.127542 0.006752 0.000000
16.101943 -1.627454 0.002182 0.000000
9.239997 -2.112047 0.004503 0.000000
21.659510 -0.477360 0.010825 0.000000
6.439044 -2.002606 0.005512 0.000000
11.026283 -1.439186 0.003453 0.000000
34.841380 2.105132 0.015673 0.000000
5.050341 -2.366844 0.007058 0.000000
7.473671 -1.944200 0.004445 0.000000
13.942341 -0.784158 0.002544 0.000000
8.784948 -1.438982 0.004138 0.000000
18.813626 0.759087 0.005547 0.000000
6.382958 -1.744707 0.005718 0.000000
10.415282 -0.815915 0.008223 0.000000
-18.928578 -4.767555 -0.005403 0.000000
-13.181306 -3.495426 -0.002075 0.000000
-7.332927 -3.538402 0.004786 0.000000
-29.293703 -4.604702 -0.010157 0.000000
-10.469006 -3.790592 -0.000305 0.000000
-6.316416 -3.782200 0.005925 0.000000
-4.433211 -3.412896 0.008597 0.000000
-8.751425 -4.160765 0.003988 0.000000
-14.052264 -4.884556 -0.002816 0.000000
-7.571430 -4.110621 0.005788 0.000000
-36.221254 -8.535527 -0.013688 0.000000
-11.191580 -4.983961 -0.001037 0.000000
-22.369397 -7.402424 -0.007461 0.000000
26.430132 -3.682318 0.011929 0.000000
12.106699 -3.041384 0.003061 0.000000
38.482843 -2.448791 0.016362 0.000000
7.856075 -2.820671 0.004859 0.000000
-8.475155 -3.104762 0.004882 0.000000
14.540131 -2.524723 0.008630 0.000000
8.877940 -2.447605 0.004154 0.000000
18.409312 -1.750137 0.001080 0.000000
10.455129 -2.104405 0.003012 0.000000
25.894943 -0.140752 0.012241 0.000000
12.784949 -1.214388 0.003634 0.000000
8.226072 -1.703319 0.004144 0.000000
11.776373 -2.712607 0.002453 0.000000
3.780168 -3.014213 0.010131 0.000000
5.064935 -2.890726 0.007744 0.000000
15.792321 -2.091701 0.006153 0.000000
6.685333 -3.018245 0.005991 0.000000
-10.185213 -4.959920 -0.000315 0.000000
-24.903891 -4.667478 -0.008215 0.000000
-16.846267 -4.805414 -0.004344 0.000000
-8.182738 -4.013235 0.004676 0.000000
-5.367859 -3.806876 0.007544 0.000000
-12.725084 -4.895146 -0.002020 0.000000
-6.957346 -4.231521 0.005890 0.000000
-28.371893 -7.762270 -0.010215 0.000000
-18.744989 -6.973915 -0.005659 0.000000
25.184373 -5.561213 0.011241 0.000000
11.988615 -3.977677 0.002969 0.000000
7.794255 -3.490611 0.004687 0.000000
15.786376 -3.633765 0.008752 0.000000
5.778365 -3.259539 0.006913 0.000000
9.267864 -3.257221 0.004039 0.000000
23.347489 -2.975528 0.011016 0.000000
4.591851 -3.103466 0.008499 0.000000
-3.524312 -3.437613 0.011003 0.000000
-6.115127 -3.089078 0.006322 0.000000
-8.242808 -3.240205 0.004969 0.000000
-12.364593 -3.609733 -0.001579 0.000000
-8.400010 -0.023076 7.062772 0.000000
-7.806506 -0.026770 6.364235 0.000000
-8.433603 -0.025241 6.302380 0.000000
-9.251274 -0.022368 7.383906 0.000000
-9.648347 -0.019769 7.785909 0.000000
-7.638856 -0.028127 5.387235 0.000000
5.639832 -0.032333 5.944326 0.000000
5.825034 -0.027274 7.564830 0.000000
0.918658 2.492608 0.004412 0.000000
1.430118 5.081226 0.001987 0.000000
1.371482 4.548353 0.002296 0.000000
0.128751 1.403145 0.007068 0.000000
0.267927 2.410819 0.005100 0.000000
0.383300 2.279167 0.005320 0.000000
0.181609 1.230366 0.007106 0.000000
-0.097712 1.389133 0.007258 0.000000
-0.341543 0.826881 0.008210 0.000000
-0.198856 1.870102 0.006056 0.000000
-0.399192 -0.141269 0.089389 0.000000
0.578704 1.815480 0.006333 0.000000
0.645976 2.134073 0.005684 0.000000
1.155952 4.040316 0.002850 0.000000
0.973438 3.626743 0.003343 0.000000
0.743684 3.266469 0.003399 0.000000
0.388323 1.609779 0.006769 0.000000
0.446618 2.984708 0.004363 0.000000
0.217879 1.589465 0.006651 0.000000
0.572065 2.728243 0.004585 0.000000
-0.595993 1.456397 0.006519 0.000000
-0.100204 1.751160 0.005917 0.000000
-0.266636 1.209524 0.007168 0.000000
-0.420195 0.908010 0.007959 0.000000
-0.337971 1.693258 0.006031 0.000000
-0.254258 1.427569 0.007153 0.000000
-0.610356 1.000965 0.007726 0.000000
-4.386373 0.791887 3.015637 0.000000
5.739528 -0.029984 6.668556 0.000000
3.736386 -0.040700 5.301536 0.000000
3.733924 0.044828 5.128481 0.000000
3.570131 -0.043616 4.845050 0.000000
4.342727 -0.030851 7.306308 0.000000
4.278658 -0.031837 7.065175 0.000000
4.214744 -0.032832 6.832555 0.000000
4.152316 -0.033818 6.611950 0.000000
4.090455 -0.034804 6.400515 0.000000
4.745072 -0.032162 6.761223 0.000000
3.968897 -0.036781 6.002206 0.000000
6.347576 -0.026090 7.659787 0.000000
3.909577 -0.037764 5.815968 0.000000
3.156611 -0.051285 3.848472 0.000000
3.516351 -0.044582 4.704409 0.000000
3.358153 -0.047477 4.310690 0.000000
-6.731968 -0.026845 6.868811 0.000000
-7.749270 -0.024648 7.567649 0.000000
-6.818633 -0.025598 7.344298 0.000000
-6.126563 -0.028422 7.159419 0.000000
-5.487682 -0.030072 7.036271 0.000000
-6.041449 -0.031333 5.849578 0.000000
-1.090415 8.595272 0.743607 0.000000
1.093205 15.984081 0.877931 0.000000
1.092311 12.557439 0.584296 0.000000
1.095047 17.038870 0.496565 0.000000
1.092426 11.932759 0.695330 0.000000
1.090613 8.813308 0.933358 0.000000
1.095177 25.531660 0.629087 0.000000
1.092684 11.093249 0.979231 0.000000
1.090511 8.215757 1.189569 0.000000
0.889514 35.720131 0.623533 0.000000
1.099411 22.623296 0.867577 0.000000
1.093993 15.375897 1.092266 0.000000
1.091217 10.273537 1.043626 0.000000
0.398539 35.720123 0.645554 0.000000
1.013890 35.720320 1.061461 0.000000
1.094981 19.882278 1.079217 0.000000
1.092835 13.195842 1.161786 0.000000
1.090595 9.453868 0.592339 0.000000
-1.094957 22.935263 1.075517 0.000000
-0.646747 35.720661 1.638341 0.000000
-1.093140 15.857432 0.900272 0.000000
-1.097471 30.589481 1.577873 0.000000
-1.093334 11.825166 0.717538 0.000000
-1.094312 19.803365 1.111575 0.000000
-1.093896 13.117938 0.735444 0.000000
-1.090919 9.324621 0.725745 0.000000
-1.153007 15.365539 0.950009 0.000000
-1.093030 10.908518 0.799618 0.000000
0.827949 35.720793 1.921315 0.000000
1.098044 29.907307 1.501379 0.000000
1.093708 17.189333 1.330263 0.000000
0.794591 35.720527 1.599820 0.000000
1.096014 24.131917 1.409715 0.000000
-1.096070 22.231265 0.608095 0.000000
0.193315 35.720455 1.482805 0.000000
-1.094685 15.365337 0.683116 0.000000
-1.096090 27.912372 1.139433 0.000000
-0.476574 35.720561 1.472286 0.000000
0.514657 35.720634 1.915387 0.000000
-1.092975 11.220485 0.788897 0.000000
-1.094852 18.245643 0.973371 0.000000
-1.074212 35.720590 1.416217 0.000000
-0.065680 35.720644 1.678996 0.000000
-1.090386 8.769769 0.488667 0.000000
-7.332172 -0.035912 1.655898 0.000000
-2.784392 -0.587204 0.009393 0.000000
-7.569620 -0.036028 1.148722 0.000000
-7.685310 -0.035628 0.854875 0.000000
-9.268674 -0.029326 2.036733 0.000000
8.139804 -0.031970 2.470918 0.000000
-9.827266 -0.027622 2.238516 0.000000
9.768096 -0.025060 4.424848 0.000000
9.898140 -0.024803 4.292635 0.000000
9.272750 -0.026909 3.904868 0.000000
8.458830 -0.029895 3.318983 0.000000
-8.171538 -0.028175 5.193044 0.000000
-8.897623 -0.026810 4.715470 0.000000
-8.626328 -0.025631 5.781369 0.000000
-9.011518 -0.024171 6.180879 0.000000
7.615629 -0.023863 7.719452 0.000000
7.501543 -0.024933 7.391297 0.000000
-7.476526 -0.032729 3.562357 0.000000
-7.542973 -0.030981 4.589115 0.000000
8.117814 -0.025570 6.269269 0.000000
7.649923 -0.027528 5.901160 0.000000
7.068587 -0.030537 5.196445 0.000000
6.804166 -0.032039 4.883636 0.000000
6.675161 -0.029401 6.112207 0.000000
6.448664 -0.030395 5.912967 0.000000
6.395725 -0.031796 5.438480 0.000000
7.578803 -0.027432 6.024137 0.000000
9.623612 -0.023551 5.720732 0.000000
7.304025 -0.031899 4.275139 0.000000
8.285935 -0.028657 4.547234 0.000000
6.500315 -0.035987 3.609005 0.000000
8.653734 -0.027778 4.519093 0.000000
-8.336551 -0.032347 2.223312 0.000000
9.703449 -0.022021 6.793093 0.000000
9.069087 -0.024161 6.017463 0.000000
8.645603 -0.025365 5.791876 0.000000
9.643762 -0.023090 6.234027 0.000000
8.221076 -0.027356 5.290352 0.000000
8.243352 -0.029390 4.181468 0.000000
7.279995 -0.033090 3.748446 0.000000
-1.092538 11.016620 0.880927 0.000000
-5.023098 -0.035454 5.511253 0.000000
-4.580702 -0.037919 5.424111 0.000000
6.176772 -0.027341 7.293639 0.000000
-5.187117 -0.030995 6.818823 0.000000
-5.394582 -0.028812 7.436347 0.000000
4.536555 -0.029361 7.731064 0.000000
-3.778982 0.787297 3.003675 0.000000
1.091290 10.517447 0.636549 0.000000
1.089820 8.383608 0.623152 0.000000
1.092737 13.625357 0.659732 0.000000
1.095198 19.110729 0.928345 0.000000
1.090546 9.250084 1.153407 0.000000
1.098571 29.395399 1.171024 0.000000
2.034244 7.752581 1.379445 0.000000
-1.097836 27.177898 1.552716 0.000000
-1.095913 18.076214 1.180668 0.000000
-1.027887 35.720814 1.984386 0.000000
-1.091026 8.672797 0.799841 0.000000
-1.092747 13.051147 0.899606 0.000000
-1.095730 22.913022 1.400153 0.000000
-0.746710 35.720919 2.094217 0.000000
-1.091867 10.157657 0.953216 0.000000
-1.093766 16.189233 1.010907 0.000000
-1.096050 31.166396 1.984067 0.000000
-1.092360 11.946567 0.848256 0.000000
-1.094342 20.029950 1.357881 0.000000
1.094447 16.835608 1.185754 0.000000
1.091781 10.461695 1.218659 0.000000
0.991813 35.720605 1.756438 0.000000
1.095089 20.529784 1.507714 0.000000
1.092290 13.116629 1.235362 0.000000
1.099062 31.049028 1.972935 0.000000
1.095550 17.304850 1.561914 0.000000
-1.096568 34.626218 1.450349 0.000000
0.787687 35.720843 2.095747 0.000000
1.096954 24.212430 1.906170 0.000000
-1.093888 21.227434 1.088463 0.000000
6.406830 -0.030857 5.737013 0.000000
1.092300 10.461118 1.061207 0.000000
0.770663 35.720527 1.605243 0.000000
1.095848 23.182902 1.567039 0.000000
1.092673 13.247639 1.178177 0.000000
1.090715 8.971682 1.149036 0.000000
0.006640 35.720547 1.685087 0.000000
1.091156 35.720696 1.975654 0.000000
1.095488 18.141136 1.349609 0.000000
1.092662 11.162856 1.166022 0.000000
-0.586383 35.720599 1.927343 0.000000
1.112609 31.118301 1.622282 0.000000
1.095390 26.085075 1.781776 0.000000
-0.062614 35.720598 1.864980 0.000000
1.095212 19.800928 1.387689 0.000000
-1.094533 22.568370 1.369466 0.000000
-0.725895 35.720706 1.803274 0.000000
0.259835 35.720791 1.959186 0.000000
1.098308 30.273180 1.694695 0.000000
-1.094235 15.817656 1.086994 0.000000
1.091477 11.323037 0.938405 0.000000
-1.097431 30.771164 1.766625 0.000000
1.094660 20.542071 1.245519 0.000000
1.090332 8.492715 0.966585 0.000000
-1.091529 11.026339 0.670641 0.000000
-1.091829 10.919755 0.812801 0.000000
-1.094387 19.892910 1.355516 0.000000
-1.097160 25.745081 1.368170 0.000000
-1.094429 17.283487 1.198582 0.000000
-1.095108 35.205073 1.472506 0.000000
-1.092649 12.634456 0.971092 0.000000
-1.096882 21.403192 1.185495 0.000000
-1.091228 9.936828 0.785901 0.000000
7.354300 -0.031132 4.461264 0.000000
-8.672512 -0.029645 3.449966 0.000000
-9.827417 -0.024696 4.742942 0.000000
8.458512 -0.026127 5.708833 0.000000
-7.386929 -0.035693 1.881132 0.000000
-0.011097 3.583057 0.003029 0.000000
0.133762 3.751757 0.002905 0.000000
0.355637 5.654412 0.000735 0.000000
-0.071942 2.413837 0.004645 0.000000
0.147726 3.495112 0.003639 0.000000
0.308907 5.349616 0.001676 0.000000
-0.279371 1.843817 0.006098 0.000000
-0.527236 1.852935 0.006035 0.000000
-0.482205 2.039903 0.005313 0.000000
-0.074406 4.528672 0.001896 0.000000
-0.743205 2.317554 0.005343 0.000000
-0.557077 3.233030 0.003910 0.000000
-0.344243 4.303167 0.002961 0.000000
-0.639969 2.583013 0.004737 0.000000
0.815915 5.216520 0.000722 0.000000
0.892235 4.958697 0.001930 0.000000
0.231410 2.665613 0.004829 0.000000
0.614952 4.484991 0.002039 0.000000
0.436482 4.277618 0.002627 0.000000
0.829884 7.626888 0.000086 0.000000
0.017038 2.548447 0.004412 0.000000
0.304950 4.145354 0.002770 0.000000
0.783554 6.991778 0.000802 0.000000
0.278459 3.890697 0.003166 0.000000
0.535270 6.217701 0.000214 0.000000
-1.107262 4.044980 0.002539 0.000000
-0.300057 4.034934 0.002859 0.000000
-0.852617 2.620834 0.004280 0.000000
-0.789915 3.520741 0.003291 0.000000
-0.424596 4.114169 0.002757 0.000000
-1.084211 3.117130 0.003612 0.000000
-0.942911 3.328075 0.003522 0.000000
-1.127456 3.593485 0.003157 0.000000
-7.804519 -0.026633 6.185799 0.000000
-8.150597 -0.023181 7.598939 0.000000
-6.481854 -0.026195 7.367307 0.000000
5.263807 -0.027885 7.704687 0.000000
-7.274084 -0.029356 5.502524 0.000000
7.757914 -0.026128 6.533156 0.000000
7.643299 3.589872 4.936041 0.000000
8.417924 3.521540 4.939011 0.000000
6.506188 -0.028683 6.516049 0.000000
-9.549747 -0.021341 6.981606 0.000000
7.789288 -0.024798 7.013071 0.000000
7.587016 -0.026276 6.657418 0.000000
7.325984 -0.027117 6.355566 0.000000
-8.548826 -0.027034 5.037983 0.000000
-8.523039 -0.026759 5.536487 0.000000
-8.884766 -0.025704 5.374737 0.000000
-9.244075 -0.024371 5.739365 0.000000
-9.757586 -0.022599 6.312318 0.000000
0.941838 3.596981 0.003381 0.000000
1.337958 4.113536 0.002241 0.000000
0.706634 1.825346 0.006023 0.000000
1.057770 3.777758 0.003157 0.000000
0.598823 1.619326 0.006461 0.000000
0.928494 3.209858 0.003289 0.000000
1.454357 6.521004 0.000894 0.000000
0.772774 3.171169 0.003940 0.000000
1.058627 5.983089 0.000396 0.000000
-5.455741 -0.251654 0.004996 0.000000
-4.406375 -0.683480 0.006630 0.000000
-5.403333 -0.401604 0.005390 0.000000
9.812728 -0.028133 1.831371 0.000000
8.352773 -0.032909 0.611800 0.000000
7.923444 -0.034536 0.474179 0.000000
-8.971277 -0.030622 0.841851 0.000000
-9.754077 -0.028303 0.875475 0.000000
4.665764 -0.505582 0.006237 0.000000
4.592652 -0.512612 0.006338 0.000000
3.690654 -0.732006 0.007874 0.000000
9.390470 -0.027360 3.296079 0.000000
9.356517 -0.027054 3.582371 0.000000
8.940646 -0.029581 2.656594 0.000000
8.882000 -0.029089 2.987130 0.000000
8.830642 -0.028832 3.304060 0.000000
9.434883 -0.028053 2.687391 0.000000
7.611990 -0.034188 2.232059 0.000000
7.255220 -0.035862 2.025402 0.000000
9.871827 -0.026156 3.570866 0.000000
9.719983 -0.026129 3.875049 0.000000
-0.197555 -2.398514 0.120962 0.000000
2.783464 -0.496639 0.008977 0.000000
-7.561647 -1.932594 0.004672 0.000000
-6.178642 -1.650454 0.005327 0.000000
-7.995576 -1.418820 0.004083 0.000000
-5.634163 -1.900827 0.006383 0.000000
-4.485746 -2.368358 0.008241 0.000000
-11.583533 -0.924576 -0.001094 0.000000
-5.547845 -2.382122 0.006774 0.000000
-20.982527 0.387155 -0.006116 0.000000
-10.866183 -1.509431 -0.001281 0.000000
-7.214142 -2.107112 0.005107 0.000000
-19.354712 -0.611350 -0.005136 0.000000
-10.489294 -1.914715 -0.000083 0.000000
-7.196886 -2.571288 0.004758 0.000000
-18.963211 -1.238418 -0.001416 0.000000
-4.868501 -1.849808 0.007056 0.000000
9.086332 -0.030698 0.046835 0.000000
6.564837 -0.577173 0.005051 0.000000
-2.743393 -1.704617 0.012015 0.000000
-23.752727 2.889635 -0.008389 0.000000
-7.834701 -0.665196 0.003621 0.000000
-22.339662 3.452992 -0.007937 0.000000
-11.917381 0.181975 -0.001857 0.000000
-12.554192 -0.157791 -0.002133 0.000000
-27.737739 2.742853 -0.001400 0.000000
18.896362 1.648123 0.007366 0.000000
10.266272 -0.266413 0.002997 0.000000
33.789079 6.049310 0.010440 0.000000
13.438592 0.993516 0.003042 0.000000
5.347777 -1.301937 0.005865 0.000000
8.435420 -0.479297 0.004199 0.000000
9.702884 -0.028869 0.368038 0.000000
9.552098 -0.029200 0.453351 0.000000
-4.648038 -1.599561 0.007243 0.000000
-8.931660 -0.022533 7.237649 0.000000
-8.940177 -0.024252 6.444173 0.000000
-9.220141 -0.021772 7.105749 0.000000
-9.707593 -0.021378 7.538646 0.000000
-8.521914 -0.024317 6.634593 0.000000
-8.462175 -0.025169 6.013864 0.000000
-9.009782 -0.021870 7.675820 0.000000
9.387654 -0.021655 7.490536 0.000000
8.831819 -0.023390 6.844442 0.000000
-8.903765 -0.025332 5.912702 0.000000
-7.974959 -0.027978 5.551963 0.000000
-9.319973 -0.023887 6.328249 0.000000
-8.388346 -0.025809 5.685964 0.000000
-9.770164 -0.022444 6.782667 0.000000
8.520120 -0.024734 6.511881 0.000000
7.598130 -0.029076 5.278606 0.000000
-0.675607 1.816346 0.005726 0.000000
-0.869028 1.975216 0.005373 0.000000
-0.389386 2.785233 0.004595 0.000000
-0.321367 2.136480 0.005142 0.000000
-0.068408 1.513800 0.006811 0.000000
-0.756697 2.673748 0.004209 0.000000
-0.861149 2.853020 0.004285 0.000000
1.621652 5.441877 0.001439 0.000000
1.392264 5.032852 0.001816 0.000000
1.144673 4.633770 0.002732 0.000000
1.661766 6.793966 0.000019 0.000000
1.176110 4.254413 0.002600 0.000000
1.550935 5.872489 0.000091 0.000000
0.804980 4.071954 0.002470 0.000000
1.281659 5.363743 0.000935 0.000000
1.827607 7.156213 0.000670 0.000000
0.152298 3.186442 0.004161 0.000000
0.317065 3.116756 0.003502 0.000000
0.496773 3.057718 0.003727 0.000000
0.049945 2.991826 0.004423 0.000000
-0.046384 2.829137 0.004651 0.000000
0.699648 3.444663 0.003749 0.000000
-0.183327 2.728948 0.004589 0.000000
0.062249 1.863212 0.005679 0.000000
1.298297 5.697599 0.000413 0.000000
1.534427 6.010374 0.000314 0.000000
0.452987 3.450089 0.003588 0.000000
0.820770 4.726997 0.001244 0.000000
0.709261 4.056096 0.002218 0.000000
0.219475 3.396490 0.003662 0.000000
0.708314 3.642224 0.003335 0.000000
0.434065 3.378670 0.003119 0.000000
-9.225573 -0.026781 4.656456 0.000000
-8.268828 -0.028582 4.454524 0.000000
-9.696239 -0.025246 5.047505 0.000000
-9.093771 -0.025257 5.030268 0.000000
9.679144 -0.023099 6.109449 0.000000
9.226628 -0.024620 5.668098 0.000000
9.548005 -0.024844 4.902839 0.000000
6.475548 -0.038693 2.497737 0.000000
-19.427315 -2.095001 -0.004770 0.000000
9.393632 -1.250332 -0.000353 0.000000
25.379609 -0.070495 -0.015541 0.000000
-32.242517 -1.909554 0.017641 0.000000
-13.200097 -2.959479 0.002483 0.000000
-32.516525 -3.159483 0.019038 0.000000
36.958460 -1.911895 -0.020519 0.000000
13.997796 -2.324164 -0.005786 0.000000
17.830272 -1.523803 -0.009289 0.000000
9.997545 -1.945516 -0.002276 0.000000
12.075997 -1.391719 -0.005256 0.000000
15.642344 -0.444871 -0.008894 0.000000
-8.285255 -2.694213 0.004505 0.000000
-15.874631 -0.801380 0.001037 0.000000
-7.075764 -1.808882 0.004516 0.000000
-9.841241 -1.449834 0.002587 0.000000
-9.056692 -2.133354 0.004099 0.000000
-14.593460 -1.798047 0.001528 0.000000
-8.602914 -2.295022 0.004392 0.000000
-6.016581 -2.743520 0.006082 0.000000
-34.729849 -0.494715 0.017497 0.000000
-13.764134 -2.263700 0.003162 0.000000
-4.591619 -2.186689 0.007899 0.000000
-6.330834 -0.820419 0.004940 0.000000
-8.471289 -0.207420 0.003234 0.000000
-8.053811 -0.617235 0.003629 0.000000
12.923634 0.651717 -0.008066 0.000000
8.180992 -0.531371 -0.002651 0.000000
9.615368 -0.029125 0.190663 0.000000
5.902927 -1.077469 0.005428 0.000000
6.810364 -1.085010 -0.000424 0.000000
7.121243 -0.587909 -0.001407 0.000000
-29.178903 1.778202 0.012363 0.000000
-24.179128 3.861463 0.007756 0.000000
-12.022227 0.117187 0.002188 0.000000
-23.604570 2.753948 0.008607 0.000000
-12.285376 -0.263005 0.002304 0.000000
-8.206591 -1.220563 0.003912 0.000000
-25.011418 2.096354 0.009963 0.000000
-12.837226 -0.618027 0.002168 0.000000
29.948363 2.937601 -0.021320 0.000000
12.828641 -0.202645 -0.007090 0.000000
8.186430 -1.026117 -0.001456 0.000000
17.559435 1.280397 -0.000811 0.000000
5.941075 -1.485368 0.005360 0.000000
9.851796 -0.424280 -0.004391 0.000000
29.709961 4.837968 -0.023107 0.000000
20.930275 -1.640554 -0.011191 0.000000
11.081266 -2.088357 -0.003711 0.000000
14.792868 -2.731551 -0.005194 0.000000
7.474555 -2.248294 0.005172 0.000000
-28.926368 -7.425364 0.003410 0.000000
-10.597195 -3.337231 0.003210 0.000000
-18.839328 -3.939321 0.001361 0.000000
-9.066270 -3.613484 0.004042 0.000000
-5.949755 -3.520572 0.006417 0.000000
-15.198737 -4.357685 0.002198 0.000000
-8.030485 -3.851547 0.004788 0.000000
-12.622810 -4.611670 0.002840 0.000000
9.388517 -3.516106 -0.000724 0.000000
23.029350 -3.718174 -0.010421 0.000000
6.598506 -3.325105 0.005917 0.000000
11.468159 -3.148995 -0.002963 0.000000
39.825067 -2.630028 -0.021447 0.000000
-25.921832 -3.357129 0.015919 0.000000
-8.425005 -2.828245 0.004257 0.000000
-12.709939 -2.942136 0.003433 0.000000
-9.107016 -0.029993 1.868185 0.000000
-5.337923 -0.780693 0.005766 0.000000
-4.325304 -1.119741 0.007388 0.000000
-3.625460 -1.353902 0.008957 0.000000
-5.396515 -0.885122 0.005790 0.000000
-6.935079 -0.245629 0.004054 0.000000
5.264721 -0.180117 -0.000129 0.000000
9.859070 -0.028324 0.885866 0.000000
9.900468 -0.027758 1.347574 0.000000
9.712819 -0.028200 1.510738 0.000000
9.249940 -0.030343 0.721163 0.000000
-8.952819 -0.030822 1.352853 0.000000
8.617476 -0.031795 0.997818 0.000000
8.924045 -0.030977 1.246064 0.000000
5.404342 -0.253148 -0.000230 0.000000
5.634762 -0.315133 -0.000483 0.000000
5.983540 -0.362097 -0.000921 0.000000
-5.922432 -0.445210 0.004979 0.000000
-9.858226 -0.028726 0.486192 0.000000
-9.754479 -0.028670 0.287490 0.000000
-15.160322 -0.639872 0.002075 0.000000
-16.888928 0.453059 0.006934 0.000000
-11.789507 -0.956552 0.002215 0.000000
-23.467039 0.944821 0.008975 0.000000
-9.161515 -1.400340 0.003741 0.000000
-9.921343 -0.919487 0.002994 0.000000
9.465947 -0.029257 1.456668 0.000000
9.154559 -0.029916 1.297186 0.000000
8.433575 -0.032682 1.057509 0.000000
-13.672140 0.245417 0.006112 0.000000
-31.905138 4.037289 0.009693 0.000000
-9.586503 -0.028569 1.900456 0.000000
8.470986 -0.029110 3.968372 0.000000
-7.913024 -0.033587 1.589990 0.000000
7.662763 -0.032789 3.031300 0.000000
-6.799305 -2.880829 0.005610 0.000000
10.969270 -2.228818 -0.003470 0.000000
27.135891 -0.536628 -0.016132 0.000000
5.193103 -2.714209 0.007450 0.000000
12.691527 -1.640500 -0.004703 0.000000
4.178863 -2.690145 0.009099 0.000000
8.281797 -1.943580 -0.001186 0.000000
15.636945 -0.697219 -0.008631 0.000000
6.638955 -2.658079 0.005599 0.000000
4.444647 -2.441006 0.008489 0.000000
9.553185 -1.418149 -0.003037 0.000000
4.966290 -2.285154 0.007547 0.000000
6.888011 -1.739670 0.005501 0.000000
-23.339481 -4.791374 0.016102 0.000000
-16.778185 -4.923563 0.002103 0.000000
-13.033546 -5.065925 0.004266 0.000000
-30.909387 -8.478706 0.023543 0.000000
17.275363 -2.754933 -0.006789 0.000000
20.852198 -1.919317 -0.010859 0.000000
5.247165 -1.943506 0.007113 0.000000
4.385383 -2.029040 0.008076 0.000000
7.741580 -3.055808 0.004968 0.000000
14.922163 -2.762916 -0.006020 0.000000
9.108111 -2.690759 -0.001271 0.000000
21.430636 -1.810978 -0.011336 0.000000
6.499904 -2.684009 0.006048 0.000000
3.617082 -2.826852 0.010506 0.000000
7.700059 -2.299870 -0.000149 0.000000
-8.427186 -4.618886 0.005502 0.000000
-13.384020 -4.242991 0.002825 0.000000
-7.146969 -3.847351 0.005341 0.000000
-4.914834 -3.619080 0.007987 0.000000
-30.057741 -6.661899 0.021295 0.000000
-10.413911 -4.428217 0.003716 0.000000
-19.055702 -6.130552 0.015446 0.000000
-8.413736 -3.748943 0.004816 0.000000
-13.804227 -5.907527 0.003830 0.000000
-36.624382 -11.366507 0.029380 0.000000
15.781747 -4.351090 -0.005045 0.000000
9.250510 -3.619971 -0.000487 0.000000
22.699307 -3.979287 -0.009954 0.000000
11.430379 -3.284063 -0.002797 0.000000
39.781243 -3.078896 -0.020971 0.000000
-7.327196 -3.238336 0.005076 0.000000
-10.236248 -3.490474 0.004257 0.000000
-6.295988 -3.447706 0.006035 0.000000
-18.135463 -4.167446 0.003355 0.000000
5.460960 -1.248591 0.005900 0.000000
7.900003 -0.393886 -0.001647 0.000000
5.909562 -0.995635 0.005192 0.000000
10.381561 -0.642924 -0.000142 0.000000
-37.717785 -3.034437 0.021604 0.000000
-24.360665 -3.952542 0.002613 0.000000
18.660474 0.342274 -0.000900 0.000000
10.110270 -1.061261 -0.002959 0.000000
18.543584 0.926143 -0.010464 0.000000
6.871672 -1.434171 0.004853 0.000000
19.474221 1.893549 -0.011903 0.000000
5.240697 -1.701204 0.006571 0.000000
10.745445 -0.091076 -0.004425 0.000000
21.846845 3.353050 -0.014585 0.000000
7.378525 -0.857034 -0.000602 0.000000
-13.034457 -1.858157 0.002978 0.000000
-29.587672 -0.812515 0.015187 0.000000
-19.108644 -2.135964 0.007885 0.000000
-7.855200 -0.031672 3.620827 0.000000
-7.700284 -0.033438 2.461893 0.000000
-8.048002 -0.031910 2.666014 0.000000
-8.395649 -0.029833 3.981402 0.000000
-8.576591 -0.029225 3.325511 0.000000
-8.793426 -0.028310 4.302586 0.000000
-8.755838 -0.027827 3.996031 0.000000
-9.011003 -0.026510 4.403888 0.000000
6.696172 -0.032849 4.727765 0.000000
7.677024 -0.029548 4.782018 0.000000
-9.073978 -0.027692 4.152192 0.000000
-9.358577 -0.026320 3.890287 0.000000
-9.278101 -0.027242 3.403751 0.000000
-9.449096 -0.025525 4.929890 0.000000
-9.529069 -0.025201 4.586529 0.000000
-9.620303 -0.026556 4.153866 0.000000
8.836033 -0.022761 7.225667 0.000000
9.852612 -0.021308 7.244050 0.000000
7.039028 -0.030304 5.331206 0.000000
9.263954 -0.023004 6.617817 0.000000
9.879103 -0.024350 4.794053 0.000000
9.099471 -0.027783 3.747403 0.000000
8.214550 3.532382 4.938293 0.000000
-8.545708 -0.023266 7.302187 0.000000
-8.783831 -0.023623 6.567516 0.000000
0.611153 5.019112 0.002064 0.000000
1.011670 5.708420 0.000209 0.000000
0.833867 5.548412 0.000960 0.000000
0.689569 5.306429 0.001060 0.000000
1.090008 8.656146 0.195162 0.000000
0.531693 5.076144 0.001301 0.000000
0.905036 9.476733 -0.000969 0.000000
1.090625 8.655182 0.285856 0.000000
0.248366 5.189761 0.001884 0.000000
1.091497 10.988316 0.197207 0.000000
1.918325 7.133353 -0.000277 0.000000
1.576156 6.523278 -0.000357 0.000000
1.323752 6.026453 -0.000058 0.000000
-0.765994 8.744145 -0.001626 0.000000
-0.593004 12.441376 -0.000070 0.000000
-0.230645 21.707330 -0.009060 0.000000
-1.003408 6.950295 -0.000199 0.000000
-0.895513 8.926687 -0.001710 0.000000
-0.722640 12.371275 -0.010051 0.000000
-0.558720 19.363134 -0.007799 0.000000
-1.200631 7.743414 -0.000314 0.000000
-1.091395 8.826198 0.080265 0.000000
-0.838006 17.674788 -0.006857 0.000000
-0.708877 6.561124 0.000444 0.000000
-1.093733 16.437017 -0.006138 0.000000
-1.092719 12.123416 0.042164 0.000000
-1.633835 6.603416 0.076968 0.000000
-1.091218 9.357884 0.120380 0.000000
-0.297833 5.547243 0.001333 0.000000
0.505352 8.636579 -0.002363 0.000000
1.104465 15.365066 0.196128 0.000000
0.215282 8.429761 -0.000743 0.000000
0.929995 16.801105 -0.005528 0.000000
1.093852 13.424883 0.310050 0.000000
-0.052604 5.398868 0.001609 0.000000
0.482167 15.458114 -0.004870 0.000000
1.094364 18.174323 0.225768 0.000000
-0.001520 8.301590 -0.000894 0.000000
0.255429 14.354098 -0.004829 0.000000
1.095394 26.775107 0.012029 0.000000
-0.495694 5.656502 0.001132 0.000000
-0.282640 8.277681 -0.001401 0.000000
-0.086419 13.597631 -0.003899 0.000000
0.626959 29.861159 -0.010080 0.000000
-0.520568 6.080070 0.000211 0.000000
-0.597354 8.394603 -0.000833 0.000000
-0.384789 12.839218 -0.004199 0.000000
0.172599 24.999082 -0.010769 0.000000
-8.145478 -0.026561 5.645563 0.000000
-7.480568 -0.765818 0.003871 0.000000
-11.072852 0.024807 0.002141 0.000000
-6.012571 -1.280991 0.005334 0.000000
-20.788819 2.433973 0.005715 0.000000
-8.329620 -0.905790 0.003421 0.000000
-5.199843 -1.663331 0.006632 0.000000
-12.622950 0.062287 0.001751 0.000000
-6.597247 -1.283574 0.005042 0.000000
-4.534150 -1.994547 0.007859 0.000000
-26.656456 3.141831 0.006796 0.000000
-9.135908 -0.882387 0.003065 0.000000
-15.079778 0.205403 0.000877 0.000000
-7.328980 -1.584890 0.004288 0.000000
-10.730361 -0.968669 0.002598 0.000000
-19.950707 0.528059 0.006371 0.000000
4.922110 -0.785159 0.006465 0.000000
-29.433373 -1.852156 0.001570 0.000000
-10.653937 -2.688677 0.003943 0.000000
-19.920545 -2.977120 0.002179 0.000000
17.074184 0.803543 -0.004589 0.000000
9.614314 -0.664205 -0.000046 0.000000
16.788900 1.415395 -0.004742 0.000000
9.703572 -0.253440 -0.000317 0.000000
-13.124804 -2.337365 0.002688 0.000000
6.795297 -0.980297 0.004110 0.000000
7.018538 -0.429131 0.004153 0.000000
-6.089642 -2.098376 0.005734 0.000000
-8.090531 -1.846533 0.003917 0.000000
-12.524625 -1.553966 0.002830 0.000000
-26.315858 -0.250245 0.008162 0.000000
-9.814434 -2.159524 0.003307 0.000000
-17.162280 -1.631178 0.006776 0.000000
5.674174 -0.732044 0.005335 0.000000
-9.366226 -0.030098 0.577009 0.000000
8.872086 -0.028972 3.031174 0.000000
9.434937 -0.028466 2.524742 0.000000
-7.924461 -0.034769 0.725739 0.000000
-6.130626 -0.442200 0.004782 0.000000
1.032091 2.720961 0.004702 0.000000
-0.801780 1.616491 0.006610 0.000000
-0.105359 -0.101936 0.089091 0.000000
-0.791120 1.682204 0.005979 0.000000
7.929585 3.519013 4.936448 0.000000
7.986915 -0.023232 7.689828 0.000000
6.514062 -0.029418 6.289762 0.000000
7.909751 -0.030652 3.977459 0.000000
-9.797987 -0.024852 4.212634 0.000000
9.730185 -0.024683 4.813192 0.000000
-7.641036 -0.033251 2.920351 0.000000
9.075916 -0.022083 7.478922 0.000000
-8.893459 -0.024310 6.223024 0.000000
-9.284285 -0.022859 6.670335 0.000000
-9.718929 -0.021242 7.258121 0.000000
-9.768789 -0.022861 6.552930 0.000000
8.979293 -0.024919 5.787371 0.000000
-9.839134 -0.022329 6.101787 0.000000
8.555425 -0.026503 5.381060 0.000000
8.013945 -0.028437 4.922634 0.000000
7.016671 -0.029856 5.604866 0.000000
-7.990552 -0.029782 4.052818 0.000000
7.414908 3.558464 4.936305 0.000000
-0.651790 31.118305 2.359618 0.000000
-1.095921 29.455046 2.142917 0.000000
-1.093742 19.561279 1.552384 0.000000
-1.090305 8.443450 0.989874 0.000000
-1.094342 14.160894 1.208733 0.000000
0.749411 34.068404 2.359757 0.000000
1.093629 13.569104 1.605381 0.000000
0.206071 34.582647 2.359594 0.000000
1.095141 17.952639 1.854904 0.000000
-0.238208 34.669516 2.360966 0.000000
0.510077 29.829642 2.362150 0.000000
1.096739 25.507907 2.291697 0.000000
-0.892779 34.820270 2.358657 0.000000
0.177980 30.996439 2.355972 0.000000
0.730529 27.177511 2.360191 0.000000
-1.096627 25.214296 1.905339 0.000000
-0.574453 31.509678 2.358752 0.000000
0.308535 28.501385 2.360008 0.000000
-1.093806 17.204835 1.423265 0.000000
-1.096168 32.387122 2.289472 0.000000
-0.149776 29.823772 2.359813 0.000000
-0.162360 35.720935 2.192807 0.000000
1.096332 21.716176 1.554872 0.000000
1.091837 10.604885 1.014307 0.000000
1.095378 34.500644 1.955142 0.000000
1.094613 18.468952 1.452901 0.000000
1.090481 8.773059 1.245169 0.000000
1.095325 27.342992 2.070273 0.000000
1.092148 10.667684 1.404721 0.000000
4.660419 -0.029516 7.525475 0.000000
4.581610 -0.033019 6.634264 0.000000
-4.427202 0.792032 3.008879 0.000000
-1.092954 12.861742 0.553600 0.000000
-1.091873 9.659931 0.482306 0.000000
1.090658 9.507542 0.647076 0.000000
1.092147 12.192343 0.638499 0.000000
1.091639 10.126671 0.846095 0.000000
1.094429 22.542027 1.032781 0.000000
-1.095768 17.565067 0.898961 0.000000
-1.095905 19.935916 0.813004 0.000000
-1.092126 21.894326 0.860609 0.000000
-0.622492 35.720298 0.925758 0.000000
-1.110904 29.395004 0.762941 0.000000
-0.106062 35.720460 1.316316 0.000000
1.092276 13.109690 0.903321 0.000000
1.090058 8.726765 0.959453 0.000000
1.023555 35.720410 1.290494 0.000000
1.093881 17.527751 0.871715 0.000000
1.092387 10.815852 0.971968 0.000000
0.498494 35.720360 1.350799 0.000000
1.099584 25.329553 1.108358 0.000000
1.092938 14.065818 0.962612 0.000000
1.095749 19.237275 1.188878 0.000000
-0.713365 35.720450 1.214060 0.000000
0.242912 35.720461 1.341222 0.000000
1.135087 29.395467 1.282737 0.000000
-1.098379 30.813124 1.271578 0.000000
1.094341 21.917016 1.073450 0.000000
-7.367142 -0.025152 7.303259 0.000000
-7.163278 -0.026342 6.942168 0.000000
-6.780183 -0.028722 6.285983 0.000000
9.667880 -0.023644 5.821837 0.000000
9.260669 -0.023962 6.113891 0.000000
9.260135 -0.024833 5.542757 0.000000
8.943798 -0.025917 5.050617 0.000000
8.516285 -0.027514 4.691048 0.000000
7.662690 -0.030325 4.404251 0.000000
-9.833141 -0.021189 6.743720 0.000000
9.550239 -0.021179 7.808753 0.000000
-8.412266 -0.028491 4.374197 0.000000
9.033069 -0.030122 1.724615 0.000000
9.613538 -0.025794 4.172455 0.000000
7.908937 -0.031212 3.501518 0.000000
-9.358895 -0.027221 3.651245 0.000000
-5.778628 -0.027087 7.738683 0.000000
-1.091199 9.108523 0.892803 0.000000
-4.630458 0.045169 5.133396 0.000000
-2.595867 -0.067886 2.014770 0.000000
1.094640 16.584046 0.536292 0.000000
-7.328981 -0.023721 7.759624 0.000000
-7.922416 -0.026991 5.874806 0.000000
7.178375 -0.025390 7.421844 0.000000
8.243033 -0.023406 7.358454 0.000000
6.313664 -0.030022 6.177898 0.000000
-1.093215 13.224238 0.442080 0.000000
1.082323 32.033688 0.374498 0.000000
1.092967 16.259879 0.321273 0.000000
-1.097049 27.538380 0.450227 0.000000
1.096952 23.678771 0.335629 0.000000
-0.094260 35.719959 0.305695 0.000000
-1.094907 23.171878 0.307775 0.000000
0.308672 34.067916 0.014327 0.000000
-1.093658 15.993854 0.306737 0.000000
-1.110428 30.421312 0.131206 0.000000
-0.248363 26.218702 0.011478 0.000000
-1.093208 11.694544 0.206714 0.000000
-1.095843 19.164138 0.153410 0.000000
1.091861 10.337097 0.551964 0.000000
1.096333 23.894566 0.547344 0.000000
1.093944 13.255378 0.523340 0.000000
1.090426 8.746259 0.591746 0.000000
0.980119 35.720129 0.597206 0.000000
1.095146 18.353783 0.524122 0.000000
1.092613 11.135155 0.597378 0.000000
-0.622711 21.538379 0.009832 0.000000
0.353256 35.720035 0.475961 0.000000
1.097848 27.248201 0.576764 0.000000
1.118718 15.365216 0.467057 0.000000
-0.336520 35.720017 0.471957 0.000000
0.742272 35.720070 0.545809 0.000000
1.094856 20.501735 0.436602 0.000000
1.092335 12.094282 0.496111 0.000000
-0.949621 35.720005 0.410731 0.000000
-1.090429 7.990269 0.304438 0.000000
-1.091528 9.088041 0.231143 0.000000
-0.906107 18.480976 0.008784 0.000000
-1.092282 10.197043 0.303114 0.000000
-1.093652 15.477409 0.106069 0.000000
-1.091882 11.390192 0.007514 0.000000
-1.090370 8.731250 0.071496 0.000000
-9.534386 3.571490 4.940254 0.000000
-7.431692 -2.860573 0.004773 0.000000
-10.763965 -3.153961 -0.003114 0.000000
-18.956551 -3.605848 -0.010027 0.000000
7.949385 -2.320740 0.004359 0.000000
9.790177 -2.696860 0.004454 0.000000
24.682383 -1.786861 0.000532 0.000000
12.023635 -2.111543 0.003969 0.000000
-9.835195 -4.501455 -0.002562 0.000000
-8.993720 -3.476282 -0.001363 0.000000
-14.378714 -4.021803 -0.006553 0.000000
-7.782218 -3.649302 0.004737 0.000000
-35.603625 -6.178052 -0.022291 0.000000
-11.658966 -4.297230 -0.004267 0.000000
-23.425187 -6.044776 -0.013898 0.000000
-17.588446 -6.024143 -0.009623 0.000000
17.467973 -4.524606 0.013236 0.000000
9.874715 -3.695956 0.004751 0.000000
26.594409 -4.175946 0.018418 0.000000
12.392391 -3.355661 0.003958 0.000000
16.450287 -2.757974 0.013168 0.000000
11.983018 -1.630757 0.002595 0.000000
15.579307 -0.831834 0.002607 0.000000
9.253464 -1.546254 0.004151 0.000000
6.523998 -1.957092 0.005165 0.000000
-10.601404 -3.209188 -0.002969 0.000000
-28.258357 -0.837834 -0.015976 0.000000
-12.047654 -2.317756 -0.004115 0.000000
-23.573688 -2.088052 -0.013009 0.000000
-11.147792 -2.791677 -0.003393 0.000000
-21.154678 -2.992000 -0.011494 0.000000
-20.015898 -3.769544 -0.010855 0.000000
35.770762 -3.095626 0.024191 0.000000
13.982317 -2.651499 0.003726 0.000000
8.527310 -2.716251 0.004868 0.000000
17.748325 -2.121314 0.003385 0.000000
9.823488 -2.235840 0.004093 0.000000
-13.531482 -4.809820 -0.004287 0.000000
-11.882724 -3.461846 -0.001417 0.000000
-23.818423 -4.341170 -0.010783 0.000000
-9.805326 -3.740599 -0.001088 0.000000
-17.129264 -4.607629 -0.006714 0.000000
-8.418119 -3.996330 0.004175 0.000000
-7.831646 -3.074215 0.004662 0.000000
-33.875507 -8.189755 -0.006489 0.000000
20.767804 -1.026931 0.003321 0.000000
10.850261 -1.800458 0.002643 0.000000
25.582658 0.238040 0.002886 0.000000
7.233001 -2.113244 0.005435 0.000000
12.334854 -1.123095 0.003744 0.000000
35.060120 2.816657 0.020410 0.000000
-9.197116 -2.882084 -0.000369 0.000000
-15.035757 -3.060543 -0.005063 0.000000
8.030006 -1.643951 0.004581 0.000000
9.104528 -1.060852 0.003882 0.000000
11.135368 -3.114939 0.004170 0.000000
35.710376 -2.470640 0.019937 0.000000
4.830892 -3.079126 0.007758 0.000000
7.471051 -2.939807 0.005561 0.000000
14.286315 -2.571485 0.003385 0.000000
19.831697 -1.594560 0.000600 0.000000
10.920939 -2.145673 0.003191 0.000000
7.416854 -2.042460 0.004458 0.000000
6.434880 -3.003814 0.006585 0.000000
-8.669225 -4.205506 -0.001214 0.000000
-13.569376 -3.783946 -0.005813 0.000000
-30.858667 -5.322729 -0.018870 0.000000
-10.504137 -4.080944 -0.000156 0.000000
-4.496029 -3.653213 0.008687 0.000000
-19.220645 -5.221561 -0.010638 0.000000
-13.948456 -5.201572 -0.006515 0.000000
-35.457142 -9.267115 -0.022972 0.000000
-10.890815 -5.203015 -0.003817 0.000000
-21.271432 -7.721376 -0.012797 0.000000
15.640696 -4.052036 0.010634 0.000000
9.281413 -3.581232 0.004828 0.000000
21.667366 -3.554401 0.013166 0.000000
-8.679761 -3.350352 -0.000974 0.000000
-8.072178 -2.397804 -0.000023 0.000000
5.296563 -0.713795 0.005744 0.000000
-9.693883 -0.028958 1.008885 0.000000
9.871512 -0.028892 0.448467 0.000000
9.610363 -0.028914 1.103463 0.000000
9.048816 -0.030632 0.909262 0.000000
-8.750070 -0.163229 -0.000469 0.000000
-36.077024 7.251707 -0.019312 0.000000
-6.407381 -2.061629 0.005282 0.000000
-8.827866 -2.013461 -0.000832 0.000000
-13.481531 -1.731239 -0.005236 0.000000
-8.654388 -0.624482 -0.000419 0.000000
-5.043417 -1.335494 0.006374 0.000000
-12.955952 0.320111 -0.004354 0.000000
-8.303947 -1.042672 -0.000076 0.000000
-25.574415 3.192421 -0.000040 0.000000
-12.471168 -0.290543 -0.004056 0.000000
-8.110063 -1.247100 0.003957 0.000000
-24.801148 1.934559 -0.012907 0.000000
-12.497482 -0.772891 -0.004177 0.000000
-8.287571 -1.690715 -0.000152 0.000000
4.925540 -1.444361 0.007036 0.000000
7.626476 -0.683738 0.004379 0.000000
5.749554 -1.083930 0.005360 0.000000
15.046425 0.628828 0.013257 0.000000
-26.145810 1.174394 -0.014027 0.000000
-13.050548 -1.185520 -0.004745 0.000000
-30.338535 0.647514 -0.017039 0.000000
16.157532 -0.207879 0.001265 0.000000
9.365122 -1.273402 0.003410 0.000000
22.993580 1.555607 0.017731 0.000000
11.401300 -0.436080 0.002209 0.000000
7.405698 -1.380103 0.004278 0.000000
9.145637 -0.605812 0.003685 0.000000
23.031304 3.060212 0.018103 0.000000
11.476922 0.288381 0.001980 0.000000
4.547318 -1.388151 0.007088 0.000000
7.779586 -0.570407 0.003502 0.000000
-22.691476 -1.832631 -0.008035 0.000000
-6.277029 -2.152223 0.005886 0.000000
-20.244188 -0.486821 -0.002625 0.000000
-8.849482 -1.967371 0.003706 0.000000
-5.622623 -2.314784 0.006558 0.000000
-14.367282 -1.620943 -0.003582 0.000000
-7.509497 -2.226287 0.004858 0.000000
-37.772236 -0.052393 -0.015489 0.000000
-11.363261 -2.202865 -0.001470 0.000000
25.916557 3.419623 0.011122 0.000000
11.989249 0.012887 0.001563 0.000000
23.522871 3.793643 0.010158 0.000000
-36.655831 2.201302 -0.015487 0.000000
-5.432279 -2.167542 0.006437 0.000000
-14.410988 -0.716827 -0.003827 0.000000
-7.307631 -1.854063 0.004917 0.000000
8.564992 -0.030660 2.417422 0.000000
-9.801270 -0.028632 1.436463 0.000000
4.641683 -0.222520 0.005796 0.000000
3.984030 -0.493886 0.006943 0.000000
-5.406215 -1.137760 0.005855 0.000000
-7.258303 -0.501186 0.004011 0.000000
9.621312 -0.028565 1.352538 0.000000
-9.400989 -0.194972 0.002805 0.000000
-7.759385 -0.408341 0.003875 0.000000
-11.307129 0.374969 -0.002128 0.000000
-21.636312 3.053462 -0.000164 0.000000
-8.335513 -0.631164 0.003730 0.000000
-27.848367 3.908306 -0.011831 0.000000
-9.194683 -0.693247 -0.000202 0.000000
-15.394384 0.516196 -0.001315 0.000000
24.005310 -1.953576 0.012423 0.000000
11.987855 -2.200429 0.002611 0.000000
5.980380 -2.473251 0.006232 0.000000
9.522491 -2.669891 0.004784 0.000000
-18.936548 -6.597000 -0.005711 0.000000
-9.610052 -3.664877 -0.000094 0.000000
-16.128365 -4.559518 -0.001089 0.000000
-5.328607 -3.782995 0.007184 0.000000
-12.516405 -4.604934 -0.002160 0.000000
-6.993077 -4.030574 0.005570 0.000000
-27.401304 -7.027742 -0.010078 0.000000
-10.216239 -4.742575 -0.000423 0.000000
-22.789232 -4.086168 -0.008306 0.000000
17.008770 -4.681860 0.010470 0.000000
9.692836 -3.644677 0.005061 0.000000
25.614566 -4.419557 0.013575 0.000000
6.716384 -3.413690 0.008934 0.000000
12.086563 -3.449351 0.008896 0.000000
5.133238 -3.220340 0.009879 0.000000
16.069471 -2.844606 0.003289 0.000000
5.869451 -3.070496 0.006908 0.000000
-11.830696 -3.355303 -0.001910 0.000000
-9.563791 -2.245934 -0.000355 0.000000
-15.378662 -2.058052 -0.004552 0.000000
-8.490735 -2.749718 0.004533 0.000000
-38.772649 -1.306647 -0.016861 0.000000
-13.208342 -2.688208 -0.003016 0.000000
-28.805760 -2.837186 -0.011659 0.000000
-23.903243 -3.787498 -0.008954 0.000000
-10.849167 -3.565173 -0.000869 0.000000
-21.203561 -4.530501 -0.007367 0.000000
10.081934 -2.181642 0.003443 0.000000
22.871848 -3.744857 0.012367 0.000000
11.269243 -3.071614 0.002815 0.000000
35.222760 -2.755579 0.017180 0.000000
5.419747 -2.940899 0.007307 0.000000
18.132757 -1.859866 0.002559 0.000000
26.793443 -0.399467 0.013188 0.000000
12.439808 -1.575824 0.004464 0.000000
8.038495 -1.910030 0.004757 0.000000
-10.659182 -2.612857 -0.000853 0.000000
-19.447821 -2.618234 -0.006204 0.000000
-8.857456 -2.951740 0.003772 0.000000
-14.553852 -3.007107 -0.003086 0.000000
5.717293 -1.742928 0.005751 0.000000
10.368219 -1.484550 0.002708 0.000000
-38.135340 -4.160357 -0.014749 0.000000
-11.685968 -3.557143 -0.001400 0.000000
-23.888736 -4.573186 -0.008027 0.000000
-9.914022 -3.838107 -0.000012 0.000000
-17.767027 -4.839222 -0.004829 0.000000
17.143508 -1.527185 0.002941 0.000000
18.572614 -0.698392 0.002232 0.000000
20.959695 0.262266 0.000968 0.000000
7.082397 -1.832643 0.004614 0.000000
11.083144 -0.872181 0.002490 0.000000
25.540482 2.107537 0.011287 0.000000
5.338178 -2.172482 0.007030 0.000000
12.605579 -0.244423 0.007833 0.000000
8.296235 -2.470320 0.004804 0.000000
16.976747 -1.546161 0.001779 0.000000
12.932491 -2.301319 0.003335 0.000000
-11.322883 -5.155495 -0.000848 0.000000
-32.700805 -5.199244 -0.005722 0.000000
-10.798713 -3.935278 -0.000681 0.000000
-20.081583 -5.100147 -0.006000 0.000000
-8.847659 -4.046478 0.004771 0.000000
-14.504944 -5.122153 -0.002914 0.000000
-7.576126 -4.392004 0.005550 0.000000
-23.064190 -7.842192 -0.006936 0.000000
14.965276 -3.741375 0.009185 0.000000
8.933892 -3.276305 0.008248 0.000000
19.516297 -3.170807 0.010391 0.000000
6.200120 -3.102563 0.006482 0.000000
10.583802 -2.825914 0.002559 0.000000
28.229059 -2.118652 0.013236 0.000000
4.816434 -2.969110 0.007894 0.000000
-8.765349 -3.382256 0.003970 0.000000
-13.833896 -3.658152 -0.002797 0.000000
6.639224 3.538997 4.933122 0.000000
-1.095944 19.554592 0.446215 0.000000
-1.093747 13.807069 0.596499 0.000000
-1.092822 10.683691 0.251042 0.000000
-1.090982 8.306089 0.281501 0.000000
-0.014669 35.720089 0.656302 0.000000
-0.664260 33.569252 -0.014177 0.000000
-1.094484 15.628263 0.084724 0.000000
0.593716 35.720145 0.732427 0.000000
-1.093943 18.539454 0.011946 0.000000
-1.092527 13.007750 0.360932 0.000000
-1.093141 22.880236 0.323878 0.000000
-1.091057 9.812680 0.392721 0.000000
-1.094003 15.605379 0.270461 0.000000
-1.093340 30.085674 0.494003 0.000000
-0.716126 16.190361 -0.004241 0.000000
1.100757 32.762865 0.015730 0.000000
0.605784 12.959203 -0.003956 0.000000
1.092290 10.593925 0.564867 0.000000
0.409971 13.167341 -0.004398 0.000000
1.094977 20.408440 0.086138 0.000000
1.093182 13.649111 0.475996 0.000000
0.145259 13.508650 -0.006097 0.000000
1.094060 18.699406 0.526152 0.000000
1.093557 12.461940 0.744340 0.000000
-0.139016 14.042565 -0.001589 0.000000
0.527727 33.533212 -0.007014 0.000000
1.099553 27.808777 0.451498 0.000000
1.095284 16.573436 0.797599 0.000000
-0.458942 14.810867 -0.004337 0.000000
-0.011657 33.188500 -0.015757 0.000000
1.096030 23.269107 0.618498 0.000000
1.093072 11.186527 0.017965 0.000000
0.956902 12.941546 -0.000747 0.000000
1.092501 10.813275 0.329384 0.000000
7.416317 -0.024695 7.531572 0.000000
7.204670 -0.025894 7.024461 0.000000
7.112640 -0.027064 6.690508 0.000000
5.509553 -0.038535 4.205043 0.000000
-9.551396 -0.021398 7.593848 0.000000
1.092269 12.599163 1.258569 0.000000
1.092546 10.969401 1.166152 0.000000
1.090960 9.978808 1.176573 0.000000
1.096067 19.440347 1.563578 0.000000
1.095053 29.524961 1.917934 0.000000
1.093556 16.452520 1.410851 0.000000
1.096306 23.328708 1.891910 0.000000
1.093325 13.935545 1.527557 0.000000
1.090609 9.423346 1.327946 0.000000
0.047556 31.745680 2.363102 0.000000
-1.097660 26.585373 1.886533 0.000000
-0.568032 33.237183 2.362023 0.000000
-1.095606 17.954568 1.535105 0.000000
-1.096661 34.884614 2.334279 0.000000
-1.096046 20.062958 1.612202 0.000000
-1.093544 13.287302 1.271246 0.000000
-1.097052 23.017113 1.637602 0.000000
-1.092061 10.256235 1.103632 0.000000
-1.094361 16.118586 1.296158 0.000000
1.096963 21.014427 1.870559 0.000000
1.095886 33.940586 2.223707 0.000000
1.094750 18.684120 1.795150 0.000000
1.093196 11.845877 1.516835 0.000000
0.446753 34.383995 2.356056 0.000000
1.095504 27.393473 2.361098 0.000000
-0.019694 34.581544 2.331531 0.000000
0.738882 30.635624 2.364673 0.000000
-1.096809 22.940020 1.758599 0.000000
-0.777692 34.706522 2.358288 0.000000
0.286675 31.674656 2.359153 0.000000
1.049101 28.614241 2.359286 0.000000
-1.098067 31.155166 2.118688 0.000000
-0.271937 32.540107 2.360756 0.000000
0.506284 30.237672 2.359069 0.000000
-1.093055 12.148842 1.156927 0.000000
-6.327073 -0.027320 7.051095 0.000000
-5.888354 -0.031090 6.276104 0.000000
-8.479876 3.589685 4.937904 0.000000
-4.874387 0.016942 5.092452 0.000000
0.671105 1.082912 0.007680 0.000000
0.509248 0.761677 0.008317 0.000000
0.216674 -0.127182 0.089148 0.000000
6.637758 -0.031698 5.214501 0.000000
8.081698 -0.026492 5.943694 0.000000
-9.010217 -0.026648 4.931465 0.000000
-9.401763 -0.024388 5.207767 0.000000
-9.803097 -0.024496 4.800944 0.000000
-6.220492 -0.026109 7.597183 0.000000
-1.090017 8.078579 0.778160 0.000000
-1.092350 12.046296 0.783560 0.000000
-1.090891 9.410739 0.757086 0.000000
-1.093726 16.299789 0.879018 0.000000
1.090246 8.526489 0.521069 0.000000
1.091696 10.855202 0.481891 0.000000
-1.094424 17.791013 0.587768 0.000000
-1.095458 35.426706 0.878245 0.000000
-1.093542 12.731912 0.472446 0.000000
-1.096103 21.464935 0.690236 0.000000
-1.082459 27.658566 1.082476 0.000000
-1.093967 13.273903 0.611671 0.000000
-1.096568 23.312328 1.005332 0.000000
1.092095 11.778589 1.013791 0.000000
1.094356 20.911326 0.470869 0.000000
1.093628 13.999263 0.705701 0.000000
1.113273 33.719774 0.481636 0.000000
1.095225 19.121521 0.756852 0.000000
1.093111 12.809204 0.889130 0.000000
1.090960 9.288410 0.906542 0.000000
1.123744 29.395255 0.871077 0.000000
1.095373 24.559156 1.085255 0.000000
1.106412 20.700144 1.309251 0.000000
-0.429755 35.720195 0.816679 0.000000
-3.973441 0.788949 3.006613 0.000000
5.952596 -0.032704 5.564755 0.000000
-0.245372 12.354341 -0.003075 0.000000
0.830073 13.673197 -0.003255 0.000000
0.304868 12.253844 -0.003214 0.000000
0.677643 12.530338 -0.004320 0.000000
-0.145620 12.249766 -0.004311 0.000000
0.773506 11.724643 -0.014910 0.000000
0.511714 12.525324 -0.003717 0.000000
0.048608 11.082396 -0.002555 0.000000
0.455761 10.459399 -0.002088 0.000000
-0.093401 10.755463 -0.004537 0.000000
0.232562 9.522747 -0.000422 0.000000
-0.656009 13.067270 -0.004327 0.000000
-0.219894 10.260074 -0.002676 0.000000
0.188030 8.681951 -0.001142 0.000000
0.390571 7.709652 -0.000983 0.000000
1.090530 9.229434 0.127884 0.000000
1.092812 11.992699 0.104078 0.000000
0.971291 31.749273 2.358656 0.000000
1.060900 33.576657 2.357730 0.000000
1.095420 17.914681 1.757579 0.000000
1.092234 11.232798 1.294328 0.000000
-0.547787 35.720997 2.262210 0.000000
0.519867 34.077234 2.357592 0.000000
1.094717 25.625896 2.146701 0.000000
1.096980 22.417691 1.695706 0.000000
1.095209 19.734884 1.661494 0.000000
-1.096098 23.643689 1.650777 0.000000
0.288034 32.911534 2.358306 0.000000
1.021790 29.454876 2.361619 0.000000
-1.093608 16.465491 1.369119 0.000000
-1.095309 32.782292 2.264932 0.000000
-0.118492 33.898147 2.360682 0.000000
0.727519 32.365926 2.361071 0.000000
-1.096640 20.955918 1.696764 0.000000
-0.793147 34.866639 2.357937 0.000000
1.092602 12.256876 1.272123 0.000000
1.117566 29.395801 1.901177 0.000000
1.094069 16.142150 1.468985 0.000000
-1.092895 13.465023 1.013055 0.000000
0.114685 34.234583 2.361089 0.000000
-1.091204 9.728912 1.071606 0.000000
-1.081890 27.797607 1.935597 0.000000
-1.092213 11.212554 1.121182 0.000000
-1.096055 18.597116 1.582869 0.000000
-1.091698 8.938107 1.065076 0.000000
-1.095427 23.624586 1.598585 0.000000
-9.630094 -0.023032 6.135417 0.000000
8.374872 -0.022920 7.525836 0.000000
7.896422 -0.024221 7.197602 0.000000
8.226858 -0.024505 6.859324 0.000000
6.184186 -0.033196 5.154936 0.000000
-9.289587 -0.028451 2.547781 0.000000
7.873566 -0.029109 4.855076 0.000000
-8.988643 -0.023249 6.756720 0.000000
0.602098 2.668296 -0.000850 0.000000
0.487330 2.428477 -0.000175 0.000000
0.730021 2.949665 -0.001607 0.000000
0.011412 1.619616 0.006586 0.000000
1.233210 4.160635 -0.004538 0.000000
0.926504 2.331201 -0.000304 0.000000
1.462276 4.747937 -0.005824 0.000000
1.039536 3.679797 -0.003427 0.000000
0.874788 3.283959 -0.002463 0.000000
-0.655450 0.763106 0.008640 0.000000
-1.055174 13.589959 -0.016207 0.000000
-9.098794 -0.030125 1.682073 0.000000
-9.826311 -0.028113 1.205767 0.000000
-8.378712 -0.032497 1.780870 0.000000
-9.739966 -0.027845 2.270960 0.000000
9.603330 -0.028512 1.825447 0.000000
-5.664972 -1.424593 0.006029 0.000000
11.311602 -1.011126 -0.005277 0.000000
39.125820 4.214580 -0.028773 0.000000
7.490906 -1.540430 -0.000909 0.000000
14.462176 -0.070526 -0.008775 0.000000
20.835158 1.735382 -0.015063 0.000000
22.530899 0.541085 -0.014865 0.000000
10.918435 -0.325014 -0.005709 0.000000
7.353617 -1.066340 -0.001313 0.000000
-7.294338 -1.225815 0.004625 0.000000
-10.141380 -0.756327 0.002370 0.000000
-6.999250 -1.417202 0.004543 0.000000
-9.688331 -1.137358 0.002923 0.000000
-15.708215 -0.311137 0.001735 0.000000
-9.497885 -1.463781 0.003160 0.000000
-15.602789 -0.908168 0.001622 0.000000
-9.409469 -1.884444 0.003346 0.000000
-16.267762 -1.432582 0.002229 0.000000
16.329851 -0.909849 -0.009205 0.000000
6.516324 -0.183510 -0.001421 0.000000
6.405898 -0.777396 -0.000485 0.000000
7.854623 -0.135753 -0.003026 0.000000
7.061504 -0.173255 -0.002092 0.000000
-30.547688 5.772372 0.008874 0.000000
-8.974718 -0.551380 0.002778 0.000000
-14.392183 0.698419 0.002116 0.000000
-37.772401 6.266688 0.012177 0.000000
9.076704 -0.044328 -0.004371 0.000000
-1.022198 6.724674 -0.000394 0.000000
-0.692604 4.360186 -0.002986 0.000000
-1.244255 6.793342 -0.000230 0.000000
-0.934678 4.086943 -0.001372 0.000000
-1.539232 6.620778 -0.000074 0.000000
-1.637573 6.824477 -0.006555 0.000000
-1.035780 4.000360 -0.002130 0.000000
-1.156785 3.962910 -0.001998 0.000000
-0.555222 10.131098 -0.001781 0.000000
-0.068266 8.009710 -0.000575 0.000000
-0.754910 10.031019 -0.001682 0.000000
-0.334884 7.779072 -0.000928 0.000000
-1.090146 8.223827 0.006260 0.000000
-0.908195 10.059086 -0.002746 0.000000
-0.581398 7.280649 -0.000393 0.000000
-0.202984 5.603125 -0.005441 0.000000
-0.746482 6.832614 -0.000282 0.000000
-0.614446 6.657004 -0.000221 0.000000
-0.583459 4.973142 -0.002978 0.000000
-0.815493 6.666567 -0.000249 0.000000
-0.578068 4.571239 -0.003435 0.000000
-9.401562 -0.021797 7.220090 0.000000
-9.851995 -0.020331 7.731131 0.000000
-8.900008 -0.022771 7.482934 0.000000
-7.618596 -0.025752 6.796249 0.000000
6.217858 -0.032625 5.270096 0.000000
-8.344420 -0.023112 7.579640 0.000000
8.610227 -0.022536 7.658893 0.000000
7.802498 -0.025129 6.945590 0.000000
7.382565 -0.026127 6.812272 0.000000
9.728774 -0.021529 6.911557 0.000000
9.326881 -0.022973 6.583481 0.000000
8.870747 -0.024565 6.122067 0.000000
-18.511588 -1.448385 0.007306 0.000000
-10.377907 -2.374840 0.003351 0.000000
19.022672 -1.315334 -0.005585 0.000000
10.311456 -1.890555 -0.000572 0.000000
27.129678 0.264921 -0.009950 0.000000
-10.412805 -1.883628 0.003474 0.000000
15.992890 -0.311212 -0.004835 0.000000
23.235170 1.545327 -0.009223 0.000000
11.597879 -0.528225 -0.002335 0.000000
-20.229790 0.208268 0.002801 0.000000
-10.630741 -1.502028 0.003293 0.000000
-18.928364 -0.723016 0.000204 0.000000
7.782435 -1.388837 0.004573 0.000000
-22.276840 -4.479515 0.010158 0.000000
-5.901630 -3.705266 0.006940 0.000000
-15.578261 -4.765900 0.006703 0.000000
-7.964219 -4.100074 0.005496 0.000000
-11.716798 -3.498827 0.003098 0.000000
-11.812998 -4.735613 0.004313 0.000000
-6.615033 -4.159002 0.005811 0.000000
-24.826718 -7.148663 0.012522 0.000000
-9.753289 -4.961218 0.005005 0.000000
-17.109028 -6.612045 0.010239 0.000000
29.476305 -6.088323 -0.008373 0.000000
12.784933 -4.101532 -0.001500 0.000000
8.197401 -3.539929 0.004736 0.000000
17.338840 -3.746508 -0.004520 0.000000
5.834290 -3.241343 0.006888 0.000000
-7.985689 -3.325463 0.005083 0.000000
27.064775 -2.982195 -0.007852 0.000000
12.601415 -2.765282 -0.001447 0.000000
8.002539 -2.791802 0.005242 0.000000
17.315005 -1.993667 -0.004370 0.000000
10.062266 -2.238023 -0.000166 0.000000
-6.970122 -2.434332 0.004900 0.000000
-9.617309 -2.712905 0.004292 0.000000
-15.425883 -2.777329 0.001441 0.000000
8.628419 -2.061580 0.004736 0.000000
10.773986 -2.330092 -0.000595 0.000000
32.801838 -0.343265 -0.011730 0.000000
7.389574 -2.528970 0.004781 0.000000
13.709587 -1.652427 -0.002788 0.000000
6.219711 -2.681656 0.006360 0.000000
6.310976 -2.042272 0.005277 0.000000
-18.393402 -5.008891 0.002849 0.000000
-39.409834 -2.779723 0.014139 0.000000
-12.915234 -3.191170 0.007427 0.000000
-27.373472 -3.898532 0.011197 0.000000
-11.339512 -3.605707 0.003143 0.000000
-21.724701 -4.495350 0.001087 0.000000
-10.040458 -3.993333 0.004663 0.000000
24.194042 -4.291408 -0.005879 0.000000
11.686134 -3.405461 -0.000494 0.000000
14.718317 -2.912560 -0.002509 0.000000
20.125577 -2.105175 -0.005563 0.000000
-9.847926 -0.027607 1.933301 0.000000
-4.844130 -0.230831 0.005771 0.000000
9.902280 -0.026591 2.800284 0.000000
-9.390048 -0.027241 3.113295 0.000000
9.669782 -0.027115 3.292560 0.000000
2.762595 -0.604121 0.009242 0.000000
-12.337933 0.306440 0.001146 0.000000
-8.347791 -0.311553 0.002975 0.000000
-23.784084 3.807259 0.005548 0.000000
-25.450778 3.241211 0.006431 0.000000
-13.090809 -0.073471 0.005581 0.000000
-30.185323 3.168113 0.007957 0.000000
27.920441 4.069484 -0.013427 0.000000
12.478443 0.412304 -0.003833 0.000000
7.820114 -0.607417 0.003788 0.000000
17.947900 2.284884 -0.007946 0.000000
9.311063 -0.030407 0.202869 0.000000
6.901635 -0.761444 0.004047 0.000000
6.125718 -0.637567 0.005221 0.000000
5.066330 -0.255320 0.005379 0.000000
-14.862100 1.411896 0.001703 0.000000
-6.464278 -0.991831 0.004626 0.000000
-5.334035 -1.204186 0.006123 0.000000
-6.817713 -0.836152 0.004526 0.000000
-17.325374 1.445090 0.000740 0.000000
9.334614 -0.028343 2.504151 0.000000
-6.284033 -0.649268 0.004854 0.000000
14.481733 -2.543145 -0.002622 0.000000
18.519693 -1.689342 -0.005119 0.000000
26.419644 -0.111739 -0.009430 0.000000
12.764158 -1.204560 -0.004185 0.000000
-6.757072 -3.323847 0.005567 0.000000
-23.597660 -4.264151 0.002451 0.000000
-9.434799 -3.622518 0.003953 0.000000
-16.110368 -4.401343 0.001886 0.000000
6.243040 -1.975857 0.005706 0.000000
-12.566447 -4.728994 0.004010 0.000000
-27.011822 -7.159359 0.013149 0.000000
-10.148491 -4.677027 0.005368 0.000000
-18.298380 -6.622882 0.010511 0.000000
25.887897 -3.700271 -0.006932 0.000000
11.982448 -3.099269 -0.000868 0.000000
38.458593 -2.497187 -0.012453 0.000000
-11.966279 -3.429150 0.003939 0.000000
5.044958 -0.472018 0.005473 0.000000
32.170136 6.533058 -0.014811 0.000000
8.184381 -0.385033 0.003159 0.000000
-12.580984 -0.564195 0.001635 0.000000
-26.285410 1.631610 0.002835 0.000000
-15.922031 -0.499789 0.005797 0.000000
-7.738224 -1.923919 0.004490 0.000000
-11.695768 -1.594064 0.002678 0.000000
-23.243416 -0.259894 0.007193 0.000000
-33.312620 -3.178099 0.012503 0.000000
-11.086442 -3.265127 0.002969 0.000000
-21.685842 -3.814423 0.002059 0.000000
-9.480862 -3.440979 0.004516 0.000000
-16.403586 -4.292085 0.003050 0.000000
31.447376 0.793538 -0.011947 0.000000
13.108570 -1.168202 -0.002778 0.000000
33.304876 2.317533 -0.013620 0.000000
13.774925 -0.534552 -0.003568 0.000000
38.726204 4.691934 -0.017137 0.000000
8.474680 -1.321875 0.003813 0.000000
14.877393 0.238492 -0.004651 0.000000
9.175843 -0.826883 -0.000494 0.000000
16.980737 1.355626 -0.006407 0.000000
-18.375420 -2.224234 0.007774 0.000000
-8.742828 -2.770858 0.003854 0.000000
-13.779003 -2.861879 0.002178 0.000000
10.104756 -0.215386 -0.001603 0.000000
7.097557 -0.884935 0.004004 0.000000
-9.817736 -0.025969 3.666978 0.000000
-0.474336 3.000484 0.003731 0.000000
-0.518142 3.604411 0.003014 0.000000
-0.951346 2.591821 0.004311 0.000000
-1.052088 2.908438 0.003903 0.000000
-0.654527 3.381470 0.003611 0.000000
0.866571 1.623545 0.006193 0.000000
1.268787 3.786169 0.003081 0.000000
1.055777 3.254143 0.003826 0.000000
0.813502 3.077694 0.004064 0.000000
1.533654 6.298323 0.000750 0.000000
0.783966 2.924461 0.003728 0.000000
0.654888 2.684987 0.004122 0.000000
1.068167 5.034832 0.001090 0.000000
0.111399 4.689584 0.001729 0.000000
-0.157815 3.141467 0.003649 0.000000
0.198339 4.480116 0.002051 0.000000
-0.586510 1.762467 0.005853 0.000000
-0.377520 3.175262 0.003480 0.000000
-0.163694 4.035562 0.002551 0.000000
-0.731301 2.012648 0.005329 0.000000
-0.369699 3.843340 0.003085 0.000000
0.537008 2.480479 0.004477 0.000000
0.660096 4.397809 0.002749 0.000000
0.512353 4.012515 0.003162 0.000000
1.065078 7.248516 0.000262 0.000000
0.448391 3.939659 0.002670 0.000000
0.709068 6.510906 0.000296 0.000000
0.086202 2.305618 0.005277 0.000000
0.380584 3.687453 0.003535 0.000000
0.546000 5.917314 0.000952 0.000000
-9.467707 -0.023282 6.555010 0.000000
8.129876 -0.023706 7.460037 0.000000
5.725705 -0.447912 0.005442 0.000000
-19.479269 0.200068 -0.005893 0.000000
-8.481185 -1.670978 0.003594 0.000000
-13.446014 -1.075026 -0.002544 0.000000
-32.200643 1.003468 -0.012134 0.000000
2.762089 -1.275320 0.010728 0.000000
-6.500429 -1.486856 0.005316 0.000000
-7.817787 -0.942043 0.003592 0.000000
-12.069585 -0.174979 -0.001531 0.000000
-24.458106 2.312986 -0.008179 0.000000
-9.104604 -1.124379 0.002910 0.000000
-14.614020 -0.064167 -0.003158 0.000000
-38.027133 3.975579 -0.014441 0.000000
-10.616428 -1.062539 -0.000563 0.000000
16.867631 -0.123103 0.010328 0.000000
9.485434 -1.132941 0.003724 0.000000
16.932917 0.411265 0.001218 0.000000
9.615138 -0.763531 0.003993 0.000000
17.862022 1.455767 0.010844 0.000000
19.853886 2.738320 0.011684 0.000000
4.255241 -1.455959 0.008004 0.000000
5.717468 -0.803034 0.005082 0.000000
-9.822943 -0.026926 2.632981 0.000000
-7.691460 -0.284991 0.003222 0.000000
-9.800122 -0.029014 0.286926 0.000000
-4.561861 -1.193442 0.007113 0.000000
-5.581254 -0.648081 0.005397 0.000000
-9.742105 3.342466 4.807035 0.000000
7.318211 -0.030876 4.781904 0.000000
9.627005 -0.021680 7.229709 0.000000
8.694834 -0.024209 6.382038 0.000000
8.232193 -0.026245 5.896213 0.000000
6.870777 -0.028419 6.227221 0.000000
-8.535758 -0.023652 6.844143 0.000000
-0.734348 4.258866 0.002067 0.000000
-0.839597 4.595573 0.002190 0.000000
-0.567536 2.334176 0.005356 0.000000
1.025475 5.431818 0.001770 0.000000
0.059422 3.998398 0.002927 0.000000
-0.054481 3.969428 0.002427 0.000000
-1.384205 5.577874 0.001185 0.000000
-1.540307 5.999824 0.000022 0.000000
-0.932092 2.372690 0.005170 0.000000
1.483422 7.232513 0.000466 0.000000
1.458028 6.826226 0.000719 0.000000
1.257163 6.128141 0.001193 0.000000
0.815768 5.172263 0.001321 0.000000
0.726135 4.674335 0.002212 0.000000
1.726879 6.572679 0.004952 0.000000
1.395224 5.459831 0.000987 0.000000
9.875655 -0.022870 5.924306 0.000000
9.433368 -0.025923 4.497901 0.000000
-1.096602 26.563505 1.537832 0.000000
-1.093963 17.869184 1.262202 0.000000
-1.024383 35.720897 2.134198 0.000000
-1.092685 13.117977 1.068289 0.000000
-1.097466 24.769250 1.138354 0.000000
1.097118 33.244541 1.671093 0.000000
1.093932 18.371311 1.400875 0.000000
1.093286 12.124202 1.225238 0.000000
0.514562 35.720663 1.728827 0.000000
1.095020 26.742474 1.652388 0.000000
1.094692 15.664547 1.461049 0.000000
1.096404 21.796459 1.782304 0.000000
1.046497 32.932748 2.362269 0.000000
-1.095171 16.619515 0.982081 0.000000
-1.098202 32.354379 1.676529 0.000000
0.785598 35.720995 2.325749 0.000000
-1.096307 20.592082 1.234018 0.000000
-0.860075 35.720662 1.963060 0.000000
0.027044 35.721002 2.322896 0.000000
3.768744 1.185497 3.301078 0.000000
-7.430123 -0.026092 6.587706 0.000000
-8.286475 -0.022034 7.794776 0.000000
1.092141 12.252380 0.627371 0.000000
1.093050 11.521886 0.916439 0.000000
1.087593 24.333067 1.028870 0.000000
0.845683 35.720470 1.358702 0.000000
1.094963 21.392177 1.311812 0.000000
-1.103517 24.910429 1.261451 0.000000
4.968687 -0.028606 7.638754 0.000000
1.090187 8.222901 0.818254 0.000000
1.091669 10.524128 0.998422 0.000000
1.093083 13.574992 1.026529 0.000000
-1.094660 22.595332 1.462336 0.000000
1.094758 17.871964 1.558570 0.000000
-1.097454 25.826380 1.518759 0.000000
-1.094967 17.552630 1.319648 0.000000
-1.094217 15.731344 1.094550 0.000000
-1.097952 30.310880 1.652698 0.000000
-1.094897 19.448472 1.256309 0.000000
1.093861 18.321946 1.323798 0.000000
1.096935 26.789192 1.470005 0.000000
1.087596 31.293989 1.889743 0.000000
-0.305376 35.720767 1.874014 0.000000
1.093267 13.381886 1.350677 0.000000
9.324060 -0.025189 5.018338 0.000000
8.899037 -0.026715 4.796419 0.000000
-9.272072 -0.021238 7.694275 0.000000
9.401495 -0.022104 7.118251 0.000000
9.153413 -0.023243 6.715132 0.000000
-9.882311 -0.021395 6.886700 0.000000
9.891527 -0.026389 3.010619 0.000000
9.201383 -0.028621 3.003026 0.000000
-1.094974 16.007036 0.559115 0.000000
-1.092585 11.730778 0.525995 0.000000
-1.090999 8.867024 0.574986 0.000000
-1.095688 23.719257 0.628233 0.000000
1.092052 10.219949 0.777447 0.000000
1.093575 13.394306 0.750665 0.000000
1.090232 8.910330 0.657072 0.000000
1.095458 17.944887 0.947999 0.000000
1.097388 26.014140 1.133366 0.000000
-1.095138 15.630555 0.942226 0.000000
1.095021 25.473891 1.113157 0.000000
-1.017718 35.720406 1.278897 0.000000
-1.092601 12.880737 0.868846 0.000000
-1.096512 22.396630 0.892278 0.000000
-0.210222 35.720140 0.805541 0.000000
-1.091915 19.185562 0.666789 0.000000
-0.802300 35.720147 0.819813 0.000000
-1.092985 13.718271 0.692788 0.000000
1.096354 19.905203 0.995331 0.000000
1.092579 11.971947 0.943952 0.000000
1.089914 8.015012 0.931930 0.000000
1.108679 30.028081 1.223033 0.000000
1.093490 15.789731 0.874915 0.000000
1.094828 22.192897 1.026645 0.000000
1.111133 35.430427 1.319293 0.000000
1.093707 17.229988 0.905472 0.000000
-0.410728 35.720418 1.375609 0.000000
-4.297174 0.790969 2.995850 0.000000
-8.878837 3.537734 4.938991 0.000000
-4.789554 -0.035761 5.812843 0.000000
11.265286 -2.211381 0.003162 0.000000
39.769662 -3.209373 0.009256 0.000000
-18.840908 -6.037116 -0.000854 0.000000
-8.402467 -4.590626 0.006125 0.000000
-13.706819 -5.910265 0.003879 0.000000
-36.194292 -11.150406 -0.003843 0.000000
15.823420 -4.422057 0.004378 0.000000
9.247674 -3.657672 0.005244 0.000000
22.728593 -4.056272 0.006743 0.000000
11.440775 -3.229356 0.004024 0.000000
-10.356228 -4.482368 0.004620 0.000000
14.842443 -2.802279 0.004528 0.000000
9.178372 -2.722269 0.004483 0.000000
21.260121 -1.933874 0.002314 0.000000
-17.832274 -4.081239 -0.001104 0.000000
-29.399297 -6.493975 -0.003603 0.000000
-13.512549 -2.836771 0.003251 0.000000
-28.924692 -3.292490 -0.004736 0.000000
-20.633571 -4.006541 -0.002200 0.000000
-16.301878 -4.439968 -0.000647 0.000000
-13.629045 -4.755834 0.000473 0.000000
-35.004969 -8.178633 -0.004817 0.000000
17.563389 -4.317764 0.006256 0.000000
9.837925 -3.554515 0.006144 0.000000
-6.533016 -2.745916 0.005248 0.000000
25.698664 -3.839751 0.007091 0.000000
15.750523 -2.717077 0.003077 0.000000
9.391678 -2.402744 0.004584 0.000000
22.610318 -1.568703 0.005968 0.000000
11.464928 -2.055190 0.002410 0.000000
-9.833517 -2.243049 0.003124 0.000000
-12.345086 -1.907848 0.001968 0.000000
-25.744409 -1.116088 -0.003929 0.000000
-17.538894 -2.368452 -0.002028 0.000000
-13.455651 -2.707731 0.002234 0.000000
-32.214240 -3.070142 -0.004852 0.000000
-11.097062 -3.126817 0.002935 0.000000
23.285766 -0.974092 0.005509 0.000000
7.126288 -2.522648 0.004971 0.000000
11.770814 -1.759484 0.005162 0.000000
33.091340 1.154148 0.006219 0.000000
14.086917 -0.986781 0.000470 0.000000
10.103513 -2.243621 0.003272 0.000000
8.942490 -1.416165 0.003270 0.000000
-9.208276 -3.834825 0.003982 0.000000
-14.011841 -3.330812 0.002589 0.000000
-34.256942 -4.315431 -0.005443 0.000000
-11.134823 -3.688679 0.003953 0.000000
-6.573111 -3.493290 0.005759 0.000000
-21.196312 -4.604902 -0.001981 0.000000
-15.492661 -4.784263 -0.000095 0.000000
-12.214037 -4.916090 0.004293 0.000000
-27.222021 -7.801846 -0.002665 0.000000
15.453021 -2.814651 0.003079 0.000000
18.323767 -2.027359 0.004466 0.000000
-8.967669 -3.102568 0.002811 0.000000
-6.996229 -0.742587 0.003938 0.000000
-32.028796 6.166728 -0.008431 0.000000
-14.007828 0.705400 -0.001397 0.000000
-31.722610 4.970644 -0.000506 0.000000
-14.239406 0.197661 -0.001313 0.000000
-35.026226 4.302835 -0.003872 0.000000
-4.625041 -0.439536 0.006238 0.000000
-15.230923 -0.188221 -0.001563 0.000000
-16.558691 -1.456077 -0.001638 0.000000
-9.547871 -2.392744 0.004180 0.000000
-15.699884 -2.149085 -0.000058 0.000000
-9.028572 -2.706700 0.003750 0.000000
-15.453438 -2.728972 -0.002915 0.000000
14.874486 -2.303443 0.003294 0.000000
8.928483 -2.271581 0.004643 0.000000
19.217005 -1.309588 0.000849 0.000000
-6.705113 -2.211767 0.005223 0.000000
28.248233 0.277212 0.006510 0.000000
16.771219 -0.322590 0.000321 0.000000
-7.465452 -1.619308 0.004141 0.000000
-7.127542 -2.037293 0.004668 0.000000
-18.333951 -0.599408 -0.002512 0.000000
9.629253 -1.371316 0.003356 0.000000
31.017280 3.235288 0.006077 0.000000
12.961001 -0.139840 0.002854 0.000000
8.084281 -1.099428 0.003513 0.000000
17.979879 1.395390 0.004691 0.000000
9.828956 -0.283877 0.003169 0.000000
31.024317 5.254254 0.005452 0.000000
13.102835 0.785358 0.000627 0.000000
-21.927114 -3.759097 -0.002116 0.000000
-27.196944 3.178339 0.009334 0.000000
-9.235215 -0.904603 0.003251 0.000000
-15.338684 0.208688 0.000981 0.000000
-7.560673 -1.574510 0.004565 0.000000
-10.893180 -0.930984 0.002690 0.000000
-20.686784 0.551167 0.000161 0.000000
-20.997423 2.399586 0.000023 0.000000
8.439806 -0.224429 -0.000049 0.000000
12.852670 0.249295 -0.002082 0.000000
30.159281 5.492488 -0.021598 0.000000
8.268349 -0.675379 -0.001898 0.000000
29.501139 4.120434 -0.020005 0.000000
6.218652 -0.909741 0.004699 0.000000
6.632656 -0.466475 -0.000341 0.000000
-16.914920 -1.721086 0.001913 0.000000
-12.317425 -1.557723 0.002622 0.000000
-25.743827 -0.391836 0.000213 0.000000
-12.829982 -2.260952 0.003018 0.000000
-29.080922 -2.104852 0.001279 0.000000
31.739597 3.385703 -0.020550 0.000000
13.109033 -0.103729 -0.006430 0.000000
-20.078148 -3.695373 0.003537 0.000000
-15.080377 -4.025838 0.002126 0.000000
-7.942748 -3.637381 0.005349 0.000000
-12.036001 -4.342391 0.004079 0.000000
-25.564396 -6.267691 0.017058 0.000000
-18.887087 -6.371579 0.001161 0.000000
18.581206 -4.632022 -0.005932 0.000000
10.174258 -3.703936 -0.000852 0.000000
28.905301 -4.291215 -0.012140 0.000000
12.799396 -3.338653 -0.003252 0.000000
5.325994 -3.190706 0.007247 0.000000
8.070194 -3.078908 0.005303 0.000000
9.891694 -2.682957 -0.001506 0.000000
26.483787 -1.591284 -0.013215 0.000000
12.534376 -2.115636 -0.004153 0.000000
8.894365 -2.670951 -0.000589 0.000000
19.161908 -1.950430 -0.008673 0.000000
10.397129 -2.240787 -0.002348 0.000000
28.057157 -0.489905 -0.015071 0.000000
8.133319 -1.982947 -0.000455 0.000000
16.543462 -0.692756 -0.008185 0.000000
9.635727 -1.489059 -0.002385 0.000000
27.869248 1.506968 -0.002224 0.000000
7.616179 -1.760583 -0.000108 0.000000
13.189861 -0.597262 -0.006026 0.000000
8.565965 -1.279904 -0.001583 0.000000
11.237233 -1.381105 -0.003834 0.000000
-35.040777 -3.766435 0.019171 0.000000
-21.670837 -4.244763 0.013587 0.000000
-9.278763 -3.602110 0.004079 0.000000
-15.899548 -4.569720 0.002461 0.000000
-29.213635 -7.421098 0.000507 0.000000
15.516229 -2.258772 -0.006101 0.000000
9.123753 -2.392025 -0.001065 0.000000
17.651997 -1.467871 -0.008181 0.000000
21.261948 -0.333060 -0.011377 0.000000
-14.157008 -3.161469 0.001848 0.000000
-20.181031 -7.456650 0.015796 0.000000
14.990462 -4.040304 -0.004166 0.000000
8.889152 -3.551434 0.004542 0.000000
20.569809 -3.568008 -0.008070 0.000000
6.226319 -3.219039 0.006066 0.000000
10.901498 -3.102518 -0.001992 0.000000
33.089214 -2.573820 -0.015935 0.000000
7.209368 -2.954881 0.005110 0.000000
13.821250 -2.571787 -0.004669 0.000000
-10.496414 -5.137357 0.004706 0.000000
19.128650 -1.679099 -0.000065 0.000000
10.679382 -2.059806 -0.002751 0.000000
-29.177479 -5.168811 0.017707 0.000000
-13.379866 -3.697671 0.003125 0.000000
-4.200176 -3.601504 0.009387 0.000000
-18.516887 -5.078580 0.003101 0.000000
-7.086573 -4.201293 0.006035 0.000000
-32.872604 -8.647738 0.000746 0.000000
0.261249 6.774559 -0.000935 0.000000
0.320414 4.153238 -0.002024 0.000000
0.634962 7.003925 -0.000455 0.000000
0.515145 6.950030 -0.000565 0.000000
1.092180 12.089636 0.056227 0.000000
1.090415 9.044595 0.346361 0.000000
0.006410 4.180926 -0.001922 0.000000
0.890399 12.660856 -0.011048 0.000000
1.092043 11.209658 0.303849 0.000000
-0.110288 4.058529 -0.001656 0.000000
0.155902 6.425147 -0.000103 0.000000
0.596324 11.672867 -0.009931 0.000000
-0.153844 4.293480 -0.000828 0.000000
0.330090 10.983402 -0.003373 0.000000
1.095138 20.663090 0.153266 0.000000
0.754959 4.288015 -0.001249 0.000000
1.077041 4.681974 -0.002007 0.000000
0.907936 4.455915 -0.001583 0.000000
-0.287444 4.462005 -0.001030 0.000000
0.612899 4.167828 -0.000990 0.000000
0.515851 4.098911 -0.002028 0.000000
0.950593 7.439867 -0.000704 0.000000
-1.442146 7.047438 -0.000439 0.000000
-0.947155 11.739540 -0.002800 0.000000
-1.092788 10.813952 0.139733 0.000000
-1.126092 7.476189 -0.000800 0.000000
-0.016753 15.709979 -0.004568 0.000000
0.038789 10.318190 -0.002368 0.000000
0.619262 20.340422 -0.005753 0.000000
-0.429943 4.680408 -0.001298 0.000000
-0.277017 6.588731 -0.000061 0.000000
-0.060802 9.812405 -0.002458 0.000000
0.320640 17.639530 -0.015520 0.000000
-0.779771 5.228467 -0.000144 0.000000
-0.268918 14.277619 -0.012107 0.000000
-0.944303 5.751718 -0.002587 0.000000
-0.927780 7.115798 -0.000514 0.000000
-0.504344 13.027925 -0.004859 0.000000
-1.147986 6.343998 -0.000038 0.000000
-1.094496 23.273460 1.762551 0.000000
0.963583 28.014215 2.349408 0.000000
-1.096728 31.967421 2.035708 0.000000
0.452070 29.435506 2.359094 0.000000
-1.094155 20.366182 1.547209 0.000000
-0.833339 34.004918 2.361307 0.000000
-1.094776 26.733155 1.959070 0.000000
-0.506757 32.304402 2.360325 0.000000
-1.095028 18.069966 1.541168 0.000000
-0.824120 33.668017 2.361354 0.000000
-3.594838 -0.051380 3.407240 0.000000
0.337011 32.368943 2.356587 0.000000
1.094943 15.963639 1.363850 0.000000
1.096713 22.364065 1.600542 0.000000
1.099177 35.370682 2.326430 0.000000
1.093400 15.747682 1.636986 0.000000
0.730604 31.534368 2.360578 0.000000
1.098809 21.379966 2.003494 0.000000
-1.094561 23.887391 1.544475 0.000000
1.091629 10.259734 0.830761 0.000000
1.091554 9.486566 1.192297 0.000000
1.094546 18.164365 1.064164 0.000000
1.093308 12.196552 1.005992 0.000000
-8.196678 -0.029676 3.759421 0.000000
-9.616984 -0.027678 2.820439 0.000000
9.737884 -0.024169 5.349465 0.000000
1.094076 17.862649 1.392394 0.000000
1.093101 11.933170 1.304957 0.000000
1.097462 26.206609 1.704833 0.000000
0.880909 35.720826 2.244864 0.000000
0.456176 31.969296 2.361600 0.000000
-1.092582 12.616615 1.151489 0.000000
0.095125 32.393404 2.364329 0.000000
1.094721 19.770573 1.972739 0.000000
-0.507482 32.597441 2.358773 0.000000
0.320250 29.338615 2.361031 0.000000
0.999912 26.189960 2.360545 0.000000
-0.126417 30.131106 2.362221 0.000000
0.782713 27.401107 2.362598 0.000000
-0.646149 30.814529 2.359644 0.000000
0.172446 28.936294 2.360024 0.000000
-1.093501 15.536497 1.405188 0.000000
-1.099201 29.417749 2.243077 0.000000
-0.305991 30.309215 2.359737 0.000000
-1.093044 11.774517 1.214174 0.000000
-1.095560 19.332733 1.615621 0.000000
-0.925432 31.786758 2.358690 0.000000
-5.463198 -0.031170 6.402663 0.000000
-0.570722 35.720038 0.459900 0.000000
1.093899 31.225499 0.559764 0.000000
1.093270 15.893901 0.562459 0.000000
1.092190 10.178439 0.516615 0.000000
1.094872 22.792412 0.507432 0.000000
1.093719 12.868506 0.490783 0.000000
0.058073 35.720076 0.565674 0.000000
1.094266 17.754789 0.470039 0.000000
1.096605 26.117528 0.442203 0.000000
-1.097111 34.381772 0.469970 0.000000
1.094393 19.978126 0.573593 0.000000
-1.096643 21.362360 0.420722 0.000000
1.093877 31.164706 0.355491 0.000000
1.090714 8.836916 0.473231 0.000000
1.095319 20.385525 0.419524 0.000000
1.090491 8.074134 0.515002 0.000000
-1.101646 15.365296 0.505589 0.000000
-1.095555 28.052531 0.427440 0.000000
-0.276417 35.719976 0.364833 0.000000
-1.091831 11.304647 0.493172 0.000000
-1.094725 18.469534 0.442220 0.000000
-0.909103 35.719947 0.264481 0.000000
-1.099446 29.520915 -0.011032 0.000000
-1.093983 13.135549 0.072714 0.000000
-4.051783 0.789669 2.995762 0.000000
-1.096613 17.806490 0.326809 0.000000
0.679170 35.720146 0.681847 0.000000
-1.092936 12.699182 0.154211 0.000000
-1.096193 21.490149 0.167129 0.000000
0.078966 35.720098 0.671746 0.000000
-1.091998 9.566961 0.076498 0.000000
-1.098948 27.083519 0.309423 0.000000
-1.092554 10.849376 0.288417 0.000000
-1.010759 32.992364 -0.014313 0.000000
-1.057430 35.720198 0.591928 0.000000
-1.090914 8.421497 0.320279 0.000000
-1.093681 12.907612 0.365876 0.000000
-1.095419 22.337015 0.598476 0.000000
-1.093655 15.540789 0.426493 0.000000
0.768070 33.826528 -0.014878 0.000000
0.417516 12.922007 -0.004897 0.000000
1.093848 17.707787 0.087440 0.000000
0.251065 13.103189 -0.004555 0.000000
1.092832 11.410931 0.768718 0.000000
1.095886 23.404242 0.543218 0.000000
-0.225185 14.100204 -0.003596 0.000000
0.188841 32.662934 -0.010782 0.000000
1.078342 35.720092 0.470996 0.000000
1.095469 20.354503 0.704546 0.000000
-0.419626 32.435188 -0.014116 0.000000
1.093918 30.873163 0.792440 0.000000
-1.048005 16.268384 -0.005685 0.000000
1.070009 13.164910 -0.004699 0.000000
-9.163805 -0.022366 6.848811 0.000000
-6.601047 -0.274517 0.004398 0.000000
5.449480 -0.411942 0.005342 0.000000
-2.771028 -0.815901 0.009869 0.000000
-8.323714 -2.245021 0.003918 0.000000
-9.136905 -1.807646 0.003694 0.000000
-14.148276 -1.608730 0.001808 0.000000
-31.381588 -0.558823 0.003336 0.000000
-7.992199 -2.729765 0.005107 0.000000
-25.951613 -1.818296 0.001773 0.000000
-11.601086 -2.647981 0.003158 0.000000
-23.289554 -2.962072 0.003982 0.000000
9.802832 -0.411175 0.002048 0.000000
29.244032 4.783684 -0.003949 0.000000
12.961477 0.732151 0.001931 0.000000
-30.709544 3.115962 0.001710 0.000000
-9.368811 -0.581420 0.003015 0.000000
-31.437668 4.497787 0.001156 0.000000
-13.860877 0.138626 0.001928 0.000000
-8.828066 -1.238603 0.002916 0.000000
-13.953555 -0.512850 0.003073 0.000000
-33.260906 2.312566 0.002221 0.000000
-14.600734 -0.928526 0.002073 0.000000
18.477357 0.209775 -0.000190 0.000000
10.139974 -1.150652 0.004123 0.000000
28.520523 2.769837 -0.004001 0.000000
12.734651 -0.113278 0.001458 0.000000
0.682424 0.916246 0.007799 0.000000
7.643016 -0.024187 7.424718 0.000000
-9.885278 -0.024247 4.584006 0.000000
9.773689 -0.025808 3.776832 0.000000
8.642185 -0.029492 3.197747 0.000000
-8.749208 -0.024319 6.081944 0.000000
-9.132567 -0.022840 6.509439 0.000000
-22.174071 -3.825244 0.004320 0.000000
-10.659638 -0.553658 -0.000887 0.000000
-7.508605 -1.053706 0.004343 0.000000
-18.043587 0.817076 -0.005510 0.000000
-10.166255 -1.056146 -0.000464 0.000000
-17.210450 -0.022519 -0.005016 0.000000
-10.010068 -1.470731 -0.000305 0.000000
7.960835 -0.836891 0.004596 0.000000
12.592161 -0.718289 0.002894 0.000000
-17.309687 -0.674982 -0.005042 0.000000
-10.159543 -1.839988 -0.000397 0.000000
-18.387055 -1.245216 -0.005608 0.000000
18.958060 -0.482275 0.002312 0.000000
27.853880 1.505552 0.001499 0.000000
6.855060 -1.915517 0.005601 0.000000
16.529443 0.260107 0.001830 0.000000
9.519310 -0.849758 0.003801 0.000000
25.270894 2.789909 0.012309 0.000000
-36.348095 -6.788244 -0.014169 0.000000
-19.557476 -3.908510 -0.006158 0.000000
-8.850691 -3.705807 0.004849 0.000000
-14.436161 -4.241394 -0.003271 0.000000
-7.718089 -3.986689 0.005598 0.000000
-11.475619 -4.455074 -0.001330 0.000000
-6.650735 -3.827452 0.005670 0.000000
-22.808277 -6.320227 -0.007782 0.000000
-9.453075 -4.627500 0.003940 0.000000
-16.635384 -6.133481 -0.004546 0.000000
21.156886 -5.033659 0.004034 0.000000
10.906712 -3.845259 0.004614 0.000000
35.966658 -5.001961 0.014334 0.000000
7.301192 -3.428862 0.005935 0.000000
6.224641 -2.356082 0.005887 0.000000
14.070259 -3.483427 0.003941 0.000000
5.567929 -3.220717 0.007309 0.000000
8.652304 -3.035817 0.004054 0.000000
19.761532 -2.864503 0.003356 0.000000
10.765313 -2.678043 0.004047 0.000000
33.166528 -1.565450 0.013157 0.000000
13.961087 -2.060296 0.002073 0.000000
8.685957 -2.287345 0.004616 0.000000
-23.394022 -3.740800 -0.008123 0.000000
-36.495230 -1.361232 -0.014370 0.000000
-13.015201 -2.676432 -0.002403 0.000000
-27.759015 -2.824289 -0.001406 0.000000
-11.710893 -3.155951 -0.001504 0.000000
-21.004691 -4.488787 -0.006900 0.000000
33.118138 -4.002530 0.015505 0.000000
13.485475 -3.114719 0.003898 0.000000
17.098521 -2.534607 0.001492 0.000000
23.934230 -1.416311 0.002526 0.000000
-15.040700 -2.060011 -0.003686 0.000000
11.701050 -2.148141 0.002906 0.000000
15.108936 -1.215322 0.002855 0.000000
9.083669 -1.763315 0.003755 0.000000
9.882322 -0.026262 3.608039 0.000000
-16.337831 1.339018 -0.004604 0.000000
-9.538943 -0.278186 -0.000054 0.000000
-6.724443 -0.851409 0.004601 0.000000
-11.513736 0.005899 -0.000955 0.000000
-22.563189 2.470128 -0.006706 0.000000
-8.407111 -0.886773 0.003419 0.000000
-13.614093 0.072397 -0.002195 0.000000
-32.732794 3.759171 -0.010976 0.000000
-10.293611 0.015923 -0.000162 0.000000
-18.262338 2.155892 -0.000952 0.000000
-8.732108 -0.030357 1.967569 0.000000
-9.684199 -0.028667 1.701186 0.000000
9.854937 -0.025454 3.968704 0.000000
-12.102028 -3.184825 -0.000982 0.000000
-25.024980 -3.881528 -0.000462 0.000000
-10.153799 -3.404317 0.003456 0.000000
-17.930680 -4.224928 -0.004044 0.000000
-14.170251 -4.504325 -0.002107 0.000000
-38.162797 -7.780379 -0.012209 0.000000
18.799658 -0.654860 0.002552 0.000000
21.321817 0.468223 0.001681 0.000000
-9.376215 -2.782446 0.004063 0.000000
11.355605 -0.876823 0.002398 0.000000
26.453116 2.322330 0.000926 0.000000
12.972061 -0.275633 0.002784 0.000000
8.585476 -1.179097 0.003704 0.000000
34.031439 -1.998272 0.002275 0.000000
-26.294782 -7.343743 -0.007522 0.000000
-9.904873 -4.815236 0.004179 0.000000
-17.640388 -6.704161 -0.003759 0.000000
16.259034 -3.831465 0.008449 0.000000
21.982281 -3.225577 0.009850 0.000000
-12.242640 -4.792283 -0.000981 0.000000
14.028218 -2.279965 0.002121 0.000000
5.773780 -2.759602 0.006539 0.000000
-23.518733 -4.529084 -0.006545 0.000000
-16.095734 -4.685085 -0.003111 0.000000
10.719485 -1.844815 0.003942 0.000000
23.779880 2.895442 0.009854 0.000000
11.586276 0.028309 0.002698 0.000000
22.015613 3.361677 0.009292 0.000000
7.413357 -0.971419 0.003865 0.000000
7.549341 -0.483758 0.004523 0.000000
-12.332609 -1.094194 -0.001318 0.000000
-6.836304 -1.979226 0.004957 0.000000
-25.710316 0.466537 -0.001364 0.000000
-9.670816 -1.744029 0.002936 0.000000
-16.420849 -1.099102 -0.003549 0.000000
-12.333614 -1.870120 -0.001237 0.000000
-26.299876 -1.144879 -0.000884 0.000000
-10.108337 -2.263917 0.002898 0.000000
-17.995768 -2.157057 -0.004229 0.000000
-9.852796 -0.025862 4.198437 0.000000
7.970950 -0.026020 6.299458 0.000000
0.853714 2.916605 0.003871 0.000000
5.657096 -0.282820 0.004843 0.000000
5.259354 -0.956291 0.005984 0.000000
-11.930237 -1.395801 0.001729 0.000000
-12.757956 -0.428510 0.001370 0.000000
-27.026818 1.738126 -0.002562 0.000000
-9.769522 -1.359112 0.003220 0.000000
-16.253811 -0.542330 0.001887 0.000000
-7.805972 -1.902413 0.004259 0.000000
-24.528244 -0.143816 -0.001224 0.000000
-16.446683 -1.572510 0.001915 0.000000
18.693365 2.489130 -0.000235 0.000000
20.237691 -0.641938 0.001519 0.000000
10.510027 -1.598962 0.002714 0.000000
10.849191 -1.195969 0.002845 0.000000
23.105222 1.494952 0.000195 0.000000
7.303335 -1.555124 0.004329 0.000000
11.636865 -0.425457 0.002890 0.000000
27.510130 3.425917 -0.008882 0.000000
13.042395 0.374293 0.002519 0.000000
8.497472 -0.668431 0.003045 0.000000
8.180530 -0.033391 0.845048 0.000000
-15.557743 1.574839 -0.000946 0.000000
-7.141133 -0.992282 0.004483 0.000000
-18.465410 1.802956 -0.001572 0.000000
8.316577 -0.024503 6.734728 0.000000
-7.877271 -0.024467 7.182827 0.000000
9.091044 -0.021454 7.732761 0.000000
8.634420 -0.023341 7.085625 0.000000
-0.946328 11.010042 -0.002814 0.000000
-0.538512 8.196737 -0.001236 0.000000
-1.088820 11.117032 -0.004557 0.000000
-0.422242 7.615172 -0.000635 0.000000
-0.736520 7.502846 -0.001031 0.000000
-0.903063 7.347173 -0.001628 0.000000
-0.408113 5.141594 0.001459 0.000000
-1.039374 7.313098 -0.000860 0.000000
-0.639141 4.807963 0.002421 0.000000
-1.369408 7.345934 -0.000674 0.000000
-0.760227 4.617745 0.002105 0.000000
0.615696 10.658021 -0.002199 0.000000
0.469099 13.507507 -0.005256 0.000000
1.016850 14.347363 -0.005070 0.000000
0.250683 12.706444 -0.004601 0.000000
0.606133 12.373676 -0.004990 0.000000
-0.281129 13.679007 -0.003695 0.000000
0.179685 12.021489 -0.004010 0.000000
0.413735 11.037013 -0.004405 0.000000
-0.634501 14.109521 -0.003640 0.000000
0.079575 10.076273 -0.002873 0.000000
0.473542 9.041171 -0.001223 0.000000
-0.952564 14.739477 -0.006958 0.000000
-0.512387 11.221976 -0.003767 0.000000
-0.044298 9.229193 -0.003100 0.000000
0.207880 7.995990 -0.000104 0.000000
-0.732119 11.041937 -0.003638 0.000000
-0.233019 8.709874 -0.001027 0.000000
-1.513443 7.290971 -0.000024 0.000000
-1.662196 7.384454 -0.000709 0.000000
-1.108388 4.242438 0.002060 0.000000
-1.246579 4.311902 0.001968 0.000000
1.091238 9.428776 0.190215 0.000000
1.092972 12.331781 0.160221 0.000000
1.090510 8.098593 0.319372 0.000000
0.968868 14.482823 -0.003370 0.000000
0.616035 13.814411 -0.004045 0.000000
1.093447 13.359620 0.172280 0.000000
1.090758 8.539378 0.004572 0.000000
0.409390 13.637926 -0.006167 0.000000
0.968599 14.613397 -0.006062 0.000000
9.905091 -0.021657 6.789015 0.000000
7.767420 -0.030653 4.070175 0.000000
-8.370759 3.539526 4.937902 0.000000
-1.094986 22.485739 0.442132 0.000000
0.250883 35.719931 0.208990 0.000000
1.096930 35.683875 0.992152 0.000000
1.096500 19.698288 0.836863 0.000000
1.093349 12.974142 1.163940 0.000000
0.500277 35.720256 0.948269 0.000000
1.095763 29.530801 1.021517 0.000000
1.095336 17.102166 1.008218 0.000000
-0.092947 35.720228 0.913473 0.000000
1.094226 24.177128 1.282286 0.000000
0.093745 35.720347 1.114958 0.000000
1.074193 35.720554 1.525449 0.000000
-1.089708 28.019335 0.738357 0.000000
0.526522 35.720428 1.458570 0.000000
-1.095619 18.210004 0.656020 0.000000
-0.069736 35.720397 1.446993 0.000000
1.090647 9.364062 0.309905 0.000000
1.092938 12.186291 0.330808 0.000000
1.094711 16.681824 0.305482 0.000000
1.094992 24.627008 0.385958 0.000000
1.093932 15.760543 0.738956 0.000000
1.091956 11.040963 0.614218 0.000000
0.841663 35.719990 0.291975 0.000000
1.094775 22.357703 0.644906 0.000000
-1.095680 22.748060 0.923305 0.000000
-1.095283 15.778221 0.746092 0.000000
-1.093251 30.340123 1.013920 0.000000
-1.096060 19.606588 0.892097 0.000000
-1.093526 14.054176 0.603598 0.000000
-1.092047 10.704438 0.638190 0.000000
-1.097187 25.598733 1.918738 0.000000
0.273210 35.342279 2.362500 0.000000
1.013812 31.796301 2.361418 0.000000
1.093859 16.949219 1.673413 0.000000
-1.089546 29.992475 1.913601 0.000000
-0.374542 35.429457 2.357526 0.000000
0.545118 32.982442 2.358229 0.000000
1.101695 23.884121 1.992103 0.000000
0.066578 33.926634 2.363582 0.000000
0.955214 31.964419 2.361940 0.000000
0.466465 33.796755 2.358830 0.000000
-1.095452 17.421975 1.488649 0.000000
1.096985 23.582620 1.464481 0.000000
1.093991 13.966637 1.326468 0.000000
1.095646 18.893652 1.516938 0.000000
1.096074 27.731384 2.067972 0.000000
1.092017 10.132617 1.270403 0.000000
0.858877 34.695619 2.368935 0.000000
1.092518 12.880099 1.471575 0.000000
-1.093634 13.918065 1.137243 0.000000
8.453395 -0.028355 4.280057 0.000000
9.803940 -0.020589 7.794650 0.000000
1.106621 30.586027 2.006017 0.000000
1.094265 16.160204 1.386822 0.000000
1.095781 22.643423 1.687802 0.000000
-1.097390 26.285541 1.718321 0.000000
1.093283 16.253570 1.123319 0.000000
1.091690 11.284775 1.085384 0.000000
1.097421 26.567321 1.780362 0.000000
1.094425 20.331343 1.501446 0.000000
-1.096758 22.705051 1.484706 0.000000
-1.099645 29.962832 1.497798 0.000000
-1.092708 11.707334 0.969952 0.000000
-1.094243 19.355119 1.088428 0.000000
-1.093752 13.724332 0.954743 0.000000
-1.092642 10.561647 0.789535 0.000000
4.380270 -0.030181 7.467355 0.000000
-0.682771 3.924954 -0.001181 0.000000
-0.569003 2.862727 0.003933 0.000000
-1.206376 5.876807 -0.000646 0.000000
-0.805609 3.991606 -0.001253 0.000000
-1.457991 6.562185 -0.000190 0.000000
-1.072854 4.220623 -0.001552 0.000000
-1.222452 4.394594 -0.001792 0.000000
-1.110880 5.779299 -0.000730 0.000000
1.278534 6.453542 -0.000032 0.000000
1.143207 6.197145 -0.000026 0.000000
0.830924 5.769157 -0.000975 0.000000
1.380164 7.223673 -0.000475 0.000000
0.696660 5.210197 -0.000165 0.000000
1.090046 6.430631 -0.000012 0.000000
0.533955 5.054923 -0.000114 0.000000
0.906240 5.970520 -0.005194 0.000000
0.490344 4.983848 -0.000022 0.000000
0.715788 5.497079 -0.004394 0.000000
1.830483 7.671593 -0.001164 0.000000
1.537269 7.056767 -0.000550 0.000000
-0.224931 3.969994 -0.001449 0.000000
0.364010 3.624015 -0.001098 0.000000
-0.319647 4.749936 -0.002731 0.000000
0.068294 3.571338 -0.000855 0.000000
0.232128 3.237318 -0.000294 0.000000
-0.042960 3.355850 -0.000394 0.000000
0.189104 3.836121 -0.001399 0.000000
-0.147874 3.179160 -0.000000 0.000000
0.110058 2.706791 0.004146 0.000000
-0.726226 5.149101 -0.003196 0.000000
-0.565040 3.891837 -0.001168 0.000000
-0.879331 5.371749 -0.003478 0.000000
-0.290591 2.840529 0.004409 0.000000
0.180623 4.743249 -0.002947 0.000000
1.194428 6.275600 -0.000344 0.000000
1.510582 7.715627 -0.000139 0.000000
0.310146 4.834365 -0.003158 0.000000
0.395987 4.798518 -0.003141 0.000000
0.767727 5.029656 -0.000281 0.000000
0.869113 5.501111 -0.000523 0.000000
0.258191 4.545253 -0.002659 0.000000
0.466960 4.541181 -0.002756 0.000000
0.694472 4.685365 -0.003108 0.000000
-0.193199 4.694073 -0.002696 0.000000
0.128855 4.342621 -0.002257 0.000000
17.228317 -2.041766 -0.006039 0.000000
9.988958 -2.267594 -0.001186 0.000000
-16.153690 -4.728485 0.002208 0.000000
-12.209140 -4.706776 0.003358 0.000000
-26.220724 -7.305594 0.016309 0.000000
-17.966650 -6.617347 0.003481 0.000000
9.902159 -3.246805 -0.000202 0.000000
26.755745 -3.045045 -0.009907 0.000000
12.566251 -2.797447 -0.002552 0.000000
-8.126231 -3.212003 0.004433 0.000000
-23.199531 -4.478179 0.012631 0.000000
12.194096 -3.426203 -0.001723 0.000000
15.512266 -2.915368 -0.004259 0.000000
9.203373 -2.781839 -0.000047 0.000000
21.467648 -2.057870 -0.008246 0.000000
11.138499 -2.314195 -0.002016 0.000000
35.662668 -0.130393 -0.016714 0.000000
26.523638 -4.421963 -0.008524 0.000000
7.591086 -2.485766 0.005560 0.000000
14.234317 -1.610795 -0.004720 0.000000
5.716143 -2.477208 0.006719 0.000000
8.813529 -1.986684 -0.000463 0.000000
-10.223015 -2.574413 0.002989 0.000000
-17.314468 -2.411611 0.001441 0.000000
-9.004932 -2.992344 0.004159 0.000000
-14.292522 -3.009306 0.002736 0.000000
-34.427370 -4.023381 0.016384 0.000000
-12.354266 -3.656807 0.003229 0.000000
-26.187126 -4.810178 0.004049 0.000000
-11.143523 -3.924961 0.004180 0.000000
-21.787845 -5.369215 0.012964 0.000000
-10.003097 -2.493998 0.003357 0.000000
-17.304819 -2.283990 0.008694 0.000000
-13.009589 -2.869159 0.003551 0.000000
-30.072866 -3.192905 0.013950 0.000000
-20.312353 -3.896537 0.001128 0.000000
-22.224753 -4.292227 0.002185 0.000000
-15.548545 -4.464256 0.003949 0.000000
-7.955952 -3.964310 0.004917 0.000000
-12.042751 -4.682893 0.003638 0.000000
-25.305899 -6.870064 0.015577 0.000000
-9.721012 -4.703738 0.004598 0.000000
-17.512305 -6.468458 0.004462 0.000000
22.065016 -3.670853 -0.007051 0.000000
11.111153 -3.131041 -0.001234 0.000000
30.853748 -2.695813 -0.012145 0.000000
13.277561 -2.625972 -0.003173 0.000000
16.654968 -1.875812 -0.005877 0.000000
-7.645435 -3.052127 0.005091 0.000000
-11.416514 -3.587410 0.002965 0.000000
9.741112 -2.071037 -0.000011 0.000000
22.979161 -0.441648 -0.000770 0.000000
11.879417 -1.525511 -0.003289 0.000000
7.870901 -1.870240 0.004255 0.000000
-7.032704 -0.378725 0.004077 0.000000
-9.304012 -0.251826 0.002984 0.000000
-25.286105 -1.944133 0.000930 0.000000
-26.057490 1.300426 0.000488 0.000000
-12.333817 -1.239276 0.002831 0.000000
-5.979514 -2.573012 0.005969 0.000000
-24.103888 0.000285 0.009472 0.000000
-11.834672 -1.730264 0.003118 0.000000
-23.997329 -0.894142 0.001139 0.000000
-11.877695 -2.397949 0.001835 0.000000
20.039223 -1.113417 -0.006075 0.000000
29.147671 0.559310 -0.014378 0.000000
8.124215 -1.705010 -0.000100 0.000000
16.559167 -0.188507 -0.007413 0.000000
-8.629606 -1.272094 0.003063 0.000000
-13.192097 -0.645776 0.002215 0.000000
9.580553 -1.199750 -0.001898 0.000000
24.637957 1.851591 -0.013456 0.000000
11.929416 -0.442382 -0.004372 0.000000
7.822108 -1.184606 -0.000341 0.000000
7.546028 -0.059381 -0.001799 0.000000
-35.083340 7.089031 0.006932 0.000000
-15.071277 0.940040 0.000218 0.000000
-9.531104 -0.671069 0.002498 0.000000
-16.372549 0.644883 0.001133 0.000000
27.479230 4.056442 -0.018375 0.000000
12.375611 0.428837 -0.006229 0.000000
7.914329 -0.642877 -0.001481 0.000000
17.792821 2.300379 -0.011485 0.000000
6.845324 -0.684357 -0.000297 0.000000
-15.625903 -4.190825 0.001424 0.000000
-11.068735 -0.457301 0.001981 0.000000
-20.628667 1.392048 -0.000695 0.000000
-8.419148 -1.117052 0.003892 0.000000
-13.222336 -0.477611 0.002389 0.000000
-6.844201 -1.714755 0.004819 0.000000
-29.731920 2.318546 -0.001972 0.000000
-9.913068 -1.375214 0.002776 0.000000
-9.558473 -3.005938 0.003725 0.000000
-16.034033 -3.721848 0.003495 0.000000
15.644834 -0.344966 0.002002 0.000000
9.082864 -1.361336 0.004126 0.000000
15.822363 0.310184 0.001707 0.000000
9.312588 -0.909802 0.002764 0.000000
16.882064 1.194936 0.001233 0.000000
-21.080279 -3.137298 0.001068 0.000000
18.992959 2.466763 0.000550 0.000000
6.802148 -0.989770 0.004942 0.000000
-18.289214 -1.732887 0.000902 0.000000
-7.023758 -2.290964 0.005343 0.000000
-10.201433 -2.161233 0.003679 0.000000
-8.635376 -2.527477 0.004258 0.000000
-13.646831 -2.553040 0.001967 0.000000
-32.313667 -2.220880 -0.000373 0.000000
-11.042630 -2.894805 0.002907 0.000000
-6.728977 -3.194939 0.005990 0.000000
-5.526337 -0.988699 0.005736 0.000000
-7.239773 -0.271634 0.003695 0.000000
-9.742505 -0.028338 0.638536 0.000000
-20.956874 3.154392 -0.001463 0.000000
7.348321 -0.322564 0.003465 0.000000
-17.132084 -0.344276 0.001874 0.000000
-26.207032 0.028606 -0.000200 0.000000
14.254719 -1.874235 0.001508 0.000000
5.728628 -3.165670 0.006575 0.000000
9.042945 -2.856914 0.004663 0.000000
21.257451 -2.426759 0.002563 0.000000
6.434363 -2.940323 0.006279 0.000000
11.134484 -2.500307 0.002957 0.000000
36.335723 -0.645545 0.001813 0.000000
15.063213 -3.036312 0.003603 0.000000
8.954386 -2.033375 0.004322 0.000000
6.499263 -2.299876 0.005376 0.000000
-12.086767 -2.964215 0.003425 0.000000
-23.479627 -3.352385 0.001770 0.000000
-10.353975 -3.265642 0.002765 0.000000
-17.784138 -3.856758 0.001697 0.000000
-14.404116 -4.280441 0.003547 0.000000
-38.037929 -7.040444 0.000819 0.000000
-12.316689 -4.535653 0.003195 0.000000
-27.478768 -7.168923 0.010078 0.000000
24.831465 -4.820624 0.003366 0.000000
11.787905 -3.791358 0.004388 0.000000
7.745822 -3.368702 0.004911 0.000000
9.451532 -1.499151 0.003343 0.000000
20.211635 -1.947322 0.003333 0.000000
10.747530 -2.240113 0.004280 0.000000
29.189499 -0.443405 0.001671 0.000000
12.932281 -1.645543 0.002940 0.000000
16.573923 -0.717824 0.005649 0.000000
23.943601 1.002015 0.001160 0.000000
11.763410 -0.956259 0.002053 0.000000
-11.473023 -3.310477 0.003037 0.000000
-21.841767 -3.880232 0.001118 0.000000
-15.561782 -4.308612 0.002337 0.000000
-12.151811 -4.424443 0.003156 0.000000
-25.792144 -6.501935 0.001647 0.000000
-10.133220 -4.548599 0.004695 0.000000
-18.066946 -6.225628 0.002516 0.000000
16.875505 -2.812274 0.002017 0.000000
16.084228 -0.770967 0.000803 0.000000
20.952545 -2.041867 0.000873 0.000000
10.990721 -2.302972 0.002899 0.000000
27.814639 -0.594335 0.001525 0.000000
8.303357 -1.821464 0.004663 0.000000
9.617437 -1.421289 0.004103 0.000000
13.346391 -2.102318 0.003268 0.000000
7.038370 -3.383199 0.005629 0.000000
-20.802935 -5.473247 0.001846 0.000000
-9.016151 -4.266756 0.004729 0.000000
-5.645769 -3.928359 0.007084 0.000000
-14.838070 -5.363793 0.003474 0.000000
-7.553646 -4.403590 0.005216 0.000000
-11.494104 -5.335596 0.004200 0.000000
-23.579330 -8.220170 0.005277 0.000000
19.489107 -4.742441 0.003518 0.000000
10.411471 -3.781920 0.004203 0.000000
31.314893 -4.598451 0.001907 0.000000
13.224848 -3.396274 0.000993 0.000000
8.483029 -3.079266 0.004388 0.000000
18.285261 -2.771169 0.002854 0.000000
10.212073 -2.708245 0.003713 0.000000
29.215745 -1.582734 0.001190 0.000000
-9.016759 -3.375304 0.004410 0.000000
-14.310134 -3.846672 0.002992 0.000000
-7.538921 -3.610316 0.005330 0.000000
-5.037662 -3.520213 0.007782 0.000000
-34.859089 -5.731570 0.000563 0.000000
-11.068825 -4.096204 0.003885 0.000000
-6.467965 -3.787931 0.006216 0.000000
-0.244126 3.680167 0.003290 0.000000
-0.390486 3.411394 0.003272 0.000000
0.646015 5.963819 0.000997 0.000000
0.501142 5.262854 0.001912 0.000000
0.214240 4.836848 0.001426 0.000000
0.231290 4.553966 0.002440 0.000000
0.071979 4.358980 0.001961 0.000000
-0.984953 3.028551 0.004009 0.000000
-1.120709 3.238605 0.003697 0.000000
0.875868 4.500004 0.001684 0.000000
1.091906 7.235812 -0.000338 0.000000
0.830383 6.567307 0.000677 0.000000
1.090892 20.503522 0.912483 0.000000
1.090345 32.448230 1.179819 0.000000
1.094845 18.270027 1.077346 0.000000
1.090726 27.258783 1.457946 0.000000
1.092172 11.195560 1.252077 0.000000
1.096799 22.817604 1.407906 0.000000
-1.101873 26.706423 1.648624 0.000000
-1.096268 23.888998 1.334975 0.000000
-1.097065 30.171473 1.257982 0.000000
-1.095366 19.346943 0.881351 0.000000
-1.091528 10.344471 0.657988 0.000000
-1.094682 16.380580 1.081480 0.000000
-1.097162 31.728945 1.645946 0.000000
-1.093085 12.117702 0.863141 0.000000
-1.095594 20.310953 1.218760 0.000000
-9.375424 -0.022542 6.884666 0.000000
9.477802 -0.022720 6.449985 0.000000
1.087925 33.615317 1.713719 0.000000
0.249855 31.434710 2.359482 0.000000
-1.093887 17.003103 1.357539 0.000000
-0.020340 33.197971 2.363009 0.000000
-0.741626 34.407668 2.359544 0.000000
-0.403039 35.504454 2.360543 0.000000
1.043491 32.480888 2.373910 0.000000
1.096050 27.057535 1.838588 0.000000
1.093209 15.937093 1.493389 0.000000
1.093635 13.574916 1.555999 0.000000
1.095182 18.111057 1.797957 0.000000
-1.098092 30.859129 1.642769 0.000000
0.420201 33.496969 2.360769 0.000000
-1.096161 19.734489 1.240017 0.000000
0.069115 34.578347 2.358217 0.000000
0.711298 29.917632 2.359854 0.000000
-1.096644 25.398306 1.768791 0.000000
-1.091002 8.847887 0.785986 0.000000
-1.093348 13.219641 0.822194 0.000000
-1.096399 22.941411 0.992620 0.000000
-1.096217 29.955062 0.945451 0.000000
-1.095589 18.109672 0.860395 0.000000
-1.094099 13.563580 0.478062 0.000000
-0.281018 35.720604 1.578896 0.000000
1.097096 24.943647 1.254902 0.000000
1.093490 13.979685 0.941663 0.000000
1.094220 18.966572 1.004472 0.000000
-0.779849 35.720511 1.546070 0.000000
0.229469 35.720459 1.542250 0.000000
-1.105543 32.267006 1.357326 0.000000
1.094626 21.220797 1.169696 0.000000
-1.094432 20.477279 1.112188 0.000000
-0.864381 35.720642 1.560108 0.000000
1.097537 33.659270 1.327197 0.000000
-1.096508 27.279784 1.126108 0.000000
1.098705 34.403242 1.397650 0.000000
1.094819 17.274881 1.096639 0.000000
1.091952 10.787300 0.849684 0.000000
-8.995856 -0.026484 4.395610 0.000000
1.473002 4.787867 0.002336 0.000000
1.246610 4.259802 0.002870 0.000000
-0.170225 3.650893 0.002832 0.000000
0.703492 9.495506 0.001372 0.000000
0.031716 5.367576 0.001517 0.000000
0.487107 8.832459 0.000293 0.000000
1.094698 16.277525 0.131319 0.000000
0.213981 8.414631 0.003855 0.000000
0.769703 15.712914 0.002882 0.000000
0.027838 8.052548 0.003886 0.000000
0.431168 13.870432 0.002942 0.000000
-0.533997 3.824805 0.002718 0.000000
-0.294645 5.375033 0.001021 0.000000
-0.092150 7.767677 0.000848 0.000000
0.154438 12.484789 0.003014 0.000000
0.912165 3.924785 0.002929 0.000000
1.388480 7.231536 0.000429 0.000000
1.077920 6.736492 0.000555 0.000000
0.848374 6.298527 0.000889 0.000000
0.740466 6.057739 0.001081 0.000000
0.591525 5.609436 0.000765 0.000000
-0.988390 6.296277 0.000628 0.000000
-0.218416 7.666442 0.001668 0.000000
-0.081161 11.428599 0.003085 0.000000
-0.611553 5.723197 0.001273 0.000000
-0.552833 7.415369 0.001736 0.000000
-0.290706 10.602715 0.003149 0.000000
-0.978334 4.933905 0.001099 0.000000
-0.767331 5.924950 0.001085 0.000000
-0.651981 7.452705 0.003798 0.000000
-0.582026 9.877446 0.000849 0.000000
-1.144575 5.219013 0.000796 0.000000
-1.231873 5.940975 0.000500 0.000000
-1.118834 6.509991 0.000573 0.000000
-1.075619 7.556612 0.001548 0.000000
-0.831009 9.091928 0.003256 0.000000
-1.391950 7.057316 0.003612 0.000000
-5.980757 -0.357549 0.004996 0.000000
-10.815139 -1.342411 0.004617 0.000000
-18.909483 -0.501632 -0.003112 0.000000
-10.132821 -1.965081 0.002627 0.000000
-17.154900 -1.381240 -0.002355 0.000000
-9.672851 -2.321096 0.003273 0.000000
-16.338457 -2.080363 -0.001963 0.000000
-15.544748 0.488270 -0.001880 0.000000
-16.833505 0.103027 -0.002367 0.000000
15.122884 0.405581 0.001982 0.000000
8.808384 -0.680875 0.003866 0.000000
22.412649 2.581143 0.007430 0.000000
6.301541 -1.350096 0.005089 0.000000
11.214076 0.149397 0.003289 0.000000
15.456275 1.470493 0.006367 0.000000
6.492643 -0.909031 0.004593 0.000000
7.951213 -0.346421 0.003567 0.000000
-38.129307 6.379033 -0.009865 0.000000
-7.096637 -0.462919 0.004103 0.000000
-9.414790 -0.247931 0.003020 0.000000
-38.104138 7.910550 -0.009985 0.000000
-15.175183 1.013892 -0.001785 0.000000
-6.647371 -1.508350 0.004716 0.000000
-0.912153 2.072781 0.005180 0.000000
6.628582 -0.026618 7.800070 0.000000
1.032098 3.020904 0.003590 0.000000
-16.250157 -2.710283 -0.001875 0.000000
-19.792186 -0.193305 0.000873 0.000000
-18.334944 1.761201 -0.000430 0.000000
-10.212710 -0.485233 0.002367 0.000000
-17.690987 0.902938 0.000384 0.000000
-10.291904 -0.992131 0.002536 0.000000
-7.325357 -1.704930 0.004823 0.000000
-18.128382 0.285908 0.000715 0.000000
-10.420860 -1.346819 0.003222 0.000000
17.277925 0.070479 -0.000075 0.000000
9.644882 -1.092804 0.002862 0.000000
25.587746 2.214771 -0.002262 0.000000
12.006783 -0.324473 0.001234 0.000000
7.737799 -1.136539 0.004498 0.000000
16.201280 0.938860 -0.001689 0.000000
-10.633028 -0.176414 0.002151 0.000000
-7.323184 -1.063702 0.004120 0.000000
9.422361 -0.510284 0.002505 0.000000
26.229786 4.124162 -0.002341 0.000000
12.319107 0.560931 0.002534 0.000000
7.875254 -0.525617 0.003400 0.000000
-28.893266 -6.576836 0.004187 0.000000
-10.696418 -4.591967 0.003742 0.000000
-20.876176 -6.454812 0.004389 0.000000
20.119420 -4.953238 0.003171 0.000000
31.975886 -4.499897 0.001135 0.000000
-12.932319 -4.379130 0.004015 0.000000
18.178396 -2.783799 0.001461 0.000000
28.407164 -1.555648 -0.000301 0.000000
-11.557685 -3.127438 0.003705 0.000000
-21.681988 -3.566725 0.002710 0.000000
-9.736263 -3.464326 0.004738 0.000000
-16.144088 -4.020830 0.001767 0.000000
12.931099 -2.131127 0.002151 0.000000
8.301236 -2.259830 0.004848 0.000000
-5.770091 -2.088173 0.006215 0.000000
9.331802 -2.688446 0.003974 0.000000
20.729282 -1.819955 0.001625 0.000000
31.425369 -0.192416 -0.001303 0.000000
13.303753 -1.418785 0.002300 0.000000
15.847697 -2.708465 0.001794 0.000000
17.493981 -0.444362 0.002301 0.000000
9.910948 -1.511159 0.003736 0.000000
-10.320430 -1.792611 0.002773 0.000000
-17.293681 -1.391132 0.002341 0.000000
-15.266755 -2.054679 0.002405 0.000000
-14.171443 -2.797948 0.003230 0.000000
-35.079229 -2.802106 0.001971 0.000000
-13.479390 -3.196265 0.003349 0.000000
-33.525101 -4.113664 0.002730 0.000000
2.796154 -1.106656 0.010287 0.000000
-5.840868 -1.352057 0.005430 0.000000
-19.597024 2.188972 -0.000573 0.000000
-14.873738 0.094980 0.001093 0.000000
-8.127035 -0.830360 0.003533 0.000000
-12.265343 -0.175545 0.002345 0.000000
-25.476561 2.727422 -0.001235 0.000000
-20.075006 0.418781 0.000354 0.000000
-9.684692 -0.027834 2.492737 0.000000
-13.385051 -3.054063 0.003128 0.000000
-30.688231 -3.641838 0.002100 0.000000
-10.620654 -3.545903 0.003875 0.000000
11.888866 -0.800429 0.003797 0.000000
7.867202 -1.459062 0.003844 0.000000
-19.897356 -4.126747 0.002870 0.000000
-14.830636 -4.417480 0.003059 0.000000
-26.125913 -7.141349 0.002069 0.000000
34.909572 -2.123121 0.000045 0.000000
13.674672 -2.504678 0.003279 0.000000
15.350445 -1.727952 0.001548 0.000000
9.050757 -2.183542 0.003643 0.000000
18.179308 -0.979949 0.002964 0.000000
22.960902 0.650052 -0.000393 0.000000
-13.153821 -3.723853 0.003383 0.000000
13.496208 -2.793333 0.003521 0.000000
18.317539 -1.781779 0.001127 0.000000
31.088780 -2.715777 0.000567 0.000000
-28.142180 -5.011854 0.002916 0.000000
-18.180099 -5.127109 0.003340 0.000000
-13.352238 -5.126027 0.004003 0.000000
-31.640183 -8.465460 0.004689 0.000000
-19.735156 -7.296965 0.004570 0.000000
14.758610 -4.189948 0.003088 0.000000
19.923764 -3.731571 0.001153 0.000000
10.645344 -3.196999 0.003096 0.000000
11.304511 0.229512 0.001420 0.000000
21.948587 1.356797 -0.001019 0.000000
11.000533 -0.492198 0.002955 0.000000
21.109827 2.033599 -0.001321 0.000000
7.223447 -1.336876 0.005053 0.000000
10.991755 -0.053572 0.002750 0.000000
21.556997 3.005246 -0.001911 0.000000
-18.751990 -2.843086 0.001213 0.000000
-11.675072 -1.684247 0.002409 0.000000
-23.155539 -0.640181 0.000744 0.000000
-9.512055 -2.060807 0.003402 0.000000
-15.889806 -1.765701 0.001234 0.000000
-8.159550 -2.569830 0.004154 0.000000
-5.395507 -2.653349 0.006967 0.000000
-12.289941 -2.217744 0.002017 0.000000
-7.071502 -2.694350 0.005433 0.000000
-26.333513 -2.001607 0.004821 0.000000
-10.251668 -2.675197 0.003580 0.000000
9.861295 -0.023462 5.421483 0.000000
1.564873 5.358656 0.002087 0.000000
1.383235 4.772050 0.002073 0.000000
8.807684 -0.022510 7.801294 0.000000
7.834798 -0.026933 6.063487 0.000000
9.333013 -0.029633 0.930459 0.000000
7.585706 -0.214739 0.004273 0.000000
-11.907610 -0.933390 0.002382 0.000000
-16.857180 0.208644 0.002273 0.000000
-23.671060 0.641237 0.000004 0.000000
-9.366931 -1.495355 0.003442 0.000000
-15.317781 -0.971913 0.002197 0.000000
-7.612187 -2.046701 0.004928 0.000000
-23.411451 -0.878486 0.001620 0.000000
22.815624 -0.069171 -0.000576 0.000000
11.253990 -1.336505 0.003001 0.000000
23.657200 0.941873 -0.002743 0.000000
26.151625 2.378454 -0.003872 0.000000
12.521290 -0.062062 0.002411 0.000000
31.503361 4.708052 -0.005823 0.000000
8.016436 -0.963389 0.004219 0.000000
8.919838 -0.512686 0.003652 0.000000
-20.361299 2.995453 0.000791 0.000000
-12.072054 0.369621 0.002037 0.000000
-25.057782 3.533222 0.000655 0.000000
-1.097569 19.131618 0.200091 0.000000
-0.957795 35.719911 0.028519 0.000000
-1.092736 11.573661 0.000454 0.000000
7.226973 -0.027942 6.180104 0.000000
-8.932465 -0.028373 3.201629 0.000000
-9.865411 -0.019940 7.461038 0.000000
-0.336676 35.719898 0.135097 0.000000
9.277895 -0.023460 6.333930 0.000000
-1.096181 27.984350 0.751386 0.000000
1.101508 30.572987 1.710782 0.000000
-1.095372 18.131829 0.790405 0.000000
0.798054 35.720628 1.860962 0.000000
-1.097638 28.104057 1.129760 0.000000
-0.579749 35.720553 1.661466 0.000000
-1.096147 18.513465 0.985812 0.000000
-1.094361 13.592562 0.997247 0.000000
1.095721 20.769839 0.421163 0.000000
1.097587 33.241482 0.527264 0.000000
1.095899 18.989188 0.999643 0.000000
-1.095045 23.746967 1.026434 0.000000
0.603456 35.720282 1.083670 0.000000
1.099831 24.301762 1.248918 0.000000
-0.784308 35.720194 0.726362 0.000000
-1.093697 16.541459 0.883780 0.000000
-1.092447 12.365926 0.720352 0.000000
1.089386 7.876356 0.569641 0.000000
1.096812 24.014783 0.508645 0.000000
1.094946 20.967690 0.777609 0.000000
1.102000 32.929704 0.622336 0.000000
-1.092146 26.862958 0.633490 0.000000
-1.094802 17.960871 0.414604 0.000000
-1.092165 22.790325 0.518533 0.000000
-1.094067 15.780956 0.565070 0.000000
-1.092053 30.071196 0.365828 0.000000
1.091721 9.865693 0.483473 0.000000
1.093365 12.691599 0.486849 0.000000
1.094022 16.801328 0.514533 0.000000
1.094768 24.586530 0.432068 0.000000
1.094311 18.713179 0.689097 0.000000
1.092350 11.278484 0.468199 0.000000
1.100803 27.974561 0.662433 0.000000
-3.775241 0.787882 2.997674 0.000000
-9.878476 -0.022821 5.615750 0.000000
1.094498 17.608713 1.361440 0.000000
-1.090291 26.242125 1.493570 0.000000
1.095992 25.513381 1.727545 0.000000
1.096158 20.011776 1.519230 0.000000
1.096982 26.163897 1.531827 0.000000
1.090541 30.471581 1.853271 0.000000
1.095498 22.403975 1.407110 0.000000
-1.095760 25.567683 1.332653 0.000000
-1.094411 17.185605 0.848875 0.000000
-1.093670 12.488781 0.900658 0.000000
-1.130083 4.753302 0.002036 0.000000
1.166657 4.896783 0.001549 0.000000
1.328585 5.954439 0.001334 0.000000
1.077980 5.312889 0.001596 0.000000
1.731766 7.479478 0.000270 0.000000
1.768281 6.330819 0.000372 0.000000
1.468472 5.680305 0.000523 0.000000
1.970159 7.492082 0.000239 0.000000
-0.978534 4.212305 0.002105 0.000000
0.210049 2.895774 0.003842 0.000000
-9.742013 3.339977 4.783351 0.000000
30.564888 -1.569734 0.002550 0.000000
10.544518 -3.820554 0.005098 0.000000
32.084631 -4.677089 0.003081 0.000000
7.088167 -3.400316 0.005686 0.000000
13.510953 -3.473765 0.004509 0.000000
18.644319 -2.885491 0.004072 0.000000
13.460616 -2.011218 0.001990 0.000000
19.515573 -4.831618 0.003090 0.000000
-14.276236 -3.639524 0.003382 0.000000
-7.537409 -3.491626 0.005535 0.000000
-33.996981 -5.528237 0.002255 0.000000
-20.612082 -5.320860 0.003474 0.000000
-7.776869 -4.290648 0.005692 0.000000
-23.948951 -8.232933 0.001378 0.000000
-9.214431 -3.046014 0.003426 0.000000
20.132612 -1.269384 0.002652 0.000000
9.417423 -3.277579 0.004845 0.000000
-15.158041 -3.329656 0.001657 0.000000
-39.132643 -4.557036 -0.000555 0.000000
-28.505633 -5.207110 0.003373 0.000000
-11.213963 -4.072026 0.002826 0.000000
-23.122516 -5.757314 0.001088 0.000000
16.247868 -3.638541 0.003214 0.000000
22.845840 -3.168036 0.002878 0.000000
11.415026 -2.875782 0.003967 0.000000
38.262664 -1.787854 0.002699 0.000000
14.455690 -2.367370 0.002497 0.000000
-28.148301 -1.912366 -0.000084 0.000000
-14.271102 -3.325162 0.005805 0.000000
-37.774365 -4.585569 -0.000449 0.000000
-11.847634 -3.601596 0.002664 0.000000
7.050858 -2.803120 0.005394 0.000000
-23.373880 -5.334526 0.000991 0.000000
-9.433718 -4.022703 0.003893 0.000000
-5.829692 -3.984189 0.006299 0.000000
-16.423348 -5.242098 0.001491 0.000000
-8.084749 -4.332580 0.004619 0.000000
-12.659359 -5.332149 0.002862 0.000000
-29.102789 -8.931335 0.000972 0.000000
19.608044 -3.385848 0.003038 0.000000
10.533913 -3.126159 0.003446 0.000000
26.120459 -2.470049 0.002705 0.000000
12.388953 -2.596913 0.003941 0.000000
7.899025 -2.447468 0.005238 0.000000
15.174064 -1.985570 0.002216 0.000000
19.970850 -0.676752 0.002555 0.000000
-9.223586 -3.294283 0.003845 0.000000
-5.925180 -3.287582 0.006315 0.000000
-15.056477 -3.755818 0.001961 0.000000
-11.708163 -3.960014 0.002966 0.000000
-6.653467 -3.691832 0.006467 0.000000
5.772987 -2.058042 0.006053 0.000000
-12.988863 0.886881 0.001776 0.000000
-8.403238 -0.726262 0.003852 0.000000
-26.688012 4.485335 -0.000850 0.000000
-13.074605 0.567858 0.001878 0.000000
-8.781028 -0.999136 0.003069 0.000000
-28.973400 3.940745 -0.001000 0.000000
-14.178297 0.049807 0.000416 0.000000
-35.589813 4.073218 -0.001598 0.000000
18.582068 1.604018 0.000989 0.000000
33.046132 6.165810 0.001803 0.000000
-6.633164 -0.424681 0.004118 0.000000
-11.399767 -2.368608 0.002643 0.000000
-22.204441 -2.152498 0.000407 0.000000
35.853045 -0.387285 0.002707 0.000000
13.840850 -1.753540 0.003343 0.000000
8.449612 -2.117790 0.004134 0.000000
17.685719 -0.810679 0.002902 0.000000
25.677216 0.946334 0.002423 0.000000
-21.334604 -1.347476 0.000565 0.000000
12.111923 -0.878822 0.002393 0.000000
15.953764 0.128589 0.000775 0.000000
-8.348826 -1.553820 0.003715 0.000000
-12.419498 -0.965673 0.001561 0.000000
-21.770254 -0.479495 0.000392 0.000000
-11.383566 -1.801966 0.003321 0.000000
-7.408913 -2.594121 0.005218 0.000000
8.218164 -0.282270 0.002767 0.000000
-24.703133 -4.985765 0.002136 0.000000
-19.454473 0.863917 -0.005317 0.000000
-12.952021 -0.666058 -0.001837 0.000000
-29.007910 1.699970 -0.009602 0.000000
-17.223615 -0.459754 -0.000440 0.000000
-10.661645 -0.695299 -0.000358 0.000000
-9.200094 -0.741977 0.002577 0.000000
-6.552312 -2.394917 0.005605 0.000000
-14.688306 -1.747647 -0.002805 0.000000
17.332792 2.128596 0.008879 0.000000
-30.684701 -4.197957 -0.010250 0.000000
-38.424845 -0.358104 -0.013489 0.000000
-22.474002 -2.077673 -0.006676 0.000000
-16.277571 -2.814411 -0.003650 0.000000
-8.296074 -3.071634 0.004665 0.000000
-13.187266 -3.272736 -0.000301 0.000000
14.988861 -0.218957 0.002095 0.000000
15.055514 0.379955 0.000281 0.000000
15.721010 1.030145 0.008515 0.000000
-34.354390 7.231652 -0.011925 0.000000
17.678331 -1.617843 0.003536 0.000000
13.105436 -2.588485 0.002252 0.000000
-14.740706 -5.198295 -0.000178 0.000000
-34.546083 -3.626112 -0.012809 0.000000
-23.379188 -4.350349 -0.003606 0.000000
-10.132841 -3.791681 -0.000164 0.000000
-17.979572 -4.738010 -0.005058 0.000000
38.445019 -6.348620 0.016777 0.000000
14.358917 -3.941942 0.003817 0.000000
8.681168 -3.466998 0.004405 0.000000
19.219524 -3.599265 0.003567 0.000000
30.035206 -2.576031 0.013755 0.000000
33.409726 2.060419 0.015143 0.000000
28.095603 -2.130026 0.001173 0.000000
12.480759 -2.393558 0.003630 0.000000
15.582649 -1.764867 0.000975 0.000000
20.815561 -0.484084 0.010617 0.000000
10.828308 -1.473850 0.003452 0.000000
7.254502 -1.993285 0.005247 0.000000
13.656196 -0.654475 0.002081 0.000000
8.456734 -1.525499 0.004372 0.000000
9.697245 -2.273098 0.003681 0.000000
-29.000048 -5.371988 -0.009528 0.000000
-19.473913 -5.281715 -0.002812 0.000000
-8.805729 -4.294671 0.004461 0.000000
-14.712010 -5.403594 -0.002814 0.000000
14.330606 -2.722750 0.005318 0.000000
8.643273 -2.691115 0.004331 0.000000
20.961388 -1.041106 0.001270 0.000000
11.039604 -1.754307 0.002429 0.000000
28.891835 0.843362 0.000228 0.000000
13.398412 -0.965413 0.008113 0.000000
-9.857641 -3.130710 0.003543 0.000000
-6.874887 -2.829861 0.005291 0.000000
-17.041515 -3.466237 -0.004043 0.000000
-12.940519 -3.829048 -0.001764 0.000000
-7.198399 -3.745032 0.005613 0.000000
29.285271 -2.926677 0.012659 0.000000
13.012824 -2.669918 0.003483 0.000000
17.970745 -1.811181 0.000605 0.000000
18.742496 -3.722525 0.009386 0.000000
-7.711134 -4.016481 0.004919 0.000000
-11.438430 -3.578098 -0.001116 0.000000
-21.629150 -4.472620 -0.006897 0.000000
-5.725152 -3.623292 0.007104 0.000000
-15.098977 -4.635216 -0.003474 0.000000
-11.584093 -4.740580 -0.001290 0.000000
-23.394989 -6.956818 -0.007855 0.000000
-9.259204 -4.825285 0.004400 0.000000
-16.143648 -6.450675 -0.004164 0.000000
34.990918 -6.482696 0.014641 0.000000
13.701649 -4.108656 0.008213 0.000000
0.763627 6.768912 0.000587 0.000000
0.571304 6.182078 0.000096 0.000000
-1.224319 3.834002 0.003089 0.000000
-1.230589 4.016426 0.002551 0.000000
0.576342 4.452877 0.002441 0.000000
0.998655 7.368411 0.000235 0.000000
1.772252 7.195808 0.000409 0.000000
1.094904 23.222346 1.092103 0.000000
1.094985 16.140442 0.965491 0.000000
1.092024 31.389946 1.671466 0.000000
1.095502 17.710738 1.592472 0.000000
1.096664 25.226183 1.736066 0.000000
-1.090685 8.972734 0.918638 0.000000
-1.098475 24.138993 1.523654 0.000000
-1.092179 10.405802 0.821675 0.000000
-1.093911 16.752844 1.259267 0.000000
-1.092581 12.530914 1.191959 0.000000
-1.091563 9.654241 0.861446 0.000000
-1.095266 21.546577 1.374887 0.000000
1.095072 20.640467 1.636081 0.000000
-1.095037 26.076542 1.260942 0.000000
1.091843 30.944519 2.231545 0.000000
-1.098761 34.612995 1.630952 0.000000
0.688719 35.437968 2.373209 0.000000
-1.096418 28.043839 1.618823 0.000000
-1.092483 11.267053 0.858460 0.000000
-1.095801 18.416023 1.316369 0.000000
9.580586 -0.021048 7.382595 0.000000
7.924582 -0.027609 5.540241 0.000000
9.895464 -0.022863 6.059208 0.000000
1.095317 24.941248 1.438228 0.000000
1.096583 20.994978 1.533478 0.000000
1.105933 32.128534 2.130501 0.000000
1.092024 11.442885 1.496253 0.000000
1.095579 25.060707 2.164186 0.000000
0.858289 31.517963 2.355691 0.000000
-1.095513 17.267323 1.237877 0.000000
-1.092182 9.976640 0.993811 0.000000
-1.094916 25.093622 1.844890 0.000000
1.096022 20.159893 1.999264 0.000000
-1.096499 25.855218 1.692324 0.000000
0.364826 32.514132 2.355385 0.000000
1.095674 28.018183 2.246629 0.000000
-0.001693 33.564438 2.359119 0.000000
0.710831 29.434297 2.360243 0.000000
-1.093345 21.907895 1.517435 0.000000
-0.670781 34.145519 2.360633 0.000000
1.103482 25.787738 1.008303 0.000000
-1.088843 26.201434 1.061653 0.000000
1.097001 25.027717 0.952050 0.000000
-1.094358 19.352840 0.757028 0.000000
-1.089172 23.900959 0.593871 0.000000
7.348185 -0.029042 5.532819 0.000000
-1.556414 7.427121 -0.000157 0.000000
-0.857652 12.892851 -0.000294 0.000000
-1.092257 11.191224 0.089211 0.000000
-0.700189 13.534608 -0.004597 0.000000
1.464350 5.605151 -0.000004 0.000000
1.316067 5.268503 -0.000008 0.000000
0.051242 17.453396 -0.007421 0.000000
1.096222 20.246986 0.147776 0.000000
-0.379993 4.613339 0.001677 0.000000
-0.137248 6.949329 -0.001429 0.000000
0.019056 11.226531 -0.002082 0.000000
0.841456 23.150232 -0.012613 0.000000
-0.554629 4.888897 0.001528 0.000000
-0.329129 7.155499 -0.000279 0.000000
0.205006 19.946368 -0.008380 0.000000
-0.562920 5.269159 0.001125 0.000000
-0.470218 7.165225 -0.000643 0.000000
-0.390971 10.408523 -0.003006 0.000000
0.389404 11.808840 -0.002738 0.000000
-0.774610 5.672800 -0.000109 0.000000
-0.661973 7.358033 -0.001735 0.000000
-0.323283 15.706184 -0.004582 0.000000
-0.958471 6.148913 -0.000441 0.000000
-0.893311 7.633456 -0.000893 0.000000
-0.524623 14.497074 -0.007076 0.000000
-1.047659 8.114583 -0.000554 0.000000
0.934798 8.170126 -0.001239 0.000000
0.248904 4.384203 0.002046 0.000000
0.736371 7.741295 -0.001211 0.000000
0.430514 7.305944 -0.000082 0.000000
1.090777 8.903388 0.267170 0.000000
0.386209 7.095268 -0.000411 0.000000
0.977917 13.925747 -0.006905 0.000000
0.692533 12.630062 -0.005159 0.000000
0.038334 6.994954 -0.000407 0.000000
-11.159483 -1.560846 0.000891 0.000000
-19.730173 -0.574937 0.002569 0.000000
-10.258014 -1.859072 0.002698 0.000000
-17.766541 -1.581136 0.000340 0.000000
-16.676803 -2.213901 0.003459 0.000000
6.413302 -0.657376 0.004489 0.000000
7.248664 -1.065322 0.004384 0.000000
-34.036289 6.482892 -0.000414 0.000000
-33.665752 5.029630 0.000284 0.000000
-14.738498 0.190016 0.001127 0.000000
-9.227883 -1.128296 0.002866 0.000000
-37.553213 4.452023 0.000815 0.000000
22.264979 1.566227 -0.002582 0.000000
14.628646 0.636984 -0.000567 0.000000
22.103763 2.976767 -0.003268 0.000000
7.578334 -0.648803 0.004334 0.000000
-9.123628 -0.485337 0.003689 0.000000
1.011210 2.560081 0.004732 0.000000
-16.427753 -2.857541 0.003788 0.000000
-15.761271 0.985970 0.000070 0.000000
-9.530554 -0.928039 0.002902 0.000000
-38.507510 5.945075 0.007450 0.000000
-15.090444 0.187080 0.005213 0.000000
-9.372698 -1.229974 0.003428 0.000000
-37.624751 4.261263 0.008344 0.000000
-15.251686 -0.375630 0.005643 0.000000
-16.207646 -0.846839 0.006147 0.000000
35.379105 2.643638 -0.014554 0.000000
18.614490 0.822106 -0.006819 0.000000
6.043018 -1.610405 0.006081 0.000000
-9.806415 -0.320639 0.002911 0.000000
18.829248 2.082558 -0.007806 0.000000
30.474475 4.000379 -0.013709 0.000000
6.813102 -1.398074 0.004557 0.000000
13.100636 0.250773 -0.003783 0.000000
8.267320 -0.742210 0.004166 0.000000
6.068265 -1.321454 0.005126 0.000000
10.220364 -0.186829 -0.000026 0.000000
-32.319493 -7.385624 0.014760 0.000000
-23.991642 -3.898035 0.010049 0.000000
-17.208873 -4.319102 0.008733 0.000000
-13.554742 -4.433236 0.004608 0.000000
-11.182877 -4.772522 0.008230 0.000000
-22.371036 -6.977135 0.011718 0.000000
14.755146 -4.200604 -0.001529 0.000000
20.802675 -3.797127 -0.004550 0.000000
10.902723 -3.219181 -0.000007 0.000000
34.975916 -2.903356 -0.010590 0.000000
-8.183048 -3.095163 0.004305 0.000000
-12.372344 -3.366442 0.002551 0.000000
10.802081 -2.170652 -0.000669 0.000000
7.334394 -3.069838 0.005977 0.000000
14.020052 -2.711349 -0.002163 0.000000
19.893617 -1.846095 -0.000517 0.000000
8.538908 -1.615177 0.003445 0.000000
13.443190 -1.062461 -0.003014 0.000000
-29.322321 -3.055204 0.002664 0.000000
-12.567090 -3.229800 0.002590 0.000000
-27.643380 -4.222725 0.011262 0.000000
26.177168 -2.894658 -0.007322 0.000000
12.108935 -2.723938 -0.001093 0.000000
14.934755 -2.111269 -0.003047 0.000000
10.690131 -1.803018 -0.000859 0.000000
31.658294 1.017168 -0.012078 0.000000
-6.452387 -2.567782 0.005941 0.000000
-16.102270 -1.540059 0.001708 0.000000
-9.094237 -2.310940 0.003939 0.000000
-14.255429 -2.272900 0.006826 0.000000
-33.674018 -1.885375 0.011397 0.000000
6.555562 -0.267681 0.004802 0.000000
-18.100300 2.378995 0.004666 0.000000
-18.859460 0.921713 0.004872 0.000000
-12.520185 -0.759596 0.002656 0.000000
-27.437673 1.675737 0.006266 0.000000
-12.980584 0.532858 0.001077 0.000000
-28.265173 4.225518 0.004765 0.000000
-9.050865 -0.709227 0.003413 0.000000
-15.064466 0.646769 0.004432 0.000000
-10.427593 -0.603928 0.002174 0.000000
9.420968 -1.863028 0.003378 0.000000
-20.803542 -5.087538 0.009237 0.000000
-9.311210 -4.038795 0.004604 0.000000
-15.747377 -5.212669 0.008423 0.000000
39.739595 -1.536028 -0.011706 0.000000
14.338340 -2.202576 -0.002114 0.000000
16.205875 -1.468343 -0.003459 0.000000
-10.998405 -3.873470 0.003056 0.000000
19.176782 -0.446110 -0.005376 0.000000
10.656661 -1.383130 -0.000690 0.000000
24.564837 1.213037 -0.008492 0.000000
7.319329 -1.650043 0.004657 0.000000
-7.057827 -2.854252 0.005630 0.000000
-10.020475 -2.995237 0.002968 0.000000
-17.760014 -3.178544 0.007419 0.000000
-13.516079 -3.761218 0.002987 0.000000
-31.473827 -4.968726 0.011656 0.000000
9.813642 -3.058309 0.004906 0.000000
-16.214901 -5.644421 0.001668 0.000000
-7.831173 -4.460445 0.004906 0.000000
-12.263126 -5.546915 0.002765 0.000000
-27.265156 -9.200273 0.000783 0.000000
31.175754 -5.502609 -0.007423 0.000000
13.084686 -3.807262 -0.000913 0.000000
8.363371 -3.399540 0.005343 0.000000
17.220281 -3.345854 -0.003292 0.000000
25.187883 -2.486261 -0.007218 0.000000
12.255579 -2.529552 -0.001314 0.000000
16.204998 -1.741878 -0.003924 0.000000
-15.733988 -3.998720 0.008240 0.000000
12.391561 -0.647095 -0.002197 0.000000
-11.805313 -4.211426 0.002532 0.000000
-23.901447 -5.902712 0.011390 0.000000
-9.492273 -4.369760 0.003587 0.000000
-9.134383 -1.633916 0.003849 0.000000
-14.935150 -1.272832 0.005734 0.000000
8.108085 -0.736806 0.004623 0.000000
-8.100179 -2.790442 0.004384 0.000000
-39.800654 0.947870 0.009938 0.000000
-11.502893 -1.922091 0.003235 0.000000
-6.628014 -2.559941 0.005766 0.000000
-22.172326 -1.355002 0.007071 0.000000
-9.392520 -2.245557 0.003497 0.000000
-15.763642 -2.254729 0.006500 0.000000
-12.558705 -2.761640 0.002939 0.000000
-27.616335 -3.007547 0.009411 0.000000
30.194962 3.288758 -0.011805 0.000000
28.199812 4.008886 -0.011617 0.000000
12.718075 0.413010 -0.003118 0.000000
28.847460 5.333667 -0.012722 0.000000
8.354122 -1.241010 0.004437 0.000000
-9.851277 -0.027244 2.594176 0.000000
-14.909949 -0.757062 -0.000916 0.000000
-39.583307 2.276791 -0.001174 0.000000
-21.193690 -0.769144 -0.000180 0.000000
-14.834246 -1.700679 -0.000729 0.000000
-11.660908 -2.203526 0.003429 0.000000
-23.768013 -1.981931 -0.003608 0.000000
23.650998 3.044490 0.005936 0.000000
21.885230 3.423862 0.001858 0.000000
8.393651 -0.843897 0.003202 0.000000
-11.869614 0.520977 0.001295 0.000000
-23.584715 3.402581 -0.004404 0.000000
-13.426099 0.458440 -0.000546 0.000000
-31.008369 4.411810 -0.006541 0.000000
-16.262849 0.614079 -0.001656 0.000000
1.095894 19.591279 0.591382 0.000000
1.089039 29.717461 0.461103 0.000000
1.094951 15.427366 0.594045 0.000000
1.096869 21.813927 0.598558 0.000000
-1.096906 23.984439 0.027457 0.000000
-0.458263 27.425782 -0.010705 0.000000
-1.095001 16.138746 0.244312 0.000000
-0.832514 22.514634 -0.009191 0.000000
0.098479 35.719895 -0.001651 0.000000
-1.092630 13.280810 0.103653 0.000000
-1.091263 9.875661 0.088351 0.000000
1.088334 34.872055 0.494210 0.000000
1.096707 24.981415 0.576335 0.000000
-1.094440 22.040449 0.530904 0.000000
-0.680614 35.719930 0.235614 0.000000
1.089087 29.640787 0.259255 0.000000
-1.104194 29.583348 0.372660 0.000000
0.617549 35.719867 0.091643 0.000000
-9.822081 -0.022866 5.804955 0.000000
1.094990 19.892519 0.718083 0.000000
-0.659999 17.102475 -0.005322 0.000000
1.097115 29.872824 0.952857 0.000000
-1.101528 22.191621 0.178555 0.000000
-1.103684 28.037508 0.380265 0.000000
-1.091860 11.355751 0.231955 0.000000
-1.093894 18.301982 0.314175 0.000000
1.093799 17.288976 0.240704 0.000000
1.093815 13.133583 0.168743 0.000000
1.092365 12.775426 0.303129 0.000000
0.400155 14.455752 -0.004447 0.000000
0.379690 14.719326 -0.004232 0.000000
1.095438 25.898030 0.132329 0.000000
1.093830 16.118667 0.487991 0.000000
-0.175634 15.307588 -0.006113 0.000000
1.089663 22.951253 0.525248 0.000000
-0.304804 15.900737 -0.005074 0.000000
-1.093882 13.340182 0.263554 0.000000
-0.766192 31.942116 2.359646 0.000000
0.684868 27.745076 2.368309 0.000000
-1.095373 23.538982 1.810520 0.000000
-0.408839 31.078510 2.358867 0.000000
0.392928 29.137680 2.363391 0.000000
-1.094063 16.367101 1.431519 0.000000
-1.097054 31.754555 2.224033 0.000000
-0.369464 30.589366 2.357736 0.000000
-1.092474 12.164555 1.215289 0.000000
-1.094654 20.505992 1.633191 0.000000
-0.033745 30.298354 2.360079 0.000000
-1.091559 9.467276 1.005217 0.000000
-1.134921 15.365180 1.406863 0.000000
-1.097751 27.222823 2.037858 0.000000
-1.094528 18.220240 1.427650 0.000000
1.094585 23.318177 2.170115 0.000000
1.095682 20.132193 1.707036 0.000000
1.092885 12.614560 1.466930 0.000000
1.090285 8.890287 1.337530 0.000000
1.096556 30.536756 2.219882 0.000000
1.095125 16.651142 1.620657 0.000000
1.091241 10.911799 1.432252 0.000000
0.624815 32.107392 2.368318 0.000000
1.092604 13.881095 1.600940 0.000000
0.927693 28.557973 2.361845 0.000000
1.093837 18.553274 1.858646 0.000000
-1.095781 27.261804 1.911227 0.000000
-0.476691 32.735583 2.361519 0.000000
1.094711 26.321690 2.291266 0.000000
-0.950617 32.780207 2.368002 0.000000
1.095387 24.755781 1.701225 0.000000
1.090713 9.412804 0.955483 0.000000
0.652014 32.888525 2.358488 0.000000
1.095540 22.725340 1.808658 0.000000
0.135880 34.122528 2.362330 0.000000
-1.095798 26.998790 1.908810 0.000000
1.098801 35.487732 2.096941 0.000000
1.095095 20.236061 1.684754 0.000000
1.095077 16.291860 1.725493 0.000000
-1.096183 31.779255 2.126033 0.000000
0.378772 9.870897 0.001130 0.000000
0.130281 11.989636 0.000289 0.000000
0.530724 11.977060 0.000408 0.000000
0.974666 12.541844 0.000346 0.000000
1.091223 9.100909 0.007138 0.000000
-0.104972 12.008794 0.000215 0.000000
0.274924 11.251965 0.000585 0.000000
0.646813 11.019692 0.000772 0.000000
1.092611 11.297089 0.010410 0.000000
-0.343211 12.153907 0.000098 0.000000
0.043322 10.710053 0.000714 0.000000
-0.172509 10.309454 0.000802 0.000000
0.161258 8.806418 0.000506 0.000000
0.522128 8.126508 0.001009 0.000000
-0.379089 10.036663 0.000847 0.000000
-0.043982 8.313184 0.001676 0.000000
0.224404 7.219786 0.002296 0.000000
0.822953 12.948337 0.000174 0.000000
0.621837 12.379112 0.000301 0.000000
0.327818 12.119458 0.000915 0.000000
-1.312229 6.479716 0.000417 0.000000
-0.847862 6.400210 0.000559 0.000000
-1.510973 6.754602 0.000179 0.000000
0.185289 6.410615 0.000061 0.000000
-0.787131 9.823979 0.000808 0.000000
-0.304746 7.201348 0.000394 0.000000
-0.018837 5.830980 0.001103 0.000000
-0.997864 9.874284 0.000724 0.000000
-0.425437 7.073234 0.000073 0.000000
-0.257392 4.821432 0.001452 0.000000
-0.846625 6.650440 0.002288 0.000000
14.702896 -2.809767 0.002622 0.000000
-11.198789 -4.843618 0.005104 0.000000
-21.983988 -7.315361 -0.002995 0.000000
15.306630 -4.416402 0.006832 0.000000
9.058752 -3.644312 0.004532 0.000000
21.929342 -4.040826 0.004241 0.000000
11.320572 -3.255983 0.003155 0.000000
38.920913 -3.231967 0.004868 0.000000
7.555342 -3.032392 0.004843 0.000000
21.021914 -1.960613 0.000560 0.000000
-12.842684 -3.461799 -0.000099 0.000000
-26.758513 -4.434434 -0.005063 0.000000
-10.258078 -3.769020 0.004548 0.000000
-18.107931 -4.690296 -0.002101 0.000000
-8.756602 -3.842855 0.004630 0.000000
-13.735865 -4.845989 -0.000281 0.000000
-7.236381 -4.159734 0.005042 0.000000
-7.329172 -2.316093 0.005139 0.000000
-17.503669 -2.031508 -0.002377 0.000000
-14.841359 -2.738612 -0.001156 0.000000
11.692193 -1.526799 0.002299 0.000000
7.624655 -1.969914 0.004966 0.000000
-37.672662 -3.012864 -0.008566 0.000000
-30.120641 -4.175540 -0.006139 0.000000
-12.052467 -3.686208 0.003822 0.000000
-26.312056 -5.062221 -0.004805 0.000000
20.047807 -3.509933 0.007295 0.000000
29.133236 -2.595782 0.008859 0.000000
12.811007 -2.414168 0.003364 0.000000
16.568506 -1.828070 0.003212 0.000000
9.503348 -2.078207 0.003029 0.000000
23.531263 -0.563702 0.007332 0.000000
-12.403469 -3.737708 0.003582 0.000000
-27.569122 -5.008480 -0.004159 0.000000
-10.474540 -3.978406 0.004410 0.000000
-19.750910 -5.187984 -0.001840 0.000000
14.751299 -1.670747 0.002774 0.000000
15.931710 -0.944196 0.005564 0.000000
-15.764733 -3.311436 -0.000870 0.000000
9.394378 -1.643311 0.003099 0.000000
17.838525 -0.145311 0.002258 0.000000
10.233835 -1.043148 0.002367 0.000000
21.405088 1.414624 0.005613 0.000000
7.032207 -1.473338 0.004499 0.000000
-11.337009 -2.602899 0.003533 0.000000
-21.822895 -2.714190 -0.003026 0.000000
16.954657 -3.045549 0.006134 0.000000
-22.707677 -5.519436 -0.003560 0.000000
-9.375773 -4.341725 0.004010 0.000000
-15.854030 -5.423562 -0.001094 0.000000
-7.822732 -4.290630 0.005248 0.000000
-12.049172 -5.221487 0.003830 0.000000
-26.669014 -8.780946 -0.004229 0.000000
33.010386 -5.050657 0.009028 0.000000
13.297847 -3.427046 0.003309 0.000000
9.771498 -2.847578 0.006155 0.000000
23.474242 -2.126323 0.006740 0.000000
39.179596 -0.011621 0.009081 0.000000
15.175819 -1.572646 0.005665 0.000000
-15.081840 -3.814968 -0.000616 0.000000
-11.495971 -4.182198 0.003302 0.000000
9.286298 -1.933269 0.003179 0.000000
-17.735550 1.565796 -0.000487 0.000000
31.227953 6.077863 0.007590 0.000000
-7.862567 -1.135391 0.003527 0.000000
-11.401131 -0.459943 -0.000003 0.000000
-20.266199 1.152563 -0.004038 0.000000
-19.257487 0.204480 -0.003484 0.000000
-19.424986 -0.518796 -0.003394 0.000000
-10.872059 -1.853208 0.002500 0.000000
-20.807425 -1.025298 -0.002500 0.000000
37.058873 1.250986 0.009868 0.000000
13.956015 -1.130096 0.006081 0.000000
18.238469 -0.034418 0.001533 0.000000
27.854029 2.293331 0.007625 0.000000
12.520606 -0.301374 0.001401 0.000000
17.037463 0.961981 0.001589 0.000000
9.769891 -0.405406 0.002818 0.000000
-15.592536 -0.066481 0.003064 0.000000
-11.366110 -1.170866 0.002681 0.000000
-21.565541 0.281352 0.000807 0.000000
-8.896024 -1.670693 0.003915 0.000000
-14.520166 -1.104179 0.002134 0.000000
-7.511724 -2.060354 0.004384 0.000000
-37.858940 1.268933 0.004224 0.000000
-11.199505 -1.806867 0.003916 0.000000
6.665065 -0.369031 0.003869 0.000000
-21.604055 -1.083792 0.003898 0.000000
-12.442869 -2.337205 0.002357 0.000000
11.387792 -0.576391 0.003443 0.000000
24.630963 2.952938 -0.005646 0.000000
12.427716 0.238079 -0.000772 0.000000
-10.110945 -2.731732 0.003854 0.000000
-17.979790 -2.808333 0.002584 0.000000
-8.622259 -3.049048 0.004109 0.000000
-13.985528 -3.340358 0.002254 0.000000
-34.784061 -4.500832 0.007171 0.000000
-11.434381 -3.764050 0.003700 0.000000
-23.357863 -4.835245 0.006184 0.000000
18.631594 -0.678446 -0.002125 0.000000
10.102663 -1.546397 0.001370 0.000000
19.304106 0.169616 -0.000151 0.000000
10.423079 -1.130503 0.002551 0.000000
21.044824 1.339292 -0.000079 0.000000
-19.504508 2.671112 0.001546 0.000000
-11.893923 0.295083 0.001790 0.000000
-24.099000 3.190114 0.001590 0.000000
-14.496040 -3.815794 0.001626 0.000000
-21.653513 -2.575445 0.005418 0.000000
-17.037899 -3.298072 0.000822 0.000000
-8.804084 -3.305456 0.003956 0.000000
-11.776518 -2.451972 0.002435 0.000000
-8.085234 -3.679925 0.005271 0.000000
-38.064029 -5.884754 0.009630 0.000000
-12.724990 -4.331180 0.004008 0.000000
-29.592854 -6.428677 0.008705 0.000000
17.214228 -3.843353 -0.000433 0.000000
9.767734 -3.233428 0.004549 0.000000
24.103298 -3.190505 -0.002718 0.000000
11.625323 -2.800841 0.004403 0.000000
7.626369 -2.622519 0.005183 0.000000
-7.813583 -2.556457 0.005057 0.000000
14.958998 -2.273769 -0.000637 0.000000
9.034932 -2.410008 0.004630 0.000000
20.863440 -1.225013 -0.003077 0.000000
11.011313 -1.832633 0.004066 0.000000
10.092987 -1.788638 0.003874 0.000000
-15.992364 -5.234290 0.006049 0.000000
-12.378558 -5.267058 0.006200 0.000000
-27.733119 -8.620702 0.008732 0.000000
17.026130 -3.395776 -0.000113 0.000000
9.637606 -3.118480 0.003846 0.000000
6.610857 -2.981362 0.006150 0.000000
11.311043 -2.609531 0.002948 0.000000
31.468783 -1.210613 -0.001006 0.000000
13.546145 -1.994906 0.001778 0.000000
17.521002 -1.175837 -0.001756 0.000000
-14.937365 -3.768956 0.000513 0.000000
-39.118461 -5.340274 0.008181 0.000000
-11.500901 -3.929790 0.005578 0.000000
-22.620646 -5.232684 0.006352 0.000000
19.361802 -4.903652 -0.000436 0.000000
10.390846 -3.828261 0.002248 0.000000
31.175883 -4.714199 -0.003447 0.000000
18.307557 -2.919614 -0.001321 0.000000
-25.915785 -8.579748 0.009500 0.000000
29.220740 -1.707264 -0.004829 0.000000
13.218070 -2.183581 -0.000040 0.000000
-36.987660 -5.593749 0.009288 0.000000
-14.765247 -3.775220 0.005722 0.000000
-21.857416 -5.413519 0.007146 0.000000
-15.511173 -5.361162 0.006667 0.000000
-11.937955 -5.212693 0.004515 0.000000
0.315908 1.809629 0.006191 0.000000
1.094910 16.608267 0.477829 0.000000
1.092139 11.683426 0.712409 0.000000
1.099855 19.656487 1.030415 0.000000
1.095047 29.450167 1.307726 0.000000
-1.089735 30.454154 1.259480 0.000000
-1.093587 15.810435 0.687019 0.000000
1.094114 35.720704 1.787845 0.000000
-1.094952 28.152676 0.800692 0.000000
9.136222 -0.025070 5.545413 0.000000
8.709566 -0.026641 5.139497 0.000000
3.793550 -0.039720 5.466738 0.000000
-1.096267 27.752684 1.773149 0.000000
-1.094462 16.622044 1.065207 0.000000
-1.097787 33.207111 1.892105 0.000000
-1.091042 8.315181 0.736827 0.000000
-1.094689 20.977076 1.282004 0.000000
1.095845 34.732486 2.155537 0.000000
1.097085 26.546397 1.470902 0.000000
-1.095940 31.399832 1.302431 0.000000
1.097293 26.999579 2.018401 0.000000
-1.095107 19.711978 1.023228 0.000000
0.967161 34.552197 2.357935 0.000000
-1.094283 13.912082 0.872606 0.000000
-1.097075 24.719317 1.324319 0.000000
1.090509 8.593210 0.659531 0.000000
1.097600 31.416945 1.248021 0.000000
-1.094928 18.390480 1.267122 0.000000
-1.097177 23.443230 1.484266 0.000000
-1.095543 31.415259 1.471543 0.000000
-1.093148 14.030462 0.955485 0.000000
-1.095535 27.393704 1.678163 0.000000
1.093392 15.675682 1.232140 0.000000
-1.098589 32.366621 1.857536 0.000000
1.090661 34.009036 2.157906 0.000000
1.091962 11.824462 1.066089 0.000000
1.094836 15.714705 1.083694 0.000000
1.094393 22.284570 1.534714 0.000000
1.095647 35.099892 1.833933 0.000000
9.856051 -0.021908 6.830582 0.000000
1.714991 6.959168 -0.002612 0.000000
1.408214 6.139780 -0.000244 0.000000
1.024810 5.439953 -0.000829 0.000000
0.826905 5.145685 -0.000275 0.000000
0.207652 5.004630 -0.000106 0.000000
0.808948 7.151370 -0.000744 0.000000
0.698354 6.458353 -0.001836 0.000000
0.513490 5.873596 -0.001171 0.000000
-6.279875 -0.268124 0.004710 0.000000
-6.209288 -1.918610 0.005416 0.000000
8.234956 -1.464145 0.004777 0.000000
17.869571 0.555904 -0.000019 0.000000
10.070844 -0.807817 0.003030 0.000000
13.160230 -0.708755 -0.000925 0.000000
-8.181159 -2.376011 0.004643 0.000000
-13.723546 -0.725628 0.002425 0.000000
-29.031401 1.509976 0.003954 0.000000
-12.862080 -1.261216 0.004273 0.000000
-26.555380 0.102465 0.001303 0.000000
-12.592632 -1.621492 0.003693 0.000000
-26.310059 -0.926736 0.005028 0.000000
-28.103440 -1.873408 0.005819 0.000000
15.179871 -1.560630 -0.001154 0.000000
9.047824 -1.987238 0.004748 0.000000
19.956279 -0.476654 -0.003275 0.000000
30.775271 1.804389 -0.007274 0.000000
-37.571870 7.550862 0.001667 0.000000
-15.492643 1.007946 0.002867 0.000000
-9.685022 -0.729605 0.002297 0.000000
-16.735623 0.637173 0.001187 0.000000
19.934888 2.115493 -0.002324 0.000000
10.509655 -0.049906 -0.000181 0.000000
38.302387 7.636537 -0.007458 0.000000
8.659228 -0.251992 0.002728 0.000000
2.007805 7.751676 -0.000186 0.000000
1.449778 6.339236 -0.001917 0.000000
1.223846 5.845733 -0.001333 0.000000
1.501345 7.281319 -0.001248 0.000000
0.844446 4.865118 -0.000106 0.000000
-0.196068 4.285822 0.002171 0.000000
0.840878 5.371680 -0.000699 0.000000
0.664934 4.952463 -0.000160 0.000000
1.060974 5.864168 -0.000952 0.000000
1.486855 7.535448 -0.000934 0.000000
0.563687 4.604512 0.002534 0.000000
1.449963 6.818979 -0.000158 0.000000
1.088672 5.702584 -0.001138 0.000000
-1.152962 5.346890 -0.000246 0.000000
-1.341907 5.709705 -0.000622 0.000000
-1.555318 6.148154 -0.001058 0.000000
-7.957475 -1.742113 0.003772 0.000000
-11.325852 -1.336650 0.000771 0.000000
-18.230386 -1.425139 -0.001861 0.000000
-17.310465 -2.164408 -0.001454 0.000000
-17.185340 -2.831990 -0.001326 0.000000
14.413952 -2.118938 0.001416 0.000000
18.626093 -1.350341 0.001492 0.000000
27.255535 0.370462 0.006910 0.000000
12.418507 -1.269170 0.002455 0.000000
16.393156 -0.363074 0.001983 0.000000
-9.979974 -1.057040 0.002293 0.000000
-17.300893 0.062854 -0.001760 0.000000
29.344634 3.156682 0.006890 0.000000
17.502155 1.419158 0.002158 0.000000
29.767027 5.174675 0.006692 0.000000
8.075017 -0.518237 0.003597 0.000000
-14.127879 -2.987027 -0.000166 0.000000
-32.103752 -3.536304 -0.005471 0.000000
21.786714 -1.467374 0.006334 0.000000
11.341045 -2.075544 0.003557 0.000000
9.611698 -3.470282 0.006210 0.000000
-22.352844 -4.239812 -0.002777 0.000000
-9.801489 -3.736003 0.004366 0.000000
-17.445240 -4.659094 -0.001197 0.000000
-14.493451 -4.966946 -0.000092 0.000000
16.811038 -4.136251 0.006127 0.000000
24.153269 -3.611174 0.006936 0.000000
11.676703 -3.066459 0.003338 0.000000
15.271443 -2.504642 0.005830 0.000000
-15.936926 0.458681 -0.001347 0.000000
-16.010877 1.755549 -0.001580 0.000000
-15.555913 0.997925 -0.001296 0.000000
-29.496875 5.601458 -0.005322 0.000000
6.924428 -0.247003 0.004199 0.000000
-23.672816 0.716921 -0.003137 0.000000
-15.370793 -0.914703 -0.000502 0.000000
-16.865004 0.349170 -0.001056 0.000000
-13.532234 0.073924 -0.000035 0.000000
-31.132318 3.550504 -0.005331 0.000000
21.527203 -0.900344 0.002843 0.000000
11.279611 -1.623913 0.002527 0.000000
30.000859 0.968504 0.006130 0.000000
13.623141 -0.940425 0.001596 0.000000
-15.877101 -4.947123 -0.000025 0.000000
-36.277980 -4.649167 -0.005097 0.000000
-21.926334 -4.818944 -0.001794 0.000000
-12.502870 -5.059540 0.001233 0.000000
-28.273500 -8.207044 -0.002808 0.000000
39.782373 -3.127668 0.008236 0.000000
-14.595686 -3.437813 0.002848 0.000000
14.959673 -4.229303 0.005551 0.000000
-31.283014 -6.933640 -0.003672 0.000000
-6.221212 -4.003241 0.006201 0.000000
-19.629419 -6.302485 -0.000959 0.000000
-8.762675 -4.690044 0.004611 0.000000
-14.377796 -6.082225 0.003872 0.000000
21.153510 -3.838254 0.005856 0.000000
11.020011 -3.361170 0.003034 0.000000
35.897154 -2.947578 0.007614 0.000000
-2.578695 -3.201837 0.014546 0.000000
-18.532893 -4.248300 -0.000950 0.000000
11.157384 -2.073690 0.003843 0.000000
-12.640502 -1.922962 0.003054 0.000000
-27.348810 -1.202392 -0.003695 0.000000
-18.160997 -2.313853 -0.001146 0.000000
-13.882013 -2.868488 0.001957 0.000000
-34.668562 -3.349681 -0.004965 0.000000
-23.047691 -3.985800 -0.002211 0.000000
37.263885 2.862102 0.006879 0.000000
13.873074 -0.455725 0.002311 0.000000
7.168887 -0.709921 0.004577 0.000000
36.196500 4.124080 0.006509 0.000000
14.062297 0.163932 0.002953 0.000000
38.772485 6.165183 0.006568 0.000000
8.777228 -0.859877 0.003234 0.000000
14.841440 0.940164 0.001803 0.000000
16.502801 1.869997 0.004529 0.000000
-0.750860 6.256034 0.000125 0.000000
0.030416 9.092292 -0.000230 0.000000
0.580180 16.384945 -0.006516 0.000000
-0.136238 8.645348 -0.001777 0.000000
0.175153 14.448409 -0.004361 0.000000
-0.269874 8.541602 -0.000491 0.000000
-0.090792 13.201761 -0.002261 0.000000
-0.525192 8.415161 0.000036 0.000000
-0.294841 12.073895 -0.004042 0.000000
-0.859024 5.545124 0.001281 0.000000
-0.707194 8.361227 0.000026 0.000000
-1.179134 5.830211 0.000994 0.000000
-1.037997 6.917338 0.000855 0.000000
-0.905339 8.318069 -0.000836 0.000000
-0.636794 10.611179 -0.002580 0.000000
1.090053 8.127321 0.181400 0.000000
0.907821 11.626307 -0.004000 0.000000
-1.256778 7.355489 0.000512 0.000000
0.279826 6.178513 0.000260 0.000000
0.699760 10.832705 -0.003477 0.000000
0.158200 5.817053 0.000448 0.000000
1.094623 16.563033 0.078114 0.000000
0.897228 18.867454 -0.004321 0.000000
-1.084265 8.532104 -0.001877 0.000000
-0.837876 10.254011 -0.001622 0.000000
-1.738592 7.489612 0.000301 0.000000
1.215286 7.563323 0.000902 0.000000
0.809596 7.051841 0.000122 0.000000
-12.474659 0.371851 -0.000821 0.000000
-26.159406 3.625506 -0.006545 0.000000
-8.910241 -0.727935 0.002898 0.000000
-14.527210 0.478891 -0.001742 0.000000
-37.464549 5.249287 -0.001859 0.000000
-10.238108 -0.733229 0.003051 0.000000
-18.234225 0.739987 -0.003207 0.000000
-12.369688 -0.695345 -0.000417 0.000000
-26.562385 1.445409 -0.006028 0.000000
-14.071207 -1.388091 -0.000969 0.000000
-34.476775 0.381508 -0.007931 0.000000
-10.800512 -2.154654 0.003210 0.000000
-20.506826 -1.506652 -0.003315 0.000000
20.637540 2.904630 0.005140 0.000000
-9.025791 -2.564402 0.004318 0.000000
-14.952871 -2.317458 -0.001066 0.000000
-25.492961 -3.055535 -0.004431 0.000000
20.979421 1.317822 0.005669 0.000000
10.734426 -0.576503 0.005460 0.000000
20.104969 1.998894 0.002076 0.000000
10.615485 -0.153538 0.003567 0.000000
1.099106 32.363184 1.763489 0.000000
-1.061096 35.537363 2.363101 0.000000
-0.117580 32.454403 2.363768 0.000000
-0.772359 33.815333 2.359747 0.000000
-1.098186 30.804613 2.128801 0.000000
-1.096191 20.035952 1.563025 0.000000
-1.098322 32.523571 1.805591 0.000000
0.191527 35.720612 1.826116 0.000000
1.095878 31.927619 2.359836 0.000000
1.095533 24.624044 2.161444 0.000000
0.942552 29.476912 2.360682 0.000000
-0.479274 34.776716 2.360480 0.000000
0.253373 30.996845 2.362077 0.000000
-0.950817 35.720239 1.063512 0.000000
1.095615 20.761375 1.016344 0.000000
-1.095423 21.060363 1.168605 0.000000
1.095607 32.272138 1.197857 0.000000
-1.094584 23.418978 0.852470 0.000000
-1.095053 16.086031 0.776538 0.000000
-1.095495 30.806238 0.797222 0.000000
1.095217 24.174776 1.079756 0.000000
1.093681 21.268723 0.944884 0.000000
1.095652 33.196843 1.251219 0.000000
1.093681 13.710715 0.865345 0.000000
1.094104 18.422548 1.088228 0.000000
1.095233 27.415523 1.217127 0.000000
-1.098331 33.501872 1.303950 0.000000
-1.093843 13.774884 0.495628 0.000000
-1.088236 27.877987 0.533116 0.000000
1.102771 23.271352 0.392323 0.000000
1.090779 35.719936 0.208702 0.000000
1.095443 31.535927 0.532104 0.000000
-1.095437 31.262214 0.207585 0.000000
-1.095922 19.503538 0.234366 0.000000
1.095780 18.133170 0.539387 0.000000
1.096395 26.846160 0.499662 0.000000
1.093015 11.837580 0.401058 0.000000
-0.814256 32.171983 -0.022895 0.000000
-1.093761 13.835306 0.309390 0.000000
-1.088868 24.168545 0.009563 0.000000
-1.094926 16.100585 0.150734 0.000000
-12.802523 -3.298414 0.002014 0.000000
-26.302207 -3.903747 0.006772 0.000000
-18.498941 -4.360052 0.006251 0.000000
-8.813042 -3.887971 0.003953 0.000000
-14.345747 -4.653660 0.003180 0.000000
-37.892423 -8.018648 0.010989 0.000000
-11.836760 -4.836265 0.006475 0.000000
-25.222704 -7.398709 0.008794 0.000000
15.470941 -4.291903 0.002572 0.000000
9.145404 -3.593662 0.004166 0.000000
22.102396 -3.880375 -0.001792 0.000000
38.407804 -2.953500 -0.006083 0.000000
20.727838 -1.802805 -0.002722 0.000000
35.139750 1.477120 -0.008164 0.000000
29.430854 -2.852212 -0.004202 0.000000
12.727346 -2.773059 0.002674 0.000000
15.880031 -2.043354 -0.001123 0.000000
21.520486 -0.967824 -0.000054 0.000000
14.081243 -0.965413 -0.001181 0.000000
-19.167354 -4.926471 0.006648 0.000000
-14.650058 -5.011583 0.003435 0.000000
29.304767 -2.012980 -0.004697 0.000000
12.735000 -2.380689 0.002851 0.000000
36.575568 -0.338562 -0.007331 0.000000
14.148742 -1.705932 -0.000729 0.000000
16.493417 -0.854394 -0.002081 0.000000
20.511501 0.453278 -0.004092 0.000000
11.241337 -0.901201 -0.000047 0.000000
-9.743705 -2.936995 0.003571 0.000000
-16.557789 -3.174828 0.003748 0.000000
-12.632341 -3.513754 0.003999 0.000000
-27.971349 -4.749888 0.007513 0.000000
15.583401 -1.836655 -0.001154 0.000000
11.908790 -2.523688 0.002316 0.000000
-26.438396 -8.965806 0.001876 0.000000
-11.607206 -4.178511 0.003058 0.000000
-23.249581 -5.775514 0.007565 0.000000
-15.832460 -5.563504 0.002364 0.000000
-12.086644 -5.489454 0.003285 0.000000
28.970936 -5.418164 -0.002503 0.000000
12.656531 -3.821339 0.001184 0.000000
8.004146 -3.245997 0.005391 0.000000
16.526394 -3.383044 -0.000497 0.000000
9.454577 -3.149862 0.004653 0.000000
23.782218 -2.586604 -0.003026 0.000000
-15.584177 -3.979471 0.001293 0.000000
-38.640845 -4.660759 0.001299 0.000000
-24.332816 4.245166 0.001739 0.000000
-18.686865 -1.271228 0.000249 0.000000
-16.330871 -2.121017 0.005098 0.000000
-14.979864 -2.763829 0.005457 0.000000
-18.332631 0.906245 0.003228 0.000000
-10.509094 -0.978149 0.004395 0.000000
-18.798161 0.267134 0.003706 0.000000
-20.565818 -0.235356 0.004236 0.000000
37.824996 3.140598 -0.010897 0.000000
14.048627 -0.443830 -0.001943 0.000000
-10.438822 -0.593327 0.002396 0.000000
19.245752 1.002224 -0.004700 0.000000
32.245763 4.485220 -0.010465 0.000000
13.403128 0.358302 -0.002245 0.000000
19.484465 2.302564 -0.005653 0.000000
-7.670474 -0.606129 0.003827 0.000000
-11.077463 -0.009668 0.001461 0.000000
-18.972104 1.786836 0.002696 0.000000
10.531403 0.055435 -0.000734 0.000000
-32.540634 -0.842387 0.007164 0.000000
-31.427293 1.119689 0.005982 0.000000
-10.457764 -1.614866 0.002166 0.000000
-18.672650 -0.971872 0.005086 0.000000
-13.452896 -1.814209 0.002164 0.000000
-10.856119 -2.268184 0.003686 0.000000
-20.773567 -2.184880 0.005945 0.000000
19.059684 1.916978 -0.001090 0.000000
18.163201 2.373707 -0.004620 0.000000
-8.779027 -1.568996 0.004226 0.000000
-13.574933 -0.996609 0.004749 0.000000
-18.465046 2.467910 0.003282 0.000000
-11.256873 0.266101 0.001109 0.000000
-21.571093 2.762756 0.003535 0.000000
-12.803427 0.239887 0.004078 0.000000
-27.920391 3.547591 0.004142 0.000000
-15.511743 0.262049 0.001479 0.000000
-7.226452 -0.638069 0.003752 0.000000
-22.659989 -4.192504 0.004336 0.000000
9.970820 -2.699014 0.003527 0.000000
27.148553 -1.659809 -0.005849 0.000000
-19.090172 -6.715724 0.008425 0.000000
-9.627942 -3.662955 0.003653 0.000000
-7.018662 -4.165846 0.005532 0.000000
-10.260837 -4.902538 0.003937 0.000000
18.157910 -4.685168 -0.001460 0.000000
28.491404 -4.407615 -0.004857 0.000000
12.788486 -3.342603 0.003890 0.000000
17.348356 -2.828265 -0.002091 0.000000
12.346577 -3.057291 0.000128 0.000000
15.448875 -2.475954 -0.001538 0.000000
21.024887 -1.518347 -0.004030 0.000000
34.167501 0.590774 -0.008973 0.000000
27.254804 -3.636384 -0.004884 0.000000
13.929271 -1.296922 -0.001512 0.000000
-17.300208 -2.020567 0.005876 0.000000
-14.669336 -2.791521 0.001872 0.000000
-13.186890 -3.387119 0.003537 0.000000
-29.956728 -4.060632 0.000508 0.000000
-26.397332 -5.033140 0.008812 0.000000
-10.646424 -3.730104 0.003274 0.000000
-20.243534 -4.523208 0.007035 0.000000
14.522624 -1.707420 -0.001195 0.000000
15.842864 -0.975089 -0.002075 0.000000
17.989036 -0.004366 -0.003323 0.000000
21.928516 1.493057 -0.005316 0.000000
-9.945672 -2.626200 0.003412 0.000000
-17.133239 -2.910077 0.002490 0.000000
11.666408 -0.391731 -0.000648 0.000000
16.580290 -1.462837 -0.002499 0.000000
12.651709 -2.319506 -0.000396 0.000000
-27.624231 -4.965345 0.009010 0.000000
-17.943999 -4.921699 0.002151 0.000000
-31.508112 -8.410717 0.011493 0.000000
-19.852549 -7.302519 0.008820 0.000000
38.342448 -5.445863 -0.007062 0.000000
14.201974 -3.642122 -0.000434 0.000000
8.619615 -3.269186 0.004615 0.000000
18.501532 -3.078996 -0.002381 0.000000
10.251199 -2.899901 0.003777 0.000000
26.846603 -2.041412 -0.005567 0.000000
0.842363 12.162498 -0.002840 0.000000
0.315566 12.161589 -0.003128 0.000000
0.021980 12.204966 -0.003108 0.000000
1.073877 30.684026 -0.014367 0.000000
1.095571 18.850536 0.555110 0.000000
1.092262 12.669645 0.795026 0.000000
-0.128111 12.767198 -0.003203 0.000000
0.457357 29.288681 -0.014680 0.000000
1.099219 28.097259 0.450006 0.000000
1.093733 16.834424 0.621076 0.000000
-0.484728 13.591329 -0.003376 0.000000
-0.071769 28.690912 -0.014265 0.000000
-1.117506 29.395105 0.451248 0.000000
-1.095808 18.893807 0.505372 0.000000
-1.092961 13.798861 0.322090 0.000000
-1.093549 15.407244 0.289470 0.000000
-1.092589 10.572568 0.268668 0.000000
1.096125 23.807140 0.684268 0.000000
-0.733714 14.394950 -0.006156 0.000000
-0.588323 28.739966 -0.014193 0.000000
-1.094131 15.520390 -0.003220 0.000000
-1.126771 29.394859 -0.013616 0.000000
-1.094868 22.339605 0.257490 0.000000
-1.091691 10.588619 1.123380 0.000000
-1.095482 16.657005 1.408119 0.000000
-1.090326 8.223296 1.026856 0.000000
-1.092687 12.242574 1.217474 0.000000
-1.094507 21.016389 1.618277 0.000000
-1.094750 23.895524 1.829877 0.000000
1.096473 27.912818 2.349583 0.000000
1.094751 16.568727 1.807004 0.000000
-1.098384 33.497343 2.219625 0.000000
-0.259629 32.632741 2.364228 0.000000
0.512886 28.871237 2.362657 0.000000
-0.738448 32.768341 2.357101 0.000000
0.109887 29.703642 2.358904 0.000000
0.961309 26.924060 2.359594 0.000000
-1.095057 27.607049 2.020928 0.000000
0.556609 28.314663 2.359260 0.000000
-0.877863 31.285836 2.357615 0.000000
-0.033734 29.637743 2.357964 0.000000
-1.092782 13.522462 1.215245 0.000000
1.098120 32.796947 2.034654 0.000000
1.097321 25.514254 2.011216 0.000000
1.091907 10.070864 1.417461 0.000000
1.095996 20.310600 1.893866 0.000000
-9.521866 -0.023729 5.419807 0.000000
8.689565 -0.022978 7.211816 0.000000
-0.621032 34.323825 2.359001 0.000000
1.096042 26.090096 2.169356 0.000000
-0.066017 34.154340 2.359040 0.000000
0.722800 30.826148 2.361348 0.000000
1.094426 19.895761 1.876363 0.000000
1.098331 33.191937 2.335882 0.000000
0.263909 32.019500 2.361298 0.000000
-0.221595 33.164367 2.358431 0.000000
0.606515 31.294794 2.361460 0.000000
-1.094958 20.686436 1.638235 0.000000
0.036770 33.029162 2.359438 0.000000
-1.096561 22.436028 0.774532 0.000000
-1.091263 9.998218 0.563811 0.000000
-1.116385 29.395411 1.002593 0.000000
-1.094813 18.916433 0.937516 0.000000
-1.096883 24.130764 1.180647 0.000000
1.094114 18.336599 0.765527 0.000000
1.089535 27.364099 0.787922 0.000000
1.093334 16.595951 0.929405 0.000000
1.096101 23.404262 1.080693 0.000000
1.089834 20.040773 1.232187 0.000000
-1.083609 35.720280 0.948914 0.000000
0.202616 14.271741 0.000302 0.000000
1.091768 9.595866 0.307087 0.000000
0.301911 15.747116 -0.004969 0.000000
0.847679 16.690799 -0.005412 0.000000
0.143196 15.488528 -0.003740 0.000000
0.508003 15.263645 0.000135 0.000000
1.094271 15.691650 0.175012 0.000000
1.090981 10.215505 0.056633 0.000000
0.609167 16.080191 -0.005123 0.000000
0.638396 13.654103 0.000567 0.000000
1.093583 13.745240 0.022199 0.000000
-0.570497 15.999490 -0.000305 0.000000
-0.071784 13.538228 0.000422 0.000000
0.695878 11.405041 0.001217 0.000000
-0.972593 16.410487 -0.004942 0.000000
-0.326712 13.010843 0.000500 0.000000
0.071899 10.965888 0.001203 0.000000
0.397771 9.747182 0.001696 0.000000
-0.571763 12.678207 0.000530 0.000000
1.094244 13.927082 0.185877 0.000000
0.952891 16.582187 -0.000060 0.000000
-0.150929 10.090217 0.001440 0.000000
0.105691 8.533682 0.000408 0.000000
-0.814679 12.507350 0.000516 0.000000
-0.349025 9.419938 0.001630 0.000000
-0.133251 7.409121 0.001032 0.000000
-1.093419 12.566689 0.126874 0.000000
-0.429807 8.850642 0.000398 0.000000
-0.220130 6.926579 0.000166 0.000000
-0.708497 8.517795 0.001889 0.000000
-0.228453 6.266976 0.000042 0.000000
-0.879612 8.237145 0.001961 0.000000
-0.507595 5.893214 0.001005 0.000000
-0.712909 5.479354 0.001356 0.000000
-1.095644 27.565648 1.996872 0.000000
1.089211 31.334747 0.362387 0.000000
8.322964 -0.028414 4.637874 0.000000
1.089705 8.222545 0.216168 0.000000
1.094144 13.999409 0.265810 0.000000
1.095981 19.615612 0.300655 0.000000
-11.440117 -1.759537 0.003133 0.000000
-12.144129 -0.305254 0.002267 0.000000
-22.211293 1.571663 -0.003717 0.000000
-21.187640 0.542903 -0.003240 0.000000
-21.573634 -0.228745 -0.003226 0.000000
-23.559943 -0.891595 -0.003697 0.000000
23.343526 0.880668 0.000134 0.000000
11.453673 -0.842943 0.003009 0.000000
14.632998 0.119500 0.001220 0.000000
8.872237 -0.944573 0.003342 0.000000
-8.262116 -1.020224 0.003866 0.000000
21.540974 2.077354 0.005729 0.000000
11.028288 -0.184183 0.002188 0.000000
-10.980862 0.080482 0.001889 0.000000
-20.678551 2.296531 -0.000333 0.000000
10.231500 -0.762909 0.003483 0.000000
-8.923459 -2.365754 0.004477 0.000000
-37.095839 0.052325 -0.009165 0.000000
-14.762786 -2.083539 -0.001314 0.000000
15.964176 -1.552837 0.002052 0.000000
21.223812 -0.373835 0.001915 0.000000
33.640863 2.266975 0.008782 0.000000
-14.487728 -1.543125 -0.001322 0.000000
18.692367 0.794109 0.000698 0.000000
-15.827625 -0.202371 -0.002220 0.000000
-14.812550 -0.944372 -0.001610 0.000000
-36.569027 1.417825 -0.009323 0.000000
-14.027010 -3.696093 -0.000208 0.000000
-20.313221 -5.182642 -0.002164 0.000000
-23.939144 -8.075655 -0.002631 0.000000
21.759763 -5.199037 0.007376 0.000000
11.012698 -3.869865 0.005550 0.000000
37.455436 -5.155959 0.010235 0.000000
14.201107 -3.509617 0.005176 0.000000
20.167202 -2.960606 0.006634 0.000000
10.975572 -2.752237 0.005047 0.000000
34.184487 -1.571329 0.008741 0.000000
14.061145 -2.011138 0.002909 0.000000
12.126629 -1.768162 0.005751 0.000000
20.383391 -4.005053 0.006906 0.000000
-17.950934 -3.226765 -0.002013 0.000000
-32.803531 -6.689829 -0.005404 0.000000
10.619374 -3.204132 0.003398 0.000000
30.441877 -3.253689 0.008417 0.000000
13.085793 -2.872584 0.006015 0.000000
17.080085 -2.092255 0.002721 0.000000
-10.297812 -2.979293 0.004082 0.000000
-11.831468 -2.540813 0.003542 0.000000
-7.207817 -2.861507 0.004918 0.000000
-22.524070 -2.427190 -0.003702 0.000000
-19.224717 2.021052 -0.004059 0.000000
-11.076203 -0.335637 0.002539 0.000000
-21.587026 1.753589 -0.004809 0.000000
19.786448 2.194683 0.005959 0.000000
37.950661 7.767320 0.008513 0.000000
-17.859572 2.034830 -0.000755 0.000000
-11.348091 0.002848 0.001827 0.000000
-21.868457 2.433938 -0.001003 0.000000
-10.544000 -3.755447 0.004019 0.000000
-19.377221 -4.548160 -0.002001 0.000000
16.476769 -0.843180 0.001469 0.000000
9.415609 -1.734308 0.003255 0.000000
17.296208 -0.308544 0.002337 0.000000
9.940422 -1.361660 0.003911 0.000000
-26.720198 -4.182579 -0.004319 0.000000
10.533510 -0.758176 0.002238 0.000000
21.831496 2.209919 0.005608 0.000000
11.658234 -0.014465 0.001399 0.000000
-21.428692 -2.201726 -0.003210 0.000000
-15.513524 -2.898765 -0.000997 0.000000
17.441512 -1.088266 0.005853 0.000000
11.160077 -2.727641 0.003963 0.000000
31.113455 -1.355944 0.008096 0.000000
21.483889 -2.678617 0.000526 0.000000
-13.332948 -3.550847 0.000061 0.000000
-30.123191 -4.762538 -0.005130 0.000000
-19.211886 -4.871752 -0.001873 0.000000
-14.101770 -4.934320 0.002818 0.000000
-37.134538 -8.836540 -0.006038 0.000000
-11.208940 -5.174426 0.003251 0.000000
-22.529954 -7.537907 -0.002331 0.000000
16.772198 -3.449902 0.006353 0.000000
-13.959489 -0.405085 -0.000995 0.000000
-30.178337 0.319191 -0.006344 0.000000
-33.664476 2.710907 -0.003146 0.000000
-10.379256 -1.207194 0.003092 0.000000
-18.602410 -0.216634 -0.002774 0.000000
-13.145276 -1.317649 -0.000399 0.000000
9.901523 -0.027970 1.117686 0.000000
0.953170 6.329137 -0.000094 0.000000
0.757819 5.758784 -0.000041 0.000000
0.411269 4.717622 -0.000002 0.000000
1.708973 6.156612 -0.000533 0.000000
1.405121 5.431778 -0.001103 0.000000
1.176731 4.873590 -0.000381 0.000000
0.180354 4.055447 0.002868 0.000000
8.231629 -0.022956 7.758771 0.000000
-22.413160 0.562031 0.000379 0.000000
-14.913225 -1.023463 0.004375 0.000000
-12.834090 -0.127967 0.001583 0.000000
-28.428842 2.914468 0.003391 0.000000
-9.403371 -1.056595 0.003386 0.000000
-16.057943 0.043078 0.000618 0.000000
-11.441364 -1.148685 0.002033 0.000000
26.085160 1.034269 -0.006883 0.000000
11.979171 -0.913978 -0.000858 0.000000
25.875867 2.022425 -0.007496 0.000000
12.179376 -0.399482 -0.001318 0.000000
32.054676 5.629185 -0.005348 0.000000
14.106510 1.121530 -0.003216 0.000000
8.823287 -0.238390 0.003995 0.000000
9.847828 -0.024415 4.999351 0.000000
-29.655423 5.531545 0.001825 0.000000
-1.294020 4.485252 0.001939 0.000000
1.452798 6.773296 -0.000412 0.000000
1.240777 6.322932 -0.000392 0.000000
1.217123 6.943248 -0.000251 0.000000
1.722910 7.471182 -0.000674 0.000000
-0.702890 5.062252 0.001349 0.000000
-0.937988 5.476616 -0.000412 0.000000
0.818955 6.135024 -0.000027 0.000000
1.270354 7.027365 -0.000319 0.000000
0.244948 4.773427 0.001633 0.000000
0.406669 4.929424 0.001447 0.000000
1.093606 16.354099 0.630669 0.000000
-1.093163 32.379696 1.469172 0.000000
-1.090604 20.364236 1.145005 0.000000
-1.095468 24.884164 1.049459 0.000000
-1.094044 17.719888 1.074502 0.000000
1.093962 23.950517 0.989584 0.000000
1.095305 21.128823 1.027942 0.000000
1.093207 13.671320 1.129423 0.000000
1.095790 32.871517 1.496320 0.000000
1.103014 31.899642 1.982638 0.000000
-1.095895 25.437051 1.754164 0.000000
1.095157 26.629011 1.824989 0.000000
-1.095968 22.372236 1.464854 0.000000
1.094920 18.595254 1.211965 0.000000
1.089613 8.176085 1.091191 0.000000
1.095130 27.001603 1.703128 0.000000
-1.098313 29.956688 1.737398 0.000000
-1.095100 19.274129 1.359931 0.000000
-9.842231 -0.025275 3.803427 0.000000
-1.093986 17.098422 1.142491 0.000000
1.094513 23.177377 1.359020 0.000000
1.093720 13.215698 0.841577 0.000000
1.095550 17.878866 1.121813 0.000000
1.096665 26.588512 1.244398 0.000000
-1.097793 35.121738 1.476305 0.000000
-1.095289 21.661579 1.045425 0.000000
1.096486 27.372325 1.369666 0.000000
-0.328109 35.720220 1.024378 0.000000
1.095568 20.531716 1.068778 0.000000
1.092889 12.338444 0.874318 0.000000
1.096036 31.427593 1.542441 0.000000
-1.093147 11.445489 0.873596 0.000000
-1.095537 18.787291 0.888553 0.000000
-1.096375 23.206649 0.803928 0.000000
1.092712 13.549087 0.992439 0.000000
1.283762 3.967325 0.002246 0.000000
1.094155 3.555094 0.002793 0.000000
23.101328 -3.899479 0.004181 0.000000
15.019548 -2.692409 0.002066 0.000000
22.118060 -1.747250 -0.000550 0.000000
-26.953298 -6.330089 0.005014 0.000000
-17.783939 -5.951029 0.004856 0.000000
-32.278471 -10.424143 0.007030 0.000000
15.842334 -4.287248 0.003721 0.000000
10.483582 -3.517888 0.003078 0.000000
-10.136594 -3.641103 0.003118 0.000000
-17.679266 -4.709278 0.002878 0.000000
-14.775285 -4.960525 0.004849 0.000000
19.609216 -4.334517 0.001042 0.000000
-32.491297 -3.452789 0.004393 0.000000
30.208948 -3.781300 -0.000718 0.000000
13.027475 -3.058061 0.002148 0.000000
17.233165 -2.518227 0.001236 0.000000
9.804614 -2.538533 0.004647 0.000000
26.452051 -1.159176 -0.001440 0.000000
-14.366828 -2.997563 0.002541 0.000000
12.521930 -1.948690 0.002291 0.000000
8.091303 -2.169597 0.004149 0.000000
-9.575428 -2.503032 0.004123 0.000000
-11.477082 -2.093181 0.002311 0.000000
-22.254565 -1.538536 0.001324 0.000000
-15.811306 -2.431525 0.003403 0.000000
-12.597444 -2.994877 0.002945 0.000000
-26.968591 -3.328081 0.003660 0.000000
28.938176 0.746053 -0.002632 0.000000
13.419260 -1.064471 0.002625 0.000000
-35.203698 -7.835442 0.005430 0.000000
-28.000597 -4.263455 0.004111 0.000000
-18.599207 -4.513856 0.001095 0.000000
-13.991624 -4.659836 0.004342 0.000000
-22.349251 -7.113231 0.005293 0.000000
35.904665 -3.221518 -0.001616 0.000000
13.652217 -2.892385 0.002009 0.000000
16.225946 -2.136072 0.003521 0.000000
20.729573 -1.116131 -0.000617 0.000000
14.343583 1.254336 -0.000709 0.000000
8.507385 -0.963434 0.004317 0.000000
7.716550 -0.200915 0.003194 0.000000
-7.461088 -0.804584 0.004286 0.000000
-18.650328 2.525104 0.000098 0.000000
-10.534131 -0.072272 0.002079 0.000000
-18.141233 1.683178 0.001594 0.000000
-18.799301 1.098510 0.001868 0.000000
-20.889932 0.716154 0.002048 0.000000
36.498619 4.788839 -0.005926 0.000000
13.917157 0.247591 -0.000089 0.000000
-12.114348 -1.338278 0.002496 0.000000
19.231419 0.315570 -0.001334 0.000000
-19.482008 -2.768432 0.003673 0.000000
-22.752083 -0.123645 0.002468 0.000000
-20.416494 -1.191100 0.002940 0.000000
-10.612582 -2.200361 0.002980 0.000000
-19.441911 -2.019499 0.003329 0.000000
16.731763 -2.055543 0.001943 0.000000
22.457836 -0.907931 -0.001341 0.000000
36.030381 1.507637 -0.004354 0.000000
-19.391314 -3.960778 0.000979 0.000000
-21.685898 2.415188 -0.003816 0.000000
-13.099791 0.087345 -0.000400 0.000000
-29.212316 3.369330 -0.006077 0.000000
-16.127165 0.242932 -0.001621 0.000000
-22.593394 0.662432 -0.001735 0.000000
-12.366656 -1.665866 0.002582 0.000000
-25.512434 -0.553436 -0.004432 0.000000
7.326065 -0.608118 0.004375 0.000000
18.742778 0.853478 0.001254 0.000000
-16.984815 -1.804437 -0.001576 0.000000
-12.823448 -2.592147 0.002156 0.000000
-29.548465 -2.259988 -0.005269 0.000000
-10.670086 -2.875602 0.003241 0.000000
-20.255385 -3.103359 -0.002467 0.000000
10.087163 -0.622790 0.003541 0.000000
18.328585 1.501422 0.001028 0.000000
18.872605 2.393410 0.000637 0.000000
7.125476 -1.071127 0.004842 0.000000
-24.330263 -3.759766 -0.004668 0.000000
-12.371577 -3.116647 0.003502 0.000000
-17.573701 -4.235471 -0.002206 0.000000
-13.885511 -4.533224 -0.000616 0.000000
-34.473367 -7.450798 -0.007412 0.000000
-11.571894 -4.739907 0.004603 0.000000
-23.869112 -7.079575 -0.004147 0.000000
18.269244 -4.508776 0.003946 0.000000
28.096523 -4.127012 0.002861 0.000000
16.809689 -2.676233 0.003393 0.000000
25.624856 -1.556628 0.008281 0.000000
12.200435 -2.174548 0.002553 0.000000
8.172994 -2.280101 0.004968 0.000000
14.843687 -2.605540 0.003534 0.000000
19.232565 -1.802017 0.002313 0.000000
28.252510 -0.272129 0.001447 0.000000
12.693077 -1.523372 0.003141 0.000000
16.613763 -0.571713 0.002062 0.000000
20.410987 0.372032 0.006002 0.000000
-28.735772 -7.604382 -0.005650 0.000000
-34.449528 -3.913987 -0.007811 0.000000
-11.127275 -3.469988 0.003876 0.000000
-21.443553 -4.339145 -0.003619 0.000000
-15.784079 -4.586485 -0.001445 0.000000
27.827452 -2.149723 0.007562 0.000000
12.274024 -2.365914 0.003072 0.000000
34.730036 -0.577734 0.008577 0.000000
16.238278 -0.911074 0.002798 0.000000
-14.089480 -3.135886 -0.000857 0.000000
-10.980776 -5.258765 0.003518 0.000000
-21.526771 -7.812251 -0.003281 0.000000
33.423858 -5.897511 0.010511 0.000000
8.332708 -3.519323 0.004572 0.000000
26.865478 -2.612103 0.008668 0.000000
-36.264802 -9.468634 -0.007715 0.000000
12.782775 -2.422439 0.002415 0.000000
17.149694 -1.651066 0.002487 0.000000
9.949372 -2.093088 0.004265 0.000000
-13.713183 -3.812786 -0.000608 0.000000
-31.567675 -5.423767 -0.006767 0.000000
-10.700193 -4.078943 0.003271 0.000000
-8.736593 -4.244820 0.004247 0.000000
-14.061763 -5.242060 -0.000632 0.000000
-0.372258 10.295479 0.000427 0.000000
-0.385652 7.505063 0.001721 0.000000
-0.173534 11.046104 0.000167 0.000000
-0.883053 5.946215 0.000401 0.000000
-0.730651 7.385039 0.000307 0.000000
-0.556785 9.712638 0.000634 0.000000
-1.150281 5.587773 0.000802 0.000000
-1.132864 6.246202 0.000653 0.000000
-0.711426 9.256177 0.000513 0.000000
-1.513291 6.058297 0.000358 0.000000
-1.274407 6.742948 0.000282 0.000000
0.783937 9.917438 0.000795 0.000000
0.579086 9.265384 0.000329 0.000000
0.292600 8.636653 0.000375 0.000000
1.012000 17.166665 -0.001608 0.000000
0.082789 8.338438 0.000545 0.000000
0.605212 14.900080 -0.004431 0.000000
-0.046264 7.906534 0.001576 0.000000
0.309006 13.262780 -0.000538 0.000000
-0.900834 8.928079 0.000911 0.000000
-1.481768 7.178365 0.001659 0.000000
1.258737 7.128659 0.000269 0.000000
1.169126 6.570860 0.001133 0.000000
0.955352 6.076356 0.000480 0.000000
1.055706 3.833016 0.003343 0.000000
-4.675873 0.793592 2.998641 0.000000
1.094622 15.585852 1.293374 0.000000
1.094997 17.552076 1.107484 0.000000
1.095681 25.721766 1.503254 0.000000
1.092490 13.634881 1.525938 0.000000
1.094025 18.271881 1.616533 0.000000
-0.469527 33.181410 2.361472 0.000000
-0.999104 34.698692 2.360907 0.000000
0.944145 28.618302 2.359488 0.000000
1.095246 26.590941 2.062287 0.000000
1.093891 15.534440 1.738213 0.000000
0.885909 32.504120 2.358422 0.000000
-1.095343 24.565679 1.568083 0.000000
0.263325 33.661015 2.361425 0.000000
-1.101942 32.771991 2.082824 0.000000
-0.215697 34.556182 2.362220 0.000000
-1.096490 20.619590 1.589177 0.000000
-0.910501 35.341805 2.359540 0.000000
-9.900326 -0.023963 5.109374 0.000000
1.093535 17.372754 1.354467 0.000000
1.094693 25.065569 1.712159 0.000000
1.027138 31.085465 2.360510 0.000000
1.093862 17.019344 1.701941 0.000000
1.091640 11.022883 1.450410 0.000000
0.761712 33.950893 2.359040 0.000000
1.095128 23.996104 2.096000 0.000000
1.095403 19.069434 1.841862 0.000000
-0.504821 34.366686 2.361952 0.000000
1.096167 27.124477 2.277332 0.000000
-1.096961 34.567748 2.267901 0.000000
-1.094857 15.846259 1.421394 0.000000
-1.097829 30.977740 2.255520 0.000000
-0.300540 31.580417 2.359810 0.000000
-1.093289 11.917691 1.214600 0.000000
-0.716940 32.845641 2.356496 0.000000
1.097494 21.085182 0.608321 0.000000
1.100138 33.099795 0.667544 0.000000
1.113608 29.395193 0.727607 0.000000
1.093476 13.404741 0.539067 0.000000
1.094658 18.428923 0.441037 0.000000
1.091719 10.633025 0.501187 0.000000
1.094060 13.999124 0.599276 0.000000
1.092542 11.492877 0.475425 0.000000
-1.093770 31.571842 0.547758 0.000000
-1.092162 10.419206 0.173331 0.000000
-1.094139 16.997948 0.374366 0.000000
-1.093278 20.004496 0.490857 0.000000
-1.095055 25.534316 0.211549 0.000000
-1.092064 10.696339 0.547851 0.000000
-1.093656 33.672181 0.044527 0.000000
-1.090582 8.428402 0.512936 0.000000
-1.093132 12.304703 0.206188 0.000000
-1.096058 20.257098 0.170898 0.000000
-1.091573 9.485016 0.230376 0.000000
-1.092989 14.057892 0.107133 0.000000
-0.895391 19.121740 -0.005377 0.000000
-1.097843 30.969680 0.100521 0.000000
-0.943586 11.824950 -0.002361 0.000000
-1.095841 24.725587 0.234503 0.000000
1.093914 16.037091 0.135834 0.000000
0.256924 9.230977 -0.001364 0.000000
0.942588 19.711552 -0.005243 0.000000
0.003786 9.530406 -0.000859 0.000000
0.430274 18.953738 -0.007873 0.000000
1.096375 21.031305 0.316298 0.000000
0.102796 18.413471 -0.006881 0.000000
1.100785 33.061931 0.190494 0.000000
-0.529323 10.301071 -0.002204 0.000000
-0.168585 18.383852 -0.004937 0.000000
0.481883 35.719905 0.157162 0.000000
-0.522375 18.592593 -0.005092 0.000000
0.885913 9.288274 -0.000513 0.000000
-18.116517 -1.963035 -0.001426 0.000000
-16.639926 -2.681392 -0.000733 0.000000
11.185326 0.262821 0.004330 0.000000
10.884743 -0.592065 0.003730 0.000000
14.210451 0.774956 0.000724 0.000000
8.655326 -0.731951 0.003161 0.000000
21.824955 2.973833 0.003777 0.000000
21.305445 1.476330 0.004238 0.000000
-22.669011 2.778965 -0.004273 0.000000
-12.158370 0.319863 -0.000152 0.000000
-11.626679 -0.347741 0.001534 0.000000
-7.974064 -1.379641 0.003746 0.000000
-21.995137 1.740655 -0.003747 0.000000
-11.706041 -0.720885 0.000442 0.000000
-22.912214 1.198575 -0.002751 0.000000
-12.173779 -1.107890 0.000380 0.000000
-26.081210 0.562137 -0.004355 0.000000
15.104499 -0.215940 0.004402 0.000000
8.971491 -1.087093 0.003902 0.000000
-15.945953 -3.309889 -0.000301 0.000000
-29.160609 3.061848 -0.000298 0.000000
-13.113669 -0.596508 0.001382 0.000000
-27.817501 1.704642 0.000443 0.000000
7.720012 -0.901493 0.003731 0.000000
-13.084560 -1.055287 0.002619 0.000000
-8.413078 -1.880311 0.004327 0.000000
-28.849305 0.734603 0.002499 0.000000
-13.406402 -1.520231 0.001615 0.000000
-33.242580 0.030268 0.001490 0.000000
17.657321 -0.522027 -0.000332 0.000000
25.246835 1.263752 -0.002445 0.000000
11.985314 -0.703978 0.001518 0.000000
15.666399 0.346216 -0.000446 0.000000
23.547306 2.596728 -0.002990 0.000000
-24.140012 -4.183643 0.003704 0.000000
-16.833226 -4.401165 0.002943 0.000000
-8.250399 -3.863087 0.005056 0.000000
-13.055350 -4.740773 0.004082 0.000000
-30.065775 -7.455421 0.005550 0.000000
-10.729731 -4.926418 0.003267 0.000000
-20.458086 -6.906879 0.005241 0.000000
19.016642 -4.811707 0.001813 0.000000
10.342592 -3.756911 0.004078 0.000000
30.251635 -4.565045 0.000237 0.000000
13.172379 -3.401548 0.003165 0.000000
17.934146 -2.837268 0.001667 0.000000
28.005527 -1.614496 -0.000177 0.000000
2.397633 -2.364297 0.014545 0.000000
-11.040037 -2.159736 0.002969 0.000000
-19.989907 -1.824701 0.002822 0.000000
-16.794727 -2.644114 0.003084 0.000000
14.646957 -1.204538 0.001457 0.000000
8.942297 -1.678501 0.003187 0.000000
16.527657 -2.468041 0.002324 0.000000
-13.631343 -3.696831 0.001987 0.000000
-35.244009 -5.596831 0.004661 0.000000
30.842242 -3.714259 -0.000293 0.000000
9.527355 -2.503058 0.003126 0.000000
22.810075 -1.396734 -0.000642 0.000000
11.466367 -1.845394 0.003822 0.000000
38.594101 1.044752 -0.003660 0.000000
-29.118709 4.558032 -0.000538 0.000000
-8.052198 -0.255686 0.003285 0.000000
-21.032245 2.554677 -0.000161 0.000000
-27.423874 3.341764 -0.000662 0.000000
-17.889083 2.246950 0.000141 0.000000
-16.124052 -2.862436 0.001626 0.000000
-26.695091 -4.055341 0.003356 0.000000
-18.683756 -4.411718 0.003754 0.000000
-14.748751 -4.636531 0.001328 0.000000
28.875008 -1.068944 -0.001221 0.000000
33.210801 0.514174 -0.002475 0.000000
13.661676 -1.298259 0.001151 0.000000
15.347741 -0.494865 0.000312 0.000000
18.283264 0.684481 -0.000884 0.000000
-17.273083 -4.882225 0.004295 0.000000
-12.944347 -4.887416 0.004045 0.000000
-29.452973 -7.850341 0.003991 0.000000
-18.946428 -7.065733 0.005375 0.000000
33.356641 -5.251660 0.000306 0.000000
13.449079 -3.708570 0.005266 0.000000
17.296870 -3.136100 0.001202 0.000000
9.871046 -2.830242 0.004281 0.000000
24.498457 -2.211176 -0.000409 0.000000
12.172003 -2.294616 0.004073 0.000000
15.783660 -1.647248 0.004578 0.000000
-29.907937 -1.082412 0.001763 0.000000
-10.441690 -2.435373 0.003280 0.000000
-19.747426 -2.273653 0.002551 0.000000
14.926388 0.773380 -0.000323 0.000000
38.483568 7.529318 -0.006711 0.000000
14.463578 1.247477 -0.000501 0.000000
-12.887212 -1.093596 0.002206 0.000000
-28.475705 0.685992 0.000794 0.000000
-10.158960 -1.775267 0.003514 0.000000
-17.754534 -1.185214 0.001835 0.000000
-8.886650 -0.025617 5.463503 0.000000
-8.417434 -0.022131 7.800839 0.000000
1.221615 3.505614 0.003492 0.000000
-12.377099 -0.761075 0.001861 0.000000
-25.210396 1.172606 0.001192 0.000000
-15.667877 -0.766917 0.001486 0.000000
-23.321239 -0.534220 0.001905 0.000000
-16.024677 -1.698829 0.002739 0.000000
15.820384 -1.169136 0.002846 0.000000
18.535901 0.679121 -0.000399 0.000000
21.781353 2.167566 -0.001479 0.000000
-6.486288 -0.742905 0.004606 0.000000
-35.727655 7.507727 -0.001240 0.000000
-16.180108 1.535527 0.000120 0.000000
-19.353253 1.733149 0.000665 0.000000
-0.978843 6.195653 0.000098 0.000000
-1.013645 5.662902 0.001159 0.000000
-0.228808 17.406170 -0.006370 0.000000
0.393442 14.853092 -0.003707 0.000000
0.699448 13.642473 -0.004674 0.000000
-1.095696 17.978839 0.185599 0.000000
-0.583885 16.731077 -0.004506 0.000000
0.360736 11.599579 -0.003929 0.000000
-0.954108 16.324885 -0.004963 0.000000
-1.411006 5.522508 0.000876 0.000000
-0.506879 11.452791 -0.003163 0.000000
-0.124391 8.882855 -0.001557 0.000000
-0.713154 10.813816 -0.002775 0.000000
-0.254176 8.052179 -0.000945 0.000000
-0.866073 21.870092 -0.008556 0.000000
0.242611 20.886465 -0.008079 0.000000
1.091071 10.004345 0.346851 0.000000
1.042875 22.003794 -0.008637 0.000000
0.628076 21.239420 -0.008260 0.000000
1.094420 17.981169 0.079504 0.000000
0.914283 21.802804 -0.008537 0.000000
-0.129814 20.894715 -0.008067 0.000000
0.475217 19.821104 -0.007580 0.000000
1.093966 19.976508 -0.006632 0.000000
1.093131 11.799653 0.134612 0.000000
-0.511319 21.213935 -0.008205 0.000000
0.704090 17.186456 -0.004920 0.000000
1.093397 15.817223 0.047401 0.000000
1.092150 11.969703 0.274904 0.000000
-1.097447 22.749043 0.392903 0.000000
-1.098780 30.112897 1.120637 0.000000
-1.096656 19.581270 0.854716 0.000000
1.094166 24.059592 0.290307 0.000000
1.095189 21.916936 0.638015 0.000000
1.094723 35.309192 0.776307 0.000000
1.096958 24.275958 1.600839 0.000000
1.095115 19.508830 1.652565 0.000000
0.233748 31.059950 2.361110 0.000000
-1.093910 16.921672 1.423514 0.000000
-1.008800 33.277200 2.361429 0.000000
-0.188890 32.684936 2.356514 0.000000
-1.092434 12.422118 1.215925 0.000000
-1.094705 21.328401 1.697549 0.000000
-1.092089 11.457654 1.033366 0.000000
-1.094262 18.650547 1.440438 0.000000
1.093006 12.223576 1.411022 0.000000
1.137737 29.395962 2.254179 0.000000
1.093539 16.138684 1.705069 0.000000
0.793051 32.481920 2.362914 0.000000
1.094409 22.270516 1.830511 0.000000
0.066356 32.916443 2.361551 0.000000
1.095587 17.726081 1.764046 0.000000
0.481829 30.544066 2.360458 0.000000
-1.093043 13.789891 1.301658 0.000000
-1.094776 24.206277 1.836353 0.000000
9.255088 -0.021824 7.364158 0.000000
8.918508 -0.023493 6.703626 0.000000
8.441912 -0.024945 6.372936 0.000000
1.046860 34.206647 2.361530 0.000000
1.096752 29.518427 2.097123 0.000000
1.096188 21.869868 1.662253 0.000000
-1.095461 27.566460 1.699091 0.000000
1.094174 15.990306 1.084291 0.000000
1.095138 19.674266 1.503242 0.000000
-1.101545 31.829353 1.705645 0.000000
-1.323944 6.920078 0.000237 0.000000
-1.504231 7.276747 0.000030 0.000000
1.052661 7.183171 0.000223 0.000000
0.840642 6.624441 0.000717 0.000000
0.603733 4.979427 0.002031 0.000000
23.720270 -2.938033 0.000271 0.000000
-27.690596 -4.799010 -0.004815 0.000000
-18.235355 -4.915772 -0.001805 0.000000
-13.711894 -4.919195 0.002363 0.000000
-33.166204 -8.488774 -0.005670 0.000000
-10.917609 -5.002530 0.003313 0.000000
-21.057179 -7.407685 -0.002319 0.000000
25.757063 -5.651554 0.008276 0.000000
12.050008 -4.000195 0.003154 0.000000
7.936456 -3.476330 0.005361 0.000000
16.105320 -3.644299 0.002049 0.000000
8.777703 -1.825746 0.003422 0.000000
20.877270 -1.995163 0.006763 0.000000
-15.264354 -3.784066 -0.000886 0.000000
-13.541953 -4.230137 -0.000074 0.000000
-34.111165 -6.743702 -0.006253 0.000000
26.178231 -4.243051 0.000995 0.000000
12.195473 -3.342830 0.003798 0.000000
15.231616 -2.805680 0.003892 0.000000
33.827085 -0.143731 0.008808 0.000000
13.982999 -1.561161 0.001570 0.000000
-13.335347 -2.932091 -0.000215 0.000000
-30.960775 -3.379053 -0.006016 0.000000
-10.926852 -3.304040 0.003030 0.000000
-20.767708 -3.953510 -0.002845 0.000000
-26.799633 -7.192968 -0.004112 0.000000
-10.124381 -4.988884 0.004459 0.000000
-18.112538 -6.635124 -0.001463 0.000000
17.146562 -3.487063 0.001888 0.000000
22.306218 -2.787235 0.001184 0.000000
33.008689 -1.344945 0.008871 0.000000
18.051874 -1.147970 0.002389 0.000000
10.403500 -1.745899 0.003762 0.000000
-16.046180 -0.744416 -0.002217 0.000000
-17.123599 0.058898 -0.002798 0.000000
-9.680955 -1.484433 0.003059 0.000000
-15.780209 -1.386319 -0.001993 0.000000
-16.236130 -1.965764 -0.002088 0.000000
19.084490 -1.172127 0.000034 0.000000
10.399408 -1.756992 0.003679 0.000000
27.380101 0.543164 0.007391 0.000000
16.012475 -0.010462 0.002669 0.000000
9.305787 -1.078787 0.004175 0.000000
23.553924 1.788011 0.006444 0.000000
-11.730011 0.294360 -0.000416 0.000000
-22.844804 2.917737 -0.001388 0.000000
-12.332062 -0.041227 -0.000653 0.000000
-26.540827 2.854565 -0.006598 0.000000
23.354847 3.229743 0.007088 0.000000
-15.978659 -4.306425 -0.001076 0.000000
-24.725676 2.086887 -0.003432 0.000000
-14.910950 -0.187705 -0.000339 0.000000
-10.843685 -1.088319 0.003122 0.000000
12.554367 0.700504 0.003645 0.000000
7.195428 -1.761481 0.004325 0.000000
10.848901 -0.665550 0.003090 0.000000
22.342256 2.153383 0.002906 0.000000
11.448370 -0.053687 0.002631 0.000000
25.360735 3.850285 0.002508 0.000000
20.914153 1.002809 0.003241 0.000000
-15.165978 -2.497418 0.002665 0.000000
-20.841513 -1.667529 -0.001312 0.000000
-11.899768 -2.976049 0.003501 0.000000
-24.999307 -3.321230 -0.001600 0.000000
-10.072614 -3.272732 0.003919 0.000000
-18.221192 -3.861889 0.005514 0.000000
20.847101 0.169079 0.003535 0.000000
10.778954 -1.007950 0.003382 0.000000
-27.913234 4.989752 -0.003782 0.000000
-20.377252 0.083755 -0.001826 0.000000
-8.738449 -1.716633 0.003400 0.000000
-14.026172 -1.193722 0.001258 0.000000
-35.867418 0.971148 -0.004983 0.000000
7.346913 -3.340153 0.005015 0.000000
5.505184 -3.152023 0.006720 0.000000
8.402753 -2.913834 0.005177 0.000000
18.175203 -2.455622 0.004533 0.000000
10.178332 -2.515094 0.005078 0.000000
27.695007 -1.060602 0.005242 0.000000
33.250648 -3.921904 0.006191 0.000000
12.786341 -1.885072 0.002740 0.000000
8.265776 -2.112378 0.004869 0.000000
-15.558398 -2.809060 0.003060 0.000000
-12.626013 -3.336140 0.003159 0.000000
-26.679552 -4.293570 -0.001820 0.000000
-10.883269 -3.713110 0.003801 0.000000
-20.341972 -4.789603 -0.000312 0.000000
-16.724764 -5.147209 0.000719 0.000000
21.030056 -4.468936 0.005330 0.000000
10.862506 -3.556153 0.005294 0.000000
17.501497 -1.996794 0.001418 0.000000
23.670364 -0.782326 0.004236 0.000000
11.595887 -1.737322 0.003399 0.000000
39.082747 1.900853 0.004841 0.000000
14.410174 -0.894796 0.002523 0.000000
19.991077 0.447103 0.003578 0.000000
10.778007 -0.861543 0.004427 0.000000
-26.162573 -4.135160 -0.001545 0.000000
-17.799223 -4.408458 0.003986 0.000000
-13.405153 -4.620806 0.001693 0.000000
-32.309979 -7.506230 -0.001493 0.000000
-10.843370 -4.768990 0.002734 0.000000
-21.056838 -6.843762 0.000388 0.000000
27.856704 -3.291080 0.005201 0.000000
12.543440 -2.908446 0.003837 0.000000
38.552065 -1.867856 0.005738 0.000000
17.908871 -1.447650 0.004018 0.000000
23.964372 0.000130 0.003772 0.000000
-18.215621 -5.956305 0.000748 0.000000
-13.453484 -5.777838 0.002034 0.000000
-34.005107 -10.690219 -0.000702 0.000000
22.565555 -4.037379 0.005082 0.000000
39.921888 -3.185950 0.006336 0.000000
-27.858232 -6.343363 -0.001111 0.000000
-17.296780 -4.175969 0.005267 0.000000
0.813387 1.383929 0.007123 0.000000
1.480802 4.801253 0.001539 0.000000
6.539172 3.518667 4.934065 0.000000
1.095220 25.210191 1.201017 0.000000
1.097839 29.559065 0.827692 0.000000
1.096274 21.576414 1.527420 0.000000
1.099018 33.209462 1.847262 0.000000
-1.096590 32.898149 1.151137 0.000000
-1.124843 29.395802 1.740565 0.000000
-1.095965 18.955183 1.177010 0.000000
-1.091509 9.770489 0.611543 0.000000
1.097802 26.070277 1.824188 0.000000
-1.096292 20.477837 0.995052 0.000000
-1.099029 34.285312 1.610343 0.000000
-1.094692 21.585854 1.519563 0.000000
-0.153834 35.113568 2.359434 0.000000
0.656825 30.155755 2.359088 0.000000
-1.096026 24.849127 1.717631 0.000000
-1.093910 16.928069 1.385490 0.000000
-1.033058 34.137738 2.361181 0.000000
-0.005911 33.297360 2.360975 0.000000
1.100887 33.575524 1.636078 0.000000
1.096962 27.344192 1.725543 0.000000
1.094094 21.103630 1.279975 0.000000
-1.092915 20.612762 1.132695 0.000000
1.097003 33.484856 1.519792 0.000000
-1.096403 27.272376 1.298385 0.000000
-1.094725 23.188299 1.064868 0.000000
1.098427 34.562817 1.514812 0.000000
1.092832 14.044826 1.133693 0.000000
1.095041 19.065854 1.093469 0.000000
1.130770 29.395495 1.410874 0.000000
9.875615 -0.022309 6.362746 0.000000
1.047886 14.778620 -0.005708 0.000000
0.819982 8.714453 -0.001897 0.000000
0.629894 8.119357 -0.001667 0.000000
0.425866 7.406760 -0.000935 0.000000
1.081624 9.518560 -0.002470 0.000000
0.402004 11.539305 -0.003780 0.000000
-0.121634 6.758419 -0.000207 0.000000
0.161689 10.480938 -0.003100 0.000000
-1.531052 6.828363 -0.000466 0.000000
-1.730744 7.488236 -0.000790 0.000000
-0.087094 9.794114 -0.001623 0.000000
-0.565705 6.345499 -0.000004 0.000000
-0.284585 8.932824 -0.000991 0.000000
-0.718861 6.350665 -0.000012 0.000000
-1.013522 5.513613 -0.000273 0.000000
-0.966883 6.545431 -0.000151 0.000000
-0.706057 7.762973 -0.001200 0.000000
-1.386155 5.469279 -0.000198 0.000000
-1.163354 6.477137 -0.000185 0.000000
-0.922205 7.533294 -0.000279 0.000000
-8.230730 -1.963965 0.004246 0.000000
-13.713587 -0.892578 0.000712 0.000000
-25.591793 -0.657191 0.003075 0.000000
-24.481962 -1.695222 0.003595 0.000000
-11.880490 -2.604518 0.004354 0.000000
20.299401 2.389473 -0.003831 0.000000
14.040485 0.318723 -0.000760 0.000000
-8.095910 -0.400209 0.003040 0.000000
-23.316217 3.065183 0.000868 0.000000
-12.001169 -0.145965 0.000860 0.000000
-24.776734 2.446107 0.001292 0.000000
-12.846121 -0.588182 0.002389 0.000000
-29.046002 2.214124 0.001686 0.000000
37.484304 5.112014 -0.007713 0.000000
-24.898836 -2.605330 0.001331 0.000000
-8.693889 -0.415195 0.002811 0.000000
17.562831 1.502567 -0.002674 0.000000
30.181980 5.371720 -0.007323 0.000000
13.081845 0.864222 -0.001014 0.000000
-25.442310 3.494850 0.001799 0.000000
-12.518730 -0.084218 0.001454 0.000000
-24.806682 2.352200 0.002336 0.000000
-13.187025 -0.965889 0.001635 0.000000
-30.749387 1.199509 0.003486 0.000000
18.336119 0.460347 -0.002319 0.000000
28.474362 3.101857 -0.005841 0.000000
-12.178212 -3.138354 0.004958 0.000000
-23.698681 -3.686949 0.005332 0.000000
6.374866 -2.983652 0.006436 0.000000
32.097744 -1.213809 -0.004307 0.000000
13.743839 -2.122945 0.003215 0.000000
19.547356 -2.669242 -0.001007 0.000000
-13.639993 -4.459841 0.002816 0.000000
-33.625185 -7.259650 0.008057 0.000000
-23.614732 -6.975416 0.006962 0.000000
21.601795 -4.831559 -0.000404 0.000000
11.045749 -3.757633 0.004430 0.000000
36.378465 -4.519620 -0.003391 0.000000
14.092592 -3.363431 0.003713 0.000000
-21.091785 -0.853730 0.001411 0.000000
-10.476588 -2.007959 0.002897 0.000000
-18.519467 -1.822752 0.002045 0.000000
10.731237 -1.240262 0.003637 0.000000
-17.092438 -2.650344 0.004500 0.000000
-9.453405 -2.910762 0.003676 0.000000
-16.592965 -3.319668 0.001868 0.000000
17.414133 -2.534210 -0.000530 0.000000
23.439312 -1.525012 -0.002471 0.000000
38.374894 0.719691 -0.006378 0.000000
14.465159 -1.342326 -0.000277 0.000000
8.855518 -1.980502 0.003610 0.000000
19.725566 -0.114820 -0.002359 0.000000
-10.685270 -0.205388 0.002724 0.000000
-25.140547 2.378820 0.001950 0.000000
-14.963189 -0.074610 0.001870 0.000000
-10.645336 -1.122260 0.002351 0.000000
31.663958 -0.867798 -0.003822 0.000000
-13.730877 -4.391726 0.005439 0.000000
-34.119196 -7.087173 0.008025 0.000000
-11.394529 -4.480545 0.003091 0.000000
-22.366741 -6.605343 0.006690 0.000000
25.344981 -2.286087 -0.002021 0.000000
-17.840689 -4.195370 0.002497 0.000000
7.703796 -2.437235 0.005113 0.000000
13.241936 -1.844790 0.001885 0.000000
15.737074 -1.040027 -0.000529 0.000000
19.564844 0.188052 -0.002103 0.000000
-12.463750 -3.106445 0.002340 0.000000
-26.395908 -3.715367 0.005564 0.000000
-26.327225 -4.986751 0.006195 0.000000
-17.350590 -5.142156 0.003959 0.000000
-12.732174 -3.753474 0.003868 0.000000
-29.082768 -8.145369 0.008025 0.000000
-10.029911 -5.009628 0.004212 0.000000
-18.605604 -7.005816 0.003778 0.000000
36.847218 -6.279806 -0.002586 0.000000
13.893298 -3.961659 0.002643 0.000000
18.978890 -3.539393 -0.000429 0.000000
18.040281 -1.745316 -0.001099 0.000000
29.598968 -2.637479 -0.003128 0.000000
13.398223 -2.618195 0.002374 0.000000
10.266764 -2.090787 0.002941 0.000000
-23.895499 -2.472433 0.004321 0.000000
-21.057091 -1.161238 0.001889 0.000000
-14.999259 -1.845538 0.002451 0.000000
-9.913076 -2.908814 0.004258 0.000000
-17.581270 -3.167306 0.002972 0.000000
16.383007 0.329155 -0.001415 0.000000
16.855109 1.770926 -0.002295 0.000000
-11.125199 -1.634531 0.002973 0.000000
-22.456303 -0.158343 -0.000270 0.000000
-11.433260 -1.341128 0.002891 0.000000
-15.191184 -1.411611 -0.001175 0.000000
-11.756002 -2.081812 0.002284 0.000000
-23.576696 -1.544880 -0.003951 0.000000
-9.716025 -2.501759 0.003253 0.000000
-16.815000 -2.426095 -0.001561 0.000000
33.747256 4.792931 0.007207 0.000000
13.285637 0.357589 0.002388 0.000000
30.319876 5.236904 0.006447 0.000000
13.039231 0.825551 0.002223 0.000000
-14.058769 -0.044132 -0.001049 0.000000
-11.760166 -0.123968 0.001473 0.000000
-23.249824 2.269336 -0.001252 0.000000
-35.429678 3.736946 -0.002874 0.000000
-15.663226 1.429813 -0.001089 0.000000
-1.092199 10.493852 0.559652 0.000000
-1.094299 16.695180 0.548367 0.000000
-1.101049 33.245192 0.516387 0.000000
-1.090658 8.265250 0.537558 0.000000
-1.093267 12.393852 0.533073 0.000000
-1.094476 20.497844 0.564670 0.000000
-1.090739 9.535962 0.563944 0.000000
-1.095099 16.635921 0.232163 0.000000
-1.093377 12.103919 0.281757 0.000000
1.097398 26.355973 0.626277 0.000000
0.904444 35.720262 0.911572 0.000000
1.095917 19.639891 0.662737 0.000000
1.095619 30.542748 0.642134 0.000000
1.096161 22.589403 0.649397 0.000000
-1.096418 24.534940 0.713428 0.000000
-1.101441 32.258852 0.186499 0.000000
-1.098435 20.416712 0.223367 0.000000
-1.090851 9.213462 0.314739 0.000000
-1.093714 16.500480 0.115427 0.000000
-0.293081 32.846436 -0.007437 0.000000
1.094420 15.757870 0.599079 0.000000
-0.261453 8.815776 0.000485 0.000000
1.092242 21.748516 0.497759 0.000000
-0.357416 15.592678 -0.005476 0.000000
0.297803 35.719915 -0.000603 0.000000
1.092210 33.970514 0.460025 0.000000
-0.743095 9.992274 -0.001700 0.000000
-0.516183 15.775502 -0.006181 0.000000
-1.003462 10.718239 -0.000579 0.000000
-0.924843 16.112785 -0.002639 0.000000
-0.806030 30.506724 -0.006911 0.000000
-1.093762 13.826913 0.116993 0.000000
-1.099589 24.512524 0.049601 0.000000
1.092426 25.141293 0.182799 0.000000
0.931506 8.373719 0.000951 0.000000
0.721162 8.203296 0.001004 0.000000
0.217368 8.021657 0.000712 0.000000
1.005544 16.930757 -0.002520 0.000000
-0.076602 8.515055 0.000394 0.000000
1.094624 23.138651 0.625324 0.000000
1.092240 17.844050 0.687445 0.000000
1.091938 32.998141 1.997894 0.000000
1.092885 11.600199 1.507918 0.000000
1.092071 25.905380 1.984929 0.000000
1.092038 10.230503 1.434520 0.000000
0.837658 33.385956 2.366133 0.000000
0.300779 33.813503 2.365981 0.000000
1.012727 28.893205 2.366476 0.000000
1.095083 16.922158 1.815290 0.000000
-0.281508 34.107052 2.356187 0.000000
1.094908 23.756871 2.195236 0.000000
0.057058 30.632555 2.362023 0.000000
0.928229 27.467872 2.362903 0.000000
0.394291 28.901915 2.366346 0.000000
-0.441242 31.678238 2.362089 0.000000
0.980246 33.031349 2.361099 0.000000
1.104739 29.073207 2.359369 0.000000
-1.097625 31.117902 2.202124 0.000000
0.498203 30.611170 2.360763 0.000000
1.094095 19.959548 1.431069 0.000000
1.098101 30.175400 1.939487 0.000000
-0.938637 33.500226 2.359823 0.000000
-0.563531 34.039182 2.362808 0.000000
0.126072 24.105478 -0.006252 0.000000
1.002783 24.908413 -0.006347 0.000000
0.526715 24.211642 -0.011089 0.000000
1.092269 11.019271 0.219004 0.000000
0.824703 24.208566 -0.009514 0.000000
-0.300620 24.341826 -0.006418 0.000000
0.381934 22.233347 -0.005557 0.000000
1.030927 21.733431 -0.005254 0.000000
-0.743098 25.059338 -0.006750 0.000000
-0.019504 20.707407 -0.005101 0.000000
0.441436 18.485087 -0.007639 0.000000
1.092307 10.355711 0.293729 0.000000
1.095125 18.308152 0.066934 0.000000
1.069335 17.626706 -0.003758 0.000000
-0.886301 6.824770 0.000743 0.000000
-1.061463 11.392211 -0.001591 0.000000
-0.548751 7.818763 0.000424 0.000000
-0.395817 13.407067 -0.002358 0.000000
-1.095080 23.075637 0.041974 0.000000
-0.380243 19.670148 -0.004802 0.000000
0.170711 16.240546 -0.003403 0.000000
0.608668 14.389119 -0.002572 0.000000
-0.720380 19.016848 -0.004633 0.000000
-0.027254 14.743804 -0.004677 0.000000
-1.055539 18.688730 -0.004581 0.000000
-0.630242 12.524909 -0.002020 0.000000
-0.372979 9.514864 -0.001614 0.000000
-0.261059 8.568311 0.000339 0.000000
-1.359456 6.056806 0.000780 0.000000
-29.620912 -7.280377 -0.002033 0.000000
-10.679986 -4.612500 0.004239 0.000000
-20.390793 -6.815443 -0.000139 0.000000
21.591721 -5.107855 0.005905 0.000000
37.102723 -5.007444 0.007591 0.000000
-12.877301 -4.684683 0.003517 0.000000
19.916331 -2.895061 0.005119 0.000000
33.613297 -1.498877 0.006070 0.000000
-12.078459 -3.344173 0.003390 0.000000
-23.546300 -4.073339 -0.001705 0.000000
-16.611812 -4.548932 0.003152 0.000000
-21.641250 -1.628043 -0.002010 0.000000
-18.159059 -2.534215 -0.000833 0.000000
-16.138766 -3.203867 -0.000040 0.000000
14.604256 -3.063187 0.005030 0.000000
8.994143 -2.852864 0.004843 0.000000
18.946019 -2.358722 0.004899 0.000000
10.378546 -2.519845 0.002912 0.000000
16.497541 -1.064178 0.003457 0.000000
-35.716688 -3.190984 -0.004465 0.000000
-11.269090 -3.216605 0.003493 0.000000
-22.068799 -3.870572 -0.001422 0.000000
-16.371304 -4.299753 0.001932 0.000000
-13.089939 -4.402111 0.003414 0.000000
-31.043770 -7.136421 -0.002361 0.000000
24.508400 -1.445252 0.005036 0.000000
27.737037 -0.157555 0.004965 0.000000
34.582675 1.879690 0.005145 0.000000
14.342202 -0.615620 0.002031 0.000000
16.724804 0.312178 0.003955 0.000000
9.862909 -0.945203 0.003058 0.000000
-22.783336 -4.524406 -0.001392 0.000000
-15.789089 -4.605299 0.002470 0.000000
17.389422 -3.200265 0.005093 0.000000
-25.032750 -7.189323 -0.001102 0.000000
-16.971232 -6.601636 0.000702 0.000000
33.502566 -5.387619 0.007248 0.000000
24.714111 -2.292249 0.000437 0.000000
12.121209 -2.552363 0.003597 0.000000
-9.003534 -0.278687 0.003181 0.000000
-14.964835 1.195455 -0.001399 0.000000
8.050368 -1.308216 0.003490 0.000000
-14.750887 -0.772375 -0.000674 0.000000
-9.308525 -1.784844 0.003957 0.000000
-38.551647 2.112504 -0.007440 0.000000
-15.483078 -1.264328 -0.000771 0.000000
19.776904 -0.181185 0.004739 0.000000
10.559358 -1.259149 0.002353 0.000000
30.087511 2.136054 0.005251 0.000000
12.898345 -0.554521 0.004607 0.000000
17.416103 0.747801 0.004271 0.000000
9.886905 -0.771680 0.002438 0.000000
27.744506 3.632205 0.004473 0.000000
12.799918 0.200658 0.001531 0.000000
-35.773142 3.140079 -0.007170 0.000000
-37.218027 4.835390 -0.007982 0.000000
-14.725769 -0.205422 -0.000849 0.000000
25.463772 4.062180 -0.006918 0.000000
-11.248672 -1.777367 0.003341 0.000000
-21.758967 -0.748166 0.003847 0.000000
-15.382375 -1.678967 0.000728 0.000000
-14.852865 -0.865735 0.001492 0.000000
11.846031 0.529212 -0.000950 0.000000
-23.017444 0.770369 0.003022 0.000000
-15.735342 -2.448559 0.004600 0.000000
-12.332360 -2.887472 0.002613 0.000000
-25.716907 -3.345166 0.005782 0.000000
10.520740 -0.384286 0.003033 0.000000
14.293087 -0.765314 -0.001013 0.000000
-6.219934 -3.260438 0.006054 0.000000
-8.779286 -3.400050 0.003924 0.000000
-14.390173 -4.199710 0.005663 0.000000
-39.564253 -7.049021 0.009699 0.000000
34.575964 0.401169 -0.006517 0.000000
13.612830 -1.403082 -0.000372 0.000000
37.262147 2.119532 -0.008069 0.000000
15.667961 0.057191 -0.001978 0.000000
18.064782 1.223488 -0.003401 0.000000
-33.785647 6.835606 0.000233 0.000000
-15.735336 1.379975 0.002067 0.000000
-10.453578 -0.278946 0.002022 0.000000
-19.061063 1.649630 0.001995 0.000000
-12.880034 -3.560978 0.002029 0.000000
25.982718 -3.051771 -0.002682 0.000000
12.210148 -2.903220 0.004046 0.000000
16.745784 -2.072038 -0.000981 0.000000
-13.259323 -4.817138 0.002346 0.000000
-26.745629 -4.670185 0.006686 0.000000
-31.933452 -8.197036 0.009396 0.000000
-20.619423 -7.359250 0.002604 0.000000
28.569493 -6.004406 -0.001456 0.000000
12.645373 -4.066247 0.003208 0.000000
17.018744 -3.738357 -0.000055 0.000000
-16.535838 -3.802461 0.005425 0.000000
-14.622501 -4.208738 0.002209 0.000000
31.930053 -4.552777 -0.003007 0.000000
16.947307 -2.827804 -0.000581 0.000000
-19.544258 -3.191965 0.005179 0.000000
24.003641 -1.843007 -0.002975 0.000000
15.251751 -1.453607 -0.000900 0.000000
-12.567955 -2.424543 0.004696 0.000000
-24.996674 -2.291211 0.003191 0.000000
-10.933312 -2.984436 0.002983 0.000000
21.121935 -2.838768 -0.001692 0.000000
30.800071 -1.544571 -0.004597 0.000000
16.294917 -3.572719 0.003463 0.000000
-20.734334 -4.083847 0.002210 0.000000
-14.772243 -4.413814 0.005781 0.000000
-11.530135 -4.413177 0.003155 0.000000
-23.102558 -6.592013 0.007475 0.000000
-16.247348 -6.244764 0.006850 0.000000
-1.092909 12.426481 0.789047 0.000000
-1.094685 16.990796 0.655385 0.000000
1.092425 13.279229 0.233343 0.000000
1.095723 18.665702 0.348051 0.000000
1.109552 29.395065 0.001199 0.000000
1.095697 17.563684 0.543188 0.000000
-1.094990 24.562209 0.977790 0.000000
1.100350 25.943063 0.559248 0.000000
1.094363 16.138239 0.626509 0.000000
1.093954 19.477885 1.080967 0.000000
-1.095414 30.772696 0.296407 0.000000
-9.303785 -0.024113 5.867222 0.000000
1.098227 33.979919 2.100964 0.000000
1.097875 26.915804 1.567608 0.000000
1.094792 22.054274 1.638306 0.000000
-1.097033 24.741424 0.917464 0.000000
-1.095360 16.515844 0.666073 0.000000
-1.098010 31.817895 1.355165 0.000000
-1.094482 20.130141 1.103142 0.000000
1.094985 23.674371 0.623929 0.000000
1.095762 33.003667 1.415877 0.000000
-1.094971 15.555216 1.174830 0.000000
-1.096376 35.493439 1.991411 0.000000
-1.096759 22.125344 1.280901 0.000000
1.097419 24.753410 1.956714 0.000000
1.094586 14.032891 1.466990 0.000000
-1.097302 24.205870 1.744054 0.000000
1.095714 19.135390 1.293261 0.000000
-1.117843 29.395894 1.894309 0.000000
1.096577 28.182114 2.074349 0.000000
-1.095557 33.681798 2.127112 0.000000
-1.094749 21.294665 1.442904 0.000000
-1.094225 18.649375 1.248358 0.000000
-1.093407 13.698008 1.109605 0.000000
-7.730725 -1.342423 0.004374 0.000000
-11.031193 -0.832129 0.002791 0.000000
-19.126173 0.418645 0.001002 0.000000
13.914624 -0.882861 0.001494 0.000000
-17.941470 -0.477640 0.001503 0.000000
-10.150713 -2.003586 0.002706 0.000000
-18.499923 -1.796510 0.002943 0.000000
22.873182 -0.683153 -0.001111 0.000000
35.720867 1.721405 -0.003788 0.000000
10.261143 -0.961283 0.002557 0.000000
30.005488 3.164347 -0.003819 0.000000
13.023020 -0.076034 0.001318 0.000000
-13.339259 0.714912 0.000644 0.000000
6.165017 -0.464022 0.005108 0.000000
-29.314056 4.680418 0.000009 0.000000
-14.076149 0.356637 0.001588 0.000000
-36.045699 4.956019 0.000164 0.000000
27.614419 4.484263 -0.004148 0.000000
12.297030 0.605759 0.001162 0.000000
0.745112 6.928449 -0.000400 0.000000
1.169235 7.734429 -0.000938 0.000000
0.324926 6.320668 -0.000017 0.000000
0.552605 6.273534 -0.000177 0.000000
-0.160166 6.356993 -0.000040 0.000000
0.504929 6.713282 -0.000209 0.000000
-0.482865 6.531053 -0.000195 0.000000
-0.159729 5.494554 0.000904 0.000000
0.870984 7.294384 -0.000700 0.000000
0.857442 7.733767 -0.000338 0.000000
0.341370 6.531691 -0.000049 0.000000
1.018457 7.900909 -0.001597 0.000000
-14.377778 -0.857270 0.000968 0.000000
-8.607147 -1.986691 0.004245 0.000000
-31.885836 1.207158 -0.003687 0.000000
-13.396396 -1.410019 0.001750 0.000000
12.362651 -0.611487 0.003049 0.000000
26.435627 1.648922 0.001516 0.000000
33.355732 0.194887 0.004722 0.000000
-28.355801 -0.335750 -0.002740 0.000000
-12.785782 -2.066800 0.001937 0.000000
-27.376014 -1.476423 -0.002308 0.000000
-12.787969 -2.564155 0.002199 0.000000
-28.563575 -2.562626 -0.000346 0.000000
22.267740 -1.611409 0.004307 0.000000
13.527872 -1.432740 0.003164 0.000000
17.614644 -0.413312 0.002406 0.000000
12.451407 -3.348044 0.004000 0.000000
16.757099 -2.808459 0.004452 0.000000
25.604799 -1.691329 0.004521 0.000000
27.058529 -4.250771 0.003510 0.000000
12.437553 -2.124688 0.003588 0.000000
-22.705290 -5.680400 -0.000495 0.000000
-15.074116 -3.804797 0.002287 0.000000
-26.430917 -8.918106 -0.000505 0.000000
17.702622 -4.621247 0.002581 0.000000
11.553578 -2.431488 0.003876 0.000000
15.000565 -1.676352 0.003366 0.000000
-16.319515 -5.079042 0.002112 0.000000
-36.770086 -3.271728 -0.003452 0.000000
-25.171837 -4.157560 -0.001305 0.000000
-19.587908 -4.672924 -0.000051 0.000000
28.161359 -4.920168 0.003742 0.000000
12.533034 -3.620882 0.004073 0.000000
16.189344 -3.129424 0.003442 0.000000
9.447098 -2.903295 0.004645 0.000000
22.974171 -2.275713 0.002860 0.000000
-14.959999 -2.915884 0.002599 0.000000
24.742470 3.494453 0.003852 0.000000
-27.633585 4.225721 -0.004003 0.000000
-13.339782 0.278295 0.001129 0.000000
-30.110822 3.654536 -0.004346 0.000000
-14.390258 -0.191678 0.001851 0.000000
-37.291798 3.733114 -0.005632 0.000000
15.817357 0.948087 0.000652 0.000000
9.375127 -0.508009 0.002672 0.000000
11.639267 0.302430 0.002595 0.000000
-13.192379 0.695315 0.000265 0.000000
-23.975423 3.641176 -0.002031 0.000000
-27.324132 -0.131854 -0.001082 0.000000
-10.884103 -0.634217 0.002092 0.000000
-20.043848 1.021274 -0.000575 0.000000
-8.416329 -1.310250 0.003491 0.000000
-29.362522 1.871484 -0.001990 0.000000
-7.445536 -1.255965 0.004076 0.000000
-20.144474 -3.870710 -0.000350 0.000000
-8.989187 -3.583553 0.003990 0.000000
-14.615566 -4.183693 0.001138 0.000000
-38.746141 -6.828493 -0.002964 0.000000
-11.526993 -4.393318 0.002267 0.000000
18.581046 -1.404640 0.002696 0.000000
-23.199564 -6.235334 -0.000474 0.000000
-9.540658 -4.573025 0.003994 0.000000
-16.628577 -6.064202 0.002359 0.000000
28.499525 -3.323175 0.003216 0.000000
8.169959 -2.904477 0.004391 0.000000
10.431060 -1.912794 0.003975 0.000000
-19.335406 -3.292434 -0.000295 0.000000
19.277459 -0.068479 0.002117 0.000000
10.324222 -1.230227 0.003698 0.000000
19.692812 0.766654 0.001802 0.000000
21.073439 1.860209 0.001367 0.000000
11.201103 -0.208863 0.001965 0.000000
24.243076 3.542915 0.000726 0.000000
-16.820475 -1.983380 0.000994 0.000000
-28.270296 -2.588308 -0.000422 0.000000
-10.518780 -2.987199 0.003087 0.000000
1.827283 6.997111 0.000210 0.000000
0.418094 6.444285 0.001170 0.000000
0.993575 7.401738 0.000537 0.000000
0.644625 7.162884 0.000068 0.000000
1.006858 12.485563 -0.002291 0.000000
0.285888 6.339730 0.000693 0.000000
0.751510 11.165827 -0.002850 0.000000
0.501102 9.939902 -0.000231 0.000000
-1.167751 6.170122 0.000102 0.000000
-1.360186 4.886488 0.001823 0.000000
-1.442680 6.296813 0.000574 0.000000
0.277310 9.047517 0.000189 0.000000
-0.528515 6.917379 0.000665 0.000000
-0.568969 6.784350 0.000281 0.000000
7.978619 -0.023792 7.802405 0.000000
-10.110932 -0.384553 0.002762 0.000000
-17.836236 1.352200 -0.001789 0.000000
-7.751482 -1.101490 0.004167 0.000000
-23.107824 1.895395 -0.003253 0.000000
-8.971708 -1.081173 0.003649 0.000000
-14.213340 -0.236755 -0.000244 0.000000
-36.002643 3.343725 -0.006294 0.000000
-10.544811 -1.152391 0.002639 0.000000
-19.375424 -0.109519 -0.000585 0.000000
13.668516 -0.264208 0.004405 0.000000
32.915448 4.256653 0.004820 0.000000
13.792414 0.328026 0.002400 0.000000
34.125627 5.883513 0.004570 0.000000
14.133217 0.954619 0.004046 0.000000
35.613883 3.427131 0.005385 0.000000
-13.841713 -2.074137 0.000382 0.000000
-33.683132 -1.326003 -0.004685 0.000000
-11.006943 -2.584977 0.002680 0.000000
-21.298157 -2.561428 -0.000276 0.000000
-9.283046 -2.935502 0.004379 0.000000
-16.043328 -3.154443 -0.000091 0.000000
1.095373 18.778116 1.570562 0.000000
0.816709 34.974670 2.359682 0.000000
1.094655 21.739658 1.979124 0.000000
-1.095895 24.075581 1.292426 0.000000
-1.095449 16.523054 1.179090 0.000000
-1.097240 31.884149 1.818409 0.000000
0.567011 32.006428 2.365380 0.000000
0.163318 33.602930 2.358488 0.000000
1.094757 25.647901 1.210586 0.000000
1.094703 21.914895 1.556091 0.000000
-0.578568 35.330345 2.360579 0.000000
-1.095837 24.199618 0.899415 0.000000
-1.094315 16.297801 0.781597 0.000000
1.093593 17.629421 1.011799 0.000000
1.096449 26.078767 1.370193 0.000000
-1.025325 35.720613 1.735971 0.000000
-1.096279 22.304027 1.173205 0.000000
-1.095093 15.501842 0.929013 0.000000
-1.097746 29.776266 1.304936 0.000000
-1.094672 19.003601 0.828176 0.000000
1.096432 26.755905 1.346944 0.000000
1.095592 20.384390 1.238962 0.000000
1.097287 31.005313 1.579970 0.000000
1.094883 16.116789 1.151561 0.000000
1.095782 22.906984 1.332594 0.000000
1.094325 21.234920 0.710613 0.000000
1.100636 33.375702 0.933711 0.000000
1.093636 16.641306 0.687573 0.000000
1.098613 24.007409 0.800043 0.000000
1.093388 13.464994 0.655806 0.000000
1.094134 18.575016 0.702177 0.000000
-1.096727 23.289087 0.625644 0.000000
1.099559 28.079647 0.707097 0.000000
-1.096412 31.963589 0.949109 0.000000
-1.095025 20.060688 0.769018 0.000000
-1.097096 25.902081 0.534548 0.000000
-1.092186 10.966871 0.521054 0.000000
-1.093319 17.031792 0.545902 0.000000
-1.093354 34.516921 0.343143 0.000000
-1.092155 12.505339 0.572985 0.000000
-1.096371 20.609111 0.377101 0.000000
-17.787270 -6.893925 0.005013 0.000000
37.107468 -6.445377 0.000905 0.000000
13.807642 -4.077916 0.003876 0.000000
18.959029 -3.677051 0.003213 0.000000
10.368233 -3.093531 0.003347 0.000000
29.692229 -2.741637 -0.000356 0.000000
-27.045378 -7.705957 0.005183 0.000000
-24.712827 -4.796863 0.003723 0.000000
-12.558901 -4.969243 0.003113 0.000000
-25.216468 -3.638684 0.003126 0.000000
-18.278339 -4.163086 0.003237 0.000000
-14.527328 -4.404250 0.003581 0.000000
-37.837514 -7.647668 0.005304 0.000000
-25.929681 -7.365400 0.001115 0.000000
24.489740 -5.124734 0.001403 0.000000
15.131093 -3.385477 0.001962 0.000000
9.083720 -3.086294 0.004772 0.000000
36.888515 -1.017068 -0.001863 0.000000
14.544453 -1.838141 0.001823 0.000000
14.323474 -1.340981 0.001294 0.000000
17.638031 -0.192748 -0.000191 0.000000
35.396835 0.628434 -0.002592 0.000000
-23.121450 -3.605832 0.003143 0.000000
-16.333854 -4.063407 0.003803 0.000000
-28.425157 -6.549039 0.003860 0.000000
-19.708588 -6.034712 0.000145 0.000000
21.624703 -2.472490 0.000401 0.000000
10.971016 -2.526724 0.002688 0.000000
26.255057 -1.327996 -0.000740 0.000000
12.299952 -1.954493 0.002777 0.000000
21.995633 0.217579 -0.001048 0.000000
11.351839 -1.132741 0.003454 0.000000
-25.050282 -0.504456 0.001511 0.000000
-21.676277 -1.658889 0.002178 0.000000
-10.940668 -2.597237 0.003642 0.000000
-19.987998 -2.525862 0.002692 0.000000
-19.490143 -3.312568 0.001052 0.000000
19.361925 -2.469336 0.000722 0.000000
27.192713 -1.221017 -0.000052 0.000000
15.661737 -1.200989 0.000713 0.000000
-12.709796 -1.510269 0.002890 0.000000
10.310373 -0.137970 0.001855 0.000000
34.223894 6.548374 -0.005571 0.000000
13.727864 1.079332 -0.000114 0.000000
8.580667 -0.331632 0.004094 0.000000
-15.406039 -0.590665 0.001780 0.000000
-34.334316 5.851425 -0.001729 0.000000
-14.517960 0.432781 0.001590 0.000000
-33.815218 4.375626 -0.000971 0.000000
-14.624042 -0.119651 0.001846 0.000000
-37.410924 3.673592 -0.000528 0.000000
19.412987 0.712773 -0.000954 0.000000
31.546101 3.829081 -0.003929 0.000000
13.198710 0.109830 0.000561 0.000000
18.713457 1.834617 -0.001451 0.000000
-14.927025 1.118424 0.001128 0.000000
-10.597924 -1.513855 0.003247 0.000000
-19.140864 -0.632010 0.001465 0.000000
-13.519160 -1.793484 0.001170 0.000000
-32.181627 -0.319158 0.000830 0.000000
-10.751736 -2.190095 0.003511 0.000000
-14.951980 -2.557896 0.002766 0.000000
26.499818 3.085111 -0.003400 0.000000
12.086278 0.142440 0.003232 0.000000
24.640400 3.660133 -0.003444 0.000000
11.853816 0.459865 0.001380 0.000000
-13.238289 -0.293410 0.002040 0.000000
-16.729753 1.271658 0.000834 0.000000
-20.912566 1.644302 0.000339 0.000000
-30.633334 2.723603 0.000750 0.000000
-36.597920 6.857911 -0.000994 0.000000
-14.500711 1.132088 0.001167 0.000000
-25.927962 -6.685053 0.005322 0.000000
-21.096624 -3.872742 0.000948 0.000000
-18.618639 -6.436673 0.005180 0.000000
27.267989 -5.687198 0.000473 0.000000
12.316913 -3.968685 0.004023 0.000000
16.466210 -3.628021 0.002666 0.000000
24.792808 -2.894764 -0.000513 0.000000
12.023768 -2.734188 0.002089 0.000000
16.017764 -2.046438 0.002660 0.000000
14.997879 -1.705483 0.003074 0.000000
20.486902 -0.492690 -0.000999 0.000000
-11.896582 -2.027524 0.002422 0.000000
-22.181972 -1.576331 0.000323 0.000000
-18.561621 -2.485692 0.003327 0.000000
-15.431104 -3.771783 0.002020 0.000000
17.650926 -3.027736 0.002973 0.000000
24.463897 -2.138907 -0.000827 0.000000
-25.385948 -3.161404 0.003438 0.000000
16.693690 0.270362 -0.000504 0.000000
-22.359972 -6.012831 0.004759 0.000000
-8.558094 -3.513723 0.004368 0.000000
-13.595958 -4.046532 0.004314 0.000000
-33.249530 -6.167821 0.005066 0.000000
-11.279936 -4.318766 0.003448 0.000000
23.348476 -1.567902 -0.000737 0.000000
26.802527 -0.310523 -0.001801 0.000000
33.585017 1.670109 -0.003528 0.000000
14.026865 -0.603016 0.003056 0.000000
27.909801 -2.262398 -0.001009 0.000000
10.025695 -1.971319 0.003896 0.000000
-18.671930 -4.231245 0.004154 0.000000
-31.880469 -6.948188 0.005655 0.000000
-19.950202 -6.388594 0.003275 0.000000
38.527368 -5.841543 -0.000472 0.000000
14.024018 -3.699772 0.003110 0.000000
18.908653 -3.389175 0.004041 0.000000
-0.737222 13.286787 -0.003252 0.000000
-0.416046 24.233808 -0.011286 0.000000
-1.024970 9.464563 -0.002118 0.000000
-0.931290 13.691518 -0.005429 0.000000
-0.812141 23.019037 -0.010627 0.000000
-1.095043 20.169036 0.023582 0.000000
-0.653703 8.910790 -0.000752 0.000000
-1.095830 25.693582 0.117240 0.000000
-1.094420 17.244748 0.172565 0.000000
1.097202 30.882733 0.005413 0.000000
0.207674 7.309107 -0.000665 0.000000
0.141772 7.346111 -0.000878 0.000000
0.438389 13.371061 -0.005323 0.000000
1.095472 19.997365 0.165688 0.000000
-0.145186 7.474693 -0.000697 0.000000
0.127574 13.046428 -0.003269 0.000000
1.095509 17.934039 0.594991 0.000000
-0.312413 7.815577 -0.001157 0.000000
-0.050286 12.988336 -0.004586 0.000000
0.523033 28.742685 -0.013660 0.000000
1.095448 25.954143 0.249234 0.000000
-0.357306 13.167236 -0.003693 0.000000
0.070174 26.185817 -0.013351 0.000000
-1.092749 12.752919 0.203583 0.000000
0.750246 7.237853 -0.000537 0.000000
0.564340 7.126652 -0.000442 0.000000
1.055702 14.582929 -0.006097 0.000000
0.927949 26.759351 2.360821 0.000000
-0.250316 31.198484 2.359827 0.000000
0.564610 27.991340 2.359071 0.000000
-0.691268 31.720847 2.359601 0.000000
0.195286 29.399098 2.360684 0.000000
-1.095944 28.038818 2.116843 0.000000
-0.205235 30.778987 2.362498 0.000000
-0.994747 32.061835 2.361820 0.000000
1.094817 26.157384 2.245569 0.000000
0.616753 29.376842 2.357556 0.000000
1.094124 20.408370 2.017190 0.000000
-1.097463 24.595030 1.718725 0.000000
-0.681124 33.724070 2.360899 0.000000
0.689477 28.955391 2.362329 0.000000
-0.594363 32.057055 2.362851 0.000000
0.232157 30.526911 2.362028 0.000000
-0.269607 32.105118 2.361702 0.000000
-0.105594 31.242972 2.361877 0.000000
0.843203 29.284386 2.362280 0.000000
1.094251 18.059345 1.818715 0.000000
1.090948 10.021800 1.159671 0.000000
1.094959 24.809379 1.676679 0.000000
-1.337555 7.470806 0.000097 0.000000
-1.681671 7.198850 0.000025 0.000000
1.094897 15.459333 0.215626 0.000000
1.092811 21.932182 0.158568 0.000000
1.092985 35.184641 0.017163 0.000000
-1.096269 24.667958 0.120148 0.000000
-0.342141 18.714294 -0.005878 0.000000
0.158589 14.865289 -0.004236 0.000000
-0.929149 15.860818 -0.004759 0.000000
-0.358896 11.255107 -0.002408 0.000000
-0.534778 10.111975 0.000150 0.000000
-0.874340 8.603440 0.000804 0.000000
1.092971 24.773432 0.145417 0.000000
0.861668 35.719900 -0.009173 0.000000
1.094816 18.859511 0.104557 0.000000
0.227535 32.143163 -0.011535 0.000000
-1.100214 29.642655 0.086733 0.000000
-0.282763 29.294176 -0.010199 0.000000
0.455529 24.718090 -0.008550 0.000000
1.096738 21.632788 0.092516 0.000000
-0.755644 27.652467 -0.009586 0.000000
0.018031 21.110687 -0.006879 0.000000
0.539396 17.878479 -0.005620 0.000000
1.092835 22.173694 0.107051 0.000000
-1.095415 31.661638 0.907262 0.000000
-1.097599 19.122222 0.451891 0.000000
-1.098965 23.822293 0.658744 0.000000
-1.094233 16.232363 0.560276 0.000000
-1.093018 12.067025 0.460978 0.000000
-1.095400 20.331245 0.635466 0.000000
1.092949 27.403169 0.853737 0.000000
0.959667 32.660040 -0.006350 0.000000
0.344493 34.049472 -0.011644 0.000000
1.095857 32.300785 0.529346 0.000000
1.096801 22.859252 1.154866 0.000000
-1.099011 24.253506 0.181592 0.000000
-1.100378 30.201231 0.465096 0.000000
-6.833292 -0.535917 0.004312 0.000000
-17.232382 1.801260 -0.000279 0.000000
14.640539 0.820144 0.001806 0.000000
-16.722337 0.843224 -0.000492 0.000000
-16.033456 0.063264 -0.000114 0.000000
-17.194084 -1.054381 -0.000117 0.000000
24.827433 0.658073 0.001281 0.000000
11.745296 -1.040119 0.003048 0.000000
14.935156 -0.099379 0.002139 0.000000
21.432560 1.673353 0.002860 0.000000
11.009462 -0.378569 0.002943 0.000000
14.844994 -0.608834 0.002424 0.000000
20.481734 0.691405 0.003666 0.000000
34.599764 4.143604 0.003830 0.000000
13.939526 0.037155 0.001544 0.000000
-12.097491 -0.582612 0.001580 0.000000
-21.510315 0.117805 -0.002108 0.000000
-11.250977 -1.445600 0.002418 0.000000
-21.549786 -0.706469 -0.001858 0.000000
-23.023704 -1.441620 -0.001950 0.000000
25.543341 -0.368329 0.004344 0.000000
11.907395 -1.459668 0.001847 0.000000
-10.402997 -4.964642 0.004719 0.000000
-19.665857 -6.992542 0.000434 0.000000
34.387137 -6.704826 0.007201 0.000000
13.566270 -4.207081 0.005189 0.000000
18.812198 -3.861806 0.005047 0.000000
30.060531 -3.128969 0.005652 0.000000
-29.570578 -7.717362 -0.001385 0.000000
-24.881172 -4.479250 -0.001458 0.000000
-12.287622 -3.400570 0.003360 0.000000
-17.057273 -4.780133 0.003384 0.000000
30.042852 -1.565340 0.005165 0.000000
14.884073 -3.553418 0.004218 0.000000
8.903492 -3.140009 0.004985 0.000000
10.567513 -2.621279 0.002989 0.000000
13.133555 -2.107177 0.002649 0.000000
17.396366 -1.246118 0.004196 0.000000
-8.482072 -2.450910 0.003911 0.000000
-26.482531 -2.167828 -0.002492 0.000000
-11.365283 -2.853797 0.003350 0.000000
-20.747930 -3.136883 -0.000973 0.000000
-6.953674 -1.073059 0.004283 0.000000
-9.666327 -0.497546 0.002882 0.000000
28.733340 4.876948 0.002991 0.000000
-14.692596 1.035814 -0.000650 0.000000
-38.675629 6.901431 -0.007304 0.000000
-17.691225 1.293064 -0.000593 0.000000
-28.906819 5.285982 -0.002573 0.000000
14.475904 -0.243158 0.003192 0.000000
-29.553540 -6.056591 -0.001885 0.000000
30.214209 1.064785 0.004360 0.000000
13.039807 -0.814126 0.003389 0.000000
35.506494 3.155494 0.004270 0.000000
-12.638120 -4.081886 0.002839 0.000000
16.409380 0.985755 0.001092 0.000000
-33.475455 -2.398844 -0.003719 0.000000
-13.978152 -2.495622 0.002519 0.000000
-21.158618 -3.298257 -0.001018 0.000000
-15.701658 -3.721009 0.003151 0.000000
-8.057991 -3.542937 0.004596 0.000000
-18.105000 -3.999664 -0.000062 0.000000
17.554105 -1.231402 0.004195 0.000000
-14.430526 -5.859897 0.001529 0.000000
-30.954906 -6.472638 -0.002016 0.000000
-8.635762 -4.559425 0.004584 0.000000
16.053894 -3.582692 0.004921 0.000000
9.398724 -3.191209 0.003644 0.000000
21.097824 -2.898660 0.003360 0.000000
30.775511 -1.650518 0.005265 0.000000
-35.662354 -0.962191 -0.004546 0.000000
20.205101 2.571480 0.003051 0.000000
10.457827 0.023372 0.002853 0.000000
-13.963827 -1.960150 0.002301 0.000000
-19.736717 0.079519 -0.000600 0.000000
-13.401252 -1.050467 0.002067 0.000000
-31.587948 0.917238 -0.004415 0.000000
-19.014002 -1.082138 -0.001201 0.000000
-8.776961 -2.185824 0.004036 0.000000
1.924826 7.588508 -0.001260 0.000000
1.302919 5.630834 -0.000365 0.000000
-18.254898 0.645538 0.002449 0.000000
-25.932220 1.271472 0.002508 0.000000
-16.068473 -0.668186 0.001924 0.000000
-11.885066 -1.434747 0.002922 0.000000
-24.740098 -0.445706 0.003379 0.000000
16.294795 -0.588653 -0.001161 0.000000
16.736393 0.131473 -0.001692 0.000000
17.878567 1.047091 -0.002506 0.000000
10.379339 -0.562637 0.002721 0.000000
11.004680 0.058257 0.003294 0.000000
-11.658126 0.471089 0.001945 0.000000
-23.101407 3.341613 0.001140 0.000000
0.678005 7.914042 -0.001342 0.000000
0.854353 8.573944 -0.001843 0.000000
1.006114 8.771229 -0.001992 0.000000
-0.187435 7.318270 -0.000850 0.000000
0.244441 6.999584 -0.000597 0.000000
0.582343 6.115876 -0.000562 0.000000
-1.330432 6.550794 -0.000224 0.000000
0.171722 5.760507 -0.000155 0.000000
-0.525301 7.548506 -0.001031 0.000000
-0.211743 6.209861 -0.000560 0.000000
-0.357389 6.092557 -0.000432 0.000000
-0.128829 5.084098 0.001175 0.000000
-0.907148 7.880720 -0.001505 0.000000
-0.502575 6.028849 -0.000357 0.000000
-1.090476 8.333672 -0.000347 0.000000
-0.649371 6.016937 -0.000333 0.000000
-1.094231 18.291863 1.087865 0.000000
-1.092581 32.748046 0.914973 0.000000
-1.092677 25.032055 1.075707 0.000000
-1.095593 16.888202 0.925570 0.000000
-1.092488 33.310609 1.519845 0.000000
-1.095477 20.839731 1.004920 0.000000
-1.092643 27.564890 1.437288 0.000000
1.094460 18.958843 0.689095 0.000000
1.096400 21.766344 1.215810 0.000000
1.097775 33.965072 1.606037 0.000000
1.007339 34.799665 2.360570 0.000000
1.095596 23.015056 1.963119 0.000000
-1.098100 30.131671 1.677706 0.000000
1.095565 23.383155 1.499934 0.000000
1.009520 31.260239 2.362448 0.000000
-1.097813 30.339601 1.950251 0.000000
0.632231 35.300759 2.360425 0.000000
1.095068 29.579686 1.664480 0.000000
-1.097382 31.365393 1.609397 0.000000
1.096378 21.900135 1.229822 0.000000
1.098387 34.855653 1.635439 0.000000
-1.095110 26.760842 1.416794 0.000000
-1.095065 17.927762 1.169595 0.000000
1.094794 22.534650 1.322673 0.000000
1.096085 19.792994 1.215289 0.000000
-1.094192 22.656913 1.120148 0.000000
-1.097241 29.903337 1.215876 0.000000
1.093292 12.180088 0.858033 0.000000
1.686487 6.312256 -0.000300 0.000000
1.400471 5.454739 0.000978 0.000000
29.118882 -1.576834 -0.000768 0.000000
-34.137138 -5.574340 0.004004 0.000000
-14.610389 -5.257596 0.001894 0.000000
19.219803 -4.790675 0.001958 0.000000
30.806390 -4.544278 0.000538 0.000000
18.107099 -2.808729 0.002157 0.000000
-15.308090 -2.824018 0.002406 0.000000
-38.316123 -3.181107 0.002904 0.000000
-26.099215 -4.129277 0.003265 0.000000
-20.390145 -4.712829 0.002502 0.000000
-9.664342 -4.017387 0.004360 0.000000
-16.942986 -5.081306 0.004086 0.000000
37.056782 -5.591160 0.000543 0.000000
18.665969 -3.157866 0.002237 0.000000
28.254987 -2.164059 -0.000396 0.000000
-38.673547 -1.295662 0.001849 0.000000
-14.783224 -2.124634 0.002213 0.000000
-11.404601 -2.739076 0.003967 0.000000
-22.960270 -2.699304 0.001475 0.000000
-16.687126 -3.308373 0.002384 0.000000
-14.521874 -5.667814 0.003643 0.000000
26.852738 -3.426691 0.000471 0.000000
38.730883 -2.074745 -0.001140 0.000000
18.208879 -1.518507 0.000602 0.000000
25.055891 0.003460 -0.001012 0.000000
-8.382365 -3.538519 0.004794 0.000000
-17.383321 -3.743582 0.003333 0.000000
-13.084195 -4.072789 0.003336 0.000000
-29.438520 -5.898048 0.003976 0.000000
-10.517887 -4.282811 0.004134 0.000000
-6.313196 -3.915968 0.006393 0.000000
-19.360531 -5.693733 0.004114 0.000000
-16.662855 0.312464 0.000911 0.000000
-15.040284 1.204909 0.000760 0.000000
-36.916477 6.688775 -0.002010 0.000000
-15.391300 0.681055 0.000936 0.000000
12.695420 0.647727 0.001519 0.000000
34.211554 3.009544 -0.003477 0.000000
15.240415 -1.208090 0.001884 0.000000
20.746232 0.047797 -0.000651 0.000000
10.882663 -1.205841 0.002082 0.000000
-36.023524 -2.320249 0.002437 0.000000
13.802393 -0.316534 0.001749 0.000000
8.750812 -1.164397 0.003632 0.000000
-39.081990 2.239036 0.000247 0.000000
-14.493433 -1.369355 0.001951 0.000000
-34.477383 0.309232 0.001114 0.000000
-33.651974 -1.061810 0.001780 0.000000
-32.384330 -5.254181 0.003677 0.000000
-19.620926 1.066432 -0.000226 0.000000
-28.749571 1.947964 -0.003009 0.000000
-17.022525 -0.417832 -0.000194 0.000000
-15.694759 0.772273 -0.000240 0.000000
-10.673833 -0.486113 0.002839 0.000000
-15.993543 -1.549688 0.000394 0.000000
-12.100766 -2.366983 0.003104 0.000000
-25.256850 -1.961017 -0.001048 0.000000
-17.657750 -2.676420 0.000318 0.000000
-35.453314 -4.110331 -0.002242 0.000000
29.214962 2.233162 0.002940 0.000000
12.770940 -0.599233 0.001356 0.000000
28.043851 3.139278 0.002607 0.000000
12.786498 0.093911 0.001906 0.000000
29.364457 4.596356 0.002263 0.000000
-24.005771 -3.540446 -0.001076 0.000000
16.748457 -1.828389 0.004077 0.000000
-17.639802 -4.006335 0.001680 0.000000
-14.133724 -4.496884 0.003750 0.000000
-35.839292 -7.294526 -0.002054 0.000000
-25.240206 -7.069543 -0.000391 0.000000
32.260109 -5.826606 0.005898 0.000000
13.395455 -3.888976 0.004156 0.000000
17.751424 -3.468769 0.004506 0.000000
26.795858 -2.622763 0.004641 0.000000
12.503939 -2.789026 0.002744 0.000000
24.218040 -2.294725 0.004396 0.000000
11.789837 -2.432493 0.002559 0.000000
37.468393 -0.573054 0.004973 0.000000
14.067215 -1.969238 0.003763 0.000000
18.717132 -0.827807 0.003800 0.000000
28.529566 1.199894 0.003738 0.000000
12.638504 -0.864329 0.001569 0.000000
20.772245 -2.552559 0.003963 0.000000
10.718595 -2.503751 0.004053 0.000000
25.407329 -1.524692 0.002811 0.000000
34.294743 0.419826 0.003800 0.000000
14.036500 -1.332195 0.003264 0.000000
17.409286 -0.305282 0.003502 0.000000
-10.555490 -3.105026 0.002962 0.000000
-18.752052 -3.489190 0.000304 0.000000
-13.952150 -3.830165 0.003521 0.000000
-34.549025 -5.766467 -0.001656 0.000000
-21.928467 -5.615002 0.000259 0.000000
19.920663 -1.793967 0.001471 0.000000
-9.187622 -4.810384 0.003562 0.000000
-9.133299 -3.850105 0.004147 0.000000
-39.144771 -8.057019 -0.002344 0.000000
-11.297847 -4.617425 0.004540 0.000000
-22.465236 -6.860957 0.000074 0.000000
-15.647342 -6.389946 0.001492 0.000000
15.004075 -4.154993 0.004516 0.000000
20.915539 -3.725326 0.004295 0.000000
10.857604 -3.044374 0.004587 0.000000
34.554926 -2.784628 0.004726 0.000000
14.151309 -2.704417 0.002621 0.000000
-0.130182 4.833726 0.001342 0.000000
0.007218 7.089104 0.000893 0.000000
-0.153184 6.755489 0.000421 0.000000
0.843637 10.197781 -0.000856 0.000000
0.365851 8.293578 0.000160 0.000000
0.028105 7.649965 0.000112 0.000000
-1.431109 5.631533 0.001297 0.000000
0.971344 6.830753 0.000481 0.000000
1.094727 18.643233 1.342117 0.000000
1.097281 33.900016 1.430522 0.000000
1.095295 27.795539 1.656590 0.000000
1.094060 16.383078 1.465027 0.000000
0.692171 31.744447 2.359012 0.000000
1.052013 35.033232 2.361539 0.000000
-1.095328 19.142251 1.178004 0.000000
-1.098473 32.491600 2.146571 0.000000
-0.355576 34.942212 2.359470 0.000000
-0.180588 30.965582 2.359803 0.000000
1.096204 24.713683 2.229775 0.000000
0.614911 28.144681 2.362154 0.000000
0.222649 29.459037 2.361320 0.000000
0.449398 30.925577 2.359050 0.000000
-1.096500 22.572772 1.781596 0.000000
1.097449 34.105727 1.945593 0.000000
1.096564 26.805673 1.964558 0.000000
1.095645 21.447799 1.907845 0.000000
1.005043 29.841440 2.363528 0.000000
1.093870 17.582637 1.858655 0.000000
-1.096468 31.412224 1.931515 0.000000
1.095095 22.955373 0.811169 0.000000
-1.095862 26.804350 0.418985 0.000000
-1.095183 17.093098 0.634918 0.000000
-1.096499 34.629922 0.759288 0.000000
-1.095197 21.088739 0.473826 0.000000
-1.092158 11.082795 0.431621 0.000000
-1.095104 17.445129 0.363421 0.000000
-1.093798 12.497098 0.324469 0.000000
1.096561 25.830385 0.922441 0.000000
1.094668 15.490116 0.726100 0.000000
1.095265 22.191757 0.712008 0.000000
-1.094952 19.524289 0.699805 0.000000
-1.094676 25.220546 0.984594 0.000000
-0.112176 17.524521 -0.004717 0.000000
-0.713823 10.505594 -0.003041 0.000000
-0.976228 10.793146 -0.001654 0.000000
-0.434858 30.567030 -0.009721 0.000000
-1.073430 15.865633 -0.004892 0.000000
-0.837956 26.534658 -0.008316 0.000000
-1.095197 21.874613 0.020862 0.000000
1.097294 30.459626 0.194050 0.000000
1.060623 11.575550 -0.002710 0.000000
0.290595 5.999564 0.000747 0.000000
-0.058474 6.138313 0.001357 0.000000
0.357737 10.274494 -0.002395 0.000000
1.094757 22.605544 -0.007645 0.000000
-0.116202 6.334248 0.000135 0.000000
1.094776 20.090882 0.362547 0.000000
-0.345189 6.563091 0.000952 0.000000
0.262760 18.648117 -0.008955 0.000000
1.225068 6.950665 0.000621 0.000000
-13.545107 -1.274991 0.001162 0.000000
-28.598742 -0.069128 -0.003397 0.000000
-24.623861 -1.407663 -0.002201 0.000000
-11.581231 -2.558054 0.002157 0.000000
-22.782631 -2.396943 -0.001498 0.000000
11.025709 -0.789718 0.002353 0.000000
-16.954621 1.711221 -0.001568 0.000000
-9.952570 -0.437289 0.002301 0.000000
-16.453019 0.919568 -0.001151 0.000000
-18.341507 -0.085278 -0.001278 0.000000
21.852536 1.245680 0.003318 0.000000
38.650691 5.476375 0.003414 0.000000
14.360831 0.418310 0.001132 0.000000
21.211414 2.532850 0.002835 0.000000
10.872846 0.050933 0.002094 0.000000
-10.397461 0.018495 0.002608 0.000000
-22.353000 -3.272354 -0.001118 0.000000
-10.630496 -0.611673 0.002891 0.000000
-11.277478 -0.181282 0.002814 0.000000
-19.804503 1.593535 0.001226 0.000000
-19.021039 0.671769 0.001771 0.000000
-19.424393 -0.008146 0.002173 0.000000
-10.919851 -1.493860 0.002395 0.000000
-21.175788 -0.567651 0.002516 0.000000
28.147542 1.182344 -0.003904 0.000000
11.794459 -0.370838 0.002756 0.000000
12.497020 -0.900897 0.000549 0.000000
16.186240 0.157637 -0.001130 0.000000
24.087727 2.304964 -0.003931 0.000000
15.973332 1.171702 -0.001693 0.000000
9.375246 -0.382249 0.001474 0.000000
13.005445 -4.100376 0.003161 0.000000
17.908729 -3.696982 0.000903 0.000000
10.006304 -3.232318 0.003741 0.000000
27.675765 -2.936780 -0.001156 0.000000
31.768511 -6.199527 0.000097 0.000000
17.236978 -1.989873 0.003324 0.000000
-21.453289 -3.876725 0.000382 0.000000
-12.584600 -4.453493 0.003041 0.000000
-27.004501 -6.744363 0.005896 0.000000
-10.202813 -4.699403 0.003964 0.000000
-19.287215 -6.477294 0.002150 0.000000
16.363548 -1.566112 0.002818 0.000000
23.116170 -0.170356 -0.002014 0.000000
11.430043 -1.300680 0.002363 0.000000
-25.386067 -1.257841 0.002815 0.000000
-11.253769 -2.462309 0.003626 0.000000
-21.114536 -2.348661 0.003346 0.000000
-18.745947 -3.113634 0.000342 0.000000
-9.882593 -3.283949 0.003529 0.000000
-17.429402 -3.857536 0.002959 0.000000
20.048372 -3.046336 0.000122 0.000000
28.929263 -1.973980 -0.001863 0.000000
-21.945323 3.163406 0.000334 0.000000
-19.719264 1.342717 0.001126 0.000000
-28.525702 2.229572 0.000756 0.000000
-8.682696 -0.256338 0.003358 0.000000
-13.661267 0.863047 0.000564 0.000000
-32.089083 5.552565 -0.000905 0.000000
-15.849224 1.060829 0.000653 0.000000
-21.997225 -3.136400 0.003789 0.000000
-9.458312 -3.303229 0.004423 0.000000
37.925682 3.605041 -0.006094 0.000000
15.105801 -0.091541 -0.000487 0.000000
12.977116 -1.108091 0.001275 0.000000
-19.448791 -5.733413 0.002995 0.000000
-15.825997 -3.670274 0.002032 0.000000
-12.509829 -3.965050 0.004719 0.000000
-27.489546 -5.623538 0.005301 0.000000
22.638737 -0.804353 -0.001580 0.000000
27.453291 0.727729 -0.003166 0.000000
-17.529510 -4.166492 0.003296 0.000000
16.959592 -1.640625 -0.000036 0.000000
37.170823 -5.875001 -0.000743 0.000000
-28.342009 -6.449821 0.005789 0.000000
-18.341469 -6.010397 0.005374 0.000000
-13.562587 -5.870224 0.004521 0.000000
-34.166109 -10.808770 0.008474 0.000000
8.526621 -3.274246 0.005136 0.000000
18.478904 -3.319146 0.000577 0.000000
27.451586 -2.367984 -0.001439 0.000000
-9.804066 -1.721343 0.003068 0.000000
-17.223930 -0.801517 0.000417 0.000000
-12.732934 -1.777773 0.002809 0.000000
-27.424335 -0.728472 0.002590 0.000000
-18.061408 -1.990764 0.000884 0.000000
-13.845397 -2.615251 0.001994 0.000000
-35.440566 -2.649844 0.004059 0.000000
20.110555 1.577369 -0.002153 0.000000
19.148032 2.135321 -0.002300 0.000000
6.750770 -0.575363 0.004449 0.000000
-16.771353 -0.340534 0.002173 0.000000
-24.739013 -0.015861 0.001883 0.000000
-12.521174 -2.107692 0.002712 0.000000
-27.366207 -1.542433 0.002720 0.000000
17.813959 1.902266 -0.001785 0.000000
16.043576 0.668540 -0.000766 0.000000
25.610414 -0.605717 -0.001685 0.000000
27.758628 0.679834 -0.002627 0.000000
12.622716 -1.163088 0.002221 0.000000
32.871718 2.632184 -0.004233 0.000000
-24.723821 3.980834 -0.001355 0.000000
-16.179242 0.803966 0.001593 0.000000
-1.093724 12.371644 0.086125 0.000000
-0.953488 10.978482 -0.003584 0.000000
-1.080677 10.114740 -0.003458 0.000000
-0.504642 13.331457 -0.005649 0.000000
0.501149 22.074732 -0.010841 0.000000
1.051090 35.719924 0.007749 0.000000
-1.096829 23.831116 0.368758 0.000000
0.395300 33.682036 -0.017038 0.000000
-1.094286 16.365969 0.241737 0.000000
-1.097973 32.574233 0.064940 0.000000
-0.171904 28.068688 -0.014050 0.000000
1.094929 22.781011 0.221652 0.000000
-0.600192 24.453433 -0.012078 0.000000
0.064393 17.963213 -0.008487 0.000000
-0.253414 15.246509 -0.006855 0.000000
-1.095223 16.946430 0.047217 0.000000
1.096273 26.991583 0.372387 0.000000
1.095773 31.160807 0.199828 0.000000
1.093624 15.946317 0.226226 0.000000
0.538464 25.001417 -0.012732 0.000000
1.093115 12.681442 0.028549 0.000000
0.991948 24.460083 -0.012466 0.000000
-0.447119 28.138206 -0.014378 0.000000
1.098500 34.568522 0.959678 0.000000
-1.063043 31.218976 -0.015995 0.000000
1.095361 27.905038 1.068557 0.000000
-1.096106 19.766481 0.152152 0.000000
-1.097942 30.626466 0.629829 0.000000
-1.097120 25.044747 0.724528 0.000000
1.056386 28.371062 2.357838 0.000000
1.093577 17.522552 1.410508 0.000000
-1.062866 33.989988 2.358371 0.000000
1.094770 22.273142 2.044648 0.000000
0.089529 30.271236 2.359066 0.000000
0.948007 27.684676 2.359179 0.000000
0.533754 29.100400 2.358813 0.000000
-1.094283 18.973135 1.435440 0.000000
-0.895428 31.995829 2.359638 0.000000
-0.078252 30.606813 2.363131 0.000000
-1.095955 24.596613 1.869628 0.000000
-1.093272 33.772027 2.359043 0.000000
-1.095779 23.269115 1.599441 0.000000
0.333969 34.747815 2.364933 0.000000
0.835996 33.475413 2.362443 0.000000
-1.092126 9.661987 -0.001191 0.000000
-0.645438 8.937975 0.000084 0.000000
-0.791026 7.042430 0.000458 0.000000
-0.973502 7.160209 0.000249 0.000000
0.883937 9.831375 -0.000175 0.000000
0.693561 9.117522 0.000166 0.000000
1.026787 9.907531 -0.001209 0.000000
0.414968 8.484835 0.000474 0.000000
0.748452 8.759302 0.000363 0.000000
0.497440 7.818381 0.000033 0.000000
0.816603 7.965954 0.000815 0.000000
0.294404 7.106089 0.000508 0.000000
0.553668 6.845049 0.000713 0.000000
-0.448882 8.712148 0.000234 0.000000
-1.142748 7.258613 0.000266 0.000000
-15.688693 -4.529866 0.003385 0.000000
-18.056642 -6.616531 0.001503 0.000000
15.178258 -4.377508 0.004463 0.000000
-18.032921 -3.788523 0.002442 0.000000
-16.087565 -4.336102 0.002911 0.000000
24.931812 -2.737982 0.003929 0.000000
11.967188 -2.720274 0.003653 0.000000
-21.317413 -3.087020 -0.000157 0.000000
15.125785 -2.004046 0.003760 0.000000
9.126132 -2.375865 0.003925 0.000000
21.028251 -0.995196 0.001048 0.000000
-27.107119 -2.080088 -0.001407 0.000000
-24.991507 -2.578521 -0.000932 0.000000
-12.014145 -2.522550 0.003147 0.000000
-17.320935 -3.283976 0.002305 0.000000
-32.829121 -5.226513 -0.001266 0.000000
-11.221922 -3.978082 0.003798 0.000000
-11.847286 -4.117704 0.003667 0.000000
-7.933354 -3.525832 0.005277 0.000000
-24.039856 -5.675585 0.000142 0.000000
-9.775821 -4.215287 0.004676 0.000000
-16.491638 -5.541633 0.003275 0.000000
-8.176527 -4.546883 0.005333 0.000000
-12.601907 -5.485862 0.002600 0.000000
-28.895036 -9.267350 0.000460 0.000000
18.366193 -1.052642 0.000885 0.000000
21.912972 -2.947374 0.001840 0.000000
32.923460 -1.643997 0.003993 0.000000
-18.162744 2.143644 -0.001428 0.000000
25.618911 1.678896 0.003181 0.000000
-24.879815 -0.313837 -0.002016 0.000000
-12.462055 -1.916446 0.001903 0.000000
-27.252132 -1.116275 -0.002194 0.000000
33.754899 0.574714 0.004084 0.000000
13.580414 -1.322521 0.002023 0.000000
-12.170397 -1.462783 0.001383 0.000000
12.065102 -0.568683 0.003041 0.000000
7.997457 -1.313480 0.004655 0.000000
16.112171 0.618771 0.001610 0.000000
-13.116226 -0.351573 0.001119 0.000000
-26.071952 1.822877 -0.002842 0.000000
-12.369503 -0.963526 0.001152 0.000000
-24.539268 0.596877 -0.002219 0.000000
-20.148853 1.870884 -0.001764 0.000000
35.702912 6.944996 0.002418 0.000000
-22.417427 -5.356482 0.000319 0.000000
-16.536246 0.263482 -0.000110 0.000000
-21.985381 -0.798270 -0.001099 0.000000
-13.620594 -2.118344 0.002801 0.000000
17.901750 1.708909 0.002205 0.000000
-15.238267 -3.341118 0.001326 0.000000
-31.833028 -1.611557 -0.002299 0.000000
-10.968073 -2.649813 0.003655 0.000000
-20.301871 -2.719961 -0.000102 0.000000
-27.538512 -4.948552 -0.000517 0.000000
14.313625 -0.919312 0.003354 0.000000
-21.694725 2.869124 -0.002398 0.000000
-22.707235 -4.790485 -0.000055 0.000000
-10.258535 -4.014550 0.004368 0.000000
-18.974288 -5.344994 0.001343 0.000000
15.315078 -3.801304 0.004481 0.000000
9.164798 -3.298486 0.004743 0.000000
20.864267 -3.228970 0.004209 0.000000
10.988735 -2.908579 0.003981 0.000000
33.016374 -2.063907 0.004419 0.000000
13.722959 -2.260185 0.002591 0.000000
-16.373732 -2.698501 0.001131 0.000000
-13.368219 -3.364190 0.003269 0.000000
-29.734771 -4.176517 -0.001421 0.000000
31.594179 -0.914095 0.003915 0.000000
13.046053 -1.837240 0.003196 0.000000
23.152656 0.419310 0.002977 0.000000
11.449890 -1.106283 0.002199 0.000000
-12.381374 -3.967287 0.003928 0.000000
-25.753933 -5.498263 -0.000337 0.000000
-9.860884 -4.186098 0.003957 0.000000
-17.633721 -5.429010 0.001187 0.000000
-8.240901 -4.375875 0.005403 0.000000
-13.437049 -5.431205 0.002296 0.000000
-33.634615 -9.742393 -0.000063 0.000000
23.847359 -3.543014 0.003467 0.000000
11.446825 -3.037840 0.004245 0.000000
32.742770 -2.340216 0.004144 0.000000
16.905781 -1.760241 0.003061 0.000000
22.691175 -0.364398 0.002989 0.000000
30.312857 -1.610511 0.004075 0.000000
-11.214238 -5.307635 0.003737 0.000000
-33.051253 -5.387954 -0.001485 0.000000
-10.891263 -4.098550 0.003478 0.000000
-20.388300 -5.324015 0.004072 0.000000
-23.241163 -8.062457 0.000961 0.000000
19.898820 -4.918774 0.004778 0.000000
32.620228 -4.739592 0.005326 0.000000
-14.156130 -3.762039 0.003658 0.000000
1.645085 5.939649 0.001551 0.000000
-1.096965 22.489125 1.092150 0.000000
-1.095196 26.206764 1.399764 0.000000
1.095539 20.338620 0.800088 0.000000
1.097135 31.342972 1.142701 0.000000
-1.096964 25.696079 0.771112 0.000000
-1.093579 34.957907 2.174455 0.000000
1.094336 22.491188 1.910472 0.000000
-1.095760 23.263442 1.334539 0.000000
0.009339 35.387730 2.355766 0.000000
-1.096728 25.165869 1.742821 0.000000
-7.725236 -0.023144 7.801252 0.000000
1.098905 26.329332 1.207108 0.000000
1.095823 19.195237 1.550746 0.000000
-1.093746 16.128407 0.874931 0.000000
1.094965 27.006076 1.417526 0.000000
-1.093530 24.642464 1.421163 0.000000
-1.110097 29.395487 1.585760 0.000000
-1.095595 18.715518 1.153523 0.000000
-1.093502 23.561122 1.083005 0.000000
1.096823 27.807299 1.567917 0.000000
1.100218 32.699158 1.804166 0.000000
1.094593 16.771844 1.315593 0.000000
1.098354 23.809680 1.525053 0.000000
-1.402212 4.992717 0.002018 0.000000
1.042632 6.944265 -0.000437 0.000000
-0.045198 5.900608 -0.000084 0.000000
0.801546 9.032824 -0.001212 0.000000
0.091661 6.364682 -0.000079 0.000000
-17.897599 -0.353142 0.000695 0.000000
-16.450648 -1.147482 0.000651 0.000000
-17.966669 2.079270 0.000950 0.000000
-18.695746 1.455786 0.000006 0.000000
-10.958730 -0.400550 0.002101 0.000000
-20.762870 1.184438 0.001339 0.000000
18.485435 1.565740 -0.001532 0.000000
13.258042 0.830078 -0.000027 0.000000
1.472422 5.848383 -0.000243 0.000000
1.664256 6.730462 -0.000800 0.000000
1.341056 4.954730 0.002436 0.000000
1.841275 6.823961 -0.000403 0.000000
-16.070025 -2.283846 0.001332 0.000000
-14.186289 -1.268845 0.003060 0.000000
-31.307585 0.270035 0.002243 0.000000
-26.891849 -1.209189 0.002753 0.000000
-24.786878 -3.255946 0.003611 0.000000
30.871733 -2.050535 -0.001586 0.000000
13.011471 -2.305947 0.003885 0.000000
22.350170 -0.378405 -0.001185 0.000000
11.289206 -1.466889 0.003026 0.000000
37.492748 2.561740 -0.004358 0.000000
14.530477 -0.714139 0.001419 0.000000
16.520756 1.000393 -0.000778 0.000000
-19.377011 0.847419 0.000171 0.000000
-11.101630 -1.027081 0.002507 0.000000
-21.562683 0.567406 0.000715 0.000000
27.214182 2.392356 -0.003105 0.000000
12.389835 -0.312048 0.001611 0.000000
26.558662 4.019980 -0.003753 0.000000
-11.107729 0.292053 0.001914 0.000000
-19.122358 2.332464 0.001108 0.000000
-24.197029 -3.495290 0.001381 0.000000
-14.235301 -4.389557 0.003608 0.000000
-36.523275 -7.269393 0.005778 0.000000
-25.845248 -7.083512 0.003001 0.000000
14.857357 -4.132184 0.004115 0.000000
20.433148 -3.539983 0.002485 0.000000
33.563799 -2.554333 -0.001676 0.000000
13.802364 -2.572883 0.001522 0.000000
8.734166 -2.426894 0.004699 0.000000
-17.777873 0.635832 0.001821 0.000000
-12.018150 -0.609208 0.002238 0.000000
-24.978422 1.206773 0.001479 0.000000
-14.205505 0.332610 0.001623 0.000000
-35.668055 4.859247 0.000182 0.000000
-9.674993 -3.004576 0.003972 0.000000
-16.352929 -3.436273 0.002267 0.000000
13.643725 -1.419054 0.002469 0.000000
16.902358 -0.405712 -0.000078 0.000000
10.051613 -1.376645 0.002908 0.000000
-14.121239 -5.276998 0.002562 0.000000
-26.786238 -5.054108 0.003387 0.000000
-38.075627 -9.871119 0.006706 0.000000
19.323246 -2.649699 0.000956 0.000000
23.611708 -1.630664 -0.000649 0.000000
31.685302 0.069208 -0.002386 0.000000
-32.387247 -7.052884 0.001335 0.000000
15.602599 -4.231204 0.003240 0.000000
22.523707 -3.841881 0.000317 0.000000
38.956762 -2.985580 -0.000265 0.000000
21.156515 -1.705445 -0.000404 0.000000
-18.818615 -4.264979 0.001757 0.000000
-8.950357 -2.066436 0.004317 0.000000
-35.017393 -0.464054 0.002495 0.000000
-11.162931 -2.366148 0.003772 0.000000
-21.089773 -2.072645 0.001615 0.000000
-27.711880 -3.938253 0.003782 0.000000
23.685944 1.199042 -0.001913 0.000000
11.436347 -0.747413 0.001508 0.000000
23.189973 2.032307 -0.002219 0.000000
11.444718 -0.349075 0.003330 0.000000
24.380869 3.258498 -0.002930 0.000000
12.102968 0.377666 0.001099 0.000000
27.616892 5.188978 -0.004196 0.000000
1.667550 6.858451 0.000673 0.000000
0.296679 15.955223 -0.004668 0.000000
0.364451 8.983222 0.000442 0.000000
1.094791 18.132459 0.162571 0.000000
0.722267 17.237502 -0.002825 0.000000
1.094539 16.428088 0.305433 0.000000
-0.232559 5.623279 0.001535 0.000000
-0.035855 8.726004 0.000520 0.000000
1.094026 23.431035 0.187831 0.000000
-0.231723 8.738022 0.000486 0.000000
-0.531103 6.358737 0.001132 0.000000
0.364693 29.633592 -0.006613 0.000000
-0.757128 6.622156 0.000670 0.000000
-0.637669 9.053275 0.000263 0.000000
0.811559 9.668057 0.000161 0.000000
-17.625564 0.816594 -0.001334 0.000000
-11.938296 -0.630863 0.000896 0.000000
-24.575738 1.409322 -0.003131 0.000000
-12.580644 0.489742 0.001684 0.000000
-26.295265 3.922920 -0.004086 0.000000
-14.364600 0.594497 -0.000316 0.000000
-36.148641 5.406059 -0.006313 0.000000
16.897516 1.416164 0.001213 0.000000
-22.158923 -1.213705 -0.001981 0.000000
-27.309441 -2.804738 -0.002739 0.000000
17.349424 0.920682 0.004029 0.000000
9.683240 -0.344556 0.003759 0.000000
-14.972126 -1.179852 -0.000059 0.000000
-0.471989 13.616057 -0.001699 0.000000
0.491662 35.526734 2.361384 0.000000
0.715306 30.514951 2.362401 0.000000
1.095280 21.194729 2.068551 0.000000
-1.099512 32.083200 2.170327 0.000000
-0.280712 32.321039 2.361981 0.000000
-1.095320 20.495286 1.495909 0.000000
-1.096535 26.847457 2.043177 0.000000
-0.842160 33.057400 2.359419 0.000000
-0.141995 25.026765 -0.008233 0.000000
-0.859648 9.371317 0.000068 0.000000
-0.496618 22.028938 -0.004528 0.000000
-0.989242 13.142420 -0.003207 0.000000
-0.806829 19.841089 -0.003893 0.000000
-1.083481 18.260359 -0.003424 0.000000
-1.092265 10.181794 0.091508 0.000000
-1.094505 17.564144 0.708805 0.000000
-1.095255 21.484132 0.532487 0.000000
1.095064 18.588083 0.985444 0.000000
-1.096888 23.783378 0.890605 0.000000
1.094247 27.900656 0.938715 0.000000
-1.099400 32.428433 1.042011 0.000000
-1.094511 26.462941 0.640404 0.000000
1.092052 10.777395 0.676548 0.000000
1.094408 33.276786 1.169262 0.000000
1.094281 18.850550 1.880437 0.000000
0.385934 30.293987 2.362078 0.000000
-0.624614 32.097718 2.361688 0.000000
-0.263391 31.762111 2.362420 0.000000
-1.079166 12.124513 -0.002691 0.000000
1.096251 33.132753 0.348191 0.000000
-0.573541 16.857569 -0.003843 0.000000
-1.095064 26.405719 0.199643 0.000000
-0.438953 34.220073 -0.011690 0.000000
0.376843 24.958134 -0.008088 0.000000
-0.950091 29.575515 -0.012374 0.000000
-0.075517 20.128362 -0.006197 0.000000
-0.662767 14.838253 -0.003957 0.000000
-0.916026 13.257806 -0.005054 0.000000
1.097640 27.393778 0.247083 0.000000
1.095610 18.308850 0.268726 0.000000
-1.095162 31.989031 0.206938 0.000000
1.095871 20.608221 0.317401 0.000000
-1.096042 20.242733 0.373631 0.000000
1.097850 33.224378 -0.011151 0.000000
14.455669 -4.211156 0.004517 0.000000
20.227246 -3.822436 0.004186 0.000000
33.441048 -2.983404 0.004412 0.000000
-21.231678 -3.785137 0.000094 0.000000
-26.837935 -6.630048 0.000156 0.000000
-20.889256 -3.092029 -0.000085 0.000000
-19.584752 -3.847020 0.000427 0.000000
24.100946 -3.039298 0.003980 0.000000
37.609440 -1.645468 0.004216 0.000000
14.214671 -2.389095 0.001965 0.000000
28.318859 0.467378 0.002910 0.000000
-28.519771 -0.955750 -0.002068 0.000000
-23.509466 -2.203371 -0.000856 0.000000
-14.017826 -3.581036 0.001993 0.000000
-35.062780 -5.040040 -0.001522 0.000000
-22.432104 -5.144878 0.000350 0.000000
-16.754564 -5.268721 0.001512 0.000000
17.943052 -2.098288 0.003584 0.000000
20.263838 -1.097254 0.003226 0.000000
10.786273 -1.785434 0.004201 0.000000
24.558809 0.254286 0.002828 0.000000
12.144882 -1.165617 0.003707 0.000000
32.826685 2.611662 0.002399 0.000000
14.362132 -0.363487 0.002300 0.000000
-12.558124 -5.490394 0.003971 0.000000
-28.265371 -9.395455 0.000892 0.000000
38.587089 -6.116299 0.005847 0.000000
14.122771 -3.814094 0.002658 0.000000
28.563631 -2.434926 0.003948 0.000000
17.207631 -1.773175 0.003432 0.000000
-15.880971 -3.800835 0.003119 0.000000
-24.354815 -5.913050 0.000293 0.000000
-16.404995 -5.652214 0.002039 0.000000
-28.923146 5.150321 -0.004153 0.000000
34.036648 2.148021 0.002640 0.000000
13.547499 -0.688174 0.003344 0.000000
18.128654 0.442686 0.001528 0.000000
28.394967 3.316996 0.001894 0.000000
-26.453967 0.086406 -0.002134 0.000000
10.110815 -0.067709 0.002397 0.000000
-12.209975 0.185868 0.002213 0.000000
-23.410099 2.481830 -0.002720 0.000000
-11.830426 -0.489566 0.001986 0.000000
-22.607325 1.410558 -0.002194 0.000000
-23.482834 0.662029 -0.002080 0.000000
-21.936336 -0.404231 0.001448 0.000000
-15.181591 -1.427874 0.001335 0.000000
-15.355388 -0.596306 0.001975 0.000000
-24.285879 -1.774665 0.002099 0.000000
14.608228 0.997018 -0.000203 0.000000
36.078745 7.629678 -0.006134 0.000000
8.765633 -0.420965 0.002457 0.000000
-22.843912 3.389001 -0.000569 0.000000
-29.218294 4.235927 -0.001048 0.000000
-15.604877 0.609512 0.001296 0.000000
11.926348 -3.271237 0.003884 0.000000
15.681723 -2.844269 0.001622 0.000000
23.341191 -1.845250 -0.000059 0.000000
-21.795009 -4.186377 0.003397 0.000000
-25.447972 -6.920103 0.004696 0.000000
-9.934561 -4.782358 0.004904 0.000000
-17.883326 -6.556949 0.004214 0.000000
16.227441 -4.403181 0.002948 0.000000
9.406539 -3.638490 0.004340 0.000000
24.293804 -4.201073 0.001036 0.000000
-13.934128 -2.242947 0.003212 0.000000
-30.617031 -1.874084 0.002531 0.000000
-12.162048 -2.604843 0.003005 0.000000
-23.663198 -3.028956 0.003086 0.000000
-19.854075 -3.766771 0.000543 0.000000
30.386810 -2.674090 -0.000350 0.000000
16.898906 -1.885818 0.000894 0.000000
24.525214 -0.520493 -0.000878 0.000000
22.797130 -0.045078 -0.000926 0.000000
26.491927 1.459489 -0.002113 0.000000
34.017553 4.037761 -0.004114 0.000000
-19.204544 -5.106777 0.000948 0.000000
14.427109 0.254121 0.000246 0.000000
-21.314744 -2.655178 0.002633 0.000000
-15.565288 -3.370505 0.003026 0.000000
-26.593555 -4.832401 0.003632 0.000000
21.138816 -3.132823 0.000901 0.000000
11.123085 -2.857166 0.003146 0.000000
31.707024 -1.788673 -0.000920 0.000000
15.802825 -3.733675 0.002377 0.000000
18.018067 -1.284880 0.000387 0.000000
-35.590552 -5.502825 0.004031 0.000000
-21.137457 -5.325361 0.003995 0.000000
-15.106522 -5.394680 0.004130 0.000000
-11.745304 -5.347152 0.002997 0.000000
-24.553113 -8.316969 0.003212 0.000000
-0.448036 20.815505 -0.009076 0.000000
1.092768 13.067981 0.497511 0.000000
1.098277 30.025002 0.235546 0.000000
-0.128198 19.467756 -0.008146 0.000000
1.097589 25.869513 0.624922 0.000000
1.096108 19.324902 0.303761 0.000000
1.096816 22.069565 0.877596 0.000000
-0.987578 22.823144 -0.011273 0.000000
1.098922 34.392875 1.022330 0.000000
-1.094694 16.726023 0.173260 0.000000
0.972639 18.065844 -0.008642 0.000000
-1.095432 19.819916 0.324797 0.000000
-1.096807 24.752957 0.419814 0.000000
-1.095182 33.098814 0.713149 0.000000
-1.095906 20.918235 0.451871 0.000000
1.094676 20.908456 1.765146 0.000000
1.077531 32.136433 2.359690 0.000000
1.096261 24.394101 2.051705 0.000000
-1.096091 33.202233 0.756567 0.000000
-1.096147 25.062601 0.931256 0.000000
-1.096975 33.251688 1.345775 0.000000
1.093664 13.987968 1.007883 0.000000
1.101337 29.395118 0.595859 0.000000
1.096017 24.893926 0.954118 0.000000
1.094347 15.572106 1.036383 0.000000
1.096467 21.598603 1.020157 0.000000
0.938272 11.237640 -0.002524 0.000000
0.868765 32.306065 2.361305 0.000000
-1.095058 24.754767 1.728705 0.000000
0.368206 34.309048 2.360845 0.000000
1.094255 19.211344 1.713382 0.000000
0.167937 35.127917 2.360648 0.000000
-30.859469 0.383630 0.001253 0.000000
-13.977001 -1.731734 0.001727 0.000000
-35.272006 -0.506313 0.001716 0.000000
15.129524 -1.060090 0.001252 0.000000
20.220690 0.179716 -0.000528 0.000000
32.261424 2.964099 -0.003079 0.000000
-29.885163 1.433713 0.000769 0.000000
13.266658 -0.297045 0.000931 0.000000
18.607079 1.383536 -0.000479 0.000000
-31.709464 2.925827 0.000108 0.000000
-22.246708 3.312776 -0.000054 0.000000
0.017349 7.489896 -0.000110 0.000000
-0.466785 8.597148 -0.000903 0.000000
-0.168675 7.168331 -0.000939 0.000000
0.128832 6.052546 0.000922 0.000000
-1.092647 11.415016 -0.002572 0.000000
-0.260622 6.632351 -0.000312 0.000000
-0.637727 8.204439 -0.000658 0.000000
-0.967746 8.408250 -0.000860 0.000000
0.378908 9.842216 -0.001828 0.000000
1.051229 11.790411 -0.003275 0.000000
-0.950716 5.633504 0.000607 0.000000
0.767431 10.066894 -0.001874 0.000000
-0.180851 10.303192 -0.002368 0.000000
-0.193410 9.181976 -0.000680 0.000000
0.313446 8.258902 -0.000529 0.000000
0.488073 7.645114 -0.001126 0.000000
-1.323009 5.791817 0.000606 0.000000
30.150123 1.512872 0.002456 0.000000
-18.180792 -2.248405 0.000484 0.000000
19.756561 -0.637465 0.002917 0.000000
17.431832 0.486566 0.001942 0.000000
-18.125399 -0.846542 0.000023 0.000000
14.738759 -2.092807 0.003745 0.000000
7.476948 -3.436859 0.005799 0.000000
-20.436042 -7.544208 0.003684 0.000000
22.943529 -5.266153 0.004625 0.000000
11.259961 -3.867629 0.004505 0.000000
21.306448 -2.910424 0.003831 0.000000
37.579639 -1.349561 0.003125 0.000000
-27.800111 -4.948423 0.000144 0.000000
-13.411869 -3.311220 0.003174 0.000000
-29.868271 -4.102986 -0.000798 0.000000
-19.119052 -5.375900 0.002070 0.000000
18.262990 -3.953700 0.003706 0.000000
26.552215 -3.291774 0.003409 0.000000
15.856759 -2.272648 0.003334 0.000000
22.718273 -1.122025 0.002706 0.000000
-21.167192 2.993100 -0.001856 0.000000
-22.193661 2.395481 -0.001716 0.000000
-25.542350 2.169769 -0.002136 0.000000
21.039175 2.222488 0.000711 0.000000
14.704619 1.340615 0.000952 0.000000
-10.673172 0.035015 0.002074 0.000000
-19.684151 2.231768 -0.001040 0.000000
-13.821904 -3.577025 0.001653 0.000000
-33.362919 -4.931699 -0.000473 0.000000
23.259902 -0.359327 0.002459 0.000000
33.197907 -2.535764 0.001601 0.000000
-20.573929 -4.986119 0.001136 0.000000
-9.049312 -4.040616 0.005103 0.000000
-14.953018 -5.053212 0.002234 0.000000
-11.764182 -5.123779 0.003145 0.000000
-24.818358 -7.965200 0.001436 0.000000
-13.295670 -1.146929 0.001534 0.000000
-36.637946 3.510632 -0.003466 0.000000
-19.150596 0.070921 -0.000691 0.000000
-30.766586 0.689575 -0.001969 0.000000
-18.913026 -1.177502 0.000219 0.000000
-14.417003 -0.144806 0.000743 0.000000
34.069581 2.563174 0.001749 0.000000
13.768344 -0.543611 0.001827 0.000000
38.688924 4.828591 0.001213 0.000000
14.955315 0.325792 0.001850 0.000000
13.335393 -1.089083 0.003222 0.000000
-16.871267 -2.795669 0.001124 0.000000
-24.186125 -1.980561 -0.000329 0.000000
-30.826957 -4.170433 -0.000442 0.000000
-21.454408 -4.464883 0.001390 0.000000
33.261729 1.125972 0.002178 0.000000
0.174428 5.661647 0.000818 0.000000
0.706988 7.263851 0.000325 0.000000
8.712569 -0.022524 7.806109 0.000000
-23.016586 0.810572 -0.002016 0.000000
-13.448350 0.012665 0.001750 0.000000
-30.898558 3.780409 -0.003123 0.000000
-16.641596 0.359671 -0.000569 0.000000
18.786633 0.281905 0.002932 0.000000
19.530609 1.959877 0.002331 0.000000
-1.419466 5.029877 0.002063 0.000000
1.094767 22.842572 1.669243 0.000000
0.801148 34.102552 2.361732 0.000000
-1.096680 26.803396 1.675155 0.000000
-1.095711 22.773037 1.319091 0.000000
1.096786 29.911544 1.822506 0.000000
-1.095345 31.061812 1.786674 0.000000
1.095726 35.201869 1.963421 0.000000
1.096627 22.635759 1.360549 0.000000
-1.095122 34.760603 1.021285 0.000000
-1.094498 21.316203 0.645041 0.000000
-1.095799 27.103754 0.659752 0.000000
-1.096159 29.617450 1.086040 0.000000
1.098730 30.225137 1.015565 0.000000
1.096641 22.436336 0.882480 0.000000
1.097754 26.229924 1.115479 0.000000
1.094464 16.384769 0.947341 0.000000
1.096758 23.034039 0.987686 0.000000
-35.804893 -11.284758 0.006346 0.000000
16.089278 -4.321650 0.003153 0.000000
-18.874362 -6.138395 0.003147 0.000000
21.895963 -1.709544 0.001462 0.000000
-29.437571 -6.646569 0.002515 0.000000
-25.252388 -3.434430 0.001453 0.000000
-18.408966 -4.095811 0.001501 0.000000
-28.413887 -7.395901 0.004547 0.000000
16.581449 -4.095133 0.002767 0.000000
9.536722 -3.452018 0.004217 0.000000
23.514403 -3.667187 0.000971 0.000000
14.990535 -2.544626 0.002557 0.000000
21.367778 -1.538249 0.001425 0.000000
-28.824216 -0.949945 0.001597 0.000000
-18.653293 -2.197564 0.001536 0.000000
-36.571922 -3.135633 0.002641 0.000000
15.849648 -0.610018 0.001568 0.000000
12.844656 -1.593804 0.002067 0.000000
-38.938659 -4.648895 0.003369 0.000000
-22.833051 -4.831179 0.002240 0.000000
-30.280089 -8.454505 0.005022 0.000000
17.585320 -2.709506 0.001636 0.000000
27.706471 -0.406321 -0.000956 0.000000
-12.443918 0.721146 0.001792 0.000000
-23.567736 3.616729 -0.000476 0.000000
-23.040304 2.548151 0.000045 0.000000
-24.398113 1.900353 0.000321 0.000000
-12.767060 -0.739549 0.001161 0.000000
-33.682005 -0.664942 0.001474 0.000000
-13.463844 -2.204735 0.001968 0.000000
-31.371984 -2.026771 0.002091 0.000000
-31.665899 -3.243812 0.002651 0.000000
38.115290 -1.770757 -0.001138 0.000000
-14.375904 -1.731502 0.002659 0.000000
18.137392 -1.499156 0.001622 0.000000
25.860408 0.058685 -0.000997 0.000000
-15.748873 -1.034185 0.002194 0.000000
15.849051 -0.354944 0.001452 0.000000
-28.372333 1.564683 0.000431 0.000000
30.473391 3.087769 -0.003526 0.000000
17.729945 1.343795 -0.000616 0.000000
30.222963 5.064328 -0.003726 0.000000
-23.686503 -3.865396 0.001757 0.000000
-11.664936 0.250399 0.001612 0.000000
-23.039798 2.984559 0.000581 0.000000
-30.652095 4.012829 0.000214 0.000000
-16.201855 0.432426 0.000477 0.000000
-11.361468 -0.793222 0.003136 0.000000
-30.901264 0.179570 0.001783 0.000000
-19.049680 -1.511321 0.002554 0.000000
-14.020504 -2.287447 0.001921 0.000000
-35.775286 -1.799069 0.002696 0.000000
-22.817162 -2.904526 0.003002 0.000000
-39.784112 -6.657746 0.005055 0.000000
-25.165285 -6.339228 0.004526 0.000000
-18.451551 -6.235971 0.002435 0.000000
16.696791 -4.402858 0.003571 0.000000
22.961496 -1.705503 -0.000333 0.000000
24.644368 -4.025620 0.000372 0.000000
32.330512 -3.002087 -0.000915 0.000000
23.276163 -0.895413 -0.000705 0.000000
14.794292 -0.908430 0.002526 0.000000
23.589359 0.051755 -0.000200 0.000000
11.894453 -1.222489 0.003131 0.000000
31.338633 2.284273 -0.002720 0.000000
-15.858673 -3.172553 0.001515 0.000000
-25.841316 -4.524413 0.003627 0.000000
-18.049793 -4.754997 0.001996 0.000000
-38.212517 -8.951687 0.005628 0.000000
-14.484409 -5.335856 0.002863 0.000000
-22.698055 -8.101677 0.005210 0.000000
14.948444 -3.956794 0.003607 0.000000
20.356077 -3.454394 0.002989 0.000000
31.951341 -2.442624 -0.001100 0.000000
18.608670 -1.608782 0.000304 0.000000
-14.074194 -3.860383 0.002465 0.000000
-33.948760 -5.646092 0.004435 0.000000
-20.253216 -5.409348 0.001894 0.000000
-0.739313 7.866107 -0.001071 0.000000
-0.249001 18.424905 -0.008000 0.000000
-0.900141 8.064849 -0.001433 0.000000
-1.205831 7.021594 -0.000685 0.000000
-0.777259 15.437011 -0.005261 0.000000
-1.020342 14.424716 -0.005704 0.000000
0.092287 20.810161 -0.009297 0.000000
-0.356541 5.096618 0.001219 0.000000
0.784925 14.667274 -0.005963 0.000000
1.094721 18.791970 0.174753 0.000000
0.430840 7.836627 -0.001432 0.000000
1.096177 27.831506 0.009179 0.000000
-0.275071 7.448620 -0.000194 0.000000
-0.129099 12.043252 -0.003725 0.000000
-0.289614 11.537057 -0.003984 0.000000
0.924281 30.378188 2.358692 0.000000
1.030288 26.546379 2.361256 0.000000
-1.094812 19.024117 1.350170 0.000000
-0.052423 32.281050 2.358201 0.000000
0.348387 29.689752 2.360619 0.000000
-0.138174 31.044095 2.359947 0.000000
-0.746912 32.577473 2.358159 0.000000
9.247850 -0.021063 7.802519 0.000000
-0.130603 30.561615 2.360424 0.000000
1.094641 20.492239 1.891798 0.000000
1.034148 28.576204 2.360509 0.000000
-0.786108 33.316660 2.358234 0.000000
0.031750 30.577908 2.362150 0.000000
-0.376444 31.281647 2.359830 0.000000
1.097689 25.658413 0.587075 0.000000
1.092872 14.042723 0.564162 0.000000
1.095674 19.268138 0.426003 0.000000
1.096167 29.483250 0.481158 0.000000
-0.974283 18.339430 -0.004449 0.000000
1.095640 35.196882 0.335463 0.000000
1.093658 17.139197 0.368167 0.000000
-1.095801 25.239602 0.573303 0.000000
1.094991 25.433398 0.256548 0.000000
-1.098616 35.246875 0.307812 0.000000
-1.096549 21.438759 0.330322 0.000000
0.216437 33.062596 -0.009380 0.000000
-1.097662 27.831305 0.124655 0.000000
-0.310044 25.627222 -0.006977 0.000000
-0.669158 21.146143 -0.005451 0.000000
1.093831 18.053609 0.764135 0.000000
1.095001 26.054316 0.829444 0.000000
-1.097305 25.544111 0.147437 0.000000
-1.098376 33.063157 0.386783 0.000000
-1.095417 26.463712 0.545994 0.000000
0.665222 14.413225 -0.003365 0.000000
1.094715 15.694842 0.365948 0.000000
1.094642 22.680774 0.096724 0.000000
0.074097 15.004882 -0.003688 0.000000
-31.116220 -0.694082 -0.001933 0.000000
-25.551219 -2.073053 -0.000788 0.000000
-22.750268 -3.046247 -0.000077 0.000000
21.240788 1.260830 0.002261 0.000000
37.949847 5.545171 0.001521 0.000000
21.242606 2.643767 0.001815 0.000000
15.392411 -0.306334 0.002299 0.000000
-13.493365 0.459310 0.001727 0.000000
-27.708963 3.530256 -0.002822 0.000000
-12.893803 -0.243806 0.001398 0.000000
-26.900657 2.285663 -0.002326 0.000000
-28.489030 1.551334 -0.002513 0.000000
-13.748625 -1.072754 0.001069 0.000000
-33.614254 0.959974 -0.002737 0.000000
20.871368 1.786927 0.001332 0.000000
10.965926 -0.280056 0.002288 0.000000
14.557951 -0.007749 0.001373 0.000000
-16.301002 0.363315 0.000814 0.000000
-15.470049 -0.300857 0.000974 0.000000
-15.548960 -0.868681 0.001956 0.000000
22.793014 0.649025 0.000199 0.000000
-20.831207 -4.070251 0.001213 0.000000
-11.812809 -4.569658 0.003858 0.000000
-24.321863 -6.666559 0.001738 0.000000
-17.263499 -6.360761 0.003545 0.000000
18.195360 -4.714112 0.002979 0.000000
28.371700 -4.466164 0.003434 0.000000
12.735357 -3.414621 0.003298 0.000000
17.338039 -2.851645 0.002289 0.000000
26.739380 -1.735034 0.002390 0.000000
12.720246 -2.091458 0.003457 0.000000
-14.427361 -2.151517 0.002804 0.000000
-33.940939 -1.644600 -0.001484 0.000000
-25.933555 -2.949970 -0.000127 0.000000
-21.804862 -3.799402 0.000739 0.000000
-19.464159 -4.477370 0.001355 0.000000
25.102328 -3.723846 0.003433 0.000000
11.856204 -3.108067 0.003385 0.000000
14.721155 -2.561731 0.002540 0.000000
19.744439 -1.684416 0.001529 0.000000
30.436582 0.067731 0.002049 0.000000
-36.701111 5.927964 -0.004660 0.000000
-29.706842 5.439321 -0.002518 0.000000
-14.163202 0.707621 0.000993 0.000000
-25.925180 3.259494 -0.000134 0.000000
-20.589394 2.689111 -0.001191 0.000000
-14.696038 0.343283 0.000710 0.000000
-18.079412 -2.728718 0.001923 0.000000
-13.675337 -3.241070 0.002860 0.000000
-33.111584 -4.130620 -0.000095 0.000000
-16.435744 -4.777610 0.003012 0.000000
18.454724 -1.283477 0.001418 0.000000
20.272540 -0.492720 0.001862 0.000000
10.743421 -1.534244 0.002694 0.000000
23.190896 0.834111 0.001425 0.000000
29.186537 2.948275 0.000584 0.000000
13.434743 -0.060109 0.000565 0.000000
31.926995 -1.884493 0.002483 0.000000
-33.472442 -8.790980 0.003750 0.000000
-20.646730 -7.501677 0.003810 0.000000
-13.610613 -5.098159 0.003788 0.000000
18.329737 -1.300374 0.001502 0.000000
-28.823249 -4.977896 0.000624 0.000000
26.898264 4.875104 -0.000477 0.000000
-33.385397 -0.520422 -0.001157 0.000000
-20.986189 -1.998972 0.000616 0.000000
29.897251 4.521987 -0.000342 0.000000
12.747299 0.465497 0.002160 0.000000
-13.616415 -1.631845 0.002582 0.000000
-13.959492 -0.955835 0.002662 0.000000
-32.842510 1.534305 -0.001909 0.000000
-30.250129 2.297487 0.000200 0.000000
-17.353587 -0.293560 0.001762 0.000000
-12.424954 -1.324742 0.002901 0.000000
26.010123 0.166115 -0.001566 0.000000
27.136926 1.363148 -0.002305 0.000000
37.591108 5.947597 -0.002464 0.000000
15.091180 0.888828 -0.000336 0.000000
-18.803847 1.917625 0.000504 0.000000
-15.954353 1.710174 0.000790 0.000000
-0.951943 9.803256 -0.002597 0.000000
-0.339869 10.086140 -0.002779 0.000000
0.060809 8.498608 -0.000901 0.000000
-1.048816 13.328296 -0.005221 0.000000
-0.587950 9.849165 -0.001783 0.000000
-0.115356 7.909950 -0.000511 0.000000
-0.799634 12.687717 -0.004414 0.000000
0.592035 12.277251 -0.004167 0.000000
0.885336 13.426539 -0.004200 0.000000
0.676954 11.524210 -0.002819 0.000000
0.089175 10.859422 -0.003284 0.000000
0.434281 10.208603 -0.002862 0.000000
-0.540811 12.302728 -0.004182 0.000000
-0.130140 10.406631 -0.002991 0.000000
0.972380 13.143367 -0.004042 0.000000
1.098958 30.714666 0.945083 0.000000
1.097409 25.983427 1.364175 0.000000
1.099383 33.159201 1.709395 0.000000
-1.094582 33.030733 0.956691 0.000000
-1.094854 20.565403 0.600310 0.000000
-1.094633 22.079338 1.024145 0.000000
1.094938 23.771836 1.887337 0.000000
0.986159 33.792262 2.356244 0.000000
-0.075186 34.812034 2.358556 0.000000
0.741775 31.967032 2.358973 0.000000
-0.699052 35.192995 2.358033 0.000000
1.060061 30.762219 2.359303 0.000000
1.093171 12.615299 1.350649 0.000000
1.094707 16.606487 1.550161 0.000000
-0.891675 35.097590 2.360391 0.000000
-1.096054 21.006525 1.384892 0.000000
-1.095425 27.789121 1.431661 0.000000
1.094513 19.352157 1.270250 0.000000
1.130620 29.395679 1.703528 0.000000
1.093579 12.871854 1.390168 0.000000
1.095939 34.304029 2.059787 0.000000
-1.094827 23.180507 1.370015 0.000000
-28.986852 -7.904475 0.005144 0.000000
-19.048026 -7.062234 0.004881 0.000000
25.885251 -5.630385 0.001624 0.000000
15.875799 -2.153811 0.001541 0.000000
-25.372388 -4.789360 0.001902 0.000000
-17.037775 -4.850379 0.004044 0.000000
27.763904 -0.716646 0.000217 0.000000
12.713725 -1.725029 0.001729 0.000000
-31.958029 -4.113008 0.003496 0.000000
-24.470276 -4.792450 0.002539 0.000000
21.484460 -4.010706 0.004194 0.000000
33.860308 -3.374344 0.001051 0.000000
-20.208049 -2.187157 0.002678 0.000000
-11.972338 -3.340176 0.002270 0.000000
-24.528077 -3.808985 0.000195 0.000000
-31.957428 -7.987326 0.005227 0.000000
-20.512501 -7.104906 0.004845 0.000000
22.869968 -3.574117 0.000665 0.000000
31.993497 -2.542597 0.000984 0.000000
13.428165 -2.550177 0.001913 0.000000
16.794491 -1.778206 0.000800 0.000000
22.968577 -0.460049 0.000588 0.000000
-26.739557 -4.546732 0.003635 0.000000
-26.243693 4.477796 -0.001263 0.000000
23.489191 -0.143422 0.000252 0.000000
-20.739364 -0.440928 0.000648 0.000000
-20.299569 -1.323735 0.001358 0.000000
9.655569 -1.952432 0.003674 0.000000
14.596154 -0.527204 0.001458 0.000000
20.373786 1.012412 0.000013 0.000000
-12.131803 -0.813071 0.002217 0.000000
-28.519195 3.892535 -0.003654 0.000000
-34.662779 4.040011 -0.001213 0.000000
23.708725 3.102548 -0.002126 0.000000
16.068014 1.753896 -0.000115 0.000000
-18.162996 -4.371229 0.003758 0.000000
-25.371050 2.451055 -0.002146 0.000000
-20.124671 0.245947 -0.000789 0.000000
-33.627208 1.103580 -0.002606 0.000000
17.618149 1.436487 0.001857 0.000000
19.428985 2.675768 0.001657 0.000000
16.625007 0.540371 0.002520 0.000000
-11.661814 -1.953060 0.003330 0.000000
-23.194079 -1.396595 -0.000854 0.000000
-27.800978 -3.154134 -0.000463 0.000000
-19.757307 -3.638766 0.002735 0.000000
16.686462 -0.046353 0.001075 0.000000
-23.651043 4.020360 -0.001877 0.000000
25.733721 -1.284482 0.003029 0.000000
-14.992161 -4.374737 0.001878 0.000000
-25.270323 -3.340538 -0.000343 0.000000
19.019626 -4.270690 0.001988 0.000000
10.303608 -3.496283 0.003623 0.000000
29.416383 -3.861890 0.004019 0.000000
12.800281 -3.083876 0.002641 0.000000
21.412409 -1.123447 0.003038 0.000000
33.568323 1.007837 0.002523 0.000000
13.685432 -1.026500 0.001308 0.000000
18.426008 0.078989 0.002546 0.000000
-29.126982 -4.216313 -0.000251 0.000000
-19.168525 -4.528166 0.000932 0.000000
-37.796950 -8.181739 0.000208 0.000000
-11.452989 -4.900777 0.004558 0.000000
-23.418591 -7.341352 0.004330 0.000000
16.747493 -2.781026 0.003280 0.000000
26.677849 -0.589134 0.002514 0.000000
15.444681 -0.728264 0.002805 0.000000
-29.732371 -9.798527 0.001235 0.000000
17.094727 -4.454834 0.004277 0.000000
25.557838 -4.101265 0.003987 0.000000
16.060268 -2.733319 0.003742 0.000000
24.031945 -1.664132 0.003129 0.000000
-12.722710 -5.674741 0.004992 0.000000
-12.366620 -4.285928 0.003704 0.000000
-25.290815 -6.045141 0.004112 0.000000
-9.766441 -4.433286 0.005160 0.000000
-5.974170 -4.014762 0.006809 0.000000
-17.022705 -5.818230 0.004574 0.000000
1.815614 7.346388 0.000171 0.000000
1.095436 19.276038 1.451202 0.000000
1.092854 12.850801 0.726697 0.000000
-1.098278 33.800883 2.005230 0.000000
-1.097152 29.638419 1.596992 0.000000
1.096519 27.662056 1.448435 0.000000
1.096810 21.881753 2.021192 0.000000
-1.096719 23.157567 1.438951 0.000000
0.996324 28.397474 2.359520 0.000000
-0.809843 34.433270 2.358689 0.000000
0.040796 31.293023 2.361844 0.000000
-1.094977 23.887172 1.055957 0.000000
1.097360 33.266577 1.361951 0.000000
1.096763 27.709634 1.071959 0.000000
-1.096555 32.850769 1.245501 0.000000
-1.095189 20.647623 0.950672 0.000000
-1.096041 26.964379 0.959496 0.000000
-1.095350 17.838579 0.716834 0.000000
-1.095368 21.854080 0.647352 0.000000
-0.707457 9.084297 -0.002188 0.000000
-0.115494 9.572477 -0.001440 0.000000
0.281892 16.790405 -0.005147 0.000000
-0.324724 9.374022 -0.002390 0.000000
-0.158420 15.110443 -0.004584 0.000000
-0.516549 9.180936 -0.002255 0.000000
-0.587720 12.741362 -0.003463 0.000000
-0.933494 9.046124 -0.001301 0.000000
-1.487722 6.860541 0.000627 0.000000
-1.056622 9.102200 -0.001492 0.000000
-0.916538 11.309808 -0.002503 0.000000
-1.697187 7.713655 -0.000436 0.000000
0.033676 6.345581 0.000122 0.000000
0.456173 6.704319 0.000410 0.000000
0.347712 6.509589 0.000060 0.000000
1.092506 11.541577 0.229328 0.000000
0.263664 10.464065 -0.002447 0.000000
1.095802 21.238029 0.015194 0.000000
0.007050 9.891133 -0.002433 0.000000
0.661254 19.212073 -0.006211 0.000000
-10.275730 -1.515451 0.002307 0.000000
-14.805585 -2.230708 0.001470 0.000000
-39.393462 -1.671460 -0.001855 0.000000
14.153067 1.079294 0.002011 0.000000
-31.572373 3.390627 -0.003023 0.000000
-14.419378 -0.212122 0.001196 0.000000
-39.335339 3.245590 -0.001908 0.000000
36.707748 4.499753 0.000526 0.000000
19.839683 1.916208 0.001317 0.000000
37.069355 6.987367 -0.000391 0.000000
-29.307777 5.284256 -0.003513 0.000000
-28.906105 4.010717 -0.002989 0.000000
-13.720882 0.094120 0.001522 0.000000
-14.564556 -2.964942 0.003264 0.000000
-9.715361 -0.336453 0.002116 0.000000
-15.299725 0.909636 0.000696 0.000000
-36.420387 5.651354 -0.002879 0.000000
-9.090921 -1.275437 0.003636 0.000000
-35.629381 4.061910 -0.002153 0.000000
-14.900800 -0.358553 0.001356 0.000000
24.292470 1.939311 -0.000475 0.000000
15.688684 0.860486 0.000788 0.000000
24.639734 3.599671 -0.001239 0.000000
11.935000 0.304605 0.001141 0.000000
-20.282713 -3.637495 0.002060 0.000000
-15.356418 -4.187182 0.001313 0.000000
-25.880498 -6.346256 0.002765 0.000000
-19.129581 -6.222142 0.002168 0.000000
18.456063 -4.620091 0.003729 0.000000
28.668639 -4.292159 0.003450 0.000000
17.178462 -2.731787 0.002254 0.000000
26.216406 -1.567823 0.001036 0.000000
16.393685 -0.714132 0.001268 0.000000
-29.925387 -1.904167 0.001562 0.000000
-26.515933 -2.982588 0.001288 0.000000
-25.169284 -3.961490 0.001796 0.000000
14.796033 -2.730257 0.002014 0.000000
19.043794 -1.950299 0.002765 0.000000
27.711350 -0.480724 0.000495 0.000000
-15.295711 -1.424516 0.001068 0.000000
-37.151093 -0.145334 -0.000427 0.000000
-20.804981 2.344234 -0.000647 0.000000
-27.143450 3.125259 -0.001449 0.000000
-29.667097 -7.625948 0.003097 0.000000
15.436820 -2.231770 0.002538 0.000000
-21.844338 -4.286464 0.002191 0.000000
21.033530 -0.331010 0.000820 0.000000
11.166197 -1.375016 0.002796 0.000000
27.429258 1.534927 -0.000375 0.000000
-35.431441 -3.826131 0.001224 0.000000
10.778514 -2.035746 0.003070 0.000000
-33.409487 -8.920694 0.003481 0.000000
32.735677 -2.407605 0.003380 0.000000
18.909670 -1.645060 0.001588 0.000000
-29.518212 -5.237084 0.002087 0.000000
-10.417571 -4.102211 0.003663 0.000000
-18.643145 -5.164389 0.002884 0.000000
-29.333141 -2.076902 0.000738 0.000000
-20.038949 -2.854929 0.002798 0.000000
28.899700 4.019552 -0.001430 0.000000
12.826249 0.368054 0.002344 0.000000
29.546600 5.232037 -0.000650 0.000000
13.082046 -0.597475 0.001960 0.000000
-18.093884 -2.196616 0.002309 0.000000
-25.958749 0.517702 0.000728 0.000000
-26.552602 -1.109232 0.001401 0.000000
24.023510 3.016582 -0.001609 0.000000
22.290051 3.565222 -0.000833 0.000000
-12.423834 -1.111307 0.002642 0.000000
-18.511099 2.040406 0.000428 0.000000
-11.600825 0.181955 0.001316 0.000000
-22.960886 2.507227 -0.000024 0.000000
-33.459263 3.824326 -0.000795 0.000000
-1.096828 32.981805 0.544897 0.000000
-1.095288 18.136640 0.006136 0.000000
-1.095493 20.703028 0.474031 0.000000
1.097003 32.306384 0.311308 0.000000
-1.095380 27.299682 0.541117 0.000000
-1.068136 26.968232 -0.011699 0.000000
1.010435 12.258549 -0.003846 0.000000
1.092572 13.160379 0.333540 0.000000
0.467391 12.092613 -0.002573 0.000000
1.095847 27.527755 0.126463 0.000000
-1.094664 17.379165 0.305889 0.000000
-1.096984 35.127031 0.492900 0.000000
-1.094299 21.772918 0.500947 0.000000
0.652776 30.028911 -0.012615 0.000000
-0.328711 13.254223 -0.003206 0.000000
0.107303 29.151292 -0.012204 0.000000
-0.414299 29.046301 -0.012146 0.000000
1.096981 31.972236 0.762851 0.000000
-0.986650 15.306321 -0.004224 0.000000
-1.094533 20.941050 0.070225 0.000000
-1.096802 26.303587 0.362391 0.000000
0.279220 29.927922 2.362671 0.000000
0.524170 28.137818 2.360537 0.000000
-0.636174 31.503405 2.361944 0.000000
-1.127077 29.395981 2.205698 0.000000
0.499440 32.707996 2.362192 0.000000
1.097155 25.652448 2.200969 0.000000
1.095044 29.921113 2.192842 0.000000
0.658935 33.762126 2.361234 0.000000
-0.529626 34.454831 2.359590 0.000000
-0.039075 32.939446 2.362535 0.000000
0.937499 30.817540 2.361866 0.000000
1.095465 19.875219 1.661774 0.000000
-0.584725 33.923749 2.362314 0.000000
0.322343 32.670272 2.358178 0.000000
-1.093627 16.570083 1.403379 0.000000
-1.043548 32.994788 2.360134 0.000000
-1.544076 7.750446 -0.001404 0.000000
-0.753958 15.230787 -0.004563 0.000000
-0.237506 12.451469 -0.002617 0.000000
0.151111 10.671833 -0.003023 0.000000
0.455555 9.662339 -0.001506 0.000000
-1.069825 16.005807 -0.004337 0.000000
-0.481052 12.005665 -0.002906 0.000000
-0.247996 9.135899 -0.001995 0.000000
0.023877 7.536455 0.000206 0.000000
-0.420925 8.603177 -0.001617 0.000000
0.138686 12.885341 -0.004233 0.000000
1.091290 10.477338 0.159651 0.000000
0.689954 15.210184 -0.003848 0.000000
0.935975 16.092106 -0.004222 0.000000
1.079406 15.714040 -0.006161 0.000000
0.110146 14.684058 -0.003651 0.000000
0.568391 14.601830 -0.004161 0.000000
0.268962 13.613758 -0.003690 0.000000
0.716610 13.447470 -0.003031 0.000000
19.521778 -2.881942 0.003142 0.000000
32.810860 -1.506578 0.002653 0.000000
-19.624925 -3.956522 0.001173 0.000000
-36.418930 -6.879187 0.000273 0.000000
-22.796474 -6.371392 0.001535 0.000000
20.898340 -5.025932 0.003834 0.000000
35.340152 -4.886915 0.003899 0.000000
13.949443 -3.490598 0.003806 0.000000
13.252049 -3.040482 0.003153 0.000000
-13.072141 -2.705059 0.002118 0.000000
-15.004404 -2.109018 0.001262 0.000000
-36.954349 -1.424989 -0.001673 0.000000
-27.981372 -2.870513 -0.000294 0.000000
-23.504429 -3.797939 0.000561 0.000000
-10.816577 -3.448019 0.004001 0.000000
-21.085488 -4.481910 0.000678 0.000000
32.813837 -3.919240 0.003496 0.000000
-25.298001 -3.908626 0.000696 0.000000
-14.304285 -4.416003 0.003006 0.000000
-38.419072 -7.901186 0.000811 0.000000
21.745387 -3.116913 0.001315 0.000000
33.734026 -1.919164 0.002526 0.000000
-17.786072 -6.606740 0.002842 0.000000
-23.680472 -4.593877 0.001021 0.000000
-26.366868 -7.417246 0.001707 0.000000
-16.560522 1.357363 -0.000307 0.000000
-18.562926 -1.315886 0.001813 0.000000
16.513965 0.417865 0.002123 0.000000
25.390645 2.877304 0.000987 0.000000
-18.394600 0.835621 -0.000513 0.000000
-10.259544 -1.006392 0.002620 0.000000
-17.395596 -0.031643 0.000160 0.000000
-10.112592 -1.485291 0.002605 0.000000
-17.595227 -0.688562 0.000223 0.000000
20.278838 3.007950 0.000456 0.000000
-15.666901 -0.597909 0.000789 0.000000
-25.290455 1.368890 -0.001374 0.000000
-11.457778 -1.542173 0.001881 0.000000
-22.988259 -0.380827 -0.000413 0.000000
-20.847815 -3.850971 0.001255 0.000000
-17.692764 -2.286012 0.001100 0.000000
-31.388009 -3.233540 -0.000132 0.000000
21.839819 -0.401110 0.001798 0.000000
22.744235 0.596841 0.001370 0.000000
25.365493 1.998694 0.000760 0.000000
30.799133 4.266410 -0.000147 0.000000
13.691859 0.453463 0.002029 0.000000
33.712306 -0.252156 0.001799 0.000000
-27.297278 -4.907455 0.000811 0.000000
-17.665849 -2.568665 0.002445 0.000000
-14.415874 -3.048399 0.001992 0.000000
-36.315610 -4.165922 -0.001203 0.000000
-22.607780 -5.482128 0.001562 0.000000
25.657883 -4.349292 0.003363 0.000000
11.996615 -3.407002 0.004006 0.000000
15.171391 -2.901625 0.003303 0.000000
20.781020 -2.066503 0.002572 0.000000
-26.500497 -7.181854 0.004314 0.000000
-18.031021 -6.571273 0.002627 0.000000
21.574502 -3.618091 0.003292 0.000000
29.543088 -2.678363 0.002707 0.000000
22.047585 -0.755165 0.000291 0.000000
-23.033843 -4.283737 0.001046 0.000000
-24.005401 -4.471231 0.000942 0.000000
-12.163762 -3.531108 0.002772 0.000000
-27.526704 -7.549596 0.001810 0.000000
-18.452872 -6.859690 0.002666 0.000000
28.523195 -5.959209 0.003985 0.000000
12.590561 -4.071876 0.004138 0.000000
16.952995 -3.712533 0.003443 0.000000
25.743907 -3.147514 0.000888 0.000000
12.395277 -2.777430 0.002694 0.000000
1.094046 17.546032 0.240285 0.000000
1.096643 26.430405 0.370435 0.000000
-1.094654 21.354161 0.838029 0.000000
-1.095876 25.997576 0.756253 0.000000
-1.094438 17.265836 0.657726 0.000000
-1.096581 34.388742 1.142235 0.000000
1.097294 31.929593 1.250961 0.000000
-1.096606 35.344246 0.469461 0.000000
1.096542 21.005132 0.890541 0.000000
1.098788 33.597654 1.156179 0.000000
1.093725 18.799796 1.090681 0.000000
1.093027 12.599719 1.128815 0.000000
1.097981 28.076359 1.444608 0.000000
1.094687 16.437758 1.069848 0.000000
1.096857 20.629612 1.489281 0.000000
1.098329 31.556240 2.042948 0.000000
-1.096546 29.627235 1.798447 0.000000
1.095390 23.341633 1.600026 0.000000
1.832428 6.732135 -0.000652 0.000000
0.799670 5.500439 0.000848 0.000000
-26.680942 1.289129 0.000285 0.000000
-24.599436 0.016384 0.000944 0.000000
-12.034476 -1.766230 0.003012 0.000000
-24.390672 -0.945746 0.001407 0.000000
19.437893 -1.207586 0.002233 0.000000
28.075445 0.481011 -0.000943 0.000000
9.546888 -1.384102 0.003385 0.000000
23.819649 1.721023 -0.001010 0.000000
26.235886 3.789330 -0.002594 0.000000
-35.671696 7.212062 -0.002744 0.000000
18.845786 -1.965095 0.002670 0.000000
26.589589 -0.626807 0.002147 0.000000
12.257425 -1.680755 0.003390 0.000000
-15.808462 -2.734011 0.001298 0.000000
21.993497 0.699667 0.000054 0.000000
-18.617640 -0.594307 0.000095 0.000000
-16.886731 -1.455178 0.000721 0.000000
-16.035742 -2.011114 0.001456 0.000000
-25.422573 -3.285912 0.000230 0.000000
-15.230315 -4.317024 0.002271 0.000000
-30.490393 -7.519446 0.003379 0.000000
23.162676 -4.660548 0.003587 0.000000
11.382449 -3.602281 0.004267 0.000000
38.895811 -4.164691 0.001087 0.000000
7.442339 -3.225905 0.005234 0.000000
14.464461 -3.161033 0.003575 0.000000
13.681894 -1.854081 0.003214 0.000000
19.863525 -2.421122 0.001190 0.000000
32.342156 -0.870889 0.000037 0.000000
-15.409209 0.411385 0.000345 0.000000
-16.642749 0.018560 0.000237 0.000000
15.548206 0.418875 0.002750 0.000000
23.346152 2.867225 -0.000976 0.000000
-37.522476 6.140826 -0.002202 0.000000
15.938968 1.658137 0.001781 0.000000
-37.652848 7.690157 -0.002831 0.000000
-22.029793 3.428074 -0.000409 0.000000
-11.364306 -0.370252 0.001555 0.000000
-21.797118 1.617657 0.000129 0.000000
-13.669066 -0.341391 0.002061 0.000000
-32.215315 2.704996 -0.000281 0.000000
-10.170383 -1.325594 0.002297 0.000000
-17.915531 -0.174611 0.001476 0.000000
-28.400834 0.360245 0.000311 0.000000
-28.267692 -6.886618 0.001168 0.000000
19.489373 -2.042369 0.002777 0.000000
10.537129 -2.236780 0.003931 0.000000
25.341345 -0.613247 0.000696 0.000000
38.474679 1.848389 -0.001307 0.000000
15.147527 -0.806712 0.002641 0.000000
-23.445983 -3.984217 0.000714 0.000000
-12.680501 -4.471692 0.002865 0.000000
26.733638 -1.562322 0.002479 0.000000
28.553005 -4.304759 0.001605 0.000000
17.282942 -2.755510 0.003158 0.000000
-39.491649 -6.136435 0.002636 0.000000
-22.438773 -5.713990 0.001762 0.000000
-15.604262 -5.541630 0.002502 0.000000
-7.742429 -4.458564 0.005140 0.000000
-11.878591 -5.469573 0.003641 0.000000
-25.609469 -8.807704 0.002110 0.000000
14.962060 0.157755 0.000559 0.000000
-35.922834 -2.171175 0.001118 0.000000
-22.531997 -3.184402 0.000553 0.000000
-16.898640 -3.690366 0.001620 0.000000
14.659545 -0.505844 0.002310 0.000000
17.711989 2.132213 -0.000841 0.000000
-19.293364 -1.695537 0.000498 0.000000
-8.947178 -2.547440 0.004123 0.000000
-14.209941 -2.427451 0.002654 0.000000
-0.122766 11.851198 -0.003082 0.000000
-0.328334 11.029136 -0.002232 0.000000
-1.049672 7.822417 -0.000335 0.000000
-0.879102 9.420838 -0.001345 0.000000
1.094106 17.000966 0.098706 0.000000
0.884637 10.633291 -0.002337 0.000000
0.693337 9.883217 -0.002135 0.000000
0.523635 9.338811 -0.001433 0.000000
0.624901 16.461557 -0.004886 0.000000
1.370244 7.521466 -0.000305 0.000000
1.123570 6.960013 0.000112 0.000000
0.676619 6.321740 0.000448 0.000000
-23.483475 2.308921 -0.001712 0.000000
-14.152513 -0.047215 0.000785 0.000000
-18.632463 0.049616 -0.000688 0.000000
-23.781244 -2.305156 -0.000312 0.000000
-17.397969 -3.022159 0.001275 0.000000
24.663767 1.953616 0.001637 0.000000
23.635982 2.681526 0.000180 0.000000
11.797301 0.020877 0.001819 0.000000
24.323685 3.834762 0.000945 0.000000
-21.393454 -0.882940 -0.000196 0.000000
0.437210 33.091623 2.360664 0.000000
1.098387 30.468736 1.313818 0.000000
1.094396 20.011754 1.137302 0.000000
-1.095800 25.392445 1.047778 0.000000
-1.098360 35.252173 1.263448 0.000000
-1.095034 21.541780 0.921250 0.000000
-1.096082 27.669192 0.908617 0.000000
1.095705 21.208232 0.466385 0.000000
1.097903 33.797877 0.601627 0.000000
-1.095176 26.391868 0.641869 0.000000
1.094808 17.369626 0.427535 0.000000
-1.108736 29.395055 0.226951 0.000000
-1.095800 18.728711 0.200081 0.000000
-1.095197 22.978399 0.102982 0.000000
-19.289713 -6.235040 0.002538 0.000000
21.499853 -4.890718 0.003405 0.000000
10.967006 -3.712251 0.003309 0.000000
35.890025 -4.604301 0.003137 0.000000
19.459190 -2.725911 0.002661 0.000000
-26.020989 -6.278512 0.001789 0.000000
31.732639 -1.317074 0.001811 0.000000
-20.141051 -3.570472 0.001389 0.000000
-23.620730 -6.687647 0.002188 0.000000
16.320643 -1.611759 0.002468 0.000000
19.493873 -0.533095 0.002170 0.000000
25.120482 1.073848 0.000906 0.000000
-36.773121 -7.231737 0.001316 0.000000
-12.619325 -3.144083 0.003632 0.000000
-27.670816 -3.639224 0.000599 0.000000
-14.118673 -4.268478 0.003578 0.000000
-25.486083 -4.877695 0.001292 0.000000
21.385193 -3.627936 0.002915 0.000000
-16.919550 -4.867504 0.002825 0.000000
-12.700249 -4.810329 0.003083 0.000000
-28.079845 -7.912834 0.002239 0.000000
-18.244371 -7.013413 0.002981 0.000000
15.237310 -4.021737 0.002703 0.000000
35.007367 -2.603256 0.002336 0.000000
35.673244 0.265388 0.001198 0.000000
14.089695 -1.540180 0.002797 0.000000
18.912401 -0.327883 0.001725 0.000000
-35.383847 -1.520421 -0.000927 0.000000
-31.301216 -2.892026 -0.000068 0.000000
22.568118 -1.772852 0.003526 0.000000
-17.451857 1.494377 -0.000333 0.000000
-16.894018 0.735518 0.000678 0.000000
-17.223196 0.082273 0.000304 0.000000
-18.675280 -0.393923 0.000274 0.000000
18.582767 0.356614 0.000150 0.000000
28.597795 2.892521 0.000176 0.000000
17.462570 1.282383 0.000509 0.000000
29.565206 4.982791 -0.000679 0.000000
-23.579955 0.620127 0.000918 0.000000
-16.807728 0.180931 0.001488 0.000000
-31.094411 -1.833183 0.002150 0.000000
-27.101966 -5.058195 0.003226 0.000000
23.456932 0.933745 -0.001115 0.000000
25.870670 2.348986 -0.002021 0.000000
31.046171 4.630853 -0.003526 0.000000
13.903085 0.680031 0.000444 0.000000
-20.231643 2.934263 -0.000060 0.000000
-24.890676 3.461866 -0.000446 0.000000
15.518539 -3.795089 0.003526 0.000000
33.642221 -1.897553 -0.000937 0.000000
-31.604675 -5.462956 0.000974 0.000000
-19.972465 -2.746269 0.000964 0.000000
-15.887085 -3.363873 0.003346 0.000000
-13.480199 -3.832752 0.003881 0.000000
23.361023 0.616763 -0.001137 0.000000
15.002511 0.004409 0.000425 0.000000
-17.488956 -5.483633 0.004160 0.000000
-12.224421 -4.016607 0.004196 0.000000
-25.564326 -5.582681 0.003897 0.000000
-9.910009 -4.223009 0.004901 0.000000
-13.255205 -5.413064 0.003285 0.000000
-32.826111 -9.729388 0.005808 0.000000
18.342002 -3.341389 0.001406 0.000000
10.102417 -2.911261 0.004403 0.000000
23.821752 -2.475811 0.000005 0.000000
35.124377 -0.865886 -0.001535 0.000000
18.460344 -0.988121 0.002038 0.000000
28.921195 -4.480698 0.000670 0.000000
-22.337606 -5.557086 0.003950 0.000000
18.376780 -4.733849 0.002038 0.000000
12.978782 -3.405904 0.002731 0.000000
17.514193 -2.856955 0.001319 0.000000
27.507510 -1.682798 -0.000495 0.000000
-38.548278 -5.856687 0.004122 0.000000
-8.926682 -0.020970 7.804944 0.000000
1.098458 34.424257 0.585751 0.000000
1.094718 19.308995 0.935125 0.000000
1.094789 20.830563 1.252316 0.000000
1.098137 31.546405 1.731523 0.000000
1.096111 21.058489 0.536779 0.000000
-1.095681 34.965423 1.072437 0.000000
1.095623 25.033265 1.103651 0.000000
1.096503 34.316471 1.806546 0.000000
1.095220 27.355243 1.916532 0.000000
1.094623 22.172288 1.872208 0.000000
-1.097355 31.541834 1.670422 0.000000
0.559276 34.756324 2.361873 0.000000
-1.095775 25.273988 1.561444 0.000000
1.096317 31.788280 1.877325 0.000000
-1.097530 24.509723 1.313456 0.000000
1.708610 7.248420 -0.000287 0.000000
1.209069 6.547424 0.000764 0.000000
-12.713277 -0.845774 0.002473 0.000000
-25.101338 0.829676 -0.000004 0.000000
-23.006201 -0.365205 0.000618 0.000000
-22.551416 -1.281369 0.001020 0.000000
-11.498421 -2.362920 0.003429 0.000000
-23.576804 -2.114365 0.001276 0.000000
32.546067 -0.588270 0.000297 0.000000
29.900208 5.333446 -0.001982 0.000000
-28.355397 4.915952 -0.001832 0.000000
-31.013015 4.389531 -0.001729 0.000000
-14.508568 0.126350 0.001647 0.000000
-38.818497 4.665855 -0.002087 0.000000
-13.295502 0.949397 0.001529 0.000000
12.917048 0.835089 0.001058 0.000000
1.667250 6.158451 0.000346 0.000000
13.390209 -1.742311 0.001975 0.000000
21.420241 -0.363971 0.002652 0.000000
35.059144 2.387877 0.002099 0.000000
-18.931672 -0.617379 -0.000079 0.000000
-15.984739 -2.276941 0.000797 0.000000
-15.753727 -2.846800 0.002153 0.000000
29.116335 -1.911816 0.003350 0.000000
15.777563 -1.474308 0.003401 0.000000
-14.414498 1.248731 -0.000106 0.000000
-31.692872 5.763831 -0.004582 0.000000
-13.816371 0.534215 0.000410 0.000000
-31.296134 4.400544 -0.004056 0.000000
-34.532703 3.783449 -0.004238 0.000000
-15.195209 -0.346889 0.000730 0.000000
23.873210 1.884399 0.000913 0.000000
23.873509 3.593295 0.001252 0.000000
-14.420057 -5.053345 0.002823 0.000000
14.432501 -3.956289 0.004211 0.000000
19.622023 -3.468618 0.003763 0.000000
31.082038 -2.493637 0.003628 0.000000
13.237148 -2.541806 0.004002 0.000000
18.008046 -1.692078 0.002592 0.000000
-17.583023 -4.738440 0.001411 0.000000
-33.296087 -3.676337 -0.001264 0.000000
-22.748378 -4.297418 0.002236 0.000000
-33.934595 7.024767 -0.004892 0.000000
-15.021106 0.400117 0.000315 0.000000
-19.255156 0.779973 -0.000862 0.000000
-17.012732 -0.655679 0.000023 0.000000
-16.749510 -3.495047 0.001166 0.000000
-12.759394 -3.845560 0.002328 0.000000
-28.063614 -5.357114 -0.000042 0.000000
29.986885 1.077582 0.002331 0.000000
-22.796075 -6.936340 0.001334 0.000000
-15.755992 -6.403573 0.002349 0.000000
36.020503 -6.505639 0.005249 0.000000
19.086489 -3.694192 0.003853 0.000000
30.192629 -2.858650 0.003720 0.000000
18.394489 -1.856520 0.001579 0.000000
-14.899806 -4.656701 0.002560 0.000000
-39.475053 -8.081812 -0.000424 0.000000
17.833198 2.318440 0.001713 0.000000
16.112084 1.167416 0.002219 0.000000
-37.232327 -0.522319 -0.002807 0.000000
-29.718345 -4.225377 -0.000643 0.000000
15.370545 0.366681 0.002570 0.000000
0.882654 8.270025 -0.001619 0.000000
0.971983 14.386079 -0.004742 0.000000
0.686168 13.199736 -0.004567 0.000000
-0.804226 13.911050 -0.004538 0.000000
-1.022765 13.154063 -0.004134 0.000000
1.096114 21.157821 0.097189 0.000000
-0.016986 11.000546 -0.003528 0.000000
0.350307 20.627523 -0.007866 0.000000
-0.212009 10.728107 -0.002702 0.000000
-0.014192 18.113090 -0.006665 0.000000
-0.402773 10.446077 -0.002132 0.000000
-0.222356 16.358134 -0.006500 0.000000
-0.632371 10.260366 -0.002437 0.000000
-1.258426 6.947583 -0.000744 0.000000
-29.872045 4.615387 -0.002622 0.000000
-15.406410 0.703728 0.001371 0.000000
-29.191482 1.954494 -0.001473 0.000000
25.549531 3.370257 -0.000396 0.000000
25.987656 4.528538 -0.000893 0.000000
27.281480 2.702833 -0.000159 0.000000
-15.481748 -1.220314 0.001367 0.000000
-23.479383 -1.274238 0.000330 0.000000
-16.436043 -2.234354 0.001620 0.000000
-12.832492 -2.784331 0.003489 0.000000
-29.898783 -3.029071 0.000515 0.000000
0.882833 27.921634 2.359469 0.000000
-1.096715 32.862876 2.075355 0.000000
0.557636 29.369752 2.359288 0.000000
-1.094754 23.840779 1.728249 0.000000
1.007635 34.024960 2.361715 0.000000
1.097176 26.249929 2.039330 0.000000
0.746014 31.018392 2.358257 0.000000
1.094534 20.916737 1.922626 0.000000
1.095617 18.315776 0.956556 0.000000
1.097026 27.110665 1.058296 0.000000
-1.127802 29.395141 0.806508 0.000000
-1.093911 18.428760 0.663111 0.000000
-1.094825 22.717390 0.770881 0.000000
1.097349 26.528728 1.148998 0.000000
-1.096214 34.821415 1.215490 0.000000
1.096269 20.082686 0.428236 0.000000
1.098343 30.857984 0.429032 0.000000
-1.095528 18.425186 0.204020 0.000000
1.098075 30.662021 0.229572 0.000000
-0.541554 25.955653 -0.010812 0.000000
-0.831381 21.510048 -0.009782 0.000000
-1.094000 18.505118 -0.006571 0.000000
1.096857 22.535645 0.470175 0.000000
-1.095305 34.584733 0.449826 0.000000
32.229063 -2.882342 0.000183 0.000000
-14.081738 -4.623793 0.002730 0.000000
-25.506841 -3.977668 0.002833 0.000000
-35.465300 -7.845404 0.004506 0.000000
-23.993396 -7.205488 0.000780 0.000000
38.706344 -6.836765 0.001568 0.000000
14.213429 -4.028780 0.002805 0.000000
29.103471 0.719801 -0.001380 0.000000
-14.631374 -2.363267 0.001720 0.000000
-36.484329 -1.824701 0.001763 0.000000
-31.609387 -3.195826 0.002390 0.000000
-29.691729 -4.340038 0.002926 0.000000
24.733772 -2.860763 0.000081 0.000000
39.010539 -1.357539 -0.001095 0.000000
14.357143 -2.079634 0.003325 0.000000
-18.447879 -3.215198 0.003243 0.000000
-13.843267 -3.645203 0.003886 0.000000
-34.114238 -5.164627 0.003128 0.000000
-21.865420 -5.229943 0.004080 0.000000
36.242141 -1.632566 -0.000634 0.000000
13.872664 -2.206079 0.001766 0.000000
15.589256 -1.501199 0.001042 0.000000
18.287310 -0.534361 0.000087 0.000000
22.885790 0.846692 -0.000081 0.000000
29.166690 -5.315673 0.001494 0.000000
12.737754 -3.765510 0.002661 0.000000
16.596568 -3.306767 0.001524 0.000000
23.696095 -2.495595 0.000696 0.000000
-29.846381 -9.841201 0.005242 0.000000
-25.416256 -6.128690 0.004468 0.000000
-16.755423 -1.530758 0.002201 0.000000
-16.104790 1.015529 0.001045 0.000000
-16.754004 -0.789163 0.001851 0.000000
32.129789 2.155360 -0.002270 0.000000
13.232445 -0.619160 0.001326 0.000000
17.622977 0.635391 -0.000120 0.000000
27.875683 3.430476 -0.002545 0.000000
12.571128 0.007780 0.002964 0.000000
17.758529 1.811224 -0.000709 0.000000
-15.438494 -0.704226 0.000373 0.000000
-22.348461 -0.527541 0.000601 0.000000
-9.245167 -2.039954 0.003055 0.000000
22.090121 2.671173 -0.000283 0.000000
20.604184 3.138803 -0.000373 0.000000
-12.150521 0.495004 0.000909 0.000000
-24.896172 3.730544 -0.001283 0.000000
-33.361451 4.937241 -0.002194 0.000000
22.304896 -1.834110 0.003404 0.000000
11.540731 -2.202413 0.003143 0.000000
-20.708265 -7.120846 0.001380 0.000000
-17.322763 -4.662694 0.001261 0.000000
-31.053672 -7.840307 0.000081 0.000000
-25.195615 -4.200560 0.000467 0.000000
23.115012 -4.073800 0.004162 0.000000
-12.425038 -3.580399 0.003630 0.000000
-16.891467 -2.110093 0.000516 0.000000
-34.755241 -3.081762 0.000872 0.000000
-28.129923 -4.154314 0.001601 0.000000
20.912600 -3.586715 0.001258 0.000000
25.070993 -0.337964 0.002960 0.000000
31.285401 -2.483649 0.003936 0.000000
12.106876 -1.506310 0.003804 0.000000
-20.903376 -2.679251 0.002563 0.000000
11.890128 -0.292995 0.003383 0.000000
-25.923169 -4.807818 0.003372 0.000000
-18.837580 -5.136681 0.001099 0.000000
15.339843 -1.575839 0.003465 0.000000
16.619282 -0.811237 0.003125 0.000000
18.758437 0.198136 0.002709 0.000000
22.755907 1.755099 0.002185 0.000000
-24.778292 -8.438477 0.001142 0.000000
-36.583824 -5.675041 0.001791 0.000000
-21.460977 -5.437872 0.000712 0.000000
-15.209369 -5.365557 0.001975 0.000000
35.356982 -5.124615 0.002223 0.000000
13.731917 -3.474459 0.002661 0.000000
24.837137 -2.010208 0.003516 0.000000
-1.097109 26.988557 0.359167 0.000000
-1.095341 17.778462 0.361242 0.000000
1.095565 26.858170 0.129335 0.000000
1.096750 23.680388 0.403306 0.000000
1.094691 20.549068 0.768499 0.000000
-0.751078 16.562761 -0.005818 0.000000
1.095553 31.099206 0.997289 0.000000
-1.095706 18.162327 -0.004347 0.000000
0.836388 14.094584 -0.004698 0.000000
0.542708 14.107862 -0.004701 0.000000
1.094008 17.910114 0.275914 0.000000
1.095229 24.064874 2.122934 0.000000
0.830853 28.803392 2.361456 0.000000
1.094968 17.415301 1.368613 0.000000
3.397020 1.183184 3.278370 0.000000
-1.096870 22.031312 0.882462 0.000000
-1.122007 29.395470 1.247882 0.000000
-1.092580 11.495569 0.636704 0.000000
-1.092970 13.899647 0.694913 0.000000
-1.096077 21.804343 0.490359 0.000000
1.096403 20.321211 1.096003 0.000000
1.095898 30.698605 1.309602 0.000000
-1.097829 27.012798 0.842458 0.000000
0.901088 13.362864 -0.004814 0.000000
1.066650 11.868784 -0.002344 0.000000
-0.394344 12.692677 -0.003856 0.000000
0.524741 12.608498 -0.002756 0.000000
0.127839 9.339900 -0.001808 0.000000
0.421832 8.506314 -0.001233 0.000000
0.211638 7.511898 0.000156 0.000000
0.020444 6.672804 0.000123 0.000000
0.192338 12.644049 -0.004712 0.000000
-1.097518 29.581973 1.988086 0.000000
0.495553 32.245118 2.363220 0.000000
0.980012 31.200619 2.363437 0.000000
-1.080805 35.312070 2.360506 0.000000
-1.096141 22.192298 1.769968 0.000000
1.094148 18.806249 1.756596 0.000000
1.095590 27.826357 2.064305 0.000000
-1.095236 29.671821 1.964210 0.000000
17.903979 1.199689 0.001756 0.000000
10.085761 -0.463465 0.003272 0.000000
-18.813799 0.147145 -0.000131 0.000000
-11.205824 -0.534808 0.001542 0.000000
-19.997114 1.142397 -0.000767 0.000000
-10.653997 -1.855176 0.002661 0.000000
-20.227856 -1.240307 -0.000075 0.000000
19.133225 0.127098 0.000020 0.000000
29.707233 2.701207 0.001129 0.000000
-17.244667 1.427849 -0.000878 0.000000
33.823673 6.898431 0.000057 0.000000
-0.416656 7.651904 0.000011 0.000000
-1.060013 10.247898 -0.002457 0.000000
-0.576482 7.314601 0.000228 0.000000
-1.008218 6.671101 0.000343 0.000000
18.920546 -0.604876 0.001471 0.000000
28.331991 1.427293 0.000159 0.000000
12.629492 -0.715724 0.001266 0.000000
14.477414 -1.652917 0.002825 0.000000
-13.101139 -1.243379 0.002478 0.000000
-14.016097 -0.590422 0.001998 0.000000
-30.703422 1.766208 -0.001377 0.000000
-28.048113 0.284188 -0.000581 0.000000
-12.819233 -1.757036 0.002233 0.000000
-27.839857 -0.809637 -0.000109 0.000000
33.200537 -4.784895 0.002637 0.000000
-20.919442 -5.335300 0.002366 0.000000
10.682124 -3.827974 0.003687 0.000000
19.012244 -2.893373 0.002422 0.000000
31.182016 -1.536888 0.002062 0.000000
-34.417389 -5.455110 0.001402 0.000000
-20.764540 -2.607923 0.002226 0.000000
11.214853 -1.999233 0.003039 0.000000
-35.341347 -5.721151 0.001462 0.000000
-27.894609 -6.265796 0.002138 0.000000
17.824411 -3.851406 0.002922 0.000000
25.325300 -3.169338 0.002167 0.000000
12.188109 -2.949802 0.003215 0.000000
21.809035 -1.117980 0.001488 0.000000
-9.813609 -0.682770 0.003125 0.000000
-17.283553 0.764542 0.000277 0.000000
18.763668 1.885669 0.000405 0.000000
34.184069 6.631532 -0.002125 0.000000
-18.800195 2.426714 -0.001230 0.000000
-23.010441 2.862909 -0.001989 0.000000
18.387081 -0.943031 0.003182 0.000000
-21.581445 -5.156167 0.002223 0.000000
-15.504468 -5.062494 0.003182 0.000000
-26.120329 -8.326174 0.003092 0.000000
17.654069 -3.388860 0.002751 0.000000
22.905077 -2.586025 0.002035 0.000000
33.713399 -1.064085 0.001103 0.000000
-14.485907 -3.773569 0.002037 0.000000
-36.155350 -5.206588 0.001208 0.000000
-15.117751 -0.186039 0.000570 0.000000
-20.604605 0.109010 0.000157 0.000000
-35.273328 0.933930 -0.001271 0.000000
-20.730320 -1.186605 0.000688 0.000000
22.190021 1.543331 0.001231 0.000000
26.103893 3.341947 -0.000577 0.000000
-25.128799 -2.111444 0.000149 0.000000
-17.306233 -2.892578 0.001840 0.000000
-32.438093 -4.438678 0.001098 0.000000
-22.239355 -4.777829 0.001486 0.000000
20.179938 0.344793 0.001778 0.000000
0.889499 6.943956 -0.000603 0.000000
-24.702192 0.861422 0.000925 0.000000
-32.922879 3.904235 -0.000492 0.000000
-17.340363 0.348490 0.001462 0.000000
34.862030 2.508396 -0.003084 0.000000
33.913893 3.698694 -0.003565 0.000000
13.619654 -0.006632 0.000654 0.000000
36.154056 5.572181 -0.004612 0.000000
14.497747 0.716567 0.000183 0.000000
15.997781 1.732720 -0.000620 0.000000
-31.100896 6.046766 -0.001749 0.000000
-1.095716 31.111031 1.272548 0.000000
-1.095992 19.419674 1.014209 0.000000
-1.095799 32.930859 1.850688 0.000000
1.095314 35.156138 2.070755 0.000000
1.097930 31.729337 1.185260 0.000000
1.095068 22.326558 1.388666 0.000000
1.098286 34.492056 2.052405 0.000000
-1.096268 27.090953 1.745473 0.000000
-1.095710 31.124827 1.528081 0.000000
1.098384 35.419808 1.898015 0.000000
1.097057 25.627992 1.678495 0.000000
1.095993 35.294831 1.346510 0.000000
-1.093552 17.859779 0.903862 0.000000
-1.095673 18.605332 0.624468 0.000000
-1.097865 31.480571 1.292557 0.000000
1.095941 34.261037 1.287593 0.000000
-1.094503 26.711190 1.136035 0.000000
-14.444077 -6.068546 0.003169 0.000000
20.676146 -3.817788 0.004267 0.000000
10.951395 -3.309264 0.004691 0.000000
34.337368 -2.924836 0.001548 0.000000
19.776537 -1.846941 0.003596 0.000000
-32.541756 -7.054298 0.003817 0.000000
-20.099235 -6.426448 0.002878 0.000000
-33.357830 -3.581942 0.000989 0.000000
-22.923171 -4.370379 0.001401 0.000000
-17.808878 -4.707107 0.002617 0.000000
23.482721 -3.577245 0.002182 0.000000
-28.319946 -1.159629 0.000337 0.000000
-18.466944 -2.331289 0.001856 0.000000
-14.053491 -2.911067 0.002743 0.000000
-36.247728 -3.392497 0.000799 0.000000
-11.781340 -3.351821 0.002675 0.000000
13.446155 -0.913116 0.002759 0.000000
-38.013382 -4.756344 0.001250 0.000000
-22.550099 -4.887663 0.002185 0.000000
-16.386631 -4.959652 0.003023 0.000000
-12.632606 -5.101309 0.003874 0.000000
-29.322846 -8.422963 0.003043 0.000000
37.879036 -3.093946 0.001540 0.000000
-14.676250 -3.428186 0.002648 0.000000
17.049755 1.341599 0.002146 0.000000
-17.662654 0.113418 0.000782 0.000000
28.360169 2.971826 -0.000559 0.000000
28.754039 4.919195 -0.001332 0.000000
-16.322137 1.834919 0.000260 0.000000
26.404198 0.284734 0.000557 0.000000
12.368648 -1.230712 0.002401 0.000000
-18.683696 -1.411806 0.000063 0.000000
-17.744279 -2.017245 0.002059 0.000000
-17.594808 -2.852206 0.000774 0.000000
39.035971 -1.468574 0.000917 0.000000
-23.736848 -4.033017 0.001761 0.000000
-25.467830 1.224253 -0.002078 0.000000
-17.748532 0.613478 -0.000568 0.000000
-25.238187 3.352960 -0.002792 0.000000
-35.431569 4.805958 -0.004584 0.000000
-13.738332 -1.446278 0.001138 0.000000
-32.456911 0.136141 -0.002624 0.000000
-19.756347 -1.589843 -0.000177 0.000000
-14.479807 -2.287141 0.002515 0.000000
-38.924308 -1.976920 -0.002657 0.000000
-11.635219 -2.965245 0.003306 0.000000
-24.224009 -3.087346 -0.000411 0.000000
22.218761 1.605507 0.002094 0.000000
21.265187 2.263058 0.001850 0.000000
21.930772 3.307823 0.001483 0.000000
-17.991091 -4.350747 0.001846 0.000000
-35.215104 -7.694932 -0.000611 0.000000
21.631698 -1.731358 0.003436 0.000000
37.847204 1.855778 0.002995 0.000000
31.242035 -2.815400 0.004150 0.000000
22.559648 -0.841990 0.003150 0.000000
21.436343 0.628327 0.002432 0.000000
31.136761 -1.923713 0.003594 0.000000
-26.503167 -4.680997 -0.000207 0.000000
-18.431205 -4.823336 0.001232 0.000000
-14.250018 -5.146636 0.002288 0.000000
-39.465456 -9.352856 -0.000229 0.000000
39.499924 -0.090851 0.003425 0.000000
17.083133 -0.762335 0.002994 0.000000
-16.176472 -3.185310 0.001726 0.000000
-25.143772 -8.704664 0.001318 0.000000
30.693735 -5.534325 0.004794 0.000000
12.911446 -3.817353 0.003944 0.000000
17.092369 -3.380837 0.003899 0.000000
24.974079 -2.543711 0.003581 0.000000
-14.979776 -3.933261 0.001653 0.000000
-39.303853 -6.146077 -0.000090 0.000000
-6.594231 -3.830203 0.005841 0.000000
-22.358601 -5.696466 0.001446 0.000000
-15.593785 -5.547092 0.002758 0.000000
0.752016 11.346912 -0.002593 0.000000
0.906964 20.360949 -0.005653 0.000000
0.478116 17.528747 -0.004565 0.000000
-0.132723 13.981411 -0.003102 0.000000
-0.587532 11.964951 -0.002201 0.000000
-1.088851 7.183684 0.000463 0.000000
-0.892932 8.617982 -0.000874 0.000000
-0.786859 11.299449 -0.001892 0.000000
-1.095180 34.648713 2.332081 0.000000
-0.050521 31.937031 2.358781 0.000000
-1.094372 21.610837 1.608507 0.000000
1.096323 34.016922 1.790628 0.000000
1.097055 25.500271 1.987760 0.000000
0.975007 32.692801 2.359123 0.000000
-1.020615 33.048199 2.359828 0.000000
-1.095792 33.536982 2.162040 0.000000
-0.211141 33.422655 2.359273 0.000000
-1.096462 21.150633 1.575537 0.000000
-0.709999 33.569244 2.358135 0.000000
-1.094406 19.280282 0.274655 0.000000
-0.852305 32.484399 -0.013807 0.000000
-1.097017 23.651052 0.181909 0.000000
-1.049536 14.720851 -0.005261 0.000000
-1.034460 26.602871 -0.011124 0.000000
0.096183 11.694445 -0.004229 0.000000
0.922122 27.403783 -0.011452 0.000000
0.410260 26.321998 -0.010962 0.000000
1.105921 29.395036 0.387684 0.000000
-0.070294 25.871263 -0.010762 0.000000
-18.205501 -1.363746 0.000605 0.000000
-15.966607 -2.165552 0.001340 0.000000
-38.911457 -3.129781 0.000149 0.000000
10.762652 0.071424 0.002461 0.000000
10.468857 -0.409812 0.002597 0.000000
33.768924 4.868545 -0.001313 0.000000
20.098290 2.503361 0.000635 0.000000
-10.852350 -0.083590 0.001771 0.000000
-18.474360 1.786720 -0.000800 0.000000
-17.934389 0.805652 0.000143 0.000000
-18.374466 0.177641 0.000355 0.000000
-10.661600 -1.382925 0.002448 0.000000
-20.053111 -0.321356 0.000359 0.000000
19.780469 1.130763 0.000696 0.000000
-36.883994 -4.559469 0.000840 0.000000
-23.142447 1.742172 0.000363 0.000000
20.725627 1.904401 -0.001123 0.000000
-22.032308 0.664222 0.000899 0.000000
-22.448571 -0.136475 0.001249 0.000000
-24.605312 -0.819941 0.001488 0.000000
22.284872 0.726606 -0.000758 0.000000
38.600733 4.491033 -0.003758 0.000000
14.378898 0.052822 0.000745 0.000000
-24.285840 -4.285641 0.001860 0.000000
-29.943948 -7.555637 0.004138 0.000000
-20.287486 -6.957659 0.004197 0.000000
17.366839 -4.605285 0.002434 0.000000
26.543133 -4.241669 0.002985 0.000000
16.557169 -2.829718 0.001793 0.000000
25.335256 -1.682225 0.002507 0.000000
-15.337633 -2.716117 0.002957 0.000000
-32.483481 -4.292913 0.002684 0.000000
25.432960 -3.584142 0.000861 0.000000
31.070752 0.277945 -0.001350 0.000000
13.367511 -1.360162 0.001650 0.000000
-21.420493 2.527775 0.000062 0.000000
-22.527941 3.009769 -0.000345 0.000000
-13.109723 0.301918 0.002057 0.000000
-29.612639 3.933216 -0.000941 0.000000
-15.929952 0.446418 0.001654 0.000000
-19.123971 2.695583 -0.000010 0.000000
-11.444715 0.344347 0.001863 0.000000
-21.439225 -4.621886 0.003128 0.000000
37.031800 -0.390059 -0.001154 0.000000
17.051644 -0.153322 0.000501 0.000000
9.943267 -1.152975 0.002714 0.000000
20.519654 1.213233 -0.000589 0.000000
34.885239 -5.305765 0.002676 0.000000
-13.831086 -5.120437 0.004099 0.000000
-34.849784 -8.999531 0.004729 0.000000
-21.173683 -7.598255 0.004418 0.000000
13.678919 -3.650102 0.003330 0.000000
-29.948888 -5.142887 0.003086 0.000000
-21.806981 -2.169008 0.002566 0.000000
18.164205 1.466521 -0.000805 0.000000
17.194000 2.108696 -0.001113 0.000000
-35.340089 -0.670307 0.001069 0.000000
-33.859110 1.425642 0.000144 0.000000
-14.000158 -0.939229 0.002231 0.000000
-10.640578 -1.672949 0.003653 0.000000
-19.439510 -0.910636 0.002219 0.000000
-14.001342 -1.948263 0.002337 0.000000
-13.585714 -0.506510 0.000756 0.000000
-31.502327 2.259571 -0.003433 0.000000
-28.259416 0.043418 -0.002045 0.000000
-18.165285 -1.485000 0.000102 0.000000
17.341356 -0.846592 0.003175 0.000000
9.709498 -1.607018 0.004420 0.000000
20.011190 1.044611 0.002483 0.000000
-21.051379 2.272965 -0.001756 0.000000
-1.044391 12.496480 -0.004064 0.000000
-0.418426 8.802919 -0.002020 0.000000
-0.720924 8.555606 -0.001004 0.000000
-0.935576 16.784043 -0.005492 0.000000
0.008376 15.656533 -0.004931 0.000000
0.493774 15.322835 -0.004757 0.000000
1.008125 15.966181 -0.005128 0.000000
0.188296 14.330606 -0.004268 0.000000
1.082676 13.782962 -0.003973 0.000000
-0.543687 16.115138 -0.006344 0.000000
0.224624 9.662593 -0.002278 0.000000
-0.831702 12.573935 -0.003381 0.000000
1.094898 15.504572 0.154356 0.000000
1.095871 30.831520 1.527721 0.000000
1.094623 16.913033 0.959267 0.000000
-1.096462 21.769754 0.606103 0.000000
-1.097261 27.848792 0.993411 0.000000
1.096164 20.388883 0.284627 0.000000
1.096017 32.476417 0.354426 0.000000
-1.096745 31.268444 2.138064 0.000000
1.095164 30.215889 1.889788 0.000000
1.095370 26.744022 2.034014 0.000000
-1.097220 24.930050 1.503305 0.000000
-1.098052 34.789784 2.033270 0.000000
-1.095559 21.695562 1.579474 0.000000
1.096960 21.319434 1.400473 0.000000
1.094141 18.976758 1.302708 0.000000
1.096243 27.877582 1.745195 0.000000
1.096019 32.832053 2.038908 0.000000
1.094406 16.814625 1.584128 0.000000
1.096259 23.928472 1.621271 0.000000
-1.094847 18.958513 1.375244 0.000000
1.026747 6.346559 0.000245 0.000000
0.975084 5.814642 0.001345 0.000000
14.624295 -3.496706 0.003818 0.000000
-37.260337 -9.317176 0.000155 0.000000
-22.583236 -7.822891 0.001512 0.000000
22.720809 -5.225049 0.004124 0.000000
36.858295 -1.404223 0.003598 0.000000
-19.432124 -5.117149 0.001141 0.000000
-30.566722 -5.101521 -0.000509 0.000000
-10.627565 -3.972657 0.002998 0.000000
13.432144 -2.813753 0.002359 0.000000
32.417279 -3.221323 0.004004 0.000000
12.578861 -1.693784 0.003846 0.000000
-21.563458 -2.539880 -0.000116 0.000000
-14.711377 -3.843936 0.003343 0.000000
-38.847268 -5.873405 -0.001201 0.000000
-30.546704 -6.481926 -0.000033 0.000000
21.214672 -4.013881 0.003975 0.000000
-20.610046 -2.263281 -0.000050 0.000000
-15.011112 -2.871634 0.001680 0.000000
-25.318430 -4.158447 -0.000135 0.000000
-34.131934 -8.416368 0.000199 0.000000
-28.322058 -4.699572 -0.000361 0.000000
-21.337796 -7.330478 0.001547 0.000000
17.312217 -3.479582 0.003049 0.000000
22.426749 -2.732540 0.000854 0.000000
11.437808 -2.644447 0.003674 0.000000
33.347865 -1.187781 0.003341 0.000000
13.945754 -1.988565 0.003608 0.000000
-34.499492 1.090696 -0.001441 0.000000
-34.745393 -0.193905 -0.002712 0.000000
-14.389128 -2.138465 0.001984 0.000000
-38.972012 -1.364708 -0.002776 0.000000
16.501191 -1.383621 0.002097 0.000000
-37.641267 2.941365 -0.000572 0.000000
22.424296 -0.102648 0.001096 0.000000
36.717532 2.804403 0.002120 0.000000
14.113748 -0.505014 0.002035 0.000000
19.611590 0.995767 0.000791 0.000000
-18.772707 1.858468 -0.000475 0.000000
-10.948773 -0.394880 0.001669 0.000000
-20.968766 1.568729 -0.000603 0.000000
20.883009 2.530673 0.000045 0.000000
-15.867212 0.017759 0.000937 0.000000
26.494315 2.168845 -0.000433 0.000000
28.209045 3.617693 -0.001127 0.000000
33.097857 6.069651 -0.002320 0.000000
26.714408 1.157855 -0.000002 0.000000
14.290688 1.131247 0.002561 0.000000
-23.752392 -1.483982 0.000709 0.000000
-16.499933 -2.411738 0.001911 0.000000
-12.887381 -2.928788 0.002833 0.000000
-29.169361 -3.363637 0.001143 0.000000
-20.413196 -3.978497 0.001557 0.000000
-22.006938 0.370667 0.000053 0.000000
-14.721513 -1.063183 0.001622 0.000000
12.615250 -3.094971 0.003263 0.000000
24.474055 -1.289680 0.001159 0.000000
11.973125 -1.991076 0.003573 0.000000
-35.800946 -3.509676 0.000878 0.000000
-18.752625 -4.734766 0.002583 0.000000
18.636820 -4.263438 0.002846 0.000000
10.185593 -3.500583 0.004122 0.000000
27.884648 -3.713530 0.002042 0.000000
10.929771 -1.792534 0.002507 0.000000
32.258205 1.045684 -0.000128 0.000000
18.040446 0.115951 0.001017 0.000000
-30.472456 -4.384341 0.001503 0.000000
-19.599982 -4.706747 0.001406 0.000000
-14.542333 -4.785630 0.003242 0.000000
-11.621126 -4.821143 0.003486 0.000000
-24.133637 -7.449892 0.003195 0.000000
32.614216 -3.192106 0.001676 0.000000
15.582504 -2.184635 0.002330 0.000000
26.464339 0.433946 0.000322 0.000000
37.329361 -3.022569 0.001511 0.000000
-36.326468 -11.367978 0.004174 0.000000
15.209280 -4.364909 0.003134 0.000000
21.743851 -3.910515 0.002442 0.000000
14.536249 -2.710352 0.003249 0.000000
1.095022 24.518576 0.803485 0.000000
1.095541 21.428292 1.285617 0.000000
-1.095723 24.360245 1.037159 0.000000
-1.097308 25.417569 1.594721 0.000000
1.097074 27.567308 2.143735 0.000000
0.235413 33.595858 2.361567 0.000000
-0.325152 34.306835 2.360596 0.000000
0.025316 31.506059 2.361235 0.000000
-1.097072 26.016290 1.859533 0.000000
-1.095507 22.872852 0.639708 0.000000
-1.096268 34.509680 1.427984 0.000000
1.095601 20.808451 1.016474 0.000000
1.095117 18.695622 0.881075 0.000000
1.097050 27.644312 1.229287 0.000000
1.097615 32.017787 1.464129 0.000000
1.094678 23.338944 1.372539 0.000000
1.032596 6.630838 -0.000293 0.000000
0.673572 15.069020 -0.004382 0.000000
0.281259 13.493272 -0.003780 0.000000
1.000722 17.410574 -0.007140 0.000000
1.050681 10.999308 -0.002413 0.000000
1.093842 14.072263 0.102794 0.000000
0.309706 8.777540 -0.001080 0.000000
-1.106039 7.647666 -0.000372 0.000000
-1.090728 8.772884 -0.001638 0.000000
-23.687192 -0.017330 0.000957 0.000000
-21.364752 -1.029992 0.001799 0.000000
-20.040338 -1.849710 0.001925 0.000000
13.453639 0.194416 0.000933 0.000000
18.926935 1.867382 -0.000601 0.000000
34.732256 6.664893 -0.003982 0.000000
13.791518 1.098464 0.000569 0.000000
33.399936 4.145764 -0.002803 0.000000
-18.627919 1.799210 0.000436 0.000000
-19.355854 1.209971 0.000650 0.000000
-21.621663 0.835397 0.000678 0.000000
-20.265784 -2.769453 0.002343 0.000000
-11.777889 -1.197694 0.001736 0.000000
-24.169391 0.258167 -0.000469 0.000000
23.401659 1.957994 0.000707 0.000000
-21.548068 0.755629 -0.000370 0.000000
24.074945 3.780785 0.000242 0.000000
11.712881 0.445837 0.002957 0.000000
-21.382282 2.410828 -0.000982 0.000000
-20.785817 1.428749 -0.001312 0.000000
-11.353384 -0.817244 0.001739 0.000000
-23.847461 -7.103899 0.002242 0.000000
-24.296544 -3.715795 0.002727 0.000000
-17.486685 -4.210217 0.003548 0.000000
-13.858548 -4.421706 0.003945 0.000000
-34.402445 -7.400604 0.004624 0.000000
-19.594928 -1.186541 0.000012 0.000000
-17.163373 -2.057678 0.000771 0.000000
-15.739647 -2.757837 0.002957 0.000000
-31.285918 6.270826 -0.004448 0.000000
-13.075884 0.054517 0.001333 0.000000
-29.519862 3.400763 -0.002058 0.000000
-22.730661 0.741031 -0.000197 0.000000
-34.540683 -3.955958 0.000214 0.000000
-21.594004 -4.386569 0.000813 0.000000
-28.661048 -7.605748 0.001628 0.000000
27.686278 -2.122582 0.002135 0.000000
34.539778 -0.551569 0.001537 0.000000
20.220841 0.376732 0.002151 0.000000
-13.774698 -3.840768 0.002183 0.000000
-7.346249 -3.608338 0.004977 0.000000
33.254757 -5.844865 0.003463 0.000000
-19.593151 -5.330536 0.001456 0.000000
-36.207830 -9.501038 0.002107 0.000000
-21.489320 -7.829610 0.002753 0.000000
26.809197 -2.582576 0.002316 0.000000
-20.366211 -3.157767 0.000855 0.000000
-25.689841 -0.566288 -0.000239 0.000000
-17.059390 -1.819003 0.001282 0.000000
-13.028340 -2.455101 0.002358 0.000000
-29.740460 -2.289387 0.000063 0.000000
-12.750166 -1.126266 0.002425 0.000000
-27.430244 0.511681 -0.000598 0.000000
-17.218332 -1.077670 0.000844 0.000000
-28.757929 -1.173984 -0.001422 0.000000
-19.255118 -2.318628 0.001376 0.000000
15.189023 0.862380 0.001110 0.000000
-26.382595 3.083648 -0.002695 0.000000
-17.450498 2.091711 -0.000355 0.000000
-20.432498 2.365622 -0.000826 0.000000
-12.461207 0.093826 0.001478 0.000000
1.094662 19.148031 0.530378 0.000000
-1.097132 29.917976 0.567056 0.000000
1.095650 24.976125 0.621706 0.000000
-1.095449 19.253135 0.534739 0.000000
-1.096880 24.265061 0.238386 0.000000
1.094506 19.718224 0.452820 0.000000
1.096424 29.749266 0.744594 0.000000
-1.095500 31.879889 0.057106 0.000000
1.099169 34.972847 0.616560 0.000000
1.094158 17.075206 0.608281 0.000000
-1.092284 11.879525 0.309957 0.000000
-1.094199 13.780551 0.021179 0.000000
-0.462265 10.786708 -0.003016 0.000000
-0.230428 19.541061 -0.007804 0.000000
-0.733614 11.511516 -0.003470 0.000000
-0.486995 19.770029 -0.008299 0.000000
-0.998268 20.311497 -0.008204 0.000000
-1.095179 18.949163 0.001456 0.000000
-1.096302 23.718347 0.306470 0.000000
0.886284 9.706886 -0.002302 0.000000
0.657975 9.572710 -0.002214 0.000000
0.439370 9.553618 -0.002203 0.000000
0.943929 21.099311 -0.008552 0.000000
0.524446 20.181536 -0.008108 0.000000
1.095196 21.850431 0.313240 0.000000
0.141812 19.702787 -0.007878 0.000000
-0.417104 33.645387 2.358296 0.000000
1.013879 26.748145 2.362402 0.000000
1.096383 21.310323 1.778332 0.000000
1.062356 32.705209 2.359376 0.000000
0.535847 33.219418 2.359225 0.000000
0.026677 33.413672 2.359887 0.000000
0.768604 29.177949 2.360257 0.000000
1.097389 25.282474 2.168520 0.000000
0.769864 33.172451 2.361682 0.000000
0.943461 30.133691 2.361701 0.000000
-1.097673 28.006836 1.895547 0.000000
-0.310201 33.850319 2.361486 0.000000
0.486889 31.151719 2.359177 0.000000
-0.015365 32.173550 2.358899 0.000000
0.916378 29.839598 2.359326 0.000000
1.096886 24.484619 1.752681 0.000000
1.077999 18.644020 -0.007968 0.000000
0.582728 19.732929 -0.008287 0.000000
0.221751 19.441211 -0.008135 0.000000
0.091619 17.247463 -0.006981 0.000000
0.587064 16.013244 -0.006319 0.000000
-0.864260 20.412299 -0.008626 0.000000
0.244489 14.117594 -0.005257 0.000000
-1.094213 17.789994 0.126660 0.000000
-0.668072 6.066150 0.000222 0.000000
-0.801278 15.420478 -0.005983 0.000000
-1.110863 15.365047 -0.001139 0.000000
-0.492206 10.925325 -0.003331 0.000000
-0.077486 8.598474 -0.000768 0.000000
18.338919 -2.836050 0.002343 0.000000
29.057703 -1.611135 0.000724 0.000000
-23.440537 -4.182068 0.001798 0.000000
-29.029762 -7.343195 0.002744 0.000000
-20.056386 -6.844290 0.003571 0.000000
-14.627404 -3.255184 0.002537 0.000000
-38.914479 -4.364618 0.001617 0.000000
31.930297 -3.717498 0.001507 0.000000
16.798092 -2.419792 0.002049 0.000000
23.370676 -1.341201 0.000934 0.000000
14.867689 -1.165702 0.002035 0.000000
-19.444542 -1.861731 0.001198 0.000000
-16.431714 -2.657796 0.001959 0.000000
34.419160 0.665860 -0.000468 0.000000
13.913826 -1.343819 0.001626 0.000000
15.594972 -0.443519 0.001348 0.000000
10.659834 -0.637411 0.002690 0.000000
-25.821303 -4.056805 0.001554 0.000000
-18.317130 -4.396512 0.002733 0.000000
29.971487 -0.953553 0.000895 0.000000
-25.489885 -4.779411 0.002309 0.000000
-28.615535 -7.874889 0.003456 0.000000
34.663998 -5.315950 0.002092 0.000000
25.160506 -2.172555 0.001175 0.000000
-12.623706 0.527969 0.000546 0.000000
-28.153292 4.286716 -0.001714 0.000000
-28.172310 2.836211 -0.001070 0.000000
-26.931962 1.535884 -0.000438 0.000000
-27.995134 0.626512 -0.000085 0.000000
-32.029038 -0.102437 0.000078 0.000000
17.981751 -0.463903 0.000968 0.000000
24.091874 2.743621 -0.001015 0.000000
25.901199 1.392527 -0.000525 0.000000
12.104695 -0.720256 0.002104 0.000000
37.231655 7.415083 -0.004769 0.000000
-24.106028 -0.462663 0.001318 0.000000
-16.401940 -1.676021 0.002341 0.000000
20.974608 1.823428 -0.000609 0.000000
11.228099 -0.194569 0.003052 0.000000
-17.593968 -2.304285 0.002330 0.000000
-30.708855 -3.416551 0.002483 0.000000
-20.777900 -3.861610 0.002788 0.000000
-15.975862 -4.227660 0.003389 0.000000
15.575044 -1.041047 0.001004 0.000000
-16.309384 1.584111 0.000857 0.000000
-19.714401 1.866834 0.000470 0.000000
-37.135885 7.903735 -0.002469 0.000000
-27.439549 -4.819043 0.003282 0.000000
11.073765 -2.248670 0.003675 0.000000
34.242158 -0.063485 -0.001500 0.000000
-22.403667 -2.459942 0.002374 0.000000
-17.862906 -3.249308 0.002981 0.000000
-13.477597 -4.242252 0.003936 0.000000
-33.680139 -6.741255 0.004101 0.000000
33.353089 -1.283811 -0.000709 0.000000
-23.204297 -4.370981 0.003179 0.000000
-32.699909 -8.455732 0.004838 0.000000
-20.848799 -7.392631 0.004560 0.000000
23.919994 -2.966936 0.000666 0.000000
-1.095380 22.439518 0.374525 0.000000
-1.096004 27.750450 0.663922 0.000000
1.097047 24.397182 0.340361 0.000000
1.093328 14.010893 0.699064 0.000000
-1.097036 24.312918 1.213759 0.000000
-1.098022 31.129054 1.098968 0.000000
1.095474 30.755042 2.098979 0.000000
1.496601 7.478994 0.000093 0.000000
1.222014 6.607393 0.000733 0.000000
-1.006916 2.747256 0.004121 0.000000
-17.082860 0.041259 0.001443 0.000000
-15.937782 -0.698517 0.001038 0.000000
-16.127790 -1.993404 0.001345 0.000000
19.376441 -1.053712 0.002094 0.000000
27.770429 0.629493 0.001335 0.000000
12.546926 -1.117168 0.002901 0.000000
-22.618315 2.870124 -0.001299 0.000000
-26.352198 2.777445 -0.001894 0.000000
23.755162 3.368616 0.000354 0.000000
-23.730651 -1.753749 -0.001351 0.000000
-27.805398 0.577380 -0.002873 0.000000
-24.769633 -0.751905 -0.001893 0.000000
-24.209479 -2.663288 -0.001109 0.000000
9.103926 -1.425151 0.003385 0.000000
21.137495 0.674279 0.002825 0.000000
-16.518095 -4.056455 0.002842 0.000000
-25.835292 -6.156763 0.002908 0.000000
-17.303821 -5.846273 0.003478 0.000000
-12.934497 -5.699398 0.004127 0.000000
-31.098637 -10.076800 0.000742 0.000000
10.525242 -2.494745 0.003167 0.000000
19.054309 -2.403169 0.003724 0.000000
-36.926085 -3.413666 -0.002403 0.000000
-25.017838 -4.247096 -0.000430 0.000000
-19.257769 -4.735871 0.002801 0.000000
-16.024269 -5.079232 0.001607 0.000000
22.139088 -4.515686 0.004505 0.000000
11.185465 -3.548373 0.003661 0.000000
36.161700 -3.952870 0.005009 0.000000
14.065218 -3.103730 0.002769 0.000000
8.696627 -2.906709 0.004367 0.000000
-23.923544 2.218916 -0.000531 0.000000
-27.984266 2.000894 -0.003419 0.000000
14.284562 0.229278 0.001083 0.000000
16.182193 -4.412132 0.004516 0.000000
-26.501495 4.481260 -0.003612 0.000000
-11.952642 -0.386597 0.002583 0.000000
-23.526422 1.806049 -0.002401 0.000000
-37.045417 3.290245 -0.004853 0.000000
-19.524587 -0.072921 -0.000979 0.000000
-13.618045 -1.255764 0.000888 0.000000
-33.222543 0.631885 -0.003388 0.000000
15.124788 -2.245173 0.002205 0.000000
-12.919042 -4.590090 0.003696 0.000000
-29.795349 -7.196547 -0.000096 0.000000
-10.513602 -4.738220 0.004410 0.000000
-19.831927 -6.663914 0.003546 0.000000
29.881067 -3.271183 0.004370 0.000000
-24.581214 -4.100061 -0.000413 0.000000
-16.894245 -4.392759 0.001162 0.000000
23.955777 -4.049245 0.002022 0.000000
11.741140 -3.299671 0.003395 0.000000
15.464522 -2.760566 0.002372 0.000000
-19.894429 -1.755508 -0.000427 0.000000
27.337183 4.423613 0.001414 0.000000
22.083733 0.387723 0.002719 0.000000
-14.514293 -2.516117 0.002451 0.000000
-38.185827 -2.354226 -0.002945 0.000000
-23.578784 -3.335152 -0.000521 0.000000
11.106118 -1.071681 0.003701 0.000000
22.187284 1.277596 0.002388 0.000000
23.832121 2.530894 0.001967 0.000000
11.979831 -0.006600 0.002830 0.000000
0.594394 8.084148 -0.001426 0.000000
-20.909066 0.310281 0.000581 0.000000
-15.219807 -0.009566 0.001329 0.000000
-19.767751 1.854326 -0.000054 0.000000
-26.132430 2.583929 -0.000766 0.000000
-15.339716 -1.966053 0.002234 0.000000
-24.998832 -2.455077 0.001593 0.000000
-18.006291 -3.154665 0.002432 0.000000
15.785682 0.212622 0.000775 0.000000
15.595334 0.765903 0.001854 0.000000
16.186511 1.586975 0.000050 0.000000
-21.946757 -0.955638 0.001091 0.000000
-1.095374 27.860275 1.940526 0.000000
1.098433 34.608412 1.678331 0.000000
1.097597 27.979854 1.802464 0.000000
1.095904 18.746727 1.887498 0.000000
1.095199 19.454028 1.370707 0.000000
-1.097457 26.693011 1.280331 0.000000
1.098788 35.516849 1.545277 0.000000
1.097884 25.476595 1.271615 0.000000
-1.095481 29.484573 1.002922 0.000000
-1.094353 14.017237 0.597407 0.000000
-1.096530 31.858992 0.516775 0.000000
-1.095073 19.870717 0.445956 0.000000
1.097173 31.718260 0.771593 0.000000
1.096633 27.157444 0.778129 0.000000
13.982777 -3.312813 0.002251 0.000000
-34.849176 -7.561308 0.000312 0.000000
-11.643770 -4.752397 0.003285 0.000000
-24.291941 -7.101453 0.004153 0.000000
21.173442 -4.785361 0.001878 0.000000
35.131909 -4.451127 0.000545 0.000000
19.155381 -2.666875 0.001238 0.000000
31.022900 -1.258912 -0.000537 0.000000
-17.674015 -4.273722 0.001443 0.000000
-27.138301 -3.748340 0.002669 0.000000
-35.488994 -7.268487 0.004111 0.000000
-22.969455 -6.713839 0.004036 0.000000
30.650148 -0.921534 -0.000655 0.000000
-10.237915 -5.084398 0.005011 0.000000
-17.618693 -5.048937 0.003663 0.000000
-30.124971 -8.344729 0.004574 0.000000
-19.116130 -7.253045 0.004450 0.000000
35.632028 -6.154989 0.001238 0.000000
18.775174 -3.510953 0.001543 0.000000
28.719371 -2.634756 0.000231 0.000000
22.854244 -1.550979 0.000307 0.000000
36.792760 0.583992 -0.001719 0.000000
-21.603375 -0.930667 0.001636 0.000000
-18.853617 -1.904703 0.002227 0.000000
-17.207769 -2.667526 0.001521 0.000000
-25.922750 3.604874 -0.000304 0.000000
-12.695366 -0.172177 0.002016 0.000000
-25.288798 2.444071 0.000221 0.000000
-26.856077 1.719399 0.000523 0.000000
-13.284539 -0.941773 0.002562 0.000000
-31.572899 1.297090 0.000699 0.000000
17.931092 0.392837 0.000071 0.000000
27.496716 2.906228 -0.002070 0.000000
17.169183 1.410515 -0.000276 0.000000
29.030594 5.067548 -0.003138 0.000000
-23.534085 -1.570899 0.000113 0.000000
-16.789230 -2.443639 0.001390 0.000000
34.053580 4.898677 -0.000125 0.000000
13.413098 0.381986 0.002232 0.000000
30.589218 5.342104 -0.000323 0.000000
-15.788788 1.564523 0.000067 0.000000
-27.282064 -6.980100 0.001534 0.000000
-19.218593 -6.622895 0.002369 0.000000
22.786879 -5.192561 0.003526 0.000000
36.998476 -1.348693 0.003192 0.000000
-22.157237 -4.040381 0.001095 0.000000
-20.569949 -1.724536 0.000497 0.000000
-39.564657 -5.833093 0.000121 0.000000
19.976711 -2.296403 0.002673 0.000000
30.124910 -0.895655 0.000325 0.000000
9.806009 -1.619552 0.004058 0.000000
-32.702066 -3.219793 -0.000176 0.000000
-15.568062 -4.198990 0.002241 0.000000
-28.498885 -6.836629 0.001457 0.000000
26.299810 -1.295508 0.002082 0.000000
30.126670 0.128787 0.001559 0.000000
13.104562 -1.393349 0.002978 0.000000
38.491463 2.484480 0.000819 0.000000
17.640065 0.518183 0.001732 0.000000
-15.161623 -4.647511 0.002291 0.000000
26.562132 -2.203118 0.002403 0.000000
-23.308716 -6.933141 0.002018 0.000000
-16.133804 -6.446552 0.002878 0.000000
36.515528 -5.551471 0.003638 0.000000
13.827166 -3.701873 0.003895 0.000000
18.280247 -3.168981 0.001592 0.000000
16.435342 -1.590220 0.002774 0.000000
0.708876 8.315532 -0.000553 0.000000
0.997659 17.166361 -0.005267 0.000000
0.635891 16.362466 -0.004912 0.000000
-1.093979 13.598363 0.026157 0.000000
-1.097743 31.024381 0.197200 0.000000
-0.855140 31.161698 -0.011173 0.000000
-1.093051 14.075047 0.371317 0.000000
-0.497466 9.366174 -0.001311 0.000000
1.095930 22.328484 0.466250 0.000000
1.099485 35.379735 0.591013 0.000000
-0.639273 15.930907 -0.004702 0.000000
-0.334919 33.598688 -0.012103 0.000000
-1.038518 10.869570 -0.002177 0.000000
0.337071 28.737714 2.362481 0.000000
-1.096601 22.739941 1.812042 0.000000
0.798432 33.237197 2.361540 0.000000
1.093876 17.302706 1.836512 0.000000
-1.097879 31.500284 2.026286 0.000000
0.506527 29.690745 2.362330 0.000000
1.095100 24.383572 2.250840 0.000000
0.688292 30.284932 2.361719 0.000000
0.206364 31.318316 2.361478 0.000000
-1.096939 29.757924 2.146330 0.000000
-1.095622 19.597539 1.641811 0.000000
0.049076 32.013189 2.361322 0.000000
1.096481 31.311295 2.119008 0.000000
1.097690 24.048308 1.861033 0.000000
-1.096710 25.726311 1.828628 0.000000
-1.283246 6.244875 0.000636 0.000000
-1.618568 6.075982 0.000730 0.000000
-0.571132 7.998008 -0.000586 0.000000
-0.604175 12.830313 -0.003512 0.000000
-0.886911 12.197953 -0.003141 0.000000
-0.005079 10.883333 -0.002348 0.000000
1.081930 18.360328 -0.006040 0.000000
0.097953 25.308533 -0.009139 0.000000
0.857618 25.664220 -0.009239 0.000000
-0.347866 25.542719 -0.009267 0.000000
0.366596 23.287683 -0.008261 0.000000
-0.810975 26.300416 -0.009614 0.000000
-0.049608 21.619111 -0.007568 0.000000
0.536420 19.266469 -0.006487 0.000000
-1.094385 22.390537 0.114691 0.000000
-0.523193 20.596029 -0.008218 0.000000
0.152417 16.846972 -0.005397 0.000000
-0.603643 19.749055 -0.007915 0.000000
0.349505 12.411615 -0.004697 0.000000
-0.444879 13.999214 -0.005357 0.000000
1.015647 26.233853 -0.009466 0.000000
-1.096820 29.889963 0.219523 0.000000
1.096516 29.892389 0.120761 0.000000
1.096102 26.518993 0.567770 0.000000
-8.957021 -0.388634 0.002712 0.000000
-14.695559 1.026997 0.001216 0.000000
-35.349719 4.397617 -0.003772 0.000000
-33.974341 2.789350 -0.003034 0.000000
18.084662 0.913626 0.001722 0.000000
-14.523373 -0.849871 0.001067 0.000000
-36.388763 1.781369 -0.002867 0.000000
-15.055211 -1.341812 0.000994 0.000000
20.596020 -0.039925 0.001998 0.000000
32.053719 2.510116 0.001049 0.000000
13.323011 -0.447842 0.002819 0.000000
29.497651 4.087436 0.000391 0.000000
18.061520 0.244834 0.000274 0.000000
-18.958812 -1.776653 0.001852 0.000000
33.706599 1.473244 -0.001562 0.000000
28.468153 2.864337 -0.001902 0.000000
-18.143907 -1.127863 0.001625 0.000000
-11.165372 -0.794606 0.002615 0.000000
-19.547849 0.513446 0.000729 0.000000
-18.325312 -0.405733 0.001268 0.000000
-25.958984 -4.645757 0.002748 0.000000
-17.481023 -4.807705 0.003373 0.000000
-13.194335 -4.911228 0.004037 0.000000
-30.802592 -8.042849 0.004146 0.000000
-20.128636 -7.174686 0.004186 0.000000
29.519791 -6.075903 0.002135 0.000000
17.356942 -3.736515 0.002224 0.000000
26.775284 -3.027946 0.000937 0.000000
-12.205046 -2.464446 0.003206 0.000000
-24.180236 -2.340976 0.001773 0.000000
-19.098832 -3.303770 0.002605 0.000000
-16.232168 -3.803155 0.003069 0.000000
33.126278 -4.579382 0.001244 0.000000
13.429806 -3.389663 0.002789 0.000000
-30.183774 4.891996 -0.001648 0.000000
-14.285675 0.421190 0.001417 0.000000
12.083424 0.466593 0.001290 0.000000
-15.406518 1.323460 0.000684 0.000000
-32.592245 6.454137 -0.002683 0.000000
-10.331621 -0.298105 0.002668 0.000000
-15.464135 -2.472804 0.002567 0.000000
-24.990363 -3.275724 0.001226 0.000000
-17.853288 -3.861456 0.002911 0.000000
-14.158146 -4.193867 0.003550 0.000000
-37.858340 -6.910633 0.003541 0.000000
35.976940 0.573360 -0.000986 0.000000
38.898680 2.381849 -0.001920 0.000000
-9.239885 -2.540234 0.004187 0.000000
18.421159 1.213283 -0.000830 0.000000
10.662011 -0.287459 0.001978 0.000000
-22.504584 -6.520807 0.003750 0.000000
-9.300345 -4.685097 0.005043 0.000000
-15.946440 -6.200306 0.004157 0.000000
16.426075 -3.566028 0.003471 0.000000
21.664005 -2.870634 0.002911 0.000000
31.922733 -1.461213 -0.000113 0.000000
17.885254 -1.163855 0.002407 0.000000
-20.276877 -4.169884 0.002839 0.000000
-38.099348 -7.367675 0.003747 0.000000
-38.656044 1.847814 -0.000687 0.000000
-21.329258 -0.971256 0.000298 0.000000
-15.048532 -1.999763 0.002734 0.000000
26.227638 4.300661 -0.002183 0.000000
-22.459970 0.656957 0.000352 0.000000
-20.185847 1.063017 0.000486 0.000000
-29.661310 1.940295 -0.000327 0.000000
-17.244136 -0.486055 0.000427 0.000000
-27.569366 -0.088529 0.000615 0.000000
19.184894 -0.094977 0.000436 0.000000
24.174853 3.553389 -0.001884 0.000000
-24.191978 3.717629 -0.000921 0.000000
1.106170 7.597684 -0.000834 0.000000
-1.095814 34.519158 1.950740 0.000000
-1.094799 21.668169 1.373989 0.000000
1.095383 27.407827 1.497606 0.000000
1.097376 34.869379 2.160190 0.000000
1.095845 24.142148 0.759957 0.000000
2.371821 -0.067104 2.400391 0.000000
1.098388 34.998990 2.315530 0.000000
1.096257 25.201852 1.898624 0.000000
0.900505 35.304296 2.358194 0.000000
1.096126 23.682833 1.567097 0.000000
1.094787 27.909224 1.371964 0.000000
1.095020 32.537111 1.655157 0.000000
1.093698 16.701421 1.082611 0.000000
-1.097235 23.142456 0.937696 0.000000
-22.918598 -5.726778 0.001395 0.000000
-15.208165 -3.936593 0.001985 0.000000
-26.720792 -9.008594 0.002065 0.000000
17.743842 -4.582927 0.003803 0.000000
26.789600 -4.258433 0.003404 0.000000
-37.331687 -3.309822 -0.000892 0.000000
-25.434304 -4.192856 0.000563 0.000000
-19.746480 -4.704626 0.001491 0.000000
-16.422796 -5.079731 0.002192 0.000000
27.872122 -4.921414 0.003638 0.000000
7.979104 -3.251187 0.005369 0.000000
22.775483 -2.299015 0.002753 0.000000
28.198980 -3.340864 0.003092 0.000000
14.789758 -2.318479 0.003227 0.000000
-23.422303 -6.288176 0.001523 0.000000
25.335067 0.130296 0.001864 0.000000
-9.192747 -3.490055 0.004647 0.000000
-39.372097 -6.926514 0.000199 0.000000
-37.837395 3.796211 -0.003659 0.000000
-27.935697 4.277651 -0.002863 0.000000
-30.504372 3.618731 -0.001969 0.000000
15.772145 0.798774 0.002120 0.000000
24.503464 3.455375 0.000910 0.000000
-28.850404 -2.536576 -0.000596 0.000000
22.062698 -1.604256 0.002523 0.000000
32.898279 0.181043 0.001921 0.000000
26.164140 1.581061 0.001345 0.000000
-32.323391 1.235011 -0.002256 0.000000
-28.702740 -0.329495 -0.001338 0.000000
-27.700161 -1.483680 -0.000829 0.000000
-19.009566 -0.058828 -0.000286 0.000000
-35.309142 3.175549 -0.003492 0.000000
-22.843516 1.809203 -0.001590 0.000000
-14.030189 -0.303847 0.001802 0.000000
33.983494 4.536420 0.000518 0.000000
-32.936198 -1.404621 -0.001525 0.000000
-21.015361 -2.584501 0.000360 0.000000
36.815386 3.691290 0.000941 0.000000
35.321445 6.241630 -0.000087 0.000000
-24.815831 -3.649405 0.000161 0.000000
21.791725 -2.655491 0.003153 0.000000
-36.961279 -7.571586 0.000283 0.000000
-25.523339 -7.217078 0.001382 0.000000
24.902321 -5.139185 0.004064 0.000000
15.286684 -3.376403 0.003733 0.000000
37.786399 -0.936696 0.002839 0.000000
19.611173 -2.445821 0.003123 0.000000
27.510732 -1.234368 0.002638 0.000000
22.304604 0.282099 0.002032 0.000000
14.495946 -1.236000 0.002954 0.000000
36.221012 0.743904 0.002037 0.000000
-22.780584 -3.616044 0.000490 0.000000
-28.076147 -6.368672 0.000848 0.000000
-19.504586 -6.150090 0.001913 0.000000
21.939234 -2.446172 0.003009 0.000000
26.712869 -1.276097 0.002562 0.000000
-26.599371 -7.651355 0.001409 0.000000
-17.594448 -6.867150 0.002441 0.000000
38.056737 -6.500909 0.004925 0.000000
14.096048 -4.032846 0.004103 0.000000
30.281004 -2.710818 0.003250 0.000000
-24.331684 -4.789691 0.000647 0.000000
-1.605217 6.394810 0.000449 0.000000
1.095432 22.698035 1.487873 0.000000
-1.096686 22.042994 1.487469 0.000000
0.748635 34.636753 2.360714 0.000000
-1.096587 30.415516 1.829612 0.000000
0.763303 29.772226 2.359349 0.000000
1.096426 20.740017 2.027151 0.000000
-0.899746 32.420536 2.362161 0.000000
-1.094313 19.675899 0.760741 0.000000
-1.095088 25.105349 0.565476 0.000000
-1.095099 16.805437 0.427899 0.000000
-1.095626 33.266067 0.351846 0.000000
1.096269 19.473603 0.609850 0.000000
1.096454 21.791374 0.800284 0.000000
1.097037 24.662195 0.816107 0.000000
-1.093772 17.043725 0.162511 0.000000
-1.094940 25.292644 0.103638 0.000000
-0.147226 12.543240 -0.003759 0.000000
0.479922 27.131575 -0.012577 0.000000
1.097517 26.389253 0.372280 0.000000
0.003093 24.705808 -0.011331 0.000000
-0.412528 23.068929 -0.010473 0.000000
-0.792985 21.967808 -0.009889 0.000000
-1.094407 19.957387 0.164503 0.000000
1.014311 14.052448 -0.005603 0.000000
0.634997 13.355338 -0.005293 0.000000
-24.564188 -0.577948 0.001067 0.000000
-21.305437 -1.703402 0.001736 0.000000
-10.603515 -2.529724 0.003062 0.000000
-19.666805 -2.553291 0.002228 0.000000
13.862146 1.130925 0.000195 0.000000
19.762904 0.800333 -0.000201 0.000000
-33.489841 5.597389 -0.001907 0.000000
-32.980057 4.158374 -0.001256 0.000000
-36.259419 3.408495 -0.002402 0.000000
32.482825 4.066050 -0.002692 0.000000
13.362815 0.162715 0.001116 0.000000
35.259251 6.970414 -0.004921 0.000000
-16.813689 0.847361 0.001211 0.000000
24.751474 0.633102 -0.000820 0.000000
21.342941 1.674764 -0.000918 0.000000
24.574646 -2.864556 0.002589 0.000000
-26.276338 -6.768780 0.001762 0.000000
-21.319705 -3.952912 0.001299 0.000000
-18.814244 -6.497654 0.002543 0.000000
26.946611 -5.635976 0.001769 0.000000
-18.667689 -2.506462 0.001142 0.000000
-16.654597 -3.197018 0.001731 0.000000
17.593079 -3.037217 0.001717 0.000000
24.126394 -2.133280 0.000557 0.000000
11.757280 -2.357605 0.003565 0.000000
-17.303463 1.831170 0.000724 0.000000
-16.806156 1.303141 0.000922 0.000000
-21.036824 1.686648 0.000446 0.000000
-30.942666 2.758334 -0.000288 0.000000
-36.934937 6.920271 -0.002079 0.000000
-25.642537 -3.006293 0.002163 0.000000
-17.657200 -3.739707 0.001753 0.000000
-13.671482 -4.069859 0.002673 0.000000
-33.913672 -6.256108 0.003477 0.000000
-22.602056 -6.074798 0.001903 0.000000
23.126301 -1.552063 0.002144 0.000000
26.369370 -0.334609 -0.000403 0.000000
12.247259 -1.479833 0.002341 0.000000
32.870072 1.595147 -0.001692 0.000000
-20.047275 -6.360552 0.002322 0.000000
27.495580 -2.253426 0.000315 0.000000
37.886358 -5.766844 0.001100 0.000000
18.747555 -3.237206 0.002968 0.000000
25.990127 2.988154 -0.001793 0.000000
-19.252666 -0.605152 0.001554 0.000000
-32.511979 -0.269843 0.000981 0.000000
10.819989 0.221351 0.003342 0.000000
-30.059433 0.687704 -0.002589 0.000000
-18.439544 -1.164414 -0.000121 0.000000
-13.714598 -1.985530 0.001774 0.000000
-33.592021 -1.124410 -0.002426 0.000000
21.210318 2.877761 0.001721 0.000000
29.963287 -0.102063 0.003024 0.000000
32.258920 1.382128 0.002635 0.000000
38.452191 3.716978 0.002207 0.000000
-14.484782 0.949807 0.000349 0.000000
-36.729379 6.351375 -0.005336 0.000000
-17.381140 1.138818 -0.000280 0.000000
-1.354749 7.473095 -0.000139 0.000000
1.096097 19.257848 0.102773 0.000000
0.249518 31.912879 -0.011179 0.000000
1.095522 29.751128 -0.008883 0.000000
0.507901 24.415634 -0.009369 0.000000
1.094737 22.215583 -0.003352 0.000000
-0.154199 35.719855 -0.001163 0.000000
0.551167 17.792089 -0.005413 0.000000
-1.095083 16.226450 0.128573 0.000000
1.094758 22.432843 0.149334 0.000000
0.450521 35.719873 -0.001390 0.000000
1.095125 25.395183 0.134852 0.000000
-4.467783 0.792087 2.998427 0.000000
0.926995 32.521070 -0.011027 0.000000
-0.309060 35.719861 -0.010124 0.000000
-1.098171 30.682445 0.909447 0.000000
-1.096167 19.984304 0.631287 0.000000
1.095143 28.140643 0.859429 0.000000
-1.095949 18.723198 0.447313 0.000000
1.094606 23.545840 2.065714 0.000000
-1.096763 23.104026 1.833185 0.000000
-1.095073 16.144791 1.434580 0.000000
-1.098380 31.434125 2.282612 0.000000
-1.095520 20.320277 1.626038 0.000000
-1.096286 29.402485 1.732339 0.000000
1.094998 21.163438 1.780062 0.000000
1.094969 27.668646 1.816416 0.000000
0.250630 6.907677 0.000210 0.000000
30.928474 -3.097221 0.002924 0.000000
18.665515 -1.987820 0.002682 0.000000
-24.294866 -4.472314 0.000921 0.000000
-19.242767 -6.929423 0.002499 0.000000
35.401059 -6.772795 0.004390 0.000000
13.730304 -4.205770 0.004001 0.000000
-17.248482 -3.814744 0.003269 0.000000
15.183613 -3.438694 0.003527 0.000000
20.150404 -2.776180 0.002910 0.000000
30.956810 -1.486195 0.002310 0.000000
17.718387 -1.193234 0.002433 0.000000
-25.888232 -2.216330 -0.000218 0.000000
-32.503938 -2.453672 -0.000675 0.000000
-20.753910 -3.316386 0.000940 0.000000
-30.003002 -6.400543 0.001048 0.000000
-19.302718 -5.994736 0.002151 0.000000
-14.202365 -5.831463 0.003045 0.000000
-38.964207 -11.534166 0.002222 0.000000
21.433407 -2.886717 0.002904 0.000000
31.731154 -1.572231 0.002353 0.000000
-22.550317 1.105219 -0.001094 0.000000
-21.173635 0.043968 -0.000494 0.000000
-11.251327 -2.051452 0.003132 0.000000
-22.596393 -1.496728 -0.000090 0.000000
26.229036 -0.267422 0.001931 0.000000
15.158309 -0.796326 0.001556 0.000000
20.954135 0.801159 0.001580 0.000000
10.911498 -0.822172 0.003280 0.000000
35.991453 4.473594 0.000267 0.000000
-15.521377 1.370146 -0.000087 0.000000
-16.843416 1.047486 -0.000205 0.000000
29.745551 5.190689 -0.000153 0.000000
-28.692136 -6.000631 0.001024 0.000000
-18.049403 0.586026 0.001043 0.000000
-33.862996 -5.377717 0.003342 0.000000
16.517688 -0.575551 0.002655 0.000000
16.967404 0.191848 0.000211 0.000000
18.146582 1.126369 -0.000419 0.000000
-16.998711 -3.300960 0.002973 0.000000
20.650856 2.504321 -0.001404 0.000000
-23.544115 -2.673341 0.002264 0.000000
-22.788431 3.231504 -0.000488 0.000000
-24.335717 -0.511594 0.001232 0.000000
-25.505580 1.175427 0.000407 0.000000
35.448273 -5.457726 0.001060 0.000000
27.221393 -2.178424 0.000150 0.000000
-20.932425 -4.601060 0.002710 0.000000
16.640008 -1.588102 0.001117 0.000000
-27.018544 -4.185417 0.003137 0.000000
32.566284 2.740880 -0.002922 0.000000
26.185428 -1.289017 -0.000451 0.000000
14.969704 -1.251781 0.001098 0.000000
20.136780 -0.029352 -0.000360 0.000000
13.571016 -0.372480 0.000974 0.000000
-13.282470 -4.078754 0.003837 0.000000
-30.684301 -6.039524 0.003659 0.000000
-10.648648 -4.290482 0.004550 0.000000
-19.907964 -5.782332 0.003860 0.000000
-8.805869 -4.447027 0.004887 0.000000
-14.782694 -5.704029 0.004307 0.000000
25.958827 -3.397140 0.000822 0.000000
36.847534 -2.097783 -0.000574 0.000000
17.754857 -1.544782 0.000916 0.000000
24.185035 -0.086179 -0.000548 0.000000
17.739842 -2.826545 0.001517 0.000000
-35.807871 -5.722165 0.003501 0.000000
-21.249753 -5.474540 0.003646 0.000000
-24.459295 -8.430810 0.004848 0.000000
18.782154 -4.738850 0.002234 0.000000
29.663691 -4.469474 0.001008 0.000000
1.097643 27.411607 1.774047 0.000000
1.094881 19.384326 0.711662 0.000000
1.098036 30.127892 0.787142 0.000000
-1.095426 32.184908 1.493200 0.000000
1.096187 35.234324 1.562340 0.000000
-1.097674 31.366011 1.999672 0.000000
1.095967 30.170485 1.694533 0.000000
-1.096894 26.072079 1.411145 0.000000
-1.093898 17.523885 1.004511 0.000000
1.096115 26.389947 1.417496 0.000000
0.166012 7.686670 -0.000601 0.000000
-34.892148 0.323268 -0.000254 0.000000
-34.070869 -1.062739 0.000330 0.000000
-14.184017 -2.437299 0.001771 0.000000
-37.267840 6.751988 -0.002919 0.000000
17.391338 1.253042 0.000503 0.000000
28.776640 4.682095 -0.001709 0.000000
-36.531466 -2.337483 0.000759 0.000000
-27.546216 -0.209846 -0.001791 0.000000
-23.822050 -1.566472 -0.000280 0.000000
-22.056833 -2.442044 -0.000246 0.000000
-21.627177 -3.288806 0.000100 0.000000
23.835043 -2.287342 0.003459 0.000000
36.554461 -0.603626 0.003425 0.000000
-10.193022 0.005637 0.001856 0.000000
-16.655420 1.606675 -0.000611 0.000000
-16.155837 0.828454 -0.000225 0.000000
22.752261 1.447868 0.002205 0.000000
14.707280 0.525163 0.002707 0.000000
22.051752 2.675973 0.001647 0.000000
13.129109 -3.893664 0.004247 0.000000
17.534500 -3.430772 0.004037 0.000000
26.349895 -2.608584 0.003340 0.000000
31.636512 -5.747292 0.004526 0.000000
-24.372254 -3.567880 0.000011 0.000000
-36.680306 -7.424572 -0.000164 0.000000
-25.657870 -7.157644 0.001010 0.000000
27.980940 1.141462 0.002446 0.000000
-29.264543 2.013039 -0.002257 0.000000
-15.845923 0.795456 0.000101 0.000000
-18.990497 -3.510415 0.000843 0.000000
-35.378778 -5.860949 -0.000544 0.000000
20.483267 -2.542873 0.003301 0.000000
25.006773 -1.459895 0.002934 0.000000
33.499246 0.366926 0.002563 0.000000
20.759235 -3.790547 0.002182 0.000000
33.772133 -2.763221 0.003620 0.000000
19.568993 -1.740863 0.003051 0.000000
-21.255961 -4.508186 0.001440 0.000000
-5.189548 -3.842580 0.007811 0.000000
-15.863560 -6.437976 0.003009 0.000000
12.486250 -0.507380 0.003173 0.000000
27.486858 3.039915 0.001453 0.000000
28.747183 4.460740 0.001003 0.000000
28.619099 2.149548 0.001789 0.000000
-9.784323 -1.915406 0.003917 0.000000
-25.794180 -1.801960 -0.000771 0.000000
-17.866700 -2.686695 0.000782 0.000000
-31.767014 5.440322 -0.003675 0.000000
-19.602977 1.301189 -0.000692 0.000000
-28.286627 2.163080 -0.002033 0.000000
-17.186685 -0.890547 0.000582 0.000000
-27.241535 -0.764879 -0.000780 0.000000
-35.159854 -2.679900 -0.000715 0.000000
20.191672 1.612415 0.001009 0.000000
19.217122 2.169944 0.000816 0.000000
0.228632 35.052727 2.359668 0.000000
-0.339531 35.279622 2.359581 0.000000
0.636053 27.966091 2.360983 0.000000
1.094730 22.116802 1.516091 0.000000
0.608917 20.916209 -0.007850 0.000000
-0.266993 6.608289 0.000471 0.000000
0.209810 19.187078 -0.007052 0.000000
1.098202 31.787242 0.181257 0.000000
-0.137043 17.960105 -0.006477 0.000000
1.087909 23.308483 -0.008928 0.000000
-0.450606 17.114641 -0.006077 0.000000
-0.487131 31.729723 -0.012709 0.000000
-0.895823 27.423322 -0.010855 0.000000
0.443296 10.614970 -0.001405 0.000000
-1.094936 21.242586 0.037774 0.000000
1.096980 26.681502 0.947701 0.000000
1.096443 23.486152 0.822485 0.000000
1.094969 18.134425 0.932315 0.000000
1.097574 30.981630 0.982728 0.000000
1.093433 15.813460 0.610030 0.000000
-1.095271 16.624831 0.779346 0.000000
1.096320 22.839307 0.793953 0.000000
1.098491 33.310430 2.117203 0.000000
-1.095465 33.241323 2.199079 0.000000
-0.257284 32.946704 2.359089 0.000000
1.096778 22.682964 2.107837 0.000000
-1.097943 27.899789 2.121907 0.000000
-1.097297 24.141863 1.845304 0.000000
-0.945060 21.290428 -0.009424 0.000000
-0.258214 14.863688 -0.005954 0.000000
-0.712920 11.688697 -0.004022 0.000000
-1.072488 9.926160 -0.002852 0.000000
1.096778 23.137130 0.207854 0.000000
-1.094866 23.424619 0.240678 0.000000
1.097523 27.252710 -0.007226 0.000000
-0.182772 26.977805 -0.012350 0.000000
0.472678 21.340362 -0.009513 0.000000
-0.445336 23.680566 -0.009752 0.000000
1.094890 16.030822 0.308269 0.000000
1.097536 27.276375 0.199919 0.000000
32.569873 -6.247639 0.001622 0.000000
13.287948 -4.075665 0.002965 0.000000
18.174009 -3.689283 0.001876 0.000000
28.320109 -2.907349 0.000461 0.000000
-24.894492 -1.316181 0.001749 0.000000
-20.765572 -2.379828 0.002381 0.000000
-18.490322 -3.155532 0.002873 0.000000
20.394778 -3.026989 0.001129 0.000000
10.683122 -2.813698 0.003112 0.000000
29.664030 -1.918655 -0.000315 0.000000
23.606901 -0.086737 -0.000582 0.000000
15.317495 -0.035167 0.000701 0.000000
28.133090 0.848188 -0.001196 0.000000
39.255492 3.876299 -0.003266 0.000000
23.091806 -0.737464 -0.000036 0.000000
-21.618309 -3.155254 0.002526 0.000000
-26.866398 -5.590586 0.003405 0.000000
-10.354986 -4.210890 0.004567 0.000000
-19.198919 -5.612433 0.003745 0.000000
28.092638 -2.325496 0.000222 0.000000
-18.050756 -5.980743 0.003991 0.000000
-13.328939 -5.796918 0.004491 0.000000
-33.135034 -10.607092 0.005516 0.000000
38.283743 -5.922968 0.001130 0.000000
-17.172265 -4.113045 0.003273 0.000000
-27.669833 -6.395446 0.003739 0.000000
16.212762 1.251227 -0.000220 0.000000
28.856151 1.316612 -0.001713 0.000000
-19.544299 1.512794 0.000655 0.000000
-18.774480 0.604928 0.001128 0.000000
-19.160156 -0.068202 0.001417 0.000000
-20.853208 -0.625528 0.001578 0.000000
24.623240 2.448225 -0.001851 0.000000
-16.830374 -0.342962 0.001197 0.000000
-24.885046 -0.015505 0.000310 0.000000
-27.583910 -1.549797 0.000756 0.000000
17.633645 1.865861 0.000324 0.000000
-31.868441 4.984230 -0.002120 0.000000
15.907366 0.649026 0.001018 0.000000
22.001976 -4.022074 0.002251 0.000000
39.175973 -3.194000 0.001220 0.000000
21.416928 -1.878312 0.001460 0.000000
-27.001329 -2.111080 0.001061 0.000000
-21.242714 -3.108245 0.001849 0.000000
25.043354 -2.711602 0.001539 0.000000
-32.603657 -5.314675 0.001976 0.000000
-22.307209 -5.367687 0.002591 0.000000
27.419575 0.654167 0.000087 0.000000
32.366344 2.568665 -0.000863 0.000000
-28.658314 -9.246212 0.003675 0.000000
33.133570 -1.601928 0.000756 0.000000
18.419410 -1.173804 0.001459 0.000000
-23.910992 -5.685696 0.002592 0.000000
1.096662 35.380430 0.817788 0.000000
-1.060010 30.367061 -0.011982 0.000000
-1.096234 23.376923 0.362803 0.000000
-1.096892 29.902001 0.798530 0.000000
1.092371 12.816088 0.106062 0.000000
0.952488 23.892680 -0.009132 0.000000
1.095700 25.112513 0.380617 0.000000
0.048580 25.554437 -0.009879 0.000000
1.094274 20.829038 0.944471 0.000000
1.095353 32.632461 1.189881 0.000000
-1.097305 24.787994 0.740032 0.000000
-1.098346 31.515915 1.138887 0.000000
0.304701 34.805064 2.362144 0.000000
-26.288480 1.840964 -0.001995 0.000000
-24.735759 0.605241 -0.001362 0.000000
-25.086509 -0.312060 -0.001086 0.000000
-27.505893 -1.121104 -0.001107 0.000000
33.353575 0.559369 0.001939 0.000000
25.373905 1.655285 0.001422 0.000000
-20.274207 1.883834 -0.001183 0.000000
35.168092 6.826705 0.000168 0.000000
0.476216 8.802166 -0.000595 0.000000
0.994779 7.824054 -0.001116 0.000000
-0.141458 7.387079 0.000278 0.000000
32.474013 -0.841909 0.002293 0.000000
16.772105 -1.013658 0.002249 0.000000
23.707076 0.527255 0.001255 0.000000
15.046620 -0.069498 0.002016 0.000000
-17.780295 -0.267792 0.000258 0.000000
-38.385305 -9.699920 0.002022 0.000000
-22.684856 -7.966836 0.002696 0.000000
20.356590 -4.956545 0.002244 0.000000
33.533264 -4.751764 0.003389 0.000000
18.961538 -2.863031 0.002854 0.000000
-32.073664 -5.352237 0.000746 0.000000
-19.876049 -5.259492 0.001989 0.000000
-16.082594 -2.751421 0.001610 0.000000
-28.966575 -4.177597 0.000539 0.000000
-10.116134 -4.023148 0.003790 0.000000
-18.517582 -5.223431 0.002623 0.000000
21.254534 -3.210234 0.002879 0.000000
18.872818 -1.414900 0.002263 0.000000
-18.524764 1.470004 -0.000609 0.000000
-20.622234 1.140358 -0.000759 0.000000
32.343197 5.732210 -0.000950 0.000000
13.306255 0.854547 0.001827 0.000000
-21.424567 2.770692 -0.001503 0.000000
-17.334050 -5.406811 0.002440 0.000000
-32.499160 -9.551157 0.002400 0.000000
24.341206 -3.457762 0.002887 0.000000
33.701521 -2.284373 0.002388 0.000000
23.017168 -0.370271 0.002481 0.000000
-12.120488 -3.972739 0.003060 0.000000
-25.142762 -5.466434 0.001433 0.000000
-16.248883 0.188237 0.000337 0.000000
-22.343938 0.599858 -0.000363 0.000000
-39.086162 1.781951 -0.002695 0.000000
-21.636299 -0.857138 -0.000037 0.000000
18.208553 1.800746 0.000936 0.000000
-31.052398 -1.679521 -0.000662 0.000000
-26.878087 -4.931107 0.001041 0.000000
-18.062714 0.681921 0.001117 0.000000
-25.555850 1.287048 0.000523 0.000000
-36.817180 5.087673 -0.001246 0.000000
26.742985 4.948999 -0.003280 0.000000
-28.512759 -3.984050 0.002906 0.000000
23.075596 1.106377 -0.001120 0.000000
11.287458 -0.769117 0.001892 0.000000
22.592378 1.918111 -0.001450 0.000000
-36.229936 -0.399869 0.001275 0.000000
-21.574928 -2.039002 0.002187 0.000000
1.765616 6.470679 -0.000207 0.000000
1.094841 27.128129 1.311290 0.000000
1.098275 33.826932 1.862458 0.000000
-1.095752 33.365748 1.746158 0.000000
-9.684579 -0.020969 7.807742 0.000000
1.097200 24.646047 1.169775 0.000000
-1.098018 34.343264 0.629706 0.000000
-1.097693 31.214027 1.026152 0.000000
-32.629279 -7.172805 0.002217 0.000000
22.274921 -3.910948 0.001429 0.000000
38.490128 -2.829744 0.001647 0.000000
21.003014 -1.699950 0.001736 0.000000
-3.382469 -3.401841 0.011276 0.000000
-19.010577 -4.321145 0.002224 0.000000
19.124994 -1.797151 0.002966 0.000000
-37.004784 -7.352266 0.002069 0.000000
-26.986320 -5.179687 0.001807 0.000000
-38.597070 -9.993483 0.003001 0.000000
23.431719 -1.624511 0.001560 0.000000
31.351279 0.059215 0.000636 0.000000
16.852878 -0.475813 0.001349 0.000000
-14.246250 -1.271734 0.001809 0.000000
36.976661 2.511954 -0.000372 0.000000
-31.600281 0.278086 -0.000578 0.000000
-27.115741 -1.213504 0.000278 0.000000
-25.196874 -2.303352 0.000839 0.000000
30.555669 -2.038666 0.001475 0.000000
22.031139 -0.360338 0.000159 0.000000
26.928076 2.355514 -0.000119 0.000000
26.270947 3.963900 -0.000729 0.000000
-19.214980 2.343737 -0.000414 0.000000
-15.045396 -1.021891 0.002101 0.000000
-22.452950 -1.208527 -0.001092 0.000000
16.665557 1.453233 0.002460 0.000000
-26.703884 4.007227 -0.003595 0.000000
-14.487635 0.612671 -0.000030 0.000000
-36.923623 5.554577 -0.005527 0.000000
-17.810347 0.841347 -0.000910 0.000000
-24.934964 1.452741 -0.002430 0.000000
-20.753156 -3.790242 -0.000046 0.000000
14.678132 -4.213404 0.004550 0.000000
-26.009857 -6.546960 -0.000089 0.000000
34.793925 -2.895299 0.001074 0.000000
29.311892 0.621581 0.003302 0.000000
24.748979 -3.013041 0.004268 0.000000
-27.744255 -1.042139 -0.002177 0.000000
-22.961246 -2.247276 -0.000972 0.000000
-20.439730 -3.112515 -0.000207 0.000000
-19.174830 -3.850357 0.000296 0.000000
39.249961 -1.543118 0.004757 0.000000
19.025618 -1.289310 0.002765 0.000000
-33.727956 -4.999478 -0.001522 0.000000
-21.861189 -5.114404 0.000328 0.000000
25.322701 0.383732 0.002963 0.000000
34.241532 2.892038 0.002612 0.000000
-18.377301 -3.131583 0.000354 0.000000
-23.669298 -5.857270 0.000257 0.000000
19.308180 -3.376060 0.004114 0.000000
29.507273 -2.383739 0.004113 0.000000
1.094864 23.958591 0.179615 0.000000
0.337163 29.516822 -0.009927 0.000000
-0.515627 21.970912 -0.007047 0.000000
-0.823704 19.797171 -0.006179 0.000000
0.799780 9.645355 -0.001178 0.000000
0.354172 8.965492 -0.000807 0.000000
1.094014 18.482322 0.004884 0.000000
1.057704 10.196277 -0.001475 0.000000
1.095331 27.469816 2.229112 0.000000
1.094539 21.618305 2.059772 0.000000
0.645498 28.596921 2.360535 0.000000
0.195316 30.087287 2.360185 0.000000
-1.095391 29.730851 2.204354 0.000000
1.094658 19.361872 1.955470 0.000000
1.098555 34.318870 0.266263 0.000000
-1.095551 17.132101 0.306894 0.000000
-0.102335 20.549718 -0.008189 0.000000
-0.431856 17.307748 -0.006576 0.000000
-1.094347 19.696999 0.343508 0.000000
1.089788 34.284769 -0.014523 0.000000
-0.493107 35.307437 -0.015004 0.000000
0.354401 25.581122 -0.010576 0.000000
1.098652 35.211145 1.032751 0.000000
-1.094942 24.286698 0.467384 0.000000
0.949897 17.875627 -0.006845 0.000000
-1.094622 16.487236 0.497894 0.000000
-1.095493 32.325706 0.702978 0.000000
-8.769181 -0.021193 7.805329 0.000000
-28.725211 5.055186 -0.002495 0.000000
-23.255138 2.418685 -0.000988 0.000000
-22.447510 1.353891 -0.000461 0.000000
-23.293226 0.606396 -0.000216 0.000000
34.704847 2.287412 -0.000441 0.000000
18.204390 0.616427 0.000936 0.000000
28.900241 3.462083 -0.000822 0.000000
18.111076 1.784807 0.000436 0.000000
19.940139 0.149020 -0.000546 0.000000
31.548690 2.853823 -0.003090 0.000000
-32.270541 3.008921 0.000028 0.000000
-30.396295 1.489265 0.000716 0.000000
-31.418730 0.424164 0.001224 0.000000
-36.022860 -0.476926 0.001718 0.000000
-21.346668 -4.179741 0.003221 0.000000
-15.313895 -4.454944 0.003806 0.000000
-24.803990 -6.841878 0.004302 0.000000
24.858225 -4.208113 0.001085 0.000000
15.925289 -2.828547 0.001695 0.000000
23.864578 -1.658257 0.003255 0.000000
11.963494 -2.189158 0.002357 0.000000
-23.158001 -3.047624 0.002859 0.000000
-29.793516 -1.929275 0.002302 0.000000
-19.596831 -3.797083 0.003328 0.000000
31.300215 -2.638172 -0.000210 0.000000
17.120578 -1.985338 0.002686 0.000000
25.147532 -0.436469 -0.000663 0.000000
-22.447063 3.257557 -0.000260 0.000000
-28.554444 4.045947 -0.000715 0.000000
-11.557622 0.430536 0.002130 0.000000
23.342254 0.045275 -0.000695 0.000000
27.243361 1.609183 -0.001808 0.000000
35.286849 4.330776 -0.003700 0.000000
14.655479 0.318368 0.000464 0.000000
32.716869 -1.722792 -0.000738 0.000000
-23.842650 -8.160018 0.004906 0.000000
-34.398326 -5.447675 0.003640 0.000000
14.847350 1.075619 0.000051 0.000000
-14.956526 -1.601766 0.002364 0.000000
-23.763733 -1.820899 0.002065 0.000000
-21.527727 -0.470872 0.001520 0.000000
37.571288 8.103053 -0.005592 0.000000
1.670293 5.795578 0.001120 0.000000
-19.075363 0.010927 0.000336 0.000000
-30.407332 0.713913 -0.001660 0.000000
33.769144 1.220522 0.000769 0.000000
34.625026 2.686609 0.000235 0.000000
-16.664183 1.970838 -0.000084 0.000000
0.252369 8.197663 -0.000673 0.000000
0.313614 6.795435 0.000341 0.000000
-0.109727 7.021551 0.000159 0.000000
3.398031 -0.046824 4.405492 0.000000
1.095667 34.311939 1.544678 0.000000
-1.098222 32.505955 0.712832 0.000000
-1.098231 32.425374 1.323192 0.000000
-1.097666 27.985209 1.792578 0.000000
1.094964 24.931088 2.040582 0.000000
1.095312 30.829428 1.867230 0.000000
22.493532 -1.124487 0.002742 0.000000
-30.200454 -4.136909 -0.000464 0.000000
-23.189352 -4.782516 0.000644 0.000000
-19.303235 -5.257136 0.001411 0.000000
18.023319 -3.843608 0.002049 0.000000
26.275753 -3.270095 0.003497 0.000000
15.604292 -2.208515 0.001697 0.000000
-24.407473 -1.988748 -0.000467 0.000000
-16.981895 -2.806537 0.001039 0.000000
-31.218398 -4.207717 -0.000555 0.000000
-15.052430 -5.077936 0.002213 0.000000
-11.827505 -5.144053 0.003138 0.000000
-25.110919 -8.042561 0.001453 0.000000
23.691341 -3.562919 0.001862 0.000000
-20.756814 -5.018855 0.001091 0.000000
-33.831126 -4.983160 -0.000579 0.000000
-18.234391 -0.846832 -0.000003 0.000000
19.586789 -0.643630 0.002784 0.000000
29.749852 1.474670 0.002217 0.000000
17.336512 0.275224 0.000973 0.000000
-22.334000 2.412743 -0.001832 0.000000
-25.738106 2.190297 -0.002240 0.000000
20.846051 2.242279 0.001769 0.000000
14.577291 1.289500 0.000151 0.000000
-16.499255 0.314561 0.000688 0.000000
-28.633893 -0.981681 0.000173 0.000000
-36.294343 -3.157551 0.000743 0.000000
19.061178 0.348202 0.000831 0.000000
18.896248 1.068796 0.000524 0.000000
19.844161 2.059182 0.000002 0.000000
-28.279763 -7.393475 0.002945 0.000000
23.636456 -3.655733 0.002193 0.000000
38.407082 -1.737077 0.000900 0.000000
25.975287 0.088909 0.000448 0.000000
-30.134626 -8.447995 0.003290 0.000000
17.706659 -2.786352 0.001729 0.000000
27.844764 -0.375638 0.000573 0.000000
-29.268568 -6.667590 0.002581 0.000000
-18.750679 -6.146399 0.003199 0.000000
-35.621280 -11.266037 0.004237 0.000000
23.298498 -3.924860 0.002328 0.000000
1.008134 2.311840 0.004884 0.000000
-1.095111 26.051124 1.684241 0.000000
-1.094696 18.448993 1.096832 0.000000
1.092972 14.064078 1.615293 0.000000
1.096667 26.997292 1.052974 0.000000
1.097242 31.393913 1.321836 0.000000
1.097169 23.648123 0.895496 0.000000
-1.097094 33.469806 1.126187 0.000000
-1.094541 20.786199 0.765290 0.000000
-1.093592 17.245478 0.562218 0.000000
1.131278 29.368290 -0.013719 0.000000
1.095877 19.094198 0.169103 0.000000
1.089289 9.023263 -0.002380 0.000000
-15.422287 -1.004233 0.001574 0.000000
-38.363235 1.080451 0.001045 0.000000
-32.463373 -0.777535 0.001774 0.000000
-13.257630 -2.295102 0.002952 0.000000
-30.288501 -2.086440 0.002340 0.000000
-23.805194 1.759744 0.000630 0.000000
-27.551280 1.408087 0.000760 0.000000
31.809245 3.427661 -0.003217 0.000000
31.511021 5.436604 -0.004104 0.000000
-22.525367 2.403391 0.000358 0.000000
-12.300809 0.666641 0.001983 0.000000
-23.043786 3.447918 -0.000136 0.000000
-11.806719 0.193855 0.001173 0.000000
-30.463447 -3.215609 0.001620 0.000000
-27.312339 3.410126 -0.002123 0.000000
-26.509534 2.183391 -0.001603 0.000000
-28.057252 1.384432 -0.001469 0.000000
-32.949313 0.850904 -0.001713 0.000000
21.612479 1.355788 0.001297 0.000000
14.429174 0.530050 0.002089 0.000000
21.631256 2.767993 0.000779 0.000000
-24.975445 -6.251930 0.003560 0.000000
-14.896760 -4.063665 0.003429 0.000000
-39.315516 -6.640870 0.000569 0.000000
24.844787 -4.017491 0.003043 0.000000
23.125750 -1.680898 0.002252 0.000000
32.666459 -2.980497 0.002648 0.000000
23.441392 -0.864843 0.001950 0.000000
-30.513378 -0.766926 -0.000841 0.000000
-22.083412 0.854541 -0.000526 0.000000
-30.309437 3.913293 -0.002447 0.000000
23.722720 0.102482 0.001593 0.000000
-37.766575 -8.907771 0.001474 0.000000
31.642324 2.356982 0.000730 0.000000
-15.710195 -3.184887 0.002952 0.000000
-25.627370 -4.528776 0.000953 0.000000
32.276178 -2.415600 0.002445 0.000000
-39.168391 -10.057288 0.001780 0.000000
-22.553281 -8.084790 0.002517 0.000000
18.715533 -1.588344 0.002415 0.000000
-33.604601 -5.641615 0.000635 0.000000
-30.574695 0.125525 -0.001166 0.000000
-18.926883 -1.533510 0.000719 0.000000
-35.350127 -1.836735 -0.000847 0.000000
-22.645878 -2.920206 0.000716 0.000000
30.536985 4.711205 0.002049 0.000000
12.864452 0.509392 0.003186 0.000000
27.425649 5.055410 0.001734 0.000000
-20.734603 -2.029157 -0.000596 0.000000
-32.263688 1.425510 -0.003607 0.000000
-18.840959 -0.829467 -0.000603 0.000000
-32.760647 -0.595696 -0.003022 0.000000
29.806250 3.101600 0.002531 0.000000
-10.971948 0.218995 0.001241 0.000000
-20.385867 2.613519 -0.002081 0.000000
-25.613290 3.227092 -0.003197 0.000000
-14.589343 0.305506 0.000033 0.000000
-38.811078 5.050977 -0.005678 0.000000
-0.982762 18.195686 -0.005161 0.000000
-1.097147 27.207687 0.125223 0.000000
-0.327404 25.377597 -0.008112 0.000000
-0.681253 20.970276 -0.006418 0.000000
1.095611 30.231975 0.486447 0.000000
-1.097990 34.294659 0.303915 0.000000
-1.096127 21.044571 0.327483 0.000000
1.095361 26.593760 0.832624 0.000000
-1.096919 25.010846 0.147524 0.000000
-1.097122 32.236748 0.366018 0.000000
0.232221 14.414008 -0.005416 0.000000
1.096073 23.024721 0.086920 0.000000
-1.095353 17.436322 0.465040 0.000000
-1.097353 26.632425 2.000960 0.000000
-0.472793 31.376533 2.361976 0.000000
0.423652 34.503997 2.358240 0.000000
0.965138 33.909426 2.358418 0.000000
-1.094520 29.984946 2.086062 0.000000
1.099127 31.738751 2.001163 0.000000
-0.709640 9.776632 -0.001894 0.000000
-24.161969 -6.664468 0.003012 0.000000
28.528056 -4.448714 0.002171 0.000000
26.907569 -1.703049 0.001066 0.000000
30.701159 0.121982 0.000125 0.000000
-33.692748 -1.684678 0.000448 0.000000
-25.777265 -2.973300 0.001395 0.000000
-19.362173 -4.486996 0.002571 0.000000
25.249251 -3.705560 0.002009 0.000000
-32.874247 -4.151917 0.001470 0.000000
-33.233347 -8.642986 0.003364 0.000000
-28.630426 -4.990342 0.002030 0.000000
21.248395 -3.087916 0.002007 0.000000
32.160718 -1.847623 0.000928 0.000000
-36.538919 5.853766 -0.002951 0.000000
21.022888 1.841303 -0.000208 0.000000
-29.585447 2.152934 0.000411 0.000000
-17.017235 -1.594177 0.000877 0.000000
-26.020529 0.015698 0.001382 0.000000
26.668484 0.270979 -0.001530 0.000000
31.405317 3.388049 -0.002066 0.000000
15.328649 0.964900 -0.000207 0.000000
-15.787925 1.645126 0.001043 0.000000
-18.564707 1.836716 0.000756 0.000000
-24.470480 -4.810791 0.003760 0.000000
33.862662 -3.349255 -0.000601 0.000000
27.765720 -0.695768 -0.001208 0.000000
32.012617 -2.518595 -0.000805 0.000000
25.814726 -5.589008 0.001207 0.000000
-1.093019 12.759739 0.647022 0.000000
1.096567 31.672250 0.999300 0.000000
1.096061 22.158733 1.260651 0.000000
1.097579 34.244077 1.759495 0.000000
1.094538 23.564021 1.879438 0.000000
-1.098635 32.686509 1.965359 0.000000
1.094889 26.778169 1.095302 0.000000
-1.096575 20.632189 1.369549 0.000000
20.495104 1.051289 0.001232 0.000000
17.276828 -1.436194 0.002386 0.000000
23.656973 -0.106122 0.001554 0.000000
-20.951432 -2.093484 0.000700 0.000000
-20.545731 -0.530812 0.000171 0.000000
-20.170046 -1.348712 0.000527 0.000000
23.885875 3.098568 0.000340 0.000000
-26.035675 4.398644 -0.002349 0.000000
-28.184069 3.854995 -0.002347 0.000000
-34.312565 3.943673 -0.002882 0.000000
16.126912 1.783704 0.001235 0.000000
1.542289 7.015154 0.000528 0.000000
-17.074189 -0.834560 -0.000036 0.000000
18.317407 0.072810 0.002637 0.000000
-15.483751 -1.619286 0.000622 0.000000
-38.554266 -1.730647 -0.002984 0.000000
-39.985207 -3.233828 -0.002639 0.000000
33.227902 0.988618 0.002681 0.000000
38.012135 7.273723 0.001057 0.000000
-13.209448 0.578924 0.001717 0.000000
-31.095314 3.268006 -0.003780 0.000000
-14.407742 -0.400651 0.000459 0.000000
-38.562436 3.227053 -0.004693 0.000000
37.600625 4.713307 0.001920 0.000000
29.184177 -3.836601 0.004180 0.000000
16.851612 -2.405933 0.002317 0.000000
-29.475521 -7.479990 0.000352 0.000000
25.540413 -1.281094 0.003162 0.000000
-25.448628 -3.359167 -0.000510 0.000000
-23.801492 4.056966 -0.002768 0.000000
-25.525656 2.467322 -0.002417 0.000000
-33.919319 1.117355 -0.002950 0.000000
26.446079 -0.593127 0.002946 0.000000
-38.275873 -8.272325 -0.000431 0.000000
-23.776712 -7.267186 0.005020 0.000000
15.338484 -0.635235 0.001304 0.000000
-29.392384 -4.246192 -0.000749 0.000000
-30.017334 -9.883887 0.001100 0.000000
25.384245 -4.077704 0.004133 0.000000
-28.036552 -3.173327 -0.000940 0.000000
16.521787 -0.133537 0.002777 0.000000
0.650059 19.508709 -0.008330 0.000000
0.267380 17.023032 -0.007003 0.000000
-0.298874 13.840101 -0.005213 0.000000
-0.889823 6.859621 -0.000089 0.000000
-0.420357 12.887052 -0.004688 0.000000
-0.739058 12.021242 -0.004122 0.000000
-0.936785 11.423515 -0.003749 0.000000
-26.926474 3.056773 -0.001015 0.000000
-15.267015 0.196355 0.001322 0.000000
-20.560787 0.514941 0.000516 0.000000
-25.549959 -0.429248 0.000655 0.000000
29.152406 4.102056 -0.002280 0.000000
29.734665 5.441464 -0.002933 0.000000
0.043925 32.764563 2.359887 0.000000
-0.896524 34.370975 2.358257 0.000000
1.096776 22.534215 2.075474 0.000000
-1.095333 31.745508 1.223811 0.000000
-1.094334 20.158516 0.942183 0.000000
-1.095004 26.187185 0.948650 0.000000
1.096889 27.472753 0.503394 0.000000
-1.096281 32.063215 0.542341 0.000000
-1.094981 20.322843 0.508745 0.000000
-0.695622 33.770141 -0.014913 0.000000
-38.883591 -6.482544 0.003459 0.000000
-18.439830 -6.084389 0.004052 0.000000
18.812045 -4.757594 0.002336 0.000000
29.819802 -4.262273 0.001090 0.000000
12.976527 -3.313090 0.002784 0.000000
27.189142 -1.490078 0.000097 0.000000
19.529463 -1.884580 0.001014 0.000000
28.824101 -0.353407 -0.000514 0.000000
16.795622 -0.617616 0.000843 0.000000
-21.233933 -4.269657 0.002734 0.000000
-28.481883 -7.467198 0.003734 0.000000
-33.885685 -3.820658 0.002083 0.000000
17.947650 -1.399994 0.001164 0.000000
21.675491 -0.229749 0.000229 0.000000
28.551095 1.746695 -0.001160 0.000000
19.411527 -1.591491 0.001061 0.000000
14.012773 -2.533149 0.002319 0.000000
-28.401150 -5.178075 0.002780 0.000000
-31.894905 -8.681637 0.004158 0.000000
-19.843469 -7.430947 0.004132 0.000000
21.009090 -3.479005 0.003942 0.000000
34.210443 -2.479413 0.000324 0.000000
-35.540591 -0.301536 0.000831 0.000000
-28.836720 -1.902048 0.001603 0.000000
-12.293403 -2.778537 0.003370 0.000000
-35.048424 5.291463 -0.001582 0.000000
-34.275303 3.760908 -0.000914 0.000000
-14.658038 -0.415384 0.001874 0.000000
17.106041 0.043729 0.000500 0.000000
25.198656 2.147025 -0.001323 0.000000
16.003133 0.911319 0.000028 0.000000
25.606401 3.883039 -0.002120 0.000000
24.200608 3.078167 0.001166 0.000000
22.417118 3.551781 0.000992 0.000000
-12.367124 -1.128367 0.001676 0.000000
-17.977967 -2.213776 0.000721 0.000000
-11.579213 -0.015702 0.001496 0.000000
-22.758078 2.442474 -0.001669 0.000000
-33.033961 3.714551 -0.003297 0.000000
33.501039 -1.448056 0.003061 0.000000
36.094893 -4.897886 0.004300 0.000000
-35.590028 -6.819831 -0.000143 0.000000
-22.460569 -6.340125 0.001256 0.000000
-16.422475 -6.145643 0.002232 0.000000
-27.524333 -2.894839 -0.000539 0.000000
-23.172978 -3.805375 0.000334 0.000000
-20.786929 -4.537765 0.000933 0.000000
33.474697 -3.910634 0.003873 0.000000
24.305932 -1.372010 0.002818 0.000000
15.262053 -1.184754 0.003039 0.000000
-36.179768 -1.487303 -0.001957 0.000000
-24.947274 -3.893134 0.000217 0.000000
-37.502602 -7.814904 0.000166 0.000000
21.626899 0.535727 0.002065 0.000000
26.932442 2.441306 0.001422 0.000000
22.086005 -3.158979 0.003328 0.000000
34.443823 -1.868557 0.003094 0.000000
-23.348819 -4.590440 0.000565 0.000000
-15.863049 -4.622584 0.001934 0.000000
-12.170550 -4.820146 0.002926 0.000000
-17.444722 -6.719119 0.002204 0.000000
1.095104 28.013148 0.030212 0.000000
-1.097468 25.698535 0.281344 0.000000
-0.433915 28.875144 -0.009770 0.000000
0.084853 28.985667 -0.009779 0.000000
1.095342 32.678610 0.770971 0.000000
-0.966934 29.391826 -0.010002 0.000000
-1.096454 20.605902 0.109404 0.000000
1.015024 32.219972 2.362319 0.000000
1.096542 32.699302 1.218801 0.000000
-1.094648 25.509775 0.608080 0.000000
-1.094016 20.940332 0.830481 0.000000
0.991278 15.642175 -0.004636 0.000000
0.916724 15.935526 -0.004781 0.000000
1.093934 15.390121 -0.003773 0.000000
-0.176300 14.583960 -0.004205 0.000000
-1.097047 32.080777 2.214757 0.000000
-17.511688 -0.022707 -0.000020 0.000000
18.771258 -0.495491 0.002369 0.000000
27.446252 1.456743 0.001561 0.000000
16.361934 0.396789 0.002154 0.000000
25.030567 2.810042 0.001018 0.000000
-16.651026 1.370469 -0.000409 0.000000
23.771784 1.726843 -0.001177 0.000000
19.529034 -1.195083 0.000648 0.000000
-23.842688 -4.563209 0.002946 0.000000
-16.378135 -4.730354 0.003565 0.000000
-27.196966 -7.517566 0.004171 0.000000
-18.296168 -6.842247 0.004303 0.000000
28.785327 -5.962839 0.001968 0.000000
17.056156 -3.703063 0.002155 0.000000
26.030823 -2.996077 0.000825 0.000000
-22.400077 -5.477592 0.003427 0.000000
25.887086 -4.340351 0.001452 0.000000
34.180729 -0.186247 -0.001031 0.000000
-35.773676 -4.129171 0.002508 0.000000
-27.055002 -4.812480 0.001031 0.000000
-35.675135 7.189207 -0.002576 0.000000
-17.677841 1.535549 0.000403 0.000000
-31.048807 -3.256132 0.002154 0.000000
25.646357 2.075471 -0.001268 0.000000
29.872915 -2.650649 0.000377 0.000000
22.215650 -0.600751 0.000066 0.000000
-22.849531 -0.415446 0.000937 0.000000
-15.700392 -1.601599 0.002117 0.000000
20.477116 3.084566 -0.001298 0.000000
-25.141203 1.322029 0.000029 0.000000
31.230560 4.394687 -0.002689 0.000000
13.880109 0.549609 0.000848 0.000000
-28.304012 0.328026 0.000805 0.000000
-21.756046 1.592478 0.000434 0.000000
14.824699 -0.457355 0.000875 0.000000
15.883455 0.976690 -0.000001 0.000000
1.095779 21.444636 0.907799 0.000000
1.097593 34.622765 1.189799 0.000000
1.097405 32.486961 2.098987 0.000000
1.094788 23.731631 1.616337 0.000000
-1.096565 34.744951 1.947059 0.000000
1.095105 31.358564 1.430886 0.000000
1.094448 23.046802 1.157710 0.000000
1.094530 23.718078 1.111971 0.000000
-1.098858 34.191876 1.247795 0.000000
-1.095248 21.134341 0.912500 0.000000
-1.095802 17.649831 0.658342 0.000000
-30.384543 -7.523031 0.001176 0.000000
39.105366 -4.146611 0.003626 0.000000
-35.754565 -2.197267 -0.001176 0.000000
38.648962 1.894786 0.001483 0.000000
25.431487 -0.758080 0.002194 0.000000
-37.332994 6.070075 -0.004441 0.000000
23.385940 2.892739 0.001107 0.000000
-37.455434 7.608937 -0.004990 0.000000
22.047735 0.722914 0.001698 0.000000
-11.985340 -0.159866 0.001994 0.000000
-35.773646 3.681290 -0.003346 0.000000
-23.976424 -2.314156 0.000016 0.000000
24.421786 1.920545 0.000979 0.000000
23.512305 2.666112 0.001981 0.000000
-19.977673 -3.580081 0.001052 0.000000
-25.736212 -6.261207 0.001301 0.000000
21.687576 -4.891616 0.003769 0.000000
32.159417 -1.271475 0.002410 0.000000
36.417421 -4.601835 0.003785 0.000000
19.618371 -2.709684 0.003012 0.000000
22.676794 -1.749006 0.001129 0.000000
36.219869 0.341411 0.001888 0.000000
19.068661 -0.291976 0.002094 0.000000
-36.209945 -7.193006 0.000626 0.000000
-23.382583 -6.667473 0.001734 0.000000
19.604139 -0.558818 0.002177 0.000000
25.397670 1.137324 0.001406 0.000000
-27.363642 -3.651628 0.000133 0.000000
15.474552 -4.091275 0.003821 0.000000
35.519283 -2.572135 0.002986 0.000000
-18.097532 -6.994561 0.002615 0.000000
-25.219198 -4.876069 0.000840 0.000000
-27.741449 -7.873921 0.001684 0.000000
-9.985423 -5.008073 0.004026 0.000000
-0.335676 10.975921 -0.002593 0.000000
1.093608 17.280562 0.097391 0.000000
1.096690 29.608679 1.959100 0.000000
0.936399 32.033232 2.360932 0.000000
-1.096584 33.867648 1.194826 0.000000
1.096974 21.559692 0.515778 0.000000
1.098366 29.484056 0.659468 0.000000
1.097598 25.214182 0.480884 0.000000
-34.665084 -1.581558 0.001693 0.000000
-13.349331 -2.722003 0.003248 0.000000
-30.711929 -2.921503 0.002314 0.000000
29.242515 3.052316 -0.002522 0.000000
17.732982 1.571971 -0.000289 0.000000
30.293482 5.208101 -0.003612 0.000000
-18.499789 -0.435387 0.001554 0.000000
18.851768 0.409463 -0.000217 0.000000
8.490402 -0.022221 7.801244 0.000000
-29.392394 -4.066901 0.002849 0.000000
15.346876 0.087666 0.000754 0.000000
24.179404 0.765669 -0.000665 0.000000
16.966622 -0.865416 0.000898 0.000000
-22.758531 -0.411568 0.001260 0.000000
-24.814931 0.766133 0.000678 0.000000
-22.306442 -1.317528 0.001666 0.000000
-23.301325 -2.142875 0.001968 0.000000
33.139322 -0.518537 -0.000798 0.000000
-25.450908 -8.792894 0.002624 0.000000
30.030119 -4.510099 0.001205 0.000000
28.570825 -1.606020 0.000096 0.000000
-36.643873 -5.748652 0.003083 0.000000
-21.669596 -5.500255 0.003345 0.000000
-15.392528 -5.421685 0.003873 0.000000
-19.354638 -2.722361 0.002360 0.000000
-13.242214 -3.829960 0.003592 0.000000
-30.477819 -5.472980 0.003034 0.000000
-24.434801 -5.964248 0.003402 0.000000
35.226951 -1.813753 -0.000232 0.000000
-30.604210 4.266785 -0.000933 0.000000
-14.233912 0.051843 0.000775 0.000000
-38.156481 4.504113 -0.001057 0.000000
30.458730 5.514369 -0.003182 0.000000
-28.025534 4.800161 -0.001128 0.000000
-24.244876 3.270441 -0.000586 0.000000
-19.815855 2.792505 -0.000141 0.000000
-12.025815 -4.010918 0.003927 0.000000
-24.699748 -5.517687 0.003209 0.000000
-17.070202 -5.439703 0.003681 0.000000
-13.054442 -5.432678 0.004251 0.000000
-31.330206 -9.451801 0.004655 0.000000
24.694104 -2.531937 0.002573 0.000000
36.883257 -0.725629 -0.000775 0.000000
19.052298 -0.745125 0.000629 0.000000
-22.946225 0.501425 0.000770 0.000000
-22.758951 -0.958433 0.001400 0.000000
-16.493266 0.105822 0.001421 0.000000
32.585773 5.040073 -0.002966 0.000000
-19.538578 -2.876173 0.002409 0.000000
-26.137334 -5.069977 0.002974 0.000000
24.292925 1.096316 -0.000708 0.000000
26.911494 2.589262 -0.001555 0.000000
1.088288 8.576411 -0.000522 0.000000
-28.017611 1.452329 -0.002537 0.000000
-19.045431 0.722469 -0.000866 0.000000
15.463376 -0.211157 0.002978 0.000000
9.266630 -0.780951 0.004189 0.000000
16.310393 1.232878 0.002420 0.000000
-33.325956 6.814936 -0.004833 0.000000
-1.098642 35.311683 2.136332 0.000000
-1.098584 34.932495 1.905061 0.000000
1.095511 32.469058 1.904252 0.000000
1.097290 32.200737 1.267959 0.000000
29.862811 -2.840442 0.002655 0.000000
-22.857270 -6.932752 0.002158 0.000000
35.606546 -6.441656 0.004106 0.000000
-33.718140 -3.707419 -0.000290 0.000000
39.291717 -6.309760 0.004319 0.000000
19.446206 -3.589091 0.001757 0.000000
30.716115 -2.479254 0.002672 0.000000
-37.696769 -0.516588 -0.001671 0.000000
29.613621 1.046882 0.001134 0.000000
-16.852505 -3.509384 0.001738 0.000000
-12.820979 -3.858289 0.002777 0.000000
-28.371294 -5.402058 0.000996 0.000000
-14.517630 -5.414363 0.002920 0.000000
21.339756 -0.904343 0.002014 0.000000
-14.466418 1.253574 0.000206 0.000000
-31.946411 5.811191 -0.003865 0.000000
-14.008230 0.561058 0.000609 0.000000
-31.557516 4.440287 -0.003288 0.000000
-15.822827 -2.903329 0.001625 0.000000
28.787293 -1.905013 0.002433 0.000000
34.527456 2.329711 0.000853 0.000000
-34.868196 3.825357 -0.003326 0.000000
23.699837 1.923662 0.000943 0.000000
23.567062 3.436990 0.000335 0.000000
-30.049466 -4.259126 0.000402 0.000000
-29.459340 4.481290 -0.000968 0.000000
-19.431458 1.008529 0.000914 0.000000
-28.745505 1.851666 0.000307 0.000000
26.591905 4.729501 -0.003494 0.000000
-16.271325 -2.256914 0.002754 0.000000
12.334591 -0.163626 0.001133 0.000000
26.114991 3.536215 -0.002864 0.000000
12.257477 0.310999 0.000901 0.000000
-15.348120 -1.249922 0.002362 0.000000
-23.153085 -1.319493 0.001907 0.000000
-17.940657 -4.404502 0.003846 0.000000
39.038559 -6.841355 0.000627 0.000000
32.460597 -2.858183 -0.000731 0.000000
39.331531 -1.315714 -0.002081 0.000000
29.281255 0.763895 -0.002194 0.000000
23.075789 0.996360 -0.001301 0.000000
-33.861159 -5.173014 0.004110 0.000000
-16.374959 -5.328064 0.004396 0.000000
36.493349 -1.596809 -0.001264 0.000000
-29.645096 -9.817462 0.006262 0.000000
29.356392 -5.309507 0.000760 0.000000
-0.993430 10.421016 -0.003355 0.000000
-0.829143 14.105046 -0.005696 0.000000
-0.594868 15.150837 -0.006322 0.000000
0.815802 24.748752 -0.011591 0.000000
0.334362 21.029103 -0.009620 0.000000
-0.033953 18.429237 -0.008198 0.000000
-0.336825 16.548650 -0.007135 0.000000
1.096767 21.435328 2.032595 0.000000
0.233393 31.925763 2.361121 0.000000
-1.094918 15.684240 1.411284 0.000000
-1.097246 29.980628 2.245812 0.000000
-0.580130 32.865524 2.358531 0.000000
-0.638535 31.343218 2.360244 0.000000
1.096236 31.760794 0.441084 0.000000
1.095285 23.048794 0.480213 0.000000
1.095725 26.394929 0.426936 0.000000
-1.097620 33.472136 0.458543 0.000000
-1.095275 18.104934 0.361444 0.000000
1.096228 31.679725 0.226685 0.000000
-1.096985 27.678386 0.354349 0.000000
-0.045285 34.026562 -0.014032 0.000000
-1.096215 22.541949 0.188594 0.000000
-0.528118 26.448050 -0.010668 0.000000
1.096264 32.053825 0.866367 0.000000
-1.097759 34.939120 0.030869 0.000000
-1.095931 21.030764 0.173350 0.000000
-0.710151 16.701487 -0.006043 0.000000
-1.098399 35.519600 0.698289 0.000000
-0.041850 14.835898 -0.005082 0.000000
1.096767 24.325123 0.412553 0.000000
-18.316064 2.408189 -0.000008 0.000000
-34.996297 -1.903637 0.000957 0.000000
18.054216 0.605768 0.001463 0.000000
28.968301 3.709257 -0.001654 0.000000
18.206657 1.949749 -0.000101 0.000000
-15.847748 0.936376 0.000915 0.000000
-38.782617 4.414053 -0.001710 0.000000
-16.453625 -0.843670 0.001606 0.000000
33.539707 2.411827 -0.001326 0.000000
-28.657368 -4.318628 0.002134 0.000000
-19.616202 0.964984 -0.001197 0.000000
18.098643 1.260543 0.002344 0.000000
-18.749966 -0.655524 -0.000472 0.000000
-20.016314 -1.274865 -0.000515 0.000000
14.508269 -1.017493 0.003334 0.000000
19.354985 0.203731 0.002700 0.000000
30.237443 2.827913 0.002096 0.000000
13.073714 -0.243415 0.003199 0.000000
-25.145200 -4.414068 -0.000217 0.000000
-28.122612 -4.171478 -0.000729 0.000000
-34.724093 -3.103200 -0.001942 0.000000
-24.707703 -5.001561 0.000042 0.000000
34.539936 7.137830 0.001164 0.000000
-15.869774 1.736310 -0.000682 0.000000
-33.199508 4.877056 -0.004264 0.000000
-16.855138 0.716001 -0.000376 0.000000
-20.970591 3.257715 -0.002058 0.000000
-24.798115 3.687605 -0.002786 0.000000
-25.888167 -4.954259 -0.000151 0.000000
-20.861727 -2.781756 -0.000053 0.000000
35.423690 -5.106629 0.005035 0.000000
-36.591028 -5.698390 -0.001309 0.000000
-22.310581 -0.545698 -0.001058 0.000000
-9.851956 -0.020127 7.806986 0.000000
-20.531986 0.083094 -0.000492 0.000000
-35.055894 0.884423 -0.002391 0.000000
-20.655765 -1.207942 0.000025 0.000000
26.217523 3.389264 0.000452 0.000000
-0.736129 7.032344 -0.000213 0.000000
0.096514 12.528668 -0.003739 0.000000
1.096139 23.368088 0.812640 0.000000
1.096450 25.417560 1.450474 0.000000
-1.095929 26.545960 0.831639 0.000000
-1.096634 35.430305 1.252249 0.000000
-1.095316 21.735490 0.930507 0.000000
1.096216 24.023030 1.647506 0.000000
-1.094718 22.810793 1.383145 0.000000
-1.095318 30.294146 1.500732 0.000000
-24.079645 -8.238327 0.004601 0.000000
33.877382 -4.788719 0.001059 0.000000
19.252831 -2.873623 0.001440 0.000000
31.736400 -1.527074 -0.000296 0.000000
-33.787547 -5.536849 0.001709 0.000000
22.154431 -1.066910 0.000270 0.000000
-20.523776 -2.642064 0.002269 0.000000
-34.504564 -5.689825 0.003259 0.000000
-27.346819 -6.228053 0.003604 0.000000
-24.667735 -2.118311 0.001559 0.000000
-31.788844 -4.440336 0.002351 0.000000
-25.592045 -8.243726 0.004554 0.000000
-35.296151 -5.187965 0.003027 0.000000
-21.258856 -5.144395 0.003356 0.000000
-15.210635 -5.038322 0.004101 0.000000
17.855352 -3.376204 0.001863 0.000000
23.258080 -2.557417 0.000845 0.000000
34.512197 -0.985180 -0.000715 0.000000
-15.388624 1.592030 0.000848 0.000000
14.744391 -1.585739 0.001571 0.000000
-30.242911 1.664869 -0.000063 0.000000
-27.640294 0.209472 0.000659 0.000000
-27.414380 -0.869613 0.001163 0.000000
19.191820 -0.551989 0.000373 0.000000
28.958152 1.553327 -0.001526 0.000000
12.802502 -0.756573 0.001606 0.000000
17.166646 0.475295 0.000166 0.000000
-15.775071 1.062975 0.001075 0.000000
-17.148500 0.717766 0.001117 0.000000
-21.940351 -4.771381 0.002892 0.000000
-32.114464 3.704880 -0.001520 0.000000
-17.113503 0.288934 0.000907 0.000000
-24.226419 0.765047 0.000061 0.000000
14.729049 0.789598 0.001080 0.000000
16.285078 1.833181 0.000405 0.000000
-28.052945 -1.200144 0.000693 0.000000
-35.764481 -3.416605 0.001273 0.000000
36.136572 2.742255 -0.001140 0.000000
35.147649 3.974349 -0.001608 0.000000
-30.409593 5.816240 -0.002311 0.000000
15.061008 -2.470606 0.002183 0.000000
21.427149 -1.459423 0.001201 0.000000
-32.944238 -3.601753 0.001438 0.000000
39.650331 -1.411934 0.000350 0.000000
26.711563 0.345143 0.000124 0.000000
-28.938150 -8.376236 0.003462 0.000000
-37.459091 -4.761493 0.001754 0.000000
-22.345923 -4.888989 0.002497 0.000000
-16.188501 -4.857375 0.003614 0.000000
38.430124 -3.063787 0.001034 0.000000
29.261139 0.916827 -0.000229 0.000000
-32.123834 -7.090381 0.002835 0.000000
1.095035 20.628911 0.937539 0.000000
1.093672 18.373831 1.842919 0.000000
1.095267 34.986785 1.832245 0.000000
-0.197710 31.784009 2.363220 0.000000
1.095323 35.027158 1.302055 0.000000
-20.799129 -0.446837 -0.000652 0.000000
-16.279203 0.509638 -0.000284 0.000000
-17.708369 0.109988 -0.000456 0.000000
28.146663 2.945493 0.001646 0.000000
28.513643 4.872462 0.000986 0.000000
-16.349604 1.831889 -0.000779 0.000000
-15.878864 1.057790 -0.000390 0.000000
-17.879948 0.627417 -0.000155 0.000000
-18.334638 0.157004 -0.000051 0.000000
-20.004014 -0.342731 -0.000093 0.000000
19.837213 1.157628 0.001216 0.000000
33.936213 4.933472 -0.000421 0.000000
-35.776045 -7.794860 0.001296 0.000000
-24.255294 -7.268691 0.002143 0.000000
22.878041 -3.875170 0.003149 0.000000
21.426725 -1.728683 0.002331 0.000000
-38.707622 -3.157218 -0.000787 0.000000
-36.697451 -4.578278 -0.000063 0.000000
30.867270 -2.677900 0.000331 0.000000
22.332384 -0.848302 0.001960 0.000000
37.209434 1.799916 0.000920 0.000000
-23.588097 3.982971 -0.002355 0.000000
-25.498102 3.399794 -0.002280 0.000000
-35.950098 4.894372 -0.003798 0.000000
-25.713650 1.225181 -0.000927 0.000000
16.943352 -0.768839 0.002193 0.000000
30.700958 -1.917730 0.002305 0.000000
38.791286 -0.116283 0.001701 0.000000
-18.616826 -4.900263 0.001974 0.000000
21.262345 0.713205 0.000166 0.000000
-26.826025 -4.720084 0.000882 0.000000
15.980186 -1.781771 0.002703 0.000000
16.962404 -3.366381 0.003252 0.000000
30.292403 -5.480388 0.003728 0.000000
-13.819819 -1.446739 0.001532 0.000000
-32.914029 0.157466 -0.001635 0.000000
-19.926964 -1.591484 0.000453 0.000000
-39.601476 -1.986403 -0.001286 0.000000
-24.487740 -3.105202 0.000486 0.000000
21.976675 1.571087 0.000955 0.000000
21.686627 3.253780 0.000257 0.000000
-35.081173 -0.713521 0.001936 0.000000
18.086963 1.629948 -0.001026 0.000000
-33.610334 1.367746 0.001201 0.000000
-22.439659 2.968305 0.000138 0.000000
-29.453469 3.872824 -0.000289 0.000000
-19.016974 2.647753 0.000185 0.000000
1.096835 24.676688 0.520586 0.000000
1.098091 33.424918 0.521982 0.000000
-1.095676 29.608525 0.269711 0.000000
-0.914731 33.611655 -0.015373 0.000000
0.112000 11.838711 -0.004067 0.000000
0.918479 28.277125 -0.012872 0.000000
0.392413 27.120812 -0.012280 0.000000
1.094381 17.312034 0.763996 0.000000
-0.100724 26.632725 -0.012017 0.000000
1.096819 24.542329 0.701211 0.000000
-0.726636 13.774825 -0.005204 0.000000
-0.584323 26.708748 -0.012035 0.000000
-1.083057 14.991440 -0.005894 0.000000
-1.090883 27.376737 -0.012343 0.000000
-1.094894 21.752569 0.268130 0.000000
1.096738 23.690296 2.210048 0.000000
0.814109 27.282879 2.359797 0.000000
-1.096045 23.307564 1.808121 0.000000
-1.095734 31.943806 2.306834 0.000000
-1.095761 32.313783 2.113625 0.000000
-1.097881 30.381129 2.156546 0.000000
1.095599 31.091471 2.008745 0.000000
0.946808 32.929500 2.360891 0.000000
-0.849224 12.658236 -0.003418 0.000000
-0.609705 16.221499 -0.005226 0.000000
1.076506 13.904369 -0.004102 0.000000
-0.100783 13.702674 -0.003976 0.000000
27.333992 -4.317017 0.001578 0.000000
-19.979907 -6.844359 0.003259 0.000000
25.968627 -1.686029 0.000666 0.000000
32.217126 0.426087 -0.000515 0.000000
-31.351457 -4.274059 0.002085 0.000000
-15.091857 -2.733287 0.002684 0.000000
-39.066669 -3.010327 0.001524 0.000000
-27.627679 -5.162283 0.002604 0.000000
26.159409 -3.578816 0.001377 0.000000
20.290008 -1.545009 0.001100 0.000000
-17.636843 -2.826729 0.002343 0.000000
-15.999449 -4.833742 0.003306 0.000000
38.669142 -0.242184 -0.000465 0.000000
14.169098 -1.721295 0.002087 0.000000
17.408767 -0.078797 0.000896 0.000000
16.104630 -1.486884 0.001651 0.000000
-28.970202 -5.097111 0.002475 0.000000
36.310531 -5.271814 0.001561 0.000000
17.972512 -3.054746 0.001996 0.000000
25.705473 -2.050527 0.000878 0.000000
-18.854985 2.638144 0.000086 0.000000
21.258654 2.049182 -0.000414 0.000000
-22.630721 1.743209 0.000031 0.000000
-21.951480 -0.218679 0.000998 0.000000
-17.903954 -0.362657 -0.000361 0.000000
-24.943011 -4.159863 -0.000358 0.000000
-18.256395 -4.404954 0.002444 0.000000
18.075077 -0.091153 0.000373 0.000000
-20.369123 -2.287108 -0.000197 0.000000
-37.960326 -5.836171 -0.001561 0.000000
-29.987215 -6.440700 -0.000347 0.000000
33.053952 -3.201031 0.004384 0.000000
26.960429 -0.663099 0.003234 0.000000
22.895744 -2.641705 0.003766 0.000000
34.035016 -1.125041 0.003755 0.000000
-21.053463 -7.288999 0.001292 0.000000
-27.850359 -4.692049 -0.000618 0.000000
-18.227172 -4.816816 0.001054 0.000000
-13.437938 -4.997768 0.003061 0.000000
-33.423350 -8.329328 -0.000185 0.000000
-10.842901 -4.997119 0.003200 0.000000
-30.016101 -5.086084 -0.000793 0.000000
-14.125012 -5.138509 0.002141 0.000000
-36.414369 -9.201516 -0.000274 0.000000
-11.129860 -5.167628 0.003133 0.000000
-22.263815 -7.771903 0.001237 0.000000
37.695513 -1.339867 0.004060 0.000000
1.094794 20.503839 0.361644 0.000000
-1.097065 27.341073 0.978763 0.000000
-1.097923 35.373170 0.844921 0.000000
-1.095329 30.604413 1.421652 0.000000
-1.095194 25.045668 1.454854 0.000000
-1.095045 23.670131 1.305452 0.000000
1.098241 33.697221 2.074706 0.000000
1.095196 17.023147 1.576403 0.000000
-1.095118 24.273984 1.557907 0.000000
-1.095787 33.821057 1.987363 0.000000
-34.848434 -0.209717 -0.000918 0.000000
-39.106067 -1.386030 -0.000657 0.000000
36.568393 2.806500 -0.000418 0.000000
-37.870301 2.938042 -0.002399 0.000000
33.622416 1.249796 -0.002229 0.000000
-23.508009 -0.058221 0.001292 0.000000
-20.053209 -2.014239 0.002333 0.000000
-20.127947 -2.786435 0.002683 0.000000
-18.337275 -4.714216 0.003665 0.000000
-34.399767 -3.523175 0.002825 0.000000
-23.613846 -4.273020 0.003223 0.000000
28.770017 -3.708082 0.000739 0.000000
25.206272 -1.213917 -0.000079 0.000000
35.185242 6.819788 -0.004919 0.000000
-18.524402 1.757322 0.000644 0.000000
-19.241672 1.169628 0.000884 0.000000
-21.476023 0.792535 0.000959 0.000000
33.812144 4.260867 -0.003633 0.000000
-28.241897 5.065101 -0.001615 0.000000
-38.980245 1.358607 -0.000079 0.000000
-27.072958 2.577358 -0.000460 0.000000
-15.646428 -0.040211 0.001477 0.000000
19.933140 -1.163147 0.000468 0.000000
-37.866184 -8.390120 0.004649 0.000000
33.847271 -3.166365 0.000131 0.000000
27.358934 0.576947 -0.001081 0.000000
13.065135 -1.056156 0.001631 0.000000
-29.450652 -4.366572 0.002876 0.000000
-19.137177 -4.607608 0.003357 0.000000
21.249171 -1.769643 0.000583 0.000000
-34.680630 -11.023930 0.005804 0.000000
27.432223 2.379286 -0.001910 0.000000
-28.255874 -3.379742 0.002451 0.000000
-20.160151 -3.904941 0.001055 0.000000
27.642766 1.329705 -0.001447 0.000000
12.304897 -0.832771 0.001721 0.000000
-16.216749 -2.437672 0.002660 0.000000
29.302365 3.903934 -0.002754 0.000000
34.650526 6.530905 -0.004313 0.000000
-23.181581 -1.543166 0.001762 0.000000
0.596595 15.097902 -0.006010 0.000000
0.990072 17.525865 -0.005729 0.000000
-21.616557 2.352815 -0.000957 0.000000
-29.052837 3.274979 -0.001993 0.000000
-16.078888 0.200354 0.000654 0.000000
19.115956 2.479358 0.000607 0.000000
-25.315217 -0.622281 -0.000203 0.000000
-29.222935 -2.325161 0.000093 0.000000
-20.166035 -3.170010 0.000947 0.000000
18.977229 0.917392 0.001230 0.000000
18.555416 1.572748 0.001001 0.000000
-1.096842 33.494120 1.575676 0.000000
-1.097416 27.557978 1.104531 0.000000
1.095002 23.854887 1.265084 0.000000
-24.013397 -7.072597 0.004477 0.000000
27.922080 -4.103228 0.003752 0.000000
-34.848013 -3.985588 -0.000931 0.000000
-28.990592 -7.697267 0.000985 0.000000
27.481759 -2.112495 0.003047 0.000000
34.194548 -0.555289 0.002691 0.000000
-31.892296 -5.504850 -0.000093 0.000000
-36.669003 -9.606909 0.000838 0.000000
-21.661959 -7.882321 0.001986 0.000000
33.043442 -5.806838 0.004487 0.000000
26.624584 -2.569426 0.003194 0.000000
28.006852 -0.278765 0.002410 0.000000
-21.431678 2.409603 -0.001770 0.000000
-21.620831 0.754875 -0.001205 0.000000
-24.275345 0.257532 -0.001431 0.000000
23.174744 1.924659 0.001839 0.000000
-28.781553 -1.194964 0.000049 0.000000
-26.420508 3.070718 -0.001645 0.000000
-16.583912 -4.492771 0.002719 0.000000
31.496260 -4.585213 0.002430 0.000000
-38.643742 -4.382681 0.000990 0.000000
32.119372 -3.698858 0.002034 0.000000
23.473498 -1.317109 0.001304 0.000000
11.620947 -1.960745 0.003052 0.000000
-39.431020 -8.299422 0.002643 0.000000
34.641924 0.714521 0.000071 0.000000
15.641137 -0.424521 0.001586 0.000000
-28.461882 -7.869543 0.003003 0.000000
-18.539046 -7.005274 0.003491 0.000000
25.279171 -2.150635 0.001580 0.000000
1.095103 16.817203 0.079971 0.000000
1.096538 22.315117 0.311252 0.000000
1.097364 26.847148 1.741042 0.000000
-1.095098 24.607086 1.872312 0.000000
1.095763 22.830934 2.002678 0.000000
1.096804 25.999150 2.224912 0.000000
-1.095872 22.187354 0.772281 0.000000
-0.512227 11.111728 -0.003432 0.000000
0.070871 9.732684 -0.002542 0.000000
1.082695 16.084681 -0.006366 0.000000
0.847080 20.770380 -0.008815 0.000000
-0.152812 19.965369 -0.008381 0.000000
1.026877 19.136994 -0.007983 0.000000
-0.519828 20.272061 -0.008531 0.000000
0.073894 17.656625 -0.007184 0.000000
-0.906266 20.933538 -0.008859 0.000000
-0.245293 16.725683 -0.006681 0.000000
-1.094397 17.401537 0.064333 0.000000
0.321388 11.184296 -0.003495 0.000000
-0.833090 15.741451 -0.006134 0.000000
-0.293114 11.920451 -0.003940 0.000000
0.969586 20.951192 -0.008909 0.000000
0.574221 20.260309 -0.008549 0.000000
1.097372 30.427052 1.109352 0.000000
1.096612 25.007567 1.289490 0.000000
-27.575952 4.109061 -0.001230 0.000000
16.230894 0.494370 0.000537 0.000000
24.841769 2.946961 -0.001488 0.000000
-27.555510 2.680941 -0.000595 0.000000
-26.341770 1.410627 0.000007 0.000000
-27.328857 0.513738 0.000368 0.000000
-13.175835 -1.574506 0.002544 0.000000
-31.120939 -0.214407 0.000582 0.000000
18.368971 -0.391657 0.000639 0.000000
26.724054 1.557887 -0.001008 0.000000
-16.941128 -0.009207 0.000547 0.000000
28.098700 0.693549 0.001198 0.000000
16.300353 -0.088083 0.001977 0.000000
24.125405 1.954574 0.000797 0.000000
24.233096 -2.949486 0.002468 0.000000
-32.144318 -8.386018 0.001860 0.000000
26.246697 -5.648442 0.003387 0.000000
12.130505 -3.998249 0.003989 0.000000
-33.097172 -6.699830 0.001196 0.000000
-17.701532 -3.259382 0.001611 0.000000
34.874786 0.015371 0.001449 0.000000
-22.151888 -2.481473 0.000716 0.000000
24.012853 3.456703 0.000243 0.000000
-26.128409 2.707944 -0.001591 0.000000
-36.459201 7.677172 -0.004117 0.000000
-19.522595 1.804955 -0.000476 0.000000
-30.209951 -3.430844 0.000396 0.000000
15.640628 -1.095682 0.002347 0.000000
21.091956 2.030517 0.000739 0.000000
22.709973 -2.713224 0.002435 0.000000
33.981630 -1.227614 0.001729 0.000000
-23.807274 -0.510931 -0.000098 0.000000
-16.263141 -1.698635 0.001358 0.000000
38.043840 7.670854 -0.001510 0.000000
-32.778599 0.559545 -0.002729 0.000000
-23.316157 1.745613 -0.001909 0.000000
-11.792438 -0.402552 0.001372 0.000000
-14.369180 -0.302063 0.000750 0.000000
-36.511496 3.172575 -0.004080 0.000000
22.316484 0.439726 0.002390 0.000000
22.425589 1.340124 0.002064 0.000000
24.111001 2.613720 0.001627 0.000000
27.709706 4.545957 0.001032 0.000000
-26.257720 4.391984 -0.003198 0.000000
1.096042 26.898519 1.314177 0.000000
-1.097004 30.542518 1.079239 0.000000
1.094996 20.074234 0.794919 0.000000
-1.097001 30.171164 1.845067 0.000000
-30.840569 -10.043662 0.004319 0.000000
-36.669261 -3.439864 0.001334 0.000000
-24.891420 -4.260573 0.002160 0.000000
-15.964630 -5.084348 0.003346 0.000000
22.224926 -4.503927 0.002343 0.000000
36.404350 -3.930470 0.001393 0.000000
19.129515 -2.385716 0.001726 0.000000
-19.835255 -1.775056 0.001410 0.000000
-37.940065 -2.388498 0.000705 0.000000
25.736965 0.278178 0.000042 0.000000
-24.460333 -4.114082 0.002124 0.000000
-29.586341 -7.190962 0.003167 0.000000
30.052465 -3.248999 0.001340 0.000000
-27.868293 1.957280 -0.000609 0.000000
-23.036894 3.883136 -0.001230 0.000000
-22.566353 2.831973 -0.000725 0.000000
21.050402 2.493554 -0.000610 0.000000
-24.090249 -2.684061 0.001537 0.000000
25.376970 -0.567387 0.000431 0.000000
-27.681510 0.539064 -0.000057 0.000000
-24.662898 -0.781356 0.000679 0.000000
-23.624527 -1.778135 0.001177 0.000000
-25.388043 2.399827 0.000161 0.000000
-20.408116 0.211326 0.001294 0.000000
-24.203032 -2.494936 0.002338 0.000000
16.189634 0.310349 0.000273 0.000000
16.631434 1.729514 -0.000461 0.000000
-24.039235 -3.725990 0.003039 0.000000
21.368871 -4.785927 0.001596 0.000000
35.677316 -4.447241 0.000067 0.000000
23.097459 -1.518467 -0.000041 0.000000
37.432407 0.674137 -0.002302 0.000000
19.454719 -0.130316 -0.000183 0.000000
-34.935923 -7.228098 0.004305 0.000000
-26.830520 -3.759704 0.002831 0.000000
-22.730969 -6.692461 0.004177 0.000000
24.982562 -2.266105 0.000250 0.000000
31.069965 -0.870041 -0.000899 0.000000
29.078745 -2.608707 0.000019 0.000000
-29.712915 -8.294188 0.004744 0.000000
-18.944795 -7.229549 0.004574 0.000000
36.157725 -6.174554 0.001017 0.000000
17.828374 -1.738371 0.000918 0.000000
-17.481620 -5.046065 0.003778 0.000000
1.051551 15.130032 -0.005661 0.000000
0.819765 8.871118 -0.001853 0.000000
1.085392 9.700795 -0.002432 0.000000
1.097011 27.675909 2.313592 0.000000
1.092601 13.342350 1.613486 0.000000
0.758683 27.355161 2.362713 0.000000
1.095860 35.246536 2.105896 0.000000
1.095768 32.427335 0.781783 0.000000
-1.097397 27.408115 0.746145 0.000000
-1.097874 31.134205 0.515830 0.000000
1.095052 24.229471 0.690840 0.000000
1.095414 27.692342 0.787142 0.000000
1.094534 20.675447 0.710604 0.000000
-1.095542 23.270009 0.179432 0.000000
-1.097749 30.240079 0.204774 0.000000
1.095329 26.494432 0.178691 0.000000
-0.364880 33.923626 -0.012107 0.000000
-0.887241 31.437461 -0.011169 0.000000
0.988258 17.276558 -0.005241 0.000000
-18.644391 -1.929295 0.001018 0.000000
-25.549819 3.491616 -0.001947 0.000000
-24.934021 2.350230 -0.001457 0.000000
-26.456174 1.630889 -0.001338 0.000000
-31.021118 1.200889 -0.001583 0.000000
27.960927 3.025340 0.000197 0.000000
17.349384 1.469076 0.001183 0.000000
-36.019961 1.705813 -0.003000 0.000000
20.749208 -0.002356 0.002144 0.000000
32.430014 2.599314 0.001287 0.000000
18.207659 0.954225 0.001855 0.000000
29.829058 4.190200 0.000617 0.000000
-22.445776 -4.066300 0.000674 0.000000
36.196953 -1.314081 0.002865 0.000000
-19.462219 -6.679994 0.002063 0.000000
-27.760354 -7.065529 0.001082 0.000000
22.518844 -5.154555 0.004018 0.000000
20.777451 -2.850704 0.003208 0.000000
-20.794318 -1.722042 0.000058 0.000000
17.093397 -0.891322 0.002629 0.000000
-17.538925 -2.583936 0.000937 0.000000
-15.630374 -3.227496 0.001569 0.000000
19.743014 -2.293927 0.003032 0.000000
29.468119 -0.879850 0.002504 0.000000
12.939352 -1.839685 0.003429 0.000000
-35.998947 3.825014 -0.003566 0.000000
-15.888430 1.583999 -0.000259 0.000000
-33.300039 -3.242032 -0.000679 0.000000
-29.007531 -6.921386 0.001100 0.000000
25.895145 -1.307605 0.002422 0.000000
29.579210 0.088229 0.001932 0.000000
12.995481 -1.399564 0.003152 0.000000
37.575716 2.374970 0.001273 0.000000
14.627094 -0.687664 0.001160 0.000000
-23.657214 -7.005398 0.001739 0.000000
-9.415205 -4.832290 0.004189 0.000000
-16.305419 -6.492682 0.002691 0.000000
35.839864 -5.484833 0.004144 0.000000
18.041947 -3.173189 0.003303 0.000000
26.162822 -2.200901 0.002757 0.000000
29.940786 5.182986 0.000009 0.000000
-22.700822 -0.139959 -0.000673 0.000000
-16.939196 -2.447972 0.001117 0.000000
33.278513 4.738180 0.000256 0.000000
8.171481 -0.022816 7.800105 0.000000
-22.285587 0.611197 0.000662 0.000000
-38.120092 1.751249 -0.000148 0.000000
26.560796 4.414879 -0.002698 0.000000
36.547611 0.657840 -0.001596 0.000000
39.580960 2.506604 -0.002609 0.000000
16.072245 0.164370 0.000483 0.000000
-32.260828 6.331371 -0.002254 0.000000
-18.562675 1.494184 0.000471 0.000000
-1.307648 6.307110 -0.000042 0.000000
-0.850221 26.808200 -0.012094 0.000000
0.531128 26.022671 -0.011731 0.000000
1.096677 21.518056 0.088856 0.000000
1.093508 12.388429 0.240263 0.000000
0.075334 25.791661 -0.011608 0.000000
0.848071 26.167498 -0.011810 0.000000
-0.378302 26.029201 -0.011717 0.000000
0.349910 23.707072 -0.010569 0.000000
1.038306 23.188390 -0.010321 0.000000
-0.071437 21.983541 -0.009686 0.000000
0.524664 19.569660 -0.008446 0.000000
-1.094413 21.737193 0.071327 0.000000
0.137278 17.085815 -0.007107 0.000000
-0.802255 20.077489 -0.008687 0.000000
1.008779 26.758815 -0.012105 0.000000
1.098412 30.797319 0.118485 0.000000
1.098685 32.385891 2.073563 0.000000
-1.094370 21.595134 1.642143 0.000000
-0.869175 32.945864 2.358325 0.000000
0.018610 31.871316 2.358621 0.000000
1.096277 25.750742 1.930247 0.000000
1.090138 8.274169 -0.000107 0.000000
0.449078 6.548280 -0.000068 0.000000
-25.060102 -4.612590 0.002762 0.000000
-19.526211 -7.068816 0.004096 0.000000
30.650004 -6.163812 0.001973 0.000000
17.766864 -3.736807 0.002124 0.000000
27.781825 -3.002417 0.000820 0.000000
25.582149 -1.650216 0.002635 0.000000
-37.941397 -7.125951 0.003575 0.000000
34.618927 -4.617255 0.001090 0.000000
13.678895 -3.383734 0.002705 0.000000
15.889765 -1.358471 0.001393 0.000000
-23.451241 -2.383208 0.001886 0.000000
-18.652323 -3.218633 0.002569 0.000000
-24.190131 -3.370636 0.002273 0.000000
-13.883272 -4.183869 0.003584 0.000000
-19.727400 -4.156911 0.002875 0.000000
-36.121462 -7.175488 0.003608 0.000000
-21.779639 -6.428365 0.003684 0.000000
16.972615 -3.524569 0.002152 0.000000
33.412544 -1.357485 -0.000236 0.000000
22.786205 -0.658093 0.000124 0.000000
35.488477 1.743910 -0.001831 0.000000
29.796289 3.167203 -0.002112 0.000000
-29.265670 4.621626 -0.001272 0.000000
-36.000678 4.890439 -0.001453 0.000000
27.402971 4.470434 -0.002523 0.000000
-35.919955 -6.744711 0.003428 0.000000
-19.351723 -3.324849 0.000992 0.000000
-36.826756 -3.333213 -0.001007 0.000000
22.250681 -1.575676 0.002635 0.000000
33.319148 0.246856 0.002111 0.000000
-38.790957 -6.897840 0.000007 0.000000
-23.211881 -6.276315 0.001396 0.000000
25.586402 0.180741 0.002015 0.000000
-22.718814 -5.720226 0.001280 0.000000
1.094638 21.766349 1.108201 0.000000
1.095777 34.648415 1.450629 0.000000
1.095333 28.010253 1.619044 0.000000
-1.098309 33.671978 1.776225 0.000000
-1.096436 21.328191 1.268969 0.000000
-1.097889 30.326574 1.303078 0.000000
-1.096330 27.763336 1.267872 0.000000
-32.846170 1.284018 -0.002208 0.000000
-29.130740 -0.306856 -0.001247 0.000000
-12.871564 -2.068169 0.001981 0.000000
-28.114055 -1.477547 -0.000696 0.000000
-28.280521 4.349954 -0.003082 0.000000
-38.534803 3.898340 -0.003854 0.000000
24.078205 3.358550 0.000475 0.000000
-29.316743 -2.546299 -0.000410 0.000000
-33.088615 5.468749 -0.001594 0.000000
-32.579368 4.046633 -0.000946 0.000000
-35.868937 3.334149 -0.000621 0.000000
-15.316032 -0.616114 0.001928 0.000000
19.957220 0.852569 -0.000459 0.000000
33.014248 4.206473 -0.003137 0.000000
19.231354 2.003783 -0.000908 0.000000
36.001187 7.111022 -0.004644 0.000000
-24.440275 -3.661255 0.002502 0.000000
-36.033913 -7.489147 0.003966 0.000000
-25.057829 -7.162822 0.004003 0.000000
25.256005 -5.146972 0.001836 0.000000
11.871386 -3.786401 0.003288 0.000000
15.432229 -3.366320 0.002275 0.000000
22.098472 -2.631094 0.001030 0.000000
38.748291 -0.849835 -0.000933 0.000000
14.744556 -1.926533 0.001768 0.000000
-21.119396 -1.730040 0.001943 0.000000
-19.504171 -2.571067 0.002422 0.000000
-18.941423 -3.314921 0.002797 0.000000
28.025428 -1.176489 -0.000135 0.000000
16.000949 -1.133963 0.001173 0.000000
22.673459 0.356755 -0.000365 0.000000
-24.322973 -0.619500 0.001302 0.000000
-34.763465 3.048051 -0.000897 0.000000
-18.847922 -0.101113 0.001121 0.000000
-17.572651 1.247570 0.000623 0.000000
-11.575547 -0.370360 0.002338 0.000000
22.249700 -2.418648 0.000920 0.000000
37.142160 0.872223 -0.001613 0.000000
-19.235659 -6.124040 0.003860 0.000000
-22.467290 -3.627506 0.002577 0.000000
-15.979505 -4.024627 0.003283 0.000000
-27.546203 -6.329743 0.003569 0.000000
-23.949333 -4.782859 0.003013 0.000000
-6.778850 -4.231370 0.006315 0.000000
-26.089034 -7.585767 0.004153 0.000000
-17.359017 -6.831380 0.004316 0.000000
38.872209 -6.541079 0.001569 0.000000
-32.343398 -1.462173 0.001343 0.000000
37.815776 3.907486 -0.002675 0.000000
13.992244 -0.168512 0.001227 0.000000
34.868710 4.764872 -0.002917 0.000000
13.940501 0.376704 0.000979 0.000000
36.314990 6.535624 -0.003766 0.000000
14.505469 1.091912 0.000529 0.000000
9.002459 -0.282077 0.002754 0.000000
-36.559304 6.793168 -0.002269 0.000000
26.250902 3.066536 -0.001760 0.000000
24.404331 3.632929 -0.001863 0.000000
-30.663684 2.685242 -0.000441 0.000000
-1.096235 24.477896 0.571678 0.000000
0.466803 27.990568 -0.011782 0.000000
1.096123 27.058260 0.384140 0.000000
-0.021424 25.414296 -0.010578 0.000000
1.078905 31.784874 -0.013524 0.000000
1.095444 22.275939 0.818737 0.000000
0.482014 33.831811 2.359120 0.000000
-0.408523 30.882066 2.359908 0.000000
1.091124 9.636724 1.402971 0.000000
1.019854 33.332989 2.359249 0.000000
-1.097701 30.666364 2.242493 0.000000
-1.095952 19.910677 1.629166 0.000000
1.095046 22.836150 0.147320 0.000000
1.094496 19.594064 0.173856 0.000000
1.084557 30.085178 -0.010685 0.000000
-1.097287 28.136786 0.097582 0.000000
-0.306290 29.485159 -0.010509 0.000000
-0.780504 27.818962 -0.009864 0.000000
0.001810 21.220248 -0.007105 0.000000
-0.358187 18.800434 -0.006070 0.000000
27.102907 -5.636398 0.003554 0.000000
16.068554 -1.997942 0.002741 0.000000
24.227591 -2.116452 0.002323 0.000000
-25.598557 -3.195249 0.000540 0.000000
-33.737166 -6.257620 0.000944 0.000000
26.476051 -0.309273 0.001616 0.000000
33.022970 1.634842 0.000887 0.000000
27.628899 -2.234774 0.002313 0.000000
38.182870 -5.767649 0.003658 0.000000
-16.697214 0.997145 0.000675 0.000000
21.388828 1.697048 0.000982 0.000000
-19.286117 0.082079 -0.000144 0.000000
-18.573104 -1.161171 0.000471 0.000000
-34.057051 -1.116719 -0.001251 0.000000
20.962140 2.821145 0.000553 0.000000
10.751921 0.207378 0.002733 0.000000
37.701830 3.606776 0.000448 0.000000
14.776216 -0.134391 0.002255 0.000000
31.743987 1.329505 0.001222 0.000000
-32.013753 -2.483856 -0.000664 0.000000
-20.549253 -3.327328 0.000952 0.000000
-12.558369 -4.083682 0.002859 0.000000
-28.276899 -5.976707 0.001057 0.000000
29.532317 -0.127806 0.001772 0.000000
-28.162912 5.045052 -0.003189 0.000000
-37.178743 6.444789 -0.004496 0.000000
-28.231494 -7.556440 0.001670 0.000000
-19.042668 -6.902041 0.002541 0.000000
35.984193 -6.809891 0.004498 0.000000
19.317763 -3.849437 0.003384 0.000000
31.404122 -3.077171 0.002955 0.000000
-25.573437 -2.243399 -0.000111 0.000000
-17.113787 -3.805964 0.001698 0.000000
15.298180 -3.431484 0.003531 0.000000
20.355152 -2.759941 0.002913 0.000000
31.448441 -1.440564 0.002313 0.000000
-14.093336 -5.819677 0.003081 0.000000
-19.107683 -5.977795 0.002186 0.000000
-38.146200 -11.382185 0.002279 0.000000
32.246463 -1.526912 0.002359 0.000000
1.096183 23.897725 1.084234 0.000000
-1.096304 30.081836 0.893274 0.000000
1.097503 34.009983 0.478339 0.000000
0.893835 31.972265 -0.012553 0.000000
0.319428 33.462793 -0.013209 0.000000
-1.095526 30.917349 0.898588 0.000000
1.097987 30.796974 0.797929 0.000000
1.096401 21.546087 1.765252 0.000000
0.594063 35.048687 2.357787 0.000000
-1.095670 34.555363 2.156479 0.000000
21.365172 0.894314 -0.000136 0.000000
37.240111 4.765550 -0.002759 0.000000
-22.260052 1.032634 0.000170 0.000000
-20.903302 -0.013175 0.000738 0.000000
-20.907996 -0.817289 0.001099 0.000000
26.828648 -0.182020 -0.000065 0.000000
30.646728 5.466482 -0.002801 0.000000
-39.283939 2.211033 -0.001285 0.000000
-34.655134 0.278100 -0.000351 0.000000
-33.840200 -1.097776 0.000235 0.000000
-36.260604 -2.365803 0.000658 0.000000
26.990191 -1.215239 0.000855 0.000000
20.633267 0.060310 0.000737 0.000000
33.892910 3.001858 -0.001112 0.000000
-34.397721 -5.641761 0.002036 0.000000
-20.734257 -5.430708 0.002751 0.000000
-23.737118 -8.289559 0.003621 0.000000
19.170178 -4.759483 0.002819 0.000000
30.655408 -4.494421 0.002018 0.000000
28.941323 -1.545521 0.000901 0.000000
-38.599240 -3.235695 0.000931 0.000000
-26.242198 -4.171762 0.001838 0.000000
-17.012443 -5.113712 0.003045 0.000000
36.851345 -5.525848 0.002248 0.000000
28.973066 4.754513 -0.001704 0.000000
-37.017020 6.660735 -0.002978 0.000000
-22.332012 3.087698 -0.000874 0.000000
-29.629752 -5.958191 0.002365 0.000000
26.732981 -3.387984 0.001742 0.000000
38.453080 -2.028372 0.000810 0.000000
24.909624 0.020793 0.000461 0.000000
-10.164155 -0.818873 0.002812 0.000000
-17.746942 0.511423 0.000654 0.000000
-24.886522 1.053991 -0.000208 0.000000
-23.747807 -0.590494 0.000545 0.000000
-38.916449 -1.338704 0.000159 0.000000
18.577045 1.239385 0.000430 0.000000
21.219533 2.673453 -0.000402 0.000000
