# .PCD v0.7 - Point Cloud Data file format
VERSION 0.7
FIELDS x y z intensity
SIZE 4 4 4 4
TYPE F F F F
COUNT 1 1 1 1
WIDTH 16585
HEIGHT 1
VIEWPOINT 0 0 0 1 0 0 0
POINTS 16585
DATA ascii
7.432067 -0.015802 5.739449 0.000000
-9.545685 -0.036044 3.499789 0.000000
-9.446355 -0.030356 4.825541 0.000000
-9.716493 -0.013115 4.544435 0.000000
-9.872710 -0.030491 4.396925 0.000000
-9.877719 -0.020766 5.264001 0.000000
8.873867 -0.020438 7.239633 0.000000
8.450452 -0.027577 6.895717 0.000000
9.488423 -0.036975 7.773411 0.000000
8.122197 -0.049827 6.489071 0.000000
9.140489 -0.036937 7.194882 0.000000
7.623966 -0.032930 6.151695 0.000000
8.641188 -0.054870 6.711102 0.000000
-9.486722 -0.007283 3.982416 0.000000
9.793753 -0.024779 7.293601 0.000000
8.309523 -0.036138 6.392757 0.000000
7.122040 -0.021104 5.216876 0.000000
9.277194 -0.051140 6.691798 0.000000
7.834648 -0.002156 5.825982 0.000000
6.833486 -0.053539 5.191762 0.000000
8.894646 -0.012743 6.359282 0.000000
7.669092 -0.002851 5.543123 0.000000
6.648855 -0.001536 4.785103 0.000000
8.513993 -0.019230 5.848660 0.000000
7.313097 -0.000952 5.145536 0.000000
-8.033378 -0.010356 3.022397 0.000000
-7.292692 -0.012002 2.255930 0.000000
-7.203818 -0.013240 2.178481 0.000000
-7.582248 -0.017692 3.372701 0.000000
-7.589946 -0.019883 2.917556 0.000000
-7.427145 -0.007238 2.516210 0.000000
-7.575533 -0.013326 2.338759 0.000000
-7.760836 -0.062529 3.539048 0.000000
-7.931365 -0.029855 3.112485 0.000000
-7.989650 -0.010545 2.711923 0.000000
-7.940966 -0.011198 2.460274 0.000000
-8.137556 -0.005076 3.748577 0.000000
-8.086956 -0.010086 3.252553 0.000000
6.546507 -0.024049 4.520429 0.000000
-8.329892 -0.042327 2.728064 0.000000
-8.502421 -0.076972 4.010062 0.000000
-8.515831 -0.003937 3.682980 0.000000
-8.503536 -0.018233 3.348347 0.000000
-8.625884 -0.013707 2.812175 0.000000
-8.611865 -0.051874 4.314798 0.000000
-8.913320 -0.008234 3.921530 0.000000
-8.933861 -0.036067 3.573422 0.000000
-9.135658 -0.046778 3.342845 0.000000
-9.140129 -0.015992 4.757443 0.000000
-9.325290 -0.012490 4.239293 0.000000
6.492426 -0.003091 3.315333 0.000000
7.364392 -0.035439 4.012205 0.000000
6.435929 -0.000630 3.690262 0.000000
5.757755 -0.024865 3.275289 0.000000
5.033391 -0.035209 3.198102 0.000000
6.925828 -0.020413 3.811726 0.000000
6.200358 -0.013621 3.461659 0.000000
5.443889 -0.024022 3.369754 0.000000
4.837696 -0.036637 2.997799 0.000000
6.678489 -0.007713 3.487688 0.000000
5.909736 -0.002486 3.321907 0.000000
5.235597 -0.002580 3.064907 0.000000
5.370241 -0.025700 3.235862 0.000000
5.752465 -0.001391 3.188275 0.000000
5.240863 -0.012681 2.802705 0.000000
4.720048 -0.027721 2.742353 0.000000
6.180904 -0.009179 3.165265 0.000000
5.556107 -0.031789 2.996400 0.000000
5.019029 -0.023616 2.662814 0.000000
4.559053 -0.027436 2.522294 0.000000
5.972597 -0.035183 2.853005 0.000000
5.517678 -0.006749 2.791250 0.000000
4.892502 -0.034795 2.536576 0.000000
5.808180 -0.023038 3.849109 0.000000
9.563489 -0.036374 6.246166 0.000000
8.014923 -0.047779 5.414484 0.000000
7.060635 -0.020610 4.870842 0.000000
6.399110 -0.007147 4.399507 0.000000
8.830370 -0.020378 5.940504 0.000000
7.936562 -0.020902 5.103695 0.000000
6.972836 -0.005507 4.531312 0.000000
6.140565 -0.010689 4.011687 0.000000
8.568116 -0.035581 5.457890 0.000000
7.527380 -0.031701 4.862174 0.000000
6.406387 -0.023491 4.349912 0.000000
-7.301510 -0.002666 2.796021 0.000000
8.371582 -0.031968 5.035922 0.000000
7.359051 -0.004508 4.431425 0.000000
6.227131 -0.006584 4.198862 0.000000
5.741694 -0.007172 3.733119 0.000000
7.876750 -0.025766 4.655852 0.000000
6.874408 -0.023837 4.273547 0.000000
6.008313 -0.023962 3.946092 0.000000
5.511732 -0.027467 3.444859 0.000000
7.434094 -0.001861 4.365220 0.000000
6.607515 -0.043568 3.890383 0.000000
5.989868 -0.023767 3.480363 0.000000
-4.489421 -0.017693 1.094928 0.000000
-4.138457 -0.014907 0.761762 0.000000
-3.934538 -0.014117 0.426572 0.000000
-3.890610 -0.023673 0.271156 0.000000
-3.724860 -0.014763 0.332543 0.000000
-4.346323 -0.021398 0.872543 0.000000
-4.230169 -0.014691 0.667248 0.000000
-4.085935 -0.030081 0.404811 0.000000
-3.554907 -0.049953 0.003672 0.000000
-4.337542 -0.012704 0.556575 0.000000
-4.175593 -0.020933 0.368474 0.000000
-4.622820 -0.014420 1.002646 0.000000
-4.533203 -0.016909 0.992563 0.000000
-4.682662 -0.018627 0.913407 0.000000
-4.585675 -0.019379 0.723556 0.000000
-3.052484 -0.025210 0.123326 0.000000
-3.549610 -0.014515 0.336362 0.000000
-3.263228 -0.022117 0.334460 0.000000
-2.134154 -1.009623 0.094194 0.000000
-3.418747 -0.015320 0.463469 0.000000
-3.317257 -0.073707 0.005067 0.000000
-2.882360 -0.332196 0.008796 0.000000
-3.687369 -0.015610 0.553114 0.000000
-4.848118 -0.016793 1.381402 0.000000
-3.826630 -0.030011 0.751633 0.000000
-6.492739 -0.037314 2.120489 0.000000
-5.911028 -0.034737 1.719608 0.000000
-5.733793 -0.037772 1.488785 0.000000
-5.682353 -0.015451 1.070410 0.000000
-6.100038 -0.010560 2.058169 0.000000
-6.016902 -0.030455 1.819260 0.000000
-5.865185 -0.030845 1.418640 0.000000
-5.934100 -0.011985 1.246815 0.000000
-6.242911 -0.023106 2.286885 0.000000
-6.252264 -0.018730 1.923197 0.000000
-6.022062 -0.018845 1.623012 0.000000
-6.146407 -0.016265 1.479516 0.000000
-6.565555 -0.018644 2.402159 0.000000
-5.933960 -0.009647 2.154034 0.000000
-6.573724 -0.014084 1.974382 0.000000
-6.240251 -0.012622 1.547968 0.000000
-6.605645 -0.015649 2.632300 0.000000
-6.775574 -0.029929 2.386873 0.000000
-6.770501 -0.043429 2.174014 0.000000
-6.658013 -0.030556 1.656110 0.000000
-7.076572 -0.018375 2.868315 0.000000
-6.845852 -0.013335 2.468035 0.000000
-6.988358 -0.030209 2.161163 0.000000
-6.904576 -0.014838 1.887886 0.000000
-7.291311 -0.029906 3.092274 0.000000
-5.489519 -0.039650 1.766639 0.000000
-5.033579 -0.004947 1.363635 0.000000
-4.945857 -0.014818 1.179062 0.000000
-4.836752 -0.033904 0.976796 0.000000
-4.613325 -0.031345 0.618885 0.000000
-5.306404 -0.015135 1.401493 0.000000
-4.830899 -0.029297 0.783751 0.000000
5.735611 -0.041282 2.694834 0.000000
-5.225848 -0.015291 1.284777 0.000000
-5.154616 -0.030551 1.011740 0.000000
-5.185425 -0.012455 0.920331 0.000000
-5.592038 -0.013489 1.554916 0.000000
-5.322809 -0.019542 1.055170 0.000000
-5.337912 -0.014376 0.960871 0.000000
-5.795044 -0.015423 1.958309 0.000000
-5.443008 -0.031990 1.260580 0.000000
-5.543434 -0.013765 1.062637 0.000000
1.750288 -0.030180 0.100968 0.000000
1.967540 -0.024765 0.177723 0.000000
1.905404 -0.024169 0.201042 0.000000
1.738052 -0.019309 0.490776 0.000000
1.676664 -0.025981 0.204256 0.000000
1.921440 -0.018196 0.446912 0.000000
1.413316 -0.222893 0.107357 0.000000
1.455449 -0.056131 0.299357 0.000000
1.286315 -0.419147 0.109614 0.000000
1.411157 -0.083960 0.104957 0.000000
2.052874 -0.017643 0.528229 0.000000
2.266667 -0.016920 0.715922 0.000000
2.495567 -0.015963 0.581774 0.000000
2.333956 -0.016412 0.481144 0.000000
2.169238 -0.017223 0.618527 0.000000
2.379449 -0.020690 0.394183 0.000000
1.275681 -0.647551 0.108151 0.000000
2.057354 -0.022610 0.372690 0.000000
0.600691 -1.011174 0.123077 0.000000
0.800608 -0.812009 0.118374 0.000000
1.025517 -0.228004 0.114944 0.000000
1.165885 -0.122273 0.109168 0.000000
0.751049 -1.212094 0.121399 0.000000
0.760043 -0.805352 0.119949 0.000000
0.839828 -0.420964 0.119919 0.000000
0.422386 -1.208994 0.135086 0.000000
0.465193 -1.472473 0.148649 0.000000
0.667823 -0.674945 0.119629 0.000000
0.811962 -0.076940 0.117774 0.000000
0.515420 -1.005567 0.127791 0.000000
0.856791 -0.201347 0.119833 0.000000
0.732792 -0.225297 0.125435 0.000000
0.237387 -1.412577 0.156163 0.000000
0.835988 -1.004996 0.117562 0.000000
1.039670 -0.800122 0.110425 0.000000
1.231143 -0.059962 0.224797 0.000000
1.310566 -0.210000 0.109024 0.000000
1.247745 -0.059810 0.162639 0.000000
1.195140 -0.411545 0.111218 0.000000
0.970490 -0.612015 0.114153 0.000000
3.899796 -0.021647 1.536256 0.000000
4.362260 -0.013572 1.882783 0.000000
3.919710 -0.010516 1.662979 0.000000
3.739741 -0.025717 1.615819 0.000000
4.556646 -0.031392 1.728945 0.000000
4.117031 -0.013625 1.626315 0.000000
3.592522 -0.016914 1.625265 0.000000
4.358282 -0.024617 1.733683 0.000000
4.165242 -0.024643 1.516317 0.000000
3.789263 -0.011443 1.507876 0.000000
3.477959 -0.023318 1.481577 0.000000
4.253018 -0.010829 1.406489 0.000000
4.692877 -0.032418 1.972117 0.000000
3.302583 -0.014755 1.483558 0.000000
3.853040 -0.024048 1.268183 0.000000
3.799440 -0.013830 1.375776 0.000000
3.592569 -0.012640 1.331783 0.000000
3.234767 -0.030123 1.249801 0.000000
5.120739 -0.024990 2.399032 0.000000
5.233523 -0.023826 2.415665 0.000000
4.683388 -0.030786 2.513589 0.000000
4.276624 -0.023940 2.260108 0.000000
5.411275 -0.013237 2.560335 0.000000
5.049140 -0.024018 2.477730 0.000000
4.747216 -0.033554 2.245608 0.000000
4.025729 -0.014212 2.139550 0.000000
5.317356 -0.023697 2.287658 0.000000
4.893410 -0.014276 2.361685 0.000000
4.574905 -0.021895 2.074234 0.000000
4.762579 -0.027021 2.097364 0.000000
4.346069 -0.024709 2.010586 0.000000
3.865975 -0.031915 1.840110 0.000000
5.152796 -0.006419 2.120777 0.000000
4.948194 -0.007583 1.907520 0.000000
4.584503 -0.021168 1.945925 0.000000
4.148229 -0.027240 1.819870 0.000000
3.725647 -0.014355 1.838108 0.000000
2.429547 -0.019466 0.656163 0.000000
2.895239 -0.029403 0.916670 0.000000
2.749434 -0.015436 0.812424 0.000000
3.170958 -0.014245 0.664586 0.000000
2.885372 -0.017207 0.736526 0.000000
2.457791 -0.017990 0.976225 0.000000
2.641659 -0.015626 0.694038 0.000000
2.752606 -0.018536 0.522504 0.000000
3.341790 -0.014072 1.146819 0.000000
3.117216 -0.014966 1.292319 0.000000
3.633842 -0.019629 1.045839 0.000000
3.438335 -0.014210 1.144873 0.000000
3.074575 -0.029692 1.077063 0.000000
2.892045 -0.015326 1.109831 0.000000
3.479163 -0.013949 0.959382 0.000000
-1.991167 -1.077560 0.095479 0.000000
3.353649 -0.014027 0.808994 0.000000
3.185841 -0.015562 0.892846 0.000000
2.634530 -0.016284 1.188697 0.000000
3.063816 -0.027556 0.559809 0.000000
3.217495 -0.027886 0.695519 0.000000
3.694473 -0.016164 0.336854 0.000000
3.431709 -0.016423 0.466417 0.000000
3.377874 -0.016118 0.592871 0.000000
3.593542 -0.016865 0.397551 0.000000
3.356960 -0.023208 0.207141 0.000000
3.405707 -0.026234 0.617241 0.000000
3.062056 -0.026374 0.301140 0.000000
2.948816 -0.014607 0.533254 0.000000
3.209513 -0.018949 0.151191 0.000000
2.980759 -0.018411 0.314683 0.000000
3.191288 -0.037577 0.017171 0.000000
3.907640 -0.028345 0.967317 0.000000
4.328069 -0.024347 1.015960 0.000000
3.979858 -0.012778 1.058468 0.000000
4.703484 -0.023611 0.815608 0.000000
4.306336 -0.012489 0.805333 0.000000
4.108167 -0.017595 0.964720 0.000000
4.412561 -0.015997 0.750396 0.000000
3.663081 -0.025672 0.868687 0.000000
4.340156 -0.013326 0.702535 0.000000
4.061873 -0.027454 0.661856 0.000000
2.679552 -0.027146 0.276394 0.000000
3.974255 -0.012738 0.621624 0.000000
3.606007 -0.027146 0.637769 0.000000
4.114728 -0.026481 0.566045 0.000000
3.946573 -0.015282 0.449569 0.000000
3.787027 -0.025026 0.404645 0.000000
0.905975 -1.603059 0.110870 0.000000
1.389157 -1.406372 0.107691 0.000000
1.545422 -1.205417 0.105314 0.000000
1.719956 -0.616016 0.102501 0.000000
2.265002 -0.022933 0.171022 0.000000
1.135902 -1.753340 0.104939 0.000000
1.240221 -1.233892 0.109729 0.000000
1.451856 -0.845232 0.099426 0.000000
1.871774 -0.224522 0.100865 0.000000
1.037355 -1.410624 0.111344 0.000000
1.378823 -1.012100 0.105769 0.000000
1.621142 -0.416961 0.104376 0.000000
1.492366 -0.674525 0.105192 0.000000
0.974283 -1.401819 0.112787 0.000000
1.013147 -1.200441 0.114314 0.000000
1.249407 -0.812645 0.103114 0.000000
0.666705 -1.926566 0.115874 0.000000
2.491164 -0.020464 0.300000 0.000000
2.979715 -0.171149 0.018276 0.000000
2.797502 -0.020884 0.025322 0.000000
1.888412 -0.918352 0.093585 0.000000
4.563604 -0.012399 1.005873 0.000000
1.698051 -1.010459 0.105780 0.000000
2.094440 -0.647230 0.099780 0.000000
2.589619 -0.020367 0.193122 0.000000
2.119781 -0.421890 0.099320 0.000000
9.229079 -0.002022 3.933678 0.000000
8.774081 -0.037499 4.307102 0.000000
7.763773 -0.025850 3.695831 0.000000
9.451830 -0.018726 4.534619 0.000000
8.253740 -0.004713 3.903888 0.000000
7.390447 -0.026194 3.546371 0.000000
9.084328 -0.000719 4.194963 0.000000
7.845922 -0.004267 3.725253 0.000000
7.044537 -0.007817 3.230821 0.000000
9.750168 -0.022813 4.321192 0.000000
8.486717 -0.030221 3.794656 0.000000
7.624914 -0.026637 3.418417 0.000000
6.901492 -0.027163 3.046192 0.000000
8.109042 -0.045687 4.125878 0.000000
8.093317 -0.053039 3.493339 0.000000
7.358773 -0.035145 3.011072 0.000000
6.426195 -0.008767 2.860511 0.000000
8.793635 -0.021009 3.443179 0.000000
7.957464 -0.026652 3.224931 0.000000
7.122141 -0.004041 2.830446 0.000000
6.388989 -0.012601 2.649131 0.000000
8.327340 -0.035515 3.206919 0.000000
7.528019 -0.057278 2.853002 0.000000
6.694725 -0.023000 2.658461 0.000000
6.136993 -0.021765 2.472014 0.000000
-9.017177 -0.012446 1.953418 0.000000
-7.727137 -0.043262 1.161171 0.000000
-8.448500 -0.007083 2.385993 0.000000
-8.459590 -0.014907 1.828295 0.000000
-8.369192 -0.036322 1.563841 0.000000
-8.139375 -0.038769 1.341978 0.000000
-8.840373 -0.005353 2.485387 0.000000
-8.911004 -0.020873 2.118961 0.000000
-8.662413 -0.009993 1.729492 0.000000
-8.611628 -0.012989 1.521218 0.000000
-9.381452 -0.025272 2.742267 0.000000
-9.213129 -0.011716 2.365384 0.000000
7.965603 -0.010477 2.917372 0.000000
-9.143796 -0.027643 1.654550 0.000000
-9.681124 -0.007188 2.940578 0.000000
-9.664247 -0.049280 2.511615 0.000000
-9.650317 -0.022762 2.261327 0.000000
-9.641774 -0.044711 1.893718 0.000000
9.732644 -0.014877 5.518876 0.000000
9.337532 -0.027647 5.066540 0.000000
8.916778 -0.027837 4.610162 0.000000
9.702359 -0.016392 5.159508 0.000000
8.454381 -0.017812 4.399475 0.000000
9.377278 -0.037007 4.757028 0.000000
5.156690 -0.016505 1.218881 0.000000
5.632858 -0.016115 1.653290 0.000000
5.251441 -0.023479 1.707853 0.000000
4.871362 -0.023874 1.774447 0.000000
5.893246 -0.030536 1.418226 0.000000
5.491894 -0.017310 1.492206 0.000000
5.094150 -0.030656 1.529270 0.000000
4.735661 -0.018592 1.457807 0.000000
5.775463 -0.022886 1.525064 0.000000
5.367221 -0.012541 1.581528 0.000000
4.865989 -0.012625 1.509571 0.000000
4.480290 -0.022886 1.471789 0.000000
5.442209 -0.013939 1.231535 0.000000
6.156731 -0.010725 1.692973 0.000000
4.711859 -0.012459 1.209122 0.000000
4.250514 -0.020636 1.285966 0.000000
5.280010 -0.009242 1.331047 0.000000
4.925535 -0.027621 1.331807 0.000000
4.442224 -0.020431 1.202555 0.000000
5.192315 -0.036681 1.138501 0.000000
4.707464 -0.028943 1.148367 0.000000
4.072189 -0.020001 1.101188 0.000000
4.997955 -0.020254 0.898076 0.000000
6.823138 -0.029710 2.294071 0.000000
7.100447 -0.001759 2.652202 0.000000
6.578004 -0.018870 2.591355 0.000000
5.827057 -0.026292 2.374799 0.000000
7.556166 -0.009319 2.759278 0.000000
6.846830 -0.007812 2.558204 0.000000
6.331998 -0.017801 2.292470 0.000000
5.645055 -0.013242 2.306605 0.000000
7.279781 -0.036038 2.428638 0.000000
6.519027 -0.003957 2.258847 0.000000
6.026965 -0.012433 2.266841 0.000000
5.551085 -0.023451 2.184541 0.000000
6.338106 -0.009883 2.068892 0.000000
5.709407 -0.033595 2.149715 0.000000
5.229593 -0.013848 1.900904 0.000000
6.775351 -0.033727 2.002784 0.000000
6.113510 -0.014057 1.950567 0.000000
5.498204 -0.012425 1.876268 0.000000
5.176616 -0.018768 1.871395 0.000000
6.237002 -0.022745 1.834504 0.000000
5.835419 -0.006393 1.859866 0.000000
-0.787959 -1.818237 0.118954 0.000000
-0.556453 -1.827685 0.124586 0.000000
-0.562874 -2.016863 0.100804 0.000000
-0.995052 -1.614873 0.115982 0.000000
-1.113530 -1.626811 0.113587 0.000000
-1.158180 -1.427640 0.107208 0.000000
-0.371510 -2.012882 0.111051 0.000000
-1.323339 -1.452385 0.103906 0.000000
-2.941309 -0.048955 0.007291 0.000000
-1.893530 -0.824272 0.096765 0.000000
-1.319011 -1.229234 0.105826 0.000000
-2.069732 -0.630262 0.095803 0.000000
-1.419137 -1.243807 0.104039 0.000000
-1.654546 -1.024794 0.099690 0.000000
-3.027780 -0.024729 0.273611 0.000000
-1.595987 -1.405221 0.100774 0.000000
-1.664757 -1.280535 0.100372 0.000000
-1.522316 -1.004550 0.101693 0.000000
-0.824432 -1.824017 0.117784 0.000000
-2.752910 -0.170892 0.009109 0.000000
0.337058 -2.031518 0.116651 0.000000
0.511199 -1.896145 0.122596 0.000000
0.610254 -1.651207 0.122550 0.000000
0.533701 -2.005459 0.127796 0.000000
0.400534 -1.618421 0.132871 0.000000
0.267449 -1.812939 0.131334 0.000000
1.139540 -1.046867 0.110031 0.000000
0.961194 -1.268384 0.115751 0.000000
0.747062 -1.426649 0.139607 0.000000
0.124377 -2.001206 0.134256 0.000000
0.188863 -2.246704 0.130157 0.000000
2.831708 -0.015702 1.456817 0.000000
3.041552 -0.015383 1.674246 0.000000
2.998515 -0.032102 1.710294 0.000000
2.452683 -0.035898 1.686875 0.000000
2.640407 -0.016259 1.724766 0.000000
3.175723 -0.027136 1.576064 0.000000
2.649366 -0.032062 1.516377 0.000000
3.381061 -0.031902 1.766372 0.000000
2.559941 -0.016406 1.559744 0.000000
2.812001 -0.031214 1.359250 0.000000
2.211469 -0.017390 1.480527 0.000000
2.647183 -0.016039 1.237689 0.000000
3.561768 -0.010751 1.804528 0.000000
3.966007 -0.007514 2.364060 0.000000
3.466665 -0.033218 2.145483 0.000000
3.275796 -0.015219 2.088140 0.000000
2.825752 -0.022556 2.128775 0.000000
3.806032 -0.013593 2.088256 0.000000
3.183718 -0.036917 2.186954 0.000000
3.624096 -0.025414 2.041646 0.000000
3.194909 -0.015231 1.889637 0.000000
2.826944 -0.022890 1.961216 0.000000
2.434074 -0.016701 1.388532 0.000000
3.376793 -0.010611 1.941169 0.000000
2.663822 -0.017967 1.899242 0.000000
1.886631 -0.018724 0.954691 0.000000
2.026825 -0.018082 1.198137 0.000000
1.901250 -0.018649 1.063449 0.000000
2.330791 -0.016851 0.946370 0.000000
2.083172 -0.017815 0.949686 0.000000
1.732627 -0.019509 1.061568 0.000000
1.923379 -0.018402 0.647910 0.000000
1.780889 -0.019279 0.850659 0.000000
1.797727 -0.019147 0.731060 0.000000
2.207208 -0.017361 1.073517 0.000000
2.280065 -0.017143 1.222957 0.000000
2.134457 -0.017660 1.339809 0.000000
2.501182 -0.016373 1.087644 0.000000
4.979989 -0.020615 4.138846 0.000000
5.313966 -0.017999 4.621011 0.000000
4.536829 -0.000663 4.365237 0.000000
6.725844 -0.001583 5.650193 0.000000
5.908961 -0.050341 5.038738 0.000000
5.017618 -0.048226 4.554501 0.000000
4.556105 -0.020555 4.000944 0.000000
6.427508 -0.027774 5.394680 0.000000
5.622036 -0.030368 4.912340 0.000000
4.942306 -0.020563 4.382270 0.000000
4.201749 -0.008345 3.859496 0.000000
6.319144 -0.017910 5.016314 0.000000
5.528177 -0.008609 4.583724 0.000000
6.029907 -0.019900 5.397711 0.000000
6.052533 -0.022626 4.912050 0.000000
5.244038 -0.029046 4.240904 0.000000
4.746487 -0.045034 3.918133 0.000000
4.194185 -0.043903 3.779185 0.000000
5.962473 -0.008150 4.543729 0.000000
5.374771 -0.026874 4.031875 0.000000
4.118224 -0.025605 3.504569 0.000000
5.702680 -0.008540 4.340987 0.000000
5.105412 -0.007098 3.882901 0.000000
6.417079 -0.016211 6.229454 0.000000
7.276462 -0.019635 7.281172 0.000000
6.345290 -0.027799 6.271639 0.000000
5.218151 -0.018445 5.555980 0.000000
7.073146 -0.015968 6.894158 0.000000
6.199473 -0.005183 6.007740 0.000000
5.217861 -0.022191 5.370320 0.000000
7.855603 -0.025439 7.601163 0.000000
6.712215 -0.025757 6.481105 0.000000
5.942949 -0.017644 5.655983 0.000000
5.096895 -0.027997 5.150402 0.000000
7.750714 -0.019580 7.011061 0.000000
4.413607 -0.001300 3.602059 0.000000
5.621842 -0.019113 5.552131 0.000000
4.806933 -0.022029 4.906545 0.000000
7.261879 -0.026582 6.745872 0.000000
6.209977 -0.000342 5.989816 0.000000
5.491636 -0.007757 5.216192 0.000000
4.800230 -0.021638 4.696076 0.000000
7.048645 -0.027194 6.396319 0.000000
6.050832 -0.027481 5.664725 0.000000
5.290870 -0.030860 4.872224 0.000000
4.741640 -0.021148 4.408907 0.000000
6.914073 -0.016681 6.146175 0.000000
3.404789 0.026235 2.565342 0.000000
3.403070 -0.039244 2.779268 0.000000
4.685976 -0.005785 3.061075 0.000000
4.089926 -0.005086 2.857491 0.000000
3.601485 -0.006632 2.679310 0.000000
3.252354 -0.017560 2.659075 0.000000
4.505904 -0.013262 2.846517 0.000000
4.115395 -0.025095 2.687250 0.000000
3.395161 -0.016916 2.556229 0.000000
4.290315 -0.014376 2.670782 0.000000
3.807282 -0.010115 2.649230 0.000000
3.736120 -0.038443 2.568795 0.000000
3.846062 -0.028950 2.902915 0.000000
4.223198 -0.014233 2.426287 0.000000
3.978540 0.001511 2.561889 0.000000
7.827623 3.553318 4.937433 0.000000
3.108903 -0.037475 2.323804 0.000000
4.050861 -0.033586 2.506465 0.000000
3.696357 -0.026528 2.333971 0.000000
3.420931 -0.017040 2.379466 0.000000
4.062612 -0.033691 2.306824 0.000000
3.278948 -0.008810 2.312585 0.000000
4.138803 -0.002989 3.368266 0.000000
3.859629 -0.017617 3.392999 0.000000
5.556835 -0.008459 4.175533 0.000000
4.934686 -0.027745 3.632841 0.000000
4.303168 -0.017271 3.465058 0.000000
5.260451 -0.045825 3.974759 0.000000
4.786004 -0.017158 3.708080 0.000000
4.281416 -0.041519 3.220363 0.000000
3.890497 -0.004681 3.037450 0.000000
5.302419 -0.024367 3.784738 0.000000
4.618964 -0.016912 3.412518 0.000000
3.625365 -0.022410 3.161396 0.000000
5.116133 -0.008634 3.573767 0.000000
4.595749 -0.002278 3.390392 0.000000
4.080047 -0.018505 3.135006 0.000000
3.647913 -0.022529 2.980574 0.000000
4.992375 -0.012782 3.329309 0.000000
4.507215 -0.041168 3.105209 0.000000
3.438260 -0.019853 2.855053 0.000000
4.235213 -0.014980 3.072371 0.000000
0.101181 5.910419 0.005610 0.000000
0.703677 7.079354 0.001440 0.000000
1.074844 9.319670 0.191385 0.000000
0.089748 2.486142 0.020813 0.000000
0.397487 3.855695 0.009674 0.000000
0.504275 6.434300 0.000565 0.000000
1.084342 11.877434 0.037405 0.000000
-0.196572 2.564170 0.021685 0.000000
0.020140 3.994420 0.011239 0.000000
0.337492 6.064666 0.000858 0.000000
0.837074 11.338486 -0.000658 0.000000
-0.139017 3.820190 0.021365 0.000000
0.263307 4.118710 0.022137 0.000000
0.516873 10.062413 -0.006272 0.000000
-0.212687 2.609814 0.011538 0.000000
0.165887 5.619822 0.009431 0.000000
0.337080 9.033131 0.027932 0.000000
-0.214376 3.881562 0.021162 0.000000
-0.127622 5.514666 0.008761 0.000000
0.085651 8.280937 0.068989 0.000000
-0.404683 2.890636 0.020120 0.000000
0.775245 4.487220 0.023159 0.000000
1.272751 5.628560 0.007232 0.000000
1.612855 7.741874 0.052064 0.000000
1.917847 7.743447 0.525025 0.000000
0.619927 2.679472 0.004354 0.000000
1.142664 5.373178 0.007490 0.000000
1.710110 7.743155 0.378382 0.000000
0.494585 2.569489 0.005198 0.000000
0.873072 4.993541 0.007891 0.000000
1.472024 7.741430 0.035812 0.000000
1.592695 7.742258 0.204157 0.000000
-0.375441 5.338582 0.008272 0.000000
1.328344 7.741411 0.161765 0.000000
0.274282 2.413789 0.006423 0.000000
0.679730 4.393442 0.022959 0.000000
1.196267 7.741032 0.143479 0.000000
1.213393 7.741447 0.267553 0.000000
0.420562 4.193504 0.022446 0.000000
0.878738 7.668075 0.013633 0.000000
-1.313876 5.789465 0.006002 0.000000
-0.847249 5.957346 0.006435 0.000000
-0.467317 -0.043839 0.393370 0.000000
-1.498937 5.716719 0.018773 0.000000
-0.911365 5.614265 0.004146 0.000000
-0.789770 -0.058135 0.396517 0.000000
-1.364584 5.838279 0.005411 0.000000
-1.046464 5.776958 0.003660 0.000000
-1.549986 6.163525 0.004922 0.000000
-1.199947 5.563268 0.005856 0.000000
-1.507486 5.842992 0.018883 0.000000
-0.996692 -0.054564 0.371061 0.000000
-0.602822 5.074362 0.017657 0.000000
-0.090854 7.718056 0.025121 0.000000
-0.580664 3.024343 0.032270 0.000000
-0.486255 3.945090 0.020482 0.000000
-0.190460 7.162980 0.001353 0.000000
-0.682091 3.459076 0.018266 0.000000
-0.788133 4.041077 0.017407 0.000000
-0.415061 5.056128 0.008471 0.000000
-0.354114 6.759603 0.019757 0.000000
-0.950625 3.741138 0.017243 0.000000
-0.652367 4.394570 0.020038 0.000000
0.984988 2.724615 0.004070 0.000000
-0.485311 6.464118 0.000459 0.000000
-1.169360 4.004309 0.016478 0.000000
-0.806269 4.472479 0.019668 0.000000
-0.669919 5.376462 0.004960 0.000000
-0.751900 6.056065 0.000762 0.000000
-1.318400 4.424961 0.035673 0.000000
-1.038845 4.879525 0.019248 0.000000
-0.970682 5.200826 0.017080 0.000000
-1.503252 5.024411 0.060798 0.000000
-1.291725 5.181874 0.018810 0.000000
1.226707 -0.051573 0.660283 0.000000
1.411189 -0.049928 0.578823 0.000000
1.344845 -0.050422 0.519391 0.000000
1.180202 -0.051983 0.494374 0.000000
1.058844 -0.053324 0.745636 0.000000
1.117093 -0.061598 0.228143 0.000000
1.409841 -0.049987 0.711894 0.000000
1.463242 -0.053179 0.935270 0.000000
0.469862 -0.021801 0.363732 0.000000
0.612417 -0.062386 0.396573 0.000000
0.603419 -0.062765 0.413648 0.000000
0.800918 -0.057566 0.414256 0.000000
1.014225 3.095785 0.001451 0.000000
0.469418 -0.019302 0.583962 0.000000
0.839138 2.900349 0.002756 0.000000
1.489917 6.257198 0.012232 0.000000
1.897923 7.742870 0.091609 0.000000
0.830092 -0.056904 0.391091 0.000000
5.416644 -0.008039 5.706126 0.000000
-1.440756 -0.101056 0.099452 0.000000
-1.156804 -0.639315 0.107616 0.000000
-0.944159 -0.921680 0.114516 0.000000
-0.739985 -1.025505 0.126864 0.000000
-0.719400 -1.227258 0.122171 0.000000
-1.150300 -0.507037 0.111180 0.000000
-1.366687 -0.216197 0.106737 0.000000
-0.423154 -1.218356 0.136653 0.000000
-1.316929 -0.535510 0.107668 0.000000
-1.184512 -0.895918 0.108120 0.000000
-0.959865 -1.016213 0.111864 0.000000
-1.642785 -0.042397 0.096097 0.000000
-1.480811 -0.230360 0.104920 0.000000
-0.385076 -1.217749 0.138866 0.000000
-0.410796 -1.000779 0.141214 0.000000
-2.134065 -0.018243 0.396571 0.000000
-1.851607 -0.019343 0.306921 0.000000
-1.855747 -0.144876 0.093951 0.000000
-1.753693 -0.222568 0.095508 0.000000
-2.283182 -0.017937 0.578382 0.000000
-2.234803 -0.017750 0.311415 0.000000
-2.193179 -0.027456 0.147401 0.000000
-2.459119 -0.017312 0.508392 0.000000
-1.375940 -0.608831 0.103050 0.000000
0.004947 -1.205740 0.142239 0.000000
0.230516 -1.211784 0.145696 0.000000
0.318248 -0.814650 0.143297 0.000000
0.094352 -1.405146 0.159701 0.000000
0.304270 -1.013171 0.142628 0.000000
0.166145 -1.019479 0.144775 0.000000
-0.176999 -1.409600 0.155644 0.000000
0.572305 -0.805229 0.129957 0.000000
0.635800 -0.401468 0.127356 0.000000
0.513811 -0.656878 0.126670 0.000000
0.130789 -1.631952 0.134259 0.000000
-0.337402 -1.406604 0.146601 0.000000
-0.006986 -1.206930 0.142398 0.000000
-6.012482 -0.031344 3.841363 0.000000
-5.644674 -0.019638 3.580517 0.000000
-5.780610 -0.042607 3.124753 0.000000
-5.936211 -0.012318 2.825919 0.000000
-5.875960 -0.008253 2.566618 0.000000
-5.999459 -0.019766 3.262643 0.000000
-6.126611 -0.018413 3.023718 0.000000
-6.125840 -0.053900 2.784538 0.000000
-5.805709 -0.022906 3.735832 0.000000
-6.004213 -0.045017 3.535153 0.000000
-6.235759 -0.020845 3.393453 0.000000
-6.225770 -0.041214 2.830906 0.000000
-5.717884 -0.014803 2.452850 0.000000
-6.201787 -0.019734 3.677687 0.000000
-6.587379 -0.003660 3.290164 0.000000
-6.594504 -0.005205 3.097916 0.000000
-6.261262 -0.006523 4.035900 0.000000
-6.587408 -0.022603 3.871598 0.000000
-6.639999 -0.015822 3.605065 0.000000
-6.916736 -0.016719 3.317231 0.000000
-6.227639 -0.031246 4.264841 0.000000
-6.687521 -0.002250 4.073373 0.000000
-6.987630 -0.017129 3.889892 0.000000
-7.167103 -0.030250 3.524566 0.000000
-5.168411 -0.020302 1.896004 0.000000
-4.983527 -0.020828 2.432853 0.000000
-4.919529 -0.011147 2.287472 0.000000
-4.986337 -0.012648 1.995597 0.000000
-4.835752 -0.034818 1.748969 0.000000
-4.839766 -0.011896 2.630389 0.000000
-4.910899 -0.017498 2.098030 0.000000
-5.004431 -0.020956 2.955301 0.000000
-5.016524 -0.049970 2.431997 0.000000
-5.106740 -0.037916 2.313612 0.000000
-6.451333 -0.017873 4.597314 0.000000
-5.220267 -0.009423 2.728063 0.000000
-5.349752 -0.013502 2.209366 0.000000
-5.310497 -0.016295 2.073800 0.000000
-5.241329 -0.017564 3.160587 0.000000
-5.580757 -0.019033 2.687566 0.000000
-5.552198 -0.018252 2.485725 0.000000
-5.541042 -0.019888 2.246227 0.000000
-5.538221 -0.008456 3.234662 0.000000
-5.466478 -0.019811 2.809041 0.000000
-5.751365 -0.007728 2.691357 0.000000
-8.612670 -0.026470 7.657733 0.000000
-8.213742 -0.029414 6.108651 0.000000
-8.831170 -0.018206 5.962459 0.000000
-9.555221 -0.085772 5.863366 0.000000
-7.892309 -0.020721 6.416536 0.000000
-8.524042 -0.008224 6.531579 0.000000
-9.268428 -0.020688 6.295358 0.000000
-9.865629 -0.022445 6.202763 0.000000
-8.291870 -0.007793 6.941877 0.000000
-8.966661 -0.022288 6.835718 0.000000
-9.784011 -0.006907 6.878358 0.000000
-8.499840 -0.015648 7.276421 0.000000
-9.366462 -0.021828 7.205973 0.000000
-7.667659 -0.018921 6.306527 0.000000
-9.468485 -0.016237 7.647035 0.000000
6.488245 -0.020888 7.610584 0.000000
6.211028 -0.043004 7.314652 0.000000
6.078909 -0.012472 6.864787 0.000000
5.866218 -0.042444 6.752557 0.000000
6.701015 -0.059447 7.429183 0.000000
5.905963 -0.026941 6.225598 0.000000
6.477751 -0.012919 7.027806 0.000000
5.711757 -0.017465 6.081121 0.000000
7.471003 -0.001130 7.711989 0.000000
6.246017 -0.015596 6.774764 0.000000
-7.123941 -0.031102 5.256641 0.000000
-6.822803 -0.064916 4.219417 0.000000
-7.178988 -0.018678 4.022460 0.000000
-7.370868 -0.016806 3.903630 0.000000
-6.768830 -0.014145 4.840368 0.000000
-7.099054 -0.018531 4.547141 0.000000
-7.327824 -0.050711 4.347463 0.000000
-7.650629 -0.028810 4.087323 0.000000
-6.825974 -0.017192 5.027649 0.000000
-7.354690 -0.013360 4.989537 0.000000
-7.619107 -0.017196 4.678524 0.000000
-7.912917 -0.018515 4.318583 0.000000
-4.782081 -0.017284 1.782313 0.000000
-7.557874 -0.015431 5.193414 0.000000
-7.814542 -0.019997 4.819459 0.000000
-8.271858 -0.022610 4.742386 0.000000
-7.270542 -0.009430 5.611349 0.000000
-7.794111 -0.019329 5.512342 0.000000
-8.346055 -0.002302 5.275762 0.000000
-8.687167 -0.012820 5.032002 0.000000
-7.524665 -0.080027 5.817218 0.000000
-8.181168 -0.010951 5.680315 0.000000
-8.440304 -0.080618 5.492257 0.000000
-9.160931 -0.011918 5.415637 0.000000
-3.035596 -0.021359 0.657754 0.000000
-2.634015 -0.016735 0.422186 0.000000
-3.039777 -0.016445 0.929790 0.000000
-2.832723 -0.016552 0.646403 0.000000
-3.147691 -0.020276 1.120282 0.000000
-2.816456 -0.022730 0.418676 0.000000
-3.236645 -0.019243 1.102268 0.000000
-3.263965 -0.019020 0.937178 0.000000
-3.117938 -0.015915 0.567019 0.000000
-3.426740 -0.018232 1.282886 0.000000
-2.408645 -0.017754 0.795140 0.000000
-2.667574 -0.017043 0.761556 0.000000
-2.552284 -0.025864 0.261811 0.000000
-2.984964 -0.020451 0.970110 0.000000
-4.238661 -0.017000 1.326493 0.000000
-3.907005 -0.017163 1.099168 0.000000
-4.063320 -0.022475 1.810461 0.000000
-4.091101 -0.015925 1.704672 0.000000
-4.010504 -0.017480 1.321480 0.000000
-4.093891 -0.015368 1.156306 0.000000
-4.336687 -0.015969 1.929062 0.000000
-4.253986 -0.044390 1.785250 0.000000
-4.173364 -0.033820 1.505919 0.000000
-4.231370 -0.022137 2.060963 0.000000
-4.247448 -0.016417 1.549170 0.000000
-3.832059 -0.015792 1.334948 0.000000
-4.453845 -0.016071 2.107381 0.000000
-4.547138 -0.021423 1.845200 0.000000
-4.443607 -0.035063 1.768450 0.000000
-4.534896 -0.017057 1.558009 0.000000
-4.444253 -0.016189 2.225458 0.000000
-4.848452 0.012288 2.528116 0.000000
-4.794420 -0.021051 2.137091 0.000000
-4.622174 -0.006460 1.807893 0.000000
-3.724671 -0.018590 1.106037 0.000000
-3.384329 -0.030362 0.665988 0.000000
-3.431549 -0.016037 1.122339 0.000000
-3.475336 -0.015762 0.908850 0.000000
-3.694522 -0.042727 1.548810 0.000000
-3.719094 -0.018672 1.300014 0.000000
-7.892628 -0.028051 1.370856 0.000000
-3.989107 -0.016010 1.692649 0.000000
-3.780022 -0.016548 0.846457 0.000000
-3.893800 -0.018761 1.475724 0.000000
-0.363657 -2.460834 0.096136 0.000000
-0.592703 -2.403365 0.125068 0.000000
-0.185921 -2.401340 0.130389 0.000000
-0.694270 -2.418515 0.120903 0.000000
-0.854220 -2.405689 0.115747 0.000000
0.196609 -2.475877 0.069694 0.000000
6.063637 -0.023590 0.190280 0.000000
7.077622 -0.026268 0.278766 0.000000
6.798397 -0.027291 0.553644 0.000000
6.214028 -0.010842 0.548928 0.000000
7.179550 -0.187651 0.014486 0.000000
6.686310 -0.019554 0.332558 0.000000
6.390434 -0.018547 0.272178 0.000000
6.059954 -0.008074 0.480634 0.000000
6.511640 -0.320906 0.011530 0.000000
6.469329 -0.097128 0.014877 0.000000
6.090667 -0.006214 0.211009 0.000000
5.964737 -0.021858 0.376669 0.000000
4.956336 -0.636214 0.017685 0.000000
7.416098 -0.046658 0.201841 0.000000
5.900460 -0.112578 0.014668 0.000000
5.534256 -0.024081 0.238493 0.000000
3.967356 -1.009636 0.000847 0.000000
4.869599 -0.419511 0.016901 0.000000
5.747013 -0.139499 0.011816 0.000000
5.366809 -0.013919 0.109080 0.000000
3.207791 -1.212263 0.021025 0.000000
3.951213 -0.937516 0.017424 0.000000
4.963899 -0.223852 0.009515 0.000000
5.040139 -0.176214 0.015990 0.000000
2.638088 -1.492018 0.021106 0.000000
8.813779 -0.006702 0.666835 0.000000
9.569221 -0.012282 1.563498 0.000000
8.749605 -0.032237 1.444060 0.000000
9.626836 -0.082095 1.279013 0.000000
8.986241 -0.014177 1.305884 0.000000
8.361203 -0.010336 1.232438 0.000000
9.028659 -0.034504 1.042896 0.000000
8.504183 -0.025956 1.099922 0.000000
7.814085 -0.044580 1.176429 0.000000
9.504534 -0.005589 0.896838 0.000000
8.667299 -0.031079 0.808897 0.000000
8.165396 -0.041411 0.891876 0.000000
7.500493 -0.027408 0.981330 0.000000
8.394230 -0.012830 0.778481 0.000000
7.619925 -0.004495 0.604363 0.000000
7.008559 -0.028935 0.880460 0.000000
8.501969 -0.010918 0.566628 0.000000
7.949543 -0.020889 0.483836 0.000000
7.211488 -0.016384 0.619051 0.000000
6.843319 -0.007352 0.742560 0.000000
7.844674 -0.001974 0.265800 0.000000
7.463912 -0.045869 0.501201 0.000000
6.940640 -0.010129 0.441960 0.000000
6.569572 -0.014538 0.662113 0.000000
1.028938 -2.007580 0.103958 0.000000
1.470669 -1.826857 0.097905 0.000000
1.706145 -1.880671 0.094047 0.000000
1.190332 -2.218967 0.108375 0.000000
1.399319 -2.009746 0.095108 0.000000
0.875810 -2.209171 0.102175 0.000000
1.372947 -1.804971 0.099738 0.000000
0.725967 -2.201108 0.106487 0.000000
0.974785 -2.011878 0.112080 0.000000
0.606208 -2.419684 0.117158 0.000000
3.909187 -0.608176 0.012880 0.000000
4.950468 -0.148067 0.015884 0.000000
1.850053 -1.914147 0.091999 0.000000
2.813885 -1.417482 0.019899 0.000000
3.200557 -1.074550 0.005830 0.000000
4.163012 -0.508832 0.017503 0.000000
1.717454 -2.072939 0.090008 0.000000
2.887654 -1.229016 0.019629 0.000000
3.485080 -0.612666 0.001384 0.000000
1.493404 -2.028136 0.093460 0.000000
9.089701 -0.001847 1.718265 0.000000
1.931830 -1.654911 0.129016 0.000000
2.831899 -1.009461 0.008176 0.000000
2.094394 -1.421174 0.101038 0.000000
1.334863 -2.270711 0.106061 0.000000
-1.068931 -2.426179 0.052615 0.000000
-1.262456 -2.401789 0.108267 0.000000
-1.210404 -2.247083 0.097025 0.000000
-1.502123 -2.221191 0.091638 0.000000
-1.786836 -2.319433 0.087624 0.000000
-1.435272 -2.409555 0.102486 0.000000
-3.658967 -2.016900 0.015002 0.000000
-1.857767 -2.423579 0.068235 0.000000
-7.429349 -0.954366 0.025218 0.000000
-4.621451 -1.682172 0.004592 0.000000
-3.500902 -1.836609 0.023220 0.000000
-2.786126 -2.252711 0.000518 0.000000
-11.248764 0.040257 0.021476 0.000000
-6.051958 -1.300575 0.000757 0.000000
-4.047067 -1.915271 0.015650 0.000000
-3.077350 -2.177861 0.013366 0.000000
-22.304544 2.580450 -0.001043 0.000000
-8.205205 -0.830590 0.007340 0.000000
-5.098109 -1.671020 0.002492 0.000000
-2.800416 -2.116965 0.014932 0.000000
-13.288574 0.040106 0.001323 0.000000
-6.748688 -1.429213 0.006969 0.000000
-4.492461 -1.910190 0.005309 0.000000
-30.959983 3.795699 -0.002175 0.000000
-9.416274 -0.837659 0.028651 0.000000
-5.709256 -1.603192 0.044621 0.000000
-16.550923 0.340916 0.000576 0.000000
-7.617321 -1.566876 0.030485 0.000000
-11.437452 -0.988446 0.042678 0.000000
-23.921736 0.948614 -0.000516 0.000000
9.550942 -0.009416 1.926848 0.000000
-1.662504 -2.401431 0.099130 0.000000
-1.863471 -2.251151 0.086660 0.000000
-2.737229 -1.847332 0.020038 0.000000
-3.134364 -1.993169 0.013564 0.000000
-3.624283 -1.645323 0.006661 0.000000
-4.528006 -1.522579 0.039202 0.000000
-3.293635 -1.949070 0.016745 0.000000
-2.017533 -2.349495 0.084884 0.000000
-5.602375 -1.279007 0.003381 0.000000
-3.974561 -1.901537 0.023054 0.000000
-1.190449 -2.610044 0.027221 0.000000
-0.927166 -2.640531 0.034516 0.000000
-1.362933 -2.624148 0.028023 0.000000
-0.788676 -2.617411 0.039188 0.000000
-4.113357 -2.522790 0.011794 0.000000
-2.568291 -2.497356 0.002477 0.000000
-2.083322 -2.601361 0.026338 0.000000
-4.816056 -2.242079 0.007851 0.000000
-3.783299 -2.506077 0.011176 0.000000
-2.953802 -2.493286 0.024784 0.000000
-2.473262 -2.710714 0.018089 0.000000
-6.296018 -2.070758 0.014859 0.000000
-4.554054 -2.584626 0.014003 0.000000
-3.536144 -2.571769 0.013167 0.000000
-2.768084 -2.602484 0.024737 0.000000
-8.670527 -1.996808 0.004391 0.000000
-5.436535 -2.353122 0.009034 0.000000
-3.038046 -2.497657 0.014851 0.000000
-3.285568 -2.697600 0.012630 0.000000
-14.269328 -1.444270 0.001735 0.000000
-7.542123 -2.343041 0.027906 0.000000
-5.105749 -2.446978 0.026946 0.000000
-3.712816 -2.744612 0.024779 0.000000
-37.169441 0.508903 -0.001189 0.000000
-11.078782 -2.004720 0.074714 0.000000
-6.468969 -2.550890 0.006580 0.000000
-4.739352 -2.617081 0.025987 0.000000
-21.775239 -1.507559 0.000683 0.000000
-9.265244 -2.473482 0.003700 0.000000
-2.003289 -2.446790 0.020813 0.000000
-1.468370 -2.643181 0.026444 0.000000
-2.276398 -2.442453 0.005486 0.000000
-1.728598 -2.691189 0.023292 0.000000
-1.892166 -2.721945 0.021727 0.000000
-3.268774 -2.374302 0.014091 0.000000
-2.659501 -2.441862 0.016537 0.000000
-2.315931 -2.647045 0.025456 0.000000
-4.185049 -2.271128 0.011764 0.000000
-0.330573 -2.644045 0.061958 0.000000
-0.420080 -2.644891 0.056856 0.000000
-0.190445 -2.667312 0.064771 0.000000
-5.815214 -2.634383 0.009272 0.000000
0.482838 -2.454008 0.091559 0.000000
0.362936 -2.460147 0.104476 0.000000
1.811040 -2.208467 0.089480 0.000000
3.407684 -1.660741 0.059879 0.000000
4.221023 -1.530720 0.017376 0.000000
5.676303 -0.912721 0.008357 0.000000
2.136012 -2.296808 0.085683 0.000000
3.194220 -1.913329 0.054532 0.000000
3.726498 -1.734815 0.016284 0.000000
4.499689 -1.137143 0.019835 0.000000
1.610929 -2.246769 0.102651 0.000000
3.036326 -1.613518 0.057949 0.000000
3.671354 -1.290674 0.020018 0.000000
1.406323 -2.433282 0.085098 0.000000
2.973639 -2.086940 0.003321 0.000000
2.011485 -2.001376 0.097434 0.000000
3.310050 -1.475692 0.061887 0.000000
1.852547 -2.100503 0.088187 0.000000
2.983866 -1.606218 0.019448 0.000000
1.288141 -2.419295 0.076056 0.000000
1.505565 -2.215780 0.103746 0.000000
5.357579 -1.785720 0.075229 0.000000
-15.822836 -2.354332 0.001814 0.000000
-8.040923 -2.707472 0.004116 0.000000
-12.790575 -2.843364 0.003467 0.000000
-30.006571 -3.165743 0.000681 0.000000
21.330074 1.484696 0.000448 0.000000
10.675045 -0.476549 0.014285 0.000000
19.524806 1.889551 0.000392 0.000000
7.023761 -1.384254 0.017958 0.000000
10.440401 -0.203199 0.028163 0.000000
19.092929 2.553123 0.000142 0.000000
9.431275 -0.025005 0.334636 0.000000
7.012657 -0.855388 0.021907 0.000000
9.678380 -0.186025 0.014771 0.000000
8.813685 -0.012888 0.254275 0.000000
4.348708 -1.835676 0.015739 0.000000
5.385113 -1.347401 0.015123 0.000000
7.071322 -0.787568 0.009263 0.000000
8.540601 -0.023147 0.088845 0.000000
3.540502 -1.838058 0.058239 0.000000
4.242654 -1.663140 0.016484 0.000000
5.527451 -1.160689 0.012332 0.000000
7.574499 -0.334145 0.023819 0.000000
0.939361 -2.401159 0.105107 0.000000
1.097497 -2.417931 0.101142 0.000000
0.361817 -2.217987 0.133711 0.000000
0.553578 -2.200731 0.122347 0.000000
0.915304 -1.816579 0.113264 0.000000
0.698229 -2.001550 0.120436 0.000000
4.221526 -0.120721 0.016021 0.000000
4.833317 -0.013556 0.373219 0.000000
4.566766 -0.014234 0.453323 0.000000
4.373420 -0.013881 0.532300 0.000000
4.696155 -0.014652 0.265813 0.000000
4.400674 -0.020360 0.274486 0.000000
4.767565 -0.015221 0.069700 0.000000
4.455691 -0.157554 0.016030 0.000000
4.238198 -0.025588 0.379304 0.000000
4.015898 -0.022512 0.220119 0.000000
5.020807 -0.010997 0.398942 0.000000
3.955986 -0.024510 0.270801 0.000000
3.817367 -0.485438 0.017754 0.000000
4.020772 -0.016671 0.135047 0.000000
3.954913 -0.016068 0.180764 0.000000
3.198165 -0.658023 0.017792 0.000000
3.625636 -0.064292 0.016439 0.000000
5.751509 -0.021003 0.415214 0.000000
6.053133 -0.010694 0.803029 0.000000
5.784798 -0.022501 0.982371 0.000000
5.240500 -0.010601 0.985272 0.000000
6.243427 -0.009342 0.728675 0.000000
5.881749 -0.012295 0.829340 0.000000
5.521601 -0.028137 0.917566 0.000000
5.086131 -0.016246 0.860795 0.000000
5.841244 -0.025214 0.723508 0.000000
5.722046 -0.015385 0.772569 0.000000
5.208609 -0.041744 0.672617 0.000000
3.319920 -0.401951 0.018269 0.000000
5.507788 -0.010367 0.606624 0.000000
5.199104 -0.026975 0.683139 0.000000
4.889140 -0.017577 0.649561 0.000000
5.542230 -0.022392 0.558319 0.000000
5.123822 -0.021213 0.573857 0.000000
4.920825 -0.042217 0.456107 0.000000
4.600946 -0.026667 0.766889 0.000000
5.333984 -0.024980 0.234488 0.000000
4.605733 -0.012939 0.515533 0.000000
1.021473 -1.832356 0.110781 0.000000
1.333441 -1.617883 0.130197 0.000000
1.758680 -1.216432 0.089804 0.000000
1.503930 -1.425210 0.106152 0.000000
1.622882 -1.412413 0.104843 0.000000
3.565219 -0.022291 0.053539 0.000000
1.955817 -1.462232 0.101835 0.000000
2.764428 -0.871263 0.007953 0.000000
3.366223 -0.213115 0.017473 0.000000
1.786082 -1.606252 0.129474 0.000000
2.884024 -0.493942 0.017642 0.000000
1.940281 -1.246875 0.086926 0.000000
3.140525 -0.346367 0.018489 0.000000
1.428102 -1.636306 0.129498 0.000000
2.097792 -1.062460 0.092627 0.000000
-4.422586 -0.148665 0.000063 0.000000
-2.912717 -0.825739 0.013624 0.000000
-1.718019 -1.685109 0.106018 0.000000
-1.245853 -1.821398 0.107303 0.000000
-4.227230 -0.024136 0.083999 0.000000
-3.337681 -0.777881 0.012000 0.000000
-1.915462 -1.618698 0.086663 0.000000
-1.568076 -1.962296 0.102261 0.000000
-3.864388 -0.236938 0.002849 0.000000
-2.097611 -1.480668 0.094686 0.000000
-4.762592 -0.023084 0.319019 0.000000
-3.103925 -0.847744 0.010412 0.000000
-4.920731 -0.009967 0.206088 0.000000
-4.775724 -0.199158 0.016840 0.000000
-3.729144 -0.474217 0.004376 0.000000
-5.144141 -0.023143 0.288206 0.000000
-4.915416 -0.023954 0.073887 0.000000
-3.198597 -1.000383 0.010317 0.000000
-5.282956 -0.006629 0.416214 0.000000
-1.592490 -1.670769 0.107121 0.000000
-1.103728 -1.872143 0.110349 0.000000
-0.826424 -2.039015 0.091339 0.000000
-1.014012 -2.039649 0.085933 0.000000
-1.901636 -1.450799 0.096783 0.000000
-3.174640 -0.651118 0.013169 0.000000
-3.566311 -0.579944 0.018384 0.000000
-6.894292 -0.034318 0.907824 0.000000
-6.172211 -0.030200 0.423247 0.000000
-5.871052 -0.007703 0.270787 0.000000
-6.601828 -0.029317 1.303368 0.000000
-6.515921 -0.013915 0.875127 0.000000
-6.273053 -0.024935 0.626273 0.000000
-6.844110 -0.017600 1.341496 0.000000
-6.639681 -0.013284 1.184069 0.000000
-6.713904 -0.014375 0.727126 0.000000
-6.566037 -0.010738 0.481181 0.000000
-7.253755 -0.038529 1.436821 0.000000
-7.115113 -0.037253 1.091173 0.000000
-6.313764 -0.018328 0.924392 0.000000
-7.479100 -0.010485 1.765423 0.000000
-7.328012 -0.006389 1.359477 0.000000
-7.281922 -0.032284 1.176219 0.000000
-7.032592 -0.015556 0.639465 0.000000
-7.869600 -0.014778 1.948712 0.000000
-7.758442 -0.018506 1.430803 0.000000
-7.525975 -0.009389 1.261880 0.000000
-7.582392 -0.024390 0.973410 0.000000
-8.103544 -0.028819 2.084549 0.000000
-8.025407 -0.010961 1.692656 0.000000
-5.434751 -0.009410 0.455244 0.000000
-3.569068 -0.619704 0.018078 0.000000
-5.031725 -0.023823 0.105882 0.000000
-4.160456 -0.403462 0.009778 0.000000
-5.426627 -0.010246 0.671336 0.000000
-5.653843 -0.003835 0.648732 0.000000
-0.749540 -2.074663 0.095627 0.000000
-5.497769 -0.013566 0.360375 0.000000
-5.392139 -0.091316 0.019375 0.000000
-5.813467 -0.030162 0.940479 0.000000
-5.757973 -0.020135 0.429017 0.000000
-5.659184 -0.028980 0.296019 0.000000
-5.580444 -0.179272 0.007597 0.000000
-6.097099 -0.019255 0.668559 0.000000
-5.855971 -0.031105 0.567921 0.000000
-6.514839 -0.009990 1.150589 0.000000
-0.363572 -2.227704 0.131442 0.000000
-0.488515 -2.203841 0.124270 0.000000
-0.191169 -2.211966 0.128656 0.000000
-0.798080 -2.201849 0.108536 0.000000
6.445704 -0.021913 0.866129 0.000000
-7.806604 -0.110742 0.006767 0.000000
-4.777862 -0.955246 0.007197 0.000000
-3.244364 -1.422890 0.010467 0.000000
-7.531270 -0.007822 0.500483 0.000000
-7.267453 -0.024428 0.066457 0.000000
-5.971603 -0.490851 0.004849 0.000000
-3.927544 -1.320312 0.004122 0.000000
-7.844416 -0.032404 0.524827 0.000000
-7.661054 -0.006951 0.287347 0.000000
-7.557540 -0.008363 0.175135 0.000000
-4.611509 -1.085578 0.006433 0.000000
-8.247544 -0.034689 0.786024 0.000000
-8.024097 -0.010349 0.378025 0.000000
-7.005368 -0.024494 0.019905 0.000000
-5.808193 -0.628990 0.022815 0.000000
-8.719858 -0.027095 0.952995 0.000000
-8.422923 -0.037319 0.412842 0.000000
-8.309351 -0.024654 0.259422 0.000000
-8.068596 -0.045388 0.004455 0.000000
-9.032534 -0.013209 0.838183 0.000000
-8.901778 -0.004186 0.765898 0.000000
-8.694047 -0.004409 0.279305 0.000000
-8.418945 -0.064802 0.058534 0.000000
-9.547905 -0.018652 1.198576 0.000000
-9.347649 -0.035837 0.952039 0.000000
-3.883045 -1.184437 0.007458 0.000000
-1.534313 -2.047561 0.076220 0.000000
-2.824211 -1.518794 0.011728 0.000000
-1.777990 -2.138922 0.076202 0.000000
-4.621587 -0.729590 0.006811 0.000000
-3.392957 -1.286547 0.035246 0.000000
-1.946387 -2.040978 0.097969 0.000000
-6.089612 -0.304138 0.044927 0.000000
-9.393821 -0.004512 0.421227 0.000000
-2.968587 -1.646582 0.011151 0.000000
-6.646402 -0.102302 0.018846 0.000000
-6.879580 -0.137897 0.018564 0.000000
-7.333075 -0.004790 0.285297 0.000000
7.470815 -0.030793 1.205247 0.000000
8.713991 -0.041273 1.950054 0.000000
7.800585 -0.003892 1.861519 0.000000
7.210783 -0.008530 1.899602 0.000000
6.711882 -0.025632 1.782490 0.000000
8.352246 -0.009182 1.667321 0.000000
7.796669 -0.008268 1.761018 0.000000
6.860981 -0.012813 1.675542 0.000000
6.590535 -0.010976 1.502620 0.000000
7.837368 -0.016825 1.598432 0.000000
7.272427 -0.089035 1.569448 0.000000
6.716486 -0.022266 1.551103 0.000000
6.182894 -0.015616 1.539333 0.000000
6.849978 -0.033448 1.854664 0.000000
6.988163 -0.018648 1.366002 0.000000
6.430218 -0.011689 1.285848 0.000000
5.813548 -0.013829 1.351563 0.000000
7.139102 -0.011385 1.246600 0.000000
6.763353 -0.012952 1.212205 0.000000
6.022665 -0.033324 1.362014 0.000000
5.682235 -0.022549 1.350110 0.000000
6.834649 -0.008835 1.000907 0.000000
6.223222 -0.025989 1.087067 0.000000
5.948399 -0.013955 1.022390 0.000000
5.504105 -0.033793 1.195229 0.000000
8.877541 -0.036833 2.759180 0.000000
-9.010524 -0.013379 0.311783 0.000000
-9.886331 -0.004921 1.069262 0.000000
-9.679407 -0.036084 0.617314 0.000000
-9.615557 -0.034639 0.474605 0.000000
9.714028 -0.025014 3.563915 0.000000
9.088200 -0.005962 3.379527 0.000000
9.724986 -0.043058 3.200822 0.000000
8.664265 -0.021421 2.847248 0.000000
9.201136 -0.001364 2.969901 0.000000
8.266977 -0.024458 2.600483 0.000000
9.888430 -0.035628 2.945309 0.000000
-1.940323 -1.812788 0.102753 0.000000
7.917885 -0.034436 2.571772 0.000000
9.314509 -0.025865 2.797802 0.000000
8.253109 -0.022311 2.410243 0.000000
7.786566 -0.006064 2.338401 0.000000
9.667125 -0.038134 2.431312 0.000000
8.811863 -0.034891 2.310041 0.000000
7.991500 -0.010684 2.332603 0.000000
7.384507 -0.030286 2.071370 0.000000
9.381170 -0.012509 2.325822 0.000000
8.221650 -0.012358 2.153915 0.000000
7.744945 -0.024839 2.121777 0.000000
-0.840763 -2.204974 0.107004 0.000000
-1.116247 -2.235887 0.099136 0.000000
-1.222235 -2.100388 0.083521 0.000000
-1.678454 -1.984899 0.100851 0.000000
0.522834 0.971517 0.036504 0.000000
0.479554 -0.067943 0.188968 0.000000
0.620981 -0.072278 0.142801 0.000000
0.715780 1.069508 0.033764 0.000000
0.600844 0.887298 0.026773 0.000000
0.577574 0.694891 0.040655 0.000000
0.266595 -0.080527 0.147308 0.000000
0.622558 1.391021 0.018071 0.000000
-0.197605 -0.401812 0.144629 0.000000
0.010129 -0.201866 0.143049 0.000000
0.063089 -0.405652 0.141310 0.000000
-0.174353 -0.230880 0.141760 0.000000
0.180680 -0.601632 0.142300 0.000000
-0.276863 -0.210779 0.149725 0.000000
-0.195898 -0.664081 0.146500 0.000000
0.248599 -0.203075 0.149496 0.000000
-0.270922 -0.405518 0.143445 0.000000
-2.022826 -0.018792 0.470175 0.000000
-2.156397 -0.018474 0.669271 0.000000
-1.906431 -0.019393 0.532280 0.000000
-2.342462 -0.023147 0.692585 0.000000
-1.767895 -0.026542 0.577700 0.000000
-1.787013 -0.019801 0.379360 0.000000
-2.910778 -0.016816 1.083130 0.000000
-3.039454 -0.016786 1.332588 0.000000
-2.460438 -0.021556 0.971726 0.000000
-2.662619 -0.017210 0.934431 0.000000
-0.579645 -0.602675 0.127803 0.000000
-0.399946 -0.680040 0.137147 0.000000
-0.362671 -0.859808 0.141650 0.000000
-0.787061 -0.069485 0.185717 0.000000
-0.563526 -0.242110 0.134816 0.000000
-0.798283 -0.264972 0.125245 0.000000
-0.417414 -0.822335 0.136732 0.000000
-0.842271 -0.068079 0.137163 0.000000
-0.663659 -0.431997 0.127214 0.000000
-0.196229 -0.856762 0.142868 0.000000
-0.358981 -0.061976 0.140232 0.000000
-0.508375 -0.077841 0.186446 0.000000
-0.710101 0.678627 0.036962 0.000000
-0.575507 -0.420476 0.131511 0.000000
-0.958954 -0.614294 0.112612 0.000000
-1.332368 -0.050931 0.330522 0.000000
-1.336782 -0.090606 0.101217 0.000000
-1.190458 -0.136351 0.104479 0.000000
-1.411612 -0.058515 0.348011 0.000000
-0.996609 -0.287647 0.119277 0.000000
-0.722332 -0.823878 0.121694 0.000000
-0.958250 -0.475635 0.116254 0.000000
-1.153182 -0.052574 0.329410 0.000000
-1.057910 -0.295115 0.117736 0.000000
-4.561527 -0.010562 2.969365 0.000000
-4.326163 0.008577 2.534378 0.000000
-4.675711 0.022555 2.576078 0.000000
-3.419014 -0.024527 2.589732 0.000000
-3.851388 -0.029729 2.565259 0.000000
-4.389121 -0.016693 2.746084 0.000000
-4.780832 -0.030074 2.615898 0.000000
-3.502106 -0.022597 2.704731 0.000000
-3.919727 -0.016823 2.607279 0.000000
-3.795315 -0.023916 2.741026 0.000000
-4.018514 -0.009799 2.689805 0.000000
-3.908372 0.001420 2.524030 0.000000
-4.846575 -0.053847 2.910720 0.000000
-4.185153 -0.023271 2.862429 0.000000
-5.037298 -0.004921 3.159344 0.000000
-3.663711 -0.009397 2.985383 0.000000
-4.295001 -0.022094 2.978354 0.000000
-4.697804 -0.024793 3.124997 0.000000
-5.371124 -0.004539 3.351119 0.000000
-3.889263 -0.020474 2.962170 0.000000
-4.332812 -0.025291 3.054138 0.000000
-3.448593 -0.016796 2.082781 0.000000
-3.229171 -0.046073 1.912382 0.000000
-3.505564 -0.021911 1.938422 0.000000
-3.996741 -0.036386 1.963929 0.000000
-3.001927 -0.014939 2.154302 0.000000
-3.233619 -0.017014 2.083146 0.000000
-3.604040 -0.023625 2.116033 0.000000
-4.038833 -0.022572 2.187285 0.000000
-3.025946 -0.024919 2.386449 0.000000
-4.805263 -0.017036 3.287218 0.000000
-3.818715 -0.014426 2.103864 0.000000
-3.216711 -0.024310 2.327995 0.000000
-3.583661 -0.013495 2.358019 0.000000
-3.890266 -0.037897 2.246829 0.000000
-4.211640 -0.021052 2.308589 0.000000
-3.694543 -0.023354 2.351745 0.000000
-4.043665 -0.020622 2.273264 0.000000
-3.567630 0.019904 2.518904 0.000000
-7.141428 -0.016438 5.573683 0.000000
-6.424984 -0.001285 4.714705 0.000000
-4.593264 -0.002685 3.835413 0.000000
-5.174378 -0.017566 4.006729 0.000000
-5.765403 -0.014552 4.537562 0.000000
-5.256146 -0.021233 4.298555 0.000000
-5.927345 -0.022005 4.662689 0.000000
-4.640970 -0.018160 4.014852 0.000000
-5.270710 -0.018025 4.437943 0.000000
-6.118572 -0.014600 4.832836 0.000000
-5.643516 -0.016674 4.378517 0.000000
-4.783795 -0.002009 4.364057 0.000000
-5.467132 -0.015918 4.690450 0.000000
-6.316217 -0.013542 5.066814 0.000000
-4.846098 -0.018448 4.440920 0.000000
-5.774230 -0.026829 4.848468 0.000000
-6.565388 -0.016826 5.583235 0.000000
-7.504660 -0.012189 6.024259 0.000000
-5.671214 -0.026728 5.070060 0.000000
-6.679593 -0.020978 5.616545 0.000000
-5.216173 -0.060827 3.715484 0.000000
-3.827942 -0.022085 3.154264 0.000000
-4.557733 -0.009541 3.218662 0.000000
-5.514957 -0.005336 3.449188 0.000000
-4.083470 -0.024398 3.085967 0.000000
-5.046297 -0.021045 3.519927 0.000000
-5.742919 -0.017268 3.714556 0.000000
-4.078723 -0.006252 3.363240 0.000000
-4.642056 -0.007175 3.419941 0.000000
-5.996213 -0.014652 3.911684 0.000000
-4.011710 -0.020383 3.510293 0.000000
-4.752622 -0.023855 3.625759 0.000000
-5.210553 -0.003719 3.885513 0.000000
-6.106669 -0.003055 4.025385 0.000000
-4.350602 -0.028847 3.466107 0.000000
-4.935302 -0.019821 3.845182 0.000000
-5.449494 -0.027707 4.114786 0.000000
-6.342536 -0.069150 4.539535 0.000000
-4.286553 -0.019874 3.646835 0.000000
-2.339755 -0.018056 0.927939 0.000000
-2.068189 -0.019009 1.058673 0.000000
-2.168820 -0.018543 0.814579 0.000000
-2.114074 -0.018865 1.202330 0.000000
-2.214888 -0.021343 1.193736 0.000000
-2.328704 -0.020222 1.341285 0.000000
-2.410847 -0.017956 1.111411 0.000000
-1.824149 -0.019965 0.731616 0.000000
-1.752927 -0.020367 0.939468 0.000000
-1.712789 -0.026228 0.734976 0.000000
-1.951356 -0.019408 0.823022 0.000000
-1.831615 -0.022997 1.192965 0.000000
-2.627381 -0.020153 1.179446 0.000000
-2.947191 -0.015908 1.962021 0.000000
-2.680542 -0.017582 1.670665 0.000000
-2.904020 -0.026184 1.410150 0.000000
-3.188384 -0.016678 1.486896 0.000000
-3.245951 -0.024819 1.576745 0.000000
-2.840192 -0.017030 1.757397 0.000000
-3.155027 -0.016538 1.762822 0.000000
-3.521030 -0.023922 1.569450 0.000000
-3.257974 -0.016741 1.703154 0.000000
-3.428951 -0.016843 1.614790 0.000000
-3.158663 -0.025023 1.851419 0.000000
-3.631144 -0.020858 1.776019 0.000000
-2.563169 -0.017682 1.325588 0.000000
-2.379993 -0.028642 1.501494 0.000000
-2.681128 -0.023344 1.336466 0.000000
-2.569953 -0.017698 1.401335 0.000000
-7.751490 -0.047995 6.568894 0.000000
-2.681144 -0.018447 1.520559 0.000000
-2.828152 -0.018869 1.362955 0.000000
-2.554383 -0.017821 1.695076 0.000000
4.040955 0.029518 2.579211 0.000000
3.742496 0.001862 2.555538 0.000000
3.424435 -0.008711 2.567795 0.000000
4.754928 -0.014240 2.941182 0.000000
7.540886 3.460733 4.921316 0.000000
3.916423 -0.002696 3.527344 0.000000
4.351193 -0.024827 2.989998 0.000000
7.042615 -0.057582 7.289364 0.000000
-6.081441 -0.027432 6.614351 0.000000
-7.257495 -0.090027 7.717736 0.000000
-6.208142 -0.024728 6.813344 0.000000
-6.464109 -0.113242 7.351133 0.000000
-6.718516 -0.012291 7.528381 0.000000
6.184781 -0.007668 7.657038 0.000000
6.717704 -0.002746 7.673668 0.000000
5.957822 -0.023120 7.503510 0.000000
7.364923 -0.013669 7.763894 0.000000
6.531849 -0.023433 7.385888 0.000000
5.648550 -0.010363 7.167961 0.000000
7.794853 -0.000617 7.541934 0.000000
-7.138221 -0.012257 7.258148 0.000000
6.307248 -0.000523 7.073575 0.000000
5.767905 -0.033434 6.852400 0.000000
7.526833 -0.019611 7.195103 0.000000
6.883164 -0.023882 6.978554 0.000000
6.199736 -0.004321 6.686308 0.000000
5.502542 -0.027800 6.466964 0.000000
6.187561 -0.042260 6.359219 0.000000
5.401498 -0.004534 6.341100 0.000000
-8.499933 -0.006338 7.664289 0.000000
-5.165325 -0.031135 4.767892 0.000000
-5.975995 -0.014164 5.225287 0.000000
-6.927964 -0.108334 6.037605 0.000000
-8.016041 -0.017146 6.894565 0.000000
-5.051251 -0.016709 4.903311 0.000000
-6.070528 -0.010500 5.465163 0.000000
-7.127550 -0.010223 6.250798 0.000000
-8.363412 -0.002892 7.368146 0.000000
-5.259445 -0.020782 5.056953 0.000000
-6.171949 -0.014898 5.821814 0.000000
-7.344744 -0.010269 6.677373 0.000000
6.428939 -0.017768 6.138938 0.000000
-5.424904 -0.016907 5.296547 0.000000
-6.257988 -0.032315 6.040468 0.000000
-7.512071 -0.009594 7.099319 0.000000
-5.516010 -0.014949 5.474827 0.000000
-6.562058 -0.027306 6.278686 0.000000
-7.742156 -0.018369 7.562748 0.000000
-5.696908 -0.009135 5.839946 0.000000
-6.659947 -0.022090 6.683533 0.000000
-5.869565 -0.029133 6.044176 0.000000
-6.979075 -0.026167 7.192772 0.000000
-5.943364 -0.019809 6.279551 0.000000
4.709980 -0.024241 4.163060 0.000000
5.179886 -0.020386 4.743200 0.000000
4.766625 -0.028674 4.718947 0.000000
4.812318 -0.020595 4.514165 0.000000
5.002199 -0.010741 4.080793 0.000000
4.580973 -0.012333 4.405625 0.000000
5.156693 -0.011720 3.670470 0.000000
4.242672 -0.003781 4.002501 0.000000
5.986646 -0.004893 5.204255 0.000000
5.936816 -0.030237 6.066873 0.000000
5.270058 -0.016763 6.108860 0.000000
6.845588 -0.024711 5.936265 0.000000
5.677232 -0.001412 5.991163 0.000000
5.280822 -0.041864 5.816296 0.000000
6.488527 -0.014812 5.595220 0.000000
6.064486 -0.000517 5.480573 0.000000
5.583552 -0.019203 5.551140 0.000000
5.030245 -0.041791 5.423246 0.000000
6.319547 -0.000445 5.362665 0.000000
5.058635 -0.051903 5.342125 0.000000
6.083994 -0.019912 5.106207 0.000000
5.778606 -0.020350 5.039443 0.000000
5.357288 -0.004128 5.011296 0.000000
4.982590 -0.008995 5.163628 0.000000
6.079524 -0.020313 4.739293 0.000000
-2.669216 -0.023484 0.313040 0.000000
-2.801423 -0.016206 0.318983 0.000000
-1.740852 -0.407140 0.106335 0.000000
-2.129736 -0.283151 0.091674 0.000000
-1.544335 -0.800832 0.105889 0.000000
-2.204918 -0.027372 0.159753 0.000000
-1.681410 -0.818710 0.104659 0.000000
-1.993906 -0.657919 0.098327 0.000000
-2.556090 -0.026269 0.137052 0.000000
-4.042547 -0.030754 0.931113 0.000000
-3.710207 -0.015304 0.756036 0.000000
-3.907050 -0.022581 0.925105 0.000000
-4.399149 -0.018011 1.115636 0.000000
-3.357313 -0.029110 0.444539 0.000000
-1.315913 -1.002182 0.103370 0.000000
-3.589303 -0.020648 0.608657 0.000000
-0.512598 -1.606114 0.134019 0.000000
-0.201193 -1.623448 0.133696 0.000000
-0.329164 -1.818132 0.132797 0.000000
0.363807 -1.613283 0.134820 0.000000
0.003211 -1.810281 0.139095 0.000000
-0.665940 -1.621134 0.128155 0.000000
-0.966901 -1.400435 0.112018 0.000000
-1.151497 -1.205540 0.109315 0.000000
-1.020283 -1.024227 0.110187 0.000000
-0.816512 -1.201090 0.118243 0.000000
-1.371517 -0.801546 0.109785 0.000000
-1.784358 -0.680240 0.098779 0.000000
-0.775000 -1.446861 0.122882 0.000000
5.703442 -0.010571 1.892423 0.000000
5.546006 -0.032472 1.603102 0.000000
5.217125 -0.013915 1.046493 0.000000
4.821747 -0.015735 1.125991 0.000000
5.013463 -0.016785 1.736830 0.000000
6.982071 -0.014643 2.037875 0.000000
6.967605 -0.024951 2.655166 0.000000
6.769714 -0.007434 2.268890 0.000000
6.775990 -0.026304 2.575111 0.000000
6.719575 -0.023125 2.888911 0.000000
6.160896 -0.030718 2.023969 0.000000
5.971714 -0.014896 1.739633 0.000000
5.847258 -0.023458 2.133097 0.000000
2.788926 -0.291258 0.019371 0.000000
4.569344 -0.028056 0.945008 0.000000
7.258646 -0.018801 2.368550 0.000000
-6.599242 -0.008558 2.391672 0.000000
-5.889359 -0.011896 1.818047 0.000000
-7.156892 -0.011893 1.974566 0.000000
-5.571116 -0.015275 1.812238 0.000000
-6.399119 -0.015194 2.186955 0.000000
-7.662079 -0.028696 2.205064 0.000000
-5.253440 -0.015571 1.675235 0.000000
-8.063391 -0.017171 2.481023 0.000000
-6.185570 -0.015849 2.268455 0.000000
-8.563314 -0.008747 2.632969 0.000000
-6.203909 -0.015838 2.455519 0.000000
-7.125411 -0.009858 2.719052 0.000000
-7.829391 -0.004946 2.873002 0.000000
-8.944784 -0.030528 3.199625 0.000000
-6.783661 -0.014002 2.453882 0.000000
-4.875799 -0.032959 1.419455 0.000000
-4.545007 -0.017439 1.307287 0.000000
-4.753925 -0.035775 1.235914 0.000000
-7.273826 -0.013362 2.930168 0.000000
-5.100408 -0.020252 1.569491 0.000000
-6.567193 -0.033904 1.526855 0.000000
-5.789347 -0.014388 1.727169 0.000000
8.276431 -0.027502 3.187589 0.000000
9.632718 -0.039770 4.066586 0.000000
9.449907 -0.026719 4.283732 0.000000
9.042110 -0.023785 4.769659 0.000000
8.823479 -0.038296 4.816260 0.000000
9.087378 -0.023034 3.611245 0.000000
8.986937 -0.037980 4.130209 0.000000
8.491164 -0.030177 4.526916 0.000000
8.373286 -0.013875 4.325412 0.000000
9.269894 -0.024360 5.308724 0.000000
8.069512 -0.036188 3.647371 0.000000
7.883943 -0.035738 3.918598 0.000000
7.983933 -0.002497 3.124425 0.000000
7.478847 -0.033714 3.126457 0.000000
-9.794694 -0.016888 3.973028 0.000000
-8.366712 -0.011667 3.066674 0.000000
-9.366958 -0.007941 3.348360 0.000000
-6.807789 -0.029761 2.617219 0.000000
-7.648654 -0.070588 3.090804 0.000000
-8.781366 -0.029212 3.222024 0.000000
-9.845654 -0.041575 3.610796 0.000000
-9.053127 -0.074610 3.606189 0.000000
-7.550340 -0.043466 3.049117 0.000000
-8.486036 -0.047358 3.436684 0.000000
-7.690285 -0.059958 3.255995 0.000000
-8.911181 -0.011943 3.649101 0.000000
-9.305795 -0.007481 4.195560 0.000000
-8.501137 -0.023510 3.926082 0.000000
-8.770027 -0.015862 4.002038 0.000000
-9.155685 -0.044464 4.598453 0.000000
-9.671353 -0.078277 4.987379 0.000000
9.758733 -0.007569 5.738752 0.000000
8.009041 -0.030811 6.181689 0.000000
9.012538 -0.052118 7.343758 0.000000
8.340390 -0.013500 7.273770 0.000000
9.886823 -0.019400 6.778328 0.000000
9.373957 -0.024250 6.939431 0.000000
8.666598 -0.021231 6.873996 0.000000
8.009608 -0.020075 6.882139 0.000000
8.362657 -0.058821 6.499894 0.000000
7.843970 -0.061660 6.566530 0.000000
7.598713 -0.033024 6.261524 0.000000
8.463042 -0.031811 5.380364 0.000000
7.645239 -0.018245 5.683055 0.000000
7.319397 -0.024884 5.821266 0.000000
8.023976 -0.046689 4.941646 0.000000
7.452217 -0.003642 5.206501 0.000000
7.126455 -0.030004 5.545494 0.000000
-7.071198 -0.022793 5.124146 0.000000
-7.380256 -0.010921 4.690081 0.000000
-9.881170 -0.018273 6.036104 0.000000
-6.570226 -0.066951 4.245141 0.000000
-7.515934 -0.030839 4.983393 0.000000
-8.605020 -0.015457 5.734510 0.000000
-6.742876 -0.012414 4.470243 0.000000
-7.654298 -0.010569 5.253300 0.000000
-9.143862 -0.019837 6.030237 0.000000
-6.948533 -0.030996 4.841074 0.000000
-8.173919 -0.013997 5.500118 0.000000
-9.507740 -0.015682 6.528427 0.000000
7.001724 -0.002307 5.123290 0.000000
-8.594281 -0.031130 5.809013 0.000000
-7.510068 -0.010526 5.298554 0.000000
-8.678376 -0.027684 6.350843 0.000000
-7.642600 -0.021906 5.659511 0.000000
-9.018278 -0.022275 6.712649 0.000000
-8.088806 -0.031329 6.067092 0.000000
-9.455124 -0.004295 7.002998 0.000000
-8.295969 -0.008154 6.588272 0.000000
-8.622603 -0.002752 6.832577 0.000000
-9.032047 -0.026183 7.278042 0.000000
5.685564 -0.046078 3.928828 0.000000
5.918552 -0.013357 3.038007 0.000000
5.748972 -0.026682 2.814870 0.000000
5.572343 -0.027426 3.184315 0.000000
5.033391 -0.026154 2.834359 0.000000
6.873377 -0.004925 5.308986 0.000000
6.815774 -0.031617 4.725875 0.000000
6.678158 -0.005865 4.891507 0.000000
6.601240 -0.027376 4.457287 0.000000
6.591768 -0.006037 4.680248 0.000000
6.821746 -0.033954 3.699661 0.000000
6.230784 -0.021186 4.431440 0.000000
6.395990 -0.021643 3.933892 0.000000
6.131890 -0.015699 4.390099 0.000000
6.198965 -0.013954 3.770004 0.000000
5.804294 -0.021785 4.025467 0.000000
6.164445 -0.000767 3.212738 0.000000
-5.513330 -0.017219 2.116028 0.000000
-5.724869 -0.010178 2.273802 0.000000
-4.635051 -0.013186 2.318447 0.000000
-3.279722 -0.020261 1.264687 0.000000
-7.455630 -0.015300 3.827699 0.000000
-8.222085 -0.014690 4.451090 0.000000
-7.393536 -0.019805 3.773634 0.000000
-7.537206 -0.023856 4.218943 0.000000
-8.593180 -0.017894 4.938498 0.000000
-8.855088 -0.050759 5.290375 0.000000
-8.147495 -0.018668 4.855681 0.000000
-9.393294 -0.010668 5.666658 0.000000
-4.417774 -0.038334 2.565422 0.000000
-6.692049 -0.044375 3.332530 0.000000
-6.337461 -0.010079 3.116593 0.000000
-6.931277 -0.001629 3.584370 0.000000
1.708268 -0.200010 0.102165 0.000000
1.507600 -0.438411 0.106384 0.000000
2.111406 -0.050058 0.098497 0.000000
1.034863 -0.619203 0.112657 0.000000
4.072918 -0.029433 1.243215 0.000000
4.898625 -0.011238 2.065335 0.000000
4.925158 -0.035857 2.793974 0.000000
4.578529 -0.006766 2.273168 0.000000
1.712139 -0.019335 1.345801 0.000000
1.779162 -0.018190 1.463075 0.000000
1.417101 -0.050597 1.234278 0.000000
1.407285 -0.049760 1.063558 0.000000
1.871212 -0.020177 1.499991 0.000000
1.831991 -0.020248 1.694247 0.000000
2.176613 -0.019102 1.591940 0.000000
1.838517 -0.020347 1.380107 0.000000
1.078007 -0.053874 0.999815 0.000000
1.038021 -0.053621 1.185776 0.000000
0.801264 -0.057341 0.701156 0.000000
0.992934 -0.054739 0.995441 0.000000
1.209358 -0.052546 1.087778 0.000000
1.277885 -0.050933 0.884655 0.000000
3.255206 0.000891 2.548416 0.000000
3.353233 -0.020126 2.983169 0.000000
3.028708 -0.017912 2.693634 0.000000
2.695262 -0.020713 2.702337 0.000000
2.953100 -0.021179 2.647579 0.000000
2.891550 -0.028402 2.544517 0.000000
2.541360 -0.009605 2.543735 0.000000
6.965796 3.577661 4.933726 0.000000
2.903324 0.009145 2.546886 0.000000
2.794682 0.021585 2.538757 0.000000
2.645368 -0.020432 2.386855 0.000000
3.524188 1.183783 3.284380 0.000000
3.443007 -0.020412 3.240304 0.000000
3.085221 -0.005020 3.270248 0.000000
3.600032 -0.041115 3.222111 0.000000
3.245620 -0.019357 3.371260 0.000000
2.997805 -0.018214 3.000790 0.000000
3.202739 -0.005171 3.189870 0.000000
2.961778 -0.009926 2.223909 0.000000
3.413934 -0.008112 3.109666 0.000000
3.153365 -0.039315 2.805486 0.000000
2.917973 -0.020577 2.993247 0.000000
2.662296 -0.039911 2.974099 0.000000
2.201688 -0.019056 1.727453 0.000000
2.351065 -0.012869 1.969601 0.000000
2.110774 -0.019335 1.925594 0.000000
2.509472 -0.012682 1.903670 0.000000
2.053974 -0.015208 1.739769 0.000000
2.671857 -0.018051 2.053126 0.000000
2.487331 -0.018534 2.239719 0.000000
2.536995 -0.023653 2.063480 0.000000
2.213009 -0.021201 2.248780 0.000000
2.219016 -0.021112 2.145416 0.000000
-0.467635 -0.034605 0.403536 0.000000
-1.743889 7.741285 0.826989 0.000000
-1.267162 7.740613 0.646626 0.000000
-1.149800 7.740477 0.619267 0.000000
-1.630346 6.734027 0.814602 0.000000
-1.501400 7.740936 0.706574 0.000000
-0.794974 -0.058234 0.545383 0.000000
-1.745022 7.741559 0.620503 0.000000
-1.777041 6.562252 0.826200 0.000000
-1.700523 6.562220 0.651263 0.000000
-0.610674 -0.062739 0.770219 0.000000
-1.588218 7.740963 0.820422 0.000000
-1.094995 9.555317 0.787454 0.000000
-1.180096 15.356682 0.967714 0.000000
-1.103417 25.880768 1.407309 0.000000
-0.471097 35.713344 1.914250 0.000000
-1.089688 11.170761 0.811553 0.000000
-1.080171 17.789007 1.115186 0.000000
-1.019665 35.713610 1.978162 0.000000
-1.091408 8.721551 0.657184 0.000000
-1.081795 13.089709 0.907189 0.000000
-1.099116 22.844164 1.213388 0.000000
-1.082050 10.318350 0.927697 0.000000
-1.115691 16.049452 1.042256 0.000000
-1.090364 8.187284 0.600400 0.000000
-1.097939 12.156974 0.830419 0.000000
-1.028932 -0.054398 0.571186 0.000000
-0.970946 -0.055187 0.589858 0.000000
-1.086822 -0.053677 0.619795 0.000000
-0.838740 -0.056807 0.768156 0.000000
-1.230679 -0.052178 0.657409 0.000000
-1.345481 -0.050974 0.997052 0.000000
0.079964 35.713118 1.859327 0.000000
0.473980 -0.064070 0.721594 0.000000
0.606133 -0.063387 0.669978 0.000000
1.803326 7.742871 0.675534 0.000000
1.675438 7.742561 0.632436 0.000000
1.866911 7.742719 0.967199 0.000000
1.502718 7.741961 0.727523 0.000000
1.637813 7.742125 0.895271 0.000000
1.982145 7.743043 1.005926 0.000000
1.381573 7.741688 0.704053 0.000000
1.522899 7.741852 0.861939 0.000000
1.609353 7.745593 1.099707 0.000000
1.948195 7.747174 1.219878 0.000000
1.095907 21.955328 1.600014 0.000000
1.096994 9.674306 1.018574 0.000000
0.075985 35.708160 1.268392 0.000000
1.111625 35.711707 1.667784 0.000000
1.108951 19.181235 1.371314 0.000000
1.117230 12.071228 1.323482 0.000000
-0.465284 35.708285 1.274382 0.000000
0.572590 35.712115 1.657040 0.000000
1.115698 28.044762 1.716940 0.000000
1.104102 15.921075 1.211697 0.000000
-1.006985 35.708435 1.289650 0.000000
-0.025779 35.714853 1.757855 0.000000
0.675068 35.715415 1.800092 0.000000
1.113830 14.053523 1.095901 0.000000
-1.102368 23.224479 1.055591 0.000000
-0.747462 35.714320 1.716545 0.000000
0.320360 35.709769 1.817646 0.000000
1.087850 33.774651 2.104333 0.000000
-1.101644 16.158440 0.958903 0.000000
-1.105073 30.514599 1.452197 0.000000
-0.234614 35.710604 1.800539 0.000000
0.462100 35.716604 2.132618 0.000000
-1.097924 19.849494 1.005202 0.000000
-0.922032 35.714412 1.768141 0.000000
1.155051 7.743841 0.965326 0.000000
1.081513 8.010226 0.772183 0.000000
1.292223 7.741354 0.800519 0.000000
1.496362 7.745119 1.063403 0.000000
1.609627 7.748020 1.369811 0.000000
1.090801 10.324485 0.774991 0.000000
1.382378 7.744665 1.028716 0.000000
1.490914 7.747437 1.325522 0.000000
1.073073 13.390320 0.636653 0.000000
1.082213 9.555618 0.996973 0.000000
4.360779 -0.002342 3.736709 0.000000
1.079223 18.418675 0.869697 0.000000
1.106860 12.079756 0.804564 0.000000
1.082397 8.720845 0.859902 0.000000
1.088789 27.782133 1.060877 0.000000
1.089483 16.140158 1.057945 0.000000
1.082193 10.913396 1.139103 0.000000
1.079476 7.972093 1.155330 0.000000
0.763072 35.708012 1.322722 0.000000
1.089301 22.956829 1.266815 0.000000
-3.654593 -0.015578 1.860321 0.000000
-3.744500 0.022319 2.523456 0.000000
-1.235579 -0.052120 0.577926 0.000000
-1.450446 -0.050253 0.448401 0.000000
-1.413717 -0.050703 0.705817 0.000000
3.988035 -0.050005 5.217555 0.000000
5.664390 -0.042846 7.461142 0.000000
4.898560 -0.023628 6.709362 0.000000
4.237038 -0.017211 5.816499 0.000000
5.747162 -0.062075 7.321947 0.000000
4.993743 -0.032706 6.559608 0.000000
4.108965 -0.011423 5.675954 0.000000
5.541062 -0.014234 6.902438 0.000000
4.697545 -0.029077 6.023023 0.000000
4.109273 -0.023639 5.484245 0.000000
6.326908 -0.025672 7.411706 0.000000
5.340448 -0.033039 6.703034 0.000000
4.629801 -0.020227 5.927765 0.000000
4.229729 -0.061676 6.017948 0.000000
6.016742 -0.059863 7.063395 0.000000
5.343349 -0.006512 6.282782 0.000000
4.410135 -0.031391 5.696714 0.000000
3.963771 -0.001516 5.165545 0.000000
5.072396 -0.024368 6.107906 0.000000
4.501446 -0.015800 5.438135 0.000000
3.933313 0.022086 5.144197 0.000000
5.917860 -0.020241 6.449956 0.000000
5.058088 -0.031762 5.900916 0.000000
4.227716 -0.010482 5.317613 0.000000
-6.893668 -0.004586 7.713219 0.000000
-8.092262 -0.009211 7.006787 0.000000
-5.715422 -0.028355 6.492715 0.000000
-6.449613 -0.008289 6.661407 0.000000
-7.375122 -0.086699 7.078431 0.000000
-8.321169 -0.090471 7.589431 0.000000
-5.770704 -0.005300 6.762129 0.000000
-6.757542 -0.038484 7.044007 0.000000
-7.513277 -0.017064 7.481853 0.000000
-5.863246 -0.017196 6.925133 0.000000
-6.740915 -0.039930 7.336384 0.000000
-6.161515 -0.015112 7.314060 0.000000
3.617627 -0.031253 4.809919 0.000000
-6.172934 -0.002659 7.412297 0.000000
-6.205603 -0.018159 7.708616 0.000000
4.713142 -0.011207 7.640753 0.000000
4.714763 -0.065524 7.312089 0.000000
4.494163 -0.012746 7.117419 0.000000
4.531687 -0.007029 6.987951 0.000000
5.163917 -0.025665 7.491443 0.000000
4.544683 -0.025337 6.545828 0.000000
5.078558 -0.009729 7.219768 0.000000
4.209690 -0.008723 6.322495 0.000000
4.820070 -0.007714 6.970491 0.000000
4.301043 -0.030053 4.540120 0.000000
3.947842 -0.001343 4.007869 0.000000
3.378129 -0.001622 3.963045 0.000000
4.327410 -0.027083 4.387767 0.000000
3.693938 -0.029932 4.097481 0.000000
3.329183 -0.003765 3.792511 0.000000
4.639739 -0.005307 4.331829 0.000000
4.163472 -0.012952 4.156149 0.000000
3.753185 -0.001043 3.983665 0.000000
3.483175 -0.018020 4.075874 0.000000
4.134156 -0.017686 3.808222 0.000000
3.650725 -0.010657 3.601894 0.000000
3.147518 -0.018436 3.450218 0.000000
4.497980 -0.017338 3.800615 0.000000
3.548235 -0.042875 3.656410 0.000000
3.846406 -0.014770 3.771998 0.000000
3.429212 -0.020907 3.543386 0.000000
3.685799 -0.013627 4.469519 0.000000
4.859477 -0.008558 5.602075 0.000000
4.207290 -0.030684 5.102448 0.000000
3.665553 -0.004475 4.675656 0.000000
5.422252 -0.031879 5.930258 0.000000
4.879982 -0.015728 5.293491 0.000000
4.299378 -0.002866 4.859690 0.000000
4.796518 -0.030710 5.151792 0.000000
4.152970 -0.026658 4.696305 0.000000
-7.080245 -0.024833 6.654751 0.000000
4.756447 -0.002134 4.926959 0.000000
3.407807 -0.007174 4.258493 0.000000
4.535988 -0.011040 4.612268 0.000000
3.904630 -0.046870 4.524234 0.000000
5.178221 -0.001858 4.917386 0.000000
3.915877 -0.027505 4.340803 0.000000
-4.440990 -0.007463 3.402511 0.000000
-5.174480 -0.004925 3.656718 0.000000
-4.492263 -0.001753 4.013163 0.000000
-4.022687 0.001864 2.556402 0.000000
-4.349251 -0.006840 2.542153 0.000000
-4.426437 -0.011857 2.659031 0.000000
-6.781470 -0.079543 5.802498 0.000000
-6.062547 -0.000971 5.148652 0.000000
-6.708265 -0.026644 5.057755 0.000000
-5.174560 -0.032549 5.078248 0.000000
-5.716272 -0.014062 5.399640 0.000000
-6.393058 -0.011108 5.272395 0.000000
-6.972914 -0.026650 5.293581 0.000000
-5.329335 -0.011503 5.335417 0.000000
-5.862185 -0.017345 5.429257 0.000000
-7.051519 -0.011441 5.770831 0.000000
-5.346937 -0.020635 5.534854 0.000000
-5.970568 -0.012859 5.718364 0.000000
-5.420607 -0.013801 5.191451 0.000000
-7.236035 -0.010273 5.931689 0.000000
-5.454089 -0.013963 5.785941 0.000000
-6.797066 -0.019859 6.102606 0.000000
-7.517161 -0.011878 6.359055 0.000000
-5.491647 -0.028853 6.166833 0.000000
-6.202227 -0.017029 6.326388 0.000000
-6.934644 -0.010412 6.443845 0.000000
-7.982780 -0.009117 6.667764 0.000000
-5.504010 -0.009838 6.237026 0.000000
-6.291809 -0.013231 6.461102 0.000000
-5.656269 -0.018410 3.969660 0.000000
-5.177473 -0.016301 4.287347 0.000000
-5.875167 -0.063960 4.000180 0.000000
-4.709242 -0.015623 4.400263 0.000000
-6.180618 -0.003965 4.332502 0.000000
-4.865684 -0.005339 4.620306 0.000000
-5.225203 -0.032100 4.756813 0.000000
-5.819222 -0.003523 4.440520 0.000000
-4.859713 -0.021527 4.931775 0.000000
-5.558149 -0.014530 4.978146 0.000000
-5.846435 -0.021745 4.842096 0.000000
-6.561500 -0.013194 4.820871 0.000000
3.095172 0.022315 2.561709 0.000000
2.700159 -0.020552 2.574548 0.000000
-1.660882 7.741969 0.276867 0.000000
-1.518726 7.741710 0.263481 0.000000
-1.659480 6.562618 0.335716 0.000000
-1.432544 -0.050562 0.802101 0.000000
-1.377478 7.741473 0.252564 0.000000
1.082774 9.621592 0.681553 0.000000
1.103377 13.862832 0.413742 0.000000
1.091941 9.178766 0.458257 0.000000
1.084352 19.012260 0.504542 0.000000
1.086799 11.569113 0.414203 0.000000
1.138180 7.741193 0.662603 0.000000
1.107188 29.395397 0.546658 0.000000
1.129157 15.359814 0.429035 0.000000
1.108562 7.741426 0.472021 0.000000
0.671462 35.714542 0.418355 0.000000
1.092638 21.368087 0.693266 0.000000
1.092938 12.211126 0.633947 0.000000
1.083963 8.266590 0.655965 0.000000
0.010864 35.711027 0.582126 0.000000
1.079349 33.550886 0.667313 0.000000
1.094849 16.570185 0.755554 0.000000
-0.405187 35.710027 0.449425 0.000000
0.460124 35.709950 0.678811 0.000000
1.786699 7.743080 0.505193 0.000000
1.452960 7.742080 0.555572 0.000000
1.234348 7.741668 0.488584 0.000000
1.096547 24.082107 0.799687 0.000000
1.084672 8.564032 0.455606 0.000000
1.094007 10.799213 0.433425 0.000000
-1.087223 11.134558 0.380048 0.000000
-1.091258 35.709649 0.089323 0.000000
-1.367633 7.741171 0.402325 0.000000
-1.101416 8.629659 0.473830 0.000000
-1.068483 12.884489 0.275045 0.000000
-1.107568 21.746939 0.162952 0.000000
-1.500351 7.741381 0.419325 0.000000
-1.121689 7.740619 0.502271 0.000000
-1.081653 9.919662 0.215550 0.000000
-1.123584 15.361378 0.057366 0.000000
-1.074937 7.945659 0.257568 0.000000
-1.104826 17.770438 0.356425 0.000000
-1.090769 8.700849 0.351096 0.000000
-1.767687 7.741865 0.460023 0.000000
-1.104105 7.740817 0.374925 0.000000
-1.622792 6.618705 0.462140 0.000000
-0.204961 35.711262 0.537755 0.000000
1.094471 13.566036 0.524856 0.000000
-1.089124 35.710195 0.754026 0.000000
-0.100045 35.709694 0.708382 0.000000
0.930077 35.712945 0.637610 0.000000
1.078246 18.458441 0.488485 0.000000
-1.108795 23.648440 0.557403 0.000000
-0.775088 35.710464 0.501753 0.000000
0.363074 35.712087 0.583463 0.000000
1.081526 27.871052 0.535837 0.000000
-1.094818 16.561372 0.508524 0.000000
-1.113991 32.380060 0.548845 0.000000
-1.087727 12.394223 0.490300 0.000000
-1.106823 20.623285 0.490615 0.000000
-0.917918 35.709920 0.422135 0.000000
0.166290 35.710426 0.325980 0.000000
-1.092572 9.727852 0.466838 0.000000
-1.098557 15.378929 0.541036 0.000000
-1.110684 26.713362 0.376497 0.000000
-0.426661 35.713747 0.336366 0.000000
-1.070256 11.129113 0.558441 0.000000
-2.712350 -0.022414 2.137846 0.000000
-2.969942 -0.017295 2.032227 0.000000
-2.991356 -0.014181 2.318033 0.000000
-3.822585 0.784823 3.019733 0.000000
-3.147655 0.004768 2.536596 0.000000
-2.559801 -0.017060 1.854098 0.000000
-2.685414 -0.017659 1.942659 0.000000
-4.624871 -0.023981 3.335861 0.000000
-3.240855 -0.020276 3.138360 0.000000
-3.710880 -0.019995 3.082461 0.000000
-3.508434 -0.028570 3.197381 0.000000
-4.434405 -0.055508 3.145875 0.000000
-3.406446 -0.023686 3.370653 0.000000
-3.887669 -0.029415 3.328137 0.000000
-4.322441 -0.024907 3.249881 0.000000
-3.650582 -0.004038 3.580765 0.000000
-4.960346 -0.009964 3.465732 0.000000
-4.508345 -0.024102 3.727142 0.000000
-3.662856 -0.004476 2.546585 0.000000
-3.042990 -0.007306 2.539408 0.000000
-3.034397 -0.020007 2.696451 0.000000
-3.200509 -0.021950 2.854519 0.000000
-4.063322 -0.036368 2.567348 0.000000
-3.511471 -0.009455 2.993816 0.000000
-1.787185 -0.020183 1.008134 0.000000
-1.842930 -0.019852 1.224959 0.000000
-1.445037 -0.050182 1.151147 0.000000
-2.386588 -0.018154 1.680448 0.000000
-2.106776 -0.018867 1.440669 0.000000
3.465689 -0.046175 4.466345 0.000000
4.070784 -0.028627 4.872738 0.000000
4.437129 -0.028369 4.958595 0.000000
4.109949 -0.018709 4.489643 0.000000
4.007586 -0.020420 5.915903 0.000000
5.873506 -0.037981 6.892548 0.000000
5.270584 -0.014678 6.478470 0.000000
4.491706 -0.020495 6.056318 0.000000
3.927359 -0.010344 5.749497 0.000000
5.196301 -0.015869 6.323484 0.000000
4.565202 -0.008780 5.852978 0.000000
3.995300 -0.020610 5.473001 0.000000
5.708600 -0.005577 6.390883 0.000000
5.597780 -0.016817 6.099832 0.000000
4.238669 -0.018382 5.506790 0.000000
4.835171 -0.028650 5.451554 0.000000
4.615604 -0.018965 5.368130 0.000000
4.699865 -0.055611 6.248269 0.000000
-4.354690 -0.015586 4.784541 0.000000
-4.051049 -0.031967 4.353984 0.000000
-5.202549 -0.001986 4.835302 0.000000
-4.154873 -0.022576 4.426075 0.000000
-4.633763 -0.015504 4.608747 0.000000
-6.069999 -0.016739 5.328963 0.000000
-6.320296 -0.014366 5.601204 0.000000
-4.919617 -0.010931 5.134326 0.000000
-5.746224 -0.027594 5.541358 0.000000
-6.499236 -0.023574 5.874361 0.000000
-4.355026 -0.025995 4.984725 0.000000
-5.116771 -0.033682 5.294636 0.000000
-4.538158 -0.014540 5.188981 0.000000
-5.060365 -0.034625 5.470836 0.000000
-5.934061 -0.020741 5.809762 0.000000
-5.582766 -0.017750 4.317790 0.000000
-3.675707 -0.005269 3.623641 0.000000
-4.007394 -0.006296 3.721936 0.000000
-5.076821 -0.024901 3.830684 0.000000
-3.807371 -0.020042 3.757872 0.000000
-4.251856 -0.020803 3.898363 0.000000
-4.645673 -0.000610 3.873344 0.000000
-5.273149 -0.022885 4.083607 0.000000
-3.838108 -0.016972 3.993166 0.000000
-4.911339 -0.032581 4.090685 0.000000
-4.538883 -0.020838 5.315388 0.000000
-4.825369 -0.032610 4.315438 0.000000
-5.598862 -0.019231 4.438321 0.000000
-3.850106 -0.023593 4.028655 0.000000
-4.446669 -0.021210 4.240801 0.000000
-5.184805 -0.020135 4.488952 0.000000
-5.697312 -0.002491 4.608983 0.000000
5.731609 -0.064200 7.750530 0.000000
-5.072425 -0.027491 6.821627 0.000000
-6.074354 -0.088394 7.634260 0.000000
-5.295770 -0.012670 7.102678 0.000000
-5.357122 -0.027058 7.367841 0.000000
-5.231762 -0.027577 7.721952 0.000000
4.539853 -0.010667 7.758925 0.000000
4.575151 -0.007862 7.258514 0.000000
4.277516 -0.022111 7.144310 0.000000
4.292390 -0.040749 6.862763 0.000000
4.903639 -0.025584 7.247287 0.000000
4.321890 -0.023433 6.774615 0.000000
-5.918093 -0.011297 7.435810 0.000000
4.874283 -0.029187 7.082558 0.000000
4.131658 -0.015098 6.428424 0.000000
5.444653 -0.004960 7.264878 0.000000
4.103401 -0.024124 6.254764 0.000000
6.223910 -0.052181 7.730379 0.000000
5.451949 -0.019838 7.107793 0.000000
4.609067 -0.020101 6.425171 0.000000
4.075010 -0.016639 6.173391 0.000000
6.063906 -0.012680 7.203723 0.000000
-4.662091 -0.036351 5.943415 0.000000
-5.322909 -0.029052 5.609247 0.000000
-6.114769 -0.017858 6.356005 0.000000
-7.101932 -0.009903 6.973372 0.000000
-4.713730 -0.025279 5.511858 0.000000
-5.284132 -0.014013 5.860939 0.000000
-4.605335 -0.002743 5.648601 0.000000
-6.223717 -0.106778 6.641243 0.000000
-6.470118 -0.022167 7.158673 0.000000
-4.800936 -0.019654 5.976919 0.000000
-4.980483 -0.015377 6.140863 0.000000
-5.648841 -0.024074 6.909427 0.000000
-6.681841 -0.027662 7.664306 0.000000
-4.891626 -0.014178 6.412590 0.000000
-5.808361 -0.085660 7.137797 0.000000
-5.052247 -0.083381 6.776575 0.000000
4.640098 -0.009076 1.662665 0.000000
5.441347 -0.020392 2.307944 0.000000
5.838111 -0.034926 2.442608 0.000000
5.882606 -0.027225 2.706011 0.000000
5.747439 -0.008020 2.441759 0.000000
5.283943 -0.023643 2.098945 0.000000
5.323886 -0.024327 2.760993 0.000000
-9.792976 -0.025014 7.102825 0.000000
-7.986326 -0.024611 5.143360 0.000000
-9.612718 -0.016538 6.480358 0.000000
-8.901049 -0.007697 6.243706 0.000000
-9.236582 -0.021335 6.725273 0.000000
-8.407145 -0.015607 5.275215 0.000000
9.833731 -0.060505 6.540784 0.000000
8.943186 -0.034880 6.859309 0.000000
9.461145 -0.019872 6.197036 0.000000
8.431556 -0.017062 6.462086 0.000000
-7.417429 -0.011238 4.130402 0.000000
-8.634898 -0.014671 4.412510 0.000000
-9.128613 -0.029307 4.970959 0.000000
-9.426186 -0.051660 5.241904 0.000000
9.433475 -0.028899 5.422963 0.000000
-8.610665 -0.008462 4.899335 0.000000
-9.155516 -0.021384 5.375790 0.000000
-9.403676 -0.060429 5.624823 0.000000
7.107352 -0.037528 4.206929 0.000000
7.070347 -0.025973 3.592180 0.000000
6.641955 -0.003397 4.384262 0.000000
6.997015 -0.035626 3.296302 0.000000
6.652757 -0.028415 3.731227 0.000000
6.558815 -0.039173 4.104241 0.000000
7.333829 -0.004562 3.922167 0.000000
6.384286 -0.000892 3.108915 0.000000
6.133320 -0.037031 2.886765 0.000000
7.687390 -0.055421 5.334092 0.000000
8.984770 -0.049315 5.661080 0.000000
8.912434 -0.047886 5.107828 0.000000
8.245088 -0.001573 5.452896 0.000000
7.981009 -0.014247 5.766710 0.000000
8.483204 -0.046809 4.659409 0.000000
8.212553 -0.033205 4.915335 0.000000
8.010394 -0.031372 4.247234 0.000000
7.917933 -0.045414 4.430284 0.000000
7.758279 -0.035217 4.821261 0.000000
7.639032 -0.024963 4.095180 0.000000
7.009805 -0.001780 4.635359 0.000000
7.418929 -0.005436 3.743524 0.000000
-0.741169 -0.624899 0.120455 0.000000
-0.372968 -1.009038 0.143800 0.000000
-1.416553 -0.552947 0.105869 0.000000
0.381767 -0.656113 0.134283 0.000000
0.159268 -0.846160 0.143378 0.000000
0.576515 -0.431857 0.125637 0.000000
0.249063 -0.415543 0.143420 0.000000
0.464940 -0.200835 0.137215 0.000000
-0.196719 -1.030192 0.145653 0.000000
-4.794753 -0.015211 1.457274 0.000000
-5.173016 -0.013353 1.739466 0.000000
-5.301709 -0.030600 1.958195 0.000000
-6.968463 -0.016529 3.152212 0.000000
-7.284726 -0.030065 3.345289 0.000000
-5.257087 -0.020516 2.858745 0.000000
-7.826667 -0.014141 3.864948 0.000000
-6.573643 -0.008558 3.527353 0.000000
-8.309474 -0.106311 4.036146 0.000000
-5.740080 -0.036756 2.082503 0.000000
-5.874427 -0.009301 2.371547 0.000000
-5.383996 -0.017365 2.403659 0.000000
-6.469459 -0.030444 2.680399 0.000000
-6.727659 -0.016211 2.853263 0.000000
2.089590 -0.952910 0.091534 0.000000
1.906112 -1.023044 0.094808 0.000000
-5.359817 -0.008765 0.239921 0.000000
-4.115261 -0.664033 0.016581 0.000000
-4.884922 -0.308838 0.018191 0.000000
-5.786115 -0.024098 0.036614 0.000000
-5.189098 -0.027105 0.433490 0.000000
-5.898246 -0.010825 0.155028 0.000000
-6.182934 -0.026285 0.276865 0.000000
-6.468376 -0.006157 0.231119 0.000000
-3.834130 -0.024235 0.127686 0.000000
-4.120244 -0.081800 0.001087 0.000000
-2.092724 -1.644901 0.082732 0.000000
-2.980778 -1.231256 0.034396 0.000000
-3.267424 -1.071644 0.008336 0.000000
-4.434583 -0.027042 0.369187 0.000000
-7.693347 -0.014178 1.671403 0.000000
-8.130449 -0.006402 1.069185 0.000000
-8.620543 -0.013115 1.034646 0.000000
-7.059685 -0.010723 1.282110 0.000000
-7.712679 -0.035570 1.255283 0.000000
-8.412812 -0.010286 1.292050 0.000000
-9.360607 -0.037437 1.224532 0.000000
-7.444920 -0.028567 1.518805 0.000000
-8.056214 -0.031115 1.503963 0.000000
-8.921593 -0.009847 1.537548 0.000000
-9.716036 -0.036910 1.569012 0.000000
-8.584974 -0.010204 1.626770 0.000000
-9.249310 -0.032123 1.681171 0.000000
-8.116989 -0.062196 1.851319 0.000000
-8.966461 -0.006341 1.940814 0.000000
-8.554803 -0.009734 2.114110 0.000000
-9.533169 -0.007939 2.091146 0.000000
-8.843320 -0.007114 2.302022 0.000000
-9.550250 -0.003240 2.544671 0.000000
9.833934 -0.009557 2.273284 0.000000
-7.439716 -0.033405 0.716071 0.000000
-5.820646 -0.010273 0.799600 0.000000
-6.241275 -0.027800 0.523825 0.000000
-6.696412 -0.025119 0.475827 0.000000
-7.051239 -0.013540 0.523463 0.000000
-6.139508 -0.015248 0.963003 0.000000
-6.921885 -0.013021 0.632236 0.000000
-2.742718 -0.890181 0.022716 0.000000
-6.693567 -0.029982 0.852465 0.000000
-7.219567 -0.007190 0.861606 0.000000
-7.911628 -0.007904 0.817955 0.000000
-8.386456 -0.036315 0.910918 0.000000
-1.736675 -1.426023 0.098809 0.000000
-2.149455 -1.231576 0.111208 0.000000
-3.507296 -0.257913 0.004727 0.000000
-1.338332 -1.651304 0.110015 0.000000
-3.794607 -0.105765 0.002683 0.000000
-4.300614 -0.012157 0.383307 0.000000
-3.087346 -0.209204 0.006978 0.000000
-4.410980 -0.020154 0.538997 0.000000
-6.089257 -0.013985 1.261871 0.000000
-5.698241 -0.015842 0.993881 0.000000
-5.807382 -0.035437 1.161063 0.000000
-5.702273 -0.019115 1.329069 0.000000
-6.543682 -0.011659 1.282044 0.000000
-6.786295 -0.012473 1.534408 0.000000
-4.668472 -0.019513 0.569718 0.000000
-4.827633 -0.014115 0.539088 0.000000
-5.133503 -0.014547 0.647762 0.000000
-5.379612 -0.028630 0.690079 0.000000
-5.442263 -0.003115 0.844767 0.000000
-2.094153 -0.437972 0.103104 0.000000
-2.093223 -0.861863 0.094885 0.000000
5.765163 -0.029363 1.167862 0.000000
2.694320 -0.478456 0.020358 0.000000
2.935328 -0.337953 0.019044 0.000000
-8.907523 -0.010792 2.628004 0.000000
-9.555096 -0.013000 3.052157 0.000000
-7.051405 -0.040273 2.568261 0.000000
-7.690046 -0.020780 2.884421 0.000000
-7.801582 -0.017188 3.200840 0.000000
-9.081918 -0.008577 3.426846 0.000000
-8.242974 -0.011880 3.471338 0.000000
-8.683988 -0.010303 3.722343 0.000000
-9.151953 -0.007604 4.038840 0.000000
-6.458119 -0.017516 1.739045 0.000000
-7.064727 -0.011253 1.643109 0.000000
-6.734868 -0.010597 1.886327 0.000000
-7.204063 -0.041641 1.870327 0.000000
-7.796353 -0.017143 2.096020 0.000000
-9.757261 -0.029938 4.338880 0.000000
-8.036877 -0.045936 2.337965 0.000000
-6.869819 -0.005471 2.333088 0.000000
-8.558368 -0.027721 2.558164 0.000000
7.710170 -0.039897 3.214297 0.000000
7.596381 -0.041026 2.134105 0.000000
7.498237 -0.008467 2.592200 0.000000
7.144446 -0.036207 1.929174 0.000000
7.142250 -0.011416 2.321080 0.000000
7.066138 -0.050970 2.432778 0.000000
7.622262 -0.038219 2.850941 0.000000
6.409928 -0.014088 1.686042 0.000000
6.480151 -0.035186 1.927484 0.000000
6.464426 -0.009461 2.004070 0.000000
6.216750 -0.014852 1.470910 0.000000
6.202424 -0.035840 1.631398 0.000000
9.787031 -0.012875 4.441131 0.000000
9.588112 -0.024189 4.798458 0.000000
9.523076 -0.036952 3.776015 0.000000
9.356860 -0.018253 4.038528 0.000000
9.147764 -0.037552 4.231864 0.000000
9.050625 -0.001918 3.042089 0.000000
8.938661 -0.002374 3.596441 0.000000
8.901609 -0.039476 3.605817 0.000000
8.639942 -0.044574 4.050740 0.000000
8.556744 -0.040222 3.099699 0.000000
8.427753 -0.028175 3.511920 0.000000
8.352991 -0.003383 3.657267 0.000000
8.135567 -0.017237 2.952549 0.000000
8.072004 -0.016080 3.201048 0.000000
7.901451 -0.026752 3.511116 0.000000
7.757180 -0.035037 2.602908 0.000000
3.087998 -0.040615 3.148611 0.000000
3.169736 -0.017437 2.547932 0.000000
3.760628 -0.005068 3.464720 0.000000
3.346968 -0.017124 3.525516 0.000000
4.943158 -0.006172 6.162761 0.000000
6.135464 -0.005230 6.575599 0.000000
4.321934 -0.024989 5.672192 0.000000
4.678764 -0.008278 5.709960 0.000000
5.159224 -0.008693 5.700393 0.000000
4.618880 -0.051734 5.427605 0.000000
4.084140 -0.025720 5.251567 0.000000
4.441494 -0.010282 5.308762 0.000000
4.061300 -0.017049 5.107404 0.000000
5.108614 -0.003342 6.988409 0.000000
4.711723 -0.027281 7.596065 0.000000
5.459245 -0.019781 7.753552 0.000000
4.676737 -0.019958 7.029214 0.000000
5.215494 -0.014155 7.283261 0.000000
5.275661 -0.028522 7.048881 0.000000
4.496505 -0.042031 6.685593 0.000000
5.943809 -0.060930 7.226066 0.000000
6.543991 -0.013316 7.483443 0.000000
5.031771 -0.026509 6.417343 0.000000
5.666303 -0.059387 6.760471 0.000000
4.839516 -0.060110 6.214220 0.000000
3.658859 -0.000363 4.235792 0.000000
3.916734 -0.018145 3.891806 0.000000
3.555536 -0.001293 3.985725 0.000000
4.167544 -0.046359 4.345110 0.000000
4.502133 -0.030732 5.160996 0.000000
3.937808 -0.012090 4.861892 0.000000
4.311208 -0.029831 4.672465 0.000000
3.924297 -0.019164 4.743884 0.000000
1.088555 7.741088 0.244232 0.000000
1.105203 9.089309 0.395297 0.000000
1.088602 11.500281 0.347441 0.000000
1.107680 15.355978 0.327340 0.000000
-5.597868 -0.002378 7.486457 0.000000
-1.786961 -0.020062 1.260073 0.000000
-1.044947 -0.053817 0.841618 0.000000
-4.176573 -0.030407 4.070880 0.000000
-4.353954 -0.003472 4.430760 0.000000
-3.970516 -0.023918 3.588812 0.000000
-7.407426 -0.004446 7.768792 0.000000
-5.711436 -0.021722 6.202435 0.000000
-5.009887 -0.028929 6.260530 0.000000
-5.085384 -0.019123 6.479876 0.000000
-5.320585 -0.019674 6.784028 0.000000
-5.539675 -0.002919 7.361014 0.000000
-6.758388 -0.034834 6.287271 0.000000
-4.456747 0.014128 5.126992 0.000000
-4.678862 -0.028311 5.330536 0.000000
-7.369125 -0.016010 7.205114 0.000000
-2.629016 -0.022634 2.243232 0.000000
-4.232795 0.788330 3.029244 0.000000
-4.769376 0.773237 3.057195 0.000000
1.106767 9.633077 0.381947 0.000000
5.050540 -0.010408 3.235875 0.000000
4.456569 -0.003540 3.509904 0.000000
4.504072 -0.024644 2.778387 0.000000
5.576152 -0.029955 4.637299 0.000000
5.786043 -0.005360 4.101638 0.000000
5.497161 -0.032931 3.916508 0.000000
5.996711 -0.005711 4.608850 0.000000
-7.371755 -0.009961 6.043565 0.000000
-8.653075 -0.024023 7.042247 0.000000
-6.422493 -0.031494 5.667195 0.000000
-7.583018 -0.005924 6.532845 0.000000
-8.852083 -0.006541 7.455879 0.000000
-7.824737 -0.009239 6.895390 0.000000
-6.933583 -0.012040 6.345223 0.000000
-8.046002 -0.020352 7.363563 0.000000
-6.171881 -0.012547 5.629427 0.000000
-7.155018 -0.031619 6.442582 0.000000
-8.307347 -0.007995 7.706415 0.000000
-7.261327 -0.012363 6.939756 0.000000
-7.529193 -0.025590 7.286118 0.000000
-6.686203 -0.012372 5.379410 0.000000
-6.366560 -0.031239 4.623366 0.000000
-7.506970 -0.017572 5.434690 0.000000
-6.514433 -0.026528 6.564464 0.000000
-7.735417 -0.019391 5.965060 0.000000
-6.970840 -0.026914 5.464840 0.000000
-7.911728 -0.019055 6.392031 0.000000
-7.019309 -0.014343 5.802694 0.000000
-8.237162 -0.037580 6.758828 0.000000
6.300802 -0.036309 6.139269 0.000000
7.298913 -0.014447 5.763577 0.000000
6.257985 -0.055313 5.727151 0.000000
7.521234 -0.057460 6.161930 0.000000
6.634376 -0.030809 5.048725 0.000000
6.804265 -0.043067 7.061435 0.000000
-7.670555 -0.008342 7.617139 0.000000
-6.694616 -0.031829 6.837707 0.000000
-7.192507 -0.039520 7.566428 0.000000
7.064470 -0.022747 7.451075 0.000000
6.230106 -0.033768 6.942821 0.000000
6.701594 -0.055516 6.677673 0.000000
7.690861 -0.050890 6.452018 0.000000
-1.091302 25.283792 0.019113 0.000000
-1.098932 30.164153 0.174864 0.000000
-0.376635 35.709941 0.041734 0.000000
0.607027 35.709521 0.022107 0.000000
1.093858 21.369420 0.139340 0.000000
-1.116857 19.525151 0.358929 0.000000
-0.924102 35.707314 0.157290 0.000000
0.089322 30.883993 -0.011642 0.000000
0.976685 26.277664 -0.109096 0.000000
-1.098788 14.114850 0.360673 0.000000
1.164960 29.386089 0.071223 0.000000
-0.397008 26.491938 -0.009750 0.000000
0.288577 20.738281 -0.007360 0.000000
-1.070684 10.745946 0.318745 0.000000
-1.109987 17.017257 0.079315 0.000000
-0.787093 23.588837 -0.008461 0.000000
-0.090667 17.208332 -0.005694 0.000000
-1.090194 8.553549 0.352294 0.000000
-1.090479 12.422740 0.303264 0.000000
-1.097080 20.955118 0.002308 0.000000
0.508458 35.710802 0.178142 0.000000
1.093920 21.824204 0.213758 0.000000
1.091920 12.470439 0.353946 0.000000
1.084206 8.124580 0.449318 0.000000
1.094547 35.227503 0.105420 0.000000
1.128546 16.861232 0.375893 0.000000
1.086188 10.281055 0.386210 0.000000
-0.375387 14.808714 -0.004496 0.000000
1.094190 24.754335 0.235514 0.000000
1.116745 13.585813 0.323486 0.000000
1.104083 8.712739 0.417562 0.000000
-0.048147 35.710594 0.181900 0.000000
0.936485 35.708135 0.185349 0.000000
1.096807 18.617409 0.391752 0.000000
1.093098 11.122079 0.230804 0.000000
-0.605523 35.710394 0.193632 0.000000
0.373517 35.708063 0.126766 0.000000
-1.728677 7.740645 0.190784 0.000000
-1.487950 7.740232 0.195971 0.000000
-1.388880 7.740050 0.186324 0.000000
-1.683318 6.562937 0.018445 0.000000
-1.085477 8.547372 0.141476 0.000000
-1.103276 9.781907 0.380486 0.000000
-0.609833 13.100546 -0.003593 0.000000
-1.069046 10.980618 0.109079 0.000000
-0.813198 11.850857 -0.002896 0.000000
-0.934586 10.829958 -0.035925 0.000000
-1.158673 7.739625 0.146056 0.000000
-1.099622 9.245443 0.016723 0.000000
-1.629199 6.599504 0.482588 0.000000
-4.516003 0.780694 3.004667 0.000000
-4.473082 0.017287 2.520433 0.000000
-4.643082 -0.012425 2.400407 0.000000
-5.438170 -0.026864 3.619595 0.000000
-5.409831 -0.023466 3.871410 0.000000
-5.212402 -0.023508 3.563142 0.000000
-5.755607 -0.031634 4.115102 0.000000
-5.916013 -0.024881 4.265143 0.000000
-6.667153 -0.022123 4.674308 0.000000
-6.113102 -0.014378 4.510283 0.000000
-4.797498 -0.016586 2.809785 0.000000
-4.882562 -0.008776 3.007178 0.000000
-5.084585 -0.020927 3.265165 0.000000
9.707671 -0.011693 2.767462 0.000000
1.797280 -2.611769 0.018187 0.000000
3.279807 -2.456263 0.018117 0.000000
1.715128 -2.837740 0.020822 0.000000
2.111712 -2.695362 0.020975 0.000000
2.277434 -2.603352 0.013712 0.000000
2.972983 -2.551470 0.018896 0.000000
1.446505 -2.811477 0.024151 0.000000
1.981834 -2.636330 0.016220 0.000000
2.529812 -2.447952 0.020304 0.000000
2.724736 -2.687135 0.019726 0.000000
2.300862 -2.524686 0.021458 0.000000
1.338016 -2.801292 0.025800 0.000000
1.462209 -2.621497 0.026345 0.000000
2.131765 -2.460556 0.022432 0.000000
1.829916 -2.431487 0.013232 0.000000
2.397856 -2.858351 0.015508 0.000000
7.136954 -2.776146 0.078257 0.000000
13.245201 -2.177340 -0.003597 0.000000
3.066494 -2.810318 0.017864 0.000000
3.975324 -2.827837 0.031411 0.000000
5.475936 -2.615354 0.003415 0.000000
8.598259 -2.285873 0.001664 0.000000
2.708019 -2.896093 0.013770 0.000000
3.333067 -2.923093 0.018434 0.000000
4.325275 -2.755920 0.017458 0.000000
6.178041 -2.447762 0.017809 0.000000
1.121563 -2.714192 0.030489 0.000000
2.845260 -2.837811 0.013015 0.000000
3.699224 -2.776675 0.017851 0.000000
4.812264 -2.424417 0.008503 0.000000
2.149056 -2.828534 0.017222 0.000000
2.508574 -2.805132 0.014751 0.000000
3.033829 -2.608607 0.018793 0.000000
3.858910 -2.403336 0.017291 0.000000
1.943569 -2.804310 0.018923 0.000000
0.728889 -2.638804 0.041099 0.000000
0.827926 -2.687276 0.038279 0.000000
1.352461 -2.609707 0.027771 0.000000
1.689397 -2.400394 0.091093 0.000000
4.802779 -2.836563 0.017538 0.000000
-1.871583 -2.819866 0.017599 0.000000
-1.662791 -2.860891 0.023144 0.000000
-1.535855 -2.839018 0.024722 0.000000
-2.061099 -2.858103 0.015785 0.000000
-2.832856 -2.608877 0.015614 0.000000
-2.322023 -2.804209 0.018650 0.000000
-1.327502 -2.803861 0.027862 0.000000
-2.612717 -2.860662 0.017161 0.000000
-3.603408 -2.910476 0.024382 0.000000
-2.981745 -2.932967 0.015726 0.000000
-2.451802 -2.812440 0.012268 0.000000
-2.054122 -3.003658 0.019480 0.000000
-0.989137 -2.825144 0.033561 0.000000
-1.192530 -2.826132 0.030521 0.000000
-4.463173 -2.858787 0.025804 0.000000
7.532837 -3.461006 0.005843 0.000000
-4.922085 -3.457055 0.003757 0.000000
-29.989912 -5.532412 0.016203 0.000000
-10.811647 -4.138658 0.003930 0.000000
-6.481925 -3.868648 0.009175 0.000000
-20.721826 -5.602880 0.012434 0.000000
-9.225071 -4.392622 0.008906 0.000000
-15.924165 -5.675462 0.010742 0.000000
22.436424 -5.151710 -0.008142 0.000000
11.180456 -3.885526 -0.001545 0.000000
36.952731 -4.904317 -0.015717 0.000000
-7.205873 -3.782138 0.004845 0.000000
14.148046 -3.500559 -0.003772 0.000000
5.597517 -3.246892 0.007340 0.000000
8.655785 -3.022068 0.004923 0.000000
19.207489 -2.874691 -0.007066 0.000000
4.295548 -3.017008 0.017737 0.000000
6.345228 -3.010639 0.006526 0.000000
10.460837 -2.765710 -0.001326 0.000000
30.170631 -1.590653 -0.013367 0.000000
3.747050 -3.084872 0.018066 0.000000
-2.925615 -3.036224 0.010129 0.000000
-3.444195 -2.872870 0.024303 0.000000
-2.743824 -3.054772 0.015325 0.000000
-2.274045 -3.050792 0.017914 0.000000
-5.500338 -2.932019 0.009046 0.000000
-4.096530 -3.005139 0.024895 0.000000
-3.135309 -3.126777 0.013824 0.000000
-2.542450 -3.108856 0.016367 0.000000
-7.189642 -2.952668 0.005184 0.000000
-4.845609 -3.120629 0.010033 0.000000
-3.707965 -3.008659 0.006166 0.000000
-10.067042 -3.128514 0.008592 0.000000
-6.329180 -3.213560 0.006087 0.000000
-4.474764 -3.201122 0.008338 0.000000
-3.310548 -3.277106 0.013380 0.000000
-17.116244 -3.488839 0.010457 0.000000
-8.474831 -3.441290 0.008648 0.000000
-5.412329 -3.493978 0.006660 0.000000
-4.034073 -3.587987 0.010683 0.000000
-13.245473 -3.903842 0.009421 0.000000
-0.576778 -2.803894 0.049131 0.000000
-0.661357 -2.812296 0.045099 0.000000
0.471850 -2.607625 0.051378 0.000000
0.255230 -2.637080 0.064472 0.000000
-17.556066 -3.601757 0.010644 0.000000
-4.081946 -2.865888 0.004033 0.000000
-24.342980 -1.033074 0.012387 0.000000
-11.026116 -2.249645 0.002941 0.000000
-7.097893 -2.601538 0.033203 0.000000
-5.049238 -2.844099 0.013260 0.000000
-20.605119 -2.117106 0.011271 0.000000
-10.392257 -2.626354 0.016072 0.000000
-6.703894 -3.071480 0.005617 0.000000
-18.580073 -2.916406 0.010784 0.000000
-9.637974 -3.174116 0.006883 0.000000
-5.540214 -2.670280 0.006699 0.000000
16.184113 -2.881038 -0.005269 0.000000
9.399473 -2.626828 -0.000465 0.000000
21.059634 -2.048070 -0.008383 0.000000
6.407531 -2.778754 0.005951 0.000000
10.877153 -2.310485 -0.056327 0.000000
30.946145 -0.483649 -0.014126 0.000000
5.039489 -2.640873 0.017362 0.000000
7.273942 -2.457213 0.005112 0.000000
13.060074 -1.716520 -0.001445 0.000000
-3.217930 -2.437799 0.012999 0.000000
-3.834337 -2.431341 0.012465 0.000000
-3.174032 -2.663255 0.024519 0.000000
4.163675 -2.676348 0.017423 0.000000
-4.626096 -2.512063 0.010854 0.000000
-8.241782 -2.049845 0.004166 0.000000
-5.710930 -2.461091 0.008267 0.000000
-4.237675 -2.675621 0.009986 0.000000
-12.402669 -1.800344 0.008531 0.000000
-7.597417 -2.428583 0.008414 0.000000
3.451001 -2.322155 0.017664 0.000000
3.118175 -2.256431 0.018205 0.000000
2.698016 -2.313065 0.019499 0.000000
6.997088 -1.928290 0.017903 0.000000
5.559218 -2.536492 0.007101 0.000000
8.201131 -2.094094 0.099696 0.000000
17.189557 -0.756634 -0.006589 0.000000
3.483616 -2.637839 0.024657 0.000000
4.370948 -2.505988 0.017154 0.000000
6.192664 -2.284543 0.084573 0.000000
9.853077 -1.581825 -0.027905 0.000000
2.998081 -2.792839 0.019009 0.000000
3.669131 -2.552925 0.017654 0.000000
4.797647 -2.261376 0.062725 0.000000
2.572234 -2.634389 0.011570 0.000000
3.072102 -2.430089 0.018527 0.000000
3.903540 -2.252758 0.011689 0.000000
5.267606 -2.034396 0.015819 0.000000
2.704863 -2.469000 0.019641 0.000000
4.212855 -2.051569 0.010362 0.000000
0.180567 -2.612690 0.066589 0.000000
-10.624196 -3.402547 0.008742 0.000000
-8.402893 -2.897302 0.008482 0.000000
-5.581624 -3.030065 0.028167 0.000000
-13.167558 -3.035642 0.009127 0.000000
-7.278989 -3.132021 0.002073 0.000000
-4.803510 -3.240256 0.007971 0.000000
-3.650445 -3.222237 0.012379 0.000000
-30.075534 -3.530988 0.015595 0.000000
-3.465560 -3.028497 0.014376 0.000000
-6.402315 -3.377237 0.009091 0.000000
-19.768035 -4.057026 0.011585 0.000000
-8.975837 -3.674385 0.008704 0.000000
-5.761456 -3.563058 0.009481 0.000000
-14.938257 -4.365345 0.010035 0.000000
-7.826378 -3.875346 0.005041 0.000000
-12.126575 -4.596249 0.009366 0.000000
-26.803333 -6.985949 0.015318 0.000000
20.263249 -2.174456 -0.007896 0.000000
-3.919166 -2.779238 0.024992 0.000000
10.550673 -2.393815 -0.001525 0.000000
-3.084344 -2.805266 0.024270 0.000000
-4.899774 -2.694112 0.026991 0.000000
-6.025768 -2.828753 0.008450 0.000000
3.599768 -2.000655 0.056242 0.000000
3.815816 -2.107841 0.011203 0.000000
5.077988 -1.808695 0.015782 0.000000
3.267617 -2.275030 0.017917 0.000000
2.858473 -2.387614 0.001291 0.000000
2.582368 -2.383311 0.011901 0.000000
3.090839 -2.033746 0.017931 0.000000
8.221952 -1.769578 0.012664 0.000000
22.727513 -1.178913 -0.009587 0.000000
7.192357 -2.435337 0.005792 0.000000
11.408157 -1.896838 -0.002370 0.000000
26.991449 0.222086 -0.012318 0.000000
5.387283 -2.471346 0.021349 0.000000
7.529421 -2.017667 0.006624 0.000000
12.661215 -1.280436 -0.003502 0.000000
35.932014 2.687401 -0.017681 0.000000
5.615004 -2.291245 0.005488 0.000000
14.621987 -0.445265 -0.005111 0.000000
3.404253 -2.515831 0.017968 0.000000
4.425867 -2.211914 0.016755 0.000000
6.143201 -1.836117 0.007822 0.000000
9.156325 -1.249780 -0.000761 0.000000
3.675239 -2.204228 0.011668 0.000000
4.694424 -2.040963 0.065104 0.000000
6.694363 -1.630562 0.015731 0.000000
5.896227 -2.262124 0.007411 0.000000
4.784401 -2.864485 0.017567 0.000000
6.736420 -2.761513 0.005298 0.000000
11.416963 -2.113223 -0.015807 0.000000
7.751942 -2.269801 0.005335 0.000000
3.297640 -2.651864 0.018283 0.000000
3.588541 -2.874632 0.017257 0.000000
4.699577 -2.431623 0.006363 0.000000
26.713184 -3.908303 -0.010824 0.000000
-16.985402 -4.909356 0.010861 0.000000
-8.078968 -4.145770 0.004304 0.000000
-5.230418 -3.880458 0.006993 0.000000
-12.704978 -4.973032 0.009608 0.000000
-6.892349 -4.281529 0.005242 0.000000
-29.009638 -7.990828 0.016568 0.000000
-10.075352 -5.051957 0.003468 0.000000
-18.637957 -7.128708 0.001619 0.000000
18.686703 -4.430786 -0.006267 0.000000
10.137175 -3.607762 -0.000790 0.000000
6.922070 -3.371111 0.019729 0.000000
12.312953 -3.216933 -0.002598 0.000000
5.392360 -3.100204 0.017649 0.000000
7.946006 -3.024976 0.005022 0.000000
15.695916 -2.628931 -0.005049 0.000000
5.933991 -2.822359 0.018095 0.000000
21.798873 -1.605787 -0.008938 0.000000
-4.209169 -3.634943 0.008733 0.000000
-5.397541 -3.277541 0.027291 0.000000
-4.635272 -3.091446 0.008157 0.000000
-6.029130 -3.106773 0.029274 0.000000
-4.359706 -3.354527 0.011024 0.000000
-2.796633 -3.250461 0.013398 0.000000
-8.048747 -3.331499 0.012990 0.000000
-3.991018 -3.377335 0.009399 0.000000
-3.112788 -3.215956 0.011970 0.000000
-12.211049 -3.712788 0.015492 0.000000
-6.835302 -3.467005 0.005715 0.000000
-4.704294 -3.586423 0.010708 0.000000
-3.516448 -3.469200 0.010467 0.000000
-25.555085 -4.827004 0.014113 0.000000
-9.703186 -3.966896 0.003305 0.000000
-5.936898 -3.740739 0.006065 0.000000
-1.549585 -3.011259 0.023063 0.000000
-1.655436 -3.004380 0.021786 0.000000
-3.215086 -2.817812 0.015365 0.000000
-1.807286 -3.036368 0.020119 0.000000
-3.887249 -2.817745 0.010752 0.000000
7.753769 -0.013747 0.515893 0.000000
8.471276 -0.014825 0.255078 0.000000
8.433190 -0.015266 0.747368 0.000000
8.519367 -0.033620 0.822807 0.000000
7.606882 -0.193315 0.015856 0.000000
8.189289 -0.032454 0.319845 0.000000
8.016577 -0.023929 0.404813 0.000000
8.027104 -0.011657 0.759789 0.000000
7.631931 -0.016825 0.356304 0.000000
6.960426 -0.205161 0.010957 0.000000
7.319176 -0.192065 0.010253 0.000000
3.637005 -1.558311 0.017464 0.000000
5.397059 -0.753526 0.018166 0.000000
4.139278 -1.054554 0.000182 0.000000
-9.804657 -0.059552 0.812772 0.000000
-8.827738 -0.004898 0.381858 0.000000
-9.641533 -0.002478 0.043381 0.000000
-8.106422 -0.013541 0.717579 0.000000
-8.655712 -0.009992 0.405086 0.000000
-9.598474 -0.024037 0.382425 0.000000
-25.752136 4.434085 0.000204 0.000000
-8.537553 -0.024052 0.732201 0.000000
-9.244988 -0.001923 0.643281 0.000000
6.345285 -0.019207 0.198487 0.000000
9.467020 -0.015049 0.481579 0.000000
9.460989 -0.009905 0.609801 0.000000
9.421098 -0.032167 1.259027 0.000000
8.897255 -0.013403 0.521219 0.000000
8.809644 -0.047350 1.060939 0.000000
2.018990 -1.835574 0.090183 0.000000
6.874875 -0.050210 0.012353 0.000000
3.576601 -1.295966 0.003690 0.000000
-7.610453 -0.012347 0.568270 0.000000
4.791032 -0.621087 0.012049 0.000000
-5.685409 -0.738220 0.005262 0.000000
-6.378953 -0.005962 0.100713 0.000000
-3.351517 -1.712184 0.009269 0.000000
-6.562975 -0.028641 0.178876 0.000000
-3.716305 -1.494378 0.008132 0.000000
-4.564914 -1.284607 0.003025 0.000000
-7.155341 -0.008057 0.288839 0.000000
-7.703787 -0.025787 0.042999 0.000000
-5.605866 -0.972315 0.005448 0.000000
-7.539812 -0.023598 0.322014 0.000000
-7.974005 -0.003804 0.334236 0.000000
-7.819395 -0.456689 0.025906 0.000000
-3.154191 -1.282496 0.009230 0.000000
-2.097191 -1.840283 0.101248 0.000000
-3.476394 -1.044158 0.022178 0.000000
-4.057272 -0.846930 0.008871 0.000000
-4.908772 -0.439188 0.007459 0.000000
3.713078 -0.289146 0.015492 0.000000
2.048369 -1.263314 0.100869 0.000000
3.103599 -0.835919 0.005186 0.000000
6.644512 -0.010604 1.097513 0.000000
7.254709 -0.007567 0.819135 0.000000
7.316667 -0.015773 1.161236 0.000000
7.356310 -0.017583 1.222201 0.000000
7.582129 -0.035864 1.754613 0.000000
6.894173 -0.012935 0.946627 0.000000
7.079021 -0.010695 1.417521 0.000000
6.706250 -0.042935 0.961078 0.000000
7.697224 -0.079755 1.961758 0.000000
6.531073 -0.011182 1.096442 0.000000
6.325679 -0.009770 0.912992 0.000000
8.519676 -0.041123 1.793123 0.000000
9.699193 -0.029219 2.898102 0.000000
9.236248 -0.021915 2.120007 0.000000
8.928259 -0.008271 1.584625 0.000000
8.914342 -0.014909 1.894519 0.000000
8.938795 -0.006725 2.097546 0.000000
8.985214 -0.037970 2.532233 0.000000
8.475907 -0.024890 1.263444 0.000000
5.778520 -0.021128 0.255720 0.000000
8.455547 -0.027890 1.820311 0.000000
8.425570 -0.037269 2.336112 0.000000
7.821738 -0.005681 1.369137 0.000000
8.074374 -0.024859 1.755363 0.000000
8.153474 -0.016641 2.140603 0.000000
7.575557 -0.024852 1.037065 0.000000
7.709136 -0.025141 1.378896 0.000000
7.782065 -0.032607 1.545712 0.000000
3.078979 -1.048969 0.007144 0.000000
4.333654 -0.347978 0.013866 0.000000
2.116737 -1.685804 0.129111 0.000000
3.645323 -0.508292 0.011915 0.000000
5.820699 -0.008304 0.424308 0.000000
5.481839 -0.022598 0.013469 0.000000
5.232960 -0.025917 0.446596 0.000000
-3.411446 -2.252001 0.011754 0.000000
4.447522 -1.419735 0.014020 0.000000
11.917362 0.249264 -0.001637 0.000000
7.918785 -1.333516 0.015843 0.000000
16.026821 0.740430 -0.003825 0.000000
4.116380 -2.112686 0.058831 0.000000
5.659797 -1.620680 0.015664 0.000000
9.274227 -0.635148 0.015360 0.000000
24.873886 3.393903 -0.008273 0.000000
4.513025 -1.877111 0.010536 0.000000
6.496527 -1.305541 0.010171 0.000000
3.736304 -1.971120 0.012448 0.000000
5.128138 -1.539905 0.018809 0.000000
7.643660 -0.751642 0.019750 0.000000
4.144147 -1.625173 0.015187 0.000000
5.635573 -1.345568 0.019533 0.000000
12.060691 -0.492225 -0.001411 0.000000
-2.111481 -2.076211 0.096495 0.000000
-20.660023 1.269257 0.081932 0.000000
-3.639469 -2.305849 0.013015 0.000000
-11.641005 0.089777 0.001219 0.000000
-7.630615 -1.164052 0.000001 0.000000
-4.423385 -2.199331 0.008828 0.000000
-21.486812 2.206101 0.006409 0.000000
-11.235393 -0.514752 0.073670 0.000000
-7.539649 -1.521883 0.024723 0.000000
-5.610554 -1.845903 0.001587 0.000000
-5.863551 -1.419955 0.025298 0.000000
-11.234044 -0.966705 0.006050 0.000000
-7.725187 -1.605427 0.029345 0.000000
-21.538013 0.534949 0.007035 0.000000
-11.788949 -1.317034 0.065514 0.000000
-24.039901 0.006991 0.007803 0.000000
17.839608 -0.086484 -0.004291 0.000000
9.917034 -1.216021 0.004105 0.000000
26.028195 1.976799 -0.008170 0.000000
-2.422648 -2.390729 0.023822 0.000000
-3.440556 -1.637474 0.023819 0.000000
-4.174459 -1.638083 0.005409 0.000000
-4.840637 -1.491722 0.002569 0.000000
-3.311055 -2.005497 0.012778 0.000000
-3.054572 -2.210233 0.014905 0.000000
-8.039308 -0.744059 0.004750 0.000000
2.685622 -1.710011 0.006912 0.000000
8.768548 -0.013317 0.165160 0.000000
5.744960 -1.192754 0.017222 0.000000
7.678455 -0.325359 0.018208 0.000000
5.955741 -0.549024 0.017648 0.000000
4.787465 -0.976906 0.018450 0.000000
7.457446 -0.546664 0.004696 0.000000
-2.844266 -2.332021 0.015724 0.000000
-3.894657 -2.114050 0.010465 0.000000
25.961225 3.293803 -0.001931 0.000000
-6.036048 -2.275732 0.014300 0.000000
-4.342872 -2.461284 0.008330 0.000000
-17.567425 -0.911144 0.001686 0.000000
-5.241680 -2.581014 0.007043 0.000000
-12.850625 -1.722394 0.041084 0.000000
-7.003177 -2.345931 0.041026 0.000000
-29.540999 -0.683629 0.000992 0.000000
-10.492115 -2.393642 0.003843 0.000000
-19.370166 -2.000842 0.002016 0.000000
-9.858573 -1.621795 0.014206 0.000000
11.925804 0.105478 0.001481 0.000000
22.600738 3.407242 -0.001703 0.000000
9.798792 -0.018132 0.328617 0.000000
7.677321 -0.927416 0.009507 0.000000
9.881072 -0.017659 0.196538 0.000000
9.104038 -0.024971 0.238282 0.000000
-4.662566 -2.176554 0.010944 0.000000
-6.009531 -1.863909 0.000805 0.000000
-4.363164 -2.359162 0.011384 0.000000
-8.379623 -1.534652 0.003580 0.000000
-5.399934 -2.069225 0.003157 0.000000
-3.822921 -2.344075 0.010082 0.000000
-12.859797 -0.958535 0.021606 0.000000
-6.833895 -1.817016 0.040552 0.000000
-4.684063 -2.209899 0.011193 0.000000
-28.717846 1.056699 0.000237 0.000000
-8.027694 -0.006067 0.485871 0.000000
-7.685658 -0.023206 0.610535 0.000000
-8.283595 -0.012841 1.041997 0.000000
-8.142738 -0.020894 0.951705 0.000000
-8.794229 -0.036102 1.393799 0.000000
-8.467603 -0.003849 0.831370 0.000000
-9.042091 -0.031804 1.412392 0.000000
-8.828701 -0.033280 1.118219 0.000000
-9.708722 -0.003107 1.656130 0.000000
-9.451216 -0.009317 1.210205 0.000000
-9.258744 -0.034707 1.105897 0.000000
-9.003865 -0.021206 0.791513 0.000000
-9.855611 -0.038684 1.205784 0.000000
-9.784850 -0.019236 0.954467 0.000000
-6.618175 -0.023063 0.369236 0.000000
-4.854047 -0.778065 0.014728 0.000000
-7.348639 -0.008048 0.609541 0.000000
-6.251580 -0.240572 0.023578 0.000000
-7.727770 -0.011852 0.889667 0.000000
6.635174 -0.016065 1.809187 0.000000
7.518099 -0.022209 1.971273 0.000000
7.245036 -0.010958 1.724616 0.000000
7.822114 -0.017009 2.059846 0.000000
6.870294 -0.026773 1.451964 0.000000
6.370486 -0.007513 1.361551 0.000000
9.010344 -0.028693 3.433628 0.000000
8.729276 -0.024154 3.112587 0.000000
9.240528 -0.036319 3.159136 0.000000
8.316720 -0.003547 2.816968 0.000000
9.781980 -0.011314 3.142740 0.000000
7.951498 -0.026675 2.793611 0.000000
8.655987 -0.003018 2.495979 0.000000
9.206191 -0.004435 2.448604 0.000000
8.230114 -0.011158 2.372844 0.000000
7.494756 -0.035641 2.278599 0.000000
8.666717 -0.014460 2.375745 0.000000
-4.274649 -0.619037 0.008815 0.000000
-5.372695 -0.335751 0.003619 0.000000
-5.103216 -0.471651 0.000908 0.000000
-6.263938 -0.010506 0.389592 0.000000
-3.541771 -0.914100 0.008278 0.000000
-3.124195 -1.785556 0.023655 0.000000
3.864311 -0.267834 0.016902 0.000000
2.775161 -1.095610 0.022557 0.000000
3.224284 -0.617470 0.013064 0.000000
2.994594 -0.803655 0.019139 0.000000
3.279876 -0.920923 0.005846 0.000000
3.149936 -1.205401 0.006513 0.000000
4.450339 -0.792633 0.011915 0.000000
3.668480 -1.157859 0.003331 0.000000
4.475741 -0.596749 0.017640 0.000000
3.774725 -0.833371 0.000937 0.000000
4.721199 -0.233641 0.015713 0.000000
-4.930410 -1.730673 0.003222 0.000000
-7.093654 -0.681493 0.023111 0.000000
-10.380587 0.048517 0.001512 0.000000
-3.841493 -1.796844 0.007331 0.000000
-18.177494 2.079748 0.000252 0.000000
-7.736241 -0.897340 0.008606 0.000000
-11.505549 0.014902 0.016741 0.000000
-22.485964 2.576623 -0.000243 0.000000
-8.416886 -0.933678 0.041826 0.000000
-13.485916 0.113503 0.001743 0.000000
-32.527123 3.934475 -0.001106 0.000000
9.738176 -0.050163 1.836508 0.000000
-5.144434 -1.030737 0.006665 0.000000
-4.103023 -1.437232 0.004891 0.000000
-6.620333 -0.616307 0.004186 0.000000
-4.209418 -1.455454 0.004670 0.000000
-9.044036 -0.001056 0.096795 0.000000
-5.258712 -1.298862 0.007186 0.000000
6.512728 -0.018942 0.557220 0.000000
6.013104 -0.010639 0.648227 0.000000
6.786274 -0.013854 0.016216 0.000000
5.648872 -0.211404 0.012600 0.000000
8.197378 -0.044328 1.545120 0.000000
9.836374 -0.003649 1.338145 0.000000
9.127172 -0.041912 1.359050 0.000000
9.325644 -0.019007 1.185406 0.000000
1.190380 -2.800858 0.028524 0.000000
5.395281 -2.689127 0.005967 0.000000
8.249795 -2.528231 0.004639 0.000000
-4.750659 -2.991178 0.008817 0.000000
17.658346 -3.020357 0.002607 0.000000
-25.092668 -6.647848 0.002391 0.000000
-9.773915 -4.676677 0.004321 0.000000
-17.594323 -6.322439 0.003069 0.000000
19.932009 -5.080650 0.003220 0.000000
10.525112 -3.921522 0.004254 0.000000
31.235229 -4.869412 0.002707 0.000000
7.028153 -3.443433 0.004751 0.000000
13.192857 -3.572716 0.003455 0.000000
5.364042 -3.230329 0.006648 0.000000
8.330473 -3.224988 0.004889 0.000000
-6.754671 -4.042747 0.005864 0.000000
6.078477 -3.010401 0.005369 0.000000
10.144219 -2.984402 0.023698 0.000000
26.747483 -1.942286 0.001648 0.000000
3.541022 -3.033628 0.010685 0.000000
6.936283 -2.612765 0.016317 0.000000
12.767122 -2.368134 0.055652 0.000000
3.199352 -3.027605 0.011802 0.000000
-4.797273 -3.204252 0.010191 0.000000
-5.944918 -2.826038 0.004415 0.000000
-4.325153 -3.057676 0.025213 0.000000
-3.387880 -3.132923 0.008130 0.000000
-7.603542 -3.042945 0.004501 0.000000
-5.045574 -3.198629 0.026540 0.000000
-2.854655 -3.279936 0.013141 0.000000
-11.418877 -3.353721 0.003249 0.000000
-6.712979 -3.212876 0.005663 0.000000
-3.486525 -3.229370 0.010863 0.000000
-21.495611 -4.007235 0.001697 0.000000
-9.284295 -3.657019 0.004178 0.000000
-5.850499 -3.413714 0.006574 0.000000
-15.339625 -4.335291 0.002682 0.000000
-5.151396 -3.707212 0.007492 0.000000
-11.953733 -4.536921 0.003532 0.000000
-7.750818 -2.946564 0.004197 0.000000
-9.355026 -2.275503 0.003594 0.000000
-6.042691 -2.739922 0.028978 0.000000
-14.945055 -2.082018 0.001866 0.000000
-8.297734 -2.730111 0.014344 0.000000
-5.671005 -2.843415 0.007974 0.000000
-36.643743 -1.335244 -0.000461 0.000000
-12.620652 -2.757569 0.002094 0.000000
-5.336715 -3.032354 0.009334 0.000000
-27.091619 -2.803442 0.000718 0.000000
-11.371270 -3.169639 0.003192 0.000000
-7.169486 -3.278735 0.005081 0.000000
-22.353646 -3.703248 0.001488 0.000000
-10.441705 -3.520561 0.007683 0.000000
-19.684324 -4.392856 0.002054 0.000000
27.848261 -4.024653 0.002444 0.000000
12.400167 -3.247597 0.003495 0.000000
-3.540007 -2.641423 0.011824 0.000000
15.391484 -2.659028 0.026729 0.000000
-4.025263 -2.603126 0.025421 0.000000
-6.754600 -2.307920 0.000783 0.000000
4.972617 -2.342905 0.006384 0.000000
13.254948 -1.551480 0.002625 0.000000
9.192364 -2.704293 0.004022 0.000000
20.108852 -1.835072 0.001924 0.000000
4.419233 -2.961983 0.008662 0.000000
10.656897 -2.248450 0.003536 0.000000
30.664807 -0.115916 0.000824 0.000000
3.724487 -2.804108 0.017852 0.000000
4.908671 -2.731671 0.007561 0.000000
7.216902 -2.362010 0.002624 0.000000
8.441129 -1.806417 0.017780 0.000000
6.198245 -2.085176 0.005088 0.000000
-10.933196 -3.503015 0.003605 0.000000
-4.547494 -3.013771 0.013143 0.000000
-17.296294 -2.678520 0.002505 0.000000
-8.310754 -2.954945 0.035462 0.000000
-13.215576 -3.190276 0.003318 0.000000
-7.255974 -3.217832 0.008134 0.000000
-5.097572 -3.354029 0.012180 0.000000
-30.875401 -3.926363 0.002394 0.000000
-6.554184 -3.507588 0.030176 0.000000
-20.728803 -4.361614 0.002953 0.000000
-9.265535 -3.816936 0.003562 0.000000
-15.990859 -4.686214 0.001499 0.000000
18.145530 -1.587328 0.001072 0.000000
9.844757 -2.014110 0.118486 0.000000
19.140472 -0.784800 0.005304 0.000000
6.923465 -2.367275 0.006170 0.000000
10.246526 -1.707651 0.002229 0.000000
20.773212 0.245635 -0.000079 0.000000
5.159602 -2.310496 0.016974 0.000000
-5.268401 -2.733544 0.027814 0.000000
-6.953595 -2.721590 0.005976 0.000000
-4.972695 -2.962900 0.001431 0.000000
-9.972475 -2.769479 0.004598 0.000000
3.318787 -2.170898 0.000435 0.000000
4.039889 -1.925513 0.061008 0.000000
2.392020 -2.388946 0.014785 0.000000
8.012603 -1.191042 0.019284 0.000000
7.184588 -1.809591 0.015846 0.000000
11.001069 -1.120878 0.022595 0.000000
24.303232 1.745623 -0.001098 0.000000
4.114883 -2.294074 0.008911 0.000000
7.549687 -1.509332 0.005168 0.000000
12.277767 -0.397606 0.001638 0.000000
5.757814 -1.969276 0.007518 0.000000
6.087923 -1.402818 0.089485 0.000000
3.655401 -2.186684 0.011202 0.000000
4.904932 -1.716372 0.014799 0.000000
7.038461 -2.194585 0.015460 0.000000
4.130747 -2.439250 0.017156 0.000000
5.590957 -2.200068 0.071272 0.000000
13.475599 -2.456342 0.003662 0.000000
-10.666862 -5.041250 0.004111 0.000000
-20.671105 -7.316979 0.003066 0.000000
16.561565 -3.924020 0.003081 0.000000
9.414848 -3.311852 0.004427 0.000000
21.544064 -3.334458 0.002381 0.000000
6.679533 -3.132060 0.046846 0.000000
11.074660 -2.973749 0.003724 0.000000
30.855399 -2.176480 0.001645 0.000000
5.058244 -3.027991 0.007645 0.000000
7.450297 -2.859949 0.005260 0.000000
4.100452 -2.800044 0.004247 0.000000
5.525113 -2.807331 0.009189 0.000000
8.538194 -2.524125 0.018335 0.000000
17.253683 -1.572308 0.002065 0.000000
4.447817 -2.619021 0.024830 0.000000
6.222345 -2.592252 0.008609 0.000000
10.029286 -2.171251 0.022968 0.000000
-33.532643 -8.481954 0.002536 0.000000
-8.366179 -3.277918 0.004506 0.000000
-12.987998 -3.632443 0.002916 0.000000
-7.034702 -3.546073 0.012038 0.000000
-28.706710 -4.843308 0.001409 0.000000
-10.293268 -3.803074 0.003480 0.000000
-6.187719 -3.681337 0.006281 0.000000
-18.375939 -4.918695 0.002427 0.000000
-8.546920 -4.085876 0.004703 0.000000
-13.524598 -4.984064 0.003297 0.000000
-7.176363 -4.248850 0.005595 0.000000
-1.631520 6.739537 0.243444 0.000000
-0.734062 35.709406 0.288422 0.000000
-1.099532 10.337141 0.262100 0.000000
-1.064526 16.022077 0.215306 0.000000
-1.093221 30.239384 0.324308 0.000000
-1.072375 8.159566 0.240439 0.000000
-1.094980 11.997759 0.282456 0.000000
-1.092788 19.674679 0.316012 0.000000
-1.088836 9.356239 0.323592 0.000000
-1.142916 15.355396 0.221420 0.000000
-1.118993 10.988012 0.354887 0.000000
-1.094564 23.240578 0.177220 0.000000
1.859002 7.743229 0.254558 0.000000
1.074936 8.312913 0.118776 0.000000
0.941666 9.571182 -0.030533 0.000000
-0.868213 12.216626 -0.004671 0.000000
1.099558 27.287627 0.272030 0.000000
1.096395 16.288213 0.588340 0.000000
-0.315404 10.570970 -0.003615 0.000000
-0.023776 19.817200 -0.009196 0.000000
1.075252 23.100598 0.589151 0.000000
-0.573365 11.274414 -0.004073 0.000000
-0.397444 19.996776 -0.009268 0.000000
1.155379 35.706197 0.426241 0.000000
0.352760 19.995495 -0.009319 0.000000
-0.788821 20.539071 -0.009541 0.000000
-0.526200 35.709539 0.058346 0.000000
0.569051 35.709095 0.498946 0.000000
-1.084311 11.610935 0.032018 0.000000
-1.094804 18.831193 0.144820 0.000000
-0.003818 35.709746 0.563732 0.000000
-1.097422 8.907014 0.165080 0.000000
-1.091665 13.527327 0.134967 0.000000
1.083779 7.817242 0.476500 0.000000
1.104761 8.353626 0.343409 0.000000
0.775069 9.407669 -0.002876 0.000000
1.098964 10.571804 0.122288 0.000000
0.592965 9.365372 -0.001748 0.000000
1.086294 14.014640 0.097346 0.000000
1.086148 10.326712 0.420677 0.000000
8.002587 3.556847 4.944116 0.000000
0.289687 9.581545 -0.006137 0.000000
1.079329 19.989134 0.020950 0.000000
1.051849 13.274693 0.232371 0.000000
1.097320 9.704650 0.428395 0.000000
0.025031 9.658600 -0.030193 0.000000
0.743874 20.527443 -0.009638 0.000000
1.096438 18.213311 0.249637 0.000000
1.080705 12.271206 0.491483 0.000000
-0.185667 10.104740 -0.001965 0.000000
-5.146815 -0.029877 2.604206 0.000000
5.538743 -0.002065 4.822070 0.000000
5.908722 -0.050967 4.909503 0.000000
6.259248 -0.027594 5.576350 0.000000
5.645722 -0.025946 4.712908 0.000000
5.195004 -0.026696 4.257913 0.000000
7.339257 -0.043325 7.057358 0.000000
7.103613 -0.029987 6.738870 0.000000
6.032345 -0.017052 5.963235 0.000000
6.985667 -0.028220 6.319096 0.000000
6.732827 -0.018426 6.000695 0.000000
6.490310 -0.001914 5.750364 0.000000
6.755755 3.616892 4.934935 0.000000
4.975799 -0.017135 3.533339 0.000000
4.759127 -0.016547 3.232235 0.000000
-6.475438 -0.018885 5.227134 0.000000
-6.496743 -0.013318 4.055479 0.000000
-7.042467 -0.000714 4.671885 0.000000
-7.296156 -0.017295 4.413419 0.000000
-6.768275 -0.021263 5.411270 0.000000
-6.956690 -0.028184 5.669566 0.000000
-7.857806 -0.031072 5.572053 0.000000
-6.104975 -0.009900 3.207356 0.000000
-5.781403 -0.029248 2.977450 0.000000
-5.847201 -0.055504 3.006156 0.000000
-5.800878 -0.059696 3.506069 0.000000
-8.289273 -0.035607 5.416753 0.000000
-6.112900 -0.008075 3.623616 0.000000
-6.323623 -0.031041 3.801999 0.000000
7.080441 -0.001932 7.725197 0.000000
6.971737 -0.023240 7.256102 0.000000
6.651751 -0.015648 6.872079 0.000000
7.571164 -0.023158 7.556657 0.000000
6.445470 -0.004578 6.529986 0.000000
-8.603373 -0.062254 6.740719 0.000000
-8.079967 -0.082818 5.814094 0.000000
-8.316042 -0.021093 6.294219 0.000000
-9.173187 -0.017471 6.215209 0.000000
-8.125809 -0.009482 6.680986 0.000000
-9.434585 -0.018893 6.689022 0.000000
-8.269481 -0.048550 7.138556 0.000000
-9.120126 -0.020381 7.057072 0.000000
-9.879740 -0.057972 7.036371 0.000000
-7.687262 -0.002832 7.370870 0.000000
-8.582519 -0.016935 7.437886 0.000000
-9.583502 -0.035960 7.492008 0.000000
-8.092090 -0.006572 7.732684 0.000000
2.039226 -0.019520 2.078806 0.000000
1.222939 -0.052132 1.237675 0.000000
2.935772 -0.005197 3.287369 0.000000
3.070236 -0.018766 3.712216 0.000000
3.896867 1.181255 3.389198 0.000000
2.421639 0.007227 2.536297 0.000000
1.015656 35.715986 2.253354 0.000000
1.250939 7.746366 1.243023 0.000000
1.181175 29.383902 1.639247 0.000000
1.080424 16.108749 1.224588 0.000000
1.047765 10.662128 1.388649 0.000000
1.130667 7.745880 1.204730 0.000000
1.095248 23.010717 1.671506 0.000000
1.043208 13.731962 1.306030 0.000000
1.088460 9.239808 1.349845 0.000000
1.076541 8.434615 1.005621 0.000000
1.096672 18.472639 1.688744 0.000000
1.081576 11.711614 1.290354 0.000000
0.449552 35.720855 2.210884 0.000000
1.099659 27.162702 2.072510 0.000000
1.089452 15.362289 1.570025 0.000000
-0.061389 35.720880 2.325936 0.000000
0.799976 33.477163 2.357099 0.000000
1.098034 20.832448 1.856724 0.000000
1.098675 10.647268 0.987394 0.000000
1.964978 7.749966 1.515187 0.000000
1.081264 8.358959 0.965470 0.000000
1.728213 7.748635 1.416096 0.000000
-1.096377 23.212494 1.491367 0.000000
1.095389 13.895656 1.047742 0.000000
1.051884 9.570512 1.187689 0.000000
1.100560 7.744932 1.073364 0.000000
1.083006 12.206822 1.076359 0.000000
-1.717417 7.743632 1.025227 0.000000
-1.066976 13.264156 1.115094 0.000000
-1.092987 23.255823 1.609642 0.000000
-1.121562 7.742129 0.879453 0.000000
-1.075961 10.229232 1.141085 0.000000
-1.094763 16.325735 1.210216 0.000000
-1.554966 7.743430 1.046523 0.000000
-1.320576 7.742746 0.969489 0.000000
-1.099751 8.253580 0.853620 0.000000
-1.090833 12.341127 1.023976 0.000000
-1.094290 8.806959 0.921677 0.000000
-1.088534 9.545713 0.802604 0.000000
-1.668873 6.564274 1.005692 0.000000
0.097466 34.165683 2.356916 0.000000
-0.630635 35.718713 2.266230 0.000000
0.272189 34.591989 2.356761 0.000000
1.065508 30.678244 2.357969 0.000000
-1.093103 31.231327 2.005483 0.000000
-0.251168 35.721096 2.275466 0.000000
0.609792 32.413950 2.357455 0.000000
-1.102853 12.015563 1.171514 0.000000
-1.092779 20.324314 1.498556 0.000000
-0.984068 35.719323 2.267641 0.000000
-1.152762 15.360504 1.261612 0.000000
-1.093096 26.690643 1.841420 0.000000
-0.439216 35.718399 2.270750 0.000000
-1.074740 11.385198 1.107908 0.000000
-1.092530 18.128266 1.408664 0.000000
-1.012116 35.706064 2.376162 0.000000
0.697121 -0.058546 0.985061 0.000000
-3.324313 -0.022823 2.790727 0.000000
-8.452355 3.579616 4.938117 0.000000
-3.202203 0.012281 2.517582 0.000000
-3.373140 -0.021879 2.552958 0.000000
4.354857 -0.056550 6.556683 0.000000
5.062771 -0.024813 7.044990 0.000000
-6.409269 -0.011438 7.429494 0.000000
-6.120716 -0.006570 6.429302 0.000000
-6.943114 -0.109193 6.962370 0.000000
-7.927517 -0.008012 7.509717 0.000000
-5.248204 -0.024208 6.422623 0.000000
-6.069667 -0.018958 6.988808 0.000000
-5.521770 -0.019001 6.720228 0.000000
-6.279187 -0.027850 7.047352 0.000000
-5.513409 -0.027742 6.892753 0.000000
-5.703036 -0.026084 7.177767 0.000000
-6.598989 -0.024258 7.798553 0.000000
-5.618755 -0.014546 7.420542 0.000000
-5.672858 -0.087973 7.627309 0.000000
5.343134 -0.051415 7.629352 0.000000
-5.339927 -0.081268 6.285456 0.000000
-4.181192 -0.029355 3.833223 0.000000
-4.909588 -0.024067 3.719370 0.000000
-4.315011 -0.001505 4.089402 0.000000
-4.368516 -0.018991 4.356505 0.000000
-3.608865 -0.020756 3.245560 0.000000
-4.923242 -0.016483 5.329801 0.000000
-4.932437 -0.020663 5.455905 0.000000
-6.936817 -0.008637 5.846128 0.000000
-4.836095 -0.018101 5.616034 0.000000
-5.074679 -0.008062 5.938642 0.000000
-5.771634 -0.031799 6.082174 0.000000
-5.136625 -0.024635 6.140435 0.000000
-7.648719 -0.110744 7.172896 0.000000
-4.509565 -0.025385 4.426964 0.000000
-4.503763 -0.015507 4.729587 0.000000
-6.113913 -0.027198 4.702349 0.000000
-4.638809 -0.021724 4.861824 0.000000
6.007402 -0.011023 2.712970 0.000000
7.002501 -0.012519 3.129923 0.000000
6.425770 -0.027422 2.762437 0.000000
7.640406 -0.038161 3.026782 0.000000
7.313108 -0.023643 2.674182 0.000000
6.324529 -0.025542 2.552338 0.000000
9.230472 -0.036479 4.262075 0.000000
9.491773 -0.028379 4.943616 0.000000
7.245755 -0.032932 3.668032 0.000000
9.053438 -0.000145 4.404802 0.000000
9.606679 -0.028838 4.656715 0.000000
8.487820 -0.032671 4.081653 0.000000
6.798288 -0.035220 3.311926 0.000000
6.565641 -0.023271 3.026418 0.000000
8.939962 -0.016584 3.869406 0.000000
6.351207 -0.035360 2.931884 0.000000
8.262275 -0.035941 3.469847 0.000000
7.546530 -0.036681 3.395144 0.000000
-6.382668 -0.017394 1.179465 0.000000
-6.861465 -0.017482 1.638083 0.000000
-3.731388 -0.285005 0.003675 0.000000
-8.814701 -0.050450 2.826471 0.000000
-8.703693 -0.031290 2.573536 0.000000
-8.651793 -0.009115 2.055359 0.000000
-9.315896 -0.007434 3.054661 0.000000
-9.141242 -0.007140 2.700247 0.000000
-9.095704 -0.031222 2.391886 0.000000
-9.168471 -0.018306 2.150784 0.000000
-9.637988 -0.000341 3.583229 0.000000
-8.265866 -0.037573 1.930734 0.000000
-9.512596 -0.068397 2.659321 0.000000
-9.406875 -0.047909 2.283698 0.000000
9.059994 -0.043409 5.200068 0.000000
8.640957 -0.017882 4.952032 0.000000
9.620377 -0.035712 5.362563 0.000000
8.238317 -0.000718 4.698704 0.000000
9.033351 -0.025800 4.965505 0.000000
7.813338 -0.026047 4.205326 0.000000
8.762216 -0.046802 4.526206 0.000000
-7.149224 -0.011230 1.506450 0.000000
-7.491594 -0.038362 2.180238 0.000000
-7.373427 -0.017284 1.707940 0.000000
-7.725955 -0.009498 1.935923 0.000000
-7.996056 -0.007543 2.080837 0.000000
-7.869123 -0.003519 1.761837 0.000000
-8.397924 -0.000688 2.210209 0.000000
1.465087 -1.000551 0.108347 0.000000
1.934033 -0.469778 0.100376 0.000000
1.890766 -0.630068 0.101117 0.000000
1.719825 -0.889751 0.095574 0.000000
2.066015 -0.254050 0.099632 0.000000
6.161673 -0.041656 1.069174 0.000000
-2.994004 -0.773218 0.013779 0.000000
-3.374478 -0.413651 0.012880 0.000000
-1.935746 -1.200180 0.111608 0.000000
-3.254052 -0.394230 0.006649 0.000000
-3.142470 -0.515589 0.020151 0.000000
0.715011 0.746758 0.037823 0.000000
-1.903064 -0.410173 0.104793 0.000000
7.258253 -0.020463 4.903172 0.000000
5.224070 -0.024231 3.597180 0.000000
9.409553 -0.029913 6.977019 0.000000
7.122461 -0.033722 5.782118 0.000000
9.251397 -0.051047 7.379525 0.000000
7.860217 -0.003731 6.327600 0.000000
7.625941 -0.020104 5.879505 0.000000
6.522168 -0.000094 5.109873 0.000000
8.455724 -0.017062 6.384618 0.000000
7.270436 -0.031606 5.488648 0.000000
6.357797 -0.004711 4.905329 0.000000
8.027869 -0.030135 5.835000 0.000000
6.126490 -0.029815 4.555201 0.000000
9.016415 -0.017695 6.543613 0.000000
7.906455 -0.019475 5.567956 0.000000
5.819777 -0.008984 4.201071 0.000000
8.709200 -0.051714 5.852701 0.000000
8.322426 -0.024554 6.754488 0.000000
-6.125320 -0.039058 2.459950 0.000000
-6.251230 -0.029654 2.624680 0.000000
-6.439717 -0.014869 2.835041 0.000000
-6.731478 -0.013099 3.109466 0.000000
-6.902444 -0.012788 2.989421 0.000000
-9.708649 -0.023702 5.282621 0.000000
-8.720612 -0.003513 3.523961 0.000000
-8.964500 -0.035904 4.487249 0.000000
-8.897445 -0.054557 4.047981 0.000000
-9.071499 -0.004046 3.854227 0.000000
-9.461661 -0.000696 4.464757 0.000000
-9.208865 -0.028952 5.505819 0.000000
-9.835117 -0.036053 4.843131 0.000000
-9.763940 -0.036448 5.862280 0.000000
8.640837 -0.009523 7.673482 0.000000
7.895821 -0.025772 6.814658 0.000000
9.161800 -0.027992 7.631634 0.000000
7.773225 -0.055232 6.292942 0.000000
8.784730 -0.010713 7.115547 0.000000
7.225577 -0.020858 6.088666 0.000000
-7.345760 -0.012317 2.497357 0.000000
-7.422134 -0.001054 3.766571 0.000000
-7.409659 -0.029119 3.589665 0.000000
-7.770821 -0.005971 2.632839 0.000000
-7.604241 -0.018806 3.638638 0.000000
-8.093626 -0.036151 3.937683 0.000000
-8.370802 -0.010289 3.208219 0.000000
-8.400391 -0.062271 4.330738 0.000000
3.273713 -0.030192 4.038466 0.000000
5.216959 -0.018594 5.774251 0.000000
2.406156 -0.038942 2.660591 0.000000
-5.561441 -0.025206 5.965230 0.000000
-6.074087 -0.013095 6.168288 0.000000
-4.428688 -0.001428 4.960306 0.000000
6.111190 -0.025974 7.464829 0.000000
5.692359 -0.058560 6.567985 0.000000
3.777467 -0.001735 5.126352 0.000000
-5.468288 -0.002088 7.788971 0.000000
4.506327 -0.003006 7.543603 0.000000
5.144379 -0.029116 7.678606 0.000000
4.709296 -0.014086 6.766346 0.000000
-1.071106 10.199673 0.463595 0.000000
-1.086365 8.008337 0.580786 0.000000
-1.090120 13.166617 0.629876 0.000000
1.109134 9.927579 0.313638 0.000000
1.087580 13.196495 0.293596 0.000000
1.097927 18.415909 0.072618 0.000000
1.073648 12.581109 0.590133 0.000000
1.089528 9.310024 0.784230 0.000000
-0.985585 35.712173 1.176058 0.000000
-1.054270 24.328190 0.499800 0.000000
-0.600756 35.708408 0.971028 0.000000
0.213991 35.708120 1.302753 0.000000
-1.070500 10.597863 0.293877 0.000000
-1.097534 31.569345 0.828522 0.000000
-0.275563 35.708271 1.151353 0.000000
-1.100126 8.221824 0.594693 0.000000
-1.064319 20.327656 0.790280 0.000000
0.970060 35.707972 1.365740 0.000000
-1.091964 9.465945 0.445711 0.000000
-1.168000 15.354713 0.626685 0.000000
-1.057100 26.089796 0.876936 0.000000
-1.072157 17.924108 0.749530 0.000000
1.094040 13.955687 0.802711 0.000000
1.094152 17.106697 0.511829 0.000000
1.074387 11.688711 0.634219 0.000000
1.095558 25.320974 0.540222 0.000000
1.095266 15.405264 0.718336 0.000000
0.039519 35.709499 0.036348 0.000000
0.922478 35.715622 0.555703 0.000000
1.095093 21.901746 0.839689 0.000000
1.096335 34.938583 1.016593 0.000000
1.084611 18.614833 1.115652 0.000000
-1.097553 31.838156 0.204040 0.000000
0.520696 35.708200 0.811159 0.000000
1.095783 27.527441 1.203514 0.000000
-1.059966 19.820004 0.374244 0.000000
-0.047660 35.708295 0.885779 0.000000
-8.848925 3.609853 4.938686 0.000000
3.807145 -0.013995 2.550175 0.000000
7.712290 3.605127 4.936032 0.000000
7.087042 3.592894 4.934392 0.000000
-6.305697 -0.018990 7.597415 0.000000
-5.294373 -0.017527 6.967231 0.000000
-5.541110 -0.026394 7.027140 0.000000
-5.694150 -0.018199 7.399643 0.000000
6.863068 -0.011201 7.458856 0.000000
5.462133 -0.020720 6.608326 0.000000
6.614201 -0.025255 7.119982 0.000000
-4.615902 -0.004575 5.161329 0.000000
-5.882740 -0.012823 6.745406 0.000000
5.312645 -0.016083 4.533128 0.000000
4.807803 -0.027520 3.869863 0.000000
6.489089 -0.002446 6.748954 0.000000
5.867823 -0.019931 5.554329 0.000000
0.934710 8.922871 -0.004739 0.000000
0.571875 8.195288 -0.002023 0.000000
0.388141 8.041056 -0.001901 0.000000
0.740787 8.849165 -0.002531 0.000000
1.083270 9.020803 0.055721 0.000000
0.232469 7.901933 -0.023007 0.000000
0.522462 8.287377 -0.002097 0.000000
0.095069 7.999790 -0.023584 0.000000
0.642110 8.108899 -0.016810 0.000000
0.986309 8.559430 -0.002310 0.000000
-0.045719 8.139302 -0.024333 0.000000
0.035007 7.433809 -0.001272 0.000000
0.408324 7.230172 -0.020938 0.000000
0.691604 7.235458 -0.021712 0.000000
-0.313779 8.182251 -0.002025 0.000000
-0.005380 7.202276 -0.004267 0.000000
1.082251 7.874004 0.121354 0.000000
0.979753 8.781204 -0.002480 0.000000
0.670231 8.427891 -0.001117 0.000000
1.106281 8.561437 0.189499 0.000000
-0.827990 35.713283 1.847080 0.000000
0.869761 35.714982 1.640942 0.000000
1.046486 20.042426 1.452227 0.000000
1.084740 12.324510 1.232255 0.000000
1.105475 8.215152 1.023542 0.000000
1.096059 30.869917 1.863348 0.000000
1.094565 16.377105 1.301650 0.000000
1.080862 10.523193 1.292603 0.000000
0.660980 35.705848 2.059757 0.000000
1.117502 13.258788 1.330254 0.000000
0.038655 35.707037 2.190706 0.000000
1.094337 17.919430 1.504056 0.000000
-1.096938 26.732288 1.496845 0.000000
-0.524566 35.706660 2.155269 0.000000
1.095626 26.080200 1.843222 0.000000
-1.057610 18.144972 1.289126 0.000000
-1.090230 35.706296 2.129186 0.000000
-0.082069 35.717490 2.130275 0.000000
0.825046 35.716316 2.266267 0.000000
1.081326 8.056459 0.954407 0.000000
1.083388 10.104763 0.891895 0.000000
1.093140 12.958086 0.849936 0.000000
1.102178 8.806503 0.978316 0.000000
1.080286 17.454052 1.086540 0.000000
1.099638 11.272156 1.058340 0.000000
1.095599 25.791531 1.421896 0.000000
1.088193 15.354402 1.381989 0.000000
-1.096516 10.105226 0.947844 0.000000
-0.634282 35.718316 2.082900 0.000000
0.287826 35.706546 2.040794 0.000000
-1.051797 31.465472 1.862451 0.000000
-0.396488 35.710367 2.070404 0.000000
-1.095837 20.475860 1.346898 0.000000
-1.095792 9.672497 0.922720 0.000000
-1.184205 15.357106 1.085256 0.000000
-1.098208 11.250457 0.966424 0.000000
-1.105652 17.929962 1.132971 0.000000
-6.334573 -0.012396 5.447880 0.000000
-5.152512 -0.036515 2.059307 0.000000
-9.211350 -0.080477 4.455236 0.000000
-8.007935 -0.014891 4.419157 0.000000
-8.039687 -0.030719 5.033607 0.000000
-8.320603 -0.035777 4.950196 0.000000
-8.873178 -0.029542 4.384191 0.000000
-8.106300 -0.000992 3.598172 0.000000
-9.817326 -0.016728 5.762956 0.000000
-6.677925 -0.018802 3.460546 0.000000
-7.108015 -0.004084 3.130627 0.000000
-7.402633 -0.015146 4.590409 0.000000
-7.791998 -0.005374 4.271758 0.000000
-1.925145 -0.249991 0.093614 0.000000
-1.512569 -0.628974 0.102089 0.000000
5.785818 -0.015807 4.523795 0.000000
8.363125 -0.020380 6.048689 0.000000
6.257338 -0.022140 4.638444 0.000000
5.473312 -0.029455 4.291709 0.000000
7.181868 -0.049714 5.899901 0.000000
8.368369 -0.010169 7.423139 0.000000
7.807218 -0.022047 7.194147 0.000000
7.656507 -0.024297 6.769771 0.000000
8.672987 -0.001429 7.336300 0.000000
7.249789 -0.027403 6.203999 0.000000
8.361110 -0.028582 6.806547 0.000000
9.365661 -0.019391 7.548172 0.000000
6.909316 -0.001671 5.445667 0.000000
8.816594 -0.026614 7.164137 0.000000
6.647959 -0.018857 5.292745 0.000000
4.886056 -0.024365 3.198473 0.000000
-8.563233 -0.018738 3.125063 0.000000
-8.324653 -0.008375 2.048621 0.000000
-8.656147 -0.015411 2.659883 0.000000
-8.731570 -0.012123 2.217057 0.000000
-9.049853 -0.004865 2.828074 0.000000
-9.029343 -0.028481 2.480199 0.000000
-9.739363 -0.009493 3.076451 0.000000
9.707624 -0.002419 6.572940 0.000000
9.237203 -0.017759 6.060360 0.000000
9.899819 -0.019984 6.153401 0.000000
9.368625 -0.032810 5.693513 0.000000
8.817300 -0.057121 5.371091 0.000000
7.780792 -0.001026 4.777527 0.000000
-7.445028 -0.004626 1.889000 0.000000
-8.036101 -0.009654 2.901488 0.000000
7.489434 -0.019235 3.814611 0.000000
9.864960 -0.016645 5.771535 0.000000
8.530693 -0.047913 4.842145 0.000000
8.060868 -0.030152 4.580007 0.000000
7.159364 -0.026027 4.092557 0.000000
7.172629 -0.005804 3.726687 0.000000
6.283774 -0.038701 3.250235 0.000000
7.720882 -0.044067 3.908597 0.000000
6.928115 -0.042632 3.420647 0.000000
7.455576 -0.001265 3.510835 0.000000
5.675006 -0.019978 5.627320 0.000000
-7.390811 -0.114331 7.524765 0.000000
5.399816 -0.042412 6.957551 0.000000
4.889326 -0.017444 5.814958 0.000000
-6.273744 -0.031613 5.928802 0.000000
-7.827406 -0.071840 5.747030 0.000000
-6.514360 -0.020508 6.117867 0.000000
-7.641014 -0.021678 6.057530 0.000000
-8.667268 -0.023547 6.558322 0.000000
-7.556344 -0.006803 6.630403 0.000000
-6.939593 -0.000194 4.574540 0.000000
-5.907165 -0.022372 5.093900 0.000000
-6.200271 -0.047748 4.892664 0.000000
6.379330 3.604475 4.933122 0.000000
0.075028 -0.000467 0.076478 0.000000
0.319861 0.896920 0.039171 0.000000
0.565779 1.767191 0.028457 0.000000
0.278550 0.618951 0.046506 0.000000
0.389611 1.413183 0.030575 0.000000
0.144135 0.783178 0.013304 0.000000
0.342420 1.236845 0.021334 0.000000
0.070151 1.196935 0.011413 0.000000
-0.027132 -0.004415 0.077785 0.000000
0.801639 1.590670 0.029434 0.000000
1.075491 2.813527 0.003421 0.000000
0.967057 2.405170 0.006579 0.000000
0.598228 1.001133 0.035517 0.000000
0.747098 2.239502 0.008113 0.000000
0.724368 2.048882 0.026790 0.000000
-0.286409 0.773499 0.040826 0.000000
-0.402219 0.798449 0.038933 0.000000
-0.799652 0.937587 0.031490 0.000000
-0.160853 0.940970 0.024410 0.000000
-0.358299 0.848198 0.038217 0.000000
-8.946161 3.418901 4.969497 0.000000
0.280025 6.672712 -0.000747 0.000000
6.567937 -0.011237 0.294173 0.000000
7.470662 -0.024612 0.666199 0.000000
7.614380 -0.012347 0.934936 0.000000
7.352046 -0.004755 0.527203 0.000000
7.117504 -0.011969 1.067426 0.000000
6.784395 -0.013728 0.613760 0.000000
-8.882037 -0.016053 1.717820 0.000000
-9.546306 -0.015468 1.852658 0.000000
9.366563 -0.011756 1.798118 0.000000
8.964577 -0.024673 1.677176 0.000000
8.568154 -0.008162 1.432353 0.000000
7.811100 -0.006292 0.915650 0.000000
8.078063 -0.006738 1.150469 0.000000
8.141279 -0.004705 1.237596 0.000000
-9.397378 -0.014489 1.474318 0.000000
3.083711 -0.431526 0.015198 0.000000
-2.998766 -1.166844 0.009815 0.000000
-4.365869 -0.359957 0.001088 0.000000
-7.350109 -0.005872 0.578146 0.000000
-7.011069 -0.008854 0.825079 0.000000
-6.959182 -0.008661 1.120461 0.000000
-6.937369 -0.015502 0.464531 0.000000
-8.578797 -0.023084 1.188359 0.000000
-9.116530 -0.038847 1.191900 0.000000
-8.820276 -0.009723 1.348194 0.000000
-9.760174 -0.002929 1.275176 0.000000
-7.820498 -0.034864 1.540023 0.000000
-8.493819 -0.006852 1.507006 0.000000
-3.913418 -0.950034 0.009096 0.000000
-4.638758 -0.590333 0.008084 0.000000
-6.172259 -0.021364 0.007144 0.000000
-6.526878 -0.007836 0.630236 0.000000
-2.753036 -2.001650 0.000749 0.000000
4.815205 -2.154096 0.008085 0.000000
-9.418330 -1.556274 0.003112 0.000000
-6.793387 -2.162721 0.005095 0.000000
-15.814444 -0.845288 0.000996 0.000000
-9.530502 -1.822616 0.003687 0.000000
-16.438621 -1.275499 0.005290 0.000000
15.696110 -1.114957 0.001734 0.000000
9.051707 -1.626077 0.022519 0.000000
20.767776 0.124023 0.000559 0.000000
6.471612 -2.183330 0.016250 0.000000
10.865579 -1.020230 0.144437 0.000000
32.765313 2.863212 -0.001372 0.000000
-15.823406 -0.261266 0.005183 0.000000
7.335391 -1.799984 0.002771 0.000000
13.549830 -0.228809 0.006705 0.000000
5.538844 -1.952692 0.015607 0.000000
8.515377 -1.301804 0.008669 0.000000
18.212371 1.081036 0.037764 0.000000
6.097000 -1.606447 0.019160 0.000000
10.196325 -0.584640 0.002581 0.000000
-7.358523 -1.347058 0.003868 0.000000
-4.488916 -1.677221 0.004436 0.000000
-5.678192 -1.518117 0.001489 0.000000
-4.298140 -1.914423 0.023220 0.000000
-5.209936 -1.723389 0.002743 0.000000
-4.110762 -2.101566 0.013162 0.000000
-10.108185 -0.601909 0.015938 0.000000
-6.910670 -1.404911 0.000484 0.000000
-5.024612 -2.009471 0.023775 0.000000
-16.906939 0.602416 0.000015 0.000000
-9.640954 -1.153119 0.002774 0.000000
-6.624918 -1.811755 0.027429 0.000000
-5.111623 -2.311281 0.007100 0.000000
4.614649 -1.899157 0.015936 0.000000
3.964635 -1.810205 0.012778 0.000000
5.328420 -1.484817 0.015770 0.000000
2.689005 -1.860627 0.006459 0.000000
3.510415 -1.526629 0.015934 0.000000
5.069994 -0.950038 0.003809 0.000000
4.023127 -1.205588 0.001264 0.000000
6.178386 -0.485221 0.008325 0.000000
3.823667 -1.218818 0.016095 0.000000
-2.657037 -1.455378 0.012455 0.000000
-3.608989 -1.356702 0.007026 0.000000
-3.003242 -1.417663 0.011850 0.000000
-4.304142 -0.900927 0.008297 0.000000
-3.404947 -1.482700 0.009612 0.000000
-5.117683 -0.703983 0.006186 0.000000
-4.086862 -1.244874 0.004729 0.000000
-2.991434 -1.893531 0.018420 0.000000
-4.862993 -0.832078 0.014311 0.000000
-3.834083 -1.415758 0.036573 0.000000
35.779163 6.936322 -0.003623 0.000000
13.691405 1.056012 0.000793 0.000000
9.889063 -0.045237 0.746680 0.000000
9.879924 -0.009313 0.984589 0.000000
8.557429 -0.399876 0.008695 0.000000
9.390229 -0.014308 0.216144 0.000000
9.380981 -0.033216 0.458073 0.000000
9.252211 -0.024895 0.604307 0.000000
6.119322 -0.824081 0.018743 0.000000
8.825284 -0.032047 0.096010 0.000000
4.652311 -1.226574 0.019582 0.000000
7.316815 -0.593076 0.115829 0.000000
3.951571 -1.411202 0.016948 0.000000
5.406862 -0.977059 0.009881 0.000000
7.973853 -0.019085 0.115710 0.000000
3.357749 -1.604513 0.018448 0.000000
4.287844 -1.268942 0.000584 0.000000
6.441376 -0.550951 0.010695 0.000000
-8.244730 -0.358976 0.004187 0.000000
-6.309878 -0.513577 0.005059 0.000000
-4.866293 -1.337792 0.002119 0.000000
-6.030526 -0.819854 0.000670 0.000000
-4.631977 -1.438014 0.000692 0.000000
-6.141795 -1.076212 0.002850 0.000000
-9.545414 -0.001172 0.177504 0.000000
-8.571823 -0.431312 0.039012 0.000000
-28.580870 5.356131 -0.003683 0.000000
-13.714605 0.690356 0.000509 0.000000
-34.634897 5.689435 -0.004187 0.000000
5.917493 -0.027122 3.758789 0.000000
5.481225 -0.027132 3.757047 0.000000
-0.402692 -1.423695 0.143181 0.000000
-0.603773 3.388116 0.018571 0.000000
-0.234577 3.604639 0.021283 0.000000
-1.203431 7.432477 -0.001451 0.000000
-0.794504 4.969135 0.006951 0.000000
-0.582335 3.451238 0.033057 0.000000
-1.424836 7.737093 -0.118191 0.000000
-0.918670 4.837371 0.019527 0.000000
-0.459079 3.273983 0.019124 0.000000
-1.625975 6.713362 0.094929 0.000000
-1.159511 5.018360 0.019028 0.000000
-0.749270 3.095350 0.018712 0.000000
-0.830108 3.161003 0.018357 0.000000
-1.567034 5.225392 0.015400 0.000000
-0.323651 5.534013 0.008220 0.000000
0.483596 6.405317 -0.000503 0.000000
-0.453911 8.471562 -0.019724 0.000000
-0.014356 7.123604 -0.000212 0.000000
0.119966 6.375786 -0.000446 0.000000
0.267127 5.691140 0.009628 0.000000
-0.665434 8.660383 -0.023196 0.000000
-0.355233 6.936340 -0.017859 0.000000
-0.110822 5.977902 0.005145 0.000000
0.012113 5.078686 0.009586 0.000000
-0.867213 9.131676 -0.024294 0.000000
-0.501894 6.950608 -0.001007 0.000000
0.159018 4.636828 0.007753 0.000000
-1.093683 9.113161 0.053386 0.000000
-0.740642 6.918199 -0.000771 0.000000
-0.149586 4.366004 0.021232 0.000000
-0.833510 7.057696 -0.001114 0.000000
-1.011852 7.210674 -0.001253 0.000000
-1.176764 3.049713 0.017511 0.000000
-7.448858 -0.010740 5.795751 0.000000
-7.329359 -0.014741 5.529125 0.000000
-8.577928 -0.073690 6.054422 0.000000
-6.420643 -0.012492 5.156146 0.000000
-8.099197 -0.026965 6.474552 0.000000
-6.651812 -0.017074 4.340845 0.000000
6.843881 -0.096742 6.705307 0.000000
7.225229 -0.017709 5.240667 0.000000
-7.249437 -0.011894 6.245797 0.000000
-8.680990 -0.023220 7.236009 0.000000
-8.807029 -0.015538 7.745296 0.000000
7.950156 -0.055740 7.490153 0.000000
7.315933 -0.025849 7.598580 0.000000
7.118521 -0.002225 7.042839 0.000000
8.175143 -0.015836 6.797226 0.000000
-5.550909 -0.016631 3.164604 0.000000
-9.238807 3.582138 4.939378 0.000000
9.859540 -0.011271 4.507602 0.000000
-9.292954 -0.003243 2.915542 0.000000
-9.803394 -0.032728 3.220342 0.000000
-9.283998 -0.013304 3.606301 0.000000
-9.772944 -0.078747 4.159672 0.000000
9.858294 -0.015477 3.198175 0.000000
-7.138535 -0.008781 2.216288 0.000000
-2.674852 -0.712585 0.015925 0.000000
-9.162348 -0.011092 4.273631 0.000000
-9.526868 -0.013279 4.780908 0.000000
7.979470 -0.047809 4.965410 0.000000
8.905483 -0.050414 6.147508 0.000000
8.849940 -0.027721 5.573833 0.000000
8.506079 -0.027705 5.746697 0.000000
8.410096 -0.029160 5.110459 0.000000
8.262816 -0.047995 5.383651 0.000000
8.203519 -0.025623 4.416720 0.000000
8.172876 -0.025805 4.698193 0.000000
9.316612 -0.024545 5.821887 0.000000
7.419802 -0.070479 4.142170 0.000000
7.305660 -0.022654 4.350632 0.000000
-6.933450 -0.001947 3.707431 0.000000
-9.512381 -0.012148 5.084373 0.000000
-7.771665 -0.028457 4.561078 0.000000
-8.382287 -0.069035 5.092769 0.000000
-9.652434 -0.016272 6.128124 0.000000
-8.617848 -0.018751 5.446386 0.000000
-9.056702 -0.028448 5.923690 0.000000
-9.587190 -0.009035 6.209695 0.000000
9.641000 -0.033738 6.983032 0.000000
9.739644 -0.020583 6.203494 0.000000
9.250594 -0.040355 6.426349 0.000000
6.586740 -0.006721 3.587507 0.000000
6.942505 -0.004133 2.974294 0.000000
-7.209809 -2.285880 0.006011 0.000000
-5.660527 -2.376686 0.006014 0.000000
-23.399859 0.872891 -0.000441 0.000000
-11.526649 -1.307367 0.032711 0.000000
-7.591512 -2.175244 0.004261 0.000000
-5.431541 -2.438729 0.009781 0.000000
-21.481717 -0.261165 0.000209 0.000000
-11.144846 -1.969413 0.002134 0.000000
-12.202514 -0.778298 0.001952 0.000000
-21.014992 -1.123419 0.000610 0.000000
-21.829191 -1.889224 0.000832 0.000000
16.660750 -1.660762 0.035157 0.000000
9.561803 -2.104540 0.003858 0.000000
21.817791 -0.537963 0.001287 0.000000
6.784774 -2.311490 0.081625 0.000000
11.052787 -1.567595 0.003145 0.000000
33.561690 1.827423 -0.000005 0.000000
-4.891491 -1.824398 0.030054 0.000000
-6.155328 -1.628273 0.000244 0.000000
-8.325332 -1.337896 0.003417 0.000000
-5.874538 -1.852780 0.012075 0.000000
-4.468415 -2.244032 0.025819 0.000000
10.097851 -0.937412 0.003151 0.000000
7.360407 -1.910527 0.004887 0.000000
13.571777 -0.828782 0.002260 0.000000
5.536859 -2.108045 0.072129 0.000000
8.530514 -1.428786 0.011033 0.000000
18.096078 0.413286 0.001161 0.000000
4.321083 -2.210132 0.008927 0.000000
6.812034 -1.579903 0.015784 0.000000
-3.475320 -2.047067 0.012038 0.000000
-21.525591 -7.426512 0.003030 0.000000
-4.358432 -3.449356 0.008625 0.000000
-18.602780 -4.895840 0.002399 0.000000
-5.434274 -3.831481 0.007155 0.000000
-13.751779 -4.981185 0.003256 0.000000
-7.251850 -4.235936 0.005546 0.000000
-34.878847 -8.622414 0.002534 0.000000
-10.864693 -5.042303 0.004054 0.000000
28.143326 -6.120131 0.003256 0.000000
12.582168 -4.184157 0.029354 0.000000
7.952752 -3.610000 0.005241 0.000000
16.114779 -3.802971 0.003087 0.000000
5.958502 -3.266941 0.007142 0.000000
22.849769 -3.173356 0.002289 0.000000
4.400084 -3.046027 0.008877 0.000000
-8.468252 -3.246971 0.004446 0.000000
-6.264077 -3.155770 0.005846 0.000000
-5.551274 -3.302160 0.001243 0.000000
-13.112389 -3.592909 0.002880 0.000000
-3.799376 -3.472193 0.010042 0.000000
-28.728084 -4.761248 0.001390 0.000000
9.092314 -2.558292 0.018144 0.000000
11.478503 -2.814863 0.004419 0.000000
39.248035 -1.693520 0.001369 0.000000
5.181094 -2.856718 0.034151 0.000000
7.688082 -2.807324 0.005092 0.000000
14.888929 -2.266769 0.002644 0.000000
5.798949 -2.708518 0.006532 0.000000
6.401707 -2.569908 0.018173 0.000000
5.021815 -2.476732 0.007392 0.000000
-7.388720 -2.574502 0.004268 0.000000
-5.020931 -2.615150 0.006462 0.000000
-10.450086 -2.538878 0.003265 0.000000
-6.485411 -2.987110 0.012993 0.000000
-18.058578 -2.495942 0.001530 0.000000
-9.085260 -2.944371 0.004009 0.000000
-5.938925 -3.068805 0.012725 0.000000
-14.732285 -3.182166 0.001936 0.000000
25.358651 -1.121667 0.001360 0.000000
4.773323 -2.783753 0.016159 0.000000
6.907568 -2.434919 0.081030 0.000000
12.159341 -1.940736 0.001312 0.000000
3.809777 -2.621200 0.017589 0.000000
7.985483 -2.121461 0.017504 0.000000
9.987909 -2.477181 0.003874 0.000000
11.397087 -3.486278 0.003814 0.000000
-37.912620 -4.019837 0.000560 0.000000
-12.589384 -3.621314 0.003024 0.000000
-7.397380 -3.531951 0.005221 0.000000
-27.818236 -4.841690 0.001486 0.000000
-11.074019 -3.877609 0.044726 0.000000
-22.634354 -5.405335 0.002141 0.000000
23.007520 -4.422760 0.002775 0.000000
34.910794 -3.627406 0.002087 0.000000
7.438221 -3.332131 0.005688 0.000000
13.713052 -3.042973 0.003150 0.000000
5.567071 -3.047114 0.006992 0.000000
8.588349 -2.864826 0.004605 0.000000
17.729429 -2.299555 0.002276 0.000000
6.072790 -2.883372 0.016964 0.000000
-7.838993 -0.004881 0.601569 0.000000
-7.544095 -0.012792 1.190669 0.000000
-8.856238 -0.041178 0.929352 0.000000
-7.983822 -0.007618 1.110305 0.000000
-5.666649 -0.260561 0.007129 0.000000
-4.514555 -0.982805 0.007023 0.000000
-5.456806 -0.510941 0.005911 0.000000
-6.800310 -0.006821 0.329321 0.000000
7.651969 -0.039823 1.092080 0.000000
7.325478 -0.003090 0.308233 0.000000
7.166305 -0.021381 0.702702 0.000000
9.426445 -0.024773 1.126610 0.000000
-8.246018 -0.030356 1.332135 0.000000
-9.141118 -0.004724 1.359918 0.000000
-9.489568 -0.024759 1.444989 0.000000
9.800455 -0.047309 1.922344 0.000000
9.854992 -0.031208 2.163058 0.000000
-4.525153 -0.627664 0.008015 0.000000
9.358369 -0.032978 1.272914 0.000000
9.228138 -0.011735 1.866272 0.000000
8.983902 -0.003553 0.961775 0.000000
-3.936116 -0.751928 0.008962 0.000000
-4.050837 -0.321684 0.002304 0.000000
-3.394835 -0.849983 0.011518 0.000000
-2.796962 -1.224740 0.011333 0.000000
-4.636693 -0.202472 0.009570 0.000000
-3.758673 -0.994913 0.010350 0.000000
-8.255312 -0.008894 1.680663 0.000000
-9.481975 -0.054820 3.303769 0.000000
9.644589 -0.062043 3.903705 0.000000
9.502188 -0.014503 2.577409 0.000000
-9.051359 -0.008372 3.169890 0.000000
8.884811 -0.022507 2.843007 0.000000
8.690516 -0.016560 3.286751 0.000000
8.501351 -0.036685 2.052149 0.000000
8.584944 -0.028827 2.766052 0.000000
8.025351 -0.078454 1.823032 0.000000
-9.275294 -0.010110 2.082345 0.000000
-9.813428 -0.001496 2.423038 0.000000
-9.253509 -0.010474 2.464456 0.000000
-9.830904 -0.008599 2.919754 0.000000
-2.677741 -0.456404 0.016596 0.000000
-2.804813 -0.464825 0.021891 0.000000
8.043911 -0.004159 2.490440 0.000000
8.106538 -0.040712 2.601311 0.000000
7.602275 -0.005816 2.404649 0.000000
7.195580 -0.007248 2.025732 0.000000
3.583182 -0.416386 0.017833 0.000000
2.829981 -0.606444 0.019381 0.000000
3.551898 -0.264224 0.017324 0.000000
-24.847590 4.259066 -0.001957 0.000000
-12.544279 0.377356 0.001345 0.000000
-26.739882 3.721840 -0.001878 0.000000
-32.184610 3.784521 -0.002255 0.000000
20.141030 1.937246 0.000368 0.000000
-4.281259 -1.211844 0.005984 0.000000
-5.045112 -0.991628 0.001048 0.000000
36.787391 6.871494 -0.002062 0.000000
2.864935 -1.842995 0.053434 0.000000
5.078527 -1.036322 0.020096 0.000000
7.191692 -1.065957 0.014877 0.000000
14.002828 1.003825 0.001384 0.000000
9.728186 -0.016271 0.591821 0.000000
6.058440 -1.197376 0.014796 0.000000
9.059586 -0.073203 0.018842 0.000000
3.872596 -1.686004 0.017280 0.000000
8.274468 -0.023244 0.145422 0.000000
3.775938 -0.663320 0.013866 0.000000
4.525553 -0.341225 0.016690 0.000000
7.028639 -0.013239 0.400103 0.000000
-8.364757 -0.016407 0.002114 0.000000
-6.068050 -0.759144 0.003906 0.000000
-9.387528 -0.000390 0.279653 0.000000
7.983476 -0.032891 1.734891 0.000000
9.679198 -0.013406 1.770473 0.000000
7.490061 -0.009980 1.416632 0.000000
9.526873 -0.028081 1.747525 0.000000
8.676234 -0.021239 1.140742 0.000000
8.242516 -0.011914 0.846995 0.000000
-35.355750 6.986808 -0.005054 0.000000
-6.359834 -0.830024 0.003131 0.000000
-8.660903 -0.282559 0.023834 0.000000
-5.139106 -1.380878 0.003567 0.000000
-9.815353 -0.003487 0.096838 0.000000
-6.788559 -0.844003 0.002305 0.000000
-9.597288 -0.358906 0.001656 0.000000
-16.434893 1.390321 -0.000458 0.000000
9.100279 -0.009908 2.360736 0.000000
9.556023 -0.042073 2.096348 0.000000
8.703953 -0.004544 2.144883 0.000000
9.064443 -0.036608 1.919294 0.000000
8.332203 -0.007370 1.915934 0.000000
-6.214017 -0.014872 1.614363 0.000000
-6.079916 -0.016035 1.182989 0.000000
-3.618162 -0.713720 0.010947 0.000000
-4.543808 -0.307030 0.000171 0.000000
-4.357890 -0.580912 0.001923 0.000000
-5.071788 -0.399751 0.007802 0.000000
8.503359 -0.018777 3.355663 0.000000
9.853774 -0.046563 4.214875 0.000000
8.084018 -0.004026 3.063770 0.000000
7.117088 -0.031155 1.743962 0.000000
-10.741256 -2.243277 0.036818 0.000000
-6.430834 -2.606946 0.005188 0.000000
-19.853631 -2.098207 0.001136 0.000000
-8.944577 -2.733182 0.004593 0.000000
10.983862 -1.651510 0.016263 0.000000
19.447666 -1.023303 0.034212 0.000000
5.609227 -2.079922 0.015211 0.000000
29.317835 -2.864747 0.001942 0.000000
-8.619231 -3.989358 0.004633 0.000000
-5.428873 -3.651612 0.006958 0.000000
-13.883645 -4.843717 0.001675 0.000000
-7.394954 -4.166196 0.005426 0.000000
-36.782735 -8.464636 0.002373 0.000000
-11.162080 -4.955951 0.003929 0.000000
-22.642484 -7.367618 0.002899 0.000000
22.633030 -3.818950 0.002556 0.000000
11.077466 -3.303064 0.003834 0.000000
7.205496 -3.081567 0.019690 0.000000
12.839830 -2.724517 0.003193 0.000000
8.366761 -2.682642 0.017935 0.000000
15.281908 -2.168942 0.022613 0.000000
4.209458 -2.935966 0.017680 0.000000
6.116708 -2.612669 0.015763 0.000000
9.296994 -2.275460 0.004053 0.000000
-18.770350 -4.697807 0.002300 0.000000
-8.391718 -3.198740 0.004561 0.000000
-12.941580 -3.463182 0.002872 0.000000
-28.756977 -4.478317 0.001276 0.000000
-10.332601 -3.767108 0.003791 0.000000
-6.340211 -3.758762 0.001180 0.000000
-14.707280 -2.780327 0.002206 0.000000
-6.695429 -1.770122 0.011935 0.000000
-26.203133 1.706809 -0.001951 0.000000
-9.521204 -1.283513 0.005043 0.000000
-5.628889 -2.046397 0.006907 0.000000
-15.981213 -0.440153 0.000443 0.000000
-12.363572 -0.589232 0.001382 0.000000
-24.043282 -0.064536 -0.000951 0.000000
-16.389433 -1.538004 0.000209 0.000000
9.739046 -0.012631 1.134942 0.000000
9.052459 -0.008935 0.948054 0.000000
-4.761599 -1.927437 0.013057 0.000000
8.792393 -0.014456 0.787150 0.000000
-5.829894 -1.789719 0.025825 0.000000
-8.168450 -1.257831 0.042912 0.000000
-5.016477 -1.869250 0.000355 0.000000
4.204984 -1.047395 0.016632 0.000000
5.446933 -0.444393 0.017054 0.000000
4.454236 -0.860650 0.011973 0.000000
3.177353 -1.479357 0.018619 0.000000
20.106812 2.768627 0.000572 0.000000
8.357531 -0.020640 0.592384 0.000000
5.388718 -1.045306 0.015469 0.000000
6.808677 -0.598018 0.018411 0.000000
7.494493 -0.024682 0.016898 0.000000
4.134621 -1.415191 0.000502 0.000000
5.365815 -0.988304 0.011127 0.000000
6.187736 -1.261374 0.012659 0.000000
12.587286 0.104803 0.002389 0.000000
4.401340 -2.191925 0.010123 0.000000
5.979031 -1.567498 0.009051 0.000000
8.343508 -0.850521 0.011988 0.000000
4.790573 -1.668492 0.014694 0.000000
4.942166 -1.427111 0.019068 0.000000
22.353963 0.372299 0.001555 0.000000
-11.915930 -3.265459 0.002928 0.000000
-6.992929 -3.233266 0.005881 0.000000
-24.940938 -3.847840 0.001320 0.000000
-10.192444 -3.495030 0.002986 0.000000
-18.519760 -4.291147 0.009077 0.000000
22.688620 -0.580225 0.041730 0.000000
11.378929 -1.588243 0.019305 0.000000
11.289700 -1.101430 0.003210 0.000000
23.202818 1.411508 0.001097 0.000000
7.549723 -1.771716 0.097672 0.000000
11.731322 -0.567220 0.002864 0.000000
25.651146 2.886136 0.000452 0.000000
-8.734006 -0.014508 3.153621 0.000000
-9.755021 -0.017082 3.658940 0.000000
9.863058 -0.009670 7.207287 0.000000
8.868569 -0.024866 6.595253 0.000000
9.444880 -0.050417 6.452138 0.000000
9.181032 -0.049993 6.127008 0.000000
7.913566 -0.025378 5.264851 0.000000
8.622572 -0.048708 5.760929 0.000000
7.940158 -0.024827 4.110260 0.000000
6.694603 -0.026425 3.132241 0.000000
9.710754 -0.059363 6.051528 0.000000
9.034342 -0.027086 5.707388 0.000000
8.758943 -0.023755 5.338080 0.000000
6.730465 -0.024627 4.012316 0.000000
6.555708 -0.026712 3.965499 0.000000
9.183354 -0.016990 5.112489 0.000000
6.280961 -0.028442 3.727901 0.000000
8.635283 -0.032060 4.604763 0.000000
7.701565 -0.003154 4.259221 0.000000
-0.936583 2.248726 0.013056 0.000000
-0.788302 2.356161 0.012999 0.000000
-0.696513 2.538538 0.003655 0.000000
-0.948606 2.531607 0.011666 0.000000
1.209416 5.861654 0.024951 0.000000
0.669495 1.832724 0.027980 0.000000
1.075331 3.790632 0.021109 0.000000
0.889868 3.386867 0.023638 0.000000
1.528388 6.750923 0.025616 0.000000
0.679956 3.060152 0.021906 0.000000
1.171605 4.042172 0.021066 0.000000
0.422540 2.925245 0.031934 0.000000
0.812325 5.218762 0.023598 0.000000
0.555818 2.621383 0.004796 0.000000
0.678502 4.784014 0.008119 0.000000
0.852721 2.158005 0.026307 0.000000
1.520000 4.590915 0.021406 0.000000
-0.772837 1.420800 0.026558 0.000000
-0.462817 1.019375 0.033739 0.000000
-0.373734 1.465886 0.028512 0.000000
-0.297995 2.181034 0.007866 0.000000
-0.033764 2.613369 0.021858 0.000000
-0.569661 1.320589 0.029025 0.000000
-0.443407 1.619641 0.026640 0.000000
-0.429088 2.198297 0.007392 0.000000
-0.251043 2.558508 0.021575 0.000000
-0.168372 2.844518 0.020813 0.000000
-0.746666 1.683255 0.024568 0.000000
-0.419596 2.572349 0.021082 0.000000
-0.947261 1.668223 0.023506 0.000000
-0.741563 1.833102 0.023566 0.000000
-0.863914 2.029367 0.023044 0.000000
0.320643 3.407285 0.007682 0.000000
0.169068 1.574522 0.017225 0.000000
0.391972 2.268558 0.007845 0.000000
0.546257 3.847113 0.005994 0.000000
0.031050 2.315636 0.007096 0.000000
0.215287 3.666191 0.022229 0.000000
-0.147938 1.596410 0.017803 0.000000
0.054360 2.177177 0.008494 0.000000
0.036778 3.105510 0.020561 0.000000
-0.083952 2.189730 0.008175 0.000000
-0.370185 1.198608 0.020990 0.000000
8.070044 -0.027058 7.463312 0.000000
5.640551 -0.015345 5.307464 0.000000
7.444799 -0.016659 6.779962 0.000000
5.446662 -0.028106 5.013488 0.000000
8.498197 -0.031461 7.090335 0.000000
6.720624 -0.017186 5.569090 0.000000
7.410730 -0.003026 5.838586 0.000000
-9.207625 -0.008305 6.544013 0.000000
-8.920597 -0.025551 4.763128 0.000000
-8.550846 -0.071673 5.632266 0.000000
-8.912754 -0.018946 5.558743 0.000000
-8.484972 -0.075003 6.345364 0.000000
-8.987834 -0.007121 6.161146 0.000000
-9.295057 -0.031208 5.941745 0.000000
-9.059845 -0.015696 6.886437 0.000000
-9.363767 -0.005239 7.592976 0.000000
-8.448311 -0.023512 4.426786 0.000000
-5.903454 -0.011769 2.660052 0.000000
7.112964 -0.285555 0.011355 0.000000
5.207371 -0.440479 0.007264 0.000000
4.266924 -0.804521 0.007325 0.000000
3.492705 -1.117310 0.004354 0.000000
-11.909971 -1.265853 0.002959 0.000000
-25.081563 0.212499 0.001184 0.000000
9.826724 -0.034377 1.484785 0.000000
8.386812 -0.015101 0.291078 0.000000
2.752125 -1.231283 0.019031 0.000000
-5.418367 -1.517421 0.000156 0.000000
-7.319725 -1.176715 0.030937 0.000000
-10.589967 -0.512023 0.002946 0.000000
-6.016960 -1.459447 0.046114 0.000000
-19.365684 1.246254 0.000978 0.000000
-12.647664 -0.437134 0.002440 0.000000
-27.698465 2.162439 0.000345 0.000000
-16.379677 -0.265046 0.001847 0.000000
-3.750043 -1.843405 0.023171 0.000000
5.019139 -1.619458 0.016677 0.000000
16.201338 -0.377222 0.000701 0.000000
9.349941 -1.208854 0.089655 0.000000
15.670949 0.156455 0.000570 0.000000
6.514425 -1.648668 0.032185 0.000000
9.356261 -0.918912 0.024744 0.000000
15.809515 0.812311 0.000261 0.000000
4.932188 -1.878510 0.009767 0.000000
6.502758 -1.533075 0.008618 0.000000
9.565978 -0.411278 0.010372 0.000000
16.751740 1.706330 -0.000286 0.000000
6.726684 -1.180118 0.010708 0.000000
-2.676270 -1.114322 0.012311 0.000000
-3.910523 -0.488197 0.010582 0.000000
-9.738130 -0.020628 2.074925 0.000000
8.664401 -0.025649 3.976388 0.000000
9.405408 -0.037377 4.053142 0.000000
9.304793 -0.020216 3.265493 0.000000
7.336291 -0.018449 2.819727 0.000000
9.695512 -0.010506 3.734500 0.000000
-3.403689 -1.233434 0.007114 0.000000
-8.370020 -0.013070 0.589584 0.000000
-6.644423 -0.520648 0.002179 0.000000
-8.947429 -0.002409 0.464786 0.000000
-8.531531 -0.030926 0.221405 0.000000
-5.237710 -1.059039 0.022599 0.000000
-9.186706 -0.020405 0.562652 0.000000
-8.950660 -0.175163 0.018636 0.000000
-6.967605 -0.696709 0.050782 0.000000
-9.418103 -0.004621 0.667128 0.000000
-9.221640 -0.161465 0.031295 0.000000
9.824123 -0.035104 2.529855 0.000000
-4.116087 -1.001825 0.006014 0.000000
-6.571507 -0.302439 0.003980 0.000000
-6.445671 -0.573868 0.021453 0.000000
-5.703204 -0.003156 3.310449 0.000000
-6.361951 -0.019101 3.472820 0.000000
6.098574 -0.026018 3.558838 0.000000
5.799706 -0.034512 3.409715 0.000000
7.015141 -0.014927 6.529014 0.000000
8.346955 -0.048936 5.887082 0.000000
6.606358 -0.032036 5.844138 0.000000
7.776290 -0.017278 5.161233 0.000000
8.722138 -0.052010 6.317827 0.000000
7.508909 -0.046630 4.778112 0.000000
7.133370 -0.020295 4.481375 0.000000
6.441349 -0.005984 4.986874 0.000000
6.985292 -0.026225 4.048039 0.000000
-8.567582 -0.036668 7.167273 0.000000
-7.795895 -0.020406 6.658836 0.000000
9.280012 -0.024392 7.739058 0.000000
8.451547 -0.061159 7.713190 0.000000
8.279912 -0.052500 7.097176 0.000000
9.084610 -0.011576 6.711134 0.000000
8.561929 -0.019192 6.736044 0.000000
7.817402 -0.019548 6.631607 0.000000
7.318622 -0.012341 6.948847 0.000000
-0.138965 1.369017 0.010219 0.000000
-0.457136 2.389943 0.005521 0.000000
-0.388872 1.738407 0.026968 0.000000
-0.916851 3.237437 0.017977 0.000000
-1.055128 3.863972 0.016868 0.000000
-1.295861 4.166931 0.016073 0.000000
-0.407493 0.927760 0.035991 0.000000
-0.815956 2.759480 0.019303 0.000000
0.244926 2.090682 0.023778 0.000000
-0.343628 2.870151 0.020329 0.000000
-0.156151 2.301551 0.006953 0.000000
0.167973 1.848064 0.024729 0.000000
-0.181809 1.966493 0.022506 0.000000
0.006856 1.711325 0.016591 0.000000
-0.226886 2.233743 0.007485 0.000000
0.759563 3.504418 0.020998 0.000000
1.240775 5.055794 0.024301 0.000000
0.437719 3.148820 0.021147 0.000000
1.104676 4.476320 0.003426 0.000000
1.575528 5.717842 0.007245 0.000000
0.670680 3.397030 0.021031 0.000000
0.835028 3.907961 0.023259 0.000000
1.237418 4.652140 0.002802 0.000000
0.256462 2.815096 0.021709 0.000000
0.871312 4.197092 0.004503 0.000000
0.288200 2.786744 0.031895 0.000000
0.021491 2.641050 0.021868 0.000000
1.548565 5.500668 0.025242 0.000000
1.209840 4.066894 0.021105 0.000000
0.800746 3.539486 0.021008 0.000000
1.311615 4.926524 0.012930 0.000000
1.013687 4.366782 0.003841 0.000000
1.472972 5.905551 0.007001 0.000000
-9.895538 -0.010358 5.849566 0.000000
-7.875282 -0.030246 4.174653 0.000000
-8.559791 -0.014861 4.701745 0.000000
-8.886896 -0.021325 5.044814 0.000000
8.893263 -0.012447 4.246632 0.000000
-8.282632 -0.029682 3.616478 0.000000
-9.476742 -0.020257 4.168061 0.000000
-8.763011 -0.075759 3.804514 0.000000
8.642652 -0.020307 3.669357 0.000000
-7.485477 -0.030015 2.619853 0.000000
-1.100826 8.578233 0.728145 0.000000
-1.099989 12.636998 0.965025 0.000000
-1.074843 9.887651 0.712234 0.000000
-1.092431 7.916514 0.751210 0.000000
-1.093259 17.094161 0.984246 0.000000
-0.209259 35.714488 1.682381 0.000000
-1.094858 18.042099 0.716176 0.000000
-0.001344 35.713796 1.449547 0.000000
-1.095718 22.199257 0.968375 0.000000
-0.659455 35.708280 1.503667 0.000000
-1.093375 10.053197 0.645100 0.000000
-1.091440 15.553925 0.884348 0.000000
-1.111528 29.395471 1.318287 0.000000
-1.078268 11.766460 0.610304 0.000000
-1.121009 19.168427 1.056145 0.000000
-1.088167 9.154786 0.794220 0.000000
-1.099505 13.846140 0.866274 0.000000
-1.088605 24.757705 1.263597 0.000000
-1.094208 10.687120 0.652320 0.000000
-4.946660 -0.007549 6.274421 0.000000
-5.873711 -0.049557 7.202912 0.000000
-5.140910 -0.004605 7.151976 0.000000
4.829907 -0.013005 7.436074 0.000000
-4.529054 -0.011231 5.522439 0.000000
1.096610 30.123216 1.766201 0.000000
5.359223 -0.025504 7.563233 0.000000
5.563019 -0.030355 7.573704 0.000000
5.936885 -0.004252 7.124479 0.000000
-5.621010 -0.013953 5.650584 0.000000
-7.169940 -0.027172 6.094933 0.000000
6.643087 -0.009986 7.323906 0.000000
-6.807864 -0.036881 6.733204 0.000000
-7.736701 -0.086091 6.905048 0.000000
-7.946378 -0.017292 7.073464 0.000000
6.421329 -0.061044 6.875895 0.000000
1.084546 11.583396 1.150547 0.000000
1.095578 22.053383 0.640374 0.000000
1.093557 14.080966 0.817078 0.000000
1.082551 9.817448 0.926549 0.000000
1.021909 35.710210 0.658823 0.000000
1.095087 19.524565 0.929801 0.000000
1.081571 12.621326 0.866063 0.000000
1.084233 9.163239 1.099227 0.000000
1.096609 29.994682 1.154214 0.000000
1.091581 17.159280 1.106271 0.000000
1.095952 24.511322 1.340816 0.000000
-1.096456 27.401504 0.812217 0.000000
1.085016 8.909169 0.451099 0.000000
1.111722 11.317432 0.441881 0.000000
1.088668 8.507005 0.672436 0.000000
1.098916 10.734826 0.772042 0.000000
-1.077106 7.862417 0.581140 0.000000
-1.629903 6.718214 0.627658 0.000000
-6.648191 -0.029761 6.480184 0.000000
-7.175501 -0.026344 7.078171 0.000000
-5.587272 -0.013855 6.406650 0.000000
6.460235 -0.016544 5.875833 0.000000
5.817352 -0.041872 5.843090 0.000000
6.894759 -0.013588 7.622963 0.000000
6.900261 -0.014145 6.568208 0.000000
6.704881 -0.004172 6.363613 0.000000
-4.027122 0.789134 3.020352 0.000000
-4.524562 0.792257 2.994685 0.000000
7.516222 3.607761 4.936176 0.000000
3.435874 -0.019389 4.617843 0.000000
4.437324 -0.009626 6.269584 0.000000
3.681892 -0.011886 5.259623 0.000000
1.083353 7.904640 0.751918 0.000000
1.081855 8.589047 0.890525 0.000000
1.119615 16.960965 0.854737 0.000000
1.095961 24.552244 1.123276 0.000000
1.082087 9.093233 0.982758 0.000000
0.952657 35.707957 1.435143 0.000000
-1.096075 24.423353 1.207142 0.000000
-0.549932 35.713735 1.518201 0.000000
0.228415 35.712654 1.485265 0.000000
-1.097314 10.678301 0.902638 0.000000
-1.091537 16.980597 0.831490 0.000000
-1.097084 33.608932 1.399767 0.000000
-0.099462 35.708195 1.282338 0.000000
-1.122792 21.251885 1.056311 0.000000
-0.637697 35.708339 1.253721 0.000000
-1.096472 27.483640 1.041390 0.000000
-1.094867 11.216172 0.664976 0.000000
-1.094895 18.186008 0.801390 0.000000
-1.087750 8.904590 0.727535 0.000000
-1.110483 13.233978 0.685218 0.000000
1.096577 19.058279 1.016854 0.000000
1.083014 11.434057 0.976510 0.000000
1.087490 7.994718 0.809038 0.000000
1.146530 29.385517 1.546625 0.000000
1.130335 15.358770 1.186754 0.000000
1.075894 9.726141 0.852742 0.000000
-0.315668 35.712976 1.550460 0.000000
0.728425 35.718356 1.773109 0.000000
1.095424 21.255244 1.268115 0.000000
1.074499 12.565955 1.048705 0.000000
0.056089 35.708104 1.510047 0.000000
1.096897 33.288165 1.623620 0.000000
1.096000 16.650667 1.087602 0.000000
-1.096559 28.187740 1.294599 0.000000
1.062993 23.805794 1.271102 0.000000
-1.092678 18.849918 1.194821 0.000000
-0.895607 35.717070 1.599320 0.000000
-8.973474 -0.016982 3.277906 0.000000
-9.686667 -0.030193 4.641182 0.000000
-9.303775 -0.049587 4.773940 0.000000
-7.186622 -0.029312 2.109882 0.000000
-7.696740 -0.012281 2.455675 0.000000
-9.663823 -0.088486 5.095239 0.000000
-8.052852 -0.011795 2.791543 0.000000
-8.552139 -0.029010 2.870948 0.000000
7.329090 -0.026717 3.223530 0.000000
9.465679 -0.027868 3.968799 0.000000
8.127798 -0.001001 6.367133 0.000000
8.343874 -0.020704 5.664266 0.000000
7.541880 -0.047940 5.577125 0.000000
8.743300 -0.024697 6.058607 0.000000
7.775835 -0.023810 4.541223 0.000000
7.392973 -0.029031 4.711454 0.000000
-8.894971 -0.018767 6.424713 0.000000
-9.372510 -0.032102 7.149949 0.000000
-8.033349 -0.006575 6.345165 0.000000
-9.658631 -0.015292 7.453790 0.000000
-9.067106 -0.141542 7.559754 0.000000
9.546875 -0.054140 7.059566 0.000000
7.127083 -0.043746 3.894681 0.000000
-7.340349 -0.027425 5.265179 0.000000
-9.732738 -0.093531 6.711555 0.000000
-7.002823 -0.020609 3.780219 0.000000
-6.825224 -0.017650 4.148143 0.000000
-7.871118 -0.018021 4.471408 0.000000
9.110226 -0.033663 2.071035 0.000000
8.596254 -0.014198 2.548999 0.000000
-9.865749 -0.006827 1.841241 0.000000
-9.811022 -0.036017 2.336386 0.000000
-9.825475 -0.009603 2.603675 0.000000
9.644114 -0.024820 2.296627 0.000000
9.562789 -0.004292 2.632797 0.000000
9.594250 -0.011100 2.955665 0.000000
-6.218483 -0.031949 1.221948 0.000000
2.612627 -0.607716 0.017060 0.000000
-1.090658 8.480579 0.485272 0.000000
-1.103454 12.334362 0.370990 0.000000
-1.081562 9.450843 0.214151 0.000000
1.085808 9.856393 0.436595 0.000000
1.085556 12.756687 0.794855 0.000000
1.112268 17.013973 0.680720 0.000000
1.096670 24.852618 0.748532 0.000000
1.093884 13.823642 0.715692 0.000000
1.083620 9.024402 0.729415 0.000000
0.810934 35.710298 0.897605 0.000000
1.141411 18.845811 0.653268 0.000000
1.092167 11.546347 0.742078 0.000000
-1.125641 23.406852 0.695953 0.000000
-0.659447 35.709455 0.746274 0.000000
0.343145 35.715231 0.780413 0.000000
-1.074455 10.452212 0.702607 0.000000
-1.073416 16.325805 0.682513 0.000000
-1.122777 31.496041 0.731843 0.000000
-0.374597 35.706344 0.739140 0.000000
-1.090873 8.399864 0.664577 0.000000
-1.069397 12.015649 0.436177 0.000000
-1.088282 20.029803 0.430828 0.000000
-1.097169 13.442254 0.670464 0.000000
-1.104737 25.303168 0.576619 0.000000
-1.106153 10.898877 0.574128 0.000000
-1.082258 16.847299 0.258798 0.000000
1.097792 33.508920 0.976627 0.000000
0.227585 35.709490 0.904767 0.000000
1.142202 29.383086 0.952466 0.000000
1.147738 15.358465 0.641659 0.000000
1.085045 9.424181 0.661385 0.000000
-0.318807 35.709305 0.900878 0.000000
0.771798 35.709681 0.917234 0.000000
1.085850 21.087333 0.962945 0.000000
-0.864889 35.709136 0.905585 0.000000
0.035035 35.709276 0.993489 0.000000
-1.095716 27.193453 0.825205 0.000000
-0.502306 35.709160 0.955467 0.000000
-1.100825 18.384271 0.600060 0.000000
-1.041933 35.709052 0.926464 0.000000
3.662848 1.182475 3.315638 0.000000
-5.390553 -0.023072 7.510928 0.000000
-0.717367 1.391305 0.027230 0.000000
-0.171888 0.722266 0.016907 0.000000
0.320313 1.141070 0.023223 0.000000
0.543086 1.235444 0.020792 0.000000
0.614560 1.594038 0.028437 0.000000
0.900589 1.825757 0.026356 0.000000
0.196796 0.975619 0.024741 0.000000
0.713203 1.670428 0.027668 0.000000
7.751301 -0.024685 7.303251 0.000000
-7.844056 -0.032285 7.709211 0.000000
-6.884352 -0.004947 7.251181 0.000000
-7.079833 -0.014477 7.726909 0.000000
8.830669 -3.162349 0.005097 0.000000
19.609498 -2.836333 0.002445 0.000000
10.717521 -2.795953 0.004342 0.000000
30.555423 -1.562097 0.003050 0.000000
7.396745 -2.740716 0.005874 0.000000
13.493871 -2.141495 0.013729 0.000000
6.337738 -2.307682 0.014500 0.000000
-5.604511 -3.943822 0.006673 0.000000
-14.142587 -3.836398 0.001980 0.000000
-7.446905 -3.618380 0.004821 0.000000
-34.396946 -5.589100 -0.000498 0.000000
-6.408956 -3.799553 0.005763 0.000000
-4.447905 -3.670996 0.008384 0.000000
-20.836327 -5.422597 0.001194 0.000000
-8.935842 -4.309746 0.004296 0.000000
-14.912766 -5.371511 0.002340 0.000000
-7.553649 -4.405294 0.004974 0.000000
-11.550449 -5.354177 0.003304 0.000000
-24.408454 -8.412281 0.001768 0.000000
23.589956 -5.252592 0.004298 0.000000
11.448047 -3.896607 0.004581 0.000000
39.418466 -5.052774 0.004773 0.000000
14.477167 -3.509871 0.003972 0.000000
-6.534100 -3.139486 0.005854 0.000000
-8.870856 -3.381864 0.003817 0.000000
-5.737298 -3.340439 0.006733 0.000000
-4.016671 -3.265324 0.006027 0.000000
-4.342659 -2.943321 0.010612 0.000000
-5.246918 -2.827859 0.008080 0.000000
-3.965442 -3.090473 0.011510 0.000000
-11.394273 -2.801431 0.003188 0.000000
-6.871748 -3.074328 0.006055 0.000000
-20.735976 -3.154432 0.001454 0.000000
-9.411541 -3.351405 0.003419 0.000000
7.548187 -2.724300 0.114341 0.000000
14.067497 -1.948839 0.003416 0.000000
8.702565 -2.261765 0.004629 0.000000
35.163279 -0.927537 0.002992 0.000000
28.123593 -5.270601 0.004389 0.000000
-6.094878 -3.262499 0.006782 0.000000
-16.052297 -3.744272 0.002337 0.000000
-8.217754 -3.448934 0.035531 0.000000
-13.265645 -4.143006 0.003055 0.000000
-7.499317 -3.821433 0.005253 0.000000
-31.434930 -6.244272 0.001793 0.000000
-11.408715 -4.447892 0.003674 0.000000
-23.677072 -6.418151 0.002435 0.000000
12.445098 -3.790643 0.004353 0.000000
7.953697 -3.356690 0.003768 0.000000
15.736173 -3.326042 0.003786 0.000000
5.903547 -3.171607 0.018497 0.000000
9.280121 -3.035745 0.002344 0.000000
21.664752 -2.567487 0.003278 0.000000
6.546188 -2.958600 0.018815 0.000000
11.118629 -2.413323 0.126323 0.000000
-6.903470 -2.265772 0.033087 0.000000
-9.906446 -2.195600 0.009070 0.000000
-6.044720 -2.464181 0.005236 0.000000
-17.141750 -1.736350 0.000472 0.000000
-8.302887 -2.487249 0.003807 0.000000
-13.036578 -2.402357 0.001749 0.000000
-7.385573 -2.685296 0.003144 0.000000
-29.917051 -2.102737 -0.001317 0.000000
-10.681646 -2.828279 0.002741 0.000000
-20.202769 -3.010031 0.000391 0.000000
-9.195236 -3.162723 0.004062 0.000000
-5.280096 -2.260223 0.006932 0.000000
-19.198377 -6.338530 0.001809 0.000000
20.836960 -2.960344 0.003436 0.000000
24.876515 -1.957629 0.003058 0.000000
11.941100 -2.297618 0.003874 0.000000
32.371721 -0.364377 0.002657 0.000000
7.800851 -2.428753 0.108298 0.000000
13.750288 -1.650720 0.003335 0.000000
-10.262075 -4.603075 0.003554 0.000000
5.746652 -2.469632 0.068733 0.000000
8.662781 -2.003450 0.004697 0.000000
16.559851 -0.773497 0.003093 0.000000
4.512653 -2.522250 0.021607 0.000000
6.316774 -2.025776 0.015560 0.000000
9.825729 -1.511892 0.044228 0.000000
-21.875415 -3.804950 0.000420 0.000000
-11.312603 -3.240060 0.002651 0.000000
-9.333257 -3.542877 0.003627 0.000000
-15.744492 -4.170886 0.001707 0.000000
-7.870968 -3.685345 0.004980 0.000000
-5.291327 -3.640961 0.007018 0.000000
-12.387843 -4.413190 0.002704 0.000000
-6.832521 -3.879260 0.005885 0.000000
-27.482736 -6.600931 0.000690 0.000000
5.207615 -1.975849 0.015624 0.000000
-4.467636 -0.497085 0.017286 0.000000
4.223093 -0.776665 0.012133 0.000000
3.410418 -0.861520 0.018169 0.000000
-9.769527 -0.009353 1.193454 0.000000
-9.862634 -0.021879 1.467310 0.000000
-4.903451 -1.122917 0.003552 0.000000
5.405385 -0.232370 0.008058 0.000000
6.027072 -0.217558 0.016457 0.000000
6.950129 -0.025886 0.338543 0.000000
-8.570033 -2.002243 0.003587 0.000000
-9.059578 -1.638101 0.040976 0.000000
-14.213402 -1.004560 0.038871 0.000000
-5.994508 -2.434131 0.041157 0.000000
-4.579119 -2.603018 0.009309 0.000000
-32.640447 0.804621 -0.001084 0.000000
-13.072535 -1.720481 0.002284 0.000000
-8.101708 -2.353949 0.007041 0.000000
-28.629576 -0.748781 -0.000203 0.000000
-12.401198 -2.211198 0.064103 0.000000
-7.852700 -2.642014 0.002834 0.000000
-4.345943 -2.196919 0.033165 0.000000
-27.304067 -1.991536 0.034875 0.000000
5.087802 -2.052863 0.008204 0.000000
-12.382787 -2.764388 0.002744 0.000000
-27.850678 -2.948464 0.000731 0.000000
20.672753 -2.098055 0.001995 0.000000
28.737406 -0.734534 0.001112 0.000000
12.630750 -1.792942 0.002860 0.000000
8.033602 -2.028691 0.017348 0.000000
15.781273 -0.973823 0.001994 0.000000
9.250283 -1.647075 0.017056 0.000000
21.719732 0.463369 0.000890 0.000000
6.493517 -1.908366 0.084705 0.000000
4.563082 -1.796108 0.016294 0.000000
11.247191 -0.082844 0.002603 0.000000
7.575494 -0.979687 0.012248 0.000000
15.225510 1.296227 0.001676 0.000000
5.417360 -1.234805 0.019709 0.000000
9.042838 -0.229643 0.006344 0.000000
9.880687 -0.025409 0.283914 0.000000
3.309141 -1.973666 0.001148 0.000000
23.078547 2.532259 -0.000029 0.000000
6.435482 -0.968398 0.016671 0.000000
9.309534 -0.081544 0.009878 0.000000
4.920500 -1.226535 0.012859 0.000000
7.691453 -0.401122 0.015522 0.000000
-7.517863 -1.193277 0.010720 0.000000
-20.403369 2.893390 -0.000987 0.000000
-11.077255 -0.190309 0.003932 0.000000
-20.158083 2.016395 -0.000592 0.000000
-11.029898 -0.596024 0.018796 0.000000
-21.348846 1.461307 -0.000487 0.000000
-11.672746 -0.879511 0.067029 0.000000
-24.591709 1.160122 -0.000665 0.000000
15.766981 0.347057 0.020042 0.000000
9.072487 -0.854913 0.021765 0.000000
4.489478 -1.298492 0.015457 0.000000
-15.604753 -3.540909 0.019133 0.000000
-13.529190 0.520425 0.004147 0.000000
-6.606214 -1.209460 0.049067 0.000000
-31.682120 4.742760 0.004684 0.000000
-9.506442 -0.651497 0.065013 0.000000
-16.181778 0.718031 0.004230 0.000000
-7.550242 -1.278696 0.010082 0.000000
-11.155163 -0.739295 0.054311 0.000000
-6.325175 -1.747372 0.006686 0.000000
-21.309155 1.173689 0.004646 0.000000
-8.595322 -1.374961 0.062809 0.000000
-13.802897 -0.566016 0.004744 0.000000
-34.743872 2.513162 0.006416 0.000000
9.021952 -0.020458 1.408385 0.000000
9.345605 -0.047466 1.475776 0.000000
-6.234292 -1.074054 0.028774 0.000000
-4.211372 -1.739358 0.003734 0.000000
-8.560189 -0.635464 0.005141 0.000000
-5.039045 -1.592859 0.002081 0.000000
5.719642 -0.557645 0.017293 0.000000
14.442148 1.219887 -0.002889 0.000000
-8.709852 -2.609648 0.003431 0.000000
-14.185021 -2.909093 0.005964 0.000000
-38.448443 -3.417466 0.010128 0.000000
15.078819 0.192233 -0.002587 0.000000
38.926665 6.103348 -0.012599 0.000000
8.828327 -0.984665 0.015747 0.000000
14.329219 0.704904 -0.086717 0.000000
36.099188 6.904720 -0.012274 0.000000
6.272119 -1.414098 0.013263 0.000000
8.760420 -0.767359 0.024279 0.000000
-18.222867 -2.342152 0.006016 0.000000
6.236501 -1.033038 0.010522 0.000000
8.857755 -0.386919 0.001824 0.000000
-9.622996 -1.977970 0.002669 0.000000
-5.847973 -2.214654 0.009437 0.000000
-12.401845 -2.011173 0.005483 0.000000
-6.855642 -2.568323 0.003985 0.000000
-26.692353 -1.295087 0.006787 0.000000
-10.115751 -2.467157 0.005882 0.000000
-6.385315 -2.779576 0.013384 0.000000
5.144883 -1.305509 0.015872 0.000000
6.656823 -0.460900 0.009499 0.000000
-6.735301 -0.362563 0.001376 0.000000
-5.278051 -0.934418 0.001818 0.000000
-5.250591 -0.474375 0.007134 0.000000
-8.630795 -0.120965 0.018935 0.000000
-9.599304 -0.001786 0.983748 0.000000
-9.895347 -0.001080 0.565980 0.000000
-18.966460 -5.315614 0.001905 0.000000
-15.509659 -3.406010 0.006852 0.000000
-12.329337 -3.858321 0.003206 0.000000
-7.164417 -3.641297 0.031840 0.000000
-25.729533 -5.116560 0.009476 0.000000
-10.338427 -4.117561 0.013042 0.000000
-6.338003 -3.818646 0.005981 0.000000
-14.908723 -5.463471 0.007810 0.000000
32.759619 -6.124182 -0.006027 0.000000
13.237102 -4.032842 -0.000126 0.000000
8.286761 -3.504306 0.002653 0.000000
17.435903 -3.601224 -0.002165 0.000000
6.013494 -3.262884 0.004860 0.000000
9.842320 -3.174543 0.001350 0.000000
25.459316 -2.817993 -0.005415 0.000000
4.644648 -3.117461 0.042120 0.000000
6.955595 -3.046253 0.005611 0.000000
-6.815723 -2.900173 0.031897 0.000000
-9.477437 -3.032037 0.000635 0.000000
12.097100 -2.715632 -0.000214 0.000000
3.963278 -3.034574 0.009767 0.000000
5.222811 -2.828967 0.000927 0.000000
7.836072 -2.791496 0.020090 0.000000
15.843365 -2.003069 -0.002337 0.000000
5.892450 -2.672993 0.006980 0.000000
9.506699 -2.248352 0.004765 0.000000
9.577582 -1.850157 0.018771 0.000000
21.019872 -2.789890 -0.079273 0.000000
10.827427 -2.697358 0.000488 0.000000
29.640769 -1.569934 -0.007392 0.000000
12.831359 -2.167253 -0.000878 0.000000
8.183544 -2.229295 0.097479 0.000000
16.056327 -1.394335 -0.002745 0.000000
5.853109 -2.523380 0.003416 0.000000
22.099053 -0.053970 -0.005713 0.000000
6.616251 -2.123430 0.003504 0.000000
11.312899 -1.315948 -0.000536 0.000000
37.541315 2.887320 -0.010629 0.000000
14.955460 -0.404181 -0.002224 0.000000
12.984131 -1.334926 -0.028925 0.000000
-27.670744 -6.023060 0.009306 0.000000
-21.369603 -3.400330 0.006961 0.000000
-9.295220 -3.249509 0.004054 0.000000
-5.866737 -3.213266 0.006485 0.000000
-15.677353 -3.993720 0.002534 0.000000
-8.182132 -3.671675 0.008286 0.000000
-5.399804 -3.549578 0.009828 0.000000
-12.440597 -4.149748 0.006542 0.000000
-7.076354 -3.865409 0.008939 0.000000
-10.433018 -4.384207 0.006767 0.000000
-19.743567 -5.966574 0.007986 0.000000
20.665715 -2.187091 -0.003338 0.000000
23.424026 -1.157482 -0.004714 0.000000
11.455412 -1.925004 0.050513 0.000000
28.208026 0.323064 -0.006844 0.000000
7.653766 -2.049855 0.016073 0.000000
-7.535186 -2.908405 0.006796 0.000000
-11.167335 -3.036713 0.006058 0.000000
-5.714592 -3.187131 0.012467 0.000000
-2.510590 -3.202832 0.014829 0.000000
-7.430036 -3.314553 0.033182 0.000000
-6.392724 -3.499626 0.007941 0.000000
-4.467724 -3.458782 0.009897 0.000000
-3.324679 -3.427990 0.011240 0.000000
-20.027670 -4.412549 0.008014 0.000000
-8.863588 -3.838894 0.007124 0.000000
-14.383350 -4.599573 0.007339 0.000000
12.571525 -2.003549 -0.000833 0.000000
8.309908 -2.376639 0.016273 0.000000
33.987098 -4.197264 -0.007380 0.000000
-7.476464 -4.022076 0.007613 0.000000
-4.965297 -3.810805 0.009322 0.000000
-37.656111 -7.814158 0.013576 0.000000
-11.208935 -4.724345 0.007284 0.000000
-6.441411 -4.165437 0.008174 0.000000
-22.253908 -6.807098 0.009624 0.000000
-9.139750 -4.815797 0.007507 0.000000
-15.681978 -6.396147 0.008346 0.000000
22.030616 -4.711869 -0.003295 0.000000
11.062918 -3.670105 0.000842 0.000000
7.360677 -3.319992 0.003385 0.000000
13.680973 -3.251038 -0.000731 0.000000
8.510020 -3.102216 0.003289 0.000000
17.930536 -2.591604 -0.002875 0.000000
10.171086 -2.670515 0.004395 0.000000
26.206946 -1.350571 -0.006413 0.000000
-6.563618 -0.016204 6.989852 0.000000
-6.926650 -0.012258 7.428918 0.000000
5.893821 -0.007700 7.618681 0.000000
-9.167791 3.447048 4.970687 0.000000
0.753584 12.105488 -0.004886 0.000000
-0.035328 4.093062 0.021504 0.000000
0.476097 10.799374 -0.003959 0.000000
-0.326319 3.192442 0.019598 0.000000
-0.029611 6.146753 -0.000204 0.000000
0.350954 9.747267 -0.030101 0.000000
0.113321 4.086241 0.021829 0.000000
-0.382916 4.387829 0.020692 0.000000
-0.138042 5.839852 -0.173874 0.000000
0.072146 8.848207 -0.025768 0.000000
-0.513118 4.368457 0.020378 0.000000
-0.315522 5.863225 0.000120 0.000000
-0.191790 8.324536 -0.025271 0.000000
-0.750515 3.641251 0.033471 0.000000
-0.464027 4.417203 0.020502 0.000000
-0.528929 5.628802 0.007578 0.000000
0.780966 4.845244 0.008069 0.000000
0.411430 4.704790 0.022511 0.000000
1.082878 8.722687 0.192503 0.000000
0.580597 4.450475 0.008617 0.000000
0.862731 8.144465 -0.002101 0.000000
-0.316614 7.968272 -0.021681 0.000000
0.308684 4.382813 0.011291 0.000000
0.689575 7.572443 -0.001269 0.000000
1.092871 10.606024 0.108866 0.000000
0.074909 4.391714 0.008470 0.000000
0.420656 7.156113 -0.015012 0.000000
1.094555 13.775124 -0.004356 0.000000
-1.497933 6.663519 -0.000434 0.000000
-1.445954 6.442827 -0.014812 0.000000
-1.087584 6.475686 -0.037625 0.000000
-1.637361 6.834843 -0.000564 0.000000
-1.289555 6.796183 -0.039841 0.000000
-0.946018 3.890642 0.034093 0.000000
-0.687843 4.778163 0.007791 0.000000
-0.590852 7.421848 -0.000395 0.000000
-1.180872 4.220498 0.035033 0.000000
-0.752131 5.806214 0.006815 0.000000
-0.425227 7.081125 -0.000163 0.000000
-1.127091 4.779053 0.036909 0.000000
-1.177276 5.207503 0.019119 0.000000
-1.328433 5.441265 0.018934 0.000000
-1.004963 6.085978 0.005904 0.000000
-0.883193 6.752705 -0.000603 0.000000
-1.215082 6.341212 -0.005865 0.000000
-1.027423 6.644505 -0.000485 0.000000
1.113202 3.211856 0.000720 0.000000
1.815269 7.245181 -0.029275 0.000000
0.869989 3.041005 0.004143 0.000000
1.419731 6.456030 -0.000653 0.000000
2.049779 7.743836 0.547145 0.000000
0.761477 2.818528 0.003332 0.000000
1.219220 5.854547 -0.000264 0.000000
1.133952 5.411199 0.001494 0.000000
0.951709 5.037890 0.007860 0.000000
1.279885 3.564872 0.011067 0.000000
-1.082030 10.871379 0.841901 0.000000
-1.092623 7.820515 0.891709 0.000000
-1.078409 11.754716 0.835007 0.000000
-1.066329 19.275396 1.214186 0.000000
-0.935437 35.711048 2.143497 0.000000
-1.094956 9.228714 0.858918 0.000000
-1.081589 14.054570 1.002438 0.000000
-1.094006 25.081319 1.552303 0.000000
-1.117892 17.385296 1.113805 0.000000
-1.100642 8.612368 0.882168 0.000000
-1.098853 12.912397 0.872262 0.000000
2.083238 7.750679 1.567904 0.000000
1.092604 12.234171 0.818779 0.000000
1.098225 25.023325 1.736608 0.000000
0.841257 35.705612 2.020893 0.000000
1.097049 20.010973 1.686255 0.000000
-1.100103 26.156385 1.348247 0.000000
1.099181 29.819180 2.138552 0.000000
-1.094338 35.270590 1.798405 0.000000
0.600694 35.707419 2.236067 0.000000
-1.093773 22.000198 1.317581 0.000000
0.104707 35.717519 2.282080 0.000000
-1.103183 15.429959 1.057454 0.000000
-1.079848 29.393476 1.753891 0.000000
1.095859 16.629267 0.908816 0.000000
1.081954 11.240746 0.917846 0.000000
1.097942 24.267959 1.107804 0.000000
1.084520 10.263470 1.133327 0.000000
1.097133 20.620956 1.311291 0.000000
1.082406 13.088669 1.259203 0.000000
1.080272 9.088662 1.214282 0.000000
1.076280 31.853949 1.682377 0.000000
1.096226 17.414799 1.413414 0.000000
1.070655 11.548950 1.245909 0.000000
-9.840582 -0.012347 5.153203 0.000000
9.383216 -0.021108 7.803123 0.000000
9.745097 -0.068945 7.452064 0.000000
9.200902 -0.051825 7.092308 0.000000
8.629920 -0.016731 6.563648 0.000000
8.440323 -0.006211 6.034341 0.000000
9.431748 -0.036734 6.770473 0.000000
8.094142 -0.015530 5.662528 0.000000
6.866717 -0.019723 4.991744 0.000000
-8.321121 -0.029895 3.903030 0.000000
-8.646126 -0.007992 1.853329 0.000000
-9.577797 -0.028776 2.972885 0.000000
9.811408 -0.022631 5.418070 0.000000
9.753770 -0.026303 4.948514 0.000000
9.234043 -0.025625 4.474255 0.000000
9.226871 -0.031618 3.658593 0.000000
-9.735128 -0.006799 7.610637 0.000000
7.425916 -0.018084 5.084512 0.000000
1.439030 -0.047831 1.590376 0.000000
1.881548 -0.021908 1.846157 0.000000
1.721060 -0.037967 1.682796 0.000000
1.083016 11.134507 1.041090 0.000000
1.098129 24.207925 1.349563 0.000000
1.081172 9.956973 1.190770 0.000000
1.097067 19.898851 1.454507 0.000000
1.094230 12.480457 1.297696 0.000000
-1.089719 10.499536 0.979365 0.000000
-1.069694 16.486585 1.276620 0.000000
-1.094074 32.122387 2.003169 0.000000
-1.093494 20.749285 1.460116 0.000000
-1.093972 27.428196 1.735428 0.000000
0.311333 35.349358 2.356915 0.000000
-1.093835 18.408229 1.396746 0.000000
-1.100995 13.417970 1.029993 0.000000
1.109333 8.758281 1.334637 0.000000
0.331928 35.714709 1.657612 0.000000
1.099350 30.170046 1.896066 0.000000
1.084049 16.559598 1.414575 0.000000
1.096099 23.385785 1.938182 0.000000
1.094888 13.783843 1.464404 0.000000
-0.647067 35.713471 1.956824 0.000000
1.038956 34.994309 2.356962 0.000000
-1.056158 27.613409 1.505284 0.000000
1.098752 26.810885 2.094848 0.000000
0.819378 33.359521 2.357512 0.000000
-1.110185 23.560665 1.573796 0.000000
-8.710241 3.539426 4.924646 0.000000
-5.261493 -0.011683 6.108632 0.000000
-8.077246 -0.032140 7.425850 0.000000
-5.871724 -0.025996 7.623714 0.000000
-5.143440 -0.011991 5.710357 0.000000
1.110178 10.416296 0.341539 0.000000
1.103456 13.710964 0.327982 0.000000
1.111207 11.295441 0.355957 0.000000
1.085465 9.332416 0.409729 0.000000
1.097228 20.925291 0.306130 0.000000
1.101337 12.141921 0.228337 0.000000
1.099659 33.062053 0.211834 0.000000
1.087884 16.306891 0.363518 0.000000
2.128644 7.743924 0.663354 0.000000
1.103318 10.136856 0.573725 0.000000
-1.050353 16.988731 0.033233 0.000000
-0.547962 15.196755 -0.006304 0.000000
-1.059062 12.271273 0.032146 0.000000
-0.677043 13.539138 -0.005455 0.000000
-1.094367 9.526363 0.035119 0.000000
-0.967605 12.196994 -0.004449 0.000000
-1.091385 10.520674 0.165957 0.000000
-1.100738 8.096472 0.076060 0.000000
1.097898 23.670563 0.258307 0.000000
-1.093845 23.097532 0.250549 0.000000
1.098750 27.872023 0.075448 0.000000
-1.094248 31.361340 0.104164 0.000000
-0.234398 32.755812 -0.069251 0.000000
0.576884 26.875513 -0.012692 0.000000
-1.093479 12.052049 0.276914 0.000000
-1.093519 19.971449 0.193069 0.000000
-0.694782 28.066026 -0.013169 0.000000
0.070354 21.188322 -0.009684 0.000000
-1.076014 24.978550 -0.011556 0.000000
-0.378164 17.629254 -0.038881 0.000000
7.798941 3.555710 4.935408 0.000000
7.962502 -0.053103 6.068038 0.000000
-9.258306 -0.039941 3.831255 0.000000
-9.317463 -0.114983 4.845709 0.000000
-9.825972 -0.025719 4.072476 0.000000
-9.585117 -0.013074 5.402859 0.000000
8.017013 -0.035024 7.184461 0.000000
8.844781 -0.061382 7.577865 0.000000
9.640356 -0.021173 7.686570 0.000000
6.995078 -0.056204 5.606395 0.000000
-7.136658 -0.008742 3.209855 0.000000
-7.379439 -0.036624 3.490125 0.000000
-7.944547 -0.047195 3.629125 0.000000
-8.037256 -0.012839 4.213032 0.000000
9.577475 -0.020788 5.735637 0.000000
9.544720 -0.031894 5.222840 0.000000
9.809953 -0.024295 5.354903 0.000000
9.227208 -0.011168 4.891785 0.000000
8.945983 -0.001264 4.585263 0.000000
-1.112578 9.904916 -0.194819 0.000000
-0.135555 13.211073 -0.005312 0.000000
0.451133 29.558178 -0.014356 0.000000
1.099162 28.125553 0.399200 0.000000
-0.401493 13.285426 -0.005328 0.000000
-0.055177 26.717178 -0.012832 0.000000
0.711336 35.710694 0.290279 0.000000
-0.779970 9.035953 -0.002436 0.000000
-0.485603 24.815259 -0.011789 0.000000
0.310182 35.710753 0.253466 0.000000
1.096921 18.942607 0.453216 0.000000
-0.972763 14.002575 -0.005707 0.000000
-0.880782 23.528441 -0.011063 0.000000
-1.081639 11.888870 0.156068 0.000000
-1.147698 19.397802 0.147532 0.000000
-1.065572 13.840946 0.026623 0.000000
-1.093951 24.297574 0.132176 0.000000
1.085027 8.810315 0.398870 0.000000
0.269381 7.288007 -0.020780 0.000000
1.019812 14.816765 -0.006427 0.000000
0.695994 14.084065 -0.005946 0.000000
0.404649 13.587755 -0.005608 0.000000
1.097612 21.458047 0.158959 0.000000
-0.160757 7.720419 -0.021207 0.000000
0.145913 13.293568 -0.031075 0.000000
1.082705 33.782907 -0.016576 0.000000
-1.061809 16.773581 0.054641 0.000000
-1.085355 8.355018 0.292980 0.000000
0.996301 7.404698 -0.023142 0.000000
6.333323 -0.042352 6.430840 0.000000
-7.079514 -0.047653 3.852011 0.000000
-7.350081 -0.014671 4.148447 0.000000
-8.686440 -0.015712 7.466741 0.000000
-7.873857 -0.024383 4.654916 0.000000
-8.206805 -0.027577 5.918796 0.000000
-7.399063 -0.026279 6.451372 0.000000
-8.984894 -0.017642 6.610788 0.000000
-9.742218 3.422110 4.812844 0.000000
-5.904934 -0.941327 0.012793 0.000000
9.721598 -0.040820 1.511702 0.000000
4.026136 -0.881094 0.018576 0.000000
9.349693 -0.025587 0.864360 0.000000
8.740120 -0.023963 0.358259 0.000000
8.766390 -0.067277 0.412721 0.000000
7.873497 -0.016974 0.710840 0.000000
6.116653 -0.697156 0.008892 0.000000
4.690484 -1.042270 0.017028 0.000000
-9.479897 -0.010332 1.783355 0.000000
9.714086 -0.003011 2.143499 0.000000
9.408137 -0.029647 2.348909 0.000000
9.139696 -0.013287 2.654971 0.000000
-7.984626 -2.011045 0.030041 0.000000
-11.645135 -1.871220 0.078035 0.000000
-21.807483 -1.203405 0.002775 0.000000
-19.026101 -2.153309 0.003239 0.000000
-6.672905 -2.823409 0.008443 0.000000
-17.517251 -2.890953 0.003627 0.000000
11.517091 -0.953972 0.007765 0.000000
-20.304797 1.935173 0.001298 0.000000
-19.977007 1.072453 0.001711 0.000000
-11.089296 -0.981513 0.003433 0.000000
-20.807201 0.513257 0.076000 0.000000
-23.773486 -0.016550 0.002243 0.000000
24.424301 1.125096 -0.002362 0.000000
14.755264 0.152225 -0.000110 0.000000
21.090320 2.033741 -0.002276 0.000000
10.912270 -0.212386 0.001241 0.000000
7.305726 -1.195480 0.005671 0.000000
14.517345 1.035980 -0.000491 0.000000
-5.964898 -1.350083 0.025053 0.000000
-7.805128 -0.909155 0.001866 0.000000
-11.318529 -0.084103 0.050525 0.000000
5.414108 -1.410061 0.015246 0.000000
7.420535 -0.025449 7.330553 0.000000
-9.492200 3.598555 4.941199 0.000000
-9.554328 -0.000251 4.238588 0.000000
9.872727 -0.022156 4.764285 0.000000
9.896058 -0.048991 3.774320 0.000000
9.376349 -0.044464 3.581367 0.000000
8.909432 -0.013763 3.042974 0.000000
9.846274 -0.020973 7.590717 0.000000
9.009490 -0.010715 7.518673 0.000000
9.165523 -0.019518 5.914351 0.000000
8.692674 -0.015010 5.550126 0.000000
-7.703672 -0.009944 5.192256 0.000000
-16.837254 -3.547240 0.003958 0.000000
7.633991 -1.339217 0.020982 0.000000
15.199574 0.675160 0.001068 0.000000
5.632016 -1.525999 0.016949 0.000000
9.094859 -0.612640 0.025134 0.000000
8.185248 -1.633682 0.012967 0.000000
-25.711936 1.064884 -0.000486 0.000000
-12.401670 -1.331446 0.011768 0.000000
-27.013271 0.225514 -0.000198 0.000000
-31.177573 -0.487424 -0.000111 0.000000
31.317635 0.927434 -0.000111 0.000000
12.822194 -1.095170 0.019770 0.000000
-8.081809 -1.632331 0.036046 0.000000
16.444431 -0.044907 0.015493 0.000000
5.981269 -1.846428 0.014946 0.000000
9.422741 -1.369011 0.005893 0.000000
23.699970 1.739938 -0.000167 0.000000
11.462973 -0.581793 0.008217 0.000000
-6.551950 -1.562780 0.005708 0.000000
-8.756242 -1.031621 0.012203 0.000000
-13.078999 -0.208605 0.001577 0.000000
-26.403567 2.391354 -0.002166 0.000000
-12.488894 -0.679210 0.001289 0.000000
-4.615376 -3.654096 0.008383 0.000000
-14.319737 -3.638889 0.002825 0.000000
-7.663565 -3.478167 0.012477 0.000000
-5.117425 -3.508548 0.007572 0.000000
-34.558270 -5.103605 0.001654 0.000000
-11.208587 -3.851233 0.003632 0.000000
-6.643338 -3.664509 0.011644 0.000000
-21.880931 -5.215768 0.002482 0.000000
-9.414103 -4.184418 0.004477 0.000000
-5.939659 -3.862519 0.009654 0.000000
-16.079987 -5.298957 0.003201 0.000000
-8.036527 -4.332917 0.009056 0.000000
-12.710068 -5.365840 0.003874 0.000000
-30.130892 -9.143965 0.003575 0.000000
15.131996 -4.325025 0.003283 0.000000
9.098949 -3.645358 0.004666 0.000000
-9.030749 -3.242239 0.013807 0.000000
21.111387 -3.920408 0.002461 0.000000
6.203028 -3.340611 0.052847 0.000000
10.944008 -3.293795 0.003773 0.000000
34.858369 -3.053006 0.001517 0.000000
4.885757 -3.147947 0.017900 0.000000
13.942498 -2.792634 0.002839 0.000000
4.031322 -3.079518 0.009497 0.000000
8.694141 -2.628558 0.018826 0.000000
19.218717 -1.942178 0.001771 0.000000
3.382010 -3.008515 0.011184 0.000000
6.231669 -2.721355 0.007216 0.000000
10.584454 -2.386393 0.003494 0.000000
-21.790282 -1.959902 0.001101 0.000000
-7.813951 -2.278992 0.008014 0.000000
-11.769565 -2.265651 0.002315 0.000000
-18.251868 -2.823819 0.001855 0.000000
-16.128729 -3.509302 0.002449 0.000000
-8.900393 -3.453434 0.004429 0.000000
-14.906113 -4.015775 0.002871 0.000000
-4.982104 -2.428398 0.008646 0.000000
7.415923 -1.964420 0.015651 0.000000
20.106596 -3.354438 0.002300 0.000000
10.521285 -3.177863 0.004304 0.000000
28.175990 -2.378965 0.001419 0.000000
7.160867 -2.830857 0.037724 0.000000
12.571710 -2.514399 0.003003 0.000000
8.034188 -2.555106 0.004677 0.000000
15.766995 -1.805384 0.002110 0.000000
9.341688 -2.114405 0.002193 0.000000
21.698745 -0.589995 0.000981 0.000000
6.568279 -2.259303 0.016552 0.000000
-3.664183 -1.090972 0.008211 0.000000
8.399957 -0.015255 1.065282 0.000000
8.633340 -0.010086 1.206230 0.000000
9.418040 -0.015253 3.245836 0.000000
9.193558 -0.043586 2.864118 0.000000
8.579118 -0.008326 2.840540 0.000000
8.128658 -0.028983 2.265527 0.000000
9.154052 -0.012994 0.518929 0.000000
9.697485 -0.005343 0.752786 0.000000
-7.472617 -0.452866 0.016243 0.000000
-20.317356 2.832203 -0.000896 0.000000
-23.457678 2.855851 -0.001128 0.000000
-5.798647 -1.109707 0.005527 0.000000
-7.508398 -0.326957 0.002545 0.000000
4.111563 -0.329822 0.016891 0.000000
4.640482 -0.596660 0.010795 0.000000
-8.722181 -0.769729 0.003092 0.000000
-7.965823 -0.643263 0.024483 0.000000
-12.097489 0.315378 0.007686 0.000000
-6.380295 -1.222695 0.005077 0.000000
-24.644949 3.367929 -0.001489 0.000000
-13.895729 0.382383 0.001098 0.000000
-6.833155 -1.383815 0.029173 0.000000
-34.383188 4.775171 -0.002634 0.000000
-9.964117 -0.603376 0.002775 0.000000
-17.396654 0.624193 0.000425 0.000000
-7.507452 -0.738690 0.017273 0.000000
-5.921379 -1.007427 0.012289 0.000000
-4.386874 -1.121781 0.008745 0.000000
-5.399421 -0.643755 0.015287 0.000000
-5.582313 -0.308139 0.008687 0.000000
8.737813 -0.022372 2.679287 0.000000
9.140711 -0.024346 2.583132 0.000000
25.075365 -1.010987 0.001279 0.000000
-8.144991 -3.518482 0.008126 0.000000
-12.846914 -3.864936 0.003241 0.000000
-29.656047 -5.491764 0.002056 0.000000
-21.081904 -5.588366 0.002712 0.000000
11.727406 -1.903078 0.002939 0.000000
26.747561 0.088749 0.000410 0.000000
12.288222 -1.358509 0.003146 0.000000
30.899326 1.773705 -0.000467 0.000000
13.462454 -0.690005 0.001990 0.000000
-5.785915 -2.751107 0.007364 0.000000
-7.698226 -2.663263 0.006814 0.000000
-22.220282 -2.952928 0.001490 0.000000
5.969478 -2.180407 0.005671 0.000000
15.341555 0.348617 0.002067 0.000000
6.384820 -1.756706 0.019002 0.000000
9.435127 -0.854837 0.012840 0.000000
6.786373 -1.381631 0.020350 0.000000
14.771014 -2.987552 0.002777 0.000000
-9.832563 -4.432876 0.004397 0.000000
-5.905001 -4.018318 0.006676 0.000000
-17.436330 -5.839601 0.003227 0.000000
-8.321131 -4.472568 0.004406 0.000000
-13.166861 -5.739220 0.003914 0.000000
-32.750248 -10.401793 0.003980 0.000000
26.382256 -4.521343 0.002409 0.000000
12.068362 -3.489756 0.003542 0.000000
7.774488 -3.181866 0.005106 0.000000
-25.649275 -6.080435 0.002550 0.000000
5.676320 -3.056466 0.018191 0.000000
8.993664 -2.808619 0.097398 0.000000
19.214698 -2.205097 0.001886 0.000000
28.015761 -0.727765 0.000713 0.000000
-9.419357 -3.447753 0.004073 0.000000
-15.973839 -4.014729 0.002687 0.000000
-3.889193 -3.405107 0.011983 0.000000
-12.168855 -4.260582 0.003574 0.000000
13.153606 -1.678429 0.002537 0.000000
8.415230 -2.108557 0.020399 0.000000
-11.523593 -1.698722 0.003572 0.000000
-9.318469 -1.569878 0.003370 0.000000
-15.541709 -0.911593 0.017030 0.000000
-7.733781 -1.808254 0.005059 0.000000
-23.150014 -0.687850 0.000394 0.000000
-9.322393 -2.061784 0.033412 0.000000
-15.978997 -1.804140 0.001710 0.000000
-8.135365 -2.536062 0.003848 0.000000
-12.531744 -2.476077 0.001801 0.000000
-27.959188 -2.142563 0.000670 0.000000
6.235595 -0.258085 0.016732 0.000000
35.364117 5.550321 -0.002104 0.000000
13.586646 0.534041 0.001433 0.000000
29.523697 5.350004 -0.001895 0.000000
8.231449 -0.775284 0.009137 0.000000
5.855689 -1.286809 0.017718 0.000000
8.148979 -0.390177 0.018952 0.000000
4.659213 -1.497564 0.016127 0.000000
5.865662 -0.801662 0.013182 0.000000
-2.335514 -2.390260 0.015055 0.000000
-6.056109 -0.019557 2.965192 0.000000
-8.517565 -0.013572 5.012288 0.000000
-9.127108 -0.056467 5.002321 0.000000
-9.869685 -0.142603 6.795809 0.000000
-7.697349 -0.016799 3.839602 0.000000
-6.922776 -0.013616 1.402943 0.000000
-7.880958 -0.015390 2.218482 0.000000
-8.235418 -0.010205 2.871023 0.000000
-8.381222 -0.011984 2.409935 0.000000
-9.814546 -0.051349 3.988058 0.000000
-9.478611 -0.030552 3.797580 0.000000
6.843737 3.609661 4.939751 0.000000
-6.418575 -0.020321 3.777664 0.000000
-6.710269 -0.016377 3.999598 0.000000
-7.549023 -0.005537 4.670240 0.000000
-8.217211 -0.012664 5.792739 0.000000
-7.891161 -0.021110 6.043792 0.000000
-8.664227 -0.091124 6.139295 0.000000
-8.498218 -0.016489 6.977174 0.000000
-7.862070 -0.118728 7.373070 0.000000
-8.968334 -0.003372 7.250830 0.000000
8.521798 -0.020259 7.336058 0.000000
0.432771 1.442382 0.030189 0.000000
0.923928 2.221242 0.026066 0.000000
-10.924371 -1.292197 0.007445 0.000000
-20.837606 -0.103507 -0.001016 0.000000
-8.804060 -1.825517 0.003157 0.000000
-14.390251 -1.259196 0.002864 0.000000
-37.792325 0.781703 -0.003585 0.000000
-21.974512 -1.348822 -0.000698 0.000000
-4.861482 -2.107348 0.031736 0.000000
27.763788 4.989952 0.000463 0.000000
-6.414908 -1.633477 0.000823 0.000000
-9.161090 -1.212176 0.005524 0.000000
-14.989907 -0.381802 0.000278 0.000000
-7.562647 -1.690244 0.029508 0.000000
16.449515 1.048620 0.002039 0.000000
36.302379 1.033413 0.002458 0.000000
13.719672 -1.258756 0.002737 0.000000
35.761558 2.380307 0.001889 0.000000
8.595621 -1.634140 0.019524 0.000000
14.037559 -0.645713 0.002946 0.000000
39.003318 4.398519 0.001258 0.000000
8.661563 -1.395375 0.004453 0.000000
14.875894 0.077630 0.002557 0.000000
9.965873 -0.495557 0.019177 0.000000
-8.703414 -0.024642 0.631909 0.000000
-5.526413 -1.395698 0.000241 0.000000
-18.750385 2.174036 -0.001599 0.000000
-23.644120 2.728493 -0.002621 0.000000
-1.018374 8.104891 -0.001024 0.000000
-0.477256 5.864569 0.014172 0.000000
-0.336157 4.520002 0.009389 0.000000
-0.637651 5.706191 0.007214 0.000000
-0.461226 4.141714 0.020503 0.000000
-0.828428 5.515136 0.006855 0.000000
-0.213195 4.776302 0.009363 0.000000
-0.908346 3.404967 0.009769 0.000000
0.234355 6.430231 0.000358 0.000000
0.977224 9.950033 -0.002097 0.000000
-0.329144 9.594677 -0.027266 0.000000
0.057403 8.766324 -0.001388 0.000000
0.360840 8.428835 -0.001137 0.000000
-0.507444 9.669839 -0.000956 0.000000
-0.127823 8.443852 -0.001182 0.000000
0.173847 7.743765 -0.016854 0.000000
-0.680663 9.912485 -0.002192 0.000000
-0.305287 8.211329 -0.001034 0.000000
-0.840956 10.381952 -0.034114 0.000000
-0.479429 8.070104 -0.000949 0.000000
-0.063539 6.708680 0.004356 0.000000
-1.069574 9.969522 0.110728 0.000000
-0.653976 8.008224 -0.000920 0.000000
-0.321938 6.311816 0.000414 0.000000
-0.149824 5.281441 0.018622 0.000000
-1.091280 7.854920 0.083736 0.000000
-0.832594 8.017793 -0.000944 0.000000
-0.483813 6.081811 0.061721 0.000000
-1.010319 3.325393 0.017573 0.000000
0.984144 10.405108 -0.021297 0.000000
0.697657 10.052186 -0.030809 0.000000
1.091757 9.999622 0.075145 0.000000
0.562522 9.620171 -0.002847 0.000000
1.053452 11.519831 -0.006829 0.000000
0.715276 10.498461 -0.002451 0.000000
0.124382 9.401134 -0.001802 0.000000
1.096027 8.949605 0.186116 0.000000
-0.069960 9.388419 -0.001809 0.000000
0.216858 9.171159 -0.001752 0.000000
9.388006 -0.014303 5.577820 0.000000
8.051398 -0.018999 5.167897 0.000000
8.267939 -0.023424 4.041288 0.000000
9.759642 -0.011247 6.654701 0.000000
9.656726 -0.034075 5.890277 0.000000
-5.820896 -0.013220 6.590861 0.000000
-4.102185 0.778555 2.991553 0.000000
7.359425 3.602136 4.936148 0.000000
2.639484 -0.023985 3.130253 0.000000
3.727234 0.018923 5.111330 0.000000
4.394110 -0.007820 7.575078 0.000000
4.768080 -0.014816 6.949037 0.000000
3.915438 -0.011470 5.930338 0.000000
5.184324 -0.012491 6.691839 0.000000
3.360349 -0.016326 4.357322 0.000000
1.113265 11.795469 0.369689 0.000000
-0.033227 35.708253 1.014786 0.000000
1.110909 23.972601 1.141629 0.000000
1.029831 35.713196 1.361057 0.000000
-1.091332 15.981526 0.247960 0.000000
-1.155060 29.381553 0.499775 0.000000
0.570134 35.709400 1.039227 0.000000
-1.101381 11.790274 0.358898 0.000000
-1.093948 18.717935 0.438655 0.000000
-1.090687 8.827462 0.201403 0.000000
-1.063981 13.527126 0.470368 0.000000
-1.125319 23.173714 0.693090 0.000000
-0.751427 35.713572 1.005475 0.000000
-1.086896 10.356751 0.509844 0.000000
-1.075966 16.119842 0.448763 0.000000
-1.095150 30.386534 0.882008 0.000000
1.080770 14.119661 0.704860 0.000000
1.095125 15.929067 0.171631 0.000000
1.063906 23.759804 0.126096 0.000000
0.855831 31.905243 -0.012709 0.000000
1.067767 21.404466 0.427158 0.000000
-1.122820 19.953534 0.772133 0.000000
0.370940 33.270377 -0.013086 0.000000
1.031373 35.141485 0.453431 0.000000
1.095505 19.223853 0.604952 0.000000
-0.331089 35.719901 -0.011792 0.000000
-1.092162 9.283439 0.588246 0.000000
-6.181614 -0.001673 7.100262 0.000000
-6.277469 -0.025628 7.318687 0.000000
-4.763495 0.026757 5.099688 0.000000
1.094306 16.381549 1.074486 0.000000
1.090498 10.761179 1.067035 0.000000
1.096983 23.121389 1.353570 0.000000
1.083105 13.658283 1.048527 0.000000
1.081607 9.315478 1.053460 0.000000
-1.094902 25.658070 1.609869 0.000000
-1.093792 17.564167 1.269491 0.000000
-1.073096 13.004622 1.144344 0.000000
-1.149891 22.560956 1.528799 0.000000
-1.069968 15.986013 1.179437 0.000000
-1.095196 30.075556 1.693748 0.000000
-1.092808 8.112049 0.827257 0.000000
-1.099018 11.838557 0.985639 0.000000
-1.107313 19.736133 1.204728 0.000000
1.050693 12.616901 1.226402 0.000000
1.030056 35.715906 1.876698 0.000000
1.095894 18.637404 1.395253 0.000000
1.099826 8.067428 1.024577 0.000000
0.500770 35.715350 1.812691 0.000000
1.097785 27.593434 1.773032 0.000000
1.112038 10.075157 1.331025 0.000000
-0.032669 35.709995 1.977916 0.000000
1.096526 21.151071 1.643588 0.000000
1.098510 32.621155 2.158800 0.000000
1.041093 16.678655 1.476114 0.000000
-1.095183 29.850494 1.672578 0.000000
1.096159 23.892089 1.844690 0.000000
-8.628489 -0.085986 4.759252 0.000000
9.447865 -0.075090 5.125230 0.000000
-7.735924 -0.028042 4.969865 0.000000
-9.142631 -0.013879 7.640029 0.000000
-9.861170 -0.006237 3.137716 0.000000
9.838842 -0.017051 4.144298 0.000000
9.496643 -0.058303 3.509518 0.000000
1.093033 11.747673 1.108693 0.000000
1.094634 15.434111 1.216605 0.000000
-1.095713 32.376875 1.520516 0.000000
1.110962 21.551554 1.547262 0.000000
-1.111206 20.722630 1.196612 0.000000
1.107130 19.369195 1.206470 0.000000
0.144240 35.715031 1.780855 0.000000
1.098272 34.079935 1.789925 0.000000
-1.118060 27.570832 1.471977 0.000000
-0.559670 35.714399 1.711562 0.000000
-1.094236 18.529679 1.111509 0.000000
1.098388 34.847246 1.537482 0.000000
1.071506 15.507848 0.844737 0.000000
1.096431 21.924957 1.150535 0.000000
1.111813 12.972006 1.037206 0.000000
-1.088547 9.122820 0.948236 0.000000
0.415330 35.708043 1.449169 0.000000
1.097056 25.309269 1.433503 0.000000
-1.094533 20.314925 0.960515 0.000000
-1.090733 13.433105 0.827627 0.000000
-1.095025 23.758384 1.218637 0.000000
-1.069094 16.460617 0.911000 0.000000
-1.095674 32.034748 1.322992 0.000000
-1.081987 12.266357 0.973741 0.000000
-1.088973 10.881392 0.604982 0.000000
4.361596 -0.012227 7.239825 0.000000
4.867303 -0.042526 7.603918 0.000000
4.194331 -0.013730 6.767871 0.000000
3.881151 -0.030658 6.089180 0.000000
1.100385 11.722341 0.924764 0.000000
-0.350128 1.347954 0.030028 0.000000
-1.250378 4.715988 0.016077 0.000000
-0.546937 1.805410 0.025789 0.000000
-0.760564 1.085557 0.029938 0.000000
-0.528169 3.723062 0.018307 0.000000
-0.176480 1.713782 0.016958 0.000000
-0.888395 4.177983 0.017085 0.000000
-0.601440 2.990689 0.019349 0.000000
-1.117527 4.511810 0.016417 0.000000
1.181846 4.791027 0.012792 0.000000
1.676511 6.727606 0.000428 0.000000
0.982761 4.325460 0.003993 0.000000
0.745356 4.093021 0.004992 0.000000
1.734477 7.374988 -0.001155 0.000000
0.374127 3.301961 0.020750 0.000000
0.524220 3.467603 0.007116 0.000000
0.661175 3.786105 0.023002 0.000000
-0.114561 3.370572 0.019727 0.000000
0.302941 3.032563 0.021201 0.000000
0.002515 2.869744 0.021098 0.000000
0.008130 3.315124 0.020074 0.000000
-0.391498 3.229686 0.019371 0.000000
-0.309386 3.508010 0.019086 0.000000
0.989129 4.729066 0.023645 0.000000
0.745978 3.841152 0.023127 0.000000
0.503411 3.707933 0.022759 0.000000
1.684317 7.139555 0.006852 0.000000
1.108626 4.879148 0.023944 0.000000
0.061692 3.458622 0.007970 0.000000
-7.410943 -0.016319 6.941319 0.000000
8.095476 -3.129422 0.005508 0.000000
16.645140 -2.845513 0.003721 0.000000
9.710062 -2.751382 0.004723 0.000000
24.578265 -1.775605 0.003251 0.000000
12.160894 -2.240456 0.003728 0.000000
7.945167 -2.227079 0.037130 0.000000
-6.138431 -4.028868 0.006501 0.000000
-16.733327 -4.024663 0.001255 0.000000
-8.239896 -3.684570 0.004837 0.000000
-12.741700 -4.270217 0.003380 0.000000
-27.524219 -6.259551 0.000261 0.000000
-10.195051 -4.465713 0.003430 0.000000
-18.519415 -5.980903 0.001603 0.000000
-8.548745 -4.583220 0.004964 0.000000
-13.895522 -5.851919 0.002618 0.000000
-37.831641 -11.441794 0.000947 0.000000
18.531935 -4.731202 0.004361 0.000000
10.079642 -3.767816 0.004990 0.000000
27.969737 -4.381231 0.004352 0.000000
6.830105 -3.402191 0.019664 0.000000
12.644849 -3.521879 0.000890 0.000000
-9.923795 -3.539309 0.003762 0.000000
-6.075697 -3.404186 0.006387 0.000000
19.065452 -1.244339 0.003223 0.000000
10.422402 -1.952921 0.014563 0.000000
17.147374 -3.612800 0.004295 0.000000
-28.912708 -2.644799 -0.001603 0.000000
-11.493430 -3.111265 0.002292 0.000000
-22.053793 -3.579001 -0.000164 0.000000
-18.302242 -4.198416 0.000792 0.000000
9.649326 -3.237622 0.005030 0.000000
23.194911 -3.009775 0.003944 0.000000
37.310282 -1.549393 0.004133 0.000000
14.253023 -2.216220 0.003808 0.000000
-13.422282 -2.616989 0.001436 0.000000
-10.236263 -2.886003 0.002845 0.000000
-26.929822 -2.282862 -0.001168 0.000000
-18.555138 -3.186375 0.063050 0.000000
-8.754107 -3.188299 0.003720 0.000000
-14.292799 -3.544090 0.001679 0.000000
-38.469600 -5.102345 -0.001526 0.000000
-11.835282 -3.981461 0.003398 0.000000
-12.095482 -4.114227 0.002565 0.000000
-6.885405 -3.712961 0.008874 0.000000
-25.387700 -5.753930 0.000372 0.000000
-9.858570 -4.314402 0.003533 0.000000
-6.015409 -3.896998 0.006533 0.000000
-17.533655 -5.636155 0.001676 0.000000
-13.400121 -5.609154 0.002674 0.000000
-34.134980 -10.256578 0.000926 0.000000
14.406344 -3.285251 0.004052 0.000000
17.506819 -2.635335 0.003601 0.000000
6.241985 -2.910917 0.006434 0.000000
9.884801 -2.699887 0.019688 0.000000
22.808469 -1.614054 0.003157 0.000000
11.609124 -2.100882 0.003988 0.000000
33.582169 0.365200 0.002790 0.000000
14.110750 -1.217574 0.017768 0.000000
8.968604 -1.874625 0.016813 0.000000
4.018018 -0.611347 0.015787 0.000000
5.333144 -0.218823 0.016188 0.000000
8.765951 -0.021838 1.616724 0.000000
8.376854 -0.039857 1.511918 0.000000
-7.355073 -1.510514 0.030016 0.000000
-5.417723 -2.102389 0.024111 0.000000
-10.536334 -1.003930 0.004866 0.000000
6.632567 -1.882328 0.005926 0.000000
11.364973 -0.942086 0.003676 0.000000
14.551213 0.039450 0.011911 0.000000
8.977505 -1.130947 0.124169 0.000000
-7.040085 -1.913157 0.051598 0.000000
-17.565303 -0.092812 -0.000632 0.000000
-9.867125 -1.576887 0.002377 0.000000
-16.560740 -0.889410 -0.000088 0.000000
-6.616180 -2.526160 0.030780 0.000000
-9.700510 -2.329514 0.066720 0.000000
-16.995851 -2.137262 0.000300 0.000000
32.683041 -0.216947 0.003319 0.000000
13.227268 -1.642948 0.003688 0.000000
9.525836 -1.499520 0.019792 0.000000
22.659541 0.746733 0.031327 0.000000
14.858610 1.014866 0.002445 0.000000
-19.673025 2.722836 -0.002192 0.000000
-20.955355 2.239538 -0.002230 0.000000
-11.736293 -0.331522 0.001062 0.000000
-24.340744 2.096047 -0.002741 0.000000
8.846416 -0.443673 0.004080 0.000000
22.977186 3.719860 0.001314 0.000000
9.423210 -0.125366 0.010674 0.000000
-4.780265 -1.248527 0.023250 0.000000
8.009655 -0.010059 0.059299 0.000000
5.881406 -0.778010 0.010223 0.000000
-25.411460 -5.309320 0.000201 0.000000
-6.383187 -1.507799 0.016168 0.000000
-8.925160 -0.856632 0.000428 0.000000
-14.185639 0.027446 0.000185 0.000000
-7.095104 -1.535210 0.036356 0.000000
-35.499764 4.027564 -0.004945 0.000000
-10.384532 -0.906468 0.039903 0.000000
-18.279134 0.296201 -0.000887 0.000000
-8.072230 -1.547250 0.057163 0.000000
-12.582908 -0.978096 0.001083 0.000000
-27.662871 0.980597 -0.002736 0.000000
-9.780329 -1.639559 0.002472 0.000000
-17.215117 -0.906496 -0.000186 0.000000
-8.061866 -3.163920 0.003996 0.000000
-32.840021 -1.202787 -0.002936 0.000000
-10.921680 -2.544290 0.002223 0.000000
-20.733576 -2.462591 -0.000504 0.000000
-9.208328 -2.892377 0.003186 0.000000
-15.513931 -3.074887 0.000900 0.000000
-12.651442 -3.475446 0.001909 0.000000
-29.125659 -4.597331 -0.001129 0.000000
18.171255 -0.054517 0.002733 0.000000
17.728466 0.574337 0.002491 0.000000
9.949043 -0.815275 0.018612 0.000000
18.127549 1.374432 0.002164 0.000000
-6.355877 -2.249812 0.009556 0.000000
-8.790328 -2.393212 0.015326 0.000000
-13.687622 -2.043925 0.001032 0.000000
6.884670 -1.263314 0.007688 0.000000
10.367188 -0.268038 0.023367 0.000000
19.623103 2.515843 0.001701 0.000000
10.934773 0.266458 0.003201 0.000000
7.564451 -0.616154 0.016194 0.000000
-13.925129 1.119318 -0.000203 0.000000
-34.734924 6.634218 -0.005848 0.000000
9.890143 -0.027384 2.784896 0.000000
5.546223 -0.636046 0.015519 0.000000
-7.375775 -2.809169 0.004372 0.000000
-10.514874 -2.822243 0.006834 0.000000
17.797327 -1.645179 0.003543 0.000000
5.384344 -2.256792 0.009528 0.000000
9.158484 -3.481274 0.022845 0.000000
-14.654539 -3.666771 0.001354 0.000000
-37.777025 -5.346454 -0.002064 0.000000
-12.269866 -4.019317 0.008183 0.000000
-26.599999 -5.718913 -0.000324 0.000000
-10.621563 -4.355326 0.042409 0.000000
-20.955024 -6.002385 0.000756 0.000000
15.315694 -3.947450 0.004492 0.000000
20.571031 -3.393552 0.004200 0.000000
6.417489 -3.177318 0.006711 0.000000
10.804417 -3.027862 0.004724 0.000000
31.915397 -2.314408 0.004323 0.000000
7.256141 -2.900267 0.040345 0.000000
13.358811 -2.495883 0.004115 0.000000
32.946911 2.367921 0.002631 0.000000
30.137729 -1.559866 0.003925 0.000000
12.800314 -2.166906 0.004054 0.000000
15.700806 -1.438478 0.003528 0.000000
9.221904 -1.928041 0.004724 0.000000
20.925939 -0.236397 0.003012 0.000000
10.896483 -1.384480 0.004053 0.000000
13.566270 -0.585612 0.032376 0.000000
39.101482 0.142992 0.003935 0.000000
14.856424 -1.558335 0.003623 0.000000
9.151604 -1.865755 0.017842 0.000000
18.275729 -0.511580 0.003100 0.000000
10.498596 -1.282968 0.025550 0.000000
-4.823121 -3.789191 0.007855 0.000000
-9.619201 -3.203815 0.040631 0.000000
-16.517222 -3.730359 0.008151 0.000000
-12.664318 -3.967518 0.002082 0.000000
-28.092193 -5.602165 -0.000600 0.000000
-10.347593 -4.202926 0.003075 0.000000
-19.133992 -5.547948 0.000954 0.000000
-8.776011 -4.391193 0.003942 0.000000
-14.598079 -5.571883 0.002044 0.000000
22.764327 -2.983451 0.004098 0.000000
11.182936 -2.604549 0.124154 0.000000
28.316056 -1.846307 0.003923 0.000000
12.062194 -2.712932 0.022453 0.000000
15.812915 -2.005336 0.003741 0.000000
-28.312214 -7.989118 0.000242 0.000000
-24.469406 -4.842615 -0.000297 0.000000
-16.640443 -4.934530 0.001292 0.000000
-12.592400 -5.001796 0.002464 0.000000
31.137964 -5.990386 0.005637 0.000000
13.004461 -4.026247 0.004720 0.000000
8.189063 -3.506435 0.005743 0.000000
9.773475 -3.185254 0.005046 0.000000
24.973020 -2.923439 0.035876 0.000000
-12.117569 -3.717262 0.002186 0.000000
-9.336234 -0.021123 7.793200 0.000000
-6.902063 -0.024832 4.720046 0.000000
-0.401546 1.594321 0.027065 0.000000
-0.382807 1.801156 0.017839 0.000000
-0.938040 1.822239 0.022619 0.000000
-0.792023 2.017684 0.023438 0.000000
0.000806 1.344194 0.010115 0.000000
1.584334 7.009981 0.000148 0.000000
1.370937 6.147443 0.025583 0.000000
7.910692 3.616555 4.937824 0.000000
7.238157 3.599350 4.936023 0.000000
6.510098 3.569949 4.933575 0.000000
1.061330 12.989274 0.603245 0.000000
1.091373 9.367944 0.913848 0.000000
1.097365 30.137165 0.710123 0.000000
1.096086 17.546030 0.897419 0.000000
1.084190 11.964728 0.937843 0.000000
1.080491 8.625933 1.117306 0.000000
0.632540 35.709643 0.790130 0.000000
1.096727 25.720722 1.059605 0.000000
1.091397 15.649248 1.016158 0.000000
0.016371 35.711699 0.750980 0.000000
1.111983 21.694017 1.351164 0.000000
1.097745 34.246716 1.643306 0.000000
1.121309 18.348128 1.279966 0.000000
-1.096188 32.376981 0.830500 0.000000
-0.335089 35.708247 1.291042 0.000000
1.064843 13.619435 0.423078 0.000000
1.090378 9.805688 0.701089 0.000000
-1.076559 11.452410 0.677904 0.000000
-1.094595 18.740188 1.041324 0.000000
-1.091144 13.658652 0.955960 0.000000
-1.095891 27.900428 1.365890 0.000000
1.096822 26.673736 1.668544 0.000000
-0.885164 35.708399 1.288246 0.000000
0.834940 35.713551 1.811177 0.000000
-1.095587 25.214970 1.013705 0.000000
-1.096306 33.450396 1.434941 0.000000
-1.096433 12.676463 0.667549 0.000000
-1.092795 9.611497 0.663448 0.000000
7.088023 -0.022902 6.150286 0.000000
-9.445978 -0.020903 7.367738 0.000000
-9.851295 -0.012784 7.623515 0.000000
7.614389 -0.015147 6.913188 0.000000
7.560554 -0.015530 6.470699 0.000000
-7.866705 -0.018895 5.236124 0.000000
-8.821300 -0.012988 5.665151 0.000000
-9.375678 -0.013997 6.013189 0.000000
-9.855151 -0.041248 4.412966 0.000000
1.074774 11.080982 0.627688 0.000000
1.168350 15.355199 0.834741 0.000000
1.089468 10.390868 0.921407 0.000000
1.095732 20.870819 0.996411 0.000000
1.083576 13.292692 1.104288 0.000000
1.097496 33.305418 1.312631 0.000000
1.110103 12.133371 1.043474 0.000000
0.552753 35.713918 1.390563 0.000000
1.096738 27.013438 1.522688 0.000000
1.115893 15.626612 1.288731 0.000000
1.111577 13.480565 1.264063 0.000000
1.100232 8.769023 0.773675 0.000000
-1.095876 9.948202 0.980633 0.000000
-1.095758 25.207724 1.412070 0.000000
1.159371 34.231240 2.021678 0.000000
1.095030 18.048175 1.601770 0.000000
-1.096316 31.118871 1.353201 0.000000
1.096556 25.962877 1.965862 0.000000
0.907614 35.252881 2.360359 0.000000
0.280240 35.717231 2.283116 0.000000
-1.096583 34.382532 1.926086 0.000000
-1.108974 21.634366 1.286767 0.000000
4.011220 0.006269 5.136042 0.000000
-1.089009 10.343882 0.751480 0.000000
-1.093996 15.990129 0.614439 0.000000
-1.096193 30.298654 0.614578 0.000000
-1.070110 11.966550 0.440198 0.000000
-1.094776 19.325527 0.492519 0.000000
-1.096901 13.695910 0.418040 0.000000
0.275690 35.708162 1.110395 0.000000
1.063929 29.388503 1.189270 0.000000
-1.063361 32.075366 1.014141 0.000000
0.630616 35.710490 1.003962 0.000000
-1.095050 20.643956 0.830151 0.000000
0.088900 35.711031 1.052791 0.000000
1.097519 33.331710 1.044781 0.000000
-1.100080 27.254921 0.920177 0.000000
1.095922 21.740541 0.807344 0.000000
1.097652 34.675540 1.013559 0.000000
1.071517 17.028910 0.932291 0.000000
1.091288 10.460009 0.646161 0.000000
1.096433 24.693952 0.974872 0.000000
1.093864 13.790234 0.822798 0.000000
1.084417 8.909475 0.758045 0.000000
0.827477 35.708069 1.078326 0.000000
1.117443 18.835600 0.885403 0.000000
-7.927623 -0.010299 3.502628 0.000000
8.021008 -0.016928 5.219295 0.000000
9.881796 -0.021762 7.152493 0.000000
1.467432 6.010170 0.006888 0.000000
1.332837 5.406924 0.048311 0.000000
0.619049 2.410243 0.006598 0.000000
1.001783 5.167201 0.007702 0.000000
0.520153 9.868449 -0.030341 0.000000
-0.065928 3.769708 0.021559 0.000000
0.067080 5.565506 0.009224 0.000000
0.398416 8.966576 -0.027034 0.000000
0.126950 8.207128 -0.000770 0.000000
-0.253438 5.165136 0.006076 0.000000
-0.222266 7.100132 -0.020305 0.000000
0.689271 6.892467 0.000217 0.000000
0.005496 3.729986 0.021742 0.000000
0.975035 11.118265 -0.022866 0.000000
-1.693231 6.041849 0.018644 0.000000
-0.656209 6.332152 0.014656 0.000000
-1.345443 4.339819 0.007572 0.000000
-1.524534 4.952240 0.006360 0.000000
-1.498295 5.429754 0.005678 0.000000
-1.193805 5.971489 0.003120 0.000000
-7.058857 -0.002940 4.271499 0.000000
5.018294 -0.687704 0.005927 0.000000
-32.818785 0.835494 -0.002579 0.000000
-13.282474 -1.731288 0.001491 0.000000
-8.215329 -2.388465 0.003872 0.000000
-29.081481 -0.705234 -0.001573 0.000000
-12.734172 -2.267617 0.001867 0.000000
-27.997089 -1.861741 -0.001000 0.000000
6.264138 -0.630365 0.017838 0.000000
4.895599 -1.112947 0.014799 0.000000
-21.964764 2.447043 -0.001899 0.000000
-11.805201 -0.337073 0.001356 0.000000
-23.576420 1.904307 -0.001906 0.000000
-27.879553 1.713874 -0.045710 0.000000
19.515969 1.307814 0.001657 0.000000
10.353017 -0.525961 0.003404 0.000000
32.351342 4.943927 0.000389 0.000000
13.248632 0.486590 0.002417 0.000000
19.272883 2.498854 0.001179 0.000000
-7.802044 -1.010336 0.032624 0.000000
-8.150013 -0.368264 0.002927 0.000000
-22.110118 3.369794 -0.002290 0.000000
-0.130338 1.141682 0.012512 0.000000
-8.600970 -0.026766 5.279440 0.000000
-9.492433 -0.027387 6.037380 0.000000
7.519871 -0.029900 4.515083 0.000000
9.105650 -0.017974 6.911752 0.000000
-7.978695 -0.051523 5.951702 0.000000
-8.513958 -0.017850 6.717936 0.000000
9.841355 -0.022130 6.913451 0.000000
9.258586 -0.025187 6.296063 0.000000
8.443482 3.574795 4.939042 0.000000
1.175047 2.457283 0.025387 0.000000
8.543818 -0.021649 3.863299 0.000000
8.144655 -0.017973 3.829160 0.000000
-9.927586 -0.018516 4.774338 0.000000
-29.006251 -2.939488 -0.000706 0.000000
-13.151861 0.425348 0.000767 0.000000
-26.680149 3.496310 -0.002635 0.000000
-12.769005 -0.188134 0.049038 0.000000
-12.932710 -0.643652 0.001288 0.000000
-8.490084 -1.635733 0.003465 0.000000
-28.606984 1.717809 -0.002136 0.000000
-13.744770 -1.135451 0.094650 0.000000
-34.677206 1.357056 -0.002577 0.000000
25.985818 1.513998 0.001241 0.000000
11.870609 -0.740350 0.014031 0.000000
-6.563839 -1.118668 0.024664 0.000000
-8.693942 -0.512213 0.003107 0.000000
22.538741 2.477223 0.000871 0.000000
13.119246 -2.681274 0.003532 0.000000
-15.073481 -5.472958 0.002682 0.000000
14.571806 -4.125280 0.003871 0.000000
8.767600 -3.559783 0.022302 0.000000
19.745496 -3.747126 0.035552 0.000000
30.403967 -2.756936 0.002825 0.000000
7.146424 -3.047408 0.045108 0.000000
17.572752 -1.893596 0.075155 0.000000
10.165407 -2.276926 0.018468 0.000000
-15.534522 -3.245455 0.102014 0.000000
-25.865420 -5.102466 0.000916 0.000000
10.161260 -1.789465 0.003893 0.000000
11.857464 -2.628571 0.003802 0.000000
38.776583 -1.005713 0.002483 0.000000
7.675612 -2.650129 0.019698 0.000000
14.239015 -2.029471 0.003164 0.000000
18.213359 -1.156711 0.032045 0.000000
25.381009 -2.641756 0.002865 0.000000
26.705233 0.635696 0.001590 0.000000
6.909365 -2.097058 0.004890 0.000000
12.311163 -1.124250 0.007858 0.000000
-26.746630 -0.770776 -0.011474 0.000000
-7.496199 -2.738546 0.013881 0.000000
-22.855182 -1.952838 -0.000031 0.000000
-11.012861 -2.731577 0.002768 0.000000
-20.835791 -2.994884 0.001415 0.000000
-10.479218 -3.107838 0.003518 0.000000
-20.240459 -3.631363 0.000987 0.000000
-9.865446 -0.005422 1.796706 0.000000
5.183156 -0.429358 0.012270 0.000000
9.130558 -0.018318 0.726566 0.000000
-9.460844 -0.006305 0.556190 0.000000
9.724090 -0.018389 0.985826 0.000000
-6.305324 -0.640587 0.009740 0.000000
-6.429600 -1.234490 0.050183 0.000000
-27.532871 3.579340 -0.002657 0.000000
-9.154155 -0.797814 0.002753 0.000000
-5.516865 -1.675812 0.043702 0.000000
-15.112023 0.386229 0.000378 0.000000
-12.706876 0.236394 0.001015 0.000000
-10.611927 -0.802813 0.002144 0.000000
-19.641668 0.731837 -0.000562 0.000000
-13.135852 -0.763762 0.001332 0.000000
-30.854405 1.710010 -0.002241 0.000000
-8.316454 -0.699515 0.001685 0.000000
-18.394032 -3.386190 0.001267 0.000000
-8.652249 -3.353905 0.004123 0.000000
-13.907866 -3.792172 0.002337 0.000000
-7.437017 -3.436091 0.005241 0.000000
-10.359923 -3.016615 0.000157 0.000000
-34.969758 -5.554119 0.000212 0.000000
-11.286881 -4.072624 0.003217 0.000000
-22.566279 -5.523444 0.001470 0.000000
-9.507961 -4.242000 0.012129 0.000000
-16.888140 -5.584211 0.002360 0.000000
18.720129 -2.286142 0.002804 0.000000
10.050183 -2.566057 0.036585 0.000000
21.182786 -1.318471 0.029269 0.000000
10.976085 -1.812533 0.003151 0.000000
25.364432 -0.038979 0.001744 0.000000
7.393858 -2.174222 0.005241 0.000000
33.340298 2.192400 0.000943 0.000000
14.230541 -0.546192 0.002499 0.000000
8.948748 -1.268679 0.020673 0.000000
-18.183889 -4.287551 0.001646 0.000000
-10.303910 -3.564861 0.003407 0.000000
-8.465794 -3.803979 0.004388 0.000000
-13.364483 -4.490040 0.002736 0.000000
-31.394097 -7.021158 0.001092 0.000000
-10.551259 -4.626013 0.003680 0.000000
-6.205321 -4.124451 0.006185 0.000000
12.920869 -1.987651 0.003290 0.000000
-19.796462 -6.390841 0.002177 0.000000
-8.676467 -4.725809 0.004560 0.000000
-14.364685 -6.113317 0.003067 0.000000
22.704317 -4.788524 0.003622 0.000000
11.341154 -3.616387 0.006253 0.000000
35.619035 -4.284502 0.003511 0.000000
14.142849 -3.301176 0.006087 0.000000
18.467808 -2.594157 0.002939 0.000000
10.339001 -2.602505 0.004133 0.000000
27.523052 -1.287754 0.002232 0.000000
2.690263 -2.018545 0.005953 0.000000
33.212074 3.428837 0.000454 0.000000
13.310012 -0.224730 0.002032 0.000000
29.052848 3.790616 0.000243 0.000000
8.347055 -1.080822 0.016556 0.000000
12.814240 0.224344 0.002371 0.000000
28.075757 4.694968 -0.000127 0.000000
8.190038 -0.636907 0.011690 0.000000
12.885779 0.762610 0.002121 0.000000
8.298727 -0.573954 0.013419 0.000000
-30.531022 -3.478881 -0.000188 0.000000
-11.424267 -2.139172 0.002426 0.000000
-9.027042 -1.953065 0.003353 0.000000
-14.751293 -1.513213 0.001243 0.000000
-7.620719 -2.304723 0.004350 0.000000
-39.543030 0.388364 -0.002464 0.000000
-22.580701 -1.655643 -0.000021 0.000000
-9.459657 -2.545724 0.003390 0.000000
-16.387148 -2.587598 0.005179 0.000000
-8.042509 -2.919783 0.007471 0.000000
-12.938856 -2.980177 0.002287 0.000000
-6.575970 -2.157945 0.009292 0.000000
-8.960776 -0.018821 4.845232 0.000000
-9.394684 -0.090436 5.265886 0.000000
-9.629981 -0.016447 5.680950 0.000000
8.493210 -0.023760 7.444832 0.000000
-8.148078 -0.030082 4.083216 0.000000
-8.385280 -0.002149 4.269946 0.000000
9.841365 -0.027942 5.139042 0.000000
7.641415 -0.013146 7.726997 0.000000
-9.269692 -0.015280 6.865792 0.000000
-6.575696 -1.870030 0.005177 0.000000
7.261039 -0.877189 0.012557 0.000000
7.286219 -0.693461 0.016193 0.000000
7.300257 -0.251101 0.004192 0.000000
-22.190463 -0.867059 0.000091 0.000000
-15.150737 -0.919554 0.001407 0.000000
-11.250346 -1.692029 0.007209 0.000000
-6.555291 -2.317767 0.005318 0.000000
-15.562197 -1.897862 0.001480 0.000000
-7.822144 -2.464916 0.006929 0.000000
-12.259172 -2.465102 0.002492 0.000000
-26.902068 -2.289753 0.000173 0.000000
23.066460 2.560247 0.000321 0.000000
20.717904 2.840539 0.000291 0.000000
8.800637 -0.025724 3.271804 0.000000
-10.873451 0.244914 0.001740 0.000000
-5.465122 -1.149767 0.004069 0.000000
-20.219440 2.708645 -0.001124 0.000000
-24.809748 3.288748 -0.001850 0.000000
-14.155270 0.262626 0.054581 0.000000
-35.295800 4.802474 -0.003270 0.000000
-17.749925 0.603924 0.000081 0.000000
8.169416 -0.007057 7.221571 0.000000
-1.096119 28.144755 0.313761 0.000000
-0.376444 35.710168 0.369937 0.000000
1.141327 22.774109 0.336007 0.000000
-1.094710 18.622554 0.354626 0.000000
-0.978007 35.713435 0.308513 0.000000
1.068774 35.711025 0.183054 0.000000
-1.095285 13.585016 0.380465 0.000000
-1.087795 23.861358 0.226499 0.000000
1.121676 15.793859 0.263029 0.000000
-1.100727 16.591639 0.386818 0.000000
-1.010223 32.102912 0.014481 0.000000
-0.175553 25.558212 -0.009803 0.000000
-1.133261 20.085882 0.145409 0.000000
-0.541172 20.950342 -0.007756 0.000000
-0.868649 17.927347 -0.006355 0.000000
1.096151 23.391143 0.311851 0.000000
1.096278 13.045171 0.402048 0.000000
1.006189 35.711716 0.254756 0.000000
1.087521 17.955725 0.561555 0.000000
1.086114 10.969250 0.588840 0.000000
0.434630 35.712612 0.245669 0.000000
1.096646 26.650499 0.364339 0.000000
-0.141214 35.713559 0.246035 0.000000
0.865489 35.710539 0.237610 0.000000
1.095477 19.921447 0.389627 0.000000
1.086588 11.654240 0.539407 0.000000
1.097198 31.208995 0.304287 0.000000
-1.049387 15.787292 -0.005316 0.000000
-1.010330 12.158041 0.028773 0.000000
-9.207457 -0.006283 3.416049 0.000000
9.529653 -0.031154 7.317100 0.000000
6.777685 3.567993 4.934295 0.000000
-0.556351 18.546497 -0.006637 0.000000
-1.051746 8.644089 -0.020072 0.000000
-0.885656 11.779502 -0.003235 0.000000
-0.683999 35.550403 -0.014078 0.000000
-1.092814 10.359557 0.153139 0.000000
-1.107860 16.105731 0.086895 0.000000
-1.096307 30.304110 -0.011726 0.000000
-0.636123 11.343203 -0.002977 0.000000
-1.097032 19.787126 0.129650 0.000000
-1.082829 14.034297 0.188940 0.000000
-1.100801 10.742180 0.090312 0.000000
-0.181153 10.886609 -0.002697 0.000000
0.672404 11.863590 -0.003251 0.000000
0.111992 6.328768 0.000491 0.000000
0.468654 11.369683 -0.002905 0.000000
1.094973 17.795409 0.136290 0.000000
1.107161 12.163227 0.584346 0.000000
-0.049876 6.477485 0.000363 0.000000
0.204837 11.052808 -0.021641 0.000000
1.063439 25.722165 -0.009832 0.000000
1.061403 16.157950 0.497193 0.000000
0.554090 22.903325 -0.008601 0.000000
1.096055 22.839128 0.340403 0.000000
-0.228327 10.926785 -0.035330 0.000000
0.134534 20.921496 -0.007719 0.000000
-0.503492 11.039733 -0.008393 0.000000
-0.225818 19.518627 -0.007083 0.000000
-0.807343 7.958121 -0.000795 0.000000
0.268513 6.380253 0.005312 0.000000
0.622425 6.584700 0.024257 0.000000
1.382796 7.261457 -0.000233 0.000000
1.149087 6.916003 0.011033 0.000000
0.849846 6.406056 0.010569 0.000000
1.080527 8.133982 0.187475 0.000000
0.483199 6.288966 0.005789 0.000000
1.111180 10.323339 0.139278 0.000000
1.083983 7.911720 0.242017 0.000000
1.012613 12.432759 -0.003489 0.000000
1.107977 10.067956 0.386860 0.000000
1.651473 7.742076 -0.107200 0.000000
1.092110 9.519494 0.202977 0.000000
-1.082047 11.574492 0.930682 0.000000
1.090058 10.154674 1.025730 0.000000
1.095641 20.814289 1.212946 0.000000
1.092131 13.098030 1.134867 0.000000
1.097965 32.891447 1.760195 0.000000
1.094891 17.631089 1.349602 0.000000
-1.094259 16.601359 1.265938 0.000000
0.481487 34.407031 2.360104 0.000000
-1.114485 23.631941 1.651225 0.000000
-1.096091 27.354723 1.702101 0.000000
-1.096550 32.416357 1.997482 0.000000
-1.102138 12.532394 1.006763 0.000000
-1.056293 20.806080 1.512271 0.000000
1.069899 8.097004 1.395793 0.000000
1.096460 25.638406 1.689044 0.000000
1.095556 20.465017 1.670057 0.000000
1.069257 12.735921 1.442862 0.000000
1.097114 31.003959 2.173409 0.000000
1.094607 16.638103 1.608199 0.000000
-1.096583 33.023960 1.723034 0.000000
-1.123998 21.164396 1.212883 0.000000
0.967150 32.472289 2.360592 0.000000
9.494155 -0.013328 5.969588 0.000000
9.170730 -0.043141 5.469157 0.000000
8.608416 -0.027389 5.060814 0.000000
1.091277 10.842003 0.810426 0.000000
1.097195 31.299374 2.177409 0.000000
1.096686 26.993443 1.917881 0.000000
1.055735 20.751195 1.787078 0.000000
-1.095503 22.994097 1.405983 0.000000
-1.040137 30.850913 1.898315 0.000000
-1.080894 20.087674 1.267429 0.000000
1.110062 19.785408 1.265444 0.000000
1.097094 30.295078 1.606077 0.000000
1.077114 23.235551 1.520135 0.000000
1.014472 35.715601 2.078923 0.000000
1.120332 18.559078 1.508259 0.000000
-1.095960 26.520424 1.658745 0.000000
-1.091963 11.082729 1.093195 0.000000
8.702817 -0.036973 7.498609 0.000000
8.327473 -0.067895 7.689342 0.000000
-1.357098 6.206992 0.002513 0.000000
-1.539942 6.489532 0.001834 0.000000
-1.366517 3.871494 0.033909 0.000000
0.254657 10.895611 -0.002695 0.000000
0.719293 11.408641 -0.002990 0.000000
1.022299 11.197203 0.020080 0.000000
0.410978 11.042823 -0.002779 0.000000
0.975309 12.932768 -0.003842 0.000000
1.092917 12.048720 0.033494 0.000000
0.165405 10.831337 -0.003291 0.000000
0.833601 11.780531 -0.003202 0.000000
0.166818 10.484199 -0.007075 0.000000
0.538061 10.418113 -0.002404 0.000000
0.978350 11.876333 -0.003256 0.000000
-0.820144 6.474202 0.013683 0.000000
-1.022103 9.341747 -0.001769 0.000000
-0.492427 6.781665 0.019541 0.000000
-0.703285 6.577415 0.003338 0.000000
-0.556699 4.936534 0.008222 0.000000
-0.149722 5.709543 0.000981 0.000000
-1.096919 6.335970 0.005482 0.000000
-0.495722 9.523382 -0.026590 0.000000
0.848493 10.922651 -0.006590 0.000000
-0.034907 9.969591 -0.002138 0.000000
0.384776 9.363920 -0.002260 0.000000
0.607495 9.061929 -0.005273 0.000000
-0.301588 9.774813 -0.031076 0.000000
0.084302 8.575678 -0.001230 0.000000
-0.099863 7.952183 -0.000799 0.000000
0.169537 7.021438 -0.000103 0.000000
-1.006090 11.518943 0.016437 0.000000
-0.691334 9.230435 -0.029510 0.000000
-0.365818 7.404979 -0.021773 0.000000
-0.189681 6.366445 0.002437 0.000000
-0.819269 9.271164 -0.001716 0.000000
14.139113 -2.797247 0.002950 0.000000
-13.410082 -5.470412 0.003537 0.000000
-34.381423 -9.943442 0.003138 0.000000
15.489940 -4.365690 0.003352 0.000000
21.625061 -3.953324 0.002619 0.000000
6.457925 -3.256059 0.050555 0.000000
35.749721 -3.067857 0.001858 0.000000
7.506343 -3.005524 0.035442 0.000000
-8.313100 -4.385026 0.004947 0.000000
19.428876 -1.939071 0.001977 0.000000
-15.065339 -3.648478 0.002512 0.000000
-7.962239 -3.421794 0.004826 0.000000
-39.154195 -5.320748 0.001095 0.000000
-23.743795 -5.364580 0.002068 0.000000
-9.737342 -4.203002 0.008541 0.000000
-17.125205 -5.417735 0.002842 0.000000
10.946357 -2.982072 0.003746 0.000000
-11.514354 -2.639561 0.000534 0.000000
-21.893111 -2.749314 0.001233 0.000000
-19.173372 -3.520341 0.001842 0.000000
-17.626879 -4.168651 0.002291 0.000000
-26.837082 -1.671288 0.000380 0.000000
31.026308 -2.258433 0.001604 0.000000
13.108357 -2.469607 0.003010 0.000000
16.524089 -1.719521 0.002175 0.000000
-8.552055 -2.339710 0.003049 0.000000
-12.997920 -2.144804 0.002372 0.000000
22.988265 -0.409430 0.001132 0.000000
11.445582 -1.505383 0.026497 0.000000
7.670439 -1.806822 0.003877 0.000000
23.545373 0.594636 0.000712 0.000000
11.829563 -0.992152 0.002679 0.000000
28.506953 2.464175 -0.000213 0.000000
7.961123 -1.572614 0.007476 0.000000
8.655380 -1.050429 0.021194 0.000000
10.930772 -1.571104 0.003170 0.000000
-11.013461 -2.828881 0.003205 0.000000
-15.353148 -3.516583 0.002398 0.000000
-27.071348 -5.336110 0.001775 0.000000
-10.420562 -4.123666 0.003907 0.000000
-19.665475 -5.463537 0.002512 0.000000
19.548817 -1.545361 0.001821 0.000000
10.345280 -2.051303 0.003559 0.000000
20.956691 -0.620377 0.001346 0.000000
7.143937 -2.360226 0.015008 0.000000
-11.966228 -4.238210 0.003456 0.000000
-6.757030 -3.869088 0.005842 0.000000
-24.772237 -5.971815 0.002216 0.000000
-9.677026 -4.409191 0.004303 0.000000
-16.969699 -5.761613 0.002994 0.000000
-8.020404 -4.418309 0.005200 0.000000
-12.855590 -5.672787 0.003737 0.000000
-30.922816 -9.983706 0.003343 0.000000
23.411277 -4.398216 0.002694 0.000000
13.924939 -3.198876 0.060181 0.000000
12.322645 -1.820425 0.002912 0.000000
4.917401 -0.945425 0.020293 0.000000
-8.497954 -0.274299 0.027242 0.000000
-29.535566 5.594865 -0.002727 0.000000
-14.142696 0.783913 0.000866 0.000000
-37.163162 6.263103 -0.003392 0.000000
4.224645 -0.583642 0.009135 0.000000
9.210092 -0.437432 0.017214 0.000000
6.437452 -1.123813 0.012018 0.000000
24.566025 2.006278 0.000066 0.000000
-38.346170 3.098642 -0.002180 0.000000
-9.337118 -1.916852 0.003489 0.000000
-16.030524 -1.418877 0.001459 0.000000
32.754056 1.244871 0.000160 0.000000
13.270522 -1.047487 0.002379 0.000000
16.916374 -0.160265 0.008156 0.000000
9.776912 -1.189014 0.017530 0.000000
6.766785 -1.498445 0.015600 0.000000
11.896184 -0.223627 0.022881 0.000000
7.644844 -1.109174 0.021982 0.000000
15.646655 0.837456 0.001203 0.000000
-7.101518 -1.358081 0.024122 0.000000
-5.221155 -1.953842 0.007811 0.000000
-9.714032 -0.755209 0.028657 0.000000
-15.605465 0.346271 0.000792 0.000000
-9.312580 -1.242932 0.001538 0.000000
-39.230420 4.757712 -0.002882 0.000000
-15.026310 -0.356812 0.001193 0.000000
-9.063092 -1.522470 0.044656 0.000000
-35.611323 0.418882 -0.000732 0.000000
-37.537811 2.848788 -0.001785 0.000000
-10.746351 -1.375474 0.002771 0.000000
-20.021196 -0.293702 0.000587 0.000000
-13.985151 -1.425258 0.001945 0.000000
-10.921606 -2.071043 0.038573 0.000000
-21.326811 -1.489221 0.000940 0.000000
19.487684 2.595585 -0.000056 0.000000
-8.979809 -1.221346 0.062193 0.000000
-5.528280 -1.865719 0.009906 0.000000
-14.483963 -0.522216 0.001465 0.000000
-7.319636 -1.775528 0.004602 0.000000
6.820327 -0.601386 0.002484 0.000000
-11.817982 -2.526163 0.002928 0.000000
12.776518 -0.381086 0.002090 0.000000
32.280667 4.325134 -0.001316 0.000000
14.011398 0.421085 0.001506 0.000000
8.882257 -0.635513 0.007503 0.000000
-32.470959 -4.845099 0.001507 0.000000
-23.886907 -2.405186 0.001080 0.000000
-9.750687 -2.910306 0.003797 0.000000
-16.942422 -3.113017 0.002114 0.000000
-13.252913 -3.425489 0.051637 0.000000
-22.585539 -5.106915 0.002256 0.000000
25.348246 -0.230154 0.000751 0.000000
11.882308 -1.493609 0.006340 0.000000
25.626155 0.804700 0.000320 0.000000
12.080281 -0.996595 0.002517 0.000000
27.623255 2.184191 -0.000319 0.000000
-24.235099 2.745776 -0.001036 0.000000
-11.808495 0.013809 0.001825 0.000000
-7.105404 -0.835947 0.029257 0.000000
-10.432773 0.010490 0.002228 0.000000
-18.937333 2.129816 -0.000304 0.000000
-6.597703 -0.718877 0.014281 0.000000
10.290747 -3.801081 0.004173 0.000000
-27.853408 -6.241348 0.002353 0.000000
-10.230562 -4.461622 0.008771 0.000000
-18.708153 -5.970677 0.003013 0.000000
-14.034727 -5.848027 0.003674 0.000000
-38.843737 -11.576431 0.003936 0.000000
19.142444 -4.817866 0.002957 0.000000
29.678239 -4.514313 0.002249 0.000000
12.847492 -3.501250 0.128928 0.000000
8.304765 -3.056082 0.019558 0.000000
17.021864 -2.821298 0.032717 0.000000
-7.092752 -3.046146 0.008017 0.000000
-16.840013 -3.998151 0.002501 0.000000
-9.096812 -2.547742 0.007357 0.000000
-14.526900 -2.549649 0.002320 0.000000
-34.527341 -2.490776 0.000528 0.000000
-12.346995 -3.144038 0.007170 0.000000
-25.475573 -3.605049 0.001472 0.000000
-20.821672 -4.309946 0.002142 0.000000
-9.933694 -3.849721 0.004096 0.000000
-18.079000 -4.858674 0.002665 0.000000
18.775447 -3.690707 0.191817 0.000000
10.171971 -3.241957 0.004003 0.000000
26.197596 -2.992060 0.001779 0.000000
9.137313 -2.344528 0.004049 0.000000
20.783798 -1.159070 0.018037 0.000000
25.626468 -1.762424 0.001316 0.000000
29.705645 -0.095925 0.000489 0.000000
7.595113 -2.259165 0.001463 0.000000
13.438863 -1.465496 0.002404 0.000000
8.687605 -1.898200 0.039752 0.000000
11.059553 -2.193554 0.004745 0.000000
-29.669058 -9.302593 0.003443 0.000000
-39.836978 -5.728823 0.001600 0.000000
-11.590558 -4.066935 0.014220 0.000000
-23.095881 -5.500031 0.002399 0.000000
-16.341959 -5.454049 0.003133 0.000000
-12.645080 -5.460356 0.003836 0.000000
34.372067 -4.361478 0.002064 0.000000
13.503307 -3.304566 0.003139 0.000000
16.272505 -2.703812 0.002449 0.000000
9.592222 -2.608250 0.016440 0.000000
20.871031 -1.743209 0.005240 0.000000
12.305137 -2.207206 0.002960 0.000000
-14.845692 -3.783135 0.002746 0.000000
-9.773219 -0.005020 7.259867 0.000000
2.889039 -0.023087 3.472905 0.000000
-1.077177 9.117837 0.590372 0.000000
-1.095695 23.899408 0.677585 0.000000
-1.071496 10.464483 0.439761 0.000000
-1.058799 16.659422 0.551534 0.000000
-1.104697 22.466768 0.315260 0.000000
1.125250 20.149943 0.803929 0.000000
-1.062194 28.659469 -0.011359 0.000000
1.096987 30.141540 1.084015 0.000000
-1.036864 35.720016 0.308194 0.000000
-1.111844 13.222248 0.283021 0.000000
-1.092794 10.097199 0.320622 0.000000
-1.107808 15.668856 0.336751 0.000000
-1.118803 18.992927 0.469603 0.000000
0.426451 23.101148 -0.008870 0.000000
1.095224 19.014344 0.046284 0.000000
1.093278 12.950228 0.405691 0.000000
0.842779 22.555917 -0.008617 0.000000
1.099958 17.916766 0.273713 0.000000
1.085029 26.835838 0.350068 0.000000
1.094486 16.281853 0.658283 0.000000
-0.010223 24.158352 -0.009353 0.000000
1.096066 23.304789 0.706443 0.000000
-0.489530 25.929313 -0.010151 0.000000
1.083725 10.067118 0.125242 0.000000
1.076157 13.467965 0.107990 0.000000
-9.713646 -0.017827 3.338103 0.000000
8.931925 -0.101383 7.613806 0.000000
-8.156837 -0.013289 4.711203 0.000000
-3.152323 -0.020135 2.934268 0.000000
-3.518948 -0.007034 3.572544 0.000000
-2.320861 -0.020412 1.995024 0.000000
-2.468124 -0.014528 2.121645 0.000000
-2.196721 -0.018590 1.634639 0.000000
-1.117108 11.779398 1.179527 0.000000
-1.132482 19.440377 1.625498 0.000000
-1.095562 9.246836 1.061130 0.000000
-1.119285 14.116238 1.315427 0.000000
-1.097871 10.847603 1.149767 0.000000
-1.094984 8.563909 1.112012 0.000000
-0.477080 -0.029888 0.727230 0.000000
1.112974 13.365000 0.810842 0.000000
-1.094442 17.619455 1.322007 0.000000
0.517083 32.217604 2.359797 0.000000
1.048899 25.072257 2.249888 0.000000
-1.089795 20.860975 1.255959 0.000000
-0.009384 32.869454 2.358959 0.000000
0.719077 27.904588 2.353214 0.000000
-1.157835 26.117152 1.731479 0.000000
-0.554076 33.397216 2.358123 0.000000
0.271363 28.997386 2.360139 0.000000
-1.110896 33.776940 2.357307 0.000000
-0.201473 30.050154 2.359312 0.000000
-1.092376 12.831684 1.134717 0.000000
-1.137429 22.118335 1.727055 0.000000
-0.709676 31.050995 2.358441 0.000000
-1.096100 10.146437 1.122916 0.000000
-1.125038 15.619572 1.380501 0.000000
-1.150860 29.387438 2.212766 0.000000
1.050384 24.559296 1.686952 0.000000
1.125971 16.848636 1.307919 0.000000
1.079456 8.306929 1.215346 0.000000
1.089702 10.255816 1.326079 0.000000
1.066078 13.166612 1.553080 0.000000
1.019637 31.434578 2.360629 0.000000
1.060217 17.494374 1.804103 0.000000
-1.157411 33.671633 1.778830 0.000000
-1.990847 -0.019220 1.443106 0.000000
-1.259649 -0.051480 1.041625 0.000000
-1.009187 29.003558 2.350549 0.000000
1.054218 24.572056 2.165101 0.000000
1.121084 13.863830 1.531251 0.000000
-0.059052 30.098463 2.351252 0.000000
1.061693 18.924486 1.898120 0.000000
1.070386 11.527672 1.480759 0.000000
-0.545527 29.602033 2.350865 0.000000
0.261983 28.180287 2.352516 0.000000
0.991448 26.469944 2.354167 0.000000
1.080860 15.362077 1.701413 0.000000
0.441572 30.463266 2.351718 0.000000
-0.262120 28.300799 2.397535 0.000000
0.402074 27.392784 2.210609 0.000000
1.058868 21.074986 2.027467 0.000000
-1.132392 21.364784 1.917323 0.000000
-0.673054 28.386060 2.351244 0.000000
0.116118 28.029885 2.352397 0.000000
0.815151 27.291457 2.214109 0.000000
-1.190350 15.361831 1.510267 0.000000
-1.136952 28.309420 2.350694 0.000000
-0.358520 28.691817 2.351507 0.000000
0.437204 28.633565 2.352539 0.000000
1.463598 7.736618 1.480838 0.000000
-1.099488 11.670733 1.287051 0.000000
1.072027 9.934491 1.276706 0.000000
1.058672 21.444655 1.812201 0.000000
1.087589 8.529238 1.349769 0.000000
0.954495 30.692085 2.352261 0.000000
1.064214 17.023458 1.701955 0.000000
1.071202 10.731146 1.403488 0.000000
-1.392922 7.740176 1.009716 0.000000
-1.741755 6.568338 1.265899 0.000000
-1.634881 6.715362 1.124140 0.000000
-1.789220 7.747907 1.316512 0.000000
-1.128345 19.012211 1.778502 0.000000
-0.851566 29.252787 2.350636 0.000000
-0.043402 29.990280 2.351321 0.000000
-1.111883 9.322901 1.380397 0.000000
-1.119067 13.888745 1.467099 0.000000
-1.137491 24.446456 2.035900 0.000000
-0.570887 31.311029 2.350043 0.000000
-1.121514 7.745238 1.071956 0.000000
-1.123766 10.629964 1.260017 0.000000
-1.103341 16.918470 1.582957 0.000000
-1.139674 32.579384 2.348722 0.000000
-1.100705 12.437408 1.380255 0.000000
-1.130991 20.711175 1.654386 0.000000
-1.551118 7.746978 1.244624 0.000000
-1.075683 9.665392 1.117435 0.000000
-2.636070 -0.312474 0.017127 0.000000
-1.519126 5.366183 -0.032757 0.000000
-1.326860 5.222525 -0.005494 0.000000
8.009991 -0.060617 7.705108 0.000000
0.917669 8.301000 -0.001490 0.000000
0.384831 1.673181 0.029206 0.000000
0.684976 5.267342 0.011082 0.000000
0.855788 5.738418 0.007110 0.000000
0.240618 4.546700 0.022110 0.000000
0.428325 6.851258 -0.003363 0.000000
1.660357 7.492354 0.006490 0.000000
1.326086 4.291799 0.021177 0.000000
1.036073 3.828699 0.021026 0.000000
0.915255 3.644927 0.021038 0.000000
0.228585 6.541954 -0.034658 0.000000
0.559260 1.921289 0.027469 0.000000
1.015572 6.059696 0.006949 0.000000
-0.864286 4.863876 -0.031749 0.000000
-1.111924 3.426685 0.017147 0.000000
-0.805969 3.897077 -0.001697 0.000000
-0.624318 4.347382 -0.002051 0.000000
-0.712972 4.951593 -0.031286 0.000000
-1.289296 3.812184 -0.021407 0.000000
-1.090582 4.101163 -0.019142 0.000000
-0.847946 4.595307 -0.026642 0.000000
-1.388464 4.529180 -0.022000 0.000000
-1.157761 4.645994 -0.157907 0.000000
-0.568136 5.107012 -0.031365 0.000000
-1.375158 4.998341 -0.004375 0.000000
-1.011057 5.123799 -0.034710 0.000000
-0.127296 5.443073 -0.030613 0.000000
0.057044 6.100714 -0.015788 0.000000
0.075992 5.606949 -0.030329 0.000000
-0.263561 4.179497 0.020971 0.000000
-0.741049 2.710807 0.019676 0.000000
-0.325187 5.354910 -0.031398 0.000000
-0.389666 5.185314 -0.000697 0.000000
-4.582033 -0.553316 -0.000497 0.000000
-4.302614 -0.696195 -0.015567 0.000000
-5.285283 -0.208469 -0.002919 0.000000
-4.023044 -0.530941 -0.002539 0.000000
-9.769983 -0.056675 2.674834 0.000000
9.900145 -0.032466 3.557787 0.000000
25.030042 1.721682 0.027824 0.000000
6.897768 -1.610739 0.014124 0.000000
12.280927 -0.477629 0.015188 0.000000
8.163253 -1.280561 0.010542 0.000000
9.779592 -1.255077 0.013463 0.000000
-10.571941 -1.973785 -0.011522 0.000000
-8.067718 -1.458799 -0.007712 0.000000
-5.752360 -2.011521 -0.002526 0.000000
-26.058350 2.028406 -0.035855 0.000000
-11.825308 -0.954488 -0.014238 0.000000
-7.565996 -1.991389 -0.027352 0.000000
-5.429171 -2.271395 -0.017032 0.000000
-21.907579 0.397624 -0.029231 0.000000
-10.996485 -1.514039 -0.012539 0.000000
-7.262987 -2.160529 -0.005624 0.000000
-19.851234 -0.726322 -0.025468 0.000000
-13.241630 -0.210729 -0.016903 0.000000
-19.248645 -1.485289 -0.024304 0.000000
18.898266 -1.451260 0.023044 0.000000
27.205092 0.097903 0.031590 0.000000
12.781969 -1.376863 0.027616 0.000000
16.556346 -0.331706 0.019598 0.000000
-5.336157 -1.794050 -0.005111 0.000000
-6.756392 -1.250108 -0.002789 0.000000
-4.836784 -1.861281 -0.039918 0.000000
-8.841711 -0.979786 -0.009465 0.000000
-6.043599 -1.785052 -0.019702 0.000000
-2.694647 -1.709635 0.024666 0.000000
-4.807383 -0.752338 -0.029876 0.000000
-15.756964 1.675107 -0.021903 0.000000
-9.487979 -0.386175 -0.011034 0.000000
-15.872423 1.061648 -0.021594 0.000000
27.723515 3.910437 0.029413 0.000000
12.670767 0.406240 0.014893 0.000000
18.667864 2.414885 0.019908 0.000000
-6.029030 -0.266768 -0.002377 0.000000
-4.468210 -1.171492 -0.002901 0.000000
-5.730133 -0.726652 -0.000123 0.000000
-7.294674 -0.365143 -0.008324 0.000000
-5.270224 -1.091075 -0.006005 0.000000
-6.912133 -0.649365 -0.004866 0.000000
-5.299634 -1.322393 -0.001550 0.000000
-6.600921 -1.075429 -0.001304 0.000000
6.539813 -0.622564 0.019671 0.000000
-7.325217 -0.074700 5.017586 0.000000
-8.837439 -0.048331 7.085383 0.000000
-7.119401 -0.025538 4.923792 0.000000
1.073911 10.972711 0.113188 0.000000
-0.089552 6.848340 -0.019059 0.000000
0.690036 7.624322 -0.000872 0.000000
-0.101377 8.944939 -0.000935 0.000000
-0.750599 11.481765 -0.009075 0.000000
-0.257362 8.911401 -0.000617 0.000000
0.237473 6.150255 -0.002852 0.000000
-1.021860 12.074450 -0.009904 0.000000
-0.505067 8.762243 -0.006405 0.000000
0.364524 8.363131 -0.017916 0.000000
0.007301 5.534561 -0.165510 0.000000
-0.207239 6.599728 -0.016993 0.000000
-0.076565 5.145534 -0.002082 0.000000
-0.902409 8.882836 -0.007024 0.000000
-0.441864 6.337153 -0.014694 0.000000
-0.345232 4.721289 -0.150955 0.000000
-1.107497 8.972808 -0.003958 0.000000
1.074438 9.702415 0.043111 0.000000
0.766592 10.691576 -0.006497 0.000000
0.375501 10.528398 -0.032243 0.000000
0.843566 10.167437 -0.021042 0.000000
-0.015794 10.427750 -0.002583 0.000000
-0.273259 10.741727 -0.007851 0.000000
0.080850 9.229287 -0.006086 0.000000
-0.717335 6.060139 -0.014549 0.000000
-1.167573 3.657598 -0.019479 0.000000
-1.691882 6.559591 -0.047108 0.000000
-1.045691 6.092536 -0.189132 0.000000
-0.387212 4.580493 -0.026174 0.000000
-0.502777 4.296065 -0.024843 0.000000
-0.857029 6.004083 -0.014684 0.000000
-0.400476 4.159873 -0.023041 0.000000
-0.741701 3.950403 -0.009078 0.000000
-1.354451 6.014469 -0.043452 0.000000
-1.588537 6.246497 -0.046737 0.000000
-0.952903 3.647330 -0.009083 0.000000
-9.670926 -0.018823 5.577788 0.000000
-24.868317 -0.272760 0.005502 0.000000
-13.953558 -0.680590 0.004304 0.000000
-8.385487 -1.753112 0.005949 0.000000
-29.310258 1.311952 0.004576 0.000000
-7.725136 -2.566335 0.014338 0.000000
-22.822122 -1.361063 0.006382 0.000000
-11.371509 -2.389281 0.006297 0.000000
-22.246445 -2.254081 0.007324 0.000000
20.833677 -2.067844 -0.004218 0.000000
10.956690 -2.286864 0.000368 0.000000
29.363810 -0.692332 -0.008653 0.000000
-6.342449 -1.873831 0.026604 0.000000
5.832951 -1.785491 0.014726 0.000000
16.621062 -0.848531 -0.004062 0.000000
9.749557 -1.577014 0.005632 0.000000
23.631549 0.751254 -0.008510 0.000000
11.952617 -0.814996 -0.006803 0.000000
-24.682085 -5.531081 0.011627 0.000000
-16.559730 -5.378616 0.010065 0.000000
-12.381835 -5.310438 0.009652 0.000000
-26.855023 -8.572265 0.015614 0.000000
18.163216 -4.880875 0.000057 0.000000
10.140461 -3.844112 0.002689 0.000000
26.765800 -4.629641 -0.003217 0.000000
-9.940023 -3.251971 0.007429 0.000000
7.608141 -2.588441 0.003183 0.000000
20.995923 -2.665564 -0.003574 0.000000
6.761717 -2.947014 0.019022 0.000000
11.201563 -2.608176 0.000606 0.000000
33.781631 -1.193329 -0.009415 0.000000
14.178500 -1.978083 -0.001667 0.000000
8.922899 -2.007182 0.020515 0.000000
15.367597 -3.361509 -0.000572 0.000000
-15.314481 -2.606457 0.006706 0.000000
-37.324655 -2.747724 0.011184 0.000000
-24.441607 -3.758722 0.009510 0.000000
-9.113634 -3.810601 0.008206 0.000000
-15.102959 -4.650796 0.009065 0.000000
25.447618 -5.168448 -0.002161 0.000000
12.149937 -3.790074 0.001458 0.000000
-9.652652 -2.467457 0.001975 0.000000
8.372101 -0.151301 -0.019835 0.000000
11.915631 0.004058 -0.032490 0.000000
-12.015093 0.120701 0.003243 0.000000
-8.054838 -1.060324 0.005160 0.000000
-23.517129 2.623433 0.001805 0.000000
-12.319932 -0.293367 0.003758 0.000000
-25.867789 2.143289 0.002854 0.000000
16.033346 0.526675 -0.005467 0.000000
9.442501 -0.721714 -0.000593 0.000000
24.122232 2.858871 -0.011170 0.000000
7.854650 -0.789435 0.014653 0.000000
16.524961 1.688115 -0.007066 0.000000
9.698248 -0.043652 -0.029142 0.000000
-23.206642 3.481903 0.000722 0.000000
-9.685233 -0.035587 0.345889 0.000000
6.558622 -0.064283 -0.040099 0.000000
-5.786361 -0.546214 0.003705 0.000000
-18.864031 0.199181 0.003919 0.000000
-14.265557 -0.047614 0.003946 0.000000
-34.616567 3.503535 0.003636 0.000000
-22.891784 2.089735 0.003081 0.000000
-8.445341 -1.409799 0.005469 0.000000
-13.278901 -1.017869 0.004591 0.000000
-30.243200 0.896415 0.004637 0.000000
-11.798740 -0.158638 0.004144 0.000000
16.349876 -2.453226 -0.000063 0.000000
9.695932 -2.483707 0.002724 0.000000
19.994930 -1.555101 -0.001659 0.000000
11.073854 -1.984103 0.001681 0.000000
26.693965 -0.050657 -0.004188 0.000000
13.084205 -1.301851 0.000378 0.000000
8.674905 -1.690041 0.015195 0.000000
8.676176 -2.811015 0.007169 0.000000
-16.350132 -4.035292 0.008486 0.000000
-12.032733 -3.101844 0.007120 0.000000
-23.656440 -3.636004 0.009212 0.000000
-9.722217 -3.430058 0.007666 0.000000
-12.566674 -4.280574 0.008486 0.000000
-26.883418 -6.273813 0.012947 0.000000
-18.382040 -6.006109 0.011043 0.000000
36.053547 -3.942305 -0.003812 0.000000
14.087522 -3.085013 0.001085 0.000000
16.663576 -3.195886 -0.010091 0.000000
9.859468 -2.814891 0.001683 0.000000
24.207792 -2.059904 -0.005389 0.000000
12.310711 -2.289029 -0.000382 0.000000
-10.783129 -1.938249 0.005427 0.000000
-19.420150 -1.438743 0.004954 0.000000
-8.932110 -2.356117 0.006128 0.000000
-14.272064 -2.239322 0.005309 0.000000
-35.015850 -1.789388 0.006875 0.000000
25.542912 2.494703 -0.005476 0.000000
-22.192759 -2.894833 0.006041 0.000000
-16.663185 -3.453394 0.006040 0.000000
25.754081 0.505582 -0.004313 0.000000
12.124324 -1.175998 0.007631 0.000000
24.649605 1.333306 -0.004564 0.000000
12.157935 -0.614868 0.000318 0.000000
12.628885 -0.027779 -0.000255 0.000000
28.422344 4.230751 -0.007165 0.000000
13.532921 0.716876 -0.001083 0.000000
1.435179 5.261190 0.001275 0.000000
2.127541 7.744326 0.313476 0.000000
0.878162 4.598586 0.023385 0.000000
0.439085 20.522772 0.017817 0.000000
-0.155946 5.159679 0.006262 0.000000
0.064847 7.369201 0.024758 0.000000
0.543277 12.289660 0.023298 0.000000
1.041136 18.032336 0.135620 0.000000
-0.157493 7.572807 0.000746 0.000000
0.093789 11.788660 0.024262 0.000000
0.895824 23.178713 0.018275 0.000000
-0.424667 5.572288 0.007912 0.000000
-0.301429 7.702115 0.000845 0.000000
-0.064553 11.485623 0.013713 0.000000
-0.451807 7.876674 0.000903 0.000000
-0.296883 11.313162 0.014288 0.000000
0.064398 18.586530 0.017630 0.000000
-0.783360 8.388561 0.000896 0.000000
-0.526141 11.256925 0.014919 0.000000
-0.253619 17.156182 0.017631 0.000000
-1.050483 7.106534 0.014537 0.000000
-0.971875 8.744255 0.000835 0.000000
-0.760468 11.329920 0.015630 0.000000
0.992239 7.983128 0.008976 0.000000
0.672304 7.741724 0.022720 0.000000
0.503270 7.455939 0.022068 0.000000
1.004692 13.697742 0.011878 0.000000
0.030694 4.818474 0.007738 0.000000
0.346220 7.227705 0.021517 0.000000
0.699000 12.859632 0.012275 0.000000
-0.540483 16.102149 0.017794 0.000000
-1.908458 6.563330 0.374025 0.000000
-1.092779 8.608240 0.068794 0.000000
-0.807529 15.339686 0.018091 0.000000
-1.086639 10.190356 0.087416 0.000000
-1.034192 14.754279 0.027241 0.000000
7.962785 -0.030738 7.363413 0.000000
7.571433 -0.024279 6.962604 0.000000
7.283750 -0.094097 6.535499 0.000000
-9.873727 -0.013988 6.401853 0.000000
-21.689843 1.860649 0.072633 0.000000
-13.969706 -0.092177 0.048288 0.000000
-32.763483 3.054368 0.106906 0.000000
9.843347 -0.017136 1.676970 0.000000
9.830188 -0.078527 1.007706 0.000000
-14.383528 1.195296 0.050613 0.000000
-33.913849 6.166609 0.113244 0.000000
-10.043496 -0.167584 0.037282 0.000000
-16.967566 1.407621 0.058299 0.000000
-11.591155 -0.091724 0.000923 0.000000
4.009449 -0.629093 -0.001518 0.000000
4.467570 -0.350104 -0.000314 0.000000
5.154534 -0.350852 -0.008547 0.000000
6.301842 -0.324755 -0.013272 0.000000
4.935769 -0.676758 -0.002773 0.000000
6.321927 -0.048131 -0.010620 0.000000
4.017839 -1.059395 -0.013622 0.000000
4.842453 -0.477890 -0.005067 0.000000
4.136098 -0.946270 -0.000397 0.000000
15.545831 1.135748 -0.040904 0.000000
-9.147448 -2.167870 0.033204 0.000000
-14.714308 -1.988721 0.048701 0.000000
-37.098956 -1.271825 0.115982 0.000000
-11.720109 -2.408550 0.006804 0.000000
-23.048745 -2.571549 0.072592 0.000000
15.532567 -0.109879 -0.041977 0.000000
9.313870 -1.044128 -0.022209 0.000000
15.187300 0.435375 -0.040379 0.000000
6.619742 -1.492372 -0.035939 0.000000
9.354039 -0.663873 -0.022030 0.000000
-20.292572 -1.096313 0.065788 0.000000
5.182297 -1.750086 -0.009051 0.000000
6.684818 -1.089775 -0.010418 0.000000
9.700550 -0.326620 -0.000173 0.000000
4.089283 -1.864978 -0.015272 0.000000
5.276759 -1.543957 -0.025474 0.000000
6.967035 -0.820113 -0.013569 0.000000
4.202855 -1.675701 -0.003650 0.000000
5.585259 -1.187416 -0.014143 0.000000
7.250675 -0.537851 -0.020648 0.000000
-14.426630 -1.016008 0.048764 0.000000
-34.233923 0.999911 0.109441 0.000000
-11.113023 -1.719012 0.038837 0.000000
3.963091 -1.320051 -0.027363 0.000000
4.498994 -1.258259 -0.001160 0.000000
5.796686 -0.862324 -0.030185 0.000000
4.681765 -1.101720 -0.002222 0.000000
-5.915061 -0.365713 0.017086 0.000000
9.446575 -0.025908 3.125061 0.000000
4.098278 -0.333901 -0.003707 0.000000
1.729273 6.075808 0.005056 0.000000
1.733819 5.784763 0.025877 0.000000
0.549135 3.344116 0.020944 0.000000
-0.609133 3.815560 0.018019 0.000000
-0.997543 4.333747 0.016754 0.000000
-1.399001 4.951597 0.015736 0.000000
9.618558 -0.014646 7.047113 0.000000
-8.116806 -0.018951 5.273617 0.000000
1.399631 4.483384 0.024260 0.000000
1.454231 5.089326 0.013080 0.000000
1.029163 25.879358 2.336194 0.000000
1.092882 15.346571 1.985346 0.000000
-0.086419 31.499515 2.399961 0.000000
0.684139 27.368596 2.238417 0.000000
1.041219 20.530977 2.149449 0.000000
-1.162015 24.914146 1.875117 0.000000
-0.602920 31.313727 2.401282 0.000000
0.195140 27.870541 2.395814 0.000000
0.834450 24.712621 2.390930 0.000000
-1.141667 17.009760 1.498220 0.000000
-1.104492 30.975061 2.402423 0.000000
0.434247 31.537945 2.398495 0.000000
0.450200 25.656285 2.392961 0.000000
-1.129496 12.607130 1.346668 0.000000
-1.152122 21.187826 1.845784 0.000000
-0.730235 28.622586 2.399186 0.000000
0.037172 26.563105 2.395027 0.000000
-1.097110 9.894162 1.185812 0.000000
-1.168511 27.877527 2.340383 0.000000
-0.403079 27.419803 2.397113 0.000000
-1.094185 7.918451 1.137720 0.000000
-1.126319 11.502859 1.301801 0.000000
1.101637 12.623447 1.044294 0.000000
1.319045 7.736319 1.438597 0.000000
1.046164 17.342277 1.338748 0.000000
1.132565 25.493435 1.601229 0.000000
-1.104604 18.604410 1.739737 0.000000
1.081312 21.374870 1.906055 0.000000
1.081009 13.223593 1.464470 0.000000
1.063010 9.367251 1.427816 0.000000
0.952481 31.427890 2.396903 0.000000
1.046314 17.910321 1.833407 0.000000
1.065545 11.739761 1.574804 0.000000
-0.871890 28.212754 2.399212 0.000000
-1.096135 9.029901 1.195016 0.000000
-1.132564 13.756816 1.451888 0.000000
-1.110645 24.229088 2.038291 0.000000
-1.140860 16.846965 1.621368 0.000000
-2.979465 -0.004901 2.536733 0.000000
-2.818471 0.009034 2.518916 0.000000
-2.801246 -0.013659 2.685746 0.000000
-2.436889 -0.020307 2.201108 0.000000
-0.851107 -0.056958 0.991067 0.000000
-1.112347 13.952366 1.057961 0.000000
-1.153809 23.863814 1.232804 0.000000
-1.135829 16.238753 0.969109 0.000000
-1.092180 9.223550 0.643544 0.000000
1.105319 17.501388 1.320291 0.000000
1.034943 25.823824 1.618481 0.000000
-1.138704 17.826308 1.384574 0.000000
-1.134177 15.878314 1.244825 0.000000
-1.166388 29.695526 1.684263 0.000000
-1.076248 8.266598 1.067715 0.000000
-1.098360 11.876281 1.079888 0.000000
-1.094600 35.713998 1.673862 0.000000
2.183772 7.743909 0.818004 0.000000
1.120875 18.050898 1.248679 0.000000
1.033668 26.436778 1.625245 0.000000
1.025527 30.615778 1.905902 0.000000
1.041798 22.481756 1.570374 0.000000
2.060227 7.747747 1.263439 0.000000
-4.472813 -0.018334 5.780925 0.000000
-4.454027 -0.023298 5.830254 0.000000
-4.612960 -0.001405 6.015845 0.000000
-4.668844 -0.028406 6.225346 0.000000
-4.630019 -0.015813 6.440297 0.000000
-4.948636 -0.023644 6.735933 0.000000
-4.902141 -0.020597 7.142340 0.000000
-5.147676 -0.013744 7.386428 0.000000
-5.134327 -0.025675 7.457611 0.000000
-3.378197 -0.021113 3.302421 0.000000
-3.235714 -0.018495 3.497127 0.000000
-3.589116 -0.024631 3.691569 0.000000
-3.447912 -0.021267 3.934494 0.000000
-2.953286 -0.009822 2.993783 0.000000
-3.164745 -0.024288 3.062634 0.000000
-4.117771 -0.019090 4.706347 0.000000
-4.140856 -0.007248 4.860841 0.000000
-4.202020 -0.021100 5.159776 0.000000
-4.373890 -0.019844 5.321263 0.000000
-4.260681 -0.024955 5.548186 0.000000
-3.632428 -0.001368 3.948568 0.000000
-3.601830 -0.005185 4.015704 0.000000
-3.710652 -0.020679 4.322193 0.000000
-3.855440 -0.025220 4.335926 0.000000
-3.941277 -0.009335 4.530451 0.000000
-3.870027 -0.022136 4.670303 0.000000
6.327115 3.463773 4.921494 0.000000
-8.736134 -0.010947 5.872084 0.000000
9.296349 0.010286 7.778859 0.000000
9.554083 0.007599 7.240017 0.000000
8.911366 0.006312 7.281001 0.000000
9.706001 0.007523 6.616216 0.000000
9.169387 0.001044 6.750259 0.000000
8.555499 0.002571 6.826055 0.000000
9.737588 0.015116 6.093409 0.000000
9.392153 0.007825 6.194694 0.000000
0.538639 0.720670 -0.006634 0.000000
0.686124 0.909980 -0.007970 0.000000
0.626561 0.772152 -0.006937 0.000000
-0.565448 0.680691 -0.001027 0.000000
-0.798126 0.901811 -0.000397 0.000000
-9.754048 3.265702 4.849424 0.000000
-3.147425 -0.146153 -0.010033 0.000000
-0.187449 -2.001523 0.134016 0.000000
1.087737 21.364518 0.335960 0.000000
1.084388 8.246692 0.427965 0.000000
1.062200 33.273270 0.317702 0.000000
1.075423 16.675278 0.394318 0.000000
1.075020 10.500545 0.578022 0.000000
1.069958 24.024075 0.363362 0.000000
1.127464 18.532213 0.223209 0.000000
-1.113987 17.852554 -0.049280 0.000000
-1.113790 22.372001 0.166548 0.000000
-0.649150 28.802258 -0.171233 0.000000
-1.111451 15.464043 0.189816 0.000000
-1.017078 24.590318 -0.148782 0.000000
-1.089890 11.514161 0.254517 0.000000
-1.093030 12.890433 0.099222 0.000000
-1.073755 9.773495 0.030598 0.000000
1.061884 34.288704 0.004720 0.000000
1.066966 27.836983 0.274032 0.000000
-1.062082 33.136071 0.481502 0.000000
-1.118738 21.133214 0.429914 0.000000
-1.125394 27.347752 0.294653 0.000000
0.423838 35.709201 -0.121869 0.000000
-1.096244 11.547919 0.406709 0.000000
-1.102188 18.381784 0.270850 0.000000
-0.154338 35.500765 -0.207020 0.000000
5.983901 0.025794 7.491957 0.000000
6.524164 0.003348 7.573803 0.000000
-4.578547 -0.024274 6.093539 0.000000
-4.647630 -0.041674 6.798976 0.000000
-4.887740 -0.083986 6.932508 0.000000
-4.947188 -0.002949 7.355032 0.000000
-5.133727 -0.013532 7.674824 0.000000
5.362008 0.011141 7.784207 0.000000
-4.031458 -0.016839 5.133411 0.000000
7.744206 0.008708 6.736091 0.000000
7.250557 0.001572 6.914847 0.000000
6.254409 0.009103 7.415415 0.000000
7.613588 0.183924 7.700980 0.000000
6.842911 0.010958 7.481864 0.000000
6.321756 0.019471 7.230081 0.000000
8.353357 0.009325 7.607023 0.000000
7.508430 0.005274 7.336414 0.000000
6.650521 0.013444 7.099627 0.000000
8.121616 0.005563 7.113385 0.000000
-1.852065 6.562875 0.529057 0.000000
10.491430 -3.256188 0.022923 0.000000
-11.406856 -3.655200 -0.009850 0.000000
-6.685590 -3.409507 -0.001205 0.000000
-22.444468 -4.869573 -0.023315 0.000000
-9.744707 -3.930407 -0.005444 0.000000
-17.303420 -5.112663 -0.013665 0.000000
14.412198 -4.300535 0.032770 0.000000
19.399639 -3.973158 0.038418 0.000000
29.522555 -3.356598 0.050795 0.000000
13.081453 -2.831647 0.024336 0.000000
17.440509 -2.157341 0.027372 0.000000
-32.523511 -4.485044 -0.041366 0.000000
-6.399364 -2.808567 -0.003193 0.000000
-5.611580 -2.499546 -0.002533 0.000000
-7.294151 -2.529718 -0.006590 0.000000
-10.390490 -2.581530 -0.012770 0.000000
-17.813155 -2.726596 -0.025290 0.000000
-8.712422 -2.924585 -0.007878 0.000000
-5.718027 -3.032351 -0.000414 0.000000
-13.958833 -3.227069 -0.016393 0.000000
-7.626931 -3.240679 -0.004132 0.000000
-34.661992 -4.426327 -0.045053 0.000000
-11.228639 -3.527298 -0.045252 0.000000
-22.314709 -4.709819 -0.023823 0.000000
-9.553749 -3.839645 -0.005473 0.000000
-16.653308 -4.907464 -0.013485 0.000000
17.283729 -1.917661 0.038096 0.000000
20.176814 -1.033716 0.026271 0.000000
25.388961 0.403874 0.027534 0.000000
12.447055 -0.903921 0.013835 0.000000
-5.497282 -2.506717 -0.017435 0.000000
-7.194983 -2.535879 -0.006334 0.000000
-6.330153 -2.606842 -0.021860 0.000000
-18.545652 -2.700862 -0.026639 0.000000
-5.674910 -2.813995 -0.018454 0.000000
-7.545458 -3.189539 -0.004180 0.000000
8.295862 -1.540213 0.016448 0.000000
-5.625358 -2.765494 -0.001360 0.000000
-7.329567 -2.994488 -0.026949 0.000000
-10.682488 -3.079958 -0.011077 0.000000
-6.341104 -3.113134 -0.001679 0.000000
-19.185068 -3.613852 -0.023586 0.000000
-8.717619 -3.375721 -0.005860 0.000000
24.450334 -1.980056 0.036907 0.000000
12.343513 -2.156967 0.021056 0.000000
-8.882988 -4.301691 -0.002068 0.000000
-13.881147 -3.948893 -0.013002 0.000000
-7.355954 -3.591756 -0.001958 0.000000
-33.663997 -6.151284 -0.035667 0.000000
-10.860598 -4.156361 -0.006578 0.000000
-20.625380 -5.733760 -0.016421 0.000000
-14.771509 -5.562293 -0.007309 0.000000
19.936170 -4.949652 0.043609 0.000000
10.548735 -3.753707 0.025230 0.000000
29.664315 -4.726094 0.057196 0.000000
7.149351 -3.322126 0.019680 0.000000
16.945029 -2.911643 0.030072 0.000000
-3.078353 -0.964504 -0.001764 0.000000
-3.470166 -0.655273 -0.000020 0.000000
-2.883927 -1.091273 -0.000439 0.000000
5.115165 -0.209718 0.012317 0.000000
-4.548875 -0.835627 -0.020901 0.000000
-5.498726 -0.406403 -0.002898 0.000000
-7.289914 -0.017708 -0.002949 0.000000
-5.751144 -0.251316 -0.004290 0.000000
-3.306923 -0.823900 -0.003288 0.000000
-4.887152 -0.125701 -0.001821 0.000000
-3.836333 -0.717780 -0.001060 0.000000
-3.217066 -1.075726 -0.005462 0.000000
-4.782355 -0.408335 -0.000375 0.000000
-3.707100 -0.897690 -0.019635 0.000000
-3.014950 -1.206079 -0.004149 0.000000
-5.687925 -0.146736 -0.000047 0.000000
-4.460930 -0.677336 -0.004445 0.000000
-3.629620 -1.056821 -0.011339 0.000000
-9.884612 -0.013257 0.700514 0.000000
-9.321852 -0.036017 1.845476 0.000000
-4.027104 -0.228227 -0.108120 0.000000
-3.052244 -0.512999 -0.000294 0.000000
-2.973761 -0.457637 -0.077422 0.000000
-3.366237 -0.219960 -0.012109 0.000000
-3.549169 -0.238653 -0.003640 0.000000
-2.998468 -0.991664 -0.012168 0.000000
-3.288314 -0.485423 -0.000963 0.000000
14.499054 -2.165309 0.023253 0.000000
-33.436979 -0.291440 -0.061781 0.000000
-13.157424 -2.092271 -0.020099 0.000000
-8.071314 -2.535443 -0.008285 0.000000
-29.855980 -1.704984 -0.049644 0.000000
-12.634439 -2.605976 -0.016834 0.000000
-28.766550 -2.858492 -0.042676 0.000000
25.990911 -3.066848 0.044136 0.000000
39.892483 -1.730906 0.059339 0.000000
-5.867272 -2.531021 -0.019429 0.000000
8.819091 -2.304650 0.024099 0.000000
18.811815 -1.329202 0.025610 0.000000
10.306298 -1.849528 0.022119 0.000000
27.545372 0.254105 0.031470 0.000000
-9.604085 -1.313151 -0.017961 0.000000
-5.488656 -1.932016 -0.033257 0.000000
-7.180993 -1.678487 -0.002115 0.000000
-5.145002 -2.083575 -0.026428 0.000000
-6.499999 -1.922930 -0.000653 0.000000
-4.973292 -2.227538 -0.014474 0.000000
-15.883784 -0.740124 -0.031000 0.000000
-8.954480 -1.825619 -0.013367 0.000000
-6.165321 -2.256269 -0.005121 0.000000
-14.162160 -1.498622 -0.024571 0.000000
-8.411418 -2.203167 -0.010520 0.000000
12.726421 -1.099238 0.165313 0.000000
-4.525331 -1.931571 -0.036810 0.000000
-10.297576 -0.989346 -0.084931 0.000000
-4.390005 -1.666528 -0.030995 0.000000
-10.138401 -0.069164 -0.016324 0.000000
-6.953155 -1.138174 -0.006403 0.000000
-5.325768 -1.594748 -0.007211 0.000000
-16.847118 1.429757 -0.046763 0.000000
-9.931924 -0.561137 -0.014023 0.000000
-7.017409 -1.340928 -0.013017 0.000000
-17.210528 0.838005 -0.044448 0.000000
-18.653050 0.404363 -0.044888 0.000000
25.436909 1.031726 0.026417 0.000000
15.420607 0.201823 0.014497 0.000000
22.747326 2.176651 0.016271 0.000000
-5.649326 -0.925366 -0.001095 0.000000
-3.834521 -1.204623 -0.016425 0.000000
-4.665881 -1.130873 -0.003744 0.000000
-3.789351 -1.565813 -0.037198 0.000000
-4.423748 -1.204257 -0.024607 0.000000
-3.632490 -1.700150 -0.020796 0.000000
-5.543734 -1.041423 -0.001696 0.000000
-4.276703 -1.424325 -0.025842 0.000000
-7.006379 -0.718741 -0.003362 0.000000
11.467619 -0.007143 0.030675 0.000000
15.587088 1.210265 0.009674 0.000000
9.284515 -0.223204 0.023019 0.000000
-3.383741 -1.564002 -0.015061 0.000000
-16.368041 1.584673 0.029139 0.000000
-22.184226 2.317350 0.036907 0.000000
-10.177363 -0.829395 0.068989 0.000000
-17.500284 0.079275 0.028160 0.000000
8.011613 -0.550758 -0.002116 0.000000
5.887254 -1.116354 0.019037 0.000000
7.987397 -0.233257 -0.001639 0.000000
-28.978194 0.623037 0.030591 0.000000
-10.336163 -1.560991 0.018288 0.000000
-18.882419 -0.922299 0.028216 0.000000
-14.434298 -1.741617 0.022070 0.000000
-39.890558 -0.717052 0.053619 0.000000
32.512062 3.569886 -0.029879 0.000000
13.219037 0.079820 -0.009435 0.000000
26.604481 3.499999 -0.022374 0.000000
8.220789 -0.954028 -0.045810 0.000000
12.366517 0.398184 -0.007719 0.000000
7.891548 -2.693998 -0.004386 0.000000
17.404337 -3.975328 -0.020772 0.000000
6.038965 -3.211009 -0.001780 0.000000
9.842048 -3.261687 -0.008769 0.000000
24.856859 -3.465102 -0.029184 0.000000
6.936230 -2.823537 -0.024959 0.000000
11.994598 -2.879324 -0.011238 0.000000
8.338140 -3.543749 -0.006875 0.000000
15.430732 -2.308419 -0.014864 0.000000
5.849093 -2.602839 -0.000130 0.000000
9.300142 -2.319924 -0.006039 0.000000
6.643779 -2.326127 -0.001297 0.000000
-11.338617 -2.681308 0.016764 0.000000
-21.121951 -2.996113 0.026043 0.000000
-12.432162 -3.879622 0.015362 0.000000
-27.072581 -5.715378 0.027236 0.000000
-19.386426 -5.686671 0.018821 0.000000
33.361236 -7.186597 -0.046952 0.000000
13.378542 -4.276092 -0.015981 0.000000
-15.705055 -1.805473 0.022670 0.000000
-10.546287 -1.531336 0.018343 0.000000
-18.182871 -0.973328 0.026884 0.000000
-9.505571 -2.005777 0.016594 0.000000
-14.187781 -2.436234 0.019907 0.000000
-36.339828 -2.617183 0.043895 0.000000
-13.267861 -2.968149 0.017964 0.000000
-32.698936 -3.903098 0.037192 0.000000
17.921612 -3.455423 -0.020411 0.000000
9.889468 -2.951259 -0.008224 0.000000
23.162549 -2.758597 -0.025679 0.000000
17.824991 -1.177464 -0.015783 0.000000
6.819477 -2.759746 -0.002499 0.000000
11.461910 -2.545440 -0.009801 0.000000
34.666967 -1.491938 -0.037248 0.000000
7.583921 -2.475980 -0.003400 0.000000
13.830179 -2.003033 -0.012091 0.000000
8.533716 -2.040121 -0.011525 0.000000
6.224338 -2.192449 -0.000167 0.000000
10.155671 -1.673478 -0.021372 0.000000
6.977489 -1.892860 -0.001132 0.000000
7.081744 -1.203411 -0.011332 0.000000
13.041663 -2.131445 -0.011249 0.000000
32.841757 -0.523918 -0.033127 0.000000
8.067786 -2.386309 -0.024795 0.000000
13.560525 -1.577775 -0.010883 0.000000
36.781162 1.173868 -0.034526 0.000000
8.599814 -1.850398 -0.045882 0.000000
14.616757 -0.923019 -0.011044 0.000000
9.047349 -1.450970 -0.003943 0.000000
16.305040 -0.086080 -0.011656 0.000000
9.829455 -0.963228 -0.004254 0.000000
31.640992 -1.846959 -0.034288 0.000000
-12.623017 -2.185944 0.018902 0.000000
-7.172004 -2.569473 0.008236 0.000000
-18.962458 -2.858921 0.122944 0.000000
-8.920625 -2.954208 0.014306 0.000000
-14.716028 -3.355685 0.018607 0.000000
-7.880656 -3.221500 0.013116 0.000000
-26.926217 -5.386818 0.027724 0.000000
-23.622721 -5.875608 0.023071 0.000000
-16.643045 -5.684005 0.015922 0.000000
16.792491 -4.221572 -0.020463 0.000000
9.546079 -3.407118 -0.008593 0.000000
21.775926 -3.634152 -0.133738 0.000000
6.646964 -3.082592 -0.002800 0.000000
11.127692 -3.056975 -0.010322 0.000000
30.752788 -2.919751 -0.035332 0.000000
7.454238 -2.817435 -0.003834 0.000000
13.400532 -2.581261 -0.012637 0.000000
8.529398 -2.487706 -0.005091 0.000000
17.002327 -1.869071 -0.016075 0.000000
6.233244 -2.444709 -0.000670 0.000000
-10.994023 -2.924502 0.015984 0.000000
9.984996 -2.053688 -0.006604 0.000000
-20.440293 -3.430287 0.024444 0.000000
-14.786896 -3.822011 0.017750 0.000000
7.023184 -2.129053 -0.034048 0.000000
0.324237 4.618533 0.022303 0.000000
0.513399 7.298631 0.013836 0.000000
1.080626 12.435870 0.110971 0.000000
1.105546 9.211656 0.340884 0.000000
0.855263 12.423329 0.017577 0.000000
-0.061941 4.889141 0.007575 0.000000
0.586140 11.718966 0.017284 0.000000
1.132347 15.359465 0.137920 0.000000
0.345909 11.199966 0.017129 0.000000
1.132792 20.770459 0.142759 0.000000
0.121757 10.826071 0.017086 0.000000
0.684774 18.515090 0.023558 0.000000
0.690130 7.445129 0.013714 0.000000
-0.689843 12.771172 0.019804 0.000000
-0.905112 12.353474 0.019691 0.000000
-0.826625 10.604048 0.085178 0.000000
-0.091354 10.580716 0.017140 0.000000
0.246655 16.690707 0.120729 0.000000
-0.297489 10.443607 0.017278 0.000000
0.087239 15.362301 0.084666 0.000000
-0.890279 6.976096 0.063493 0.000000
-0.456366 10.559774 0.024008 0.000000
-0.231702 14.143597 0.020500 0.000000
-0.718158 10.500981 0.017843 0.000000
-0.466747 13.352499 0.020059 0.000000
6.930057 3.234134 4.933186 0.000000
7.469197 3.246911 4.934122 0.000000
1.759246 5.983429 0.007028 0.000000
2.042238 7.743422 0.115142 0.000000
2.096527 7.743379 1.046371 0.000000
1.109120 19.976768 1.014643 0.000000
1.072827 30.587770 1.367321 0.000000
1.082565 16.912664 1.157943 0.000000
0.776169 35.712301 1.451939 0.000000
-1.078212 26.254650 1.507242 0.000000
1.119117 32.787380 1.987878 0.000000
-1.076162 30.559075 1.641519 0.000000
-1.808331 6.562517 0.680002 0.000000
-1.876794 6.562538 0.861530 0.000000
8.858113 -0.011750 6.718911 0.000000
9.149295 -0.030539 6.215074 0.000000
3.318566 -0.004515 4.731687 0.000000
3.268382 -0.014843 4.456461 0.000000
3.165367 -0.022235 4.209493 0.000000
3.174407 -0.018252 4.133735 0.000000
3.744715 -0.003872 5.881235 0.000000
3.764742 -0.024393 5.759092 0.000000
3.411692 -0.018504 5.445049 0.000000
3.437792 -0.019062 5.316083 0.000000
3.426762 -0.004437 5.125197 0.000000
3.518286 0.016293 5.138299 0.000000
3.382221 -0.023086 4.848286 0.000000
2.792496 -0.005500 3.274718 0.000000
2.545880 -0.018718 2.803618 0.000000
3.066180 -0.043498 3.895886 0.000000
2.823364 -0.022530 3.972437 0.000000
2.893948 -0.019269 3.710816 0.000000
4.005367 -0.031283 7.479576 0.000000
4.001372 -0.022260 7.622745 0.000000
4.185130 -0.013874 7.353095 0.000000
3.917849 -0.027825 6.909239 0.000000
3.804862 -0.002305 6.711662 0.000000
3.978463 -0.014337 6.559463 0.000000
3.836958 -0.003653 6.376186 0.000000
3.748657 -0.011469 6.165011 0.000000
2.138511 -0.019294 2.368448 0.000000
2.345336 -0.016470 2.537058 0.000000
-1.075443 32.914959 0.327967 0.000000
-1.113939 21.154340 0.286418 0.000000
-1.071855 9.194412 0.352848 0.000000
2.343041 7.744473 0.814627 0.000000
2.258241 7.744324 0.696772 0.000000
2.263348 7.744922 0.346134 0.000000
1.087058 16.456806 0.534367 0.000000
-0.419769 14.871097 -0.035923 0.000000
-0.019482 29.469840 -0.066438 0.000000
1.119795 22.992668 0.689258 0.000000
-0.762040 16.168985 -0.039594 0.000000
-0.541256 30.022417 -0.068846 0.000000
-1.081768 16.360258 -0.010688 0.000000
-1.075759 30.430407 -0.060657 0.000000
1.114690 27.571447 0.330302 0.000000
-1.080962 19.549258 0.102242 0.000000
-1.079204 24.468736 0.213516 0.000000
1.102220 11.817099 -0.003925 0.000000
0.903226 12.566023 -0.027653 0.000000
0.752568 12.673740 -0.040470 0.000000
0.401180 12.863050 -0.029505 0.000000
1.110376 20.973869 0.078887 0.000000
1.085386 10.195291 0.768065 0.000000
1.155222 30.511585 -0.005189 0.000000
-0.124335 13.940371 -0.033157 0.000000
0.492547 29.630368 -0.065568 0.000000
-4.348983 0.010564 5.157560 0.000000
-1.104792 13.397008 0.801950 0.000000
-1.081721 22.438285 1.231967 0.000000
-1.078483 29.840867 1.372273 0.000000
-1.082657 19.701595 1.128176 0.000000
2.285396 7.748971 1.356664 0.000000
2.211085 7.743730 1.088661 0.000000
1.082680 10.435212 1.021914 0.000000
1.065479 21.965799 1.426426 0.000000
1.116504 33.595992 1.841959 0.000000
-1.078580 29.818842 1.416968 0.000000
1.079623 24.731977 1.497804 0.000000
-1.129009 25.619277 1.388150 0.000000
1.029588 35.710417 1.480668 0.000000
-3.664142 0.786048 3.058353 0.000000
-9.034634 -0.031617 6.522177 0.000000
-9.603430 -0.017564 6.220892 0.000000
-9.448139 -0.015675 6.920399 0.000000
-9.865732 -0.031345 7.437500 0.000000
-9.744496 3.086807 4.853633 0.000000
-0.089508 0.422730 0.056311 0.000000
0.371179 0.438514 0.051699 0.000000
1.097844 2.181975 -0.009113 0.000000
-3.815510 -0.233348 -0.002330 0.000000
-3.224364 -0.725906 -0.015354 0.000000
-3.946320 -0.583850 -0.005584 0.000000
-4.738225 -0.177332 -0.001069 0.000000
11.003464 -0.771607 0.013254 0.000000
-8.789263 -1.093431 -0.011384 0.000000
-6.261832 -1.796561 -0.000903 0.000000
-31.828167 3.084795 -0.054805 0.000000
-14.179917 -0.395341 -0.021927 0.000000
-9.049564 -1.527453 -0.005756 0.000000
-36.148055 2.448398 -0.059902 0.000000
-15.310014 -0.914907 -0.022998 0.000000
16.355135 -0.469015 0.021141 0.000000
22.220433 0.943527 0.026252 0.000000
-13.815039 0.084243 -0.022234 0.000000
36.934540 4.305439 0.040277 0.000000
14.045469 0.240172 0.016920 0.000000
8.459363 -0.747356 0.009201 0.000000
19.680932 1.874051 0.021146 0.000000
-5.051214 -1.252928 -0.000459 0.000000
-4.373611 -1.257668 -0.022644 0.000000
-6.745261 -0.898175 -0.004421 0.000000
10.554247 -0.044182 0.030481 0.000000
-9.086376 -0.231469 -0.009927 0.000000
-6.428380 -1.146759 -0.006438 0.000000
-4.973617 -1.458994 -0.035711 0.000000
-14.052923 0.677228 -0.023724 0.000000
-8.737148 -0.607959 -0.000214 0.000000
-6.251934 -1.404236 -0.051212 0.000000
-4.826373 -1.766852 -0.003290 0.000000
-31.196211 4.189442 -0.055913 0.000000
5.661965 -0.761387 0.003745 0.000000
-4.128777 -0.679660 -0.024091 0.000000
-4.819624 -0.314417 -0.002264 0.000000
-3.932675 -0.889266 -0.013253 0.000000
-5.988078 -0.189597 -0.005260 0.000000
-4.696234 -0.853812 -0.004370 0.000000
-5.822695 -0.532606 -0.003474 0.000000
-6.141637 -0.794358 -0.003068 0.000000
-8.230662 -0.050255 -0.011902 0.000000
-1.877929 6.543702 -0.050845 0.000000
-1.930829 6.562826 0.032936 0.000000
-1.175091 3.934810 -0.011045 0.000000
-0.167553 4.935259 -0.027236 0.000000
-0.579705 6.168710 -0.014549 0.000000
-0.506636 4.459002 -0.002227 0.000000
-1.025200 5.915735 -0.004908 0.000000
-0.662957 4.150954 -0.001501 0.000000
-0.913857 8.461482 -0.021865 0.000000
1.105870 9.441865 0.040179 0.000000
-0.345949 8.564185 -0.026431 0.000000
0.569343 9.106430 -0.027965 0.000000
0.920213 9.369331 -0.019133 0.000000
-0.348622 9.854869 -0.001426 0.000000
-0.439288 10.206739 -0.023568 0.000000
-0.101703 8.701203 -0.019571 0.000000
-0.656079 10.580916 -0.024802 0.000000
0.129711 7.386971 -0.020771 0.000000
-0.893211 11.098594 -0.026383 0.000000
0.178529 5.919104 -0.015404 0.000000
-1.090665 10.910591 -0.011666 0.000000
-0.630206 8.470153 -0.020059 0.000000
-0.065724 5.348552 -0.011507 0.000000
0.712430 10.344300 -0.021678 0.000000
1.101013 10.766684 -0.001582 0.000000
-0.136956 9.692166 -0.030538 0.000000
-2.965475 -0.262766 -0.007622 0.000000
3.893364 -1.514903 -0.012344 0.000000
4.734483 -1.324756 -0.002305 0.000000
3.514376 -1.702232 -0.001297 0.000000
5.951265 -1.196062 -0.007243 0.000000
4.358605 -1.418246 -0.017727 0.000000
3.307558 -1.828513 -0.008805 0.000000
8.142945 -0.735976 -0.042822 0.000000
3.884347 -1.646454 -0.001678 0.000000
12.814320 0.003776 -0.042413 0.000000
-9.066831 -0.425403 0.039185 0.000000
-15.238177 -1.278986 0.063629 0.000000
4.863315 -1.725236 -0.007374 0.000000
3.708656 -1.838927 -0.001143 0.000000
28.890867 2.749048 -0.102164 0.000000
10.296503 -0.769154 -0.033073 0.000000
6.238896 -1.538721 -0.016140 0.000000
4.516910 -1.941686 -0.006205 0.000000
18.723846 0.371945 -0.043654 0.000000
8.725700 -1.286617 -0.027078 0.000000
5.763838 -1.793717 -0.011951 0.000000
14.357149 -0.717207 -0.049704 0.000000
7.685797 -1.668430 -0.023012 0.000000
38.932351 1.763779 -0.142701 0.000000
11.804344 -1.403832 -0.040254 0.000000
25.223403 -0.544484 -0.092563 0.000000
-36.459561 1.284878 0.147800 0.000000
-14.382280 -0.938564 0.065515 0.000000
-32.567627 2.139458 0.134133 0.000000
-14.012044 -0.297839 0.060514 0.000000
-32.162713 3.326689 0.134298 0.000000
-14.302496 0.299987 0.062429 0.000000
3.461532 -1.026546 -0.008408 0.000000
4.282400 -0.664653 -0.003860 0.000000
5.510896 -0.583531 -0.005132 0.000000
3.732501 -1.120035 -0.014711 0.000000
4.763750 -0.710446 -0.004773 0.000000
3.214336 -1.263242 -0.006735 0.000000
-11.625513 -2.982741 0.037078 0.000000
-20.469524 -6.393683 0.075735 0.000000
-29.359102 -6.771453 0.108954 0.000000
-12.857802 -4.176897 0.050694 0.000000
-16.255237 -3.925583 0.063559 0.000000
-22.193543 -3.528413 0.086429 0.000000
15.884052 -4.279747 -0.061017 0.000000
6.375030 -2.381082 -0.017941 0.000000
4.480279 -2.108567 -0.007790 0.000000
3.569028 -2.219818 -0.008357 0.000000
5.457060 -2.006078 -0.011167 0.000000
4.178958 -2.231451 -0.010817 0.000000
7.294767 -2.120204 -0.038897 0.000000
4.969295 -2.283005 -0.009650 0.000000
3.694429 -2.478763 -0.003517 0.000000
10.802813 -2.011897 -0.036955 0.000000
4.461074 -2.539531 -0.008267 0.000000
3.389507 -2.627346 -0.001676 0.000000
19.817553 -1.881143 -0.073201 0.000000
8.840651 -2.460805 -0.029237 0.000000
5.606294 -2.631437 -0.014526 0.000000
4.046776 -2.712487 -0.006082 0.000000
14.356161 -2.641898 -0.052469 0.000000
7.505033 -2.785326 -0.023785 0.000000
4.993938 -2.836242 -0.011653 0.000000
37.372289 -3.404607 -0.144122 0.000000
11.271553 -3.092870 -0.040480 0.000000
6.566357 -3.018766 -0.021589 0.000000
22.351713 -4.002147 -0.086287 0.000000
9.225903 -3.395175 -0.032277 0.000000
3.730535 -2.051495 -0.001943 0.000000
-34.015430 -5.539177 0.128548 0.000000
4.377178 -2.306373 -0.007459 0.000000
3.399932 -2.432478 -0.001469 0.000000
17.111727 -1.191636 -0.061449 0.000000
8.222943 -2.133907 -0.041568 0.000000
5.492270 -2.371168 -0.012486 0.000000
4.074075 -2.467197 -0.008598 0.000000
13.254039 -1.977285 -0.047028 0.000000
7.314782 -2.389172 -0.022343 0.000000
5.040424 -2.595658 -0.011026 0.000000
30.940588 -1.709423 -0.116611 0.000000
10.907124 -2.493265 -0.038085 0.000000
6.486514 -2.743332 -0.026274 0.000000
9.241688 -2.946905 -0.029837 0.000000
16.127450 -3.390229 -0.060693 0.000000
6.088716 -2.088767 -0.016149 0.000000
-13.550991 -3.541409 0.086516 0.000000
-39.153944 -4.425773 0.149856 0.000000
-14.575138 -3.001520 0.058695 0.000000
-19.073726 -1.664225 0.077373 0.000000
-10.827388 -1.870807 0.046781 0.000000
3.401395 -1.907338 -0.006700 0.000000
4.231774 -1.906286 -0.004509 0.000000
3.315032 -2.096953 -0.004740 0.000000
5.248879 -1.883550 -0.011662 0.000000
3.995696 -2.093489 -0.003715 0.000000
6.865572 -1.788182 -0.019430 0.000000
4.795267 -2.172729 -0.008407 0.000000
3.752396 -2.277112 -0.002823 0.000000
9.904846 -1.785368 -0.017254 0.000000
-7.425291 -1.807815 0.008425 0.000000
-0.008655 -1.810638 0.139222 0.000000
-21.023551 2.513459 0.090719 0.000000
-7.243228 -0.436812 0.002670 0.000000
-5.563527 -0.831813 0.005087 0.000000
-7.068204 -0.245220 0.004960 0.000000
-5.436025 -0.714286 0.005391 0.000000
5.897529 -0.470361 -0.010064 0.000000
5.140386 -0.909493 -0.005335 0.000000
3.793746 -1.218667 -0.011502 0.000000
6.402721 -0.509006 -0.012611 0.000000
4.545098 -1.185108 -0.018156 0.000000
7.525417 -0.345197 -0.020589 0.000000
24.550485 3.546223 -0.084034 0.000000
3.756826 -0.384059 -0.001569 0.000000
3.716080 -0.512307 -0.000576 0.000000
4.567216 -0.107295 -0.006297 0.000000
3.917015 -0.403763 -0.021135 0.000000
4.647432 -0.028574 -0.001117 0.000000
-31.760658 5.228282 0.127446 0.000000
3.970127 -0.187809 -0.015458 0.000000
3.301261 -0.082467 -0.000742 0.000000
-9.816572 -0.036594 2.158530 0.000000
-20.570297 -2.450586 0.078802 0.000000
-10.890764 -2.324300 0.044596 0.000000
-30.288846 -1.420665 0.115386 0.000000
-13.251703 -1.854250 0.053214 0.000000
-8.473645 -1.859724 0.004324 0.000000
-6.036374 -2.142971 0.025138 0.000000
-9.362882 -2.671448 0.039144 0.000000
18.226490 1.301198 -0.061596 0.000000
5.647120 -1.066673 -0.005972 0.000000
7.272982 -0.630097 -0.015064 0.000000
5.219371 -1.263994 -0.004370 0.000000
4.134874 -1.706123 -0.016792 0.000000
10.511968 -0.147699 -0.032835 0.000000
6.893354 -1.032751 -0.010563 0.000000
3.924385 -1.863632 -0.002566 0.000000
9.677947 -0.711659 -0.029961 0.000000
6.453517 -1.439848 -0.009285 0.000000
4.910508 -1.994511 -0.008439 0.000000
16.292097 0.262677 -0.055177 0.000000
9.009926 -1.194895 -0.017581 0.000000
6.254682 -1.622039 -0.031463 0.000000
15.243858 -0.508669 -0.051876 0.000000
8.856186 -1.553182 -0.027339 0.000000
14.878988 -1.137066 -0.051076 0.000000
-32.447988 -5.257902 0.119476 0.000000
-15.926954 -3.020862 0.061505 0.000000
3.767547 -1.456269 -0.000421 0.000000
-10.028884 -2.675320 0.033462 0.000000
-6.243741 -2.835073 0.030299 0.000000
-16.120599 -5.477041 0.060780 0.000000
6.653648 -2.149493 -0.016997 0.000000
4.629635 -2.210718 -0.007659 0.000000
3.522286 -2.573796 -0.003621 0.000000
19.818271 -0.917259 -0.069879 0.000000
9.250698 -1.995313 -0.029416 0.000000
5.934523 -2.329048 -0.015117 0.000000
4.305009 -2.413346 -0.006554 0.000000
15.259790 -1.890513 -0.053305 0.000000
5.384183 -2.565717 -0.012657 0.000000
12.599422 -2.587843 -0.029032 0.000000
7.089263 -2.778015 -0.000183 0.000000
27.533318 -2.922881 -0.101146 0.000000
10.706463 -2.950031 -0.036351 0.000000
20.717307 -3.678635 -0.076080 0.000000
-9.325954 -4.077220 0.038313 0.000000
-21.628660 -5.512652 0.081402 0.000000
-32.934567 -5.670373 0.124220 0.000000
-13.631326 -3.617326 0.054336 0.000000
-8.577116 -3.081366 0.037274 0.000000
-17.848149 -3.241839 0.070494 0.000000
10.942244 -1.468084 -0.035832 0.000000
3.509757 -2.004207 -0.000345 0.000000
4.123275 -2.057069 -0.004353 0.000000
3.234371 -2.284449 -0.002864 0.000000
7.521969 -1.681508 -0.021746 0.000000
5.123583 -2.069826 -0.010868 0.000000
3.845281 -2.274988 -0.003918 0.000000
4.426586 -0.890114 -0.002172 0.000000
3.914735 -0.700644 -0.012908 0.000000
4.752285 -0.576870 -0.005477 0.000000
3.671284 -0.872684 -0.010532 0.000000
5.712464 -0.074377 -0.008842 0.000000
4.416924 -0.772714 -0.002782 0.000000
5.786401 -0.357508 -0.006161 0.000000
4.319086 -1.045217 -0.000130 0.000000
7.287605 -0.035977 -0.019132 0.000000
5.571568 -0.932294 -0.005583 0.000000
3.212791 -0.865526 -0.006006 0.000000
-6.686647 -1.069559 0.023689 0.000000
-16.290012 -0.566920 0.065249 0.000000
24.334715 3.655207 -0.082500 0.000000
-28.440313 -0.305296 0.109709 0.000000
-12.612688 -1.336627 0.051495 0.000000
-24.118918 0.957668 0.095132 0.000000
-11.816755 -0.652622 0.032761 0.000000
-16.162514 0.398853 0.065742 0.000000
-1.160882 2.551157 -0.003060 0.000000
0.445386 2.296917 0.007594 0.000000
0.405314 2.057503 0.009971 0.000000
0.217812 1.849612 0.024724 0.000000
1.159644 2.067927 0.024871 0.000000
0.830017 1.767004 0.026817 0.000000
1.888490 6.094817 -0.000116 0.000000
1.613691 5.284900 0.013255 0.000000
-1.184068 2.214629 0.019625 0.000000
-6.936361 -0.090498 -0.012795 0.000000
-5.156181 -0.307197 -0.001428 0.000000
17.697537 -0.396775 0.038224 0.000000
9.958833 -1.133741 0.012201 0.000000
17.605075 0.276225 0.037332 0.000000
9.963287 -0.740477 0.023132 0.000000
6.955337 -1.169373 0.012407 0.000000
19.925767 2.190167 0.040221 0.000000
-9.215201 -0.730287 -0.001036 0.000000
-5.773568 -1.377718 -0.008243 0.000000
-15.804714 0.328045 -0.036335 0.000000
-7.648963 -1.079487 -0.002990 0.000000
-11.903114 -0.654775 -0.014694 0.000000
-24.752176 0.910860 -0.057583 0.000000
-24.869268 2.459372 -0.059450 0.000000
-4.252681 -1.143721 -0.021384 0.000000
-5.379379 -0.949924 -0.001174 0.000000
-4.653518 -1.237584 -0.003506 0.000000
-9.795314 -0.037182 -0.013082 0.000000
-5.914860 -1.107696 -0.042577 0.000000
-4.163502 -1.448355 -0.002219 0.000000
-17.438039 1.590090 -0.041489 0.000000
-7.998991 -0.652206 -0.007225 0.000000
-12.096993 0.074496 -0.025863 0.000000
-4.599719 -1.501040 -0.002840 0.000000
-3.736745 -0.099784 -0.002130 0.000000
-3.475910 -0.423322 -0.000203 0.000000
-4.083225 -0.025502 -0.009159 0.000000
1.009617 5.576092 -0.016304 0.000000
1.144579 5.646581 -0.016957 0.000000
1.586727 6.827369 -0.028108 0.000000
0.248984 4.417106 -0.000086 0.000000
0.503249 4.247717 0.022607 0.000000
0.045980 4.541376 -0.001773 0.000000
1.832428 6.624999 -0.000056 0.000000
2.377011 7.744936 0.077381 0.000000
1.720778 7.080426 -0.000831 0.000000
1.519450 6.363705 -0.030589 0.000000
-1.432444 6.859692 -0.006974 0.000000
-0.960305 5.520144 -0.037155 0.000000
-0.545080 3.927908 -0.000624 0.000000
-0.970378 4.325377 -0.148657 0.000000
-1.686785 7.501735 -0.008280 0.000000
-1.183701 4.508963 -0.003324 0.000000
-1.338724 4.781451 -0.004010 0.000000
-0.895914 2.816313 0.018901 0.000000
-0.195789 4.430042 -0.023657 0.000000
-0.597491 4.805705 -0.029376 0.000000
-0.213236 3.946383 -0.019995 0.000000
-0.141011 3.121238 0.020164 0.000000
-0.733712 5.390810 -0.034596 0.000000
2.110191 7.370886 -0.034467 0.000000
-0.909521 3.088969 -0.005359 0.000000
-1.110423 3.017689 -0.000961 0.000000
-1.665960 5.714791 -0.007225 0.000000
-1.102825 3.282153 -0.006876 0.000000
-9.295257 -0.012403 5.144640 0.000000
-9.833448 -0.017227 5.459511 0.000000
-3.345185 -0.024284 3.906728 0.000000
-3.384619 -0.030654 3.619666 0.000000
-3.585761 -0.020139 4.037746 0.000000
-3.423612 -0.020154 4.281067 0.000000
-3.036709 -0.008086 3.372907 0.000000
-3.175850 -0.021233 3.526756 0.000000
-4.109989 -0.014628 5.998794 0.000000
-3.892875 -0.022698 5.397269 0.000000
-3.895089 -0.037815 5.597225 0.000000
-4.099158 -0.027735 5.726334 0.000000
-4.050473 -0.036609 6.033479 0.000000
-4.225209 -0.023527 6.390325 0.000000
-4.394064 -0.014962 6.530140 0.000000
-4.396317 -0.014987 6.601480 0.000000
-3.649038 -0.025593 4.551542 0.000000
-3.765708 -0.021726 4.605672 0.000000
-3.776511 -0.036975 4.963424 0.000000
-3.891088 0.009179 5.098458 0.000000
-3.880226 -0.018188 5.160524 0.000000
-2.363678 -0.029027 2.128355 0.000000
-2.747116 -0.012024 2.555581 0.000000
-2.736333 -0.023110 2.731288 0.000000
-4.519849 -0.022881 6.992783 0.000000
-2.688839 0.002561 2.531971 0.000000
3.641441 -0.027303 6.254832 0.000000
-4.594662 -0.036788 7.152286 0.000000
-4.520759 -0.014758 7.501785 0.000000
-4.708301 -0.013044 7.655595 0.000000
3.979789 -0.009250 7.203497 0.000000
3.741342 -0.009430 6.451498 0.000000
3.402291 -0.026998 5.697867 0.000000
3.033520 -0.017881 4.471262 0.000000
2.316178 7.744672 0.598245 0.000000
1.086000 10.940297 0.670916 0.000000
1.114621 12.687786 0.287458 0.000000
1.085537 9.435599 0.415114 0.000000
1.124295 17.010530 0.279059 0.000000
1.086518 11.938951 0.454041 0.000000
1.093529 24.848013 0.409957 0.000000
1.083468 13.665960 0.772471 0.000000
1.092850 33.074053 0.828278 0.000000
1.091836 18.253642 0.870133 0.000000
1.099242 26.209410 1.177332 0.000000
-1.095355 13.658360 0.681556 0.000000
-1.086391 23.646923 0.827361 0.000000
-1.099857 16.737829 0.682468 0.000000
-1.109494 12.424284 0.712887 0.000000
-1.025438 35.710572 1.136548 0.000000
-1.078690 9.819791 0.598683 0.000000
1.091087 15.639807 0.968719 0.000000
1.111472 21.040777 1.033847 0.000000
-1.045965 24.800729 0.509004 0.000000
1.091818 31.722745 1.308963 0.000000
-1.128214 16.828405 0.458098 0.000000
-1.101031 32.891138 0.863877 0.000000
-1.096175 12.631580 0.559397 0.000000
-1.098139 20.947134 0.725708 0.000000
-0.449529 35.711589 1.110174 0.000000
-1.066590 18.434443 0.779534 0.000000
1.113382 11.091330 0.889350 0.000000
1.092529 27.961894 1.265474 0.000000
1.092126 21.422104 1.190703 0.000000
1.112029 13.044197 0.994289 0.000000
1.092142 32.665427 1.538925 0.000000
1.114315 24.031497 1.297537 0.000000
1.091883 18.885893 1.123869 0.000000
1.092375 27.617325 1.331915 0.000000
-1.974171 6.562741 1.016617 0.000000
-1.105644 18.034221 1.058217 0.000000
-1.080763 16.343899 1.006757 0.000000
-1.100746 30.167648 1.305533 0.000000
-1.098975 24.747134 0.937276 0.000000
-1.088003 11.145574 0.720138 0.000000
-1.116376 16.926016 0.685649 0.000000
-1.142214 24.011742 0.467507 0.000000
-1.149750 28.059621 0.567120 0.000000
1.046504 25.860350 0.349131 0.000000
-1.132543 19.015440 0.547691 0.000000
-1.062733 35.708433 0.488242 0.000000
-1.109703 14.009079 0.400495 0.000000
-1.156194 31.483624 0.279466 0.000000
-1.091464 8.837076 0.590115 0.000000
1.125768 20.082834 0.433512 0.000000
1.141757 29.945109 0.453658 0.000000
-1.135195 20.312712 0.303170 0.000000
1.051970 22.442540 0.479682 0.000000
-0.839893 30.037253 0.028369 0.000000
-1.143919 24.811529 0.039598 0.000000
-1.070409 11.210317 0.368803 0.000000
1.046271 26.032342 0.442468 0.000000
-1.095116 12.493995 0.089638 0.000000
2.471736 7.744891 0.860605 0.000000
1.058544 18.108484 0.427445 0.000000
2.749781 -0.041609 3.447880 0.000000
3.202376 -0.009591 5.112561 0.000000
3.253482 0.003267 5.120213 0.000000
3.848078 -0.061007 7.682172 0.000000
3.647616 -0.031135 7.004625 0.000000
3.728276 -0.025493 6.897954 0.000000
4.236663 -0.028605 7.677959 0.000000
3.688847 -0.023529 6.618990 0.000000
3.462304 -0.026688 6.047777 0.000000
3.536132 -0.010819 5.938560 0.000000
0.029397 0.414874 0.057233 0.000000
-0.965230 1.532538 0.024313 0.000000
1.102349 2.747398 0.022120 0.000000
1.000916 2.291736 0.025828 0.000000
-13.451373 -1.888287 0.006837 0.000000
-29.717695 -1.742754 0.007380 0.000000
-23.259224 -2.794703 0.006438 0.000000
-19.591386 -3.511648 0.005951 0.000000
-17.263355 -4.079005 0.005653 0.000000
14.736757 -3.657525 0.002180 0.000000
18.783437 -3.206794 0.001321 0.000000
26.141326 -2.470094 0.000154 0.000000
15.281308 -1.621844 0.002972 0.000000
-11.242526 -0.399114 0.007766 0.000000
-20.385442 0.898588 0.008007 0.000000
-10.919595 -0.873978 0.007625 0.000000
-20.051224 0.074335 0.007622 0.000000
-20.822526 -0.632863 0.007326 0.000000
7.593734 -1.025790 0.008337 0.000000
-23.007890 -1.338050 0.007102 0.000000
23.700628 -1.697201 0.000975 0.000000
11.377918 -1.869048 0.004214 0.000000
33.304577 -0.282866 -0.000056 0.000000
13.351666 -1.332254 0.003710 0.000000
16.572380 -0.552873 0.003099 0.000000
9.519997 -1.187469 0.005394 0.000000
22.795657 0.814330 0.002308 0.000000
11.395071 -0.618988 0.004752 0.000000
-12.082092 -3.530365 0.002774 0.000000
-19.111883 -2.679765 0.000867 0.000000
-7.834162 -3.003889 0.005267 0.000000
-26.214692 -5.286812 -0.001492 0.000000
-19.410721 -5.381152 -0.000050 0.000000
36.747194 -4.059751 0.007374 0.000000
13.727040 -2.790167 0.006270 0.000000
15.737484 -2.217867 0.006370 0.000000
18.762475 -1.442697 0.006635 0.000000
23.976403 -0.245259 0.007283 0.000000
7.096981 -1.645775 0.017205 0.000000
8.187276 -1.505649 0.014210 0.000000
-36.208176 0.336741 -0.001606 0.000000
-8.604979 -1.427252 0.030073 0.000000
-14.149938 -1.121248 0.002745 0.000000
-6.839729 -2.087693 0.006406 0.000000
-23.266142 -1.343921 0.000318 0.000000
-17.651902 -2.164609 0.001399 0.000000
-8.774255 -2.433275 0.004795 0.000000
8.250569 -1.984998 0.007585 0.000000
10.325022 -2.459282 0.006812 0.000000
37.838031 -5.441590 0.060319 0.000000
18.695130 -2.807543 0.006221 0.000000
27.651935 -1.883119 0.007097 0.000000
12.757383 -1.960204 0.006597 0.000000
23.686252 -5.341430 0.005709 0.000000
-14.929070 -2.877455 0.001969 0.000000
-7.974104 -2.840763 0.003633 0.000000
-39.813659 -4.302938 -0.003621 0.000000
-24.521456 -4.580141 -0.000932 0.000000
-17.762692 -4.737149 0.000570 0.000000
-8.479896 -3.745768 0.004534 0.000000
-38.086657 -9.769733 -0.005009 0.000000
-6.861505 -0.592489 0.002884 0.000000
13.549103 0.375897 0.004389 0.000000
-10.683266 0.041148 0.008042 0.000000
-20.623947 1.952927 0.008489 0.000000
35.222573 4.189455 0.001704 0.000000
18.779799 1.884077 0.003643 0.000000
-14.584331 -2.701258 0.002133 0.000000
-2.912890 -0.793726 -0.011889 0.000000
-5.163232 -0.044531 -0.002294 0.000000
-4.240328 -0.409682 -0.003540 0.000000
-2.987295 -1.363171 -0.005942 0.000000
-4.155571 -1.046387 -0.002072 0.000000
-35.910901 4.902061 -0.147173 0.000000
-6.048579 -0.826427 -0.019565 0.000000
-8.435556 -0.275008 -0.059095 0.000000
-13.664587 0.634817 -0.054189 0.000000
-7.165729 -0.967905 -0.004757 0.000000
-10.537545 -0.213480 -0.012979 0.000000
-20.112280 1.280679 -0.081712 0.000000
-3.570948 -1.352797 -0.043344 0.000000
-6.557692 -0.543131 -0.013701 0.000000
-3.378686 -1.205255 -0.009761 0.000000
-5.464734 -0.866616 -0.000704 0.000000
-2.817177 -1.448943 -0.004383 0.000000
-7.260917 -0.431910 -0.092550 0.000000
-3.509493 -1.501657 -0.016032 0.000000
-0.183052 -1.616720 0.133651 0.000000
-3.178223 -0.335253 -0.001188 0.000000
-2.817044 -0.038427 -0.006765 0.000000
-3.318540 -0.031753 -0.005788 0.000000
-4.912565 -2.470907 -0.014155 0.000000
-3.701316 -2.531072 -0.006600 0.000000
-2.931407 -2.400128 -0.000747 0.000000
-10.593108 -2.435507 -0.005722 0.000000
-4.484673 -2.642910 -0.011665 0.000000
-3.434028 -2.662390 -0.004752 0.000000
-19.284791 -2.994102 -0.017790 0.000000
-8.866415 -2.851750 -0.034295 0.000000
-7.157288 -2.357393 -0.026001 0.000000
-4.118361 -2.794175 -0.009439 0.000000
-14.726463 -3.420408 -0.060784 0.000000
-7.703354 -3.107124 -0.028793 0.000000
-5.132950 -2.990668 -0.015529 0.000000
-11.943876 -3.722347 -0.048498 0.000000
-6.795239 -3.314093 -0.024365 0.000000
-26.389889 -5.823583 -0.111408 0.000000
-10.021783 -3.944084 -0.039834 0.000000
-18.991063 -5.699562 -0.079649 0.000000
-3.042496 -2.017742 -0.016608 0.000000
-3.665697 -2.003262 -0.006321 0.000000
-2.913150 -2.282538 -0.000579 0.000000
26.269477 -5.525121 0.110651 0.000000
-4.364332 -2.219198 -0.010863 0.000000
-3.215268 -2.290640 -0.003019 0.000000
-4.006008 -2.384739 -0.008612 0.000000
-3.033482 -2.413195 -0.001594 0.000000
9.728968 -2.380448 0.043766 0.000000
11.689626 -3.566027 0.051221 0.000000
38.363376 -5.319610 0.161211 0.000000
8.466665 -2.726888 0.038974 0.000000
17.299691 -2.684571 0.073942 0.000000
22.777044 -1.866263 0.096603 0.000000
7.566202 -1.235621 0.015429 0.000000
31.851642 -2.931231 0.134254 0.000000
14.683339 -1.834680 0.063406 0.000000
17.843511 -1.108237 0.076354 0.000000
23.601907 0.063057 0.100248 0.000000
11.575355 -1.063435 0.027824 0.000000
37.527716 -3.454496 0.157939 0.000000
-29.920069 -4.757489 -0.126327 0.000000
-23.843747 -5.255632 -0.100448 0.000000
18.919473 -4.532557 0.080346 0.000000
9.964767 -3.331245 0.044536 0.000000
25.028598 -4.134500 0.105667 0.000000
11.688060 -2.983381 0.055762 0.000000
-12.692260 -3.160574 -0.051759 0.000000
13.875756 -2.445363 0.023749 0.000000
-4.611899 -2.416441 -0.012385 0.000000
-4.193486 -2.052998 -0.022619 0.000000
-7.123635 -2.097714 -0.002092 0.000000
-3.616009 -2.335825 -0.005971 0.000000
-10.153311 -2.033169 -0.040161 0.000000
-6.245692 -2.236396 -0.026164 0.000000
-3.421731 -2.466076 -0.004600 0.000000
-17.855338 -2.075546 -0.074263 0.000000
-8.940336 -2.418398 -0.034583 0.000000
-4.366611 -2.403633 -0.010897 0.000000
-14.746051 -2.701328 -0.060777 0.000000
-8.035816 -2.730360 -0.030334 0.000000
-5.431078 -2.736083 -0.017116 0.000000
9.846161 -1.942278 0.044264 0.000000
-5.414453 -2.009646 -0.016932 0.000000
-2.827992 -2.149133 -0.010417 0.000000
-4.376361 -2.005519 -0.010934 0.000000
-3.530725 -2.032367 -0.019426 0.000000
-17.099063 -0.810963 -0.069501 0.000000
-8.406716 -1.699921 -0.031266 0.000000
-13.727579 -1.509690 -0.055130 0.000000
-36.829132 -0.687453 -0.152895 0.000000
-11.731254 -1.991236 -0.046494 0.000000
-25.856194 -1.993604 -0.107154 0.000000
37.343286 2.700268 0.157387 0.000000
28.179312 2.572658 0.119471 0.000000
12.328929 0.017899 0.054246 0.000000
24.129061 2.821290 0.102886 0.000000
11.758281 0.372840 0.052109 0.000000
-5.141900 -1.744491 -0.042174 0.000000
-3.449939 -1.762245 -0.019010 0.000000
-5.632537 -1.441090 -0.017476 0.000000
-4.152261 -1.769329 -0.029256 0.000000
-3.287742 -1.870986 -0.023431 0.000000
-7.443874 -1.361017 -0.004825 0.000000
-3.918044 -1.835579 -0.026954 0.000000
-3.169297 -1.924875 -0.020743 0.000000
-11.515060 -0.833420 -0.045167 0.000000
-6.648407 -1.491020 -0.006397 0.000000
-4.639787 -1.848300 -0.032040 0.000000
-3.698619 -1.925871 -0.024153 0.000000
-23.667506 0.418618 -0.097090 0.000000
-3.078002 -1.704553 -0.012391 0.000000
-2.859877 -1.878938 -0.020067 0.000000
-3.253628 -2.182839 -0.012400 0.000000
-3.846413 -2.197226 -0.007541 0.000000
-3.080587 -2.287993 -0.001959 0.000000
-6.626904 -2.132444 -0.031362 0.000000
-4.611015 -2.293095 -0.016580 0.000000
17.309678 -0.387358 0.074023 0.000000
14.454914 -1.838275 0.062081 0.000000
15.513206 -1.072392 0.025502 0.000000
9.308886 -1.515166 0.006151 0.000000
39.612647 -3.178319 0.164810 0.000000
-13.198304 -2.650451 -0.053941 0.000000
-9.427091 -2.080717 -0.036816 0.000000
-5.988532 -2.299081 -0.020039 0.000000
-16.263230 -2.130057 -0.067347 0.000000
-8.341146 -2.544180 -0.093750 0.000000
-4.099941 -2.558063 -0.009252 0.000000
-7.393150 -2.680864 -0.027209 0.000000
-5.102725 -2.695034 -0.015282 0.000000
-32.597545 -3.603802 -0.137579 0.000000
-11.239521 -3.036107 -0.045230 0.000000
-6.737336 -2.919567 -0.023990 0.000000
-23.278839 -4.152098 -0.097887 0.000000
-9.880786 -3.353216 -0.039086 0.000000
-18.454434 -4.446667 -0.006459 0.000000
-4.793298 -0.036642 6.861932 0.000000
-4.858243 -0.022277 7.692738 0.000000
3.464147 -0.013378 4.833038 0.000000
5.773038 -0.028844 7.811970 0.000000
4.057381 -0.000090 7.146531 0.000000
4.044034 -0.009713 6.806192 0.000000
3.755984 -0.051223 5.557919 0.000000
-1.115951 2.427265 0.011581 0.000000
-2.078381 -0.020858 1.998064 0.000000
-1.948400 -0.021189 1.706242 0.000000
-3.325984 -0.003256 4.015254 0.000000
-3.316485 -0.021472 4.338425 0.000000
-3.226834 -0.016950 4.538448 0.000000
-3.879658 -0.019212 4.930032 0.000000
-3.422778 -0.003467 4.439931 0.000000
-3.064145 -0.021141 3.773996 0.000000
-3.575349 -0.021061 4.741868 0.000000
-3.056834 -0.007831 3.928585 0.000000
-3.640735 -0.022018 5.666640 0.000000
-3.703290 -0.021281 5.857345 0.000000
-4.514612 -0.018069 6.623299 0.000000
-3.702031 -0.018809 6.053332 0.000000
-3.742411 -0.024913 5.419777 0.000000
-3.910711 -0.036667 6.268526 0.000000
-4.571531 -0.034201 7.231553 0.000000
-3.960418 -0.021256 6.419325 0.000000
-3.817907 -0.043083 6.728458 0.000000
-3.980225 -0.019986 6.897746 0.000000
-4.079595 -0.013780 7.023882 0.000000
-4.190978 -0.019232 7.487335 0.000000
-4.013043 -0.018764 5.277711 0.000000
-3.483705 -0.019607 4.928717 0.000000
-3.614627 -0.015803 5.176185 0.000000
-4.169383 -0.020498 5.443415 0.000000
-3.547445 -0.022388 5.150345 0.000000
-3.642555 -0.000099 5.255431 0.000000
-4.395616 -0.001513 6.158875 0.000000
-2.581801 -0.017709 2.534120 0.000000
-2.964661 -0.023795 3.343613 0.000000
-2.971262 -0.029612 3.023429 0.000000
-2.936047 -0.020831 3.593466 0.000000
-2.625531 -0.010490 2.907572 0.000000
2.520328 7.745183 0.770971 0.000000
2.433927 7.743772 0.215249 0.000000
-2.025267 6.563168 0.742787 0.000000
1.080880 8.563796 0.234263 0.000000
1.085841 11.243218 0.159526 0.000000
0.764803 21.109075 0.016253 0.000000
1.079632 17.366849 0.292372 0.000000
0.420835 22.477948 0.015519 0.000000
1.138632 24.401212 0.277127 0.000000
0.040102 24.530937 0.014973 0.000000
-1.050890 25.078842 0.274302 0.000000
-1.135545 17.410104 0.331529 0.000000
-1.125584 34.865260 0.318083 0.000000
-1.067737 13.100770 0.246267 0.000000
-1.114161 22.161372 0.310343 0.000000
-0.418820 27.528665 0.014589 0.000000
1.071552 29.693016 0.453269 0.000000
1.114870 16.853561 0.419114 0.000000
1.139288 35.369883 0.443914 0.000000
-1.117289 29.386696 0.370792 0.000000
1.560289 3.780513 0.021716 0.000000
1.266926 3.385363 0.021711 0.000000
2.069314 6.738508 0.007360 0.000000
0.815467 1.126140 0.032455 0.000000
7.174658 -0.025742 7.814059 0.000000
-4.035609 -0.018722 7.738220 0.000000
-4.047110 -0.030250 7.350428 0.000000
3.971138 -0.007988 7.038223 0.000000
0.412786 16.472689 0.121014 0.000000
0.982276 12.070060 0.034432 0.000000
0.999344 8.807932 0.321136 0.000000
0.902061 14.903186 0.108624 0.000000
0.985210 10.773704 0.299172 0.000000
0.663209 15.541693 0.113867 0.000000
0.964315 13.594853 0.271161 0.000000
0.994402 9.570316 0.406560 0.000000
0.931661 17.899674 0.233742 0.000000
0.978343 11.776711 0.385560 0.000000
0.140495 17.766656 0.130568 0.000000
0.874052 25.355552 0.175112 0.000000
0.976436 15.369075 0.358168 0.000000
0.989624 10.271968 0.453347 0.000000
-0.175707 19.574774 0.143612 0.000000
0.467786 25.618481 0.178541 0.000000
0.915203 20.112716 0.321410 0.000000
0.971452 12.739502 0.424454 0.000000
-0.566290 22.179660 0.041941 0.000000
0.959530 9.724658 0.026003 0.000000
-1.594720 4.570975 0.015232 0.000000
-1.297607 3.266495 0.032337 0.000000
-1.346159 3.678515 0.016225 0.000000
-1.706499 5.217697 0.005850 0.000000
-1.641169 5.123610 0.015730 0.000000
-1.483392 3.835700 0.015731 0.000000
-1.075206 2.960432 0.018004 0.000000
-4.484119 -0.020463 6.373231 0.000000
-4.243957 -0.017561 5.698987 0.000000
-4.335654 -0.019166 5.807048 0.000000
-3.949013 -0.040281 6.173044 0.000000
-4.770276 -0.045167 7.598188 0.000000
0.052284 26.328257 0.185199 0.000000
-3.649364 -0.030732 7.377164 0.000000
-4.058173 -0.020444 6.653736 0.000000
-3.443391 -0.021114 6.073651 0.000000
-4.145920 -0.043567 6.982381 0.000000
-3.513715 -0.018232 6.299601 0.000000
-3.477554 -0.016769 6.464915 0.000000
-3.704691 -0.014246 6.683721 0.000000
-4.341280 -0.005476 7.695057 0.000000
-3.601937 -0.015873 6.900354 0.000000
-3.639737 -0.006981 7.088978 0.000000
-3.668790 -0.018438 7.707527 0.000000
3.975085 -0.004457 7.422973 0.000000
3.791759 -0.019988 7.386680 0.000000
2.057735 6.980267 0.053760 0.000000
1.675604 6.548566 0.012511 0.000000
0.899117 5.974301 0.001006 0.000000
1.559549 7.337327 0.006466 0.000000
0.502258 4.805400 0.022736 0.000000
0.932349 5.402416 0.023977 0.000000
1.066665 6.469853 0.006547 0.000000
1.369587 7.024734 0.006455 0.000000
0.358379 4.885623 0.007626 0.000000
0.466971 5.047509 0.007525 0.000000
0.713408 5.467201 0.007265 0.000000
0.701760 5.059756 0.023272 0.000000
1.347777 6.729738 0.006719 0.000000
-3.540234 -0.015008 5.972501 0.000000
-1.421142 -0.051790 1.341602 0.000000
-1.220130 13.389038 0.314514 0.000000
-1.241506 15.892201 0.175771 0.000000
-1.210182 12.136211 0.214725 0.000000
-0.865502 20.593496 0.153624 0.000000
-1.842571 7.741711 0.669549 0.000000
-0.555983 29.253836 0.206935 0.000000
0.842758 29.445466 0.260190 0.000000
0.943725 16.413778 0.386232 0.000000
-1.066903 25.781949 0.044203 0.000000
-0.386652 27.673411 0.196015 0.000000
0.413451 32.269614 0.221086 0.000000
0.897154 22.466587 0.329171 0.000000
-1.292321 22.208886 0.272134 0.000000
-0.885335 29.735545 0.211704 0.000000
-0.093954 30.381586 0.211709 0.000000
0.790802 33.704928 0.228263 0.000000
-1.241303 15.976399 0.349738 0.000000
-1.351444 29.564932 0.249593 0.000000
0.215921 28.296076 0.196847 0.000000
-1.210407 12.276322 0.399677 0.000000
-1.272729 19.816429 0.322462 0.000000
-1.008835 28.835160 0.206623 0.000000
-0.211348 24.747105 0.176534 0.000000
-1.281457 15.351295 0.364314 0.000000
-1.319822 25.601566 0.229216 0.000000
-0.560536 22.306141 0.162877 0.000000
-1.203124 11.407661 0.395126 0.000000
-1.256551 17.798843 0.281132 0.000000
-1.818628 7.742244 0.508026 0.000000
-2.161712 6.564138 0.421533 0.000000
-2.034532 6.563722 0.396544 0.000000
-2.775627 -0.022155 3.370584 0.000000
-2.889667 -0.006665 3.710219 0.000000
-2.409871 -0.023366 2.729141 0.000000
-2.406268 -0.020673 2.950454 0.000000
-2.679559 -0.010998 3.085470 0.000000
-3.373941 -0.037193 5.182229 0.000000
-3.351737 -0.035349 4.736030 0.000000
-3.280193 -0.021684 4.953474 0.000000
-3.928703 -0.018809 5.657044 0.000000
-4.426366 -0.009370 6.458515 0.000000
-3.318257 -0.019503 5.324316 0.000000
-3.968643 -0.024206 5.871525 0.000000
-3.203710 -0.039152 5.546597 0.000000
-4.762903 -0.013410 7.091685 0.000000
-3.481580 -0.039451 5.757957 0.000000
-4.043125 -0.014280 6.439726 0.000000
-2.841754 -0.021347 3.890375 0.000000
-3.148961 -0.022014 4.004178 0.000000
-3.129156 -0.020458 4.353034 0.000000
-3.165676 -0.025354 4.402261 0.000000
-1.676527 -0.019896 1.582799 0.000000
-2.288723 -0.023108 2.306068 0.000000
-2.513962 0.007139 2.513634 0.000000
-2.100307 -0.020817 2.101160 0.000000
8.023535 0.002653 5.401282 0.000000
7.636830 0.109879 5.011889 0.000000
9.068911 0.021647 7.065279 0.000000
8.600309 0.001660 6.633833 0.000000
8.084112 0.140886 6.075243 0.000000
9.389512 0.007620 6.884025 0.000000
8.919875 0.000678 6.336398 0.000000
8.559539 0.135580 5.816799 0.000000
8.203910 0.015109 3.413387 0.000000
7.158824 0.006085 3.022955 0.000000
7.640323 0.042232 3.007999 0.000000
6.821759 0.003594 2.780177 0.000000
7.365837 0.009365 2.834959 0.000000
6.511623 0.001174 2.559294 0.000000
6.591266 0.036005 2.968719 0.000000
7.000917 0.006639 2.588144 0.000000
6.663947 0.003981 2.363034 0.000000
6.232754 0.023894 2.155682 0.000000
8.860886 0.016898 4.288126 0.000000
9.438466 0.015368 5.566762 0.000000
8.996092 0.011061 5.097973 0.000000
8.414595 0.010221 4.701700 0.000000
9.459104 0.004337 5.120641 0.000000
7.980024 0.007802 4.339517 0.000000
8.955507 0.085316 4.664861 0.000000
7.532051 0.084726 4.114645 0.000000
8.464658 0.075264 4.305104 0.000000
7.248773 0.001055 3.720953 0.000000
9.407085 0.019891 4.704795 0.000000
7.865765 0.001479 4.056577 0.000000
6.898556 0.000986 3.455003 0.000000
7.547131 0.000971 3.611547 0.000000
9.836992 0.024748 4.575009 0.000000
8.370504 0.014037 3.918095 0.000000
7.242268 0.049846 3.425441 0.000000
9.230198 0.021364 4.139071 0.000000
7.833207 0.006447 3.487904 0.000000
6.903310 0.042671 3.186417 0.000000
8.754391 0.000948 3.784703 0.000000
7.468242 0.004183 3.209675 0.000000
-6.305572 -0.089505 7.805652 0.000000
1.715356 4.944766 0.021726 0.000000
1.571501 4.353509 0.021499 0.000000
1.223500 3.963295 0.033512 0.000000
1.886142 6.894901 0.012851 0.000000
7.809755 0.012326 2.195216 0.000000
9.191611 0.001160 2.825331 0.000000
9.177368 0.034012 1.965863 0.000000
8.938622 0.046489 2.096155 0.000000
8.793698 0.020625 2.425053 0.000000
8.697925 0.067205 2.655892 0.000000
8.533772 0.025096 1.739730 0.000000
8.514983 0.026686 1.853704 0.000000
8.289378 0.045073 2.113336 0.000000
8.211439 0.015101 2.427412 0.000000
8.047245 0.018406 1.457732 0.000000
7.872297 0.024813 1.622880 0.000000
7.948908 0.025541 1.882469 0.000000
9.388752 0.069384 2.660402 0.000000
7.458475 0.009783 1.368083 0.000000
7.570842 0.010701 1.454718 0.000000
7.573411 0.017990 1.652136 0.000000
7.595971 0.024781 1.900892 0.000000
7.170623 0.011368 1.090610 0.000000
7.006909 0.003163 1.215078 0.000000
7.127390 0.011140 1.487505 0.000000
7.160736 0.017789 1.728197 0.000000
6.790298 0.008096 0.934323 0.000000
6.782338 0.006861 1.154382 0.000000
6.722894 0.004808 1.339774 0.000000
6.794169 0.004654 1.619434 0.000000
9.606369 0.002904 3.395797 0.000000
9.696414 0.046250 2.363123 0.000000
9.546198 0.027351 2.458098 0.000000
6.442402 0.004967 0.793303 0.000000
6.453876 0.003977 1.006198 0.000000
6.474437 0.003078 1.227362 0.000000
6.413956 0.005486 1.436533 0.000000
6.124639 0.001980 0.666496 0.000000
6.150814 0.001200 0.871186 0.000000
6.187507 0.000522 1.085418 0.000000
6.658154 0.025679 2.126325 0.000000
7.612032 0.057606 3.688905 0.000000
8.744508 0.009283 4.687745 0.000000
9.409065 0.019634 3.751839 0.000000
9.023718 0.015289 3.941089 0.000000
8.664120 0.011155 4.132312 0.000000
8.288483 0.006093 4.345954 0.000000
8.838481 0.016311 3.382238 0.000000
8.522142 0.012441 3.584986 0.000000
8.231354 0.008774 3.794892 0.000000
8.328007 0.013159 3.055250 0.000000
8.129069 0.000236 3.296188 0.000000
9.145287 0.013645 4.511031 0.000000
7.952145 0.050335 2.782190 0.000000
7.771465 0.054966 2.984948 0.000000
7.475320 0.041358 2.537974 0.000000
7.217254 0.034530 2.760544 0.000000
7.087654 0.048652 2.879600 0.000000
7.047383 0.033199 2.321212 0.000000
6.833889 0.027460 2.538910 0.000000
9.697749 0.013567 5.524403 0.000000
9.748445 0.002719 4.866681 0.000000
9.120406 0.002981 5.119133 0.000000
9.582232 0.018272 4.342029 0.000000
-8.104931 -0.544121 0.015662 0.000000
-9.808421 -0.035891 0.226568 0.000000
-13.074622 0.332774 0.079087 0.000000
-4.437084 -1.022893 0.038659 0.000000
-34.348313 4.047696 0.197175 0.000000
19.644321 0.125029 -0.080350 0.000000
10.193369 -0.946781 -0.022774 0.000000
27.466622 1.822652 -0.110591 0.000000
6.681652 -1.210975 -0.011928 0.000000
12.021971 -0.301179 -0.044458 0.000000
5.154887 -1.425423 -0.002577 0.000000
7.652815 -0.828426 -0.014592 0.000000
15.296887 0.613019 -0.056607 0.000000
4.071585 -1.530012 -0.017583 0.000000
8.929311 -0.459280 -0.029270 0.000000
22.071150 2.393656 -0.081616 0.000000
3.360188 -1.421305 -0.007249 0.000000
4.201015 -1.359598 -0.015136 0.000000
6.303334 -0.918524 -0.032073 0.000000
10.984624 0.201018 -0.036851 0.000000
3.596950 -1.537620 -0.013584 0.000000
4.939054 -1.033204 -0.003768 0.000000
5.311035 -0.830252 -0.006504 0.000000
3.598907 -1.283613 -0.009634 0.000000
-11.883840 -0.400088 0.070223 0.000000
-7.665751 -1.353043 0.006249 0.000000
-23.832277 1.139946 0.133387 0.000000
-23.959467 0.239371 0.129769 0.000000
-25.566202 -0.574630 0.133586 0.000000
-12.252806 -1.749903 0.065600 0.000000
7.883904 0.014677 0.604710 0.000000
9.434058 0.025651 1.134688 0.000000
9.305083 0.023424 1.392076 0.000000
9.075273 0.025880 0.439185 0.000000
8.959561 0.023737 0.688087 0.000000
8.858303 0.021734 0.936097 0.000000
8.774704 0.019889 1.185762 0.000000
8.475918 0.021476 0.283320 0.000000
8.406808 0.019740 0.522569 0.000000
8.346194 0.018099 0.761097 0.000000
8.232956 0.008316 1.010536 0.000000
7.945797 0.017406 0.147376 0.000000
7.907851 0.015974 0.374724 0.000000
9.580269 0.028036 0.876046 0.000000
7.869724 0.013478 0.837387 0.000000
7.470271 0.013593 0.027011 0.000000
7.461223 0.012457 0.243811 0.000000
7.464158 0.011438 0.464210 0.000000
7.476154 0.010512 0.688116 0.000000
6.056744 -0.261705 -0.012700 0.000000
7.055555 0.009125 0.126453 0.000000
7.078447 0.008338 0.336384 0.000000
7.112603 0.007660 0.551401 0.000000
6.685713 0.005961 0.020558 0.000000
6.727558 0.005401 0.221388 0.000000
6.780276 0.004949 0.427733 0.000000
9.891040 0.027168 1.622219 0.000000
9.749863 0.030626 0.616383 0.000000
5.435738 -0.305751 -0.031786 0.000000
6.401832 0.002566 0.115967 0.000000
6.470430 0.002322 0.313668 0.000000
4.771593 -0.372836 -0.022259 0.000000
-1.000269 7.532838 0.073000 0.000000
-0.539881 2.608853 0.020609 0.000000
-1.409985 6.898112 0.004305 0.000000
-0.346169 5.764101 0.059155 0.000000
-0.120081 4.668781 0.009758 0.000000
-0.311085 4.904496 0.008935 0.000000
-1.684794 7.591697 0.003265 0.000000
-1.885544 7.734270 0.096732 0.000000
-1.982542 5.927793 0.014763 0.000000
-1.288631 3.153696 0.016987 0.000000
7.992870 0.002022 4.806654 0.000000
7.680444 0.005557 4.418308 0.000000
-7.761432 -0.120236 7.850577 0.000000
9.514936 0.009476 7.070253 0.000000
8.612080 0.001676 6.099773 0.000000
8.868353 0.131262 5.616535 0.000000
8.201634 0.000170 5.645332 0.000000
8.487307 0.003253 5.355054 0.000000
-29.397531 -1.454172 0.147707 0.000000
2.940346 -1.670165 -0.006460 0.000000
-9.312712 0.000884 1.288630 0.000000
17.400590 -2.297628 0.049959 0.000000
21.893372 -1.620016 0.041057 0.000000
11.406616 -1.757374 0.012818 0.000000
-8.090546 -0.046726 -0.025653 0.000000
-6.818650 -0.333319 -0.004021 0.000000
-5.230561 -0.729976 -0.000816 0.000000
-6.677503 -0.052407 -0.074295 0.000000
5.489364 -1.508628 -0.028235 0.000000
2.800693 -1.851568 -0.001525 0.000000
4.408367 -1.450832 -0.004154 0.000000
7.247594 -1.337115 -0.013384 0.000000
3.022455 -1.766682 -0.004252 0.000000
3.693859 -1.638145 -0.000460 0.000000
3.259730 -1.679513 -0.009482 0.000000
10.331128 -1.085898 -0.013450 0.000000
4.612416 -1.905540 -0.006608 0.000000
17.929020 -0.468191 -0.011199 0.000000
8.739519 -1.497587 -0.003856 0.000000
31.789923 -0.394297 0.031089 0.000000
-3.042255 -1.109164 -0.012287 0.000000
-4.484766 -0.303753 -0.112424 0.000000
-3.504485 -1.153733 -0.049939 0.000000
-5.591859 -0.367529 -0.010220 0.000000
-4.287894 -0.869947 -0.003145 0.000000
-2.769445 -1.133061 -0.009147 0.000000
-33.661859 -3.692172 -0.072040 0.000000
-7.168176 -1.865832 -0.008896 0.000000
-4.888140 -2.166148 -0.022339 0.000000
-27.787541 -0.747558 -0.153490 0.000000
-10.283068 -1.903136 -0.007284 0.000000
-18.397918 -1.999747 -0.078706 0.000000
-8.617281 -2.251990 -0.005110 0.000000
-13.756958 -2.759223 -0.000707 0.000000
-13.019045 -1.356613 -0.082111 0.000000
26.884601 -8.945676 0.308729 0.000000
12.297329 -5.119013 0.130865 0.000000
38.610299 -10.005610 0.383442 0.000000
7.960433 -3.983031 0.079278 0.000000
14.545253 -4.950976 0.132053 0.000000
5.810496 -3.438803 0.018732 0.000000
8.968176 -3.781279 0.075164 0.000000
-5.540606 -1.542046 -0.044292 0.000000
-7.303794 -1.229826 -0.007647 0.000000
17.812455 -4.753327 0.135575 0.000000
-17.556087 -0.353195 -0.132376 0.000000
-8.462303 -1.545917 -0.058893 0.000000
8.041923 -2.809343 0.039291 0.000000
11.969089 -3.249585 0.065746 0.000000
23.208646 -4.513528 0.144656 0.000000
10.232726 -3.540114 0.070539 0.000000
-2.895166 -1.603573 -0.007929 0.000000
-3.224460 -1.646426 -0.013834 0.000000
-2.746150 -1.803891 -0.021803 0.000000
-12.167717 -0.439278 -0.003906 0.000000
-24.583062 0.898180 -0.199235 0.000000
-10.787747 -1.121601 -0.082179 0.000000
-20.396551 -0.426946 -0.139548 0.000000
15.896059 -4.672615 0.126738 0.000000
9.345254 -3.530287 0.067634 0.000000
18.528524 -4.292616 0.122041 0.000000
10.348090 -3.328879 0.063632 0.000000
23.092022 -3.879499 0.122510 0.000000
31.923706 -3.302617 0.131401 0.000000
-32.615949 3.184812 -0.304721 0.000000
-2.775229 -1.658120 -0.006727 0.000000
-5.173491 -1.142441 -0.005581 0.000000
-3.989716 -1.539182 -0.023544 0.000000
-9.203514 -0.044940 -0.002778 0.000000
-6.523555 -0.952105 -0.004041 0.000000
-17.250550 1.546627 -0.196608 0.000000
-8.994572 -0.407831 -0.001215 0.000000
-5.851411 -1.324207 -0.000800 0.000000
-14.051415 0.302806 -0.142777 0.000000
-7.869924 -0.831743 -0.008222 0.000000
-4.012766 -1.200458 -0.000945 0.000000
-5.453090 -0.669837 -0.001107 0.000000
-3.127770 -1.472336 -0.009759 0.000000
-3.972281 -1.017554 -0.001142 0.000000
-2.046889 -0.184210 -0.005654 0.000000
-2.171279 -0.252533 -0.003560 0.000000
-2.648241 -0.141765 -0.004378 0.000000
-2.432239 -0.082920 -0.002318 0.000000
-7.482398 0.071860 3.123307 0.000000
-8.110827 0.066204 2.942369 0.000000
-9.239662 0.081151 3.279888 0.000000
-6.764600 0.025324 2.726544 0.000000
-7.580685 0.015207 2.971055 0.000000
-8.794835 0.059130 3.308042 0.000000
-7.138811 0.033375 2.963448 0.000000
-8.044648 0.076273 3.206282 0.000000
-9.324241 0.070529 3.648603 0.000000
-7.091575 0.009812 2.612510 0.000000
-8.499800 0.052434 3.537214 0.000000
-9.811396 0.000271 4.078589 0.000000
-7.908916 0.083842 3.408626 0.000000
-9.114387 0.064165 3.907138 0.000000
-8.383919 0.097119 3.728976 0.000000
-9.748804 0.121533 4.312929 0.000000
-8.917779 0.111945 4.091275 0.000000
-9.522639 0.128653 4.504501 0.000000
-6.579922 0.008860 2.534327 0.000000
-8.635503 0.066752 2.930818 0.000000
-7.665292 0.014976 2.784720 0.000000
-6.982414 0.015545 2.411758 0.000000
-6.114442 0.011075 2.319176 0.000000
-8.100718 0.053927 2.624639 0.000000
-7.226449 0.043554 2.410069 0.000000
-6.492406 0.034209 2.226317 0.000000
-5.843582 0.003243 2.039422 0.000000
-7.623482 0.042418 2.354244 0.000000
-6.926437 0.007561 2.163717 0.000000
-6.186685 0.025785 2.037850 0.000000
-5.634697 0.000616 1.980466 0.000000
-7.164952 0.015493 2.026610 0.000000
-6.448567 0.005906 1.870030 0.000000
7.681109 0.002443 1.055953 0.000000
8.006091 0.009425 1.358252 0.000000
-5.965106 0.002014 1.899061 0.000000
8.048359 0.000122 0.958320 0.000000
8.519396 0.017567 1.560019 0.000000
8.543431 0.008559 1.134629 0.000000
9.094417 0.026587 1.788828 0.000000
9.095790 0.017880 1.333329 0.000000
9.112381 0.007307 1.053675 0.000000
9.701624 0.032890 1.840408 0.000000
9.715426 0.028256 1.558887 0.000000
9.773678 0.017315 1.266702 0.000000
9.850956 0.006678 0.980645 0.000000
-5.404097 0.003960 1.565082 0.000000
-5.627488 0.001708 1.479596 0.000000
-6.131768 0.005832 1.529493 0.000000
-5.895650 0.008825 1.631931 0.000000
-6.494384 0.001548 1.648949 0.000000
-5.169402 0.005195 1.627331 0.000000
-5.671420 0.000743 1.600776 0.000000
-6.186236 0.016485 1.798841 0.000000
-6.814920 0.008250 1.828656 0.000000
-5.385229 0.011572 1.761934 0.000000
3.192800 -0.216664 -0.007925 0.000000
3.470059 -0.146786 -0.002999 0.000000
2.983566 -0.336385 -0.005491 0.000000
3.759541 -0.031858 -0.002370 0.000000
2.876993 -0.135532 -0.004778 0.000000
2.717977 -0.116459 -0.003717 0.000000
3.018299 -0.171454 -0.006204 0.000000
7.784725 0.045054 2.158791 0.000000
7.760394 0.056097 2.447772 0.000000
7.390917 0.035450 1.948112 0.000000
7.392988 0.046327 2.230085 0.000000
7.072511 0.026391 2.065183 0.000000
6.770639 0.011419 1.575177 0.000000
6.669871 0.019018 1.878669 0.000000
6.342234 0.001286 1.182611 0.000000
6.391387 0.010869 1.425392 0.000000
8.158351 0.066646 2.685879 0.000000
8.216961 0.055558 2.392725 0.000000
8.375583 0.035073 1.844672 0.000000
8.598385 0.078278 2.951718 0.000000
8.950726 0.043229 2.338129 0.000000
9.090984 0.071404 3.375484 0.000000
9.228351 0.080003 2.949032 0.000000
9.569530 0.059196 2.381040 0.000000
9.616363 0.105107 3.576135 0.000000
9.821129 0.094262 3.279977 0.000000
5.692512 0.000686 1.260089 0.000000
5.929652 0.007104 1.390942 0.000000
6.181181 0.013887 1.531410 0.000000
6.090776 0.000020 1.312489 0.000000
6.450423 0.021131 1.683819 0.000000
5.917690 -0.062646 -0.072869 0.000000
-3.595562 -0.083073 -0.014874 0.000000
-4.570697 -0.091905 -0.023994 0.000000
-3.881969 -0.165044 -0.017429 0.000000
2.950602 -1.349972 -0.002928 0.000000
3.142144 -1.226534 -0.005044 0.000000
2.640297 -1.554218 -0.004251 0.000000
6.068348 -0.509616 -0.055580 0.000000
8.075375 -0.049446 -0.068980 0.000000
-8.329519 0.007412 1.398232 0.000000
-6.919377 0.001947 1.354439 0.000000
-7.571898 0.004733 1.376582 0.000000
-6.675365 0.006091 1.483643 0.000000
-7.204657 0.006268 1.415144 0.000000
-8.047809 0.013604 1.577239 0.000000
-8.916131 0.017429 1.629809 0.000000
-7.197333 0.008414 1.798687 0.000000
-7.678852 0.009289 1.787251 0.000000
-8.580898 0.023423 1.803836 0.000000
-9.583233 0.028684 1.895429 0.000000
31.627201 4.469347 -0.178345 0.000000
7.157548 -0.734414 -0.014078 0.000000
8.886306 -0.103843 -0.065098 0.000000
10.167904 -0.142094 -0.060653 0.000000
2.863470 -1.440909 -0.007525 0.000000
6.112353 -1.161152 -0.007888 0.000000
17.466359 1.107018 -0.089348 0.000000
12.423473 -0.137189 -0.055315 0.000000
25.685986 1.718592 -0.090538 0.000000
-9.484626 0.064582 2.838706 0.000000
-8.873788 0.052151 2.539829 0.000000
-9.342233 0.037550 2.594008 0.000000
-8.333464 0.041044 2.277062 0.000000
-9.868318 0.046742 2.357943 0.000000
-8.762114 0.038474 2.188163 0.000000
-7.950102 0.011722 2.083486 0.000000
-9.004131 0.000860 2.099880 0.000000
-8.380266 0.000403 1.891188 0.000000
-7.458410 0.001349 1.945810 0.000000
2.801686 -0.919883 -0.001473 0.000000
5.028404 -0.095650 -0.009479 0.000000
3.271911 -0.623023 -0.008055 0.000000
5.488326 -0.050382 -0.049277 0.000000
2.882549 -0.648816 -0.003783 0.000000
3.459934 -0.503155 -0.010147 0.000000
-2.787312 -0.421133 -0.011905 0.000000
-6.234155 0.002422 1.705796 0.000000
2.958661 -1.061765 -0.003137 0.000000
-9.561735 0.001644 1.428150 0.000000
-8.682031 0.007553 1.664454 0.000000
-8.794691 0.000570 1.432900 0.000000
-9.219455 0.015800 1.901153 0.000000
-9.355487 0.015961 1.625935 0.000000
-9.850693 0.019371 2.089621 0.000000
9.312760 0.004971 1.068232 0.000000
9.784682 0.001007 0.893105 0.000000
-8.354772 0.013904 1.463358 0.000000
4.953756 -0.987481 -0.021615 0.000000
5.858842 -0.265599 -0.031213 0.000000
3.353879 -1.091944 -0.007297 0.000000
3.956724 -0.846991 -0.014525 0.000000
4.440231 -0.546766 -0.019217 0.000000
5.240228 -0.192872 -0.003470 0.000000
6.234503 -0.461359 -0.007846 0.000000
8.489536 -0.031705 -0.035774 0.000000
-2.387052 -0.081858 -0.018394 0.000000
-5.523457 0.002350 2.345873 0.000000
-5.458656 0.011117 2.075594 0.000000
-5.457343 0.004102 1.858262 0.000000
-5.675488 0.025083 2.479214 0.000000
-5.732915 0.001329 2.339339 0.000000
-5.695669 0.010402 2.022039 0.000000
-5.999356 0.004032 2.724237 0.000000
-5.814850 0.008495 2.537726 0.000000
-5.811280 0.003639 2.200414 0.000000
-6.134655 0.039134 2.863631 0.000000
-6.130194 0.007469 2.790221 0.000000
-6.281648 0.004854 2.260321 0.000000
-6.226253 0.001235 2.005477 0.000000
-5.249455 0.005134 1.920316 0.000000
-5.271155 0.012629 2.148165 0.000000
-5.085813 0.006897 1.999242 0.000000
-4.910758 0.001461 1.860090 0.000000
-8.589111 0.008687 4.908520 0.000000
-7.793349 0.002661 4.125631 0.000000
-7.806221 0.048600 3.892836 0.000000
-8.033331 0.070718 3.712880 0.000000
-8.258924 0.064423 3.502272 0.000000
-8.005855 0.095617 4.497861 0.000000
-8.231673 0.004465 4.380788 0.000000
-8.459092 0.007860 4.170741 0.000000
-8.698111 0.004438 3.816935 0.000000
-7.779738 0.053199 3.174586 0.000000
-8.727498 0.102140 4.674150 0.000000
-9.067698 0.007056 4.408415 0.000000
-9.404548 0.091014 4.297721 0.000000
-8.884712 0.121866 5.292141 0.000000
-9.259034 0.116670 5.116600 0.000000
-9.662446 0.111723 4.948231 0.000000
-9.398717 0.137165 5.762286 0.000000
-7.702506 0.000039 3.296562 0.000000
-7.433428 0.066541 3.615723 0.000000
-7.268346 0.017039 3.922484 0.000000
-7.349326 0.043051 2.883279 0.000000
-7.209280 0.049712 3.102826 0.000000
-7.003372 0.013457 3.254899 0.000000
-6.862855 0.037752 3.525389 0.000000
-6.960762 0.033827 2.623117 0.000000
-6.853282 0.040559 2.843270 0.000000
-6.753373 0.047641 3.072821 0.000000
-6.718815 0.012435 3.352733 0.000000
-6.742635 0.006810 2.201330 0.000000
-6.508273 0.006148 2.714174 0.000000
-6.486910 0.022353 2.987391 0.000000
-6.211207 0.006493 3.120861 0.000000
4.222243 -0.155757 -0.005395 0.000000
2.646253 -0.387187 -0.001583 0.000000
2.846276 -0.492756 -0.012348 0.000000
3.265386 -0.271175 -0.000814 0.000000
3.302717 -0.509120 -0.002956 0.000000
-9.545384 0.063317 3.410105 0.000000
-8.438055 0.041329 2.759602 0.000000
-8.552369 0.015865 2.582978 0.000000
-8.718688 0.027076 2.289064 0.000000
-8.877607 0.003294 3.194047 0.000000
-9.141914 0.044559 2.827381 0.000000
-8.319815 0.048820 3.004386 0.000000
-9.788615 0.056284 3.176228 0.000000
9.543418 0.053535 2.611201 0.000000
8.422689 0.033953 2.096929 0.000000
9.068189 0.035900 2.091063 0.000000
-8.168461 0.017720 2.022357 0.000000
-8.063373 0.024702 2.252256 0.000000
-7.970525 0.031920 2.488217 0.000000
-7.903136 0.024228 2.656025 0.000000
-7.608077 0.016185 2.012792 0.000000
-7.461932 0.012147 2.223507 0.000000
-7.500029 0.030836 2.486416 0.000000
-7.143011 0.022915 2.263700 0.000000
-6.824830 0.001286 1.606325 0.000000
7.548279 0.002075 1.180423 0.000000
8.434207 0.006969 1.228003 0.000000
9.022474 0.015599 1.441979 0.000000
9.683649 0.025179 1.685451 0.000000
8.016282 0.018289 1.641931 0.000000
9.744171 0.036662 2.050124 0.000000
-15.045497 -1.919350 -0.069896 0.000000
-12.776029 -0.865249 -0.098134 0.000000
-7.257305 -1.609330 -0.051954 0.000000
-5.047914 -1.909383 -0.031958 0.000000
-27.687022 0.361856 -0.191255 0.000000
-10.518534 -1.532511 -0.104304 0.000000
-19.303604 -1.109528 -0.112378 0.000000
-9.140690 -1.837046 -0.010079 0.000000
-4.112581 -1.909789 -0.027113 0.000000
18.711697 -3.862440 0.107857 0.000000
10.292530 -2.982211 0.051575 0.000000
17.333236 -3.052216 0.075657 0.000000
16.735429 -2.363881 0.050129 0.000000
-5.497159 -1.668329 -0.000553 0.000000
-8.277607 -1.391572 -0.006852 0.000000
-16.402340 0.068829 -0.142903 0.000000
-3.461317 -1.910624 -0.023198 0.000000
-4.534840 -1.769985 -0.002139 0.000000
-6.071183 -1.436047 -0.001519 0.000000
-9.748858 -0.752466 -0.001785 0.000000
5.665812 -1.829244 -0.026961 0.000000
16.852219 -1.707244 0.027948 0.000000
-14.935985 -1.012142 -0.100677 0.000000
-9.292886 -1.300318 -0.013119 0.000000
-5.806618 -1.830260 -0.038202 0.000000
-7.718414 -1.802079 -0.047174 0.000000
-3.819670 -2.228433 -0.014443 0.000000
-38.176831 0.384487 -0.227102 0.000000
-11.433277 -1.749303 -0.062950 0.000000
-21.794956 -1.605981 -0.103801 0.000000
21.541141 -3.910292 0.118568 0.000000
17.931799 -4.383170 0.123249 0.000000
9.368051 -3.627747 0.071040 0.000000
15.533042 -4.767227 0.128843 0.000000
8.569634 -3.887829 0.077695 0.000000
13.808058 -5.101765 0.134930 0.000000
35.274822 -10.083358 0.375182 0.000000
-23.537698 -3.886339 -0.031394 0.000000
-11.708338 -2.887009 -0.024873 0.000000
-7.767152 -2.555628 -0.021483 0.000000
-15.267547 -2.425907 -0.053273 0.000000
-5.795024 -2.391004 -0.018873 0.000000
-9.263326 -2.221115 -0.038746 0.000000
-4.758006 -0.371221 -0.114249 0.000000
-4.256329 -0.333097 -0.004232 0.000000
-2.651004 -0.850830 -0.008784 0.000000
-3.640388 -0.424715 -0.000690 0.000000
-3.156443 -0.633380 -0.081882 0.000000
3.172049 -1.421878 -0.010669 0.000000
-6.612885 -0.554745 -0.000704 0.000000
-8.761777 -0.067316 -0.011926 0.000000
-5.902711 -0.810279 -0.073838 0.000000
-7.966923 -0.403893 -0.005388 0.000000
-12.270109 0.367052 -0.138705 0.000000
-6.834134 -0.805456 -0.004347 0.000000
-25.985500 2.900169 -0.272726 0.000000
-10.087870 -0.362854 -0.001118 0.000000
-5.043800 -0.601820 -0.024003 0.000000
-7.617044 -0.050308 -0.096356 0.000000
-4.650387 -0.793777 -0.018568 0.000000
4.033126 -1.254486 -0.000059 0.000000
7.702463 -0.735018 -0.013113 0.000000
4.906771 -1.263559 -0.022090 0.000000
5.971064 -0.894923 -0.020532 0.000000
4.883994 -1.576221 -0.003185 0.000000
-9.903997 0.000159 5.796076 0.000000
10.961618 -0.095934 -0.027482 0.000000
8.030617 -0.868130 -0.014504 0.000000
6.257272 -1.280805 -0.008452 0.000000
18.542849 1.117173 -0.035033 0.000000
11.753529 -0.404414 -0.014989 0.000000
8.500754 -1.182188 -0.018590 0.000000
21.860050 0.854242 -0.013666 0.000000
13.256080 -0.691458 -0.000385 0.000000
29.092937 0.733392 0.019282 0.000000
15.892099 -1.005162 0.019565 0.000000
-18.113089 0.850188 -0.175632 0.000000
5.968057 0.005892 1.560330 0.000000
5.419592 0.000984 1.525522 0.000000
5.661856 0.000041 1.424769 0.000000
0.686462 0.578292 -0.054326 0.000000
-0.726958 1.122938 -0.002242 0.000000
-0.887827 1.270550 -0.004156 0.000000
-0.717151 1.352799 -0.094095 0.000000
-0.860909 1.592931 -0.102840 0.000000
-0.809693 1.768770 -0.003531 0.000000
-0.755580 1.450815 -0.097425 0.000000
-7.272730 0.002354 4.555375 0.000000
-6.354494 0.008639 3.516688 0.000000
-6.123256 0.018434 3.307774 0.000000
-6.168178 0.013016 3.072712 0.000000
-6.531212 0.046421 3.850950 0.000000
-6.461216 0.025097 3.568596 0.000000
-6.521280 0.019626 3.329787 0.000000
-6.992816 0.001207 4.146925 0.000000
-6.834442 0.032347 3.859542 0.000000
-6.877728 0.030246 3.252950 0.000000
-7.249522 0.040294 4.186242 0.000000
-7.314899 0.038947 3.552666 0.000000
-7.772055 0.005881 4.950300 0.000000
-7.779112 0.021291 4.482172 0.000000
-8.090813 0.084866 5.214316 0.000000
-8.051816 0.001548 4.983317 0.000000
-8.298438 0.003149 4.492292 0.000000
-8.466673 0.010275 5.737909 0.000000
-5.140206 0.004978 2.481384 0.000000
-5.276651 0.001227 2.667093 0.000000
-8.772339 0.007924 5.264510 0.000000
-5.535038 0.006565 2.860378 0.000000
-5.288718 0.001989 2.542724 0.000000
-5.717511 0.004332 3.104671 0.000000
-5.643542 0.005480 2.943924 0.000000
-5.445156 0.002438 2.428066 0.000000
-5.943715 0.008466 3.319522 0.000000
-5.815948 0.012280 3.072906 0.000000
5.872414 0.009271 1.996760 0.000000
6.084121 0.027236 2.311220 0.000000
8.586871 0.053350 2.785364 0.000000
6.484381 0.020932 2.339466 0.000000
5.804182 0.021115 2.156022 0.000000
8.023348 0.043441 2.514400 0.000000
5.543568 0.015347 2.013119 0.000000
7.523067 0.034528 2.276657 0.000000
5.215945 0.000956 1.838448 0.000000
6.307093 0.018811 1.952870 0.000000
5.600461 0.003983 1.847706 0.000000
5.156383 0.001056 1.602660 0.000000
5.809913 0.002981 1.740665 0.000000
5.393891 0.006199 1.722232 0.000000
4.874243 0.000184 1.654550 0.000000
6.302361 0.012194 1.710898 0.000000
5.692560 0.006545 1.654986 0.000000
8.819727 0.075434 3.566774 0.000000
-8.853526 0.079550 5.022260 0.000000
-9.008081 0.004469 4.636279 0.000000
-9.190913 0.011728 6.008654 0.000000
-9.368609 0.007038 5.932701 0.000000
-9.539384 0.027612 5.597706 0.000000
-9.744340 0.085688 5.258708 0.000000
-9.904168 0.098813 6.758549 0.000000
9.654681 0.100998 4.391100 0.000000
9.008865 0.088062 4.005140 0.000000
8.444129 0.076641 3.670400 0.000000
9.462415 0.005420 3.915612 0.000000
7.941776 0.066384 3.375319 0.000000
7.518409 0.000036 3.001543 0.000000
9.605843 0.004479 3.699394 0.000000
8.263167 0.064620 3.256431 0.000000
6.723150 0.040959 2.671252 0.000000
8.486793 0.060284 3.059139 0.000000
6.226793 0.021932 2.449347 0.000000
9.226548 0.064465 3.096615 0.000000
-3.967792 0.008199 2.748017 0.000000
-1.804172 7.742253 0.292937 0.000000
-2.290084 6.564577 0.448924 0.000000
-1.130218 15.491253 -0.216695 0.000000
-0.276711 21.564821 -0.628492 0.000000
0.461553 27.475408 -0.775058 0.000000
-1.096049 10.655035 -0.022887 0.000000
-1.132962 17.530194 -0.438752 0.000000
-0.799008 25.252963 -0.731552 0.000000
-0.046877 30.291736 -0.854986 0.000000
-1.123282 12.720317 -0.165459 0.000000
-1.144061 22.401210 -0.545575 0.000000
-0.674761 34.373520 -0.969508 0.000000
-1.161400 30.565506 -0.770972 0.000000
-1.121702 11.595780 -0.028258 0.000000
-1.139461 19.526775 -0.321162 0.000000
-1.127713 14.022193 -0.093431 0.000000
6.795506 0.011434 5.705635 0.000000
6.838031 0.006056 6.764878 0.000000
6.691496 0.002641 6.598371 0.000000
7.934641 0.175786 7.365523 0.000000
6.337257 0.013352 6.149158 0.000000
7.558241 0.161487 6.893754 0.000000
6.095874 0.014065 5.636274 0.000000
7.301448 0.003675 6.585532 0.000000
5.881184 0.113755 5.424274 0.000000
8.549582 0.144526 7.332757 0.000000
6.940558 0.013953 6.184425 0.000000
5.799152 0.007169 5.096976 0.000000
8.121301 0.131342 6.817543 0.000000
7.251222 0.005923 7.311459 0.000000
5.408147 0.076859 4.953933 0.000000
9.609609 0.190137 7.690071 0.000000
7.729599 0.119315 6.353201 0.000000
6.333336 0.115106 5.400998 0.000000
5.243842 0.070527 4.726074 0.000000
7.367572 0.108217 5.930182 0.000000
6.089617 0.006435 5.025704 0.000000
5.144638 0.005701 4.490124 0.000000
8.517844 0.004989 6.530458 0.000000
7.035938 0.098076 5.548830 0.000000
5.975018 0.009748 4.978668 0.000000
-5.432635 0.010706 6.500401 0.000000
-4.869879 0.010791 5.539497 0.000000
-5.373735 0.007447 5.480250 0.000000
-5.681108 0.007851 5.520031 0.000000
-4.775984 0.003957 5.953749 0.000000
-5.166163 0.004633 5.818380 0.000000
-5.473559 0.005397 5.900278 0.000000
-6.019666 0.006188 5.692561 0.000000
-4.912383 0.002441 6.175251 0.000000
-5.388823 0.008179 6.173833 0.000000
-5.996485 0.003042 6.193521 0.000000
-6.336133 0.003886 6.170353 0.000000
-5.115141 0.005681 6.542048 0.000000
4.975763 0.001908 4.316359 0.000000
-6.130674 0.009054 6.494419 0.000000
-6.761636 0.014543 6.659880 0.000000
-5.338587 0.013844 6.991735 0.000000
-5.768700 0.009855 6.825175 0.000000
-6.363053 0.135079 7.017527 0.000000
-6.996713 0.138537 7.150490 0.000000
-5.343101 0.110006 7.175733 0.000000
-6.053246 0.013790 7.299809 0.000000
-6.762860 0.022094 7.436376 0.000000
-5.556505 0.017539 7.403162 0.000000
4.727179 0.027498 3.095272 0.000000
5.275261 0.044303 3.639077 0.000000
4.564793 0.048330 3.409920 0.000000
3.943610 0.020971 3.066403 0.000000
5.801098 0.067386 3.805086 0.000000
5.083356 0.038426 3.445343 0.000000
4.445354 0.028354 3.209836 0.000000
5.562954 0.059701 3.582861 0.000000
4.900272 0.032818 3.263984 0.000000
4.308600 0.023706 3.064251 0.000000
3.738275 0.013209 2.831053 0.000000
5.340155 0.052504 3.378303 0.000000
6.054678 0.075557 4.045266 0.000000
4.177601 0.019253 2.927327 0.000000
5.131357 0.045747 3.189578 0.000000
4.544896 0.036542 3.013827 0.000000
3.546602 0.005968 2.618741 0.000000
4.812615 0.027440 3.068685 0.000000
4.223011 0.031845 2.937883 0.000000
3.931443 0.010879 2.676915 0.000000
4.663658 0.022806 2.923016 0.000000
4.258779 0.013056 2.655261 0.000000
6.944393 0.104200 4.914464 0.000000
6.729354 0.088705 5.201443 0.000000
5.755461 0.006415 4.495458 0.000000
4.794758 0.053316 4.122744 0.000000
7.732415 0.011714 5.663084 0.000000
6.444596 0.080011 4.883880 0.000000
5.420848 0.061493 4.315758 0.000000
4.657914 0.048097 3.944922 0.000000
7.291085 0.115351 5.262429 0.000000
6.149493 0.092677 4.634937 0.000000
5.237453 0.055256 4.099444 0.000000
4.401112 0.038321 3.619065 0.000000
-4.613356 0.000986 5.661021 0.000000
5.931676 0.064357 4.325258 0.000000
5.079273 0.000384 3.933912 0.000000
4.279230 0.033696 3.468376 0.000000
6.646932 0.070536 4.440567 0.000000
5.697952 0.057222 4.077009 0.000000
4.915840 0.000796 3.797297 0.000000
6.365098 0.003028 4.241850 0.000000
5.476845 0.000298 3.923786 0.000000
4.739518 0.038344 3.531297 0.000000
4.163197 0.029290 3.327042 0.000000
-3.042452 0.008088 2.889623 0.000000
-2.957250 0.003932 2.774927 0.000000
-3.176521 0.005554 2.788229 0.000000
-3.149754 0.006128 3.191688 0.000000
-3.288434 0.000777 2.970785 0.000000
-3.336308 0.003769 2.704567 0.000000
-3.240124 0.010177 3.325906 0.000000
-3.221679 0.016913 3.139025 0.000000
-4.982137 0.039849 4.288600 0.000000
-4.276609 0.018027 3.480990 0.000000
-3.968823 0.002125 4.377890 0.000000
-4.099424 0.032605 4.073242 0.000000
-4.356719 0.031291 3.996924 0.000000
-4.435597 0.023006 3.659755 0.000000
-4.095323 0.061362 4.498379 0.000000
-4.239660 0.038098 4.276584 0.000000
-4.457063 0.051890 4.157764 0.000000
-4.787149 0.033882 4.061804 0.000000
-4.098763 0.049633 4.741486 0.000000
-4.387645 0.043897 4.494818 0.000000
-4.616971 0.058796 4.381587 0.000000
-4.057819 0.020525 3.605955 0.000000
-4.544500 0.050039 4.729775 0.000000
-4.652617 0.002388 4.688145 0.000000
-5.192635 0.046237 4.535953 0.000000
-4.966793 0.073959 4.883492 0.000000
-5.273985 0.071208 4.776656 0.000000
-4.555722 0.000686 5.243712 0.000000
-4.888734 0.063516 5.257809 0.000000
-5.010636 0.008207 5.136278 0.000000
-5.489180 0.000115 5.006334 0.000000
-3.604420 0.013195 3.384392 0.000000
-3.544559 0.001960 2.968933 0.000000
-3.516913 0.002807 2.642834 0.000000
-3.450908 0.018544 3.159306 0.000000
-3.636530 0.007468 2.774594 0.000000
-3.516408 0.031645 3.571842 0.000000
-3.494581 0.008879 3.238049 0.000000
-3.663738 0.006282 3.112738 0.000000
-3.727278 0.000515 2.881302 0.000000
-3.530991 0.023350 3.777925 0.000000
-3.719330 0.017706 3.540102 0.000000
-0.813015 18.376853 -0.550980 0.000000
-3.986234 0.008836 3.160366 0.000000
-3.635465 0.028129 3.947383 0.000000
-3.919815 0.015546 3.430276 0.000000
-4.127171 0.013313 3.314993 0.000000
-3.839853 0.022432 3.706169 0.000000
-4.179390 0.028610 3.400764 0.000000
-3.848470 0.048570 4.091643 0.000000
-3.966343 0.027392 3.883553 0.000000
4.615221 0.001209 2.051954 0.000000
5.220054 0.015954 2.474386 0.000000
4.754293 0.019627 2.375954 0.000000
4.257554 0.003516 2.271957 0.000000
5.782785 0.018409 2.416813 0.000000
5.005504 0.010767 2.322177 0.000000
4.584448 0.006367 2.276064 0.000000
4.088103 0.006900 2.134112 0.000000
5.548910 0.013216 2.261007 0.000000
4.913931 0.016829 2.233963 0.000000
4.419714 0.001981 2.152295 0.000000
3.824832 0.003140 2.092187 0.000000
5.330042 0.008308 2.117023 0.000000
6.035217 0.037850 2.705182 0.000000
4.248946 0.005101 2.021465 0.000000
5.010720 0.012348 2.048759 0.000000
4.531527 0.006485 1.981819 0.000000
4.098758 0.000727 1.919316 0.000000
4.797957 0.006940 1.918010 0.000000
4.357108 0.001714 1.869554 0.000000
4.597391 0.001798 1.796784 0.000000
7.053020 0.062515 3.391010 0.000000
7.134056 0.074638 3.816152 0.000000
6.114155 0.057522 3.392518 0.000000
5.243515 0.031627 3.122404 0.000000
7.915118 0.083056 3.990964 0.000000
6.769397 0.065341 3.545903 0.000000
5.961647 0.033589 3.018267 0.000000
5.056649 0.026359 2.955476 0.000000
6.436772 0.056799 3.302086 0.000000
5.595968 0.043254 2.996181 0.000000
4.879916 0.021355 2.799950 0.000000
6.131164 0.048908 3.081155 0.000000
5.348086 0.026343 2.873651 0.000000
4.758533 0.010970 2.408955 0.000000
6.684556 0.053646 3.139504 0.000000
5.851700 0.041642 2.881680 0.000000
5.139973 0.020951 2.707182 0.000000
4.409618 0.022299 2.563820 0.000000
6.345691 0.045433 2.911374 0.000000
5.449316 0.021453 2.639788 0.000000
4.942895 0.015810 2.551898 0.000000
5.441729 0.037186 3.301906 0.000000
-5.302545 0.024779 3.644181 0.000000
-4.648668 0.007688 3.018337 0.000000
-4.751399 0.012472 2.788391 0.000000
-4.859708 0.040679 3.747135 0.000000
-4.904249 0.021773 3.559569 0.000000
-4.851104 0.013029 3.209194 0.000000
-4.883472 0.003437 2.812051 0.000000
-5.040036 0.047173 3.957518 0.000000
-5.117527 0.027662 3.779605 0.000000
-5.068167 0.018709 3.416999 0.000000
-5.190742 0.024922 3.174860 0.000000
-5.347572 0.033959 4.019839 0.000000
-5.298890 0.045953 3.898495 0.000000
-4.705470 0.016240 3.357206 0.000000
-5.570020 0.018997 3.379039 0.000000
-5.548524 0.048109 4.593098 0.000000
-5.525004 0.053353 4.143509 0.000000
-5.613963 0.046014 3.881574 0.000000
-5.704761 0.039269 3.638956 0.000000
-5.658138 0.069291 4.695576 0.000000
-5.769123 0.061304 4.410944 0.000000
-5.935068 0.000517 4.162252 0.000000
-5.996819 0.047329 3.907433 0.000000
-5.809173 0.055523 4.890014 0.000000
-6.033447 0.069880 4.703857 0.000000
-6.131332 0.045849 4.469230 0.000000
-4.369465 0.008032 2.685002 0.000000
-4.037666 0.003709 2.952053 0.000000
-4.072670 0.005129 2.629761 0.000000
-4.377923 0.023215 3.198101 0.000000
-6.317099 0.056109 4.205519 0.000000
-4.345965 0.006104 2.998327 0.000000
-4.529539 0.028730 3.368691 0.000000
-4.520035 0.011032 3.170836 0.000000
-4.459609 0.002647 2.842414 0.000000
-4.554503 0.006827 2.618769 0.000000
-4.689908 0.034540 3.551242 0.000000
9.019018 0.122002 5.255436 0.000000
9.107282 0.150741 6.300796 0.000000
8.094350 0.001071 5.305359 0.000000
9.456622 0.146741 6.108684 0.000000
7.241620 0.098782 4.671611 0.000000
8.345170 0.117447 5.183135 0.000000
6.954488 0.067059 4.230205 0.000000
9.639360 0.137408 5.740654 0.000000
7.874040 0.104942 4.796281 0.000000
6.559769 0.079497 4.093152 0.000000
9.727040 0.167827 6.852882 0.000000
7.453266 0.093716 4.454096 0.000000
6.263243 0.071043 3.845566 0.000000
8.465426 0.108192 4.826742 0.000000
7.071861 0.083489 4.147178 0.000000
5.876892 0.049305 3.704224 0.000000
9.616882 0.122991 5.210747 0.000000
7.975410 0.095906 4.451069 0.000000
6.634571 0.059051 3.951433 0.000000
5.652485 0.043067 3.495339 0.000000
6.406630 0.065499 3.620155 0.000000
-7.011290 0.007804 6.596677 0.000000
-6.141631 0.006744 5.270452 0.000000
-6.320942 0.079166 5.025764 0.000000
-6.445971 0.002319 4.680300 0.000000
-6.626916 0.001419 4.526109 0.000000
-6.550739 0.010113 5.761657 0.000000
-6.693394 0.002601 5.297520 0.000000
-6.924065 0.001183 5.022898 0.000000
-7.043138 0.008149 4.935952 0.000000
-6.732373 0.007220 6.107915 0.000000
-6.926279 0.010801 5.633617 0.000000
-7.326437 0.011701 5.522238 0.000000
-7.480521 0.006452 5.235490 0.000000
-7.361145 0.112524 6.215864 0.000000
-7.676891 0.083984 6.073383 0.000000
-7.997270 0.011642 5.967256 0.000000
-7.559295 0.104206 6.949798 0.000000
-7.784467 0.126017 6.709370 0.000000
-8.157936 0.120810 6.525456 0.000000
-8.551883 0.116093 6.359233 0.000000
-7.805618 0.021493 7.537294 0.000000
-8.258699 0.141084 7.267026 0.000000
-8.646374 0.021009 7.105124 0.000000
-9.189870 0.132958 6.991063 0.000000
1.417819 4.382338 -0.012201 0.000000
1.215819 4.593624 -0.022281 0.000000
2.029767 6.965072 -0.215871 0.000000
2.245661 7.725722 -0.003979 0.000000
1.861156 7.012586 -0.219110 0.000000
2.079938 7.740640 -0.029798 0.000000
-0.144711 9.716362 -0.314587 0.000000
0.410181 6.927243 -0.233843 0.000000
0.791443 9.136849 -0.288188 0.000000
1.068461 9.133835 -0.169426 0.000000
0.252873 7.643484 -0.254810 0.000000
0.618532 9.852738 -0.309212 0.000000
1.065658 11.753549 -0.298729 0.000000
1.067732 8.345351 -0.010855 0.000000
0.072377 8.542978 -0.280878 0.000000
0.426529 10.757987 -0.335449 0.000000
0.983178 14.571359 -0.429598 0.000000
1.084117 10.547901 -0.029291 0.000000
0.207810 11.905286 -0.368368 0.000000
0.729989 15.649921 -0.461004 0.000000
1.061412 13.683775 -0.239006 0.000000
-0.416408 11.271994 -0.358983 0.000000
-0.053519 13.420304 -0.411453 0.000000
0.450174 17.059786 -0.501429 0.000000
1.053313 19.044276 -0.461046 0.000000
-0.775068 13.439920 -0.420478 0.000000
-0.380204 15.480277 -0.469617 0.000000
0.123756 18.966672 -0.555455 0.000000
0.901201 25.459473 -0.716939 0.000000
-1.194546 15.344004 -0.444769 0.000000
1.075205 4.789202 -0.137562 0.000000
1.700853 7.108320 -0.223539 0.000000
1.097815 4.927581 -0.018367 0.000000
1.547605 7.262054 -0.229434 0.000000
1.832095 7.742805 -0.104675 0.000000
0.850794 5.036981 -0.145481 0.000000
1.398823 7.478948 -0.236961 0.000000
0.772280 5.545793 -0.025021 0.000000
1.248220 7.737142 -0.244644 0.000000
1.482348 7.739250 -0.001736 0.000000
0.675925 5.891514 -0.202976 0.000000
1.071102 7.811092 -0.236508 0.000000
1.346134 7.738812 -0.030067 0.000000
0.549030 6.355453 -0.216911 0.000000
0.950775 8.572460 -0.271325 0.000000
1.115564 7.740449 -0.100638 0.000000
14.042702 0.776141 0.087268 0.000000
23.472445 2.402116 0.157424 0.000000
6.218527 -0.568958 0.010774 0.000000
25.449870 -0.322766 0.266898 0.000000
13.692768 -0.970061 0.136787 0.000000
23.114433 0.443198 0.213318 0.000000
13.271142 -0.469917 0.116003 0.000000
22.500971 1.290826 0.179290 0.000000
13.391263 0.089992 0.100221 0.000000
-2.784715 -0.762522 -0.071679 0.000000
-5.281964 -0.095382 -0.000856 0.000000
-5.599591 -0.091323 -0.002852 0.000000
-6.196718 -0.063893 -0.071821 0.000000
18.778421 -1.840730 0.228359 0.000000
36.263445 -6.459787 0.595194 0.000000
15.988003 -3.820890 0.253897 0.000000
34.850205 -4.868575 0.527919 0.000000
10.273652 -3.078012 0.158842 0.000000
16.238237 -3.188588 0.237574 0.000000
36.666622 -3.527972 0.509904 0.000000
10.546362 -2.675627 0.149838 0.000000
17.054490 -2.552236 0.228332 0.000000
11.126251 -2.257928 0.144207 0.000000
12.181318 -1.606514 0.150036 0.000000
8.955062 -1.774326 0.004936 0.000000
-1.952548 -0.149861 -0.001137 0.000000
7.258571 0.000548 1.062721 0.000000
9.240322 0.050279 2.565240 0.000000
8.622958 0.040848 2.313796 0.000000
9.275362 0.043187 2.294267 0.000000
8.081738 0.032448 2.095304 0.000000
8.633057 0.033827 2.049703 0.000000
8.071746 0.025509 1.838152 0.000000
-9.820306 0.077482 4.334798 0.000000
8.965218 0.023399 1.601925 0.000000
7.963850 0.017051 1.541599 0.000000
8.324225 0.014979 1.396990 0.000000
7.757253 0.007377 1.218012 0.000000
-7.959778 0.041993 3.214175 0.000000
-6.666833 0.016360 2.451672 0.000000
-6.592038 0.007553 2.136879 0.000000
-7.519604 0.011961 3.206419 0.000000
-7.425720 0.023743 2.652956 0.000000
-7.385504 0.015464 2.393966 0.000000
-8.012818 0.051862 3.523226 0.000000
-7.923983 0.032821 2.926364 0.000000
-8.529763 0.003299 3.959381 0.000000
-8.488671 0.042956 3.238497 0.000000
-8.493714 0.034050 2.957224 0.000000
-9.112688 0.074616 4.236914 0.000000
-9.135256 0.054392 3.598370 0.000000
-9.077604 0.023237 3.366435 0.000000
-9.635421 0.005178 4.669802 0.000000
-2.644834 -0.297120 -0.003722 0.000000
2.692401 -0.580341 -0.001700 0.000000
-9.766025 0.017752 2.435984 0.000000
9.500474 0.024566 1.340644 0.000000
8.824926 0.015992 1.164041 0.000000
9.169058 0.012013 0.984581 0.000000
9.461554 0.006667 0.769752 0.000000
8.512903 0.004103 0.829937 0.000000
7.708930 0.001383 0.876166 0.000000
9.704981 0.000163 0.525069 0.000000
-9.622662 0.003938 2.624931 0.000000
-7.861826 0.000644 1.910651 0.000000
-8.401736 0.008270 2.141223 0.000000
-9.023193 0.025311 2.676697 0.000000
-9.014675 0.016757 2.404671 0.000000
-9.047750 0.000626 1.889963 0.000000
-9.754942 0.000476 2.890235 0.000000
3.520686 -0.355546 -0.000370 0.000000
2.697134 -0.734253 -0.000471 0.000000
3.640437 0.009513 2.721782 0.000000
4.251610 0.017139 2.432955 0.000000
4.102711 0.012264 2.311829 0.000000
5.697129 0.027346 2.821345 0.000000
5.569873 0.032055 3.053825 0.000000
5.309941 0.042806 3.568615 0.000000
5.136547 0.037461 3.391889 0.000000
4.804335 0.005862 2.181763 0.000000
4.712430 0.016591 2.654798 0.000000
4.407629 0.017656 2.792415 0.000000
5.421490 0.000109 3.756261 0.000000
-6.610860 0.112106 7.278096 0.000000
-5.708695 0.001599 5.829020 0.000000
-3.609780 0.053087 4.257148 0.000000
-5.078089 0.070939 5.555233 0.000000
-6.012751 0.090652 6.361993 0.000000
-3.975489 0.043862 4.523655 0.000000
-5.259663 0.000086 5.910219 0.000000
-6.298587 0.100897 6.796465 0.000000
-3.811355 0.065060 4.637082 0.000000
-4.666506 0.091678 5.501267 0.000000
-5.499246 0.016463 6.357989 0.000000
-4.084829 0.022045 5.094538 0.000000
-5.733327 0.096649 6.615733 0.000000
-5.988678 0.106688 7.040670 0.000000
-4.206581 0.000755 5.520087 0.000000
-5.186968 0.007156 6.219768 0.000000
-6.323164 0.023600 7.434884 0.000000
-4.464071 0.074461 5.716395 0.000000
-5.323781 0.008053 6.605800 0.000000
-4.621744 0.081686 6.006207 0.000000
-4.519240 0.037131 4.214898 0.000000
-3.068007 0.014378 3.504958 0.000000
-4.692003 0.043330 4.450392 0.000000
-3.333511 0.014388 3.467891 0.000000
-4.901262 0.002681 4.701369 0.000000
-3.228595 0.022536 3.783505 0.000000
-5.597467 0.108494 7.114147 0.000000
-5.072351 0.056967 4.982234 0.000000
-3.312895 0.026859 3.934425 0.000000
-5.255784 0.001008 5.276289 0.000000
-3.400006 0.031358 4.093874 0.000000
-5.516219 0.001399 5.666251 0.000000
6.373518 0.063021 4.175757 0.000000
7.266390 0.087458 5.051006 0.000000
6.960511 0.008865 5.207599 0.000000
7.788857 0.005259 4.328415 0.000000
7.305463 0.075799 4.539814 0.000000
6.894700 0.006432 4.793417 0.000000
7.229792 0.003100 4.103564 0.000000
6.342537 0.004316 4.643779 0.000000
6.866952 0.000493 3.743356 0.000000
7.653964 0.000368 4.845070 0.000000
6.179595 0.071919 4.592841 0.000000
6.558913 0.047521 3.472949 0.000000
6.336872 0.051563 3.695578 0.000000
6.116733 0.055941 3.930359 0.000000
5.892795 0.060652 4.177902 0.000000
6.249479 0.040328 3.235674 0.000000
6.063138 0.044641 3.463556 0.000000
5.687289 0.054373 3.960332 0.000000
5.808778 0.038170 3.250837 0.000000
9.022131 0.004942 6.050551 0.000000
-4.764351 0.005847 6.209612 0.000000
-5.954352 0.019036 7.411732 0.000000
-4.897716 0.008185 6.791307 0.000000
-5.181853 0.003714 7.084571 0.000000
-5.223080 0.014780 7.502328 0.000000
8.868512 0.024941 7.719360 0.000000
9.372170 0.144482 7.215683 0.000000
8.516174 0.001175 7.174347 0.000000
8.867745 0.130865 6.686853 0.000000
8.134700 0.128425 6.688153 0.000000
9.820769 0.121276 6.123947 0.000000
8.407567 0.118436 6.210015 0.000000
9.040907 0.003401 5.518339 0.000000
8.572418 0.107074 5.686038 0.000000
7.826855 0.003221 5.722140 0.000000
7.446387 0.107702 5.894993 0.000000
8.630687 0.094669 5.131342 0.000000
7.738723 0.009352 5.213288 0.000000
8.126547 0.083321 4.718561 0.000000
1.483937 4.733648 -0.019197 0.000000
1.307345 4.655626 -0.132136 0.000000
1.674200 4.424425 -0.012980 0.000000
0.962940 4.898797 -0.141201 0.000000
1.115922 4.500033 -0.130615 0.000000
1.273551 4.225018 -0.011969 0.000000
1.442455 4.026629 -0.005912 0.000000
0.162093 4.310590 -0.020200 0.000000
0.218109 5.023364 -0.025149 0.000000
0.395646 3.961955 -0.125925 0.000000
0.544107 3.120893 -0.004814 0.000000
-0.057476 7.285841 -0.205192 0.000000
0.121101 5.373709 -0.028579 0.000000
0.261087 4.154995 -0.000344 0.000000
0.398959 3.027928 -0.004154 0.000000
-0.236385 7.920168 -0.221120 0.000000
0.082749 4.111789 -0.000414 0.000000
-0.442330 8.698040 -0.240467 0.000000
0.035493 6.643199 -0.018011 0.000000
-0.685398 9.667531 -0.264380 0.000000
-0.296349 6.207945 -0.183762 0.000000
-0.104461 4.378172 -0.022607 0.000000
-0.981753 10.915237 -0.294912 0.000000
-0.471662 6.650009 -0.195456 0.000000
-0.669556 7.188088 -0.209495 0.000000
-1.108338 7.971493 -0.053960 0.000000
-0.898036 7.853684 -0.226647 0.000000
0.412251 5.668965 -0.015044 0.000000
0.869385 4.527162 -0.133796 0.000000
1.142960 4.093763 -0.011827 0.000000
1.301428 3.813809 -0.005249 0.000000
0.648826 5.396389 -0.024822 0.000000
0.840172 4.006855 -0.017551 0.000000
1.082815 3.758039 -0.009035 0.000000
0.631139 4.479933 -0.018239 0.000000
0.809560 3.819550 -0.011879 0.000000
0.954317 3.557740 -0.007767 0.000000
0.632473 4.658026 -0.139229 0.000000
0.735622 3.860161 -0.016305 0.000000
0.983131 3.299488 -0.003292 0.000000
0.294165 5.855929 -0.030530 0.000000
0.514027 4.763402 -0.142848 0.000000
0.774108 3.339504 -0.006325 0.000000
0.269145 6.347320 -0.016414 0.000000
0.337697 4.817622 -0.002232 0.000000
0.509152 3.811510 -0.015172 0.000000
-1.136985 12.507964 1.459510 0.000000
-0.707042 21.161751 1.854967 0.000000
-0.253993 25.868006 1.759069 0.000000
0.436598 32.470548 1.624499 0.000000
-1.173394 15.342524 1.856452 0.000000
-1.039194 20.409132 1.867514 0.000000
-0.700908 25.237538 1.767869 0.000000
-0.162303 32.222923 1.623510 0.000000
-1.136853 11.866729 1.605848 0.000000
-1.149011 16.443097 1.671711 0.000000
-1.061513 24.452747 1.722802 0.000000
-0.749731 31.787941 1.626673 0.000000
-1.134812 9.652907 1.578040 0.000000
-1.013672 17.651293 1.926422 0.000000
-1.149162 17.422581 1.463385 0.000000
-1.072223 7.810309 1.359396 0.000000
-1.113803 9.878253 1.252487 0.000000
-1.066065 12.819570 1.310117 0.000000
-1.291769 7.730732 1.416596 0.000000
-1.071702 8.012564 1.225032 0.000000
-1.239056 7.738779 1.238071 0.000000
-0.133694 20.058361 1.884533 0.000000
0.977913 22.478392 1.844631 0.000000
1.121773 13.879678 1.267904 0.000000
0.581910 21.679444 1.857514 0.000000
1.133135 19.114512 1.480292 0.000000
0.210964 20.871625 1.870835 0.000000
0.855280 23.888613 1.813177 0.000000
-1.092333 8.092974 1.132412 0.000000
0.432258 23.270537 1.821934 0.000000
-0.452235 19.246334 1.898458 0.000000
0.029653 22.603708 1.831943 0.000000
0.695468 26.872340 1.747546 0.000000
-0.745213 18.441194 1.912484 0.000000
-0.350564 21.897723 1.843015 0.000000
0.212839 26.416535 1.752232 0.000000
1.010927 31.643119 1.598687 0.000000
-2.122620 6.549763 1.700609 0.000000
-2.120660 6.560807 1.555015 0.000000
-1.919984 6.565886 1.200462 0.000000
-2.241978 6.573694 1.588102 0.000000
-1.710808 4.856859 1.149988 0.000000
-1.744230 5.174599 0.929830 0.000000
-0.608854 -0.061264 0.905989 0.000000
-1.575668 7.730292 1.464272 0.000000
-1.727675 7.739188 1.407416 0.000000
-1.812375 7.740569 1.697554 0.000000
-1.651346 6.550390 1.543941 0.000000
-1.631804 6.712561 1.340841 0.000000
-1.808558 6.560119 1.410942 0.000000
-1.852367 7.741552 0.809681 0.000000
-1.963539 -0.023441 1.998758 0.000000
-1.773421 -0.021658 1.734459 0.000000
-2.844621 0.003202 3.137622 0.000000
-4.203212 0.025764 3.794401 0.000000
-2.916921 0.006798 3.253935 0.000000
-3.084724 0.022920 3.345681 0.000000
-0.811573 -0.056560 1.125447 0.000000
-1.034499 -0.054351 1.186438 0.000000
-1.308931 -0.052247 1.376177 0.000000
-1.475117 -0.051440 1.452617 0.000000
-1.245549 7.736428 -0.154217 0.000000
-0.585529 0.479381 -0.052582 0.000000
-0.661889 0.565610 -0.055757 0.000000
-4.882886 0.022207 2.354786 0.000000
-6.455935 0.038242 4.130717 0.000000
-6.329243 0.029047 3.745665 0.000000
-8.394945 0.053274 4.730489 0.000000
-5.838993 0.024925 3.605101 0.000000
-6.679186 0.036201 4.032612 0.000000
-9.199737 0.030437 5.387436 0.000000
-6.132875 0.031317 3.854473 0.000000
-7.067313 0.044021 4.353465 0.000000
-8.240673 0.058847 4.976135 0.000000
-9.765002 0.076858 5.780693 0.000000
-7.839091 0.043499 4.309821 0.000000
-7.420904 0.003573 4.794713 0.000000
-8.839316 0.069838 5.459135 0.000000
-6.806532 0.003330 4.566410 0.000000
-7.890344 0.007756 5.196758 0.000000
-9.528458 0.082326 6.019168 0.000000
-7.322146 0.002903 4.730378 0.000000
-8.540701 0.072895 5.592074 0.000000
-7.653883 0.063218 5.171901 0.000000
-8.110642 0.008008 5.677923 0.000000
-8.684182 0.016374 6.166157 0.000000
-5.566679 0.002183 2.742493 0.000000
-5.922596 0.006793 2.900561 0.000000
-4.985943 0.000428 2.673305 0.000000
-5.315421 0.003624 2.924563 0.000000
-5.456484 0.010699 3.042859 0.000000
-6.912532 0.026836 3.617765 0.000000
-5.094781 0.008298 2.984852 0.000000
-5.721831 0.016365 3.254423 0.000000
-5.322940 0.013470 3.173087 0.000000
-6.011565 0.022460 3.487565 0.000000
-1.714677 5.474046 -0.005648 0.000000
-2.144329 6.561201 -0.012628 0.000000
-1.869202 6.037140 -0.008292 0.000000
-2.157292 6.563332 0.123630 0.000000
-1.771140 7.652998 -0.045545 0.000000
-1.107136 8.115784 -0.211821 0.000000
-0.839413 5.644029 -0.176926 0.000000
-1.283849 6.639497 -0.203835 0.000000
-1.565743 7.324339 -0.222018 0.000000
-1.824572 7.734903 -0.214703 0.000000
-1.327467 5.114201 -0.030850 0.000000
5.944838 0.016179 2.275884 0.000000
6.033423 0.023920 2.585844 0.000000
5.685678 0.010827 2.118329 0.000000
5.442599 0.005749 1.972586 0.000000
6.302871 0.029787 2.769735 0.000000
5.124824 0.003656 1.983609 0.000000
8.169317 0.043867 2.972318 0.000000
8.056503 0.057982 3.618619 0.000000
8.017704 0.066043 3.980610 0.000000
7.668145 0.035463 2.703083 0.000000
7.621231 0.049573 3.334895 0.000000
7.219234 0.027826 2.464847 0.000000
7.223609 0.041809 3.078381 0.000000
6.814502 0.020839 2.252785 0.000000
6.861193 0.034659 2.847240 0.000000
6.449769 0.014450 2.064375 0.000000
6.532081 0.028091 2.639577 0.000000
6.114701 0.008489 1.893688 0.000000
6.164441 0.014876 2.159190 0.000000
8.539008 0.067214 3.936439 0.000000
-4.186031 0.008204 3.105590 0.000000
-4.343621 0.012939 3.270740 0.000000
-5.555793 0.031281 3.893023 0.000000
-4.511295 0.017939 3.448803 0.000000
-7.375634 0.015700 6.109716 0.000000
-8.759243 0.110132 7.230657 0.000000
-5.420171 0.053093 4.806208 0.000000
-6.405369 0.072294 5.580160 0.000000
-7.769750 0.001476 6.401048 0.000000
-5.667334 0.060487 5.102858 0.000000
-6.750797 0.081914 5.986061 0.000000
-8.182705 0.108629 7.152562 0.000000
-5.957855 0.007700 5.464078 0.000000
-6.315579 0.004541 5.661304 0.000000
-6.559542 0.086786 6.195271 0.000000
-8.041422 0.117385 7.532135 0.000000
-6.915128 0.011602 6.664655 0.000000
-7.328789 0.109103 7.158695 0.000000
9.687860 0.088888 4.704337 0.000000
9.371523 0.063617 3.629765 0.000000
9.219367 0.070287 3.953335 0.000000
9.081877 0.077505 4.297564 0.000000
8.732940 0.053189 3.278629 0.000000
8.629691 0.059922 3.596971 0.000000
-4.605410 0.028279 3.852793 0.000000
-4.690066 0.023230 3.641122 0.000000
-4.881442 0.028846 3.849426 0.000000
-5.596243 0.040711 4.282812 0.000000
-6.410016 0.000583 4.838515 0.000000
-5.087158 0.034833 4.075910 0.000000
-5.858446 0.004137 4.419729 0.000000
-5.308858 0.041237 4.322935 0.000000
-6.172297 0.002185 4.845502 0.000000
-6.529648 0.006340 5.217397 0.000000
-8.183312 0.096261 6.612160 0.000000
-2.282998 0.002582 2.849116 0.000000
-2.549392 0.005602 2.894304 0.000000
-2.370806 0.008814 3.017149 0.000000
-2.716470 0.002666 2.777970 0.000000
-2.547905 0.000225 3.084698 0.000000
-2.786014 0.006433 2.880522 0.000000
-2.604993 0.003380 3.184240 0.000000
-2.857538 0.010333 2.988202 0.000000
-2.438455 0.008547 3.388468 0.000000
-2.723484 0.009993 3.397316 0.000000
-2.310643 -0.012595 2.553145 0.000000
-2.028536 -0.023463 2.309592 0.000000
-2.059272 -0.018620 2.526982 0.000000
-2.359088 0.021733 2.535406 0.000000
-2.005760 -0.020976 2.788212 0.000000
-2.784938 0.013463 3.511438 0.000000
-2.332607 -0.024288 2.760212 0.000000
-3.918368 0.071503 4.845141 0.000000
-2.859546 0.035894 4.311475 0.000000
-3.259162 0.051445 4.229507 0.000000
-3.708677 0.058932 4.441482 0.000000
-3.024653 0.058973 4.484940 0.000000
-3.589333 0.002230 4.450473 0.000000
-4.227460 0.068287 4.722985 0.000000
-3.009982 0.000264 4.609617 0.000000
-3.489926 0.001269 4.687732 0.000000
-3.749404 0.018373 5.116689 0.000000
-3.276455 0.003707 5.106143 0.000000
-4.103671 0.000690 5.308153 0.000000
-3.694754 0.008538 5.323785 0.000000
-3.147064 0.018380 3.640540 0.000000
-2.912247 0.028455 3.538292 0.000000
-2.702098 0.033396 3.712558 0.000000
-2.912756 0.020754 3.756245 0.000000
-2.638217 0.021330 3.808930 0.000000
-2.006016 0.013251 2.533420 0.000000
-3.622567 0.037018 3.734402 0.000000
-2.979419 0.024597 3.887891 0.000000
-3.114701 0.041737 3.932817 0.000000
-3.422709 0.042168 3.919135 0.000000
-2.802023 0.032071 4.177270 0.000000
-3.047828 0.028575 4.026011 0.000000
-1.312940 -0.052128 1.433186 0.000000
-1.481819 -0.053247 1.771131 0.000000
-1.158107 -0.053205 1.295475 0.000000
-1.866236 -0.016208 2.057571 0.000000
-1.839391 -0.024956 2.340698 0.000000
-1.785157 -0.021577 1.816785 0.000000
-4.966117 0.000768 5.820547 0.000000
2.938062 0.012005 2.664588 0.000000
3.724200 0.007634 2.275262 0.000000
3.466839 0.006694 2.327960 0.000000
3.368507 0.002950 2.239065 0.000000
3.191649 0.004763 2.356558 0.000000
3.230340 0.002758 2.609795 0.000000
3.385350 0.000351 2.148839 0.000000
2.933013 0.000240 2.301398 0.000000
3.456688 0.012366 2.891002 0.000000
3.701040 0.022802 3.209964 0.000000
3.201180 0.025320 3.003275 0.000000
4.051363 0.025052 3.193219 0.000000
3.617293 0.019217 3.098852 0.000000
3.573519 0.029296 3.028057 0.000000
3.838701 0.017005 2.945179 0.000000
3.066147 0.018469 2.826956 0.000000
3.398610 0.021289 2.819514 0.000000
3.001270 0.015191 2.744126 0.000000
5.053140 0.123242 5.884884 0.000000
-4.502733 0.018036 7.438081 0.000000
-3.819403 0.000610 7.179065 0.000000
-4.012457 0.118988 7.533139 0.000000
6.075855 0.005410 7.730488 0.000000
5.920303 0.006313 7.235781 0.000000
5.790262 0.017552 7.008027 0.000000
5.556037 0.003204 6.630861 0.000000
5.348311 0.139513 6.409497 0.000000
6.227031 0.000181 7.138778 0.000000
5.194661 0.003882 6.078455 0.000000
6.133492 0.152491 6.759467 0.000000
-3.894815 0.009524 6.818458 0.000000
7.234181 0.175545 7.444036 0.000000
5.971157 0.005770 6.408686 0.000000
4.900235 0.008438 5.692212 0.000000
6.810494 0.000715 7.180076 0.000000
5.743718 0.133008 6.123892 0.000000
4.705295 0.000292 5.410312 0.000000
8.048468 0.151995 7.729870 0.000000
6.757344 0.007140 6.652160 0.000000
5.513448 0.102114 5.983223 0.000000
4.659931 0.101840 5.210080 0.000000
7.756134 0.169197 7.148210 0.000000
6.436376 0.139756 6.263719 0.000000
-3.524113 0.012573 5.918581 0.000000
-3.286088 0.008759 5.396332 0.000000
-3.898859 0.002413 5.453372 0.000000
-4.200933 0.008892 5.856980 0.000000
-5.146365 0.003718 6.115990 0.000000
-3.281531 0.000616 5.407611 0.000000
-3.810366 0.002605 5.636139 0.000000
-4.492211 0.000906 6.187852 0.000000
-3.598140 0.007661 5.711302 0.000000
-4.048082 0.010303 6.113363 0.000000
-4.660202 0.003888 6.523822 0.000000
5.293257 0.001488 5.579636 0.000000
-4.192241 0.001104 6.375723 0.000000
-5.459797 0.006901 7.257734 0.000000
-3.625058 0.006016 6.192480 0.000000
-4.262093 0.004259 6.542628 0.000000
-4.876692 0.003190 7.160373 0.000000
-3.635368 0.090434 6.372152 0.000000
-4.306576 0.000851 6.895941 0.000000
-5.133223 0.148992 7.494535 0.000000
-3.722929 0.096947 6.632976 0.000000
-4.418987 0.114808 7.366612 0.000000
5.789257 0.091720 4.663933 0.000000
5.052767 0.079410 4.370112 0.000000
4.440673 0.001699 4.031763 0.000000
3.827534 0.057626 3.887486 0.000000
5.539689 0.002890 4.471393 0.000000
4.893729 0.072616 4.167514 0.000000
4.261633 0.046950 3.995927 0.000000
3.655556 0.048670 3.634301 0.000000
4.062637 0.038344 3.708692 0.000000
3.918442 0.062383 4.024217 0.000000
3.494922 0.040365 3.404821 0.000000
5.001708 0.061429 3.760932 0.000000
3.968570 0.034285 3.575852 0.000000
4.831193 0.054923 3.574272 0.000000
3.858154 0.042443 3.382723 0.000000
3.418227 0.036420 3.297696 0.000000
4.667875 0.048707 3.398777 0.000000
4.388575 0.002327 4.512742 0.000000
4.511586 0.004080 5.067599 0.000000
7.442058 0.021287 6.633306 0.000000
6.203146 0.129428 5.929733 0.000000
5.261716 0.006496 5.275297 0.000000
4.568260 0.002269 4.808558 0.000000
7.063435 0.117766 6.390920 0.000000
5.859216 0.002183 5.662940 0.000000
5.047979 0.004533 5.045186 0.000000
4.272322 0.006566 4.771716 0.000000
6.698197 0.000327 5.904658 0.000000
5.776525 0.110702 5.333499 0.000000
4.824643 0.071535 4.853742 0.000000
6.517665 0.120097 5.550344 0.000000
5.408497 0.007244 5.175386 0.000000
4.703217 0.066203 4.663413 0.000000
4.109505 0.072435 4.317948 0.000000
6.269794 0.090471 5.360092 0.000000
5.395561 0.094157 4.818342 0.000000
4.718440 0.002399 4.455597 0.000000
4.011798 0.067286 4.166714 0.000000
6.068778 0.006322 4.898233 0.000000
5.219982 0.086582 4.586674 0.000000
4.474274 0.056192 4.312276 0.000000
4.051960 0.014982 2.798415 0.000000
3.853408 0.000470 2.295659 0.000000
3.607666 0.003512 2.176970 0.000000
-1.884724 6.600619 1.576892 0.000000
-2.122957 6.600257 1.802347 0.000000
-1.932678 6.605523 1.752428 0.000000
-2.201373 6.609555 1.893187 0.000000
-0.493922 -0.065017 0.822540 0.000000
-2.163900 6.603486 1.676884 0.000000
-1.646485 6.619321 1.553862 0.000000
-1.132899 9.108385 1.558767 0.000000
-1.066383 13.243072 1.814784 0.000000
-0.824424 15.101430 1.902539 0.000000
-1.107041 7.788647 1.408080 0.000000
-1.114770 10.501886 1.621676 0.000000
-1.102833 14.967456 1.902695 0.000000
-1.581781 7.729510 1.608443 0.000000
-1.130563 8.597711 1.497863 0.000000
-1.144444 12.355927 1.724724 0.000000
-1.749062 7.729185 1.656687 0.000000
-1.134858 9.846223 1.531959 0.000000
-1.637727 6.703532 1.782178 0.000000
0.249735 15.904109 1.894632 0.000000
1.049186 15.409039 1.844684 0.000000
-0.610142 16.615535 1.866249 0.000000
-0.124336 16.598496 1.872407 0.000000
0.353072 16.414545 1.882757 0.000000
0.809867 16.077694 1.896792 0.000000
-0.869677 15.777530 1.884694 0.000000
-0.406340 16.012353 1.884125 0.000000
0.063976 16.090675 1.887658 0.000000
0.529526 16.011459 1.895181 0.000000
-0.669027 15.423443 1.896125 0.000000
-0.214453 15.736737 1.893450 0.000000
0.651375 16.704527 1.878833 0.000000
-1.067439 12.177253 1.744281 0.000000
-0.912239 14.830216 1.908444 0.000000
-0.565848 15.355190 1.899086 0.000000
-0.027190 15.757304 1.895130 0.000000
-1.136455 14.239475 1.920900 0.000000
-0.735091 14.956695 1.907292 0.000000
-0.299526 15.572720 1.896651 0.000000
-1.081568 7.877480 1.469906 0.000000
-1.116861 11.336297 1.725977 0.000000
-0.975470 14.535505 1.915232 0.000000
1.028974 18.883631 1.643428 0.000000
0.723672 20.204569 1.789515 0.000000
1.034791 15.992687 1.649141 0.000000
0.343033 19.284001 1.808789 0.000000
0.835214 18.264604 1.840875 0.000000
1.090509 13.630226 1.757966 0.000000
1.080225 9.496828 1.272983 0.000000
-0.005397 18.374394 1.828132 0.000000
0.497276 17.730542 1.850637 0.000000
0.957720 16.957452 1.875952 0.000000
-0.322622 17.482142 1.847363 0.000000
0.177032 17.170764 1.861257 0.000000
-3.592618 0.061323 5.225984 0.000000
-4.338806 0.003770 5.755023 0.000000
-4.880066 0.001055 6.513501 0.000000
-3.175614 0.023710 5.089301 0.000000
-3.667592 0.006027 5.433215 0.000000
-4.268248 0.003531 6.178843 0.000000
-5.186039 0.002365 6.663315 0.000000
-3.774003 0.072663 5.663949 0.000000
-4.599022 0.007090 6.258857 0.000000
-4.108141 0.069114 5.512638 0.000000
-3.870442 0.078785 5.904403 0.000000
-4.680603 0.013715 6.656971 0.000000
-5.523763 0.006600 7.740986 0.000000
-3.870339 0.005708 6.082638 0.000000
-4.761712 0.105866 6.999327 0.000000
-3.393613 0.002904 5.663052 0.000000
-4.189814 0.008556 6.526466 0.000000
-4.898946 0.013102 7.361106 0.000000
-4.157808 0.009146 6.694578 0.000000
-3.781177 0.051419 4.831201 0.000000
-3.490042 0.036045 4.262368 0.000000
-2.745918 0.028363 4.048640 0.000000
-3.177172 0.001347 4.393947 0.000000
-3.680641 0.046072 4.630694 0.000000
-3.265871 0.041448 4.485008 0.000000
-3.530706 0.005617 6.120122 0.000000
-4.363227 0.062136 5.223964 0.000000
-3.343686 0.046114 4.655655 0.000000
-4.505818 0.068956 5.492662 0.000000
-2.895172 0.002256 4.556457 0.000000
-3.416415 0.004733 4.820743 0.000000
-3.811802 0.004808 5.214236 0.000000
-2.979806 0.043994 4.600949 0.000000
-3.406209 0.000691 5.114116 0.000000
6.781473 0.108041 6.019256 0.000000
6.518075 0.098986 5.677451 0.000000
5.763282 0.090592 5.457679 0.000000
5.082026 0.082892 5.266089 0.000000
4.800475 0.004523 5.107560 0.000000
5.362535 0.095365 5.728927 0.000000
5.821137 0.075133 4.799830 0.000000
4.586463 0.061093 4.483143 0.000000
-4.298754 0.106741 7.032974 0.000000
-3.911523 0.111213 7.212761 0.000000
6.195333 0.132955 7.174656 0.000000
7.101249 0.143189 7.481007 0.000000
6.177430 0.012567 6.959881 0.000000
7.695380 0.139679 7.243143 0.000000
6.599582 0.123309 6.701536 0.000000
5.670719 0.109169 6.251700 0.000000
7.216962 0.006801 6.788883 0.000000
6.371409 0.114332 6.354917 0.000000
6.158283 0.105980 6.035817 0.000000
-1.872556 0.016335 2.510718 0.000000
-1.931444 -0.015479 2.525066 0.000000
-1.763795 -0.021422 2.178265 0.000000
-1.772634 -0.015495 2.211161 0.000000
-2.535983 0.014743 3.589742 0.000000
-2.391349 0.005585 3.293978 0.000000
-3.744083 0.033126 4.127451 0.000000
-2.586489 0.017985 3.696950 0.000000
-2.365613 -0.023623 2.950777 0.000000
-2.195295 -0.020818 2.877896 0.000000
-2.212377 -0.021058 3.179389 0.000000
4.562709 0.022439 2.938062 0.000000
4.365951 0.051481 4.150031 0.000000
4.160882 0.042587 3.849365 0.000000
2.397617 7.749617 1.406088 0.000000
2.200478 7.751419 1.622387 0.000000
2.038496 7.737880 1.674489 0.000000
1.103144 10.884492 2.012511 0.000000
1.362609 7.735512 1.617221 0.000000
1.497455 7.735812 1.654738 0.000000
0.800437 11.387910 2.016089 0.000000
1.114745 10.238657 1.886660 0.000000
1.196251 7.742618 1.697339 0.000000
0.738911 11.402847 2.076087 0.000000
0.879451 11.444705 2.076712 0.000000
1.069668 8.840755 1.639203 0.000000
0.261187 11.201536 2.075191 0.000000
1.109513 8.374056 1.664423 0.000000
1.107595 7.847440 1.725848 0.000000
0.129227 10.814897 2.081772 0.000000
0.465658 11.305403 2.075207 0.000000
1.112184 9.430293 1.922949 0.000000
0.000029 10.608400 2.084659 0.000000
0.326288 11.027211 2.079478 0.000000
0.671572 11.386391 2.075714 0.000000
1.117915 11.613415 2.198456 0.000000
-0.180968 10.284525 2.089402 0.000000
1.895439 7.737556 1.622357 0.000000
2.307186 7.737744 1.926831 0.000000
2.038069 7.737080 1.827327 0.000000
1.090480 7.734929 1.548472 0.000000
1.633389 7.736121 1.694766 0.000000
1.081103 7.901215 1.509999 0.000000
1.081524 9.580460 1.686460 0.000000
0.825476 11.744800 2.069921 0.000000
-0.839949 -0.055711 1.220725 0.000000
-1.174660 -0.052494 1.540620 0.000000
-1.316881 -0.051644 1.707526 0.000000
-1.481605 -0.053183 1.929430 0.000000
-0.639347 -0.059376 1.030158 0.000000
-1.317299 7.751941 2.019093 0.000000
-1.133311 9.061875 2.002441 0.000000
-0.872145 10.170345 2.084485 0.000000
-0.665676 11.456761 2.060148 0.000000
-1.131981 8.411399 2.058298 0.000000
-1.099309 9.861000 2.151600 0.000000
-0.869385 11.310598 2.061034 0.000000
-1.361958 7.418490 2.134959 0.000000
-1.066875 11.125000 2.198258 0.000000
-1.449176 7.124181 2.139880 0.000000
-1.168023 7.751343 2.000080 0.000000
-1.130526 7.750213 1.835407 0.000000
-1.133945 9.643283 1.904674 0.000000
-1.528853 6.836692 2.144719 0.000000
-1.467245 7.752580 2.040673 0.000000
-1.287062 7.750769 1.844749 0.000000
-1.126743 7.897487 1.713448 0.000000
-1.698336 6.574558 2.099011 0.000000
-1.769175 7.753977 2.091992 0.000000
-1.444517 7.751370 1.857116 0.000000
-1.244874 7.750072 1.780523 0.000000
-1.668035 6.284589 2.154071 0.000000
-1.789907 7.755285 2.285503 0.000000
-0.801206 8.978986 2.109503 0.000000
-0.351456 9.958127 2.094293 0.000000
-0.060933 10.588504 2.084425 0.000000
0.614166 11.784615 2.066856 0.000000
-0.511541 9.630800 2.099294 0.000000
-0.243658 10.349806 2.087402 0.000000
0.059808 11.076205 2.075651 0.000000
0.399352 11.797221 2.064321 0.000000
-0.661388 9.303982 2.104374 0.000000
-0.418563 10.100514 2.090673 0.000000
-0.137558 10.928926 2.076608 0.000000
0.184053 11.783673 2.062326 0.000000
-1.762911 7.752708 1.890294 0.000000
-0.585431 9.843673 2.094174 0.000000
-0.330160 10.764240 2.077973 0.000000
-0.031283 11.741675 2.060924 0.000000
-0.931303 8.656895 2.114653 0.000000
-0.743875 9.578121 2.097932 0.000000
-0.517215 10.581914 2.079757 0.000000
-0.245495 11.673324 2.060083 0.000000
-1.073660 8.273778 2.064989 0.000000
-0.894021 9.307977 2.101860 0.000000
-0.698063 10.383441 2.081937 0.000000
-0.457309 11.577475 2.059838 0.000000
-1.689564 6.572161 1.736393 0.000000
-1.728133 6.019481 2.158590 0.000000
-1.638138 6.634993 2.008674 0.000000
-1.989010 6.689541 2.360767 0.000000
-1.959639 6.608527 2.155142 0.000000
-1.621587 6.616328 1.825101 0.000000
-2.089746 6.638754 2.590056 0.000000
-1.961339 6.603905 1.960253 0.000000
-9.382673 0.097917 6.706248 0.000000
-2.330037 6.623438 2.529720 0.000000
-2.087538 6.609922 2.211732 0.000000
-1.887063 6.550062 1.618568 0.000000
-2.512144 7.796392 2.513799 0.000000
-2.097928 6.605102 2.008616 0.000000
-9.797394 0.002224 7.441650 0.000000
-9.332302 0.001003 7.518879 0.000000
-1.180578 2.013439 0.020414 0.000000
-1.161532 2.740747 -0.012400 0.000000
-1.219625 3.104583 -0.001809 0.000000
1.086608 10.932894 0.360067 0.000000
1.138084 20.731555 0.208568 0.000000
1.164673 34.593481 0.140458 0.000000
-2.076692 6.563158 0.937047 0.000000
-0.966402 -0.053508 1.513599 0.000000
-1.070449 -0.052597 1.657782 0.000000
-1.287841 -0.051463 1.875232 0.000000
-1.466380 -0.050796 2.116650 0.000000
-1.048671 5.693574 2.362409 0.000000
-0.756734 6.922024 2.313116 0.000000
-0.917440 4.761848 2.343561 0.000000
-0.875485 5.325638 2.336550 0.000000
-0.998692 5.901474 2.362511 0.000000
-0.833148 6.673442 2.314258 0.000000
-1.064751 4.459119 2.343169 0.000000
-1.171503 5.064267 2.334454 0.000000
-1.112271 5.821519 2.363186 0.000000
-1.131948 4.308740 2.342943 0.000000
-1.097845 4.839085 2.334412 0.000000
-0.683482 6.075771 2.338739 0.000000
-1.162116 6.443519 2.364871 0.000000
-1.195050 4.159676 2.342699 0.000000
-1.263442 4.966953 2.333774 0.000000
-1.281319 5.418547 2.334467 0.000000
-1.263796 6.499379 2.316771 0.000000
-1.254189 4.012129 2.342436 0.000000
-1.387386 4.731049 2.362458 0.000000
-1.292969 6.383930 2.365740 0.000000
-1.309501 3.866279 2.342154 0.000000
-1.335692 4.476208 2.332357 0.000000
-0.296282 7.094766 2.359665 0.000000
-0.553079 5.534103 2.338719 0.000000
-0.300766 6.019406 2.340880 0.000000
-0.064411 6.544070 2.356983 0.000000
0.081137 7.067721 2.346711 0.000000
-0.568354 5.367950 2.344109 0.000000
-0.561450 5.801829 2.359021 0.000000
-0.341024 6.582971 2.359065 0.000000
-0.058067 7.012762 2.345942 0.000000
-0.724262 5.282192 2.337323 0.000000
-0.488611 5.752825 2.339423 0.000000
-0.536128 6.289300 2.345329 0.000000
-1.486170 5.257467 2.333101 0.000000
-0.752182 5.065564 2.343873 0.000000
-0.723829 5.697162 2.337996 0.000000
-0.329179 6.873984 2.344420 0.000000
-0.837044 4.913673 2.343726 0.000000
-0.663172 5.471012 2.337989 0.000000
-0.574361 6.932811 2.312269 0.000000
-0.504648 -0.037888 1.181214 0.000000
-0.745603 -0.056562 1.213637 0.000000
-1.643695 4.984599 2.322744 0.000000
-1.598923 6.102091 2.319553 0.000000
-1.361055 3.721840 2.341853 0.000000
-1.474006 4.226020 2.331043 0.000000
-1.583565 5.166776 2.332432 0.000000
-1.409124 3.579849 2.341536 0.000000
-1.434664 4.862951 2.363215 0.000000
-1.644773 5.878520 2.367384 0.000000
-1.537195 4.099232 2.330402 0.000000
-1.996117 6.630187 2.549736 0.000000
-2.177780 6.539762 2.430580 0.000000
-3.477767 -0.021432 5.372194 0.000000
-3.547616 -0.015452 5.540987 0.000000
-2.720336 -0.021217 3.952250 0.000000
-2.960865 -0.021297 4.104042 0.000000
-2.942950 -0.004218 4.271510 0.000000
-3.007136 -0.020249 4.738273 0.000000
-4.830331 -0.005578 7.426745 0.000000
-4.257584 -0.021384 7.078202 0.000000
-1.858757 -0.021128 2.712816 0.000000
-2.556326 -0.006993 3.665645 0.000000
-2.638946 -0.020845 3.454004 0.000000
-2.584306 -0.024249 3.581785 0.000000
-2.442473 -0.020347 3.273314 0.000000
-2.627082 -0.032820 3.601375 0.000000
-2.497669 -0.009308 3.177977 0.000000
0.222290 7.113326 2.347484 0.000000
-2.390480 -0.020881 3.316516 0.000000
1.504766 7.025346 2.354221 0.000000
2.271961 7.747129 2.582612 0.000000
0.487760 -0.065161 0.807102 0.000000
1.946467 7.746468 2.537328 0.000000
1.786039 7.746185 2.518927 0.000000
2.109277 7.746784 2.558659 0.000000
2.291332 7.747747 2.772825 0.000000
2.006999 7.718698 2.747399 0.000000
2.541505 7.748100 2.739970 0.000000
1.226740 7.124447 2.352803 0.000000
1.847478 7.718422 2.732892 0.000000
1.428758 6.832939 2.353618 0.000000
0.857551 -0.056131 1.022327 0.000000
0.771601 -0.057349 1.001937 0.000000
1.004451 6.851361 2.305828 0.000000
2.445545 7.749106 2.400814 0.000000
0.652578 7.185154 2.349799 0.000000
0.251518 6.249800 2.354121 0.000000
0.566636 6.532721 2.352459 0.000000
0.725357 6.709981 2.344081 0.000000
0.876441 6.943185 2.306050 0.000000
0.122365 6.255182 2.355055 0.000000
0.207617 6.463555 2.354871 0.000000
0.433086 6.650606 2.353629 0.000000
-0.086564 6.075112 2.356172 0.000000
0.072396 6.509168 2.355930 0.000000
-0.175287 5.982452 2.341567 0.000000
0.295178 6.759387 2.354812 0.000000
0.508796 7.171795 2.349032 0.000000
-0.329335 5.952513 2.357662 0.000000
-0.006992 6.251874 2.355977 0.000000
0.126081 6.671143 2.344792 0.000000
-0.369673 5.768220 2.340134 0.000000
-0.010909 6.613536 2.344920 0.000000
1.300955 6.927746 2.353017 0.000000
1.502408 6.664807 2.353846 0.000000
1.247853 6.642615 2.305520 0.000000
1.796639 7.746792 2.601221 0.000000
0.775872 6.807289 2.344108 0.000000
1.128690 6.750830 2.305651 0.000000
0.823783 6.798419 2.344045 0.000000
1.156125 -0.052428 1.294614 0.000000
-0.606256 12.214912 2.345876 0.000000
0.468537 14.798484 2.360268 0.000000
0.987231 16.820311 2.343824 0.000000
-0.408344 11.229182 2.346270 0.000000
-0.141362 12.781794 2.345825 0.000000
0.201919 14.629096 2.344984 0.000000
0.646119 16.853267 2.343647 0.000000
-0.601590 10.904923 2.346271 0.000000
-0.378766 12.506920 2.345848 0.000000
-0.085816 14.444399 2.344973 0.000000
0.302555 16.825682 2.343519 0.000000
-0.783945 10.576061 2.346265 0.000000
0.105217 13.039277 2.345811 0.000000
-0.366619 14.226139 2.344986 0.000000
-0.040405 16.744630 2.343433 0.000000
-0.955638 10.245680 2.346249 0.000000
-0.914126 11.860418 2.289373 0.000000
-0.638942 13.976918 2.345020 0.000000
-0.380076 16.611224 2.343391 0.000000
-1.069049 9.399818 2.266131 0.000000
-1.012323 11.430139 2.369493 0.000000
-0.901304 13.697158 2.345072 0.000000
-0.713478 16.421038 2.343396 0.000000
1.118057 11.638558 1.977322 0.000000
0.970002 12.991889 2.346224 0.000000
0.715908 12.733089 2.346223 0.000000
1.121579 13.234235 2.275929 0.000000
1.099118 9.198044 1.605047 0.000000
0.470930 12.455289 2.346230 0.000000
0.890852 13.671304 2.345842 0.000000
-1.068801 9.557298 2.106938 0.000000
1.070047 8.230567 1.515023 0.000000
0.283407 12.133805 2.291498 0.000000
0.622430 13.486331 2.345817 0.000000
1.088372 14.957933 2.345173 0.000000
1.067843 10.516212 1.786391 0.000000
0.010384 11.861899 2.346253 0.000000
0.360160 13.274910 2.345807 0.000000
0.791345 14.886515 2.345084 0.000000
1.123007 13.842218 2.055693 0.000000
-0.204332 11.548749 2.346263 0.000000
-2.078960 6.576975 2.215537 0.000000
-1.687456 6.573334 1.920846 0.000000
-1.951678 6.576134 2.174394 0.000000
-1.821541 6.574078 1.949208 0.000000
-2.092212 6.575684 2.013407 0.000000
-2.119530 6.574485 1.808058 0.000000
-1.065728 12.221508 2.203368 0.000000
-1.038287 16.183393 2.343438 0.000000
-1.080772 9.595385 1.814573 0.000000
-1.118708 12.113476 1.842199 0.000000
-1.093923 7.749468 1.768953 0.000000
-1.068829 9.310514 1.678834 0.000000
1.112583 9.373126 1.853695 0.000000
2.434828 7.752995 1.737980 0.000000
9.254945 -4.061097 0.023738 0.000000
19.969960 -5.704375 0.044946 0.000000
4.979319 -3.240310 0.018026 0.000000
7.204936 -3.516343 0.020235 0.000000
9.845525 -5.500765 0.026476 0.000000
-26.684530 0.818154 -0.058097 0.000000
-5.632929 -1.606318 -0.003457 0.000000
-13.701993 -1.185202 -0.027724 0.000000
-23.692265 -0.877455 -0.049546 0.000000
-12.831911 -2.070602 -0.010553 0.000000
-21.655249 -2.266308 -0.043371 0.000000
28.515690 -12.942313 0.071287 0.000000
14.620998 -7.402471 0.037238 0.000000
23.920716 -9.498443 0.057663 0.000000
7.427780 -4.539626 0.021734 0.000000
13.567651 -6.072278 0.033586 0.000000
5.965600 -3.959725 0.019432 0.000000
9.475051 -4.719850 0.024912 0.000000
21.317537 -7.278560 0.049646 0.000000
4.979213 -3.569640 0.018355 0.000000
7.313887 -3.945420 0.020889 0.000000
12.926803 -5.039284 0.031090 0.000000
4.276710 -3.292777 0.017991 0.000000
-6.558255 -0.622159 -0.005343 0.000000
-8.065788 -0.287022 -0.009660 0.000000
-10.885273 0.030638 -0.022985 0.000000
-6.275807 -1.143412 -0.002378 0.000000
-16.226232 0.832630 -0.036105 0.000000
-7.724031 -0.906039 -0.013697 0.000000
-31.381279 3.103211 -0.070917 0.000000
-10.169539 -0.681917 -0.020248 0.000000
-5.998552 -1.473763 -0.000882 0.000000
-14.771289 -0.262697 -0.031389 0.000000
-7.506903 -0.173550 -0.014231 0.000000
-5.109549 -0.849190 -0.007124 0.000000
-7.650703 -0.554089 -0.002892 0.000000
-27.882362 3.792714 -0.064687 0.000000
-10.490898 -0.063523 -0.077129 0.000000
-6.256072 -0.977332 -0.000746 0.000000
-15.748184 0.705706 -0.034889 0.000000
-8.118993 -0.918852 -0.009113 0.000000
-31.436712 3.017987 -0.070912 0.000000
-11.003347 -0.524546 -0.022465 0.000000
-16.823947 0.189817 -0.006616 0.000000
-4.824732 -0.499606 -0.005513 0.000000
-5.801381 -0.264297 -0.009170 0.000000
-8.697097 -0.432581 -0.004947 0.000000
10.713389 -3.831073 0.025737 0.000000
14.066138 -6.107660 0.034527 0.000000
9.621808 -4.683580 0.025095 0.000000
18.942235 -6.608999 0.044224 0.000000
11.894650 -4.741138 0.028908 0.000000
29.281408 -7.736007 0.065695 0.000000
8.669788 -3.887871 0.022651 0.000000
15.690762 -4.876629 0.035836 0.000000
26.200769 -10.000723 0.062771 0.000000
23.235069 -5.190135 0.050485 0.000000
8.129709 -3.289533 0.021129 0.000000
14.072615 -3.760929 0.031407 0.000000
10.061014 -3.136689 0.023771 0.000000
-18.543481 -0.044401 -0.025639 0.000000
-19.411636 1.109490 -0.043310 0.000000
-8.520201 -0.877790 -0.000504 0.000000
-11.729943 -0.780058 -0.013940 0.000000
-6.593341 -1.441113 -0.009688 0.000000
-11.374362 -1.305554 -0.022231 0.000000
-17.608797 -1.050658 -0.031335 0.000000
-8.154338 -1.883386 -0.013438 0.000000
-38.739583 -0.557446 -0.080887 0.000000
-11.132572 -1.901645 -0.014288 0.000000
-16.829790 -2.171344 -0.033234 0.000000
-35.298253 -2.794672 -0.070798 0.000000
30.782783 0.530638 0.008543 0.000000
15.939577 -0.487247 0.004908 0.000000
10.681613 -0.987428 0.007874 0.000000
28.385809 1.471003 0.006452 0.000000
15.360222 0.065707 0.004052 0.000000
10.566708 -0.515517 0.022481 0.000000
27.842378 2.437271 0.005019 0.000000
15.292288 0.718535 0.023049 0.000000
28.412718 3.493668 0.003878 0.000000
7.847030 -0.577179 0.023550 0.000000
15.464745 1.161779 0.002650 0.000000
13.434462 -5.850761 0.033057 0.000000
-8.641901 -0.370962 -0.000980 0.000000
-12.100670 0.323580 -0.026229 0.000000
-19.461739 1.488788 -0.043945 0.000000
-8.823672 -0.694226 -0.016895 0.000000
-12.388493 -0.322828 -0.025965 0.000000
-20.594147 0.529578 -0.045001 0.000000
23.944314 -9.184159 0.057283 0.000000
9.343868 -4.555005 0.024501 0.000000
20.333244 -6.777862 0.047090 0.000000
7.165278 -3.866144 0.020612 0.000000
12.344557 -4.746568 0.029689 0.000000
8.880719 -3.867246 0.022932 0.000000
18.125035 -5.163418 0.040734 0.000000
11.618014 -3.892530 0.027318 0.000000
34.052340 -6.396911 0.073219 0.000000
-4.049839 -0.843805 -0.011291 0.000000
-6.944024 -0.557878 -0.006661 0.000000
8.560447 -3.296628 0.021735 0.000000
16.843065 -3.989450 0.036755 0.000000
11.147574 -3.194162 0.025600 0.000000
8.337011 -2.802905 0.020773 0.000000
6.720063 -2.481960 0.002411 0.000000
28.300939 -5.448870 0.060654 0.000000
14.938953 -3.634656 0.032791 0.000000
22.585964 -3.595848 0.047059 0.000000
13.284936 -2.783040 0.028687 0.000000
9.421466 -2.446030 0.021855 0.000000
19.559843 -2.446228 0.039723 0.000000
38.276769 -1.563892 0.074904 0.000000
17.830217 -1.611125 0.035328 0.000000
11.724567 -1.740196 0.012068 0.000000
-36.606357 1.982077 -0.080042 0.000000
8.093837 -0.284996 -0.019781 0.000000
6.616930 -0.465233 -0.037853 0.000000
5.512777 -0.659852 -0.026199 0.000000
2.761597 -1.219384 -0.005778 0.000000
4.308055 -0.842634 -0.001851 0.000000
3.037572 -1.001924 -0.004043 0.000000
25.641038 -1.375591 -0.131135 0.000000
14.330316 -1.451289 -0.073326 0.000000
18.496906 -0.537875 -0.100303 0.000000
7.448400 -1.539862 -0.018442 0.000000
27.293715 1.272766 -0.155813 0.000000
6.068116 -1.498629 -0.012441 0.000000
8.850297 -1.052275 -0.046785 0.000000
15.542687 0.080509 -0.089071 0.000000
10.833904 -0.397490 -0.061588 0.000000
23.092424 2.033607 -0.139453 0.000000
5.695530 -1.233391 -0.005859 0.000000
8.202074 -0.679109 -0.000523 0.000000
6.626842 -0.915865 -0.011168 0.000000
-25.774175 -0.458004 0.117502 0.000000
-19.236931 1.909817 0.071071 0.000000
-9.085846 -0.326204 0.037268 0.000000
-12.665717 0.143285 0.030303 0.000000
-7.320338 -0.970605 0.001844 0.000000
-13.378980 -0.342268 0.057080 0.000000
-22.675728 0.504658 0.096452 0.000000
-9.955398 -1.094326 0.031055 0.000000
-6.867150 -0.345393 0.027880 0.000000
-12.358486 -2.951427 0.068477 0.000000
-12.488515 -1.420147 0.044441 0.000000
-19.946772 -1.461458 0.095404 0.000000
-8.954569 -2.137050 0.008292 0.000000
-19.848672 -2.603075 0.101993 0.000000
-8.949929 -2.565217 0.050619 0.000000
-19.889012 -3.808274 0.109636 0.000000
20.091641 -5.224380 -0.079411 0.000000
12.340957 -3.808006 -0.048426 0.000000
35.455235 -6.102001 -0.150942 0.000000
8.970310 -3.167114 -0.004942 0.000000
17.280289 -3.761807 -0.074170 0.000000
11.406832 -3.007049 -0.048441 0.000000
29.307759 -3.709619 -0.135057 0.000000
5.607360 -2.457699 -0.019129 0.000000
8.484790 -2.632735 -0.034948 0.000000
-7.092220 -1.170127 0.003658 0.000000
15.966645 -2.714717 -0.073925 0.000000
-9.075375 -1.022870 0.065434 0.000000
-12.636858 -0.811277 0.056520 0.000000
-20.252191 -0.346777 0.089977 0.000000
2.657546 -1.915570 -0.001557 0.000000
2.674002 -1.662590 -0.003729 0.000000
10.926082 -1.731749 -0.053773 0.000000
4.810851 -2.439299 -0.014021 0.000000
6.755144 -2.412082 -0.026415 0.000000
27.195521 -2.058811 -0.134699 0.000000
15.616712 -1.825137 -0.077633 0.000000
8.384298 -1.682119 -0.040272 0.000000
2.997821 -2.048355 -0.002155 0.000000
6.650428 -1.609017 -0.010117 0.000000
3.033343 -0.545941 -0.005639 0.000000
3.410469 -0.714150 -0.008135 0.000000
3.015346 -0.725100 -0.004057 0.000000
-16.554926 0.575924 0.073604 0.000000
-30.495044 2.329504 0.137121 0.000000
-16.445723 -0.365681 0.079645 0.000000
3.173952 -2.336912 -0.003900 0.000000
10.913844 -2.800767 -0.035584 0.000000
30.391290 -3.622556 -0.157664 0.000000
3.996284 -2.533815 -0.009823 0.000000
5.401606 -2.547324 -0.020287 0.000000
8.081082 -2.418475 -0.023694 0.000000
16.050486 -2.657132 -0.083829 0.000000
4.671356 -2.598502 -0.012100 0.000000
6.527711 -2.376269 -0.029099 0.000000
4.581794 -2.675243 -0.013453 0.000000
2.927431 -2.218477 -0.000405 0.000000
6.414546 -2.194554 -0.016106 0.000000
3.198409 -2.154660 -0.005404 0.000000
5.484325 -1.954104 -0.025020 0.000000
16.458157 -5.589066 -0.065637 0.000000
-30.977429 0.656847 0.151509 0.000000
-11.246279 -1.379296 0.003852 0.000000
-17.149998 -1.266037 0.089755 0.000000
-34.805340 -0.985958 0.184038 0.000000
-11.947727 -2.006936 0.067351 0.000000
-18.955818 -2.271157 0.106540 0.000000
33.733807 -9.846275 -0.132655 0.000000
10.852722 -4.209745 -0.042926 0.000000
31.730207 -7.357178 -0.138943 0.000000
8.104534 -3.535008 -0.031076 0.000000
16.123086 -4.500523 -0.071337 0.000000
10.819568 -3.531644 -0.047450 0.000000
30.664943 -5.352260 -0.147061 0.000000
5.367891 -2.866109 -0.017858 0.000000
8.116749 -3.039243 -0.034587 0.000000
16.025513 -3.543553 -0.077476 0.000000
2.641062 -2.057974 -0.000307 0.000000
8.097788 -1.131114 -0.047875 0.000000
4.680108 -1.520641 -0.022342 0.000000
6.485593 -1.225001 -0.036973 0.000000
10.772672 -0.862532 -0.022641 0.000000
20.067277 -3.243808 -0.038217 0.000000
39.520133 -2.883981 -0.213654 0.000000
8.987268 -2.290368 -0.045156 0.000000
18.020421 -2.163758 -0.098488 0.000000
11.674098 -1.952180 -0.063529 0.000000
33.497442 -1.132619 -0.192442 0.000000
5.782122 -2.139454 -0.022191 0.000000
16.738374 -1.354905 -0.096887 0.000000
11.115518 -1.498109 -0.010822 0.000000
30.064688 0.133284 -0.182197 0.000000
8.311758 -1.468694 -0.046804 0.000000
15.885341 -0.681659 -0.096759 0.000000
4.623133 -1.643881 -0.018682 0.000000
3.074347 -1.876721 -0.003995 0.000000
-27.694395 -0.562906 0.142098 0.000000
-10.714579 -1.165428 0.055047 0.000000
-7.807177 -1.651619 0.055720 0.000000
-10.318434 -1.632610 0.008352 0.000000
-14.588336 -1.893584 0.080466 0.000000
-25.324196 -2.151220 0.140297 0.000000
-9.842235 -2.380104 0.059138 0.000000
-13.969476 -2.728344 0.083038 0.000000
-23.939670 -3.573977 0.142727 0.000000
6.961904 -2.257310 -0.028587 0.000000
6.747411 -2.605751 -0.018834 0.000000
11.758148 -2.766451 -0.038531 0.000000
3.158660 -2.471495 -0.001068 0.000000
8.724065 -2.434806 -0.037495 0.000000
17.506782 -3.328078 -0.078002 0.000000
4.936421 -2.055775 -0.017237 0.000000
32.940391 -6.886998 -0.133554 0.000000
-9.559051 -2.954560 0.061725 0.000000
-23.173960 -4.960781 0.148277 0.000000
34.202914 -11.458770 -0.111601 0.000000
16.480128 -6.314146 -0.054367 0.000000
10.853413 -4.683116 -0.035228 0.000000
32.982422 -8.952381 -0.121001 0.000000
8.072692 -3.878777 -0.025042 0.000000
16.488466 -5.242719 -0.061001 0.000000
6.431463 -3.405421 -0.018455 0.000000
10.981529 -4.006270 -0.040048 0.000000
5.340954 -3.092024 -0.013602 0.000000
8.223926 -3.388701 -0.028864 0.000000
16.804696 -4.266244 -0.068633 0.000000
4.558261 -2.868049 -0.009710 0.000000
11.232891 -3.363324 -0.045327 0.000000
34.732611 -5.088805 -0.153605 0.000000
3.975839 -2.702218 -0.006461 0.000000
5.459105 -2.772693 -0.016271 0.000000
8.438874 -2.912051 -0.032977 0.000000
-1.115911 7.738720 1.200659 0.000000
-1.083531 10.148280 1.490483 0.000000
-1.062650 16.345455 2.097591 0.000000
-1.107625 8.047938 1.525612 0.000000
-1.069871 9.524374 1.522374 0.000000
0.360785 19.949763 2.250051 0.000000
0.876543 18.467598 2.255197 0.000000
-1.063142 16.835322 1.880982 0.000000
-0.732589 20.833860 2.262558 0.000000
-0.016179 19.736956 2.252732 0.000000
0.537277 18.557676 2.256205 0.000000
-1.120396 12.397029 1.426684 0.000000
-1.017597 20.191110 2.254778 0.000000
-0.384875 19.472385 2.255634 0.000000
0.194072 18.599576 2.257471 0.000000
-1.111422 9.287346 1.541053 0.000000
-0.742641 19.151252 2.258772 0.000000
-0.150674 18.584580 2.259027 0.000000
-1.068795 11.034593 1.594822 0.000000
-1.060411 18.259380 2.216754 0.000000
-0.494643 18.524565 2.260805 0.000000
-1.109795 8.699823 1.470396 0.000000
-0.835234 18.408215 2.262847 0.000000
-0.244946 21.423678 2.245265 0.000000
2.440880 7.744479 1.178751 0.000000
2.508994 7.750283 1.457125 0.000000
1.067662 22.892311 2.232204 0.000000
1.127315 18.733224 1.676190 0.000000
1.116122 12.141573 1.443355 0.000000
1.034716 26.907368 2.211809 0.000000
1.124367 16.477938 1.757401 0.000000
1.114485 11.034612 1.512801 0.000000
0.482333 25.938137 2.219163 0.000000
1.112609 9.949124 1.543324 0.000000
-0.032078 24.926404 2.226559 0.000000
0.742162 22.534037 2.258902 0.000000
1.052528 20.063876 2.277351 0.000000
1.064556 12.679149 1.782882 0.000000
-0.506588 23.875195 2.233968 0.000000
0.174616 21.973659 2.240687 0.000000
0.743277 20.103165 2.247645 0.000000
1.126643 16.922514 2.131594 0.000000
-0.940892 22.818473 2.241212 0.000000
-7.493032 0.006969 5.494928 0.000000
-6.482160 0.001187 5.013290 0.000000
-6.796571 0.004561 5.733507 0.000000
-6.874129 0.010048 5.252018 0.000000
-7.163225 0.006202 5.066899 0.000000
-7.206204 0.007421 4.940017 0.000000
-7.102215 0.009960 6.112561 0.000000
-7.295612 0.008348 5.790159 0.000000
-7.756785 0.003615 5.216737 0.000000
-7.521014 0.008799 6.483402 0.000000
-7.749333 0.012824 6.253881 0.000000
-8.260144 0.010706 5.707196 0.000000
-7.952460 0.018776 7.068501 0.000000
-8.256840 0.017664 6.776788 0.000000
-8.472793 0.002947 6.443686 0.000000
-8.909876 0.016150 6.272487 0.000000
-8.454380 0.023758 7.639458 0.000000
-8.995982 0.014700 7.262424 0.000000
-9.241020 0.022531 7.147623 0.000000
-9.663511 0.022213 6.933268 0.000000
9.565369 0.004177 7.633964 0.000000
8.892862 0.000069 6.990765 0.000000
9.732974 0.020858 7.212689 0.000000
-1.960441 6.577469 2.363399 0.000000
-0.120796 7.299892 2.345897 0.000000
0.319119 7.306423 2.348166 0.000000
-0.266499 7.274161 2.345133 0.000000
0.025710 7.313195 2.346658 0.000000
-0.553728 7.190456 2.343611 0.000000
-0.712642 6.603142 2.342199 0.000000
-0.833246 6.498320 2.341479 0.000000
0.419397 7.596624 2.348930 0.000000
1.084981 7.156562 2.352070 0.000000
0.551192 8.043724 2.303565 0.000000
0.766431 7.619922 2.304193 0.000000
0.941718 7.177420 2.351324 0.000000
0.214874 7.809993 2.305837 0.000000
0.717212 7.422151 2.350349 0.000000
0.859865 7.318678 2.351015 0.000000
-1.062266 6.270502 2.340074 0.000000
0.610338 7.253657 2.349640 0.000000
0.110041 7.723275 2.347426 0.000000
0.297232 7.493727 2.306604 0.000000
0.464856 7.285530 2.348906 0.000000
-0.103010 7.530062 2.308191 0.000000
0.144206 7.426259 2.307489 0.000000
-1.514552 6.838795 2.316844 0.000000
-1.558649 5.618944 2.336777 0.000000
-1.396472 7.199164 2.367961 0.000000
-1.432973 5.542205 2.364983 0.000000
-1.421056 6.314602 2.366574 0.000000
-1.227407 6.801018 2.339910 0.000000
-2.142307 6.585820 2.800442 0.000000
-1.644338 5.478638 2.336154 0.000000
-1.112563 7.102155 2.314122 0.000000
-2.066054 6.537316 2.690782 0.000000
-2.135102 7.748491 2.684238 0.000000
-1.721908 6.575816 2.269685 0.000000
-1.329614 5.641472 2.364425 0.000000
-0.694328 7.132179 2.342855 0.000000
-1.192902 6.013898 2.335789 0.000000
-0.410977 7.237884 2.344371 0.000000
-1.317331 5.973779 2.335050 0.000000
-0.967515 6.985382 2.341363 0.000000
-0.765772 7.220897 2.363310 0.000000
-1.142894 6.617070 2.315844 0.000000
-0.924290 7.236762 2.364506 0.000000
-1.274137 6.021537 2.338719 0.000000
-0.832319 7.063435 2.342105 0.000000
-5.635814 0.006528 6.273912 0.000000
-5.897833 0.010288 6.672274 0.000000
-6.093644 0.006306 7.184904 0.000000
-5.576033 0.010937 6.829546 0.000000
-6.496488 0.018591 7.603099 0.000000
-5.781257 0.015285 7.404386 0.000000
-4.407699 0.011895 7.054357 0.000000
-4.873550 0.004102 5.099819 0.000000
0.831995 7.688570 2.351162 0.000000
-6.112174 0.006591 6.046155 0.000000
-5.287975 0.005142 5.647948 0.000000
-5.662992 0.005912 5.717869 0.000000
-6.192309 0.003296 5.586124 0.000000
-5.448137 0.003660 6.049041 0.000000
-6.407496 0.003996 5.904030 0.000000
-5.337206 0.006779 6.432808 0.000000
-5.990456 0.010031 6.510270 0.000000
-6.365443 0.013941 6.574919 0.000000
-6.911603 0.011684 6.444764 0.000000
-5.543748 0.010024 6.779509 0.000000
-6.190478 0.005526 6.843306 0.000000
-6.741416 0.011249 6.820355 0.000000
-7.392144 0.004882 6.882097 0.000000
-5.764208 0.013417 7.153737 0.000000
-6.395038 0.015901 7.257318 0.000000
-7.000422 0.010009 7.333167 0.000000
7.810011 0.005095 7.196455 0.000000
-6.031951 0.015220 7.549944 0.000000
-6.603390 0.001043 7.778964 0.000000
7.080140 0.012224 7.664571 0.000000
7.656571 0.021540 7.538616 0.000000
8.509526 0.004427 7.679373 0.000000
1.211201 7.743621 2.252142 0.000000
1.516707 7.746803 2.034495 0.000000
1.777451 7.723054 2.210073 0.000000
1.368860 7.746781 2.019248 0.000000
1.547173 7.567148 2.301193 0.000000
1.130765 7.746914 2.014766 0.000000
1.861959 7.747775 2.203376 0.000000
1.083047 8.293951 2.300418 0.000000
1.474516 6.405283 2.305371 0.000000
0.903795 8.225357 2.301418 0.000000
1.082042 7.639225 2.302822 0.000000
1.363909 6.527163 2.305425 0.000000
0.726679 8.141353 2.302469 0.000000
2.500396 7.748632 2.324057 0.000000
2.202578 7.748019 2.240854 0.000000
2.113901 7.747244 2.119728 0.000000
1.908146 7.747547 2.168341 0.000000
2.008181 7.748055 2.248783 0.000000
1.614339 7.747214 2.105926 0.000000
-9.095630 0.019817 3.123310 0.000000
-8.620918 0.000380 3.440371 0.000000
-9.421093 0.008237 4.188089 0.000000
-9.309997 0.005256 3.807477 0.000000
-9.225630 0.002577 3.457761 0.000000
1.412241 3.447116 -0.015242 0.000000
1.970381 5.062443 -0.013461 0.000000
2.418708 7.744435 -0.012861 0.000000
2.510909 7.745339 0.115936 0.000000
-0.598682 0.435536 0.044729 0.000000
-0.762636 0.417726 0.040814 0.000000
-0.639726 0.741005 -0.001381 0.000000
-8.542055 0.007735 4.519281 0.000000
-9.193682 0.018810 5.792450 0.000000
-9.203247 0.015847 5.370035 0.000000
-9.233745 0.013229 4.985951 0.000000
-9.217913 0.009795 4.703215 0.000000
-7.400852 0.005550 4.519854 0.000000
-7.471588 0.000991 4.115575 0.000000
-7.923602 0.003673 4.451219 0.000000
-7.943965 0.002774 4.118686 0.000000
-7.849352 0.015058 3.717437 0.000000
-8.423063 0.005603 5.358270 0.000000
-4.677672 0.010251 7.456546 0.000000
-1.559602 5.864832 2.333588 0.000000
-1.635403 4.724299 2.364403 0.000000
-1.725743 5.336816 2.335543 0.000000
0.318778 5.953506 2.344474 0.000000
0.797853 5.396013 2.348295 0.000000
0.038153 6.124784 2.355381 0.000000
0.456310 5.645426 2.344871 0.000000
0.638650 5.501197 2.345766 0.000000
0.531300 5.590481 2.345245 0.000000
0.068357 5.855807 2.342837 0.000000
0.624674 5.739781 2.346044 0.000000
0.340742 5.686987 2.344230 0.000000
0.895206 5.405742 2.347213 0.000000
1.284856 4.743703 2.348493 0.000000
0.819590 6.274034 2.350169 0.000000
1.052262 5.989847 2.347957 0.000000
1.098532 5.247173 2.348237 0.000000
1.204172 4.862571 2.348206 0.000000
0.839070 5.907750 2.349246 0.000000
1.199953 5.533455 2.349347 0.000000
1.119656 4.978873 2.347885 0.000000
0.681404 6.240867 2.351066 0.000000
1.031245 5.091720 2.347529 0.000000
0.471670 6.345121 2.352756 0.000000
0.715040 5.939280 2.350178 0.000000
0.994877 5.186490 2.346394 0.000000
0.446696 5.989117 2.345297 0.000000
0.842191 5.305775 2.346711 0.000000
-1.177546 5.212150 2.362183 0.000000
-0.953274 5.608595 2.336570 0.000000
-0.939770 6.064453 2.337269 0.000000
-1.267092 5.098397 2.362567 0.000000
-1.595351 4.539541 2.331161 0.000000
-0.885664 5.528941 2.360780 0.000000
-0.694685 5.832988 2.360081 0.000000
-0.555273 6.066611 2.339464 0.000000
1.278457 5.223094 2.344583 0.000000
2.281375 0.001905 2.533962 0.000000
0.993141 -0.053838 1.222803 0.000000
1.105685 -0.051966 1.562757 0.000000
2.000199 7.716361 3.008606 0.000000
0.561602 -0.060049 1.035749 0.000000
2.228480 7.717641 2.932689 0.000000
2.452412 7.716516 3.132374 0.000000
2.073371 7.717476 2.903905 0.000000
2.236896 7.715525 3.176305 0.000000
2.531133 7.715391 3.287969 0.000000
1.512328 6.227908 2.345317 0.000000
1.493857 5.424164 2.343659 0.000000
2.678238 7.715312 3.347813 0.000000
2.383251 7.715463 3.230479 0.000000
1.242809 6.309428 2.347317 0.000000
1.463865 5.707605 2.344531 0.000000
1.466214 5.020859 2.342797 0.000000
1.433677 4.499082 2.348957 0.000000
1.261671 5.686664 2.345845 0.000000
1.288404 5.066481 2.349143 0.000000
1.416909 4.602105 2.341905 0.000000
1.104760 6.334325 2.348316 0.000000
2.602471 7.747911 2.639126 0.000000
2.604557 7.716556 3.179162 0.000000
2.481621 7.747155 2.863867 0.000000
1.753502 -0.020457 1.807077 0.000000
1.842341 -0.020050 2.054192 0.000000
1.240038 -0.051258 1.596389 0.000000
1.467643 -0.046261 1.786771 0.000000
1.215017 -0.051142 1.704931 0.000000
-1.517859 4.651389 2.331799 0.000000
-1.688215 7.755801 2.421885 0.000000
-1.666971 6.146993 2.368117 0.000000
-1.619380 6.664697 2.244433 0.000000
-2.368507 7.760169 2.683082 0.000000
-0.618600 6.578949 2.361090 0.000000
-1.082547 7.237820 2.365681 0.000000
-1.240229 7.225562 2.366835 0.000000
-7.806278 -0.022750 7.827274 0.000000
2.383846 -0.008572 2.796776 0.000000
1.853163 -0.019947 2.256059 0.000000
1.517579 5.317579 2.351065 0.000000
1.094213 6.023420 2.349346 0.000000
1.349193 5.967676 2.350890 0.000000
1.309010 5.468340 2.349947 0.000000
1.189129 5.789148 2.346573 0.000000
0.835481 6.038932 2.347750 0.000000
0.705019 6.032573 2.346935 0.000000
1.446828 6.067997 2.345434 0.000000
1.222475 6.000329 2.350126 0.000000
0.152273 6.859228 2.356016 0.000000
-0.264242 6.215866 2.357764 0.000000
-0.479888 6.585904 2.360085 0.000000
0.292732 6.197859 2.353718 0.000000
0.695508 6.406479 2.351305 0.000000
2.489698 7.745352 0.569329 0.000000
-1.068028 26.612064 0.739952 0.000000
-1.095277 17.179995 0.594082 0.000000
2.728281 7.745772 0.959022 0.000000
1.094220 19.011877 0.666099 0.000000
1.094477 29.878224 0.739932 0.000000
1.116842 1.927564 0.025529 0.000000
1.205231 2.669110 -0.008932 0.000000
-0.216258 11.660571 2.292146 0.000000
0.715935 10.833267 2.356625 0.000000
-0.579803 13.122371 2.367235 0.000000
-0.069047 12.507562 2.288882 0.000000
0.131318 11.718079 2.292866 0.000000
0.504922 10.899132 2.347424 0.000000
-0.834848 12.819748 2.368948 0.000000
-0.418773 12.294664 2.365680 0.000000
-0.009640 11.704135 2.292533 0.000000
0.304534 11.105154 2.359761 0.000000
-1.077107 12.497130 2.370554 0.000000
-0.659655 12.136820 2.367341 0.000000
0.405104 11.719433 2.293628 0.000000
0.091568 11.212888 2.361363 0.000000
-1.068897 9.643873 2.088057 0.000000
-0.497942 11.664342 2.365903 0.000000
-0.125253 11.299881 2.362983 0.000000
-1.014346 11.260187 2.291665 0.000000
-0.706020 11.609761 2.291017 0.000000
-0.345062 11.366947 2.364613 0.000000
-1.078812 8.831517 1.995282 0.000000
1.015672 11.565395 2.296019 0.000000
1.091730 13.791555 2.355477 0.000000
1.102477 9.871810 2.002141 0.000000
1.126712 7.746471 1.942986 0.000000
0.848025 14.202385 2.357363 0.000000
1.106444 12.652618 2.354823 0.000000
1.111435 9.329678 2.085963 0.000000
0.546558 14.053427 2.359476 0.000000
0.848628 12.667420 2.356751 0.000000
-0.948562 11.513460 2.369081 0.000000
1.105560 8.440852 2.120774 0.000000
0.252334 13.869184 2.361526 0.000000
0.591802 12.652458 2.358584 0.000000
0.871604 11.527936 2.355973 0.000000
1.102143 10.494132 2.353622 0.000000
-0.034940 13.650306 2.363514 0.000000
0.334669 12.607720 2.360407 0.000000
0.611715 11.691009 2.294333 0.000000
0.911475 10.672113 2.355112 0.000000
-0.312762 13.399565 2.365420 0.000000
0.079657 12.531450 2.362205 0.000000
-0.560852 11.516258 2.291814 0.000000
-1.068342 10.226164 2.204114 0.000000
-0.622951 11.505281 2.291690 0.000000
-1.078622 8.260278 1.943142 0.000000
1.275310 7.746368 1.943595 0.000000
-1.070539 7.996064 1.877430 0.000000
1.727599 7.746279 1.960837 0.000000
1.879913 7.746323 1.971701 0.000000
2.265451 7.747444 2.147701 0.000000
1.424750 7.746302 1.946813 0.000000
1.102039 10.402998 1.897625 0.000000
2.466470 7.738879 1.846638 0.000000
2.710471 7.738773 2.093028 0.000000
2.575846 7.738426 2.035209 0.000000
2.649055 7.748987 2.369348 0.000000
-7.656640 -0.523300 0.015740 0.000000
-13.925383 0.411496 0.089151 0.000000
-23.203696 1.655323 0.144693 0.000000
-17.020491 -0.016437 0.107848 0.000000
4.038472 -0.562602 -0.002056 0.000000
2.701275 -0.982758 -0.000237 0.000000
6.876899 -0.072126 -0.036034 0.000000
3.653554 -0.705726 -0.010957 0.000000
-9.388165 -0.021034 7.822722 0.000000
-1.718547 5.128441 1.232330 0.000000
-1.716559 5.542660 1.130472 0.000000
-1.713853 5.019656 1.146337 0.000000
-0.684656 20.022136 2.340151 0.000000
-1.121193 13.050613 1.838856 0.000000
-1.136860 19.746559 2.210726 0.000000
-1.112834 9.841757 1.641310 0.000000
-1.083603 13.611010 1.786791 0.000000
-1.011766 17.033149 2.371408 0.000000
1.081675 8.799997 1.714137 0.000000
1.488528 3.558066 1.264730 0.000000
0.008039 16.711893 2.363998 0.000000
1.066015 11.833473 1.837268 0.000000
-0.217299 13.546228 2.364789 0.000000
0.181558 14.857136 2.362348 0.000000
0.657699 16.268192 2.359248 0.000000
1.106185 15.935254 2.180994 0.000000
-0.469554 13.413297 2.366558 0.000000
-0.107038 14.878842 2.364433 0.000000
0.337324 16.512795 2.361595 0.000000
0.877928 18.319052 2.357932 0.000000
-0.715862 13.253712 2.368275 0.000000
-0.395611 14.866069 2.366511 0.000000
0.967559 15.984495 2.356969 0.000000
0.515813 18.831241 2.360572 0.000000
-0.955097 13.069164 2.369931 0.000000
-0.682281 14.813614 2.368568 0.000000
-0.328150 16.869211 2.366447 0.000000
0.132381 19.302901 2.363356 0.000000
-1.101858 11.527263 2.106941 0.000000
-0.965548 14.727450 2.370592 0.000000
-0.668898 16.975766 2.368921 0.000000
-0.269074 19.721991 2.366264 0.000000
-1.069304 9.053255 1.932689 0.000000
-1.080556 12.354050 2.115535 0.000000
0.827184 13.802303 2.357375 0.000000
1.082024 11.813273 2.129995 0.000000
0.564003 13.783241 2.359255 0.000000
1.031357 14.573061 2.356164 0.000000
0.300411 13.733533 2.361131 0.000000
0.752176 14.703531 2.358204 0.000000
1.105074 13.493076 2.123606 0.000000
0.039751 13.655696 2.362978 0.000000
0.941292 1.205536 0.030920 0.000000
-1.729106 6.264781 0.018821 0.000000
2.628260 7.745982 0.232903 0.000000
-9.147381 -0.072313 5.688564 0.000000
-34.807405 1.514507 0.215723 0.000000
16.940430 0.052587 0.009764 0.000000
8.716663 -1.489376 0.007300 0.000000
17.708061 -0.677502 0.029682 0.000000
34.315460 1.649623 0.014726 0.000000
8.496810 -1.161958 0.018436 0.000000
37.096785 0.234541 0.011407 0.000000
11.119459 -0.470471 0.028955 0.000000
-9.977070 -0.396644 0.013916 0.000000
-6.447792 -0.889272 0.003703 0.000000
-37.234682 5.090300 0.015927 0.000000
-13.557865 0.255194 0.007526 0.000000
-21.740195 1.263838 0.007957 0.000000
-10.821300 -0.634834 0.006191 0.000000
-29.354522 0.629499 0.039827 0.000000
-12.751311 -1.112258 0.003860 0.000000
-20.876194 -0.887519 0.001835 0.000000
19.848703 -2.503467 0.003293 0.000000
18.516533 -1.569471 0.023589 0.000000
6.780326 -0.990148 0.019821 0.000000
20.159706 1.581579 0.015752 0.000000
12.511042 0.441576 0.012491 0.000000
7.387704 -1.428591 0.018497 0.000000
17.768470 -4.891031 -0.002792 0.000000
11.520864 -3.682816 0.000833 0.000000
18.652508 -3.881774 -0.000220 0.000000
11.947719 -3.013881 0.002469 0.000000
38.912752 -8.987893 -0.011805 0.000000
12.419151 -2.338424 0.004109 0.000000
9.062147 -2.107494 0.005597 0.000000
12.956148 -1.646738 0.005780 0.000000
-12.872337 -1.231877 0.003502 0.000000
-19.778145 -1.128048 0.001631 0.000000
-13.057075 -1.963267 0.001583 0.000000
-20.653573 -2.269052 -0.001471 0.000000
-6.318249 -2.413775 0.005011 0.000000
-23.063235 -3.645869 -0.005511 0.000000
-15.191853 -3.741044 -0.003710 0.000000
-28.423239 -5.729451 -0.011874 0.000000
-9.924137 -1.904597 0.003240 0.000000
-13.803322 -2.077470 0.001007 0.000000
-22.598032 -2.496160 -0.019295 0.000000
-13.401048 -2.859069 -0.000827 0.000000
-21.840618 -3.744680 -0.005492 0.000000
-13.202491 -3.651979 -0.002778 0.000000
14.650277 -1.737478 0.025343 0.000000
12.688601 -3.176785 0.001930 0.000000
-21.712532 -5.072443 -0.008842 0.000000
-9.375578 -3.614803 -0.000815 0.000000
-13.177780 -4.493152 -0.004932 0.000000
-22.088630 -6.556160 -0.012709 0.000000
19.256782 -5.287016 -0.003800 0.000000
12.078964 -3.859709 0.000274 0.000000
8.802026 -3.209832 0.002876 0.000000
20.379865 -4.219822 -0.001060 0.000000
6.912899 -2.836578 0.004959 0.000000
21.999179 -3.090700 0.001858 0.000000
9.770025 -2.131628 0.017348 0.000000
24.792024 -1.818577 0.005215 0.000000
-18.916645 1.342247 0.008073 0.000000
7.157286 -0.461310 0.014762 0.000000
-22.177577 -0.000006 0.054503 0.000000
-12.594649 -0.139696 0.006349 0.000000
-20.170637 0.671740 0.006077 0.000000
-13.313830 -0.654211 0.004779 0.000000
-10.011910 -1.319949 0.004657 0.000000
-25.466497 -1.107288 0.000425 0.000000
20.306609 1.294823 0.012897 0.000000
12.535769 0.250282 0.010590 0.000000
33.444272 4.736424 0.022451 0.000000
15.597263 -1.642503 0.005544 0.000000
-17.580355 -3.256340 -0.003190 0.000000
-8.679641 -2.862253 0.001612 0.000000
-36.990168 -5.235472 -0.012104 0.000000
-11.811530 -3.368890 -0.001471 0.000000
34.353817 -3.726710 0.001109 0.000000
16.766970 -2.568138 0.003148 0.000000
28.880122 -1.808611 0.005512 0.000000
10.677801 -1.473916 0.006327 0.000000
26.971811 -0.310233 0.009169 0.000000
15.340739 -0.792949 0.007703 0.000000
27.635397 1.252590 0.013168 0.000000
-16.757604 -1.321578 0.001951 0.000000
-32.608123 -1.160025 -0.001033 0.000000
-11.328657 -1.984913 0.002286 0.000000
-17.023076 -2.237019 -0.000444 0.000000
-34.068071 -2.996503 -0.005938 0.000000
15.992508 0.116133 0.020796 0.000000
11.006601 -0.351329 0.009376 0.000000
6.707363 -0.738041 0.021889 0.000000
-1.331044 3.535586 -0.008753 0.000000
1.611976 3.845873 0.172390 0.000000
-0.976263 2.589896 -0.009741 0.000000
-0.960968 2.672589 -0.002416 0.000000
-1.109448 2.979607 -0.000700 0.000000
-0.919422 2.937139 -0.012261 0.000000
-1.364252 3.340504 -0.003650 0.000000
-0.860645 3.298478 -0.014711 0.000000
-1.463137 3.692566 -0.009862 0.000000
-1.056794 3.522555 -0.017739 0.000000
1.275292 2.555673 0.025193 0.000000
1.571569 3.199503 0.177300 0.000000
-1.093614 8.471470 0.891253 0.000000
2.689597 7.745539 1.039921 0.000000
1.609724 3.635959 0.433769 0.000000
-1.110857 19.193103 0.913773 0.000000
-1.087533 35.047711 1.746161 0.000000
1.100963 20.046250 1.115597 0.000000
1.074470 29.388226 0.731548 0.000000
1.086055 15.956190 0.857427 0.000000
1.104516 23.874191 0.957153 0.000000
1.106746 32.362055 1.460455 0.000000
1.098163 17.007658 1.202421 0.000000
1.096423 25.089744 1.519538 0.000000
-1.110829 31.470410 1.390002 0.000000
-31.319550 2.726555 -0.222675 0.000000
-11.680658 -0.364952 -0.082351 0.000000
-17.763885 0.091554 -0.020094 0.000000
-35.905056 1.709803 -0.252206 0.000000
32.050875 4.041200 0.203590 0.000000
6.634027 -0.310736 0.017208 0.000000
-6.632474 -0.303017 -0.001808 0.000000
-7.959476 -0.032070 -0.040034 0.000000
-4.898315 -0.947970 -0.030245 0.000000
-28.812148 3.632390 -0.207080 0.000000
-11.184493 0.085917 -0.079586 0.000000
-16.513779 0.785103 -0.118080 0.000000
-3.743746 -0.767699 -0.008850 0.000000
-6.592590 -0.024126 -0.004569 0.000000
9.852114 -0.018059 3.909863 0.000000
0.685081 0.337335 0.046759 0.000000
-1.095193 17.475447 1.650548 0.000000
-1.094810 30.499631 1.974553 0.000000
-1.075771 9.554611 1.026977 0.000000
-1.094246 11.971035 1.527432 0.000000
-1.821959 7.730018 1.497740 0.000000
-1.816542 7.739374 1.300977 0.000000
-0.622284 23.351579 2.337903 0.000000
1.093419 18.450602 1.815613 0.000000
-0.318429 20.302717 2.341818 0.000000
0.264562 23.405231 2.342394 0.000000
1.040847 27.180354 2.343153 0.000000
1.125720 15.843900 1.523392 0.000000
-0.179583 23.419661 2.340111 0.000000
0.519869 27.713010 2.340014 0.000000
-0.021143 28.141204 2.336863 0.000000
0.867938 34.640448 2.335345 0.000000
-1.059518 23.202279 2.335793 0.000000
-0.576542 28.455241 2.333742 0.000000
-1.096165 16.233189 1.832609 0.000000
-1.096912 27.446601 2.258527 0.000000
-1.092906 8.932569 1.469978 0.000000
0.706156 23.314456 2.344729 0.000000
-2.179734 6.563416 1.114051 0.000000
1.490205 3.480470 1.096409 0.000000
1.089098 10.593010 1.513459 0.000000
1.091728 18.544862 2.158355 0.000000
0.829721 20.823890 2.347309 0.000000
1.091675 15.494688 1.792973 0.000000
0.441401 20.711593 2.345402 0.000000
1.093096 22.103593 2.269812 0.000000
0.057702 20.533672 2.343570 0.000000
2.621465 7.750977 1.510481 0.000000
-0.368212 7.814283 2.345053 0.000000
-0.153209 8.474669 2.346542 0.000000
-0.528963 7.817236 2.344245 0.000000
-0.333432 8.556988 2.345665 0.000000
-0.949769 6.387552 2.340771 0.000000
-0.689381 7.806443 2.343434 0.000000
-0.516547 8.623590 2.344770 0.000000
-0.848848 7.781926 2.342622 0.000000
-0.794847 8.667947 2.309690 0.000000
-1.099323 6.897737 2.340631 0.000000
-1.141037 7.752869 2.253634 0.000000
-0.887982 8.702599 2.342940 0.000000
-1.074609 8.715131 2.342016 0.000000
0.681604 7.848912 2.350484 0.000000
-0.194963 6.948034 2.345178 0.000000
0.266130 7.666138 2.348188 0.000000
0.525154 7.999302 2.349766 0.000000
-1.351695 6.696445 2.339200 0.000000
0.363356 8.138652 2.349011 0.000000
-0.588325 6.701409 2.342929 0.000000
-0.048109 7.766613 2.346646 0.000000
0.023440 8.377418 2.347394 0.000000
-0.207720 7.797665 2.345855 0.000000
-2.334929 6.578755 2.304581 0.000000
-2.504492 7.761135 2.742256 0.000000
-1.698506 6.337475 2.337147 0.000000
-1.398620 7.640317 2.311292 0.000000
-1.587386 6.463734 2.337818 0.000000
-1.499229 7.425321 2.311656 0.000000
-1.985041 5.131228 -0.018374 0.000000
1.611209 3.721048 0.245647 0.000000
2.574672 7.329353 0.004153 0.000000
-1.434505 4.659150 -0.011424 0.000000
-1.780500 4.814226 -0.016532 0.000000
2.645456 7.745760 0.156465 0.000000
2.518090 -0.018900 3.048537 0.000000
0.749208 -0.055938 1.225567 0.000000
2.615693 7.748736 2.896935 0.000000
2.136560 -0.019330 2.592577 0.000000
1.464768 -0.067700 1.949303 0.000000
1.784882 -0.026622 2.099909 0.000000
1.082408 7.964020 2.264409 0.000000
1.518668 7.744066 2.313121 0.000000
0.910522 11.196989 2.297283 0.000000
1.084383 9.232724 2.233087 0.000000
0.738838 11.002105 2.348796 0.000000
0.857224 10.060052 2.309314 0.000000
1.083349 8.614318 2.266374 0.000000
0.754146 10.030285 2.349068 0.000000
0.962207 9.214224 2.350336 0.000000
0.323580 10.750689 2.305569 0.000000
0.561068 10.065463 2.308536 0.000000
0.604832 9.353112 2.348191 0.000000
0.986244 8.595842 2.350392 0.000000
0.051704 10.619664 2.344789 0.000000
0.258591 9.820203 2.308593 0.000000
0.829370 8.730996 2.349470 0.000000
-0.166270 10.449615 2.343529 0.000000
0.143195 9.933133 2.345426 0.000000
0.421472 9.397801 2.347094 0.000000
0.669001 8.854867 2.348524 0.000000
1.107164 7.855321 1.899403 0.000000
1.085515 9.777291 2.158388 0.000000
-0.996675 9.237849 2.338727 0.000000
-1.056569 8.269485 2.310272 0.000000
-0.505374 9.365935 2.341602 0.000000
-1.097181 9.180130 2.318439 0.000000
-0.747422 9.278952 2.307887 0.000000
-1.096117 7.826162 2.044479 0.000000
-0.353651 9.211976 2.309055 0.000000
-1.815016 7.746001 2.282335 0.000000
-1.503240 7.753802 2.214290 0.000000
0.158940 9.149592 2.345511 0.000000
-0.377044 10.260095 2.342315 0.000000
-0.057139 9.860821 2.344242 0.000000
0.236613 9.426531 2.345992 0.000000
0.502761 8.966507 2.347543 0.000000
-0.530804 10.145747 2.305540 0.000000
-0.258849 9.619347 2.307967 0.000000
0.050719 9.436604 2.344887 0.000000
0.332803 9.065741 2.346539 0.000000
-0.773975 9.831709 2.340026 0.000000
-0.447640 9.661038 2.341946 0.000000
-0.029751 9.524002 2.308846 0.000000
-0.959077 9.597994 2.338954 0.000000
-0.636228 9.535380 2.340839 0.000000
-0.321036 9.406838 2.342688 0.000000
-0.194433 9.373281 2.308928 0.000000
-1.049733 8.986758 2.308099 0.000000
2.737648 7.749977 2.515444 0.000000
1.110945 7.341866 2.352372 0.000000
0.974753 7.519038 2.351790 0.000000
-1.065021 5.552386 2.335863 0.000000
-1.385172 5.341027 2.333780 0.000000
-1.669009 4.424818 2.330534 0.000000
-1.677566 5.070949 2.331774 0.000000
-1.676762 5.796400 2.332867 0.000000
-0.823510 5.177009 2.336578 0.000000
-1.181234 4.720491 2.333715 0.000000
1.465427 4.866457 2.349932 0.000000
1.501996 4.374576 2.349134 0.000000
0.860268 5.681705 2.347421 0.000000
0.575538 6.015112 2.346117 0.000000
2.598622 7.749458 3.448650 0.000000
1.473827 5.924951 2.351634 0.000000
-0.173392 5.725611 2.341218 0.000000
0.145513 5.755356 2.343155 0.000000
1.283704 3.028969 0.001952 0.000000
1.389217 2.958428 0.046274 0.000000
-1.094024 3.601372 0.000139 0.000000
-1.436371 4.353346 0.015657 0.000000
-1.731517 4.575350 0.081804 0.000000
-9.805992 -0.111859 7.387788 0.000000
9.088824 -0.023242 3.908076 0.000000
-0.577622 0.388872 0.046557 0.000000
-2.354201 6.564280 0.851139 0.000000
1.611765 3.697637 1.435265 0.000000
1.082609 8.831831 2.337005 0.000000
0.804527 9.746042 2.494088 0.000000
1.082743 9.424213 2.419316 0.000000
1.509116 3.206873 1.588835 0.000000
1.630817 3.772071 1.618670 0.000000
-1.941570 6.596709 2.674169 0.000000
-1.249275 6.854714 2.459075 0.000000
-1.532159 4.517370 2.427297 0.000000
-1.538497 5.169398 2.436607 0.000000
-1.535357 5.906122 2.446749 0.000000
-1.520583 6.744430 2.457908 0.000000
-1.593732 4.380672 2.425400 0.000000
-1.620005 5.045525 2.434979 0.000000
-1.639781 5.802311 2.445468 0.000000
-1.769385 6.538996 2.444979 0.000000
-1.651346 4.244169 2.423489 0.000000
-1.697316 4.918553 2.433297 0.000000
-1.427067 6.002967 2.447932 0.000000
-2.218806 6.535542 2.931283 0.000000
-1.913110 6.539020 2.465790 0.000000
-2.204580 6.537256 2.725164 0.000000
-1.081690 6.246139 2.450835 0.000000
-0.402805 6.897913 2.458885 0.000000
-1.075720 5.317401 2.438108 0.000000
-0.858352 5.917696 2.446170 0.000000
-0.960713 6.310547 2.451579 0.000000
-0.686210 6.931640 2.459562 0.000000
-1.162539 5.188687 2.436402 0.000000
-1.172556 5.627706 2.442526 0.000000
-0.969798 6.917661 2.459632 0.000000
-1.244928 5.057438 2.434649 0.000000
-1.323042 4.923981 2.432853 0.000000
-1.363563 5.407489 2.439704 0.000000
-1.315225 6.092288 2.449012 0.000000
-1.110376 6.892782 2.459438 0.000000
-1.396885 4.789367 2.431028 0.000000
-1.466653 4.653808 2.429176 0.000000
-1.453026 5.290163 2.438184 0.000000
-2.204240 6.539065 2.515412 0.000000
-0.711946 6.410509 2.452684 0.000000
1.371813 5.457968 2.438521 0.000000
1.082205 6.626668 2.454405 0.000000
1.341798 6.116667 2.447512 0.000000
1.349585 5.745598 2.442480 0.000000
1.455615 5.316152 2.436541 0.000000
0.810604 6.622212 2.454467 0.000000
1.106173 6.241743 2.449269 0.000000
1.248116 5.849420 2.443921 0.000000
0.861017 6.330355 2.450555 0.000000
1.090789 5.864162 2.444168 0.000000
0.674610 6.603543 2.454287 0.000000
1.033278 6.038913 2.446562 0.000000
1.189390 5.732561 2.442341 0.000000
0.406602 6.533206 2.453498 0.000000
0.768123 6.227904 2.449222 0.000000
0.880022 6.112415 2.447616 0.000000
0.988534 5.990469 2.445922 0.000000
1.482832 6.551728 2.453271 0.000000
1.917980 7.717307 2.877609 0.000000
1.351270 6.587293 2.453783 0.000000
1.455253 6.041471 2.446469 0.000000
1.216975 6.613017 2.454171 0.000000
1.447122 5.635970 2.440960 0.000000
-0.327703 6.488470 2.453403 0.000000
0.278521 6.618367 2.454708 0.000000
-0.515323 6.147871 2.448981 0.000000
-0.232280 6.200567 2.449464 0.000000
-0.198224 6.494737 2.453387 0.000000
0.012982 6.761371 2.456776 0.000000
-0.578311 5.908566 2.445784 0.000000
-0.789768 5.684647 2.442909 0.000000
0.188636 6.454262 2.452578 0.000000
-0.123706 6.817424 2.457613 0.000000
-0.746906 6.001793 2.447208 0.000000
-0.584982 6.446256 2.453051 0.000000
-0.262456 6.863065 2.458317 0.000000
-0.984726 5.443523 2.439768 0.000000
0.315728 6.421369 2.452060 0.000000
0.441548 6.379030 2.451419 0.000000
0.228226 6.386660 2.451648 0.000000
0.101194 6.369348 2.451498 0.000000
-0.150230 6.307458 2.450843 0.000000
-0.351213 6.109817 2.448330 0.000000
1.065953 20.347988 0.650482 0.000000
1.073284 29.648111 1.518216 0.000000
1.095166 16.041509 0.911809 0.000000
1.076365 24.006761 1.074049 0.000000
1.069573 34.702683 0.834880 0.000000
-1.093906 16.132548 1.222019 0.000000
-1.121886 31.860101 1.166094 0.000000
1.082961 10.566878 0.839612 0.000000
-1.073011 12.677931 1.038880 0.000000
1.609787 3.801687 0.951221 0.000000
1.610207 3.730871 0.827298 0.000000
-0.350841 10.967057 2.509694 0.000000
0.637906 11.585056 2.516423 0.000000
-0.450840 9.206190 2.488289 0.000000
-0.206684 10.019476 2.498106 0.000000
0.079127 10.886417 2.508417 0.000000
0.411253 11.803507 2.519179 0.000000
-0.615468 9.072395 2.486757 0.000000
-0.396687 9.963774 2.497564 0.000000
-0.135103 10.939137 2.509203 0.000000
0.176014 11.997867 2.521652 0.000000
-0.774861 8.926681 2.485072 0.000000
-0.584129 9.891195 2.496817 0.000000
0.290736 10.811089 2.507364 0.000000
-0.066644 12.165819 2.523817 0.000000
-0.928723 8.771200 2.483260 0.000000
-0.768360 9.802291 2.495872 0.000000
-0.567093 10.973028 2.509925 0.000000
-0.315474 12.307206 2.525671 0.000000
-1.076836 8.606843 2.481330 0.000000
-0.948459 9.695113 2.494701 0.000000
-0.782620 10.953699 2.509855 0.000000
-0.569045 12.418290 2.527171 0.000000
-1.098309 9.302406 2.446467 0.000000
0.900716 10.456421 2.502682 0.000000
0.618713 9.716871 2.493845 0.000000
0.941293 9.952419 2.496530 0.000000
1.082389 8.318362 2.199098 0.000000
0.433588 9.670466 2.493394 0.000000
0.754095 10.009388 2.497339 0.000000
1.082810 10.195157 2.483501 0.000000
0.250425 9.607213 2.492738 0.000000
0.563073 10.049385 2.497948 0.000000
-0.996383 10.910778 2.509504 0.000000
1.082553 9.066772 2.231476 0.000000
0.069797 9.529060 2.491900 0.000000
0.370747 10.070109 2.498325 0.000000
0.701346 10.594572 2.504480 0.000000
1.061840 11.089173 2.510216 0.000000
-0.107681 9.435416 2.490871 0.000000
0.177892 10.072908 2.498488 0.000000
0.498720 10.713936 2.506054 0.000000
0.854871 11.346759 2.513433 0.000000
-0.281388 9.327094 2.489659 0.000000
-0.014887 10.055035 2.498404 0.000000
-2.228793 6.576546 2.049305 0.000000
-2.327855 6.561338 1.659973 0.000000
-0.825852 12.497488 2.528298 0.000000
-1.098920 9.663723 2.323250 0.000000
-1.084389 12.545609 2.529062 0.000000
-1.581199 7.718023 2.441066 0.000000
-8.202602 -0.116846 7.820753 0.000000
15.404641 -5.196165 -0.058891 0.000000
-21.225557 -2.007093 0.013627 0.000000
-13.743542 -2.543099 0.006451 0.000000
-22.352085 -3.326207 0.002239 0.000000
-10.151406 -2.808403 0.003568 0.000000
-14.431599 -3.442039 -0.001449 0.000000
-24.897738 -4.995834 -0.011716 0.000000
28.171882 -8.069440 -0.049451 0.000000
-7.734905 -2.000196 0.011129 0.000000
10.633061 -3.848311 -0.011142 0.000000
29.340996 -6.438240 -0.038380 0.000000
8.104224 -3.242122 -0.004647 0.000000
16.040109 -4.107625 -0.016222 0.000000
6.540014 -2.868468 -0.000108 0.000000
10.993077 -3.225289 -0.006974 0.000000
31.163936 -4.839911 -0.027792 0.000000
8.348975 -2.764557 -0.001487 0.000000
-13.593315 -0.967780 0.020519 0.000000
-21.121834 -0.797002 0.024422 0.000000
-13.480896 -1.743590 0.013555 0.000000
11.372212 -2.597917 -0.002798 0.000000
33.721132 -3.155677 -0.016868 0.000000
17.504498 -2.270561 -0.003974 0.000000
11.828379 -1.806275 0.019178 0.000000
-16.014472 -0.256501 0.021480 0.000000
-8.495984 -1.074050 0.034219 0.000000
-11.271202 -1.142284 0.014952 0.000000
-16.557855 -1.053512 0.015951 0.000000
-8.709289 -1.638763 0.011873 0.000000
-30.981829 -0.815070 0.021004 0.000000
-11.618174 -1.745179 0.010698 0.000000
-17.386184 -1.958487 0.009707 0.000000
-34.345786 -2.590006 0.009439 0.000000
-12.097686 -2.429712 0.005862 0.000000
18.850775 -2.290006 -0.004750 0.000000
29.894264 -1.340481 -0.002627 0.000000
16.341031 -1.314640 0.003342 0.000000
11.255740 -1.375461 0.015823 0.000000
25.493522 0.001231 0.008553 0.000000
15.193310 -0.509246 0.009608 0.000000
10.789577 -0.728246 0.010780 0.000000
24.302434 1.245960 0.017803 0.000000
14.952375 0.289643 0.015350 0.000000
10.624771 -0.188536 0.006825 0.000000
19.011530 -5.254623 -0.025766 0.000000
12.184146 -3.834119 -0.012100 0.000000
18.755716 -4.060370 -0.017205 0.000000
12.285748 -3.106051 -0.007003 0.000000
39.786668 -4.808128 -0.030733 0.000000
9.101892 -2.637942 -0.001299 0.000000
19.172327 -2.981269 -0.009776 0.000000
-26.031389 -6.348938 -0.019369 0.000000
20.184623 -1.890707 -0.002541 0.000000
-11.001246 -1.419093 0.013023 0.000000
-15.718720 -1.463913 0.012941 0.000000
-8.251734 -1.874746 0.010367 0.000000
-27.355760 -1.578828 0.014638 0.000000
-10.613356 -2.177504 0.038470 0.000000
-15.269747 -2.354230 0.006607 0.000000
-26.374135 -3.119489 0.003516 0.000000
-10.527295 -2.667429 0.004258 0.000000
-14.916710 -3.331197 0.045849 0.000000
-25.992628 -4.680122 -0.007595 0.000000
-10.381347 -3.306385 -0.000259 0.000000
-14.846665 -4.173019 -0.006301 0.000000
7.674335 -1.456097 0.104842 0.000000
25.997962 0.410233 0.012024 0.000000
14.900380 -0.312319 0.012285 0.000000
10.412421 -0.604795 0.013197 0.000000
23.161979 1.175229 0.020462 0.000000
13.944891 0.190900 0.017453 0.000000
9.801890 -0.293307 0.014509 0.000000
21.402251 1.811796 0.027170 0.000000
13.254499 0.621026 0.021791 0.000000
5.838254 -0.206049 0.007461 0.000000
12.728854 -1.580266 0.002545 0.000000
19.923303 -1.719402 -0.003539 0.000000
9.147708 -1.081407 0.010185 0.000000
-11.459955 -1.180000 0.018248 0.000000
-33.107245 4.107707 0.073286 0.000000
-12.926986 0.109336 0.036701 0.000000
-19.714872 0.900374 0.039086 0.000000
-10.383794 -0.704887 0.015304 0.000000
-14.339769 -0.430012 0.025501 0.000000
-23.890851 0.140782 0.033888 0.000000
-17.240236 -1.114282 0.020222 0.000000
-34.580407 -0.920062 0.028931 0.000000
22.724767 -4.162100 -0.027077 0.000000
13.691878 -3.024136 -0.011124 0.000000
9.780572 -2.532718 -0.003436 0.000000
21.147392 -2.820800 -0.014136 0.000000
13.130893 -2.250748 -0.003767 0.000000
5.085894 -0.655670 -0.003411 0.000000
7.161911 -0.504107 -0.011924 0.000000
5.807044 -0.755026 -0.008948 0.000000
9.160034 -0.244529 -0.055759 0.000000
14.298259 -0.423521 -0.035594 0.000000
-14.202890 -1.676665 0.048790 0.000000
-26.321877 -1.975706 0.085851 0.000000
28.750630 -2.166226 -0.084104 0.000000
14.827743 -1.760995 -0.040907 0.000000
18.247426 -1.031592 -0.049458 0.000000
11.755350 -1.021000 -0.069725 0.000000
24.824067 0.215446 -0.065877 0.000000
5.983260 -1.506412 -0.009896 0.000000
9.809373 -0.685607 -0.023039 0.000000
19.025496 0.770203 -0.046904 0.000000
5.506203 -1.261642 -0.025888 0.000000
12.334414 0.052260 -0.028080 0.000000
6.165926 -0.846062 -0.007820 0.000000
-9.625685 -1.508763 0.001824 0.000000
-9.746209 -0.245992 0.040102 0.000000
-25.617725 1.582151 0.094547 0.000000
-10.748122 -0.596030 0.041882 0.000000
-16.382783 -0.197827 0.059997 0.000000
-34.087069 1.049574 0.120068 0.000000
-12.139643 -1.049416 0.044546 0.000000
-19.918056 -0.862477 0.068977 0.000000
-35.988119 4.418373 0.122221 0.000000
24.398617 2.644384 -0.057962 0.000000
7.120602 -0.033717 -0.000491 0.000000
10.659909 -2.102506 -0.032491 0.000000
13.276475 -3.653688 -0.046682 0.000000
18.898130 -3.633552 -0.065968 0.000000
7.077111 -2.568873 -0.020101 0.000000
32.990328 -3.678238 -0.113091 0.000000
5.717822 -2.332434 -0.013417 0.000000
8.499847 -2.371985 -0.025191 0.000000
16.147054 -2.488585 -0.053045 0.000000
23.468622 -5.442910 -0.086933 0.000000
25.905051 -1.936797 -0.084241 0.000000
7.952472 -1.913141 -0.021616 0.000000
14.332477 -1.679988 -0.044274 0.000000
-33.212272 3.224336 0.123940 0.000000
-16.927818 1.014536 0.065391 0.000000
5.231845 -1.724998 -0.009218 0.000000
-15.503372 -0.610049 0.014469 0.000000
-29.983461 -0.127674 0.103258 0.000000
-21.129909 -1.479417 0.070895 0.000000
4.444614 -1.690875 -0.005051 0.000000
-8.426828 -2.527516 0.029573 0.000000
-23.146258 -0.800872 0.079362 0.000000
-10.042293 -1.757180 0.002234 0.000000
-14.692964 -1.773258 0.049980 0.000000
-27.146072 -2.143253 0.087967 0.000000
-16.345660 -2.718275 0.052131 0.000000
-33.962678 -4.217426 0.103447 0.000000
-18.676038 -3.989660 0.055441 0.000000
20.537757 -5.203909 -0.076366 0.000000
12.243357 -3.639147 -0.042983 0.000000
35.367265 -6.117270 -0.128455 0.000000
8.708337 -2.973712 -0.027884 0.000000
16.739376 -3.589561 -0.058481 0.000000
26.377689 -3.506848 -0.090653 0.000000
-9.510378 -1.123189 0.036802 0.000000
-13.456342 -1.114710 0.044339 0.000000
14.627545 -2.528747 -0.047918 0.000000
10.094677 -2.152902 -0.030563 0.000000
22.165970 -1.997569 -0.071935 0.000000
5.302528 -2.045962 -0.010548 0.000000
7.690120 -1.954630 -0.020693 0.000000
13.431404 -1.724087 -0.041255 0.000000
6.198682 -1.832536 -0.014035 0.000000
9.586568 -1.605076 -0.026978 0.000000
-17.393881 -0.817770 0.061227 0.000000
-8.827553 -1.540400 0.033680 0.000000
-35.938848 -0.291914 0.121905 0.000000
-12.143298 -1.621473 0.042804 0.000000
-19.230557 -1.842461 0.050021 0.000000
-13.241821 -2.370528 0.043757 0.000000
12.488977 -2.317220 -0.039751 0.000000
4.267346 -2.151421 -0.005483 0.000000
5.843677 -2.116832 -0.013316 0.000000
9.013678 -2.060145 -0.053339 0.000000
7.041857 -1.892039 -0.017842 0.000000
7.184232 -2.293798 -0.019680 0.000000
9.706026 -3.181633 -0.032320 0.000000
-22.730861 -3.121896 0.070895 0.000000
-28.978056 -5.223508 0.084331 0.000000
31.505530 -9.252342 -0.125391 0.000000
10.208138 -3.889157 -0.036412 0.000000
25.845567 -6.267655 -0.097408 0.000000
7.624541 -3.240913 -0.024478 0.000000
14.129941 -4.026176 -0.050830 0.000000
6.077532 -2.854008 -0.016728 0.000000
22.415142 -4.327499 -0.079960 0.000000
7.380302 -2.739011 -0.021888 0.000000
13.162636 -3.089775 -0.044529 0.000000
5.944659 -2.466918 -0.014882 0.000000
9.317290 -2.576966 -0.028966 0.000000
20.277157 -2.930178 -0.068458 0.000000
1.610319 3.829755 1.003697 0.000000
-1.019926 24.561043 0.047283 0.000000
1.087284 14.141080 0.546382 0.000000
-0.529061 15.217764 0.043716 0.000000
-0.062854 19.916955 0.053121 0.000000
0.775928 29.823367 0.073877 0.000000
1.073094 19.343312 0.363072 0.000000
-0.950317 17.268680 0.049351 0.000000
-0.497342 21.803849 0.058523 0.000000
0.226735 30.998177 0.077994 0.000000
1.064693 29.602310 0.292088 0.000000
0.280771 18.419574 0.035320 0.000000
-0.370391 32.868194 0.083858 0.000000
-1.108037 12.689580 0.316984 0.000000
0.992941 10.055733 0.028793 0.000000
0.763182 10.485565 0.020110 0.000000
0.575575 10.987364 0.031783 0.000000
0.347633 11.669818 0.033798 0.000000
0.955929 16.763231 0.028186 0.000000
0.003060 12.582032 0.027068 0.000000
0.669376 17.418860 0.094620 0.000000
-0.189676 13.699950 0.039524 0.000000
-2.324802 6.564406 0.646856 0.000000
-1.111791 15.452879 0.345307 0.000000
-1.129644 30.777720 0.282196 0.000000
-1.094079 10.706922 0.574740 0.000000
2.724958 7.746082 0.693031 0.000000
1.611483 3.820869 0.289287 0.000000
1.488501 3.203791 0.461120 0.000000
2.635352 7.745865 0.599399 0.000000
1.488401 3.204543 0.747282 0.000000
1.544386 3.199511 1.020176 0.000000
-4.301341 -0.019684 7.247583 0.000000
-4.483418 -0.013353 7.657756 0.000000
-2.365879 6.549304 1.830004 0.000000
-1.098737 9.282538 1.867575 0.000000
-1.104534 13.753642 2.339337 0.000000
-0.738371 14.966640 2.409770 0.000000
-1.100971 10.813277 2.011350 0.000000
-0.998830 14.922942 2.410300 0.000000
-1.098036 8.793025 1.788599 0.000000
-1.103552 12.769116 2.170811 0.000000
-1.100211 10.151183 1.877867 0.000000
-1.097396 8.312573 1.674808 0.000000
-1.788223 4.545608 1.272593 0.000000
1.081201 10.350201 1.623105 0.000000
1.080836 13.199818 1.908860 0.000000
1.486364 3.259647 1.274872 0.000000
-1.103036 12.412335 2.169156 0.000000
-0.036661 15.617927 2.409952 0.000000
0.398214 15.094469 2.407296 0.000000
0.797085 14.479497 2.404437 0.000000
-0.771185 15.504672 2.411468 0.000000
-0.311974 15.349860 2.409845 0.000000
0.132226 15.056797 2.407847 0.000000
0.552024 14.644245 2.405549 0.000000
-1.023090 14.976571 2.410523 0.000000
-0.577136 15.051008 2.409615 0.000000
-0.132295 14.979644 2.408278 0.000000
0.300746 14.777321 2.406580 0.000000
-0.500587 16.021049 2.412316 0.000000
-0.830948 14.724870 2.409271 0.000000
-0.215023 14.941949 2.408372 0.000000
0.044583 14.877016 2.407523 0.000000
-1.099620 9.851031 1.912382 0.000000
-1.072453 14.375007 2.408819 0.000000
-0.650635 14.724262 2.408812 0.000000
-1.096766 8.066424 1.736350 0.000000
-0.901441 14.546283 2.408907 0.000000
-0.476578 14.973806 2.409128 0.000000
0.835091 16.202548 2.409506 0.000000
1.079303 17.681537 2.363986 0.000000
0.756278 17.838217 2.414434 0.000000
1.080623 15.467356 2.318803 0.000000
1.081878 10.724040 1.925584 0.000000
1.081652 8.040864 1.712521 0.000000
0.418207 17.433818 2.414120 0.000000
1.081517 13.500876 2.234503 0.000000
1.082036 9.621931 1.886101 0.000000
0.095043 16.988141 2.413645 0.000000
0.538654 16.048714 2.409790 0.000000
0.928529 15.063384 2.405885 0.000000
-0.211582 16.517496 2.413045 0.000000
0.247423 15.851907 2.409935 0.000000
0.664092 15.097595 2.406644 0.000000
1.035402 14.284912 2.403252 0.000000
-9.558443 -0.049380 7.816380 0.000000
-1.189871 1.839729 0.021132 0.000000
-5.345669 0.016519 7.366795 0.000000
-4.516336 0.015350 6.958337 0.000000
-3.848736 0.002660 6.289243 0.000000
-4.701987 0.012759 7.172490 0.000000
-3.996914 0.012345 6.468994 0.000000
-4.893388 0.023946 7.548724 0.000000
-4.067758 0.008072 6.866323 0.000000
-4.135484 0.001013 7.068341 0.000000
-4.208291 0.013476 7.556130 0.000000
-4.404485 0.006466 6.485167 0.000000
-4.850071 0.003763 5.696663 0.000000
-4.595599 0.002650 5.885580 0.000000
-4.022297 0.012879 5.923644 0.000000
-5.138519 0.012771 6.947752 0.000000
2.288275 -0.022360 2.815350 0.000000
1.121457 12.882915 2.206050 0.000000
0.914090 13.423150 2.287574 0.000000
1.109639 8.626653 1.924890 0.000000
0.656393 13.234523 2.287691 0.000000
0.955361 12.343685 2.292480 0.000000
1.114548 10.415237 2.154150 0.000000
0.406204 13.016754 2.287960 0.000000
0.729419 12.299496 2.292032 0.000000
-1.070292 8.423175 1.977596 0.000000
-0.756109 11.311057 2.292151 0.000000
-1.069878 8.869740 2.041464 0.000000
-0.897391 11.182015 2.301026 0.000000
-0.283211 11.847328 2.291159 0.000000
-0.895760 11.283280 2.291888 0.000000
-0.504614 11.922391 2.290226 0.000000
-1.067530 10.873026 2.281874 0.000000
-0.704095 11.882017 2.289853 0.000000
0.164021 12.772806 2.288363 0.000000
0.505610 12.228564 2.291710 0.000000
0.815188 11.638922 2.295133 0.000000
1.090221 11.019332 2.298545 0.000000
-0.292173 12.223779 2.289504 0.000000
0.064603 12.012474 2.291413 0.000000
0.724324 11.355572 2.296082 0.000000
-0.149652 11.867793 2.291441 0.000000
0.531596 11.497058 2.294935 0.000000
0.333700 11.618298 2.293860 0.000000
1.594862 3.200070 1.049321 0.000000
1.514121 3.192128 1.234437 0.000000
2.669211 7.754695 1.862393 0.000000
1.596935 3.192118 1.411128 0.000000
-5.287560 0.019589 7.678361 0.000000
-4.342014 0.003981 6.703728 0.000000
-5.034397 0.010336 7.290089 0.000000
-4.893250 0.010755 6.839210 0.000000
2.556123 7.744875 1.226751 0.000000
2.670657 7.745283 1.276358 0.000000
1.586498 3.199842 0.957156 0.000000
-0.689059 11.170979 2.301572 0.000000
-0.071335 10.987388 2.303745 0.000000
-0.929021 8.471210 2.309969 0.000000
-0.274875 11.072159 2.302940 0.000000
-0.901220 9.138909 2.307968 0.000000
-0.711252 10.090465 2.305290 0.000000
-0.481174 11.134158 2.302211 0.000000
-0.889198 10.017751 2.305109 0.000000
-0.348483 10.180441 2.305869 0.000000
-1.063630 9.925485 2.305003 0.000000
-1.071281 10.762418 2.244067 0.000000
-1.072940 8.735697 1.966292 0.000000
0.381997 10.127307 2.307871 0.000000
0.610109 9.869080 2.309322 0.000000
1.043921 10.116857 2.309605 0.000000
0.872316 10.251443 2.308701 0.000000
0.139985 9.661773 2.308819 0.000000
0.696703 10.434369 2.307620 0.000000
-0.088739 9.702910 2.308113 0.000000
0.513102 10.601394 2.306571 0.000000
-0.506953 9.038885 2.309230 0.000000
0.018156 10.192728 2.306734 0.000000
-0.654135 8.857529 2.309442 0.000000
-0.588730 9.405918 2.307859 0.000000
-0.165238 10.197057 2.306264 0.000000
0.128472 10.879304 2.304627 0.000000
-2.437619 6.581124 2.575355 0.000000
-1.751998 4.088481 1.465105 0.000000
0.492413 9.893916 2.308938 0.000000
1.106843 8.925224 2.168342 0.000000
1.104438 7.995496 2.035625 0.000000
1.108310 9.535346 2.268353 0.000000
0.908626 9.887749 2.310029 0.000000
1.075563 9.774949 2.310841 0.000000
0.314234 9.785443 2.308848 0.000000
-1.423727 3.988725 -0.023544 0.000000
-0.742620 2.431491 -0.006590 0.000000
-0.755061 2.799664 -0.009954 0.000000
-0.741586 2.943931 -0.004156 0.000000
1.342253 3.492173 -0.000931 0.000000
-1.742998 4.323868 -0.013646 0.000000
-1.775354 4.083140 -0.012484 0.000000
-1.351597 3.782121 -0.009134 0.000000
1.207485 2.257792 -0.009473 0.000000
1.044224 1.652260 -0.004905 0.000000
0.952316 1.609691 -0.004706 0.000000
1.414799 3.009363 -0.008893 0.000000
0.995419 2.118503 -0.008828 0.000000
1.295240 2.934498 -0.014267 0.000000
1.612016 3.789659 0.132546 0.000000
1.169169 2.819074 -0.013729 0.000000
1.454543 3.973451 -0.005484 0.000000
1.476525 3.662465 -0.001865 0.000000
-7.881834 0.021050 6.650468 0.000000
-7.750738 0.012748 5.420089 0.000000
-6.923622 0.014508 6.195652 0.000000
-7.884847 0.001120 6.054383 0.000000
-8.385434 0.018729 5.984888 0.000000
-7.315342 0.008212 6.797673 0.000000
-8.473478 0.023104 6.638995 0.000000
-9.034549 0.009968 6.620230 0.000000
-7.808111 0.024499 7.237278 0.000000
-8.566430 0.005329 7.224228 0.000000
-9.193074 0.029921 7.347920 0.000000
-6.254321 0.010495 5.372346 0.000000
-5.910986 0.002244 5.026791 0.000000
-9.494974 0.021076 5.706588 0.000000
-7.512515 0.004287 4.244670 0.000000
-7.757846 0.019346 3.946206 0.000000
-7.783384 0.002393 3.749954 0.000000
-7.911931 0.010277 4.925910 0.000000
-8.173299 0.019838 4.702057 0.000000
-8.610555 0.009943 5.118393 0.000000
-8.888245 0.007681 4.817061 0.000000
-9.179060 0.021364 5.942722 0.000000
-9.824989 0.015711 5.434083 0.000000
-6.467971 0.009592 6.386256 0.000000
-5.655223 0.009742 5.307279 0.000000
-5.658117 0.001949 6.139401 0.000000
-4.882315 0.012056 6.346915 0.000000
-5.756442 0.003978 6.482594 0.000000
-6.398836 0.017221 6.902778 0.000000
-7.290677 0.023146 7.310640 0.000000
-5.890161 0.015904 6.989198 0.000000
1.609564 3.636007 0.754474 0.000000
1.545447 3.199283 0.772134 0.000000
-2.377765 6.564202 1.062242 0.000000
-2.579760 6.564971 1.154011 0.000000
1.086404 21.743242 0.510213 0.000000
1.093206 12.491785 0.674170 0.000000
1.134821 16.447343 0.816506 0.000000
1.098772 23.549564 0.957782 0.000000
1.203437 15.353725 0.945016 0.000000
-0.917060 35.712233 0.675893 0.000000
-1.111796 20.801564 1.002075 0.000000
-1.048736 18.737900 0.825109 0.000000
1.092238 35.708015 1.131507 0.000000
1.141911 19.462225 1.029898 0.000000
-1.040856 22.376548 0.677234 0.000000
1.169477 29.385479 1.253206 0.000000
-1.110856 29.388235 0.967306 0.000000
-1.038197 24.101231 1.019230 0.000000
-1.018814 33.493215 1.306940 0.000000
-8.933685 0.002964 3.610286 0.000000
-9.792995 0.008311 4.042682 0.000000
-9.777352 0.006767 3.754702 0.000000
-9.354950 0.001256 2.978207 0.000000
-9.629526 0.004385 3.393405 0.000000
-8.906143 0.001428 3.337940 0.000000
20.320892 -1.318713 0.042460 0.000000
12.446275 -1.283665 0.026798 0.000000
33.710081 0.005819 0.065108 0.000000
-3.669653 -0.270602 -0.001280 0.000000
16.643937 -0.625705 0.032237 0.000000
10.989025 -0.835570 0.022338 0.000000
25.571010 0.699039 0.045172 0.000000
8.007158 -0.933207 0.006501 0.000000
14.376041 -0.157535 0.025889 0.000000
21.058371 1.123074 0.034102 0.000000
12.845957 0.187811 0.021565 0.000000
-2.281458 6.563653 0.171352 0.000000
-0.954968 3.403572 -0.016156 0.000000
-2.302657 6.563915 0.392887 0.000000
-2.223918 6.461871 -0.007776 0.000000
-1.573341 4.190603 -0.025920 0.000000
-0.396934 7.296165 -0.040190 0.000000
-0.523841 7.776453 -0.023516 0.000000
-0.284600 5.546481 -0.030548 0.000000
-0.702380 7.843986 -0.020241 0.000000
-0.427178 5.660687 -0.031536 0.000000
-0.576429 5.807103 -0.032716 0.000000
-0.734358 5.987190 -0.034098 0.000000
-0.903683 6.207899 -0.035721 0.000000
-1.515279 7.183695 -0.042453 0.000000
-0.927793 4.751718 -0.003651 0.000000
-1.049961 4.880092 -0.004181 0.000000
1.511174 3.199799 0.219852 0.000000
0.664022 6.357629 -0.032607 0.000000
2.130756 6.426515 -0.001829 0.000000
1.124099 6.453140 -0.032006 0.000000
1.208780 6.181314 -0.026389 0.000000
1.446231 5.892044 -0.018754 0.000000
1.772609 5.842999 -0.020211 0.000000
0.812441 6.358089 -0.032250 0.000000
1.049140 5.932294 -0.025790 0.000000
1.322213 5.568888 -0.026770 0.000000
1.521643 5.366174 -0.025195 0.000000
0.904120 5.720947 -0.025332 0.000000
1.133712 5.289085 -0.025671 0.000000
1.776235 6.311782 -0.029709 0.000000
0.535480 6.211589 -0.031284 0.000000
0.526604 5.591344 -0.015044 0.000000
0.254276 5.368514 -0.028222 0.000000
2.641075 7.727361 -0.004391 0.000000
1.581476 3.200453 0.240282 0.000000
1.942312 7.120089 -0.017700 0.000000
2.382323 7.408531 -0.034019 0.000000
1.734669 6.851924 -0.016820 0.000000
1.552000 6.640648 -0.016136 0.000000
1.739862 6.669786 -0.031688 0.000000
2.153606 6.815578 -0.005273 0.000000
2.586751 7.142803 -0.023286 0.000000
1.385439 6.468762 -0.015590 0.000000
-1.746181 4.293848 1.247795 0.000000
-1.767641 4.548756 1.198454 0.000000
-1.992237 5.215777 1.115441 0.000000
-1.982706 5.058552 1.105137 0.000000
0.936543 29.105223 2.230482 0.000000
0.352770 22.185153 2.259440 0.000000
1.049592 24.956839 2.249103 0.000000
-0.024276 21.783112 2.260235 0.000000
0.611768 24.923691 2.248155 0.000000
1.139212 22.391285 1.876079 0.000000
-0.386776 21.333850 2.261269 0.000000
0.174930 24.805331 2.247586 0.000000
1.131223 18.649297 1.839435 0.000000
-0.256811 24.591016 2.247450 0.000000
0.416339 29.453615 2.227634 0.000000
1.154212 29.641331 1.916920 0.000000
-1.056523 20.217778 2.257065 0.000000
-0.679365 24.298149 2.247680 0.000000
-0.115836 29.663498 2.225373 0.000000
-1.144567 23.022191 2.182446 0.000000
-0.653338 29.738310 2.223703 0.000000
1.108947 8.863852 1.217047 0.000000
1.081147 12.470632 1.402113 0.000000
1.080653 16.356748 1.631927 0.000000
1.114186 10.897113 1.343286 0.000000
1.139102 22.785001 2.256689 0.000000
-1.715188 5.268805 1.138069 0.000000
-1.756271 4.612158 1.113570 0.000000
-1.068593 11.594586 1.627493 0.000000
-1.061960 16.193552 1.742705 0.000000
-1.046033 25.812523 2.010741 0.000000
-1.059608 17.338704 1.551162 0.000000
-1.070155 9.777627 1.333948 0.000000
-5.904293 0.000634 5.330928 0.000000
-5.185478 0.000130 5.678096 0.000000
-6.575711 0.006742 6.926585 0.000000
-6.899563 0.018053 7.551709 0.000000
-6.436404 0.014811 7.451094 0.000000
9.511979 -0.009611 7.808279 0.000000
-7.136708 0.014563 6.639450 0.000000
-6.110248 0.005451 5.932471 0.000000
-7.637789 0.018549 7.232782 0.000000
-6.969259 0.007723 6.927634 0.000000
-7.322293 0.019012 7.486673 0.000000
-0.645220 0.399057 0.044367 0.000000
0.704522 0.516360 0.042441 0.000000
-0.584558 1.003512 -0.000599 0.000000
-0.804753 1.193041 -0.003165 0.000000
-9.272457 0.022754 4.487156 0.000000
-8.439574 0.004345 4.215302 0.000000
-9.371684 0.014310 5.449235 0.000000
-6.973436 0.001880 4.795134 0.000000
-9.334678 0.019295 6.397161 0.000000
-8.745011 0.017136 6.346997 0.000000
-7.506911 0.008865 5.634414 0.000000
-9.548350 0.023533 7.060996 0.000000
-8.009544 0.006369 6.085151 0.000000
-6.916773 0.005444 5.428540 0.000000
-8.707457 0.005020 6.853209 0.000000
-7.430411 0.006877 5.999024 0.000000
-9.574188 0.026304 7.562073 0.000000
-7.979631 0.015222 6.455123 0.000000
10.904537 -0.684913 0.152537 0.000000
10.237915 -1.552540 0.017834 0.000000
21.813175 -1.024343 0.267173 0.000000
37.013314 0.590088 0.464760 0.000000
16.893833 -0.391719 0.223349 0.000000
15.685067 -1.681019 0.013376 0.000000
25.473794 0.997822 0.342630 0.000000
14.035733 -0.003237 0.198435 0.000000
6.214298 -0.876580 0.021110 0.000000
9.650267 -0.387871 0.144060 0.000000
-7.702970 -0.290213 -0.009672 0.000000
-7.383930 0.000424 0.166069 0.000000
-8.059757 0.008629 -0.029732 0.000000
-6.174348 -0.466002 -0.000863 0.000000
-8.089287 0.006786 0.351337 0.000000
-8.856941 0.012562 0.051864 0.000000
-8.802756 0.006991 0.354202 0.000000
-9.815454 0.016920 0.150923 0.000000
-8.696134 0.001452 0.635753 0.000000
-9.631556 0.016816 0.547565 0.000000
-16.184521 0.548087 -0.132205 0.000000
-9.567495 0.004602 0.778096 0.000000
-35.023688 2.570268 -0.310865 0.000000
32.678960 -2.314540 0.366466 0.000000
-23.668687 -2.447220 -0.268870 0.000000
-7.317427 -1.579216 -0.066932 0.000000
-19.702511 -1.200838 -0.205047 0.000000
-9.530588 -1.695114 -0.095128 0.000000
-6.191079 -1.854362 -0.057185 0.000000
-13.608612 -1.910922 -0.145856 0.000000
-7.675917 -2.071039 -0.002022 0.000000
-5.347205 -2.062484 -0.049614 0.000000
-12.214786 -1.184511 -0.005862 0.000000
-10.372316 -2.297694 -0.114061 0.000000
-6.522123 -2.250898 -0.067263 0.000000
-15.533487 -2.969025 -0.025606 0.000000
-31.099751 -4.517555 -0.384208 0.000000
-11.544551 -3.062927 -0.139234 0.000000
-18.682773 -4.222426 -0.238704 0.000000
25.369687 -6.826131 0.218545 0.000000
13.703375 -4.231918 0.127385 0.000000
9.394161 -3.275627 0.094668 0.000000
-2.623557 -1.568688 -0.002800 0.000000
-4.845761 -1.002490 -0.027281 0.000000
-3.679989 -1.201567 -0.014158 0.000000
-5.750509 -1.106889 -0.002565 0.000000
20.169117 -4.515545 0.194997 0.000000
-3.824900 -1.608617 -0.022228 0.000000
-8.997198 -1.079023 -0.009468 0.000000
7.813623 -1.638276 0.102439 0.000000
12.092633 -3.044875 0.019176 0.000000
37.083463 -5.273309 0.373389 0.000000
17.107765 -3.071546 0.182533 0.000000
28.494502 -2.815168 0.313721 0.000000
-2.744657 -1.309315 -0.001179 0.000000
-8.168100 -0.522297 -0.006513 0.000000
-10.899537 -0.285127 -0.085668 0.000000
-3.457099 -0.930986 -0.007021 0.000000
27.960520 -3.283013 0.300718 0.000000
14.768690 -2.304028 0.168091 0.000000
10.007177 -1.952173 0.121170 0.000000
21.747154 -1.765123 0.253859 0.000000
12.916717 -1.543706 0.159052 0.000000
9.138975 -1.450244 0.119339 0.000000
-10.235101 -1.386833 -0.002866 0.000000
-16.179132 0.140059 -0.139124 0.000000
-9.063174 -0.828152 -0.008963 0.000000
-6.011816 -1.230961 -0.001970 0.000000
-4.613369 -1.588670 -0.032858 0.000000
-31.072890 1.336099 -0.287427 0.000000
-12.701216 -0.775012 -0.003252 0.000000
-7.714322 -1.312427 -0.005045 0.000000
-20.622418 -0.493978 -0.204945 0.000000
-6.811299 -1.636514 -0.004107 0.000000
-15.513291 -1.408642 -0.160247 0.000000
-8.891193 -1.772910 -0.013302 0.000000
-30.624644 -1.628356 -0.335530 0.000000
-12.575258 -1.969617 -0.134792 0.000000
-21.578852 -2.522800 -0.246232 0.000000
22.387797 -5.219841 0.209236 0.000000
17.650032 -3.416490 0.183393 0.000000
-8.697963 0.005925 0.259407 0.000000
-7.893194 0.004991 0.036596 0.000000
-8.510435 0.001394 0.482214 0.000000
-9.368925 0.004529 0.622886 0.000000
-9.641739 0.009753 0.382178 0.000000
-7.292093 -1.020530 -0.005352 0.000000
-9.535045 -1.140850 -0.006560 0.000000
-13.714933 -0.953708 -0.132746 0.000000
-7.883464 -1.585206 -0.002660 0.000000
19.546546 -1.867686 0.227744 0.000000
30.666876 -0.761511 0.368879 0.000000
8.980989 -1.499529 0.011143 0.000000
16.084491 -0.951083 0.202942 0.000000
-11.829919 -2.180560 -0.129308 0.000000
-24.085670 -0.756057 -0.248271 0.000000
-6.757511 -1.617527 -0.001875 0.000000
-15.853766 -1.696607 -0.168468 0.000000
-8.533356 -1.908076 -0.086491 0.000000
-5.781959 -1.989262 -0.054065 0.000000
-31.950640 -2.196624 -0.359068 0.000000
-19.187625 -2.791917 -0.223015 0.000000
-9.420067 -2.486924 -0.105701 0.000000
-13.684257 -3.073916 -0.164170 0.000000
-24.909525 -4.623596 -0.315589 0.000000
11.537793 -2.733232 0.021838 0.000000
26.780755 -3.438243 0.285158 0.000000
14.447161 -2.400115 0.163095 0.000000
-10.122666 0.039306 -0.076182 0.000000
-15.040958 0.657406 -0.123906 0.000000
9.608054 -0.445266 0.139396 0.000000
16.445181 0.800415 0.233158 0.000000
32.786880 2.736383 0.445090 0.000000
-13.685390 -0.623351 -0.127462 0.000000
-8.382822 -0.506523 -0.063755 0.000000
-28.959193 2.403901 -0.256253 0.000000
-11.547299 -0.237041 -0.096934 0.000000
-18.436250 0.347941 -0.167406 0.000000
-9.485217 -0.980124 -0.008184 0.000000
-6.229696 -1.391227 -0.004849 0.000000
-8.021274 -1.386495 -0.003786 0.000000
-24.674683 -0.157997 -0.246005 0.000000
-10.995924 -1.211661 -0.105081 0.000000
-17.268256 -1.223236 -0.177580 0.000000
-39.840065 -1.269178 -0.434469 0.000000
20.595231 -0.499354 0.259947 0.000000
12.263843 -0.778345 0.163338 0.000000
24.701572 0.693098 0.323747 0.000000
8.697760 -0.819809 0.016813 0.000000
13.844094 -0.125469 0.190495 0.000000
9.450962 -0.057291 7.484254 0.000000
-1.282603 2.305464 0.018886 0.000000
1.003967 1.712455 0.028288 0.000000
1.471650 2.992604 0.060602 0.000000
0.521826 0.292895 0.052847 0.000000
1.101985 8.049979 0.358734 0.000000
1.102393 12.818460 0.037149 0.000000
0.836864 13.574599 0.099782 0.000000
0.513594 13.873161 0.037369 0.000000
1.055548 15.919174 0.260397 0.000000
0.307556 14.609479 0.107485 0.000000
1.042947 22.541906 0.176979 0.000000
-1.144867 21.413125 0.412470 0.000000
-1.200914 29.381306 0.472972 0.000000
-1.120749 11.717322 0.464440 0.000000
-1.067841 13.919672 0.416085 0.000000
1.099604 23.401020 0.616218 0.000000
0.017438 15.436228 0.113348 0.000000
0.665067 23.958531 0.165944 0.000000
1.049333 19.514483 0.431234 0.000000
-0.365009 16.431864 0.120501 0.000000
0.230197 24.608749 0.171094 0.000000
1.105878 29.385845 0.306547 0.000000
1.069815 16.837852 0.654197 0.000000
-0.679939 18.058381 0.131506 0.000000
-0.228976 25.718066 0.179236 0.000000
-0.738671 27.371128 0.190977 0.000000
-1.106380 25.499708 0.339504 0.000000
-1.099551 17.141372 0.381514 0.000000
-1.174302 34.367094 0.356328 0.000000
1.545728 3.198259 0.484702 0.000000
1.769512 3.122423 0.428083 0.000000
1.605543 3.199909 0.798606 0.000000
-2.445191 6.564840 0.681741 0.000000
-2.576478 6.565108 0.932970 0.000000
-2.688587 6.565547 0.977011 0.000000
-6.966911 -1.131988 0.029897 0.000000
-16.823586 -0.432617 0.057754 0.000000
-38.833839 0.516632 0.122689 0.000000
-24.970639 -1.087215 0.074069 0.000000
22.081978 1.324207 -0.035297 0.000000
12.525801 0.259731 -0.015658 0.000000
-10.713464 -0.696970 0.040875 0.000000
8.689766 -0.167837 -0.006810 0.000000
6.788658 -0.395784 -0.038260 0.000000
-7.969076 -0.229996 0.038320 0.000000
-17.028682 0.859177 0.067750 0.000000
-38.726238 3.463404 0.144059 0.000000
-13.050973 -0.096294 0.050816 0.000000
-23.124653 0.734120 0.082607 0.000000
-0.993723 16.826193 0.124432 0.000000
-0.400777 10.833264 0.085615 0.000000
-0.093939 7.894463 0.067098 0.000000
-1.203160 15.353158 0.164541 0.000000
-0.616288 10.681240 0.029693 0.000000
-0.262119 7.589470 0.065676 0.000000
-0.439750 7.323596 0.003049 0.000000
-0.184385 11.082503 0.086655 0.000000
-0.579182 7.174740 0.063955 0.000000
-0.621249 7.152194 0.002108 0.000000
0.550199 23.754745 0.164907 0.000000
0.913553 17.692980 0.125529 0.000000
0.141337 24.356801 0.169690 0.000000
0.426142 17.080113 0.034096 0.000000
0.835798 13.335351 0.098290 0.000000
-0.289467 25.333295 0.176916 0.000000
0.429958 12.492457 0.027144 0.000000
0.750068 10.134827 0.078678 0.000000
-0.762593 26.766801 0.187167 0.000000
-0.061186 16.470350 0.120046 0.000000
0.313257 11.991760 0.023734 0.000000
0.499703 9.370971 0.074603 0.000000
0.040794 11.440660 0.088347 0.000000
0.321426 8.619822 0.023324 0.000000
-0.672664 16.536220 0.121865 0.000000
-2.419705 6.565040 0.478771 0.000000
-2.425947 6.565979 0.038445 0.000000
-2.705302 6.565204 0.226302 0.000000
-1.050363 6.950123 0.063699 0.000000
-1.329100 6.805303 0.004575 0.000000
-1.352553 7.094925 0.004211 0.000000
-1.581608 7.161235 0.066110 0.000000
0.954081 23.460955 0.162104 0.000000
-5.284685 -0.088495 7.809606 0.000000
1.095539 8.741042 0.333731 0.000000
1.109402 10.601353 0.348558 0.000000
9.846006 -0.033209 6.299819 0.000000
1.338886 2.168849 0.024345 0.000000
-0.913082 0.986127 0.029546 0.000000
-0.976719 1.014282 0.028520 0.000000
-1.176442 15.340613 2.175190 0.000000
-1.030390 20.985317 2.520536 0.000000
-1.108195 8.208589 1.499302 0.000000
-1.130929 17.229052 2.169723 0.000000
-0.659084 20.716125 2.517841 0.000000
-1.115063 10.562471 1.566595 0.000000
-0.211916 19.867881 2.511009 0.000000
0.734869 19.359558 2.505349 0.000000
1.059674 16.237906 2.301530 0.000000
-0.672053 20.961211 2.519543 0.000000
-0.104466 20.361185 2.514139 0.000000
0.425805 19.583865 2.507596 0.000000
0.908652 18.668493 2.500193 0.000000
-0.994758 20.366847 2.516231 0.000000
-0.435046 20.168336 2.513581 0.000000
0.109411 19.754214 2.509490 0.000000
0.624644 19.153786 2.504186 0.000000
-1.130047 16.938220 2.247176 0.000000
-0.757133 19.913156 2.512577 0.000000
0.323581 19.610396 2.508013 0.000000
-1.120879 12.994636 1.913950 0.000000
-1.068694 19.608535 2.511209 0.000000
-0.539132 19.997168 2.512649 0.000000
0.008525 20.027522 2.511596 0.000000
-1.126718 15.491520 2.145104 0.000000
-0.859612 19.922784 2.512880 0.000000
-0.222980 20.365533 2.514442 0.000000
-1.134585 18.998073 2.431994 0.000000
-1.716052 4.624994 1.230341 0.000000
-1.978231 4.232462 1.415846 0.000000
-1.948199 4.546518 1.209601 0.000000
-1.949112 4.034859 1.414842 0.000000
-1.889845 4.546096 1.118501 0.000000
0.231868 20.497389 2.514297 0.000000
-1.719842 5.418231 1.235640 0.000000
1.636066 3.125330 1.216562 0.000000
1.655358 3.121071 1.015112 0.000000
0.802631 22.825130 2.528813 0.000000
1.069187 8.912313 1.472739 0.000000
1.067163 10.738828 1.631940 0.000000
1.063708 13.309552 1.859703 0.000000
1.068554 9.758024 1.650381 0.000000
1.057722 17.196893 2.208773 0.000000
0.410666 22.455856 2.527211 0.000000
0.911624 20.567776 2.513222 0.000000
1.096587 15.345527 2.162322 0.000000
0.032714 22.014438 2.525085 0.000000
0.572282 20.564913 2.513979 0.000000
1.034231 19.084881 2.502777 0.000000
1.064781 12.846056 1.994661 0.000000
-0.328933 21.509983 2.522489 0.000000
1.069709 7.985005 1.268752 0.000000
-4.912395 -0.088113 7.808175 0.000000
2.406109 -0.020661 3.383121 0.000000
2.955787 -0.001859 4.174428 0.000000
2.785850 -0.019081 3.735615 0.000000
2.021594 -0.019553 2.705981 0.000000
2.173477 0.001196 2.532101 0.000000
-1.717285 4.865268 1.230704 0.000000
-1.754061 4.415596 1.450816 0.000000
-1.117620 11.468446 1.547926 0.000000
-1.129660 16.275170 1.700085 0.000000
-1.789853 4.242051 1.457550 0.000000
-0.894762 28.073518 2.567934 0.000000
1.068337 9.651064 1.499496 0.000000
-0.163373 23.375257 2.534746 0.000000
0.945212 22.228710 2.524448 0.000000
-0.010096 21.377580 2.520854 0.000000
0.588289 22.679834 2.528320 0.000000
1.052684 19.910358 2.218725 0.000000
-0.841740 19.588876 2.510548 0.000000
-0.355254 21.314036 2.521216 0.000000
0.218847 23.065667 2.531776 0.000000
0.881523 24.785030 2.541845 0.000000
-1.129065 19.137785 2.508113 0.000000
-0.696218 21.179253 2.521084 0.000000
0.336315 21.378556 2.520065 0.000000
0.481322 25.698454 2.548894 0.000000
-0.554459 23.613968 2.537257 0.000000
0.050131 26.559239 2.555648 0.000000
-1.117346 11.602426 1.834666 0.000000
-1.130198 16.932585 2.174044 0.000000
-0.950706 23.765294 2.539192 0.000000
-0.409661 27.358849 2.562049 0.000000
-1.111953 9.551071 1.655106 0.000000
0.787497 21.152403 2.517493 0.000000
1.065628 11.837039 1.674359 0.000000
1.069439 8.630185 1.442294 0.000000
1.067639 10.319212 1.583051 0.000000
1.053520 19.656487 2.372489 0.000000
1.069003 9.101074 1.490037 0.000000
1.059334 16.141291 2.080335 0.000000
1.066826 10.977459 1.635302 0.000000
0.442691 20.947975 2.516890 0.000000
1.022531 21.177550 2.517128 0.000000
1.063131 13.636222 1.844623 0.000000
0.105021 20.684179 2.515864 0.000000
0.680302 21.312279 2.518827 0.000000
1.056712 17.697431 2.169107 0.000000
1.065659 11.771402 1.644525 0.000000
2.600663 -0.022719 4.160286 0.000000
2.893583 -0.022803 4.407801 0.000000
2.718800 -0.019752 4.410804 0.000000
2.797679 -0.000784 4.338131 0.000000
2.411842 -0.022916 3.997321 0.000000
2.453633 -0.003855 3.752789 0.000000
3.192544 -0.026870 5.218073 0.000000
3.430204 -0.031491 6.249208 0.000000
3.243525 -0.006110 6.093430 0.000000
3.329127 -0.031758 5.915345 0.000000
3.340196 -0.027326 5.677775 0.000000
3.013809 -0.018483 5.436734 0.000000
3.180993 -0.010620 5.121190 0.000000
2.982883 -0.016047 4.944031 0.000000
2.917062 -0.005401 4.654092 0.000000
2.340992 -0.019192 3.134845 0.000000
2.166934 -0.021772 2.872078 0.000000
2.570917 -0.021754 3.411121 0.000000
2.364526 -0.024271 3.237055 0.000000
-3.134075 -0.016178 5.187496 0.000000
-3.382906 -0.019182 5.895237 0.000000
-4.256491 -0.029792 7.511382 0.000000
-3.620817 -0.020308 6.560244 0.000000
-3.818225 -0.013822 7.427630 0.000000
3.764244 -0.031057 7.430192 0.000000
3.564434 -0.027765 6.942355 0.000000
3.452447 -0.055821 6.679901 0.000000
-2.785289 -0.002795 4.195180 0.000000
-2.948039 -0.035200 4.454364 0.000000
-2.935720 -0.023045 4.609538 0.000000
-3.147990 -0.026212 4.928566 0.000000
-0.370898 0.434240 0.050692 0.000000
0.590189 0.476888 0.045713 0.000000
-0.298749 0.355218 0.055901 0.000000
6.587846 0.002914 6.072299 0.000000
8.165425 0.005122 5.866752 0.000000
7.446955 0.002801 5.755456 0.000000
6.811617 0.000713 5.670713 0.000000
7.547009 0.000586 5.292400 0.000000
7.272024 0.018044 6.129665 0.000000
7.975027 0.011228 7.658452 0.000000
8.314562 0.013354 7.396244 0.000000
7.378419 0.009608 7.057465 0.000000
8.664558 0.012122 7.015650 0.000000
6.956661 0.005721 6.515092 0.000000
8.956411 0.018492 6.498126 0.000000
8.010819 0.007207 6.336085 0.000000
9.636305 0.015670 5.824470 0.000000
9.183964 0.007746 5.930644 0.000000
8.946195 0.003706 5.230518 0.000000
1.604857 3.125821 0.980728 0.000000
1.610879 3.804231 0.739786 0.000000
1.489111 3.292448 0.815830 0.000000
-2.170239 4.547906 1.134635 0.000000
-2.616304 6.565181 1.054533 0.000000
-2.688874 6.565768 0.758369 0.000000
-1.860218 5.557170 1.086080 0.000000
-1.948270 4.743453 1.104539 0.000000
1.087176 16.017954 0.714575 0.000000
1.098473 23.469090 1.059464 0.000000
1.096642 19.042922 0.988841 0.000000
1.061599 27.603449 0.990197 0.000000
1.067182 22.320367 0.710421 0.000000
1.133503 35.121712 0.716997 0.000000
-1.137246 32.309641 1.312097 0.000000
1.068051 20.776000 1.070278 0.000000
-1.106470 15.653821 0.871528 0.000000
-1.127112 24.806678 0.841662 0.000000
-1.116904 17.344709 0.736767 0.000000
-2.201215 -0.024183 3.406002 0.000000
-2.421629 -0.005774 3.941992 0.000000
-3.271388 -0.018864 6.603218 0.000000
-3.123178 -0.008182 5.439068 0.000000
-3.187485 -0.022046 5.730742 0.000000
-3.006941 -0.019402 5.890761 0.000000
-3.817314 -0.019512 7.111306 0.000000
-3.239503 -0.020353 6.399886 0.000000
-3.298779 -0.020127 6.539191 0.000000
-2.811223 -0.022583 5.325474 0.000000
-3.473616 -0.019281 7.084495 0.000000
-3.481823 -0.018879 7.327919 0.000000
-3.421117 -0.001596 7.664920 0.000000
3.410742 0.025544 7.679737 0.000000
3.415701 0.016260 7.276041 0.000000
3.202888 0.000674 7.024503 0.000000
3.338095 -0.009580 6.794993 0.000000
4.194270 0.026329 7.734690 0.000000
3.364949 -0.008652 6.556980 0.000000
3.983613 0.005776 7.426949 0.000000
3.188401 -0.010790 6.310590 0.000000
-2.643803 -0.035112 4.230248 0.000000
-2.750341 -0.003073 4.543254 0.000000
-2.888665 -0.022436 4.956381 0.000000
-2.951699 -0.002838 5.109928 0.000000
3.943035 0.008376 7.073252 0.000000
3.033651 -0.014770 4.732145 0.000000
4.999145 0.001186 6.406832 0.000000
3.342960 -0.024003 5.364878 0.000000
2.809757 -0.014265 5.142087 0.000000
3.158554 -0.021372 6.127504 0.000000
3.813078 0.009119 6.647045 0.000000
3.122539 -0.027037 5.769146 0.000000
4.708963 0.002938 7.654928 0.000000
4.545616 0.006246 7.303472 0.000000
2.858276 -0.048653 5.219870 0.000000
4.453282 0.007957 6.961745 0.000000
4.304550 0.000858 6.586142 0.000000
2.875136 0.001990 5.107098 0.000000
5.173709 0.007819 7.320931 0.000000
4.958005 0.021268 6.885153 0.000000
1.702090 3.121733 0.397834 0.000000
1.497781 3.209913 0.187180 0.000000
2.038029 5.770111 -0.023968 0.000000
1.879869 5.391914 -0.014056 0.000000
-1.274077 4.242207 -0.014668 0.000000
-0.736533 2.106558 -0.003368 0.000000
-0.673230 2.393165 -0.005723 0.000000
-1.563436 4.800991 -0.023752 0.000000
-0.954783 2.225657 -0.006246 0.000000
-1.761937 5.123833 -0.025782 0.000000
-1.891988 5.432832 -0.020872 0.000000
-2.319559 5.880446 -0.022682 0.000000
-0.211040 2.783945 -0.006135 0.000000
-0.387313 2.115542 -0.005324 0.000000
-0.763552 3.427155 -0.007502 0.000000
-0.475145 2.621770 -0.006446 0.000000
-0.700877 3.743736 -0.001273 0.000000
-1.305963 5.537183 -0.006275 0.000000
-2.787127 6.567225 0.158541 0.000000
-0.492343 2.029420 -0.000714 0.000000
-1.215378 5.738437 -0.040537 0.000000
-1.481812 6.190321 -0.045578 0.000000
-2.501844 6.564794 -0.005120 0.000000
-1.719225 3.861823 -0.007446 0.000000
-1.214743 2.771373 -0.003959 0.000000
-1.963813 4.329946 -0.014056 0.000000
-1.577611 2.710334 -0.015300 0.000000
-0.512052 3.493941 -0.000583 0.000000
1.078680 4.370135 -0.020520 0.000000
1.616907 5.040975 -0.020682 0.000000
0.712411 3.760891 -0.012055 0.000000
1.023352 3.984132 -0.011765 0.000000
0.447062 3.665288 -0.013065 0.000000
0.462087 3.524046 -0.013301 0.000000
0.791317 3.458295 -0.001198 0.000000
1.789545 4.971491 -0.015950 0.000000
2.002038 6.195645 -0.021036 0.000000
1.864942 5.519436 -0.022888 0.000000
1.475955 4.828683 -0.019715 0.000000
2.416250 6.574390 -0.027546 0.000000
-0.031678 2.734574 -0.004555 0.000000
0.198750 2.466629 -0.000674 0.000000
-0.169952 3.305378 -0.013020 0.000000
0.027027 2.729324 -0.004142 0.000000
0.022990 2.358188 -0.000681 0.000000
-0.304371 4.043846 -0.021430 0.000000
-0.344286 3.306312 -0.000088 0.000000
0.009967 2.931002 -0.003525 0.000000
-0.198307 2.290153 -0.001411 0.000000
-0.612788 4.455462 -0.026865 0.000000
-0.174114 2.167407 -0.005371 0.000000
-0.732618 4.644020 -0.029160 0.000000
0.579256 2.905652 -0.002407 0.000000
0.201883 3.678009 -0.014861 0.000000
0.561866 3.281127 -0.011926 0.000000
0.745308 3.075249 -0.002865 0.000000
0.380645 3.441209 -0.012513 0.000000
0.040671 3.745612 -0.016551 0.000000
0.228576 3.310087 -0.011202 0.000000
0.052927 3.813725 -0.015772 0.000000
0.084909 3.219833 -0.010206 0.000000
0.394229 2.814731 -0.002692 0.000000
0.235591 2.641385 -0.002084 0.000000
-0.125947 3.864754 -0.018710 0.000000
0.261159 2.515468 -0.000770 0.000000
5.344022 0.015636 6.777927 0.000000
5.844229 0.012016 6.881388 0.000000
5.767655 0.014308 6.455537 0.000000
6.258686 0.015528 6.553168 0.000000
5.976564 0.000513 6.025094 0.000000
5.048615 0.007203 7.544008 0.000000
4.885033 0.004432 7.141733 0.000000
5.626891 0.007106 7.556398 0.000000
4.752292 0.001660 6.624893 0.000000
5.408351 0.023366 7.165098 0.000000
18.201874 -1.542054 0.023152 0.000000
17.042447 -3.200730 0.028399 0.000000
10.582201 -2.407885 0.019293 0.000000
12.845882 -3.352161 0.024872 0.000000
-10.483069 -1.383408 -0.009631 0.000000
-16.272880 -1.534431 -0.017491 0.000000
-36.003685 -2.054925 -0.040460 0.000000
-23.099881 -2.842254 -0.021351 0.000000
-17.025313 -3.242232 -0.011870 0.000000
-8.996182 -2.704637 -0.002028 0.000000
-13.436203 -3.493095 -0.005924 0.000000
-26.419338 -5.803738 -0.014028 0.000000
24.269994 -5.347864 0.044521 0.000000
16.441136 -1.434241 0.020915 0.000000
16.064252 -2.950154 0.026429 0.000000
22.589852 -2.597625 0.031975 0.000000
12.543981 -1.941381 0.019136 0.000000
38.039588 -1.837927 0.046519 0.000000
-9.072456 -1.681533 -0.006109 0.000000
-19.010250 -0.493145 -0.025822 0.000000
-10.187713 -1.286296 -0.009532 0.000000
-6.982549 -1.565148 -0.003093 0.000000
-15.680809 -1.337772 -0.017155 0.000000
-33.246820 -1.719944 -0.038384 0.000000
-13.376281 -1.954127 -0.011799 0.000000
-8.246628 -2.128807 -0.004652 0.000000
-25.320169 -2.714364 -0.024661 0.000000
-11.796415 -2.393925 -0.007754 0.000000
-20.786040 -3.370652 -0.016326 0.000000
22.843836 -4.895919 0.041188 0.000000
12.451802 -3.171813 0.023819 0.000000
6.360351 -1.395502 0.015713 0.000000
35.322855 1.140282 0.031782 0.000000
-26.067544 -4.385370 -0.019100 0.000000
34.644065 -3.508099 0.049113 0.000000
9.771579 -1.789140 0.016291 0.000000
11.092912 -1.249323 0.022312 0.000000
23.962126 -0.642889 0.025871 0.000000
13.281843 -0.982806 0.005221 0.000000
-13.367188 -2.786993 -0.008554 0.000000
6.841478 -0.815387 0.015895 0.000000
-9.962597 -0.985135 -0.008591 0.000000
-6.518678 -1.236448 -0.002681 0.000000
-14.886971 -0.898687 -0.018059 0.000000
-8.473162 -1.375582 -0.006232 0.000000
-30.610407 -0.652666 -0.039291 0.000000
-12.035452 -1.410959 -0.010756 0.000000
-7.496761 -1.691366 -0.003134 0.000000
-21.115061 -1.746995 -0.023069 0.000000
-6.744439 -1.956927 -0.000535 0.000000
-16.293019 -2.362403 -0.014296 0.000000
-8.974069 -2.235631 -0.003791 0.000000
-38.940471 -4.098948 -0.036083 0.000000
-21.454275 1.402131 -0.035795 0.000000
-12.467320 0.362048 -0.019534 0.000000
-8.573067 -0.440657 -0.011285 0.000000
-12.025098 -0.175527 -0.016760 0.000000
-8.269457 -0.795234 -0.008141 0.000000
-20.799620 0.497286 -0.031415 0.000000
-21.089163 -0.301279 -0.028671 0.000000
20.516780 -2.102473 0.027795 0.000000
28.563934 -1.319669 0.033659 0.000000
9.336404 -1.184891 0.013635 0.000000
18.089005 -0.540058 0.019126 0.000000
25.835634 0.676967 0.022807 0.000000
7.879084 -0.874545 0.011580 0.000000
13.557198 -0.192245 0.025698 0.000000
9.143896 -0.499123 0.010807 0.000000
20.711440 1.322450 0.014641 0.000000
11.823813 0.287409 0.009775 0.000000
-8.538116 -0.198342 -0.003831 0.000000
-33.411966 3.446584 -0.035443 0.000000
-12.443499 0.192743 -0.010398 0.000000
-22.749509 1.223292 -0.024980 0.000000
-10.714370 -0.358135 -0.008775 0.000000
37.210533 3.581144 0.068318 0.000000
15.404305 -3.877751 0.019781 0.000000
9.775235 -2.842688 0.015906 0.000000
20.455477 -3.754974 0.027295 0.000000
11.622483 -2.602568 0.021656 0.000000
30.470136 -3.586642 0.042660 0.000000
14.582005 -2.264907 0.023635 0.000000
6.277281 -1.882614 0.016028 0.000000
35.992818 -7.670424 0.038517 0.000000
19.279557 -1.751131 0.031746 0.000000
-31.847638 -0.590296 -0.045270 0.000000
-10.119096 -0.888926 -0.009200 0.000000
-8.874763 -1.315350 -0.007916 0.000000
-12.876781 -1.440526 -0.016159 0.000000
-7.931022 -1.655364 -0.006865 0.000000
-23.307907 -1.770164 -0.035039 0.000000
-18.573685 -2.477003 -0.029319 0.000000
-9.825426 -2.316892 -0.017040 0.000000
-36.701051 -5.593247 -0.068332 0.000000
-12.939393 -1.393756 -0.017437 0.000000
-7.518650 -0.926270 -0.003691 0.000000
24.816934 -0.214640 0.044523 0.000000
7.957683 -1.122465 0.021442 0.000000
13.083776 -0.785412 0.009174 0.000000
-32.248792 0.453485 -0.042723 0.000000
-10.218261 -0.147081 -0.007162 0.000000
-7.325239 -0.617847 -0.006802 0.000000
-39.051014 3.908232 -0.043012 0.000000
-15.770229 0.329159 -0.015939 0.000000
-9.669653 -0.526378 -0.001052 0.000000
-34.202942 1.907506 -0.041406 0.000000
-15.007320 -0.342622 -0.016644 0.000000
-14.696507 -0.940982 -0.017917 0.000000
-32.303809 -0.811903 -0.046679 0.000000
22.781429 -3.097771 0.032702 0.000000
31.356597 -2.517155 0.047270 0.000000
-7.786172 -1.401626 -0.007041 0.000000
12.766111 -0.488874 0.026685 0.000000
28.500511 1.370397 0.054856 0.000000
14.683111 0.216994 0.031344 0.000000
22.791058 -0.069294 0.041979 0.000000
-10.250257 -1.474889 -0.011247 0.000000
-14.060862 -0.442369 -0.015266 0.000000
-8.379522 -1.036087 -0.000752 0.000000
-27.873099 0.176387 -0.036528 0.000000
-11.791287 -1.031256 -0.012887 0.000000
-20.421030 -1.007445 -0.027927 0.000000
-16.377191 -1.725749 -0.023259 0.000000
-13.847767 -2.244322 -0.020389 0.000000
-28.359725 -3.504170 -0.048573 0.000000
17.482467 -1.751024 0.029197 0.000000
10.493997 -1.419988 0.018095 0.000000
13.855488 -1.954198 0.023624 0.000000
17.891274 -1.380586 0.030905 0.000000
8.092182 -1.939699 0.016249 0.000000
-27.922277 -4.192583 -0.049975 0.000000
-23.407599 -1.418376 -0.034127 0.000000
-10.655574 -1.793490 -0.009855 0.000000
-6.896911 -1.824040 -0.004904 0.000000
-17.412168 -2.150335 -0.026341 0.000000
-9.227978 -2.085000 -0.011028 0.000000
-6.190310 -2.059796 -0.003787 0.000000
-13.891306 -2.609507 -0.021590 0.000000
-8.063814 -2.365482 -0.009371 0.000000
-11.531051 -2.933392 -0.018237 0.000000
-20.168895 -4.352104 -0.037757 0.000000
33.894569 -6.563041 0.038721 0.000000
14.982672 -3.484113 0.020422 0.000000
19.240530 -3.231957 0.027151 0.000000
11.358218 -2.335390 0.019296 0.000000
26.868968 -2.815512 0.039619 0.000000
-2.951065 6.567113 0.624218 0.000000
-2.682686 6.566033 0.546127 0.000000
-1.070315 11.201839 0.145774 0.000000
-0.102983 11.391315 0.031714 0.000000
0.262877 13.287763 0.035879 0.000000
-0.908319 10.201900 0.028410 0.000000
-0.312857 11.521171 0.031686 0.000000
0.030186 12.846077 0.034706 0.000000
-0.859773 11.337939 0.030612 0.000000
-0.547803 11.734595 0.026524 0.000000
-0.190853 12.526906 0.033791 0.000000
-0.257446 10.090700 0.023483 0.000000
-0.760950 12.063689 0.032139 0.000000
-0.405618 12.316178 0.033098 0.000000
-0.737960 12.340485 0.027205 0.000000
-0.835152 12.190326 0.032286 0.000000
0.522913 11.524234 0.032784 0.000000
0.211168 7.091360 0.024508 0.000000
0.587578 8.997933 0.022499 0.000000
0.744923 11.742393 0.033492 0.000000
0.144793 9.126902 0.020710 0.000000
1.103108 15.591805 0.041593 0.000000
-0.259939 8.152670 0.025624 0.000000
-0.013128 9.434037 0.028192 0.000000
0.310868 11.393037 0.032258 0.000000
0.790740 14.624439 0.039232 0.000000
-0.447448 8.689826 0.026299 0.000000
-0.073771 9.721244 0.023093 0.000000
0.103513 11.349204 0.031903 0.000000
-0.681472 9.244546 0.022496 0.000000
-1.092131 8.250838 0.107511 0.000000
2.173218 7.507321 0.027599 0.000000
0.487531 6.704265 0.024267 0.000000
0.857117 8.922371 0.028405 0.000000
0.351231 6.871325 0.024347 0.000000
0.752417 8.973076 0.022543 0.000000
1.961906 7.036670 0.006142 0.000000
1.765626 6.886208 0.027301 0.000000
1.082042 18.441764 1.281578 0.000000
-1.064097 15.527872 1.313962 0.000000
-1.046708 26.850708 1.754408 0.000000
-1.104967 18.923430 1.458268 0.000000
-1.051701 23.664710 1.535302 0.000000
1.108108 17.902146 1.107468 0.000000
1.131777 24.821021 1.514075 0.000000
1.132993 20.259977 1.371103 0.000000
1.137737 22.726336 1.546555 0.000000
-1.704636 5.263322 1.200239 0.000000
-1.074461 11.545541 1.187059 0.000000
-1.104699 17.176667 1.287389 0.000000
-1.039439 31.064147 1.643907 0.000000
-1.055975 20.796967 1.259207 0.000000
-1.074924 10.657771 1.057790 0.000000
1.609991 3.728538 1.009892 0.000000
-2.033382 4.547054 1.206132 0.000000
-2.508487 6.563887 1.207163 0.000000
-2.291955 5.369704 1.115550 0.000000
-2.250977 4.969409 1.104431 0.000000
-2.193659 4.289249 1.348728 0.000000
-1.940480 4.287553 1.385470 0.000000
2.353787 -0.022224 3.574632 0.000000
2.696641 -0.022186 3.851868 0.000000
2.027604 -0.025061 3.150904 0.000000
3.179900 -0.021393 4.841384 0.000000
2.420280 -0.018720 4.037998 0.000000
2.958607 -0.044773 4.240444 0.000000
1.920744 -0.016838 2.533295 0.000000
-3.031125 -0.022199 5.322122 0.000000
3.127571 -0.051792 5.874674 0.000000
3.328539 -0.027302 6.310559 0.000000
3.323729 -0.020461 5.466478 0.000000
2.627298 -0.046156 4.671302 0.000000
-3.786337 -0.020756 6.370310 0.000000
-3.362194 -0.021986 6.194719 0.000000
-3.532735 -0.031501 6.808406 0.000000
-3.590342 -0.018388 7.479908 0.000000
3.488807 -0.010763 7.445533 0.000000
3.405294 -0.012122 7.049917 0.000000
3.314042 -0.041659 6.958786 0.000000
-1.384669 2.182935 0.018801 0.000000
-1.101654 1.775894 0.021957 0.000000
-1.287133 1.911792 0.020274 0.000000
1.204967 1.994623 0.025123 0.000000
1.577463 2.293374 0.081915 0.000000
1.432155 2.523766 0.083453 0.000000
0.940844 0.831001 0.033920 0.000000
1.038477 1.535878 0.014880 0.000000
1.777605 -0.020080 2.380390 0.000000
1.940688 0.009147 2.526186 0.000000
1.422699 -0.051979 2.097200 0.000000
1.994361 -0.019680 3.163132 0.000000
1.806929 -0.022389 2.881945 0.000000
1.921540 -0.022107 2.735007 0.000000
1.660892 -0.039207 2.542563 0.000000
-1.111508 13.726975 1.004486 0.000000
-1.095077 21.748636 1.435800 0.000000
-1.095320 27.915780 1.548577 0.000000
-1.097479 35.713728 1.595883 0.000000
-1.096008 32.613158 1.856843 0.000000
-1.094292 23.792632 1.195959 0.000000
1.095027 20.047155 1.374318 0.000000
1.093848 16.543237 1.239249 0.000000
1.095721 22.131551 1.414288 0.000000
-1.095514 24.371930 1.567772 0.000000
1.998765 3.373673 1.284132 0.000000
1.080815 22.129416 1.338213 0.000000
-2.936675 6.566772 0.844577 0.000000
-2.801349 6.566003 1.023041 0.000000
2.890911 -0.020473 6.414801 0.000000
-3.008496 -0.022451 6.069847 0.000000
-3.112704 -0.022505 6.494062 0.000000
-3.958564 -0.015449 7.772343 0.000000
-3.042201 -0.024273 6.701738 0.000000
-3.099932 -0.007849 6.895585 0.000000
-3.297480 -0.018774 7.296164 0.000000
-3.325942 -0.022879 7.447313 0.000000
2.927453 -0.000791 7.430987 0.000000
2.992879 -0.024970 7.034832 0.000000
2.879599 -0.056001 6.907149 0.000000
-2.908632 -0.022479 5.683553 0.000000
3.260782 -0.031848 7.653003 0.000000
2.681685 -0.052651 6.213499 0.000000
3.240781 -0.006348 7.300263 0.000000
2.688671 -0.013163 6.064486 0.000000
2.617349 -0.020979 5.703085 0.000000
2.740475 -0.000300 5.540554 0.000000
2.743686 -0.026979 5.398760 0.000000
2.485209 -0.027026 5.155587 0.000000
-4.030336 -0.028898 6.357361 0.000000
-2.765670 -0.036684 4.709816 0.000000
-2.750360 -0.023553 4.919751 0.000000
-3.224201 -0.015497 5.703928 0.000000
-4.285274 -0.015868 6.904556 0.000000
-2.975046 -0.001626 5.451177 0.000000
2.300903 -0.019558 3.687999 0.000000
2.039624 -0.005102 3.623977 0.000000
2.094353 -0.005882 3.448219 0.000000
2.347192 -0.003255 3.916461 0.000000
2.129559 -0.022315 3.399576 0.000000
2.440218 -0.021708 4.951610 0.000000
2.959984 -0.027472 5.602159 0.000000
2.459657 -0.027190 4.614269 0.000000
3.465717 -0.020303 6.549384 0.000000
2.506337 -0.006971 4.477980 0.000000
2.255567 -0.019984 4.221921 0.000000
2.298117 -0.002295 4.140421 0.000000
-2.591537 -0.024849 4.031474 0.000000
1.944868 3.371371 0.625047 0.000000
1.942902 3.372589 0.939515 0.000000
-1.089220 13.591330 -0.024906 0.000000
-0.419924 9.065464 -0.025228 0.000000
-0.717213 8.889861 -0.019559 0.000000
-0.903432 8.783459 -0.028061 0.000000
-2.816160 6.566562 0.583758 0.000000
-2.405625 6.563993 0.221338 0.000000
-2.909046 6.567675 0.202234 0.000000
1.611091 3.806551 0.406233 0.000000
-0.705434 22.303787 -0.049113 0.000000
0.412473 22.296068 -0.045403 0.000000
0.788559 17.314558 -0.033589 0.000000
1.071127 14.498522 -0.026541 0.000000
-0.914808 35.711740 -0.102853 0.000000
0.039070 22.024968 -0.046067 0.000000
0.454296 16.189202 -0.032263 0.000000
0.728194 13.032254 -0.024417 0.000000
-1.090469 27.739571 0.077359 0.000000
-0.329157 22.020680 -0.047274 0.000000
0.158763 15.342960 -0.031398 0.000000
0.578293 11.963904 -0.005056 0.000000
-1.090952 19.200055 0.222264 0.000000
1.080874 11.636882 0.146573 0.000000
-0.110823 14.715562 -0.030914 0.000000
-1.090196 22.576831 -0.044862 0.000000
-0.364696 14.276390 -0.030787 0.000000
-0.007486 10.380885 -0.020776 0.000000
-1.090226 16.297841 0.101115 0.000000
-0.610383 13.980941 -0.030947 0.000000
-1.081470 12.756111 0.089504 0.000000
-0.855105 13.832308 -0.031428 0.000000
1.087127 12.259038 0.382078 0.000000
1.037314 18.981447 0.102254 0.000000
1.102092 26.827307 -0.026412 0.000000
1.097017 15.673605 0.137267 0.000000
0.729056 29.326811 -0.058998 0.000000
1.099981 21.149157 0.008641 0.000000
1.090468 13.273854 0.186725 0.000000
0.268765 30.692057 -0.063337 0.000000
0.805898 22.877098 -0.045325 0.000000
1.098384 17.424838 -0.000935 0.000000
-2.473929 5.404372 1.104800 0.000000
2.766433 0.008557 5.129015 0.000000
2.779172 -0.026974 4.890581 0.000000
3.069557 0.014208 5.133588 0.000000
2.695898 -0.015381 5.120557 0.000000
2.431858 -0.044216 4.216059 0.000000
-3.046216 -0.017827 6.316958 0.000000
-3.715262 -0.005445 7.469128 0.000000
-3.218139 -0.022646 6.950697 0.000000
-3.235953 -0.016132 7.144886 0.000000
3.111215 -0.060146 7.741814 0.000000
3.076737 -0.022912 7.283381 0.000000
3.077711 -0.020163 7.057395 0.000000
2.902175 -0.025600 6.608683 0.000000
3.640048 -0.004176 7.729712 0.000000
2.815717 -0.026251 6.219464 0.000000
2.815834 -0.027162 6.148746 0.000000
-2.184079 -0.023813 3.020366 0.000000
-4.763481 -0.013431 7.239506 0.000000
-2.365607 -0.034053 3.729768 0.000000
1.605705 3.136807 0.162979 0.000000
1.382090 2.277445 0.026985 0.000000
9.832155 -0.008587 7.611801 0.000000
0.560035 0.083321 0.050868 0.000000
-0.533682 0.013315 0.052329 0.000000
-0.389483 0.046618 0.058700 0.000000
1.693859 4.320906 0.034229 0.000000
5.877883 -0.010872 7.800068 0.000000
1.026924 14.068904 -0.027956 0.000000
0.781603 14.418292 -0.029707 0.000000
1.095341 13.957633 0.167220 0.000000
0.531704 14.949133 -0.031902 0.000000
0.268514 15.696633 -0.034649 0.000000
1.023079 24.514587 -0.051985 0.000000
-0.017735 16.717514 -0.038110 0.000000
0.611024 24.804025 -0.054190 0.000000
1.098785 22.042607 0.207205 0.000000
-0.342128 18.070330 -0.042466 0.000000
0.133284 25.568215 -0.032215 0.000000
1.102535 33.510885 0.046566 0.000000
-1.091353 17.642070 0.174322 0.000000
-0.726855 19.932781 -0.048193 0.000000
-0.245869 26.634897 -0.061537 0.000000
1.099635 26.001160 0.308383 0.000000
-1.090979 20.157136 -0.004351 0.000000
-0.736933 28.352495 -0.067237 0.000000
0.123127 35.712575 -0.019854 0.000000
-0.559629 35.707865 -0.030312 0.000000
-1.090967 34.121534 -0.008423 0.000000
-1.091730 21.963389 0.160605 0.000000
-1.105351 29.383227 0.081787 0.000000
-1.991332 3.565925 -0.024629 0.000000
-1.381268 2.940460 -0.015633 0.000000
-1.532659 2.971610 -0.006553 0.000000
-1.686114 3.159320 -0.007987 0.000000
-1.558669 3.369381 -0.004290 0.000000
-1.693160 3.777205 -0.006928 0.000000
-1.948664 4.193630 -0.009675 0.000000
-1.815212 3.828548 -0.007478 0.000000
-1.508401 3.063652 -0.017517 0.000000
-1.650168 3.206357 -0.019618 0.000000
1.427225 3.852489 0.024184 0.000000
1.299800 3.726487 0.024025 0.000000
23.703113 1.891736 0.061146 0.000000
-6.318965 -0.029676 -0.010538 0.000000
17.467008 0.558725 0.046940 0.000000
-8.851769 -0.189165 -0.007001 0.000000
-4.268680 -0.159979 -0.004725 0.000000
1.385253 2.665697 0.025029 0.000000
1.567828 2.666130 0.083354 0.000000
-1.126902 2.342641 -0.008686 0.000000
-1.712741 3.542203 -0.005662 0.000000
-1.333124 2.282861 -0.013939 0.000000
-0.911472 1.263527 0.026602 0.000000
-1.888809 3.744169 -0.007189 0.000000
-1.330260 2.499799 -0.011657 0.000000
-2.023336 4.093623 -0.009322 0.000000
6.409508 -0.010499 7.804231 0.000000
9.869456 -0.015556 4.919753 0.000000
-7.132864 -0.024733 -0.004194 0.000000
-36.619091 3.424969 -0.043398 0.000000
17.488968 -0.242852 0.025279 0.000000
12.397890 -0.003369 0.020005 0.000000
33.918644 2.714896 0.045111 0.000000
34.310573 -5.206643 0.044218 0.000000
-18.482475 -2.020929 -0.020309 0.000000
-9.796942 -1.806820 -0.005771 0.000000
-15.073704 -2.528326 -0.015554 0.000000
-33.117416 -4.479537 -0.040230 0.000000
-12.623869 -2.870188 -0.007503 0.000000
-24.356531 -4.711362 -0.028776 0.000000
22.060345 -4.809998 0.029654 0.000000
15.244358 -2.816213 0.022401 0.000000
20.557710 -2.467240 0.028350 0.000000
31.244469 -1.793480 0.041103 0.000000
-9.014131 -1.058911 -0.001693 0.000000
-13.251572 -1.032125 -0.015819 0.000000
-24.082530 -1.242487 -0.027792 0.000000
-11.203913 -1.578644 -0.009455 0.000000
14.966582 -1.333938 0.022379 0.000000
9.595879 -0.712524 0.017464 0.000000
-22.897510 -0.933349 -0.026150 0.000000
-21.877425 -1.819937 -0.024928 0.000000
27.184907 -3.842231 0.035871 0.000000
13.516131 -2.364769 0.020704 0.000000
16.449497 -1.931914 0.034090 0.000000
-12.568624 -0.917823 -0.011507 0.000000
30.679941 -0.225508 0.040693 0.000000
14.706562 -0.510123 0.027875 0.000000
-7.542161 -0.366955 -0.006881 0.000000
-9.864270 -0.086335 -0.006991 0.000000
-14.707367 0.300974 -0.014538 0.000000
-9.175567 -0.535324 -0.010905 0.000000
-28.658372 1.413982 -0.033395 0.000000
-13.414397 -0.364325 -0.012714 0.000000
-8.716128 -0.882365 -0.009996 0.000000
-24.954359 0.084527 -0.028728 0.000000
-12.637672 -0.203010 -0.011503 0.000000
-7.751266 -0.787553 -0.003159 0.000000
-22.923662 0.393708 -0.025962 0.000000
-10.799843 -0.731551 -0.008653 0.000000
-7.046202 -1.083422 -0.001720 0.000000
-17.706677 -0.606696 -0.018981 0.000000
-14.676454 -1.261265 -0.014743 0.000000
-8.621578 -1.482310 -0.004957 0.000000
-31.588296 -1.661172 -0.037749 0.000000
-12.775744 -1.699289 -0.013644 0.000000
-24.147053 -2.519685 -0.028101 0.000000
25.202833 -0.652819 0.034077 0.000000
12.807847 -0.636872 0.006813 0.000000
27.581231 0.472757 0.037093 0.000000
13.848508 -0.207041 0.021409 0.000000
31.907659 1.979586 0.042549 0.000000
15.187738 0.482323 0.022903 0.000000
-19.127903 -3.069489 -0.020592 0.000000
-9.729130 -2.533122 -0.007174 0.000000
-15.300449 -3.467027 -0.016066 0.000000
-35.580923 -6.873283 -0.043844 0.000000
20.826478 -3.557564 0.028460 0.000000
11.695972 -2.396557 0.018941 0.000000
28.188923 -3.169580 0.037190 0.000000
13.800221 -2.198760 0.033525 0.000000
-11.275318 -2.222370 -0.009694 0.000000
17.424675 -1.494078 0.024997 0.000000
10.676469 -1.304354 0.011961 0.000000
23.374072 -0.628309 0.031931 0.000000
-10.489907 -1.137502 -0.008201 0.000000
-6.815449 -1.377469 -0.001255 0.000000
-16.607445 -1.264981 -0.017537 0.000000
-39.404124 -1.746070 -0.047868 0.000000
-13.404717 -1.821980 -0.012944 0.000000
-7.972815 -1.838468 -0.003778 0.000000
-25.646323 -2.677533 -0.022397 0.000000
-12.962811 0.278788 -0.002970 0.000000
-24.914572 1.364045 -0.011305 0.000000
-1.133763 1.287982 0.024556 0.000000
-1.084901 1.158262 0.026039 0.000000
0.982001 0.605824 0.036217 0.000000
1.012437 1.251412 0.030142 0.000000
-2.035085 5.407446 0.012930 0.000000
-3.031776 6.568144 0.247819 0.000000
-2.861936 6.451825 0.013122 0.000000
-2.588002 6.183011 0.005961 0.000000
-3.045663 6.568652 0.047671 0.000000
-3.317010 6.569729 0.139662 0.000000
-0.177652 3.408725 0.019529 0.000000
-1.759622 5.547581 0.015072 0.000000
-1.473616 4.663577 0.036466 0.000000
-1.914878 5.536350 0.005287 0.000000
-2.142762 6.098045 0.001051 0.000000
-1.774896 4.825274 0.014800 0.000000
-1.982472 5.125732 0.014366 0.000000
-3.223680 6.567062 0.415289 0.000000
-1.997427 6.191128 0.018065 0.000000
2.188158 3.375581 0.069748 0.000000
2.040900 3.374095 0.355436 0.000000
2.309922 6.922414 0.024296 0.000000
2.018709 6.348080 0.023153 0.000000
1.980002 3.285722 0.024890 0.000000
1.925980 3.372824 0.379056 0.000000
1.961097 3.372966 0.500375 0.000000
1.404138 3.567736 0.021688 0.000000
1.906354 5.129216 0.025544 0.000000
2.830166 7.606469 0.030472 0.000000
18.931016 -0.216970 0.044244 0.000000
19.294197 0.545060 0.046812 0.000000
0.842142 7.073279 0.022152 0.000000
0.782717 9.722401 0.025702 0.000000
0.922847 9.007115 0.022659 0.000000
0.537349 9.925390 0.020235 0.000000
0.855560 8.090472 0.023490 0.000000
1.049465 7.599391 0.023158 0.000000
0.269055 10.093803 0.025392 0.000000
0.486122 8.695366 0.023708 0.000000
0.092712 10.355194 0.025490 0.000000
0.659932 6.643676 0.021342 0.000000
-0.091642 10.693076 0.025696 0.000000
0.160479 8.592163 0.023012 0.000000
-0.288018 11.125353 0.026034 0.000000
0.000273 8.615100 0.022771 0.000000
0.198284 7.052051 0.021052 0.000000
0.206220 5.908347 0.005795 0.000000
-0.161337 8.689394 0.022598 0.000000
0.056379 6.920542 0.020653 0.000000
-1.170966 7.355748 0.001669 0.000000
-1.290557 7.502890 0.019015 0.000000
-0.917891 5.134884 0.006623 0.000000
-0.985506 9.456216 0.000112 0.000000
-0.326942 8.817323 0.022494 0.000000
-0.181834 6.877450 0.003963 0.000000
-1.104931 13.043728 0.159012 0.000000
-0.499222 8.999064 0.022457 0.000000
-0.782821 6.936049 0.019213 0.000000
-0.999928 7.049085 0.002286 0.000000
2.811828 7.747612 0.498834 0.000000
2.177715 3.375133 0.621495 0.000000
-3.188979 6.567850 0.940856 0.000000
-3.087575 6.567686 0.667348 0.000000
-3.180800 6.566671 0.499619 0.000000
-3.205034 6.567795 1.102520 0.000000
0.213878 0.095060 0.065088 0.000000
-1.391849 2.408000 0.018122 0.000000
-1.376299 2.635703 0.019019 0.000000
-1.524963 2.804640 0.018185 0.000000
-1.040265 1.579192 0.023489 0.000000
-1.697173 3.003149 0.017337 0.000000
-1.898989 3.238317 0.016482 0.000000
-1.504321 2.284882 0.017952 0.000000
-1.647427 -0.013597 2.556880 0.000000
-1.668801 -0.033497 2.662081 0.000000
-1.915378 -0.023949 2.950557 0.000000
-2.139062 -0.005723 3.968737 0.000000
-2.570515 -0.017892 4.386802 0.000000
-2.398474 -0.026156 4.111603 0.000000
-2.183056 -0.034192 3.609809 0.000000
-2.225582 -0.003068 4.259955 0.000000
-2.683535 -0.000513 5.150122 0.000000
-2.379071 -0.003336 4.486765 0.000000
-2.779444 -0.020002 5.291681 0.000000
-2.220731 -0.021935 4.679232 0.000000
-1.959188 -0.010090 3.107505 0.000000
-2.140797 -0.033430 3.328947 0.000000
-2.166591 -0.008058 3.479614 0.000000
1.759082 -0.020013 2.764976 0.000000
2.913100 -0.027074 5.879433 0.000000
3.265343 -0.028147 7.548892 0.000000
2.725748 -0.020835 5.862879 0.000000
3.045638 -0.010607 6.970995 0.000000
2.505190 -0.049858 5.615913 0.000000
3.022556 -0.027524 6.787192 0.000000
2.559385 -0.015026 5.406872 0.000000
2.476131 -0.021415 5.235501 0.000000
2.752927 -0.012249 6.428438 0.000000
2.212816 -0.045695 4.666925 0.000000
2.369445 -0.000355 4.555057 0.000000
-2.504240 -0.019784 5.862327 0.000000
-2.234301 -0.020859 4.916004 0.000000
-2.495347 -0.004993 5.116489 0.000000
-2.966019 -0.027776 5.861064 0.000000
-2.494647 -0.022549 5.271066 0.000000
-2.961717 -0.020604 6.187341 0.000000
-2.567716 -0.022796 5.527444 0.000000
-2.998402 -0.033004 6.456375 0.000000
-2.416309 -0.023258 5.730921 0.000000
-3.038510 -0.018973 7.057266 0.000000
-2.463376 -0.023243 6.053106 0.000000
-3.062693 -0.000499 7.379297 0.000000
-2.508630 -0.023286 6.394136 0.000000
-3.174893 -0.012936 7.626845 0.000000
-2.728198 -0.029148 6.665255 0.000000
-2.796973 -0.005478 6.844223 0.000000
-2.664540 -0.018695 7.030943 0.000000
-2.623879 -0.018844 7.567540 0.000000
2.936797 -0.009582 7.680757 0.000000
2.760580 -0.022228 7.278330 0.000000
2.686570 -0.020155 7.168011 0.000000
2.684453 -0.025378 6.687277 0.000000
2.069381 -0.003623 3.921079 0.000000
1.951037 3.372972 1.176464 0.000000
2.815795 7.745987 1.101270 0.000000
-2.389696 4.549468 1.260055 0.000000
-3.144319 6.567464 1.174138 0.000000
-2.644240 5.277678 1.114802 0.000000
-2.137498 4.847751 1.113986 0.000000
-2.213974 5.550351 1.116234 0.000000
-2.399621 4.290698 1.303057 0.000000
-2.243013 4.548414 1.175051 0.000000
1.129601 22.883655 0.932589 0.000000
1.132518 24.407449 0.684877 0.000000
-0.535426 35.710933 0.748493 0.000000
1.147725 34.474082 1.092532 0.000000
-1.134804 30.192289 0.831434 0.000000
-1.075782 12.943381 0.683946 0.000000
1.120960 17.497136 0.625335 0.000000
1.110769 12.183712 0.710716 0.000000
-2.006583 5.477823 1.105895 0.000000
-1.097532 12.139980 0.775093 0.000000
-1.075116 14.022592 0.704577 0.000000
-2.338534 -0.019059 3.926385 0.000000
3.472445 -0.024427 7.625850 0.000000
-2.539995 -0.023304 4.415163 0.000000
-2.583632 -0.020651 4.787011 0.000000
2.006041 3.373421 1.107149 0.000000
1.083720 16.421917 1.199766 0.000000
1.144294 33.036797 1.798525 0.000000
1.067692 19.837052 1.286196 0.000000
-1.061889 22.659453 1.076972 0.000000
-1.045514 35.351457 1.426411 0.000000
-1.049253 33.269344 1.939138 0.000000
-1.059679 25.238606 1.730852 0.000000
1.145247 33.419205 1.587732 0.000000
-1.067931 18.272924 1.449713 0.000000
-1.063202 22.194631 1.499393 0.000000
-2.089543 4.229902 1.407346 0.000000
-2.542778 5.395911 1.115304 0.000000
-2.005233 4.029193 1.455612 0.000000
1.007521 1.195033 0.030655 0.000000
-0.953091 0.623774 0.033515 0.000000
-9.686566 0.001727 5.587040 0.000000
-9.323720 0.001331 6.022465 0.000000
-9.714166 0.009490 7.838069 0.000000
-7.562485 0.018739 6.601861 0.000000
-8.346418 0.005186 7.464580 0.000000
-8.101861 0.004795 7.606216 0.000000
-1.053815 19.503266 0.552113 0.000000
0.624569 28.770510 -0.039808 0.000000
-1.047536 23.696408 0.399950 0.000000
-1.058247 17.314661 0.441963 0.000000
-1.039066 29.415600 0.123477 0.000000
-0.267080 23.312027 -0.026463 0.000000
-1.103152 20.129924 0.386087 0.000000
-0.673890 21.657793 -0.113210 0.000000
-0.932621 20.555491 -0.018174 0.000000
-2.223119 5.010730 1.114448 0.000000
-2.158282 4.684485 1.113380 0.000000
-1.039781 27.533619 0.519479 0.000000
2.864719 7.746596 0.730017 0.000000
2.919424 7.746612 0.900137 0.000000
1.120171 13.249452 0.403522 0.000000
1.155319 29.592355 0.284184 0.000000
1.205378 15.354053 0.381514 0.000000
1.131438 20.482021 0.217638 0.000000
1.164989 34.354295 0.266319 0.000000
1.147009 25.738533 0.246358 0.000000
1.121895 15.401803 0.223126 0.000000
-2.768989 5.545903 1.115471 0.000000
-2.417111 4.460144 1.289037 0.000000
-2.660802 5.129833 1.114312 0.000000
-3.316976 6.568416 0.992919 0.000000
-3.365050 6.568892 0.762529 0.000000
1.457419 -0.051851 2.279916 0.000000
1.669614 0.001478 2.530986 0.000000
1.668047 -0.009671 2.892906 0.000000
1.346269 -0.050382 1.877181 0.000000
2.326553 0.021318 5.122391 0.000000
2.041535 -0.024350 4.952419 0.000000
3.107793 -0.027343 6.442537 0.000000
2.084361 -0.022164 4.723367 0.000000
2.012781 -0.019048 4.544821 0.000000
2.580314 -0.021503 5.959378 0.000000
2.088172 -0.044143 4.281243 0.000000
2.859286 -0.000690 5.459951 0.000000
2.124158 -0.022977 4.136108 0.000000
2.703751 -0.022824 6.897798 0.000000
2.314698 -0.019989 7.636663 0.000000
2.322210 -0.056784 7.271853 0.000000
2.378911 -0.027827 7.157043 0.000000
2.283727 -0.027362 6.892624 0.000000
2.249187 -0.020563 6.439723 0.000000
2.615869 -0.023615 7.643688 0.000000
2.241964 -0.022158 6.355572 0.000000
2.234952 -0.020725 6.190629 0.000000
2.340596 -0.009274 5.829330 0.000000
2.284639 -0.025340 5.699811 0.000000
2.292868 -0.021228 5.520796 0.000000
2.064701 -0.021478 5.334343 0.000000
2.534997 -0.015536 6.051858 0.000000
2.050724 -0.008739 5.113847 0.000000
1.834738 -0.007522 3.218849 0.000000
1.974077 -0.019884 3.638142 0.000000
1.840365 -0.006341 3.442089 0.000000
2.061365 3.373847 0.971227 0.000000
2.032740 3.373671 0.539223 0.000000
1.890750 4.774456 -0.008195 0.000000
2.026700 5.281587 -0.001775 0.000000
1.347764 4.164785 -0.011482 0.000000
1.808288 4.977058 -0.015980 0.000000
0.984544 3.610994 -0.008108 0.000000
2.212576 6.159450 -0.001605 0.000000
1.761074 4.792598 -0.012933 0.000000
2.172804 5.894917 -0.017210 0.000000
2.613841 6.946057 -0.022382 0.000000
1.116374 3.504769 -0.004081 0.000000
1.579806 4.570524 -0.012522 0.000000
-3.280040 6.569130 0.344766 0.000000
-3.290203 6.334538 0.019405 0.000000
-2.308366 5.894648 0.013731 0.000000
-1.491292 3.774113 0.009048 0.000000
-1.637521 4.017848 0.015218 0.000000
-1.813476 4.232917 0.014686 0.000000
-2.252030 4.788993 0.013578 0.000000
-2.532569 5.155625 0.013009 0.000000
-1.739667 3.243183 0.007270 0.000000
-2.872668 5.608072 0.012437 0.000000
-1.966341 3.542963 0.005871 0.000000
-1.825943 6.211401 0.005136 0.000000
-1.601207 5.601536 0.018399 0.000000
-1.654892 4.761868 0.007082 0.000000
-1.551745 3.415430 0.015849 0.000000
-3.310392 -0.016665 7.680752 0.000000
3.331827 -0.027821 7.101309 0.000000
3.866114 -1.131687 -0.012208 0.000000
3.597200 -0.943741 -0.009779 0.000000
3.151858 -0.930139 -0.005318 0.000000
-28.055029 -1.484012 0.187760 0.000000
-25.698573 -2.494826 0.173096 0.000000
29.885003 -4.963344 -0.192668 0.000000
13.904582 -2.739290 -0.086945 0.000000
16.400188 -2.323284 -0.104244 0.000000
20.259854 -1.778243 -0.130696 0.000000
7.248603 -1.436408 -0.010519 0.000000
11.549961 -1.367091 -0.071718 0.000000
26.968048 -0.945287 -0.176227 0.000000
8.051993 -1.203167 -0.047001 0.000000
13.568853 -0.887059 -0.086017 0.000000
9.054111 -0.868752 -0.054507 0.000000
-6.052872 -0.417493 0.016652 0.000000
-7.752421 -0.397290 0.022707 0.000000
-10.572426 -0.165226 0.073944 0.000000
-16.708963 0.193245 0.112633 0.000000
-39.304958 1.508694 0.259383 0.000000
-14.880402 -0.557348 0.097082 0.000000
-32.084215 -0.249672 0.213252 0.000000
5.377177 -0.486300 -0.027156 0.000000
7.537943 -0.100538 -0.044114 0.000000
11.983035 -0.510297 -0.030571 0.000000
-17.515688 0.672501 0.117471 0.000000
17.943884 -0.976676 -0.115695 0.000000
21.813308 -0.211865 -0.142304 0.000000
7.546623 -0.872878 -0.000868 0.000000
29.158028 1.023661 -0.192314 0.000000
8.370674 -0.508911 -0.019442 0.000000
13.983120 0.061933 -0.089581 0.000000
4.666909 -0.864206 -0.001673 0.000000
6.226840 -0.644220 -0.033743 0.000000
17.188912 0.843939 -0.111978 0.000000
6.881403 -0.626210 -0.036438 0.000000
13.414944 -0.470529 -0.080868 0.000000
9.114574 -0.572427 -0.052132 0.000000
25.146500 -0.195690 -0.156480 0.000000
-17.037565 -3.178662 0.111201 0.000000
-39.126541 -0.844317 0.247986 0.000000
-13.495176 -1.422735 0.088989 0.000000
-26.922839 -2.025723 0.172072 0.000000
-7.349453 -1.829984 0.053254 0.000000
-20.773084 -2.702262 0.134083 0.000000
-10.283524 -2.237522 0.070099 0.000000
38.189389 -4.841337 -0.237617 0.000000
15.374477 -2.432547 -0.092951 0.000000
9.621331 -1.826617 -0.055134 0.000000
17.459876 -1.888765 -0.106636 0.000000
6.983858 -1.549903 -0.036829 0.000000
10.534329 -1.458554 -0.061423 0.000000
20.459384 -1.188591 -0.126171 0.000000
7.521039 -1.373674 -0.012938 0.000000
-12.257136 0.288765 0.080894 0.000000
-22.310544 1.212724 0.142202 0.000000
-10.629950 -0.238557 0.071420 0.000000
-17.627477 0.149251 0.113642 0.000000
-8.622694 -0.931882 0.012906 0.000000
-33.857298 -0.228397 0.214756 0.000000
-13.130807 -1.095073 0.086671 0.000000
-12.888646 -1.590663 0.085389 0.000000
-9.976377 -0.980368 0.030469 0.000000
-15.455334 -1.034691 0.100761 0.000000
-8.700219 -1.323109 0.029691 0.000000
-34.105497 -1.318728 0.216701 0.000000
-24.306744 -2.289406 0.155872 0.000000
-38.641949 -6.880583 0.247100 0.000000
16.956570 -3.855788 -0.102711 0.000000
10.201962 -2.641454 -0.058804 0.000000
2.783472 -1.182203 -0.001074 0.000000
11.952245 -2.358537 -0.070566 0.000000
30.413060 -3.294672 -0.188869 0.000000
8.233757 -1.877139 -0.045582 0.000000
14.415556 -1.985289 -0.086866 0.000000
9.391882 -1.575679 -0.053657 0.000000
18.063580 -1.443636 -0.110686 0.000000
6.959501 -1.378520 -0.036709 0.000000
10.894711 -1.085212 -0.023143 0.000000
7.931532 -1.073593 -0.003024 0.000000
-16.192337 -0.831310 0.105194 0.000000
-26.441891 -1.388517 0.168846 0.000000
17.013425 -1.833149 0.026110 0.000000
22.453983 -1.169413 0.031428 0.000000
8.574999 -0.917489 0.015415 0.000000
-6.103964 -1.166591 -0.001792 0.000000
-7.961045 -1.340282 -0.001007 0.000000
23.219128 -1.386418 0.032853 0.000000
-31.368669 -4.436352 -0.035261 0.000000
-24.787524 -1.285162 -0.032560 0.000000
-11.027768 -1.503225 -0.011111 0.000000
-18.324434 -2.006671 -0.021621 0.000000
-9.447836 -1.853721 -0.007543 0.000000
-14.547558 -2.453275 -0.014912 0.000000
-12.031374 -2.764640 -0.010201 0.000000
-22.142837 -4.467630 -0.022083 0.000000
20.556851 -4.290332 0.035583 0.000000
28.450240 -4.238522 0.045559 0.000000
17.380423 -2.038301 0.026980 0.000000
39.399138 -2.514796 0.056329 0.000000
15.864692 -1.454246 0.023956 0.000000
19.084334 -0.825959 0.011095 0.000000
11.152810 -0.803940 0.017432 0.000000
24.643357 0.074688 0.031594 0.000000
12.960288 -0.321826 0.018286 0.000000
36.329766 1.806193 0.043183 0.000000
8.723715 -0.459780 0.019875 0.000000
-15.674769 -0.200359 -0.027433 0.000000
-33.509997 0.371896 -0.048359 0.000000
-13.390307 -0.873983 -0.016376 0.000000
-25.416988 -1.004744 -0.034049 0.000000
-11.818685 -1.380820 -0.012720 0.000000
-7.564498 -1.490975 -0.004536 0.000000
-20.866018 -1.873142 -0.025655 0.000000
-17.934750 -2.508711 -0.019986 0.000000
20.773346 -4.069591 0.035393 0.000000
28.304521 -3.881353 0.044622 0.000000
13.792122 -2.273407 0.023297 0.000000
-7.514822 -0.477053 -0.006582 0.000000
-6.298499 -0.298886 -0.004996 0.000000
-22.111630 1.168302 -0.033873 0.000000
-17.354981 0.134392 -0.024670 0.000000
-14.612021 -0.545390 -0.019015 0.000000
-32.453029 -0.308985 -0.045449 0.000000
18.112312 0.739837 0.022013 0.000000
-11.092852 -2.091071 -0.010000 0.000000
-9.756750 -1.041986 -0.009811 0.000000
-15.193291 -1.199627 -0.018547 0.000000
-8.644438 -1.318109 -0.008223 0.000000
-33.982394 -1.749226 -0.044559 0.000000
-7.795876 -1.690894 -0.004616 0.000000
-24.294673 -2.556930 -0.029184 0.000000
20.076614 -2.231215 0.030680 0.000000
22.768096 -1.466737 0.032450 0.000000
12.427113 -1.134958 0.019433 0.000000
26.887373 -0.548373 0.049346 0.000000
13.864950 -0.589092 0.019845 0.000000
34.620936 1.081693 0.042455 0.000000
-11.284003 -0.603978 -0.013447 0.000000
10.203384 -0.091148 0.020400 0.000000
-2.844516 0.011395 5.092337 0.000000
3.502317 -0.008335 7.340279 0.000000
2.463390 7.411344 -0.006248 0.000000
1.919253 6.226911 -0.001159 0.000000
1.605059 3.202026 0.085539 0.000000
1.573517 5.551729 -0.019559 0.000000
0.435141 4.368311 -0.018740 0.000000
0.882067 5.536477 -0.015795 0.000000
0.423625 5.169409 -0.024768 0.000000
0.443965 4.951307 -0.002486 0.000000
1.397316 5.305913 -0.019037 0.000000
1.148109 5.073199 -0.002072 0.000000
1.719125 7.402536 -0.007025 0.000000
0.968561 4.782836 -0.018190 0.000000
1.107209 6.089336 -0.004694 0.000000
-3.532514 6.570181 0.450004 0.000000
-3.405731 6.569647 0.396396 0.000000
-1.190449 5.381301 -0.005715 0.000000
-1.685892 6.284010 -0.047701 0.000000
-0.094511 4.128104 -0.000680 0.000000
0.237314 4.704838 -0.002025 0.000000
0.140246 4.614074 -0.001875 0.000000
-0.370191 4.270652 -0.001476 0.000000
-3.569274 6.568155 0.685067 0.000000
-1.486798 5.446052 -0.006298 0.000000
-2.259026 4.031082 1.441687 0.000000
-2.568392 4.921214 1.113739 0.000000
-2.538202 4.550451 1.130460 0.000000
-3.576939 6.569598 1.105277 0.000000
-1.978397 -0.033675 3.229157 0.000000
-1.900888 -0.024438 3.548339 0.000000
-1.833548 -0.023434 3.625504 0.000000
-1.920528 -0.022744 3.892471 0.000000
-1.649025 -0.011358 2.931188 0.000000
-1.697882 -0.024201 3.120867 0.000000
-2.352624 -0.021522 5.640558 0.000000
-2.019292 -0.003339 4.921364 0.000000
-2.128655 -0.014117 5.103303 0.000000
-2.137895 -0.022081 5.393312 0.000000
-2.126650 -0.022832 5.593866 0.000000
-2.608291 -0.023827 6.402380 0.000000
-2.285828 -0.019926 5.874575 0.000000
-2.352439 -0.021076 6.043349 0.000000
-2.606280 -0.036764 7.294994 0.000000
-2.390952 -0.019521 6.373566 0.000000
-2.752119 -0.016135 7.660382 0.000000
-2.292718 -0.019251 6.599941 0.000000
-2.331044 -0.018540 6.963140 0.000000
-2.267818 -0.019183 7.142286 0.000000
-2.396278 -0.018395 7.526106 0.000000
-2.499361 -0.026029 4.837461 0.000000
-2.158006 -0.024996 4.098036 0.000000
-2.144891 -0.001014 4.252566 0.000000
-2.120026 -0.021452 4.532698 0.000000
-2.063268 -0.025911 4.776956 0.000000
-1.437606 -0.053171 2.279509 0.000000
-1.797710 0.008353 2.509930 0.000000
2.053984 3.374317 1.322450 0.000000
-1.098980 15.536536 0.692918 0.000000
-1.129769 26.371622 0.810466 0.000000
-1.090187 12.294017 0.787060 0.000000
-1.119158 18.767802 0.727016 0.000000
-1.116626 17.136216 0.630404 0.000000
-1.068025 13.209271 0.534022 0.000000
1.067820 20.906193 0.782843 0.000000
1.058006 30.324129 0.887945 0.000000
1.082897 17.210441 0.859058 0.000000
-1.121895 20.654362 0.754835 0.000000
-2.176941 5.221669 1.115217 0.000000
2.901691 7.746143 1.381766 0.000000
1.120976 15.909019 0.543645 0.000000
1.056460 32.246225 0.445894 0.000000
1.068166 18.341895 0.630380 0.000000
1.063257 25.596672 0.673135 0.000000
1.072447 15.811444 0.729999 0.000000
1.083326 11.315994 0.717952 0.000000
7.410607 0.013613 6.062749 0.000000
9.540623 0.009439 7.490388 0.000000
7.088084 0.001381 6.403061 0.000000
7.357144 0.001771 6.309600 0.000000
8.371474 0.005564 6.895388 0.000000
9.673677 0.012328 5.182648 0.000000
9.895559 0.007634 6.390882 0.000000
8.747350 0.003094 5.534365 0.000000
9.565985 0.005563 5.797276 0.000000
8.490669 0.001272 5.032231 0.000000
0.606431 0.116076 0.048006 0.000000
6.076150 0.020871 7.570221 0.000000
6.627779 0.027921 7.772736 0.000000
1.272407 1.423890 0.027794 0.000000
-1.212492 1.690981 0.021728 0.000000
-1.378269 1.556707 0.021080 0.000000
-2.219311 -0.018997 7.654068 0.000000
-1.515939 2.086319 0.018456 0.000000
1.602002 3.202323 0.919510 0.000000
2.165652 3.375637 1.402725 0.000000
-2.379730 3.773759 1.558734 0.000000
-2.410232 4.288808 1.414313 0.000000
-2.915390 5.589940 1.051765 0.000000
-2.599873 4.033839 1.481543 0.000000
-2.793526 4.552345 1.272452 0.000000
-2.837878 5.194678 1.054073 0.000000
-2.541728 4.291859 1.394481 0.000000
1.075465 26.684056 1.353320 0.000000
-1.105963 15.680236 1.077624 0.000000
-1.116337 26.359096 1.365157 0.000000
-1.119681 30.105996 1.425865 0.000000
-1.127565 23.501416 1.302823 0.000000
-1.120393 30.388131 1.253031 0.000000
1.099187 25.976152 1.164868 0.000000
1.077168 23.714338 1.265674 0.000000
-1.931257 4.842061 1.114214 0.000000
-1.836834 7.744017 1.060504 0.000000
-3.907643 -0.003436 7.258718 0.000000
-2.784784 -0.021694 5.653734 0.000000
-2.620298 -0.021098 5.872589 0.000000
-2.685502 -0.020381 6.209128 0.000000
-2.845175 -0.018893 7.133665 0.000000
-2.964844 -0.016043 7.499956 0.000000
2.828117 0.024997 7.642608 0.000000
2.932679 0.001570 7.305129 0.000000
3.805807 0.014064 6.599777 0.000000
4.103229 0.002086 6.989669 0.000000
3.313964 0.012268 7.314931 0.000000
3.721477 0.025310 7.618857 0.000000
2.536814 0.007321 5.158638 0.000000
3.662650 0.002352 7.216436 0.000000
3.422506 0.019838 6.824860 0.000000
4.231757 0.004210 7.418253 0.000000
1.073971 25.663395 0.510574 0.000000
1.077186 20.322308 0.473279 0.000000
1.054307 29.583417 0.453444 0.000000
1.075269 23.075542 0.360239 0.000000
-2.622491 4.551068 1.175915 0.000000
-3.709025 6.570214 1.165738 0.000000
-1.110585 18.514417 0.525760 0.000000
1.086625 19.123518 0.399279 0.000000
1.087169 27.511050 0.120234 0.000000
-1.113300 21.487223 0.697425 0.000000
0.716247 35.711547 -0.050703 0.000000
-1.107584 16.178686 0.682830 0.000000
-1.118159 25.982193 0.516041 0.000000
0.157428 31.163047 -0.078395 0.000000
-1.124385 31.860517 0.195913 0.000000
-0.334040 27.920988 -0.069120 0.000000
-0.750403 25.722531 -0.062610 0.000000
-1.117600 24.000250 -0.053842 0.000000
-2.788253 4.876675 1.113347 0.000000
-1.362891 -0.051040 2.068916 0.000000
-3.559932 -0.022039 6.729114 0.000000
-2.509263 0.003588 5.183104 0.000000
2.317131 -0.015970 5.274888 0.000000
3.539798 0.010319 7.477080 0.000000
2.348337 -0.021894 4.824780 0.000000
4.180284 0.018893 7.404750 0.000000
-2.687138 -0.037016 6.190831 0.000000
-3.095650 -0.018321 7.458595 0.000000
-2.225245 -0.022561 5.328095 0.000000
-2.347457 -0.027181 5.577429 0.000000
-2.289185 -0.048555 7.251426 0.000000
-2.506811 -0.017619 7.544681 0.000000
2.484233 -0.023605 7.772903 0.000000
2.485608 -0.024073 7.444270 0.000000
2.480859 -0.024555 7.126044 0.000000
2.470705 -0.025053 6.818937 0.000000
2.541761 -0.020463 6.542276 0.000000
7.845599 0.004239 6.468145 0.000000
7.116239 0.000553 5.728744 0.000000
8.740800 0.008473 7.383113 0.000000
7.542668 0.010389 7.611069 0.000000
8.390313 0.011614 7.590489 0.000000
6.883868 0.003063 5.964632 0.000000
1.857820 2.860420 -0.006852 0.000000
1.513216 2.167347 0.082213 0.000000
1.276367 2.198487 -0.001017 0.000000
1.216004 2.502269 -0.002612 0.000000
1.007152 2.250626 -0.000338 0.000000
9.893767 0.011569 6.932300 0.000000
8.693748 0.006347 5.972537 0.000000
9.692669 0.009437 6.397234 0.000000
8.549292 0.004513 5.524785 0.000000
9.360294 0.006684 5.750171 0.000000
8.262730 0.009071 4.905329 0.000000
0.269185 0.396445 0.055571 0.000000
-0.823354 9.473222 -0.000193 0.000000
-1.096060 9.719355 -0.025696 0.000000
-3.761509 6.569186 0.644640 0.000000
-3.085106 5.499517 1.085294 0.000000
-3.506309 6.569525 0.814676 0.000000
1.620007 6.076081 -0.019945 0.000000
1.289451 5.751982 -0.017774 0.000000
1.162721 7.555826 -0.024134 0.000000
1.605219 3.200475 0.501619 0.000000
2.954286 7.743601 -0.021856 0.000000
2.569631 7.395981 -0.027429 0.000000
2.242635 6.977777 -0.002766 0.000000
0.577007 10.961162 -0.034207 0.000000
-0.518594 7.345146 -0.018929 0.000000
0.186969 10.187242 -0.030611 0.000000
-0.483439 8.275558 -0.022329 0.000000
0.009212 9.921339 -0.029253 0.000000
-0.595265 9.250493 -0.025404 0.000000
-0.664832 9.543834 -0.000547 0.000000
-0.983053 9.828255 -0.026355 0.000000
0.840152 7.299044 -0.022341 0.000000
1.079498 9.229947 -0.001000 0.000000
0.297031 5.776766 -0.015162 0.000000
0.749053 9.302900 -0.029111 0.000000
1.049442 12.181864 -0.039444 0.000000
-0.070838 6.324493 -0.016310 0.000000
0.800514 11.506968 -0.036589 0.000000
-0.012897 7.529707 -0.020910 0.000000
-1.805001 2.806319 0.015693 0.000000
-2.263077 4.060366 -0.016162 0.000000
-2.615598 4.611515 -0.013079 0.000000
-1.494521 2.732857 0.018396 0.000000
-2.234556 3.765129 -0.000656 0.000000
-1.750862 2.926643 0.017189 0.000000
-2.432606 4.232546 -0.014001 0.000000
-1.935528 3.118348 0.016388 0.000000
-2.151744 3.345610 0.015570 0.000000
-1.513315 2.523345 0.017338 0.000000
-1.650033 2.655124 0.016527 0.000000
-2.199961 3.794015 -0.027652 0.000000
4.825266 0.005144 7.404213 0.000000
5.029332 0.004521 7.173506 0.000000
5.295557 0.004036 6.945661 0.000000
5.230797 0.000317 6.098409 0.000000
9.388735 0.000257 4.222685 0.000000
-8.885733 -0.201295 0.018421 0.000000
-25.191954 1.448746 0.050106 0.000000
-13.308605 -0.066607 0.029487 0.000000
-26.512073 0.550716 0.054604 0.000000
-0.919978 4.071965 -0.002173 0.000000
-1.045304 4.275407 -0.002718 0.000000
-1.513778 5.098527 -0.004776 0.000000
-0.597225 3.257551 -0.006227 0.000000
-2.750047 6.230639 -0.025952 0.000000
-1.844735 3.978866 0.017186 0.000000
-2.141831 4.392954 -0.011070 0.000000
-2.226360 4.600802 -0.012247 0.000000
-1.751384 3.787903 0.033473 0.000000
-2.689029 5.018800 -0.038702 0.000000
-3.454711 6.570295 0.189170 0.000000
-3.006432 5.762484 -0.018932 0.000000
-2.139568 3.521584 0.015624 0.000000
-3.734761 6.571483 0.295652 0.000000
-3.560335 6.335259 -0.004536 0.000000
-1.948198 5.921664 -0.006639 0.000000
-1.443667 4.311340 -0.013474 0.000000
-1.742020 4.424880 -0.028597 0.000000
-1.906945 4.808187 -0.002932 0.000000
-2.155121 5.018747 -0.035104 0.000000
-2.418274 5.741092 -0.022447 0.000000
1.646847 4.364340 -0.006986 0.000000
1.267054 3.742884 -0.004945 0.000000
0.807918 3.116228 -0.002843 0.000000
0.711882 2.993523 -0.002390 0.000000
4.448184 0.012903 7.199770 0.000000
5.297254 0.003431 7.524888 0.000000
5.036125 0.000971 6.971778 0.000000
9.895164 0.010310 7.430817 0.000000
8.009295 0.002312 5.757671 0.000000
8.833162 0.008195 4.811829 0.000000
6.468067 0.004002 7.121107 0.000000
6.048198 0.001194 6.518517 0.000000
8.024606 0.007454 7.408572 0.000000
16.880626 0.653328 0.041371 0.000000
-5.794229 -0.562042 -0.002692 0.000000
-13.216706 -0.571380 -0.020546 0.000000
7.140011 -1.528867 0.020339 0.000000
27.358167 -1.419387 0.055851 0.000000
13.977355 -1.046304 0.031931 0.000000
-13.365170 -2.337482 -0.025340 0.000000
-24.449558 -0.378988 -0.043942 0.000000
-11.393282 -1.031517 -0.017525 0.000000
-18.965572 -1.294820 -0.034829 0.000000
-9.971561 -1.442496 -0.015164 0.000000
-15.633205 -1.896272 -0.029219 0.000000
-35.822816 -3.520049 -0.074997 0.000000
-26.726461 -4.028050 -0.057817 0.000000
22.713023 -4.599084 0.038970 0.000000
12.297342 -2.783632 0.024650 0.000000
33.564898 -4.783503 0.059344 0.000000
15.088595 -2.505205 0.030198 0.000000
9.707285 -1.843364 0.022919 0.000000
19.461253 -2.102262 0.039185 0.000000
-6.603839 -0.611797 -0.004055 0.000000
16.677122 0.079819 0.039565 0.000000
20.085296 -1.363762 0.042209 0.000000
-13.541589 -0.032537 -0.019925 0.000000
-26.325824 0.536093 -0.045494 0.000000
-26.115300 -0.496256 -0.047660 0.000000
10.192207 -1.442471 0.024673 0.000000
7.366536 -1.222454 0.021372 0.000000
26.623290 -0.509948 0.056733 0.000000
12.500341 -0.605647 0.026319 0.000000
26.208361 0.509768 0.049637 0.000000
13.708742 -0.190629 0.011680 0.000000
32.016508 2.094068 0.062368 0.000000
11.678091 -1.091936 0.024182 0.000000
-14.890744 -0.781870 -0.020463 0.000000
-11.171037 -0.267583 -0.016666 0.000000
-8.595598 -1.098077 -0.008309 0.000000
-31.988884 -0.920231 -0.051043 0.000000
-12.588880 -1.302942 -0.017139 0.000000
-23.328175 -1.857138 -0.037990 0.000000
-11.006687 -1.713040 -0.014832 0.000000
-18.662182 -2.456157 -0.030952 0.000000
20.742916 -1.435741 0.036863 0.000000
-10.900930 -0.899017 -0.016032 0.000000
-13.967039 -1.756550 -0.000374 0.000000
-8.101598 -1.612325 -0.010823 0.000000
-27.608312 -2.583315 -0.055973 0.000000
-11.538968 -2.020390 -0.020368 0.000000
-19.933946 -3.020514 -0.041225 0.000000
-15.444851 -3.217913 -0.014877 0.000000
-36.991024 -6.949432 -0.086003 0.000000
11.353466 -2.428830 0.023996 0.000000
26.390879 -3.510219 0.048725 0.000000
7.934324 -1.893193 0.020332 0.000000
21.903770 -0.964718 0.046621 0.000000
-37.290584 2.588324 -0.052714 0.000000
-13.236146 0.034827 -0.015590 0.000000
-25.980653 0.684086 -0.037267 0.000000
0.819564 0.553846 0.039604 0.000000
-7.741189 0.012163 7.440638 0.000000
-6.199069 0.000841 5.119899 0.000000
-7.090018 0.004583 5.470454 0.000000
-7.930500 0.009204 6.257443 0.000000
-5.954241 0.002984 5.990615 0.000000
-8.420115 0.013756 7.420494 0.000000
-6.451478 0.011038 6.633059 0.000000
7.863427 -0.014032 7.827391 0.000000
-9.112401 0.009957 5.434064 0.000000
-7.149811 0.013696 4.033789 0.000000
-7.312839 0.003853 5.016779 0.000000
-8.120278 0.006653 5.195546 0.000000
-9.053752 0.014217 6.464335 0.000000
-4.393850 0.002655 7.361289 0.000000
2.100325 3.014587 0.022655 0.000000
2.367142 3.291678 0.022612 0.000000
2.336403 3.376148 0.378763 0.000000
1.931500 2.916632 0.024992 0.000000
-2.300220 4.886207 -0.019105 0.000000
-2.227175 5.095220 -0.019286 0.000000
-2.932177 6.261553 -0.027192 0.000000
-2.050580 4.523548 -0.016319 0.000000
-3.290486 6.567663 -0.017723 0.000000
-3.849520 6.569868 0.527917 0.000000
-2.525461 5.214973 -0.021571 0.000000
-2.958220 5.874283 -0.026271 0.000000
-3.877161 6.572103 0.352741 0.000000
-3.648664 6.571608 0.033169 0.000000
-3.550136 6.567962 -0.018948 0.000000
-2.835699 6.505334 -0.025840 0.000000
-2.049064 4.983289 -0.017792 0.000000
-2.222157 5.506678 -0.020487 0.000000
-1.933937 4.697736 -0.031631 0.000000
-3.957631 6.572939 0.141935 0.000000
1.853830 4.963381 0.021935 0.000000
1.733302 4.556527 0.021706 0.000000
-9.750688 0.000467 1.046902 0.000000
-8.243925 0.001558 3.242286 0.000000
-8.160924 0.020902 3.874524 0.000000
-9.460095 0.006560 3.821458 0.000000
-9.725598 0.002634 1.982232 0.000000
-8.842653 0.020070 2.707972 0.000000
-4.350042 0.003654 7.694435 0.000000
-4.413877 0.017926 6.649917 0.000000
-0.520655 3.189079 -0.005695 0.000000
-0.612741 3.052393 -0.011074 0.000000
-0.772763 3.205646 -0.013389 0.000000
-2.607933 4.683402 1.087097 0.000000
-3.940991 6.571536 0.990486 0.000000
-2.760654 4.355010 1.288394 0.000000
-2.987400 4.553737 1.152039 0.000000
-3.921569 6.569367 1.004149 0.000000
-1.058887 20.462770 0.344287 0.000000
1.124628 16.587902 0.165571 0.000000
0.973748 35.708990 -0.101615 0.000000
1.138087 23.136627 -0.011065 0.000000
0.215848 34.547969 -0.071850 0.000000
0.700308 22.068999 -0.042108 0.000000
-1.063747 17.735711 0.529790 0.000000
-1.044228 30.052600 0.259277 0.000000
-0.347408 33.058872 -0.072093 0.000000
0.287912 20.112817 -0.040330 0.000000
-0.881705 32.316988 -0.073751 0.000000
-0.065253 18.681340 -0.039317 0.000000
-1.094627 11.385258 0.445083 0.000000
-1.052710 23.593829 0.065455 0.000000
-0.668057 16.878993 -0.038967 0.000000
-0.947087 16.372277 -0.039526 0.000000
1.152434 32.282257 0.295890 0.000000
1.122447 16.105694 0.366428 0.000000
1.086562 11.000509 0.400643 0.000000
1.102158 21.727027 0.297126 0.000000
1.087945 17.654075 0.347721 0.000000
1.100990 19.661819 0.339014 0.000000
1.114919 12.811450 0.295059 0.000000
-9.675975 0.010623 6.293930 0.000000
-7.938112 0.005270 5.705812 0.000000
-7.127051 0.002260 5.319965 0.000000
-2.565001 6.247553 -0.024829 0.000000
-2.243641 5.670679 -0.021131 0.000000
-1.447430 2.597366 -0.013383 0.000000
-2.883553 5.771923 -0.025503 0.000000
-1.723668 2.841745 -0.017439 0.000000
-1.302450 4.110033 -0.012193 0.000000
-2.550664 4.442561 -0.019330 0.000000
-1.446783 4.544122 -0.016282 0.000000
-1.517061 3.541163 -0.005200 0.000000
-1.854098 3.036990 -0.006277 0.000000
-2.898673 4.912181 -0.023073 0.000000
-2.039618 3.222903 -0.007718 0.000000
-3.391465 5.570085 -0.018810 0.000000
-2.254948 3.444724 -0.009351 0.000000
-6.924022 0.016169 7.662783 0.000000
2.495123 -0.013165 6.251446 0.000000
3.144886 -0.019987 7.568620 0.000000
2.270078 -0.017250 5.116370 0.000000
2.679871 -0.010388 7.486091 0.000000
-3.668445 0.018525 7.566796 0.000000
-2.732741 0.012729 5.108961 0.000000
-2.796108 -0.021475 5.413947 0.000000
-2.222073 0.013594 5.091409 0.000000
-2.914893 -0.020311 6.314306 0.000000
-2.977398 -0.019638 6.674098 0.000000
-2.445792 -0.019536 6.523413 0.000000
-2.533863 -0.024367 6.845549 0.000000
-2.590177 -0.023558 7.141219 0.000000
2.202485 3.375398 1.044989 0.000000
2.325291 3.377058 1.305356 0.000000
2.393289 3.378388 1.578302 0.000000
1.334515 -0.050083 2.153724 0.000000
1.007040 -0.052259 1.621643 0.000000
0.862033 17.575956 -0.031244 0.000000
0.579770 18.712059 -0.035475 0.000000
0.265514 20.250780 -0.040768 0.000000
1.152466 31.247698 -0.005853 0.000000
1.091505 18.083673 0.219205 0.000000
1.114073 12.664038 0.558121 0.000000
-0.101844 22.376446 -0.047639 0.000000
1.140188 25.440364 0.328717 0.000000
-0.556824 25.386505 -0.056921 0.000000
1.131078 21.095461 0.524938 0.000000
-1.047576 26.732931 -0.015803 0.000000
1.148882 30.941955 0.496997 0.000000
-1.060641 18.481997 0.183008 0.000000
-1.035781 34.832788 0.080051 0.000000
1.126101 16.739829 -0.027402 0.000000
-1.064364 16.398430 0.343263 0.000000
-1.062616 17.991720 0.399698 0.000000
2.349544 3.376974 0.650678 0.000000
2.352725 3.375578 0.832301 0.000000
-2.669725 4.044346 1.371385 0.000000
-2.382275 4.671119 1.113088 0.000000
-3.240538 5.230783 1.089741 0.000000
2.283935 3.383982 1.678506 0.000000
-1.429809 -0.028140 2.494530 0.000000
-3.936484 0.002443 7.626161 0.000000
-3.206266 0.011083 7.241797 0.000000
-2.551495 -0.023391 6.758840 0.000000
-1.098841 12.207982 1.221795 0.000000
-1.068915 17.862241 1.408235 0.000000
-1.072712 13.962421 1.225466 0.000000
-1.064141 21.336452 1.412857 0.000000
-1.093687 8.634641 1.052759 0.000000
-1.065202 21.783590 1.692392 0.000000
1.117832 17.026393 1.429642 0.000000
1.127223 22.900939 1.709351 0.000000
1.143945 34.252679 2.257424 0.000000
-1.052855 31.925412 2.152994 0.000000
-0.261567 35.490154 2.296814 0.000000
1.131495 25.636835 1.820272 0.000000
-0.784445 34.780467 2.295024 0.000000
-1.071079 16.420021 1.453080 0.000000
-1.058000 27.845799 1.976809 0.000000
-1.100512 13.054816 1.275075 0.000000
-1.067423 19.746922 1.585377 0.000000
-1.075879 10.845219 1.213069 0.000000
-1.982610 4.035001 1.382053 0.000000
1.137600 29.563248 1.959790 0.000000
2.898701 7.751614 1.403094 0.000000
2.648263 7.753121 1.660280 0.000000
1.124021 20.557233 1.523532 0.000000
-2.427980 3.778882 1.551168 0.000000
-2.228867 3.514640 1.718246 0.000000
-2.088554 3.848199 1.541227 0.000000
-2.104420 3.771519 1.565160 0.000000
-2.268942 4.097283 1.392096 0.000000
-2.202407 3.651324 1.667506 0.000000
-2.570320 3.833603 1.541255 0.000000
-2.843680 4.552718 1.288600 0.000000
-9.136266 0.011221 7.066414 0.000000
-1.139099 2.751719 0.010180 0.000000
-1.678771 3.806815 0.017393 0.000000
-1.249424 2.883868 0.009371 0.000000
-2.015743 4.486095 0.014139 0.000000
-1.511347 3.168217 0.010707 0.000000
-2.270711 4.895517 0.021389 0.000000
-2.794931 4.303464 0.013933 0.000000
-2.170454 2.873437 0.014241 0.000000
-4.115459 6.573633 0.200718 0.000000
-4.056110 6.570566 0.045459 0.000000
-1.967107 2.691037 0.015218 0.000000
-2.582105 5.397093 0.022327 0.000000
-1.888532 3.774306 0.014597 0.000000
-2.963794 6.019698 0.023606 0.000000
-2.052181 3.899959 0.004502 0.000000
-2.341531 4.283104 0.013235 0.000000
-2.634911 4.622888 0.012516 0.000000
-3.024814 5.282562 0.023519 0.000000
-1.638990 2.401436 0.017071 0.000000
-3.499331 5.966330 0.025093 0.000000
-2.431886 3.868928 0.014770 0.000000
1.469775 1.742759 0.292636 0.000000
1.965142 3.180082 0.009859 0.000000
1.062112 0.896757 0.031958 0.000000
-1.215951 1.335031 0.023556 0.000000
-2.444769 3.774414 1.607560 0.000000
-2.313537 3.509504 1.800707 0.000000
-2.669231 4.034474 1.531287 0.000000
-2.889874 4.294503 1.380029 0.000000
-2.368063 3.254918 1.919866 0.000000
-1.957445 -0.021481 4.044166 0.000000
-2.318283 -0.023456 5.145669 0.000000
-2.820324 -0.018954 6.967954 0.000000
-2.889046 -0.018247 7.392509 0.000000
-2.982635 -0.036886 7.789429 0.000000
-1.270749 -0.045091 2.259107 0.000000
-1.784466 -0.009660 3.214320 0.000000
-1.532368 -0.024197 2.777799 0.000000
1.470173 1.770356 1.065868 0.000000
1.471092 1.795961 1.203546 0.000000
1.471910 1.810685 1.135029 0.000000
1.584197 1.636245 0.801763 0.000000
2.845932 7.752429 1.622901 0.000000
-2.147467 6.560972 1.206239 0.000000
-2.160144 3.772087 1.610567 0.000000
-2.327393 3.817873 1.541103 0.000000
-2.176292 3.514034 1.671018 0.000000
-2.838599 6.562967 1.216035 0.000000
1.106623 16.627755 1.204703 0.000000
1.081804 22.377867 1.622957 0.000000
1.076925 33.225908 2.201586 0.000000
1.083592 18.207542 1.496784 0.000000
-1.093022 8.625673 1.234432 0.000000
-1.108140 22.625439 1.887875 0.000000
-0.843197 35.706045 2.412096 0.000000
-1.097792 11.905006 1.394570 0.000000
-1.153748 29.381359 2.093987 0.000000
-1.095262 10.025655 1.301484 0.000000
-1.099833 13.427387 1.399576 0.000000
-1.106414 19.868207 1.604394 0.000000
-1.096990 11.071743 1.278898 0.000000
-0.911436 32.309464 2.431999 0.000000
1.081080 25.036993 1.862893 0.000000
0.068232 35.202873 2.433596 0.000000
0.975076 35.422005 2.430684 0.000000
1.083122 19.962730 1.613966 0.000000
-0.444259 33.771306 2.432917 0.000000
0.428511 34.962250 2.431857 0.000000
1.118128 29.383114 2.098603 0.000000
-0.098920 34.345005 2.432681 0.000000
0.804490 35.707316 2.415723 0.000000
1.082086 22.154938 1.664517 0.000000
-1.110095 25.503730 2.104709 0.000000
-0.606318 33.607375 2.433214 0.000000
0.253230 35.706883 2.405211 0.000000
1.076869 33.104223 2.163218 0.000000
-1.087469 32.755420 2.433444 0.000000
-0.293585 35.706462 2.404135 0.000000
-4.100708 6.570326 0.969807 0.000000
-4.089715 6.572241 1.055817 0.000000
-0.696820 8.418715 0.022959 0.000000
-0.867965 8.447937 0.023608 0.000000
-2.460798 5.017325 1.114183 0.000000
-2.560398 4.755125 1.113189 0.000000
-3.640309 6.565806 1.220610 0.000000
-3.794251 6.570847 0.928574 0.000000
-3.094259 5.064581 1.113600 0.000000
-3.920123 6.571874 0.623924 0.000000
-2.944208 4.642331 1.112417 0.000000
-3.140183 6.567424 1.214451 0.000000
-0.277953 15.839600 0.031327 0.000000
0.332813 9.479331 0.020440 0.000000
-1.100364 19.022916 0.156327 0.000000
-0.567180 16.400474 0.033202 0.000000
-0.119181 11.682953 0.024897 0.000000
-0.884782 17.176391 0.035506 0.000000
-0.331710 11.665204 0.025647 0.000000
-0.031860 8.856720 0.021042 0.000000
-0.200995 8.657596 0.021431 0.000000
-0.772453 11.900403 0.027561 0.000000
-0.366225 8.522101 0.021879 0.000000
-0.530491 8.442192 0.022385 0.000000
0.697392 17.311129 0.029943 0.000000
0.424758 18.067159 0.032067 0.000000
0.773432 15.089508 0.026401 0.000000
0.133318 19.078639 0.034653 0.000000
0.510982 15.072774 0.027335 0.000000
0.788398 12.708109 0.022974 0.000000
-0.190738 20.417267 0.037868 0.000000
0.253518 15.187909 0.028441 0.000000
-0.006654 15.438777 0.029754 0.000000
1.585232 1.695383 0.708543 0.000000
-11.858572 -0.183323 0.034163 0.000000
-7.258939 -0.625580 0.001641 0.000000
-19.465485 0.019751 0.051810 0.000000
20.571536 -1.864382 -0.049991 0.000000
12.160717 -1.312058 -0.026923 0.000000
8.799430 -1.058447 -0.017782 0.000000
-14.556847 -2.243373 0.038822 0.000000
-14.472023 -0.806199 0.039590 0.000000
-8.369840 -1.086179 0.001772 0.000000
-28.233800 -1.096316 0.072303 0.000000
-9.557604 -1.648898 0.028384 0.000000
-30.276839 -4.118108 0.075307 0.000000
17.027810 -4.218403 -0.042221 0.000000
10.542072 -2.804205 -0.023314 0.000000
22.623849 -4.243256 -0.056942 0.000000
7.608827 -2.166129 -0.013817 0.000000
33.337531 -4.327789 -0.084540 0.000000
5.953933 -1.807289 -0.007724 0.000000
8.715136 -1.947960 -0.017193 0.000000
15.628441 -2.298796 -0.037152 0.000000
-18.241879 0.264938 0.049065 0.000000
-10.059690 -0.513046 0.000636 0.000000
6.828860 -0.592164 -0.010059 0.000000
-15.742454 -0.515312 0.042702 0.000000
-36.011263 -0.520608 0.091824 0.000000
21.553643 -3.610966 -0.053729 0.000000
12.155174 -2.257775 -0.027552 0.000000
28.489269 -3.267397 -0.071430 0.000000
8.449190 -1.725491 -0.016197 0.000000
14.231518 -1.883958 -0.017504 0.000000
9.487696 -1.434070 -0.019205 0.000000
17.521855 -1.423784 -0.041644 0.000000
23.045706 -0.715667 -0.055686 0.000000
7.885767 -0.932524 -0.013842 0.000000
12.934346 -0.637081 -0.028652 0.000000
8.942936 -0.607117 -0.016989 0.000000
-23.512909 0.692989 0.054045 0.000000
-10.842113 -0.430753 0.031829 0.000000
-17.562129 -0.375259 0.047043 0.000000
-28.747806 -1.514075 0.073286 0.000000
17.603776 -1.083093 -0.041636 0.000000
17.809118 -0.385490 -0.041723 0.000000
11.061653 -0.428816 -0.023199 0.000000
6.128816 -0.686894 -0.007584 0.000000
7.985719 -0.449239 -0.013861 0.000000
11.568694 0.044899 -0.024357 0.000000
-8.981539 -0.402179 0.028080 0.000000
-12.866874 -0.287498 0.019826 0.000000
-7.702392 -0.707777 0.001353 0.000000
-23.053414 -0.206970 0.060279 0.000000
15.519915 -0.980485 -0.035977 0.000000
5.118783 -1.142036 -0.003856 0.000000
10.298283 -0.815850 -0.021218 0.000000
30.962850 -1.471783 -0.076578 0.000000
-16.594201 -2.794208 0.003796 0.000000
-10.461622 -0.870250 0.030749 0.000000
-16.367826 -1.067587 0.043791 0.000000
-37.189289 -1.769401 0.093911 0.000000
-12.634935 -1.483055 0.010784 0.000000
-22.838604 -2.405091 0.058304 0.000000
-10.348247 -1.897992 0.029818 0.000000
-39.404131 -5.810908 0.096713 0.000000
34.917550 -6.467680 -0.089992 0.000000
15.463913 -3.147786 -0.037287 0.000000
9.914328 -2.202354 -0.021027 0.000000
18.368762 -2.773958 -0.044798 0.000000
7.270527 -1.753199 -0.012372 0.000000
11.218509 -1.890708 -0.024626 0.000000
22.887327 -2.267898 -0.056304 0.000000
5.739719 -1.494104 -0.006648 0.000000
8.079589 -1.500032 -0.006465 0.000000
12.951565 -1.498732 -0.029271 0.000000
-0.648283 0.066482 0.045397 0.000000
38.420899 -0.264300 -0.119106 0.000000
16.308460 -0.402734 -0.047872 0.000000
10.293987 -0.441096 -0.027258 0.000000
20.408503 0.375202 -0.060491 0.000000
7.502054 -0.459416 -0.016784 0.000000
28.710576 1.759145 -0.085747 0.000000
6.447998 -0.236076 -0.012220 0.000000
5.224094 -0.290331 -0.006772 0.000000
4.351199 -0.369665 -0.004769 0.000000
-8.492792 0.025025 4.665035 0.000000
-9.711743 0.002496 5.059507 0.000000
7.232596 0.003774 4.218752 0.000000
8.701188 0.006229 4.262740 0.000000
9.415879 0.000629 3.005907 0.000000
5.171141 -0.509791 -0.007712 0.000000
4.332445 -0.510956 -0.003857 0.000000
-23.404312 -3.061757 0.074579 0.000000
-20.044945 -0.777893 0.053442 0.000000
-15.465920 -1.436576 0.045759 0.000000
-34.271324 -2.610096 0.099977 0.000000
-12.601798 -1.867602 0.041303 0.000000
-17.722637 -3.316370 0.061698 0.000000
24.255721 -4.919045 -0.040340 0.000000
12.622940 -2.787662 -0.019860 0.000000
36.642291 -5.317393 -0.071287 0.000000
15.626059 -2.539746 -0.029801 0.000000
6.434102 -1.657527 -0.006391 0.000000
20.451031 -2.173034 -0.045193 0.000000
11.777112 -1.454258 -0.024732 0.000000
29.295390 -1.516038 -0.072740 0.000000
8.265752 -1.164675 -0.015458 0.000000
14.498646 -0.991347 -0.035177 0.000000
6.231514 -1.161685 -0.000533 0.000000
9.601515 -0.819194 -0.021650 0.000000
5.691426 -0.684472 -0.008882 0.000000
4.013287 -0.088261 -0.006592 0.000000
26.437257 -2.866447 -0.057583 0.000000
7.974020 -1.577606 -0.012217 0.000000
13.359572 -1.688072 -0.028058 0.000000
39.650131 -2.257631 -0.096232 0.000000
6.110548 -1.322393 -0.006997 0.000000
8.935474 -1.290837 -0.016934 0.000000
16.225373 -1.214007 -0.038818 0.000000
21.027175 -0.516792 -0.055945 0.000000
-27.360349 1.276435 0.060631 0.000000
-12.485473 -0.201884 0.031803 0.000000
-11.262289 -0.712230 0.031829 0.000000
-19.084439 -0.878227 0.051594 0.000000
-10.370110 -1.139161 0.032207 0.000000
-17.065378 -1.562211 0.050372 0.000000
7.909854 -0.194221 -0.019676 0.000000
4.895255 -0.304342 -0.007684 0.000000
6.110870 -0.022235 -0.007332 0.000000
-18.321196 -0.270775 0.046323 0.000000
-10.916048 -0.358838 0.029087 0.000000
-15.319005 -0.914616 0.042511 0.000000
-35.869563 -1.503302 0.097978 0.000000
19.757176 0.233144 -0.056628 0.000000
11.339542 -0.070100 -0.031112 0.000000
15.040553 -0.802005 -0.037765 0.000000
-24.393430 -2.836919 0.075850 0.000000
20.448190 -2.743208 -0.042029 0.000000
11.493740 -1.753240 -0.022240 0.000000
24.731654 -2.114534 -0.057148 0.000000
7.991543 -1.367304 -0.013431 0.000000
31.887710 -1.181081 -0.081532 0.000000
18.165338 -0.068453 -0.050570 0.000000
11.221874 -0.217044 -0.029942 0.000000
5.755981 -0.597685 -0.009627 0.000000
-8.257590 -0.528343 0.024405 0.000000
-11.746274 -0.540005 0.031974 0.000000
-20.191008 -0.571200 0.052663 0.000000
-15.650852 -1.258446 0.045223 0.000000
-35.905022 -2.256611 0.102245 0.000000
-3.981190 0.014462 7.492489 0.000000
-4.649053 0.015544 7.651355 0.000000
-2.802960 0.007248 5.235439 0.000000
-3.780819 0.004428 6.452657 0.000000
-2.964359 0.010464 5.663927 0.000000
-3.084573 0.002975 6.030832 0.000000
-3.021472 0.006397 6.380886 0.000000
-3.354566 0.018032 6.725382 0.000000
-3.334778 0.008791 7.166985 0.000000
-3.444363 0.015046 7.602039 0.000000
3.369779 0.009296 6.696330 0.000000
3.160771 0.004321 6.336972 0.000000
2.843330 0.001960 5.929387 0.000000
3.760810 0.011219 7.119295 0.000000
2.949422 0.010945 5.597430 0.000000
3.474889 0.008629 6.636147 0.000000
4.146391 0.012621 6.307974 0.000000
3.801232 0.001043 5.664845 0.000000
3.699886 0.001719 5.400295 0.000000
3.336570 0.005936 6.203792 0.000000
3.209661 0.003429 5.816829 0.000000
3.091574 0.001061 5.465897 0.000000
3.655676 0.006403 6.206832 0.000000
3.493593 0.009910 5.935021 0.000000
3.258858 0.011122 5.581233 0.000000
4.236589 0.009810 6.674251 0.000000
-4.320318 6.573694 0.819108 0.000000
-4.185301 6.573074 0.751505 0.000000
-4.290992 6.571738 0.717317 0.000000
-4.167318 6.573393 0.474970 0.000000
-4.315265 6.574062 0.540302 0.000000
-4.275460 6.574345 0.262856 0.000000
-3.789591 6.571294 0.563677 0.000000
-2.718813 5.858369 -0.043838 0.000000
-3.088905 6.421668 -0.049493 0.000000
-0.272715 2.812010 -0.006782 0.000000
-0.053222 3.166961 -0.009508 0.000000
-0.539010 2.989307 -0.010058 0.000000
-0.243329 3.001781 -0.004170 0.000000
-0.174133 2.536971 -0.003656 0.000000
-0.350636 2.571113 -0.005139 0.000000
-0.178779 2.974062 -0.003930 0.000000
0.015541 3.188862 -0.009821 0.000000
-1.883254 5.340520 -0.020341 0.000000
-2.167207 5.876108 -0.022944 0.000000
-1.602063 4.670070 -0.016789 0.000000
-2.039464 5.397546 -0.020389 0.000000
-2.659838 6.479887 -0.025445 0.000000
-2.213638 6.084902 -0.024057 0.000000
-1.662511 -0.024624 3.676462 0.000000
-3.192361 0.004430 6.416227 0.000000
-1.729026 -0.021485 3.962512 0.000000
-1.623619 -0.021564 4.074943 0.000000
-2.735990 0.008807 5.979109 0.000000
-3.405243 0.011116 7.583848 0.000000
-1.748153 -0.038002 4.387770 0.000000
-2.181042 0.004766 5.104312 0.000000
-2.652185 0.003005 6.224946 0.000000
-1.680892 -0.021865 4.559779 0.000000
-2.685879 0.004847 6.525408 0.000000
-1.583499 -0.021337 3.160831 0.000000
-1.516519 -0.024389 3.286989 0.000000
-1.752541 -0.021308 3.556482 0.000000
-3.046593 0.000317 5.750231 0.000000
1.868202 -0.024927 5.253657 0.000000
1.977244 0.013125 7.690872 0.000000
1.834912 0.022610 7.359966 0.000000
1.968656 0.016135 7.132543 0.000000
1.961649 0.008060 6.665938 0.000000
1.949082 0.004303 6.400516 0.000000
2.294450 0.012202 7.481717 0.000000
1.884902 0.005802 6.119576 0.000000
2.289782 0.010320 7.157223 0.000000
1.812104 0.008041 5.845645 0.000000
2.281599 0.008492 6.849239 0.000000
1.809305 0.003694 5.625675 0.000000
2.269402 0.006698 6.554840 0.000000
-1.910549 0.024561 7.731837 0.000000
2.254365 0.004960 6.277170 0.000000
1.931631 -0.047298 5.169128 0.000000
2.760773 0.013017 7.549026 0.000000
2.253583 0.010289 6.151510 0.000000
1.950241 0.012427 5.116984 0.000000
2.738847 0.011056 7.206798 0.000000
2.330226 0.000749 5.759375 0.000000
1.851078 -0.045737 4.787018 0.000000
2.713463 0.009144 6.881245 0.000000
2.018505 -0.049136 5.599813 0.000000
1.901101 -0.001360 4.467900 0.000000
-1.961509 -0.022668 5.452105 0.000000
-2.717015 0.006739 6.842111 0.000000
-1.770171 -0.021443 4.796966 0.000000
-2.000362 -0.021357 5.630943 0.000000
-2.682877 0.016101 7.191420 0.000000
-1.834652 -0.021370 4.806970 0.000000
-2.195611 0.001236 5.981161 0.000000
-2.720967 0.012180 7.528247 0.000000
-1.905397 -0.040361 5.125401 0.000000
-2.209396 0.002892 6.239386 0.000000
-1.937781 -0.024028 5.372105 0.000000
-2.220488 0.005792 6.407561 0.000000
-2.325111 0.012782 6.652881 0.000000
-1.910955 -0.027244 5.670898 0.000000
-2.295417 0.010016 7.173387 0.000000
-1.947574 0.003387 6.029191 0.000000
-2.329582 0.012259 7.596818 0.000000
-1.984316 0.005485 6.389151 0.000000
-2.227786 0.011773 7.730642 0.000000
-1.934912 0.004976 6.446915 0.000000
-1.850244 0.018226 6.814576 0.000000
-1.845221 0.008217 7.121919 0.000000
-1.834369 0.010067 7.435907 0.000000
-1.198714 -0.051767 1.837261 0.000000
-1.445443 -0.021521 2.842555 0.000000
2.773506 0.016698 6.431116 0.000000
1.031460 -0.051447 1.870491 0.000000
0.928911 -0.053113 1.498890 0.000000
1.453674 -0.020439 3.044004 0.000000
1.607825 -0.025091 3.409064 0.000000
3.107893 0.009127 5.859029 0.000000
1.975903 -0.042879 3.943697 0.000000
2.995174 0.001963 5.634547 0.000000
1.781241 -0.041053 3.382844 0.000000
2.922224 0.005875 5.363511 0.000000
1.581529 -0.020298 2.838758 0.000000
2.652596 0.005443 6.274751 0.000000
2.062334 0.011989 5.117707 0.000000
1.740506 -0.023013 4.299744 0.000000
3.372011 0.014508 7.711472 0.000000
2.653824 0.009140 5.920879 0.000000
1.705589 -0.043300 4.140310 0.000000
2.437231 0.011389 5.721787 0.000000
1.756397 -0.020187 3.806865 0.000000
3.338715 0.007169 6.867292 0.000000
2.531415 0.006283 5.485820 0.000000
1.629884 -0.024420 3.659982 0.000000
3.190182 0.007965 6.582986 0.000000
1.221261 -0.050259 2.239714 0.000000
1.275194 -0.039594 2.540822 0.000000
1.529796 -0.011622 2.625607 0.000000
1.756822 -0.020009 3.193139 0.000000
1.479217 -0.039439 2.581626 0.000000
-1.097730 13.071241 0.433157 0.000000
-1.107037 26.042756 0.116250 0.000000
0.218065 29.060202 -0.125004 0.000000
1.082504 34.097768 0.045879 0.000000
-0.304077 33.311819 -0.142172 0.000000
1.083888 31.753395 0.472273 0.000000
-1.111095 34.250684 0.181045 0.000000
1.086073 18.376322 0.005074 0.000000
0.999337 24.129391 -0.105293 0.000000
1.090952 16.591370 0.265446 0.000000
0.637025 26.151579 -0.113321 0.000000
1.088195 22.353899 0.043537 0.000000
-2.637987 3.775951 1.564728 0.000000
-2.704941 3.776621 1.616043 0.000000
-2.883944 4.036078 1.432387 0.000000
-3.179394 4.796379 1.102404 0.000000
-3.112881 4.557262 1.149061 0.000000
-2.900787 5.273633 1.114473 0.000000
-7.822781 0.006835 5.427290 0.000000
-7.764556 0.005625 5.750247 0.000000
-9.195067 0.009344 6.371740 0.000000
7.792378 0.011851 5.532946 0.000000
6.182014 0.001857 4.209981 0.000000
-8.850492 0.011018 6.694697 0.000000
-8.353210 0.011949 6.881970 0.000000
7.696052 0.017471 6.578192 0.000000
9.013441 0.023705 7.461075 0.000000
7.825119 0.016393 6.353408 0.000000
6.939601 0.013774 5.484920 0.000000
6.201377 0.005613 4.851703 0.000000
7.879665 0.014605 6.014812 0.000000
5.617640 0.001375 4.316744 0.000000
6.238491 0.004088 4.577365 0.000000
-0.970562 0.567788 0.033916 0.000000
5.304189 0.009824 5.813463 0.000000
6.908552 0.021093 7.397625 0.000000
4.907594 0.005831 5.269223 0.000000
5.661216 0.011945 5.982194 0.000000
-5.077205 0.001848 5.358656 0.000000
-7.551345 0.012512 7.012055 0.000000
-7.518177 0.016751 7.783567 0.000000
-6.493560 0.013967 7.312713 0.000000
4.912198 0.011004 6.107336 0.000000
4.566248 0.008151 5.473952 0.000000
4.278476 0.003681 5.026050 0.000000
5.210403 0.013729 6.364280 0.000000
4.872936 0.002737 4.784738 0.000000
1.003412 2.496597 -0.006920 0.000000
1.221924 3.343094 -0.000073 0.000000
0.914015 2.429167 -0.006082 0.000000
1.051529 3.052773 -0.011397 0.000000
2.247953 6.459570 -0.035853 0.000000
0.830685 2.372427 -0.005344 0.000000
1.966672 3.364483 -0.000032 0.000000
0.231757 2.227902 -0.002377 0.000000
0.493811 2.615670 -0.000364 0.000000
1.860271 5.925092 -0.000603 0.000000
0.608224 2.257361 -0.003668 0.000000
0.859270 2.876095 -0.009516 0.000000
1.742751 5.516323 -0.029190 0.000000
1.544174 5.159275 -0.026574 0.000000
1.370384 4.854788 -0.024290 0.000000
0.413163 2.211498 -0.002699 0.000000
0.614020 2.699423 -0.007441 0.000000
1.584456 1.636138 0.404372 0.000000
2.232139 3.375861 0.511719 0.000000
-5.590763 0.002547 5.410357 0.000000
-1.808050 2.316818 0.016491 0.000000
-1.966208 2.327765 -0.015363 0.000000
-1.548951 1.922510 0.018792 0.000000
-1.691067 2.023855 0.017732 0.000000
-1.485256 1.626504 0.020068 0.000000
1.320791 1.773419 -0.001796 0.000000
1.250254 1.364256 0.028236 0.000000
1.585761 1.615088 0.039180 0.000000
1.416432 1.624456 -0.000845 0.000000
1.200898 1.648531 0.013184 0.000000
-2.564753 3.385043 1.793626 0.000000
-2.789929 4.205990 1.415440 0.000000
-2.908493 4.990683 1.086412 0.000000
-2.596353 3.518044 1.786691 0.000000
-2.637495 3.877392 1.541500 0.000000
-2.915812 4.206131 1.415409 0.000000
-3.185656 4.555231 1.261961 0.000000
-2.785949 3.519609 1.750051 0.000000
-2.829478 3.715753 1.668315 0.000000
-3.103182 4.296162 1.382933 0.000000
-1.515396 -0.004941 4.152323 0.000000
-1.577062 -0.025385 4.396603 0.000000
-2.367071 -0.024225 6.757864 0.000000
-1.685404 0.005557 5.113229 0.000000
-1.988026 -0.023926 6.192961 0.000000
-1.782012 -0.020119 5.104621 0.000000
-1.814449 -0.045244 6.275365 0.000000
-1.676310 -0.041580 5.307793 0.000000
-1.804140 -0.019814 6.433379 0.000000
-1.674899 -0.020699 5.478891 0.000000
-1.941452 -0.020360 6.789607 0.000000
-1.737436 -0.020237 5.926096 0.000000
-1.875846 -0.019431 7.016401 0.000000
-1.616420 -0.020186 6.070425 0.000000
-1.912842 -0.019411 7.368213 0.000000
-1.455387 -0.021428 3.578051 0.000000
-1.613573 -0.028209 6.306997 0.000000
-1.927426 -0.021936 4.351479 0.000000
-1.542401 -0.023744 3.696336 0.000000
-1.475406 -0.021518 3.914546 0.000000
-1.945871 -0.021847 4.554371 0.000000
-1.838633 -0.021984 4.718723 0.000000
1.967654 -0.021276 5.422740 0.000000
1.775761 -0.044413 4.445638 0.000000
1.983044 -0.017949 4.894475 0.000000
1.759275 -0.020771 4.723538 0.000000
1.455798 -0.020454 3.728339 0.000000
1.963907 -0.020322 4.340740 0.000000
1.908143 -0.023241 4.093398 0.000000
1.542373 -0.023129 3.477108 0.000000
2.166008 -0.020337 6.852361 0.000000
-1.814747 -0.019148 7.702526 0.000000
-1.782181 -0.018649 6.670991 0.000000
-1.727448 -0.019536 6.948271 0.000000
-1.719204 -0.049182 7.141443 0.000000
-1.466454 -0.019332 7.584777 0.000000
1.792483 -0.019928 7.767787 0.000000
1.783001 -0.056827 7.472223 0.000000
1.758064 -0.012648 7.172639 0.000000
1.695742 -0.024642 6.798240 0.000000
1.774534 -0.013927 6.554893 0.000000
1.922865 -0.020023 7.537353 0.000000
1.682926 -0.051807 6.358327 0.000000
1.998627 -0.023993 7.285463 0.000000
1.634723 -0.049793 5.893434 0.000000
1.722243 -0.021256 5.655958 0.000000
2.017141 -0.025002 6.710786 0.000000
1.789876 -0.027002 5.509533 0.000000
2.003058 -0.013604 6.503321 0.000000
1.711409 -0.025194 5.357569 0.000000
2.091542 -0.026094 6.075934 0.000000
1.681428 -0.009163 5.110350 0.000000
2.133841 -0.020963 5.891378 0.000000
1.720062 -0.018882 4.818491 0.000000
2.147814 -0.021081 5.741392 0.000000
-1.278179 -0.035097 2.591754 0.000000
-1.288560 -0.024436 2.695337 0.000000
-1.041679 -0.051691 2.069595 0.000000
1.118848 19.705232 0.638249 0.000000
1.087118 13.428972 0.610607 0.000000
1.129791 27.945131 0.708367 0.000000
1.122841 22.709810 0.836663 0.000000
1.136906 33.745903 0.979153 0.000000
-1.057443 32.919419 0.703560 0.000000
1.126906 25.857191 0.978565 0.000000
-1.068530 21.915532 0.686852 0.000000
-1.106532 27.948785 0.823097 0.000000
1.123470 22.964736 0.424128 0.000000
-1.103296 22.120050 0.707978 0.000000
-1.070689 19.620591 0.760868 0.000000
-1.066089 24.555480 0.831533 0.000000
-1.057902 32.604169 0.886710 0.000000
-1.091060 16.573443 0.671803 0.000000
1.600654 1.702060 0.997511 0.000000
1.600908 1.661667 1.283092 0.000000
1.600119 1.640424 1.140862 0.000000
-3.282379 5.022046 1.119245 0.000000
-3.473324 5.553720 1.120810 0.000000
-3.366136 4.554514 1.120537 0.000000
-2.955678 3.798862 1.541208 0.000000
1.339435 -0.020743 2.762890 0.000000
1.591118 -0.020242 3.387408 0.000000
1.118250 -0.050821 2.037918 0.000000
1.086206 11.899924 0.784309 0.000000
1.119758 23.002979 0.772412 0.000000
-1.072090 21.814639 0.869437 0.000000
-1.074189 18.908470 0.667553 0.000000
-1.071839 21.819832 0.456484 0.000000
1.132664 34.477138 0.947127 0.000000
1.114406 18.676779 0.765338 0.000000
1.122926 25.741204 0.861944 0.000000
1.070978 15.613490 0.611521 0.000000
1.116683 20.478938 0.772355 0.000000
-1.069717 24.822369 1.018767 0.000000
-1.074832 18.225703 0.921664 0.000000
-2.231294 3.276501 0.015286 0.000000
-2.716835 3.719281 0.012095 0.000000
1.407369 1.837252 0.084818 0.000000
1.582797 1.465344 0.051988 0.000000
1.600499 1.691374 0.163257 0.000000
1.600159 1.684099 0.276290 0.000000
-2.311560 3.081328 0.030883 0.000000
-3.186871 4.235438 0.012671 0.000000
-2.187794 3.185686 0.013949 0.000000
-1.755591 2.273638 0.002211 0.000000
-3.581269 5.045706 0.004347 0.000000
-2.428979 3.427801 0.013038 0.000000
-1.987073 2.460755 0.015452 0.000000
-2.720439 3.953427 0.013896 0.000000
-3.214524 4.409402 0.005425 0.000000
-2.801490 3.845422 0.013562 0.000000
-2.196023 2.630834 0.014370 0.000000
-2.345718 2.816692 0.030073 0.000000
-1.091700 0.807891 0.029261 0.000000
-1.070834 0.657459 0.031127 0.000000
-4.465318 6.574746 0.608720 0.000000
-1.785561 5.869285 0.018217 0.000000
-0.441412 4.711472 0.008828 0.000000
-0.927519 4.761766 0.019467 0.000000
-1.521452 6.223095 0.005397 0.000000
-3.292010 4.800377 1.108148 0.000000
-4.393443 6.573699 1.197698 0.000000
-3.245236 4.251125 1.141727 0.000000
-3.707013 5.035257 1.140518 0.000000
-4.504794 6.577638 1.169531 0.000000
-0.759793 4.552823 0.019807 0.000000
1.077732 3.527289 0.023799 0.000000
1.548893 4.665001 0.024598 0.000000
2.356093 7.269143 0.007123 0.000000
1.967382 6.301110 0.006791 0.000000
1.386013 5.260589 0.024727 0.000000
1.661595 7.353511 0.006688 0.000000
2.207502 5.697834 0.022792 0.000000
1.966696 5.377841 0.022251 0.000000
2.915501 7.746649 0.243397 0.000000
1.794348 5.058229 0.036803 0.000000
1.507198 6.912742 0.006788 0.000000
1.201293 6.582336 0.006640 0.000000
0.792986 5.637804 0.007714 0.000000
0.585044 5.239485 0.007405 0.000000
1.600004 1.685344 0.750779 0.000000
23.713908 -0.555752 0.016108 0.000000
12.519901 -0.489994 0.011339 0.000000
31.544925 0.582959 0.019981 0.000000
8.498802 -0.467169 0.010732 0.000000
-4.437981 6.575075 0.328094 0.000000
-4.583642 6.574668 0.516507 0.000000
-3.721057 5.480549 1.084931 0.000000
-4.456812 6.574328 0.889140 0.000000
-3.487167 4.944726 1.086221 0.000000
-1.882667 4.569786 0.036041 0.000000
-2.087330 4.737727 0.006102 0.000000
-2.340819 5.086135 0.005407 0.000000
-2.788613 5.440976 0.007286 0.000000
-3.011969 6.050735 0.003780 0.000000
-0.111091 4.412933 0.007730 0.000000
-0.559506 5.292532 0.005300 0.000000
-0.990946 6.192682 0.005869 0.000000
0.159768 4.487266 0.021927 0.000000
-2.156301 5.918703 0.004669 0.000000
-1.515938 4.066912 0.034452 0.000000
-2.441623 6.386276 0.003983 0.000000
-1.686231 4.297075 0.035148 0.000000
-0.994394 6.326041 0.005174 0.000000
-1.162378 6.677867 0.004715 0.000000
-1.570931 7.593336 0.003658 0.000000
2.166621 7.169758 0.006122 0.000000
1.899186 6.665077 0.006432 0.000000
1.627344 6.304907 0.006655 0.000000
2.481069 7.008156 0.028879 0.000000
2.207030 6.685301 0.006537 0.000000
1.045502 0.626387 0.035059 0.000000
1.901277 2.598466 0.005051 0.000000
1.914095 2.683321 0.022982 0.000000
-3.402559 4.636477 0.035747 0.000000
-2.329035 3.433093 0.031949 0.000000
-1.603992 1.976950 0.005050 0.000000
-2.989083 4.350284 0.001304 0.000000
-1.854120 2.141890 0.016627 0.000000
-2.595154 3.366306 0.031490 0.000000
-21.541844 0.912805 -0.040165 0.000000
-7.141275 0.003806 0.059394 0.000000
-6.991123 0.001614 0.250533 0.000000
-8.457040 0.010307 0.126641 0.000000
-6.504887 0.001877 0.517119 0.000000
-8.002049 0.009016 0.405776 0.000000
-12.243543 -0.097231 -0.019398 0.000000
-7.529907 0.007457 0.640085 0.000000
-22.813744 0.127459 -0.040121 0.000000
-8.925887 0.014483 0.808531 0.000000
33.033852 -0.705996 0.058452 0.000000
17.697943 0.154135 0.030524 0.000000
-9.183077 0.017254 1.338640 0.000000
-6.569093 0.003273 0.862119 0.000000
-6.164943 0.001522 0.996962 0.000000
-7.665251 0.009404 1.061100 0.000000
-7.099079 0.007041 1.195164 0.000000
-6.549081 0.004524 1.290813 0.000000
-6.028728 0.001924 1.353722 0.000000
-7.584783 0.010528 1.541975 0.000000
-6.879870 0.007178 1.583324 0.000000
-8.995902 0.018130 1.886234 0.000000
-8.004385 0.013624 1.888114 0.000000
-9.561050 0.021948 2.311514 0.000000
8.294733 -0.270732 0.018444 0.000000
20.832060 -0.109838 0.036354 0.000000
24.380816 -2.298433 0.048753 0.000000
-33.210222 -1.587425 -0.053603 0.000000
-13.456006 -1.438965 -0.017800 0.000000
-26.506855 -2.496326 -0.038912 0.000000
-12.116618 -1.869328 -0.013819 0.000000
-22.488146 -3.163516 -0.029642 0.000000
18.214382 -2.698961 0.039913 0.000000
10.777913 -1.742280 0.025899 0.000000
37.127068 -1.573293 0.067992 0.000000
15.814923 -0.880423 0.030688 0.000000
10.009702 -0.693249 0.021755 0.000000
-18.052743 -0.226760 -0.030276 0.000000
-9.925241 -0.713917 -0.012647 0.000000
-5.195417 0.000569 2.768881 0.000000
-6.358082 0.010744 3.372908 0.000000
-6.739249 0.014216 3.822093 0.000000
-7.746960 0.012575 2.593747 0.000000
-8.942580 0.023310 3.567783 0.000000
-9.388780 -0.815603 -0.011832 0.000000
-5.930875 0.000322 1.464291 0.000000
-6.348336 0.003613 1.815638 0.000000
-6.796716 0.005442 1.728792 0.000000
-7.291256 0.009079 2.142800 0.000000
-9.562140 0.019850 2.582081 0.000000
-8.137019 0.015812 3.069234 0.000000
-9.536969 0.023379 3.683362 0.000000
-6.802792 0.009013 3.154120 0.000000
-7.028584 0.011600 3.603487 0.000000
-8.898396 0.019325 3.881266 0.000000
-8.082191 0.017772 4.228671 0.000000
-9.504907 0.025630 5.076793 0.000000
1.302740 1.021378 0.028895 0.000000
1.580579 1.381540 0.128794 0.000000
37.773821 -2.215570 0.058274 0.000000
-36.460104 -2.624597 -0.043814 0.000000
-13.070163 -1.771089 -0.011601 0.000000
-25.392019 -3.102085 -0.026375 0.000000
-11.273372 -2.113980 -0.007497 0.000000
-19.702950 -3.432191 -0.016918 0.000000
9.748116 -0.839315 0.018501 0.000000
17.819434 -0.464818 0.026455 0.000000
21.401040 0.436465 0.028226 0.000000
12.191133 0.102684 0.018048 0.000000
-6.290248 -0.490829 -0.002340 0.000000
-11.595517 -0.581342 -0.012760 0.000000
-7.284595 -0.821054 -0.003681 0.000000
20.773898 -0.334314 0.029799 0.000000
22.883773 -2.524886 0.039284 0.000000
12.439642 -1.534391 0.023373 0.000000
35.086880 -1.982573 0.053908 0.000000
12.011971 -0.341666 0.019232 0.000000
-13.972612 -1.010565 -0.007208 0.000000
-8.112194 -1.159889 -0.004431 0.000000
-27.134034 -1.759139 -0.033055 0.000000
-11.494751 -1.494518 -0.009775 0.000000
-7.123720 -1.577355 -0.000377 0.000000
-19.626504 -2.302301 -0.020274 0.000000
-15.393166 -2.637211 -0.012710 0.000000
-8.513129 -2.050581 -0.002558 0.000000
-35.632670 -5.646738 -0.033319 0.000000
-24.303046 -5.203619 -0.018316 0.000000
-6.422312 0.000547 0.782147 0.000000
-6.910215 0.002431 0.638624 0.000000
-6.344470 0.001506 1.197539 0.000000
-6.832665 0.003483 1.084503 0.000000
-7.421506 0.005766 0.957010 0.000000
-8.145107 0.008443 0.809808 0.000000
-7.901571 0.009001 1.313200 0.000000
-8.775171 0.012271 1.195586 0.000000
-8.325728 0.012039 1.700184 0.000000
-9.398461 0.011416 0.113827 0.000000
-7.809977 -0.236257 -0.006652 0.000000
-9.581734 0.013288 0.489198 0.000000
-24.310369 0.927172 -0.037214 0.000000
-11.039444 -0.181906 -0.013024 0.000000
-7.135350 -0.511498 -0.004303 0.000000
-18.710440 -0.054407 -0.025812 0.000000
-15.572237 -0.694753 -0.018965 0.000000
-37.511699 -1.176688 -0.049780 0.000000
1.580212 1.423999 0.386127 0.000000
1.583221 1.577332 0.433894 0.000000
-1.406681 1.446409 0.021465 0.000000
-1.604693 1.705059 0.019029 0.000000
-1.794511 1.409661 0.018932 0.000000
-1.515031 1.270088 0.021567 0.000000
-1.204957 1.119714 0.025216 0.000000
1.582473 1.532260 0.921756 0.000000
1.583124 1.583577 0.751612 0.000000
1.581278 1.455669 1.000709 0.000000
-3.243923 4.166494 1.155302 0.000000
-4.601800 6.338357 1.873662 0.000000
-3.373044 4.296098 1.213812 0.000000
-4.616163 6.109973 1.858913 0.000000
-4.617575 6.286011 1.710768 0.000000
-3.419260 4.556972 1.153215 0.000000
-4.617796 5.971358 2.003520 0.000000
-4.616547 6.092308 1.758646 0.000000
-4.616404 6.405245 1.023575 0.000000
-4.616227 5.915248 1.718180 0.000000
-4.615360 6.211723 1.081939 0.000000
-3.451221 4.298831 1.238018 0.000000
-3.241030 3.858658 0.961282 0.000000
-3.241324 3.927353 1.021326 0.000000
-4.020931 6.568831 1.204200 0.000000
-4.563398 6.571547 1.646981 0.000000
-4.617817 6.454965 1.819676 0.000000
-3.247316 4.466505 1.210135 0.000000
0.421486 5.968987 0.006085 0.000000
0.691987 5.840998 0.006706 0.000000
1.082542 7.977271 -0.013928 0.000000
0.847995 7.775907 -0.001352 0.000000
0.540743 7.519083 -0.000464 0.000000
0.886460 10.296920 -0.031490 0.000000
0.397293 7.451643 -0.000113 0.000000
0.753900 9.949299 -0.003526 0.000000
0.057141 6.063335 0.002453 0.000000
0.257799 7.425144 0.000177 0.000000
1.188679 6.223326 0.000061 0.000000
-0.740871 9.093668 0.000053 0.000000
-0.916198 9.261664 0.000189 0.000000
-0.063858 6.196156 0.002467 0.000000
0.120094 7.436162 0.000415 0.000000
0.822952 12.740675 -0.006163 0.000000
-0.322700 6.577089 0.002368 0.000000
0.055574 9.031683 -0.001312 0.000000
0.362066 11.336600 -0.004109 0.000000
-0.465527 6.836725 0.002257 0.000000
-0.794088 7.537950 0.001920 0.000000
-0.611488 8.104891 0.000917 0.000000
-0.511097 8.860451 -0.027822 0.000000
-0.989589 8.011186 0.001692 0.000000
-4.611896 5.923257 0.346733 0.000000
-4.612002 6.144587 0.131027 0.000000
-4.611806 5.903876 0.058260 0.000000
-4.108907 5.986256 0.011557 0.000000
-4.017715 6.275591 0.010240 0.000000
-2.689260 4.193273 0.011552 0.000000
-4.603030 6.575822 0.396990 0.000000
-4.553946 6.576112 0.114899 0.000000
-3.156651 4.769261 0.000384 0.000000
-4.616649 6.328278 0.221506 0.000000
-3.513679 5.228490 0.011383 0.000000
-2.408854 3.618837 0.014738 0.000000
-4.613730 5.819804 0.553644 0.000000
-4.610565 5.701658 0.422091 0.000000
-4.613264 6.157625 0.269736 0.000000
-4.614666 6.405704 0.190836 0.000000
-4.613776 6.210422 0.047291 0.000000
-3.596712 4.905751 0.012209 0.000000
-3.996319 5.445887 0.011983 0.000000
-3.290550 5.395305 0.010754 0.000000
-2.182474 3.614102 0.004727 0.000000
-2.553015 4.061789 0.003078 0.000000
-2.814233 4.718283 0.010884 0.000000
-2.241210 3.910257 0.004344 0.000000
-3.923354 6.301647 0.010843 0.000000
-4.376885 6.575322 0.050044 0.000000
-2.989356 4.803718 0.011056 0.000000
-3.440068 5.578046 0.011015 0.000000
9.858616 0.000729 3.791483 0.000000
-14.041226 -0.096797 0.043554 0.000000
-29.211944 0.104667 0.085837 0.000000
9.837723 0.001987 5.539000 0.000000
1.790980 5.515254 0.013462 0.000000
1.957759 5.740045 -0.000502 0.000000
1.606498 3.200290 0.337942 0.000000
2.515178 6.670801 -0.002865 0.000000
1.470112 1.802692 0.484088 0.000000
1.477010 1.801597 0.701973 0.000000
-2.051475 5.345991 0.006535 0.000000
-2.297614 5.725153 0.006248 0.000000
-1.949726 4.029628 0.034144 0.000000
-2.183189 4.321422 0.035048 0.000000
-3.163001 5.961790 0.007000 0.000000
-1.223231 3.543402 0.016697 0.000000
-4.616632 6.574404 0.680195 0.000000
-4.614869 6.354690 0.469394 0.000000
-4.601729 6.434124 0.948677 0.000000
-4.615442 6.353858 0.745722 0.000000
-4.613587 6.127007 0.540526 0.000000
-4.616396 6.192952 0.684699 0.000000
-4.614340 6.026495 1.139293 0.000000
-4.613147 5.944308 0.873470 0.000000
-2.581581 4.368881 0.002653 0.000000
-2.785175 4.522479 0.001832 0.000000
-3.015895 4.959024 0.000736 0.000000
2.877758 -0.010459 7.235283 0.000000
-2.410113 3.090790 0.013226 0.000000
-2.696103 3.352036 0.012173 0.000000
-2.171977 2.407876 0.029291 0.000000
-1.891848 1.896468 0.016861 0.000000
-3.044906 3.673396 0.011073 0.000000
-2.531682 2.645391 0.013013 0.000000
8.735765 0.024238 6.992374 0.000000
9.410765 0.001085 6.347182 0.000000
2.009477 2.860300 0.022776 0.000000
1.964644 3.378760 1.420274 0.000000
2.028469 3.381620 1.666992 0.000000
1.584699 1.585390 1.219582 0.000000
1.583600 1.427136 1.456203 0.000000
1.586206 1.609687 1.409052 0.000000
-3.457425 6.568942 1.208120 0.000000
-3.043450 5.340383 1.141751 0.000000
-2.147608 5.141737 1.139571 0.000000
-2.258966 4.289794 1.406094 0.000000
-2.629314 3.003748 1.977486 0.000000
-2.826648 3.487077 1.794600 0.000000
-3.040143 4.026284 1.542301 0.000000
-4.618637 6.489178 1.663266 0.000000
-3.069138 3.923128 1.541830 0.000000
-2.779044 3.262037 1.824167 0.000000
-3.020220 3.779263 1.594037 0.000000
-4.614588 5.730199 1.855249 0.000000
-1.132483 26.671811 1.311079 0.000000
1.054074 31.599347 1.749506 0.000000
-1.138174 30.687196 1.538072 0.000000
-1.132723 26.827807 1.310919 0.000000
1.066530 20.338361 0.961797 0.000000
1.069733 17.652118 1.081392 0.000000
1.105246 15.432614 1.129242 0.000000
1.102746 13.457638 1.116376 0.000000
1.058885 27.535693 1.547117 0.000000
0.890650 -0.052873 1.605561 0.000000
1.052863 -0.050687 2.213902 0.000000
-2.404755 -0.017117 7.773565 0.000000
2.096248 -0.011597 7.404742 0.000000
1.813826 -0.026969 6.077634 0.000000
1.876882 -0.021257 5.618218 0.000000
1.324237 -0.023207 2.867949 0.000000
2.598879 -0.026837 6.683361 0.000000
1.471764 -0.004944 3.820411 0.000000
1.577244 1.223280 1.098940 0.000000
-3.885777 6.568357 1.207039 0.000000
-4.621192 6.030582 2.043379 0.000000
-4.510889 6.572073 1.214364 0.000000
-3.018605 4.249604 1.406350 0.000000
-4.622492 6.222115 2.003224 0.000000
1.063595 22.423091 0.688140 0.000000
1.050107 33.279995 0.762183 0.000000
1.060025 25.290465 0.635798 0.000000
1.070985 15.514437 0.561587 0.000000
1.065604 20.447299 0.520865 0.000000
-1.129793 24.196314 0.674852 0.000000
-1.119261 17.678598 0.633572 0.000000
-1.139110 30.030035 0.474476 0.000000
-1.112450 13.851482 0.612796 0.000000
-1.124225 20.469714 0.463124 0.000000
-1.115611 15.417022 0.461512 0.000000
-1.129963 23.752689 0.197289 0.000000
-0.827753 -0.053011 1.784293 0.000000
0.825682 -0.051810 1.975777 0.000000
1.158860 -0.012988 2.569933 0.000000
1.302158 -0.027176 7.406053 0.000000
-2.084495 -0.043761 6.056327 0.000000
-2.143103 -0.028842 6.584756 0.000000
-2.184077 -0.045968 6.618533 0.000000
-1.743319 -0.043250 5.761151 0.000000
-2.133023 -0.019304 7.024839 0.000000
-2.057825 -0.017357 7.442066 0.000000
-1.782715 -0.029997 7.295534 0.000000
-1.775254 -0.016466 7.764119 0.000000
1.394034 -0.013222 7.201876 0.000000
1.503632 -0.027017 6.809578 0.000000
1.513371 -0.026928 6.474630 0.000000
1.442495 -0.015191 6.283735 0.000000
1.518179 -0.026888 6.158161 0.000000
1.454576 -0.016565 5.751803 0.000000
1.732172 -0.054126 6.879379 0.000000
1.587316 -0.048041 5.475885 0.000000
1.592746 -0.025190 5.301063 0.000000
1.543764 -0.046130 5.108223 0.000000
-1.665065 -0.001470 4.898514 0.000000
-2.018072 -0.020682 5.893116 0.000000
1.207423 -0.006669 3.565235 0.000000
1.343248 -0.020530 3.368670 0.000000
1.248018 -0.020716 3.069340 0.000000
1.403729 -0.022146 4.962178 0.000000
2.231717 -0.028584 7.523001 0.000000
1.538838 -0.024344 4.662511 0.000000
1.415147 -0.024307 4.555013 0.000000
2.213091 -0.053828 6.641594 0.000000
1.592723 -0.002363 4.386996 0.000000
1.591818 -0.020518 4.170663 0.000000
1.277161 -0.023818 3.987889 0.000000
1.286667 -0.023559 3.678375 0.000000
-5.331336 0.001758 4.950056 0.000000
-4.731752 0.001024 4.969546 0.000000
-4.441827 0.000203 4.892507 0.000000
6.370633 0.002336 5.645463 0.000000
1.576221 1.219746 0.278862 0.000000
2.453511 6.225016 -0.022256 0.000000
2.075830 5.449693 -0.018426 0.000000
2.450306 3.378231 0.521978 0.000000
2.427188 3.377786 0.694311 0.000000
1.575708 1.233807 0.623329 0.000000
1.577630 1.298431 0.878312 0.000000
2.405565 6.041510 -0.021362 0.000000
-4.608193 5.436816 0.103424 0.000000
-4.233838 5.614300 -0.022664 0.000000
-4.609357 5.623105 0.025334 0.000000
-4.611337 5.787639 0.223884 0.000000
-4.611122 5.705707 0.678904 0.000000
-4.608011 5.291605 0.568529 0.000000
-3.240023 3.691747 0.760994 0.000000
-4.609938 5.510303 0.746283 0.000000
-3.239010 3.728401 0.884966 0.000000
-2.501441 5.957240 -0.022944 0.000000
-0.411962 2.593499 -0.005758 0.000000
-4.057968 6.256876 -0.025551 0.000000
-2.722748 4.584160 -0.016172 0.000000
-3.073065 5.015813 -0.018719 0.000000
-3.506365 5.557893 -0.021777 0.000000
-2.556984 3.649646 -0.029260 0.000000
-2.937552 4.130526 -0.042225 0.000000
-3.178787 4.438027 -0.015884 0.000000
-3.718452 4.850755 -0.044730 0.000000
-2.799137 5.319094 -0.016635 0.000000
-2.180463 4.620411 -0.015841 0.000000
-2.435606 4.804139 -0.013618 0.000000
-3.096640 5.900454 -0.023111 0.000000
-2.092442 3.982755 -0.008903 0.000000
7.887204 0.001301 5.289054 0.000000
1.217490 0.966380 0.029966 0.000000
1.404210 1.070740 0.027866 0.000000
-1.661206 2.066311 -0.010624 0.000000
-2.088068 2.526005 -0.000670 0.000000
-2.330927 2.741780 -0.002763 0.000000
-2.450902 2.917858 -0.004125 0.000000
-2.095079 2.166429 -0.000952 0.000000
-2.937590 3.024960 -0.006109 0.000000
-2.341405 2.376086 -0.018821 0.000000
-6.812059 0.003603 4.950202 0.000000
-8.961320 0.009908 5.890131 0.000000
-9.480800 0.003144 6.607699 0.000000
-8.096285 0.009521 5.971252 0.000000
-8.320293 0.017963 6.441451 0.000000
9.056675 0.010541 7.323594 0.000000
1.560234 0.005829 6.681393 0.000000
-1.910444 0.001386 5.697647 0.000000
-2.021110 0.007704 6.782690 0.000000
-2.056554 0.010042 7.210493 0.000000
-2.090886 0.012541 7.681539 0.000000
1.552272 0.009806 7.409936 0.000000
1.590018 0.009161 7.012728 0.000000
1.523298 0.015618 6.388086 0.000000
1.553609 0.002193 6.049275 0.000000
1.996819 0.010311 7.505997 0.000000
1.469908 0.009953 5.629113 0.000000
-2.537486 0.011170 5.794598 0.000000
-3.299582 0.013590 7.722012 0.000000
-2.505648 0.003752 5.996916 0.000000
-2.521893 0.004281 6.321485 0.000000
-2.721334 0.017190 6.634100 0.000000
-2.043094 0.008018 5.404789 0.000000
-2.127887 0.006708 5.696546 0.000000
-2.144425 0.013024 6.074377 0.000000
2.950597 0.004333 6.353499 0.000000
2.601857 0.011700 7.770406 0.000000
2.549882 0.009308 7.307218 0.000000
2.495543 0.007009 6.873629 0.000000
2.441056 0.004839 6.475724 0.000000
3.182986 0.009567 7.340172 0.000000
3.135462 0.019951 6.868987 0.000000
1.580255 1.278508 1.354970 0.000000
1.583194 1.393932 1.472709 0.000000
2.571019 3.379550 1.261279 0.000000
-2.652528 2.894714 2.045342 0.000000
-2.571416 3.002975 1.918661 0.000000
-2.865180 3.212659 1.920530 0.000000
-4.614364 5.493818 2.214058 0.000000
-2.687807 3.004527 2.038312 0.000000
-2.813092 3.005366 1.949230 0.000000
-4.613661 5.560747 1.904335 0.000000
-2.668500 2.662488 2.171106 0.000000
-2.534641 3.259714 1.801268 0.000000
-4.615551 5.907244 1.806795 0.000000
-2.870631 3.378039 1.794015 0.000000
-3.053423 3.521852 1.697586 0.000000
-2.598065 4.166545 1.392180 0.000000
-2.952986 4.158556 1.392313 0.000000
-2.006015 4.033256 1.395206 0.000000
-2.759530 0.000129 5.317702 0.000000
-2.932008 0.004221 5.999423 0.000000
-3.113300 0.008690 6.795979 0.000000
-1.127652 -0.051225 2.260285 0.000000
-3.181559 0.000198 5.338930 0.000000
-3.265705 0.003840 5.861958 0.000000
-3.504754 0.007212 6.443689 0.000000
-3.784331 0.011013 7.132246 0.000000
4.233783 0.008912 5.657321 0.000000
3.712100 0.008806 6.494268 0.000000
5.245268 0.009927 7.326973 0.000000
4.752752 0.014022 6.475375 0.000000
-0.799282 15.989233 -0.066859 0.000000
0.058726 20.159159 -0.084047 0.000000
-1.097101 17.229959 0.328789 0.000000
-1.124319 29.383957 -0.041628 0.000000
-0.267078 18.339199 -0.076555 0.000000
-1.087973 13.615771 0.346789 0.000000
-0.547209 16.997787 -0.071021 0.000000
-0.663989 31.432624 -0.131020 0.000000
-1.035423 15.242313 -0.063785 0.000000
1.003869 35.709283 -0.063760 0.000000
1.087572 13.993786 0.386129 0.000000
1.107027 32.069178 0.184127 0.000000
1.103760 24.751192 0.145896 0.000000
1.092600 20.205982 0.084366 0.000000
-0.156700 34.046153 -0.141563 0.000000
0.457914 22.667010 -0.094337 0.000000
1.105090 27.706781 0.284388 0.000000
-4.613665 5.220497 2.263911 0.000000
-3.056347 3.622146 1.667994 0.000000
-4.612932 5.630015 1.547660 0.000000
-3.423963 4.040401 1.093435 0.000000
-4.618537 5.486858 1.467636 0.000000
-4.610886 5.275955 1.653699 0.000000
-3.597765 5.036541 1.115126 0.000000
24.304987 -1.262782 0.014543 0.000000
10.600486 -1.108346 0.024726 0.000000
-20.449814 -0.602536 -0.008664 0.000000
-10.520425 -0.889256 -0.000888 0.000000
-6.972255 -0.985763 0.003337 0.000000
-16.512928 -1.277582 -0.003820 0.000000
-38.091760 -2.681390 -0.010152 0.000000
-27.795028 -3.286767 -0.002742 0.000000
-12.172835 -2.128543 0.002300 0.000000
-22.147368 -3.693924 0.001772 0.000000
26.719155 -4.027824 0.024669 0.000000
-13.486632 -0.499058 -0.004666 0.000000
19.883478 -1.068140 0.011608 0.000000
11.483218 -0.709306 0.008151 0.000000
26.539384 -0.229519 0.010971 0.000000
8.147513 -0.476900 0.007901 0.000000
-26.346597 0.263391 -0.015082 0.000000
-13.663941 0.035845 -0.006772 0.000000
-7.259917 -0.351564 0.004298 0.000000
13.000515 0.173895 0.005977 0.000000
24.199766 0.504913 0.008654 0.000000
-15.409483 -0.236665 -0.006997 0.000000
-33.196989 -0.227504 -0.017295 0.000000
-23.109633 -1.216693 -0.008510 0.000000
-10.905527 -1.178470 -0.000445 0.000000
-18.016832 -1.798697 -0.003542 0.000000
-14.935083 -2.220774 -0.000124 0.000000
-33.132951 -4.666277 -0.002595 0.000000
20.624355 -0.472290 0.010489 0.000000
11.689346 -0.364544 0.007529 0.000000
-14.579535 -1.026980 -0.003807 0.000000
-29.068971 -1.828318 -0.009798 0.000000
-11.890367 -1.448815 -0.000387 0.000000
-20.416448 -2.330437 -0.003258 0.000000
-15.756614 -2.633302 0.000671 0.000000
-36.356031 -5.798019 -0.000545 0.000000
-24.298546 -5.212689 0.003994 0.000000
20.661974 -2.897375 0.018509 0.000000
30.320931 -2.650940 0.021664 0.000000
14.540266 -1.383745 0.011498 0.000000
27.828326 0.209768 0.011138 0.000000
14.328045 0.006920 0.006844 0.000000
-0.190447 0.074786 0.066663 0.000000
0.183903 0.093169 0.066245 0.000000
9.254072 0.001275 5.197951 0.000000
0.984641 0.377695 0.038977 0.000000
-14.478513 -0.706012 -0.006862 0.000000
14.745603 -0.185006 0.017033 0.000000
30.554490 -0.186686 0.027560 0.000000
-32.088267 -5.883279 -0.036708 0.000000
-28.611579 -1.238149 -0.020838 0.000000
-21.469868 -1.956166 -0.016803 0.000000
-10.601876 -1.548967 -0.005071 0.000000
-17.299293 -2.419436 -0.014370 0.000000
-9.373252 -1.841230 -0.004391 0.000000
-14.523143 -2.756314 -0.012676 0.000000
23.945690 -3.688652 0.013082 0.000000
12.583173 -2.021687 0.010751 0.000000
36.813676 -3.706933 0.022265 0.000000
-7.166358 -0.414325 0.006059 0.000000
-15.886722 -0.473395 -0.007582 0.000000
-37.035388 -0.880350 -0.026699 0.000000
-15.417623 -1.084121 -0.008841 0.000000
-36.512111 -2.322402 -0.030314 0.000000
32.277203 -2.495592 0.022342 0.000000
14.639277 -1.227541 0.014056 0.000000
22.828518 0.158650 0.023096 0.000000
12.457318 -0.001869 0.016360 0.000000
-11.961937 0.066734 -0.002088 0.000000
-20.847371 0.269785 -0.010029 0.000000
-10.351780 -0.374962 -0.001472 0.000000
-16.570873 -0.481906 -0.008255 0.000000
-28.669105 -1.879985 -0.022683 0.000000
-12.240953 -1.431765 -0.006586 0.000000
16.535601 0.262179 0.019317 0.000000
32.005272 -0.577326 0.027514 0.000000
15.051503 -0.359341 0.016717 0.000000
19.109331 0.462264 0.021478 0.000000
-10.408781 -0.711331 -0.002481 0.000000
-16.437260 -1.014677 -0.009620 0.000000
-38.675648 -2.139657 -0.031540 0.000000
-13.362259 -1.480977 -0.007907 0.000000
-11.284018 -1.824613 -0.006640 0.000000
-9.759388 -2.096060 -0.005610 0.000000
-36.874999 -7.453568 -0.044981 0.000000
17.870798 -2.060606 0.013632 0.000000
22.839673 -1.513346 0.018425 0.000000
0.426430 9.080617 0.022526 0.000000
0.879701 12.783351 0.027778 0.000000
0.263538 9.223355 0.022627 0.000000
0.648616 12.582937 0.027378 0.000000
0.098397 9.434734 0.022812 0.000000
1.074854 18.755821 0.037055 0.000000
0.216228 12.490081 0.027038 0.000000
0.733809 17.802280 0.035379 0.000000
1.113752 22.874641 0.119570 0.000000
-1.062537 13.610757 0.076449 0.000000
-0.948540 14.079298 0.028811 0.000000
-0.214637 12.778800 0.027248 0.000000
0.145203 16.566266 0.033156 0.000000
0.807719 24.291933 0.045895 0.000000
-0.677521 11.156464 0.024711 0.000000
-0.441509 13.083155 0.027582 0.000000
-0.122974 16.222435 0.032493 0.000000
0.389114 22.051687 0.042032 0.000000
-0.929829 11.915985 0.025650 0.000000
-0.683708 13.509345 0.028092 0.000000
-0.383389 16.033994 0.032073 0.000000
0.042002 20.380472 0.039160 0.000000
-0.643512 15.990290 0.031878 0.000000
-0.263954 19.135540 0.037015 0.000000
-0.909713 16.078880 0.031884 0.000000
-0.540352 18.188696 0.035375 0.000000
-0.799592 17.487662 0.034140 0.000000
1.605886 3.200833 0.766876 0.000000
1.470227 1.800085 0.869826 0.000000
-3.126927 3.008288 1.958318 0.000000
-3.085179 3.247774 1.921164 0.000000
-4.613444 5.416976 2.103069 0.000000
-4.611909 5.242330 2.003591 0.000000
-4.612767 5.398233 1.953619 0.000000
-4.611249 5.284666 1.502245 0.000000
-4.611956 5.038338 2.356959 0.000000
-4.610731 5.027853 1.853094 0.000000
-4.609922 5.110351 1.707356 0.000000
-3.677381 4.298442 1.246566 0.000000
-4.610766 4.807912 2.228395 0.000000
-4.610022 4.894008 1.913816 0.000000
-4.608998 4.951810 1.761431 0.000000
-3.632219 5.206698 1.113405 0.000000
-4.615222 5.746924 2.007906 0.000000
-4.615416 5.755066 1.782943 0.000000
-3.006150 3.488724 1.816034 0.000000
-2.844101 3.807660 1.541211 0.000000
1.577731 1.188822 1.249700 0.000000
1.583033 1.303779 1.612882 0.000000
1.585675 1.409836 1.606083 0.000000
1.481307 1.807428 1.361497 0.000000
2.363700 3.387706 1.968773 0.000000
2.451624 3.379103 1.625934 0.000000
2.592879 3.380193 1.493184 0.000000
1.117285 27.273345 1.506208 0.000000
-1.074829 27.110452 1.203105 0.000000
1.120607 30.981023 1.627882 0.000000
-1.104008 19.408980 1.054172 0.000000
-1.110857 24.061249 1.290958 0.000000
1.120030 30.155085 1.281527 0.000000
-1.072099 31.421400 1.491780 0.000000
-1.105263 21.428120 1.104821 0.000000
-1.079339 19.321251 0.972566 0.000000
1.612180 3.201368 1.255831 0.000000
3.133198 7.747054 1.494844 0.000000
2.901801 7.756506 1.995026 0.000000
-1.321045 -0.021496 3.187684 0.000000
-1.209667 -0.021717 2.869356 0.000000
0.927934 -0.050861 2.275607 0.000000
0.874041 -0.051310 2.116052 0.000000
1.165347 -0.020992 2.814227 0.000000
1.148076 -0.023521 2.774559 0.000000
0.781494 -0.054477 1.407373 0.000000
-1.560468 -0.021733 4.727182 0.000000
-1.976001 -0.020046 5.981454 0.000000
-1.452079 -0.040731 4.955130 0.000000
-1.590171 -0.023812 5.107122 0.000000
-1.413077 -0.042466 5.390434 0.000000
-2.003584 -0.024093 6.812859 0.000000
-1.970135 -0.050440 7.532903 0.000000
-1.567862 -0.047275 6.635911 0.000000
-1.578314 -0.024664 7.014852 0.000000
-1.516532 -0.019449 7.290809 0.000000
-1.534422 -0.025076 7.700423 0.000000
1.213113 -0.023397 6.979448 0.000000
1.258979 -0.023003 6.666566 0.000000
1.466745 -0.027341 7.538129 0.000000
1.290527 -0.022610 6.336817 0.000000
1.488243 -0.027154 7.163504 0.000000
1.307908 -0.022221 5.988479 0.000000
-1.586856 -0.003280 4.500090 0.000000
1.190231 -0.023474 3.315583 0.000000
1.108305 -0.023536 3.015176 0.000000
1.303316 -0.027661 4.580552 0.000000
1.312431 -0.021855 5.633959 0.000000
1.307720 -0.021534 5.290248 0.000000
1.397803 -0.021850 5.185062 0.000000
1.518699 -0.026895 5.859536 0.000000
1.294090 -0.021255 4.952525 0.000000
1.866708 -0.020189 7.165484 0.000000
1.821279 -0.027114 6.706892 0.000000
1.246756 -0.020863 4.317825 0.000000
1.933018 -0.026520 6.269171 0.000000
1.217451 -0.020758 4.031589 0.000000
1.577071 1.174972 0.308858 0.000000
1.580604 1.174477 0.565614 0.000000
-2.043282 2.280659 0.015475 0.000000
-2.324472 2.258856 0.007554 0.000000
-2.592957 2.466524 0.005984 0.000000
-2.855915 2.890950 0.011686 0.000000
-2.066764 2.014259 0.015731 0.000000
-2.265748 2.445789 0.014273 0.000000
-2.752887 2.889931 0.029754 0.000000
-2.988571 3.038391 0.002713 0.000000
-3.569488 3.777189 0.009504 0.000000
-3.107792 3.388429 0.010820 0.000000
-1.292592 0.964514 0.025484 0.000000
-1.412832 3.274830 0.016432 0.000000
-2.735822 5.023597 0.016630 0.000000
-3.070675 5.785287 0.016921 0.000000
-2.424087 4.597094 0.016703 0.000000
2.078501 5.296504 0.022385 0.000000
-3.317698 3.523700 0.812497 0.000000
-4.612042 5.753574 0.935822 0.000000
-4.612338 5.910935 0.610387 0.000000
-3.463643 3.784200 0.978126 0.000000
-4.610969 5.571565 0.997363 0.000000
-3.823377 4.043693 1.107971 0.000000
-3.259810 3.451537 0.648802 0.000000
-3.119117 5.555670 0.016676 0.000000
-2.096886 4.005517 0.013929 0.000000
-3.602152 6.233918 0.016900 0.000000
-3.056093 5.089912 0.016360 0.000000
-3.482794 5.636006 0.016415 0.000000
-4.618409 6.571537 0.422995 0.000000
-4.610106 5.258583 0.770577 0.000000
-4.609269 5.491327 0.496004 0.000000
-3.233781 3.270348 0.689319 0.000000
-4.606791 5.101598 0.639988 0.000000
-4.605611 4.920534 0.710517 0.000000
1.574791 1.192251 0.648633 0.000000
1.576107 1.251331 0.568008 0.000000
1.575360 1.177421 0.941818 0.000000
2.453104 3.378054 0.294133 0.000000
0.743932 -0.052920 1.745624 0.000000
2.122389 0.001518 4.476568 0.000000
-2.921110 0.024134 7.647719 0.000000
-2.451571 0.008444 5.429423 0.000000
-1.897787 0.001432 4.581168 0.000000
-2.627549 0.014079 6.195145 0.000000
-1.945234 0.003527 4.835289 0.000000
-1.993594 0.005721 5.109488 0.000000
-2.819411 0.020535 7.117065 0.000000
-1.619986 0.001414 4.608232 0.000000
-1.652667 0.003438 4.851264 0.000000
-2.196276 0.015757 6.453295 0.000000
-2.248153 0.018659 6.864526 0.000000
-1.748114 0.000475 5.346372 0.000000
-2.300176 0.021758 7.312572 0.000000
-1.752028 0.010168 5.707876 0.000000
-1.785320 0.012686 6.045218 0.000000
-2.603647 0.002024 4.566845 0.000000
-2.659303 0.004325 4.859749 0.000000
-1.881159 0.021272 7.251083 0.000000
-2.216275 0.001166 4.509845 0.000000
-2.291121 0.003460 4.790081 0.000000
-3.595087 0.022590 7.393632 0.000000
1.979679 0.008413 5.375045 0.000000
2.723699 0.021193 7.087566 0.000000
1.963505 0.000695 4.742083 0.000000
2.528766 0.014436 6.134699 0.000000
1.829277 0.001467 4.517791 0.000000
2.349190 0.008517 5.343676 0.000000
2.186549 0.003318 4.690751 0.000000
1.360875 0.000580 4.479368 0.000000
1.572939 0.022220 7.319443 0.000000
1.548691 0.018784 6.829212 0.000000
1.506910 0.004790 5.946873 0.000000
1.805365 0.019396 6.898728 0.000000
1.442511 0.007383 5.299474 0.000000
1.774432 0.016398 6.477720 0.000000
1.419424 0.001024 5.086998 0.000000
1.742192 0.013585 6.091702 0.000000
1.387857 0.002715 4.727990 0.000000
1.709065 0.010936 5.737282 0.000000
2.243687 0.022932 7.379451 0.000000
1.764574 0.005714 5.497877 0.000000
2.190942 0.019650 6.906508 0.000000
1.736651 0.001750 5.186175 0.000000
2.137965 0.016596 6.475593 0.000000
1.675147 0.001461 4.892959 0.000000
2.084703 0.013705 6.077186 0.000000
1.574935 0.001708 4.583611 0.000000
2.174311 0.007648 5.744319 0.000000
2.195836 3.384587 1.812099 0.000000
1.973370 3.380677 1.621566 0.000000
2.420311 3.388786 2.024124 0.000000
1.691590 3.127537 1.427399 0.000000
1.669780 1.017853 1.861246 0.000000
1.585638 1.622950 1.608686 0.000000
1.611531 1.181118 1.638774 0.000000
1.588346 1.183795 1.946602 0.000000
1.581005 1.182280 1.597176 0.000000
1.667543 1.105442 1.570332 0.000000
1.664125 1.055615 1.325978 0.000000
-2.769418 3.329653 1.793577 0.000000
1.087748 17.221390 0.649098 0.000000
1.087583 23.699725 0.721751 0.000000
1.034980 35.713076 0.868828 0.000000
1.083985 30.877734 1.172557 0.000000
1.083360 25.569927 1.310506 0.000000
1.083065 21.421719 1.357564 0.000000
1.080641 30.472640 1.649404 0.000000
-1.092121 20.112285 0.958319 0.000000
-1.106273 24.359066 1.083692 0.000000
-1.102383 17.703029 0.943603 0.000000
-1.108866 27.233879 1.305099 0.000000
-1.595684 0.002806 2.505470 0.000000
-0.968080 -0.052225 1.909172 0.000000
-2.613163 2.490796 2.196311 0.000000
-3.090494 2.752962 2.045666 0.000000
-2.892895 2.461759 2.298006 0.000000
-4.610300 4.948492 2.104766 0.000000
-4.894782 5.218609 2.489490 0.000000
-2.822316 2.748871 2.068576 0.000000
-3.084733 3.008107 2.027139 0.000000
-7.252135 7.775256 3.579283 0.000000
-4.608712 4.640823 2.035371 0.000000
-3.051171 2.899380 2.046502 0.000000
-4.632402 4.794795 2.571089 0.000000
-4.608113 4.521108 2.096395 0.000000
-4.609316 4.474807 2.418636 0.000000
-2.617956 0.006099 5.558993 0.000000
-2.863563 0.011735 6.448674 0.000000
-3.001879 0.014922 6.975618 0.000000
-2.264884 0.004500 5.347305 0.000000
-3.153867 0.018431 7.572679 0.000000
-2.315555 0.001451 5.608514 0.000000
-2.456873 0.009815 6.162396 0.000000
-2.564549 0.012809 6.644636 0.000000
-2.041953 0.004047 5.300658 0.000000
-2.221958 0.009606 6.144291 0.000000
-2.438960 0.016298 7.234600 0.000000
2.026048 0.019319 7.666036 0.000000
1.862052 0.010536 6.230322 0.000000
-2.671810 0.000320 4.671329 0.000000
-2.944948 0.005412 5.416940 0.000000
2.524505 0.019599 7.677808 0.000000
-3.101623 0.008278 5.861585 0.000000
-3.272328 0.011375 6.359603 0.000000
-2.408013 0.001236 4.844101 0.000000
-3.460096 0.014768 6.923497 0.000000
2.603949 0.000133 4.544877 0.000000
2.635248 0.001088 4.820368 0.000000
2.387152 0.004001 4.745854 0.000000
2.427813 0.016222 7.109685 0.000000
2.337910 0.013136 6.604280 0.000000
3.099707 0.019489 7.611412 0.000000
2.100001 0.005188 5.377538 0.000000
2.936525 0.015699 6.974208 0.000000
3.560445 0.016848 7.108601 0.000000
3.320499 0.012779 6.438439 0.000000
3.004506 7.747126 0.769281 0.000000
2.592366 3.379582 1.080243 0.000000
3.117629 7.747222 1.125231 0.000000
1.661758 1.035774 1.105856 0.000000
1.576752 1.190683 1.121013 0.000000
-3.086183 4.043078 1.370099 0.000000
1.081999 16.284643 1.439637 0.000000
1.080419 21.337903 1.730957 0.000000
1.033156 29.405491 2.203796 0.000000
1.080728 17.862521 1.652849 0.000000
0.576327 29.064832 2.202470 0.000000
1.078370 23.966634 2.021626 0.000000
1.080785 11.069429 1.352439 0.000000
0.130498 28.621505 2.201797 0.000000
1.079762 19.489107 1.811191 0.000000
-0.296515 28.076834 2.201825 0.000000
1.058844 26.397209 2.220835 0.000000
-0.706011 27.452074 2.202421 0.000000
-0.010413 27.400231 2.207642 0.000000
-1.107447 27.149207 2.228245 0.000000
-0.428503 27.707092 2.229880 0.000000
0.275569 27.902464 2.233366 0.000000
0.979394 27.732911 2.238562 0.000000
-1.107335 19.604291 1.788867 0.000000
-0.840610 27.511615 2.228219 0.000000
-0.149127 28.357438 2.228582 0.000000
0.576889 28.847249 2.230826 0.000000
-0.587229 28.709147 2.224197 0.000000
0.142610 29.919139 2.223074 0.000000
-1.105751 17.922237 1.656736 0.000000
-1.033388 28.965085 2.220210 0.000000
-0.328895 30.952529 2.215255 0.000000
-1.098277 10.476604 1.272437 0.000000
-1.108001 21.515203 1.771938 0.000000
-0.833186 31.908725 2.207586 0.000000
-1.103715 16.294865 1.463141 0.000000
-1.110351 26.478040 1.874732 0.000000
-4.609480 4.425017 2.712384 0.000000
-2.444579 2.500897 2.168899 0.000000
-2.668541 2.440106 2.296839 0.000000
-2.786350 2.257480 2.295937 0.000000
-4.611087 5.092587 2.053948 0.000000
-3.064342 3.264570 1.796688 0.000000
-4.786344 5.281117 2.512633 0.000000
-2.481833 2.806876 2.044159 0.000000
-4.747169 5.045021 2.572265 0.000000
-2.409285 2.745373 2.157154 0.000000
-2.875737 3.006155 2.010628 0.000000
-4.607521 4.422479 2.314214 0.000000
-2.833169 2.824535 2.045370 0.000000
-5.256250 0.001536 4.447656 0.000000
-4.923086 0.004230 4.549480 0.000000
-4.601059 4.430196 0.333079 0.000000
-3.260236 3.008467 0.565910 0.000000
-4.604863 4.925386 0.326315 0.000000
-4.605603 5.090007 0.024756 0.000000
-4.603809 4.768778 0.397442 0.000000
-4.604419 4.914175 0.104412 0.000000
-4.603266 4.745854 0.182221 0.000000
-4.482131 5.201052 -0.061430 0.000000
-4.605944 5.088484 0.253772 0.000000
-2.437035 3.464015 -0.033340 0.000000
-1.876380 2.765059 -0.023079 0.000000
-4.329853 5.497642 -0.052558 0.000000
-2.866648 3.964551 -0.033482 0.000000
-2.069103 2.959777 -0.026337 0.000000
-4.608161 5.309759 0.306209 0.000000
-4.609883 5.641610 -0.005966 0.000000
-3.244697 4.354869 -0.038532 0.000000
-2.293868 3.190080 -0.030055 0.000000
-3.777566 4.756975 -0.053090 0.000000
-2.788880 3.235040 -0.006765 0.000000
-4.607055 5.258852 0.179544 0.000000
-4.431938 5.460668 -0.062739 0.000000
-2.958071 3.680198 -0.039161 0.000000
-3.356828 3.205097 0.519378 0.000000
-4.608893 5.481496 -0.001006 0.000000
-3.349630 4.067129 -0.045032 0.000000
-3.842024 4.557924 -0.052250 0.000000
1.659452 1.005773 0.838821 0.000000
1.659165 1.003534 0.778786 0.000000
3.974473 0.006026 4.746155 0.000000
5.597219 0.018922 6.453352 0.000000
3.578214 0.001680 4.212789 0.000000
4.847539 0.012081 5.498983 0.000000
3.819586 0.001981 4.203615 0.000000
4.296752 0.014108 5.876894 0.000000
-4.453277 0.003434 4.495200 0.000000
-6.646032 0.016792 6.338655 0.000000
-4.372879 0.006111 4.896741 0.000000
-6.675517 0.021401 7.069796 0.000000
3.477538 0.000928 4.481213 0.000000
4.669687 0.015838 6.089092 0.000000
4.108603 0.009852 5.276707 0.000000
3.672930 0.004966 4.650346 0.000000
5.119138 0.017603 6.304098 0.000000
3.322573 0.000816 4.150196 0.000000
6.081729 0.012302 5.362360 0.000000
4.459061 0.000511 3.854782 0.000000
5.137343 0.000837 4.094113 0.000000
-7.038610 0.005537 4.518867 0.000000
-8.762992 0.013532 5.697743 0.000000
7.506777 0.023674 7.011741 0.000000
5.139925 0.007136 4.708026 0.000000
-0.747973 1.730586 -0.002482 0.000000
-0.945254 1.859955 -0.005888 0.000000
-1.788102 2.562301 -0.020562 0.000000
-2.078367 3.175948 -0.022555 0.000000
-1.028079 1.966397 -0.007868 0.000000
-2.298181 3.391083 -0.025663 0.000000
-1.625910 2.617980 -0.019643 0.000000
-1.509405 2.313063 -0.015811 0.000000
-1.115305 2.041427 -0.009490 0.000000
-1.889042 2.995287 -0.019840 0.000000
-1.210806 2.126339 -0.011258 0.000000
-3.520958 4.643672 -0.000347 0.000000
-4.030367 5.548883 -0.002781 0.000000
-2.752952 3.815032 -0.038493 0.000000
-4.612145 6.049875 -0.040573 0.000000
-3.143848 4.253610 -0.044714 0.000000
1.661109 1.106261 0.594856 0.000000
1.660380 1.052700 0.362169 0.000000
2.516142 3.380116 0.052433 0.000000
2.664058 0.000721 4.276101 0.000000
3.167586 0.015092 6.158660 0.000000
2.255594 0.001003 4.389623 0.000000
3.825698 0.020444 6.875306 0.000000
2.594498 0.003958 4.706125 0.000000
3.520136 0.015470 6.173015 0.000000
2.447765 0.000948 4.347167 0.000000
2.836902 0.003839 4.648535 0.000000
3.013616 0.021981 7.179233 0.000000
-2.531051 0.001660 4.529949 0.000000
-4.125778 0.021899 7.267054 0.000000
2.571795 0.012161 5.812633 0.000000
2.400375 0.008201 5.294719 0.000000
2.251860 0.004677 4.853789 0.000000
2.904060 0.015164 6.198129 0.000000
2.706412 0.010989 5.634475 0.000000
-0.041626 3.798964 -0.017572 0.000000
0.493243 6.177058 -0.015376 0.000000
0.023462 4.946796 -0.025963 0.000000
-0.362366 4.986875 -0.029009 0.000000
-0.489397 4.682893 -0.027680 0.000000
0.530715 4.415944 -0.018444 0.000000
1.158612 7.396618 -0.034834 0.000000
0.977105 7.020887 -0.033630 0.000000
0.251684 4.316485 -0.019618 0.000000
0.533053 5.270972 -0.024734 0.000000
0.816227 6.707038 -0.032666 0.000000
0.670349 6.440172 -0.031892 0.000000
-1.195053 5.788300 -0.040734 0.000000
-1.291766 5.852413 -0.041882 0.000000
-0.524914 5.338418 -0.032715 0.000000
-0.837628 5.123979 -0.033443 0.000000
-0.677788 5.195569 -0.032797 0.000000
-1.050059 5.596856 -0.038346 0.000000
-0.973613 5.327209 -0.035889 0.000000
2.473897 3.378239 0.805319 0.000000
2.269074 6.620379 -0.022041 0.000000
1.239984 5.100031 -0.018643 0.000000
3.090138 7.749136 0.588701 0.000000
-3.406118 4.699584 1.112144 0.000000
-3.492112 4.303232 1.153501 0.000000
-4.608114 4.799624 1.815890 0.000000
-4.606384 4.656095 1.633479 0.000000
-4.613530 4.872520 1.334805 0.000000
-4.606470 4.512983 1.926462 0.000000
-4.607156 4.787059 1.579800 0.000000
-4.604926 4.406471 1.740612 0.000000
-4.604343 4.488922 1.413465 0.000000
-4.325703 4.307901 1.187071 0.000000
-3.839142 4.301857 1.260029 0.000000
-4.605226 4.470003 1.301250 0.000000
-4.614279 6.143919 0.810057 0.000000
-3.313717 4.251736 0.976584 0.000000
-4.616785 6.380019 0.924236 0.000000
-3.668237 4.304007 1.172640 0.000000
-4.608787 5.062872 1.471857 0.000000
-3.789881 4.045366 1.085520 0.000000
-4.607957 4.922552 1.525893 0.000000
1.021534 0.591909 0.035797 0.000000
-0.829843 0.381433 0.039712 0.000000
0.001588 0.352964 0.060789 0.000000
-0.194518 0.378704 0.057148 0.000000
1.693527 1.180038 0.050019 0.000000
-9.071987 0.000173 3.735762 0.000000
-9.004199 0.001508 4.002052 0.000000
-8.670306 0.001959 4.117865 0.000000
-8.153539 0.001615 4.098419 0.000000
9.450693 0.004448 4.494217 0.000000
-1.445140 1.123306 0.022948 0.000000
-1.554176 1.181052 -0.001055 0.000000
-1.321010 0.654990 0.027370 0.000000
-1.672579 1.249504 -0.003076 0.000000
-0.543742 2.335820 -0.004239 0.000000
-0.365699 2.290481 -0.002542 0.000000
-3.035158 5.474572 -0.043720 0.000000
-3.460948 6.042944 -0.049813 0.000000
-2.443700 4.066539 -0.031141 0.000000
-3.903260 6.569652 -0.015756 0.000000
-2.732489 4.395732 -0.035218 0.000000
-3.080974 4.799195 -0.040059 0.000000
-3.510836 5.303549 -0.045932 0.000000
-4.055642 5.950534 -0.053250 0.000000
-0.877471 2.178965 -0.005188 0.000000
-2.413144 5.400083 -0.039124 0.000000
-2.564037 4.798885 -0.013845 0.000000
-1.809768 3.372113 -0.021972 0.000000
1.728582 4.170864 -0.005257 0.000000
1.823393 4.500856 -0.006856 0.000000
1.043527 3.348488 -0.003327 0.000000
-3.259232 5.540881 1.114822 0.000000
-4.881554 5.088327 2.524468 0.000000
-7.519348 7.776882 3.717405 0.000000
-4.624601 6.356725 1.599161 0.000000
-4.611889 5.448903 1.600508 0.000000
-4.003832 4.307216 1.175553 0.000000
-4.605191 4.626149 1.355036 0.000000
-0.191255 35.708592 -0.143235 0.000000
0.523953 26.022510 -0.127496 0.000000
0.942329 20.268748 -0.096149 0.000000
-1.099148 23.392443 0.246458 0.000000
-0.775275 35.708495 -0.151556 0.000000
0.074162 24.058629 -0.120526 0.000000
0.519015 18.009360 -0.087428 0.000000
-0.315981 22.652188 -0.115945 0.000000
0.179511 16.363517 -0.081223 0.000000
-0.106575 15.133325 -0.076755 0.000000
-1.014938 20.991975 -0.112010 0.000000
-0.357084 14.192763 -0.073513 0.000000
-1.094691 16.515388 0.001845 0.000000
-0.586011 13.477213 -0.071272 0.000000
-0.801089 12.931797 -0.069807 0.000000
1.090093 14.093057 0.295187 0.000000
1.092723 33.060542 0.049541 0.000000
-1.009339 12.532023 -0.069044 0.000000
1.092746 25.022199 0.093193 0.000000
0.391291 35.708755 -0.126806 0.000000
1.068807 28.814135 -0.137962 0.000000
1.092398 17.028686 0.048113 0.000000
4.617651 0.017840 7.171023 0.000000
3.231483 0.006299 5.382185 0.000000
3.007984 0.003104 4.915472 0.000000
5.427480 0.020389 7.547385 0.000000
3.762521 0.008206 5.611154 0.000000
2.814468 0.000228 4.515937 0.000000
3.182051 0.001110 4.572908 0.000000
4.060627 0.003532 4.781298 0.000000
-3.357513 0.002377 4.883779 0.000000
-4.615064 6.566328 -0.045132 0.000000
-1.794290 1.735877 -0.008899 0.000000
-1.945870 2.064047 -0.013067 0.000000
-1.407438 1.654741 -0.004477 0.000000
-1.305960 1.580864 -0.002738 0.000000
-1.786113 1.940259 -0.010622 0.000000
-1.524970 1.551266 -0.004574 0.000000
-1.549415 1.393959 -0.003229 0.000000
-2.616931 2.900733 -0.024717 0.000000
-2.129194 2.207889 -0.015783 0.000000
-1.957075 1.850021 -0.011386 0.000000
-1.680582 1.474995 -0.005378 0.000000
-3.277027 3.493151 -0.033495 0.000000
-2.591046 2.575937 -0.022271 0.000000
-2.144274 1.982931 -0.014143 0.000000
-1.829252 1.568257 -0.007725 0.000000
-3.724658 3.898392 -0.039182 0.000000
-1.056599 1.575802 -0.000294 0.000000
-1.135827 1.636840 -0.001725 0.000000
-1.315946 1.779857 -0.004890 0.000000
-2.888902 2.816495 -0.026245 0.000000
-1.533670 1.958956 -0.008555 0.000000
-2.362530 2.139629 -0.017237 0.000000
-1.999834 1.676999 -0.010315 0.000000
-4.293559 4.416080 -0.046196 0.000000
-3.251110 3.111071 -0.030907 0.000000
-2.620767 2.327043 -0.020758 0.000000
-4.602864 4.603847 -0.008720 0.000000
-3.701507 3.479847 -0.036507 0.000000
6.187635 0.000391 3.789928 0.000000
-6.356974 0.000001 4.006146 0.000000
6.407029 0.005224 4.639590 0.000000
9.303368 0.010989 5.335916 0.000000
7.568576 0.006442 4.683974 0.000000
-7.389243 0.013567 6.435587 0.000000
-5.121970 0.002484 4.634475 0.000000
-4.154398 4.046353 1.070580 0.000000
-3.780925 3.785517 0.964908 0.000000
-3.645632 3.527339 0.755471 0.000000
-3.990840 3.785266 0.952644 0.000000
-4.609343 5.498002 0.225588 0.000000
-4.605895 4.958545 0.462371 0.000000
8.647509 0.023476 7.817393 0.000000
37.456279 0.212152 -0.025497 0.000000
16.048777 0.086433 -0.004910 0.000000
9.835996 0.002474 0.410275 0.000000
9.318215 0.003979 0.042732 0.000000
-12.745229 -0.245402 0.020061 0.000000
7.104203 -0.949045 -0.000646 0.000000
11.456713 -0.941348 -0.007113 0.000000
27.700016 -0.905972 -0.024321 0.000000
14.429646 -0.477702 -0.007269 0.000000
18.790754 -1.535398 -0.019934 0.000000
-21.987446 -0.419856 0.025755 0.000000
-16.046681 -1.084537 0.016115 0.000000
-34.981946 -2.359717 0.022565 0.000000
-22.565126 -2.642705 0.009708 0.000000
19.368995 -3.577996 -0.035749 0.000000
28.342594 -3.742522 -0.046042 0.000000
9.502275 -1.262740 -0.006859 0.000000
9.031282 -0.787261 -0.002620 0.000000
-23.158808 -0.513117 0.026037 0.000000
-11.476582 -0.761787 0.015459 0.000000
-19.539044 -1.284876 0.017330 0.000000
18.482217 -2.483318 -0.026660 0.000000
24.910804 -2.133571 -0.030670 0.000000
13.304657 -1.148542 -0.010938 0.000000
38.904299 -1.515898 -0.039726 0.000000
16.624809 -0.663002 -0.011113 0.000000
10.536331 -0.431458 -0.002110 0.000000
22.386254 0.108606 -0.011453 0.000000
12.716891 0.045407 -0.001357 0.000000
8.552512 0.002278 0.018849 0.000000
1.585062 0.804249 0.028016 0.000000
-1.604757 1.093182 0.021679 0.000000
-1.567426 0.811970 0.145668 0.000000
-1.645360 1.334770 0.020272 0.000000
-1.883702 1.210068 0.018972 0.000000
-2.143512 1.448074 0.016591 0.000000
-4.601129 4.219912 0.064473 0.000000
-4.169637 3.636915 0.053610 0.000000
-3.326578 2.633210 0.010222 0.000000
-4.600994 4.190880 0.202131 0.000000
-4.604919 3.875586 0.051422 0.000000
-3.225421 2.597427 0.311692 0.000000
-1.158177 0.485348 0.031310 0.000000
1.273639 0.701077 0.031543 0.000000
-3.065412 2.512106 0.024681 0.000000
-1.948825 1.773648 0.016894 0.000000
-4.112779 3.421229 0.007968 0.000000
-2.136826 1.889244 0.015661 0.000000
-4.390500 3.867254 0.031953 0.000000
-3.137272 2.746288 0.010802 0.000000
-2.357284 2.025875 0.014383 0.000000
-3.565944 3.042305 0.009429 0.000000
-2.507999 2.314234 0.013358 0.000000
-2.168266 1.600039 0.016111 0.000000
-2.792076 2.508720 0.012108 0.000000
-2.836230 2.595012 0.003973 0.000000
-2.285992 1.835425 0.001701 0.000000
-2.417863 2.064952 0.025156 0.000000
-3.743544 3.105659 0.029488 0.000000
-2.708128 2.264839 0.024829 0.000000
-3.271986 2.905185 0.025458 0.000000
-3.765705 3.280122 0.025915 0.000000
-19.320058 0.039900 0.020219 0.000000
-34.478587 -1.346908 0.020459 0.000000
26.810232 -0.594222 -0.021123 0.000000
8.414212 -0.577315 -0.000106 0.000000
14.130570 -0.311921 -0.005691 0.000000
9.564514 -0.211551 0.000875 0.000000
9.698920 0.003612 0.213891 0.000000
20.391834 -1.384809 -0.020495 0.000000
-12.245480 -0.156774 0.020407 0.000000
-20.925718 -0.245870 0.026174 0.000000
-33.334479 -1.930973 0.024293 0.000000
-21.960870 -2.345824 0.011415 0.000000
-39.485776 -6.229633 -0.002186 0.000000
16.655774 -1.901840 -0.020362 0.000000
10.402526 -1.194651 -0.007609 0.000000
-3.589893 5.743660 -0.001503 0.000000
1.684711 0.982714 0.461600 0.000000
1.658802 0.994594 0.723048 0.000000
1.991484 1.182854 0.646589 0.000000
2.116513 2.794429 0.025130 0.000000
-3.442159 4.869649 -0.000575 0.000000
-3.425379 3.524672 0.871344 0.000000
-4.606858 5.060339 0.550663 0.000000
-4.554074 4.307548 1.238699 0.000000
-3.712610 3.527326 0.831654 0.000000
-3.378749 5.072137 -0.000496 0.000000
-2.294594 3.620958 0.015122 0.000000
-3.983447 5.820029 -0.002741 0.000000
-2.980031 4.403425 0.013462 0.000000
-4.597519 3.694472 1.111015 0.000000
-1.570789 0.859231 0.900523 0.000000
-1.569933 0.902619 0.685499 0.000000
-4.597671 3.722263 1.251793 0.000000
-3.741159 3.270284 0.686576 0.000000
-4.601764 4.224199 1.260600 0.000000
-4.183458 3.786836 0.949913 0.000000
-4.600914 4.090515 1.323135 0.000000
-4.285316 4.047337 1.148112 0.000000
-4.602051 3.975510 1.568409 0.000000
-3.838338 3.528395 0.900207 0.000000
-3.515488 3.266304 0.692069 0.000000
-4.340798 3.790927 0.962974 0.000000
-4.600086 3.647322 1.766868 0.000000
-4.599476 3.805109 1.386779 0.000000
-4.494577 4.046737 1.156126 0.000000
-4.599990 3.756307 1.762556 0.000000
-4.598604 3.716704 1.510191 0.000000
-4.598510 3.852113 1.185337 0.000000
-4.019233 3.528033 0.847830 0.000000
-4.596472 3.704357 0.927105 0.000000
-1.568035 0.848121 0.579320 0.000000
-3.742809 3.289883 -0.000470 0.000000
-3.499413 2.754091 0.500145 0.000000
-4.420904 3.813251 -0.003259 0.000000
-4.596817 3.940840 0.160956 0.000000
-1.567027 0.827505 0.384412 0.000000
-3.014620 2.864334 0.002833 0.000000
-4.129971 4.059269 -0.002383 0.000000
-4.599812 4.412323 0.036407 0.000000
-3.260288 3.199590 0.010280 0.000000
-4.591817 4.323521 0.098432 0.000000
-3.662508 3.791120 -0.011605 0.000000
-4.598349 4.104654 0.281576 0.000000
-4.583667 4.361093 -0.016080 0.000000
-3.267756 2.751845 0.392100 0.000000
-3.473027 3.237087 0.000599 0.000000
-4.597982 4.095831 0.078261 0.000000
-4.074225 3.728082 -0.001991 0.000000
-2.608389 2.700522 0.004791 0.000000
-3.477401 3.474759 0.000364 0.000000
-3.096801 2.495283 2.196517 0.000000
-4.878364 4.610328 2.527739 0.000000
-4.604993 4.247477 2.039190 0.000000
-4.605710 4.377756 1.982497 0.000000
-8.014080 7.759952 3.965029 0.000000
-4.607809 4.008574 2.924483 0.000000
-4.662174 4.323574 2.570515 0.000000
-4.606085 4.081074 2.342801 0.000000
-4.603588 4.171845 1.847810 0.000000
-4.679018 4.030703 2.567629 0.000000
-4.609012 4.316394 2.764313 0.000000
-4.607617 3.990281 2.740499 0.000000
-4.603099 3.883159 2.213257 0.000000
-4.601811 3.844346 2.009553 0.000000
-3.015645 2.412045 2.298175 0.000000
-4.600785 3.640116 2.118673 0.000000
-4.604501 3.755238 2.649760 0.000000
-9.127104 7.769123 4.517388 0.000000
-3.074691 2.239430 2.341093 0.000000
-4.607023 3.733883 2.938605 0.000000
-1.574570 0.855446 1.193792 0.000000
-4.611231 4.898190 2.406591 0.000000
-7.034509 7.765889 3.488669 0.000000
-2.821934 2.237249 2.353058 0.000000
-4.608835 4.675986 2.208196 0.000000
-1.581321 0.858713 1.592181 0.000000
-1.574319 0.826880 1.214112 0.000000
-1.512936 7.261903 0.003861 0.000000
-1.303132 6.493849 0.004815 0.000000
-1.477008 6.762765 0.004185 0.000000
-1.672443 7.083355 0.003493 0.000000
-3.248462 4.746752 1.114546 0.000000
-3.872830 5.030818 1.101538 0.000000
-3.527182 5.336241 1.116253 0.000000
-1.643888 -0.046393 6.465066 0.000000
-1.297340 -0.037715 3.941905 0.000000
-1.126338 -0.014481 2.551947 0.000000
-1.090576 -0.021935 2.739814 0.000000
-1.174743 -0.024483 2.961085 0.000000
-1.254134 -0.024479 3.232787 0.000000
-1.317529 -0.021469 3.426053 0.000000
-1.252143 -0.037109 3.676979 0.000000
-0.852470 -0.051796 2.183366 0.000000
-0.947393 -0.051456 2.285284 0.000000
-0.646484 -0.055216 1.492444 0.000000
-1.150128 6.472051 0.005252 0.000000
1.660341 0.992313 1.034176 0.000000
1.662174 0.984646 1.258328 0.000000
1.673398 0.982769 0.867354 0.000000
1.994046 1.170774 1.250311 0.000000
1.175078 5.806851 0.011787 0.000000
1.063863 5.614923 0.024422 0.000000
1.324485 7.244838 0.011321 0.000000
0.992955 6.640956 0.010787 0.000000
2.497540 6.528940 0.014471 0.000000
3.052276 7.747121 0.290076 0.000000
2.383572 6.117238 0.040651 0.000000
1.427734 4.179931 0.021349 0.000000
1.992485 5.791410 0.013718 0.000000
2.010132 7.363791 0.028472 0.000000
-0.786589 5.482021 0.004578 0.000000
-1.289031 6.755321 0.004711 0.000000
0.773943 6.235063 0.006341 0.000000
0.288839 5.060446 0.010320 0.000000
0.534085 6.033399 0.006192 0.000000
1.916727 4.793414 0.021987 0.000000
-1.463643 0.613697 0.025673 0.000000
-2.246996 1.792567 0.015306 0.000000
-2.235086 1.557353 0.008674 0.000000
1.687788 0.982987 0.377329 0.000000
1.783588 0.800064 0.026575 0.000000
1.846354 1.183136 0.047782 0.000000
-4.608189 4.174657 2.610712 0.000000
-7.886721 7.763555 3.875571 0.000000
-4.602557 3.769821 2.272843 0.000000
-4.859873 3.821361 2.587936 0.000000
-4.602751 4.228504 1.529863 0.000000
-4.604243 4.287534 1.794228 0.000000
-4.602008 4.104826 1.587908 0.000000
-4.600626 3.868861 1.704174 0.000000
-4.603686 4.000353 2.154497 0.000000
-4.602373 3.950532 1.955455 0.000000
-1.903254 5.746919 0.001963 0.000000
-3.242574 4.026313 0.991331 0.000000
-4.613166 5.821629 1.558275 0.000000
-3.485477 3.782940 1.007097 0.000000
-4.348989 4.307777 1.280480 0.000000
1.678319 0.985992 1.409403 0.000000
0.972679 6.287226 0.006604 0.000000
1.319245 6.926527 0.006471 0.000000
0.651306 6.120646 0.006278 0.000000
0.826029 6.045212 0.006660 0.000000
0.568290 5.671888 0.006733 0.000000
0.049947 6.571767 0.004709 0.000000
0.451719 5.530026 0.006742 0.000000
1.879936 7.412096 0.006916 0.000000
-0.845023 6.791505 0.002841 0.000000
0.342447 5.415810 0.006728 0.000000
0.238022 5.324590 0.006691 0.000000
0.038234 5.203919 0.006537 0.000000
-0.306566 7.080015 0.003530 0.000000
-0.331662 6.137148 0.004543 0.000000
-0.583690 7.612675 0.002518 0.000000
-0.741534 7.958441 0.001927 0.000000
-0.571778 6.398716 0.003786 0.000000
-0.916955 8.370056 0.001270 0.000000
-3.203346 3.239455 0.002450 0.000000
-1.966839 1.497091 0.017546 0.000000
-3.670809 3.663978 0.031690 0.000000
-2.883137 2.611093 0.025326 0.000000
-4.281336 4.168220 -0.001719 0.000000
1.966204 1.176273 0.451665 0.000000
-4.266979 3.532103 0.835805 0.000000
-4.601277 4.035378 1.133234 0.000000
-3.698367 3.012102 0.614808 0.000000
-2.461496 4.675923 0.036254 0.000000
-1.709000 3.580506 0.015236 0.000000
-2.992644 5.044005 0.011775 0.000000
-3.388463 5.682095 -0.001179 0.000000
-3.230017 2.822071 0.382101 0.000000
-4.602785 4.618328 0.467227 0.000000
-4.602459 4.497132 0.526903 0.000000
-3.228536 2.841519 0.477431 0.000000
-3.359879 3.009430 0.617193 0.000000
-3.381784 2.752962 0.444657 0.000000
-3.832788 3.528604 0.795024 0.000000
-3.632701 3.012195 0.589045 0.000000
-3.854542 3.271260 0.747357 0.000000
-3.654889 5.369479 -0.001459 0.000000
-4.308835 6.162654 -0.003640 0.000000
-3.065699 4.074421 0.011123 0.000000
-4.135522 5.311506 -0.002504 0.000000
-3.480048 4.076766 0.009918 0.000000
-4.142168 4.766003 -0.001989 0.000000
-2.123015 1.769111 2.365819 0.000000
-2.598477 1.817712 2.369679 0.000000
-2.549682 1.737703 2.368651 0.000000
-2.136693 1.416407 2.362269 0.000000
-1.584834 0.850897 1.791985 0.000000
-1.860201 1.314960 2.358511 0.000000
-1.585179 0.804598 1.843599 0.000000
-2.571147 2.244871 2.294734 0.000000
-2.345270 2.330379 2.294339 0.000000
-2.805913 2.492545 2.179955 0.000000
-4.607185 3.816773 2.871980 0.000000
-2.479904 2.231251 2.421644 0.000000
-2.556324 2.049868 2.420467 0.000000
-2.359909 2.179027 2.420490 0.000000
-2.654013 2.227842 2.422560 0.000000
-2.398288 1.831153 2.368421 0.000000
-2.769487 2.044879 2.421697 0.000000
-2.875443 2.231921 2.423766 0.000000
-1.591017 0.817254 2.152288 0.000000
-1.551953 0.892547 2.310653 0.000000
-2.258847 3.315405 1.792719 0.000000
-2.406980 2.489321 2.286684 0.000000
-2.331258 3.130857 1.918877 0.000000
-2.543003 3.003129 2.023565 0.000000
-0.694955 -0.019756 7.266327 0.000000
-1.027743 -0.020329 6.246836 0.000000
-0.774246 -0.023243 4.270341 0.000000
-0.950943 -0.000363 5.106458 0.000000
-0.975982 -0.020171 6.471720 0.000000
-0.771211 -0.040347 4.405843 0.000000
-0.827283 -0.021325 5.375445 0.000000
-0.917082 -0.020037 6.687774 0.000000
-0.796323 -0.021886 4.654546 0.000000
-0.789238 -0.021078 5.593619 0.000000
-0.850148 -0.019923 6.896134 0.000000
-0.757993 -0.021979 4.810987 0.000000
-0.745398 -0.020852 5.815441 0.000000
-0.776403 -0.019829 7.091258 0.000000
-0.660696 -0.022151 5.078897 0.000000
-0.695050 -0.020651 6.036846 0.000000
-0.816989 -0.022097 4.964336 0.000000
-0.712092 -0.022286 5.234992 0.000000
-0.638290 -0.020471 6.258344 0.000000
-0.606278 -0.019699 7.425276 0.000000
-0.612371 -0.021132 5.611779 0.000000
-0.452219 -0.020400 6.417660 0.000000
-0.512077 -0.019660 7.559538 0.000000
-0.566078 -0.020862 5.872596 0.000000
-0.504326 -0.020177 6.688309 0.000000
-0.412583 -0.019636 7.668067 0.000000
-0.513418 -0.020619 6.140521 0.000000
-0.427096 -0.020061 6.891241 0.000000
-0.308830 -0.019627 7.748432 0.000000
-0.342648 -0.019963 7.084972 0.000000
-0.383689 -0.020205 6.698658 0.000000
-0.890201 -0.021582 3.568945 0.000000
-1.271390 -0.025384 4.412889 0.000000
-0.873044 -0.021801 3.057817 0.000000
-0.888514 -0.021575 3.751353 0.000000
-1.239539 -0.002658 4.624650 0.000000
-0.881614 -0.021597 3.933896 0.000000
-1.196589 -0.021781 4.890069 0.000000
-0.887954 -0.021620 3.392319 0.000000
-0.869945 -0.021644 4.121622 0.000000
-1.182822 -0.021477 5.107324 0.000000
-1.555717 -0.019592 6.985188 0.000000
-0.220798 -0.019889 7.266723 0.000000
-1.163944 -0.021198 5.330204 0.000000
-0.851879 -0.021711 4.304404 0.000000
-1.139448 -0.020944 5.557495 0.000000
-0.827580 -0.021794 4.483639 0.000000
-1.108835 -0.020714 5.787677 0.000000
-0.612770 -0.021584 3.822350 0.000000
-0.857323 -0.021986 4.798038 0.000000
-1.071889 -0.020511 6.016765 0.000000
-0.786530 -0.023675 4.083876 0.000000
0.800611 -0.021086 4.118133 0.000000
0.957014 -0.045578 5.065118 0.000000
1.049114 -0.020154 7.174588 0.000000
0.970112 -0.021124 5.874478 0.000000
0.904306 -0.022310 4.933797 0.000000
1.118318 -0.020268 6.983390 0.000000
1.007141 -0.021355 5.652798 0.000000
0.920307 -0.022673 4.712200 0.000000
1.179744 -0.020397 6.779567 0.000000
1.038112 -0.021606 5.432880 0.000000
0.932492 -0.023057 4.501642 0.000000
1.233381 -0.020545 6.562424 0.000000
1.062975 -0.021876 5.216793 0.000000
0.941117 -0.023462 4.301246 0.000000
1.083397 -0.022168 5.005746 0.000000
0.926448 -0.020912 6.098856 0.000000
1.315895 -0.020898 6.106394 0.000000
1.186340 -0.001265 4.633534 0.000000
0.813443 -0.021033 3.925052 0.000000
0.821560 -0.021011 3.736670 0.000000
1.083940 -0.001697 4.562694 0.000000
1.386408 -0.021579 5.412357 0.000000
1.149662 -0.002941 4.293194 0.000000
0.825034 -0.021023 3.552646 0.000000
0.755297 -0.020390 6.746578 0.000000
-0.306894 -0.020036 6.982358 0.000000
-0.125959 -0.019766 7.547228 0.000000
0.157753 -0.019731 7.755238 0.000000
0.229218 -0.019777 7.685465 0.000000
0.513607 -0.024400 7.561220 0.000000
0.330519 -0.019844 7.583516 0.000000
0.519249 -0.020019 7.304792 0.000000
0.565435 -0.020180 7.036099 0.000000
-0.955024 -0.024646 2.858765 0.000000
0.604975 -0.020127 7.133486 0.000000
0.693361 -0.020585 6.472042 0.000000
0.683248 -0.020251 6.946435 0.000000
0.744840 -0.020817 6.196350 0.000000
0.759769 -0.024536 7.740704 0.000000
0.789046 -0.021071 5.926582 0.000000
0.819314 -0.020547 6.535939 0.000000
0.826518 -0.021348 5.664331 0.000000
0.886101 -0.019970 7.497823 0.000000
0.876390 -0.020720 6.319675 0.000000
0.857816 -0.021646 5.410791 0.000000
0.971103 -0.020054 7.347793 0.000000
-0.778350 -0.053658 1.667890 0.000000
-0.507474 -0.056433 1.244421 0.000000
-0.581417 -0.055988 1.435315 0.000000
-0.737540 -0.052998 1.855294 0.000000
-0.788613 -0.014972 2.549594 0.000000
-0.958223 -0.036459 2.595123 0.000000
-1.192330 -0.021627 3.044484 0.000000
-0.790719 -0.052364 2.005548 0.000000
-0.910811 -0.024804 2.662534 0.000000
-1.058759 -0.024578 3.340954 0.000000
-0.706576 -0.051763 2.289007 0.000000
-1.111929 -0.008197 3.540954 0.000000
-1.120591 -0.024701 3.642347 0.000000
-0.673970 -0.022202 2.784131 0.000000
-1.235930 -0.038479 4.146399 0.000000
-0.674687 -0.022025 2.919271 0.000000
-1.207512 -0.004144 4.314312 0.000000
1.976458 1.179273 1.544454 0.000000
1.986219 1.183443 2.028477 0.000000
1.697021 0.988751 1.710597 0.000000
-1.092326 25.054018 1.064822 0.000000
-1.091944 18.435571 0.927396 0.000000
-1.091441 33.150215 1.021426 0.000000
-1.092112 22.507703 0.947554 0.000000
1.097639 20.026397 0.793365 0.000000
1.098395 22.960143 1.008233 0.000000
1.101730 34.006260 1.243491 0.000000
-1.092013 22.336028 0.909077 0.000000
-1.091576 16.798705 0.856025 0.000000
-1.133553 29.383548 1.122382 0.000000
3.145433 7.747674 0.811222 0.000000
1.096805 17.240872 0.556504 0.000000
-4.606686 3.635327 3.150903 0.000000
-4.609098 3.856475 3.080545 0.000000
-2.821963 2.136631 2.422730 0.000000
-8.150550 7.771218 4.005337 0.000000
-4.604906 3.858001 2.591738 0.000000
-1.092722 22.395222 1.179454 0.000000
-1.092086 16.997807 1.039486 0.000000
-1.092278 27.058072 1.097845 0.000000
-1.092022 19.420752 0.932068 0.000000
-1.091124 33.247514 0.904954 0.000000
-1.579786 -0.020470 5.771225 0.000000
1.886343 -0.020354 6.849181 0.000000
1.896193 -0.020540 6.535705 0.000000
1.770216 -0.020898 6.054528 0.000000
2.429347 -0.020129 7.267923 0.000000
-2.647953 1.900685 2.370709 0.000000
-2.353064 1.755372 2.367385 0.000000
-2.221432 1.544535 2.364303 0.000000
-1.092637 32.607644 1.452051 0.000000
1.974538 1.180437 1.694469 0.000000
1.582599 1.181517 1.726314 0.000000
1.802950 1.190212 2.383842 0.000000
1.677065 0.992516 2.168599 0.000000
1.669788 0.992988 1.886356 0.000000
1.980062 1.182802 1.963813 0.000000
0.779045 -0.053769 2.069001 0.000000
0.782758 -0.052347 1.853710 0.000000
1.043028 -0.003566 4.190098 0.000000
0.824482 -0.021071 3.374522 0.000000
1.005001 -0.005288 3.866302 0.000000
0.814421 -0.021277 3.042458 0.000000
1.185076 -0.020713 3.763866 0.000000
1.165440 -0.023601 3.538338 0.000000
0.996657 -0.023727 2.881946 0.000000
1.890248 -0.020992 5.915835 0.000000
0.841794 -0.021584 2.729486 0.000000
0.897749 -0.013696 2.564996 0.000000
0.595960 -0.057653 1.201931 0.000000
3.067627 7.746926 1.231013 0.000000
1.101663 34.958171 1.382692 0.000000
1.097475 20.902504 1.013989 0.000000
1.100474 29.903007 1.210721 0.000000
-1.093122 25.461602 1.377227 0.000000
2.385845 1.190087 0.975126 0.000000
1.991122 1.170696 0.905339 0.000000
2.008329 1.183890 0.976414 0.000000
2.326806 1.189290 1.034159 0.000000
2.005643 1.183431 0.742457 0.000000
2.065930 1.185028 1.022239 0.000000
2.240995 3.088469 0.022654 0.000000
-4.599761 5.942492 0.525632 0.000000
-4.602139 6.527245 1.243699 0.000000
-4.599804 5.960199 0.799362 0.000000
-4.598781 5.723333 0.600377 0.000000
-4.598922 5.757001 0.867745 0.000000
-4.597817 5.515504 0.673916 0.000000
-4.598056 5.563477 0.935141 0.000000
-3.226926 5.677259 0.040119 0.000000
-4.596872 5.318210 0.746347 0.000000
-4.594011 4.542257 1.968730 0.000000
-4.590192 4.027822 1.300219 0.000000
-4.595571 4.855605 1.969320 0.000000
-4.593072 4.452953 1.679768 0.000000
-4.591870 4.289576 1.453473 0.000000
-4.594535 4.664270 1.914022 0.000000
-4.590584 4.029672 1.580489 0.000000
-4.591921 4.203437 1.798275 0.000000
-4.592556 4.426877 1.389843 0.000000
-4.589987 3.906555 1.644112 0.000000
-4.593824 4.439104 2.141984 0.000000
-4.591385 4.084780 1.857628 0.000000
-4.598337 3.595600 1.527275 0.000000
-4.593029 4.309459 2.078337 0.000000
-4.590393 3.858417 1.977009 0.000000
-4.592134 4.089773 2.188717 0.000000
-3.277333 3.779105 1.009328 0.000000
-4.598068 5.488614 1.584677 0.000000
-3.638876 3.785555 1.046395 0.000000
-4.597436 5.338718 1.639961 0.000000
-4.595660 5.008492 1.442122 0.000000
-3.952113 3.788968 1.008963 0.000000
-4.596221 5.054752 1.749901 0.000000
-4.594979 4.861664 1.501708 0.000000
-4.594320 4.720399 1.561144 0.000000
-2.382667 6.157722 0.042227 0.000000
-2.112156 4.895849 0.037187 0.000000
-2.095849 5.673697 0.040242 0.000000
-2.385676 5.292920 0.038679 0.000000
-2.717421 5.782848 0.040634 0.000000
-1.855318 5.274985 0.038683 0.000000
-1.631198 0.789108 1.191565 0.000000
-1.582622 0.787922 1.148131 0.000000
-1.698377 0.791399 1.363590 0.000000
-4.604660 3.693738 2.595848 0.000000
-1.574100 0.798809 1.234705 0.000000
-1.569793 0.791048 0.946761 0.000000
-4.598306 3.437597 1.938903 0.000000
-4.589516 3.645356 2.097501 0.000000
-4.591917 3.951659 2.381907 0.000000
-4.599996 3.423612 2.137748 0.000000
-4.590969 3.782090 2.356582 0.000000
-4.590630 3.684762 2.413351 0.000000
-1.749416 0.792535 1.414709 0.000000
2.045171 1.184199 0.547435 0.000000
-2.494560 1.932881 0.013900 0.000000
-4.594653 3.717311 0.029779 0.000000
-3.516018 2.825143 0.024792 0.000000
-2.935430 2.387094 0.011675 0.000000
-2.407782 1.723471 0.014618 0.000000
-4.102709 3.234048 0.025288 0.000000
-3.350185 2.475844 0.024000 0.000000
-3.221308 2.271286 0.193029 0.000000
-1.794014 0.791925 0.575203 0.000000
-1.640732 0.788991 0.377230 0.000000
-1.574590 0.787575 0.353095 0.000000
-1.566077 0.788707 0.411000 0.000000
-1.616627 0.787662 0.985054 0.000000
-4.597365 5.396624 0.291337 0.000000
-4.595558 5.024504 0.212808 0.000000
-4.594716 4.842062 0.064664 0.000000
-4.595617 5.057741 0.440773 0.000000
-4.594618 4.853874 0.291957 0.000000
-4.593704 4.666795 0.148962 0.000000
-4.365675 4.254859 0.033726 0.000000
-4.594767 4.898584 0.513176 0.000000
-4.593698 4.690300 0.369350 0.000000
-4.592715 4.499344 0.231360 0.000000
-4.038440 4.597120 0.008695 0.000000
-4.592800 4.533709 0.445222 0.000000
-4.599458 4.256435 0.203590 0.000000
-3.469548 3.012566 0.617867 0.000000
-3.378834 4.162575 0.033853 0.000000
-2.965121 4.143726 0.034009 0.000000
-3.967012 5.275524 0.038248 0.000000
-2.942735 3.718283 0.032434 0.000000
-2.741368 3.081728 0.012062 0.000000
-4.599169 5.767245 0.134655 0.000000
-3.943852 4.741509 0.035974 0.000000
-3.003897 3.420056 0.031302 0.000000
-4.598261 5.577698 0.214031 0.000000
-4.596517 5.203231 0.131961 0.000000
-3.464697 3.846677 0.032555 0.000000
-1.723158 0.789122 0.779125 0.000000
-1.588022 0.786058 0.631676 0.000000
-3.796234 2.757076 0.477480 0.000000
-3.883869 3.013849 0.627207 0.000000
-4.322195 3.275093 0.715409 0.000000
-4.595698 3.589969 0.989934 0.000000
-4.594959 3.478965 1.052296 0.000000
-4.596878 3.597083 1.318174 0.000000
2.332143 1.191059 0.201533 0.000000
2.382418 1.189995 0.535815 0.000000
2.044586 1.184459 0.391418 0.000000
1.995724 1.180665 0.301613 0.000000
2.025028 1.191413 2.249781 0.000000
2.285505 1.192660 2.004303 0.000000
2.167811 1.192489 2.189907 0.000000
2.138568 1.189766 1.800158 0.000000
2.235183 1.191698 1.933055 0.000000
2.252822 1.190887 1.743783 0.000000
2.079398 1.195231 2.743080 0.000000
2.256724 1.196043 2.645863 0.000000
2.015919 1.193703 2.590321 0.000000
2.207627 1.195127 2.558694 0.000000
2.117825 1.232490 2.545218 0.000000
2.236889 1.244510 2.546983 0.000000
2.218901 1.193480 2.267758 0.000000
2.037849 1.186619 1.496148 0.000000
2.046014 1.187808 1.677720 0.000000
-1.057205 21.071951 0.124129 0.000000
-0.391777 14.215730 0.079201 0.000000
-0.615317 13.886808 0.077664 0.000000
-0.836849 13.685807 0.076750 0.000000
-1.057318 20.931441 0.456926 0.000000
0.553910 28.645914 0.150796 0.000000
0.118910 29.503833 0.155244 0.000000
0.659560 22.635659 0.120587 0.000000
-1.043817 29.424010 0.382177 0.000000
-0.348514 30.942257 0.162634 0.000000
0.291673 21.872139 0.116880 0.000000
-0.876695 33.046348 0.173406 0.000000
-0.053552 21.409641 0.114672 0.000000
0.359038 16.243971 0.088917 0.000000
-1.064178 16.212441 0.501986 0.000000
-0.389410 21.213222 0.113790 0.000000
-1.061028 18.468416 0.351676 0.000000
-0.728353 21.269834 0.114172 0.000000
-0.160300 14.698070 0.081487 0.000000
1.619579 3.599162 0.879906 0.000000
1.126884 28.392446 0.149350 0.000000
1.112748 11.909992 0.348238 0.000000
0.749519 30.641593 0.160794 0.000000
1.135599 22.572630 0.212404 0.000000
0.315046 33.846111 0.177093 0.000000
0.982672 28.248877 0.148670 0.000000
-0.465595 -0.021661 3.425159 0.000000
-0.554516 -0.022453 2.672755 0.000000
-0.542349 -0.021884 3.092000 0.000000
-0.632718 -0.021592 3.663962 0.000000
-0.475600 -0.021778 3.228465 0.000000
-0.552797 -0.022230 2.804887 0.000000
-0.458039 -0.021575 3.935761 0.000000
-0.427957 -0.021600 4.119603 0.000000
-0.569374 -0.041908 4.757960 0.000000
-0.446831 -0.042491 4.858553 0.000000
-0.451883 -0.021590 3.637554 0.000000
-0.523028 -0.021665 4.284473 0.000000
-0.660034 -0.021681 3.353826 0.000000
-0.484204 -0.023346 2.330756 0.000000
-0.533971 -0.027602 2.183317 0.000000
-0.672751 -0.021881 3.058778 0.000000
-0.272492 -0.021902 4.861568 0.000000
-0.554404 -0.022706 2.549332 0.000000
-0.648472 -0.021624 3.507885 0.000000
0.094735 -0.021692 4.714464 0.000000
-0.030368 -0.021535 4.263009 0.000000
-0.189799 -0.021650 4.441944 0.000000
0.151105 -0.021587 4.557333 0.000000
-0.045015 -0.042574 4.658755 0.000000
0.296239 -0.021547 4.594596 0.000000
0.202351 -0.021493 4.392728 0.000000
0.120491 -0.021784 4.878865 0.000000
0.288551 -0.021360 4.055085 0.000000
0.241427 -0.021631 4.706388 0.000000
0.305688 -0.044916 5.164165 0.000000
-0.256552 -0.040599 4.129128 0.000000
-0.392180 -0.021648 4.305875 0.000000
-0.244097 -0.021534 3.884745 0.000000
-0.351212 -0.021715 4.491454 0.000000
-0.285201 -0.021546 3.780935 0.000000
-0.010529 -0.021890 4.967932 0.000000
-1.134844 0.422536 2.298650 0.000000
-1.353795 0.649739 2.304843 0.000000
-1.398008 0.543745 2.304257 0.000000
-0.596541 -0.054532 1.631119 0.000000
-0.529713 -0.023900 1.954006 0.000000
0.538495 -0.057456 1.454259 0.000000
2.210950 1.198183 3.084696 0.000000
2.360040 1.197860 2.834568 0.000000
2.111610 1.195981 2.823495 0.000000
0.602260 -0.021296 3.309489 0.000000
0.782021 -0.021166 4.309572 0.000000
0.616486 -0.041114 3.765806 0.000000
0.629440 -0.021457 3.061191 0.000000
0.833622 -0.045945 5.215446 0.000000
0.691796 -0.040554 3.452085 0.000000
0.778404 -0.042293 4.141346 0.000000
0.600718 -0.021707 2.867196 0.000000
0.692474 -0.046025 5.295711 0.000000
1.057884 -0.044956 4.851347 0.000000
0.603216 -0.021891 2.740926 0.000000
0.775032 -0.039951 2.567844 0.000000
0.524454 -0.021219 3.731051 0.000000
0.498554 -0.021232 3.884144 0.000000
0.424526 -0.042059 4.233854 0.000000
0.383614 -0.045272 5.226444 0.000000
0.542706 -0.021508 4.726071 0.000000
0.467749 -0.021266 4.037067 0.000000
0.531545 -0.021937 5.309520 0.000000
0.549729 -0.043219 4.553571 0.000000
0.563632 -0.021268 3.426956 0.000000
0.757283 -0.021270 4.501569 0.000000
0.577651 -0.021334 3.279406 0.000000
0.521077 -0.040652 1.813283 0.000000
0.592353 -0.056046 1.623549 0.000000
0.507468 -0.011523 2.286905 0.000000
0.527085 -0.002488 2.184727 0.000000
0.788289 -0.053324 2.303920 0.000000
2.040642 1.185302 1.221343 0.000000
2.251875 1.189990 1.563635 0.000000
2.381719 1.190719 1.287468 0.000000
2.068063 5.156717 0.036977 0.000000
2.126596 5.430375 0.026216 0.000000
1.865982 4.539538 0.034838 0.000000
-4.592873 3.851086 2.854595 0.000000
-4.590547 3.526600 2.635457 0.000000
-4.592418 3.658905 2.979535 0.000000
-4.592090 3.477526 3.108857 0.000000
-4.594146 4.272757 2.616520 0.000000
-4.595402 4.627543 2.446943 0.000000
-4.593299 4.310432 2.200786 0.000000
-7.676318 7.763479 3.864715 0.000000
-4.592345 4.067080 2.320734 0.000000
-4.593451 4.055384 2.733755 0.000000
-4.591522 3.840012 2.443872 0.000000
-4.593147 3.951694 2.793722 0.000000
-1.667007 0.792695 1.600521 0.000000
-1.592115 0.792291 1.675237 0.000000
-1.643826 0.795300 1.950189 0.000000
-2.660516 2.999746 1.968677 0.000000
-1.579968 0.790506 1.490458 0.000000
-4.219161 6.575257 1.246950 0.000000
-4.599826 5.791659 2.023987 0.000000
-4.597555 5.326200 1.801608 0.000000
-2.672187 3.474352 1.814793 0.000000
-4.598591 5.464905 2.126367 0.000000
-4.596208 5.005922 1.912915 0.000000
-4.598004 5.311463 2.178338 0.000000
-4.596892 5.022235 2.283878 0.000000
-4.594960 4.711182 2.026205 0.000000
-4.596371 4.885852 2.337638 0.000000
-4.595874 4.754386 2.391980 0.000000
-4.599738 5.863299 1.637970 0.000000
-4.598991 5.675866 1.692122 0.000000
-4.598263 5.497131 1.746793 0.000000
-1.191201 -0.024961 3.996813 0.000000
-1.889970 -0.047617 6.861446 0.000000
-1.485466 -0.044578 5.955657 0.000000
-1.365999 -0.026022 4.918466 0.000000
-1.661910 -0.050688 7.455783 0.000000
-1.596269 0.793704 1.828708 0.000000
-1.725519 0.797229 2.085778 0.000000
-1.648057 0.798392 2.323770 0.000000
10.034320 -0.284314 0.008770 0.000000
-18.919213 -0.383663 -0.000466 0.000000
-16.255653 -1.030971 -0.002394 0.000000
16.999055 -2.886760 -0.003352 0.000000
20.461325 -2.498383 -0.001242 0.000000
11.546426 -1.377051 0.003545 0.000000
26.115774 -1.999812 0.001831 0.000000
36.974405 -1.215558 0.007352 0.000000
15.790538 -0.482106 0.007517 0.000000
-19.144980 0.096774 -0.003440 0.000000
-14.857750 -0.597821 -0.003391 0.000000
-32.505626 -1.404779 -0.016347 0.000000
-12.142683 -1.056236 -0.003185 0.000000
-22.325250 -2.009499 -0.013271 0.000000
25.256747 -1.333937 0.004717 0.000000
31.599780 -0.443045 0.009841 0.000000
14.414960 -0.163591 0.008926 0.000000
-16.926700 -2.345635 -0.011393 0.000000
35.097917 -6.768200 -0.005473 0.000000
14.878503 -2.820203 0.001923 0.000000
9.423809 -1.756940 0.005211 0.000000
17.894358 -2.525748 0.003941 0.000000
22.318331 -2.107178 0.007083 0.000000
29.908069 -1.467838 0.012513 0.000000
14.528036 -0.667858 0.010056 0.000000
-20.393856 -0.210551 -0.005335 0.000000
-16.266977 -0.873628 -0.005364 0.000000
-13.631100 -1.349685 -0.005408 0.000000
-28.565653 -2.919235 -0.020082 0.000000
22.861517 -2.284426 0.006612 0.000000
24.443657 -1.430742 0.010464 0.000000
12.722916 -0.747089 0.026486 0.000000
-1.629512 0.733142 0.023080 0.000000
1.218597 0.438794 0.034293 0.000000
2.240443 1.023676 0.023557 0.000000
2.021963 1.185867 0.171240 0.000000
-1.236829 0.499237 0.029815 0.000000
-1.007552 0.297159 0.036314 0.000000
1.558486 0.700176 0.028738 0.000000
1.494563 0.490894 0.030381 0.000000
1.044294 0.387159 0.037707 0.000000
-1.420804 0.532001 0.026716 0.000000
-1.953634 0.628066 0.020041 0.000000
-0.822927 0.164332 0.036739 0.000000
9.839391 0.009999 5.039147 0.000000
-1.963611 0.795387 0.348531 0.000000
2.508029 1.193437 0.317753 0.000000
2.532516 1.069964 0.022422 0.000000
2.607485 1.194783 0.356498 0.000000
2.696495 1.195848 0.451734 0.000000
2.477833 1.191412 0.578646 0.000000
1.941344 0.843938 0.025440 0.000000
1.683394 0.730825 0.027565 0.000000
2.761489 1.197717 0.022870 0.000000
2.285414 0.993460 0.023426 0.000000
1.825736 0.765949 0.026401 0.000000
2.124529 0.895108 0.024332 0.000000
23.181691 -1.502189 0.046499 0.000000
-15.485140 -0.976198 -0.024164 0.000000
-34.788647 -2.424223 -0.055242 0.000000
-24.940382 -2.851120 -0.035371 0.000000
28.240519 -4.692843 0.067135 0.000000
9.114376 -1.391152 0.023789 0.000000
-19.404022 -0.372978 -0.034085 0.000000
35.446402 -0.726705 0.065018 0.000000
15.886470 -0.233015 0.029545 0.000000
-11.579019 -0.146147 -0.019202 0.000000
-5.247887 -0.465018 -0.001838 0.000000
0.800244 0.193072 0.039815 0.000000
20.673986 -1.262983 0.041332 0.000000
11.710238 -0.637551 0.024568 0.000000
39.963748 0.742919 0.067532 0.000000
-12.697004 -0.033096 -0.021992 0.000000
-23.302258 -0.195526 -0.042178 0.000000
-10.754331 -0.470791 -0.016198 0.000000
-17.705978 -0.884734 -0.028886 0.000000
-14.422571 -1.348469 -0.020645 0.000000
-30.872719 -3.094726 -0.045515 0.000000
10.660313 -0.339035 0.019348 0.000000
19.288480 0.046626 0.029277 0.000000
16.770616 -0.926723 0.033569 0.000000
22.117918 -0.240668 0.039977 0.000000
12.625807 -0.055680 0.023763 0.000000
13.536131 -1.363752 0.030023 0.000000
-7.420528 -0.724783 -0.007326 0.000000
-6.548247 -0.297117 -0.006518 0.000000
-34.170679 -0.644058 -0.060739 0.000000
-12.355961 -0.710903 -0.018750 0.000000
-21.974955 -1.401722 -0.035169 0.000000
-10.192066 -1.059931 -0.012762 0.000000
-16.191691 -1.788312 -0.022551 0.000000
-38.981118 -4.562090 -0.054979 0.000000
-12.765084 -2.031689 -0.014715 0.000000
-24.262654 -4.027463 -0.029723 0.000000
19.628545 -3.027499 0.046127 0.000000
11.339013 -1.673367 0.027863 0.000000
26.464521 -2.842066 0.057156 0.000000
-9.757492 7.767418 4.684583 0.000000
-4.603528 3.464163 2.829442 0.000000
-4.702879 3.429887 2.564867 0.000000
-3.074877 2.129305 2.424043 0.000000
-4.606920 4.302128 2.368185 0.000000
-4.876673 4.444010 2.537203 0.000000
-8.446553 7.781935 4.118131 0.000000
-3.160875 4.953269 1.086358 0.000000
-2.769205 0.007627 7.201144 0.000000
-1.837770 0.002606 5.857530 0.000000
-1.175141 -0.005564 4.030424 0.000000
-2.038741 0.007594 7.119593 0.000000
-1.302359 0.000606 5.349251 0.000000
-1.332081 0.002413 5.772192 0.000000
-1.978937 0.797067 1.653399 0.000000
-1.986975 0.801304 1.708167 0.000000
-1.867284 0.803034 1.971351 0.000000
-1.706040 0.801441 1.978022 0.000000
-1.627771 0.803022 2.153351 0.000000
-1.819931 0.805261 2.191053 0.000000
-1.956227 0.802590 2.621120 0.000000
-1.995205 0.814380 2.889161 0.000000
-1.688395 0.805367 2.288990 0.000000
-1.860246 0.800074 2.320141 0.000000
-1.989050 0.817284 2.531384 0.000000
2.583286 1.200514 1.764069 0.000000
2.450375 1.193411 1.776368 0.000000
2.696891 1.204688 2.096653 0.000000
2.425813 1.202591 2.162100 0.000000
2.395975 1.200289 1.965746 0.000000
2.542401 1.201491 1.922130 0.000000
2.431216 1.194041 1.963848 0.000000
2.666117 1.202176 1.848366 0.000000
2.679458 1.233716 2.552785 0.000000
2.489895 1.204121 2.251003 0.000000
2.601249 1.204849 2.215090 0.000000
2.363598 1.201074 2.077751 0.000000
0.963684 6.170697 -0.014777 0.000000
0.606061 6.135736 -0.015052 0.000000
0.941804 7.991127 -0.022454 0.000000
0.645094 7.839235 -0.022217 0.000000
0.505474 7.821408 -0.022324 0.000000
0.153882 6.478283 -0.017139 0.000000
1.234682 6.337322 -0.015193 0.000000
1.094087 6.237734 -0.014919 0.000000
-0.471787 9.916963 -0.031849 0.000000
-1.093529 9.072175 -0.010311 0.000000
-0.891165 9.682553 -0.031526 0.000000
-0.650344 10.115672 -0.032847 0.000000
-0.401753 10.813217 -0.035139 0.000000
-1.095108 10.032058 -0.023758 0.000000
-0.575067 10.753628 -0.035149 0.000000
-0.751707 10.760513 -0.035416 0.000000
1.003765 13.349631 -0.042593 0.000000
2.179328 7.451762 -0.018786 0.000000
0.528127 12.136447 -0.038802 0.000000
0.321549 11.705383 -0.037489 0.000000
0.129334 11.370054 -0.036503 0.000000
-0.700861 8.227783 -0.025581 0.000000
-0.052258 11.111897 -0.035785 0.000000
3.028574 7.747608 0.063962 0.000000
1.083272 12.524085 0.895925 0.000000
1.080917 23.051782 1.008537 0.000000
-1.104401 16.581768 1.126837 0.000000
-1.113425 27.244177 1.468071 0.000000
-1.110946 24.216635 1.270073 0.000000
1.075457 34.625800 1.314417 0.000000
1.081932 19.619024 1.115001 0.000000
1.078788 27.204271 1.358977 0.000000
-1.116198 30.990837 1.589912 0.000000
-1.923923 1.418351 2.360314 0.000000
-4.513168 3.250639 3.076506 0.000000
-2.157377 1.834235 2.366749 0.000000
-1.464275 0.608482 2.306011 0.000000
-1.754341 0.825904 2.528539 0.000000
-1.491849 0.411840 2.304559 0.000000
-1.805262 1.177869 2.356345 0.000000
-1.639516 1.011705 2.313235 0.000000
-4.606744 3.498484 3.142185 0.000000
-2.031914 0.866544 2.532353 0.000000
-2.350503 2.840225 2.044023 0.000000
-2.391697 2.670545 2.170142 0.000000
-2.322368 2.487861 2.171194 0.000000
1.373651 0.588508 2.309901 0.000000
1.424144 0.423777 2.309107 0.000000
1.403743 0.618204 2.310828 0.000000
2.466241 1.201415 3.445345 0.000000
2.353304 1.212687 3.202271 0.000000
2.715914 1.203071 3.540481 0.000000
2.799829 1.200844 2.808182 0.000000
2.380646 1.208635 2.787122 0.000000
1.672723 1.045604 2.070868 0.000000
2.556731 1.209101 2.696697 0.000000
2.409599 1.213990 2.549066 0.000000
2.102855 1.200607 2.284737 0.000000
2.275917 1.201881 2.240486 0.000000
2.264480 1.210029 3.001978 0.000000
2.711018 1.202454 3.378563 0.000000
2.588249 1.201378 3.277265 0.000000
2.221486 1.208716 2.908153 0.000000
2.528152 1.200515 3.157276 0.000000
2.179769 1.207425 2.819168 0.000000
2.430613 1.210012 2.884990 0.000000
2.099085 1.204881 2.652482 0.000000
1.463601 0.002846 5.495231 0.000000
2.037609 0.010470 7.266124 0.000000
1.273221 -0.021031 4.627831 0.000000
1.225283 0.005162 6.087982 0.000000
-1.359788 0.004344 6.238373 0.000000
-1.384397 0.006439 6.758229 0.000000
-1.404371 0.008700 7.332989 0.000000
-0.954633 0.001290 5.478952 0.000000
-0.954082 0.003050 5.888655 0.000000
-0.948629 0.004940 6.341450 0.000000
-0.937094 0.006976 6.842176 0.000000
-0.917618 0.009165 7.392840 0.000000
1.340638 0.011458 7.645072 0.000000
1.280705 0.008073 6.793099 0.000000
1.378723 0.009541 7.146556 0.000000
1.174674 0.002609 5.494835 0.000000
1.340477 0.006944 6.501974 0.000000
1.127467 0.000342 4.992331 0.000000
1.301532 0.004611 5.941913 0.000000
1.627191 0.011607 7.634203 0.000000
1.262510 0.002485 5.450033 0.000000
1.224277 0.000541 5.017678 0.000000
1.550052 0.006907 6.455127 0.000000
2.447042 3.386784 1.824600 0.000000
3.070269 7.753969 1.743054 0.000000
2.662020 1.193940 0.910460 0.000000
2.573948 1.192715 0.855835 0.000000
2.439883 1.190789 0.633745 0.000000
2.254328 1.187813 0.665122 0.000000
2.630331 1.193501 0.729990 0.000000
2.659244 1.194147 1.155995 0.000000
-4.553690 3.277245 0.723322 0.000000
-4.136299 3.015692 0.525299 0.000000
-3.878944 3.786613 -0.012089 0.000000
-4.052591 3.273125 0.663184 0.000000
-4.544089 3.534530 0.799709 0.000000
-4.592874 3.269286 0.957851 0.000000
-3.937498 3.015109 0.566072 0.000000
-1.854389 0.791625 0.775980 0.000000
-1.928079 0.793143 0.902706 0.000000
-1.857987 0.792895 1.175109 0.000000
-3.518064 3.011146 0.531982 0.000000
-3.169936 3.367030 -0.008427 0.000000
-2.987146 3.331136 -0.007776 0.000000
-2.335842 2.544910 -0.001635 0.000000
-3.446752 3.747380 -0.010899 0.000000
-2.472325 2.771791 -0.003379 0.000000
-4.049841 4.296146 -0.014680 0.000000
-2.624594 3.004596 -0.005106 0.000000
-4.527865 4.884274 -0.018120 0.000000
-4.601823 4.284491 0.262773 0.000000
-4.600607 4.414911 0.124066 0.000000
-2.606886 2.760063 -0.003734 0.000000
-4.312377 4.353295 -0.015480 0.000000
-3.350061 3.357533 -0.008847 0.000000
-2.176240 2.661733 -0.001795 0.000000
-3.215603 3.637728 -0.009832 0.000000
-3.771513 4.164579 -0.013508 0.000000
-2.782705 2.067659 -0.001912 0.000000
-2.874655 2.203784 -0.003048 0.000000
-3.428047 2.632632 -0.007259 0.000000
-2.551214 2.000958 -0.000551 0.000000
-4.008749 3.016863 -0.010869 0.000000
-1.988818 0.795502 0.588785 0.000000
-3.278337 2.457983 -0.005872 0.000000
-3.797421 2.786025 -0.009160 0.000000
-3.154741 2.289170 -0.004555 0.000000
-2.708053 1.933523 -0.000822 0.000000
-3.056126 2.127793 -0.003324 0.000000
7.996287 0.008830 5.499670 0.000000
8.405922 0.013504 6.734137 0.000000
7.310970 0.008693 5.621583 0.000000
-4.177071 4.304437 1.219961 0.000000
-2.961336 5.035823 -0.015689 0.000000
-2.926018 5.279857 -0.016699 0.000000
-3.259956 5.977620 -0.020288 0.000000
-2.331308 4.267496 -0.010848 0.000000
-3.942456 6.260991 -0.022646 0.000000
-4.600319 3.541756 2.173639 0.000000
-4.601496 3.742780 1.948571 0.000000
-4.600103 3.961585 1.385452 0.000000
-4.600361 3.904696 1.199064 0.000000
-4.597372 3.239099 2.058020 0.000000
-4.597272 3.487285 1.635114 0.000000
-4.596110 3.271575 1.760957 0.000000
-3.586494 3.526552 0.779428 0.000000
-4.603383 4.093446 1.764437 0.000000
-2.569574 5.109212 -0.015272 0.000000
-2.269099 4.411982 -0.011423 0.000000
-3.713268 6.568768 -0.005430 0.000000
-3.636526 0.007507 7.252242 0.000000
2.777903 0.003753 5.425645 0.000000
3.095702 0.005387 5.756477 0.000000
3.105062 0.003727 5.340325 0.000000
3.882020 0.007863 6.209378 0.000000
-4.237446 0.003818 6.324994 0.000000
-1.858784 0.794807 1.526666 0.000000
-1.847204 0.793852 1.393172 0.000000
7.081715 0.013785 7.101351 0.000000
2.758185 1.196361 1.631103 0.000000
2.523652 1.192985 1.413794 0.000000
2.676947 1.195242 1.554743 0.000000
2.363616 3.365605 -0.000006 0.000000
2.405375 1.190568 1.089650 0.000000
2.427140 1.191153 1.213585 0.000000
2.663399 1.194414 1.278842 0.000000
-0.199518 -0.021528 3.981017 0.000000
-0.083008 -0.021518 4.132361 0.000000
-0.356161 -0.021603 3.554842 0.000000
-0.127695 -0.022068 5.157917 0.000000
0.176125 -0.021461 4.273089 0.000000
0.324531 -0.021326 3.885556 0.000000
-0.426756 -0.022376 5.426171 0.000000
-0.392456 -0.022574 2.648233 0.000000
-0.469627 -0.022284 5.303025 0.000000
-0.367103 -0.022158 2.886568 0.000000
-0.330779 -0.021852 3.144628 0.000000
-0.323782 -0.022247 5.307363 0.000000
-0.307522 -0.021738 3.281071 0.000000
-0.058514 -0.022148 5.288437 0.000000
0.467536 -0.022107 2.707294 0.000000
0.476173 -0.022604 2.477412 0.000000
0.595832 -0.021552 2.998995 0.000000
0.588148 -0.021428 3.137023 0.000000
0.595028 0.043760 2.288763 0.000000
0.367675 -0.021418 3.394243 0.000000
0.355426 -0.021319 3.718778 0.000000
0.381739 -0.021341 3.557194 0.000000
0.725975 -0.021393 4.689065 0.000000
-0.894583 0.219724 2.292456 0.000000
-0.934485 0.175339 2.292663 0.000000
-1.080950 0.372904 2.297192 0.000000
-1.206118 0.373512 2.299261 0.000000
-0.534807 0.001621 2.230569 0.000000
-0.604220 0.035192 2.286389 0.000000
1.675174 1.110415 2.218531 0.000000
2.436797 1.197333 2.617685 0.000000
2.735901 1.199980 2.700955 0.000000
1.885726 1.211229 2.541710 0.000000
2.821810 1.202791 3.305053 0.000000
1.979428 1.194875 2.804798 0.000000
3.152185 1.204928 3.434044 0.000000
1.918944 1.193341 2.653714 0.000000
3.047303 1.205292 3.747079 0.000000
2.380281 1.199915 3.219908 0.000000
3.224312 1.206349 3.858758 0.000000
2.470025 1.199638 3.043625 0.000000
2.933634 1.202526 3.038944 0.000000
2.556525 1.199205 2.822154 0.000000
1.889197 1.192562 2.582046 0.000000
1.584849 1.202599 1.919690 0.000000
0.950809 0.234156 2.297364 0.000000
0.897318 0.197699 2.295904 0.000000
1.142399 0.380212 2.302880 0.000000
0.713698 0.086804 2.291258 0.000000
1.393095 0.691709 2.311521 0.000000
1.390617 0.392112 2.308108 0.000000
3.167017 1.206532 4.032704 0.000000
2.853839 1.204697 3.836510 0.000000
3.213694 1.206851 4.091021 0.000000
2.827279 1.203996 3.652676 0.000000
1.198815 0.427795 2.304567 0.000000
-1.095514 11.853164 0.632178 0.000000
-1.108512 32.488439 0.764618 0.000000
1.083519 35.083985 1.082496 0.000000
1.086269 23.657653 0.927380 0.000000
1.086952 17.815677 0.852214 0.000000
-1.102117 20.001067 0.737330 0.000000
-1.104896 24.850392 0.775323 0.000000
-2.681088 6.565375 1.202532 0.000000
1.085320 29.407948 0.856537 0.000000
-2.384801 6.564154 1.218979 0.000000
1.608904 3.589259 1.020482 0.000000
1.087863 20.014070 0.337240 0.000000
1.086757 13.013058 0.687294 0.000000
1.086806 24.413399 0.593579 0.000000
1.086959 20.768044 0.762642 0.000000
-1.806473 0.797351 1.994000 0.000000
-3.832897 2.697113 2.814788 0.000000
-3.008455 2.239174 2.420975 0.000000
-2.804330 1.975800 2.372290 0.000000
-2.678003 1.789227 2.369980 0.000000
-2.403534 0.807288 3.151906 0.000000
-2.132468 0.805705 3.054945 0.000000
-2.125719 0.804600 2.818409 0.000000
-1.787673 0.801482 2.615875 0.000000
-2.310028 0.805748 2.857762 0.000000
-2.180879 0.803995 2.622008 0.000000
-2.244183 0.804885 2.736472 0.000000
-2.250685 0.806305 3.068806 0.000000
-2.143621 0.802063 2.280496 0.000000
-1.853951 0.798338 2.068777 0.000000
-1.813565 0.799133 2.237413 0.000000
-2.327778 0.827790 2.535489 0.000000
1.703550 0.993308 2.228350 0.000000
2.463120 1.197387 2.586215 0.000000
2.734711 1.200187 2.755484 0.000000
2.865897 1.201696 2.921048 0.000000
2.498390 1.196399 2.320551 0.000000
2.969043 1.204477 3.590466 0.000000
3.311428 1.206434 3.735721 0.000000
2.783559 1.203894 3.684090 0.000000
3.128836 1.206084 3.913679 0.000000
3.076768 1.204146 3.295400 0.000000
2.684380 1.201026 3.049741 0.000000
3.171640 1.203853 3.006058 0.000000
3.317320 1.207886 4.400239 0.000000
3.302122 1.207590 4.280050 0.000000
2.781377 1.204511 3.877294 0.000000
1.086142 30.694789 0.292097 0.000000
1.087501 23.820062 0.288787 0.000000
1.088066 19.481106 0.253344 0.000000
1.088224 16.610924 0.198117 0.000000
0.641735 20.090301 0.038603 0.000000
-0.028039 17.183253 0.032834 0.000000
-0.655091 26.077600 0.045486 0.000000
-1.102939 22.831640 0.326645 0.000000
-0.238514 26.793887 0.047451 0.000000
-1.108131 34.026821 0.226817 0.000000
-1.101449 19.620836 0.516854 0.000000
0.204197 27.970797 0.050208 0.000000
-1.105414 27.035500 0.480807 0.000000
0.693844 29.726142 0.053994 0.000000
-0.302309 16.254122 0.030899 0.000000
-0.555323 15.569992 0.029385 0.000000
-0.796864 15.082976 0.028191 0.000000
-1.797579 1.217580 2.356727 0.000000
-1.591471 0.799271 2.187444 0.000000
-2.095267 1.355795 2.361259 0.000000
-2.380567 3.001595 2.017197 0.000000
-7.387798 7.761741 3.650700 0.000000
-2.373573 2.233422 2.402080 0.000000
-4.148002 3.013831 2.945872 0.000000
-2.382189 2.415374 2.295297 0.000000
0.322713 -0.022217 5.532747 0.000000
0.390842 -0.024217 7.378928 0.000000
0.272174 -0.023970 7.143626 0.000000
0.160333 -0.023680 6.866754 0.000000
0.090693 -0.022254 5.475146 0.000000
0.057346 -0.023367 6.563395 0.000000
0.466847 -0.022052 5.411959 0.000000
0.590386 -0.021805 5.179139 0.000000
0.980003 -0.024305 7.628846 0.000000
0.642507 -0.021667 5.031966 0.000000
-0.387042 -0.021819 4.676235 0.000000
-0.188917 -0.022444 5.582702 0.000000
-0.117519 -0.022734 5.912309 0.000000
0.014649 -0.022211 5.393940 0.000000
-0.034976 -0.023045 6.241129 0.000000
0.522961 0.001619 1.908609 0.000000
0.688000 -0.021527 4.866525 0.000000
1.072676 -0.024063 7.467814 0.000000
1.150464 -0.023752 7.246437 0.000000
-0.437309 -0.021767 4.557832 0.000000
-0.533417 0.003321 2.146828 0.000000
-4.594781 3.246013 1.517299 0.000000
-4.597820 3.337017 1.998247 0.000000
-4.594836 3.249938 1.385419 0.000000
-4.593582 3.265963 1.175838 0.000000
-2.428610 0.803076 1.992688 0.000000
-2.226846 0.798875 1.972172 0.000000
-2.071396 0.796774 1.354744 0.000000
-2.037142 0.797376 1.580757 0.000000
-2.077637 0.796234 1.184320 0.000000
-2.106993 0.798537 1.651956 0.000000
-2.233408 0.799313 1.497430 0.000000
-2.325090 0.799935 1.367566 0.000000
-2.222646 0.799697 1.626590 0.000000
-3.260438 4.864747 0.013125 0.000000
-3.877505 5.612741 0.012376 0.000000
-4.604831 4.744469 0.704149 0.000000
-4.242657 3.789321 1.007076 0.000000
-4.108365 5.709338 0.011891 0.000000
-4.244960 5.617349 0.011385 0.000000
-3.676038 4.734577 0.011767 0.000000
-4.317044 5.392852 0.010854 0.000000
3.204802 1.203203 2.691523 0.000000
2.984806 1.199099 2.560845 0.000000
3.000505 1.202002 2.747892 0.000000
3.190483 1.285180 2.559342 0.000000
3.084727 1.202941 2.873653 0.000000
3.308339 1.204213 2.828763 0.000000
2.834573 1.198976 2.222523 0.000000
3.398233 1.247597 2.561457 0.000000
2.696129 1.198118 2.313803 0.000000
3.101963 1.199241 2.242047 0.000000
2.751535 1.197883 2.122540 0.000000
3.457067 1.255383 2.563906 0.000000
2.559228 1.196098 2.129644 0.000000
2.972976 1.199889 2.135220 0.000000
3.220446 1.201824 2.086989 0.000000
2.694355 1.196323 1.839331 0.000000
3.145916 1.199263 2.070316 0.000000
3.212901 1.200341 2.360237 0.000000
2.925528 1.196866 1.860061 0.000000
3.022428 1.199662 1.887593 0.000000
2.842099 1.197464 1.711363 0.000000
3.265343 1.201881 1.934825 0.000000
-2.094402 0.795823 0.914962 0.000000
-2.189031 0.798730 0.762257 0.000000
-2.216960 0.798122 1.186631 0.000000
-2.321833 0.797218 0.941703 0.000000
-3.496166 2.499443 0.304660 0.000000
-2.427374 0.798556 1.002245 0.000000
2.603700 3.379528 0.233534 0.000000
2.851821 1.196406 1.030860 0.000000
2.866220 1.196859 1.299356 0.000000
3.192505 1.198852 1.364797 0.000000
3.310692 1.202015 1.792326 0.000000
3.070975 1.199505 1.596367 0.000000
2.849084 1.197172 1.563708 0.000000
3.046531 1.199543 1.736924 0.000000
3.272868 1.199737 1.571855 0.000000
3.223180 1.200894 1.557778 0.000000
-1.478301 -0.026934 5.537232 0.000000
-2.031823 0.799967 2.540971 0.000000
-2.563096 0.870112 2.538375 0.000000
-2.207539 0.803028 2.380789 0.000000
-2.084177 0.799078 2.281889 0.000000
-2.438291 0.803745 2.930384 0.000000
-2.054197 0.799361 1.919011 0.000000
-2.032543 0.798230 2.194265 0.000000
-2.202926 0.799550 2.182033 0.000000
-2.341813 0.802609 2.056302 0.000000
-2.388839 0.807920 3.356394 0.000000
3.230161 1.205691 3.580513 0.000000
3.357128 1.205621 3.296525 0.000000
3.262509 1.204748 3.146839 0.000000
2.920280 1.201055 2.630237 0.000000
2.973072 1.304058 2.556923 0.000000
2.673988 1.199103 2.598987 0.000000
1.944177 6.117956 0.026655 0.000000
1.555514 6.486943 0.026357 0.000000
1.729988 4.176883 0.024664 0.000000
2.191437 6.522650 0.027642 0.000000
2.605348 3.378374 0.801766 0.000000
-8.968391 7.762822 4.356146 0.000000
-4.614450 5.962204 1.046431 0.000000
-4.603084 3.283037 2.954427 0.000000
-4.601607 3.553859 2.394330 0.000000
-4.603812 3.558528 2.768620 0.000000
-9.758354 7.395855 4.730071 0.000000
-4.599487 3.351910 2.284897 0.000000
-4.600526 3.253795 2.583722 0.000000
-4.055639 2.925077 2.945995 0.000000
-1.255412 5.318001 0.019011 0.000000
-4.074660 5.417321 1.115736 0.000000
2.800159 1.197147 0.497774 0.000000
3.022947 1.199746 0.598981 0.000000
2.920336 1.198884 0.334982 0.000000
3.143011 1.201044 0.654696 0.000000
3.119782 1.200952 0.484601 0.000000
3.330674 1.202994 0.655372 0.000000
3.056735 1.200397 0.380622 0.000000
-2.339842 0.800968 0.474365 0.000000
-2.122718 0.797707 0.567315 0.000000
-2.379675 0.802033 0.211966 0.000000
-2.236367 0.799562 0.439009 0.000000
-2.400112 0.802038 0.319086 0.000000
3.201564 1.201907 0.429947 0.000000
-2.162183 0.798657 0.333499 0.000000
-2.793399 2.103227 0.012433 0.000000
-2.262448 0.799765 0.712292 0.000000
-3.628560 2.583155 0.009255 0.000000
-2.696692 1.873210 0.013061 0.000000
-3.162114 2.314598 0.010891 0.000000
-3.822911 2.946833 0.008677 0.000000
-3.613105 2.500567 0.355064 0.000000
-2.366169 0.801192 0.760579 0.000000
-2.380598 0.801531 0.946924 0.000000
1.218395 0.386803 0.034687 0.000000
1.609274 0.512461 0.029083 0.000000
-1.252986 0.378832 0.030400 0.000000
-1.652229 0.573572 0.023465 0.000000
-1.425127 0.397115 0.027357 0.000000
3.322161 1.203721 0.121914 0.000000
3.124206 1.201646 0.133090 0.000000
2.875866 1.199018 0.057112 0.000000
2.405313 0.910132 0.023069 0.000000
2.675449 0.977809 0.022060 0.000000
2.995910 1.200321 0.093574 0.000000
-2.171403 0.799282 0.163952 0.000000
-2.383662 0.802358 0.120221 0.000000
2.534424 6.242841 0.023689 0.000000
1.659210 4.681622 0.021607 0.000000
2.655537 6.595188 0.024177 0.000000
1.610422 3.596632 0.169122 0.000000
3.075365 1.201056 2.248250 0.000000
2.921641 1.200062 2.329581 0.000000
-3.293205 6.175439 0.011871 0.000000
-2.244961 6.383801 0.014482 0.000000
-2.224787 5.483679 0.013936 0.000000
-2.512817 5.917387 0.013518 0.000000
-3.429265 3.775082 0.775427 0.000000
-4.079562 5.147696 1.112724 0.000000
-4.608789 5.323928 0.812817 0.000000
2.272325 5.913917 0.023030 0.000000
-9.756992 7.558595 4.676076 0.000000
-8.572345 7.765900 4.203067 0.000000
-2.082052 0.801074 2.185649 0.000000
-3.772591 2.728166 2.814749 0.000000
-2.417526 0.805803 2.724704 0.000000
-4.280320 3.018164 0.549096 0.000000
-4.073751 3.016246 0.633570 0.000000
-4.171334 4.287336 0.008088 0.000000
-3.779696 3.598884 0.008771 0.000000
-2.401636 0.800671 1.317831 0.000000
-3.499397 4.518880 0.010112 0.000000
-4.054185 5.090381 0.009056 0.000000
-2.443501 2.834474 0.013242 0.000000
3.321813 1.201509 0.988526 0.000000
3.210691 1.200391 1.041618 0.000000
3.042349 1.198603 0.847460 0.000000
2.894812 1.196890 0.963674 0.000000
3.123668 1.199499 1.100531 0.000000
2.916038 1.197158 0.785291 0.000000
3.173778 1.200092 1.242581 0.000000
3.293324 1.201316 1.323329 0.000000
3.177945 1.200061 0.915334 0.000000
-2.418378 0.801158 1.438406 0.000000
-4.599887 3.445712 2.229096 0.000000
-4.599333 3.837015 1.447815 0.000000
-4.599391 3.647021 1.821063 0.000000
-2.260699 0.801519 1.963863 0.000000
-2.184252 0.800419 1.877955 0.000000
-2.428148 0.803685 2.155948 0.000000
-2.321517 0.800562 1.577066 0.000000
-2.415070 0.801797 1.663043 0.000000
-2.394475 0.802061 1.796459 0.000000
2.203970 2.824409 0.022842 0.000000
1.471036 1.800875 0.242714 0.000000
2.606578 3.380954 0.095009 0.000000
3.187819 1.200769 1.691124 0.000000
3.118616 1.200743 1.983741 0.000000
