# .PCD v0.7 - Point Cloud Data file format
VERSION 0.7
FIELDS x y z intensity
SIZE 4 4 4 4
TYPE F F F F
COUNT 1 1 1 1
WIDTH 8614
HEIGHT 1
VIEWPOINT 0 0 0 1 0 0 0
POINTS 8614
DATA ascii
-3.777492 5.225986 1.037643 0.000000
-3.430489 5.301918 1.042376 0.000000
-3.813501 5.234764 1.036949 0.000000
-3.224550 5.266189 1.046616 0.000000
-3.876194 5.073057 1.036213 0.000000
-4.024697 5.155709 1.034851 0.000000
-2.918759 5.546148 1.076045 0.000000
-2.754593 5.456186 1.081859 0.000000
-2.624339 5.224650 1.055623 0.000000
-3.025759 5.517717 1.071263 0.000000
-2.897333 5.211690 1.052160 0.000000
-3.039826 5.235115 1.049934 0.000000
-2.481882 5.408385 1.038575 0.000000
-2.282831 5.430396 1.013142 0.000000
-4.623271 5.313035 0.424487 0.000000
-4.650419 5.012656 0.808954 0.000000
-4.631609 5.379786 0.632561 0.000000
-4.608960 5.231731 0.803527 0.000000
-4.607274 5.594047 0.403174 0.000000
-4.611789 5.020288 1.027874 0.000000
-4.583871 5.005327 1.056462 0.000000
-4.642818 5.129052 0.694169 0.000000
-4.606103 5.592874 0.388558 0.000000
-4.604375 5.621651 0.384200 0.000000
-4.629731 5.427694 0.628260 0.000000
-4.396808 5.004156 1.047791 0.000000
-4.105926 5.201517 1.034409 0.000000
-4.612611 4.947137 1.006292 0.000000
-4.652059 4.940184 0.802092 0.000000
-4.373891 4.838284 1.064142 0.000000
-4.555980 4.863793 1.059208 0.000000
-4.133350 4.821992 1.048048 0.000000
-4.647500 4.665960 1.023037 0.000000
-4.568463 4.753288 1.063063 0.000000
4.313513 5.549611 2.544488 0.000000
4.753064 5.797989 2.497887 0.000000
5.645502 5.596428 2.511039 0.000000
9.625662 5.947159 4.737069 0.000000
3.998398 5.750396 2.618456 0.000000
4.100306 5.668736 2.483534 0.000000
4.878535 5.475982 2.495009 0.000000
9.621358 5.724905 5.001230 0.000000
9.628986 5.507871 4.656133 0.000000
3.991698 5.420600 2.608835 0.000000
4.010964 5.875015 2.579534 0.000000
9.145517 5.471824 5.185831 0.000000
9.635911 5.245747 5.018816 0.000000
9.787346 5.178796 4.609898 0.000000
3.993785 5.205486 2.550633 0.000000
8.403197 5.280712 5.171583 0.000000
9.326710 5.037767 5.190870 0.000000
9.674848 4.810653 4.848002 0.000000
9.794139 4.747913 4.446938 0.000000
4.524372 6.361574 2.509591 0.000000
9.680107 6.551855 2.212233 0.000000
6.079842 6.752739 2.574113 0.000000
7.358490 6.763609 2.529610 0.000000
8.445966 6.434648 2.469801 0.000000
9.679069 6.334917 2.469083 0.000000
5.287804 6.545282 2.557489 0.000000
6.369634 6.528456 2.511206 0.000000
7.233108 6.210827 2.450872 0.000000
8.894715 6.107330 2.576864 0.000000
1.278388 5.491455 2.467435 0.000000
5.366163 6.284157 2.526800 0.000000
6.346218 6.016022 2.441964 0.000000
7.489723 5.875442 2.519187 0.000000
4.096149 6.241343 2.492768 0.000000
4.779485 6.187823 2.481417 0.000000
5.513462 5.948626 2.514344 0.000000
6.542809 5.737430 2.529509 0.000000
3.987688 6.080145 2.678637 0.000000
1.242349 4.906443 2.413910 0.000000
-2.237611 5.642137 1.102546 0.000000
-2.024292 5.420621 1.009767 0.000000
-1.891600 5.434493 1.007872 0.000000
1.119274 5.259617 2.465669 0.000000
8.577610 4.874759 5.176450 0.000000
9.543458 4.617414 5.196583 0.000000
9.628375 4.557996 4.893173 0.000000
1.020540 5.497312 2.436027 0.000000
7.891463 4.725198 5.163112 0.000000
8.778780 4.480715 5.181827 0.000000
9.624186 4.302169 5.166257 0.000000
-1.938090 5.752067 1.055630 0.000000
9.680044 6.768137 2.475596 0.000000
8.169456 4.275086 5.089602 0.000000
9.019635 4.099418 5.187957 0.000000
-2.096072 5.602778 1.101944 0.000000
1.271388 5.107054 2.405619 0.000000
8.306134 3.998682 5.174032 0.000000
-0.049064 7.056508 0.072574 0.000000
-3.702535 6.194303 0.000014 0.000000
-3.256875 6.231937 0.022725 0.000000
-3.445719 6.152387 0.020276 0.000000
-2.512109 6.535677 0.040407 0.000000
-3.107552 6.368742 0.025877 0.000000
-3.349817 6.062123 0.022230 0.000000
-2.258976 6.518912 0.043854 0.000000
-2.936452 6.367275 0.027661 0.000000
3.102481 7.765740 0.381138 0.000000
2.105258 7.349238 0.109352 0.000000
-1.994282 6.485453 0.047272 0.000000
-2.951772 6.095117 0.027391 0.000000
3.788469 7.791959 0.279166 0.000000
4.689380 7.790215 0.300487 0.000000
-4.600313 5.605133 0.073477 0.000000
9.669043 7.365586 2.242640 0.000000
7.482385 7.787119 1.714457 0.000000
9.680821 7.945113 1.676897 0.000000
9.751640 7.550716 1.491195 0.000000
9.763139 7.189985 1.390937 0.000000
8.693236 7.714274 2.194148 0.000000
9.671856 7.550373 2.164254 0.000000
9.687986 7.334795 1.744844 0.000000
9.775034 6.837448 1.437838 0.000000
9.659542 7.759683 2.536702 0.000000
9.740868 7.395055 1.126700 0.000000
9.676259 7.142933 2.013788 0.000000
9.796001 6.632528 1.708039 0.000000
8.366668 7.339751 2.581950 0.000000
9.667930 7.154091 2.494207 0.000000
9.680647 6.980657 2.234618 0.000000
9.686397 6.740467 2.001517 0.000000
7.071126 7.151971 2.557644 0.000000
8.445497 6.882073 2.584852 0.000000
7.814910 7.782650 0.655501 0.000000
5.684451 7.731243 0.171216 0.000000
-1.544157 6.361247 0.049095 0.000000
4.353603 7.791408 0.447306 0.000000
5.370412 7.789238 0.504033 0.000000
6.847221 7.784803 0.391647 0.000000
8.764923 7.778217 0.234869 0.000000
4.870575 7.760351 0.945401 0.000000
6.099276 7.787682 0.621512 0.000000
9.701520 7.676378 0.407340 0.000000
5.577954 7.790509 1.060538 0.000000
7.090412 7.786066 1.017624 0.000000
9.095177 7.779402 0.966497 0.000000
9.712959 7.448338 0.634485 0.000000
6.446295 7.789091 1.358741 0.000000
8.200822 7.783618 1.348916 0.000000
9.740108 7.669374 1.365795 0.000000
-3.712506 6.203306 0.000856 0.000000
-3.458737 6.250197 0.021332 0.000000
-4.604084 5.669316 0.402378 0.000000
-4.421721 5.383440 1.036631 0.000000
-4.301458 5.276846 1.036115 0.000000
-4.608427 5.399689 1.014636 0.000000
-3.129401 5.619586 1.079197 0.000000
-2.810850 5.608708 1.078261 0.000000
-2.600560 5.632864 1.089633 0.000000
-2.586260 5.730732 1.232088 0.000000
-0.292818 5.588619 2.421006 0.000000
-0.690873 5.587859 2.395576 0.000000
-2.525715 5.653675 1.092678 0.000000
-1.122722 5.591286 2.394393 0.000000
-1.256036 5.539407 2.379412 0.000000
-2.710224 5.728329 1.210715 0.000000
-3.580294 5.404601 1.042916 0.000000
-3.200555 5.423491 1.063159 0.000000
-3.268737 5.614495 1.072476 0.000000
2.653536 7.766765 0.236695 0.000000
-2.099660 6.718030 0.096609 0.000000
-1.983339 6.722040 0.137348 0.000000
-2.406724 6.705384 0.020932 0.000000
-2.204790 6.714295 0.059777 0.000000
-2.324536 6.673673 0.208708 0.000000
-2.025790 6.716109 0.227347 0.000000
-1.860371 6.724944 0.208704 0.000000
3.132177 7.793828 0.541742 0.000000
2.771239 7.748892 0.757483 0.000000
3.591684 7.793732 0.720082 0.000000
-2.617362 6.693473 0.025680 0.000000
-3.075907 6.567592 0.023658 0.000000
-2.909938 6.450055 0.028176 0.000000
-2.669942 6.473100 0.032552 0.000000
5.146345 7.140092 2.500713 0.000000
7.081978 7.789200 1.966005 0.000000
4.753044 7.731014 2.080274 0.000000
6.104438 7.718816 2.343765 0.000000
8.183271 7.787037 2.376917 0.000000
5.217460 7.643963 2.514462 0.000000
6.788052 7.752334 2.580365 0.000000
8.036293 7.584430 2.574907 0.000000
5.973456 7.410522 2.517523 0.000000
6.868575 7.399557 2.585878 0.000000
5.238489 7.727055 1.985038 0.000000
6.016012 7.014130 2.537466 0.000000
5.330191 6.733649 2.497867 0.000000
4.472319 6.671534 2.536554 0.000000
4.029778 6.454435 2.548556 0.000000
0.839621 5.760099 2.452335 0.000000
0.680846 5.514489 2.450552 0.000000
0.498567 5.516372 2.428211 0.000000
-0.144820 5.596130 2.410629 0.000000
3.006552 7.746260 1.281178 0.000000
3.026381 7.738923 0.991898 0.000000
4.108971 7.793461 0.921380 0.000000
-1.954269 6.684738 0.432947 0.000000
2.603371 7.796561 1.152165 0.000000
3.540294 7.795298 1.153371 0.000000
4.696378 7.792976 1.150519 0.000000
4.070210 7.795144 1.389927 0.000000
5.371880 7.791940 1.330416 0.000000
2.567465 7.797864 1.490920 0.000000
3.508059 7.742085 1.511502 0.000000
4.665463 7.794467 1.566124 0.000000
6.151020 7.791138 1.719921 0.000000
2.884079 7.792482 1.755646 0.000000
4.080989 7.737101 1.773726 0.000000
6.430033 6.784799 2.546280 0.000000
4.604815 6.785998 2.426218 0.000000
5.567158 6.577039 2.529903 0.000000
4.814900 6.566519 2.427881 0.000000
4.025589 6.100227 2.612180 0.000000
9.784697 6.081260 4.675408 0.000000
9.639458 5.916078 4.974094 0.000000
5.427221 6.955912 2.525982 0.000000
8.931937 5.438382 5.181676 0.000000
8.233288 5.272931 5.168181 0.000000
0.398624 5.578400 2.420499 0.000000
3.503391 7.796976 1.605853 0.000000
4.779020 7.722226 1.721435 0.000000
8.104200 7.785386 1.796112 0.000000
4.045909 7.796939 1.880359 0.000000
7.183167 7.703690 2.042391 0.000000
9.369971 7.782501 2.224429 0.000000
8.172151 7.787530 2.514320 0.000000
6.136735 7.776759 2.537614 0.000000
7.204913 7.594724 2.571662 0.000000
8.666207 7.325045 2.587694 0.000000
5.309712 7.348640 2.522499 0.000000
6.283600 7.199887 2.542168 0.000000
7.450230 7.031011 2.565331 0.000000
7.059897 7.787542 1.443394 0.000000
4.171200 7.791862 0.473012 0.000000
4.751170 7.791251 0.667015 0.000000
5.407544 7.790382 0.887179 0.000000
6.170008 7.789173 1.143521 0.000000
5.388785 7.762287 1.514185 0.000000
-1.784437 6.692987 0.049639 0.000000
-2.025287 6.486629 0.045374 0.000000
3.389191 7.761918 0.141793 0.000000
-3.619166 5.407808 1.041961 0.000000
-4.617270 5.340353 0.363082 0.000000
-4.632514 5.068564 0.408088 0.000000
-4.630029 5.081525 0.346712 0.000000
-4.600580 5.451138 0.174973 0.000000
-3.847710 4.429832 1.015272 0.000000
-3.721941 4.420922 1.018657 0.000000
-3.489170 4.595596 1.094206 0.000000
-4.649218 4.819614 0.604016 0.000000
-4.651414 4.753821 0.615840 0.000000
-4.639884 4.883862 0.417631 0.000000
1.557167 3.887554 1.918324 0.000000
1.647150 4.047998 1.926436 0.000000
1.644344 4.032080 1.660109 0.000000
2.394999 3.954658 1.562514 0.000000
1.648689 3.961881 2.077019 0.000000
1.641937 4.024610 1.420439 0.000000
1.402955 3.875703 2.291967 0.000000
1.560236 3.905739 2.198394 0.000000
1.699993 4.136742 2.074904 0.000000
1.643931 3.952557 1.625767 0.000000
1.560257 3.706546 2.213738 0.000000
1.554510 3.878263 1.665166 0.000000
1.421773 3.784210 2.491376 0.000000
1.558686 3.797682 2.064793 0.000000
3.523827 3.928195 1.578308 0.000000
9.664241 2.794759 2.492847 0.000000
9.717040 2.767214 2.147694 0.000000
5.531742 3.571760 2.549423 0.000000
7.130716 3.297499 2.456255 0.000000
9.052824 2.725078 2.623700 0.000000
9.666784 2.589623 2.307488 0.000000
3.431623 3.924724 2.087337 0.000000
3.557387 3.874211 1.940163 0.000000
3.403718 3.923899 1.695506 0.000000
2.999646 3.903696 2.007527 0.000000
2.943999 3.931007 1.804943 0.000000
3.128004 3.930629 1.669069 0.000000
3.074650 3.925799 1.486721 0.000000
2.589269 3.937326 2.094259 0.000000
2.434987 3.935090 1.829264 0.000000
2.768335 3.932911 1.752005 0.000000
2.624348 3.931415 1.503546 0.000000
-1.879400 4.689464 1.060019 0.000000
1.135745 3.346386 2.437411 0.000000
1.249404 3.213114 2.288504 0.000000
-2.267854 4.850260 1.058578 0.000000
-2.132215 4.816692 1.059270 0.000000
1.396703 3.356039 2.426509 0.000000
-2.422453 4.828760 1.057612 0.000000
-2.176203 4.765496 1.058987 0.000000
1.389158 3.624642 2.492499 0.000000
1.560361 3.504940 2.232438 0.000000
1.555885 3.787629 1.802390 0.000000
-1.927912 4.979223 1.060619 0.000000
1.521060 3.541821 2.440737 0.000000
8.143797 3.145665 2.603944 0.000000
1.107862 3.486749 2.486853 0.000000
1.559014 3.401867 2.110054 0.000000
-3.511773 5.825047 0.010381 0.000000
-3.357312 5.853670 0.000651 0.000000
-3.740023 5.851924 0.012114 0.000000
-1.727683 5.899696 0.049711 0.000000
-3.165815 5.885812 0.000068 0.000000
7.557647 5.549832 0.221359 0.000000
-2.159437 5.954878 0.048334 0.000000
-2.836636 5.846157 0.005698 0.000000
9.725096 5.277460 0.465839 0.000000
1.252270 5.622158 0.104787 0.000000
-2.704503 5.871499 0.028695 0.000000
9.726650 5.113342 0.635503 0.000000
9.726236 4.911998 0.417449 0.000000
-0.818808 5.629761 0.057138 0.000000
-4.590471 5.606191 0.109959 0.000000
9.729691 4.924257 1.045190 0.000000
8.656928 3.486587 2.612657 0.000000
9.733441 3.727082 0.819068 0.000000
9.761197 3.748948 2.214415 0.000000
9.725875 3.622585 1.928510 0.000000
9.737706 3.777876 1.593715 0.000000
9.735851 3.491843 1.055936 0.000000
9.665889 3.527137 2.553241 0.000000
9.730793 3.426175 2.106162 0.000000
9.738660 3.587264 1.610132 0.000000
9.712251 3.305178 1.231921 0.000000
9.735217 3.968727 1.315358 0.000000
9.680899 3.295123 2.572916 0.000000
9.737026 3.258162 2.067616 0.000000
9.713773 3.127645 1.533250 0.000000
7.426094 3.522169 2.588025 0.000000
9.501236 3.063934 2.631071 0.000000
9.738439 3.023418 2.343810 0.000000
9.715365 2.948852 1.837635 0.000000
6.400645 3.549865 2.567251 0.000000
9.796363 4.274722 1.138687 0.000000
9.728496 4.729668 0.697140 0.000000
9.726787 4.515100 0.222994 0.000000
-2.115991 5.658499 0.054064 0.000000
9.731336 4.758486 1.216464 0.000000
9.730821 4.546977 0.978350 0.000000
9.728159 4.535950 0.493285 0.000000
1.533959 5.266107 0.111371 0.000000
9.733791 4.579673 1.510795 0.000000
9.730446 4.347547 0.765462 0.000000
9.730167 4.162469 0.573482 0.000000
9.775839 4.248791 1.743188 0.000000
9.735693 4.178266 1.548721 0.000000
9.732799 4.158551 1.039386 0.000000
9.780241 3.806780 0.713913 0.000000
9.785627 3.991419 2.148116 0.000000
9.782889 3.807672 1.620629 0.000000
-3.278122 5.772592 0.010253 0.000000
1.949265 4.932087 0.120327 0.000000
-2.791072 5.697582 0.002590 0.000000
9.707655 3.491867 0.477684 0.000000
-1.405289 5.449918 0.000683 0.000000
-3.179408 5.646991 0.012722 0.000000
9.708940 3.309408 0.764800 0.000000
8.117780 3.478927 0.239976 0.000000
-3.474493 5.618753 0.010465 0.000000
9.741130 3.165279 0.991830 0.000000
9.705826 2.894636 0.540704 0.000000
-1.194828 5.284841 0.061596 0.000000
-4.595444 5.516446 0.182908 0.000000
9.708288 2.611092 1.037774 0.000000
-2.862150 5.677828 0.011201 0.000000
1.548358 3.834993 1.027798 0.000000
1.638768 4.116432 1.078370 0.000000
1.636474 4.035901 0.824345 0.000000
1.634834 4.008071 0.628235 0.000000
2.363932 3.946539 0.489455 0.000000
1.645434 4.158130 0.421894 0.000000
1.550068 3.813429 1.214857 0.000000
2.683697 3.985657 0.371960 0.000000
1.637595 3.952061 0.958337 0.000000
1.634690 3.959690 0.612792 0.000000
1.546713 3.810299 0.840173 0.000000
1.556716 3.945895 0.612315 0.000000
1.552724 3.637857 1.494317 0.000000
1.430415 3.640515 1.219891 0.000000
3.447986 3.912119 0.538418 0.000000
9.728354 2.783522 0.754577 0.000000
9.741589 2.661229 0.322430 0.000000
-2.777723 5.587114 0.013138 0.000000
9.711263 2.576198 1.466919 0.000000
9.731171 2.559837 0.976509 0.000000
3.935864 3.932942 0.333055 0.000000
-1.350201 5.248926 0.031428 0.000000
3.429332 3.977748 0.822724 0.000000
3.501729 3.934650 0.796753 0.000000
3.528563 3.940473 0.017620 0.000000
3.077273 3.979502 1.114169 0.000000
3.087730 3.940551 0.784996 0.000000
3.094449 3.960403 0.449482 0.000000
3.173802 3.940697 0.366716 0.000000
2.523037 3.940515 1.088508 0.000000
2.737437 3.942407 0.903036 0.000000
2.668492 3.950732 0.718555 0.000000
-4.615427 5.206800 0.016444 0.000000
-1.886978 3.479867 1.826677 0.000000
-2.104405 3.707653 1.646419 0.000000
-0.926023 2.649628 2.417330 0.000000
-0.479635 2.404169 2.405189 0.000000
-2.269188 3.755469 1.643959 0.000000
-1.164697 2.622679 2.542959 0.000000
-0.705298 2.499316 2.404525 0.000000
-2.568901 3.720551 1.602067 0.000000
-0.916885 2.588861 2.403805 0.000000
-2.026878 3.539849 1.825709 0.000000
-1.190622 2.457062 2.413795 0.000000
-2.743729 3.684983 1.604219 0.000000
0.118762 2.576838 2.450882 0.000000
-0.086853 2.410689 2.448173 0.000000
0.594694 2.265519 2.580722 0.000000
-1.858725 3.748074 1.649510 0.000000
-0.599144 2.623848 2.433806 0.000000
-0.354645 2.521983 2.440723 0.000000
0.356592 2.210555 2.400240 0.000000
-0.775531 2.681266 2.428954 0.000000
-2.632225 3.551752 1.846541 0.000000
-2.523629 3.495872 1.847976 0.000000
-3.387371 4.527087 1.094777 0.000000
-2.800416 3.440439 1.821412 0.000000
-2.834262 3.744620 1.604670 0.000000
-2.332250 3.502818 1.831447 0.000000
3.518286 2.048710 2.037661 0.000000
1.553753 3.232627 1.593825 0.000000
1.551200 3.432336 1.333832 0.000000
1.700748 2.831424 2.241703 0.000000
2.445062 2.543110 2.275514 0.000000
3.577241 2.062107 2.280429 0.000000
1.548384 3.304284 1.336853 0.000000
1.440856 2.884744 2.223307 0.000000
2.136709 2.631713 2.348646 0.000000
3.025143 2.280755 2.221618 0.000000
3.066092 2.459333 2.246018 0.000000
1.358774 2.754179 2.312178 0.000000
1.601463 2.611533 2.246893 0.000000
2.604078 2.314958 2.250831 0.000000
1.379969 2.650023 2.534209 0.000000
1.441087 2.756899 2.252591 0.000000
2.222788 2.423562 2.228302 0.000000
3.261665 2.111669 2.266314 0.000000
1.554145 3.547310 1.638197 0.000000
1.549146 3.683456 1.115935 0.000000
1.558212 3.699691 0.815380 0.000000
1.553449 3.472698 1.567958 0.000000
1.131079 2.668840 2.579191 0.000000
1.516157 3.462808 1.020365 0.000000
1.436382 3.334773 1.818265 0.000000
1.399207 3.374507 1.638477 0.000000
2.019747 2.845243 2.378428 0.000000
1.246380 2.382576 2.378613 0.000000
-0.164933 2.682876 2.443130 0.000000
0.429916 2.460841 2.459235 0.000000
0.819442 2.377151 2.468829 0.000000
-0.235908 2.725443 2.440974 0.000000
0.702795 2.456388 2.489817 0.000000
1.345509 2.122653 2.524957 0.000000
1.214340 2.231920 2.597579 0.000000
0.342059 2.513169 2.456668 0.000000
0.674464 2.391577 2.465461 0.000000
1.164966 2.451603 2.588149 0.000000
1.830936 2.500205 2.219422 0.000000
2.670673 2.093949 2.388764 0.000000
0.969239 2.635191 2.469362 0.000000
1.361323 2.511725 2.479312 0.000000
1.421056 2.596395 2.339693 0.000000
2.317990 2.245368 2.231327 0.000000
0.618647 2.746095 2.460299 0.000000
-2.608960 4.934934 1.056097 0.000000
1.293633 2.485715 2.318418 0.000000
1.826480 2.217724 2.235470 0.000000
0.208757 2.731842 2.553065 0.000000
0.815658 2.554074 2.575458 0.000000
0.040020 2.623954 2.448536 0.000000
4.442289 4.224850 2.523818 0.000000
4.777822 4.471373 2.529780 0.000000
5.885316 4.244064 2.553721 0.000000
9.690803 3.457856 4.957711 0.000000
3.994229 4.563697 2.706940 0.000000
4.199821 4.440820 2.448040 0.000000
5.051258 4.212415 2.576800 0.000000
9.620182 3.318066 5.197228 0.000000
9.636201 3.385427 4.775233 0.000000
3.990354 4.335014 2.632825 0.000000
3.996289 4.696054 2.556844 0.000000
8.879757 3.211886 5.201513 0.000000
9.626894 3.001103 5.095336 0.000000
9.627717 2.998611 4.670447 0.000000
3.817247 4.143964 2.493936 0.000000
8.163525 3.124079 5.187011 0.000000
9.212056 2.869280 5.209902 0.000000
9.702480 2.689026 4.825223 0.000000
3.998397 4.096639 2.638258 0.000000
4.389486 4.993121 2.458601 0.000000
9.709299 4.545770 2.293672 0.000000
5.734097 5.168490 2.482425 0.000000
6.957879 4.985668 2.524755 0.000000
8.550544 4.634910 2.605751 0.000000
9.674851 4.564013 2.569854 0.000000
4.825853 5.058858 2.562171 0.000000
6.020931 4.911899 2.506810 0.000000
7.293853 4.441468 2.458977 0.000000
9.111769 4.279672 2.618322 0.000000
1.299130 4.443693 2.480092 0.000000
5.198816 4.760489 2.537321 0.000000
6.360614 4.541730 2.562160 0.000000
7.847325 4.266673 2.593286 0.000000
3.993889 4.870978 2.635673 0.000000
4.531380 4.794930 2.477636 0.000000
5.591422 4.535398 2.471525 0.000000
6.784931 4.254834 2.571990 0.000000
9.679214 3.859241 4.795906 0.000000
-2.327979 5.316929 1.065982 0.000000
-2.051831 5.212845 1.069019 0.000000
-2.067822 5.082098 1.060173 0.000000
1.121866 4.162669 2.450267 0.000000
-2.526699 5.211662 1.056692 0.000000
-1.917811 5.059532 1.060919 0.000000
1.412364 4.169824 2.457094 0.000000
-2.204778 5.102878 1.059336 0.000000
2.825751 3.950417 2.988896 0.000000
3.864644 3.943592 3.333422 0.000000
3.885895 3.942694 3.088304 0.000000
9.653454 2.460391 4.870505 0.000000
-1.910311 5.202544 1.070093 0.000000
3.325615 3.946702 3.036341 0.000000
3.305330 3.897765 2.805186 0.000000
1.138329 4.530330 2.406008 0.000000
9.670479 4.724994 2.573178 0.000000
2.876321 3.926643 2.696682 0.000000
1.227750 4.315495 2.434742 0.000000
2.493589 3.943104 2.697567 0.000000
9.699782 7.329613 0.221107 0.000000
-2.640902 6.142146 0.027946 0.000000
-3.010127 6.137698 0.027317 0.000000
-0.837173 6.341834 0.063837 0.000000
-0.688317 6.323663 0.055034 0.000000
9.737414 7.033546 0.790374 0.000000
9.720346 6.974532 0.311343 0.000000
-0.873225 6.119013 0.064086 0.000000
9.736482 6.844679 0.836574 0.000000
9.742537 6.773243 0.578780 0.000000
9.693651 5.364113 2.376810 0.000000
9.603836 5.841760 2.101845 0.000000
9.695687 5.764698 1.886315 0.000000
9.795664 5.452220 1.545287 0.000000
9.699224 5.332150 1.237378 0.000000
9.691990 5.743620 2.489568 0.000000
9.694647 5.565038 2.130881 0.000000
9.703789 5.326336 1.962425 0.000000
9.775617 5.170531 1.548745 0.000000
9.100126 5.464106 2.613248 0.000000
9.744160 5.572565 1.170938 0.000000
9.683037 5.024538 2.073619 0.000000
9.784585 4.873909 1.728304 0.000000
7.752991 5.376832 2.576367 0.000000
9.488364 5.082132 2.622452 0.000000
9.691652 4.825477 2.307550 0.000000
9.730366 4.698056 1.911277 0.000000
6.722881 5.358702 2.526594 0.000000
8.049084 4.930692 2.467521 0.000000
9.789644 6.059090 0.871942 0.000000
9.745551 6.466365 0.350936 0.000000
-1.335146 6.182388 0.044662 0.000000
9.705867 6.734357 1.136590 0.000000
9.765013 6.569582 0.848679 0.000000
9.733380 6.280579 0.464563 0.000000
9.735689 6.019801 0.356625 0.000000
9.796820 6.445836 1.552551 0.000000
9.787639 6.364856 1.119476 0.000000
-2.443072 5.139538 1.057471 0.000000
9.744295 5.866740 0.539299 0.000000
9.771908 6.309085 1.779807 0.000000
9.771748 6.012681 1.261507 0.000000
9.783448 5.868039 1.020475 0.000000
9.791628 5.769896 0.638153 0.000000
9.781871 6.015141 1.905666 0.000000
9.696780 5.964905 1.641007 0.000000
9.695795 5.693160 1.330114 0.000000
-3.776359 5.018275 1.037332 0.000000
-3.552705 5.008620 1.077715 0.000000
-3.870703 4.956234 1.039790 0.000000
-2.956776 5.021651 1.052250 0.000000
-2.734980 5.185506 1.054354 0.000000
-3.029630 5.039861 1.051252 0.000000
-3.224656 5.088639 1.048234 0.000000
-3.914884 4.607865 1.099288 0.000000
-3.585102 4.915005 1.039490 0.000000
-3.615832 4.793660 1.042528 0.000000
-3.626350 4.937102 1.039043 0.000000
-3.573566 4.767049 1.042928 0.000000
-4.187313 4.627736 1.125026 0.000000
-4.183505 4.401324 1.009502 0.000000
-4.338733 4.470322 1.054520 0.000000
-3.353310 4.840745 1.061051 0.000000
-2.967250 4.969333 1.052423 0.000000
-3.164820 4.812478 1.090984 0.000000
-2.455378 4.777710 1.057427 0.000000
-2.222107 4.716027 1.058717 0.000000
-4.263460 4.607682 1.124629 0.000000
-4.536581 4.472744 1.004280 0.000000
-4.667410 4.493739 1.006086 0.000000
-4.659451 4.760319 0.905162 0.000000
-4.661462 4.572341 0.830348 0.000000
-2.579602 5.911669 0.040418 0.000000
-2.393959 5.739578 0.004206 0.000000
-1.300500 5.628970 0.069486 0.000000
-0.190362 5.451243 0.067303 0.000000
0.918670 5.157878 0.085339 0.000000
9.749004 4.843785 0.309116 0.000000
9.732099 4.186119 0.313979 0.000000
9.708197 3.771069 0.394602 0.000000
9.727028 4.798399 0.480580 0.000000
9.729035 4.330666 0.497233 0.000000
9.731125 3.871161 0.516738 0.000000
0.300861 2.847085 2.451930 0.000000
0.620888 3.116747 2.581768 0.000000
0.832317 2.855031 2.474223 0.000000
0.317468 3.128899 2.457987 0.000000
0.709422 2.867922 2.593817 0.000000
-1.909367 4.436495 1.234334 0.000000
-2.035702 4.577520 1.374320 0.000000
0.011216 2.939558 2.444163 0.000000
0.492068 2.720919 2.592398 0.000000
-0.065761 2.927568 2.566762 0.000000
1.329518 2.901951 2.286613 0.000000
1.641508 3.139913 2.030508 0.000000
1.833465 2.694939 2.058254 0.000000
1.287909 3.043428 2.312924 0.000000
1.626488 2.879231 2.029023 0.000000
1.389676 3.053346 2.447695 0.000000
1.162242 3.036915 2.482551 0.000000
1.307202 2.888511 2.487347 0.000000
0.969779 3.011015 2.596775 0.000000
1.135362 2.802056 2.482996 0.000000
-2.316827 4.038081 1.551107 0.000000
-2.865713 4.770235 1.108283 0.000000
-2.622805 4.488901 1.278747 0.000000
-3.109141 4.721315 1.068155 0.000000
-2.440186 4.028290 1.471695 0.000000
-2.403152 4.490292 1.302316 0.000000
-2.995831 4.486750 1.218690 0.000000
-2.777212 4.740599 1.111783 0.000000
-1.870917 4.036879 1.546159 0.000000
-2.225714 4.463893 1.232909 0.000000
-2.048342 4.006742 1.549590 0.000000
2.728348 3.939367 1.010656 0.000000
9.713190 2.755795 1.640911 0.000000
9.714741 2.568469 1.939100 0.000000
9.731989 2.790656 2.312110 0.000000
3.546386 3.956039 1.368408 0.000000
9.783629 3.170573 1.604721 0.000000
9.672937 2.879955 2.551745 0.000000
3.834536 3.944120 1.453684 0.000000
2.859131 3.936466 1.230516 0.000000
8.461745 2.927852 2.572647 0.000000
3.254979 3.931764 1.405138 0.000000
2.509175 3.938736 1.319409 0.000000
9.785536 4.029336 1.272168 0.000000
9.794582 4.450510 0.783408 0.000000
9.710892 4.044780 0.622310 0.000000
9.709402 3.658785 0.634878 0.000000
9.733721 3.960078 1.050476 0.000000
9.710787 3.483058 0.931178 0.000000
9.708569 2.960287 0.899064 0.000000
9.713687 3.698005 1.216665 0.000000
9.710878 2.771508 1.317689 0.000000
9.738521 3.355829 1.407926 0.000000
9.747863 2.924574 1.474163 0.000000
1.554768 3.692839 1.697545 0.000000
1.464437 3.400525 1.907068 0.000000
2.715801 2.701498 2.280233 0.000000
2.308893 2.750797 2.269680 0.000000
2.877772 3.934108 1.498313 0.000000
1.639858 4.027170 1.203180 0.000000
1.617655 3.938167 1.041264 0.000000
1.552212 3.878106 1.436352 0.000000
1.218104 3.856663 2.436623 0.000000
7.703936 3.988841 2.556390 0.000000
9.619265 4.158228 2.481904 0.000000
7.722776 4.774555 2.554362 0.000000
8.282093 4.525191 2.469194 0.000000
8.896314 4.003389 2.576783 0.000000
9.534312 3.557120 2.588944 0.000000
6.626372 4.704010 2.535465 0.000000
7.145305 4.363987 2.545568 0.000000
9.053214 4.858558 2.576938 0.000000
8.287973 3.574810 2.567689 0.000000
5.700170 4.643205 2.519238 0.000000
6.188407 4.326171 2.528896 0.000000
6.701490 3.984578 2.452113 0.000000
7.240018 3.588453 2.549597 0.000000
4.844573 4.484915 2.459031 0.000000
5.366442 4.292639 2.514351 0.000000
5.982395 3.936588 2.444463 0.000000
9.799481 5.033334 1.351957 0.000000
9.742661 5.613856 1.704580 0.000000
9.751581 5.322471 1.408437 0.000000
9.798132 4.812355 1.432220 0.000000
9.752259 5.599811 1.939498 0.000000
9.761046 5.068046 1.806271 0.000000
9.770391 4.606757 1.681231 0.000000
6.245529 3.543856 2.446685 0.000000
9.686068 5.246747 2.167057 0.000000
9.768656 4.816385 2.046125 0.000000
9.774315 4.569663 2.127900 0.000000
9.678163 4.112497 1.947885 0.000000
9.681369 5.028516 2.430502 0.000000
9.678915 4.795923 2.321491 0.000000
9.687853 4.375219 2.291216 0.000000
2.613799 3.993736 2.487614 0.000000
3.572578 3.883562 3.183833 0.000000
2.929366 3.953311 3.016032 0.000000
1.650279 4.067132 2.210891 0.000000
3.464835 3.923056 2.779601 0.000000
2.061613 3.929888 2.670768 0.000000
1.212286 4.089361 2.435426 0.000000
1.516570 3.947392 2.507503 0.000000
9.715202 3.139870 4.736141 0.000000
4.245163 4.488574 2.426105 0.000000
4.657058 4.262679 2.501594 0.000000
5.119978 3.932399 2.435747 0.000000
5.417900 3.789751 2.458713 0.000000
3.999696 4.437678 2.590324 0.000000
4.031509 4.323054 2.558856 0.000000
4.546339 3.896404 2.429306 0.000000
3.999602 3.961784 2.581452 0.000000
3.048569 3.927136 2.163402 0.000000
9.652063 2.963381 4.895222 0.000000
9.641584 2.573833 4.678530 0.000000
3.215195 3.952289 2.517490 0.000000
2.700189 3.886711 2.110630 0.000000
9.616459 2.637215 5.177068 0.000000
-1.241399 1.695317 2.270446 0.000000
-2.269776 2.724908 2.316508 0.000000
-1.810455 2.169153 2.406621 0.000000
-1.614212 1.975954 2.275236 0.000000
-1.502485 1.739199 2.274219 0.000000
-1.803651 1.914622 2.317571 0.000000
-1.745654 1.624619 2.324665 0.000000
-1.433982 1.840257 2.272967 0.000000
-2.043647 2.158818 2.585461 0.000000
-1.803795 1.996984 2.505967 0.000000
-3.594441 4.231159 1.024056 0.000000
-2.028378 1.802693 2.417078 0.000000
-1.852782 1.627350 2.419768 0.000000
-1.515849 2.328542 2.272806 0.000000
-1.537801 2.426668 2.272801 0.000000
-1.338683 2.214150 2.270672 0.000000
-1.195741 1.936709 2.436955 0.000000
-0.677775 1.672744 2.445550 0.000000
-1.990689 2.935557 2.016237 0.000000
-1.103798 1.845166 2.268139 0.000000
-0.892212 1.751764 2.442438 0.000000
-2.120954 2.925959 2.020704 0.000000
-1.307382 1.986510 2.270786 0.000000
-1.009791 1.750930 2.441966 0.000000
-1.988071 2.746698 2.245263 0.000000
-1.668900 2.237812 2.275217 0.000000
-1.279628 1.724734 2.470769 0.000000
-2.181545 2.782673 2.264353 0.000000
-1.740093 2.035830 2.316261 0.000000
-3.648155 4.268207 1.026092 0.000000
-3.468624 4.230276 0.951405 0.000000
-3.801412 4.392142 1.017829 0.000000
-3.624490 4.231684 0.946474 0.000000
-3.360658 4.288825 1.009855 0.000000
-2.171867 1.740896 2.448590 0.000000
-0.724079 1.465266 2.580834 0.000000
1.054617 1.851425 2.420925 0.000000
1.326182 2.013456 2.280839 0.000000
1.469894 1.966581 2.380350 0.000000
1.577831 1.763575 2.153739 0.000000
1.045224 2.256317 2.475094 0.000000
1.257309 1.848267 2.448560 0.000000
1.577748 1.740188 2.296993 0.000000
1.423821 1.436948 2.362102 0.000000
1.576095 1.985730 1.949026 0.000000
1.550301 1.418187 2.490910 0.000000
1.501568 1.392893 2.239602 0.000000
0.914280 1.935453 2.444967 0.000000
1.184984 1.678139 2.537208 0.000000
2.727851 0.308330 2.938940 0.000000
0.600512 2.015797 2.441576 0.000000
2.357580 1.738122 2.014248 0.000000
2.810359 1.827154 2.200862 0.000000
2.840638 1.739396 2.039177 0.000000
2.545172 1.717618 1.853266 0.000000
2.037225 2.490821 2.237232 0.000000
2.415331 2.107538 2.321800 0.000000
2.467123 1.728053 2.157371 0.000000
2.308336 1.725981 1.960968 0.000000
1.748054 2.577204 2.026223 0.000000
2.011480 2.023191 2.307888 0.000000
0.973783 1.798361 2.407334 0.000000
1.656502 2.049928 1.807280 0.000000
1.465379 2.495245 2.142560 0.000000
1.797449 2.204872 2.119670 0.000000
2.004179 1.744341 2.368328 0.000000
1.468941 2.367612 2.305295 0.000000
1.456790 1.948837 2.077400 0.000000
-0.449158 1.947378 2.438890 0.000000
-0.567176 2.163244 2.416998 0.000000
-0.069883 1.930859 2.418996 0.000000
0.056960 1.405023 2.455769 0.000000
-0.658043 2.030661 2.443862 0.000000
-0.209371 1.872244 2.442008 0.000000
-0.036132 1.421375 2.454979 0.000000
-0.838904 2.417571 2.263361 0.000000
-0.204979 1.499974 2.452201 0.000000
-1.048472 2.531365 2.265953 0.000000
-0.883547 2.144986 2.442186 0.000000
-0.734766 1.805991 2.456541 0.000000
-0.448066 1.588561 2.448816 0.000000
-1.382774 2.482539 2.270541 0.000000
-1.148430 2.091632 2.268287 0.000000
-0.955912 1.930082 2.454367 0.000000
0.791044 1.298793 2.452666 0.000000
1.250266 1.366531 2.461041 0.000000
0.056295 2.252516 2.419880 0.000000
0.310153 2.090735 2.438338 0.000000
0.618398 1.616211 2.452238 0.000000
0.958409 1.337975 2.483096 0.000000
-0.024569 2.374103 2.450015 0.000000
0.040452 2.160867 2.435242 0.000000
0.516054 1.658838 2.420820 0.000000
-0.053752 2.015272 2.433589 0.000000
0.322181 1.707281 2.448667 0.000000
0.524363 1.565949 2.453216 0.000000
-0.328199 2.051376 2.418014 0.000000
0.085047 1.939713 2.409657 0.000000
0.211933 1.474031 2.433695 0.000000
-4.647861 4.630975 0.425877 0.000000
-4.658485 4.513522 0.657503 0.000000
-4.638268 4.902606 0.380334 0.000000
-4.649980 4.551661 0.427619 0.000000
-3.977284 4.211797 0.857484 0.000000
2.542252 2.366193 2.212382 0.000000
-3.009311 4.297447 1.347191 0.000000
-2.878672 4.007017 1.475790 0.000000
-2.824715 3.971083 1.475642 0.000000
-2.772802 4.017881 1.508140 0.000000
-3.235601 4.731193 1.042401 0.000000
-3.190030 4.492004 1.219717 0.000000
-2.928635 4.281379 1.427576 0.000000
-3.011446 4.315900 1.426500 0.000000
1.556969 3.871933 0.423097 0.000000
2.782744 3.945654 0.475923 0.000000
1.645742 4.083597 0.239858 0.000000
1.567889 3.989205 0.329560 0.000000
1.634264 3.972173 0.546871 0.000000
1.557663 3.749114 0.518812 0.000000
1.558403 3.625344 0.615599 0.000000
1.559200 3.498599 0.715022 0.000000
2.142708 3.953393 0.124622 0.000000
-1.911803 5.459061 0.015316 0.000000
-1.737013 5.294787 0.019085 0.000000
-1.592344 5.119876 0.023130 0.000000
2.811042 4.475025 0.116850 0.000000
2.860266 4.230809 0.118301 0.000000
3.119120 3.942690 0.167402 0.000000
3.563017 3.938689 0.214868 0.000000
3.376550 1.789640 1.751590 0.000000
3.641724 2.195215 1.674739 0.000000
3.642789 1.908361 1.519425 0.000000
3.598179 2.261065 1.851946 0.000000
3.473590 2.157966 1.799589 0.000000
3.512317 1.691341 1.675544 0.000000
3.490867 2.102256 1.907690 0.000000
3.556224 1.833142 1.914340 0.000000
3.482326 1.825826 2.030038 0.000000
3.502356 1.793612 1.893535 0.000000
3.048736 1.699868 1.623046 0.000000
3.542823 1.838258 2.349635 0.000000
3.082846 1.736755 2.115933 0.000000
2.723682 1.799404 1.808327 0.000000
1.559042 3.573059 0.920364 0.000000
1.557968 3.274996 0.891114 0.000000
3.641809 2.094319 1.371601 0.000000
1.440859 3.367524 1.114449 0.000000
3.643765 2.021998 1.549499 0.000000
9.766753 5.464951 1.369754 0.000000
4.617583 6.533931 2.483668 0.000000
6.184750 7.278801 2.548298 0.000000
8.160867 6.943673 2.579232 0.000000
5.325967 7.013540 2.528359 0.000000
6.165946 6.968645 2.514251 0.000000
7.074769 6.686925 2.559129 0.000000
4.488395 6.981880 2.533748 0.000000
6.150833 6.468972 2.541772 0.000000
9.468601 7.253331 2.603101 0.000000
3.989536 5.814733 2.634125 0.000000
7.867497 7.787036 2.063356 0.000000
4.599154 7.764837 1.234046 0.000000
5.881788 7.790698 1.363495 0.000000
7.639362 7.785694 1.430227 0.000000
4.104848 7.728866 1.441991 0.000000
5.212337 7.765744 1.752488 0.000000
6.786787 7.789155 1.682187 0.000000
8.877244 7.782824 1.802029 0.000000
4.728329 7.771276 1.993761 0.000000
6.045844 7.792135 1.926733 0.000000
9.674183 7.793739 2.023337 0.000000
5.336894 7.638204 2.051149 0.000000
6.992192 7.790643 2.313487 0.000000
9.182130 7.784145 2.527704 0.000000
9.673422 7.577903 2.270789 0.000000
7.111547 7.635399 2.556987 0.000000
8.337942 7.582206 2.555824 0.000000
-0.543943 5.565835 2.399960 0.000000
-2.147181 5.728143 1.260719 0.000000
0.921239 5.588273 2.456501 0.000000
9.483064 5.694367 5.191825 0.000000
9.667957 5.369341 4.847274 0.000000
8.750247 5.496492 5.177848 0.000000
9.620531 5.073705 5.180049 0.000000
8.118776 5.397655 5.039136 0.000000
8.957788 4.801915 5.140104 0.000000
8.294534 4.800457 5.171006 0.000000
1.299238 5.344645 2.409292 0.000000
0.137201 5.547824 2.434432 0.000000
3.529820 7.734327 1.202550 0.000000
-3.828356 5.426128 1.037057 0.000000
4.999665 7.790585 0.639958 0.000000
2.876169 7.741066 0.315292 0.000000
2.565400 7.794353 0.512123 0.000000
3.299640 7.737282 0.464459 0.000000
2.854170 7.769243 0.611412 0.000000
3.874784 7.793035 0.659179 0.000000
2.617984 7.795541 0.871919 0.000000
3.436918 7.794470 0.864707 0.000000
4.453389 7.792550 0.861819 0.000000
5.740255 7.789429 0.861168 0.000000
3.039329 7.795751 1.067599 0.000000
3.961501 7.794278 1.077594 0.000000
5.117340 7.791792 1.094805 0.000000
6.620130 7.704876 1.172515 0.000000
2.509112 7.793326 0.182862 0.000000
9.757203 6.335441 0.810991 0.000000
1.409937 5.888761 0.090969 0.000000
9.722552 6.673647 0.251340 0.000000
9.725755 6.306776 0.223503 0.000000
9.770010 5.973779 0.387272 0.000000
9.735885 5.680428 0.272137 0.000000
9.739269 6.450840 0.462477 0.000000
9.738385 6.001372 0.554415 0.000000
9.745669 5.731905 0.488884 0.000000
9.793584 5.496354 0.417344 0.000000
0.529423 6.025986 0.076860 0.000000
9.778368 5.971953 0.993633 0.000000
9.765373 5.406298 0.920985 0.000000
9.764951 5.287964 0.821118 0.000000
9.774209 6.089666 1.004092 0.000000
9.795370 5.731024 1.189867 0.000000
9.786414 5.336084 1.196509 0.000000
9.776161 5.112207 1.071684 0.000000
9.705427 5.988420 1.220560 0.000000
-2.417271 6.117124 0.019991 0.000000
-2.272424 6.185594 0.020995 0.000000
-0.319879 6.219428 0.063158 0.000000
0.016552 6.130567 0.068608 0.000000
-1.554196 6.545297 0.048312 0.000000
-1.736173 6.431274 0.050308 0.000000
8.173100 7.783287 1.217649 0.000000
9.763671 6.933820 1.162911 0.000000
9.752996 7.726629 1.681400 0.000000
9.772772 7.179171 1.577288 0.000000
9.775305 6.744397 1.357399 0.000000
9.757698 7.491234 1.894331 0.000000
9.741734 7.141868 0.908264 0.000000
9.785552 6.984381 1.656483 0.000000
9.691744 7.372750 2.174215 0.000000
9.765502 6.757451 1.877296 0.000000
9.773555 6.387622 1.889162 0.000000
8.662752 7.729360 0.506803 0.000000
-1.885535 6.313739 0.039463 0.000000
-2.131777 6.242696 0.041324 0.000000
4.759267 7.724540 0.168535 0.000000
5.861662 7.786934 0.179918 0.000000
3.199816 7.108076 0.129384 0.000000
1.601511 6.706681 0.102567 0.000000
5.300093 7.789056 0.391243 0.000000
6.757183 7.785090 0.398163 0.000000
9.695245 7.520706 0.308317 0.000000
9.706542 7.683823 0.691737 0.000000
9.719911 7.349581 0.654502 0.000000
7.042299 7.785811 0.892788 0.000000
9.718715 7.599803 0.863446 0.000000
9.711653 6.591264 2.102622 0.000000
5.034698 5.160713 2.492823 0.000000
6.119861 5.599380 2.445247 0.000000
5.211847 5.410773 2.567649 0.000000
5.913378 5.150026 2.541329 0.000000
4.015746 5.536234 2.523151 0.000000
4.743758 5.345284 2.430276 0.000000
5.441096 5.799726 2.529827 0.000000
9.678693 5.323116 4.748608 0.000000
4.013667 5.248388 2.584764 0.000000
4.544834 4.980179 2.514520 0.000000
9.659507 5.197762 4.851646 0.000000
9.676235 4.802793 4.738112 0.000000
3.991607 5.064209 2.705659 0.000000
3.996944 4.906862 2.509104 0.000000
6.545119 6.387750 2.540134 0.000000
9.687411 6.045309 2.176867 0.000000
9.052543 6.899139 2.596330 0.000000
9.692336 5.959632 2.256854 0.000000
7.689802 6.615790 2.571216 0.000000
8.505869 6.350853 2.587656 0.000000
9.265039 6.047319 2.655213 0.000000
9.513152 4.920020 5.194964 0.000000
7.326657 6.198332 2.458401 0.000000
8.076578 5.847627 2.581053 0.000000
8.926477 5.521021 2.598294 0.000000
5.665089 6.199241 2.521189 0.000000
6.393860 5.999464 2.448654 0.000000
6.974290 5.753971 2.454203 0.000000
4.800831 6.157295 2.481333 0.000000
8.904774 3.171314 5.188980 0.000000
8.250648 3.085805 5.176237 0.000000
8.141714 3.598905 5.172162 0.000000
8.650496 4.377229 5.127659 0.000000
9.682742 4.250059 4.776756 0.000000
3.994368 4.772522 2.656587 0.000000
8.731717 4.752785 5.179955 0.000000
9.511411 4.372324 5.196783 0.000000
9.632233 4.047564 4.959898 0.000000
9.690746 3.698322 4.697804 0.000000
8.018634 4.599519 5.166123 0.000000
9.548155 3.821985 5.199415 0.000000
8.064736 4.102286 5.168799 0.000000
8.810465 3.705353 5.185178 0.000000
9.617897 3.263864 5.202765 0.000000
-2.970923 5.789529 -0.004322 0.000000
9.706993 3.949015 0.109204 0.000000
9.701077 2.536552 0.029542 0.000000
9.702840 3.036197 -0.044221 0.000000
9.704644 3.698761 -0.091015 0.000000
4.337677 4.824025 -0.109033 0.000000
9.717392 2.799585 -0.125061 0.000000
2.833695 4.621758 -0.091227 0.000000
-0.486607 5.379752 -0.046804 0.000000
-1.695265 5.797015 -0.072910 0.000000
0.068107 5.062277 -0.153828 0.000000
-1.701531 5.478675 -0.105472 0.000000
-2.344947 5.742305 -0.010375 0.000000
-2.742986 5.772737 -0.006660 0.000000
-2.029466 5.572031 -0.079140 0.000000
-3.253917 5.849910 -0.000698 0.000000
-3.125110 5.652494 -0.004938 0.000000
-3.543723 5.927935 -0.026934 0.000000
9.705003 3.528112 0.065224 0.000000
1.465536 2.283347 2.166739 0.000000
1.827690 2.278894 2.024053 0.000000
2.159509 1.802246 1.824703 0.000000
1.440261 2.949471 2.180329 0.000000
1.439579 2.644488 2.079771 0.000000
1.850053 1.933723 2.022751 0.000000
1.779764 2.743582 2.044977 0.000000
1.549759 2.051204 2.095943 0.000000
1.110240 2.687365 2.318178 0.000000
2.489298 1.823846 1.845432 0.000000
2.236551 2.209624 1.876649 0.000000
2.827026 1.804451 1.974202 0.000000
2.489263 2.264549 1.870336 0.000000
2.200554 2.608084 1.880044 0.000000
2.012220 2.948950 2.059577 0.000000
3.232527 1.701151 1.805187 0.000000
2.845354 2.080978 1.852665 0.000000
2.711788 2.576345 1.827029 0.000000
1.434307 3.357763 1.613819 0.000000
0.427256 2.045559 2.245786 0.000000
-0.320869 2.341878 2.256351 0.000000
-0.504656 2.633483 2.289075 0.000000
0.338643 1.724445 2.247054 0.000000
-0.097156 2.017187 2.253399 0.000000
0.112709 2.199125 2.250324 0.000000
-0.172640 2.338864 2.254291 0.000000
-0.386629 2.642231 2.393468 0.000000
0.526387 1.682892 2.244234 0.000000
0.255900 2.051167 2.248282 0.000000
0.197723 2.325754 2.352098 0.000000
-0.034007 2.796526 2.381502 0.000000
0.739830 1.674032 2.240267 0.000000
0.257465 2.342488 2.286470 0.000000
0.031006 2.689546 2.288386 0.000000
1.168472 1.685290 2.234512 0.000000
0.635990 2.071098 2.284256 0.000000
0.427660 2.339590 2.393664 0.000000
0.243284 2.706189 2.381097 0.000000
1.206277 1.787131 2.360741 0.000000
0.886635 2.009245 2.358215 0.000000
0.750751 2.220434 2.393443 0.000000
0.545872 2.608074 2.380505 0.000000
0.823414 2.333944 2.387527 0.000000
0.793051 2.717976 2.286222 0.000000
2.558479 3.980952 0.982052 0.000000
2.878751 3.979193 0.705517 0.000000
2.488831 3.944485 0.633032 0.000000
9.709506 2.958513 1.031761 0.000000
2.815434 3.942636 0.506163 0.000000
3.284467 3.945152 0.403723 0.000000
3.798239 3.936040 0.266212 0.000000
9.705916 3.006272 0.494115 0.000000
9.704822 3.202231 0.225639 0.000000
9.738617 2.847031 0.053777 0.000000
3.636970 1.821734 1.990696 0.000000
3.642744 2.008941 1.831390 0.000000
0.206673 2.929865 2.318149 0.000000
0.168890 2.924427 2.288395 0.000000
-0.046160 2.997028 2.317937 0.000000
-1.854815 4.250970 1.360484 0.000000
0.524544 2.973771 2.288740 0.000000
0.728787 2.971880 2.287736 0.000000
0.970960 2.994837 2.287952 0.000000
1.160810 2.805652 2.286520 0.000000
-2.327417 3.971516 1.471080 0.000000
-2.478154 4.214096 1.384562 0.000000
-2.184764 3.988565 1.516967 0.000000
-2.078260 4.174688 1.360201 0.000000
-1.974610 4.036076 1.347603 0.000000
5.560514 3.978238 2.241940 0.000000
3.201247 3.954210 2.121127 0.000000
3.732385 3.871029 2.165356 0.000000
2.434728 3.935565 1.697273 0.000000
3.255227 3.927729 1.916377 0.000000
4.952376 3.927634 2.248339 0.000000
3.852250 3.920997 1.933730 0.000000
6.468762 3.533358 2.218788 0.000000
6.363739 3.878996 2.336741 0.000000
3.080658 3.936549 1.257631 0.000000
7.457987 3.142026 2.206871 0.000000
7.402405 3.522992 2.208814 0.000000
7.223661 3.924806 2.334172 0.000000
8.511790 3.104325 2.195244 0.000000
8.506326 3.508064 2.196757 0.000000
8.472630 3.902766 2.198560 0.000000
9.718395 3.172176 2.126810 0.000000
1.004834 3.325054 2.305105 0.000000
1.438682 3.055994 2.032712 0.000000
1.440474 3.218707 2.205340 0.000000
1.328059 3.509193 2.289988 0.000000
1.438799 3.317362 2.049325 0.000000
1.369333 3.690791 2.290947 0.000000
1.645744 3.944296 1.802431 0.000000
-3.819201 4.430273 0.977234 0.000000
-3.625098 4.436904 0.975259 0.000000
-4.192166 4.311530 0.988659 0.000000
-4.002825 4.469677 0.994733 0.000000
-4.359317 4.468271 0.988444 0.000000
-2.819100 4.189740 1.357194 0.000000
-2.850569 4.208500 1.346990 0.000000
-2.792719 3.954760 1.475495 0.000000
-2.537351 3.990926 1.511810 0.000000
-2.782259 4.289846 1.345653 0.000000
-2.655453 3.428722 1.732337 0.000000
1.579011 1.706358 1.901252 0.000000
1.503396 1.919850 1.678290 0.000000
1.579376 1.707572 1.759687 0.000000
1.538117 1.564065 1.422494 0.000000
1.718461 1.176100 1.570176 0.000000
1.536872 1.457346 1.680282 0.000000
1.583588 1.366301 1.513022 0.000000
2.457852 0.270508 1.662831 0.000000
1.531929 1.331834 1.398606 0.000000
1.538381 1.306665 1.845628 0.000000
2.703698 0.268813 1.994672 0.000000
2.360758 0.270171 1.737262 0.000000
1.579854 1.579386 2.069663 0.000000
1.726305 1.188317 1.953399 0.000000
2.505887 0.268061 2.144578 0.000000
2.117771 0.270384 1.714376 0.000000
1.727990 1.188097 2.033287 0.000000
1.535431 1.602284 1.521728 0.000000
1.588862 1.977936 1.540161 0.000000
1.688831 2.050540 1.682339 0.000000
1.530636 1.476745 1.247052 0.000000
1.532716 1.879674 1.219681 0.000000
1.569668 2.003012 1.594735 0.000000
2.290559 1.797983 1.631924 0.000000
1.529393 1.617548 1.100209 0.000000
2.299284 1.793562 1.552289 0.000000
2.790464 1.708966 1.741347 0.000000
1.497312 1.979961 1.160871 0.000000
1.608271 2.018954 1.032750 0.000000
2.534267 1.794659 1.442906 0.000000
2.865742 1.792231 1.629769 0.000000
1.253403 0.268428 2.167272 0.000000
0.395031 0.668951 2.210112 0.000000
0.186450 1.092738 2.249312 0.000000
0.789784 0.155899 2.071296 0.000000
0.802109 0.159868 2.319176 0.000000
0.571524 0.684759 2.243120 0.000000
0.390375 1.109868 2.246149 0.000000
0.948202 0.191626 1.958793 0.000000
0.982594 0.263763 2.121292 0.000000
0.789835 0.676634 2.342768 0.000000
0.450260 1.096794 2.245214 0.000000
0.949448 0.247472 1.891495 0.000000
1.132807 0.268712 2.132722 0.000000
0.928630 0.609391 2.237368 0.000000
0.772976 1.178066 2.240233 0.000000
1.038923 0.301221 1.822612 0.000000
1.485556 1.935311 0.822377 0.000000
1.251950 0.586841 2.232158 0.000000
0.976656 1.105386 2.348299 0.000000
1.336591 0.319801 1.907146 0.000000
1.408392 0.269065 2.038240 0.000000
1.407388 0.478003 2.209994 0.000000
1.007568 1.078808 2.236498 0.000000
1.565052 0.269685 1.907793 0.000000
1.788963 0.247559 2.145458 0.000000
1.211395 1.119273 2.242290 0.000000
1.763496 0.269127 1.988587 0.000000
1.840209 0.268294 2.134294 0.000000
2.660657 0.325462 2.642678 0.000000
1.889219 0.270896 1.637946 0.000000
2.340158 0.328642 2.074194 0.000000
2.421798 0.267772 2.201220 0.000000
1.448743 3.389371 0.082484 0.000000
3.653852 2.048436 0.459968 0.000000
1.558689 3.553667 0.426835 0.000000
3.655834 1.850422 0.400099 0.000000
3.664047 2.236377 0.456358 0.000000
1.559056 3.483976 0.248419 0.000000
3.653599 2.179178 0.283542 0.000000
1.557977 3.677542 0.335291 0.000000
1.569176 3.534936 0.005890 0.000000
3.622275 1.767020 0.566987 0.000000
1.556689 3.921861 0.155568 0.000000
1.645980 4.034308 0.190844 0.000000
1.557715 3.731964 0.075793 0.000000
1.414429 3.415705 -0.052945 0.000000
1.566459 3.642080 -0.105647 0.000000
1.673401 3.834048 -0.088829 0.000000
2.475981 3.967123 -0.056970 0.000000
-0.472327 4.395264 -0.050893 0.000000
-0.778664 4.686426 -0.045849 0.000000
-0.807024 4.842394 -0.089126 0.000000
-1.117861 5.075473 -0.039956 0.000000
2.633452 1.762874 0.909511 0.000000
2.211568 1.696549 1.038735 0.000000
2.782626 1.795835 1.327891 0.000000
3.265951 1.784500 1.583342 0.000000
1.505209 2.014171 0.838902 0.000000
2.539777 1.799467 1.042587 0.000000
2.953976 1.690217 1.220672 0.000000
3.560514 1.776482 1.461712 0.000000
2.136058 1.708007 0.920613 0.000000
2.658400 1.758444 1.032656 0.000000
3.369085 1.772618 1.303617 0.000000
3.642945 1.811848 1.223769 0.000000
2.215026 1.796462 0.859328 0.000000
2.833146 1.772275 1.130215 0.000000
3.417769 1.752969 1.151529 0.000000
0.747374 0.177052 2.200259 0.000000
3.273642 1.797264 0.844594 0.000000
3.642002 1.997407 1.084425 0.000000
3.641011 2.235050 1.172051 0.000000
2.928712 1.687075 0.651666 0.000000
3.490664 1.798155 0.927067 0.000000
3.641111 2.177780 0.949378 0.000000
1.560271 3.297878 0.616779 0.000000
3.142145 1.744305 0.648272 0.000000
3.654150 1.914988 0.640521 0.000000
3.202744 1.745325 0.545088 0.000000
1.547887 3.241337 0.534708 0.000000
-3.766288 3.883631 0.764111 0.000000
-3.758692 3.824240 0.822202 0.000000
-3.851671 3.961809 0.808385 0.000000
-3.993385 3.850892 0.744267 0.000000
-3.559905 3.935766 0.655204 0.000000
-3.441647 3.973413 0.850993 0.000000
-3.758562 4.050007 0.905932 0.000000
-3.975950 3.700597 0.652004 0.000000
-4.643469 4.692489 0.296234 0.000000
-4.653973 4.340665 0.375714 0.000000
-4.647481 4.577706 0.333444 0.000000
-4.311657 3.714821 0.732245 0.000000
-4.175170 3.745364 0.772442 0.000000
-4.171811 3.904688 0.768416 0.000000
-0.256731 0.167058 2.347868 0.000000
-1.423993 1.171321 2.282181 0.000000
-0.862478 0.158233 2.035336 0.000000
-0.845652 0.161810 2.332002 0.000000
-1.096067 0.653913 2.206090 0.000000
-1.264378 1.193663 2.231119 0.000000
-0.652515 0.159293 2.147369 0.000000
-0.695305 0.160582 2.247393 0.000000
-0.960851 0.782680 2.276563 0.000000
-0.470053 0.092025 2.270274 0.000000
-1.161638 1.193777 2.278649 0.000000
-0.642137 0.771888 2.272235 0.000000
-0.861979 1.046717 2.209263 0.000000
-1.248466 0.770927 2.280516 0.000000
-0.535190 0.609864 2.217739 0.000000
-0.651531 1.132206 2.262263 0.000000
-0.082228 0.140582 2.328474 0.000000
-0.226084 0.745102 2.330941 0.000000
0.076332 0.122751 2.205833 0.000000
-0.557412 1.181400 2.260776 0.000000
0.339375 0.131790 2.324107 0.000000
-0.106391 0.743588 2.253887 0.000000
-0.256089 1.102411 2.221418 0.000000
0.598234 0.131122 2.201037 0.000000
0.014426 0.752491 2.251976 0.000000
-0.096267 1.146807 2.253685 0.000000
0.573140 0.097122 2.067951 0.000000
-3.395395 3.972930 0.823680 0.000000
-3.593742 4.021213 0.910493 0.000000
-3.395264 3.824726 0.647079 0.000000
-1.897354 1.152400 1.754462 0.000000
-2.013890 1.153393 1.823912 0.000000
-2.117111 5.112727 -0.036464 0.000000
-1.905145 1.154614 1.957724 0.000000
-1.854712 1.156321 2.129385 0.000000
-3.357835 4.037785 0.915504 0.000000
-1.778848 1.151341 1.683707 0.000000
-1.789553 1.153670 1.891733 0.000000
-1.788042 1.156346 2.143515 0.000000
-1.088937 0.308269 2.063208 0.000000
-1.167586 0.311632 2.339057 0.000000
-1.303483 0.552622 2.281592 0.000000
-1.465673 0.959241 2.283166 0.000000
-3.488618 4.466738 0.988826 0.000000
-3.377468 4.216551 0.909583 0.000000
-3.964689 4.033618 0.887032 0.000000
-0.783223 2.127245 2.263068 0.000000
-2.177607 3.170198 1.855560 0.000000
-0.884903 1.693266 2.265180 0.000000
-1.834909 3.196031 1.906525 0.000000
-0.674735 1.654001 2.262123 0.000000
-0.930647 2.048543 2.265283 0.000000
-1.196689 2.371955 2.268319 0.000000
-2.047271 3.444837 1.725255 0.000000
-0.478791 1.662673 2.259213 0.000000
-1.334778 2.084477 2.270943 0.000000
-0.997902 2.254126 2.265846 0.000000
-1.964774 3.438373 1.724356 0.000000
-1.049560 2.616435 2.339378 0.000000
-0.203599 1.749852 2.337780 0.000000
-0.509306 2.184235 2.259139 0.000000
-0.613628 2.295588 2.260459 0.000000
-0.892741 2.693717 2.263562 0.000000
-0.015194 1.675728 2.252329 0.000000
-0.366857 2.162381 2.257153 0.000000
-0.556962 2.387461 2.246815 0.000000
-0.612792 2.701065 2.343853 0.000000
0.018473 1.664221 2.251830 0.000000
-1.954442 1.570104 2.327551 0.000000
-1.775759 1.421942 2.325658 0.000000
-1.882771 2.128235 2.335065 0.000000
-3.367942 4.465682 0.976736 0.000000
-2.227337 2.651950 2.085470 0.000000
-2.273968 2.911384 1.985675 0.000000
-2.041453 2.930688 1.982583 0.000000
-1.119805 1.711242 2.268618 0.000000
-3.528483 5.613439 -0.004400 0.000000
-2.284607 5.332165 -0.013993 0.000000
-2.560039 5.219344 -0.028088 0.000000
-2.452763 5.447518 -0.012293 0.000000
-2.695816 5.280389 -0.025115 0.000000
-2.961633 5.448004 -0.018529 0.000000
-3.097424 5.420879 -0.016276 0.000000
-3.304013 5.665207 -0.001019 0.000000
-3.678891 5.603658 0.020659 0.000000
-4.617702 5.173126 0.030451 0.000000
-4.159525 4.111909 0.867741 0.000000
-4.594885 5.549309 0.219989 0.000000
-4.598410 5.785031 0.374092 0.000000
-2.709957 6.074353 -0.065075 0.000000
9.689562 7.305619 0.022635 0.000000
9.676504 7.764979 0.148548 0.000000
9.698091 7.176781 0.042277 0.000000
9.678265 7.541946 -0.024227 0.000000
6.498094 7.407853 -0.125695 0.000000
9.701932 6.870353 -0.167949 0.000000
9.693347 7.300807 -0.182461 0.000000
0.029933 6.512572 -0.144114 0.000000
-1.618321 6.315572 -0.032038 0.000000
2.322472 6.581140 -0.090830 0.000000
-1.348157 6.205342 -0.094251 0.000000
-2.279808 6.311032 -0.068963 0.000000
-2.994001 6.092343 -0.048882 0.000000
-1.969536 6.046957 -0.073963 0.000000
-3.170494 6.142771 -0.036462 0.000000
-3.202563 6.184666 -0.032388 0.000000
-3.468681 6.097440 -0.022068 0.000000
9.778279 6.408991 4.209424 0.000000
4.283940 6.506914 2.251594 0.000000
4.515062 6.299652 2.248565 0.000000
4.741487 6.079610 2.245519 0.000000
4.961985 5.846941 2.242471 0.000000
4.106541 6.204572 2.233375 0.000000
4.110559 6.024808 2.241064 0.000000
4.124511 5.982743 2.247177 0.000000
4.374661 5.714662 2.247632 0.000000
5.624645 5.995824 2.236455 0.000000
4.171387 6.009240 2.469041 0.000000
4.118314 5.640475 2.227138 0.000000
4.159659 5.462869 2.201551 0.000000
9.689389 6.068487 4.423387 0.000000
9.779409 5.982856 4.287833 0.000000
9.782891 5.418993 4.373140 0.000000
5.426032 6.378467 2.233324 0.000000
5.187524 6.478016 2.242722 0.000000
4.961502 6.701283 2.245851 0.000000
6.385417 6.166284 2.229332 0.000000
6.151385 6.575257 2.225178 0.000000
5.967165 6.684290 2.235689 0.000000
5.781289 6.825522 2.228416 0.000000
7.276617 6.365306 2.220748 0.000000
7.187200 6.709712 2.322362 0.000000
6.993469 6.802145 2.215495 0.000000
6.670405 7.189790 2.230439 0.000000
8.326539 6.599211 2.210366 0.000000
8.163484 6.912466 2.213376 0.000000
7.969571 7.379626 2.315361 0.000000
7.780409 7.506214 2.219903 0.000000
1.054394 5.516725 2.381383 0.000000
1.312375 5.136746 2.241931 0.000000
1.199824 5.028801 2.382704 0.000000
0.637876 5.568179 2.375495 0.000000
8.256690 4.168454 4.791085 0.000000
1.540443 5.209958 2.238363 0.000000
1.338384 5.598970 2.238479 0.000000
9.571731 6.876194 2.197756 0.000000
8.825544 4.315820 4.784815 0.000000
8.543719 4.638181 4.782691 0.000000
8.162812 4.873996 4.715292 0.000000
1.283745 5.601480 2.384685 0.000000
9.670460 4.524319 4.635976 0.000000
9.202849 4.805209 4.776746 0.000000
8.716667 5.061595 4.704972 0.000000
8.316563 5.500067 4.788099 0.000000
9.467115 5.359172 4.776150 0.000000
9.023425 5.708274 4.781922 0.000000
9.727297 4.890001 4.374865 0.000000
9.682518 5.208204 4.469316 0.000000
-2.570753 6.232392 -0.063618 0.000000
4.397821 7.813626 0.203138 0.000000
3.582851 7.816926 0.045135 0.000000
2.642090 7.965875 0.124630 0.000000
4.990468 7.867520 0.115792 0.000000
3.894430 7.923705 0.190311 0.000000
2.957507 7.973371 0.138379 0.000000
4.387210 7.863455 -0.031229 0.000000
3.221113 7.789442 -0.083807 0.000000
-0.314905 7.020018 -0.042690 0.000000
-1.965945 6.696169 -0.008795 0.000000
-0.632682 6.760427 -0.042070 0.000000
-1.832445 6.519684 -0.085973 0.000000
-2.512844 6.463690 -0.043004 0.000000
-2.946711 6.268999 -0.041647 0.000000
5.683019 7.872004 0.283514 0.000000
-3.181451 6.212684 -0.032014 0.000000
-3.349464 6.208511 -0.017054 0.000000
9.490019 7.299088 2.313881 0.000000
9.312184 7.565155 2.203371 0.000000
8.413054 7.888200 2.009831 0.000000
9.757696 7.124983 1.869808 0.000000
9.751141 7.834530 2.017664 0.000000
7.343805 7.892921 1.613864 0.000000
8.143705 7.808696 1.567474 0.000000
6.362330 7.884502 1.290774 0.000000
9.101400 7.808626 1.450720 0.000000
7.003845 7.810348 1.223686 0.000000
5.527374 7.877121 1.015842 0.000000
7.800283 7.810549 1.106876 0.000000
6.056124 7.811484 0.937270 0.000000
4.744964 7.811572 0.812443 0.000000
8.718324 7.810535 0.999410 0.000000
6.722463 7.811890 0.821437 0.000000
5.254906 7.812229 0.694615 0.000000
4.008823 7.934031 0.457967 0.000000
7.512565 7.882963 0.610867 0.000000
5.826570 7.812778 0.583702 0.000000
4.568114 7.812675 0.486082 0.000000
3.581514 7.812068 0.411888 0.000000
6.494156 7.877050 0.478728 0.000000
5.058909 7.813334 0.379476 0.000000
3.963595 7.995596 0.323981 0.000000
3.077329 7.975433 0.234987 0.000000
-4.586943 4.424056 0.995762 0.000000
-3.093615 5.843257 -0.002597 0.000000
9.724792 4.979730 0.197971 0.000000
9.722222 5.467671 0.059696 0.000000
9.751142 5.906114 -0.067169 0.000000
9.779330 4.779201 0.046535 0.000000
9.764681 5.006237 -0.144151 0.000000
9.432696 5.640083 -0.168615 0.000000
0.370464 5.983292 -0.055276 0.000000
9.723771 4.911765 -0.047090 0.000000
1.642250 5.714411 -0.072205 0.000000
-1.253321 5.922961 -0.044536 0.000000
-2.308095 5.832193 -0.006767 0.000000
0.105644 5.697492 -0.053051 0.000000
-1.894531 5.949208 -0.009475 0.000000
-2.706566 5.901084 -0.003887 0.000000
9.772298 5.701749 0.174739 0.000000
-2.028488 5.895174 -0.008618 0.000000
-2.943808 5.823213 -0.004324 0.000000
9.716757 3.348112 1.821006 0.000000
9.767506 4.611005 1.548110 0.000000
9.737294 3.577034 1.371896 0.000000
9.733230 4.362331 1.263473 0.000000
9.734846 3.773615 1.102914 0.000000
9.777367 4.720216 0.826315 0.000000
9.784546 5.030724 0.920652 0.000000
9.712259 3.871008 0.919469 0.000000
9.794471 4.306987 0.945490 0.000000
9.760319 4.863151 0.770431 0.000000
9.772011 5.322510 0.771697 0.000000
9.770365 5.017059 0.500425 0.000000
9.724397 5.291145 0.346113 0.000000
2.073046 3.833055 2.436529 0.000000
1.205196 4.727494 2.212766 0.000000
1.419708 4.568974 2.340989 0.000000
2.477118 3.910206 2.401668 0.000000
1.134354 4.554596 2.381381 0.000000
1.263900 4.213700 2.314841 0.000000
3.581179 3.931947 2.845871 0.000000
1.353423 4.199079 2.239996 0.000000
8.612602 2.953550 4.776161 0.000000
8.295633 3.234668 4.797383 0.000000
9.657317 2.742109 4.635392 0.000000
9.302119 3.051572 4.769539 0.000000
8.949421 3.471286 4.774541 0.000000
3.788809 3.925421 2.552201 0.000000
9.783594 2.898512 4.517268 0.000000
9.686385 3.453647 4.705858 0.000000
9.797123 2.715331 4.353984 0.000000
9.795529 3.098100 4.399659 0.000000
9.695034 3.509292 4.542909 0.000000
9.664178 3.834778 4.447055 0.000000
4.157323 4.029423 2.309830 0.000000
9.746987 5.395539 1.792332 0.000000
9.642524 6.058128 1.675533 0.000000
9.724737 5.923086 1.589080 0.000000
9.798037 6.370882 1.509459 0.000000
9.786051 6.485546 1.200481 0.000000
9.700723 6.548839 1.075621 0.000000
9.764312 6.697151 0.954264 0.000000
9.740277 6.579361 0.616806 0.000000
9.742703 6.908213 0.709143 0.000000
9.717478 7.252964 0.552988 0.000000
9.767526 6.263257 0.611029 0.000000
9.721201 7.118958 0.464845 0.000000
5.740382 4.764381 2.230676 0.000000
9.774263 3.717441 4.150378 0.000000
9.772251 4.179527 4.325055 0.000000
4.149602 4.228342 2.213630 0.000000
4.147342 4.434967 2.292561 0.000000
4.152401 4.651018 2.282206 0.000000
4.153905 4.809324 2.227495 0.000000
4.481474 4.200583 2.200376 0.000000
4.441483 4.628560 2.243064 0.000000
4.320892 4.865211 2.341136 0.000000
4.132739 5.072669 2.288125 0.000000
5.164145 4.414241 2.235239 0.000000
5.050745 4.692902 2.237345 0.000000
4.894166 4.955761 2.340191 0.000000
4.730482 5.396241 2.245236 0.000000
5.880882 4.428381 2.344672 0.000000
5.634557 5.048709 2.232785 0.000000
5.514481 5.323134 2.235010 0.000000
6.593467 4.535022 2.221032 0.000000
6.534229 4.845433 2.222785 0.000000
6.456224 5.148402 2.224718 0.000000
6.360108 5.442661 2.226819 0.000000
7.508059 4.785935 2.218427 0.000000
7.459488 4.938301 2.213347 0.000000
7.429341 5.264667 2.214891 0.000000
7.368014 5.583509 2.216754 0.000000
8.525162 4.638011 2.339768 0.000000
8.562227 5.047155 2.201824 0.000000
8.581281 5.400716 2.202954 0.000000
8.572058 5.749975 2.204390 0.000000
9.709515 4.769372 2.055754 0.000000
-4.489638 5.181332 0.008390 0.000000
-4.637284 4.780939 0.113208 0.000000
-4.439959 5.364309 0.009363 0.000000
-4.628332 4.968841 0.017257 0.000000
-4.595261 4.998727 0.007247 0.000000
-4.642493 4.598913 0.068993 0.000000
-3.314253 5.510171 -0.010714 0.000000
-1.537670 4.988851 -0.013960 0.000000
0.954867 3.979037 -0.065953 0.000000
-1.998633 5.080798 -0.007879 0.000000
-2.605869 5.444375 -0.008835 0.000000
-4.665124 2.934327 0.315088 0.000000
-4.641364 3.055817 0.397299 0.000000
-4.667617 3.284148 0.162072 0.000000
-4.416303 3.190002 0.395049 0.000000
-4.670200 3.026454 0.133835 0.000000
-4.556045 2.934247 0.316916 0.000000
-4.560927 3.196012 0.439770 0.000000
-4.665206 3.499965 0.185199 0.000000
-4.377157 3.195692 0.475563 0.000000
-4.334584 3.093263 0.396976 0.000000
-4.653851 4.159435 0.130018 0.000000
-4.650608 4.294885 0.100049 0.000000
-4.660706 3.845985 0.221043 0.000000
-4.659447 3.854906 0.143727 0.000000
-4.664387 3.655722 0.277057 0.000000
-4.661723 3.682047 0.117798 0.000000
-4.669539 3.220735 0.244596 0.000000
-4.668392 3.432095 0.344872 0.000000
1.938603 0.269758 1.853088 0.000000
2.403203 0.272673 1.210077 0.000000
1.370420 0.321811 2.229949 0.000000
2.301350 0.271008 1.572177 0.000000
1.064821 0.312545 2.259440 0.000000
1.467900 0.376544 2.348480 0.000000
1.724814 0.270293 1.774778 0.000000
2.056027 0.271490 1.499078 0.000000
0.939506 0.306792 2.236931 0.000000
1.967705 0.271532 1.501241 0.000000
0.714361 0.228117 2.240519 0.000000
2.681848 0.272261 1.277232 0.000000
2.182930 0.269549 1.872402 0.000000
1.709910 1.176275 1.150493 0.000000
2.544786 0.270798 1.597899 0.000000
2.274280 0.269840 1.809054 0.000000
2.009526 0.268925 2.004664 0.000000
1.524995 1.493733 0.840404 0.000000
1.712093 1.183800 1.262856 0.000000
2.462176 0.269804 1.804916 0.000000
1.527414 1.251180 1.118401 0.000000
-0.842006 0.298957 2.216703 0.000000
-0.753919 0.340232 2.274133 0.000000
0.495079 0.154344 1.916385 0.000000
-0.401765 0.310798 2.269226 0.000000
0.676862 0.152683 1.817248 0.000000
-0.244598 0.378150 2.212149 0.000000
0.863382 0.150961 1.715867 0.000000
-0.008597 0.254655 2.263747 0.000000
1.165188 0.270599 1.797794 0.000000
0.950309 0.119595 2.159680 0.000000
0.134408 0.252837 2.207005 0.000000
1.235647 0.299474 1.721270 0.000000
0.228678 0.399942 2.208072 0.000000
1.438542 0.297666 1.617240 0.000000
0.557096 0.270833 2.243101 0.000000
2.872351 1.702209 0.112112 0.000000
2.839101 1.699451 0.527828 0.000000
3.167070 1.687945 0.058375 0.000000
3.193694 1.683631 0.509710 0.000000
1.357606 2.808670 -0.110158 0.000000
3.373140 1.693112 0.231860 0.000000
3.399569 1.794144 0.735281 0.000000
3.064435 1.797799 0.823870 0.000000
-0.931414 4.094089 -0.049481 0.000000
3.473996 1.680028 0.360078 0.000000
3.430364 1.787318 0.447816 0.000000
-2.382271 4.847955 -0.028230 0.000000
3.662852 1.964543 0.026688 0.000000
3.609140 1.804411 0.818558 0.000000
-2.916385 5.317160 -0.020757 0.000000
3.659984 2.133982 -0.039141 0.000000
3.667480 1.829010 0.202828 0.000000
1.353362 3.212331 -0.083547 0.000000
-3.532567 5.594071 -0.004435 0.000000
-1.730881 4.754146 -0.046583 0.000000
3.653391 2.308377 0.109691 0.000000
1.523935 1.631053 0.703817 0.000000
1.532789 1.598915 1.011337 0.000000
1.720081 1.141841 1.630121 0.000000
1.583641 1.981973 0.694752 0.000000
1.541051 1.268586 1.742893 0.000000
1.479801 1.892001 0.504636 0.000000
1.417393 1.793567 1.243717 0.000000
1.598886 2.046012 0.578600 0.000000
2.167252 1.710834 0.519366 0.000000
1.600751 2.013984 0.654355 0.000000
2.390995 1.708068 0.389752 0.000000
2.142341 1.793397 0.690793 0.000000
1.717608 2.060083 0.903410 0.000000
1.516958 2.036345 1.222823 0.000000
2.520098 1.781046 0.224953 0.000000
2.592975 1.702421 0.664895 0.000000
2.141262 1.776052 1.246061 0.000000
2.660284 1.694522 0.348649 0.000000
2.716748 1.785675 0.497748 0.000000
2.438892 1.693524 0.915539 0.000000
1.493958 0.290425 0.487749 0.000000
1.976810 0.278321 0.370026 0.000000
2.010507 0.255375 -0.185016 0.000000
1.529011 0.291305 1.183344 0.000000
1.550916 0.282628 0.600939 0.000000
1.760643 0.280501 0.487086 0.000000
1.840120 0.272992 0.180024 0.000000
1.232969 0.290337 1.077611 0.000000
1.431565 0.288371 0.970099 0.000000
1.607996 0.293564 0.769626 0.000000
1.663541 0.287028 0.194258 0.000000
1.039298 0.292253 1.182758 0.000000
1.221268 0.289044 0.987432 0.000000
1.268751 0.281216 0.470283 0.000000
1.557404 0.288253 0.021481 0.000000
0.958808 0.176472 1.310113 0.000000
1.155966 0.286654 0.816031 0.000000
1.725909 0.290298 1.138292 0.000000
-0.103227 2.295926 -0.033484 0.000000
2.001710 0.288887 0.354382 0.000000
1.853114 0.284211 0.742798 0.000000
1.944229 0.295651 0.958204 0.000000
-1.912355 3.966195 -0.064059 0.000000
2.201667 0.276072 0.248558 0.000000
2.031900 0.290986 0.537821 0.000000
2.173198 0.286047 0.900244 0.000000
-2.603350 4.508936 -0.026713 0.000000
2.477130 0.272525 0.025580 0.000000
2.305993 0.279787 0.499818 0.000000
2.363559 0.274014 0.913424 0.000000
-3.066388 4.962158 -0.016425 0.000000
2.748120 0.284427 0.064153 0.000000
0.938426 0.132443 0.447165 0.000000
-0.758708 0.144678 1.017183 0.000000
-1.093202 0.299330 1.351445 0.000000
-1.746870 1.072712 1.094158 0.000000
-0.870510 0.148834 1.303467 0.000000
-0.727937 0.147409 1.219359 0.000000
-0.849552 0.151725 1.524351 0.000000
-0.702871 0.150291 1.436865 0.000000
0.577644 0.136550 0.666262 0.000000
0.756102 0.134524 0.557982 0.000000
0.628356 0.139505 0.873861 0.000000
2.402105 0.278529 0.573809 0.000000
0.618416 0.142970 0.611184 0.000000
0.547694 0.143379 1.129393 0.000000
0.960351 0.215947 0.555004 0.000000
0.970084 0.166501 0.644291 0.000000
0.735337 0.143202 1.144772 0.000000
0.558753 0.144958 1.242044 0.000000
1.180356 0.277375 0.208626 0.000000
0.968996 0.203933 0.683993 0.000000
0.916913 0.141385 1.045006 0.000000
0.743779 0.121670 1.259208 0.000000
1.246459 0.280144 0.397116 0.000000
1.113799 0.292935 0.703393 0.000000
0.894676 0.139765 0.930719 0.000000
1.446826 0.277826 0.273772 0.000000
-3.774858 5.420076 -0.014627 0.000000
-2.623622 4.885367 -0.031406 0.000000
2.327433 1.702211 0.158805 0.000000
-3.030968 5.272887 -0.018506 0.000000
1.362016 2.488108 -0.078702 0.000000
-3.282879 5.325191 -0.012601 0.000000
-0.799603 3.820365 -0.174201 0.000000
-2.246438 4.777011 -0.036764 0.000000
-2.846028 5.026326 -0.023634 0.000000
1.655623 2.063404 0.110951 0.000000
-4.337094 5.402107 0.028930 0.000000
-4.220859 5.256513 0.012792 0.000000
-4.410380 4.791465 0.011030 0.000000
1.597875 1.415216 0.139127 0.000000
2.506787 0.270898 0.859361 0.000000
-3.331127 5.026568 -0.011083 0.000000
2.623485 0.290414 -0.033406 0.000000
1.697088 1.152782 0.270125 0.000000
2.657342 0.281506 0.644092 0.000000
-3.550949 5.203920 -0.006456 0.000000
0.769385 1.983751 -0.070662 0.000000
1.516947 1.338154 0.310149 0.000000
1.677418 1.255874 0.429477 0.000000
-1.625606 3.978865 -0.163286 0.000000
1.589882 1.596438 0.511485 0.000000
-2.511606 4.636016 -0.037138 0.000000
-1.847170 1.075307 1.053650 0.000000
-3.771603 5.456148 0.001321 0.000000
1.587846 1.650843 0.179125 0.000000
1.590112 1.753631 0.388844 0.000000
1.296433 1.899069 -0.068312 0.000000
1.469887 1.989752 0.265251 0.000000
-3.807695 5.606903 0.018315 0.000000
-0.524950 3.387025 -0.050537 0.000000
1.471113 1.908895 0.060085 0.000000
-2.089473 4.471360 -0.041077 0.000000
-3.871634 3.451771 0.579313 0.000000
-3.907719 3.340073 0.535389 0.000000
-4.189710 3.136130 0.408882 0.000000
-3.780361 3.450534 0.556423 0.000000
-4.119774 3.305889 0.532506 0.000000
-3.571129 3.423220 0.490720 0.000000
-4.300738 2.934360 0.320229 0.000000
-2.201751 1.132827 1.015315 0.000000
-1.912069 1.150156 0.828416 0.000000
-2.129461 1.158312 1.039450 0.000000
-3.341785 3.463807 0.685251 0.000000
-1.737036 1.079124 0.975804 0.000000
-3.416515 3.467876 0.644248 0.000000
-1.160291 0.225513 1.050724 0.000000
-0.812999 0.076126 1.027171 0.000000
-0.799940 0.083760 0.882787 0.000000
-1.246146 0.297936 1.223611 0.000000
-3.381032 3.447939 0.508294 0.000000
-2.505011 1.131966 0.862183 0.000000
-2.361088 1.131460 0.972189 0.000000
-2.446372 1.082986 1.051691 0.000000
-2.024609 1.133417 0.832210 0.000000
-0.548622 1.988960 2.259913 0.000000
0.290332 1.496972 2.247758 0.000000
-0.719845 1.816728 2.262593 0.000000
0.101605 1.566677 2.250604 0.000000
0.452131 1.507713 2.251560 0.000000
-0.941767 1.958905 2.265595 0.000000
-1.494648 2.116641 2.273126 0.000000
0.887384 1.490079 2.238662 0.000000
-0.294952 1.839808 2.256373 0.000000
1.101904 1.540112 2.240011 0.000000
-0.165336 1.825602 2.258548 0.000000
1.294234 1.273304 2.232184 0.000000
0.199106 1.858138 2.249124 0.000000
-1.927709 1.770308 2.326520 0.000000
1.651662 2.083066 2.164089 0.000000
1.451485 2.049820 2.233770 0.000000
2.138529 2.079974 2.022512 0.000000
3.095732 1.797184 1.865100 0.000000
2.316399 2.025451 2.117990 0.000000
2.615012 1.830739 2.185584 0.000000
3.644659 1.797660 1.625404 0.000000
3.273895 1.824855 2.059472 0.000000
2.140507 2.348250 2.068604 0.000000
3.647320 1.869128 1.737363 0.000000
3.629717 1.747990 1.814712 0.000000
2.551195 2.259630 2.059464 0.000000
3.641239 2.187579 1.197222 0.000000
3.107344 2.347992 2.057805 0.000000
3.640877 2.276298 1.227404 0.000000
0.960141 1.698154 2.237693 0.000000
0.251836 1.808672 2.344189 0.000000
0.589092 1.883925 2.243362 0.000000
0.778703 1.874498 2.240534 0.000000
0.807646 1.973273 2.357488 0.000000
1.295539 1.822230 2.361540 0.000000
1.106248 2.089841 2.393033 0.000000
2.578276 1.795014 1.646298 0.000000
0.502304 4.482402 -0.051142 0.000000
-1.964131 5.204628 -0.168233 0.000000
2.403251 3.981673 0.158599 0.000000
2.950455 3.968912 -0.079876 0.000000
2.905861 3.977490 0.056015 0.000000
1.857525 3.979435 0.004566 0.000000
-1.215371 5.004041 -0.127293 0.000000
3.905732 3.972107 -0.045345 0.000000
-0.770624 5.195008 -0.084820 0.000000
3.644472 2.275483 1.542084 0.000000
3.622973 2.220943 1.979617 0.000000
1.632469 3.995341 0.304251 0.000000
-0.918575 5.303921 -0.024246 0.000000
-2.479237 5.684360 -0.009702 0.000000
-4.240839 5.108368 0.012396 0.000000
-4.095891 3.190414 0.390840 0.000000
-3.991171 3.192724 0.424324 0.000000
-3.914206 3.452380 0.620491 0.000000
-3.747478 3.452003 0.618142 0.000000
-3.775490 3.621556 0.618052 0.000000
-3.515270 3.645146 0.641871 0.000000
-4.161822 3.454472 0.543403 0.000000
-3.748172 3.225453 0.540117 0.000000
1.520782 1.337230 0.140631 0.000000
-2.273132 4.254826 -0.033398 0.000000
1.602165 1.156487 0.057819 0.000000
-1.273649 3.408788 -0.041573 0.000000
-3.817415 5.465473 0.002270 0.000000
1.584876 0.819396 -0.084200 0.000000
-2.872452 4.714224 -0.035969 0.000000
-3.795598 5.221665 -0.003057 0.000000
-2.673682 4.772183 -0.032704 0.000000
1.599156 1.541274 -0.011872 0.000000
-3.051590 5.105834 -0.018940 0.000000
0.113925 2.733514 -0.052713 0.000000
-1.964013 4.324697 -0.038524 0.000000
-2.614485 4.183315 -0.051847 0.000000
0.603603 0.126775 0.050050 0.000000
-2.989126 4.226695 -0.078443 0.000000
0.979061 0.175423 0.001319 0.000000
0.989922 0.279596 0.324765 0.000000
-3.045115 4.600419 -0.059113 0.000000
1.350066 0.284674 0.710184 0.000000
-3.362705 4.994590 -0.038769 0.000000
1.095403 0.291603 -0.171847 0.000000
0.836911 0.567340 -0.008570 0.000000
-3.458478 5.066587 -0.034948 0.000000
-1.302150 2.853192 -0.005829 0.000000
1.948506 0.271639 0.517358 0.000000
-2.099038 3.910844 -0.001107 0.000000
-3.659413 5.642951 -0.000162 0.000000
1.358701 2.728078 -0.102725 0.000000
2.905855 1.691317 0.207771 0.000000
-1.296622 3.781712 -0.042487 0.000000
1.585024 2.004109 -0.048780 0.000000
2.414191 1.701317 0.075805 0.000000
3.098671 1.696351 0.383743 0.000000
-2.298009 4.546071 -0.036711 0.000000
1.368805 2.315857 -0.107700 0.000000
2.727608 1.799900 0.116498 0.000000
3.295950 1.787778 0.069405 0.000000
-1.465452 4.111991 -0.079492 0.000000
3.609883 1.723377 0.102450 0.000000
-2.574717 4.926131 -0.029610 0.000000
1.355431 3.012153 -0.097803 0.000000
-0.647111 4.193590 -0.001542 0.000000
-2.228506 5.101422 -0.002327 0.000000
1.688747 2.062862 0.243528 0.000000
-1.893913 1.150053 1.546588 0.000000
-1.227880 0.300622 1.430573 0.000000
-1.779873 1.148988 1.479202 0.000000
-1.076802 0.302134 1.569853 0.000000
-1.104611 0.304979 1.791672 0.000000
-0.835567 0.154763 1.761683 0.000000
-1.786926 1.146720 1.288352 0.000000
-0.684692 0.153329 1.670859 0.000000
0.504982 0.113206 1.697886 0.000000
0.499529 0.090898 1.533757 0.000000
0.706187 0.151510 1.734854 0.000000
0.508112 0.129059 0.987362 0.000000
0.837874 0.152092 1.482918 0.000000
-2.276173 1.059807 1.359852 0.000000
-3.384945 3.678720 0.611034 0.000000
-2.170646 1.063717 1.284097 0.000000
-2.180183 1.057127 1.402996 0.000000
-1.965473 1.064984 1.249255 0.000000
2.342779 0.274576 0.784767 0.000000
2.769103 0.273871 0.905446 0.000000
1.521973 1.301059 0.704292 0.000000
2.643403 0.291801 0.591095 0.000000
1.589653 1.434996 0.637904 0.000000
1.686183 1.246080 0.390359 0.000000
1.587513 1.490538 0.300064 0.000000
1.583046 1.787095 0.506738 0.000000
2.331997 1.787046 0.449401 0.000000
1.111347 0.296163 1.467856 0.000000
1.131185 0.295093 1.394785 0.000000
1.286343 0.257654 1.578941 0.000000
1.309513 0.294274 1.361241 0.000000
1.540173 0.271960 1.479449 0.000000
1.648168 0.295798 1.510270 0.000000
1.945352 0.288208 1.021333 0.000000
2.083510 0.299200 1.283924 0.000000
1.638548 0.286325 0.858338 0.000000
2.010960 0.273540 1.071994 0.000000
2.228118 0.272084 1.355836 0.000000
2.315919 0.298024 1.166249 0.000000
2.074254 0.282043 0.623995 0.000000
-2.395630 1.133883 0.638912 0.000000
-2.098700 1.131545 0.697559 0.000000
-2.164518 1.131959 0.510964 0.000000
-1.827837 1.131175 0.416746 0.000000
-1.734914 1.130954 0.321010 0.000000
-1.904181 1.131139 0.223444 0.000000
-2.203019 1.132943 0.475039 0.000000
-2.583056 1.134604 0.799734 0.000000
-2.005458 1.131793 0.308359 0.000000
-1.178598 0.282861 0.253863 0.000000
-1.750213 1.133948 0.551647 0.000000
-0.882668 0.137645 0.305523 0.000000
-1.225357 0.254474 0.508832 0.000000
-1.933914 1.133641 0.739080 0.000000
-1.084586 0.286982 0.414526 0.000000
-3.531744 3.098626 0.366360 0.000000
-2.788471 1.120629 0.365777 0.000000
-3.362901 2.859450 0.300792 0.000000
-3.560328 2.927129 0.321360 0.000000
-2.777694 1.121649 0.481137 0.000000
-2.599888 1.117735 0.314732 0.000000
-2.443797 1.133277 0.431045 0.000000
-0.762495 0.137758 0.185071 0.000000
-2.256015 1.132251 0.270465 0.000000
-3.372571 3.189593 0.384890 0.000000
-2.680703 1.135896 0.622431 0.000000
-0.669165 1.958890 -0.095665 0.000000
0.874783 0.129763 0.263714 0.000000
-1.914923 3.341168 -0.163873 0.000000
0.976320 0.243260 0.077125 0.000000
-2.532306 4.191732 -0.051114 0.000000
1.166105 0.286593 0.096199 0.000000
1.052705 0.282381 0.516197 0.000000
-2.817711 4.404030 -0.068887 0.000000
1.218220 0.326713 0.052889 0.000000
1.471128 0.276630 -0.134537 0.000000
1.104145 0.794302 -0.078679 0.000000
1.668658 0.277053 0.252020 0.000000
-1.296774 3.394148 -0.171156 0.000000
-0.466501 0.709046 -0.060643 0.000000
-0.901025 0.141411 0.590677 0.000000
-1.119460 0.294732 0.676742 0.000000
-1.698346 1.143490 0.665003 0.000000
-0.911826 0.143893 0.657342 0.000000
-1.079712 0.238161 0.808841 0.000000
-0.619801 0.132738 0.378566 0.000000
-0.939737 0.078989 0.980590 0.000000
-0.657615 0.088559 0.783580 0.000000
-0.317675 0.086225 0.069995 0.000000
-0.141862 0.105447 -0.100803 0.000000
-1.935532 2.689342 -0.054661 0.000000
-2.420621 3.459790 -0.033874 0.000000
-2.972899 4.096939 -0.022047 0.000000
-3.085451 4.571399 -0.060698 0.000000
-3.397545 4.668313 -0.017030 0.000000
0.585914 0.121462 0.070411 0.000000
0.529458 0.119652 0.329488 0.000000
0.607539 0.129333 -0.084626 0.000000
0.631483 0.129340 0.201224 0.000000
-4.415132 2.968978 -0.077945 0.000000
-4.589312 2.412955 0.102033 0.000000
-4.550581 3.521777 -0.033025 0.000000
-4.218522 4.735670 0.014027 0.000000
-4.259242 2.668421 0.029167 0.000000
-4.449837 2.409482 -0.105996 0.000000
-4.327105 4.343896 -0.047701 0.000000
-4.399791 2.411832 0.041863 0.000000
-4.305377 3.739110 -0.053810 0.000000
-4.273927 4.871078 0.012609 0.000000
-4.152941 2.672309 0.198907 0.000000
-4.088165 2.672364 0.253834 0.000000
-4.453396 4.436070 0.012558 0.000000
-4.412360 4.113672 -0.055881 0.000000
-4.633199 2.473618 -0.024842 0.000000
-4.643756 2.430914 0.152224 0.000000
-4.595229 2.746640 -0.016968 0.000000
-4.272156 4.577134 0.014188 0.000000
-3.774010 2.930427 0.393236 0.000000
-3.879515 2.931383 0.367025 0.000000
-3.969246 2.671398 0.257378 0.000000
-3.585267 3.125327 0.419016 0.000000
-3.613514 3.051964 0.399007 0.000000
-3.342151 3.190014 0.516119 0.000000
-3.750843 2.669535 0.292816 0.000000
-1.218914 0.247088 0.648638 0.000000
-0.762500 0.137147 0.486000 0.000000
0.083312 0.037709 -0.042197 0.000000
-0.152187 0.563698 -0.064817 0.000000
-1.517481 2.484265 -0.066862 0.000000
0.521611 0.133811 0.475757 0.000000
-2.236599 3.492181 -0.042467 0.000000
-1.230548 0.235489 0.348214 0.000000
-4.552596 4.263335 0.012365 0.000000
-4.570846 3.923534 -0.051874 0.000000
-4.451361 3.293537 -0.085224 0.000000
-4.419454 4.281098 -0.041385 0.000000
-4.583186 3.735775 -0.019114 0.000000
-2.213061 4.187197 -0.025890 0.000000
2.009087 0.273192 0.031696 0.000000
2.296233 0.272227 0.194838 0.000000
2.483536 0.286978 -0.102790 0.000000
2.446428 0.539616 -0.073973 0.000000
-1.194555 3.453821 -0.073150 0.000000
-2.860443 4.813950 -0.020878 0.000000
-3.833929 2.669290 0.176902 0.000000
-4.195185 2.933800 0.330356 0.000000
-4.144566 4.363147 1.011731 0.000000
-0.291046 2.880682 2.381750 0.000000
-2.212628 4.224599 1.359793 0.000000
-2.506326 4.196079 1.384241 0.000000
-1.960152 3.977727 1.576394 0.000000
-2.522460 3.435374 1.730726 0.000000
-2.497873 3.218190 1.887719 0.000000
-2.322810 3.473285 1.728194 0.000000
9.698175 7.557226 0.401373 0.000000
9.706345 7.066025 0.221323 0.000000
9.276284 6.921587 -0.045253 0.000000
9.684809 7.411984 1.191423 0.000000
9.723286 6.823393 0.419791 0.000000
9.723695 6.668661 0.091379 0.000000
-1.137165 6.210960 -0.008727 0.000000
9.732249 6.623616 0.657533 0.000000
-2.293244 6.046055 -0.088535 0.000000
-0.101585 6.718000 -0.016729 0.000000
6.359503 7.709002 0.157613 0.000000
-0.082204 6.573638 -0.015454 0.000000
7.324988 7.698908 0.370465 0.000000
8.842129 7.723691 0.038694 0.000000
-0.567283 6.305223 -0.039998 0.000000
-2.582088 6.180586 -0.065906 0.000000
9.692463 7.651475 0.368068 0.000000
-2.096589 4.218457 1.359736 0.000000
9.722154 6.217575 0.143865 0.000000
-2.074607 6.176121 -0.092629 0.000000
1.212874 6.176826 -0.023445 0.000000
-2.462205 5.958096 -0.005687 0.000000
-0.871650 5.868745 -0.121765 0.000000
-4.130638 3.965843 0.858595 0.000000
1.135148 3.497358 2.201081 0.000000
1.441146 3.032688 2.265774 0.000000
0.294074 3.053172 2.317720 0.000000
0.197822 3.177299 2.340984 0.000000
1.022247 3.016605 2.317453 0.000000
0.876822 3.000658 2.287619 0.000000
0.648425 3.078358 2.289014 0.000000
0.402821 3.068179 2.288777 0.000000
9.742123 4.281981 2.079905 0.000000
9.736319 4.400092 1.807496 0.000000
9.725935 4.723952 0.222535 0.000000
9.736560 4.073715 1.618736 0.000000
9.779834 4.166926 0.800566 0.000000
9.439346 4.031100 2.326933 0.000000
9.784382 3.806202 1.952706 0.000000
9.779404 3.935392 1.534498 0.000000
8.239631 3.975203 2.330951 0.000000
9.741598 5.151854 0.256882 0.000000
1.156554 5.801559 -0.019417 0.000000
9.734640 5.393657 0.036946 0.000000
-1.411865 5.842836 -0.057027 0.000000
9.688259 3.707941 2.115716 0.000000
3.416618 5.453879 -0.025544 0.000000
7.267248 3.105859 2.342585 0.000000
9.597847 2.586128 2.341332 0.000000
2.600717 3.933185 1.886755 0.000000
2.890222 3.930005 1.697386 0.000000
9.786937 3.689895 1.769886 0.000000
9.295529 3.539133 2.332411 0.000000
9.792588 3.437673 1.832254 0.000000
9.715181 3.524217 1.516328 0.000000
8.150266 3.524965 2.335846 0.000000
9.739812 3.379158 1.643434 0.000000
5.783297 3.822759 2.251854 0.000000
7.180301 3.509884 2.338594 0.000000
9.291637 3.041851 2.220465 0.000000
9.798981 3.134463 1.870618 0.000000
4.969953 3.797365 2.340513 0.000000
6.346849 3.494312 2.340807 0.000000
8.246664 3.126575 2.346924 0.000000
-4.642260 4.245412 1.001353 0.000000
-4.590310 4.281916 1.000673 0.000000
-4.666135 4.391107 0.874075 0.000000
-4.540723 4.229945 0.900313 0.000000
4.880347 6.114320 2.329420 0.000000
5.845501 5.845314 2.201532 0.000000
9.780061 6.339539 4.424781 0.000000
4.298471 5.962845 2.330860 0.000000
5.183952 5.996645 2.236876 0.000000
6.615680 6.160233 2.327946 0.000000
4.551300 5.707238 2.333217 0.000000
9.584854 5.855914 4.910110 0.000000
9.667485 5.615817 4.631674 0.000000
8.889179 5.610962 4.912723 0.000000
9.734024 5.424308 4.861442 0.000000
5.881942 7.156878 2.319521 0.000000
6.935622 7.073068 2.319344 0.000000
8.234269 6.978151 2.318641 0.000000
5.132665 6.902445 2.322215 0.000000
6.055697 6.811341 2.322498 0.000000
8.597847 6.591053 2.321659 0.000000
4.484793 6.681746 2.324340 0.000000
5.307348 6.587990 2.324969 0.000000
6.299995 6.481483 2.325292 0.000000
7.521950 6.357535 2.325188 0.000000
4.102635 6.412158 2.245728 0.000000
4.793713 6.205872 2.240248 0.000000
8.610931 4.097577 4.927042 0.000000
8.030129 3.962003 4.928520 0.000000
1.208390 4.806322 2.207894 0.000000
9.668248 4.668953 4.756484 0.000000
8.258289 5.387528 4.914998 0.000000
9.182632 5.199902 4.916404 0.000000
8.538541 4.998669 4.918552 0.000000
9.524723 4.796711 4.919982 0.000000
1.441571 5.445445 2.271997 0.000000
8.863065 4.617331 4.922012 0.000000
1.043765 5.354228 2.384578 0.000000
8.254913 4.451326 4.923795 0.000000
9.240218 4.243353 4.925357 0.000000
-2.389600 6.707445 -0.004990 0.000000
-2.928240 6.496916 -0.029970 0.000000
-2.120652 6.690702 -0.030795 0.000000
-2.625235 6.484082 -0.046777 0.000000
-1.127987 6.782169 -0.014064 0.000000
2.928080 7.703876 0.063920 0.000000
-0.523143 6.713566 -0.142195 0.000000
6.326623 7.758940 1.846051 0.000000
5.662744 7.757423 1.196590 0.000000
6.963394 7.747785 1.142817 0.000000
8.590539 7.735090 1.066326 0.000000
6.613513 7.753611 1.497156 0.000000
8.121408 7.742306 1.464322 0.000000
7.539270 7.709370 0.620899 0.000000
7.758016 7.748689 1.858037 0.000000
9.676330 7.748700 1.919679 0.000000
9.762721 7.467293 1.639729 0.000000
7.567908 7.705796 2.221891 0.000000
9.175283 7.742214 2.303924 0.000000
9.760428 7.262589 1.806430 0.000000
6.752933 7.451682 2.316129 0.000000
4.501486 7.726430 0.514433 0.000000
4.278442 7.738800 0.101083 0.000000
-1.762311 6.691946 0.265432 0.000000
3.966835 7.731575 0.346623 0.000000
4.876985 7.753099 0.172098 0.000000
3.611782 7.764386 0.544329 0.000000
5.488697 7.717273 0.357266 0.000000
3.356318 7.768189 0.791232 0.000000
4.195055 7.762625 0.730539 0.000000
5.200882 7.755423 0.651378 0.000000
6.422320 7.746073 0.545677 0.000000
3.928961 7.766761 0.995610 0.000000
6.010694 7.752037 0.877524 0.000000
3.003638 3.937783 2.767835 0.000000
3.185239 3.928737 2.485682 0.000000
5.149568 5.325324 2.336633 0.000000
6.687826 5.615145 2.332892 0.000000
8.191370 5.454967 2.332644 0.000000
5.862364 5.460382 2.334996 0.000000
7.165053 5.302400 2.335302 0.000000
8.866943 5.102507 2.334959 0.000000
6.298653 5.171727 2.337354 0.000000
7.768371 4.979224 2.337600 0.000000
4.527702 5.205918 2.337900 0.000000
5.545490 5.056810 2.338959 0.000000
6.836349 4.872858 2.339648 0.000000
9.707346 6.374169 2.335606 0.000000
8.822846 6.007924 2.326672 0.000000
7.657683 5.794597 2.330188 0.000000
9.407865 5.633331 2.329237 0.000000
9.083895 3.267198 4.934763 0.000000
8.454660 3.129327 4.936416 0.000000
9.592149 2.893104 4.938029 0.000000
4.050070 4.184910 2.404882 0.000000
4.645297 4.248568 2.260768 0.000000
8.926778 2.773653 4.939625 0.000000
3.752088 3.861855 2.637842 0.000000
4.644975 4.771033 2.248280 0.000000
6.034362 4.779937 2.341236 0.000000
7.510709 4.559132 2.341837 0.000000
4.018118 4.983553 2.541379 0.000000
5.336918 4.697560 2.342459 0.000000
6.634254 4.489657 2.343446 0.000000
4.022493 4.733856 2.493272 0.000000
5.324819 4.298952 2.254834 0.000000
-4.373831 4.255274 1.010499 0.000000
-1.161651 0.067041 1.002720 0.000000
-1.218546 0.222062 1.196718 0.000000
0.968060 0.288572 0.918736 0.000000
-3.516982 3.202551 0.524372 0.000000
-3.386914 3.247457 0.488238 0.000000
-1.209574 0.233647 0.901324 0.000000
1.704151 1.142806 0.831579 0.000000
-3.020830 5.088672 0.036214 0.000000
-2.910828 4.929970 0.040208 0.000000
-3.373263 5.348641 0.027548 0.000000
1.520800 1.372214 0.586081 0.000000
-2.546247 4.780284 0.006797 0.000000
2.429151 0.153463 1.149045 0.000000
1.700952 1.161753 0.596461 0.000000
-1.846259 4.070431 0.070904 0.000000
2.357891 0.161060 1.176997 0.000000
-2.240992 4.641051 0.052631 0.000000
-3.184506 5.231829 0.007320 0.000000
1.648228 1.953204 0.516040 0.000000
2.121876 1.729488 0.146618 0.000000
-2.699249 5.016458 0.008225 0.000000
2.576685 0.155060 0.678939 0.000000
-3.564825 5.488984 0.023582 0.000000
-1.233579 3.999361 0.009802 0.000000
1.320650 1.949139 0.165389 0.000000
1.800606 0.194049 0.313215 0.000000
1.646052 0.174712 0.393036 0.000000
2.000572 0.193782 0.219787 0.000000
2.233899 0.162862 0.502727 0.000000
-0.116733 2.718035 0.010469 0.000000
2.336566 0.169224 0.600156 0.000000
2.548310 0.166814 0.458507 0.000000
2.623693 0.168471 0.091084 0.000000
2.177616 0.159759 0.962855 0.000000
2.499417 0.161473 0.099991 0.000000
2.010655 0.175583 0.501028 0.000000
2.208511 0.173281 0.368789 0.000000
1.869714 0.167117 0.777837 0.000000
-4.597696 2.673962 0.239887 0.000000
-4.663927 2.673692 0.191750 0.000000
-4.485190 3.948151 0.021980 0.000000
-4.641710 2.993358 0.134933 0.000000
-4.638557 2.668101 0.241557 0.000000
-4.543652 2.673491 0.190820 0.000000
-4.321122 2.673760 0.238396 0.000000
-3.754605 3.190115 0.430643 0.000000
-3.925584 2.932212 0.414204 0.000000
-2.617949 1.088083 0.946733 0.000000
-4.095953 2.933658 0.404645 0.000000
-0.914588 0.744680 0.116711 0.000000
-0.861613 0.132747 0.018164 0.000000
-1.047070 0.027496 0.179098 0.000000
-3.596502 5.040055 0.031698 0.000000
0.347606 0.108334 0.177529 0.000000
-3.240169 4.918346 0.035132 0.000000
0.005972 0.096571 0.039871 0.000000
-3.308502 4.615568 0.043899 0.000000
-3.023726 4.592985 0.043167 0.000000
-3.150226 4.347929 0.052223 0.000000
-2.875315 3.809157 0.050122 0.000000
-2.493070 3.408180 0.081564 0.000000
-2.392186 2.976257 0.179435 0.000000
-1.000939 0.076521 0.702874 0.000000
-1.731557 2.074634 0.030229 0.000000
-2.062500 1.131018 0.106220 0.000000
-2.306797 1.131456 0.076492 0.000000
-2.916960 1.120964 0.248958 0.000000
-1.255070 0.239571 0.096105 0.000000
-1.713329 1.130871 0.051303 0.000000
-1.800275 1.130428 0.136680 0.000000
2.202597 0.190307 0.167965 0.000000
-3.495149 5.203261 0.027664 0.000000
-3.376948 5.016993 0.031706 0.000000
-3.027435 4.848599 0.036447 0.000000
-0.096588 2.463295 0.068910 0.000000
-2.802089 4.751767 0.044544 0.000000
-2.775355 4.577469 0.047519 0.000000
-2.141031 3.822781 0.069560 0.000000
-3.744322 5.256466 0.026260 0.000000
-2.799361 4.872676 0.008755 0.000000
-2.353269 4.585156 0.051217 0.000000
-1.796091 3.907011 0.112382 0.000000
-2.874480 4.557106 0.042154 0.000000
-2.701086 4.312868 0.052642 0.000000
-2.379038 3.663180 0.060907 0.000000
-1.973610 3.096337 0.098938 0.000000
-1.137896 2.113241 0.027313 0.000000
-1.561662 3.269476 0.104579 0.000000
0.064067 1.634506 0.026959 0.000000
-3.052849 4.782066 0.040013 0.000000
-4.354066 4.340775 0.018451 0.000000
-4.126060 4.689128 0.018488 0.000000
-4.054871 4.095918 0.025010 0.000000
-4.195926 4.355828 0.016670 0.000000
-4.106089 3.261753 0.025149 0.000000
-4.108134 3.758073 0.002369 0.000000
1.354590 2.865680 0.063402 0.000000
-2.835884 5.062877 0.007715 0.000000
-2.566422 4.963970 0.008324 0.000000
-1.465713 4.279040 0.007481 0.000000
1.315665 2.526662 0.047421 0.000000
-3.354079 5.464785 0.009413 0.000000
-3.154738 5.405163 0.009624 0.000000
-2.963325 5.244586 0.008909 0.000000
-2.383442 4.839538 0.008788 0.000000
-1.163310 4.344326 0.092456 0.000000
-2.831679 1.119051 0.167145 0.000000
-2.746079 1.117084 0.085235 0.000000
-3.526124 2.665693 0.178076 0.000000
-3.772843 2.407924 0.099759 0.000000
-3.549563 2.405933 0.145587 0.000000
-3.353396 2.403083 0.112743 0.000000
-3.064933 1.094171 0.040847 0.000000
-2.518334 1.114504 0.113712 0.000000
-3.392127 2.664482 0.238195 0.000000
-3.524990 2.666046 0.214115 0.000000
-3.393021 2.664018 0.190902 0.000000
-3.964253 2.410406 0.160431 0.000000
-3.951509 3.213415 0.025407 0.000000
-4.042587 4.578489 0.015538 0.000000
-4.116705 3.985485 0.025120 0.000000
-4.165443 3.176050 0.088419 0.000000
-3.908026 2.923377 0.177226 0.000000
9.748354 2.715099 0.124243 0.000000
3.882365 3.932373 1.022023 0.000000
3.936893 3.908419 0.739612 0.000000
9.695174 2.483296 0.725003 0.000000
9.693152 2.499616 0.219879 0.000000
3.239184 3.934087 1.134341 0.000000
3.280464 3.935671 0.894461 0.000000
2.899362 3.998073 1.116780 0.000000
2.883950 3.938158 0.995924 0.000000
2.722829 2.307228 2.058896 0.000000
3.625056 1.837363 2.102359 0.000000
2.351391 2.237992 2.108788 0.000000
3.052889 1.826664 2.141378 0.000000
2.812727 2.521204 2.022128 0.000000
9.705449 2.674664 0.535923 0.000000
2.524141 2.508742 2.059117 0.000000
2.084127 2.530764 2.136944 0.000000
9.706434 3.673668 0.192467 0.000000
-1.380159 5.564869 -0.019243 0.000000
4.365392 4.333910 -0.018251 0.000000
9.772043 3.241569 1.093784 0.000000
9.791105 3.007179 0.002954 0.000000
9.711707 2.941591 1.346056 0.000000
9.704109 2.856657 0.243893 0.000000
0.104252 4.944071 -0.034246 0.000000
9.743837 2.694069 1.528321 0.000000
-1.197534 5.735057 -0.100145 0.000000
9.726650 4.247641 -0.015681 0.000000
3.408766 1.732969 2.040599 0.000000
9.706829 4.008641 0.047759 0.000000
-0.873953 5.546953 -0.072361 0.000000
9.705275 3.855020 -0.091184 0.000000
-1.358576 1.562427 2.235973 0.000000
-1.031609 1.537588 2.267593 0.000000
-1.596032 1.544472 2.283557 0.000000
-1.849612 1.391533 2.489805 0.000000
-0.414526 1.484365 2.258391 0.000000
-0.898600 1.560251 2.265569 0.000000
-0.644934 1.526880 2.261813 0.000000
-1.862000 1.450013 2.500588 0.000000
-1.628149 1.341835 2.284506 0.000000
-1.836915 1.235844 2.310773 0.000000
-0.215789 1.494992 2.255396 0.000000
1.045713 1.872094 2.280885 0.000000
1.976367 2.178721 2.060973 0.000000
-0.194411 1.507408 2.255069 0.000000
1.376302 1.490337 2.231127 0.000000
0.679848 1.540311 2.241859 0.000000
1.624146 1.840475 1.399399 0.000000
2.677552 1.690369 0.786716 0.000000
2.170300 1.779906 1.147399 0.000000
2.827999 1.787894 1.537678 0.000000
3.094420 1.764573 1.010544 0.000000
2.783996 1.783942 1.420088 0.000000
2.823581 1.767354 0.998930 0.000000
2.146974 1.797982 1.543694 0.000000
2.350225 1.786648 1.352442 0.000000
2.681442 0.197454 1.642328 0.000000
2.148082 0.324850 2.213739 0.000000
2.270977 0.267406 2.273810 0.000000
2.611090 0.268484 2.060690 0.000000
3.617710 1.793324 0.742965 0.000000
1.910138 0.267679 2.240738 0.000000
1.230277 4.083439 -0.002471 0.000000
-1.643293 5.190845 0.105735 0.000000
-2.654842 5.247334 0.009321 0.000000
-1.874724 5.167641 0.053538 0.000000
-2.043035 5.393856 -0.015334 0.000000
0.295891 4.747591 -0.022232 0.000000
1.454572 3.369482 0.231459 0.000000
3.664522 2.000882 0.134652 0.000000
3.433963 1.773834 1.382800 0.000000
-2.943752 5.559646 0.014078 0.000000
0.037717 4.312371 0.142522 0.000000
-2.493773 5.067278 0.010400 0.000000
-1.287716 4.654757 0.012407 0.000000
-4.658395 4.114420 0.369790 0.000000
-1.227337 0.309404 2.141800 0.000000
-1.021513 0.150886 2.179100 0.000000
-2.120201 1.152032 1.679932 0.000000
-1.210180 0.306360 1.889973 0.000000
0.096059 5.977769 2.250954 0.000000
0.452978 6.159911 2.245943 0.000000
-0.541480 6.206079 2.357708 0.000000
-0.219495 6.210248 2.363300 0.000000
0.054455 6.156827 2.250335 0.000000
0.268664 6.065968 2.248564 0.000000
-0.759429 6.280180 2.353972 0.000000
-0.374953 6.122038 2.360409 0.000000
-0.112135 6.067251 2.252561 0.000000
-0.794103 6.051210 2.352683 0.000000
-0.423410 6.128197 2.398043 0.000000
-0.268609 5.982909 2.254594 0.000000
-0.064908 5.895283 2.253129 0.000000
-0.998025 6.124528 2.348988 0.000000
-0.634559 5.811813 2.394975 0.000000
-0.487148 5.878962 2.398506 0.000000
-0.010035 5.721850 2.253684 0.000000
0.312798 6.511622 2.372747 0.000000
0.737637 6.751635 2.379816 0.000000
0.981014 6.657625 2.382978 0.000000
1.236289 6.555235 2.386205 0.000000
0.071243 6.690285 2.371718 0.000000
0.517004 6.627033 2.376194 0.000000
0.628169 6.463878 2.242203 0.000000
1.088389 6.482261 2.236410 0.000000
-0.107539 6.473596 2.365949 0.000000
0.423086 6.354330 2.245191 0.000000
0.861145 6.367206 2.239905 0.000000
0.162016 6.217415 2.369553 0.000000
0.232389 6.252273 2.247889 0.000000
0.682977 6.058045 2.243852 0.000000
-0.053902 6.304102 2.366313 0.000000
-1.692294 5.506905 2.333725 0.000000
-1.552130 5.566981 2.369917 0.000000
-1.033224 5.631723 2.385149 0.000000
-0.474476 5.799537 2.399608 0.000000
-0.361030 5.742891 2.256991 0.000000
-0.986373 5.845486 2.384425 0.000000
-0.768904 5.669870 2.392508 0.000000
-0.998772 5.647992 2.397841 0.000000
-1.340860 5.670230 2.375418 0.000000
0.326887 6.996555 2.374627 0.000000
-2.048500 6.653954 0.528769 0.000000
-2.489276 6.667187 0.257418 0.000000
-2.696615 6.612810 0.421370 0.000000
-2.465497 6.614582 0.463606 0.000000
-2.270092 6.648738 0.403193 0.000000
-2.289921 6.615674 0.697750 0.000000
-2.071907 6.653303 0.639786 0.000000
-1.775022 6.659744 0.684995 0.000000
-2.811035 6.611273 0.241653 0.000000
-2.609601 6.639543 0.213163 0.000000
7.520734 7.772742 4.204130 0.000000
5.408483 7.777659 3.126111 0.000000
1.308197 7.427310 2.263304 0.000000
3.770168 7.773787 3.064314 0.000000
4.856483 7.783330 3.316877 0.000000
6.355541 7.775613 3.608995 0.000000
1.060198 7.200839 2.385831 0.000000
1.236070 7.032839 2.387639 0.000000
5.715768 7.782114 3.804830 0.000000
4.130029 7.784099 2.905058 0.000000
0.665746 7.060804 2.382089 0.000000
1.143946 6.972172 2.386200 0.000000
1.416938 6.927209 2.252986 0.000000
8.830531 7.750047 4.893364 0.000000
0.452135 6.927471 2.378460 0.000000
0.977038 6.886745 2.383633 0.000000
1.336407 6.607569 2.232494 0.000000
8.243466 7.451406 4.896225 0.000000
-1.804271 6.658875 0.809424 0.000000
-1.919404 6.656766 0.602371 0.000000
2.870831 7.739307 1.957859 0.000000
2.517794 7.748943 1.840192 0.000000
3.306503 7.781523 2.131627 0.000000
-2.156997 6.616283 0.907088 0.000000
2.981302 7.784663 2.255834 0.000000
3.814434 7.738485 2.237476 0.000000
2.694409 7.746766 2.552626 0.000000
3.515592 7.784516 2.557468 0.000000
4.617360 7.779108 2.723455 0.000000
-1.892825 6.616402 1.107824 0.000000
3.151615 7.779213 2.642514 0.000000
-3.995554 6.392909 0.001584 0.000000
-3.560687 6.406061 -0.009852 0.000000
-3.438219 6.429647 0.013862 0.000000
-2.805367 6.655281 0.078748 0.000000
-3.005812 6.646162 0.025794 0.000000
-3.056365 6.607593 0.301433 0.000000
-3.231892 6.633878 0.023138 0.000000
-3.206275 6.635621 -0.001990 0.000000
-3.363570 6.527927 -0.015878 0.000000
-3.298982 6.407652 0.021608 0.000000
-3.191949 6.446722 -0.014776 0.000000
-0.826604 5.532735 2.392241 0.000000
0.148287 5.798984 2.251517 0.000000
0.314969 5.879981 2.249184 0.000000
0.652256 5.775758 2.376069 0.000000
0.545583 5.773032 2.247234 0.000000
0.362517 5.598769 2.278026 0.000000
-0.099269 5.459201 2.363880 0.000000
-1.933227 5.731243 1.299780 0.000000
-0.334877 5.552214 2.360035 0.000000
3.993212 7.678582 2.648566 0.000000
2.694305 7.740646 2.196046 0.000000
3.553841 7.781854 2.193302 0.000000
4.505780 7.766176 2.334603 0.000000
4.990345 7.719542 2.289298 0.000000
3.354154 7.734865 2.229155 0.000000
4.044610 7.650979 2.437842 0.000000
4.038126 7.574785 2.272457 0.000000
4.402830 7.363606 2.337503 0.000000
4.864175 7.791066 2.082192 0.000000
4.912284 7.779918 2.896421 0.000000
4.058753 7.384614 2.503741 0.000000
4.197040 7.143267 2.215388 0.000000
4.579308 7.773755 3.143771 0.000000
5.788114 7.778201 3.350314 0.000000
7.457057 7.769864 3.705512 0.000000
4.024960 7.088580 2.494576 0.000000
5.320468 7.767706 3.581284 0.000000
2.810879 7.779926 1.531956 0.000000
2.624478 7.777912 1.200430 0.000000
-1.772186 6.690025 0.493376 0.000000
6.861491 7.764105 3.889296 0.000000
3.796095 7.731372 1.718480 0.000000
2.542537 7.782474 1.670912 0.000000
3.309477 7.779401 1.764518 0.000000
4.348871 7.725991 1.982865 0.000000
3.160012 7.791268 1.874680 0.000000
3.941444 7.778287 2.195277 0.000000
1.341374 6.374680 2.233723 0.000000
8.023642 6.387587 4.905836 0.000000
0.648938 6.259556 2.243084 0.000000
0.887194 6.156473 2.240788 0.000000
1.382811 5.833299 2.236401 0.000000
8.607705 6.487229 4.931743 0.000000
1.118122 5.967821 2.383127 0.000000
0.493709 5.966567 2.246625 0.000000
0.895656 5.646822 2.243836 0.000000
9.129574 7.324084 4.925894 0.000000
8.898451 7.765336 4.381394 0.000000
9.707113 7.519908 4.496393 0.000000
6.325491 7.781282 4.122156 0.000000
8.017215 7.754758 4.510604 0.000000
9.631850 7.780149 4.956266 0.000000
9.702839 7.274090 4.757857 0.000000
1.349322 6.847599 2.231045 0.000000
8.439680 7.581089 4.922730 0.000000
9.634066 7.178014 4.921572 0.000000
1.087948 6.708748 2.235199 0.000000
1.421080 6.416061 2.391436 0.000000
8.509253 7.030952 4.927209 0.000000
9.204779 6.751698 4.930588 0.000000
0.847976 6.581052 2.238905 0.000000
1.450852 6.326574 2.336150 0.000000
-2.851961 6.659120 -0.004244 0.000000
6.030613 7.763177 2.072744 0.000000
4.514208 7.767721 1.479363 0.000000
3.072864 7.737771 1.720807 0.000000
2.791653 7.781730 1.857772 0.000000
3.669702 7.777284 1.922641 0.000000
4.294654 7.776339 2.225181 0.000000
5.490390 7.653515 2.202887 0.000000
6.342861 7.651707 2.314737 0.000000
3.914313 7.729494 2.543219 0.000000
4.758050 7.482752 2.317197 0.000000
5.572863 7.373577 2.317794 0.000000
2.500784 7.771829 0.692312 0.000000
2.877856 7.747686 0.999933 0.000000
2.569495 7.749730 1.079684 0.000000
3.347804 7.743860 1.197194 0.000000
3.906607 7.769245 1.241769 0.000000
2.647150 7.741564 1.499261 0.000000
4.602478 7.780168 2.821449 0.000000
9.545282 6.402104 4.905130 0.000000
9.744909 6.867444 4.480662 0.000000
8.392462 7.117666 4.899165 0.000000
9.273523 6.899643 4.900765 0.000000
9.696106 6.774006 4.680719 0.000000
8.621540 6.632600 4.903466 0.000000
1.104848 6.261185 2.237444 0.000000
8.884616 6.162452 4.907650 0.000000
1.361930 6.145804 2.234778 0.000000
8.273454 5.940598 4.909879 0.000000
8.262583 7.766595 4.147792 0.000000
4.010296 7.448471 2.491163 0.000000
4.087341 7.208453 2.267427 0.000000
4.873340 7.147078 2.204526 0.000000
5.435854 7.778825 3.265347 0.000000
6.955275 7.770322 3.514096 0.000000
4.293222 6.927969 2.210220 0.000000
6.446602 7.776837 3.803982 0.000000
9.760331 7.633515 4.332367 0.000000
4.100422 6.610044 2.302765 0.000000
7.699934 7.773964 4.472121 0.000000
4.059669 6.738254 2.498372 0.000000
8.192640 7.620837 4.894735 0.000000
9.038882 7.413774 4.896263 0.000000
0.440939 5.489948 2.372434 0.000000
0.070935 5.531787 2.366731 0.000000
0.926195 5.947261 2.241558 0.000000
0.728982 5.857120 2.244529 0.000000
1.129502 5.736730 2.240309 0.000000
0.373066 5.693748 2.249727 0.000000
0.542383 6.422083 2.375959 0.000000
0.123054 6.404292 2.369458 0.000000
1.311720 7.358564 2.389738 0.000000
4.368960 7.732395 3.226700 0.000000
5.565560 7.721535 3.512710 0.000000
7.342855 7.771076 3.891820 0.000000
1.036441 7.110068 2.387630 0.000000
1.462998 7.162200 2.256497 0.000000
6.548910 7.711732 4.052135 0.000000
8.692706 7.767305 4.567513 0.000000
7.759305 7.699292 4.716050 0.000000
8.954430 7.581848 4.894803 0.000000
8.345931 7.294457 4.897596 0.000000
0.228423 6.681848 2.371994 0.000000
6.250857 7.773828 3.345990 0.000000
3.473802 7.741007 2.364965 0.000000
3.270852 7.743180 1.965555 0.000000
2.964048 7.745338 2.085170 0.000000
2.538935 7.782688 2.326736 0.000000
4.033019 7.790735 2.366451 0.000000
3.167260 7.743213 2.505013 0.000000
4.062340 7.735772 2.687937 0.000000
2.612410 7.791474 2.716184 0.000000
3.501070 7.775153 2.946792 0.000000
4.750147 7.729391 3.065339 0.000000
-2.903200 5.728874 1.249228 0.000000
7.371340 7.692976 4.477339 0.000000
8.665276 7.616769 4.730852 0.000000
8.095728 7.326784 4.735278 0.000000
3.172198 7.742721 2.857311 0.000000
3.010015 7.783259 2.363130 0.000000
5.012415 7.779940 2.790171 0.000000
3.532921 7.779470 2.674491 0.000000
4.561288 7.723045 2.905671 0.000000
5.908988 7.771540 3.377583 0.000000
4.138730 7.774832 3.035361 0.000000
5.330266 7.715102 3.336069 0.000000
6.863022 7.767056 3.705612 0.000000
4.849701 7.769113 3.459034 0.000000
6.252578 7.705262 3.851956 0.000000
8.108012 7.757842 4.321877 0.000000
2.795864 7.747095 1.727929 0.000000
3.689334 7.788250 2.136154 0.000000
2.553617 7.786370 2.091486 0.000000
-3.433530 5.603862 1.064335 0.000000
-3.116617 6.640638 -0.003048 0.000000
0.839255 5.436640 2.378219 0.000000
6.304655 7.685358 2.189750 0.000000
6.301254 7.300795 2.150810 0.000000
5.488923 7.293196 2.085252 0.000000
5.547648 7.101799 2.082118 0.000000
4.709293 7.607649 2.214983 0.000000
4.795650 7.379790 2.209718 0.000000
4.855988 6.815661 2.177926 0.000000
4.212730 6.641034 2.244828 0.000000
4.104947 6.925163 2.244891 0.000000
5.785512 7.884707 1.587172 0.000000
3.381378 7.976786 0.950336 0.000000
4.307853 7.997585 1.051478 0.000000
2.847491 7.862635 1.166945 0.000000
3.932197 7.912123 1.083903 0.000000
4.910364 7.803274 1.329346 0.000000
2.739088 7.857069 1.121659 0.000000
3.400288 7.863313 1.339733 0.000000
4.549707 7.917737 1.329437 0.000000
3.190519 7.995558 1.208313 0.000000
3.948350 7.868813 1.579434 0.000000
5.009518 7.729711 1.607457 0.000000
6.617906 7.795854 1.909947 0.000000
5.813190 7.722206 1.910299 0.000000
8.109825 5.363255 4.788884 0.000000
8.923712 6.100428 4.701328 0.000000
9.246466 5.758231 4.690360 0.000000
1.422737 6.012077 2.270393 0.000000
8.379406 5.918854 4.705232 0.000000
8.704432 5.585023 4.782222 0.000000
1.135461 6.042751 2.238338 0.000000
8.604190 6.426517 4.711968 0.000000
9.289129 7.762353 4.071416 0.000000
9.820239 7.465340 4.143808 0.000000
9.856035 7.164266 4.119037 0.000000
9.813020 7.586944 4.490284 0.000000
9.810644 7.218361 4.391541 0.000000
9.870766 6.988691 4.318365 0.000000
9.806468 6.478480 4.213410 0.000000
2.514635 7.956028 0.950547 0.000000
9.815705 6.973304 4.643483 0.000000
9.813293 6.604681 4.538668 0.000000
9.811039 6.236703 4.438462 0.000000
8.947873 7.017166 4.716160 0.000000
9.258853 6.692389 4.705616 0.000000
9.571248 6.352126 4.694788 0.000000
9.815601 5.995885 4.661118 0.000000
8.263254 6.600422 4.703023 0.000000
-3.423806 6.319254 -0.009292 0.000000
-2.471389 6.704285 -0.033672 0.000000
2.672131 7.987231 0.589581 0.000000
3.159026 7.809573 0.730415 0.000000
2.868615 7.966222 0.746451 0.000000
3.753487 7.864799 0.827200 0.000000
-2.723676 6.662387 -0.026084 0.000000
-2.608423 6.614261 0.663456 0.000000
-2.459589 6.615074 0.678994 0.000000
-1.768248 6.615938 0.914516 0.000000
-2.244322 6.616385 0.964287 0.000000
-2.812847 6.611590 0.416398 0.000000
-3.424536 6.606442 0.010022 0.000000
4.438760 7.767928 2.497375 0.000000
2.889985 7.745159 2.657610 0.000000
5.115619 7.777495 2.951578 0.000000
3.396570 7.782781 2.446365 0.000000
1.488680 6.696823 2.248030 0.000000
-0.197493 6.649349 2.365069 0.000000
-1.448658 5.617431 2.372622 0.000000
-1.768553 5.627343 2.332046 0.000000
-3.007979 5.693276 1.200187 0.000000
-1.130505 5.846129 2.345748 0.000000
-1.316825 5.917756 2.342102 0.000000
0.424127 5.169808 4.943765 0.000000
-0.967756 6.348834 2.350278 0.000000
-1.109356 6.052164 2.346610 0.000000
-1.764423 5.544310 2.431710 0.000000
0.267195 5.063261 4.941312 0.000000
0.534436 4.906589 4.802915 0.000000
0.114351 4.959725 4.938938 0.000000
2.686204 7.747234 2.216051 0.000000
1.425063 7.425962 2.261699 0.000000
3.721813 7.738342 2.838091 0.000000
-2.127203 6.616633 1.061870 0.000000
-1.785213 6.616089 1.045925 0.000000
-0.581452 6.617891 2.358392 0.000000
-0.336893 6.647194 2.364677 0.000000
-0.717127 6.523168 2.355596 0.000000
-0.494549 6.453764 2.359316 0.000000
-0.846261 6.433234 2.352880 0.000000
0.746320 7.275801 2.381772 0.000000
0.828531 7.055855 2.382126 0.000000
-1.778835 6.622169 1.335828 0.000000
0.528497 7.130629 2.378113 0.000000
0.612673 6.921062 2.378574 0.000000
0.055444 7.065408 2.370752 0.000000
-0.120919 6.941065 2.367452 0.000000
0.140877 6.873121 2.371320 0.000000
-0.009680 4.976239 4.810183 0.000000
0.008476 5.168176 4.940602 0.000000
0.379728 4.916885 4.946429 0.000000
-3.622167 5.626008 1.043832 0.000000
-0.284377 6.826089 2.364311 0.000000
-0.349935 6.548867 2.362149 0.000000
3.231046 7.735676 2.615755 0.000000
-1.845864 6.616591 1.297448 0.000000
0.367560 7.125676 2.377771 0.000000
-2.223830 1.083399 1.405296 0.000000
-1.068357 0.305233 1.877096 0.000000
-3.750210 3.686350 0.576166 0.000000
-3.801741 3.616805 0.546968 0.000000
-0.984253 0.156134 1.851025 0.000000
0.630996 1.298122 2.242496 0.000000
1.051520 1.301475 2.169554 0.000000
1.527508 0.753941 2.108093 0.000000
0.809967 1.324340 2.247274 0.000000
1.283832 0.788140 2.163496 0.000000
1.090912 0.767829 2.169630 0.000000
0.418795 1.382866 2.245784 0.000000
0.937246 0.624801 2.197809 0.000000
0.271177 1.234261 2.218601 0.000000
1.581989 1.422808 1.853533 0.000000
2.656312 0.270512 1.651603 0.000000
1.634680 1.580927 2.058177 0.000000
0.697901 0.759323 2.182034 0.000000
1.574316 1.376879 2.006984 0.000000
2.538622 0.137675 2.565375 0.000000
1.221610 1.267178 2.154854 0.000000
2.244651 0.152615 2.573405 0.000000
-0.342332 0.527424 2.268301 0.000000
-0.799760 0.821256 2.222708 0.000000
-0.591229 0.845354 2.203566 0.000000
-0.716350 0.156977 1.952815 0.000000
-1.012195 0.565459 2.277524 0.000000
0.501304 0.781252 2.188157 0.000000
0.369928 0.686861 2.109880 0.000000
0.343990 0.505491 2.246665 0.000000
0.092705 0.496304 2.333070 0.000000
-0.197916 0.501203 2.213299 0.000000
-4.471523 5.135803 -0.019370 0.000000
-4.629380 4.422727 -0.004599 0.000000
-4.547226 4.976143 -0.026674 0.000000
-4.625140 4.728341 -0.024360 0.000000
-0.915609 4.686602 -0.013654 0.000000
-2.429678 5.106007 -0.031755 0.000000
-4.329138 3.220296 0.530689 0.000000
-4.359411 3.455529 0.527831 0.000000
-1.469794 1.358870 2.234694 0.000000
3.608514 1.799909 0.948920 0.000000
3.653372 2.019447 0.615593 0.000000
3.640691 2.253229 0.760323 0.000000
1.642071 2.057837 1.394404 0.000000
2.201465 1.826755 1.908563 0.000000
1.611280 1.994516 1.931275 0.000000
3.043892 1.797095 1.207477 0.000000
-3.614989 5.950045 -0.021293 0.000000
3.358481 3.941811 0.023401 0.000000
2.943286 3.942940 0.327147 0.000000
3.739317 3.938733 0.024950 0.000000
2.582655 3.946317 0.293722 0.000000
-1.817151 5.499269 -0.084388 0.000000
-1.610923 5.319131 -0.108013 0.000000
-1.486652 5.129876 -0.199596 0.000000
0.234700 4.916458 -0.035722 0.000000
0.560490 4.647906 -0.080160 0.000000
0.941492 4.239578 -0.045682 0.000000
9.703787 3.397373 -0.041017 0.000000
9.751882 2.741427 -0.309472 0.000000
1.883677 3.974066 -0.062943 0.000000
-2.035576 3.793518 -0.089906 0.000000
-1.475153 3.096154 -0.095720 0.000000
2.545767 0.277474 0.371655 0.000000
1.872885 0.273583 -0.021272 0.000000
1.720501 0.291033 -0.119515 0.000000
0.945570 0.132596 -0.170347 0.000000
-0.151131 2.406911 -0.096202 0.000000
0.537305 0.129316 -0.166575 0.000000
-2.683382 5.156712 -0.026379 0.000000
-1.395557 4.236746 -0.046690 0.000000
2.741151 1.789945 -0.027073 0.000000
-4.254280 4.617158 -0.037654 0.000000
-4.378634 5.335612 -0.009167 0.000000
-4.285102 4.962509 -0.023836 0.000000
-4.246232 5.049555 -0.020287 0.000000
1.595274 1.770711 -0.087136 0.000000
-2.077325 4.229633 -0.025697 0.000000
-1.520520 3.658453 -0.048257 0.000000
2.508665 1.790931 -0.041066 0.000000
0.398784 2.740014 -0.101227 0.000000
-3.957938 2.411943 -0.004189 0.000000
-3.640741 2.412077 -0.043844 0.000000
-4.063186 3.448965 -0.077391 0.000000
-4.048123 4.129012 -0.001343 0.000000
-4.007564 4.515607 -0.001213 0.000000
-3.888028 3.381561 -0.002552 0.000000
-4.003592 4.786392 -0.000139 0.000000
-4.008246 3.959302 -0.060192 0.000000
-3.979559 2.728916 -0.042766 0.000000
-4.118423 4.230819 -0.052664 0.000000
-3.972499 3.556947 -0.000663 0.000000
-4.167159 4.812172 -0.030367 0.000000
-3.649667 2.667366 0.190119 0.000000
-1.065049 0.282620 0.137508 0.000000
1.514183 0.292319 1.251494 0.000000
0.953489 0.260388 1.581817 0.000000
2.557749 0.296814 1.044350 0.000000
1.693629 0.272493 1.346636 0.000000
0.617602 0.148714 1.518975 0.000000
2.975497 1.789022 -0.185924 0.000000
-0.779195 3.677846 -0.054631 0.000000
-1.905800 4.535230 -0.044379 0.000000
3.585913 1.781874 0.787717 0.000000
1.530949 1.984863 -0.023378 0.000000
-1.401691 4.780519 -0.012661 0.000000
1.003975 3.556265 -0.095474 0.000000
2.195390 1.704220 0.209358 0.000000
1.526093 1.353847 0.979920 0.000000
2.410252 0.283814 0.774652 0.000000
2.761989 0.251445 1.035367 0.000000
2.425393 1.697618 0.483793 0.000000
1.592578 2.041628 0.249549 0.000000
-4.363245 2.408364 -0.051119 0.000000
-4.243322 3.811542 -0.067460 0.000000
-4.557246 3.000393 -0.079552 0.000000
-4.316624 2.937559 -0.009130 0.000000
-4.165560 2.411366 0.103406 0.000000
-4.212274 4.534686 -0.040955 0.000000
-4.333310 3.503447 -0.065349 0.000000
-3.991888 3.190759 0.378320 0.000000
-4.395769 4.204160 0.880787 0.000000
0.791336 6.342192 -0.070575 0.000000
-1.980873 6.371186 -0.086594 0.000000
9.720601 6.578878 -0.116668 0.000000
9.689551 7.111347 -0.171249 0.000000
9.706026 6.893226 0.040741 0.000000
-2.233922 6.443629 -0.069451 0.000000
5.325130 7.820698 -0.075169 0.000000
-2.009174 6.547255 -0.023083 0.000000
0.191577 6.994756 -0.058175 0.000000
4.650176 7.819747 -0.051272 0.000000
9.717619 7.871135 1.092933 0.000000
6.312798 7.877157 0.858961 0.000000
8.297149 7.989428 1.123369 0.000000
9.732791 7.564555 1.338311 0.000000
7.294024 7.883164 1.126783 0.000000
9.744380 7.349287 1.579289 0.000000
7.179550 7.809238 0.758108 0.000000
8.534978 7.799534 1.423148 0.000000
9.754913 7.053558 1.728415 0.000000
9.678318 6.988293 1.956320 0.000000
4.121403 7.815437 0.198783 0.000000
6.133698 7.818908 0.078877 0.000000
2.421711 7.642817 -0.076677 0.000000
4.077121 7.818463 -0.009839 0.000000
5.345519 7.818101 0.101269 0.000000
7.103021 7.971885 0.215529 0.000000
4.684712 7.816911 0.142797 0.000000
6.151692 7.970034 0.313816 0.000000
8.228617 7.813525 0.472999 0.000000
5.375485 7.957385 0.354438 0.000000
7.156752 7.981457 0.554688 0.000000
9.696818 7.802937 0.602777 0.000000
4.705633 7.864920 0.308922 0.000000
6.209674 7.812423 0.520772 0.000000
8.268650 7.809719 0.731168 0.000000
9.686130 7.626330 0.936403 0.000000
5.455342 7.811209 0.574302 0.000000
5.128929 6.230136 2.216636 0.000000
5.180267 5.695250 2.208045 0.000000
5.179675 5.419494 2.203996 0.000000
4.486281 6.061263 2.222351 0.000000
4.596616 5.857105 2.243199 0.000000
4.591552 5.561051 2.213629 0.000000
5.919907 5.488005 2.059320 0.000000
4.125970 5.256986 2.204711 0.000000
9.791601 5.389872 4.279205 0.000000
9.790109 5.002491 4.207069 0.000000
7.499685 6.212854 2.184595 0.000000
9.513571 6.246489 2.100986 0.000000
9.164636 7.382240 2.189688 0.000000
8.797158 6.833429 2.175759 0.000000
8.555812 6.444720 2.173364 0.000000
8.293168 6.018933 2.123959 0.000000
7.775273 6.912885 2.191210 0.000000
7.649217 6.562291 2.187727 0.000000
9.788799 4.606938 4.141643 0.000000
7.271382 5.826535 2.142969 0.000000
6.741910 6.648188 2.201435 0.000000
6.687527 6.333261 2.197481 0.000000
6.610317 6.016104 2.193817 0.000000
6.465911 5.696515 2.046105 0.000000
5.872376 6.423540 2.209762 0.000000
5.847388 6.152715 2.229556 0.000000
1.471013 5.027318 2.241904 0.000000
8.286915 3.592292 4.717585 0.000000
8.584903 3.182121 4.707835 0.000000
8.072120 3.055846 4.712688 0.000000
1.274191 4.544685 2.221598 0.000000
9.794872 3.704346 4.502573 0.000000
9.785549 4.307922 4.172854 0.000000
9.676528 5.028510 4.475253 0.000000
9.708446 4.217413 4.329025 0.000000
9.709455 3.868012 4.203628 0.000000
9.679863 4.090138 4.520277 0.000000
8.934367 4.762041 4.782318 0.000000
9.184646 4.302243 4.716156 0.000000
9.464263 3.891765 4.706513 0.000000
8.348617 4.588280 4.788833 0.000000
8.563300 4.135103 4.721836 0.000000
8.851944 3.737296 4.712329 0.000000
9.141551 3.316259 4.702461 0.000000
-0.640996 5.617060 -0.105639 0.000000
4.936914 4.994041 -0.154718 0.000000
0.780977 5.730948 -0.079459 0.000000
9.741402 3.299008 0.893682 0.000000
9.710290 3.126040 1.054132 0.000000
9.779775 3.050640 1.363001 0.000000
9.698422 2.582238 1.204052 0.000000
9.708083 3.833899 0.340515 0.000000
9.748757 4.840732 -0.260721 0.000000
7.826747 5.681099 -0.189050 0.000000
9.724602 4.699261 -0.050051 0.000000
9.734153 5.529616 -0.178317 0.000000
9.725722 4.550232 0.048613 0.000000
9.709599 4.216848 0.328996 0.000000
9.730949 3.778027 0.408371 0.000000
9.709474 3.591335 0.683786 0.000000
0.134547 2.448104 2.393726 0.000000
-0.097676 2.462113 2.349240 0.000000
-0.366640 2.586682 2.346496 0.000000
0.930842 2.665189 2.323736 0.000000
1.193607 2.204401 2.386845 0.000000
-1.982745 3.209840 1.613641 0.000000
-1.843479 2.944667 1.980010 0.000000
-1.867728 2.694154 2.109051 0.000000
-0.671512 2.584314 2.260837 0.000000
-0.432919 2.466730 2.257772 0.000000
-1.962852 3.748407 1.484406 0.000000
3.725705 3.926270 1.620049 0.000000
2.728306 3.938500 1.361123 0.000000
1.618399 3.944913 1.547055 0.000000
9.579521 2.737851 2.104445 0.000000
3.096753 3.937073 0.908589 0.000000
3.660141 3.931552 1.028054 0.000000
9.384597 3.266300 2.114922 0.000000
8.225517 3.274280 2.131411 0.000000
3.665465 3.929299 1.304095 0.000000
7.239404 3.277479 2.145190 0.000000
3.275162 3.933113 1.218791 0.000000
1.638829 3.111584 1.898115 0.000000
1.846916 2.862009 1.856086 0.000000
2.177777 2.471790 1.842932 0.000000
1.686705 2.932776 1.814527 0.000000
1.951390 2.553305 1.886186 0.000000
2.436613 2.523319 1.835242 0.000000
1.451028 2.654596 1.882234 0.000000
1.639659 2.468797 1.828307 0.000000
1.413252 2.409775 1.870859 0.000000
3.108030 2.442353 1.977854 0.000000
2.086594 2.923711 1.849168 0.000000
1.362534 3.957633 2.315254 0.000000
2.928228 3.888370 2.393920 0.000000
9.562411 2.609493 4.686735 0.000000
2.316539 3.951466 2.490278 0.000000
9.699129 6.106452 1.593018 0.000000
9.783614 5.734244 1.402752 0.000000
9.766625 4.822230 1.885781 0.000000
9.572367 5.379143 2.143253 0.000000
9.403973 4.954085 2.139375 0.000000
9.216379 4.530562 2.135805 0.000000
8.987208 4.108271 2.132854 0.000000
9.729683 6.067095 0.703491 0.000000
8.294327 5.222792 2.158942 0.000000
9.709003 5.655192 0.961312 0.000000
9.699888 6.327408 1.335183 0.000000
9.790841 3.353983 4.174271 0.000000
5.160032 3.845144 2.181438 0.000000
4.318533 4.704937 2.204616 0.000000
4.414003 4.569302 2.092664 0.000000
4.588199 4.113451 2.106341 0.000000
4.641791 3.803657 2.187592 0.000000
5.089885 4.172711 2.187054 0.000000
4.081298 3.909660 2.329055 0.000000
9.789584 2.689453 4.184548 0.000000
3.403311 3.875359 2.366518 0.000000
6.206524 4.794074 2.034880 0.000000
8.225905 4.834890 2.154193 0.000000
8.123917 4.441455 2.149848 0.000000
7.990580 4.045361 2.145918 0.000000
7.231503 5.090264 2.171703 0.000000
7.227843 4.731054 2.166487 0.000000
7.193903 4.363221 2.161579 0.000000
7.184506 3.837762 2.152127 0.000000
6.299979 4.931352 2.044730 0.000000
6.336878 4.317981 2.058412 0.000000
6.265211 3.887415 2.116440 0.000000
5.482339 4.901289 2.054651 0.000000
5.640820 4.558831 2.185392 0.000000
5.636038 4.308892 2.058040 0.000000
5.784032 3.834002 2.124701 0.000000
4.895719 4.720985 2.190163 0.000000
5.022393 4.445018 2.075559 0.000000
-2.516174 3.189668 1.859616 0.000000
-2.626853 3.712025 1.591990 0.000000
-2.845518 3.707302 1.593485 0.000000
-3.094936 4.195074 1.340225 0.000000
-2.477804 3.670683 1.590996 0.000000
2.802023 0.354466 0.197978 0.000000
1.698503 1.266394 0.626791 0.000000
0.656343 2.287129 -0.042324 0.000000
-1.918886 4.831109 -0.042960 0.000000
3.372807 1.814875 0.078449 0.000000
3.162198 1.814521 0.169633 0.000000
-4.196777 5.055813 0.013091 0.000000
1.589363 2.036169 0.075998 0.000000
1.603671 1.463998 0.473237 0.000000
2.387455 1.814206 0.324014 0.000000
-0.828675 3.866132 -0.030540 0.000000
2.479174 1.814290 0.286029 0.000000
-1.831521 4.601638 -0.045556 0.000000
2.738523 1.815158 0.013618 0.000000
-4.153329 3.475405 0.075678 0.000000
0.887883 1.092550 -0.040674 0.000000
-0.601109 2.662022 -0.066904 0.000000
-1.696601 3.774840 -0.097830 0.000000
-0.150130 0.097059 0.029569 0.000000
0.352307 0.033579 -0.098551 0.000000
-0.415049 1.143455 -0.025704 0.000000
-1.257409 2.299674 -0.019991 0.000000
-1.848598 3.083093 -0.134467 0.000000
-2.537744 3.810752 -0.035131 0.000000
-2.678883 4.266876 -0.001549 0.000000
0.657843 3.198097 -0.052441 0.000000
2.263832 1.815059 0.121482 0.000000
-2.457969 4.516204 -0.029211 0.000000
-2.104586 4.032680 -0.049060 0.000000
-0.692799 3.390062 -0.030467 0.000000
-1.739213 4.247861 -0.053338 0.000000
-3.953532 3.470801 0.084186 0.000000
-3.810112 4.102275 0.028812 0.000000
-3.663196 3.426613 0.038097 0.000000
-3.428853 2.816797 0.030776 0.000000
-3.981902 4.207594 0.025077 0.000000
-3.865824 3.811717 0.030867 0.000000
-3.703076 3.032756 0.091364 0.000000
-4.177280 4.888126 0.013877 0.000000
-4.185213 5.237941 0.013241 0.000000
-3.699780 3.635458 0.021021 0.000000
1.569095 4.006964 0.646641 0.000000
1.568590 4.035701 1.170154 0.000000
1.710903 4.273318 0.363170 0.000000
2.797270 4.120624 0.265979 0.000000
2.450031 4.073397 0.453635 0.000000
2.502937 4.007225 0.723432 0.000000
1.784425 4.244782 0.937993 0.000000
3.003304 4.125180 0.147828 0.000000
3.068423 2.098029 2.157254 0.000000
1.836743 2.400783 2.111026 0.000000
2.673102 2.124438 2.029603 0.000000
2.434749 2.077523 2.109726 0.000000
3.333831 1.825397 1.968442 0.000000
3.068855 1.937183 1.852839 0.000000
3.465767 1.814415 1.633747 0.000000
2.872840 4.145075 0.481480 0.000000
2.267894 2.402969 2.023326 0.000000
2.661691 2.538866 2.038634 0.000000
3.151654 2.445321 2.026877 0.000000
3.444969 2.442045 2.012148 0.000000
-0.845688 5.600145 -0.015778 0.000000
-1.581347 5.534010 -0.017599 0.000000
2.341708 4.972064 -0.078203 0.000000
2.834994 4.007921 0.614751 0.000000
2.688753 4.173153 0.924322 0.000000
3.507328 4.196687 0.163991 0.000000
3.390793 4.131382 0.214977 0.000000
3.244136 4.125697 0.781903 0.000000
3.244601 4.014505 0.916921 0.000000
3.801158 4.140603 -0.013373 0.000000
3.838952 4.121936 0.284479 0.000000
3.959154 4.093924 0.582525 0.000000
3.623406 4.112634 0.922268 0.000000
9.707071 2.809295 0.764720 0.000000
-2.368078 5.513457 -0.012003 0.000000
7.028957 3.747615 -0.132730 0.000000
-1.074285 4.649655 -0.037829 0.000000
1.540626 3.934243 -0.009239 0.000000
2.488022 1.812697 0.687788 0.000000
2.989484 1.891661 0.470935 0.000000
2.206349 1.809917 1.354252 0.000000
2.545716 1.811422 0.981943 0.000000
2.761620 1.887585 0.618475 0.000000
2.909490 1.813693 0.396560 0.000000
2.290003 1.812247 0.825304 0.000000
2.755353 1.811956 0.838891 0.000000
2.677953 1.890759 0.227842 0.000000
2.303885 1.812530 0.756316 0.000000
2.484489 1.807200 0.441139 0.000000
2.401907 1.810417 1.222580 0.000000
3.404895 1.815144 0.004974 0.000000
3.202473 1.813137 0.535483 0.000000
3.004321 1.804731 0.864839 0.000000
2.837683 1.805206 1.097184 0.000000
3.513488 1.813403 0.483429 0.000000
3.271015 1.812719 0.643498 0.000000
3.119553 1.803490 1.123590 0.000000
3.451374 1.803669 1.159143 0.000000
-0.173081 3.800496 -0.080907 0.000000
-4.368521 3.683511 0.019321 0.000000
-4.268585 4.031920 0.018004 0.000000
0.168511 4.713167 -0.045384 0.000000
1.839294 4.036914 -0.001088 0.000000
-1.120612 4.885765 -0.011467 0.000000
1.613018 1.436869 0.933178 0.000000
1.616832 1.552641 1.188798 0.000000
1.708167 1.235139 1.097194 0.000000
1.614526 1.381036 0.976276 0.000000
1.622795 1.385213 1.386769 0.000000
1.610602 1.730779 0.982811 0.000000
1.619651 1.479348 1.285753 0.000000
1.624352 1.349538 1.442798 0.000000
1.615058 1.606672 1.132143 0.000000
1.625230 1.530770 1.584381 0.000000
1.632726 2.061676 0.562394 0.000000
1.579394 2.022434 0.778976 0.000000
1.617251 1.779993 1.336616 0.000000
2.277350 1.813900 0.424664 0.000000
1.858125 0.300349 1.398526 0.000000
1.013840 0.196683 1.834795 0.000000
0.200027 5.094466 -0.100898 0.000000
-0.894271 5.151501 -0.034326 0.000000
2.424845 1.801722 1.673072 0.000000
2.226720 1.801370 1.797942 0.000000
1.602921 2.052056 1.428640 0.000000
1.621971 1.655394 1.495723 0.000000
2.371510 1.817534 1.534548 0.000000
2.794560 1.820825 1.778861 0.000000
2.346227 1.810921 1.118653 0.000000
2.632313 1.802090 1.543005 0.000000
3.119276 1.817685 1.708456 0.000000
2.568090 1.804069 1.140147 0.000000
2.892951 1.803086 1.265605 0.000000
2.605510 1.810941 1.086064 0.000000
3.303534 1.807804 1.310320 0.000000
1.631875 1.395454 1.829105 0.000000
1.630219 1.397806 1.751506 0.000000
1.633109 1.549639 1.968395 0.000000
2.732622 0.271424 1.456168 0.000000
1.626843 1.527319 1.659751 0.000000
1.629501 1.709985 1.882599 0.000000
1.596795 4.055720 0.490531 0.000000
3.014901 4.180828 0.259753 0.000000
2.442249 4.169730 0.150150 0.000000
3.624526 4.136577 0.090298 0.000000
2.848118 4.182860 0.062531 0.000000
0.659045 4.414229 -0.062351 0.000000
3.294167 4.197532 -0.036200 0.000000
9.758224 2.911556 -0.097721 0.000000
3.535498 1.965286 1.304148 0.000000
3.308170 1.803327 1.123243 0.000000
2.974542 1.812527 0.689903 0.000000
3.555443 1.803806 0.971025 0.000000
3.432410 1.870003 0.788807 0.000000
3.652860 2.280189 0.260938 0.000000
2.483351 4.135724 1.520646 0.000000
3.406190 4.138509 1.432519 0.000000
2.531709 4.128933 1.343812 0.000000
2.918623 4.136971 1.479275 0.000000
2.874439 4.113295 1.252056 0.000000
8.782266 2.934381 2.243130 0.000000
2.540995 4.109784 1.005350 0.000000
3.430239 4.117965 1.181165 0.000000
9.765144 2.960121 2.203246 0.000000
2.872529 4.116274 0.914839 0.000000
9.681603 2.754585 1.916644 0.000000
1.775018 4.201785 0.708539 0.000000
3.464641 4.008468 0.831591 0.000000
9.787632 2.858181 1.635167 0.000000
2.378318 2.813948 2.026108 0.000000
2.934078 1.827853 2.124280 0.000000
1.873565 2.944794 2.028632 0.000000
2.689649 4.084544 0.611286 0.000000
3.580914 2.210608 2.096623 0.000000
3.739507 2.394337 1.783563 0.000000
-1.282808 5.790761 -0.013217 0.000000
-1.987361 5.692646 -0.013645 0.000000
0.286521 5.575996 -0.022149 0.000000
-0.576453 5.817846 -0.088884 0.000000
0.987336 5.693267 -0.063503 0.000000
4.361034 5.144021 -0.083692 0.000000
9.755169 4.082857 -0.118029 0.000000
3.672864 4.160049 0.674095 0.000000
9.707318 3.150430 0.619043 0.000000
9.707044 2.702779 0.815673 0.000000
3.918094 4.136431 0.908063 0.000000
9.706944 3.330745 0.465378 0.000000
9.708372 4.388763 0.037094 0.000000
-0.803831 1.366451 2.264378 0.000000
-0.660170 1.397551 2.262168 0.000000
-1.387189 1.376141 2.281254 0.000000
-0.285347 0.977271 2.256661 0.000000
-0.400113 1.220131 2.258335 0.000000
-1.734235 1.158165 2.329091 0.000000
-1.202440 0.985695 2.279551 0.000000
1.622117 1.664494 2.010471 0.000000
0.651970 2.457323 2.286034 0.000000
1.640037 1.447753 2.239925 0.000000
0.490479 2.450862 2.387982 0.000000
0.326429 2.579322 2.287342 0.000000
2.160737 1.929415 2.192628 0.000000
2.231992 1.813076 2.013695 0.000000
1.062871 1.334113 2.235841 0.000000
-0.569073 0.113520 1.373531 0.000000
0.966079 0.219626 1.361534 0.000000
-1.125862 3.625137 -0.068536 0.000000
0.561450 2.308096 -0.041292 0.000000
2.693225 1.813174 0.545749 0.000000
3.061606 1.806194 0.421660 0.000000
0.918189 2.862098 -0.104009 0.000000
3.441757 1.813799 0.373945 0.000000
1.608713 1.562730 0.790192 0.000000
1.601298 1.756835 0.528232 0.000000
-0.598131 0.140046 1.613436 0.000000
1.022883 0.196981 2.009769 0.000000
1.042356 0.176608 1.403669 0.000000
-0.712972 4.312116 -0.161646 0.000000
3.442545 1.911143 -0.059867 0.000000
-2.139575 4.612819 -0.042249 0.000000
-1.050041 4.007805 -0.040868 0.000000
0.301863 4.064844 -0.044619 0.000000
-1.750246 4.822999 -0.017983 0.000000
9.746486 7.850364 1.820821 0.000000
8.576040 7.889239 0.974570 0.000000
6.141960 7.947212 1.741307 0.000000
7.238449 7.884146 1.559953 0.000000
8.479736 7.890128 1.448536 0.000000
9.716706 7.814467 1.224982 0.000000
7.276515 7.885705 2.015829 0.000000
8.497611 7.891668 1.944071 0.000000
9.735303 7.667633 1.558734 0.000000
7.224547 7.682378 2.210632 0.000000
6.281472 7.358736 2.221713 0.000000
7.548137 7.366233 2.207892 0.000000
5.285457 7.872818 1.336697 0.000000
5.332916 7.948387 0.877793 0.000000
4.577302 7.932163 1.151892 0.000000
5.537274 7.941145 0.629655 0.000000
4.621600 7.940780 0.651932 0.000000
3.954978 7.925859 0.918562 0.000000
4.783928 7.933501 0.413231 0.000000
3.243829 7.859455 0.636341 0.000000
4.134195 7.926707 0.226914 0.000000
6.614533 6.332267 2.220889 0.000000
9.791361 6.571672 4.052764 0.000000
4.237571 6.052862 2.246177 0.000000
9.349222 5.823105 4.774899 0.000000
9.783934 5.734413 4.531493 0.000000
9.778513 5.655403 4.137851 0.000000
3.431434 7.984043 0.211821 0.000000
4.469835 6.418994 2.242893 0.000000
7.498610 6.537704 2.210681 0.000000
5.080488 6.608802 2.236251 0.000000
8.546804 6.779888 2.198329 0.000000
4.805814 6.848204 2.238407 0.000000
7.983017 7.067376 2.203863 0.000000
6.589550 7.073716 2.219147 0.000000
5.487877 7.084939 2.230804 0.000000
2.497930 7.962247 0.138880 0.000000
0.005429 7.105501 -0.056096 0.000000
3.165180 7.855493 -0.015936 0.000000
2.981387 7.998549 0.311332 0.000000
3.636114 7.859057 0.117256 0.000000
2.985261 7.997362 0.442000 0.000000
-3.672776 6.089463 -0.010062 0.000000
9.446692 4.474992 4.777885 0.000000
1.315818 5.367786 2.240304 0.000000
9.785876 4.907628 4.430361 0.000000
9.576319 4.950303 4.775088 0.000000
8.490926 5.057867 4.785954 0.000000
9.781539 5.136861 4.199551 0.000000
9.106122 5.262771 4.779045 0.000000
2.835372 7.871881 1.991719 0.000000
2.622252 7.855862 1.360976 0.000000
3.302149 7.868003 1.378318 0.000000
4.025025 7.988666 1.345050 0.000000
3.027016 7.862669 1.509720 0.000000
4.668730 7.869870 1.554112 0.000000
3.522705 7.979543 1.021366 0.000000
3.717973 7.871541 1.997307 0.000000
4.405864 7.880448 1.893066 0.000000
5.289213 7.885127 1.869074 0.000000
3.427057 7.863912 2.094455 0.000000
4.207115 7.868912 2.120771 0.000000
5.175730 7.864083 2.166592 0.000000
6.055945 7.952895 2.037331 0.000000
4.010712 7.819276 2.488015 0.000000
3.075053 7.857612 0.914853 0.000000
2.661059 7.854135 0.748080 0.000000
8.480432 7.300183 4.779792 0.000000
9.779464 7.931466 4.748631 0.000000
9.775186 7.692068 4.405304 0.000000
4.034201 6.809824 2.473597 0.000000
8.267815 7.645372 4.696813 0.000000
9.121348 7.604479 4.772430 0.000000
9.637622 7.407705 4.662057 0.000000
9.775163 7.243341 4.305152 0.000000
7.978073 7.896744 4.445776 0.000000
9.397379 7.189290 4.770642 0.000000
9.624307 7.155724 4.585819 0.000000
8.747679 6.909864 4.778091 0.000000
9.747342 7.866984 4.098741 0.000000
8.008585 7.895286 3.932965 0.000000
6.674848 7.888072 3.773686 0.000000
4.412313 7.154360 2.241567 0.000000
6.764653 7.887151 3.340896 0.000000
5.621760 7.880728 3.230073 0.000000
5.008114 7.379979 2.235008 0.000000
4.233488 7.420244 2.242691 0.000000
4.758041 7.874402 2.783679 0.000000
5.684828 7.635678 2.227347 0.000000
-3.603411 6.255049 -0.003028 0.000000
8.449031 6.300272 4.782785 0.000000
9.056450 6.535685 4.775932 0.000000
8.152867 6.653185 4.784805 0.000000
1.738501 3.652966 2.038009 0.000000
1.603109 3.549205 2.281637 0.000000
1.677012 3.558908 2.127402 0.000000
2.647619 4.152746 1.791348 0.000000
2.481855 4.022084 1.961891 0.000000
3.523506 4.124479 1.278674 0.000000
3.114275 4.154975 1.760586 0.000000
2.817711 4.158608 1.835500 0.000000
1.621125 3.292846 2.032676 0.000000
9.787120 4.813665 1.223169 0.000000
9.093514 4.227498 2.202847 0.000000
1.617133 5.861156 -0.071993 0.000000
9.734711 5.851820 0.073784 0.000000
5.780632 3.613674 2.241006 0.000000
7.323680 3.709608 2.237970 0.000000
6.481185 3.642943 2.233504 0.000000
8.647607 3.221051 2.257318 0.000000
3.870998 4.178752 2.052668 0.000000
7.690178 3.247272 2.221845 0.000000
9.691676 2.942944 2.138969 0.000000
3.306098 4.174747 2.072594 0.000000
3.441374 4.017354 1.848722 0.000000
3.664250 4.136282 1.709890 0.000000
9.326784 2.759809 2.205333 0.000000
2.670023 4.166304 2.022794 0.000000
8.225077 3.703881 2.214327 0.000000
6.258319 4.032733 2.234453 0.000000
9.331143 3.736157 2.201871 0.000000
7.062365 4.091431 2.225665 0.000000
7.990599 4.155567 2.215333 0.000000
-1.765231 2.138772 2.416788 0.000000
-1.873968 2.414128 2.238078 0.000000
-1.770879 2.696461 2.067310 0.000000
-2.077362 2.424179 2.275691 0.000000
-0.584324 2.831739 2.388208 0.000000
-2.050445 3.210633 1.853816 0.000000
-2.034175 2.687097 2.111289 0.000000
-1.873917 3.220769 1.905974 0.000000
-2.278705 3.171436 1.856790 0.000000
-1.172606 0.916591 2.227148 0.000000
-0.915114 0.993858 2.275674 0.000000
-1.511330 0.799144 2.266796 0.000000
1.679149 1.762940 2.266452 0.000000
1.674896 1.261729 2.270646 0.000000
2.942693 1.817457 1.660929 0.000000
2.608030 1.825141 1.889973 0.000000
-0.128887 1.298200 2.254151 0.000000
-0.384557 1.346436 2.258026 0.000000
0.072556 1.311579 2.251070 0.000000
1.492992 1.103066 2.228877 0.000000
1.722112 1.234219 2.102344 0.000000
-0.945402 6.069305 -0.035279 0.000000
9.709737 6.728854 -0.023708 0.000000
9.715933 6.590995 0.090475 0.000000
0.660545 6.058297 -0.060561 0.000000
9.722882 6.128802 -0.070641 0.000000
-1.652920 5.858698 -0.010983 0.000000
-3.238331 4.475946 1.242970 0.000000
-4.663685 4.304898 0.692211 0.000000
-4.411910 4.097693 0.883922 0.000000
6.124503 7.881463 -0.065468 0.000000
-1.007215 6.498264 -0.040673 0.000000
-4.654372 4.367002 0.430515 0.000000
9.506248 3.537318 4.783938 0.000000
4.720503 4.496181 2.248536 0.000000
8.875740 3.381571 4.790972 0.000000
4.209853 4.438950 2.253745 0.000000
5.288524 4.557928 2.242611 0.000000
9.514632 3.059462 4.785606 0.000000
8.900274 2.929059 4.792416 0.000000
9.800274 2.838813 4.625417 0.000000
9.792513 2.963143 4.132708 0.000000
9.788510 3.804044 4.188434 0.000000
5.935678 4.626193 2.235713 0.000000
6.666903 4.701476 2.227758 0.000000
5.221990 4.853851 2.242228 0.000000
5.875876 4.945761 2.235214 0.000000
4.647800 5.069815 2.247185 0.000000
1.460995 4.044610 2.292874 0.000000
8.486780 4.881910 2.207371 0.000000
1.430181 4.346750 2.215655 0.000000
3.071326 4.144132 2.424295 0.000000
2.781760 4.002610 2.623282 0.000000
3.536636 4.163443 2.415307 0.000000
3.132012 4.127212 2.663728 0.000000
3.783640 4.020406 2.801370 0.000000
3.440270 4.108987 2.809546 0.000000
9.750544 7.392567 1.322175 0.000000
9.754221 7.041567 1.169061 0.000000
9.747236 6.958154 1.225865 0.000000
9.785744 6.725220 1.418747 0.000000
-0.010905 6.364331 -0.053035 0.000000
3.750337 6.952139 -0.102316 0.000000
9.672026 7.854778 0.101835 0.000000
8.327853 7.896040 0.357149 0.000000
8.311015 7.894363 -0.133632 0.000000
7.122653 7.888208 0.127500 0.000000
6.618466 5.047759 2.227078 0.000000
5.241304 5.175504 2.240907 0.000000
7.483747 5.164194 2.217405 0.000000
5.917462 5.293704 2.233586 0.000000
8.496489 5.298121 2.205864 0.000000
6.696269 5.427220 2.224967 0.000000
5.354836 5.528322 2.238554 0.000000
7.603840 5.580001 2.214710 0.000000
6.076944 5.678590 2.230636 0.000000
8.674055 5.757801 2.202374 0.000000
6.909424 5.849190 2.221297 0.000000
7.895956 6.048516 2.209988 0.000000
9.075417 6.283728 2.196191 0.000000
9.796139 6.533161 1.618831 0.000000
-3.681159 6.445965 0.013533 0.000000
4.352510 7.334231 2.526860 0.000000
4.803288 7.435683 2.429864 0.000000
4.418983 7.724116 3.235794 0.000000
6.394469 7.704268 3.443405 0.000000
5.211008 7.715918 3.712655 0.000000
7.479333 7.692402 4.004742 0.000000
8.943949 7.676721 4.174378 0.000000
6.049002 7.715984 4.235375 0.000000
2.877482 7.739859 1.278491 0.000000
3.310726 7.735936 1.486096 0.000000
3.559292 7.733253 1.973617 0.000000
8.809486 7.677496 4.692666 0.000000
8.247040 7.606196 5.051713 0.000000
9.142736 7.499736 5.061123 0.000000
9.633444 7.340817 4.931418 0.000000
8.485309 7.212098 5.053598 0.000000
9.429449 7.099800 5.063474 0.000000
8.756522 6.834859 5.055884 0.000000
8.145568 6.593951 5.048880 0.000000
-3.220260 6.602724 0.239272 0.000000
-3.026997 6.607315 0.402843 0.000000
-1.835324 5.440069 2.499314 0.000000
-0.136133 5.066128 4.938305 0.000000
-0.276480 4.967453 4.936097 0.000000
-1.833900 5.616853 2.496933 0.000000
-1.834045 5.843853 2.401353 0.000000
-1.833799 5.745637 2.340980 0.000000
0.463542 5.491946 4.947934 0.000000
0.307451 5.380468 4.945405 0.000000
-1.835282 5.572884 2.344352 0.000000
0.156614 5.273129 4.942974 0.000000
2.902894 7.738479 2.817729 0.000000
-2.263267 6.615044 1.076326 0.000000
-2.012753 6.615231 1.302635 0.000000
-1.862138 6.615006 1.439443 0.000000
-0.559573 6.836803 2.361384 0.000000
-2.462403 6.614258 0.897838 0.000000
-1.083185 6.268846 2.347764 0.000000
-1.298038 6.120513 2.342985 0.000000
-1.413837 5.855114 2.339964 0.000000
-1.826876 5.904296 2.332609 0.000000
-1.762223 5.802799 2.332324 0.000000
-0.696307 6.734361 2.358517 0.000000
3.396540 7.733822 3.155352 0.000000
0.895424 7.204377 2.385878 0.000000
5.128743 7.725122 3.682863 0.000000
8.613449 7.684383 1.147419 0.000000
-1.265558 6.398094 0.028025 0.000000
6.342508 7.708532 0.575753 0.000000
8.476553 7.687387 0.117840 0.000000
7.365498 7.697791 0.834571 0.000000
8.479557 7.686575 0.622065 0.000000
1.676292 6.597819 0.051983 0.000000
9.733537 7.245100 0.901367 0.000000
-2.497696 6.344263 0.032366 0.000000
-0.091785 6.821428 0.082165 0.000000
-0.611018 6.605312 0.033443 0.000000
-2.732141 6.360629 0.029852 0.000000
7.716180 5.504042 2.461259 0.000000
7.980672 5.933475 2.464492 0.000000
9.686399 5.836416 2.428181 0.000000
9.697810 5.658593 2.112199 0.000000
8.819506 5.662440 2.472278 0.000000
9.697253 5.432739 2.372295 0.000000
4.997778 5.778782 2.479216 0.000000
9.671704 5.296472 2.567831 0.000000
8.645938 5.241098 2.469995 0.000000
5.813122 5.251969 2.508522 0.000000
7.596384 5.124632 2.459541 0.000000
9.193391 6.147322 2.476596 0.000000
4.011308 5.321322 2.684017 0.000000
8.764026 3.417843 5.051403 0.000000
9.685731 3.224962 4.983661 0.000000
8.171648 3.287806 5.044931 0.000000
9.400861 3.137243 5.057819 0.000000
9.430645 3.480419 5.048816 0.000000
8.633177 3.187857 5.082282 0.000000
8.184307 2.914735 5.044717 0.000000
9.456392 2.761317 5.058009 0.000000
5.225457 4.849435 2.491344 0.000000
5.275046 5.147644 2.429582 0.000000
6.701819 5.023624 2.450428 0.000000
4.015441 5.063904 2.543994 0.000000
4.722223 5.044858 2.423739 0.000000
5.897557 4.878195 2.589657 0.000000
9.671858 4.293021 4.875981 0.000000
9.672561 4.207103 4.464435 0.000000
9.482209 4.018302 5.059658 0.000000
9.664854 4.031682 4.670356 0.000000
4.654013 4.783454 2.428605 0.000000
8.830868 3.933912 5.123899 0.000000
9.632033 3.660245 4.919022 0.000000
8.391206 3.738469 5.085868 0.000000
8.826868 2.669699 5.051326 0.000000
2.379821 3.891182 2.273285 0.000000
3.061916 3.881682 1.932188 0.000000
1.700486 3.997371 2.273022 0.000000
5.330705 3.623552 2.437638 0.000000
6.756190 3.653091 2.452892 0.000000
9.118124 3.255762 2.476336 0.000000
5.993262 3.638633 2.444808 0.000000
8.043241 3.279676 2.465572 0.000000
4.005968 3.972072 2.553593 0.000000
3.344791 3.813026 2.632907 0.000000
6.334640 3.310445 2.447963 0.000000
2.976412 3.766386 2.628359 0.000000
9.606472 3.232261 2.216982 0.000000
-1.219259 5.991061 0.028992 0.000000
7.539173 5.947684 0.104480 0.000000
2.565798 6.200161 0.061546 0.000000
9.743956 5.991236 0.617043 0.000000
-1.196680 5.838598 0.069458 0.000000
8.566878 5.520278 0.112696 0.000000
-0.450275 6.240879 0.035800 0.000000
-1.752041 6.086456 0.038006 0.000000
7.387622 4.054241 2.460083 0.000000
9.687306 4.176443 2.052593 0.000000
6.447633 4.367330 2.450041 0.000000
8.395894 4.101424 2.470470 0.000000
9.715593 3.988979 2.359197 0.000000
5.792081 4.255330 2.593915 0.000000
9.777928 4.242020 1.907765 0.000000
9.679697 3.748457 2.521101 0.000000
6.519848 4.010731 2.450952 0.000000
8.674700 3.637930 2.471682 0.000000
4.406366 4.173333 2.561740 0.000000
5.770352 3.970154 2.442893 0.000000
7.753613 3.605063 2.462357 0.000000
9.759049 5.073060 1.646065 0.000000
9.444939 4.619990 2.480968 0.000000
9.734556 4.569295 1.631410 0.000000
9.731659 4.437400 1.045801 0.000000
-4.666503 4.179037 0.712652 0.000000
-2.690399 4.186049 1.358225 0.000000
8.752990 5.182788 5.053386 0.000000
8.051938 4.881737 5.037429 0.000000
9.201671 4.904849 5.057803 0.000000
8.573617 4.739516 5.050881 0.000000
0.670091 5.392185 2.379060 0.000000
7.991059 4.584570 5.044368 0.000000
5.597958 7.723192 2.044926 0.000000
4.936351 7.721606 1.034508 0.000000
5.805693 7.713347 0.920484 0.000000
4.828859 7.731837 1.289720 0.000000
5.660020 7.714271 1.284101 0.000000
5.577516 7.714588 1.655593 0.000000
6.504135 7.705485 1.573542 0.000000
7.573595 7.694734 1.465965 0.000000
4.180430 7.737590 1.067544 0.000000
6.489068 7.716322 1.855619 0.000000
7.507986 7.694779 1.916846 0.000000
8.725471 7.682227 1.818860 0.000000
6.522568 7.704166 2.439625 0.000000
8.726459 7.681493 2.331470 0.000000
5.736882 7.490516 2.439375 0.000000
6.849815 7.413717 2.455560 0.000000
3.497316 7.735964 0.198239 0.000000
2.685459 7.749890 0.552235 0.000000
2.587609 7.742764 0.807276 0.000000
3.121013 7.746473 0.702979 0.000000
3.775609 7.732880 0.631435 0.000000
3.617494 7.742400 0.874254 0.000000
4.316647 7.727711 0.819784 0.000000
5.104922 7.720461 0.703041 0.000000
9.683598 5.920692 5.061212 0.000000
5.181601 6.254671 2.436325 0.000000
9.622561 6.417012 4.805480 0.000000
9.696627 6.561129 4.484941 0.000000
4.566968 6.102294 2.429404 0.000000
9.317418 6.259735 5.060952 0.000000
9.688751 6.077923 4.952743 0.000000
8.638632 6.005261 5.053319 0.000000
4.278263 6.389262 2.421862 0.000000
8.019547 5.771337 5.046245 0.000000
8.994358 5.686148 5.056668 0.000000
9.680894 5.605559 4.911257 0.000000
9.668347 5.598378 4.576426 0.000000
8.361945 5.471960 5.049558 0.000000
9.408553 5.379240 5.060631 0.000000
9.672555 7.446874 2.455076 0.000000
4.970605 7.139284 2.435531 0.000000
5.938666 7.117154 2.567004 0.000000
7.384261 7.096647 2.566635 0.000000
8.778758 7.134506 2.474124 0.000000
4.369831 6.989548 2.530793 0.000000
5.206209 6.890343 2.437626 0.000000
6.351896 6.827043 2.543865 0.000000
7.648821 6.859825 2.462635 0.000000
5.487238 6.601902 2.524533 0.000000
6.697484 6.627480 2.452723 0.000000
5.884862 6.428009 2.444039 0.000000
0.067277 6.718566 0.036921 0.000000
-2.322518 6.296469 0.039374 0.000000
-1.221723 6.728241 0.053668 0.000000
1.742312 7.113473 0.050445 0.000000
6.582513 7.719010 0.163553 0.000000
0.487516 7.085799 0.040843 0.000000
5.666162 7.726963 0.206549 0.000000
7.606435 7.709324 0.358639 0.000000
3.729838 7.742978 0.171826 0.000000
4.913251 7.733234 0.265259 0.000000
1.161713 4.352149 2.210420 0.000000
8.731051 2.771711 5.040666 0.000000
9.658755 3.070424 4.970058 0.000000
7.959970 4.130835 5.035098 0.000000
8.829082 3.339545 5.042583 0.000000
9.287062 2.893127 5.046390 0.000000
8.268688 3.205569 5.036703 0.000000
1.155480 4.792712 2.381857 0.000000
8.513386 4.260097 5.094890 0.000000
8.977575 7.693767 1.678500 0.000000
9.750424 6.474042 1.907913 0.000000
9.709289 6.333905 2.097323 0.000000
9.705586 6.117401 2.302627 0.000000
9.515816 7.104005 2.473803 0.000000
9.541045 6.710029 2.473158 0.000000
9.534010 6.307653 2.472218 0.000000
9.494902 5.899644 2.470992 0.000000
8.194991 6.790485 2.461114 0.000000
8.281768 6.438707 2.461136 0.000000
8.342180 6.075892 2.460905 0.000000
5.688891 7.725617 0.743549 0.000000
6.521186 7.719047 0.396635 0.000000
8.843639 7.697338 0.592783 0.000000
4.288741 7.738206 0.336582 0.000000
5.650731 7.726560 0.454180 0.000000
4.937455 7.732473 0.526085 0.000000
6.519652 7.718464 0.674537 0.000000
8.783271 7.697257 0.892726 0.000000
8.375580 5.704205 2.460422 0.000000
7.557520 7.708530 0.935953 0.000000
9.728606 7.604136 1.070136 0.000000
6.585496 7.717191 1.000443 0.000000
8.823834 7.696110 1.251898 0.000000
7.655238 7.706859 1.304883 0.000000
9.748542 4.522290 4.530377 0.000000
4.022360 4.602664 2.652873 0.000000
9.664334 4.754578 4.946218 0.000000
9.212012 4.476302 5.048460 0.000000
9.616134 4.058295 5.140186 0.000000
7.106600 6.529760 2.450375 0.000000
7.339375 5.879137 2.451162 0.000000
7.534722 5.404372 2.513328 0.000000
6.186190 6.307553 2.441039 0.000000
5.408468 6.117731 2.432923 0.000000
4.732157 5.951142 2.425659 0.000000
5.103608 5.430766 2.428402 0.000000
4.540396 5.303168 2.552644 0.000000
5.147041 7.202095 2.547335 0.000000
4.031882 6.668796 2.618781 0.000000
9.621486 6.951746 4.764271 0.000000
9.628216 7.118201 5.190203 0.000000
9.695637 6.674153 4.865528 0.000000
7.828887 7.551590 2.459463 0.000000
3.888665 7.739258 1.423413 0.000000
4.513509 7.733722 1.683850 0.000000
6.772327 7.712964 2.270741 0.000000
9.692670 6.320057 4.719189 0.000000
6.746879 7.530132 2.449253 0.000000
5.533071 7.721064 2.437932 0.000000
5.931116 7.247652 2.440697 0.000000
9.689745 5.966588 4.577406 0.000000
9.073540 6.736975 5.051766 0.000000
9.527519 6.420730 5.055601 0.000000
8.406405 6.466049 5.044377 0.000000
8.852455 6.161737 5.048256 0.000000
9.311655 5.834034 5.052179 0.000000
9.682172 5.485058 5.019776 0.000000
8.235775 5.923572 5.041437 0.000000
8.688031 5.606709 5.045408 0.000000
9.160273 5.267043 5.049488 0.000000
8.584770 5.067707 5.043267 0.000000
-3.019625 3.975679 1.506435 0.000000
4.282834 3.809621 2.425671 0.000000
4.007210 4.212216 2.636824 0.000000
3.361647 3.898542 2.283404 0.000000
3.997060 3.942464 2.752205 0.000000
3.454317 3.799556 2.633733 0.000000
2.362524 3.911150 2.190532 0.000000
7.044708 4.820181 2.457020 0.000000
7.526990 4.036564 2.460723 0.000000
6.189904 4.723545 2.447875 0.000000
6.947030 3.573733 2.454045 0.000000
5.454083 4.637406 2.439816 0.000000
2.727305 3.905004 2.716832 0.000000
5.345194 3.891509 2.437546 0.000000
5.619622 3.514857 2.439998 0.000000
4.784192 3.849530 2.431334 0.000000
2.218244 3.911585 2.636980 0.000000
-2.400204 2.961868 2.123480 0.000000
-2.122985 2.394555 2.241620 0.000000
-4.669107 3.973752 0.664645 0.000000
-4.659041 4.135196 0.432352 0.000000
8.484224 4.093901 2.470514 0.000000
-2.018045 6.170589 0.041857 0.000000
-0.599518 6.072708 0.033988 0.000000
-1.466014 6.191747 0.027162 0.000000
0.559535 6.207706 0.043942 0.000000
0.191685 6.415012 0.041210 0.000000
5.577949 6.661336 0.087940 0.000000
9.648537 5.443663 1.640843 0.000000
9.389546 5.177254 2.570323 0.000000
3.721677 7.737834 3.208265 0.000000
3.223137 7.745284 0.930134 0.000000
3.736648 7.740999 1.125574 0.000000
4.325822 7.735879 1.349033 0.000000
5.592132 7.724826 1.550340 0.000000
7.123549 7.706723 3.892670 0.000000
4.028675 7.735012 3.404596 0.000000
8.434334 7.693218 4.548248 0.000000
9.221414 7.570274 5.055192 0.000000
8.027716 7.521831 5.042948 0.000000
8.778516 7.228919 5.171904 0.000000
8.013312 7.122106 5.157082 0.000000
6.062708 7.717349 3.362115 0.000000
3.415746 7.740596 3.002525 0.000000
-4.599684 5.374117 0.395961 0.000000
-4.599905 5.130453 0.385567 0.000000
-4.583488 4.864935 0.503070 0.000000
-4.584089 4.706175 0.474571 0.000000
-4.599931 4.470297 0.610863 0.000000
-4.596142 4.809416 0.251270 0.000000
-4.585883 4.508114 0.408390 0.000000
7.271707 4.568132 2.009511 0.000000
7.689363 4.121949 2.020679 0.000000
8.005276 3.602237 2.144077 0.000000
3.327941 4.247911 1.312991 0.000000
6.455402 4.387929 2.166006 0.000000
6.797630 3.999200 2.162599 0.000000
3.840100 4.265647 1.551115 0.000000
2.863558 4.233147 1.330879 0.000000
3.842872 4.264444 1.291372 0.000000
6.045242 3.951442 2.175822 0.000000
3.296296 4.248094 1.558892 0.000000
1.705310 4.229362 1.302219 0.000000
5.110261 4.285304 2.022869 0.000000
3.714740 4.262880 1.818273 0.000000
2.815671 4.232737 1.563988 0.000000
9.832148 3.589498 1.829538 0.000000
9.835829 3.836985 1.515119 0.000000
9.810281 4.609653 1.685540 0.000000
9.827334 4.170713 1.652301 0.000000
9.836239 3.709321 1.715190 0.000000
9.819897 4.887271 1.829462 0.000000
9.823412 4.408764 1.884580 0.000000
9.839661 3.943422 1.855848 0.000000
9.564706 4.645137 2.109915 0.000000
9.836180 4.176021 2.100353 0.000000
9.852071 3.713919 2.057730 0.000000
9.868905 3.231401 2.020287 0.000000
8.347533 4.548359 2.132085 0.000000
8.777512 4.115442 2.107246 0.000000
9.006994 3.630796 2.126188 0.000000
1.763766 3.724972 1.773285 0.000000
1.795745 4.214380 1.840191 0.000000
1.776294 3.607785 1.899382 0.000000
1.914167 3.317565 1.990336 0.000000
9.809372 4.208329 1.525945 0.000000
1.790679 4.247129 1.753706 0.000000
2.924094 4.238462 2.052085 0.000000
1.728500 4.288309 1.532956 0.000000
2.671110 4.229234 1.799389 0.000000
3.561211 4.205455 2.022204 0.000000
3.162169 4.244977 1.809395 0.000000
-1.065211 5.892603 -0.113809 0.000000
-1.478001 6.110167 -0.051370 0.000000
0.092482 6.051671 -0.081614 0.000000
6.716665 5.814020 -0.206675 0.000000
0.500787 6.311073 -0.091069 0.000000
5.167376 6.351865 -0.180480 0.000000
9.809792 4.337310 1.074512 0.000000
9.803355 4.611389 1.247981 0.000000
9.807523 4.098934 1.383571 0.000000
9.748366 6.178165 0.135257 0.000000
9.727000 6.380172 -0.114402 0.000000
3.939924 4.263029 2.817912 0.000000
9.873046 3.566675 4.695093 0.000000
9.919813 3.195657 4.414085 0.000000
3.523277 4.229289 2.433250 0.000000
8.746914 3.834626 4.712297 0.000000
9.216405 3.417766 4.707148 0.000000
3.694592 4.212739 2.667756 0.000000
1.552886 4.893332 2.240393 0.000000
9.393773 3.996757 4.700423 0.000000
3.084561 4.213414 2.776675 0.000000
1.762989 4.291844 2.041531 0.000000
1.499410 4.758124 2.201323 0.000000
2.580342 4.229644 2.547541 0.000000
9.885134 4.486827 4.210974 0.000000
4.286122 4.621419 2.051904 0.000000
9.956056 4.608195 4.138646 0.000000
9.896126 4.173288 4.345151 0.000000
9.894390 3.707922 4.097363 0.000000
9.887691 4.197613 4.618336 0.000000
9.908097 3.850925 4.503334 0.000000
9.908035 3.520245 4.266038 0.000000
3.987643 4.274825 2.454253 0.000000
9.684834 8.028984 0.566526 0.000000
9.689869 7.955071 0.262488 0.000000
9.215930 8.312361 0.181937 0.000000
9.654530 8.175855 0.038394 0.000000
7.885444 8.262831 -0.049602 0.000000
9.696798 7.414393 0.086168 0.000000
9.654873 7.973126 -0.104206 0.000000
6.074885 4.902631 2.169237 0.000000
7.467126 5.014793 2.013388 0.000000
6.103205 5.966469 2.006224 0.000000
6.598659 5.343216 2.157543 0.000000
6.783308 5.008883 2.156454 0.000000
5.582330 5.749176 2.020941 0.000000
5.652523 5.515254 2.172541 0.000000
5.866161 5.217921 2.170793 0.000000
7.443995 5.485764 2.142067 0.000000
4.684801 5.787685 2.094736 0.000000
5.003464 5.387600 2.184153 0.000000
5.296454 5.177396 2.044943 0.000000
4.202088 5.522419 2.196384 0.000000
4.539066 5.318110 2.050142 0.000000
4.602548 5.098541 2.074377 0.000000
7.078538 6.149367 2.144337 0.000000
8.544246 5.265628 2.124162 0.000000
8.432196 5.649886 2.123771 0.000000
8.125732 6.371183 2.124758 0.000000
9.397941 6.637852 2.100672 0.000000
1.720070 4.202965 1.033868 0.000000
1.626670 3.791524 0.919069 0.000000
1.635863 3.718903 0.670055 0.000000
1.626462 3.715721 1.055545 0.000000
3.752188 2.411166 1.244159 0.000000
1.612790 3.946904 1.323149 0.000000
3.888971 2.322228 1.281713 0.000000
3.688828 4.204212 0.894074 0.000000
2.763936 4.226997 0.727630 0.000000
1.710285 4.202395 0.499204 0.000000
3.258771 4.243797 0.934111 0.000000
2.637543 4.221276 0.821693 0.000000
3.309259 2.067640 1.890350 0.000000
2.916445 2.039008 1.665193 0.000000
2.342927 2.987995 1.841734 0.000000
3.153909 2.117724 1.809448 0.000000
2.660906 2.031446 1.690710 0.000000
2.649604 2.878995 1.982090 0.000000
2.441367 2.064344 1.715380 0.000000
2.571131 2.039668 1.827306 0.000000
1.659859 2.207507 1.634704 0.000000
3.058697 2.082681 1.716221 0.000000
3.498323 2.425894 1.971519 0.000000
3.018060 2.877873 1.976149 0.000000
3.816391 2.175031 1.807509 0.000000
3.808058 2.456770 1.936019 0.000000
3.800340 2.208299 1.784817 0.000000
1.746755 3.755878 1.475222 0.000000
3.903920 2.169631 1.427868 0.000000
3.739727 2.503122 1.597205 0.000000
1.741671 3.674234 1.295036 0.000000
-2.113062 5.645593 -0.013020 0.000000
-0.380700 5.706604 -0.041003 0.000000
3.048362 4.234447 0.424794 0.000000
4.005443 4.264337 0.255409 0.000000
2.793243 4.225261 0.218452 0.000000
9.834206 3.918393 0.739822 0.000000
9.910194 3.260068 0.655772 0.000000
3.501655 4.248532 0.345776 0.000000
9.851400 3.626681 0.931582 0.000000
9.800340 3.092119 0.876495 0.000000
9.821411 3.776814 0.582470 0.000000
9.858962 3.568921 1.086731 0.000000
3.703731 4.256371 0.596215 0.000000
2.641118 4.221919 0.493615 0.000000
9.874668 3.323888 1.281846 0.000000
3.208846 4.240829 0.666614 0.000000
9.818974 4.171291 0.563086 0.000000
3.196932 4.237645 0.136824 0.000000
9.817830 3.362708 0.319942 0.000000
9.802388 3.992818 0.307734 0.000000
3.656421 4.300455 0.160862 0.000000
9.819778 3.493070 0.016982 0.000000
9.806891 3.020115 -0.056532 0.000000
9.808536 3.701779 -0.171905 0.000000
9.734454 4.650631 -0.230315 0.000000
2.410510 4.711994 -0.117928 0.000000
1.023461 5.032772 -0.000304 0.000000
-1.109245 1.230661 2.214345 0.000000
-0.400726 0.400638 2.326521 0.000000
-0.693956 0.557713 2.273130 0.000000
-1.535530 1.331515 1.984677 0.000000
-1.585765 1.328678 2.189111 0.000000
-0.842316 0.431250 2.200137 0.000000
1.865933 1.456538 2.032740 0.000000
3.148059 0.511642 2.752956 0.000000
2.935466 0.472617 2.470674 0.000000
2.753381 0.557456 2.407484 0.000000
2.555856 0.556182 2.544493 0.000000
1.678207 1.877353 2.103614 0.000000
1.722809 2.428367 2.384412 0.000000
1.884954 2.256932 1.871069 0.000000
0.536758 0.864561 2.243764 0.000000
0.827528 0.856732 2.239167 0.000000
0.742743 0.886708 2.240527 0.000000
1.165118 0.951803 2.233905 0.000000
1.213010 0.925995 2.349801 0.000000
1.433136 0.831488 2.229520 0.000000
1.640836 0.950164 2.270632 0.000000
-1.755818 3.009205 2.011716 0.000000
-2.578123 3.801557 1.692726 0.000000
-2.311178 3.208899 1.856970 0.000000
-2.044535 3.856430 1.784808 0.000000
-1.804794 2.213328 2.289776 0.000000
-2.154071 3.047397 2.114091 0.000000
1.655403 3.357351 1.910632 0.000000
-4.594808 4.667575 0.265877 0.000000
-4.599694 4.435635 0.212050 0.000000
-4.580636 4.259126 0.450550 0.000000
-4.578907 4.022710 0.418054 0.000000
9.233404 8.310948 -0.194637 0.000000
-4.599895 4.024043 0.659275 0.000000
-4.595165 4.950565 0.985784 0.000000
-4.551856 4.687496 0.993183 0.000000
-4.598655 4.844932 0.703149 0.000000
-4.599275 5.158811 0.411915 0.000000
-4.599480 5.199319 0.605048 0.000000
-4.599624 5.382853 0.414468 0.000000
6.951373 8.248053 3.383359 0.000000
4.024981 7.930792 2.212449 0.000000
4.296074 7.617300 2.119767 0.000000
4.586333 7.599706 2.177852 0.000000
4.626570 8.158245 2.639112 0.000000
4.124964 7.208470 2.078097 0.000000
5.439956 8.190844 3.063587 0.000000
3.945474 8.130700 2.283388 0.000000
8.998038 8.324785 3.824440 0.000000
6.413754 8.229541 3.571485 0.000000
8.254214 8.298908 4.000071 0.000000
9.738999 8.219721 4.278012 0.000000
7.621296 8.277146 4.200938 0.000000
2.853361 8.085910 1.712388 0.000000
2.670460 8.076707 1.352756 0.000000
3.462116 8.107498 1.450555 0.000000
4.482645 8.097346 1.409074 0.000000
3.143237 8.096147 1.577581 0.000000
4.041023 8.130794 1.699376 0.000000
5.173989 8.173948 1.858129 0.000000
9.579497 8.308644 4.671101 0.000000
3.680224 8.118016 1.832688 0.000000
4.712870 8.157588 1.987913 0.000000
5.839561 8.043924 2.049335 0.000000
3.358334 8.106730 1.976540 0.000000
4.305907 8.143260 2.129703 0.000000
4.838168 8.037288 2.171247 0.000000
3.823084 8.076518 1.289602 0.000000
8.819173 6.854159 4.692326 0.000000
8.244927 7.115750 4.700272 0.000000
9.427578 7.131128 4.680524 0.000000
8.836382 7.400144 4.688822 0.000000
9.773462 7.398029 4.567298 0.000000
9.477194 7.707695 4.676304 0.000000
8.890335 7.960493 4.684673 0.000000
8.324488 8.190227 4.692761 0.000000
9.752301 7.984113 4.524031 0.000000
2.803749 8.079381 0.940390 0.000000
2.516829 8.068932 1.043746 0.000000
3.237864 8.061936 1.087299 0.000000
2.961107 8.087150 1.235085 0.000000
-4.598161 4.779018 0.735160 0.000000
-2.615675 6.256856 -0.055438 0.000000
-1.407793 6.565268 -0.105255 0.000000
1.264206 6.733484 -0.108317 0.000000
-1.797670 6.490893 -0.047394 0.000000
-0.353021 6.622016 -0.144591 0.000000
5.414377 7.485467 -0.192105 0.000000
9.684229 7.706126 -0.076044 0.000000
4.319453 7.712699 -0.172650 0.000000
8.843657 5.605318 4.699482 0.000000
9.819115 6.082063 4.551267 0.000000
9.890723 5.795856 4.457582 0.000000
9.837770 5.379073 4.257635 0.000000
9.024842 6.162713 4.693059 0.000000
9.489308 5.834492 4.687294 0.000000
9.842007 5.486880 4.638073 0.000000
9.851088 5.137379 4.480263 0.000000
9.729320 6.426758 4.679659 0.000000
9.316697 5.263169 4.693713 0.000000
9.812926 4.895746 4.687663 0.000000
8.247494 5.391846 4.710652 0.000000
9.205603 4.704750 4.699072 0.000000
9.781676 6.925850 4.180238 0.000000
4.101226 6.963906 2.190120 0.000000
4.269501 6.617256 2.188656 0.000000
4.554463 6.553285 2.061025 0.000000
4.674725 6.198582 2.098223 0.000000
4.327623 6.003226 2.105846 0.000000
9.656077 6.736309 4.435900 0.000000
9.805134 6.328690 4.301223 0.000000
9.814707 5.975195 4.165361 0.000000
9.852591 5.773810 4.052125 0.000000
5.325045 6.327221 2.034491 0.000000
8.648777 4.527786 4.709472 0.000000
5.570119 8.029702 0.647907 0.000000
4.185072 8.000812 0.315771 0.000000
5.391285 8.173738 0.394207 0.000000
2.798759 8.075585 0.307823 0.000000
3.667483 8.109124 0.376402 0.000000
4.776014 8.151272 0.467618 0.000000
6.240313 8.206168 0.592335 0.000000
3.263931 8.094296 0.467534 0.000000
4.246702 8.131938 0.552285 0.000000
3.160818 8.088995 0.221591 0.000000
7.251598 8.244518 0.826948 0.000000
3.793388 8.115404 0.648219 0.000000
4.921151 8.158283 0.755973 0.000000
6.407156 8.214008 0.901146 0.000000
8.475380 8.290619 1.109993 0.000000
4.402087 8.139460 0.854783 0.000000
5.704667 8.188645 0.991345 0.000000
7.468598 8.254399 1.181214 0.000000
4.662218 8.145680 0.223097 0.000000
3.568645 8.104093 0.143093 0.000000
2.710249 8.070938 0.083040 0.000000
4.120821 8.140020 0.085931 0.000000
3.075582 8.084576 0.009314 0.000000
3.538253 8.128612 -0.183634 0.000000
2.638902 8.067141 -0.110026 0.000000
1.329774 7.587695 -0.114821 0.000000
6.688911 6.761965 2.147359 0.000000
8.559784 7.306014 2.111508 0.000000
7.146829 7.956427 2.121390 0.000000
7.215030 7.605429 2.133282 0.000000
7.220414 7.211704 2.037411 0.000000
7.546355 7.011995 2.131033 0.000000
6.093840 7.551365 2.152886 0.000000
6.499816 7.037513 2.148965 0.000000
8.437543 7.640180 2.111678 0.000000
5.208495 7.301135 2.092857 0.000000
5.740717 6.799701 2.163274 0.000000
5.802284 6.412228 2.069729 0.000000
4.765909 7.039958 2.102551 0.000000
5.045974 6.408228 2.090012 0.000000
8.295090 7.964055 2.112277 0.000000
8.134372 8.276288 2.113276 0.000000
9.700039 8.031227 2.086517 0.000000
9.162368 8.320553 2.020294 0.000000
6.960439 8.238828 1.713822 0.000000
9.687821 8.251008 1.854678 0.000000
7.765737 8.267591 1.606144 0.000000
5.908208 8.067138 1.288172 0.000000
9.734516 8.140938 1.677315 0.000000
8.764155 8.303369 1.521863 0.000000
6.641841 8.224683 1.271586 0.000000
5.115696 8.167425 1.095643 0.000000
9.677765 8.294643 1.428140 0.000000
1.645116 3.717757 0.309915 0.000000
1.738818 3.982285 0.068113 0.000000
1.633288 3.650040 0.433380 0.000000
1.626847 3.672866 -0.162199 0.000000
1.690002 3.794155 0.185528 0.000000
1.640341 3.436111 0.129694 0.000000
3.777234 2.474841 0.805269 0.000000
1.667145 4.000256 -0.034451 0.000000
3.073990 1.802888 1.268078 0.000000
3.729403 2.425791 -0.001692 0.000000
3.752478 2.422572 0.209184 0.000000
-4.491096 3.369997 0.020158 0.000000
-4.231395 3.972929 0.021794 0.000000
-4.238020 3.099968 0.001584 0.000000
1.373952 4.466074 -0.073069 0.000000
2.242597 4.037808 -0.062414 0.000000
2.817962 1.811496 0.944240 0.000000
-4.540208 3.723506 0.016638 0.000000
-0.708151 0.310185 1.894881 0.000000
-0.440298 0.361930 2.187720 0.000000
-0.793136 0.295774 2.127501 0.000000
-0.968158 0.265447 1.945672 0.000000
-0.458308 0.285912 1.832658 0.000000
-0.947206 0.208993 2.198002 0.000000
0.710453 0.274281 2.182906 0.000000
1.578013 2.042852 1.088258 0.000000
1.871590 1.263582 1.905574 0.000000
1.628032 1.808005 1.001074 0.000000
2.662702 0.543341 2.069773 0.000000
1.989567 1.350633 1.572912 0.000000
1.600834 1.990725 0.962655 0.000000
2.529152 0.422303 2.131521 0.000000
2.849455 0.544117 1.929579 0.000000
1.627968 1.678977 1.794107 0.000000
1.626314 1.809964 1.474015 0.000000
1.684544 0.513832 2.047159 0.000000
2.159651 0.413415 1.990566 0.000000
2.442862 0.515551 1.444912 0.000000
1.833013 0.514326 1.933119 0.000000
2.390875 0.449043 1.760821 0.000000
2.707247 0.410545 1.582767 0.000000
1.715135 0.484805 1.942731 0.000000
2.133721 0.515092 1.696428 0.000000
1.942126 0.402579 1.682755 0.000000
1.975138 0.416932 2.168409 0.000000
1.409389 0.432508 2.197597 0.000000
2.947175 0.449890 1.584116 0.000000
2.559560 0.529355 1.748162 0.000000
2.730798 0.529777 1.612657 0.000000
2.390933 0.528864 1.879685 0.000000
2.058344 0.527604 2.131630 0.000000
2.424830 0.415698 1.964438 0.000000
2.222900 0.528269 2.008013 0.000000
1.561469 0.516548 0.826742 0.000000
1.680021 0.474978 0.910704 0.000000
2.093680 0.473094 0.513966 0.000000
2.272467 0.525195 0.039499 0.000000
1.409475 0.475686 1.156832 0.000000
1.853530 0.516395 0.575591 0.000000
2.125870 0.442910 0.326652 0.000000
1.275849 0.516203 1.061861 0.000000
1.706114 0.516537 0.703751 0.000000
1.836149 0.460673 0.372297 0.000000
1.336503 0.463343 0.859411 0.000000
1.584893 0.462204 0.622027 0.000000
1.766570 0.484420 0.352059 0.000000
1.909984 0.487515 1.081306 0.000000
2.316536 0.500251 1.107914 0.000000
2.594082 0.441756 0.692859 0.000000
2.771471 0.464739 0.217221 0.000000
2.878777 0.453224 -0.010080 0.000000
2.197496 0.418836 1.006006 0.000000
2.364645 0.485969 0.656724 0.000000
2.475776 0.517510 0.279775 0.000000
2.678366 0.417176 -0.192636 0.000000
2.050906 0.532964 0.790367 0.000000
2.351225 0.531565 0.502143 0.000000
2.536563 0.437032 0.119305 0.000000
1.754738 0.533734 1.061503 0.000000
1.902108 0.533421 0.928069 0.000000
-0.707324 0.296844 1.115338 0.000000
0.719527 0.273163 0.717183 0.000000
-0.443780 0.299921 1.391765 0.000000
-0.620703 0.287836 1.225574 0.000000
-0.428170 0.287706 1.059599 0.000000
-0.932986 0.281005 1.162731 0.000000
0.752353 0.231924 0.968530 0.000000
-0.491821 0.298250 0.962919 0.000000
-1.533106 1.131592 0.898869 0.000000
-0.653668 0.272759 0.862181 0.000000
-0.337386 3.187064 -0.045249 0.000000
1.187777 0.412979 0.448685 0.000000
0.740791 0.324313 1.029275 0.000000
1.363196 0.418402 0.429603 0.000000
0.958992 0.275406 1.114385 0.000000
0.744353 0.203895 1.213237 0.000000
1.442650 0.459230 0.538245 0.000000
1.174216 0.416063 0.732511 0.000000
1.283440 0.447110 0.625750 0.000000
-1.752444 4.597418 -0.038866 0.000000
0.010261 3.469204 -0.087325 0.000000
1.401028 2.654311 -0.000699 0.000000
2.528903 1.814686 0.171806 0.000000
1.862657 2.285610 0.255893 0.000000
3.540708 2.008796 0.148335 0.000000
1.450374 3.377372 -0.043732 0.000000
-1.015320 4.471131 -0.004738 0.000000
1.604499 1.686583 0.649828 0.000000
1.602674 1.645667 0.398633 0.000000
1.600468 1.612775 0.179886 0.000000
1.818587 1.455349 0.755818 0.000000
1.636789 1.806504 0.026999 0.000000
2.901374 0.442861 0.885780 0.000000
1.847986 1.259960 0.596177 0.000000
1.601803 1.498231 0.165799 0.000000
-1.841416 4.085624 -0.042255 0.000000
2.650704 0.499362 0.800716 0.000000
2.621032 0.494508 0.715817 0.000000
1.830241 1.294727 0.334120 0.000000
1.633937 1.800179 0.343373 0.000000
-0.470418 3.596767 -0.075264 0.000000
1.743952 2.210987 0.111549 0.000000
-3.472022 3.233603 0.378002 0.000000
-3.786499 3.215995 0.383377 0.000000
-0.989572 0.295365 0.825578 0.000000
1.154051 2.598106 2.284712 0.000000
2.941308 2.052085 2.105950 0.000000
0.877704 2.500999 2.379694 0.000000
2.911051 2.345922 2.044575 0.000000
3.300133 2.255014 2.005242 0.000000
2.217708 2.799201 2.026146 0.000000
1.668611 1.982498 2.326461 0.000000
3.665253 2.217027 2.027041 0.000000
-4.597572 4.227104 0.253941 0.000000
-4.599513 3.888620 0.470727 0.000000
-4.551260 3.680330 0.598323 0.000000
-4.585102 3.205714 0.305060 0.000000
-4.572323 3.452599 0.010323 0.000000
-4.592127 3.452803 0.325269 0.000000
-4.597264 4.087435 0.306934 0.000000
-4.586949 4.136006 0.014246 0.000000
-4.598618 3.840320 0.237231 0.000000
-4.595498 3.705726 0.204368 0.000000
2.694206 4.032905 0.467308 0.000000
2.862701 4.070867 0.352881 0.000000
2.573481 4.166852 0.343253 0.000000
9.885703 3.096290 1.362231 0.000000
9.800776 3.178738 0.313075 0.000000
3.311536 4.472543 -0.101356 0.000000
9.817939 2.944690 1.051463 0.000000
9.809076 2.973863 0.511305 0.000000
3.409388 4.095575 0.695243 0.000000
3.680728 4.026886 0.468977 0.000000
2.837010 4.111043 1.180580 0.000000
3.068046 4.146960 0.695542 0.000000
3.199931 4.008780 0.495074 0.000000
1.623115 3.553796 1.200620 0.000000
2.557925 2.808993 2.058618 0.000000
1.767283 3.429016 1.548928 0.000000
3.296054 2.563507 2.003460 0.000000
2.599407 2.622018 2.024085 0.000000
1.438331 5.045769 -0.042970 0.000000
9.704295 3.557183 -0.104587 0.000000
9.934317 3.294082 1.183984 0.000000
9.705572 3.380994 0.190348 0.000000
-0.965662 0.278209 1.472153 0.000000
-1.628260 1.265347 1.569956 0.000000
-1.566286 1.257035 1.289619 0.000000
-0.818240 0.275977 1.297476 0.000000
-1.539489 1.265891 1.507254 0.000000
-1.581539 1.262882 1.115345 0.000000
-0.656773 0.299395 1.561220 0.000000
-0.762496 0.298981 1.642217 0.000000
-0.550322 0.299706 1.477488 0.000000
-0.476443 0.311431 1.724812 0.000000
0.746618 0.331259 1.863288 0.000000
0.968960 0.203079 1.654070 0.000000
0.538641 3.677800 -0.066264 0.000000
-0.257698 3.286759 -0.080406 0.000000
1.637922 1.757854 -0.125282 0.000000
1.401179 2.558770 -0.020296 0.000000
2.801608 1.815081 0.029148 0.000000
0.290803 3.367958 -0.060420 0.000000
-1.571062 4.509124 -0.051816 0.000000
1.427435 3.151187 -0.027857 0.000000
-4.433714 2.919903 0.174074 0.000000
-4.570918 3.178835 0.013959 0.000000
-4.441396 2.398109 0.025343 0.000000
-4.529146 3.456169 0.590125 0.000000
-4.550378 3.277228 0.526276 0.000000
1.837823 1.381708 1.013869 0.000000
2.760320 0.515696 1.178264 0.000000
2.986624 0.475728 1.220945 0.000000
2.404213 0.456214 1.160182 0.000000
1.819484 1.351439 0.892985 0.000000
2.875553 0.460748 1.719103 0.000000
2.826546 0.425199 2.110337 0.000000
2.287246 0.515356 1.572432 0.000000
1.612859 1.958560 0.694992 0.000000
1.823226 2.271839 1.058246 0.000000
1.497935 0.471530 1.949580 0.000000
1.321684 0.487884 1.588913 0.000000
1.275071 0.475878 1.275094 0.000000
1.353125 0.499711 1.913164 0.000000
1.173082 0.439223 1.424151 0.000000
1.093949 0.505406 2.170158 0.000000
1.462555 0.533924 1.316982 0.000000
1.467090 0.487966 1.467804 0.000000
1.660361 0.403716 1.497782 0.000000
1.761089 0.487780 1.214106 0.000000
1.829296 0.500561 1.530040 0.000000
2.141090 0.416174 1.599829 0.000000
3.766571 2.520921 0.506044 0.000000
0.044587 4.121980 -0.020903 0.000000
1.187323 3.914141 -0.078473 0.000000
1.747303 4.240149 0.189291 0.000000
1.241329 4.225386 -0.081067 0.000000
-1.775228 5.128154 -0.014386 0.000000
3.201624 2.004040 0.933748 0.000000
1.918957 2.270971 0.511142 0.000000
3.576206 2.127993 1.296629 0.000000
3.553731 2.130089 0.835157 0.000000
3.026996 2.067988 1.316558 0.000000
1.800810 2.210257 0.618014 0.000000
3.161038 2.054048 0.799946 0.000000
3.641189 2.206521 0.898419 0.000000
3.564536 2.070864 0.509112 0.000000
3.134546 1.814255 0.241775 0.000000
3.295536 2.003047 0.219466 0.000000
-0.525716 0.260099 0.434401 0.000000
0.753377 0.231928 -0.137183 0.000000
0.790866 0.292533 0.028179 0.000000
-0.453524 0.271816 0.672279 0.000000
-0.713563 0.261152 0.614876 0.000000
-0.873828 0.308007 0.678599 0.000000
-0.619491 0.260687 0.525821 0.000000
0.742682 0.256360 0.329126 0.000000
-1.555495 1.139784 0.739427 0.000000
-0.966026 0.302651 0.554375 0.000000
-0.523649 0.394824 0.334393 0.000000
0.643361 0.266807 0.407162 0.000000
-0.069299 1.353756 -0.088566 0.000000
1.129834 0.403903 0.139488 0.000000
-0.960432 0.317913 0.345064 0.000000
-1.599762 1.178970 0.212671 0.000000
-0.724869 0.221666 0.215401 0.000000
-1.597023 1.188964 0.540721 0.000000
1.600447 1.572037 0.371649 0.000000
1.601892 1.552207 -0.049273 0.000000
2.706408 0.454507 0.439684 0.000000
2.647737 0.402006 0.179175 0.000000
2.519111 0.485192 0.505834 0.000000
-1.571872 3.995595 -0.110666 0.000000
1.668299 2.223727 -0.127648 0.000000
1.469504 0.483495 0.187891 0.000000
1.749872 0.400981 -0.146461 0.000000
1.526249 0.405342 0.374283 0.000000
1.322878 0.471889 0.275827 0.000000
1.238664 0.454823 0.008412 0.000000
-0.386406 2.438367 -0.007885 0.000000
-3.963249 3.142236 0.019857 0.000000
-3.397547 3.288565 0.352509 0.000000
-0.567550 2.603942 -0.040819 0.000000
2.234854 0.472233 0.372906 0.000000
2.199390 0.458357 -0.028839 0.000000
2.483352 0.499877 0.956402 0.000000
1.830641 1.355001 0.762291 0.000000
1.968885 0.463359 -0.116304 0.000000
2.211596 0.486608 0.802753 0.000000
1.618009 0.495411 0.096349 0.000000
2.060246 0.487131 0.944313 0.000000
1.954854 0.473829 0.649753 0.000000
2.833351 0.413565 0.027015 0.000000
1.137342 0.417332 1.092970 0.000000
1.709485 0.461491 0.499391 0.000000
-4.009497 2.923088 0.173162 0.000000
1.526664 2.445292 2.465472 0.000000
-0.362102 2.804459 2.437070 0.000000
-0.489221 2.818882 2.433912 0.000000
-1.371800 2.543081 2.412700 0.000000
-1.163235 6.130541 0.067076 0.000000
2.715480 4.006670 1.046473 0.000000
2.381314 4.011802 0.921844 0.000000
2.337573 2.834250 2.258887 0.000000
1.586686 4.015254 1.217942 0.000000
0.472198 2.835758 2.555976 0.000000
1.899061 2.913952 2.246721 0.000000
1.506317 2.910719 2.513313 0.000000
3.336524 2.401431 2.298758 0.000000
1.940914 2.793513 2.260064 0.000000
2.866991 2.476858 2.286563 0.000000
-1.898181 5.799919 0.032177 0.000000
1.926166 5.418002 0.140352 0.000000
9.403052 4.249870 0.313680 0.000000
-2.477562 5.675807 0.002676 0.000000
-0.801717 5.452226 0.081825 0.000000
3.134325 4.183506 1.000141 0.000000
-0.790097 5.339289 0.083253 0.000000
5.445520 6.092651 0.208911 0.000000
5.732658 5.920781 2.492813 0.000000
6.893548 5.677019 2.604495 0.000000
8.383939 5.495830 2.640888 0.000000
5.987144 5.534033 2.584751 0.000000
7.271800 5.360795 2.616654 0.000000
8.916464 5.142638 2.656837 0.000000
6.327146 5.245104 2.595837 0.000000
7.739450 5.040629 2.630892 0.000000
5.519751 5.145331 2.577834 0.000000
6.742586 4.952974 2.608690 0.000000
8.918691 6.439822 2.643173 0.000000
9.796282 5.815073 1.822161 0.000000
7.654916 6.197923 2.616671 0.000000
6.759723 5.954077 2.536900 0.000000
7.968347 5.845447 2.627626 0.000000
9.668386 5.660261 2.657415 0.000000
8.767241 3.611883 5.253237 0.000000
9.628016 3.418074 5.184014 0.000000
1.111420 4.899577 2.469602 0.000000
8.105004 3.496264 5.238668 0.000000
9.143653 3.267229 5.265967 0.000000
1.331815 4.727906 2.413133 0.000000
8.457723 3.172677 5.250688 0.000000
9.580534 2.927644 5.280029 0.000000
1.403927 4.612141 2.480898 0.000000
3.871237 4.036004 3.281096 0.000000
5.161674 4.812206 2.572893 0.000000
9.140685 4.107434 5.256720 0.000000
9.628006 3.965532 5.050408 0.000000
8.437036 3.960291 5.241533 0.000000
9.486499 3.735840 5.268963 0.000000
1.979318 6.512868 0.129935 0.000000
1.376162 7.048920 0.111336 0.000000
6.444847 7.874897 0.357442 0.000000
2.557729 7.027937 0.136904 0.000000
9.332336 7.993411 0.536706 0.000000
2.815807 6.821642 0.144629 0.000000
-1.970335 6.185994 0.049731 0.000000
8.806797 7.892406 0.916577 0.000000
1.119190 3.618249 2.485482 0.000000
1.659866 4.026729 2.449256 0.000000
2.535024 4.027584 2.535113 0.000000
2.705219 4.075537 2.313682 0.000000
1.461325 4.028417 2.164028 0.000000
1.195047 3.935898 2.483510 0.000000
1.377200 3.484090 2.493941 0.000000
3.260568 4.171349 1.886431 0.000000
9.798187 4.512496 1.374540 0.000000
9.789656 4.296337 1.590920 0.000000
0.705012 5.891289 0.109223 0.000000
8.897920 4.420378 2.664118 0.000000
6.141220 3.634977 2.608906 0.000000
8.056281 3.613799 2.653520 0.000000
5.540758 3.933900 2.591493 0.000000
7.022133 3.626221 2.629529 0.000000
9.048317 3.212515 2.680532 0.000000
4.845966 3.915765 2.575165 0.000000
6.341598 3.952950 2.610122 0.000000
7.875818 3.265557 2.653149 0.000000
3.722601 4.141857 2.497322 0.000000
3.604531 4.131857 2.079932 0.000000
3.988378 4.194918 1.916698 0.000000
3.128941 4.130402 2.367866 0.000000
8.389792 3.995174 2.657056 0.000000
9.694279 4.321514 2.530467 0.000000
7.674732 4.357460 2.636716 0.000000
9.675134 4.025197 2.678401 0.000000
6.659706 4.303443 2.613749 0.000000
7.275787 3.973186 2.631640 0.000000
9.288731 3.596669 2.681863 0.000000
9.684552 3.502221 2.344528 0.000000
2.797991 0.275067 0.237123 0.000000
-2.228581 4.351480 0.004761 0.000000
-1.834402 4.526422 0.123235 0.000000
-0.122945 2.947990 0.011325 0.000000
-1.183151 3.107412 0.097137 0.000000
-1.137651 3.577689 0.012652 0.000000
-2.548474 4.351404 0.005586 0.000000
-4.551514 2.941793 0.407706 0.000000
-4.397956 2.941518 0.408575 0.000000
-2.093542 2.305819 0.035729 0.000000
-2.605263 3.382407 0.065826 0.000000
-1.195748 0.686747 0.145477 0.000000
-2.203210 3.813829 0.004768 0.000000
-1.726058 2.942801 0.083706 0.000000
-2.643987 4.772486 0.003147 0.000000
-2.313944 4.052753 0.140727 0.000000
-1.278116 3.000110 0.005854 0.000000
-0.317830 0.096447 0.231414 0.000000
-2.521146 3.643484 0.080297 0.000000
-2.025245 2.834205 0.051774 0.000000
-3.791980 5.146561 0.014043 0.000000
-1.190920 1.623452 0.143633 0.000000
-3.532050 4.924457 0.035021 0.000000
-3.553808 4.792792 0.008033 0.000000
-3.321552 4.467293 0.049335 0.000000
0.054251 0.916824 0.174730 0.000000
-2.994668 4.394445 0.000748 0.000000
-4.283076 3.394593 0.025506 0.000000
-4.231738 3.430907 0.027029 0.000000
0.441422 4.462490 0.140980 0.000000
1.572253 4.011443 0.356252 0.000000
3.596770 4.009814 0.364667 0.000000
-2.566488 5.491458 0.015049 0.000000
-1.388079 5.140221 0.022626 0.000000
-2.151889 5.291971 0.019324 0.000000
2.795313 1.827515 2.253418 0.000000
-0.776315 5.133609 0.101753 0.000000
-0.677596 1.307174 2.455713 0.000000
-0.327390 1.129925 2.461837 0.000000
-1.551932 1.462297 2.489281 0.000000
-1.103594 1.487470 2.449060 0.000000
-0.896868 1.399743 2.452318 0.000000
-0.508822 1.105698 2.599624 0.000000
-1.300429 1.571413 2.445903 0.000000
-1.632596 1.410416 2.449292 0.000000
-1.109196 1.386094 2.484684 0.000000
-1.504990 1.213271 2.466354 0.000000
-1.248283 1.215511 2.456228 0.000000
0.042838 1.370735 2.463508 0.000000
0.656873 0.949978 2.448055 0.000000
-0.831827 1.453609 2.476020 0.000000
-0.060366 1.390294 2.455730 0.000000
0.349615 1.199419 2.466002 0.000000
-0.231873 1.363275 2.469111 0.000000
0.072781 1.193247 2.471636 0.000000
-0.444379 1.209179 2.459258 0.000000
-0.195655 1.105192 2.462967 0.000000
-1.694488 1.328888 2.454935 0.000000
1.576199 2.008297 1.812828 0.000000
1.575323 1.367031 2.428935 0.000000
1.555980 2.049912 1.694987 0.000000
1.105096 1.594647 2.483459 0.000000
3.239474 1.940458 1.725584 0.000000
2.516162 1.883873 2.326411 0.000000
3.282447 1.814088 1.582650 0.000000
2.168763 1.835265 2.256108 0.000000
2.571180 1.811413 2.078518 0.000000
0.936152 1.519076 2.455968 0.000000
3.046604 1.800952 1.578035 0.000000
1.433853 0.783766 2.563552 0.000000
1.365069 1.130645 2.493840 0.000000
0.335918 1.304429 2.459484 0.000000
0.963137 1.080029 2.467548 0.000000
2.314752 0.197958 2.814522 0.000000
0.638526 1.195884 2.463422 0.000000
0.543172 1.214203 2.462610 0.000000
0.524229 1.170216 2.463710 0.000000
1.055327 0.805921 2.471297 0.000000
0.879362 0.921614 2.545797 0.000000
1.197105 1.353045 2.461211 0.000000
2.680583 0.304704 3.013181 0.000000
0.780933 1.476020 2.423999 0.000000
2.555039 0.299619 2.804942 0.000000
2.386212 0.207640 2.892997 0.000000
1.674639 1.194527 2.265260 0.000000
2.177825 1.819023 0.248912 0.000000
1.582897 1.642403 0.904007 0.000000
-1.689453 4.527831 0.011353 0.000000
1.123787 2.695954 0.017814 0.000000
2.160510 1.808224 0.611285 0.000000
-2.590502 5.378171 0.017686 0.000000
-2.198958 4.859416 0.004836 0.000000
-0.057069 3.775494 0.002621 0.000000
1.286011 2.602173 0.313371 0.000000
-1.598199 4.684383 0.001984 0.000000
1.351898 3.122473 0.059276 0.000000
-4.669706 3.427886 0.430365 0.000000
-4.666802 3.648530 0.431882 0.000000
-4.661501 3.995863 0.432722 0.000000
-2.331644 1.151582 1.605527 0.000000
-3.367082 3.789355 0.823235 0.000000
-3.507596 3.720341 0.806603 0.000000
-0.100326 6.063975 2.421705 0.000000
0.161469 5.965676 2.430574 0.000000
0.539720 5.677906 2.444710 0.000000
-0.200676 5.814734 2.421303 0.000000
-0.026082 5.887396 2.425810 0.000000
0.331758 5.610590 2.439440 0.000000
-0.366123 5.746096 2.416966 0.000000
0.053557 5.715879 2.430066 0.000000
1.153923 6.124607 2.457223 0.000000
8.287428 6.427754 5.168946 0.000000
0.294074 6.494586 2.414158 0.000000
0.667941 6.307511 2.425230 0.000000
0.808128 6.237188 2.446426 0.000000
1.336057 6.067424 2.443670 0.000000
0.096582 6.393164 2.409854 0.000000
0.280220 6.242316 2.431213 0.000000
0.748239 6.093595 2.429110 0.000000
-0.087701 6.298899 2.405750 0.000000
0.083470 6.149978 2.426340 0.000000
0.576014 6.139465 2.440834 0.000000
0.836731 5.879570 2.433245 0.000000
-0.260230 6.210990 2.401827 0.000000
0.317213 5.916709 2.419775 0.000000
0.665228 5.942364 2.445445 0.000000
1.252285 6.301284 2.439595 0.000000
3.203466 7.865944 1.734087 0.000000
2.746926 7.860810 1.501151 0.000000
3.758091 7.981268 1.493916 0.000000
4.265453 7.989710 1.909670 0.000000
2.748702 7.864847 1.908523 0.000000
4.927836 7.879182 2.109473 0.000000
3.214948 7.870374 2.177007 0.000000
4.312313 7.877796 2.302166 0.000000
5.765482 7.873621 2.555158 0.000000
1.236799 6.694608 2.453744 0.000000
6.951458 7.910227 4.346280 0.000000
9.610381 7.907371 5.175004 0.000000
1.257639 6.994223 2.433916 0.000000
8.210980 7.922622 5.081532 0.000000
9.359582 7.699674 5.179601 0.000000
0.986473 6.852918 2.428546 0.000000
5.162611 7.897897 3.919860 0.000000
0.737583 6.723665 2.423492 0.000000
1.099571 6.616053 2.433228 0.000000
8.919532 6.846107 5.178196 0.000000
0.508085 6.604903 2.418717 0.000000
0.968173 6.567100 2.447596 0.000000
3.776499 7.881916 3.016788 0.000000
2.747060 7.869262 2.349488 0.000000
3.747116 7.876478 2.484290 0.000000
3.228083 7.875277 2.660840 0.000000
4.361062 7.883294 2.839681 0.000000
3.995228 7.542514 2.528613 0.000000
4.561643 7.388934 2.503186 0.000000
5.078103 7.891006 3.255723 0.000000
3.984960 7.514866 2.609406 0.000000
3.986330 7.146380 2.578119 0.000000
4.413269 7.889381 3.431126 0.000000
5.927667 7.899864 3.749731 0.000000
7.937442 7.912842 4.173117 0.000000
3.983746 7.016509 2.734727 0.000000
2.586319 7.857723 1.292838 0.000000
-0.124887 5.650212 2.425431 0.000000
6.952741 7.731670 2.537111 0.000000
4.621066 7.704094 2.501696 0.000000
5.284778 7.570465 2.516474 0.000000
6.003613 7.413353 2.532414 0.000000
4.612275 7.313041 2.504894 0.000000
6.063322 7.868927 2.529623 0.000000
5.829367 7.896314 3.429451 0.000000
3.993819 7.309543 2.645674 0.000000
4.622713 6.933449 2.508430 0.000000
6.842371 7.906374 3.994277 0.000000
9.014907 7.920233 4.478161 0.000000
3.994636 6.950192 2.637839 0.000000
4.546110 7.877553 1.558003 0.000000
5.035966 7.881650 1.678972 0.000000
2.684227 7.862197 1.683012 0.000000
3.489712 7.973781 1.647272 0.000000
8.088724 7.918390 4.690099 0.000000
5.914741 7.882942 1.985470 0.000000
3.145557 7.867597 1.938156 0.000000
4.103934 7.874132 2.041109 0.000000
5.313788 7.881803 2.178133 0.000000
6.878407 7.891006 2.358789 0.000000
3.672096 7.873554 2.229911 0.000000
4.772900 7.880902 2.372006 0.000000
1.000907 5.827883 2.456117 0.000000
9.123128 6.124040 5.188850 0.000000
0.900093 6.029816 2.451158 0.000000
8.477690 5.901391 5.177631 0.000000
0.493150 6.342542 2.436389 0.000000
7.879311 5.695406 5.167121 0.000000
0.362153 6.049686 2.435586 0.000000
1.181343 5.667989 2.462838 0.000000
0.761016 5.749733 2.450231 0.000000
3.995664 6.599680 2.624890 0.000000
8.634286 7.785000 5.164051 0.000000
9.510885 7.534366 5.184131 0.000000
7.960433 7.479634 5.152838 0.000000
9.630552 6.948210 5.181483 0.000000
1.176100 6.535396 2.435752 0.000000
8.117512 6.953584 5.160733 0.000000
8.942290 6.676892 5.180175 0.000000
9.633202 6.361801 5.129839 0.000000
0.336962 7.193640 0.087577 0.000000
2.177609 7.415052 0.124646 0.000000
3.763209 7.990708 0.348656 0.000000
5.370578 7.870695 0.498657 0.000000
2.871203 7.965293 0.869052 0.000000
9.672698 7.360433 2.520921 0.000000
6.163139 7.893754 2.234824 0.000000
7.824284 7.903207 2.348804 0.000000
9.665337 7.975659 2.560816 0.000000
6.790120 7.829987 2.579615 0.000000
7.980035 7.736917 2.608109 0.000000
9.444676 7.633072 2.642683 0.000000
8.114974 7.285368 2.615900 0.000000
9.654387 7.151178 2.652482 0.000000
7.008832 6.995946 2.593330 0.000000
8.321220 6.856595 2.625114 0.000000
4.813007 7.870606 0.780461 0.000000
6.132603 7.877114 0.716007 0.000000
3.245460 7.972937 1.028814 0.000000
7.153013 7.977144 0.821429 0.000000
3.808384 7.983865 1.315696 0.000000
5.001753 7.877250 1.294209 0.000000
8.075492 7.965616 1.358852 0.000000
6.714188 7.893271 1.934162 0.000000
9.128319 6.419226 5.231745 0.000000
9.618133 6.186543 5.075526 0.000000
8.415848 6.169225 5.217321 0.000000
9.328090 5.951397 5.241424 0.000000
1.260066 5.912568 2.462369 0.000000
8.609115 5.730205 5.226599 0.000000
9.567856 5.499533 5.251907 0.000000
7.953799 5.528271 5.212968 0.000000
8.838687 5.305887 5.236611 0.000000
3.988500 6.498289 2.557171 0.000000
5.153673 6.878669 2.550824 0.000000
7.208264 6.610510 2.601989 0.000000
3.987113 6.805166 2.582992 0.000000
4.608683 6.367311 2.543021 0.000000
5.529411 6.329316 2.495326 0.000000
9.619696 6.917927 4.861437 0.000000
3.986009 6.363623 2.715663 0.000000
9.617118 6.737091 5.025270 0.000000
8.173552 5.128908 5.222542 0.000000
9.102600 4.892682 5.247333 0.000000
8.424458 4.740196 5.232760 0.000000
3.306437 4.034577 3.205656 0.000000
8.117834 6.063676 5.211256 0.000000
0.447096 5.861363 2.440047 0.000000
3.985392 6.671863 2.696602 0.000000
8.098668 7.841042 5.192370 0.000000
8.996211 7.600543 5.216325 0.000000
9.613684 7.305536 5.102637 0.000000
8.306811 7.305758 5.202863 0.000000
9.227820 7.050787 5.227522 0.000000
1.330224 6.457889 2.458646 0.000000
8.528069 6.785896 5.213562 0.000000
9.474687 6.513150 5.238998 0.000000
0.721217 6.450194 2.441826 0.000000
1.057416 6.342409 2.452320 0.000000
7.884915 6.542848 5.200599 0.000000
8.768267 6.278926 5.224620 0.000000
-0.807632 5.564049 2.405073 0.000000
-0.587314 5.837497 2.409021 0.000000
9.618226 7.527358 4.834145 0.000000
-0.668674 5.621158 2.408866 0.000000
-0.521056 5.682020 2.412845 0.000000
-0.868649 5.707715 2.401422 0.000000
-0.451274 5.530678 2.416771 0.000000
2.475127 7.854057 0.627194 0.000000
4.381996 7.874967 1.409389 0.000000
7.048259 7.915147 3.779656 0.000000
4.233803 7.699791 2.520295 0.000000
5.007517 7.584027 2.540101 0.000000
4.540814 7.893471 2.987972 0.000000
5.308512 7.902655 3.438035 0.000000
3.888798 7.885440 2.606402 0.000000
6.226801 7.913337 3.977298 0.000000
8.305023 7.928327 4.443166 0.000000
3.987847 6.797297 2.544638 0.000000
7.346422 7.926020 4.635783 0.000000
2.834455 7.959997 1.426247 0.000000
3.817088 7.873902 1.618227 0.000000
3.304941 7.872879 1.811695 0.000000
5.788963 7.889126 1.990003 0.000000
3.842223 7.879363 2.092977 0.000000
5.086354 7.887795 2.211299 0.000000
6.681321 7.897742 2.359217 0.000000
3.327479 7.878318 2.278552 0.000000
4.456471 7.886559 2.415178 0.000000
7.982712 3.103266 5.070815 0.000000
6.444789 6.581773 2.513112 0.000000
7.593815 6.282695 2.526435 0.000000
8.672734 6.072525 2.539651 0.000000
6.584685 6.086119 2.508331 0.000000
8.723636 6.601057 2.547785 0.000000
8.684375 5.555507 2.532635 0.000000
4.837654 5.818183 2.477198 0.000000
9.672737 7.087408 2.235635 0.000000
8.817177 7.144799 2.556790 0.000000
9.671666 6.862181 2.498143 0.000000
7.516456 6.835907 2.533013 0.000000
8.870990 4.415670 5.102687 0.000000
9.092622 3.854534 5.098539 0.000000
9.341984 3.280116 5.094665 0.000000
6.564536 5.277132 2.496795 0.000000
4.010513 5.891686 2.603075 0.000000
4.214759 5.371810 2.480915 0.000000
9.675970 4.574288 5.004976 0.000000
-4.452509 6.114832 -0.247252 0.000000
7.469243 7.959892 1.186291 0.000000
6.415123 7.949794 0.882375 0.000000
8.370753 7.994947 0.845783 0.000000
3.556140 7.039590 0.121624 0.000000
8.749891 7.971831 1.556073 0.000000
-0.690723 6.843290 0.062193 0.000000
4.562823 7.788216 0.145589 0.000000
-0.570648 6.615634 0.060623 0.000000
7.968909 7.979008 0.276597 0.000000
4.778029 4.136224 2.453265 0.000000
6.181991 3.797081 2.470667 0.000000
3.141853 4.116986 2.100877 0.000000
3.285424 4.031118 2.473678 0.000000
8.099450 3.813790 2.499917 0.000000
6.689175 4.999424 2.494878 0.000000
7.477643 4.661093 2.502209 0.000000
8.352352 4.272178 2.509971 0.000000
9.327655 3.823564 2.518231 0.000000
5.753087 4.910242 2.479176 0.000000
6.453547 4.593159 2.485685 0.000000
7.228517 4.230385 2.492535 0.000000
8.822786 2.918334 5.081650 0.000000
4.956482 4.833862 2.465558 0.000000
6.286455 4.194731 2.477674 0.000000
7.065367 3.805043 2.484259 0.000000
4.274197 4.767984 2.453666 0.000000
5.478792 4.163661 2.464713 0.000000
2.372967 4.019076 2.723936 0.000000
3.368480 4.026943 2.811512 0.000000
2.762376 4.100530 2.419072 0.000000
3.418465 4.022176 3.167509 0.000000
2.842051 4.022697 2.765615 0.000000
5.618218 6.341837 0.139704 0.000000
1.837358 6.038425 0.084621 0.000000
-3.972182 6.207329 -0.246251 0.000000
9.703372 5.102704 2.210765 0.000000
9.153504 5.232185 2.535098 0.000000
9.703014 4.875232 2.462275 0.000000
7.797562 5.104402 2.513138 0.000000
8.695210 4.741265 2.521527 0.000000
9.754628 5.577039 0.681048 0.000000
9.660725 7.976982 2.279643 0.000000
7.137106 7.966855 1.453355 0.000000
9.731720 8.093297 1.564984 0.000000
8.317281 7.978467 1.831328 0.000000
5.297601 7.939215 1.422794 0.000000
8.364360 7.967252 2.583053 0.000000
3.407690 7.920121 0.714043 0.000000
6.195365 7.966620 0.569443 0.000000
8.301475 8.137354 0.429351 0.000000
8.629877 7.422782 2.593757 0.000000
9.685149 8.171814 0.705557 0.000000
6.162891 7.957011 1.142136 0.000000
9.707225 7.964660 0.966658 0.000000
5.861185 5.801393 2.518277 0.000000
4.252057 5.898054 2.490122 0.000000
5.090621 5.670994 2.502081 0.000000
4.421898 5.558327 2.487820 0.000000
9.658715 4.970869 5.128595 0.000000
8.244758 4.652769 5.124577 0.000000
9.227639 4.394524 5.108024 0.000000
7.586359 6.611519 2.562251 0.000000
9.677233 6.782590 2.201508 0.000000
8.839007 6.881528 2.588522 0.000000
9.676193 6.578089 2.445923 0.000000
9.099173 6.353896 2.584415 0.000000
7.822138 6.135301 2.558627 0.000000
1.736087 7.579708 0.123408 0.000000
2.409745 7.983651 0.207898 0.000000
3.977819 7.792629 0.162618 0.000000
9.420247 4.530618 5.144192 0.000000
7.946107 4.236872 5.112396 0.000000
9.678596 3.624439 5.076000 0.000000
1.124067 5.014341 2.412977 0.000000
4.009155 5.530364 2.621213 0.000000
8.060581 5.072483 2.545571 0.000000
8.117382 3.820846 5.108969 0.000000
4.360481 5.081717 2.479011 0.000000
9.048861 3.501460 5.121010 0.000000
8.317816 3.414677 5.106245 0.000000
9.290483 3.076006 5.118662 0.000000
8.549947 3.017111 5.104238 0.000000
1.432626 4.553140 2.412654 0.000000
1.076174 6.834095 0.100836 0.000000
2.265685 6.762408 0.118581 0.000000
2.877914 6.560273 0.125055 0.000000
8.788758 6.516358 2.547567 0.000000
7.608033 5.904915 2.551119 0.000000
9.102201 5.638138 2.572832 0.000000
7.801479 5.485332 2.547711 0.000000
-0.388052 6.766184 0.065111 0.000000
2.489863 7.897990 0.514620 0.000000
3.384925 7.912679 0.443842 0.000000
4.498567 7.930182 0.357717 0.000000
5.927862 7.951770 0.249075 0.000000
3.916330 7.918142 0.621288 0.000000
5.187603 7.937349 0.549390 0.000000
6.101678 7.931047 1.949622 0.000000
8.187491 7.957505 2.064184 0.000000
7.097868 7.939141 2.349465 0.000000
7.153014 7.247037 2.533297 0.000000
8.550418 7.047917 2.551472 0.000000
9.293659 7.986408 1.010840 0.000000
6.858873 7.961615 0.458947 0.000000
4.526866 7.924209 0.825945 0.000000
5.994464 7.945497 0.774707 0.000000
7.959607 7.972969 0.707980 0.000000
5.230922 7.930972 1.062792 0.000000
6.937922 7.954755 1.039059 0.000000
6.052667 7.938609 1.340179 0.000000
5.264291 7.923990 1.614496 0.000000
7.025575 7.947365 1.669607 0.000000
1.411011 5.060523 2.419913 0.000000
4.356850 5.655501 2.467163 0.000000
8.487681 4.156389 5.121138 0.000000
-1.814119 3.420939 -0.075892 0.000000
-0.591677 0.128084 0.450468 0.000000
-0.587574 0.151254 0.766972 0.000000
1.071008 0.187194 0.205245 0.000000
0.160710 0.717225 -0.149086 0.000000
-4.537097 5.434067 -0.004568 0.000000
-0.570247 0.119417 2.084449 0.000000
-0.546510 0.133573 1.447734 0.000000
-0.793208 3.910574 0.006780 0.000000
-2.183235 4.752487 0.009510 0.000000
0.508358 2.535338 0.011850 0.000000
-1.935597 4.297628 0.006732 0.000000
0.139859 3.116037 0.014949 0.000000
-2.008930 1.135165 -0.008493 0.000000
-3.590258 4.977488 -0.039801 0.000000
-0.564093 0.102156 0.191504 0.000000
-3.569721 4.761119 -0.007987 0.000000
-3.989829 5.286683 0.017428 0.000000
-3.395194 4.409535 -0.073373 0.000000
-0.201950 0.042955 -0.044221 0.000000
-3.182250 3.890801 -0.048002 0.000000
-2.726846 3.386849 -0.037176 0.000000
-3.011275 4.341104 -0.072549 0.000000
0.130473 0.535076 -0.016674 0.000000
-2.715911 3.612356 -0.037156 0.000000
-1.980573 2.418321 -0.128717 0.000000
-3.242735 4.099223 -0.061202 0.000000
-3.061197 3.605140 -0.028136 0.000000
-2.899965 3.012788 -0.023948 0.000000
-2.468372 1.991401 -0.027108 0.000000
-2.080046 2.337775 -0.041551 0.000000
-3.747939 5.088987 -0.002602 0.000000
-1.147795 0.287563 -0.062147 0.000000
-3.792510 4.855683 -0.002546 0.000000
-3.598252 4.569105 -0.007741 0.000000
-4.586251 4.784077 -0.035079 0.000000
-4.632785 3.847938 -0.048960 0.000000
-4.616903 4.094076 -0.063961 0.000000
-4.585821 4.568122 -0.044335 0.000000
-4.635006 3.495661 -0.024062 0.000000
-4.608531 3.782433 -0.016999 0.000000
-4.418235 5.249683 -0.013759 0.000000
-4.630230 4.345285 -0.030082 0.000000
-4.617622 5.020893 -0.018929 0.000000
-4.609676 5.212528 -0.009760 0.000000
-4.657293 5.950360 -0.245098 0.000000
-3.966590 6.153607 -0.242116 0.000000
3.244699 4.035593 0.497708 0.000000
2.256081 4.056311 0.090318 0.000000
5.985719 5.403565 0.131604 0.000000
4.046064 5.287716 0.103843 0.000000
3.070194 5.168540 0.089053 0.000000
2.493383 5.045908 0.079596 0.000000
2.780822 4.191186 1.430338 0.000000
3.255092 4.193131 1.718981 0.000000
1.560144 4.002777 1.627512 0.000000
1.549887 4.066178 1.953938 0.000000
8.642752 3.132914 2.498677 0.000000
3.924108 4.031022 1.128765 0.000000
3.071945 4.007480 0.944329 0.000000
9.725620 3.142254 2.443491 0.000000
3.256094 4.025014 1.262584 0.000000
3.899231 4.154698 1.656792 0.000000
3.176698 4.021311 1.491266 0.000000
-1.835465 5.859312 0.033794 0.000000
-3.012261 4.028784 1.504572 0.000000
-0.041873 3.097972 2.214819 0.000000
-1.518682 4.953144 0.027005 0.000000
-2.091014 5.103778 0.023656 0.000000
0.214704 3.853473 0.131861 0.000000
-1.064298 4.898781 0.093567 0.000000
2.848422 1.802477 1.408168 0.000000
2.175712 1.807918 1.059788 0.000000
1.449348 0.624356 2.350250 0.000000
1.673408 0.267650 2.262493 0.000000
2.211973 0.244516 2.436661 0.000000
1.135968 0.638183 2.234072 0.000000
2.655483 0.249889 2.374100 0.000000
0.550309 0.572022 2.243396 0.000000
0.776340 0.415935 2.203239 0.000000
0.219964 0.927936 2.248765 0.000000
3.621127 2.077340 2.172198 0.000000
-2.248112 2.941701 2.018798 0.000000
-4.425943 5.602780 -0.219611 0.000000
-4.751621 5.798660 -0.234761 0.000000
-3.814351 5.606192 -0.233616 0.000000
-3.795737 5.615065 -0.234437 0.000000
-3.450077 3.245489 0.036102 0.000000
-3.613125 4.041514 0.032502 0.000000
-3.626940 4.459540 0.028188 0.000000
-3.838045 4.789425 0.022114 0.000000
-3.638443 4.854547 0.015617 0.000000
-3.982890 5.154660 0.017793 0.000000
-2.982975 2.770954 0.055949 0.000000
-3.375025 3.639326 0.040395 0.000000
-3.490218 4.399662 0.018364 0.000000
-3.437717 4.564945 0.008223 0.000000
-3.977749 4.976682 0.018734 0.000000
-3.403489 3.544844 0.040947 0.000000
-2.898698 1.771290 0.112180 0.000000
-3.247264 3.107806 0.020120 0.000000
-4.014604 5.400957 0.003586 0.000000
-3.495580 3.943544 0.019938 0.000000
-3.740660 4.672567 0.024535 0.000000
-3.208944 3.485360 0.025041 0.000000
-3.460167 4.147368 0.012499 0.000000
-3.436520 3.748595 0.021371 0.000000
-3.690946 3.278118 0.039236 0.000000
-3.973678 4.443158 0.022994 0.000000
-3.063374 2.063123 0.045978 0.000000
-4.661233 3.383624 0.522720 0.000000
-4.667556 3.194521 0.423761 0.000000
-4.623048 4.829551 -0.028207 0.000000
-1.870790 2.213569 0.061941 0.000000
-2.841238 4.105892 0.053296 0.000000
-2.475847 2.969786 0.067906 0.000000
-3.298545 4.203717 0.021141 0.000000
-1.578480 1.558114 0.143182 0.000000
-2.848362 3.654475 0.071350 0.000000
-3.798055 5.913078 -0.245652 0.000000
-3.844984 5.987559 -0.244129 0.000000
-1.871714 3.532928 0.024186 0.000000
-1.056854 2.995383 0.113522 0.000000
-4.164286 3.454762 0.649686 0.000000
-2.005471 3.250291 0.020289 0.000000
-2.421774 1.165451 1.223306 0.000000
-1.215532 0.303427 1.652259 0.000000
-1.212817 0.308107 2.240584 0.000000
-0.615020 3.134369 0.065756 0.000000
-0.207786 2.907283 0.140235 0.000000
-0.267345 3.203672 0.137196 0.000000
-0.829692 3.679577 0.103551 0.000000
-4.238771 3.455204 0.623584 0.000000
-2.850089 1.109057 0.450099 0.000000
-3.375518 2.937234 0.422158 0.000000
-2.364526 2.118918 0.076335 0.000000
-3.167739 3.607230 0.024991 0.000000
-2.235339 2.433649 0.120529 0.000000
-3.022457 3.984697 0.064448 0.000000
-2.814698 2.903048 0.034145 0.000000
-3.246191 3.945744 0.067652 0.000000
-4.600541 3.552058 0.645465 0.000000
-4.573107 3.456317 0.630047 0.000000
-4.539672 3.715390 0.661153 0.000000
-4.580293 5.980997 -0.249075 0.000000
-1.330210 1.629918 0.003706 0.000000
-2.709444 3.877228 0.004505 0.000000
-2.608414 3.236040 1.946930 0.000000
-1.091712 2.250684 2.440551 0.000000
-3.797757 6.061083 -0.238180 0.000000
-4.601580 6.089859 -0.255714 0.000000
-0.165778 4.402255 0.089761 0.000000
1.811679 3.952861 0.230421 0.000000
-1.831266 5.294953 0.078215 0.000000
2.381870 3.981338 0.292253 0.000000
0.671289 4.577864 0.142306 0.000000
0.536537 1.835453 2.413072 0.000000
-0.789090 2.267480 2.415953 0.000000
0.210455 1.800506 2.419934 0.000000
-0.571294 2.250268 2.431281 0.000000
1.283410 1.413569 2.459933 0.000000
0.630474 1.940555 2.407115 0.000000
-0.995876 2.364950 2.414887 0.000000
1.355574 1.640736 2.407407 0.000000
1.572880 1.794170 2.429615 0.000000
0.524775 2.157365 2.464754 0.000000
-1.469364 2.442787 2.437356 0.000000
-1.287454 2.350176 2.438934 0.000000
3.588098 2.207246 1.732398 0.000000
2.232013 1.736326 2.264730 0.000000
1.991648 1.978892 2.253372 0.000000
2.965501 1.710527 1.928468 0.000000
2.711942 1.719441 2.045143 0.000000
2.863765 1.785759 2.243589 0.000000
3.297489 3.977620 0.610850 0.000000
3.464816 3.934505 1.144801 0.000000
3.761730 3.976011 0.505028 0.000000
-1.776555 5.417930 0.080541 0.000000
-0.104794 5.210723 0.101933 0.000000
4.606817 4.584247 0.214916 0.000000
-1.516335 5.649552 0.067837 0.000000
-2.068900 4.288833 1.441742 0.000000
-1.925663 4.242132 1.446435 0.000000
0.427575 3.013629 2.461833 0.000000
2.587585 2.643622 2.266348 0.000000
1.703409 3.084909 2.240634 0.000000
1.368083 3.373331 2.162442 0.000000
1.221122 3.476672 2.136005 0.000000
-0.176280 3.027182 2.444270 0.000000
0.104764 3.071118 2.566849 0.000000
1.679682 1.198061 0.778584 0.000000
-1.069018 0.158345 2.259709 0.000000
1.369698 2.202749 0.150054 0.000000
-2.174520 4.461417 0.059370 0.000000
-1.489432 3.824101 0.075604 0.000000
0.392274 1.680411 0.143229 0.000000
-0.939111 2.367613 0.104330 0.000000
-0.318212 1.876495 0.122960 0.000000
0.345386 1.437359 0.142652 0.000000
-4.603201 5.401534 -0.000495 0.000000
-1.011178 0.074813 1.320310 0.000000
0.536848 0.752569 2.474789 0.000000
-0.003305 0.948928 2.485075 0.000000
1.393644 0.220970 2.402864 0.000000
0.689111 0.524873 2.492085 0.000000
0.072539 0.993595 2.466888 0.000000
1.059053 0.314517 2.478902 0.000000
0.358250 0.875260 2.470980 0.000000
1.564491 0.295249 2.564786 0.000000
1.197994 0.562519 2.480172 0.000000
0.526903 0.818880 2.473008 0.000000
0.998543 0.611875 2.479866 0.000000
1.669454 0.260921 2.412177 0.000000
1.995720 0.300773 2.423007 0.000000
-0.973168 1.042973 2.453889 0.000000
-0.630967 1.069346 2.491319 0.000000
-0.358606 0.888420 2.494968 0.000000
1.743693 0.214935 2.612269 0.000000
0.049205 0.699754 2.477343 0.000000
1.347000 2.818580 0.229147 0.000000
2.128241 0.263247 2.435209 0.000000
-2.042671 1.414248 2.454736 0.000000
-0.341521 4.005555 0.116058 0.000000
-2.018746 1.155502 2.022766 0.000000
0.052399 4.070220 0.126735 0.000000
0.102537 5.914244 -0.046801 0.000000
2.068387 5.311795 -0.067541 0.000000
-3.790107 6.237367 -0.256819 0.000000
8.981820 3.186526 2.223192 0.000000
3.632768 4.025214 1.412366 0.000000
-1.181390 5.444602 -0.083631 0.000000
-4.466659 6.209673 -0.255364 0.000000
-4.618418 6.274865 -0.259381 0.000000
1.670895 3.578546 1.958770 0.000000
1.616856 3.538481 1.771232 0.000000
1.817593 3.125854 2.029158 0.000000
2.606178 2.831976 2.024095 0.000000
0.352490 3.229778 2.294668 0.000000
0.751052 3.344675 2.312329 0.000000
-4.598791 5.588670 0.414844 0.000000
1.629963 3.614783 2.203509 0.000000
2.638045 4.150020 1.893389 0.000000
3.725411 4.184156 1.956192 0.000000
2.716648 4.120638 1.227251 0.000000
3.792163 4.119263 2.391111 0.000000
3.027683 4.159172 1.983718 0.000000
2.499081 4.178287 2.255855 0.000000
3.134992 4.141217 1.378278 0.000000
0.968635 3.221009 2.291076 0.000000
-0.275319 5.803275 -0.042363 0.000000
9.725552 5.631880 -0.170814 0.000000
7.062694 5.215233 -0.122301 0.000000
7.018009 6.342979 -0.123873 0.000000
7.004136 4.426311 2.239447 0.000000
8.789862 3.896965 2.223596 0.000000
6.103041 4.357521 2.247816 0.000000
7.626710 3.867328 2.234784 0.000000
8.061034 4.508035 2.229359 0.000000
9.820770 2.877823 1.954841 0.000000
6.634612 3.842893 2.244088 0.000000
8.310545 3.264203 2.229530 0.000000
3.776639 4.131162 1.034678 0.000000
9.329296 4.607280 2.216948 0.000000
-4.359128 6.227505 -0.251525 0.000000
-4.091137 6.258150 -0.248518 0.000000
-4.594140 5.677865 0.400871 0.000000
-1.439197 1.076998 1.919886 0.000000
0.715251 0.370256 1.626172 0.000000
1.097011 2.467466 -0.062831 0.000000
-1.203974 4.570394 -0.156988 0.000000
-1.597800 1.130838 1.041471 0.000000
1.595994 1.059947 -0.008224 0.000000
1.902916 4.028043 0.049314 0.000000
0.674232 4.868467 -0.113794 0.000000
-1.570742 5.389404 -0.100020 0.000000
2.962199 4.041549 -0.057651 0.000000
1.644660 3.497998 0.684910 0.000000
3.767904 2.421422 1.706689 0.000000
3.752395 2.515154 1.069868 0.000000
1.706961 3.525207 0.226358 0.000000
1.807369 2.156251 0.975296 0.000000
3.038381 1.812083 0.797601 0.000000
-0.191310 4.583625 -0.013803 0.000000
1.141324 0.566868 2.214024 0.000000
2.841684 0.392165 2.149434 0.000000
0.052890 0.896480 2.216127 0.000000
-1.242930 4.640966 -0.055359 0.000000
-0.662627 4.562983 -0.032220 0.000000
3.755118 2.236411 -0.153830 0.000000
-0.501946 4.145245 -0.033332 0.000000
3.621924 1.815553 -0.091821 0.000000
2.464587 1.802348 1.535421 0.000000
1.852250 2.133689 1.494062 0.000000
2.791825 1.810810 1.333361 0.000000
2.554990 0.258871 2.588856 0.000000
-0.619473 5.343933 -0.026446 0.000000
-0.109007 4.920189 -0.033310 0.000000
3.358717 4.031878 0.156994 0.000000
2.614001 4.118906 0.100379 0.000000
1.669392 3.445025 0.472209 0.000000
1.607850 3.575484 0.931094 0.000000
1.581846 4.017414 0.102186 0.000000
-0.098424 4.726098 -0.033348 0.000000
-0.213089 4.776415 -0.033488 0.000000
-1.787602 2.952468 2.014182 0.000000
-0.561406 3.096014 -0.123510 0.000000
1.004629 0.122451 1.062418 0.000000
1.404832 2.395998 -0.022298 0.000000
4.791154 5.753051 -0.046355 0.000000
1.504421 6.405049 -0.063298 0.000000
5.810433 4.222419 2.250725 0.000000
7.673758 4.342467 2.233360 0.000000
6.669771 4.277356 2.242838 0.000000
8.434686 3.727073 2.227370 0.000000
9.800313 3.185566 2.066301 0.000000
9.828144 2.934015 1.685204 0.000000
5.065771 4.175571 2.257354 0.000000
6.385186 3.695582 2.246697 0.000000
4.409283 4.134954 2.263008 0.000000
8.863704 4.420660 2.221833 0.000000
0.514254 3.362885 2.319008 0.000000
2.837428 2.630040 2.028162 0.000000
3.276342 2.100122 2.034896 0.000000
2.082094 2.758756 2.026812 0.000000
-1.783009 3.777697 1.622558 0.000000
2.213864 3.088533 2.026325 0.000000
9.704668 3.085536 0.267971 0.000000
9.838053 2.930523 1.534521 0.000000
9.807227 2.866872 2.119950 0.000000
5.443112 4.266321 -0.102795 0.000000
9.731140 3.541650 0.245085 0.000000
1.661109 3.391960 1.510692 0.000000
-0.172888 2.157728 0.019859 0.000000
1.305801 1.159287 0.026304 0.000000
-2.472542 4.544608 0.049506 0.000000
2.061804 0.925067 0.029360 0.000000
-1.431110 3.161770 0.114998 0.000000
-1.907358 1.157255 2.211494 0.000000
-2.597194 3.871601 0.017173 0.000000
-1.608423 3.369086 0.120460 0.000000
-2.347311 3.361060 0.166078 0.000000
-0.603163 4.667879 0.079838 0.000000
-0.032760 4.239568 0.029409 0.000000
3.228983 1.895965 0.316470 0.000000
-0.069784 3.874758 0.029785 0.000000
0.187865 3.949774 0.031194 0.000000
-0.638254 3.572635 0.016874 0.000000
-0.928562 3.508279 0.182107 0.000000
-0.957349 3.933162 0.011597 0.000000
1.395765 2.747872 0.050873 0.000000
-1.306425 4.279152 0.010828 0.000000
0.968229 0.410554 2.236559 0.000000
2.466115 0.258181 2.726487 0.000000
-2.048683 1.888348 2.271319 0.000000
-3.775853 4.333663 0.027094 0.000000
-3.201942 3.303901 0.090664 0.000000
-3.178663 2.877221 0.103274 0.000000
-3.072496 2.572829 0.123801 0.000000
-3.964565 5.411468 -0.237738 0.000000
-1.879478 2.709393 0.010743 0.000000
-2.176299 2.595725 0.010006 0.000000
-2.090756 2.622694 0.035541 0.000000
-2.770758 2.009105 0.133002 0.000000
-2.361842 1.874263 0.145996 0.000000
-4.386001 4.016205 0.886729 0.000000
0.246368 1.531094 -0.139299 0.000000
-4.246433 3.963086 0.765653 0.000000
-4.375303 3.973289 0.809090 0.000000
-3.331289 3.682994 0.532178 0.000000
-3.421176 3.679800 0.599105 0.000000
2.328523 0.272992 -0.058773 0.000000
-1.019486 3.266678 -0.111990 0.000000
1.367014 2.090811 -0.067513 0.000000
1.325350 3.465532 0.124067 0.000000
2.175909 1.818268 0.989334 0.000000
-2.417822 2.898722 1.963334 0.000000
2.165242 0.196888 2.434511 0.000000
1.019231 0.160850 1.686593 0.000000
-3.391501 2.413322 -0.068174 0.000000
-3.721268 4.199213 -0.005580 0.000000
-4.124335 5.215689 -0.013333 0.000000
-3.556598 3.397631 -0.017201 0.000000
-3.841870 5.062312 -0.000435 0.000000
-3.855054 4.944960 -0.000722 0.000000
-3.580738 2.413027 -0.000532 0.000000
-3.905016 4.444229 -0.001160 0.000000
-3.779161 2.879638 0.042117 0.000000
-3.732438 4.571061 -0.004719 0.000000
-2.814131 1.135364 -0.011022 0.000000
-3.855525 5.225915 -0.001181 0.000000
-3.371538 3.120341 -0.054449 0.000000
-4.000354 5.426149 -0.001872 0.000000
-3.948769 4.668539 -0.002150 0.000000
-2.627447 1.132923 -0.019140 0.000000
-3.447994 2.800599 -0.012113 0.000000
-4.586277 5.600697 -0.003766 0.000000
-3.929124 5.405130 -0.013127 0.000000
-3.481501 3.916437 -0.066728 0.000000
-3.040538 2.622331 -0.021309 0.000000
-4.015364 2.411048 -0.057626 0.000000
-4.158446 3.301635 -0.000153 0.000000
-3.809513 4.164712 -0.056345 0.000000
-4.112608 5.037782 -0.021331 0.000000
-3.741748 3.922612 -0.039720 0.000000
-3.697425 3.109188 -0.124899 0.000000
-3.800661 2.938161 -0.043510 0.000000
-4.091184 3.692909 -0.001199 0.000000
-4.213856 3.685609 0.562509 0.000000
-4.658636 3.753343 0.765168 0.000000
-2.733180 3.859418 -0.033288 0.000000
-0.540197 1.204468 -0.101103 0.000000
-1.530382 2.706627 -0.151341 0.000000
-2.249317 2.279717 -0.040919 0.000000
-1.747154 1.134837 -0.016986 0.000000
-1.530465 1.234450 -0.068983 0.000000
-1.875952 1.131307 -0.016908 0.000000
-2.852429 3.290386 -0.134412 0.000000
-4.602301 5.416366 0.813983 0.000000
-4.595408 5.947474 0.327515 0.000000
-4.600101 5.607543 0.660874 0.000000
-0.436711 5.378137 0.002163 0.000000
0.575368 5.434235 0.006649 0.000000
-1.020765 5.334437 -0.083362 0.000000
-2.370223 5.866268 0.006934 0.000000
2.100884 5.553883 0.014306 0.000000
3.768188 4.137334 0.303299 0.000000
3.554256 1.821337 1.414737 0.000000
8.237549 3.079869 -0.016426 0.000000
3.806838 4.167870 0.188968 0.000000
-1.259394 5.549582 0.003220 0.000000
-1.146030 5.665226 0.005999 0.000000
2.534458 3.936315 1.583435 0.000000
3.956753 4.140404 1.379319 0.000000
-2.030277 3.733821 1.596460 0.000000
-0.562446 4.531537 -0.045575 0.000000
2.765581 2.646403 2.023172 0.000000
1.998022 5.122249 0.004877 0.000000
2.509058 4.100840 0.958395 0.000000
-2.941147 4.964208 0.949237 0.000000
-3.160676 4.911061 0.953996 0.000000
-3.259911 5.138179 0.965337 0.000000
-3.170764 5.140702 0.963045 0.000000
-2.779411 4.798834 0.936847 0.000000
-2.915067 5.147577 0.956238 0.000000
-2.609285 4.949515 0.937797 0.000000
-2.544402 4.777944 0.927636 0.000000
-3.298964 4.918440 0.958613 0.000000
-2.098729 4.828399 0.913558 0.000000
-1.988005 4.818382 0.908793 0.000000
1.789741 2.847851 1.619523 0.000000
1.907115 2.946712 1.763747 0.000000
1.677326 3.346149 1.651805 0.000000
2.411578 2.682270 1.738061 0.000000
1.935671 3.202580 1.744293 0.000000
2.933970 2.684861 1.690954 0.000000
3.521725 2.554386 1.661197 0.000000
-2.518297 5.157833 0.944579 0.000000
-2.553074 4.867596 0.932084 0.000000
-2.796244 5.150662 0.952900 0.000000
-2.064351 4.486548 1.112064 0.000000
0.004546 3.145871 2.194072 0.000000
0.243014 3.091630 2.162003 0.000000
-2.360764 4.759548 0.920063 0.000000
0.577070 2.840554 2.150786 0.000000
-2.148897 4.736584 0.910943 0.000000
-2.202524 4.837673 0.917942 0.000000
0.947968 2.825840 2.169841 0.000000
1.111268 2.894556 2.166157 0.000000
0.838536 3.200273 2.051855 0.000000
1.083200 3.010889 2.136906 0.000000
-4.596502 5.426467 0.953682 0.000000
-4.597599 5.577419 0.664160 0.000000
-4.596086 5.636265 0.636580 0.000000
9.774634 2.970813 -0.719726 0.000000
4.001216 4.144650 0.444553 0.000000
9.827370 3.333788 0.895593 0.000000
9.836801 3.147947 0.593104 0.000000
9.833865 3.462494 0.681753 0.000000
9.800932 2.948840 -0.167126 0.000000
9.812425 3.292792 0.180731 0.000000
3.641144 4.168766 -0.256354 0.000000
9.746476 3.125641 -0.339075 0.000000
9.777745 3.373836 -0.467638 0.000000
9.764907 3.667292 -0.389943 0.000000
2.455300 4.809755 -0.353763 0.000000
9.757088 3.939017 -0.613704 0.000000
9.757968 4.323666 -0.418016 0.000000
-0.273208 5.446738 -0.206881 0.000000
9.782845 4.499648 -0.770188 0.000000
-1.450085 5.671019 -0.012224 0.000000
3.507154 4.158877 0.441751 0.000000
-4.591307 5.938869 0.452273 0.000000
-2.941821 4.469767 1.103007 0.000000
-3.199392 4.762901 0.949706 0.000000
-1.790986 3.480049 1.722221 0.000000
-2.977407 4.744928 0.941394 0.000000
-0.927975 2.606978 2.193434 0.000000
-2.755771 4.469428 1.143528 0.000000
-4.599401 5.337045 0.606369 0.000000
-4.596776 5.383987 0.997098 0.000000
-4.595507 5.186269 0.837951 0.000000
-0.689246 2.494295 2.198539 0.000000
1.069131 2.210184 2.022530 0.000000
0.863847 2.617087 2.042738 0.000000
1.181001 2.440809 2.026716 0.000000
1.695486 2.294931 1.845036 0.000000
1.285101 2.661173 2.030850 0.000000
2.039824 2.242110 1.762099 0.000000
1.712280 2.609542 1.610271 0.000000
2.096442 2.517047 1.762332 0.000000
2.601405 2.380012 1.739181 0.000000
2.139603 2.660908 1.746253 0.000000
0.278148 2.304187 2.050870 0.000000
-2.127732 3.970844 1.301844 0.000000
-0.432144 2.488289 2.178507 0.000000
-0.632997 2.813309 2.135562 0.000000
-0.305583 2.424235 2.073068 0.000000
-0.565005 2.760576 2.183581 0.000000
0.122174 2.273065 2.054778 0.000000
-0.307761 2.664439 2.199711 0.000000
3.183279 2.221824 1.712272 0.000000
0.119934 2.683311 2.163312 0.000000
-0.309947 2.866584 2.176732 0.000000
-2.348709 4.489052 1.081503 0.000000
0.440098 2.333917 2.046725 0.000000
0.314317 2.541784 2.057530 0.000000
0.095440 2.840817 2.190686 0.000000
0.886087 2.180406 2.027408 0.000000
0.488628 2.568243 2.052936 0.000000
0.267965 2.734635 2.159254 0.000000
1.171258 1.805159 2.152634 0.000000
0.918495 2.392663 2.168395 0.000000
0.489150 2.629627 2.180203 0.000000
1.573727 4.030152 -0.100327 0.000000
1.735766 4.243589 -0.043866 0.000000
2.656706 4.183671 -0.115889 0.000000
1.588655 4.017378 -0.289711 0.000000
1.835388 4.101433 -0.254398 0.000000
2.391924 4.109456 -0.226642 0.000000
3.064656 4.155664 -0.169712 0.000000
0.227874 4.784732 -0.219116 0.000000
3.487213 4.128403 -0.357694 0.000000
2.705107 2.702565 1.729081 0.000000
3.819700 2.021906 1.626682 0.000000
3.313658 2.507576 1.709516 0.000000
1.657275 3.380440 1.382236 0.000000
1.648747 3.377889 0.647499 0.000000
9.856015 2.931308 0.869197 0.000000
9.911664 3.511793 0.931117 0.000000
9.814209 2.957859 0.058810 0.000000
9.759780 3.580053 -0.727936 0.000000
9.762421 3.995175 -0.481636 0.000000
9.746481 4.554686 -0.351026 0.000000
6.714583 4.585190 -0.572428 0.000000
9.780826 4.761826 -0.556195 0.000000
3.058428 5.378194 -0.376910 0.000000
9.295750 3.023478 1.642788 0.000000
9.890573 3.074463 1.477017 0.000000
-1.738016 4.795298 0.897726 0.000000
-1.747003 4.879719 0.942159 0.000000
1.673282 3.064834 1.686424 0.000000
2.140834 3.122092 1.762247 0.000000
-2.061117 5.169774 0.929362 0.000000
2.634430 2.939642 1.708230 0.000000
0.688136 3.092740 2.177531 0.000000
-2.353783 5.162091 0.939312 0.000000
0.849349 3.159995 2.173959 0.000000
1.265587 3.071470 2.131891 0.000000
-1.906837 4.772109 0.992778 0.000000
-2.480625 4.477737 1.137343 0.000000
-1.827147 5.176025 0.920932 0.000000
9.760991 3.886298 -0.357387 0.000000
9.806826 3.974924 1.268495 0.000000
9.813103 3.323382 0.474519 0.000000
9.889294 3.726406 0.680143 0.000000
9.808222 4.109427 1.199715 0.000000
9.810068 3.434651 0.200444 0.000000
9.867183 3.938166 0.430760 0.000000
9.817245 4.286976 0.734688 0.000000
9.774614 3.376259 -0.279090 0.000000
9.777047 3.520414 -0.428960 0.000000
9.826306 3.009511 0.618999 0.000000
1.954878 4.935508 -0.326745 0.000000
9.756093 4.063556 -0.575575 0.000000
0.824401 5.347811 -0.263985 0.000000
9.778961 5.031836 -0.332567 0.000000
-0.065972 5.643387 -0.214858 0.000000
9.724645 5.339564 -0.615932 0.000000
2.584011 4.125192 1.788909 0.000000
2.818088 4.172834 1.766847 0.000000
3.848820 4.156118 1.418001 0.000000
6.151358 3.776973 1.806778 0.000000
7.326960 3.623732 1.653524 0.000000
8.545329 3.666695 1.688061 0.000000
9.818426 3.795065 1.523858 0.000000
-3.381794 5.296183 0.974047 0.000000
-0.789461 5.933145 -0.172252 0.000000
-2.248612 1.590895 -0.124720 0.000000
-3.501396 4.376350 -0.010214 0.000000
-2.074670 1.857828 -0.129221 0.000000
-3.710586 4.736035 -0.004810 0.000000
-0.885355 0.138015 -0.045898 0.000000
-0.674767 0.136246 -0.133000 0.000000
-2.434243 3.182107 -0.130935 0.000000
-0.495055 0.108003 -0.062774 0.000000
-3.270871 4.349902 -0.015390 0.000000
-1.760220 2.346550 -0.059408 0.000000
-4.017877 3.685598 0.586074 0.000000
-1.227533 2.021908 -0.129536 0.000000
-0.574632 0.115757 1.145676 0.000000
-0.559113 0.121381 0.874569 0.000000
-0.593649 0.133205 0.281392 0.000000
0.515475 0.119809 -0.215303 0.000000
-2.155560 3.202404 -0.082699 0.000000
0.007637 1.202742 -0.221840 0.000000
1.118602 0.223951 -0.371755 0.000000
-4.460080 3.873284 0.764882 0.000000
-4.410612 3.973148 0.845281 0.000000
-3.617964 3.714863 -0.013421 0.000000
-3.230822 2.910755 -0.128980 0.000000
-3.608968 4.350581 -0.007857 0.000000
-3.721260 2.725425 -0.012257 0.000000
-3.098225 2.936694 -0.019659 0.000000
-2.277118 1.132299 -0.035917 0.000000
-2.687331 2.267821 -0.099740 0.000000
-3.316856 3.904845 -0.067849 0.000000
1.722380 2.063912 -0.059265 0.000000
2.219002 1.815651 -0.033342 0.000000
1.684053 1.696091 -0.342667 0.000000
1.806534 2.153349 -0.183845 0.000000
2.467412 1.815407 -0.017842 0.000000
0.447638 2.730951 -0.253014 0.000000
1.454581 2.289473 -0.277001 0.000000
1.408540 2.516252 -0.280905 0.000000
1.436493 2.790615 -0.261169 0.000000
1.603042 1.373953 0.132979 0.000000
1.800399 2.136108 0.435114 0.000000
3.020435 1.811046 -0.009950 0.000000
3.367358 1.811508 -0.071102 0.000000
2.833993 0.350420 2.281338 0.000000
1.809922 1.359241 1.261521 0.000000
1.601428 3.349960 0.188132 0.000000
3.571228 1.931295 -0.293554 0.000000
3.684125 2.143085 -0.238353 0.000000
3.768681 2.296203 -0.202558 0.000000
0.874843 3.415980 -0.264862 0.000000
1.256356 3.341003 -0.291144 0.000000
1.419081 3.574047 -0.247411 0.000000
1.602068 3.592734 -0.231718 0.000000
-1.377695 4.865167 -0.041873 0.000000
1.119573 1.716231 2.159845 0.000000
0.921214 0.938181 2.147004 0.000000
-0.562980 1.812234 2.061699 0.000000
-0.694281 2.058582 2.073662 0.000000
0.057168 1.381670 2.185704 0.000000
-0.079136 1.686309 2.042120 0.000000
-0.308207 2.171984 2.065082 0.000000
-0.578338 2.357989 2.079453 0.000000
0.320398 1.232981 2.192460 0.000000
0.051351 1.730357 2.039349 0.000000
-0.050214 1.975538 2.050575 0.000000
-0.325066 2.267885 2.198771 0.000000
0.682457 1.014217 2.181825 0.000000
0.307491 1.434333 2.062739 0.000000
0.010577 1.856697 2.199857 0.000000
-0.093198 2.177163 2.108873 0.000000
-0.198426 1.459173 2.107943 0.000000
0.651839 1.350437 2.070675 0.000000
0.404337 1.733014 2.084421 0.000000
0.090005 2.012802 2.047316 0.000000
0.980864 1.203082 2.055244 0.000000
0.740730 1.604767 2.169070 0.000000
0.471870 1.854405 2.029877 0.000000
1.209847 1.032309 2.025337 0.000000
1.078167 1.508445 2.042684 0.000000
0.624821 1.893175 2.026233 0.000000
-1.299554 2.124123 2.094771 0.000000
-1.509521 2.048070 2.176470 0.000000
-1.729304 2.445570 2.194028 0.000000
-2.353506 3.397223 1.730967 0.000000
-1.539306 2.295171 2.169723 0.000000
-2.163321 3.199013 1.775882 0.000000
-1.308911 1.901360 2.169712 0.000000
-1.378392 2.228928 2.162701 0.000000
-1.156857 1.886202 2.082971 0.000000
-1.367756 2.436889 2.163351 0.000000
-0.908915 1.673564 2.068417 0.000000
-1.186938 2.167077 2.092539 0.000000
-1.072291 2.208280 2.090206 0.000000
-0.796250 1.721492 2.066303 0.000000
-0.814553 2.017951 2.076191 0.000000
-1.748385 3.209796 1.759439 0.000000
-0.559521 1.495446 2.051495 0.000000
-0.630434 1.913060 2.129511 0.000000
-0.954373 2.247946 2.087741 0.000000
-0.986285 2.503394 2.148051 0.000000
-1.576315 1.091242 1.617912 0.000000
-1.478141 1.097190 1.544634 0.000000
-0.966097 0.270372 1.755369 0.000000
0.506858 1.506125 -0.239450 0.000000
2.128714 0.208968 -0.206475 0.000000
2.467581 0.355305 -0.257728 0.000000
2.858437 0.393197 -0.258345 0.000000
-2.428426 4.276063 -0.076580 0.000000
1.008744 0.158082 0.961483 0.000000
-1.563662 1.100240 2.118523 0.000000
-1.234633 0.888528 2.149008 0.000000
-1.175163 0.986901 2.149617 0.000000
-1.279539 1.373964 2.159270 0.000000
-1.492872 1.553653 2.167149 0.000000
-1.622064 1.851576 2.175265 0.000000
-0.929155 0.762450 2.139853 0.000000
-1.046696 1.178258 2.150545 0.000000
-1.213465 1.526587 2.160750 0.000000
0.891413 0.522837 2.176535 0.000000
-0.591657 1.380027 2.144785 0.000000
-1.426091 1.695478 2.168356 0.000000
-0.658130 0.515608 2.128951 0.000000
-0.863559 0.905813 2.141256 0.000000
-1.094066 1.218643 2.060148 0.000000
-1.370384 1.723595 2.167712 0.000000
-0.436612 0.410584 2.195463 0.000000
-0.793243 0.965641 2.140913 0.000000
-0.910569 1.368851 2.151329 0.000000
-1.150569 1.553807 2.159940 0.000000
-0.357791 0.242528 2.116713 0.000000
-0.511751 0.729937 2.130066 0.000000
-0.647199 1.166320 2.141739 0.000000
-0.851964 1.568713 2.153959 0.000000
-0.201831 0.470916 2.117962 0.000000
-0.450870 0.924075 2.132660 0.000000
0.195607 0.473613 2.197501 0.000000
-0.047648 0.891423 2.058034 0.000000
-0.328376 1.312807 2.077633 0.000000
0.315266 0.389880 2.174451 0.000000
0.188269 0.728732 2.198154 0.000000
-0.145641 1.179204 2.172927 0.000000
0.531414 0.488129 2.188025 0.000000
0.340511 0.988998 2.192586 0.000000
-3.831703 5.607154 -0.007506 0.000000
-4.740013 2.433370 0.204295 0.000000
-4.429037 2.415602 0.222826 0.000000
-4.333580 2.413769 0.207200 0.000000
-4.181075 2.414793 0.218896 0.000000
-3.953851 2.406093 0.212157 0.000000
-4.348848 2.904755 0.007223 0.000000
-3.793835 2.404237 0.218700 0.000000
-2.747070 3.550041 0.063154 0.000000
-3.006500 1.109309 0.272239 0.000000
-3.661608 2.929262 0.419706 0.000000
-3.377296 2.411004 0.230228 0.000000
-3.221649 2.036080 0.204648 0.000000
-3.461344 2.678342 0.408525 0.000000
-3.520690 2.411576 0.237611 0.000000
-3.685771 2.693574 0.402607 0.000000
-3.609739 3.931198 0.033677 0.000000
-3.992002 2.682928 0.401019 0.000000
-4.659639 3.732267 0.817921 0.000000
-4.276796 3.763831 0.827769 0.000000
-4.184924 3.785167 0.824259 0.000000
-4.568182 3.731401 0.812845 0.000000
-2.876522 2.319245 0.214304 0.000000
-3.083120 3.065958 0.038204 0.000000
-2.752202 2.943570 0.202100 0.000000
-3.427987 2.926010 0.416990 0.000000
-2.827800 1.092523 0.638273 0.000000
-2.234503 3.135447 0.208836 0.000000
-0.201304 0.059172 0.463321 0.000000
0.384064 0.059183 0.463669 0.000000
-2.378510 3.428821 0.056284 0.000000
-3.520852 3.391299 0.606061 0.000000
-3.695091 3.728540 0.823666 0.000000
-3.348228 3.232254 0.622526 0.000000
-3.990883 3.776312 0.825902 0.000000
-2.616076 1.116595 1.017045 0.000000
-1.035622 0.075097 0.835490 0.000000
-2.437980 1.127309 1.442778 0.000000
-4.665860 2.944806 0.401253 0.000000
-4.195710 2.685688 0.411261 0.000000
-4.553725 3.317256 0.616528 0.000000
-4.336125 3.335521 0.608940 0.000000
-4.650436 3.214957 0.624074 0.000000
-4.084628 3.204637 0.603347 0.000000
-3.906941 3.252729 0.605112 0.000000
1.244197 1.412895 2.664038 0.000000
1.354504 1.910164 1.746354 0.000000
1.317611 1.896531 1.997639 0.000000
1.362624 1.873046 2.149459 0.000000
0.651593 1.355445 2.664810 0.000000
0.047055 1.792406 2.445262 0.000000
0.902507 1.035459 2.667639 0.000000
0.454807 1.457136 2.607846 0.000000
1.339843 0.858045 2.651798 0.000000
1.013671 1.179374 2.684435 0.000000
0.650603 1.596107 2.656734 0.000000
2.301395 0.305606 2.718484 0.000000
1.017832 1.363111 2.625185 0.000000
2.641448 0.187676 2.925292 0.000000
2.518998 0.212170 3.013595 0.000000
0.897975 1.598505 2.613427 0.000000
1.323257 3.193653 0.270153 0.000000
-0.435266 4.258523 0.143403 0.000000
0.979475 3.801003 0.189356 0.000000
2.586722 1.779587 1.243418 0.000000
3.092480 1.780401 1.423060 0.000000
3.319401 1.798451 1.081058 0.000000
-1.262447 1.021052 2.470258 0.000000
0.593011 0.260686 2.656280 0.000000
-0.227036 0.930504 2.614710 0.000000
0.638247 0.174467 2.422104 0.000000
0.406227 0.181010 2.743325 0.000000
-0.064288 0.737156 2.649739 0.000000
0.273245 0.505114 2.668484 0.000000
0.885849 0.158942 2.483026 0.000000
0.062840 0.298276 2.642282 0.000000
0.081506 0.737923 2.631134 0.000000
0.860938 0.159509 2.616036 0.000000
0.997790 0.305822 2.406107 0.000000
0.794942 0.289574 2.668794 0.000000
-1.661099 1.726410 2.439980 0.000000
-1.165675 1.022878 2.465292 0.000000
-0.702504 0.911661 2.600458 0.000000
-0.443710 0.749122 2.612979 0.000000
-0.237465 0.501998 2.627388 0.000000
-0.162491 0.570976 2.626551 0.000000
-0.730422 0.927867 2.457778 0.000000
0.537295 0.174927 2.413434 0.000000
1.826951 2.142602 2.236228 0.000000
2.381006 1.938853 2.249813 0.000000
1.677287 2.226781 2.232220 0.000000
2.205965 2.035547 2.245232 0.000000
2.177804 2.371369 2.359135 0.000000
3.242828 1.813442 2.351942 0.000000
-2.212435 4.250872 1.412992 0.000000
0.876894 2.011984 2.474060 0.000000
1.282883 2.008337 2.607615 0.000000
2.676457 2.494154 2.366760 0.000000
3.301725 2.334708 2.387502 0.000000
3.506097 2.086038 1.423197 0.000000
1.399859 3.578254 1.397638 0.000000
-1.533830 2.255172 2.448215 0.000000
-2.198670 3.256985 2.043535 0.000000
-1.161702 2.045703 2.452257 0.000000
-1.890547 3.018600 2.103380 0.000000
-0.363478 1.763629 2.430943 0.000000
0.322864 1.515154 2.646874 0.000000
-0.051493 1.749554 2.446018 0.000000
-2.558805 3.284598 2.126248 0.000000
-2.265542 3.013842 2.109014 0.000000
-1.637319 2.403549 2.423058 0.000000
-2.310817 3.207695 2.058270 0.000000
0.987971 0.306763 2.600033 0.000000
-2.791804 4.038931 0.049175 0.000000
-0.518478 1.057749 0.321685 0.000000
-1.329076 2.358038 0.242219 0.000000
-2.126056 3.511066 0.074529 0.000000
-0.758837 2.146154 0.267127 0.000000
-3.736265 3.320254 0.605569 0.000000
-2.877219 3.068692 0.015310 0.000000
-2.089147 1.884173 0.242305 0.000000
1.399170 1.858616 0.203288 0.000000
-1.620934 4.126185 0.122958 0.000000
1.316248 2.035974 0.246958 0.000000
2.201904 1.700589 0.612808 0.000000
0.056287 3.248241 0.188899 0.000000
-2.103169 4.109653 0.033357 0.000000
-2.024757 1.158108 2.278599 0.000000
0.093872 1.808572 0.305323 0.000000
-0.995015 0.162994 2.416345 0.000000
-1.220350 0.312807 2.435656 0.000000
-1.019058 0.121316 2.480577 0.000000
-0.659662 0.184971 2.456148 0.000000
-1.481714 1.846575 2.468312 0.000000
-1.901741 2.217680 2.520764 0.000000
-1.224631 1.914109 2.460111 0.000000
-1.429706 2.027107 2.458091 0.000000
-1.669141 1.959262 2.465983 0.000000
1.372927 1.923075 1.093914 0.000000
1.383701 1.924566 1.292089 0.000000
1.481850 1.073236 2.156626 0.000000
-0.538795 1.602387 2.448071 0.000000
0.853858 0.409717 2.532709 0.000000
2.037126 0.112527 2.793522 0.000000
1.318058 0.953971 2.471951 0.000000
1.579007 1.140323 1.691120 0.000000
1.537347 1.170720 1.801258 0.000000
-1.611777 4.855531 0.060553 0.000000
0.294238 4.170092 0.151304 0.000000
-1.712078 4.700098 0.010685 0.000000
3.555831 2.029648 0.742155 0.000000
0.379532 3.708275 0.155510 0.000000
-4.281227 6.460414 -0.253393 0.000000
-4.602753 5.974130 0.398093 0.000000
0.962107 4.633233 0.171593 0.000000
-2.300989 5.497988 0.063656 0.000000
2.123301 3.939191 0.245510 0.000000
3.596176 2.206680 0.677006 0.000000
3.543378 2.100540 1.122006 0.000000
3.517808 2.205879 1.502071 0.000000
3.584311 2.209175 1.046853 0.000000
-0.226616 4.515071 0.133310 0.000000
3.406010 1.733408 2.272911 0.000000
-1.704170 2.351200 2.446263 0.000000
1.153899 2.192006 2.478148 0.000000
2.192483 1.740376 1.955727 0.000000
3.069677 1.737265 2.341483 0.000000
1.172733 1.106662 2.454527 0.000000
-1.012048 0.118432 1.972358 0.000000
-1.625665 3.458634 0.120513 0.000000
-1.806711 3.879046 0.069098 0.000000
-1.625614 3.761450 0.039251 0.000000
0.157049 0.034224 0.235861 0.000000
-1.584730 2.203432 0.068226 0.000000
-0.326697 1.024177 0.155015 0.000000
-0.173918 0.172642 2.490093 0.000000
-1.790091 1.159126 2.415024 0.000000
-1.529836 0.904282 2.467155 0.000000
-1.899276 1.137503 2.469639 0.000000
-1.298591 0.726301 2.475471 0.000000
-1.766373 0.898063 2.434111 0.000000
-1.047786 0.533743 2.484380 0.000000
-0.856368 0.300776 2.492782 0.000000
-1.052447 0.733398 2.461597 0.000000
-0.598391 0.178696 2.432998 0.000000
-0.944043 0.468164 2.474559 0.000000
-0.774560 0.324501 2.493964 0.000000
-1.276151 0.846339 2.457875 0.000000
-0.302277 0.071163 2.509405 0.000000
-0.650235 0.484169 2.518900 0.000000
-0.556456 0.219767 2.531756 0.000000
-0.291023 0.367702 2.512430 0.000000
-1.413247 4.138836 0.009666 0.000000
1.317457 2.308356 0.207536 0.000000
-0.538704 3.751834 0.012403 0.000000
1.596490 1.132733 1.131363 0.000000
-1.137775 0.083565 1.427081 0.000000
-0.930909 2.758474 0.106914 0.000000
-2.583271 3.356335 0.089662 0.000000
-2.070733 1.781805 0.017976 0.000000
-2.211334 2.344859 0.073358 0.000000
-3.154437 4.098205 0.008529 0.000000
-1.958663 3.618870 0.005091 0.000000
0.283191 0.038466 0.261590 0.000000
-0.933700 1.817977 0.106078 0.000000
1.396981 3.323638 0.836891 0.000000
-0.528502 4.126313 0.124702 0.000000
2.009462 1.723438 1.636626 0.000000
2.485060 1.743843 2.255292 0.000000
-0.212698 2.227215 2.432251 0.000000
7.479337 3.186661 0.388990 0.000000
1.374678 3.267056 0.700291 0.000000
1.107582 4.119339 0.177940 0.000000
-2.211305 5.261030 0.047055 0.000000
-0.810331 4.992750 0.112924 0.000000
-1.353852 2.153800 2.450207 0.000000
0.622355 0.234072 2.507457 0.000000
-0.468050 0.460174 2.497531 0.000000
-1.486496 1.180394 2.462360 0.000000
-1.020171 0.849355 2.478691 0.000000
-0.970842 0.846183 2.474286 0.000000
-0.755146 0.662202 2.487796 0.000000
1.561037 1.173658 1.469482 0.000000
-0.153370 0.239454 2.508063 0.000000
-0.577094 0.877319 2.467892 0.000000
0.064903 0.102551 2.531306 0.000000
0.243748 0.466638 2.481468 0.000000
-1.952324 4.672390 0.010615 0.000000
1.363394 2.120315 0.048783 0.000000
-1.687200 4.316324 0.004614 0.000000
0.590135 0.478944 2.472880 0.000000
-1.485434 1.650709 2.442888 0.000000
1.375585 1.835480 1.517354 0.000000
2.082521 1.733958 2.063245 0.000000
1.027575 0.752281 2.449792 0.000000
1.852228 0.217648 2.657621 0.000000
-0.672954 0.142460 -0.254969 0.000000
-2.335656 3.135789 -0.074218 0.000000
-0.338727 0.109612 -0.219910 0.000000
-0.892199 1.044193 -0.241433 0.000000
0.120452 0.109931 -0.257455 0.000000
-2.216487 3.336729 -0.071990 0.000000
-1.271500 0.238117 -0.112189 0.000000
-1.049570 0.028364 0.246991 0.000000
-1.036138 0.084475 -0.219713 0.000000
0.353510 1.541471 -0.278901 0.000000
-2.018759 3.498505 -0.040469 0.000000
0.849181 0.077346 -0.294243 0.000000
1.054622 0.152169 0.175870 0.000000
-1.527771 2.850986 -0.054584 0.000000
1.043909 0.192145 -0.255923 0.000000
1.374225 0.183686 -0.061156 0.000000
-0.512681 2.106392 -0.231829 0.000000
1.555901 0.182630 -0.250139 0.000000
-2.904253 2.370308 -0.072350 0.000000
-3.483108 3.533741 -0.017246 0.000000
-2.431565 1.135462 -0.012502 0.000000
-3.456366 3.722972 -0.011746 0.000000
-3.034059 1.120115 -0.047647 0.000000
-3.022674 1.721570 -0.181951 0.000000
-3.139190 3.398672 -0.074707 0.000000
-1.660241 1.672107 2.197465 0.000000
-1.952729 1.945087 2.176245 0.000000
-1.013802 0.664946 2.185909 0.000000
-1.399653 1.192093 2.158406 0.000000
-1.737632 1.494992 2.129215 0.000000
-0.118390 0.153336 2.188088 0.000000
-2.007155 1.486756 2.169806 0.000000
-1.846815 1.402187 2.161640 0.000000
-2.058282 1.755686 2.176964 0.000000
-1.416263 0.801452 2.196228 0.000000
-1.606983 1.381914 2.166411 0.000000
-1.901633 1.681311 2.169236 0.000000
-1.091161 1.742611 2.162265 0.000000
3.007683 1.684926 -0.343915 0.000000
3.348448 1.674270 -0.190241 0.000000
3.560454 1.786882 -0.101214 0.000000
-0.227835 3.684944 -0.230740 0.000000
3.564577 1.724237 -0.337713 0.000000
0.820519 3.324863 -0.286109 0.000000
3.594453 2.014441 -0.286520 0.000000
3.134237 1.699081 -0.038348 0.000000
1.670243 0.162461 1.654057 0.000000
0.441604 0.971698 2.046019 0.000000
1.321233 0.166504 1.888870 0.000000
1.200123 0.174829 1.284246 0.000000
1.276082 0.170232 1.604824 0.000000
1.530871 0.163379 1.817575 0.000000
1.112428 0.603886 1.984057 0.000000
1.408852 0.175052 1.279316 0.000000
1.447923 0.168264 1.482397 0.000000
1.609012 0.173311 1.162090 0.000000
1.646626 0.172550 1.562480 0.000000
1.966552 0.165118 1.779599 0.000000
2.011951 0.153601 1.918129 0.000000
1.987857 0.161987 1.097919 0.000000
2.024147 0.168307 1.323469 0.000000
2.038452 0.158121 1.408144 0.000000
2.316268 0.103848 1.867348 0.000000
2.230762 0.155833 1.280385 0.000000
0.179778 -0.025134 2.008384 0.000000
-0.525360 1.084716 2.174591 0.000000
-0.356580 0.943319 2.131005 0.000000
-0.671577 1.443838 2.053485 0.000000
0.502897 -0.006991 1.843399 0.000000
2.402508 0.112181 1.483312 0.000000
0.677200 -0.008420 1.761004 0.000000
-0.178344 1.347733 2.074279 0.000000
0.855231 -0.009878 1.676196 0.000000
0.935650 -0.018492 1.932657 0.000000
0.154710 1.011156 2.198317 0.000000
1.607407 1.964998 -0.034386 0.000000
2.209420 1.698565 -0.229405 0.000000
1.278258 2.440299 -0.280014 0.000000
2.739307 1.687007 -0.206828 0.000000
2.437043 0.148544 1.653400 0.000000
2.374739 0.157439 0.822624 0.000000
2.648199 0.110042 1.372750 0.000000
-3.397508 4.122229 0.784799 0.000000
-1.044623 0.137807 1.735169 0.000000
-3.521890 4.035406 0.794357 0.000000
1.426556 0.180234 0.231344 0.000000
1.361559 0.172991 1.162075 0.000000
1.280097 0.109748 0.505503 0.000000
1.296634 0.178852 0.665207 0.000000
1.455706 0.182040 0.871257 0.000000
1.263714 0.182141 0.366126 0.000000
1.487700 0.182349 0.607899 0.000000
1.634743 0.179960 0.751918 0.000000
1.593669 0.178274 0.092407 0.000000
1.022701 0.170345 0.628124 0.000000
1.730146 0.186040 0.454022 0.000000
1.716991 0.139631 0.093370 0.000000
1.765363 0.176261 -0.051021 0.000000
1.988724 0.166970 0.072625 0.000000
1.857381 0.134737 -0.260080 0.000000
0.672858 2.518030 -0.268957 0.000000
2.197585 0.165756 -0.052687 0.000000
2.128817 0.142127 -0.206464 0.000000
2.413398 0.164544 -0.183448 0.000000
2.634836 0.163349 -0.319081 0.000000
1.512284 1.364609 -0.067818 0.000000
-0.449224 2.989450 -0.242250 0.000000
1.500059 1.461737 -0.230238 0.000000
0.333545 2.500541 -0.256017 0.000000
1.315225 1.896059 -0.201147 0.000000
-3.854319 4.387925 -0.002380 0.000000
-3.822982 3.930509 -0.007656 0.000000
-3.744657 3.497068 -0.005598 0.000000
-3.690688 2.968807 -0.051905 0.000000
-0.119978 0.060870 -0.307227 0.000000
-0.523707 0.111081 -0.236226 0.000000
-3.165382 4.013211 -0.017968 0.000000
-2.661645 3.552247 -0.036466 0.000000
-3.420545 4.009970 -0.012359 0.000000
-2.988370 2.529615 -0.032818 0.000000
-3.009744 3.199602 -0.051055 0.000000
-3.397375 2.923959 0.176189 0.000000
-4.166963 3.154786 -0.047198 0.000000
-4.382714 2.612328 -0.144163 0.000000
-3.622490 3.225469 -0.008314 0.000000
-4.273128 5.415233 -0.002408 0.000000
2.910481 1.815188 -0.008949 0.000000
2.624323 1.823937 -0.035947 0.000000
0.500569 1.037289 2.172614 0.000000
-0.326915 1.594087 2.047133 0.000000
0.211254 1.156203 2.165018 0.000000
-0.483873 1.600848 2.184851 0.000000
-0.792487 3.172238 -0.150123 0.000000
-0.681263 0.737260 2.196602 0.000000
-0.283750 0.169654 2.145576 0.000000
-1.295606 0.792817 2.148488 0.000000
-1.178389 0.511092 2.090596 0.000000
-2.376537 3.758695 1.599823 0.000000
0.712047 2.149360 2.031949 0.000000
0.949796 1.966948 2.018206 0.000000
1.319608 1.772135 2.154965 0.000000
0.546180 2.117035 2.036181 0.000000
3.024070 0.277476 2.651709 0.000000
1.605923 1.961208 1.689402 0.000000
-0.708233 2.322611 2.082387 0.000000
-0.027211 2.240738 2.058439 0.000000
0.235682 2.048890 2.043850 0.000000
1.300101 1.518941 2.036581 0.000000
0.927261 1.660643 2.164530 0.000000
0.326415 1.814352 2.033241 0.000000
-0.836565 4.456600 -0.063603 0.000000
-2.075644 4.830543 -0.039899 0.000000
3.358495 1.803930 0.974468 0.000000
-0.221123 0.524119 -0.180529 0.000000
-1.769484 1.811756 -0.122376 0.000000
-1.580452 1.971519 -0.134170 0.000000
-2.779239 2.462822 -0.125927 0.000000
-3.359440 3.443040 -0.020609 0.000000
-2.546659 1.251970 -0.164201 0.000000
-0.217596 2.156433 -0.155311 0.000000
1.332722 0.289401 -0.047417 0.000000
-1.370990 2.606640 -0.061309 0.000000
1.826879 4.002918 2.239446 0.000000
1.101149 3.826213 2.205286 0.000000
9.849403 2.718222 4.392204 0.000000
2.806456 4.171343 2.089817 0.000000
3.377099 4.108083 2.783811 0.000000
2.496782 4.120802 2.021999 0.000000
4.462444 5.221091 -0.187428 0.000000
9.724038 5.094154 0.138940 0.000000
8.929661 4.311685 -0.291655 0.000000
0.499180 5.939667 -0.095801 0.000000
1.995358 5.681532 -0.130294 0.000000
7.997311 3.729382 2.081584 0.000000
9.423881 3.160733 2.013729 0.000000
6.783943 3.786410 2.105388 0.000000
8.100817 3.192692 2.072570 0.000000
4.829218 4.277296 2.115149 0.000000
6.685854 4.271196 2.113573 0.000000
4.119528 4.289225 2.160785 0.000000
4.933447 3.875122 2.140853 0.000000
3.216253 4.122705 1.428736 0.000000
9.395714 4.256879 2.061595 0.000000
7.894266 4.264398 2.090590 0.000000
9.489843 3.660161 2.051886 0.000000
-4.608006 5.451964 1.014397 0.000000
-1.995989 4.508611 1.110876 0.000000
1.015246 3.228701 2.170281 0.000000
1.280272 2.965150 2.162342 0.000000
8.903315 2.949187 2.053909 0.000000
3.329027 4.122252 1.140792 0.000000
2.025818 3.016123 1.924399 0.000000
1.095384 3.746583 2.204478 0.000000
2.991732 4.471492 -0.167100 0.000000
2.236349 5.306267 -0.140304 0.000000
9.758315 4.086643 -0.297059 0.000000
-0.243508 5.281877 -0.089132 0.000000
3.892783 4.009649 0.708338 0.000000
8.175977 3.217546 2.071451 0.000000
3.417169 4.019859 1.696618 0.000000
-0.546429 5.509021 -0.079746 0.000000
-0.061884 5.211119 -0.031388 0.000000
2.982212 2.548388 1.902082 0.000000
1.852360 3.000350 1.927167 0.000000
2.467120 2.664876 1.873440 0.000000
3.039612 2.378061 1.856490 0.000000
1.561897 3.170784 1.956872 0.000000
1.525578 2.887439 1.891286 0.000000
2.058567 2.615936 1.919152 0.000000
2.755048 2.320338 1.863665 0.000000
1.604701 3.317761 0.965198 0.000000
1.393690 2.464692 2.020705 0.000000
1.702988 2.641219 1.838025 0.000000
2.202111 2.416962 1.914324 0.000000
1.067936 2.639860 2.037038 0.000000
9.717873 5.892089 -0.330603 0.000000
8.659082 4.340218 2.076926 0.000000
9.750120 5.230735 -0.336082 0.000000
9.746499 5.575794 0.216263 0.000000
4.552026 3.962153 2.148871 0.000000
9.839885 2.939087 4.070765 0.000000
3.651722 4.007674 2.652874 0.000000
2.925924 4.181534 2.248348 0.000000
7.276027 4.344434 2.022620 0.000000
8.710554 3.784221 2.068601 0.000000
7.363668 3.840673 2.095128 0.000000
8.783219 3.317916 2.131378 0.000000
5.289476 4.337152 2.140334 0.000000
7.441950 3.350142 2.087228 0.000000
4.501624 4.337779 2.154604 0.000000
5.338985 3.927491 2.134118 0.000000
1.194954 4.102072 2.241782 0.000000
1.322711 3.766863 2.035825 0.000000
4.907388 4.024725 2.075540 0.000000
9.757120 5.235829 -0.588976 0.000000
9.723204 4.859573 -0.464999 0.000000
9.777260 5.309478 -0.099455 0.000000
6.346881 3.719187 2.093642 0.000000
5.704107 4.107511 2.093832 0.000000
7.336936 3.697885 2.058771 0.000000
6.615820 4.114164 2.060378 0.000000
8.516271 3.672439 2.016929 0.000000
9.862253 3.221482 1.812687 0.000000
9.807596 3.708597 1.941977 0.000000
8.993941 4.131402 1.972083 0.000000
9.936940 3.546040 1.481571 0.000000
9.820688 3.900793 1.677553 0.000000
9.819249 4.237123 1.813641 0.000000
9.913517 3.767510 1.216824 0.000000
9.916112 4.023754 1.516731 0.000000
9.802653 4.514637 1.469092 0.000000
9.728951 4.936744 0.924131 0.000000
-2.614620 3.609140 1.850252 0.000000
-0.653908 2.859247 2.208541 0.000000
-1.920194 3.809820 1.687732 0.000000
-2.593637 4.249309 1.416868 0.000000
-1.780241 4.075384 1.538477 0.000000
-0.246079 3.011807 2.365954 0.000000
-2.690016 4.286763 1.415915 0.000000
-2.335025 3.814687 1.700195 0.000000
-1.797520 3.222692 1.812772 0.000000
-4.418832 4.559810 1.204478 0.000000
-4.425570 4.612397 1.200324 0.000000
-4.338813 4.563077 1.200770 0.000000
3.727064 2.590894 1.971680 0.000000
2.811945 2.803112 2.017340 0.000000
2.047788 3.188043 2.020803 0.000000
1.612875 3.555684 1.000946 0.000000
-0.028403 3.203524 2.346727 0.000000
3.543050 4.100165 -0.049213 0.000000
9.797971 3.491521 -0.358974 0.000000
2.697268 4.201906 2.636703 0.000000
-1.790842 5.502410 1.017523 0.000000
8.628897 3.511167 4.610784 0.000000
1.445256 5.112307 2.016019 0.000000
3.402334 4.185317 2.240221 0.000000
9.374681 3.592285 4.579150 0.000000
8.584054 4.073077 4.558318 0.000000
9.922928 3.312972 4.142078 0.000000
9.941111 3.750076 4.416249 0.000000
9.285320 4.260523 4.540898 0.000000
4.204085 4.200809 2.043578 0.000000
9.896375 3.842796 4.119120 0.000000
9.925611 4.376939 4.482061 0.000000
4.139577 4.631086 2.190523 0.000000
5.530245 4.295882 2.088896 0.000000
4.790129 4.713192 2.083755 0.000000
4.196999 5.175047 2.022736 0.000000
9.973596 4.921520 3.976714 0.000000
5.406521 4.737644 2.067091 0.000000
8.393664 4.376745 1.979685 0.000000
7.128195 4.897620 1.963303 0.000000
6.111217 5.215078 2.052033 0.000000
8.252131 4.940886 1.951476 0.000000
9.591825 5.038478 1.896263 0.000000
-1.788396 5.208459 1.030853 0.000000
6.983216 4.637685 1.863721 0.000000
9.243832 4.657898 1.891755 0.000000
9.814754 4.303918 1.718351 0.000000
6.801687 5.094283 1.947680 0.000000
7.802938 4.766263 1.837820 0.000000
9.382491 4.143225 1.904518 0.000000
5.972939 5.113837 1.802639 0.000000
7.888259 5.197574 1.895223 0.000000
8.073280 4.134294 1.960274 0.000000
9.559264 3.556450 1.937241 0.000000
5.194028 4.867141 2.074124 0.000000
5.955985 4.562649 2.019215 0.000000
6.983521 4.127224 2.006384 0.000000
8.380495 3.729211 1.911814 0.000000
4.557460 4.965116 2.091818 0.000000
9.808173 4.994580 1.770288 0.000000
9.800311 4.695356 1.175647 0.000000
9.857874 5.146588 1.401962 0.000000
3.752244 4.233299 2.405798 0.000000
2.315800 4.211116 2.408763 0.000000
2.725879 4.221790 2.402097 0.000000
3.347943 4.254220 2.786334 0.000000
3.206510 4.227100 2.403847 0.000000
3.062213 4.201517 2.044761 0.000000
9.934152 3.314087 4.417871 0.000000
9.944745 3.144331 3.942209 0.000000
4.142093 4.422595 2.119386 0.000000
9.923021 3.715875 3.888360 0.000000
5.259312 4.162252 2.067109 0.000000
7.141386 3.643960 2.032957 0.000000
6.067734 4.121655 2.044861 0.000000
9.936766 3.403810 4.046405 0.000000
9.472421 3.609708 4.530971 0.000000
9.912593 4.172959 4.111350 0.000000
3.926804 4.198754 2.388603 0.000000
8.667202 3.699980 4.598165 0.000000
9.568376 3.155811 4.598142 0.000000
3.287534 4.051685 2.335996 0.000000
1.515984 4.947307 2.003728 0.000000
3.624729 4.220008 2.804808 0.000000
5.572162 4.049420 2.102049 0.000000
4.809756 4.441832 2.106046 0.000000
6.363666 4.060784 2.072720 0.000000
5.417342 4.595822 2.066086 0.000000
4.764219 4.838430 2.084079 0.000000
7.289257 4.074608 2.038147 0.000000
6.327413 4.519101 2.046814 0.000000
4.682332 5.372304 2.046114 0.000000
8.377886 4.091535 1.997172 0.000000
-1.783715 5.005553 1.004405 0.000000
5.424903 5.298546 2.071211 0.000000
2.201367 4.134099 2.433311 0.000000
2.956504 4.168454 2.405540 0.000000
8.366586 4.794388 1.817416 0.000000
7.282272 5.060851 1.979928 0.000000
8.433808 5.164040 1.931584 0.000000
-1.859729 2.452129 0.100773 0.000000
-2.840271 3.387764 0.085007 0.000000
-1.178704 0.451880 0.178547 0.000000
-1.772966 2.637748 0.027250 0.000000
-1.307990 2.863106 0.089898 0.000000
-3.492371 3.093357 0.083586 0.000000
-2.642088 2.520039 0.079151 0.000000
-3.027079 3.431963 0.013578 0.000000
-3.390763 4.056286 0.012386 0.000000
-2.901312 2.071193 0.128616 0.000000
-4.372332 2.687605 0.416904 0.000000
-2.778141 1.731586 0.166684 0.000000
-4.611437 2.675605 0.417700 0.000000
-4.413195 2.678418 0.420441 0.000000
1.593796 4.351129 -0.029305 0.000000
-1.760710 2.812451 2.245072 0.000000
2.637366 0.433851 2.739009 0.000000
2.831352 0.417721 2.384628 0.000000
1.735986 0.900871 0.061142 0.000000
0.103143 2.900692 0.010499 0.000000
0.739565 0.320170 1.538386 0.000000
-1.806247 1.263991 1.690645 0.000000
-1.985565 1.262282 1.805834 0.000000
-1.928050 1.216586 2.077198 0.000000
-1.971797 1.254741 1.582181 0.000000
-1.704153 1.272881 1.847133 0.000000
-1.607193 1.273772 1.784746 0.000000
-2.101251 1.256528 1.419669 0.000000
-2.228557 1.208739 1.620127 0.000000
-2.054224 1.254043 1.637392 0.000000
-2.010843 1.212238 1.957796 0.000000
-0.814081 0.612722 2.465521 0.000000
-0.353296 0.512004 2.526850 0.000000
0.046649 0.262069 2.433417 0.000000
-0.051563 0.614022 2.476665 0.000000
1.362425 0.463146 2.484759 0.000000
1.680075 0.415002 2.439352 0.000000
1.895803 0.526863 2.251692 0.000000
2.077697 0.423386 2.333572 0.000000
2.299704 0.541539 2.334659 0.000000
-0.150204 3.680986 -0.027971 0.000000
-1.402743 4.303623 -0.011511 0.000000
-1.375070 3.905215 -0.002136 0.000000
1.104812 0.183997 0.497035 0.000000
0.607676 1.865409 0.013056 0.000000
-2.283650 1.483489 0.104446 0.000000
-2.467808 3.025202 0.095577 0.000000
2.119598 4.172475 -0.188887 0.000000
2.831037 0.385666 0.896468 0.000000
-1.070788 2.599787 0.035043 0.000000
-2.130702 3.712670 0.014557 0.000000
-0.678326 0.666056 0.099578 0.000000
-2.137510 3.127981 0.049780 0.000000
-3.168632 3.336983 0.035340 0.000000
-4.420815 5.464598 -0.234382 0.000000
-1.395019 2.637849 0.041259 0.000000
0.333529 0.348358 0.072005 0.000000
-1.200981 1.447527 0.076301 0.000000
9.705562 6.583129 -0.365719 0.000000
4.024614 6.424616 -0.210684 0.000000
-1.212413 6.165065 -0.137635 0.000000
9.676068 7.377127 -0.224962 0.000000
0.432672 6.517962 -0.125745 0.000000
9.633258 8.181863 -0.357202 0.000000
-2.108084 6.225384 -0.069601 0.000000
5.458902 7.618557 -0.281695 0.000000
-1.378744 6.488301 -0.080157 0.000000
3.183835 2.653758 2.019923 0.000000
2.469673 3.028382 2.023440 0.000000
7.932164 3.968575 2.131108 0.000000
9.829461 3.487602 1.664381 0.000000
9.838709 3.062319 1.655531 0.000000
6.522237 3.721045 2.170669 0.000000
9.757009 4.263941 -0.207665 0.000000
-0.032102 5.557886 -0.094935 0.000000
6.327073 3.635939 -0.202143 0.000000
-4.599749 4.233720 0.764144 0.000000
1.837176 2.146872 1.229766 0.000000
2.668264 0.429736 2.311369 0.000000
2.684773 0.265839 2.564261 0.000000
3.018815 0.390704 2.498443 0.000000
0.665943 0.748398 2.475297 0.000000
1.351464 0.630211 2.230604 0.000000
2.703715 0.418104 1.936033 0.000000
0.008879 0.547315 2.473778 0.000000
0.288241 0.274876 2.480522 0.000000
-0.064028 0.522205 2.475612 0.000000
0.560695 0.308745 2.486535 0.000000
0.325582 0.747717 2.488462 0.000000
-2.025841 2.440466 2.185639 0.000000
3.658082 8.015849 0.433563 0.000000
2.365044 7.977221 0.735424 0.000000
3.277794 8.002672 0.719904 0.000000
4.419746 8.033688 0.701225 0.000000
3.997610 8.020672 0.875094 0.000000
5.358988 8.056869 0.871459 0.000000
2.477113 7.953856 1.109905 0.000000
-4.194821 6.439021 -0.249799 0.000000
5.541107 8.196333 0.067230 0.000000
7.565113 8.122978 -0.017080 0.000000
5.003282 8.052552 0.361769 0.000000
6.787776 8.100158 0.261813 0.000000
9.271273 8.165174 0.115809 0.000000
4.582197 8.008573 0.484293 0.000000
6.080149 8.079242 0.517825 0.000000
6.232973 8.089617 -0.121038 0.000000
7.429827 8.112199 0.713218 0.000000
6.651971 8.089560 0.973277 0.000000
9.188259 8.154552 0.967450 0.000000
8.211132 8.126833 1.253869 0.000000
2.569941 7.992324 -0.207106 0.000000
-1.357545 6.701975 -0.089406 0.000000
3.146735 8.007656 -0.142659 0.000000
3.915731 7.948523 -0.259509 0.000000
3.821858 8.025291 -0.067413 0.000000
5.163093 8.062454 -0.204712 0.000000
3.390088 8.011603 0.127512 0.000000
4.623622 8.045887 0.021763 0.000000
0.545285 3.212193 2.153980 0.000000
0.740111 2.895845 2.146319 0.000000
0.981571 2.416128 2.032257 0.000000
0.671055 2.593274 2.048028 0.000000
1.296415 3.870326 2.040851 0.000000
1.192623 3.877301 2.139672 0.000000
-0.569316 2.098059 2.070962 0.000000
-1.159714 2.507074 2.199809 0.000000
-0.177163 2.921208 2.173183 0.000000
-0.177359 2.721987 2.196781 0.000000
-0.439438 2.812942 2.180203 0.000000
-0.009799 2.485571 2.065826 0.000000
-0.688732 2.708587 2.186924 0.000000
8.580030 6.143802 1.991349 0.000000
6.722882 6.303323 1.989323 0.000000
7.845336 5.901322 1.949068 0.000000
9.276496 5.541404 1.898738 0.000000
9.835022 5.151328 1.625171 0.000000
7.168146 5.745505 1.824360 0.000000
8.475879 5.302173 1.922910 0.000000
7.325048 6.458918 1.812016 0.000000
6.570564 5.446086 1.986376 0.000000
7.763102 5.088496 1.944324 0.000000
5.113190 5.553018 2.034107 0.000000
8.480002 4.471875 1.915229 0.000000
5.533013 5.073301 2.016381 0.000000
6.550547 4.723263 1.980479 0.000000
7.794684 4.304391 1.936200 0.000000
8.858544 7.108421 1.926993 0.000000
8.039598 6.769993 1.950745 0.000000
9.457142 6.473801 1.901359 0.000000
1.869210 4.106313 2.156240 0.000000
4.290050 5.207350 2.056971 0.000000
6.155301 4.487299 1.888849 0.000000
7.175969 4.152534 1.955046 0.000000
6.617962 4.015116 1.971966 0.000000
3.588077 8.007967 1.044140 0.000000
6.104341 3.888010 1.987468 0.000000
4.704726 4.160890 2.034673 0.000000
9.950866 3.084733 4.208276 0.000000
-3.811651 6.284281 -0.000845 0.000000
-3.626674 6.414862 -0.007532 0.000000
8.674154 3.133209 4.548959 0.000000
1.230193 4.757613 2.078713 0.000000
1.483246 4.429472 2.166012 0.000000
1.313961 4.337863 2.169469 0.000000
1.151161 4.250049 2.172784 0.000000
9.082444 3.358143 4.539628 0.000000
5.596214 8.018829 2.047735 0.000000
6.448858 7.889423 2.064045 0.000000
4.697867 7.895093 2.111424 0.000000
5.946561 7.576889 2.075183 0.000000
6.646601 7.387267 2.054566 0.000000
4.916862 7.436333 2.058350 0.000000
6.157323 7.099879 2.065597 0.000000
4.442690 7.286704 2.069663 0.000000
5.069751 7.034383 2.094403 0.000000
5.712464 6.839468 2.075559 0.000000
4.699340 6.612772 2.100867 0.000000
5.299394 6.598816 2.084750 0.000000
9.808600 7.774139 3.970915 0.000000
4.327673 6.578871 2.110415 0.000000
2.631603 7.959497 0.871502 0.000000
4.303422 7.996239 1.204510 0.000000
4.920501 6.378865 2.093123 0.000000
5.327551 8.050023 1.484826 0.000000
4.839287 8.006626 1.438629 0.000000
6.508792 8.077860 1.784771 0.000000
4.585692 7.998382 1.742953 0.000000
5.836901 8.058473 1.984627 0.000000
7.769983 8.051162 2.028992 0.000000
1.328834 5.540735 2.044993 0.000000
9.871921 5.144916 4.243200 0.000000
8.159582 5.622533 4.581411 0.000000
8.948578 5.208407 4.490269 0.000000
9.883902 4.827848 4.409402 0.000000
1.413984 5.669764 2.176266 0.000000
8.505238 4.939673 4.501937 0.000000
9.462136 4.488377 4.467368 0.000000
9.414900 5.491714 4.477960 0.000000
8.088372 4.687779 4.512881 0.000000
8.995916 4.315577 4.549097 0.000000
1.417846 5.262930 2.173191 0.000000
1.338702 5.118586 2.021145 0.000000
8.193803 3.844426 4.567040 0.000000
4.146018 6.268904 2.023959 0.000000
4.565779 6.174007 2.100912 0.000000
9.868634 7.020596 4.295761 0.000000
9.830864 6.765489 4.021728 0.000000
4.237903 5.985398 2.108062 0.000000
9.880907 6.824751 4.414094 0.000000
9.862359 6.426227 4.104400 0.000000
4.111599 5.821670 2.139187 0.000000
9.493388 6.515174 4.552720 0.000000
9.876503 6.111117 4.280713 0.000000
9.023915 6.199623 4.562853 0.000000
9.865871 5.835626 4.522057 0.000000
9.976770 5.590705 4.215839 0.000000
9.862499 5.105011 3.911250 0.000000
8.581157 5.903369 4.572376 0.000000
-1.990144 5.266698 0.931770 0.000000
-1.939991 5.462355 0.940244 0.000000
2.034214 4.109572 2.167370 0.000000
-2.172744 5.435409 0.947056 0.000000
-2.102030 5.260509 0.935502 0.000000
5.009725 7.547557 2.059571 0.000000
5.886153 7.298218 2.025651 0.000000
6.829555 7.087987 1.993182 0.000000
7.915481 6.845423 1.955512 0.000000
4.712509 7.364610 2.062936 0.000000
6.280618 6.809883 2.008342 0.000000
4.364756 6.803943 2.111255 0.000000
4.958607 6.778821 2.050372 0.000000
5.779070 6.556283 2.022107 0.000000
8.609669 7.161926 1.935683 0.000000
4.101205 6.777624 2.142126 0.000000
6.209717 6.070806 2.003756 0.000000
4.908745 6.117650 2.045774 0.000000
5.736859 5.857064 2.016984 0.000000
9.848472 6.737037 3.930829 0.000000
4.158034 6.020945 2.035288 0.000000
4.772102 8.033575 1.671853 0.000000
4.853929 8.041696 1.060062 0.000000
6.516044 8.084970 1.081550 0.000000
4.356083 8.100376 1.222577 0.000000
7.978249 8.119954 1.347490 0.000000
3.911273 8.013069 1.419318 0.000000
7.217270 8.098225 1.571860 0.000000
4.581416 5.848063 2.004224 0.000000
8.888875 8.135383 1.935612 0.000000
7.021021 7.936242 1.994970 0.000000
8.118071 7.742682 1.957274 0.000000
9.393966 7.520130 1.913171 0.000000
6.423238 7.599867 2.011184 0.000000
7.438334 7.397007 1.976269 0.000000
9.003153 4.236078 4.479789 0.000000
1.386896 5.325491 2.030438 0.000000
8.568135 3.997526 4.491535 0.000000
9.510209 3.594476 4.529835 0.000000
8.151866 3.769800 4.502750 0.000000
3.845135 4.141051 2.819333 0.000000
9.888007 5.390255 4.100833 0.000000
5.305789 5.662647 2.028978 0.000000
4.170086 5.776589 2.049065 0.000000
4.907873 5.483619 2.039990 0.000000
9.961257 5.643813 3.955074 0.000000
4.166558 5.596882 2.036292 0.000000
9.994304 4.787381 3.819592 0.000000
4.177013 4.818254 2.100753 0.000000
9.916233 4.760895 4.443213 0.000000
9.912806 4.384707 4.082235 0.000000
-3.002754 4.475877 1.105539 0.000000
9.800037 3.632919 0.329372 0.000000
9.825682 3.013579 0.044512 0.000000
2.565077 4.144541 -0.095512 0.000000
1.885852 2.179963 1.007757 0.000000
1.153188 5.745805 -0.184890 0.000000
9.736107 5.136750 -0.411635 0.000000
2.801017 5.267142 -0.245913 0.000000
9.761385 4.544346 -0.112273 0.000000
2.025657 4.990696 -0.221837 0.000000
2.840012 0.396821 1.667125 0.000000
-1.531554 1.110403 1.287371 0.000000
-0.587394 0.126044 1.857891 0.000000
2.821965 0.400759 0.271390 0.000000
1.436470 3.145845 -0.250899 0.000000
1.415814 2.885720 -0.165480 0.000000
1.149016 4.530710 -0.226455 0.000000
0.732314 3.930541 -0.216404 0.000000
1.639444 3.450183 -0.015570 0.000000
1.658904 3.857426 -0.343392 0.000000
2.026408 4.158980 -0.212659 0.000000
-0.304903 1.172728 2.134531 0.000000
0.012840 0.943658 2.123008 0.000000
-0.609526 1.235131 2.083620 0.000000
0.336591 0.544871 2.194027 0.000000
0.870315 1.494768 2.048279 0.000000
0.321399 1.690357 2.190973 0.000000
0.665415 1.506829 2.180970 0.000000
0.486001 1.457624 2.058270 0.000000
1.002217 1.022153 2.031109 0.000000
0.499946 1.247174 2.186846 0.000000
0.869808 1.030298 2.175921 0.000000
-0.293139 0.623737 2.197150 0.000000
-0.108415 0.407598 2.146223 0.000000
-0.866005 0.437799 2.027661 0.000000
9.839540 3.047211 1.030264 0.000000
7.648198 3.585227 1.934558 0.000000
9.245327 3.042247 1.877139 0.000000
1.308578 2.035844 2.008913 0.000000
2.255547 2.063067 1.838248 0.000000
1.124799 2.001955 2.013723 0.000000
3.005273 2.631113 1.818228 0.000000
3.801494 1.954328 1.640418 0.000000
8.861040 8.159755 -0.381938 0.000000
-0.743932 6.502275 -0.142739 0.000000
9.661033 7.614786 -0.415655 0.000000
3.471407 6.499475 -0.257581 0.000000
9.699423 6.678414 -0.361210 0.000000
-0.012042 6.058800 -0.141871 0.000000
9.806893 4.162324 0.925083 0.000000
9.785997 4.699615 1.102182 0.000000
9.880504 4.660178 1.400070 0.000000
9.809931 4.439865 1.217845 0.000000
9.826073 4.417197 1.663545 0.000000
9.807297 3.836709 1.181655 0.000000
9.839535 4.105272 1.818969 0.000000
9.817480 3.536553 1.299826 0.000000
9.200253 3.887539 1.886222 0.000000
9.711503 6.063676 -0.451921 0.000000
9.722849 5.796008 -0.314284 0.000000
1.245230 5.169476 -0.164628 0.000000
2.383328 5.109535 -0.033535 0.000000
1.235988 5.514260 -0.161656 0.000000
7.474732 4.630807 -0.350984 0.000000
-1.561077 6.336430 -0.072722 0.000000
6.679423 7.232275 -0.307427 0.000000
1.731129 6.707850 -0.166846 0.000000
0.774217 6.633170 -0.139366 0.000000
-3.985302 6.401042 -0.251950 0.000000
9.683196 7.587719 -0.330890 0.000000
0.980883 6.710707 -0.144827 0.000000
9.656946 7.753102 -0.267641 0.000000
1.553750 0.818936 2.143661 0.000000
0.768454 0.400981 2.095033 0.000000
1.823631 1.271262 2.013016 0.000000
-0.119479 0.364176 2.190986 0.000000
-0.031481 0.694348 2.118829 0.000000
0.037049 0.378330 2.189884 0.000000
8.709655 3.198056 1.965091 0.000000
9.555832 3.328845 1.942406 0.000000
9.827948 3.370197 1.526275 0.000000
9.840645 3.176172 1.805313 0.000000
1.999173 2.156154 1.882555 0.000000
1.581800 2.390223 1.927348 0.000000
3.343112 2.437535 1.848798 0.000000
2.749153 2.723107 1.866416 0.000000
0.587441 4.090554 -0.128442 0.000000
1.376642 3.495494 -0.011032 0.000000
-4.635150 3.304251 -0.068907 0.000000
2.846378 0.379038 1.161531 0.000000
8.425240 3.776557 4.560361 0.000000
1.187843 4.629183 2.174282 0.000000
2.375504 4.044046 2.358968 0.000000
5.692819 7.587579 2.082146 0.000000
5.902296 8.137047 1.770047 0.000000
7.571737 8.063648 1.931540 0.000000
5.684825 8.022440 1.847417 0.000000
7.159696 8.037025 2.045736 0.000000
7.476199 7.791762 2.035022 0.000000
7.789691 7.534059 2.024285 0.000000
6.233427 7.908230 2.070081 0.000000
6.566275 7.691971 2.059228 0.000000
6.892966 7.458246 2.048388 0.000000
4.648578 8.001343 1.553564 0.000000
6.031920 7.381994 2.071281 0.000000
6.368964 7.159220 2.060312 0.000000
6.706313 6.921120 2.049193 0.000000
5.887967 6.885525 2.071183 0.000000
6.235489 6.655727 2.059919 0.000000
5.106389 6.847105 2.091910 0.000000
5.451033 6.637481 2.080987 0.000000
3.525684 7.980714 0.885528 0.000000
4.134506 7.992971 1.126103 0.000000
5.248056 8.017443 1.251245 0.000000
3.108027 7.968960 1.117816 0.000000
5.043878 8.012095 1.338777 0.000000
6.419866 8.041706 1.500843 0.000000
6.165107 8.035200 1.601468 0.000000
7.910061 8.072004 1.818822 0.000000
9.871350 5.484981 4.458914 0.000000
9.840403 4.998988 4.196815 0.000000
9.580171 5.180109 4.539958 0.000000
9.993920 4.558633 4.077261 0.000000
9.885003 4.158909 3.975597 0.000000
9.100937 4.902692 4.550732 0.000000
9.860031 5.461160 4.077807 0.000000
8.648241 4.641504 4.560876 0.000000
8.216742 4.393146 4.570515 0.000000
8.842817 4.011175 4.550923 0.000000
5.401974 6.187869 2.078739 0.000000
4.095666 6.594461 2.144901 0.000000
4.327568 6.399311 2.108980 0.000000
5.030598 5.980340 2.087047 0.000000
9.835210 6.426520 3.934189 0.000000
4.255330 5.688340 2.009601 0.000000
9.847100 6.115026 4.107344 0.000000
9.912655 5.858527 4.241395 0.000000
-1.851670 2.433885 2.081840 0.000000
-0.315619 1.896684 2.056495 0.000000
0.236419 2.901483 2.187550 0.000000
0.791176 2.759260 2.173379 0.000000
0.611452 2.362489 2.042240 0.000000
0.148381 2.514290 2.061821 0.000000
-1.777943 2.949887 1.979163 0.000000
4.319053 4.174661 2.092286 0.000000
9.910520 3.058960 4.014756 0.000000
4.658467 4.305392 2.084237 0.000000
6.040671 4.465820 2.048253 0.000000
6.640137 5.414855 2.039168 0.000000
6.800424 5.120714 2.032518 0.000000
6.953464 4.817612 2.026001 0.000000
6.476934 4.634397 2.037647 0.000000
5.632629 5.033799 2.063597 0.000000
5.840691 4.757045 2.055874 0.000000
4.970693 5.124147 2.082040 0.000000
-1.793589 4.893280 1.004232 0.000000
0.532345 3.027283 2.180983 0.000000
4.422418 8.006223 0.324870 0.000000
3.250933 7.979725 0.216501 0.000000
5.383730 8.027161 0.447086 0.000000
5.093140 8.020616 0.440958 0.000000
6.573567 8.052602 0.598276 0.000000
4.823997 8.014370 0.453674 0.000000
6.209796 8.044514 0.594827 0.000000
8.086060 8.084398 0.790394 0.000000
5.875868 8.036885 0.612148 0.000000
7.617861 8.074127 0.788766 0.000000
9.708094 8.129726 1.137129 0.000000
2.389439 7.960206 0.066037 0.000000
9.373631 6.800662 1.974389 0.000000
9.388375 6.446257 1.971184 0.000000
9.378453 6.088602 1.968656 0.000000
9.336299 5.727322 1.967011 0.000000
8.507179 6.472431 1.995956 0.000000
8.626161 5.807225 1.987434 0.000000
8.649598 5.466342 1.984128 0.000000
7.749536 6.185052 2.014691 0.000000
7.861994 5.874578 2.009153 0.000000
7.957132 5.556242 2.004041 0.000000
8.033329 5.231140 1.999412 0.000000
7.072045 5.927449 2.031327 0.000000
7.219285 5.633057 2.024989 0.000000
7.348573 5.327457 2.019064 0.000000
7.192731 8.064568 0.810438 0.000000
6.807197 8.055677 0.852632 0.000000
8.876744 8.099393 1.063912 0.000000
8.389729 8.088344 1.114424 0.000000
9.711330 8.098810 1.362979 0.000000
-4.107695 4.186975 0.790997 0.000000
-3.831668 4.063679 0.777185 0.000000
6.766685 5.697643 -0.404271 0.000000
5.611304 5.651887 -0.364282 0.000000
9.867734 4.199200 0.695257 0.000000
9.813109 4.276476 0.502543 0.000000
8.061777 5.510291 -0.457756 0.000000
-0.009123 5.876599 -0.020508 0.000000
9.803755 4.422495 0.383740 0.000000
9.805872 4.364575 0.385592 0.000000
4.235812 4.260852 1.925337 0.000000
5.258138 4.389365 1.918522 0.000000
4.530297 4.341448 1.829222 0.000000
5.490280 4.482785 1.913689 0.000000
4.704882 4.312365 1.935977 0.000000
4.888561 4.405578 1.932990 0.000000
6.873469 4.590583 1.865936 0.000000
5.643055 4.420932 1.905395 0.000000
8.936208 4.898053 1.799859 0.000000
7.415906 4.674330 1.848773 0.000000
5.083125 4.327341 1.922502 0.000000
6.598845 4.568615 1.875443 0.000000
5.518882 4.393700 1.908931 0.000000
5.882845 4.473838 1.898565 0.000000
4.954252 4.308850 1.926548 0.000000
3.587518 4.176873 2.014599 0.000000
6.267646 4.523389 1.886101 0.000000
1.830101 4.202507 1.783058 0.000000
9.653929 7.578894 -0.494455 0.000000
0.914754 6.523590 -0.179066 0.000000
0.547466 6.773782 -0.179207 0.000000
9.834578 5.645041 1.399341 0.000000
9.825853 5.338262 1.578009 0.000000
8.670280 4.840786 1.807694 0.000000
9.808518 5.591250 1.387342 0.000000
9.533382 4.960840 1.619531 0.000000
7.704896 4.707469 1.839123 0.000000
-2.741412 3.937460 1.305559 0.000000
-1.909476 2.684393 1.962907 0.000000
-2.366495 3.181067 1.648605 0.000000
-1.908540 2.374510 2.150774 0.000000
-2.817905 3.944575 1.309412 0.000000
-2.564431 3.982678 1.379931 0.000000
-2.222669 3.986658 1.306488 0.000000
3.880225 2.420871 0.842323 0.000000
3.914986 2.090556 1.161653 0.000000
3.897453 2.257666 1.001329 0.000000
3.809506 2.297740 0.951956 0.000000
3.807486 2.195251 0.784915 0.000000
3.766042 2.413792 0.693662 0.000000
3.841415 2.076737 0.869114 0.000000
1.892946 1.335304 1.782886 0.000000
2.713705 4.280870 -0.148005 0.000000
3.703555 4.246888 -0.226972 0.000000
-0.328552 5.019642 -0.031007 0.000000
3.139203 4.229054 -0.203299 0.000000
0.771735 4.947982 -0.215066 0.000000
3.231085 4.228453 -0.114082 0.000000
5.569994 4.002855 -0.422759 0.000000
3.160156 4.290347 -0.006626 0.000000
2.804753 4.212055 -0.014589 0.000000
1.263714 2.238850 2.017232 0.000000
-0.204386 1.641074 2.044694 0.000000
9.890572 3.984042 0.956110 0.000000
2.191819 2.805340 1.749561 0.000000
2.499401 2.972132 1.745294 0.000000
1.923662 2.788075 1.757716 0.000000
1.917198 3.073889 1.625797 0.000000
3.023149 2.721752 1.719206 0.000000
2.801740 2.835552 1.730545 0.000000
-3.760762 4.204992 0.789085 0.000000
-3.755282 4.040256 0.776965 0.000000
-3.563695 4.211311 0.789029 0.000000
-1.572646 1.880206 2.174756 0.000000
-0.931436 1.975838 2.078579 0.000000
-3.216603 4.202696 0.764900 0.000000
-4.142201 4.711077 0.995770 0.000000
-3.648495 4.929755 0.970353 0.000000
-3.792448 5.119374 0.980050 0.000000
-3.566655 5.128408 0.973343 0.000000
-3.502872 4.926533 0.965382 0.000000
-3.936629 4.703586 0.977484 0.000000
-3.979814 4.857635 0.982783 0.000000
-4.137480 4.814322 0.991446 0.000000
-3.749537 4.734756 0.967825 0.000000
4.098217 7.004648 2.154305 0.000000
9.831950 7.497411 3.835585 0.000000
6.389392 8.056184 2.029058 0.000000
9.851324 7.243375 4.077048 0.000000
4.324041 7.186333 2.069821 0.000000
9.842879 7.352454 3.970389 0.000000
5.180835 8.117744 1.568624 0.000000
3.797868 8.084185 1.087289 0.000000
4.435545 8.099773 1.309363 0.000000
5.262228 8.116220 1.677930 0.000000
6.057214 8.138599 1.873201 0.000000
5.192005 7.728770 2.060393 0.000000
5.651649 7.842592 2.047934 0.000000
4.628233 7.453953 2.069833 0.000000
0.901526 5.731505 2.129583 0.000000
1.363490 5.929855 2.122434 0.000000
8.849907 6.426065 4.453105 0.000000
8.249477 6.167963 4.464667 0.000000
1.142937 5.788924 2.123964 0.000000
8.170550 6.002956 4.460705 0.000000
-1.857051 5.639490 0.946761 0.000000
1.123781 5.827064 2.126192 0.000000
9.297639 6.531904 4.440792 0.000000
9.070815 6.445669 4.445673 0.000000
5.309034 8.112695 1.802601 0.000000
8.525882 6.174584 4.454670 0.000000
9.505976 6.707341 4.440322 0.000000
8.711457 6.257166 4.451208 0.000000
1.517358 5.927256 2.117109 0.000000
8.819974 6.341614 4.450691 0.000000
2.756120 8.054370 0.812653 0.000000
2.338025 8.050605 0.505365 0.000000
2.751468 8.061042 0.652653 0.000000
3.217528 8.072642 0.818427 0.000000
2.277109 8.037439 0.754492 0.000000
3.823850 8.081167 1.181724 0.000000
-2.008561 5.706316 0.955867 0.000000
-3.154515 5.202431 0.965030 0.000000
-2.922495 5.282715 0.962371 0.000000
-2.460278 5.402316 0.954781 0.000000
-2.325213 5.642057 0.963019 0.000000
-2.275485 5.423564 0.949910 0.000000
-2.415567 5.624016 0.964879 0.000000
0.693243 5.641673 2.132673 0.000000
-2.695288 5.375395 0.960455 0.000000
-2.668221 5.423206 0.962021 0.000000
-2.996975 5.444828 0.971542 0.000000
-3.588549 4.725927 0.962252 0.000000
5.033146 5.913436 1.990184 0.000000
6.447139 6.285213 1.952624 0.000000
5.383693 6.084250 1.885431 0.000000
4.456063 5.760205 2.005195 0.000000
5.612468 6.100891 1.976360 0.000000
4.629879 5.939493 1.913570 0.000000
6.063307 6.190855 1.963171 0.000000
9.926495 4.992825 3.778041 0.000000
7.756787 6.654324 1.918264 0.000000
8.089690 6.951435 1.917957 0.000000
6.390641 6.421336 1.960447 0.000000
8.838969 6.947757 1.889065 0.000000
7.098654 6.535052 1.938359 0.000000
5.783351 6.211077 1.873214 0.000000
9.598328 7.100907 1.866232 0.000000
6.269117 6.254831 1.852092 0.000000
5.001755 6.047436 1.901770 0.000000
8.360803 6.782198 1.900497 0.000000
6.848583 6.406438 1.942482 0.000000
8.538004 3.940594 4.259258 0.000000
9.973168 4.309713 4.271800 0.000000
9.173187 4.163508 4.346874 0.000000
8.379653 3.735190 4.358799 0.000000
-1.774022 5.379923 0.929672 0.000000
1.321648 4.820400 2.032126 0.000000
9.194578 3.981445 4.338535 0.000000
9.950257 5.144157 3.680249 0.000000
9.494249 4.093578 4.331939 0.000000
8.658869 3.795636 4.350885 0.000000
8.913565 3.907967 4.346012 0.000000
4.128380 8.146954 -0.067665 0.000000
-1.057078 6.819282 -0.087674 0.000000
4.829685 8.161676 0.228601 0.000000
4.123720 8.152662 -0.203899 0.000000
4.811124 8.167990 0.065508 0.000000
5.611060 8.192433 0.220438 0.000000
-0.598640 6.892595 -0.103077 0.000000
4.778657 8.172925 -0.078091 0.000000
-0.813374 7.015636 -0.089333 0.000000
2.978136 8.104625 -0.146569 0.000000
8.535028 8.291856 0.515824 0.000000
9.685702 8.332237 0.865369 0.000000
9.682126 8.272783 0.780508 0.000000
9.161731 7.283444 1.890686 0.000000
9.730571 7.927419 1.409670 0.000000
9.121258 7.119304 1.885380 0.000000
7.003417 6.728664 1.842876 0.000000
9.693784 8.350241 1.155919 0.000000
6.659123 8.216811 0.593153 0.000000
4.722452 8.176169 -0.203976 0.000000
6.562044 8.221254 0.403479 0.000000
7.880044 8.253158 0.834605 0.000000
5.444269 8.198334 -0.066110 0.000000
6.440049 8.223714 0.237611 0.000000
7.712752 8.255864 0.623642 0.000000
6.295925 8.224298 0.095454 0.000000
7.526756 8.256577 0.442236 0.000000
9.135022 8.298336 0.894295 0.000000
7.309191 8.254983 0.286242 0.000000
8.847229 8.296257 0.689050 0.000000
-3.335065 4.711472 0.952561 0.000000
-2.205738 5.254789 0.938870 0.000000
-2.555855 5.235583 0.949526 0.000000
2.428079 1.983941 -0.203316 0.000000
1.827757 2.238726 -0.104176 0.000000
2.635015 1.990943 -0.271011 0.000000
1.836547 2.190684 0.647558 0.000000
-0.528289 3.957158 -0.178707 0.000000
3.256595 2.029470 -0.092288 0.000000
1.421436 3.212680 -0.244584 0.000000
-0.351665 4.360418 -0.171842 0.000000
1.669163 3.762562 -0.245753 0.000000
-3.347640 3.432418 0.397624 0.000000
1.548214 0.408121 -0.362788 0.000000
1.219743 0.470310 -0.339474 0.000000
-0.536860 2.646673 -0.219343 0.000000
1.723828 0.410446 -0.341455 0.000000
-0.418270 0.269594 0.036914 0.000000
-0.604580 0.263151 0.057519 0.000000
-0.409308 0.317067 -0.077717 0.000000
-0.665056 0.228602 -0.096298 0.000000
-0.938007 0.323043 0.097689 0.000000
-1.323183 2.556376 -0.109312 0.000000
0.994185 0.231618 -0.034053 0.000000
-2.391887 3.661489 -0.011045 0.000000
-0.678669 1.618487 -0.246867 0.000000
0.201033 0.217639 -0.295720 0.000000
0.079345 0.214140 -0.272162 0.000000
-0.159181 0.207404 -0.229929 0.000000
3.010897 0.464827 -0.399718 0.000000
1.801160 1.353593 -0.097278 0.000000
2.799862 0.457529 -0.327616 0.000000
2.593023 0.450488 -0.259710 0.000000
2.397170 0.465892 -0.085765 0.000000
1.549519 2.109607 -0.345256 0.000000
-0.541601 3.252191 -0.200286 0.000000
-4.242544 4.172824 -0.039885 0.000000
-3.913580 3.628355 -0.005909 0.000000
-3.960717 3.153265 -0.053407 0.000000
-1.531597 1.199721 0.165356 0.000000
-0.989408 0.331353 -0.117209 0.000000
-0.999137 1.146276 2.175344 0.000000
0.618899 0.992003 2.041427 0.000000
1.215347 0.481253 2.009457 0.000000
0.167237 1.442797 2.196514 0.000000
4.160938 4.612787 -0.309288 0.000000
2.195081 1.824332 1.717387 0.000000
3.794999 4.214263 -0.149596 0.000000
-0.081930 5.181757 -0.154999 0.000000
9.804481 3.148001 -0.499260 0.000000
1.241722 4.720145 -0.212093 0.000000
-1.329771 5.224917 -0.113061 0.000000
9.878537 3.228758 -0.028317 0.000000
3.065076 4.197342 -0.216306 0.000000
1.705570 4.271983 -0.364669 0.000000
3.809272 2.214335 1.511934 0.000000
3.806718 2.092007 1.305292 0.000000
2.819715 0.498694 0.639481 0.000000
1.814743 1.324603 0.103851 0.000000
2.874053 2.007394 0.210935 0.000000
1.787278 2.207951 0.360477 0.000000
0.718474 3.444083 -0.267932 0.000000
2.355413 2.080246 -0.100975 0.000000
2.855928 2.099233 -0.084133 0.000000
2.603197 2.010642 -0.073414 0.000000
3.436138 2.123167 -0.089473 0.000000
3.398353 2.027797 0.058145 0.000000
2.648269 2.082738 0.039786 0.000000
3.196931 2.104190 0.051069 0.000000
2.446880 2.066938 0.157335 0.000000
1.443421 2.960113 -0.270840 0.000000
-0.134474 4.299356 -0.205830 0.000000
2.925875 2.028115 -0.302294 0.000000
3.291012 2.134491 -0.353083 0.000000
2.730882 2.110712 -0.336570 0.000000
3.759821 2.445718 -0.290052 0.000000
3.070042 2.116468 -0.214938 0.000000
2.439893 2.009896 -0.172555 0.000000
-3.771360 3.437506 0.396803 0.000000
-0.377081 0.200372 1.001539 0.000000
1.000100 0.909249 1.981039 0.000000
1.419604 0.934037 1.967927 0.000000
1.203980 0.923673 1.974751 0.000000
1.119352 0.400148 1.847093 0.000000
0.807039 0.890613 1.986823 0.000000
0.909697 0.406051 1.967109 0.000000
0.621892 0.868320 1.992220 0.000000
0.446937 0.842203 1.997153 0.000000
1.648322 0.940142 1.960514 0.000000
0.562970 0.341901 1.976588 0.000000
0.242578 0.262171 1.984684 0.000000
0.090852 0.215998 1.988251 0.000000
-0.054375 0.165867 1.991477 0.000000
-4.060118 3.289367 0.391525 0.000000
2.083248 0.412222 -0.238377 0.000000
1.902792 0.411860 -0.300645 0.000000
2.243392 0.423927 -0.405631 0.000000
1.575799 0.400152 -0.196397 0.000000
-1.630909 3.383717 -0.184951 0.000000
-0.194048 2.648226 -0.263950 0.000000
0.701084 0.240702 -0.328235 0.000000
1.341165 0.495790 -0.075703 0.000000
-0.769245 2.418297 -0.251540 0.000000
1.187250 0.433696 -0.097706 0.000000
0.851544 0.590785 -0.376763 0.000000
0.977614 0.223573 -0.209808 0.000000
-3.433920 2.786850 -0.107033 0.000000
-1.612477 1.228300 -0.029134 0.000000
-2.575359 2.903653 -0.168322 0.000000
-2.458665 3.376117 -0.041903 0.000000
-3.096447 3.419074 -0.019666 0.000000
-3.320816 3.613431 -0.033001 0.000000
-2.758110 3.169127 -0.036645 0.000000
-2.787532 2.926615 -0.151726 0.000000
-1.326977 4.094914 -0.057184 0.000000
2.801173 0.569699 -0.315440 0.000000
2.234439 0.546538 -0.308949 0.000000
-1.088233 2.966863 -0.219923 0.000000
-0.001587 1.802998 -0.301762 0.000000
0.628369 2.633107 -0.294244 0.000000
1.818044 1.403224 -0.224914 0.000000
2.406958 0.435973 -0.578388 0.000000
-4.214517 3.058325 -0.079033 0.000000
-4.086364 2.823252 -0.103239 0.000000
2.101266 0.511201 0.148218 0.000000
-3.501853 3.180445 -0.125794 0.000000
-2.890032 1.156837 -0.224047 0.000000
-2.510870 3.787382 -0.100020 0.000000
1.817646 0.444160 0.073239 0.000000
-2.960303 3.585932 -0.048899 0.000000
-1.819713 1.396432 -0.161970 0.000000
-0.295247 4.493306 -0.305813 0.000000
-0.943826 5.065205 -0.233832 0.000000
1.652071 4.027929 -0.295094 0.000000
1.648806 3.950361 -0.440674 0.000000
1.553154 3.640977 -0.297505 0.000000
3.859390 2.293648 0.319352 0.000000
3.863519 2.578127 0.686600 0.000000
3.869178 2.363091 0.575635 0.000000
3.874685 2.145499 0.458393 0.000000
3.529049 2.099945 0.322124 0.000000
3.885468 2.207154 0.724974 0.000000
3.853357 2.513639 0.429194 0.000000
3.299097 2.083019 0.436300 0.000000
3.069009 2.039284 0.456423 0.000000
3.198595 2.054033 0.813174 0.000000
3.808789 2.621566 -0.311701 0.000000
3.822515 2.488793 -0.184789 0.000000
3.844399 2.438098 0.181830 0.000000
3.836473 2.353171 -0.056867 0.000000
3.850681 2.214389 0.072099 0.000000
2.859590 2.051109 0.649083 0.000000
-1.020598 2.006410 1.944124 0.000000
-0.844321 2.040690 1.915159 0.000000
-1.244755 2.342388 1.952563 0.000000
-2.342196 3.432918 1.515234 0.000000
-1.798726 2.615220 1.848381 0.000000
-1.095919 2.311310 1.943358 0.000000
-1.227756 2.128071 1.961691 0.000000
-2.526491 3.456818 1.525275 0.000000
-1.996625 2.885766 1.724433 0.000000
-1.423898 2.052348 1.969966 0.000000
-0.775372 2.240176 1.923223 0.000000
-0.417245 2.154979 1.900269 0.000000
-0.119371 1.838810 1.866616 0.000000
-2.133376 3.698633 1.392196 0.000000
-0.845991 2.463988 1.939666 0.000000
-0.600643 2.199279 1.912080 0.000000
-0.315965 1.895642 1.879957 0.000000
-1.009811 2.495080 1.949587 0.000000
-0.501383 1.947914 1.892424 0.000000
-2.236340 3.713347 1.397777 0.000000
-1.746699 3.169933 1.600061 0.000000
-0.939686 2.277268 1.933593 0.000000
-0.794721 1.873201 1.924837 0.000000
-1.867898 3.190953 1.607071 0.000000
-2.095882 2.905943 1.749711 0.000000
-0.672980 2.429595 1.929067 0.000000
1.856207 2.283988 1.385243 0.000000
1.850768 1.871360 1.198500 0.000000
1.977121 2.339160 1.531823 0.000000
1.866555 1.852274 1.470835 0.000000
1.865000 1.726217 1.313151 0.000000
1.883984 1.818119 1.756577 0.000000
1.881961 1.696370 1.595912 0.000000
1.879556 1.576828 1.429531 0.000000
1.186115 2.254900 1.824917 0.000000
2.826127 2.066804 1.455402 0.000000
3.232447 2.069151 1.172903 0.000000
2.967766 2.053332 0.944318 0.000000
2.711378 2.038553 0.737259 0.000000
3.395231 2.023513 1.394772 0.000000
2.779999 2.052590 1.082964 0.000000
2.540369 2.038133 0.869169 0.000000
1.897892 1.534215 1.724449 0.000000
2.809516 2.006010 1.298070 0.000000
2.521501 2.006927 1.109315 0.000000
1.864569 2.244507 0.877382 0.000000
2.437271 2.224544 1.500884 0.000000
-0.444865 2.774089 1.975353 0.000000
-0.131139 2.534081 1.908146 0.000000
0.133326 2.253518 1.878303 0.000000
0.442417 1.930998 1.843448 0.000000
0.807190 1.555730 1.802289 0.000000
-0.340345 2.573890 1.920908 0.000000
-0.088215 2.304250 1.892465 0.000000
0.205548 1.995013 1.859321 0.000000
0.551044 1.636202 1.820291 0.000000
1.083330 1.467379 1.782716 0.000000
-0.295364 2.350105 1.905561 0.000000
-0.015505 2.053229 1.873989 0.000000
0.312544 1.709685 1.836908 0.000000
-0.720709 2.641954 1.943724 0.000000
-0.489938 2.391923 1.917744 0.000000
-0.222641 2.106446 1.887606 0.000000
0.089688 1.776935 1.852298 0.000000
-1.718183 3.476452 1.487988 0.000000
0.878386 2.323700 1.844747 0.000000
3.001653 0.426990 1.959306 0.000000
0.596151 2.384985 1.862737 0.000000
0.906179 2.066082 1.827851 0.000000
1.272375 1.696436 1.786767 0.000000
0.333972 2.440422 1.879278 0.000000
0.629050 2.134960 1.846116 0.000000
0.974090 1.782471 1.807319 0.000000
1.382239 1.370096 1.761354 0.000000
0.092926 2.489834 1.894323 0.000000
0.372805 2.197118 1.862840 0.000000
0.697009 1.860696 1.826233 0.000000
-0.559529 1.044007 1.842465 0.000000
-0.056839 0.979354 1.840106 0.000000
0.338057 0.339133 1.753783 0.000000
-1.042638 1.610640 1.927911 0.000000
-0.735567 1.402708 1.872563 0.000000
-0.372477 0.947130 1.857716 0.000000
0.101295 0.443829 1.772457 0.000000
-1.233716 1.936730 1.953669 0.000000
-0.825270 1.472267 1.908736 0.000000
-0.591863 1.323149 1.888024 0.000000
-0.118899 0.538974 1.789651 0.000000
-1.061456 1.402876 1.919797 0.000000
-0.619890 1.111326 1.880127 0.000000
-0.327612 0.626809 1.805774 0.000000
-1.432057 1.856984 1.961954 0.000000
-1.259724 1.533103 1.937461 0.000000
-0.921716 1.168783 1.868522 0.000000
-0.550798 1.728747 1.903865 0.000000
-0.056374 1.480919 1.842260 0.000000
0.343808 1.037560 1.795246 0.000000
0.838996 0.494850 1.736870 0.000000
-0.284242 1.570283 1.880789 0.000000
0.099463 1.125405 1.813144 0.000000
0.565170 0.608708 1.758048 0.000000
-0.524595 0.707681 1.820839 0.000000
-0.130034 1.205310 1.829753 0.000000
0.308677 0.713199 1.777702 0.000000
-0.683711 1.666366 1.885279 0.000000
-0.306870 1.366958 1.872897 0.000000
0.069883 0.807747 1.795788 0.000000
0.520708 0.350325 1.775885 0.000000
-0.808089 1.676214 1.916837 0.000000
-1.613971 1.827071 1.981455 0.000000
-1.500445 1.549421 1.959860 0.000000
-1.089868 1.223472 1.880398 0.000000
-0.661818 0.709776 1.864436 0.000000
-1.379862 1.258846 1.932558 0.000000
-0.922347 0.910360 1.889328 0.000000
-1.643813 1.582072 1.969084 0.000000
-1.057039 0.913417 1.860656 0.000000
-1.215195 0.890870 1.906207 0.000000
1.826434 1.658386 0.521481 0.000000
1.811490 1.664591 0.244740 0.000000
1.829789 1.917278 0.855363 0.000000
1.828315 1.787638 0.692511 0.000000
1.917979 1.460938 0.346529 0.000000
1.842810 1.636877 0.807178 0.000000
1.814246 1.932843 0.579987 0.000000
2.992181 0.497882 0.471433 0.000000
1.860645 1.600183 1.102454 0.000000
1.952081 1.411039 0.937416 0.000000
3.001337 0.500073 0.863685 0.000000
2.446816 2.024006 0.542478 0.000000
1.800046 1.934474 0.313306 0.000000
1.021450 1.121116 1.765064 0.000000
1.556532 0.464516 1.718023 0.000000
0.719960 1.225780 1.787002 0.000000
1.204178 0.711113 1.730795 0.000000
0.440302 1.320450 1.807136 0.000000
0.893106 0.831849 1.754330 0.000000
0.181917 1.405195 1.825513 0.000000
0.695386 0.983840 1.794804 0.000000
2.600512 0.515665 1.313583 0.000000
2.213601 0.442537 1.250049 0.000000
1.717980 0.869603 1.713511 0.000000
2.152631 0.500488 1.253363 0.000000
1.353472 1.002546 1.740617 0.000000
-2.298205 4.183719 1.359083 0.000000
-2.238760 4.239240 1.192077 0.000000
-2.038555 4.209998 1.182652 0.000000
-1.715924 3.756005 1.401526 0.000000
2.192762 2.771656 1.596370 0.000000
2.510942 2.433143 1.562816 0.000000
2.092006 2.526203 1.587803 0.000000
1.295629 3.152122 1.916157 0.000000
1.705063 2.488826 1.724473 0.000000
0.985194 3.187753 1.932308 0.000000
1.201951 2.934969 1.908823 0.000000
3.882363 2.555387 1.383832 0.000000
2.835840 2.926378 1.574273 0.000000
3.148898 2.587521 1.540745 0.000000
2.347215 3.005378 1.601794 0.000000
2.643940 2.685301 1.570233 0.000000
2.983826 2.326980 1.534398 0.000000
-1.926182 4.304739 1.182708 0.000000
0.133050 2.878084 1.954669 0.000000
0.356519 2.623887 1.931160 0.000000
-0.078104 2.911215 1.965933 0.000000
0.137900 2.666283 1.943372 0.000000
0.592374 2.577413 1.917880 0.000000
-1.703834 4.022070 1.286776 0.000000
-0.068386 2.705260 1.954786 0.000000
-0.262287 2.741200 1.965428 0.000000
1.119393 2.470735 1.887825 0.000000
0.698858 3.219567 1.947045 0.000000
0.907905 2.977050 1.924598 0.000000
1.143015 2.708861 1.899448 0.000000
0.635453 3.014915 1.939063 0.000000
0.861769 2.757549 1.915030 0.000000
0.385445 3.048755 1.952206 0.000000
0.600028 2.801815 1.929395 0.000000
0.845774 2.526679 1.903497 0.000000
0.151676 3.079471 1.964372 0.000000
0.357364 2.841860 1.942585 0.000000
-4.315377 4.749207 0.996325 0.000000
3.874358 2.470974 1.138024 0.000000
1.723756 4.422000 -0.238165 0.000000
0.198794 4.936926 -0.305149 0.000000
9.818717 3.875582 -0.817739 0.000000
9.840616 3.432125 -0.828729 0.000000
3.375232 4.346270 -0.429154 0.000000
2.554598 4.309023 -0.391569 0.000000
9.843183 3.661727 -0.554599 0.000000
3.938286 4.362496 -0.307595 0.000000
2.995220 4.320379 -0.280531 0.000000
0.031954 5.106683 -0.285232 0.000000
9.867885 3.444758 -0.290976 0.000000
3.491351 4.332861 -0.148048 0.000000
1.727800 4.427499 -0.016325 0.000000
-0.803016 5.484366 -0.215212 0.000000
-0.322257 5.297584 -0.253614 0.000000
2.781105 4.267781 0.122738 0.000000
3.215202 4.274938 0.295615 0.000000
1.751674 4.419430 0.222575 0.000000
2.813813 4.251968 0.416072 0.000000
1.766033 4.405092 0.477478 0.000000
2.625863 2.023836 0.388668 0.000000
1.321891 0.518765 -0.438030 0.000000
-0.720575 2.374427 -0.416064 0.000000
1.022749 0.261253 -0.486029 0.000000
0.825819 0.250112 -0.466042 0.000000
-2.504919 4.088598 -0.201610 0.000000
-1.319981 2.629540 -0.366899 0.000000
-1.957057 3.887767 -0.252077 0.000000
1.602037 0.543858 -0.653176 0.000000
1.461374 0.531151 -0.543482 0.000000
-0.900729 0.504368 -0.091164 0.000000
-0.519158 0.204770 -0.276175 0.000000
-1.507370 1.222774 0.347610 0.000000
-1.518893 1.244347 0.016193 0.000000
-0.141717 0.296943 -0.568205 0.000000
0.433814 0.321137 -0.578321 0.000000
-2.707339 4.011192 -0.202596 0.000000
-1.891522 2.910094 -0.317620 0.000000
0.025165 0.297455 -0.579461 0.000000
-0.383784 0.294912 -0.327476 0.000000
-0.293048 0.236466 0.608524 0.000000
-0.355793 0.252724 0.328236 0.000000
-3.868459 3.433127 0.392995 0.000000
-3.578941 3.439665 0.389670 0.000000
-4.141659 3.406861 0.391983 0.000000
-4.265821 3.437053 0.395350 0.000000
-1.938776 1.204803 0.113928 0.000000
-1.694808 1.222224 0.009310 0.000000
-2.090685 1.213829 -0.095614 0.000000
-2.356681 1.215602 -0.272032 0.000000
-2.302132 1.368136 -0.042457 0.000000
-2.014055 1.384107 -0.221842 0.000000
-2.482952 1.206834 -0.222715 0.000000
-2.038488 1.238612 -0.412085 0.000000
-2.449638 2.336619 -0.349751 0.000000
-1.642139 1.217032 0.309216 0.000000
-1.974534 1.243408 -0.443098 0.000000
-3.353452 2.659588 -0.043735 0.000000
-1.800242 1.234899 -0.225278 0.000000
0.416877 0.486545 -0.643982 0.000000
-2.283200 3.386120 -0.286819 0.000000
-0.493092 0.915652 -0.561553 0.000000
-2.005441 3.488026 -0.255331 0.000000
-1.594634 1.264396 -0.226780 0.000000
-0.806497 0.400848 0.112852 0.000000
-1.726471 1.240453 -0.261476 0.000000
-2.896555 3.314083 -0.256026 0.000000
-0.382459 0.280926 -0.062968 0.000000
-0.366667 0.308158 -0.433728 0.000000
-2.689967 3.563044 -0.250800 0.000000
-1.906773 2.262701 -0.386442 0.000000
-0.937116 0.439879 -0.504880 0.000000
-0.704824 0.203536 -0.314594 0.000000
-4.300344 3.291927 0.396525 0.000000
-3.378294 3.911337 0.583457 0.000000
-3.411711 3.825066 0.564781 0.000000
-3.738921 3.864187 0.576208 0.000000
2.417259 2.105899 -0.455539 0.000000
-0.958777 4.160110 -0.290143 0.000000
2.928815 2.127046 -0.464365 0.000000
1.494827 2.734541 -0.470228 0.000000
1.481396 2.993521 -0.449419 0.000000
2.540586 2.095171 -0.215808 0.000000
1.857675 2.323192 -0.319807 0.000000
2.963801 2.085957 0.184534 0.000000
1.752832 2.278800 -0.221707 0.000000
1.452125 3.506446 -0.462370 0.000000
-1.536178 4.710443 -0.223350 0.000000
3.811076 2.363246 -0.535620 0.000000
1.467092 3.251403 -0.447423 0.000000
-1.030321 4.340041 -0.274817 0.000000
3.826491 2.216855 -0.389928 0.000000
3.519758 2.153365 -0.498886 0.000000
-0.258506 0.166129 1.665361 0.000000
-0.379820 0.176024 1.450027 0.000000
-0.343161 0.196040 1.177841 0.000000
-0.382656 0.298793 0.882424 0.000000
-1.386565 1.143117 1.326664 0.000000
0.037173 3.232401 -0.403706 0.000000
1.659322 2.150994 -0.482327 0.000000
-0.940677 3.245184 -0.348937 0.000000
2.030065 0.431983 -0.646717 0.000000
2.058751 0.423039 -0.459729 0.000000
1.875858 0.421104 -0.492271 0.000000
1.765998 1.734062 -0.555840 0.000000
-1.363888 3.982629 -0.278935 0.000000
1.683644 1.800537 -0.289722 0.000000
-0.485136 3.129550 -0.381382 0.000000
2.983720 0.585515 -0.444662 0.000000
2.720431 0.588771 -0.657285 0.000000
1.898416 1.420484 -0.069976 0.000000
-2.658698 5.612783 0.971322 0.000000
-3.191934 5.414367 0.974519 0.000000
9.134899 6.918359 1.748807 0.000000
8.602727 6.537766 1.753702 0.000000
8.622270 7.393334 1.800734 0.000000
8.206057 6.999740 1.799129 0.000000
7.804433 6.636705 1.798491 0.000000
7.400939 6.298660 1.799317 0.000000
7.302894 7.074721 1.847654 0.000000
6.708663 6.405545 1.839139 0.000000
6.405737 6.101297 1.836842 0.000000
6.223446 6.814866 1.885738 0.000000
6.006911 6.504811 1.878850 0.000000
5.561195 5.934513 1.868468 0.000000
5.323040 6.598844 1.917229 0.000000
5.166883 6.316805 1.908926 0.000000
8.785748 8.369589 0.562404 0.000000
8.310180 5.482030 4.297632 0.000000
9.785073 4.583261 4.176281 0.000000
9.071900 5.660606 4.270968 0.000000
9.070274 5.245568 4.247831 0.000000
9.051789 4.837220 4.225911 0.000000
9.020747 4.567433 4.269433 0.000000
10.001766 4.794163 3.975269 0.000000
8.333660 5.084625 4.274292 0.000000
8.336505 4.691234 4.252200 0.000000
8.330365 4.304277 4.230928 0.000000
1.300875 5.649415 2.052297 0.000000
1.005649 5.581545 2.061603 0.000000
4.854421 5.629679 1.921615 0.000000
4.554778 6.415134 1.943843 0.000000
4.448472 6.156641 1.934420 0.000000
4.327433 5.906874 1.926203 0.000000
4.198300 5.667219 1.918948 0.000000
-3.215522 5.472209 0.977459 0.000000
9.916911 6.285493 3.660512 0.000000
9.936836 5.862395 3.668746 0.000000
9.956953 5.443715 3.683315 0.000000
9.941410 6.073865 3.955612 0.000000
9.973097 5.291376 3.864907 0.000000
-3.947415 5.223680 0.987752 0.000000
-4.091497 5.202567 0.993309 0.000000
-3.649451 5.217845 0.978162 0.000000
-4.214815 5.233145 0.999848 0.000000
-4.206212 5.184804 0.998558 0.000000
-3.581761 5.224420 0.976542 0.000000
-3.419492 5.436452 0.979947 0.000000
-3.627095 5.401459 0.982899 0.000000
-4.020689 5.142440 0.989118 0.000000
9.641262 8.455643 0.064202 0.000000
7.058925 8.346026 -0.348131 0.000000
8.876432 8.421477 -0.260855 0.000000
5.160920 8.258834 -0.309503 0.000000
6.475096 8.314126 -0.247098 0.000000
8.166711 8.384326 -0.161582 0.000000
9.641611 8.340747 -0.035516 0.000000
5.874347 8.280986 -0.139390 0.000000
7.433241 8.345564 -0.054330 0.000000
1.596439 7.322564 -0.215911 0.000000
9.674825 8.007739 0.340568 0.000000
6.694997 8.306218 0.057338 0.000000
8.567018 8.382454 0.174952 0.000000
9.662954 8.242749 0.314401 0.000000
9.684914 7.901716 0.449748 0.000000
7.649858 8.335297 0.287474 0.000000
9.673068 8.273185 0.551096 0.000000
7.618035 8.376087 -0.437775 0.000000
-1.611256 6.625455 -0.091454 0.000000
-3.905284 5.152409 0.984748 0.000000
9.635132 8.165591 -0.434331 0.000000
-1.771464 5.601757 0.952371 0.000000
9.266065 4.055536 4.232778 0.000000
9.991677 4.428119 3.907506 0.000000
10.039881 4.062183 4.052264 0.000000
9.865224 4.707038 4.238953 0.000000
9.570002 4.374960 4.235353 0.000000
8.965840 3.750530 4.230767 0.000000
8.608667 4.282390 4.216324 0.000000
1.614648 4.865682 2.022315 0.000000
8.265311 4.442989 4.296559 0.000000
9.968708 4.663454 3.631600 0.000000
9.633084 8.206123 -0.442530 0.000000
9.651623 8.058460 -0.164544 0.000000
4.506660 5.716596 1.941305 0.000000
6.140769 5.988696 1.882694 0.000000
5.634973 5.756004 1.893448 0.000000
5.161960 5.545154 1.903764 0.000000
4.613316 5.334954 1.880558 0.000000
5.257779 5.841464 1.914503 0.000000
4.476375 5.436050 1.928465 0.000000
4.190434 5.232373 1.947142 0.000000
5.412065 5.464515 1.888614 0.000000
4.177733 5.518996 1.962887 0.000000
4.178889 5.389918 2.106816 0.000000
9.990260 4.307453 3.764369 0.000000
9.377429 6.221062 1.748521 0.000000
8.242516 5.855605 1.733210 0.000000
8.972442 6.299251 1.770869 0.000000
8.016157 6.002087 1.799122 0.000000
8.429963 6.270137 1.747207 0.000000
7.640399 6.081968 1.820123 0.000000
6.895549 5.822275 1.840488 0.000000
6.220635 5.593683 1.859149 0.000000
7.195060 6.164953 1.844376 0.000000
6.552887 5.904990 1.860034 0.000000
5.962654 5.672920 1.874664 0.000000
-4.367013 4.937596 0.999195 0.000000
9.730096 6.109669 -0.308634 0.000000
0.494599 6.133811 -0.226451 0.000000
-0.428742 6.442421 -0.162169 0.000000
2.896621 6.622540 -0.321033 0.000000
9.684354 6.784153 -0.615225 0.000000
9.709137 6.312646 -0.549889 0.000000
9.680239 7.071643 -0.427358 0.000000
8.122745 4.876465 1.684339 0.000000
9.803023 5.951187 1.661611 0.000000
9.450660 4.495555 1.597616 0.000000
8.255691 5.763962 1.727433 0.000000
8.174068 5.311426 1.706128 0.000000
8.087528 4.453006 1.662423 0.000000
7.099884 5.690816 1.780004 0.000000
6.966999 5.203067 1.759222 0.000000
6.958150 4.806694 1.737517 0.000000
6.970414 4.418071 1.715236 0.000000
5.973913 5.487732 1.823482 0.000000
5.992742 4.748841 1.781312 0.000000
9.815026 5.289729 0.660916 0.000000
9.813571 5.563184 0.891968 0.000000
9.836643 5.081646 0.905717 0.000000
9.812096 5.852040 1.135869 0.000000
9.835534 5.356537 1.145194 0.000000
9.858462 4.871875 1.152010 0.000000
9.810441 6.158818 1.391496 0.000000
9.732701 5.719119 -0.629965 0.000000
9.803672 4.297678 -0.533903 0.000000
9.754915 5.515090 -0.364729 0.000000
9.802149 4.558954 -0.310502 0.000000
9.824653 4.093905 -0.297162 0.000000
9.800788 4.827679 -0.077710 0.000000
9.823634 4.354209 -0.064285 0.000000
9.845807 3.888113 -0.059725 0.000000
9.822951 4.619967 0.179597 0.000000
9.845304 4.147365 0.182719 0.000000
9.866988 3.681900 0.176946 0.000000
9.822449 4.892591 0.432501 0.000000
9.845147 4.411623 0.435903 0.000000
0.857178 5.754601 -0.266112 0.000000
4.336076 5.340467 -0.465758 0.000000
3.005569 4.240794 0.737284 0.000000
8.510214 4.015407 1.617206 0.000000
8.603830 3.571017 1.587809 0.000000
3.537317 4.249250 0.955939 0.000000
7.211486 4.029251 1.681769 0.000000
3.108165 4.227170 1.039593 0.000000
4.007789 4.273657 0.862967 0.000000
6.143873 4.039766 1.734472 0.000000
3.647064 4.233676 1.297135 0.000000
2.717760 4.207253 1.114650 0.000000
5.249781 4.047776 1.778275 0.000000
3.194455 4.211380 1.367346 0.000000
9.888556 3.471406 0.416501 0.000000
9.845515 4.679189 0.701693 0.000000
9.868654 4.464778 0.970315 0.000000
3.853819 4.286310 0.539829 0.000000
9.892232 4.245870 1.242513 0.000000
3.409210 4.262364 0.643863 0.000000
3.738982 4.215814 1.664684 0.000000
-1.737642 5.000630 0.908317 0.000000
1.813165 4.225780 1.479913 0.000000
1.801462 4.333007 1.357666 0.000000
6.030738 4.388631 1.759393 0.000000
3.599942 7.325635 -0.317335 0.000000
9.635481 7.966398 -0.513184 0.000000
6.194831 8.309576 -0.383983 0.000000
8.531405 8.414636 -0.405175 0.000000
9.695390 8.071316 0.822757 0.000000
9.807947 6.273161 1.448063 0.000000
9.807978 6.515832 1.676064 0.000000
8.779283 7.170811 1.780507 0.000000
7.066050 8.337680 -0.199311 0.000000
9.631103 8.417188 -0.181999 0.000000
8.084914 8.370280 0.017560 0.000000
9.652875 8.212931 0.078444 0.000000
9.293815 8.408667 0.275897 0.000000
8.607689 6.707496 1.762973 0.000000
9.990946 4.523463 3.504984 0.000000
4.151895 6.113602 1.998956 0.000000
4.164887 5.812339 1.979850 0.000000
9.926959 6.022061 3.618596 0.000000
9.948546 5.510479 3.576911 0.000000
9.969993 5.010516 3.540956 0.000000
4.625800 5.633260 1.896627 0.000000
9.951577 5.808531 3.913921 0.000000
10.015200 4.294532 3.776339 0.000000
9.998055 5.069313 4.157420 0.000000
10.019216 4.559367 4.104901 0.000000
6.203787 5.896358 1.835184 0.000000
7.428816 6.872026 1.830108 0.000000
7.213653 6.065623 1.795425 0.000000
6.319560 6.627114 1.870521 0.000000
9.141845 5.404092 4.253241 0.000000
6.135147 5.552253 1.819263 0.000000
5.402978 6.425415 1.903633 0.000000
5.351046 5.753940 1.868509 0.000000
5.320731 5.435708 1.852176 0.000000
4.627169 6.255198 1.931399 0.000000
9.253288 4.901427 4.219770 0.000000
9.363979 4.406132 4.186782 0.000000
9.466251 3.914474 4.154436 0.000000
8.371876 5.237498 4.280998 0.000000
8.492950 4.757553 4.248381 0.000000
8.722754 3.810385 4.184555 0.000000
8.975974 3.398398 4.149430 0.000000
10.050825 3.663884 3.896263 0.000000
10.071639 3.146731 3.824013 0.000000
9.656167 4.013048 4.150731 0.000000
9.794849 3.473909 4.113989 0.000000
8.828285 3.911007 4.185065 0.000000
10.029337 4.192452 3.963607 0.000000
1.872138 4.327194 1.868965 0.000000
1.588551 4.718867 1.987875 0.000000
2.339159 4.091009 2.136801 0.000000
5.106782 5.382695 1.859525 0.000000
5.133714 5.038444 1.839013 0.000000
5.173119 4.699646 1.818232 0.000000
5.228656 4.363427 1.796841 0.000000
4.373467 5.293908 1.889739 0.000000
4.410148 4.973361 1.870115 0.000000
4.467837 4.657279 1.849764 0.000000
1.352426 4.468829 1.984847 0.000000
4.210290 4.863676 1.993127 0.000000
4.223233 4.559201 1.960921 0.000000
10.003405 4.424564 3.662033 0.000000
10.025295 3.897075 3.604430 0.000000
10.046335 3.382838 3.540067 0.000000
4.124653 4.148501 2.056210 0.000000
1.442756 4.243137 1.968449 0.000000
-4.468009 5.410587 1.037642 0.000000
-4.605370 5.867618 0.445804 0.000000
-4.283548 5.490135 1.027124 0.000000
-4.604512 5.612563 0.863592 0.000000
0.052270 5.377091 -0.028023 0.000000
-0.793845 5.471556 -0.016082 0.000000
2.180841 1.802651 1.495177 0.000000
2.703888 3.998364 0.065159 0.000000
8.044557 5.257810 -0.063501 0.000000
0.836626 4.903652 -0.034364 0.000000
0.470110 5.148195 -0.031361 0.000000
-0.325733 5.574724 -0.024999 0.000000
2.810963 5.622960 -0.035826 0.000000
-4.067645 5.405475 1.029668 0.000000
-1.796713 3.503058 -0.003023 0.000000
-4.617310 4.113924 0.880854 0.000000
-4.651539 3.972934 0.855824 0.000000
-0.091588 0.954123 2.334001 0.000000
0.499335 3.093645 -0.021263 0.000000
-0.032550 2.682583 -0.099751 0.000000
-2.207334 1.207027 0.510868 0.000000
-2.077583 1.216587 0.649461 0.000000
-2.168671 1.200562 0.315273 0.000000
-1.859470 1.217191 0.486557 0.000000
-2.420315 2.537862 0.005692 0.000000
-2.415677 1.205462 0.645047 0.000000
-3.274872 2.784009 0.413308 0.000000
-2.441684 1.213950 0.889929 0.000000
-2.368840 1.214635 0.844822 0.000000
-2.346094 1.206052 0.601477 0.000000
-1.927291 1.208114 0.311170 0.000000
-2.418009 2.603260 0.110881 0.000000
-3.198760 2.706217 0.317223 0.000000
-2.428957 1.200334 0.524071 0.000000
-2.137670 1.207407 0.463299 0.000000
-2.233549 1.200639 0.369959 0.000000
-0.903077 0.441247 1.159993 0.000000
-1.816269 1.226618 0.693724 0.000000
-1.639722 1.236339 0.801666 0.000000
-1.668797 1.262024 1.170099 0.000000
-1.740125 1.226678 0.633133 0.000000
-1.786907 1.217227 0.429129 0.000000
-1.524179 1.245623 0.949876 0.000000
-1.559617 1.236301 0.735232 0.000000
-1.513479 1.226290 0.441363 0.000000
-0.897668 0.407647 0.686345 0.000000
-1.294347 0.980652 0.288775 0.000000
-2.045626 1.225858 0.864715 0.000000
-2.277635 1.224263 1.021491 0.000000
-2.295189 1.232824 1.268497 0.000000
-2.045975 1.234927 1.106210 0.000000
-2.014972 1.257788 1.372713 0.000000
-1.842669 1.260058 1.274657 0.000000
-1.964151 1.235420 1.049063 0.000000
-1.968762 1.226204 0.809222 0.000000
-2.383528 3.121232 0.075938 0.000000
-0.135749 0.240136 0.368271 0.000000
0.195780 0.270915 0.442529 0.000000
-1.417603 2.449718 0.228573 0.000000
-1.646529 1.256737 1.350442 0.000000
-0.996977 0.432821 1.426300 0.000000
-0.902961 0.433061 1.351572 0.000000
-1.006973 0.440340 1.228937 0.000000
0.766650 0.506112 0.397887 0.000000
0.592421 0.419758 0.396011 0.000000
0.454294 0.279068 0.414248 0.000000
-1.056191 0.501577 1.878995 0.000000
-0.912898 0.454267 1.928464 0.000000
-0.956466 0.443637 1.679928 0.000000
-0.569034 0.365674 2.669471 0.000000
-0.254969 0.370352 2.722664 0.000000
-0.500558 0.427882 2.648378 0.000000
-1.434897 1.283362 2.727330 0.000000
-1.364314 1.083652 2.741952 0.000000
-1.219434 0.903762 2.759891 0.000000
-1.126697 0.912982 2.764918 0.000000
-1.008841 0.639919 2.684573 0.000000
-0.961566 0.710521 2.785135 0.000000
-0.600458 0.423221 2.617931 0.000000
-0.286404 2.445657 0.282793 0.000000
1.182689 0.499849 0.985721 0.000000
-1.319645 3.598520 0.201782 0.000000
-0.457477 2.783646 0.263163 0.000000
-2.023626 1.536302 0.245611 0.000000
-2.215856 2.350803 0.208612 0.000000
-2.351907 4.082908 1.636974 0.000000
-0.852270 2.836543 2.544678 0.000000
-2.041701 4.066606 1.648918 0.000000
0.302523 1.983390 2.630290 0.000000
-2.929415 4.005616 1.617555 0.000000
0.527874 1.778533 2.628699 0.000000
-2.760707 4.042976 1.623405 0.000000
-1.902602 3.331824 2.066608 0.000000
2.636640 2.079258 1.984406 0.000000
1.696503 2.283204 1.496943 0.000000
2.630556 2.065585 1.588529 0.000000
1.684362 2.264912 1.171306 0.000000
2.597142 2.051810 1.216149 0.000000
3.278136 2.084358 1.573528 0.000000
1.018114 2.274326 2.625431 0.000000
0.328997 2.111154 2.610106 0.000000
0.866046 1.606351 2.645441 0.000000
0.640770 1.832775 2.648443 0.000000
0.467402 2.274663 2.608297 0.000000
1.018439 1.664410 2.668558 0.000000
0.815545 2.123398 2.624744 0.000000
0.641752 2.425203 2.608132 0.000000
2.445321 0.568972 3.026362 0.000000
1.410726 1.498154 2.678711 0.000000
1.200460 1.955173 2.642791 0.000000
2.756022 0.468006 2.961306 0.000000
2.931222 0.587186 3.134578 0.000000
1.670560 1.739121 2.678268 0.000000
1.437261 2.105224 2.644539 0.000000
2.807662 0.571803 2.785912 0.000000
1.680172 1.644120 2.433829 0.000000
1.669546 1.863216 2.499710 0.000000
1.423924 2.128246 2.472134 0.000000
-3.804710 5.818044 0.008360 0.000000
2.373879 2.037685 0.996308 0.000000
2.888435 2.038939 0.599065 0.000000
3.360218 2.054738 0.649448 0.000000
0.785036 3.329591 0.234600 0.000000
1.449023 3.187879 0.258283 0.000000
-1.892136 4.866924 0.029078 0.000000
2.019291 4.258982 0.236272 0.000000
-1.209438 4.904560 0.028117 0.000000
0.813272 2.601429 2.606964 0.000000
0.307821 3.211292 2.568161 0.000000
1.165290 2.470063 2.622788 0.000000
1.059367 2.749729 2.609206 0.000000
0.892043 3.257562 2.585235 0.000000
1.527271 2.342783 2.626210 0.000000
1.448670 2.617824 2.626164 0.000000
1.355474 2.893671 2.613197 0.000000
1.277949 3.153321 2.601290 0.000000
1.516372 2.679033 2.492073 0.000000
1.496493 3.140468 2.529485 0.000000
-0.311784 3.018245 2.555304 0.000000
3.740005 2.609583 1.413695 0.000000
3.260688 2.462277 2.429399 0.000000
2.225709 2.238814 2.406443 0.000000
1.949438 3.120336 2.366401 0.000000
2.685300 2.355942 2.416030 0.000000
2.594440 2.668140 2.402166 0.000000
2.523884 2.962934 2.389525 0.000000
2.866694 2.095974 2.275118 0.000000
3.352970 2.126635 2.444035 0.000000
3.191327 2.779508 2.416091 0.000000
3.600644 2.119806 2.323267 0.000000
3.726562 2.363609 2.369280 0.000000
3.726786 2.478683 2.168596 0.000000
0.634260 2.095114 0.272748 0.000000
-2.459331 4.140411 0.054164 0.000000
0.888540 0.809937 0.360586 0.000000
0.269162 0.255148 0.417567 0.000000
-1.860784 3.238041 0.075308 0.000000
-0.569539 2.020461 0.270352 0.000000
1.477809 2.481492 0.304652 0.000000
0.015447 3.133669 0.374313 0.000000
1.808926 1.470591 1.113630 0.000000
1.721651 2.259542 0.786152 0.000000
2.273202 2.024084 0.688939 0.000000
1.714320 2.247675 0.451634 0.000000
-2.659153 3.998069 1.629766 0.000000
-1.992781 3.071157 2.202184 0.000000
-0.627725 1.443585 2.605886 0.000000
-0.381337 1.285380 2.619454 0.000000
1.468083 0.576150 2.474147 0.000000
1.770781 0.538178 2.702261 0.000000
1.438745 1.019157 2.684306 0.000000
1.734984 0.526038 2.368234 0.000000
1.944627 0.539383 2.583913 0.000000
2.120378 0.540497 2.461705 0.000000
2.359897 0.554817 2.677882 0.000000
2.480043 0.542487 2.204427 0.000000
0.193832 1.442022 2.631065 0.000000
-0.168087 1.131542 2.610451 0.000000
-0.568225 1.513462 2.767298 0.000000
0.152330 0.937866 2.627369 0.000000
-0.116503 1.329667 2.606037 0.000000
-0.250351 1.793159 2.615299 0.000000
0.506807 0.722650 2.645969 0.000000
0.166972 1.199381 2.639355 0.000000
-0.111962 1.615108 2.615172 0.000000
0.898489 0.483904 2.666391 0.000000
0.492458 1.000272 2.656617 0.000000
-0.059683 1.822481 2.608926 0.000000
1.100554 0.367192 2.639724 0.000000
0.995778 0.677937 2.663804 0.000000
0.529377 1.250305 2.648428 0.000000
0.315351 1.752321 2.638589 0.000000
1.255798 0.528081 2.696825 0.000000
1.320486 0.793046 2.689048 0.000000
0.995802 1.259239 2.662193 0.000000
-1.149686 0.554491 2.782034 0.000000
-0.868470 0.398698 2.638574 0.000000
-0.689071 0.206335 2.621734 0.000000
-0.913737 0.974769 2.774382 0.000000
-0.758954 0.626290 2.633171 0.000000
-1.160581 1.155551 2.750346 0.000000
1.142736 0.475974 1.389246 0.000000
1.668529 0.500400 1.662563 0.000000
1.036331 0.529350 1.752821 0.000000
1.990303 0.500593 1.394041 0.000000
-0.570375 0.900560 2.798597 0.000000
-0.888068 1.248571 2.761793 0.000000
-0.295952 0.728851 2.618655 0.000000
-0.622358 1.072155 2.786720 0.000000
-0.011251 0.384878 2.664516 0.000000
2.407547 3.946835 0.426931 0.000000
3.890151 3.936582 0.514268 0.000000
2.004164 4.276911 -0.052397 0.000000
2.224595 3.980950 0.098600 0.000000
9.708325 2.509725 1.093176 0.000000
2.805671 5.033596 -0.052310 0.000000
0.170443 5.518108 -0.030638 0.000000
2.393780 3.941530 1.103602 0.000000
3.850338 3.922160 2.004786 0.000000
5.983022 3.521263 2.273071 0.000000
7.172650 3.386812 2.266251 0.000000
8.521490 2.874291 2.255437 0.000000
9.712315 2.583137 1.606582 0.000000
2.696425 3.929414 2.233866 0.000000
-0.807616 3.651023 -0.074539 0.000000
-1.833582 3.637851 -0.079386 0.000000
0.933392 1.560398 -0.067856 0.000000
2.857814 0.201737 -0.170715 0.000000
-0.960677 3.352422 -0.040365 0.000000
2.658929 0.192572 2.485618 0.000000
2.663270 0.194598 2.262336 0.000000
3.591181 1.771666 0.198682 0.000000
0.519880 3.382326 -0.049573 0.000000
2.252446 0.198285 2.315111 0.000000
2.576880 0.142480 2.019015 0.000000
2.361053 0.145031 2.148336 0.000000
2.662498 0.196308 2.076282 0.000000
2.659875 0.197675 1.928108 0.000000
2.448262 0.193452 2.616265 0.000000
3.718658 3.933031 0.782629 0.000000
3.317466 3.928707 1.716399 0.000000
0.495573 5.356021 -0.034133 0.000000
3.612897 1.731942 1.287214 0.000000
0.188850 4.273560 -0.040387 0.000000
3.626180 1.784990 1.449230 0.000000
1.286177 3.809390 -0.051468 0.000000
-0.446150 5.024635 -0.030144 0.000000
-2.229115 1.157368 1.863218 0.000000
-0.282189 1.440791 0.250831 0.000000
-0.509311 1.516483 0.241690 0.000000
0.386289 0.029533 0.760597 0.000000
-2.503898 1.722038 0.024696 0.000000
-2.987278 2.438901 0.037982 0.000000
-2.243546 2.761808 0.174778 0.000000
-1.556202 1.712186 0.203794 0.000000
-1.027101 0.080963 0.439425 0.000000
-1.452239 2.108884 0.032057 0.000000
-0.124039 3.318981 0.203970 0.000000
-0.600504 3.761829 0.012142 0.000000
1.381817 1.884920 0.934820 0.000000
1.395836 1.914802 0.685639 0.000000
1.366403 1.797374 0.717086 0.000000
1.286485 2.513261 0.274939 0.000000
0.625187 2.063795 2.640111 0.000000
0.025081 1.659624 2.630523 0.000000
0.010263 1.894326 2.621958 0.000000
-0.006820 2.120986 2.613560 0.000000
-0.030311 2.341735 2.605095 0.000000
0.280015 2.210220 2.621745 0.000000
1.021141 1.423263 2.676647 0.000000
1.006107 1.902031 2.660212 0.000000
2.290842 0.219887 3.111192 0.000000
2.658910 0.216155 3.264327 0.000000
1.413399 1.735969 2.672523 0.000000
1.306928 3.253663 0.498121 0.000000
1.388445 3.315234 0.321595 0.000000
0.294288 3.955995 0.223162 0.000000
0.848611 3.507036 0.256209 0.000000
-2.255630 5.086202 0.047647 0.000000
-2.456708 4.024349 1.637637 0.000000
-0.504147 1.916066 2.601179 0.000000
-0.266781 2.023069 2.606751 0.000000
-3.015193 4.045035 1.612079 0.000000
-2.802787 3.810378 1.695037 0.000000
-2.034623 2.947419 2.207359 0.000000
0.250811 0.137945 2.197913 0.000000
0.381438 0.148202 1.994679 0.000000
0.395886 0.045350 1.752257 0.000000
1.622702 0.166246 1.357885 0.000000
-1.508996 0.575065 2.441894 0.000000
-1.535043 0.697191 2.446205 0.000000
-1.053598 0.199947 2.609783 0.000000
-0.969978 0.469810 2.796984 0.000000
-0.284906 0.183426 2.635937 0.000000
1.208629 1.088655 0.306886 0.000000
-2.161153 4.385869 0.005719 0.000000
2.620001 0.158343 0.211127 0.000000
1.696735 0.169128 0.908627 0.000000
1.001075 0.130651 1.265419 0.000000
2.051463 0.169553 1.130177 0.000000
1.527005 0.171090 1.036962 0.000000
1.936603 0.173784 0.867302 0.000000
1.280286 0.184071 0.988159 0.000000
1.593289 1.097475 0.442667 0.000000
2.049097 0.165024 0.642317 0.000000
-2.641968 3.193630 2.030339 0.000000
0.000054 0.538506 2.634534 0.000000
-1.905491 2.502945 2.402441 0.000000
2.531226 0.154703 1.890248 0.000000
2.504585 0.194596 2.289600 0.000000
2.399155 0.149401 1.635116 0.000000
1.571839 1.155853 1.275277 0.000000
0.215115 1.136233 2.623388 0.000000
0.321801 0.330835 2.651706 0.000000
0.418594 0.526600 2.648979 0.000000
0.583517 0.920424 2.642530 0.000000
0.704025 0.174396 2.695060 0.000000
1.325126 0.229404 2.681869 0.000000
-3.505020 2.396122 0.050036 0.000000
-2.745332 2.959152 0.039199 0.000000
-1.176955 0.557838 0.217101 0.000000
-3.968520 3.653353 0.022038 0.000000
-3.419627 3.185764 0.612395 0.000000
-3.383885 2.395701 0.084167 0.000000
-3.187843 1.793982 0.132953 0.000000
-0.615727 2.680020 0.070695 0.000000
-0.004739 0.042057 0.223829 0.000000
-0.038660 0.433592 0.188077 0.000000
0.866186 2.350588 0.185200 0.000000
-0.382507 0.746419 2.471015 0.000000
-0.247748 1.424515 0.169118 0.000000
-2.801543 3.433716 0.010347 0.000000
-2.755643 2.794135 0.033279 0.000000
2.093363 4.008015 0.213045 0.000000
-0.666766 4.903901 0.076817 0.000000
1.434085 1.818759 2.488106 0.000000
1.423899 2.216454 2.412095 0.000000
1.350774 3.229670 0.060615 0.000000
1.275067 0.780486 2.568741 0.000000
2.165707 1.803495 1.396082 0.000000
1.469033 1.086702 2.428273 0.000000
0.833700 2.618029 0.180698 0.000000
0.546229 3.537061 0.160698 0.000000
-1.461113 4.590725 0.065276 0.000000
-4.591146 6.221904 -0.001270 0.000000
-4.599265 6.249114 0.001087 0.000000
1.588422 1.126824 0.978862 0.000000
-0.296957 0.617270 2.829237 0.000000
-1.359830 1.562860 2.717190 0.000000
-1.533004 1.924153 2.687709 0.000000
-1.103255 1.250984 2.748816 0.000000
-1.325042 1.798433 2.706916 0.000000
-0.590386 0.528352 2.816406 0.000000
-0.860760 1.008167 2.775814 0.000000
-1.132465 1.411215 2.738745 0.000000
-0.366008 0.264182 2.843063 0.000000
-0.857225 1.516807 2.749773 0.000000
-0.592364 1.358012 2.773841 0.000000
0.065325 0.483455 2.857427 0.000000
-0.251180 1.072745 2.808802 0.000000
0.321281 0.162744 2.654940 0.000000
0.433538 0.242245 2.891269 0.000000
0.728621 0.183467 2.908932 0.000000
1.303879 2.120468 0.548892 0.000000
1.306588 2.379491 0.500914 0.000000
1.307648 2.615861 0.482317 0.000000
-3.763449 4.609716 1.203874 0.000000
-3.604817 4.518304 1.220759 0.000000
-3.809607 4.613639 1.200563 0.000000
-3.560109 4.512472 1.204776 0.000000
-3.844408 4.536526 1.203808 0.000000
-0.590207 0.820345 2.801519 0.000000
-1.388194 1.322634 2.728066 0.000000
-1.569044 1.702788 2.697248 0.000000
-1.728206 2.042511 2.669584 0.000000
-2.020948 2.755495 2.445325 0.000000
-1.493037 2.143559 2.678493 0.000000
-1.663277 2.407330 2.654005 0.000000
-1.291142 1.923899 2.702367 0.000000
-1.472456 2.309196 2.670941 0.000000
-2.302773 3.026507 2.284742 0.000000
-1.099403 1.662406 2.727644 0.000000
-1.268128 2.204543 2.688973 0.000000
-0.580190 1.173632 2.784032 0.000000
-0.829156 1.661136 2.743986 0.000000
0.027374 0.393272 2.859734 0.000000
-0.329904 0.878491 2.814007 0.000000
0.351361 0.187564 2.873817 0.000000
0.024535 0.795235 2.839269 0.000000
-2.113858 1.814489 2.698053 0.000000
-1.958292 1.719019 2.694581 0.000000
-2.042599 2.192607 2.681935 0.000000
-2.237008 2.508924 2.573816 0.000000
-1.796132 1.623094 2.687826 0.000000
-1.909359 2.152665 2.652677 0.000000
-1.867955 2.348005 2.644663 0.000000
-1.555001 1.548678 2.706223 0.000000
-1.765158 1.834277 2.678459 0.000000
-2.167570 4.052157 0.207975 0.000000
0.879015 1.508113 0.500025 0.000000
-1.116806 3.442691 0.295816 0.000000
-3.494490 4.191154 1.014270 0.000000
-2.035850 1.199596 2.407651 0.000000
-1.897611 1.224145 2.702883 0.000000
-1.610318 0.915206 2.736127 0.000000
-1.367903 0.288084 2.618698 0.000000
-1.475177 0.669350 2.756893 0.000000
-1.128895 0.200690 2.666094 0.000000
-1.705763 3.444287 0.262544 0.000000
-0.967833 0.223089 2.809728 0.000000
-1.679035 1.248097 2.714624 0.000000
-1.882222 1.400294 2.694489 0.000000
-1.946880 1.956460 2.660957 0.000000
-1.230504 0.681720 2.770708 0.000000
-1.819269 4.266636 0.217449 0.000000
-0.990162 3.891690 0.281762 0.000000
0.314300 3.343919 0.381248 0.000000
1.309026 3.105398 0.459901 0.000000
-2.010777 1.631817 2.714034 0.000000
-1.231694 0.455234 2.782302 0.000000
-1.471435 0.877625 2.746308 0.000000
-1.458367 1.082785 2.736404 0.000000
-1.600450 1.478751 2.707183 0.000000
-0.816055 0.198889 2.732036 0.000000
-0.684845 0.237872 2.825623 0.000000
-0.677773 0.497841 2.812799 0.000000
-0.642748 0.776821 2.800627 0.000000
-0.348335 0.562155 2.828996 0.000000
-0.024490 0.326524 2.860040 0.000000
0.302158 0.015939 2.466857 0.000000
-1.662306 4.220622 0.228430 0.000000
-0.866029 3.030188 0.329436 0.000000
-1.691927 1.056949 2.723883 0.000000
1.304322 1.995884 0.541227 0.000000
1.307181 2.938061 0.491446 0.000000
-1.348225 4.591737 0.228581 0.000000
-2.351890 2.783913 2.423309 0.000000
-2.077404 2.502885 2.583928 0.000000
0.340666 0.435840 2.876082 0.000000
-1.687358 2.249365 2.661002 0.000000
-1.284718 2.030514 2.697142 0.000000
-1.060605 1.909303 2.717095 0.000000
-0.011149 0.667837 2.843595 0.000000
-0.303415 1.185227 2.799956 0.000000
-4.032380 5.400600 -0.237097 0.000000
-2.976987 2.094127 0.218609 0.000000
0.037623 0.061274 0.503580 0.000000
-1.876338 2.793976 0.242992 0.000000
-1.266845 2.478907 0.284998 0.000000
-2.011808 2.050305 0.266700 0.000000
-1.200492 1.384584 0.332715 0.000000
-4.221501 3.358367 -0.079965 0.000000
-0.547364 2.287318 -0.139268 0.000000
-4.463385 6.407550 -0.257716 0.000000
0.541086 0.265693 2.194506 0.000000
-0.383827 4.138234 -0.031629 0.000000
-2.658668 3.395732 1.695594 0.000000
-1.129603 1.401972 -0.074835 0.000000
-2.217270 2.787863 -0.051712 0.000000
-2.949133 2.812289 -0.108049 0.000000
-1.240043 0.410221 2.181239 0.000000
-0.843991 3.005995 -0.073503 0.000000
-1.641672 4.199575 -0.050774 0.000000
-1.400573 3.249734 -0.082696 0.000000
-0.627732 2.189832 -0.085036 0.000000
-2.218208 1.609669 -0.112882 0.000000
-2.486583 2.499785 -0.055300 0.000000
-1.825578 2.158114 -0.181745 0.000000
0.818751 2.426775 -0.068315 0.000000
-4.611194 6.380593 0.199020 0.000000
0.795477 3.336272 -0.050261 0.000000
-0.864467 0.100391 -0.270317 0.000000
-1.058667 0.291510 -0.217909 0.000000
-0.134752 0.099408 -0.559592 0.000000
-0.983752 0.349018 -0.323072 0.000000
-0.605684 0.210137 -0.422072 0.000000
-1.262791 1.602085 -0.370486 0.000000
-2.478005 3.553910 -0.210442 0.000000
-0.801194 0.207476 -0.433517 0.000000
-2.216064 2.836067 -0.258648 0.000000
-2.532482 3.171685 -0.224814 0.000000
0.640860 0.246971 -0.487422 0.000000
0.952945 0.259802 -0.608794 0.000000
-2.022887 3.658658 -0.254015 0.000000
-0.406538 1.584582 -0.460301 0.000000
-0.723557 1.783620 -0.430242 0.000000
-3.962815 3.367610 0.392459 0.000000
-2.955168 2.933507 -0.211099 0.000000
-2.866147 2.293029 -0.245645 0.000000
-2.540785 1.160472 -0.215316 0.000000
-2.379247 1.163093 -0.235520 0.000000
-2.114628 1.165298 -0.223498 0.000000
-1.829840 1.167631 -0.212963 0.000000
-4.376316 4.014709 0.795896 0.000000
-1.244278 1.738457 1.945590 0.000000
-1.029110 1.811776 1.936023 0.000000
-0.850014 1.263668 1.900863 0.000000
-1.419982 2.240453 1.977881 0.000000
-0.568289 1.528551 1.895886 0.000000
-0.336192 1.159165 1.865197 0.000000
-0.100918 0.766235 1.832978 0.000000
-0.020400 1.189239 1.847545 0.000000
0.010843 1.394264 1.855072 0.000000
-1.669078 2.113456 2.075926 0.000000
-1.443307 1.653108 1.953722 0.000000
0.193836 0.569368 1.805984 0.000000
2.811615 0.386181 0.549524 0.000000
0.250013 0.781203 1.812382 0.000000
0.295298 0.992740 1.819430 0.000000
0.334842 1.200315 1.826643 0.000000
0.589054 0.561583 1.781573 0.000000
0.645389 0.774161 1.788061 0.000000
1.099598 0.740424 1.758880 0.000000
1.424981 2.499611 -0.521263 0.000000
1.671339 1.928500 -0.415241 0.000000
1.435890 2.201379 -0.516589 0.000000
-0.972123 3.902817 -0.308962 0.000000
1.037897 2.375367 -0.512900 0.000000
-1.906452 4.447254 -0.222033 0.000000
1.672871 2.126020 -0.277763 0.000000
1.641715 1.473443 -0.240192 0.000000
1.730015 2.202873 -0.417802 0.000000
1.846862 0.428532 -0.649613 0.000000
-2.163462 4.108347 -0.222512 0.000000
-1.593020 3.741669 -0.277338 0.000000
-1.160681 1.092553 1.911929 0.000000
-0.985225 0.708486 1.884031 0.000000
-0.734723 0.508272 1.859697 0.000000
-0.375383 0.487765 1.836867 0.000000
-0.060778 0.242169 1.806359 0.000000
1.586267 0.346869 -0.271054 0.000000
2.217987 0.434541 -0.624035 0.000000
-0.382945 2.830457 -0.399871 0.000000
1.695864 0.418184 -0.503986 0.000000
-2.737624 1.105647 -0.206209 0.000000
0.095559 0.095954 -0.545949 0.000000
-1.462467 1.506649 -0.324194 0.000000
-2.802686 3.919307 -0.025675 0.000000
-1.409052 1.739194 -0.317496 0.000000
-2.007796 2.873380 -0.240080 0.000000
-1.763400 1.168022 -0.207397 0.000000
-1.960306 1.440243 -0.301042 0.000000
-2.825712 2.549555 -0.210767 0.000000
-4.134395 2.673112 -0.090712 0.000000
-3.346775 2.467329 -0.209697 0.000000
-3.099262 2.318903 -0.230897 0.000000
-0.692994 1.366719 0.132086 0.000000
2.424558 0.160630 0.358729 0.000000
-1.309757 0.465028 2.462111 0.000000
-1.080951 0.309770 2.447536 0.000000
-1.133105 1.207471 0.149154 0.000000
-2.717586 1.347844 0.206831 0.000000
-2.467025 2.241609 0.154173 0.000000
0.240018 3.995280 -0.011923 0.000000
3.634931 1.779473 1.172925 0.000000
-0.766957 4.824990 -0.023514 0.000000
2.336106 0.190224 2.667477 0.000000
0.966120 3.078147 0.008899 0.000000
-0.672943 4.148647 0.043995 0.000000
2.737437 0.164831 2.713815 0.000000
2.816132 0.308076 2.946047 0.000000
3.613245 1.774189 0.354137 0.000000
-0.397863 4.465228 -0.017139 0.000000
0.696710 4.324130 0.042027 0.000000
0.503697 4.008814 0.049365 0.000000
-0.997579 4.205707 0.042568 0.000000
-0.185317 4.032479 0.046821 0.000000
2.161769 0.272909 2.709563 0.000000
-0.941561 5.001260 0.025860 0.000000
3.229553 3.981620 0.275486 0.000000
3.861320 3.977222 0.164109 0.000000
2.467254 4.444619 0.039781 0.000000
-2.848154 1.976524 0.109933 0.000000
-2.030826 1.218061 0.105588 0.000000
-4.006915 5.609017 -0.233396 0.000000
-2.155757 2.005205 0.088668 0.000000
2.878683 0.288049 0.252419 0.000000
-0.585309 2.772316 0.073532 0.000000
-0.719232 2.804934 0.101604 0.000000
-0.540140 3.058794 0.088624 0.000000
-1.835557 2.965759 0.022859 0.000000
-1.430758 2.541087 0.006690 0.000000
-0.667951 1.868799 0.092823 0.000000
0.618074 0.730652 0.118370 0.000000
-2.662275 1.934805 0.041947 0.000000
2.873930 0.196617 0.249304 0.000000
-1.913595 1.600660 0.059158 0.000000
-1.045910 1.964322 0.078359 0.000000
-1.287836 2.562467 0.072310 0.000000
-0.337737 2.660091 0.184211 0.000000
1.398729 0.173309 1.423729 0.000000
-4.608151 6.585303 -0.000092 0.000000
-4.612099 6.414364 0.172556 0.000000
-4.604434 6.328696 -0.000468 0.000000
0.388424 0.005970 0.902324 0.000000
-4.403651 6.408272 -0.002872 0.000000
0.612727 1.702186 0.227182 0.000000
1.493524 0.164519 1.772732 0.000000
1.851754 0.160330 1.532610 0.000000
1.469044 0.176811 0.531232 0.000000
1.880702 0.168873 0.559637 0.000000
-3.603282 4.197806 1.004931 0.000000
0.347351 0.019730 1.139980 0.000000
-2.692710 2.266975 0.021377 0.000000
-3.164088 2.349912 0.094518 0.000000
-2.776319 1.390829 0.031760 0.000000
-3.163435 1.869089 0.031935 0.000000
0.013580 1.305100 0.185867 0.000000
0.304520 0.001525 1.472431 0.000000
0.381892 0.043037 1.268543 0.000000
-2.047052 1.338602 2.454076 0.000000
-1.735421 0.781927 2.429850 0.000000
-1.411273 0.205501 2.363561 0.000000
-2.362022 1.730208 0.110038 0.000000
-0.723480 1.143541 0.011287 0.000000
-4.372934 5.417960 -0.241538 0.000000
-2.804215 3.664853 -0.107057 0.000000
-1.922672 1.701594 -0.077310 0.000000
-2.703789 2.132654 -0.188203 0.000000
-2.807970 1.856682 -0.064476 0.000000
-2.614646 1.624918 -0.068498 0.000000
-4.673990 3.002061 -0.021575 0.000000
-4.628155 2.703293 -0.105451 0.000000
-4.451899 6.578298 0.022692 0.000000
-0.701350 2.332463 -0.054303 0.000000
1.180069 1.956684 -0.112150 0.000000
1.766777 0.212807 -0.217096 0.000000
-0.534438 2.874872 -0.107920 0.000000
2.113630 1.747667 -0.193286 0.000000
-1.008427 3.807030 -0.055426 0.000000
-1.950959 2.243128 -0.007147 0.000000
-2.159622 2.921381 -0.011606 0.000000
-3.360640 3.267488 -0.025848 0.000000
-0.891372 2.166014 0.035145 0.000000
-3.044095 2.781203 0.020745 0.000000
-0.942784 3.322341 0.095440 0.000000
0.587884 0.623842 0.121699 0.000000
-0.954279 1.047083 0.098272 0.000000
-2.787040 3.650756 0.044966 0.000000
-0.164483 0.785143 0.120248 0.000000
-2.566535 2.085765 0.021586 0.000000
-2.777381 3.108615 0.094856 0.000000
-3.789791 5.599742 -0.235112 0.000000
-1.658474 3.163967 0.065858 0.000000
-2.953175 2.734523 -0.283796 0.000000
-3.033756 1.133049 -0.257293 0.000000
-3.402611 3.433574 -0.215756 0.000000
-3.214820 3.153249 -0.243305 0.000000
-1.207722 0.272280 -0.410670 0.000000
-2.456922 1.975821 -0.357691 0.000000
-2.193445 1.716191 -0.385817 0.000000
-1.783060 1.209166 -0.437520 0.000000
-1.127895 0.326721 -0.525631 0.000000
-4.024716 3.851710 0.583628 0.000000
-3.892083 3.916996 0.599334 0.000000
-3.580582 2.418078 -0.246492 0.000000
-3.949215 2.425934 -0.274884 0.000000
-3.689670 2.418620 -0.232796 0.000000
-3.832811 3.392383 -0.205749 0.000000
-3.639070 3.470699 -0.205597 0.000000
-4.228737 3.855792 0.590019 0.000000
-1.742891 0.986066 1.458465 0.000000
-0.878867 -0.033643 1.627048 0.000000
-1.868447 0.998889 1.317021 0.000000
-0.947042 -0.004096 1.482171 0.000000
-0.751136 -0.031613 1.520217 0.000000
-0.774369 -0.015014 1.203050 0.000000
-0.798111 -0.004271 1.000958 0.000000
-1.866301 0.985599 1.705309 0.000000
-1.957059 0.997500 1.525067 0.000000
-1.719992 0.965642 1.705449 0.000000
-0.724486 2.262922 -0.389835 0.000000
1.454216 0.265106 -0.593606 0.000000
1.293218 0.254621 -0.435754 0.000000
0.786047 0.134904 -0.205429 0.000000
0.501142 0.114721 -0.455537 0.000000
0.639129 0.123357 -0.586745 0.000000
0.894663 0.117592 -0.545918 0.000000
-1.292517 0.191178 0.616485 0.000000
-0.706360 0.127869 -0.462154 0.000000
-1.430531 1.470849 -0.429108 0.000000
-0.526483 0.355593 -0.543146 0.000000
-2.611389 3.823150 -0.210401 0.000000
-4.096383 2.425968 -0.253470 0.000000
-4.258722 2.428026 -0.266562 0.000000
-4.199778 3.162938 -0.213683 0.000000
-4.560084 2.802203 -0.231027 0.000000
-4.685152 3.039284 -0.207958 0.000000
-4.634605 2.963667 -0.046886 0.000000
-4.673755 2.428276 -0.247095 0.000000
-3.327260 2.312865 -0.261834 0.000000
-4.688082 2.797594 -0.220141 0.000000
-4.468072 2.427730 -0.248971 0.000000
0.575363 1.091216 -0.234375 0.000000
-1.886919 2.835092 -0.052844 0.000000
-2.993910 2.704416 -0.111662 0.000000
-2.906821 2.069600 -0.132872 0.000000
-4.589519 5.835972 0.623915 0.000000
-4.598804 6.077553 0.297671 0.000000
-4.597113 6.207480 0.205044 0.000000
-4.592619 6.015948 0.420261 0.000000
0.146746 0.180083 2.104171 0.000000
1.909697 0.348583 -0.211536 0.000000
-1.538862 3.451660 -0.078989 0.000000
0.504503 1.543378 -0.192223 0.000000
2.087178 0.826966 -0.241559 0.000000
1.601071 1.350824 -0.062024 0.000000
0.413255 1.845602 -0.212129 0.000000
-4.598664 5.603608 0.813079 0.000000
0.139515 2.919435 -0.179375 0.000000
0.815133 0.814855 0.098103 0.000000
0.029870 2.471652 0.119504 0.000000
0.535456 1.625539 0.079936 0.000000
1.939118 0.840944 0.086030 0.000000
-3.043240 1.496365 0.034705 0.000000
-2.121288 1.869890 0.102654 0.000000
-0.755708 2.120712 0.119803 0.000000
-2.764039 1.438473 0.124167 0.000000
-1.592293 1.802289 0.070709 0.000000
-1.342263 1.966845 0.038216 0.000000
-2.052189 0.995609 1.609915 0.000000
-2.027481 0.997542 1.944207 0.000000
-1.264575 0.131045 1.976570 0.000000
-1.294173 0.160217 1.334204 0.000000
-1.240828 0.153862 1.449943 0.000000
-1.277266 0.146108 1.645143 0.000000
-1.251255 0.167061 1.153981 0.000000
-1.073993 -0.005608 1.585207 0.000000
-1.043853 -0.008578 1.218162 0.000000
-0.921735 -0.006416 1.110177 0.000000
-0.818527 -0.002620 1.378167 0.000000
0.449488 -0.007800 0.568901 0.000000
0.448777 -0.000704 0.239859 0.000000
0.706899 -0.015691 0.596025 0.000000
0.247389 -0.002663 -0.228055 0.000000
0.816532 -0.010605 0.238941 0.000000
-0.334059 1.703503 -0.200828 0.000000
1.393831 0.147477 -0.267822 0.000000
-4.594849 6.187651 0.011093 0.000000
0.370491 -0.097006 1.419412 0.000000
0.500005 -0.053560 1.290682 0.000000
0.582574 -0.032647 0.821750 0.000000
0.665060 -0.051965 1.169262 0.000000
0.318908 -0.017063 0.686252 0.000000
0.827394 -0.042388 1.044087 0.000000
0.744475 -0.030907 0.697154 0.000000
0.657261 -0.012493 0.366929 0.000000
1.177268 0.148025 -0.157262 0.000000
1.220786 0.185463 0.073939 0.000000
-1.653419 3.024593 -0.136943 0.000000
-1.921067 0.998952 1.858621 0.000000
-1.515659 0.459926 2.087202 0.000000
-1.649878 0.937563 2.107143 0.000000
-1.512504 0.623190 2.131287 0.000000
-0.998212 -0.052417 2.066625 0.000000
-1.006053 -0.035725 1.733821 0.000000
-0.922970 -0.019446 1.818107 0.000000
-0.761742 -0.034377 2.069548 0.000000
-0.352435 1.918209 -0.187935 0.000000
2.016779 0.170315 0.101488 0.000000
2.209971 0.168032 -0.051555 0.000000
2.437513 0.117667 -0.222876 0.000000
-1.370560 0.220598 -0.221747 0.000000
-1.249691 0.186185 0.356794 0.000000
-1.365545 0.191522 0.470480 0.000000
-1.035247 0.080376 -0.023957 0.000000
-1.344836 1.401919 -0.181190 0.000000
-3.462047 2.399274 -0.051376 0.000000
-0.788533 -0.017933 1.711737 0.000000
0.597414 -0.022079 1.037049 0.000000
0.387066 -0.038038 0.818017 0.000000
0.553911 -0.005082 0.720166 0.000000
0.653541 -0.001390 0.891169 0.000000
0.387753 -0.002428 0.069298 0.000000
-1.810313 0.986273 2.076315 0.000000
-1.055892 -0.020999 1.923618 0.000000
-1.028994 2.495250 -0.060375 0.000000
1.412294 0.154649 -0.094721 0.000000
0.808954 0.941539 -0.196956 0.000000
1.918309 0.140859 -0.053428 0.000000
-4.611258 6.358858 0.233787 0.000000
-1.269260 0.179460 0.877377 0.000000
0.387703 -0.017337 -0.071538 0.000000
0.368110 0.108871 -0.253303 0.000000
0.305878 0.433678 -0.339107 0.000000
-0.631414 0.985959 -0.121856 0.000000
-2.130094 2.455202 -0.069830 0.000000
-0.862697 1.683672 -0.113684 0.000000
0.624624 0.870221 -0.164937 0.000000
-3.002882 2.269289 -0.176068 0.000000
2.257714 1.792062 -0.109392 0.000000
0.314952 3.115299 -0.153639 0.000000
-1.791939 2.410059 2.211211 0.000000
-0.240055 2.796781 -0.116753 0.000000
1.665682 1.166851 -0.065804 0.000000
-0.704940 2.863790 -0.102818 0.000000
0.284843 2.564065 -0.132509 0.000000
1.152167 0.858954 2.191404 0.000000
2.151682 0.147491 2.274328 0.000000
1.700910 0.950544 -0.201790 0.000000
-2.026858 2.018565 2.285195 0.000000
-0.336863 3.620510 -0.080452 0.000000
0.836334 3.458967 -0.099788 0.000000
2.868052 0.242197 2.587802 0.000000
-3.205012 2.257559 -0.046291 0.000000
-2.880564 1.688107 -0.032553 0.000000
-1.076747 2.965503 -0.076674 0.000000
-0.801811 2.444440 -0.086611 0.000000
-2.394373 3.858958 -0.032828 0.000000
-1.817003 1.535810 -0.097416 0.000000
-2.465841 2.635974 -0.159035 0.000000
-1.386442 1.846702 -0.196448 0.000000
-2.532936 1.742032 -0.017731 0.000000
-2.790323 1.542923 -0.022846 0.000000
-0.591922 2.156417 -0.014969 0.000000
-0.788225 3.364380 0.000125 0.000000
2.195311 1.813825 0.461419 0.000000
-2.089772 1.777433 2.314280 0.000000
-2.212503 2.998372 -0.139775 0.000000
-1.323202 1.764346 -0.027466 0.000000
-0.353429 0.706251 -0.032703 0.000000
-1.156936 4.035129 0.014366 0.000000
0.540132 3.208577 0.021604 0.000000
2.917432 0.257476 2.788323 0.000000
-0.889993 4.442909 0.013419 0.000000
-1.493124 2.824947 0.007441 0.000000
0.789612 1.187226 0.015418 0.000000
-1.256415 3.332744 0.010944 0.000000
-2.124812 3.126000 -0.003317 0.000000
-1.655898 2.614422 -0.004229 0.000000
-0.169676 0.858773 -0.007322 0.000000
0.833841 1.025323 0.008764 0.000000
0.714704 2.809349 0.014955 0.000000
-3.011543 1.109023 0.435751 0.000000
-2.820938 2.342387 0.049481 0.000000
-1.592233 0.808690 0.226185 0.000000
-2.657584 1.124719 1.224720 0.000000
-3.511303 2.396658 0.213937 0.000000
-3.620464 2.393133 0.117429 0.000000
-4.574681 6.170236 -0.000029 0.000000
-1.415851 0.271022 2.136267 0.000000
-2.237276 1.154113 2.334398 0.000000
-2.242805 1.146397 2.122077 0.000000
-0.613646 1.611489 0.254293 0.000000
-0.233444 1.396184 0.270604 0.000000
0.402452 0.933474 0.302325 0.000000
-2.503355 1.138428 1.672968 0.000000
-2.654026 1.134298 1.430436 0.000000
0.069869 -0.032430 0.377953 0.000000
-0.651101 -0.006948 0.379597 0.000000
-0.416335 -0.015367 0.376158 0.000000
-0.176441 -0.023839 0.375810 0.000000
-0.452063 0.953850 -0.140863 0.000000
-2.278317 2.576087 -0.161593 0.000000
2.718367 0.158875 -0.064237 0.000000
2.194837 0.151822 1.764374 0.000000
2.372726 0.160606 1.529411 0.000000
2.584901 0.158236 1.399371 0.000000
2.634974 0.161377 0.939722 0.000000
1.221073 0.173210 2.243353 0.000000
1.399989 0.171298 2.131460 0.000000
1.584758 0.169302 2.016298 0.000000
1.903618 0.161532 2.267043 0.000000
1.773038 0.167247 1.899387 0.000000
2.106661 0.159339 2.144677 0.000000
-2.021232 1.572489 2.318192 0.000000
1.803478 0.164143 1.229185 0.000000
2.465489 0.164931 0.854587 0.000000
2.843782 0.165939 -0.056311 0.000000
0.909746 2.077358 -0.087066 0.000000
1.198915 2.662352 -0.093247 0.000000
0.450035 -0.005553 2.029630 0.000000
1.619127 0.158550 2.131417 0.000000
1.805315 0.156394 2.012230 0.000000
2.608447 0.146909 1.503209 0.000000
1.400082 0.197575 2.234808 0.000000
1.998034 0.154141 1.889358 0.000000
2.634123 0.151007 1.013801 0.000000
2.803687 0.340089 1.529754 0.000000
1.900785 0.696491 0.004315 0.000000
3.006289 0.358412 0.031368 0.000000
1.017457 0.161946 2.337530 0.000000
0.181778 3.694898 0.019499 0.000000
-1.083767 1.784443 -0.198786 0.000000
-0.335164 1.611575 -0.010752 0.000000
-1.830285 1.958267 -0.018759 0.000000
-2.485343 2.293446 -0.077132 0.000000
-1.736567 2.205152 0.120547 0.000000
-4.606907 5.806989 0.659340 0.000000
-1.270126 2.124356 0.034491 0.000000
-4.618960 6.359385 0.418884 0.000000
-4.615218 6.461301 0.205665 0.000000
-4.605303 6.046362 0.400042 0.000000
-4.606443 6.106824 0.612154 0.000000
-4.617762 5.601916 1.017569 0.000000
-4.610768 5.807399 0.816733 0.000000
-4.307149 6.190088 -0.246334 0.000000
-2.542923 1.470141 0.045684 0.000000
-4.308247 6.335390 0.000489 0.000000
-4.591750 6.211244 0.402696 0.000000
-2.145427 2.600472 -0.079883 0.000000
-0.727190 1.007791 -0.131663 0.000000
-4.176380 5.303503 -0.243291 0.000000
-1.513076 2.133783 -0.104383 0.000000
-0.171381 2.976699 -0.106447 0.000000
-3.120640 2.527936 -0.162319 0.000000
-0.920328 3.404901 -0.077252 0.000000
0.999316 1.639068 -0.096622 0.000000
0.972927 2.748251 -0.105442 0.000000
-1.151877 4.358812 -0.059528 0.000000
0.162619 3.879531 -0.086166 0.000000
0.472629 0.277691 -0.092328 0.000000
-2.492062 2.008915 -0.037846 0.000000
-1.498799 1.772843 -0.055025 0.000000
-1.786145 2.060633 -0.049318 0.000000
-1.423435 2.673741 0.113606 0.000000
-0.110823 1.820645 0.143676 0.000000
0.021330 2.019926 0.137219 0.000000
-3.213981 1.961830 0.134826 0.000000
-1.407312 1.750917 0.144258 0.000000
-1.681582 0.991036 0.169135 0.000000
0.804126 0.671124 0.154843 0.000000
0.790491 2.229764 0.136612 0.000000
-0.608803 0.975863 0.124655 0.000000
-0.521068 0.839554 0.143695 0.000000
-1.512102 3.618530 0.083575 0.000000
-4.213450 5.295988 -0.244288 0.000000
-4.388074 6.575802 0.035007 0.000000
-1.124210 0.442194 -0.090854 0.000000
-1.037893 1.494331 -0.213474 0.000000
-4.602496 6.182342 0.259584 0.000000
-4.054523 6.192285 -0.243219 0.000000
-4.600744 6.190366 0.088888 0.000000
-4.475769 2.397891 -0.017841 0.000000
-2.724685 1.214807 -0.078840 0.000000
-4.348866 6.574148 -0.004232 0.000000
-4.386733 6.325355 -0.000808 0.000000
-3.941473 5.351893 -0.241363 0.000000
-4.584489 6.588123 0.201353 0.000000
-4.626570 6.505636 0.488518 0.000000
-4.432078 5.361664 -0.247367 0.000000
-4.396399 6.580068 0.208874 0.000000
-4.614868 6.581727 0.692362 0.000000
-4.585109 6.595494 0.402893 0.000000
-4.614513 6.217869 0.617066 0.000000
-4.197958 6.317638 0.002849 0.000000
-4.177976 6.427650 0.000690 0.000000
-4.593761 6.580671 0.623271 0.000000
-2.635713 1.552546 -0.214934 0.000000
-4.591029 6.600697 0.257416 0.000000
-4.500962 6.603572 0.479916 0.000000
-4.191335 6.482448 -0.000630 0.000000
-4.076157 6.352031 -0.005122 0.000000
-4.590765 6.601172 0.077675 0.000000
-4.585452 6.615675 0.604575 0.000000
-4.388161 6.572310 0.428605 0.000000
-4.397615 6.600799 0.424436 0.000000
-4.586903 6.212514 0.683082 0.000000
-4.076736 6.575286 0.202356 0.000000
-4.586084 6.062497 0.623473 0.000000
-3.997054 6.568394 -0.012638 0.000000
-3.927294 6.575315 0.031274 0.000000
-4.620222 6.600121 0.476063 0.000000
-4.601103 6.605974 0.374223 0.000000
-4.621102 6.613070 0.614985 0.000000
-4.618785 6.611065 0.805005 0.000000
-4.618344 6.571623 0.803044 0.000000
-4.549565 6.614303 0.808336 0.000000
-4.616365 6.388835 0.806289 0.000000
-2.872791 1.237601 0.133338 0.000000
-2.821462 1.477904 0.123350 0.000000
-2.260808 2.072799 -0.136662 0.000000
-1.260561 0.182951 0.042391 0.000000
-2.226419 1.335205 0.025076 0.000000
-3.188688 2.152098 -0.017624 0.000000
-1.252830 0.463800 -0.058664 0.000000
-1.885138 1.485961 0.049443 0.000000
