# .PCD v0.7 - Point Cloud Data file format
VERSION 0.7
FIELDS x y z intensity
SIZE 4 4 4 4
TYPE F F F F
COUNT 1 1 1 1
WIDTH 10379
HEIGHT 1
VIEWPOINT 0 0 0 1 0 0 0
POINTS 10379
DATA ascii
2.316656 -2.218092 3.937434 0.000000
2.510506 -2.241111 4.241641 0.000000
2.441813 -2.225956 4.059833 0.000000
2.384344 -2.213263 3.909649 0.000000
2.334518 -2.202405 3.782263 0.000000
2.479074 -2.242960 4.251112 0.000000
2.409326 -2.228075 4.071499 0.000000
2.350411 -2.215630 3.923090 0.000000
2.299851 -2.204941 3.796854 0.000000
2.447598 -2.244886 4.261286 0.000000
2.376528 -2.230314 4.084208 0.000000
2.369353 -2.199968 3.768556 0.000000
2.264783 -2.207615 3.812567 0.000000
2.416065 -2.246897 4.272251 0.000000
2.343884 -2.232628 4.097633 0.000000
2.282777 -2.220671 3.952810 0.000000
2.229824 -2.210403 3.829315 0.000000
2.384444 -2.248996 4.284022 0.000000
2.311126 -2.235049 4.112032 0.000000
2.248726 -2.223365 3.969188 0.000000
2.194377 -2.213339 3.847270 0.000000
2.539501 -2.220146 4.029830 0.000000
2.643965 -2.143437 4.108636 0.000000
2.604735 -2.216726 4.013949 0.000000
2.552568 -2.203093 3.856759 0.000000
2.508403 -2.191403 3.723792 0.000000
2.618815 -2.163598 4.134459 0.000000
2.572063 -2.218390 4.021462 0.000000
2.518808 -2.204921 3.865503 0.000000
2.473503 -2.193381 3.733569 0.000000
2.592815 -2.183864 4.161155 0.000000
2.352427 -2.251199 4.296686 0.000000
2.485154 -2.206856 3.875210 0.000000
2.438680 -2.195470 3.744300 0.000000
2.566159 -2.204126 4.188525 0.000000
2.506731 -2.221999 4.039021 0.000000
2.451535 -2.208883 3.885726 0.000000
2.403893 -2.197672 3.756004 0.000000
2.539066 -2.224103 4.216345 0.000000
2.474270 -2.223932 4.049012 0.000000
2.417952 -2.211022 3.897237 0.000000
1.882298 -2.334381 4.125922 0.000000
2.109149 -2.252002 4.220045 0.000000
2.038645 -2.242234 4.091338 0.000000
1.967459 -2.295272 4.038457 0.000000
2.156314 -2.266475 4.391490 0.000000
2.074207 -2.255268 4.241986 0.000000
2.002545 -2.245844 4.115912 0.000000
1.925477 -2.315149 4.081574 0.000000
2.122277 -2.269433 4.410992 0.000000
2.038850 -2.258680 4.265284 0.000000
1.965632 -2.249635 4.142049 0.000000
2.189733 -2.263666 4.373312 0.000000
2.088120 -2.272483 4.431389 0.000000
2.002991 -2.262227 4.289793 0.000000
1.928149 -2.253590 4.169691 0.000000
1.839689 -2.344563 4.163312 0.000000
2.053226 -2.275681 4.453068 0.000000
1.966593 -2.265920 4.315639 0.000000
1.890024 -2.257712 4.198851 0.000000
1.797691 -2.349246 4.196787 0.000000
2.017861 -2.279016 4.476025 0.000000
2.145183 -2.232198 4.024927 0.000000
2.277939 -2.237597 4.127504 0.000000
2.214474 -2.226184 3.986662 0.000000
2.158945 -2.216390 3.866270 0.000000
2.320527 -2.253475 4.310069 0.000000
2.244834 -2.240237 4.143875 0.000000
2.179970 -2.229125 4.005208 0.000000
2.123215 -2.219581 3.886482 0.000000
2.288182 -2.255869 4.324478 0.000000
2.211212 -2.243007 4.161333 0.000000
2.543418 -2.189533 3.714954 0.000000
2.086399 -2.232150 3.916308 0.000000
2.255624 -2.258364 4.339801 0.000000
2.177601 -2.245874 4.179739 0.000000
2.110060 -2.235402 4.045802 0.000000
2.047600 -2.253928 3.956154 0.000000
2.222819 -2.260961 4.356069 0.000000
2.143407 -2.248886 4.199387 0.000000
2.074567 -2.238747 4.067942 0.000000
2.007946 -2.274987 3.996876 0.000000
2.989757 -2.074688 3.863971 0.000000
3.085068 -2.124556 3.652053 0.000000
3.749399 -3.239277 5.306473 0.000000
3.821166 -3.463950 5.226645 0.000000
3.029187 -2.059778 3.716573 0.000000
3.062308 -2.159765 3.675061 0.000000
3.712636 -3.280552 5.343161 0.000000
3.779984 -3.515082 5.267548 0.000000
3.005236 -2.085443 3.734755 0.000000
3.028284 -2.174195 3.682203 0.000000
3.675030 -3.321874 5.380713 0.000000
3.066970 -2.059413 3.721509 0.000000
2.982849 -2.115515 3.757503 0.000000
2.987818 -2.174819 3.679203 0.000000
3.636540 -3.363160 5.419176 0.000000
2.955501 -2.075261 3.861347 0.000000
2.959716 -2.145710 3.781013 0.000000
2.948061 -2.175528 3.677125 0.000000
3.597162 -3.404491 5.458549 0.000000
2.921782 -2.075907 3.859541 0.000000
2.935626 -2.176256 3.805501 0.000000
3.854445 -3.115724 5.201801 0.000000
4.225942 -3.470953 4.811677 0.000000
3.921045 -3.032792 5.135571 0.000000
4.010529 -3.209442 5.039085 0.000000
4.098893 -3.377835 4.944118 0.000000
3.207576 -2.046767 3.618557 0.000000
3.888259 -3.074052 5.168162 0.000000
3.974785 -3.260192 5.074415 0.000000
4.060193 -3.438524 4.982163 0.000000
3.164909 -2.046801 3.609835 0.000000
2.908968 -2.176328 3.676006 0.000000
3.938010 -3.311046 5.110801 0.000000
4.020494 -3.499031 5.021237 0.000000
3.128043 -2.054831 3.608628 0.000000
3.820122 -3.157006 5.235976 0.000000
3.900152 -3.361925 5.148299 0.000000
3.105235 -2.059125 3.727296 0.000000
3.106966 -2.089562 3.629922 0.000000
3.785019 -3.198337 5.270953 0.000000
3.861213 -3.412895 5.186905 0.000000
2.703673 -2.212236 3.996140 0.000000
2.780955 -2.097421 4.047566 0.000000
2.767639 -2.200311 3.979118 0.000000
2.724471 -2.195333 3.825670 0.000000
2.685136 -2.183092 3.688615 0.000000
2.751075 -2.098446 4.049816 0.000000
2.737072 -2.210904 3.991783 0.000000
2.689458 -2.196707 3.830211 0.000000
2.649274 -2.184557 3.693905 0.000000
2.721427 -2.099534 4.052707 0.000000
2.721331 -2.181729 3.684278 0.000000
2.654982 -2.198159 3.835531 0.000000
2.613936 -2.186102 3.699946 0.000000
2.692658 -2.102920 4.058643 0.000000
2.670501 -2.213648 4.001263 0.000000
2.620745 -2.199705 3.841724 0.000000
2.578579 -2.187766 3.706992 0.000000
2.668507 -2.123282 4.083439 0.000000
2.637538 -2.215146 4.007218 0.000000
2.586711 -2.201346 3.848794 0.000000
2.841658 -2.124842 3.903483 0.000000
3.556853 -3.445780 5.498879 0.000000
2.888549 -2.076623 3.858479 0.000000
2.903955 -2.189822 3.815952 0.000000
2.870483 -2.177220 3.675827 0.000000
3.515593 -3.487021 5.540188 0.000000
2.864976 -2.099672 3.879663 0.000000
2.867249 -2.190752 3.816188 0.000000
2.832555 -2.178205 3.676576 0.000000
3.473372 -3.528300 5.582482 0.000000
1.929918 -2.269739 4.342715 0.000000
2.830742 -2.191777 3.817324 0.000000
2.795133 -2.179282 3.678243 0.000000
2.841490 -2.095549 4.044862 0.000000
2.817670 -2.149978 3.927993 0.000000
2.794945 -2.192877 3.819273 0.000000
2.757893 -2.180465 3.680844 0.000000
2.811079 -2.096454 4.045892 0.000000
2.793007 -2.175171 3.953194 0.000000
2.759531 -2.194060 3.822037 0.000000
1.344018 -1.392523 4.106873 0.000000
1.289052 -1.399603 4.050886 0.000000
1.414465 -1.505616 4.168002 0.000000
1.366327 -1.457613 4.123633 0.000000
1.322145 -1.410714 4.083220 0.000000
1.281523 -1.365187 4.046342 0.000000
1.400653 -1.473969 4.156835 0.000000
1.354914 -1.424926 4.114997 0.000000
1.313036 -1.377427 4.076983 0.000000
1.274413 -1.330915 4.042228 0.000000
1.387271 -1.442285 4.146116 0.000000
1.331757 -1.444356 4.089952 0.000000
1.304349 -1.344217 4.071180 0.000000
1.267821 -1.297301 4.038599 0.000000
1.374370 -1.410828 4.135876 0.000000
1.333624 -1.360673 4.099221 0.000000
1.296163 -1.311606 4.065849 0.000000
1.261691 -1.264053 4.035424 0.000000
1.361963 -1.379573 4.126130 0.000000
1.323645 -1.328818 4.092005 0.000000
1.288418 -1.279305 4.060955 0.000000
1.459092 -1.602374 4.204618 0.000000
1.335115 -1.580567 4.081563 0.000000
1.491433 -1.667841 4.231589 0.000000
1.430842 -1.625284 4.174127 0.000000
1.375556 -1.583833 4.121979 0.000000
1.324744 -1.543183 4.074334 0.000000
1.474911 -1.634826 4.217771 0.000000
1.416889 -1.591136 4.163005 0.000000
1.363761 -1.548244 4.113165 0.000000
1.315017 -1.506626 4.067696 0.000000
1.256010 -1.231152 4.032694 0.000000
1.403407 -1.557089 4.152356 0.000000
1.352635 -1.513370 4.104973 0.000000
1.305789 -1.470288 4.061556 0.000000
1.443691 -1.569951 4.191889 0.000000
1.390549 -1.523686 4.142290 0.000000
1.341924 -1.478663 4.097199 0.000000
1.297159 -1.434718 4.055969 0.000000
1.428852 -1.537791 4.179712 0.000000
1.378134 -1.490354 4.132675 0.000000
1.258873 -1.081295 4.049545 0.000000
1.296679 -1.194498 4.077038 0.000000
1.272654 -1.142199 4.057680 0.000000
1.250752 -1.091059 4.040431 0.000000
1.230735 -1.040847 4.025074 0.000000
1.287304 -1.164114 4.070404 0.000000
1.265605 -1.111789 4.053436 0.000000
1.245844 -1.060473 4.038405 0.000000
1.227927 -1.010396 4.025196 0.000000
1.278266 -1.133607 4.064145 0.000000
1.233943 -1.071771 4.025338 0.000000
1.241305 -1.030074 4.036761 0.000000
1.225464 -0.979918 4.025697 0.000000
1.269636 -1.103202 4.058313 0.000000
1.252541 -1.051185 4.046047 0.000000
1.237166 -1.000086 4.035507 0.000000
1.223386 -0.949881 4.026571 0.000000
1.261432 -1.072883 4.052928 0.000000
1.246568 -1.020957 4.042949 0.000000
1.233347 -0.970017 4.034613 0.000000
1.296305 -1.234703 4.072959 0.000000
1.350036 -1.348510 4.116866 0.000000
1.314093 -1.297219 4.085216 0.000000
1.281128 -1.247290 4.056514 0.000000
1.250745 -1.198587 4.030377 0.000000
1.338457 -1.317393 4.107975 0.000000
1.304984 -1.265852 4.078870 0.000000
1.274256 -1.215551 4.052493 0.000000
1.245911 -1.166333 4.028490 0.000000
1.327431 -1.286687 4.099623 0.000000
1.387947 -1.619887 4.131364 0.000000
1.267770 -1.184081 4.048857 0.000000
1.241546 -1.134621 4.027052 0.000000
1.316762 -1.255896 4.091658 0.000000
1.288047 -1.203759 4.067476 0.000000
1.261708 -1.152848 4.045652 0.000000
1.237520 -1.102943 4.025980 0.000000
1.306475 -1.225005 4.084106 0.000000
1.280122 -1.172767 4.062355 0.000000
1.256038 -1.121846 4.042846 0.000000
1.763020 -2.123938 4.465928 0.000000
1.644910 -2.286411 4.410941 0.000000
1.497738 -2.452771 4.521385 0.000000
1.816160 -2.200403 4.512718 0.000000
1.692134 -2.296566 4.541283 0.000000
1.636659 -2.190367 4.332959 0.000000
1.558091 -2.181450 4.254812 0.000000
1.789223 -2.162056 4.488972 0.000000
1.696989 -2.154535 4.396739 0.000000
1.613244 -2.144594 4.313358 0.000000
1.536283 -2.132579 4.237072 0.000000
1.733905 -2.291613 4.503616 0.000000
1.672663 -2.112656 4.375891 0.000000
1.590675 -2.099415 4.294540 0.000000
1.515394 -2.084429 4.220177 0.000000
1.737701 -2.086392 4.443707 0.000000
1.649457 -2.071858 4.356061 0.000000
1.569286 -2.055462 4.276790 0.000000
1.495713 -2.037661 4.204364 0.000000
1.713434 -2.049685 4.422459 0.000000
1.627164 -2.031739 4.337077 0.000000
1.650065 -2.416772 4.364608 0.000000
1.851210 -2.262014 4.229674 0.000000
1.754514 -2.354174 4.232450 0.000000
1.981962 -2.282488 4.500238 0.000000
1.892318 -2.273755 4.371561 0.000000
1.811954 -2.266469 4.261993 0.000000
1.710725 -2.359279 4.269849 0.000000
1.945182 -2.286137 4.526028 0.000000
1.854001 -2.277932 4.401885 0.000000
1.771540 -2.271144 4.296274 0.000000
1.548826 -2.012362 4.259889 0.000000
1.908058 -2.289901 4.552948 0.000000
1.814931 -2.282290 4.433911 0.000000
1.730569 -2.275994 4.332291 0.000000
1.563765 -2.541636 4.536146 0.000000
1.869934 -2.293859 4.581604 0.000000
1.774721 -2.286876 4.468029 0.000000
1.688272 -2.281087 4.370516 0.000000
1.535221 -2.482780 4.512748 0.000000
1.831062 -2.297990 4.611890 0.000000
1.544214 -1.768022 4.276201 0.000000
1.396570 -1.776497 4.126744 0.000000
1.582440 -1.836304 4.308874 0.000000
1.509640 -1.802424 4.238359 0.000000
1.443547 -1.769063 4.174626 0.000000
1.382812 -1.735700 4.116355 0.000000
1.562941 -1.801821 4.292179 0.000000
1.492593 -1.766079 4.224290 0.000000
1.428627 -1.730871 4.162853 0.000000
1.369873 -1.695898 4.106711 0.000000
1.459132 -1.807880 4.187016 0.000000
1.476220 -1.730209 4.210861 0.000000
1.414394 -1.693243 4.151728 0.000000
1.357607 -1.656751 4.097695 0.000000
1.525997 -1.734294 4.260729 0.000000
1.460499 -1.694793 4.198050 0.000000
1.400799 -1.656167 4.141202 0.000000
1.346014 -1.618213 4.089312 0.000000
1.508427 -1.700894 4.245883 0.000000
1.445354 -1.659840 4.185784 0.000000
1.644717 -1.941289 4.362607 0.000000
1.476992 -1.991886 4.189422 0.000000
1.689620 -2.012863 4.401664 0.000000
1.605582 -1.991947 4.318769 0.000000
1.529126 -1.969726 4.243703 0.000000
1.459189 -1.947053 4.175314 0.000000
1.666793 -1.976836 4.381783 0.000000
1.584803 -1.952829 4.301202 0.000000
1.510436 -1.928198 4.228429 0.000000
1.442263 -1.903114 4.162006 0.000000
4.136022 -3.317892 4.907664 0.000000
1.564992 -1.914621 4.284524 0.000000
1.492558 -1.887407 4.213904 0.000000
1.426200 -1.860009 4.149492 0.000000
1.623260 -1.905853 4.344037 0.000000
1.545812 -1.876670 4.268452 0.000000
1.475484 -1.847299 4.200127 0.000000
1.410940 -1.817713 4.137716 0.000000
1.602484 -1.870886 4.326106 0.000000
1.527362 -1.839286 4.253063 0.000000
4.191498 -0.518250 3.803231 0.000000
4.194855 -0.566714 3.801316 0.000000
4.201387 -0.506605 3.814103 0.000000
4.218904 -0.445624 3.837671 0.000000
4.247707 -0.382406 3.872464 0.000000
4.216025 -0.603591 3.817979 0.000000
4.204441 -0.542719 3.813215 0.000000
4.203733 -0.482200 3.818994 0.000000
4.213467 -0.421073 3.834992 0.000000
4.240708 -0.641403 3.837963 0.000000
4.210454 -0.578685 3.815221 0.000000
4.286492 -0.342044 3.914557 0.000000
4.183366 -0.458332 3.801713 0.000000
4.269158 -0.680384 3.861493 0.000000
4.219467 -0.615262 3.820079 0.000000
4.182522 -0.553862 3.790686 0.000000
4.157083 -0.494355 3.772288 0.000000
4.301814 -0.720509 3.889006 0.000000
4.231524 -0.652067 3.827873 0.000000
4.176484 -0.588948 3.781054 0.000000
4.134496 -0.529615 3.746547 0.000000
4.209885 -0.397490 3.834016 0.000000
4.136712 -0.388178 3.763782 0.000000
4.230850 -0.321802 3.862489 0.000000
4.348944 -0.245722 3.985699 0.000000
4.498693 -0.156189 4.141402 0.000000
4.142323 -0.423729 3.765458 0.000000
4.218774 -0.360074 3.846656 0.000000
4.314717 -0.288843 3.947734 0.000000
4.435750 -0.207203 4.074509 0.000000
4.150833 -0.459170 3.769961 0.000000
4.338761 -0.762635 3.920495 0.000000
4.284910 -0.330106 3.914286 0.000000
4.379734 -0.254870 4.014767 0.000000
4.162303 -0.494627 3.777339 0.000000
4.204068 -0.434265 3.824434 0.000000
4.259387 -0.369801 3.885186 0.000000
4.330307 -0.299657 3.961786 0.000000
4.176988 -0.530553 3.787792 0.000000
4.201248 -0.470596 3.817812 0.000000
4.237391 -0.408229 3.859662 0.000000
4.233640 -0.885830 3.804755 0.000000
4.376217 -0.896460 3.942602 0.000000
4.200769 -0.806479 3.781311 0.000000
4.063491 -0.732398 3.655761 0.000000
4.682216 -1.070412 4.222737 0.000000
4.414659 -0.943385 3.975046 0.000000
4.215341 -0.845308 3.791310 0.000000
4.061743 -0.766527 3.650385 0.000000
4.766902 -1.135698 4.298529 0.000000
4.458345 -0.993041 4.012325 0.000000
4.606408 -1.009563 4.155190 0.000000
4.062780 -0.801445 3.647623 0.000000
4.863675 -1.207898 4.385447 0.000000
4.507872 -1.045898 4.054978 0.000000
4.255044 -0.927571 3.821095 0.000000
4.066536 -0.836785 3.647455 0.000000
4.974268 -1.287868 4.485111 0.000000
4.563558 -1.102057 4.103311 0.000000
4.280195 -0.971172 3.840887 0.000000
4.073001 -0.872994 3.649820 0.000000
4.175596 -0.695394 3.768767 0.000000
4.246602 -0.689864 3.838500 0.000000
4.173330 -0.624254 3.774200 0.000000
4.115015 -0.564110 3.723911 0.000000
4.380433 -0.806477 3.956419 0.000000
4.265156 -0.728309 3.852443 0.000000
4.173035 -0.659676 3.770112 0.000000
4.099019 -0.598056 3.704723 0.000000
4.427459 -0.852716 3.997323 0.000000
4.286981 -0.767880 3.869452 0.000000
4.569860 -0.101182 4.216792 0.000000
4.085771 -0.631618 3.688247 0.000000
4.479954 -0.901367 4.043324 0.000000
4.312693 -0.809172 3.890067 0.000000
4.180833 -0.731569 3.769974 0.000000
4.075584 -0.665265 3.674734 0.000000
4.539665 -0.953741 4.095994 0.000000
4.342279 -0.851824 3.914316 0.000000
4.189342 -0.768735 3.774254 0.000000
4.068152 -0.698888 3.663898 0.000000
4.835228 0.411905 4.530942 0.000000
6.858030 1.685343 6.891133 0.000000
4.490332 0.329381 4.184653 0.000000
5.072265 0.621446 4.785512 0.000000
6.175691 1.170380 5.927509 0.000000
6.895603 1.604314 6.848850 0.000000
4.429177 0.256832 4.117220 0.000000
4.944879 0.510187 4.648811 0.000000
5.870343 0.960496 5.605045 0.000000
6.932073 1.522753 6.807686 0.000000
4.376292 0.190637 4.058573 0.000000
6.556669 1.429130 6.329698 0.000000
5.621900 0.786894 5.342505 0.000000
6.967470 1.440596 6.767610 0.000000
4.330537 0.129740 4.007476 0.000000
4.740835 0.324357 4.429218 0.000000
5.414774 0.640026 5.123509 0.000000
6.729885 1.249973 6.480855 0.000000
4.291096 0.073375 3.963042 0.000000
4.658925 0.245590 4.340697 0.000000
5.241187 0.514248 4.939785 0.000000
4.738340 0.598792 4.455840 0.000000
6.655320 2.082506 7.117600 0.000000
4.982378 0.843448 4.720932 0.000000
6.203117 1.541029 5.994061 0.000000
6.863602 1.990247 6.900513 0.000000
6.697940 2.004115 7.070199 0.000000
4.850223 0.712604 4.577507 0.000000
5.877338 1.283062 5.646342 0.000000
6.900816 1.901114 6.858152 0.000000
6.739493 1.925250 7.023883 0.000000
6.302849 0.998658 6.034136 0.000000
5.615257 1.072643 5.366445 0.000000
6.936840 1.811827 6.817019 0.000000
6.780045 1.845774 6.978577 0.000000
4.643127 0.498678 4.352020 0.000000
5.400569 0.897472 5.136987 0.000000
6.971588 1.722391 6.777201 0.000000
6.819545 1.765827 6.934340 0.000000
4.561050 0.409457 4.262272 0.000000
5.222359 0.749114 4.946308 0.000000
4.287892 -0.199492 3.931066 0.000000
4.153774 -0.201882 3.800145 0.000000
4.345806 -0.108868 3.997159 0.000000
4.603869 0.011856 4.262050 0.000000
4.967389 0.177013 4.635452 0.000000
4.144023 -0.241004 3.786513 0.000000
4.314632 -0.155320 3.961825 0.000000
4.539168 -0.046982 4.192552 0.000000
4.847073 0.096406 4.509025 0.000000
4.137773 -0.278939 3.776412 0.000000
5.106251 0.267728 4.781206 0.000000
4.482179 -0.101563 4.131074 0.000000
4.742090 0.024057 4.398559 0.000000
4.134316 -0.315991 3.769119 0.000000
4.265193 -0.241773 3.904453 0.000000
4.431960 -0.152542 4.076617 0.000000
4.650556 -0.041405 4.302048 0.000000
4.133975 -0.352335 3.764929 0.000000
4.246259 -0.282451 3.881682 0.000000
4.387773 -0.200424 4.028399 0.000000
4.470923 0.048419 4.135982 0.000000
4.257033 0.020804 3.924273 0.000000
4.587576 0.174112 4.263326 0.000000
5.093257 0.404791 4.783058 0.000000
5.963402 0.796605 5.678967 0.000000
4.227977 -0.028522 3.890740 0.000000
4.525215 0.108684 4.195421 0.000000
4.965936 0.308322 4.647998 0.000000
5.687345 0.630084 5.390036 0.000000
4.203711 -0.075004 3.862186 0.000000
5.100178 -1.376471 4.598908 0.000000
4.856297 0.222599 4.531477 0.000000
5.459652 0.490454 5.151608 0.000000
4.183184 -0.119227 3.837519 0.000000
4.423247 -0.007513 4.083489 0.000000
4.760667 0.145534 4.429653 0.000000
5.268394 0.371106 4.951223 0.000000
4.166760 -0.161388 3.817069 0.000000
4.381846 -0.059740 4.037536 0.000000
4.677106 0.075670 4.340459 0.000000
4.125216 -2.340346 4.588523 0.000000
4.376681 -2.301390 4.332790 0.000000
4.465409 -2.332545 4.241785 0.000000
4.168558 -2.262815 4.546085 0.000000
4.264677 -2.310893 4.446719 0.000000
4.357134 -2.353019 4.351439 0.000000
4.634615 -2.546270 4.418396 0.000000
4.147240 -2.301415 4.566941 0.000000
4.243780 -2.356148 4.466948 0.000000
4.515378 -2.562266 4.539363 0.000000
4.613199 -2.609066 4.438572 0.000000
4.284997 -2.265307 4.427101 0.000000
4.391239 -2.558713 4.666086 0.000000
4.492335 -2.618772 4.561407 0.000000
4.590750 -2.672340 4.459804 0.000000
4.102817 -2.378916 4.610508 0.000000
4.366858 -2.608425 4.689717 0.000000
4.468538 -2.675095 4.584238 0.000000
4.567006 -2.736516 4.482344 0.000000
4.236823 -2.575934 4.823538 0.000000
4.341897 -2.657862 4.713959 0.000000
4.552388 -2.188485 4.223281 0.000000
4.523388 -2.088344 4.302320 0.000000
4.608525 -2.092286 4.215800 0.000000
4.323422 -2.108975 4.505401 0.000000
4.417354 -2.126693 4.409188 0.000000
4.507211 -2.140042 4.317427 0.000000
4.593780 -2.149297 4.229283 0.000000
4.304029 -2.149105 4.524167 0.000000
4.399150 -2.173052 4.426548 0.000000
4.490290 -2.192003 4.333303 0.000000
4.443579 -2.732105 4.608249 0.000000
4.284125 -2.189213 4.543470 0.000000
4.369291 -2.210466 4.433819 0.000000
4.413463 -2.198978 4.297875 0.000000
4.500196 -2.218742 4.209247 0.000000
4.256688 -2.223503 4.555815 0.000000
4.304535 -2.220252 4.408282 0.000000
4.395475 -2.250069 4.314917 0.000000
4.483245 -2.275431 4.225062 0.000000
4.189510 -2.223850 4.525625 0.000000
4.014959 -2.908892 5.042386 0.000000
4.400835 -3.129481 4.641792 0.000000
4.074286 -2.825895 4.983667 0.000000
4.174548 -2.957271 4.877521 0.000000
4.272291 -3.080496 4.774354 0.000000
4.368573 -3.196909 4.673007 0.000000
4.045077 -2.867186 5.012563 0.000000
4.143640 -3.007504 4.907887 0.000000
4.239995 -3.139463 4.805872 0.000000
4.334979 -3.264853 4.705575 0.000000
4.303477 -3.021831 4.743968 0.000000
4.111814 -3.057861 4.939195 0.000000
4.206527 -3.198666 4.838589 0.000000
4.299980 -3.333250 4.739571 0.000000
3.984351 -2.950146 5.072729 0.000000
4.079020 -3.108274 4.971499 0.000000
4.171890 -3.258166 4.872498 0.000000
4.263825 -3.401594 4.774752 0.000000
3.953052 -2.991445 5.103785 0.000000
4.045266 -3.158801 5.004788 0.000000
4.158319 -2.701121 4.900728 0.000000
4.542326 -2.800669 4.505851 0.000000
4.211293 -2.617697 4.848605 0.000000
4.316118 -2.707381 4.739047 0.000000
4.417662 -2.789417 4.633242 0.000000
4.516532 -2.865312 4.530495 0.000000
4.185140 -2.659444 4.874320 0.000000
4.289569 -2.757081 4.764925 0.000000
4.390727 -2.846980 4.659278 0.000000
4.489334 -2.930876 4.556557 0.000000
4.445525 -2.088298 4.402386 0.000000
4.261944 -2.807270 4.791902 0.000000
4.362787 -2.904847 4.686342 0.000000
4.461173 -2.996467 4.583610 0.000000
4.130884 -2.742834 4.927773 0.000000
4.233665 -2.857124 4.819566 0.000000
4.333782 -2.962963 4.714497 0.000000
4.431491 -3.062932 4.612201 0.000000
4.103050 -2.784214 4.955244 0.000000
4.204561 -2.907163 4.848075 0.000000
4.249964 -1.229695 3.783323 0.000000
5.098915 -1.566083 4.577166 0.000000
4.536251 -1.296908 4.055503 0.000000
4.181362 -1.125083 3.727871 0.000000
6.477015 -2.274744 5.853790 0.000000
5.238562 -1.676507 4.702142 0.000000
4.602356 -1.367068 4.112511 0.000000
4.213301 -1.175814 3.753459 0.000000
6.910073 -2.546062 6.250321 0.000000
5.402887 -1.803698 4.849589 0.000000
4.677022 -1.443331 4.177265 0.000000
6.131598 -2.055898 5.537925 0.000000
7.466343 -2.891548 6.760228 0.000000
5.595302 -1.949766 5.022649 0.000000
4.763121 -1.528239 4.252310 0.000000
4.292327 -1.288095 3.818268 0.000000
7.967106 -3.234539 7.236466 0.000000
5.824112 -2.120826 5.228847 0.000000
4.862911 -1.623626 4.339672 0.000000
4.340902 -1.351338 3.858770 0.000000
7.932511 -3.338921 7.267837 0.000000
4.382717 -1.117588 3.925013 0.000000
4.626725 -1.162963 4.158467 0.000000
4.309930 -1.017396 3.864870 0.000000
4.082644 -0.910633 3.655115 0.000000
5.245255 -1.476266 4.730356 0.000000
4.698707 -1.229138 4.221703 0.000000
4.343924 -1.066164 3.892739 0.000000
4.095417 -0.949634 3.663304 0.000000
5.414382 -1.590076 4.883956 0.000000
4.779206 -1.300674 4.292727 0.000000
6.100090 -2.324409 5.477983 0.000000
4.111286 -0.990206 3.674334 0.000000
5.612885 -1.721287 5.064596 0.000000
4.872011 -1.380132 4.374979 0.000000
4.427357 -1.172960 3.962581 0.000000
4.130826 -1.032722 3.688724 0.000000
5.848646 -1.874686 5.279524 0.000000
4.977087 -1.467504 4.468443 0.000000
4.478441 -1.232550 4.006003 0.000000
4.153902 -1.077406 3.706323 0.000000
5.130087 -2.200243 4.539593 0.000000
5.948956 -2.574401 5.302466 0.000000
4.834130 -1.900414 4.281394 0.000000
7.700559 -3.954343 7.481720 0.000000
7.914362 -3.931788 7.264709 0.000000
6.286712 -2.856772 5.603901 0.000000
4.970556 -2.039294 4.399999 0.000000
4.839304 -2.233438 4.854823 0.000000
4.932629 -2.221408 4.737393 0.000000
5.029697 -2.210425 4.633345 0.000000
7.951136 -3.817739 7.231386 0.000000
4.742620 -2.231637 4.802105 0.000000
4.825823 -2.219223 4.677060 0.000000
4.911369 -2.207933 4.565783 0.000000
4.999527 -2.197520 4.465418 0.000000
4.650983 -2.229984 4.753251 0.000000
4.724208 -2.217192 4.620842 0.000000
4.603925 -2.079409 4.341923 0.000000
4.676092 -2.069592 4.244181 0.000000
4.386287 -2.100493 4.530979 0.000000
4.534664 -1.580441 4.023097 0.000000
4.977604 -1.730177 4.440483 0.000000
4.397161 -1.420885 3.906113 0.000000
7.896815 -3.442180 7.300390 0.000000
6.440765 -2.572318 5.786054 0.000000
5.110929 -1.851153 4.558062 0.000000
4.461026 -1.496599 3.960251 0.000000
7.859883 -3.545258 7.334231 0.000000
6.867064 -2.879760 6.172047 0.000000
5.267210 -1.990055 4.696290 0.000000
1.221652 -0.920031 4.027803 0.000000
7.821792 -3.648217 7.369277 0.000000
7.419664 -3.274356 6.673056 0.000000
5.452836 -2.151865 4.860928 0.000000
4.620086 -1.674610 4.096394 0.000000
7.782710 -3.750114 7.405390 0.000000
7.986383 -3.703851 7.199633 0.000000
5.677491 -2.344598 5.060647 0.000000
4.719424 -1.780775 4.182065 0.000000
7.742088 -3.852725 7.443066 0.000000
5.097887 2.702922 6.575506 0.000000
6.212195 3.861926 7.393515 0.000000
6.008255 3.835977 7.658456 0.000000
4.704265 2.480212 6.252793 0.000000
6.589592 3.888182 7.215119 0.000000
6.378328 3.864330 7.444671 0.000000
6.161873 3.838672 7.698543 0.000000
4.773136 2.447831 6.227035 0.000000
6.679461 3.796831 7.177489 0.000000
6.463276 3.778078 7.397398 0.000000
6.234451 3.749298 7.629907 0.000000
6.410385 3.885966 7.154135 0.000000
6.738620 3.677311 7.111022 0.000000
6.526073 3.670748 7.327787 0.000000
6.300879 3.654836 7.557187 0.000000
6.060430 3.627883 7.801840 0.000000
6.795384 3.558391 7.047047 0.000000
6.586731 3.563582 7.260382 0.000000
6.365499 3.560033 7.486310 0.000000
6.129056 3.546192 7.727477 0.000000
6.849960 3.440288 6.985360 0.000000
4.724259 2.720093 6.245257 0.000000
5.053337 3.302560 6.596388 0.000000
4.474747 2.647019 6.127221 0.000000
4.187903 2.373399 6.069418 0.000000
5.751143 3.875883 6.955260 0.000000
5.598301 3.851291 7.228250 0.000000
4.486476 2.533468 6.007564 0.000000
5.268522 3.794235 7.878569 0.000000
5.908145 3.878569 6.998804 0.000000
5.744931 3.854098 7.264035 0.000000
6.645418 3.456618 7.195015 0.000000
5.395015 3.797662 7.893709 0.000000
6.070050 3.881147 7.046304 0.000000
5.895848 3.856812 7.303315 0.000000
4.950206 2.873959 6.448168 0.000000
5.524945 3.801026 7.911551 0.000000
6.237367 3.883616 7.098012 0.000000
6.051538 3.859419 7.346480 0.000000
5.327591 3.194118 6.855387 0.000000
4.642200 2.520140 6.290221 0.000000
4.717501 0.989767 4.473900 0.000000
6.717467 2.986535 7.097655 0.000000
6.510848 3.042103 7.311535 0.000000
5.086534 1.376339 4.876164 0.000000
6.761209 2.680240 6.658825 0.000000
6.770428 2.890154 7.038719 0.000000
6.569612 2.955712 7.247122 0.000000
4.883561 1.165022 4.654963 0.000000
6.180319 2.154129 6.032185 0.000000
6.821821 2.793515 6.981388 0.000000
6.626939 2.868579 7.184159 0.000000
6.910189 2.925175 6.897855 0.000000
5.752162 1.763950 5.570342 0.000000
6.871743 2.696713 6.925570 0.000000
6.682982 2.780910 7.122499 0.000000
4.578992 0.841595 4.322806 0.000000
5.424261 1.462728 5.216633 0.000000
6.920112 2.599740 6.871349 0.000000
6.737654 2.692446 7.062218 0.000000
4.462246 0.714601 4.195350 0.000000
5.164719 1.222392 4.936673 0.000000
6.326296 3.297323 7.513113 0.000000
6.428361 3.465098 7.417237 0.000000
6.196272 3.464081 7.654549 0.000000
6.902310 3.322690 6.925986 0.000000
6.702134 3.349939 7.131690 0.000000
6.489530 3.369770 7.349890 0.000000
6.262009 3.381054 7.583100 0.000000
6.664672 2.977978 6.595456 0.000000
6.756901 3.243358 7.070375 0.000000
6.549007 3.274326 7.284278 0.000000
5.598959 3.873089 6.915697 0.000000
6.084156 2.393733 5.963025 0.000000
6.809791 3.137066 7.011009 0.000000
6.606763 3.178668 7.220430 0.000000
6.389216 3.213011 7.444509 0.000000
5.660134 1.964430 5.501119 0.000000
6.860886 3.030979 6.953501 0.000000
6.662912 3.082649 7.158223 0.000000
6.450699 3.127837 7.377346 0.000000
5.338631 1.636159 5.150853 0.000000
3.831031 3.829183 7.503601 0.000000
3.694154 3.819780 6.694385 0.000000
3.652365 3.794243 7.050337 0.000000
3.137151 2.307625 5.740231 0.000000
3.025062 2.035660 5.737358 0.000000
3.806019 3.823990 6.690260 0.000000
3.759209 3.798486 7.042540 0.000000
3.707802 3.769129 7.448673 0.000000
3.072716 2.008470 5.686578 0.000000
3.919346 3.828098 6.688665 0.000000
3.867375 3.802629 7.037143 0.000000
2.958385 2.000248 5.707529 0.000000
3.140589 2.039743 5.713080 0.000000
4.034247 3.832116 6.689479 0.000000
3.976957 3.806683 7.034011 0.000000
3.366825 2.382224 5.796606 0.000000
3.232070 2.128327 5.814223 0.000000
4.150846 3.836025 6.693034 0.000000
4.088033 3.810638 7.033328 0.000000
4.019496 3.781653 7.423366 0.000000
3.300850 2.148754 5.828307 0.000000
3.338262 3.780912 7.087419 0.000000
3.175880 3.908048 6.863383 0.000000
3.133146 3.771469 7.123867 0.000000
2.779801 2.147159 5.628034 0.000000
2.715740 1.886452 5.632998 0.000000
3.319263 4.055673 6.990002 0.000000
3.235291 3.776248 7.104452 0.000000
2.839549 2.143914 5.605726 0.000000
2.769825 1.895230 5.624298 0.000000
3.365962 3.806546 6.721304 0.000000
4.269378 3.839859 6.698927 0.000000
2.923818 2.237135 5.700372 0.000000
2.816596 1.872333 5.574598 0.000000
3.474231 3.811055 6.709995 0.000000
3.458505 3.843869 7.136198 0.000000
3.007067 2.309982 5.771215 0.000000
2.882189 1.922442 5.622600 0.000000
3.583582 3.815475 6.700871 0.000000
4.685518 7.507471 11.081850 0.000000
3.061346 2.273545 5.713161 0.000000
4.925655 3.811375 7.455657 0.000000
4.794934 3.832534 7.080990 0.000000
4.686415 3.804422 7.433262 0.000000
3.792639 2.347597 6.035151 0.000000
4.270537 2.671487 5.598884 0.000000
4.920924 3.835880 7.098084 0.000000
4.804774 3.807935 7.443225 0.000000
3.854147 2.328106 6.007572 0.000000
4.320946 2.599900 5.543181 0.000000
4.470642 2.942771 6.147536 0.000000
4.361646 2.978910 5.891760 0.000000
3.906790 2.293157 5.962107 0.000000
5.306986 3.867194 6.847296 0.000000
4.381608 2.658226 5.853617 0.000000
5.049284 3.814731 7.470816 0.000000
4.906948 3.783545 7.848614 0.000000
5.450920 3.870182 6.879849 0.000000
4.400572 2.547616 5.749165 0.000000
5.175715 3.818012 7.488590 0.000000
4.126616 2.401460 6.101337 0.000000
4.344536 3.793396 7.418039 0.000000
4.200794 3.814509 7.034965 0.000000
4.126227 3.785652 7.419354 0.000000
3.349050 2.116926 5.776780 0.000000
4.390018 3.843589 6.707660 0.000000
4.315418 3.818287 7.039122 0.000000
4.234488 3.789568 7.417509 0.000000
3.437645 2.176878 5.843795 0.000000
4.512747 3.847240 6.718832 0.000000
4.431932 3.821981 7.045681 0.000000
6.760542 2.370231 6.625325 0.000000
3.545087 2.268954 5.952777 0.000000
4.638031 3.850790 6.732981 0.000000
4.550525 3.825581 7.054851 0.000000
4.456434 3.797158 7.420637 0.000000
3.594469 2.233038 5.899879 0.000000
4.442922 3.296867 6.195126 0.000000
4.671517 3.829104 7.066549 0.000000
4.570312 3.800833 7.425690 0.000000
3.660406 2.230352 5.890826 0.000000
3.660851 -0.480000 3.292412 0.000000
3.736149 -0.510807 3.361696 0.000000
3.706135 -0.466832 3.337393 0.000000
3.682595 -0.423559 3.319252 0.000000
3.665135 -0.380467 3.306940 0.000000
3.741984 -0.538372 3.364414 0.000000
3.702915 -0.494373 3.331396 0.000000
3.670772 -0.452066 3.304888 0.000000
3.645154 -0.410530 3.284583 0.000000
3.749480 -0.566143 3.368707 0.000000
3.701161 -0.521920 3.326805 0.000000
3.687502 -0.349240 3.331726 0.000000
3.627476 -0.439606 3.264551 0.000000
3.758543 -0.594000 3.374497 0.000000
3.701003 -0.549385 3.323753 0.000000
3.652537 -0.507475 3.281527 0.000000
3.611837 -0.467859 3.246571 0.000000
3.769346 -0.622279 3.381918 0.000000
3.702537 -0.576665 3.322344 0.000000
3.645978 -0.534634 3.272358 0.000000
3.598193 -0.495537 3.230570 0.000000
3.725831 -0.381558 3.365302 0.000000
3.730715 -0.372108 3.370999 0.000000
3.747924 -0.321523 3.392872 0.000000
3.772656 -0.267318 3.422383 0.000000
3.806326 -0.208227 3.461054 0.000000
3.728581 -0.400393 3.365988 0.000000
3.735925 -0.351950 3.378126 0.000000
3.749968 -0.300960 3.396981 0.000000
3.771677 -0.246392 3.423607 0.000000
3.728083 -0.428305 3.362587 0.000000
3.781965 -0.651100 3.391032 0.000000
3.729787 -0.333218 3.374155 0.000000
3.740422 -0.282462 3.389687 0.000000
3.729201 -0.455953 3.360766 0.000000
3.717547 -0.410489 3.354294 0.000000
3.711919 -0.364290 3.353689 0.000000
3.712589 -0.316637 3.359291 0.000000
3.731806 -0.483454 3.360389 0.000000
3.711002 -0.438872 3.345015 0.000000
3.696310 -0.394346 3.335514 0.000000
3.649986 -0.753481 3.252884 0.000000
3.744918 -0.747410 3.344985 0.000000
3.639554 -0.696921 3.248929 0.000000
3.552612 -0.653875 3.170097 0.000000
3.900112 -0.842076 3.484827 0.000000
3.757990 -0.777989 3.354311 0.000000
3.644008 -0.725035 3.250195 0.000000
3.550601 -0.680216 3.165351 0.000000
3.928291 -0.878427 3.508214 0.000000
3.773049 -0.809562 3.365450 0.000000
3.874775 -0.807382 3.464026 0.000000
3.550064 -0.706598 3.162004 0.000000
3.959427 -0.916645 3.534280 0.000000
3.790224 -0.842292 3.378509 0.000000
3.657708 -0.782840 3.257149 0.000000
3.551112 -0.733747 3.160084 0.000000
3.993599 -0.956674 3.563113 0.000000
3.809533 -0.876330 3.393493 0.000000
3.667151 -0.812802 3.262999 0.000000
3.553738 -0.761184 3.159637 0.000000
3.635778 -0.615414 3.253999 0.000000
3.705416 -0.604066 3.322211 0.000000
3.641016 -0.561569 3.264743 0.000000
3.586456 -0.522564 3.216466 0.000000
3.796491 -0.680589 3.401916 0.000000
3.710040 -0.631935 3.323703 0.000000
3.637614 -0.588389 3.258633 0.000000
3.576418 -0.549152 3.204035 0.000000
3.812771 -0.710848 3.414411 0.000000
3.716261 -0.659936 3.326715 0.000000
3.845111 -0.167493 3.502802 0.000000
3.568091 -0.575424 3.193274 0.000000
3.831320 -0.742065 3.428998 0.000000
3.724035 -0.688389 3.331168 0.000000
3.635445 -0.642330 3.250813 0.000000
3.561343 -0.601691 3.184021 0.000000
3.851768 -0.774085 3.445340 0.000000
3.733611 -0.717658 3.337269 0.000000
3.636734 -0.669465 3.249156 0.000000
3.556176 -0.627670 3.176308 0.000000
4.172676 0.254158 3.864764 0.000000
5.983473 1.559974 5.775972 0.000000
4.032266 0.211982 3.723672 0.000000
4.320460 0.408882 4.024991 0.000000
4.771825 0.713292 4.498153 0.000000
5.582767 1.254585 5.350261 0.000000
3.988412 0.154174 3.675058 0.000000
4.241635 0.327299 3.939591 0.000000
4.624579 0.585198 4.340622 0.000000
5.272143 1.015966 5.020312 0.000000
3.949645 0.100952 3.631899 0.000000
4.947494 0.864088 4.686049 0.000000
4.499222 0.474615 4.206472 0.000000
5.024122 0.823807 4.756912 0.000000
3.915426 0.051629 3.593591 0.000000
4.111939 0.187958 3.798735 0.000000
4.391639 0.378080 4.091283 0.000000
4.822465 0.665753 4.542754 0.000000
3.885301 0.005741 3.559636 0.000000
4.058229 0.127607 3.740210 0.000000
4.298491 0.292882 3.991477 0.000000
4.203014 0.421425 3.911684 0.000000
6.790998 2.603368 7.003282 0.000000
4.362710 0.604254 4.086570 0.000000
4.955126 1.026162 4.710545 0.000000
6.181655 1.894579 6.006043 0.000000
6.843031 2.513682 6.945676 0.000000
4.277256 0.507446 3.993052 0.000000
4.782422 0.862562 4.524172 0.000000
5.752628 1.539841 5.547137 0.000000
6.893692 2.423312 6.889457 0.000000
4.654644 0.532860 4.364558 0.000000
4.638239 0.723980 4.368504 0.000000
5.422302 1.264658 5.193837 0.000000
6.943099 2.332272 6.834506 0.000000
4.138389 0.344467 3.840705 0.000000
4.515664 0.604502 4.236108 0.000000
5.160127 1.044486 4.913455 0.000000
6.518329 1.965109 6.344339 0.000000
4.081870 0.275054 3.778469 0.000000
4.410895 0.500458 4.122849 0.000000
3.796429 -0.223751 3.449875 0.000000
3.767742 -0.220653 3.422471 0.000000
3.840928 -0.151188 3.500440 0.000000
3.933241 -0.069359 3.598380 0.000000
4.052187 0.029907 3.724206 0.000000
3.756627 -0.252737 3.408413 0.000000
3.817251 -0.188374 3.473678 0.000000
3.893601 -0.113990 3.555316 0.000000
3.991071 -0.025819 3.659031 0.000000
3.747344 -0.283792 3.396230 0.000000
4.121326 0.091260 3.797841 0.000000
3.858124 -0.155746 3.516619 0.000000
3.936777 -0.076844 3.601036 0.000000
3.740041 -0.313937 3.386052 0.000000
3.777971 -0.257605 3.428525 0.000000
3.826509 -0.194968 3.481952 0.000000
3.888372 -0.123882 3.549224 0.000000
3.734519 -0.343331 3.377667 0.000000
3.761813 -0.290140 3.409542 0.000000
3.798076 -0.232076 3.450605 0.000000
3.930773 -0.026206 3.600451 0.000000
3.858633 -0.037292 3.529349 0.000000
4.010617 0.072264 3.688182 0.000000
4.217238 0.216954 3.904334 0.000000
4.513654 0.419517 4.214822 0.000000
3.835107 -0.077811 3.502381 0.000000
3.968470 0.021239 3.641953 0.000000
4.145962 0.148742 3.827798 0.000000
4.393300 0.321345 4.086987 0.000000
3.814431 -0.116145 3.478412 0.000000
2.651024 1.816470 5.560231 0.000000
4.083062 0.086923 3.760152 0.000000
4.289745 0.235367 3.976955 0.000000
3.796494 -0.152552 3.457301 0.000000
3.897343 -0.070452 3.563450 0.000000
4.027137 0.030441 3.699908 0.000000
4.199868 0.159252 3.881403 0.000000
3.781079 -0.187290 3.438809 0.000000
3.867429 -0.112003 3.530159 0.000000
3.977591 -0.021385 3.646399 0.000000
1.305836 -0.128477 4.203083 0.000000
1.213695 -0.236068 4.096636 0.000000
1.251357 -0.210117 4.137836 0.000000
1.291402 -0.184728 4.181453 0.000000
1.180189 -0.229088 4.063766 0.000000
1.217262 -0.204259 4.104174 0.000000
1.256614 -0.180132 4.146873 0.000000
1.298454 -0.156672 4.192084 0.000000
1.182588 -0.195247 4.070387 0.000000
1.221249 -0.172210 4.112191 0.000000
1.262234 -0.149952 4.156323 0.000000
1.178191 -0.262624 4.057617 0.000000
1.185487 -0.160843 4.077611 0.000000
1.225639 -0.139899 4.120673 0.000000
1.268250 -0.119573 4.166219 0.000000
1.313607 -0.100154 4.214510 0.000000
1.188836 -0.126099 4.085360 0.000000
1.230489 -0.107053 4.129709 0.000000
1.274672 -0.088982 4.176571 0.000000
1.321696 -0.071925 4.226261 0.000000
1.192625 -0.091261 4.093591 0.000000
1.237732 -0.299312 4.113122 0.000000
1.201539 -0.392220 4.065441 0.000000
1.230411 -0.358153 4.098623 0.000000
1.261192 -0.324193 4.133798 0.000000
1.174353 -0.394182 4.037838 0.000000
1.203233 -0.361406 4.070828 0.000000
1.233906 -0.328674 4.105700 0.000000
1.266568 -0.296373 4.142605 0.000000
1.174712 -0.361648 4.042085 0.000000
1.205264 -0.330419 4.076606 0.000000
1.235744 -0.074168 4.139181 0.000000
1.272272 -0.268477 4.151774 0.000000
1.175472 -0.328890 4.046797 0.000000
1.207688 -0.299254 4.082829 0.000000
1.241893 -0.269810 4.120923 0.000000
1.278298 -0.240739 4.161271 0.000000
1.176613 -0.295884 4.051956 0.000000
1.210485 -0.267891 4.089482 0.000000
1.246454 -0.239923 4.129201 0.000000
1.284698 -0.212668 4.171206 0.000000
1.400410 0.160817 4.335757 0.000000
1.322021 0.100018 4.248634 0.000000
1.378323 0.101553 4.305750 0.000000
1.226022 0.128190 4.155546 0.000000
1.277194 0.131248 4.207468 0.000000
1.331497 0.132581 4.262429 0.000000
1.389182 0.131191 4.320564 0.000000
1.233552 0.166761 4.168178 0.000000
1.285930 0.167030 4.220948 0.000000
1.341397 0.165218 4.276672 0.000000
1.269079 0.096171 4.194719 0.000000
1.241623 0.205606 4.181404 0.000000
1.295185 0.203303 4.235027 0.000000
1.351870 0.198497 4.291586 0.000000
1.412161 0.190978 4.351554 0.000000
1.250296 0.245050 4.195330 0.000000
1.305056 0.240046 4.249800 0.000000
1.362855 0.232172 4.307076 0.000000
1.424300 0.221151 4.367751 0.000000
1.259709 0.285404 4.210130 0.000000
1.348304 0.014294 4.264162 0.000000
1.281485 -0.058152 4.187366 0.000000
1.330192 -0.043281 4.238492 0.000000
1.196904 -0.055773 4.102424 0.000000
1.241486 -0.040709 4.149240 0.000000
1.288723 -0.027080 4.198640 0.000000
1.339018 -0.014709 4.251060 0.000000
1.201692 -0.019888 4.111845 0.000000
1.247649 -0.007179 4.159751 0.000000
1.296374 0.004261 4.210381 0.000000
1.174416 -0.426512 4.034072 0.000000
1.206978 0.016427 4.121845 0.000000
1.254331 0.026970 4.170886 0.000000
1.304474 0.035876 4.222625 0.000000
1.357933 0.043244 4.277615 0.000000
1.212776 0.053199 4.132442 0.000000
1.261428 0.061237 4.182472 0.000000
1.313010 0.067793 4.235363 0.000000
1.367879 0.072163 4.291395 0.000000
1.219126 0.090440 4.143678 0.000000
1.215240 -0.734799 4.040525 0.000000
1.220013 -0.891084 4.029069 0.000000
1.218282 -0.841810 4.032359 0.000000
1.217774 -0.793146 4.036903 0.000000
1.218456 -0.744824 4.042696 0.000000
1.214439 -0.860849 4.026532 0.000000
1.214775 -0.812126 4.031899 0.000000
1.216361 -0.764060 4.038542 0.000000
1.219089 -0.716155 4.046404 0.000000
1.209203 -0.830378 4.024393 0.000000
1.211633 -0.782470 4.031836 0.000000
1.218173 -0.773592 4.039361 0.000000
1.220053 -0.687804 4.050441 0.000000
1.204344 -0.800130 4.022643 0.000000
1.208806 -0.752830 4.032119 0.000000
1.214461 -0.705815 4.042852 0.000000
1.221332 -0.659297 4.054844 0.000000
1.199822 -0.769620 4.021292 0.000000
1.206340 -0.723194 4.032798 0.000000
1.214032 -0.676866 4.045561 0.000000
1.222914 -0.631084 4.059548 0.000000
1.230856 -0.931153 4.035963 0.000000
1.253595 -1.042650 4.047932 0.000000
1.241000 -0.991083 4.040253 0.000000
1.229913 -0.940330 4.034096 0.000000
1.220259 -0.890355 4.029391 0.000000
1.246107 -1.012246 4.043331 0.000000
1.235736 -0.961075 4.037903 0.000000
1.226795 -0.910539 4.033938 0.000000
1.219229 -0.860838 4.031359 0.000000
1.239028 -0.981896 4.039167 0.000000
1.195678 -0.739073 4.020361 0.000000
1.224047 -0.881102 4.034147 0.000000
1.218534 -0.831470 4.033680 0.000000
1.232333 -0.951834 4.035391 0.000000
1.226307 -0.901312 4.034377 0.000000
1.221615 -0.851538 4.034717 0.000000
1.218190 -0.802470 4.036347 0.000000
1.226002 -0.921565 4.032032 0.000000
1.222133 -0.871534 4.033193 0.000000
1.219541 -0.822301 4.035645 0.000000
1.222036 -0.445509 4.079814 0.000000
1.198539 -0.544061 4.044741 0.000000
1.218086 -0.503434 4.069099 0.000000
1.239046 -0.463233 4.094912 0.000000
1.178453 -0.553334 4.023465 0.000000
1.198459 -0.513871 4.048112 0.000000
1.219875 -0.474616 4.074237 0.000000
1.242846 -0.435397 4.102006 0.000000
1.176887 -0.521923 4.025470 0.000000
1.198698 -0.483579 4.051848 0.000000
1.180421 -0.584618 4.021914 0.000000
1.246953 -0.407537 4.109440 0.000000
1.175676 -0.490364 4.027884 0.000000
1.199295 -0.453415 4.055962 0.000000
1.224470 -0.416555 4.085677 0.000000
1.251377 -0.379881 4.117195 0.000000
1.174859 -0.458406 4.030777 0.000000
1.200228 -0.422885 4.060487 0.000000
1.227290 -0.387287 4.091993 0.000000
1.256112 -0.351942 4.125321 0.000000
1.214607 -0.590329 4.055710 0.000000
1.204177 -0.693316 4.033841 0.000000
1.213881 -0.647936 4.048578 0.000000
1.224817 -0.602925 4.064600 0.000000
1.191900 -0.708241 4.019864 0.000000
1.202384 -0.663651 4.035265 0.000000
1.214082 -0.619249 4.051952 0.000000
1.227043 -0.574808 4.070001 0.000000
1.188484 -0.677580 4.019746 0.000000
1.200922 -0.633719 4.037085 0.000000
1.315397 0.277046 4.265089 0.000000
1.229568 -0.546720 4.075729 0.000000
1.185415 -0.646842 4.020022 0.000000
1.199774 -0.603973 4.039233 0.000000
1.215436 -0.561393 4.059806 0.000000
1.232411 -0.518884 4.081778 0.000000
1.182742 -0.615782 4.020767 0.000000
1.198989 -0.573936 4.041812 0.000000
1.216595 -0.532432 4.064268 0.000000
1.235578 -0.491060 4.088179 0.000000
2.004897 1.750021 5.202055 0.000000
1.963714 1.205083 5.093653 0.000000
1.868078 1.775383 5.068431 0.000000
1.912539 1.605468 5.091917 0.000000
1.955725 1.431584 5.113681 0.000000
1.998691 1.253076 5.134727 0.000000
1.916969 1.858677 5.127505 0.000000
1.957399 1.676527 5.145549 0.000000
1.996567 1.491396 5.161989 0.000000
2.034882 1.301867 5.177083 0.000000
1.969005 1.945412 5.190061 0.000000
1.916847 1.373515 5.067510 0.000000
2.039500 1.553063 5.212568 0.000000
2.069253 1.400211 5.293386 0.000000
2.024467 2.035789 5.256394 0.000000
2.051012 1.885871 5.334302 0.000000
2.080879 1.670511 5.338000 0.000000
2.110090 1.453348 5.340819 0.000000
2.080199 2.197271 5.401037 0.000000
2.105641 1.966908 5.398666 0.000000
2.129622 1.737796 5.394928 0.000000
1.738256 1.543426 4.909828 0.000000
1.818272 0.951984 4.859795 0.000000
1.663804 1.401972 4.817515 0.000000
1.721366 1.282550 4.860080 0.000000
1.779344 1.157481 4.902474 0.000000
1.838231 1.025274 4.945031 0.000000
1.699923 1.471511 4.862444 0.000000
1.755527 1.343130 4.901968 0.000000
1.811174 1.209164 4.940946 0.000000
1.867645 1.068617 4.980064 0.000000
2.152766 1.508026 5.390240 0.000000
1.791548 1.405567 4.945907 0.000000
1.844834 1.262594 4.981437 0.000000
1.898276 1.112922 5.016412 0.000000
1.778933 1.617935 4.959819 0.000000
1.829603 1.469879 4.992065 0.000000
1.880112 1.317532 5.023698 0.000000
1.930441 1.158682 5.054452 0.000000
1.822153 1.695168 5.012624 0.000000
1.869746 1.536342 5.040528 0.000000
2.628095 2.335261 5.601891 0.000000
2.627428 3.769744 6.868615 0.000000
2.487651 2.263789 5.568991 0.000000
2.466355 2.014808 5.577295 0.000000
2.440130 1.719577 5.522271 0.000000
2.731559 3.775196 6.839795 0.000000
2.549370 2.234710 5.511640 0.000000
2.520399 1.988778 5.519958 0.000000
2.491833 1.747716 5.536116 0.000000
2.835921 3.780502 6.813591 0.000000
2.386958 1.657561 5.461662 0.000000
2.578859 2.002381 5.513622 0.000000
2.538190 1.729553 5.487069 0.000000
2.940983 3.787313 6.791623 0.000000
2.930361 3.761547 7.169679 0.000000
2.648619 2.081391 5.588790 0.000000
2.589851 1.749406 5.491271 0.000000
3.046233 3.792305 6.770319 0.000000
3.031526 3.766573 7.145548 0.000000
2.723412 2.168111 5.673407 0.000000
2.286023 2.053735 5.408255 0.000000
2.144881 2.298109 5.477595 0.000000
2.163563 2.051163 5.466630 0.000000
2.180968 1.807375 5.454677 0.000000
2.197029 1.563804 5.441340 0.000000
2.214148 2.337770 5.487732 0.000000
2.224971 2.074343 5.462272 0.000000
2.234702 1.818257 5.438187 0.000000
2.243301 1.566587 5.415396 0.000000
2.283637 2.319937 5.437644 0.000000
1.748741 1.106641 4.865304 0.000000
2.287591 1.797470 5.382263 0.000000
2.288660 1.553050 5.367575 0.000000
2.413937 3.639340 6.807914 0.000000
2.351116 2.143093 5.483856 0.000000
2.344000 1.867200 5.443816 0.000000
2.336375 1.597707 5.403846 0.000000
2.523385 3.764146 6.899955 0.000000
2.420439 2.236537 5.564068 0.000000
2.403672 1.942499 5.512413 0.000000
1.361485 0.634946 4.358840 0.000000
1.440723 0.442993 4.413311 0.000000
1.507644 0.409016 4.476479 0.000000
1.331044 0.542280 4.315949 0.000000
1.391985 0.513254 4.373421 0.000000
1.455824 0.479721 4.433366 0.000000
1.523422 0.441658 4.496675 0.000000
1.345816 0.588123 4.336883 0.000000
1.407336 0.555025 4.394392 0.000000
1.471740 0.517340 4.454354 0.000000
1.539690 0.474421 4.517376 0.000000
1.377413 0.472239 4.353328 0.000000
1.423501 0.597592 4.416281 0.000000
1.488408 0.555558 4.476172 0.000000
1.556732 0.507897 4.538947 0.000000
1.378097 0.682807 4.381872 0.000000
1.440546 0.640974 4.439153 0.000000
1.505717 0.594090 4.498669 0.000000
1.574246 0.541576 4.561013 0.000000
1.395726 0.731738 4.406054 0.000000
1.458511 0.685214 4.463052 0.000000
1.463724 0.313792 4.419674 0.000000
1.374397 0.266249 4.323189 0.000000
1.436930 0.251610 4.384484 0.000000
1.269781 0.326434 4.225694 0.000000
1.326458 0.314869 4.281218 0.000000
1.386418 0.300467 4.339806 0.000000
1.450115 0.282675 4.401860 0.000000
1.280472 0.367853 4.241937 0.000000
1.338176 0.353259 4.298089 0.000000
1.399078 0.335442 4.357171 0.000000
1.523928 0.633644 4.522198 0.000000
1.291969 0.410324 4.259136 0.000000
1.350552 0.392265 4.315707 0.000000
1.412357 0.370885 4.375223 0.000000
1.477735 0.344987 4.437903 0.000000
1.304214 0.453588 4.277194 0.000000
1.363612 0.431921 4.334101 0.000000
1.426165 0.406527 4.393836 0.000000
1.492414 0.376807 4.456888 0.000000
1.317180 0.497325 4.296041 0.000000
1.567360 1.206172 4.695969 0.000000
1.694614 0.755459 4.710124 0.000000
1.511557 1.084709 4.624384 0.000000
1.587972 0.971856 4.630626 0.000000
1.651695 0.886165 4.683662 0.000000
1.717589 0.793478 4.738166 0.000000
1.538756 1.144789 4.659409 0.000000
1.601162 1.056074 4.710608 0.000000
1.676636 0.931561 4.714598 0.000000
1.741269 0.831866 4.766946 0.000000
1.627829 0.841784 4.653914 0.000000
1.628824 1.110350 4.745336 0.000000
1.691817 1.009032 4.795685 0.000000
1.765857 0.871018 4.796718 0.000000
1.597648 1.269435 4.734414 0.000000
1.658239 1.166446 4.782022 0.000000
1.719730 1.057471 4.829912 0.000000
1.791449 0.910901 4.827573 0.000000
1.629783 1.334616 4.774908 0.000000
1.688953 1.223717 4.820121 0.000000
1.455238 0.885610 4.486074 0.000000
1.592571 0.576048 4.583991 0.000000
1.414425 0.781800 4.431443 0.000000
1.477387 0.730410 4.487980 0.000000
1.542835 0.673568 4.546465 0.000000
1.611437 0.610739 4.607533 0.000000
1.434251 0.833058 4.458102 0.000000
1.497303 0.776533 4.514057 0.000000
1.562759 0.714573 4.571884 0.000000
1.631045 0.645943 4.631880 0.000000
6.825108 2.079156 6.944188 0.000000
1.518254 0.823689 4.541292 0.000000
1.583444 0.756008 4.598109 0.000000
1.651544 0.682058 4.657230 0.000000
1.477478 0.939502 4.515453 0.000000
1.540323 0.871905 4.569767 0.000000
1.605219 0.798645 4.625568 0.000000
1.672659 0.718461 4.683222 0.000000
1.486089 1.026699 4.591328 0.000000
1.563541 0.921272 4.599522 0.000000
4.426692 -2.809761 4.623511 0.000000
4.720887 -2.599221 4.329371 0.000000
4.361571 -2.716005 4.692377 0.000000
4.481602 -2.701809 4.570239 0.000000
4.593687 -2.684139 4.456515 0.000000
4.699224 -2.663697 4.349724 0.000000
4.332445 -2.763645 4.720925 0.000000
4.454576 -2.755715 4.596432 0.000000
4.568820 -2.743791 4.480312 0.000000
4.676349 -2.729154 4.371299 0.000000
4.302509 -2.811138 4.750318 0.000000
4.617578 -2.624757 4.433719 0.000000
4.542994 -2.803765 4.505093 0.000000
4.652607 -2.794627 4.393771 0.000000
4.271852 -2.858638 4.780457 0.000000
4.398151 -2.863501 4.651279 0.000000
4.516184 -2.864065 4.530880 0.000000
4.627788 -2.860610 4.417338 0.000000
4.240626 -2.905615 4.811203 0.000000
4.368429 -2.917719 4.680254 0.000000
4.488329 -2.924642 4.557739 0.000000
4.444946 -2.571919 4.610929 0.000000
4.500425 -2.074096 4.017305 0.000000
4.319721 -2.324543 4.390250 0.000000
4.418494 -2.286449 4.290606 0.000000
4.510368 -2.246971 4.198222 0.000000
4.596615 -2.206111 4.111770 0.000000
4.296079 -2.369180 4.413270 0.000000
4.397421 -2.335670 4.310845 0.000000
4.491812 -2.300245 4.215752 0.000000
4.580394 -2.263463 4.126780 0.000000
4.601611 -2.927560 4.442277 0.000000
4.557565 -2.540740 4.496942 0.000000
4.472323 -2.354217 4.234231 0.000000
4.563183 -2.321673 4.142794 0.000000
4.417815 -2.620140 4.637385 0.000000
4.533079 -2.594320 4.520511 0.000000
4.640377 -2.566150 4.412029 0.000000
4.741344 -2.535664 4.310237 0.000000
4.389970 -2.668325 4.664585 0.000000
4.507751 -2.647995 4.544950 0.000000
4.224822 -3.421348 4.814114 0.000000
4.036516 -3.185258 5.013070 0.000000
4.171065 -3.243827 4.873713 0.000000
4.297942 -3.295056 4.742637 0.000000
4.418680 -3.340844 4.618177 0.000000
3.999757 -3.231161 5.049563 0.000000
4.134703 -3.298368 4.909522 0.000000
4.261865 -3.358281 4.777878 0.000000
4.383593 -3.411472 4.652163 0.000000
3.962452 -3.276631 5.086634 0.000000
4.097249 -3.352949 4.946454 0.000000
4.452624 -3.270197 4.585363 0.000000
3.303225 -2.038865 3.553552 0.000000
3.923940 -3.322351 5.124940 0.000000
4.058737 -3.407710 4.984467 0.000000
3.227714 -2.048812 3.644715 0.000000
3.258192 -2.038797 3.543751 0.000000
3.884832 -3.367554 5.163874 0.000000
4.019051 -3.462421 5.023687 0.000000
3.186300 -2.048972 3.637516 0.000000
3.214416 -2.038812 3.535087 0.000000
4.274175 -3.080281 4.772433 0.000000
4.208354 -2.952901 4.843022 0.000000
4.338060 -2.971680 4.709905 0.000000
4.459404 -2.985493 4.585692 0.000000
4.574281 -2.995041 4.468388 0.000000
4.175530 -2.999709 4.875426 0.000000
4.306489 -3.026169 4.740780 0.000000
4.429455 -3.046733 4.614689 0.000000
4.545766 -3.063062 4.495702 0.000000
4.141905 -3.046457 4.908662 0.000000
4.528304 -2.193549 4.181345 0.000000
4.398347 -3.108191 4.644873 0.000000
4.515996 -3.131573 4.524293 0.000000
4.107694 -3.092658 4.942518 0.000000
4.240667 -3.135035 4.805298 0.000000
4.365905 -3.170528 4.676405 0.000000
4.484936 -3.200576 4.554194 0.000000
4.072391 -3.139205 4.977491 0.000000
4.206357 -3.189338 4.839004 0.000000
4.332528 -3.232657 4.708904 0.000000
5.175928 -2.034449 4.601929 0.000000
4.004886 -1.174059 3.550796 0.000000
3.825489 -1.050519 3.390292 0.000000
4.784423 -1.719173 4.252420 0.000000
4.337800 -1.422287 3.847995 0.000000
4.051153 -1.229188 3.589739 0.000000
3.851415 -1.092606 3.410776 0.000000
4.962850 -1.863688 4.411529 0.000000
4.430749 -1.509411 3.929265 0.000000
4.103065 -1.289084 3.633693 0.000000
3.880219 -1.136993 3.433815 0.000000
4.256581 -1.344523 3.777237 0.000000
4.537803 -1.608319 4.023125 0.000000
4.161673 -1.354640 3.683595 0.000000
3.912831 -1.184818 3.460190 0.000000
5.436833 -2.241589 4.835501 0.000000
4.661361 -1.720488 4.131789 0.000000
4.227857 -1.426787 3.740214 0.000000
3.949547 -1.236244 3.490179 0.000000
5.762589 -2.498296 5.127600 0.000000
4.805933 -1.849912 4.259264 0.000000
3.765214 -0.937968 3.344338 0.000000
3.838152 -0.950803 3.413494 0.000000
3.736870 -0.871529 3.324230 0.000000
4.214647 -1.239554 3.747817 0.000000
4.013227 -1.097863 3.567250 0.000000
3.864425 -0.989980 3.434653 0.000000
3.750041 -0.904212 3.333375 0.000000
4.299162 -1.313624 3.822151 0.000000
4.064115 -1.151756 3.610832 0.000000
3.894055 -1.031786 3.458794 0.000000
4.302701 -1.506653 3.804501 0.000000
4.395470 -1.396177 3.907157 0.000000
4.120992 -1.210326 3.659776 0.000000
3.926895 -1.075897 3.485815 0.000000
3.782645 -0.973499 3.357293 0.000000
4.506060 -1.489458 4.005046 0.000000
4.184338 -1.273882 3.714526 0.000000
3.963880 -1.123417 3.516509 0.000000
3.802940 -1.011177 3.372788 0.000000
4.634161 -1.595965 4.118732 0.000000
4.403115 -2.201726 4.339385 0.000000
4.297856 -1.665328 3.782366 0.000000
4.488771 -2.140718 4.336156 0.000000
4.575636 -2.081694 4.249440 0.000000
4.618491 -1.999127 4.141203 0.000000
4.387961 -1.768010 3.859147 0.000000
4.467450 -2.187626 4.356645 0.000000
4.557546 -2.131715 4.266510 0.000000
4.641048 -2.076051 4.183254 0.000000
4.493395 -1.885968 3.949338 0.000000
4.662639 -1.964172 4.149772 0.000000
4.538655 -2.182266 4.284399 0.000000
4.625049 -2.129713 4.198075 0.000000
4.506426 -1.953642 3.977954 0.000000
4.365196 -2.234690 4.346117 0.000000
4.466166 -2.193458 4.258543 0.000000
4.608183 -2.184060 4.213781 0.000000
4.408352 -1.951815 3.929373 0.000000
4.342706 -2.279841 4.367916 0.000000
4.438834 -2.237318 4.271129 0.000000
4.879530 -2.207387 4.549268 0.000000
3.991304 -1.292320 3.524585 0.000000
6.180393 -2.825446 5.502777 0.000000
4.976644 -2.001013 4.410130 0.000000
4.388299 -1.595976 3.878325 0.000000
4.037954 -1.352797 3.563304 0.000000
4.993893 -2.208896 4.603310 0.000000
5.181470 -2.180348 4.591533 0.000000
4.486819 -1.696767 3.963608 0.000000
4.090982 -1.419435 3.607597 0.000000
3.844813 -3.412649 5.203750 0.000000
5.095134 -2.202631 4.558043 0.000000
4.600479 -1.811311 4.062293 0.000000
4.151111 -1.492840 3.658117 0.000000
4.579418 -2.079772 4.339094 0.000000
4.973347 -2.200766 4.497176 0.000000
4.733469 -1.943256 4.178113 0.000000
4.219559 -1.574276 3.715927 0.000000
4.509281 -2.094113 4.316505 0.000000
4.659994 -2.073362 4.285193 0.000000
2.252424 -2.248882 4.237750 0.000000
2.316828 -2.209234 3.846345 0.000000
2.304255 -2.196676 3.714158 0.000000
2.314961 -2.243586 4.203176 0.000000
2.297963 -2.226376 4.017054 0.000000
2.282927 -2.211843 3.861921 0.000000
2.269078 -2.199329 3.729547 0.000000
2.283658 -2.246197 4.220101 0.000000
2.265156 -2.229051 4.033812 0.000000
2.248872 -2.214571 3.878519 0.000000
2.233913 -2.222908 3.763133 0.000000
2.330591 -2.223799 4.001156 0.000000
2.232443 -2.231823 4.051502 0.000000
2.214624 -2.217421 3.896173 0.000000
2.197624 -2.249158 3.800307 0.000000
2.220694 -2.251689 4.256450 0.000000
2.199214 -2.234722 4.070250 0.000000
2.179862 -2.220414 3.915002 0.000000
2.160087 -2.275214 3.838752 0.000000
2.188959 -2.254567 4.275847 0.000000
2.165724 -2.237742 4.090079 0.000000
2.409256 -2.189440 3.673983 0.000000
2.485268 -2.197815 3.782405 0.000000
2.478962 -2.185198 3.651988 0.000000
2.468931 -2.231876 4.130604 0.000000
2.459918 -2.214520 3.946581 0.000000
2.451592 -2.199888 3.793376 0.000000
2.443953 -2.187271 3.662562 0.000000
2.438204 -2.234060 4.143665 0.000000
2.427601 -2.216702 3.958997 0.000000
2.417948 -2.202064 3.805245 0.000000
2.145081 -2.223511 3.934777 0.000000
2.407411 -2.236321 4.157420 0.000000
2.395239 -2.218972 3.972177 0.000000
2.384302 -2.204347 3.818033 0.000000
2.374308 -2.191737 3.686428 0.000000
2.376800 -2.238648 4.171833 0.000000
2.362839 -2.221349 3.986321 0.000000
2.350604 -2.206734 3.831707 0.000000
2.339318 -2.194147 3.699795 0.000000
2.345817 -2.241082 4.187160 0.000000
1.920840 -2.281773 4.469262 0.000000
1.923208 -2.326975 4.009604 0.000000
1.990865 -2.274209 4.413908 0.000000
1.957664 -2.258452 4.232517 0.000000
1.927794 -2.246355 4.080950 0.000000
1.882019 -2.331293 4.039163 0.000000
1.955992 -2.277938 4.441061 0.000000
1.921398 -2.262379 4.260617 0.000000
1.887315 -2.262914 4.122617 0.000000
1.840099 -2.335796 4.070375 0.000000
1.965443 -2.241096 4.052140 0.000000
1.884215 -2.266501 4.290455 0.000000
1.845432 -2.278973 4.165732 0.000000
1.797387 -2.340499 4.103393 0.000000
1.885069 -2.285751 4.498811 0.000000
1.846645 -2.270753 4.321564 0.000000
1.802795 -2.294194 4.209629 0.000000
1.753807 -2.345411 4.138321 0.000000
1.848643 -2.289887 4.529854 0.000000
1.808030 -2.275218 4.354598 0.000000
2.091595 -2.263880 4.340189 0.000000
2.121288 -2.300957 3.878483 0.000000
2.156945 -2.257556 4.296269 0.000000
2.132183 -2.240850 4.110740 0.000000
2.109994 -2.226747 3.955783 0.000000
2.082364 -2.311421 3.906647 0.000000
2.124591 -2.260648 4.317612 0.000000
2.098043 -2.244117 4.132788 0.000000
2.074521 -2.230113 3.977900 0.000000
2.043420 -2.315058 3.930202 0.000000
2.492235 -2.212430 3.934971 0.000000
2.063778 -2.247479 4.155736 0.000000
2.038649 -2.233627 4.001351 0.000000
2.003998 -2.318850 3.955107 0.000000
2.058461 -2.267196 4.363576 0.000000
2.028809 -2.251006 4.180127 0.000000
2.002307 -2.237286 4.026077 0.000000
1.964062 -2.322815 3.981542 0.000000
2.024903 -2.270639 4.388156 0.000000
1.993645 -2.254642 4.205565 0.000000
2.955291 -2.167351 3.593320 0.000000
2.961679 -2.108951 3.779451 0.000000
3.018930 -2.177622 3.716141 0.000000
3.035556 -2.165972 3.597226 0.000000
2.889842 -2.079608 3.890088 0.000000
2.938548 -2.135891 3.803014 0.000000
2.980224 -2.178382 3.714840 0.000000
2.994903 -2.166622 3.594810 0.000000
2.858565 -2.080663 3.892908 0.000000
2.914954 -2.162674 3.827053 0.000000
2.942164 -2.179224 3.714409 0.000000
2.921520 -2.078614 3.887897 0.000000
2.833884 -2.097589 3.911938 0.000000
2.890679 -2.189425 3.851792 0.000000
2.904688 -2.180143 3.714780 0.000000
2.916063 -2.168173 3.592720 0.000000
2.810708 -2.118722 3.935681 0.000000
2.857294 -2.195026 3.858350 0.000000
2.868032 -2.181133 3.715936 0.000000
2.877455 -2.169078 3.592957 0.000000
2.786787 -2.139911 3.960192 0.000000
3.087712 -2.084299 3.649781 0.000000
3.118305 -2.060921 3.749366 0.000000
3.146194 -2.049201 3.631278 0.000000
3.188008 -2.064471 3.547004 0.000000
3.803863 -3.457629 5.244586 0.000000
3.081255 -2.061398 3.745804 0.000000
3.108635 -2.052799 3.628597 0.000000
3.167533 -2.100538 3.567622 0.000000
3.761961 -3.502485 5.286404 0.000000
3.045224 -2.061937 3.743043 0.000000
2.822769 -2.196213 3.861568 0.000000
3.146262 -2.136953 3.589049 0.000000
2.986216 -2.076804 3.885423 0.000000
3.009574 -2.062543 3.740995 0.000000
3.065902 -2.116215 3.671868 0.000000
3.119003 -2.164924 3.604774 0.000000
2.953633 -2.077680 3.886341 0.000000
2.983976 -2.082221 3.756744 0.000000
3.043333 -2.148254 3.694734 0.000000
3.077004 -2.165404 3.600533 0.000000
2.584416 -2.179626 3.625633 0.000000
2.655308 -2.188890 3.740036 0.000000
2.655613 -2.176418 3.612372 0.000000
2.622981 -2.222111 4.075945 0.000000
2.621943 -2.204974 3.896624 0.000000
2.620956 -2.190490 3.746883 0.000000
2.620015 -2.177964 3.618524 0.000000
2.591852 -2.223927 4.085567 0.000000
2.589293 -2.206717 3.905110 0.000000
2.586809 -2.192178 3.754513 0.000000
2.654765 -2.203318 3.888938 0.000000
2.561073 -2.225804 4.095814 0.000000
2.556759 -2.208537 3.914287 0.000000
2.552840 -2.193963 3.762987 0.000000
2.549275 -2.181367 3.633462 0.000000
2.530338 -2.227750 4.106694 0.000000
2.524334 -2.210448 3.924283 0.000000
2.519001 -2.195839 3.772263 0.000000
2.514052 -2.183229 3.642276 0.000000
2.499647 -2.229779 4.118352 0.000000
2.764599 -2.172334 3.598854 0.000000
2.831599 -2.182218 3.717983 0.000000
2.839423 -2.170071 3.594069 0.000000
2.762518 -2.160860 3.985064 0.000000
2.788625 -2.197478 3.865566 0.000000
2.795599 -2.183378 3.720755 0.000000
2.801916 -2.171155 3.596046 0.000000
2.737685 -2.181709 4.010518 0.000000
2.754812 -2.198818 3.870284 0.000000
2.760024 -2.184630 3.724405 0.000000
3.967883 -1.048076 3.528648 0.000000
2.712276 -2.202447 4.036565 0.000000
2.721036 -2.200249 3.875817 0.000000
2.724808 -2.185964 3.728827 0.000000
2.727991 -2.173597 3.602497 0.000000
2.685344 -2.218710 4.058815 0.000000
2.687781 -2.201742 3.881984 0.000000
2.689912 -2.187382 3.734018 0.000000
2.691767 -2.174955 3.606989 0.000000
2.653958 -2.220381 4.067071 0.000000
6.759680 3.694659 7.092458 0.000000
6.297771 3.523453 7.555469 0.000000
6.528943 3.912792 6.832130 0.000000
6.593183 3.890437 7.179602 0.000000
6.495852 3.689512 7.361510 0.000000
6.355231 3.434134 7.492214 0.000000
6.723165 3.915349 6.897405 0.000000
6.699999 3.814893 7.159464 0.000000
6.555009 3.584576 7.295771 0.000000
6.411213 3.344742 7.430478 0.000000
6.908231 3.901309 6.951436 0.000000
6.434768 3.794887 7.429253 0.000000
6.612314 3.479792 7.231943 0.000000
6.465833 3.255573 7.370155 0.000000
6.211519 3.080531 6.166667 0.000000
6.817112 3.574952 7.027786 0.000000
6.667717 3.375324 7.170085 0.000000
6.519036 3.166319 7.311288 0.000000
5.669342 2.455535 5.566855 0.000000
6.872352 3.455768 6.965392 0.000000
6.721493 3.271215 7.109920 0.000000
5.989005 3.904443 6.666412 0.000000
5.125937 2.940703 6.634525 0.000000
5.659630 3.898383 6.578023 0.000000
5.753976 3.877702 6.922010 0.000000
5.867366 3.854487 7.310874 0.000000
6.005473 3.827935 7.758189 0.000000
5.821644 3.901458 6.620228 0.000000
5.910740 3.880453 6.965200 0.000000
6.018495 3.856908 7.354918 0.000000
6.116033 3.792094 7.754889 0.000000
6.570835 3.077238 7.253878 0.000000
6.072647 3.883104 7.012371 0.000000
6.174349 3.859242 7.402521 0.000000
6.178160 3.702506 7.686822 0.000000
6.162405 3.907337 6.716872 0.000000
6.240062 3.885661 7.063576 0.000000
6.335283 3.861484 7.453881 0.000000
6.238702 3.612854 7.620381 0.000000
6.342117 3.910120 6.771985 0.000000
6.413326 3.888106 7.119200 0.000000
4.581384 0.899681 4.333869 0.000000
4.306914 0.847053 4.059669 0.000000
4.916669 1.256758 4.700262 0.000000
6.117477 2.057784 5.965036 0.000000
6.854655 2.542355 6.937235 0.000000
4.203622 0.718498 3.945247 0.000000
4.732865 1.062155 4.499438 0.000000
5.718278 1.697057 5.534181 0.000000
6.897593 2.452963 6.888960 0.000000
4.115862 0.607249 3.847941 0.000000
6.810428 2.631538 6.986831 0.000000
5.407707 1.414458 5.198999 0.000000
6.939479 2.363606 6.841778 0.000000
4.040737 0.509867 3.764524 0.000000
4.454586 0.761643 4.195201 0.000000
5.159784 1.186842 4.931409 0.000000
6.635960 2.070687 6.476270 0.000000
3.975849 0.423722 3.692353 0.000000
4.346918 0.642572 4.077379 0.000000
4.957468 0.999336 4.713026 0.000000
5.797999 2.171280 5.663057 0.000000
5.280499 2.004233 5.136714 0.000000
6.925529 3.337203 6.905150 0.000000
6.773458 3.167405 7.051634 0.000000
6.621343 2.988165 7.197798 0.000000
4.987714 1.661943 4.812871 0.000000
6.296638 2.681754 6.207822 0.000000
6.823734 3.063727 6.995093 0.000000
6.670519 2.898995 7.143088 0.000000
4.759861 1.393237 4.560860 0.000000
5.720676 3.851970 7.270388 0.000000
6.872352 2.960438 6.940281 0.000000
6.718419 2.809896 7.089700 0.000000
4.578019 1.176424 4.359706 0.000000
5.428333 1.790249 5.259215 0.000000
6.919353 2.857270 6.887140 0.000000
6.765036 2.720689 7.037631 0.000000
4.429726 0.997473 4.195626 0.000000
5.142613 1.493701 4.947114 0.000000
6.648339 2.534682 6.538047 0.000000
3.906055 3.850996 6.327731 0.000000
3.883811 3.804871 6.991268 0.000000
4.089641 3.784089 7.400431 0.000000
3.674779 3.842551 6.329534 0.000000
3.821040 3.826687 6.639235 0.000000
3.991579 3.808543 6.993592 0.000000
4.194375 3.787344 7.407012 0.000000
3.789554 3.846814 6.327429 0.000000
3.933144 3.830636 6.640171 0.000000
4.100811 3.812140 6.997953 0.000000
4.300433 3.790539 7.415296 0.000000
3.710433 3.822652 6.640598 0.000000
4.046885 3.834501 6.643441 0.000000
4.211580 3.815653 7.004541 0.000000
4.408002 3.793653 7.425660 0.000000
4.024360 3.855094 6.330486 0.000000
4.162410 3.838283 6.649088 0.000000
4.324073 3.819093 7.013242 0.000000
4.517070 3.796695 7.437958 0.000000
4.144692 3.859124 6.335603 0.000000
4.279810 3.842002 6.656862 0.000000
3.815924 3.866173 7.499185 0.000000
3.373835 3.828922 7.056756 0.000000
3.135404 2.353136 5.747860 0.000000
3.120906 3.819969 6.374289 0.000000
3.280363 3.805679 6.667526 0.000000
4.590877 7.707630 11.188895 0.000000
3.682163 3.770311 7.392562 0.000000
3.229470 3.824668 6.360784 0.000000
3.386270 3.810060 6.657490 0.000000
3.567890 3.793368 6.996568 0.000000
4.438432 3.822464 7.024100 0.000000
3.338935 3.829276 6.349459 0.000000
3.493161 3.814346 6.649673 0.000000
3.672040 3.797284 6.992779 0.000000
3.352390 2.398138 5.790286 0.000000
3.449573 3.833784 6.340575 0.000000
3.601155 3.818538 6.644086 0.000000
3.777297 3.801121 6.990953 0.000000
3.986160 3.780760 7.395699 0.000000
3.561464 3.838210 6.333881 0.000000
5.203000 3.888616 6.474313 0.000000
5.212956 3.813573 7.554790 0.000000
4.184330 2.677496 5.320331 0.000000
4.283631 2.687299 5.587961 0.000000
4.378353 2.663005 5.858782 0.000000
4.469005 2.602791 6.132199 0.000000
4.234654 2.599838 5.264369 0.000000
4.297452 2.561250 5.478963 0.000000
4.391474 2.546580 5.749984 0.000000
4.515699 2.544117 6.081096 0.000000
4.469288 2.948029 6.150747 0.000000
5.310819 3.868936 6.813529 0.000000
5.007689 3.258457 6.552387 0.000000
4.708246 2.675626 6.260818 0.000000
5.350764 3.891951 6.505424 0.000000
5.454325 3.871945 6.846267 0.000000
5.410553 3.630375 6.990799 0.000000
4.815815 2.688877 6.300515 0.000000
5.502859 3.895207 6.539936 0.000000
5.601951 3.874865 6.882426 0.000000
4.437647 3.713673 6.224486 0.000000
4.627906 3.799682 7.452071 0.000000
4.267174 3.863074 6.343277 0.000000
4.399436 3.845633 6.667271 0.000000
4.554745 3.825750 7.037323 0.000000
4.740622 3.802591 7.468390 0.000000
4.392082 3.866948 6.353578 0.000000
4.521213 3.849191 6.680069 0.000000
4.673225 3.828967 7.052819 0.000000
4.855276 3.805442 7.486611 0.000000
6.153813 1.692993 5.961822 0.000000
4.645507 3.852679 6.695341 0.000000
4.794072 3.832105 7.070816 0.000000
4.972188 3.808217 7.507168 0.000000
4.364192 3.355552 5.911351 0.000000
4.459188 3.316436 6.181077 0.000000
4.917291 3.835179 7.091048 0.000000
5.091274 3.810921 7.529913 0.000000
4.279550 3.010169 5.610172 0.000000
4.376217 2.996524 5.879384 0.000000
3.724355 -0.507904 3.351370 0.000000
3.660908 -0.539485 3.286871 0.000000
3.699874 -0.497288 3.328893 0.000000
3.746775 -0.452636 3.378870 0.000000
3.642708 -0.608635 3.261970 0.000000
3.666624 -0.567113 3.289428 0.000000
3.697132 -0.524750 3.323331 0.000000
3.734672 -0.480525 3.364232 0.000000
3.658291 -0.637694 3.273844 0.000000
3.674090 -0.595020 3.293632 0.000000
3.695980 -0.551886 3.319329 0.000000
3.629015 -0.580044 3.251862 0.000000
3.676012 -0.667586 3.287689 0.000000
3.683249 -0.623321 3.299420 0.000000
3.696399 -0.579237 3.316812 0.000000
3.715626 -0.534944 3.340074 0.000000
3.695918 -0.698465 3.303535 0.000000
3.694120 -0.651920 3.306821 0.000000
3.698398 -0.606693 3.315799 0.000000
3.708669 -0.561924 3.330488 0.000000
3.718184 -0.730509 3.321538 0.000000
3.717517 -0.413487 3.354776 0.000000
3.655720 -0.401594 3.296475 0.000000
3.737933 -0.355050 3.380635 0.000000
3.837199 -0.301713 3.482211 0.000000
3.592116 -0.470114 3.228092 0.000000
3.653649 -0.429555 3.291536 0.000000
3.726813 -0.384611 3.366790 0.000000
3.814767 -0.333904 3.457114 0.000000
3.598810 -0.497232 3.231652 0.000000
3.653056 -0.457223 3.288044 0.000000
3.706869 -0.681384 3.315935 0.000000
3.794610 -0.364940 3.434350 0.000000
3.607100 -0.524573 3.236713 0.000000
3.654032 -0.484701 3.286075 0.000000
3.709966 -0.441815 3.344502 0.000000
3.776694 -0.394972 3.413864 0.000000
3.617148 -0.552204 3.243427 0.000000
3.656687 -0.512016 3.285731 0.000000
3.704101 -0.469711 3.335893 0.000000
3.760747 -0.424161 3.395374 0.000000
3.709230 -0.780334 3.307500 0.000000
3.744975 -0.779704 3.342058 0.000000
3.699502 -0.723678 3.304265 0.000000
3.915813 -0.959093 3.487842 0.000000
3.828586 -0.879549 3.412014 0.000000
3.759246 -0.811426 3.352391 0.000000
3.703511 -0.751602 3.305104 0.000000
3.963055 -1.006409 3.528514 0.000000
3.857981 -0.917999 3.436278 0.000000
3.775359 -0.844010 3.364412 0.000000
3.801945 -0.842764 3.390248 0.000000
4.015411 -1.057172 3.573821 0.000000
3.890869 -0.958745 3.463695 0.000000
3.793813 -0.877930 3.378552 0.000000
3.716628 -0.809765 3.311433 0.000000
4.074078 -1.112389 3.624826 0.000000
3.927496 -1.002104 3.494476 0.000000
3.814655 -0.913363 3.394843 0.000000
3.725901 -0.840284 3.317055 0.000000
4.140069 -1.172856 3.682446 0.000000
3.697005 -0.641981 3.310669 0.000000
3.701991 -0.634363 3.316293 0.000000
3.703200 -0.588504 3.322375 0.000000
3.743137 -0.763934 3.341995 0.000000
3.721484 -0.711406 3.326788 0.000000
3.707150 -0.662133 3.318280 0.000000
3.699323 -0.615229 3.315776 0.000000
3.770791 -0.798697 3.364927 0.000000
3.738223 -0.742594 3.339565 0.000000
3.714005 -0.690563 3.321825 0.000000
3.587088 -0.442969 3.226128 0.000000
3.801515 -0.835282 3.390646 0.000000
3.757060 -0.774643 3.354275 0.000000
3.722567 -0.719552 3.326952 0.000000
3.696342 -0.668875 3.307136 0.000000
3.835648 -0.873978 3.419455 0.000000
3.778235 -0.807965 3.371113 0.000000
3.732785 -0.749209 3.333600 0.000000
3.697107 -0.695992 3.304949 0.000000
3.873588 -0.915118 3.451710 0.000000
4.125171 0.182293 3.812699 0.000000
3.727089 0.055903 3.412818 0.000000
3.945020 0.165583 3.635595 0.000000
4.255346 0.319805 3.954070 0.000000
4.734466 0.555203 4.447432 0.000000
3.701516 0.010569 3.383424 0.000000
3.903447 0.110140 3.589438 0.000000
4.186391 0.247735 3.879234 0.000000
4.611385 0.451998 4.316019 0.000000
3.679093 -0.031862 3.357395 0.000000
3.866711 0.058976 3.548462 0.000000
4.877556 0.673507 4.600153 0.000000
4.504768 0.361029 4.202109 0.000000
3.659557 -0.071717 3.334439 0.000000
3.834097 0.011442 3.511898 0.000000
4.071096 0.122602 3.753782 0.000000
4.411240 0.279948 4.102130 0.000000
3.642608 -0.109402 3.314215 0.000000
3.805306 -0.032887 3.479397 0.000000
4.022880 0.067731 3.701121 0.000000
4.328892 0.207155 4.014028 0.000000
4.105693 0.365469 3.812846 0.000000
3.919574 0.346829 3.629613 0.000000
4.254652 0.538693 3.976323 0.000000
4.789581 0.841885 4.531756 0.000000
5.781825 1.399739 5.564937 0.000000
3.870304 0.277546 3.574546 0.000000
4.174999 0.447049 3.888967 0.000000
4.648053 0.707504 4.378901 0.000000
5.485371 1.164462 5.248670 0.000000
3.827277 0.214768 3.526280 0.000000
3.628055 -0.145177 3.296505 0.000000
4.527616 0.591392 4.248753 0.000000
5.244601 0.971738 4.991803 0.000000
3.789590 0.157437 3.483809 0.000000
4.045043 0.292222 3.746106 0.000000
4.424102 0.489861 4.136807 0.000000
5.045113 0.810474 4.778958 0.000000
3.756365 0.104726 3.446182 0.000000
3.991843 0.225961 3.687414 0.000000
4.334142 0.400046 4.039441 0.000000
3.782903 -0.260868 3.433968 0.000000
3.692047 -0.252855 3.347052 0.000000
3.824150 -0.191765 3.481110 0.000000
3.992734 -0.115894 3.652584 0.000000
3.582907 -0.332265 3.233708 0.000000
3.681140 -0.284247 3.333261 0.000000
3.802330 -0.227080 3.456296 0.000000
3.954956 -0.157211 3.611557 0.000000
3.581502 -0.360506 3.229414 0.000000
3.672208 -0.314668 3.321473 0.000000
3.585981 -0.303435 3.239661 0.000000
3.920834 -0.196152 3.574354 0.000000
3.581834 -0.388279 3.226827 0.000000
3.665057 -0.344271 3.311486 0.000000
3.765794 -0.293343 3.414026 0.000000
3.889984 -0.233054 3.540561 0.000000
3.583601 -0.415732 3.225645 0.000000
3.659508 -0.373211 3.303105 0.000000
3.750849 -0.324682 3.396299 0.000000
3.862240 -0.268162 3.509988 0.000000
3.906923 -0.074244 3.573623 0.000000
3.779654 -0.074547 3.450237 0.000000
3.979773 0.016993 3.653904 0.000000
4.256200 0.141360 3.936158 0.000000
3.615718 -0.179299 3.281108 0.000000
3.757105 -0.113797 3.424349 0.000000
3.941445 -0.030141 3.611742 0.000000
4.191262 0.081291 3.866516 0.000000
3.605452 -0.211997 3.267852 0.000000
3.737358 -0.150987 3.401397 0.000000
1.759115 -2.308572 4.254609 0.000000
4.133409 0.026209 3.804357 0.000000
3.597134 -0.243470 3.256598 0.000000
3.719963 -0.186414 3.380911 0.000000
3.876235 -0.115615 3.539534 0.000000
4.081362 -0.024668 3.748343 0.000000
3.590677 -0.273879 3.247241 0.000000
3.704951 -0.220292 3.362894 0.000000
3.848691 -0.154709 3.508752 0.000000
4.034753 -0.071842 3.698050 0.000000
2.204949 1.676556 5.461234 0.000000
1.924890 1.721019 5.118513 0.000000
2.015203 1.617477 5.196137 0.000000
2.107968 1.557258 5.351342 0.000000
2.212256 1.430824 5.440138 0.000000
1.973722 1.798653 5.176845 0.000000
2.059036 1.741592 5.324795 0.000000
2.155265 1.616701 5.405921 0.000000
2.256375 1.416442 5.393507 0.000000
2.025949 1.879868 5.238933 0.000000
2.110751 1.813622 5.385241 0.000000
2.168737 1.383005 5.391078 0.000000
2.299465 1.401602 5.347906 0.000000
2.077750 2.026970 5.378076 0.000000
2.165521 1.888266 5.448989 0.000000
2.255771 1.657251 5.407476 0.000000
2.345279 1.446442 5.394558 0.000000
2.138195 2.116761 5.449198 0.000000
2.223308 1.917133 5.455406 0.000000
2.306037 1.656011 5.380497 0.000000
2.393215 1.496010 5.448559 0.000000
1.886168 1.425617 5.043225 0.000000
1.718687 1.369264 4.868344 0.000000
1.810645 1.306811 4.952672 0.000000
1.909087 1.236869 5.042732 0.000000
2.015847 1.157561 5.140166 0.000000
1.755221 1.434889 4.913196 0.000000
1.847432 1.365391 4.996893 0.000000
1.945693 1.287753 5.085808 0.000000
2.052069 1.200596 5.181880 0.000000
1.793870 1.502650 4.960377 0.000000
2.202671 2.181121 5.491118 0.000000
1.984277 1.340394 5.131047 0.000000
2.086759 1.290015 5.297479 0.000000
1.835153 1.573112 5.010473 0.000000
1.926947 1.487640 5.091777 0.000000
2.024372 1.393897 5.177864 0.000000
2.126942 1.335980 5.343424 0.000000
1.878546 1.645484 5.062855 0.000000
1.969903 1.551572 5.142691 0.000000
2.062472 1.499026 5.298664 0.000000
2.770231 1.961898 5.628638 0.000000
2.596058 2.110013 5.543482 0.000000
2.644621 1.888831 5.565860 0.000000
2.694466 1.662298 5.588949 0.000000
2.815573 3.763031 7.061606 0.000000
2.672661 2.199294 5.630349 0.000000
2.713558 1.960831 5.643153 0.000000
2.751675 1.702614 5.633318 0.000000
2.920118 3.768186 7.037862 0.000000
2.745832 2.248009 5.669778 0.000000
2.548113 2.328628 5.521451 0.000000
2.794550 1.680193 5.587642 0.000000
3.025122 3.773206 7.016642 0.000000
2.803146 2.210113 5.608498 0.000000
2.819675 1.932182 5.575840 0.000000
2.838210 1.663896 5.552119 0.000000
3.130781 3.778099 6.997909 0.000000
2.882740 2.273176 5.667649 0.000000
2.892818 1.996092 5.645457 0.000000
2.903816 1.721881 5.624452 0.000000
2.475139 1.838851 5.558471 0.000000
2.280730 1.890781 5.394527 0.000000
2.359975 1.718841 5.442011 0.000000
2.443197 1.546717 5.504700 0.000000
2.268223 2.146512 5.421510 0.000000
2.341179 1.958524 5.451922 0.000000
2.416688 1.783601 5.506469 0.000000
2.492193 1.573942 5.526055 0.000000
2.336395 2.222061 5.478574 0.000000
2.405512 2.039472 5.525794 0.000000
1.980715 1.114995 5.099574 0.000000
2.535314 1.555389 5.480278 0.000000
2.409643 2.322188 5.563447 0.000000
2.471622 2.101230 5.576613 0.000000
2.525564 1.814241 5.504887 0.000000
2.580628 1.554674 5.462307 0.000000
2.482013 2.360461 5.580107 0.000000
2.529441 2.068869 5.515058 0.000000
2.579389 1.819406 5.492495 0.000000
2.636198 1.607610 5.524202 0.000000
1.483238 0.638670 4.481844 0.000000
1.594846 0.529589 4.580280 0.000000
1.375572 0.548965 4.361618 0.000000
1.448143 0.556111 4.435645 0.000000
1.527298 0.560737 4.516091 0.000000
1.614954 0.563107 4.604935 0.000000
1.391029 0.592949 4.382987 0.000000
1.465195 0.596855 4.458180 0.000000
1.546295 0.598611 4.540196 0.000000
1.635820 0.597025 4.630395 0.000000
1.407371 0.637824 4.405355 0.000000
1.509198 0.523773 4.492999 0.000000
1.565984 0.636755 4.565023 0.000000
1.657445 0.631390 4.656668 0.000000
1.424669 0.683612 4.428794 0.000000
1.502025 0.680945 4.506305 0.000000
1.586544 0.675502 4.590793 0.000000
1.679862 0.666224 4.683786 0.000000
1.442968 0.730361 4.453352 0.000000
1.521926 0.724355 4.532022 0.000000
1.607985 0.714910 4.617522 0.000000
1.334292 0.422176 4.303286 0.000000
1.504023 0.366518 4.467293 0.000000
1.310693 0.341684 4.268878 0.000000
1.374349 0.361583 4.335651 0.000000
1.444034 0.380668 4.408493 0.000000
1.520918 0.398486 4.488535 0.000000
1.322155 0.381581 4.285695 0.000000
1.387621 0.399149 4.353979 0.000000
1.459250 0.415655 4.428438 0.000000
1.538428 0.430798 4.510439 0.000000
1.702924 0.701238 4.711563 0.000000
1.401574 0.437295 4.373071 0.000000
1.475276 0.451389 4.449294 0.000000
1.556603 0.463449 4.533053 0.000000
1.347299 0.463778 4.321887 0.000000
1.416360 0.476358 4.393119 0.000000
1.491894 0.487308 4.470767 0.000000
1.575440 0.496479 4.556378 0.000000
1.360962 0.505825 4.341205 0.000000
1.431798 0.515739 4.413863 0.000000
1.710851 1.140156 4.831491 0.000000
1.563776 1.068482 4.674673 0.000000
1.652159 1.035873 4.759246 0.000000
1.757518 0.966666 4.800486 0.000000
1.860243 0.922337 4.898336 0.000000
1.591192 1.124912 4.709438 0.000000
1.680771 1.087392 4.794569 0.000000
1.777484 1.043773 4.886248 0.000000
1.889831 0.961046 4.933015 0.000000
1.620398 1.183302 4.746211 0.000000
1.831732 0.884284 4.864800 0.000000
1.808130 1.090228 4.922925 0.000000
1.914606 1.032671 5.022823 0.000000
1.651275 1.243328 4.784829 0.000000
1.742454 1.194276 4.870077 0.000000
1.840374 1.138155 4.961362 0.000000
1.946887 1.073288 5.060368 0.000000
1.684160 1.305600 4.825700 0.000000
1.775696 1.249786 4.910444 0.000000
1.873830 1.186732 5.001064 0.000000
1.587613 0.859612 4.615737 0.000000
1.462292 0.778150 4.479060 0.000000
1.542644 0.768295 4.558612 0.000000
1.630349 0.755012 4.645254 0.000000
1.727017 0.737073 4.740469 0.000000
1.482692 0.827037 4.505976 0.000000
1.564585 0.813469 4.586576 0.000000
1.653678 0.795843 4.674033 0.000000
1.751838 0.773094 4.770114 0.000000
1.504431 0.877430 4.534410 0.000000
3.237119 3.782846 6.981979 0.000000
1.678045 0.837405 4.703931 0.000000
1.777577 0.809668 4.800736 0.000000
1.527225 0.928647 4.563987 0.000000
1.611616 0.906374 4.645935 0.000000
1.703267 0.879418 4.734726 0.000000
1.804064 0.846490 4.832122 0.000000
1.537601 1.013121 4.641257 0.000000
1.637008 0.954574 4.677690 0.000000
1.729822 0.922581 4.766986 0.000000
6.632779 3.393834 7.206687 0.000000
6.082596 3.393764 7.768936 0.000000
4.732275 2.019733 6.200640 0.000000
6.518395 3.625189 7.335222 0.000000
6.332806 3.472976 7.517101 0.000000
6.142499 3.307361 7.703290 0.000000
4.831824 2.029367 6.244157 0.000000
6.576745 3.509324 7.269757 0.000000
6.391328 3.371578 7.452156 0.000000
6.200840 3.220754 7.639241 0.000000
5.098030 2.193750 6.525414 0.000000
6.272270 3.574606 7.584127 0.000000
6.447821 3.270305 7.389303 0.000000
6.257604 3.134022 7.576811 0.000000
5.405741 2.381897 6.850100 0.000000
6.686579 3.278916 7.145942 0.000000
6.502482 3.169122 7.328338 0.000000
6.312802 3.046992 7.515978 0.000000
6.116621 2.910637 7.709734 0.000000
6.738161 3.164647 7.087508 0.000000
6.555157 3.068162 7.269427 0.000000
4.509003 2.053500 6.176627 0.000000
4.644045 2.449251 6.314390 0.000000
4.381864 2.092338 6.193747 0.000000
5.892016 3.856004 7.302153 0.000000
5.248667 3.074231 6.770339 0.000000
4.690881 2.390687 6.263184 0.000000
4.423805 2.048104 6.148247 0.000000
6.055032 3.858167 7.356016 0.000000
6.034997 3.830479 7.737325 0.000000
4.736492 2.332000 6.213233 0.000000
6.366482 2.959852 7.456705 0.000000
6.223443 3.860201 7.414320 0.000000
6.145035 3.777975 7.724516 0.000000
4.931804 2.438936 6.387845 0.000000
4.649024 2.115960 6.291260 0.000000
6.394386 3.858466 7.473732 0.000000
6.209708 3.676184 7.653233 0.000000
5.244375 2.658597 6.720786 0.000000
4.691075 2.068063 6.245521 0.000000
6.457576 3.741588 7.403249 0.000000
5.563700 1.393161 5.349946 0.000000
6.426612 2.466580 7.370404 0.000000
6.226937 1.997174 6.066189 0.000000
6.834377 2.465840 6.954070 0.000000
6.658120 2.433388 7.132284 0.000000
6.474442 2.390720 7.317725 0.000000
5.854270 1.659779 5.663850 0.000000
6.874999 2.366036 6.907638 0.000000
6.701832 2.345103 7.083240 0.000000
6.521225 2.314458 7.266112 0.000000
6.612999 2.521504 7.182773 0.000000
6.914115 2.266572 6.862778 0.000000
6.744192 2.256582 7.035584 0.000000
6.567005 2.237721 7.215515 0.000000
5.330473 1.176179 5.097826 0.000000
6.951643 2.167207 6.819563 0.000000
6.785287 2.167910 6.989228 0.000000
6.611655 2.160348 7.166059 0.000000
5.140322 0.995980 4.892049 0.000000
6.618212 1.865870 6.436918 0.000000
6.880232 2.824583 6.925377 0.000000
6.171013 2.837883 7.650421 0.000000
6.787593 3.050761 7.031303 0.000000
6.606081 2.967301 7.212324 0.000000
6.418714 2.872533 7.398914 0.000000
6.224360 2.764574 7.592162 0.000000
6.834958 2.937438 6.977253 0.000000
6.655213 2.866695 7.157079 0.000000
6.469418 2.785015 7.342690 0.000000
6.276594 2.690844 7.535032 0.000000
4.899261 2.792053 6.394286 0.000000
6.702559 2.766174 7.103677 0.000000
6.518725 2.697330 7.287898 0.000000
6.327665 2.616599 7.479080 0.000000
6.923501 2.712368 6.875597 0.000000
6.748119 2.665823 7.052125 0.000000
6.566518 2.609533 7.234664 0.000000
6.377689 2.541875 7.424186 0.000000
6.719284 2.438017 6.597499 0.000000
6.792106 2.565746 7.002209 0.000000
3.367909 1.840580 5.742938 0.000000
3.957948 4.031864 7.637354 0.000000
3.316056 2.167348 5.814829 0.000000
3.283875 1.899962 5.833065 0.000000
3.897399 3.808802 6.940872 0.000000
3.971302 3.783578 7.347049 0.000000
3.368784 2.138589 5.775073 0.000000
3.326328 1.870375 5.787558 0.000000
4.012345 3.812721 6.943419 0.000000
4.082106 3.787325 7.349505 0.000000
3.476707 2.232952 5.893148 0.000000
3.784047 3.804758 6.941215 0.000000
4.129055 3.816539 6.948586 0.000000
4.194454 3.790968 7.354453 0.000000
3.561530 2.267577 5.936981 0.000000
3.458308 1.908668 5.837963 0.000000
4.247720 3.820247 6.956580 0.000000
4.308609 3.794500 7.362105 0.000000
3.610253 2.224934 5.884417 0.000000
3.551493 1.974565 5.930998 0.000000
4.368418 3.823843 6.967459 0.000000
3.084172 2.045397 5.677945 0.000000
2.975260 2.373713 5.771400 0.000000
2.973435 2.074770 5.734973 0.000000
2.972821 1.781915 5.700353 0.000000
3.364770 3.865946 7.051948 0.000000
3.040092 2.357721 5.740917 0.000000
3.034981 2.079643 5.730667 0.000000
3.030802 1.801630 5.719382 0.000000
3.524490 4.045032 7.225474 0.000000
3.106175 2.346729 5.718049 0.000000
4.424718 3.797922 7.372517 0.000000
3.073116 1.775572 5.674148 0.000000
3.561804 3.796352 6.949642 0.000000
3.647661 3.771682 7.354955 0.000000
3.167112 2.108829 5.751331 0.000000
3.126329 1.779383 5.672705 0.000000
3.672246 3.800613 6.944095 0.000000
3.794542 3.889241 7.480576 0.000000
3.262874 2.196538 5.856727 0.000000
3.205391 1.844342 5.759042 0.000000
4.123141 2.049396 6.086890 0.000000
4.134106 2.351794 6.092279 0.000000
3.927969 1.969325 5.951294 0.000000
4.379634 2.693876 5.859178 0.000000
5.171143 3.816259 7.494743 0.000000
4.206249 2.337393 6.088209 0.000000
4.061440 2.062640 6.094242 0.000000
4.380025 2.547944 5.723339 0.000000
4.470645 2.639260 6.132511 0.000000
5.333063 3.787828 7.983963 0.000000
5.039945 3.813467 7.466878 0.000000
5.063397 3.344391 6.616796 0.000000
4.490186 2.531515 6.027574 0.000000
4.409089 2.382246 6.181622 0.000000
4.164924 2.008841 6.041683 0.000000
5.581121 3.851241 7.208097 0.000000
4.717534 2.698694 6.252548 0.000000
4.497274 2.381084 6.201122 0.000000
4.277346 2.058337 6.127734 0.000000
5.734234 3.853686 7.253055 0.000000
3.739432 1.979199 5.945302 0.000000
3.702743 2.267271 5.941307 0.000000
3.593906 1.941363 5.885401 0.000000
4.491378 3.827339 6.981137 0.000000
4.542902 3.801244 7.385579 0.000000
3.818703 2.345947 6.046335 0.000000
3.635478 1.908054 5.840667 0.000000
4.616857 3.830716 6.998014 0.000000
4.663325 3.804467 7.401358 0.000000
3.867336 2.299360 5.993717 0.000000
1.429344 0.345851 4.389100 0.000000
4.744886 3.833989 7.017851 0.000000
4.786235 3.807569 7.420285 0.000000
3.944302 2.301245 6.004646 0.000000
3.831846 2.024645 6.015003 0.000000
4.875767 3.837161 7.040755 0.000000
4.911607 3.810579 7.441904 0.000000
4.085819 2.402421 6.144691 0.000000
3.874019 1.987872 5.969529 0.000000
4.467315 2.988384 6.154966 0.000000
1.272920 -1.284062 4.044920 0.000000
1.377325 -1.402990 4.139555 0.000000
1.331304 -1.377223 4.095410 0.000000
1.287977 -1.351087 4.054085 0.000000
1.246940 -1.324326 4.015193 0.000000
1.366314 -1.373089 4.131101 0.000000
1.321976 -1.345365 4.088841 0.000000
1.280210 -1.317402 4.049266 0.000000
1.240672 -1.288910 4.012053 0.000000
1.355637 -1.343147 4.123002 0.000000
1.313090 -1.313787 4.082712 0.000000
1.253684 -1.360187 4.018796 0.000000
1.234916 -1.253903 4.009418 0.000000
1.345431 -1.313656 4.115353 0.000000
1.304611 -1.282483 4.076986 0.000000
1.266073 -1.251057 4.041011 0.000000
1.229635 -1.219288 4.007252 0.000000
1.335545 -1.284102 4.108048 0.000000
1.296527 -1.251435 4.071655 0.000000
1.259680 -1.218361 4.037556 0.000000
1.224795 -1.185053 4.005522 0.000000
1.362110 -1.474926 4.117865 0.000000
1.438671 -1.555587 4.188072 0.000000
1.384990 -1.541629 4.135127 0.000000
1.334297 -1.526083 4.085413 0.000000
1.286316 -1.509324 4.038618 0.000000
1.425574 -1.524693 4.177547 0.000000
1.373319 -1.508083 4.126274 0.000000
1.323934 -1.490045 4.078099 0.000000
1.277275 -1.471188 4.032819 0.000000
1.412822 -1.493822 4.167377 0.000000
1.326042 -1.254725 4.101130 0.000000
1.314187 -1.454746 4.071356 0.000000
1.268832 -1.433590 4.027593 0.000000
1.400612 -1.463474 4.157718 0.000000
1.351397 -1.442117 4.109939 0.000000
1.304976 -1.419874 4.065131 0.000000
1.261041 -1.396774 4.022974 0.000000
1.388754 -1.433114 4.148424 0.000000
1.341166 -1.409638 4.102484 0.000000
1.296185 -1.385154 4.059334 0.000000
1.223064 -0.966356 4.024615 0.000000
1.256134 -1.068867 4.047971 0.000000
1.229904 -1.028095 4.025468 0.000000
1.205186 -0.987305 4.004563 0.000000
1.276649 -1.080989 4.067502 0.000000
1.250665 -1.038942 4.045337 0.000000
1.226300 -0.997133 4.024850 0.000000
1.203381 -0.955371 4.005890 0.000000
1.269628 -1.052271 4.063174 0.000000
1.245584 -1.009156 4.043106 0.000000
1.284028 -1.109801 4.072206 0.000000
1.201953 -0.923665 4.007607 0.000000
1.262896 -1.023403 4.059176 0.000000
1.240843 -0.979742 4.041208 0.000000
1.220221 -0.935989 4.024765 0.000000
1.200921 -0.892168 4.009737 0.000000
1.256551 -0.994846 4.055563 0.000000
1.236441 -0.950204 4.039693 0.000000
1.217704 -0.905540 4.025283 0.000000
1.200281 -0.861103 4.012251 0.000000
1.242961 -1.122001 4.029661 0.000000
1.288821 -1.220365 4.066729 0.000000
1.253683 -1.185970 4.034496 0.000000
1.220433 -1.151162 4.004272 0.000000
1.316911 -1.225512 4.094592 0.000000
1.281552 -1.189773 4.062220 0.000000
1.248121 -1.153854 4.031875 0.000000
1.216538 -1.117858 4.003467 0.000000
1.308169 -1.196445 4.088452 0.000000
1.274599 -1.159148 4.058056 0.000000
1.295922 -1.548049 4.044953 0.000000
1.213056 -1.084611 4.003103 0.000000
1.299784 -1.167519 4.082678 0.000000
1.268084 -1.128960 4.054316 0.000000
1.238220 -1.090391 4.027873 0.000000
1.210018 -1.051908 4.003166 0.000000
1.291697 -1.138483 4.077237 0.000000
1.261900 -1.098709 4.050940 0.000000
1.233841 -1.059016 4.026455 0.000000
1.207397 -1.019478 4.003654 0.000000
1.591000 -2.020581 4.301623 0.000000
1.376950 -2.604843 4.641436 0.000000
1.699617 -2.060974 4.407542 0.000000
1.633569 -2.103461 4.337338 0.000000
1.570251 -2.140232 4.270530 0.000000
1.509522 -2.172665 4.206835 0.000000
1.677784 -2.024090 4.388749 0.000000
1.611765 -2.061463 4.319012 0.000000
1.548843 -2.093923 4.252966 0.000000
1.488371 -2.121797 4.189910 0.000000
1.656668 -1.987807 4.370616 0.000000
1.592891 -2.187917 4.289198 0.000000
1.528245 -2.048252 4.236147 0.000000
1.468138 -2.071773 4.173821 0.000000
1.636452 -1.952359 4.353308 0.000000
1.570925 -1.980090 4.284885 0.000000
1.508613 -2.003505 4.220210 0.000000
1.448970 -2.022882 4.158691 0.000000
1.616778 -1.917102 4.336522 0.000000
1.551626 -1.940333 4.268856 0.000000
1.489879 -1.959658 4.205090 0.000000
1.769548 -2.174645 4.468040 0.000000
1.709261 -2.350537 4.175213 0.000000
1.811159 -2.294213 4.562616 0.000000
1.768580 -2.279858 4.389266 0.000000
1.714398 -2.322036 4.300668 0.000000
1.663675 -2.355895 4.214254 0.000000
1.773201 -2.298668 4.596666 0.000000
1.728580 -2.284655 4.425505 0.000000
1.668612 -2.334608 4.347839 0.000000
1.537143 -2.602441 4.504153 0.000000
1.430935 -1.975429 4.144569 0.000000
1.687306 -2.289698 4.464012 0.000000
1.621811 -2.346123 4.396071 0.000000
1.493690 -2.578563 4.521534 0.000000
1.745472 -2.136228 4.447164 0.000000
1.679825 -2.189567 4.376427 0.000000
1.547615 -2.430661 4.529745 0.000000
1.435933 -2.592518 4.580838 0.000000
1.722063 -2.098109 4.426917 0.000000
1.656128 -2.145910 4.356370 0.000000
1.423139 -1.644379 4.164718 0.000000
1.511553 -1.714708 4.247843 0.000000
1.451451 -1.715306 4.187170 0.000000
1.394608 -1.713241 4.130116 0.000000
1.340800 -1.709320 4.076373 0.000000
1.495944 -1.682206 4.234898 0.000000
1.437005 -1.679600 4.175670 0.000000
1.381368 -1.674789 4.120059 0.000000
1.328580 -1.667971 4.067583 0.000000
1.480988 -1.650331 4.222561 0.000000
1.353758 -1.751402 4.085850 0.000000
1.368628 -1.636655 4.110487 0.000000
1.317018 -1.627347 4.059403 0.000000
1.466414 -1.618526 4.210606 0.000000
1.409961 -1.609886 4.154402 0.000000
1.356628 -1.599366 4.101595 0.000000
1.306165 -1.587371 4.051893 0.000000
1.452346 -1.587039 4.199140 0.000000
1.397215 -1.575548 4.144515 0.000000
1.345119 -1.562333 4.093186 0.000000
1.498465 -1.825211 4.225149 0.000000
1.597738 -1.882367 4.320322 0.000000
1.533265 -1.901547 4.253681 0.000000
1.472028 -1.916646 4.190779 0.000000
1.413715 -1.928644 4.131203 0.000000
1.579356 -1.848091 4.304741 0.000000
1.515512 -1.863070 4.239088 0.000000
1.454996 -1.874447 4.177219 0.000000
1.397394 -1.882842 4.118652 0.000000
1.561470 -1.813958 4.289645 0.000000
1.250489 -0.966119 4.052279 0.000000
1.438878 -1.833334 4.164484 0.000000
1.382082 -1.838279 4.107008 0.000000
1.544289 -1.780578 4.275190 0.000000
1.482223 -1.788238 4.211943 0.000000
1.423402 -1.792620 4.152360 0.000000
1.367483 -1.794257 4.096037 0.000000
1.527697 -1.747595 4.261295 0.000000
1.466524 -1.751505 4.199264 0.000000
1.408672 -1.752590 4.140930 0.000000
1.216400 -0.126016 4.113114 0.000000
1.274257 -0.135867 4.170235 0.000000
1.313017 -0.090379 4.215147 0.000000
1.209373 -0.191230 4.097849 0.000000
1.243815 -0.148689 4.137893 0.000000
1.281345 -0.105342 4.181241 0.000000
1.322469 -0.060974 4.228432 0.000000
1.212667 -0.158900 4.105213 0.000000
1.249127 -0.117226 4.147215 0.000000
1.288809 -0.074871 4.192639 0.000000
1.332433 -0.031193 4.242297 0.000000
1.238891 -0.180167 4.128984 0.000000
1.254827 -0.085497 4.156982 0.000000
1.296763 -0.043949 4.204607 0.000000
1.342776 -0.001504 4.256548 0.000000
1.220570 -0.092819 4.121520 0.000000
1.261029 -0.053252 4.167343 0.000000
1.305107 -0.013057 4.216983 0.000000
1.353500 0.028101 4.271187 0.000000
1.225237 -0.059032 4.130525 0.000000
1.267673 -0.020714 4.178206 0.000000
1.287001 -0.178582 4.177767 0.000000
1.244774 -0.285762 4.121881 0.000000
1.271718 -0.236898 4.155091 0.000000
1.198899 -0.349567 4.067883 0.000000
1.223261 -0.303241 4.098043 0.000000
1.249910 -0.256020 4.130708 0.000000
1.279168 -0.207785 4.166220 0.000000
1.200221 -0.318460 4.072973 0.000000
1.226581 -0.272817 4.105105 0.000000
1.255430 -0.226150 4.139963 0.000000
1.313946 0.018331 4.229938 0.000000
1.201903 -0.287134 4.078481 0.000000
1.230332 -0.241976 4.112679 0.000000
1.261317 -0.196131 4.149630 0.000000
1.295251 -0.149289 4.189769 0.000000
1.204009 -0.255336 4.084500 0.000000
1.234406 -0.211172 4.120600 0.000000
1.267606 -0.165960 4.159743 0.000000
1.303929 -0.119895 4.202233 0.000000
1.206482 -0.223540 4.090919 0.000000
1.280439 0.225946 4.223146 0.000000
1.427892 0.209749 4.369906 0.000000
1.263365 0.151664 4.196203 0.000000
1.317488 0.181116 4.254612 0.000000
1.376752 0.210950 4.318346 0.000000
1.442087 0.240821 4.388302 0.000000
1.271574 0.188404 4.209286 0.000000
1.327656 0.216204 4.269460 0.000000
1.389047 0.244178 4.335102 0.000000
1.456740 0.271886 4.407162 0.000000
1.364994 0.178081 4.302185 0.000000
1.338389 0.251745 4.284946 0.000000
1.401923 0.277766 4.352498 0.000000
1.471963 0.303220 4.426635 0.000000
1.289845 0.263738 4.237595 0.000000
1.349803 0.288046 4.301224 0.000000
1.415273 0.311472 4.370389 0.000000
1.487635 0.334585 4.446566 0.000000
1.299932 0.302413 4.252854 0.000000
1.361760 0.324552 4.318083 0.000000
1.241928 0.044033 4.160595 0.000000
1.364749 0.058129 4.286423 0.000000
1.230289 -0.025137 4.139953 0.000000
1.274709 0.011877 4.189490 0.000000
1.323193 0.049712 4.243318 0.000000
1.376396 0.088094 4.302064 0.000000
1.235894 0.009382 4.150040 0.000000
1.282269 0.045054 4.201394 0.000000
1.332896 0.081367 4.257207 0.000000
1.388549 0.118240 4.318251 0.000000
1.220281 -0.333492 4.091372 0.000000
1.290335 0.078566 4.213868 0.000000
1.343096 0.113298 4.271646 0.000000
1.401170 0.148610 4.334947 0.000000
1.248524 0.079367 4.171824 0.000000
1.298870 0.112459 4.226879 0.000000
1.353781 0.145535 4.286624 0.000000
1.414302 0.179202 4.352195 0.000000
1.255639 0.115144 4.183650 0.000000
1.307892 0.146443 4.240406 0.000000
1.208592 -0.618301 4.046524 0.000000
1.217031 -0.774756 4.038088 0.000000
1.210091 -0.726552 4.036218 0.000000
1.204312 -0.677962 4.035645 0.000000
1.221034 -0.794037 4.040096 0.000000
1.214934 -0.745698 4.039053 0.000000
1.210004 -0.697058 4.039307 0.000000
1.206276 -0.648089 4.040895 0.000000
1.217246 -0.765226 4.039311 0.000000
1.213189 -0.716660 4.040401 0.000000
1.210279 -0.667618 4.042788 0.000000
1.225147 -0.822837 4.041240 0.000000
1.213781 -0.736392 4.038884 0.000000
1.211738 -0.687399 4.042101 0.000000
1.210892 -0.638218 4.046636 0.000000
1.211262 -0.588584 4.052534 0.000000
1.210654 -0.707295 4.038856 0.000000
1.210621 -0.658366 4.044145 0.000000
1.211818 -0.608843 4.050828 0.000000
1.214314 -0.558929 4.058954 0.000000
1.207832 -0.678384 4.039146 0.000000
1.212334 -0.815468 4.029092 0.000000
1.232386 -0.920771 4.038545 0.000000
1.215567 -0.875471 4.026175 0.000000
1.200051 -0.830215 4.015195 0.000000
1.244769 -0.937445 4.049361 0.000000
1.228649 -0.891432 4.037737 0.000000
1.213800 -0.845528 4.027461 0.000000
1.200139 -0.799256 4.018499 0.000000
1.239386 -0.908813 4.046804 0.000000
1.225251 -0.862173 4.037291 0.000000
1.209827 -0.629087 4.046572 0.000000
1.200628 -0.768683 4.022203 0.000000
1.234335 -0.880214 4.044608 0.000000
1.222187 -0.832982 4.037206 0.000000
1.211256 -0.785744 4.031111 0.000000
1.201509 -0.738480 4.026297 0.000000
1.229587 -0.851636 4.042744 0.000000
1.219432 -0.803847 4.037455 0.000000
1.210492 -0.756109 4.033470 0.000000
1.202733 -0.708166 4.030780 0.000000
1.251607 -0.324553 4.124070 0.000000
1.224582 -0.433210 4.083827 0.000000
1.240072 -0.382998 4.105405 0.000000
1.197821 -0.501470 4.048896 0.000000
1.212010 -0.453121 4.068811 0.000000
1.227928 -0.403695 4.090687 0.000000
1.245674 -0.353676 4.114569 0.000000
1.197330 -0.471449 4.051879 0.000000
1.213555 -0.423398 4.073859 0.000000
1.231587 -0.374341 4.097873 0.000000
1.210819 -0.482510 4.064188 0.000000
1.197175 -0.441283 4.055247 0.000000
1.215445 -0.393561 4.079298 0.000000
1.235632 -0.344914 4.105484 0.000000
1.257925 -0.295391 4.133989 0.000000
1.197383 -0.410964 4.059030 0.000000
1.217686 -0.363597 4.085134 0.000000
1.240017 -0.315389 4.113476 0.000000
1.264634 -0.266179 4.144336 0.000000
1.197977 -0.380239 4.063280 0.000000
1.225556 -0.470666 4.080428 0.000000
1.213109 -0.579487 4.055418 0.000000
1.217691 -0.529552 4.065703 0.000000
1.205326 -0.649185 4.039817 0.000000
1.209364 -0.600013 4.049340 0.000000
1.214711 -0.550364 4.060326 0.000000
1.221460 -0.499982 4.072900 0.000000
1.203168 -0.619919 4.040877 0.000000
1.209230 -0.570668 4.052501 0.000000
1.216659 -0.521000 4.065640 0.000000
4.031584 -0.999455 3.595371 0.000000
1.201334 -0.590574 4.042304 0.000000
1.209422 -0.541504 4.056001 0.000000
1.218966 -0.491852 4.071323 0.000000
1.230040 -0.441368 4.088377 0.000000
1.199828 -0.560903 4.044129 0.000000
1.209952 -0.512045 4.059906 0.000000
1.221606 -0.462437 4.077402 0.000000
1.234893 -0.412073 4.096725 0.000000
1.198644 -0.531361 4.046296 0.000000
0.908349 0.286582 3.858769 0.000000
0.967427 0.159914 3.900481 0.000000
0.858436 0.192406 3.797022 0.000000
0.896441 0.195896 3.834976 0.000000
0.935053 0.198194 3.873457 0.000000
0.974184 0.198632 3.912290 0.000000
0.863356 0.239786 3.808138 0.000000
0.902121 0.240691 3.846517 0.000000
0.941452 0.240055 3.885334 0.000000
0.981334 0.237883 3.924579 0.000000
0.868803 0.288389 3.819964 0.000000
0.929011 0.156638 3.861997 0.000000
0.948356 0.282905 3.897866 0.000000
0.988828 0.277371 3.937261 0.000000
0.874804 0.337916 3.832486 0.000000
0.915009 0.332957 3.871537 0.000000
0.955670 0.326119 3.910871 0.000000
0.996804 0.317785 3.950561 0.000000
0.881357 0.388444 3.845710 0.000000
0.922203 0.380190 3.884966 0.000000
0.963509 0.370432 3.924561 0.000000
0.846493 0.054240 3.767175 0.000000
0.939007 -0.026725 3.848042 0.000000
0.840770 -0.034368 3.750130 0.000000
0.874477 -0.018486 3.785354 0.000000
0.908939 -0.003465 3.821296 0.000000
0.944023 0.009769 3.857704 0.000000
0.843417 0.009465 3.758360 0.000000
0.878046 0.023146 3.794235 0.000000
0.913370 0.035653 3.830727 0.000000
0.949344 0.046659 3.867749 0.000000
1.005194 0.358852 3.964374 0.000000
0.882043 0.065646 3.803687 0.000000
0.918218 0.075556 3.840704 0.000000
0.955032 0.083952 3.878238 0.000000
0.849992 0.099350 3.776489 0.000000
0.886405 0.108424 3.813569 0.000000
0.923390 0.115666 3.851058 0.000000
0.961047 0.121698 3.889135 0.000000
0.853980 0.145495 3.786457 0.000000
0.891208 0.151823 3.824001 0.000000
1.046056 0.756820 4.058367 0.000000
0.933931 0.716247 3.941746 0.000000
0.977840 0.686000 3.981160 0.000000
1.021699 0.653849 4.020350 0.000000
1.065431 0.619528 4.059205 0.000000
0.945265 0.775908 3.960984 0.000000
0.989440 0.741105 4.000068 0.000000
1.033574 0.704931 4.039004 0.000000
1.077447 0.666266 4.077431 0.000000
-2.510026 4.616957 8.386694 0.000000
1.001900 0.798078 4.020073 0.000000
1.054105 0.574120 4.041844 0.000000
1.089958 0.713646 4.096232 0.000000
-2.458838 4.850855 8.463809 0.000000
-0.829940 2.993587 6.589002 0.000000
1.059390 0.810404 4.078796 0.000000
1.103231 0.762490 4.115982 0.000000
-2.404008 5.091634 8.545284 0.000000
-0.542544 2.836914 6.288060 0.000000
0.022757 2.151998 5.678843 0.000000
1.117053 0.812087 4.136371 0.000000
0.947193 0.528048 3.929548 0.000000
0.888488 0.440039 3.859666 0.000000
0.929926 0.428351 3.899061 0.000000
0.971789 0.415189 3.938763 0.000000
1.013968 0.400251 3.978627 0.000000
0.896224 0.492776 3.874391 0.000000
0.938302 0.477854 3.913997 0.000000
0.980645 0.461156 3.953712 0.000000
1.023290 0.442708 3.993577 0.000000
0.904551 0.546327 3.889821 0.000000
0.904815 -0.042434 3.812221 0.000000
0.989982 0.507656 3.969218 0.000000
1.033029 0.485568 4.009003 0.000000
0.913616 0.601555 3.906215 0.000000
0.956696 0.579364 3.945862 0.000000
0.999979 0.555469 3.985564 0.000000
1.043340 0.529602 4.025164 0.000000
0.923387 0.658170 3.923499 0.000000
0.966956 0.632249 3.963143 0.000000
1.010474 0.603933 4.002496 0.000000
0.840490 -0.566336 3.685957 0.000000
0.881244 -0.591264 3.723241 0.000000
0.898726 -0.547793 3.745279 0.000000
0.845614 -0.644094 3.682480 0.000000
0.862770 -0.599151 3.704211 0.000000
0.880755 -0.555819 3.726686 0.000000
0.899526 -0.513786 3.749892 0.000000
0.842893 -0.605129 3.684042 0.000000
0.861322 -0.562195 3.706868 0.000000
0.880576 -0.520308 3.730492 0.000000
0.900577 -0.479718 3.754807 0.000000
0.864545 -0.636310 3.701905 0.000000
0.860169 -0.524858 3.709912 0.000000
0.880659 -0.484704 3.734616 0.000000
0.901902 -0.445849 3.760010 0.000000
0.838421 -0.527125 3.688305 0.000000
0.859343 -0.487396 3.713343 0.000000
0.881032 -0.448987 3.739084 0.000000
0.903488 -0.411603 3.765558 0.000000
0.836688 -0.488034 3.691027 0.000000
0.858795 -0.449778 3.717119 0.000000
0.897876 -0.649653 3.733250 0.000000
0.887810 -0.768467 3.710808 0.000000
0.898624 -0.717895 3.726719 0.000000
0.864227 -0.836826 3.680678 0.000000
0.874614 -0.784093 3.696228 0.000000
0.885940 -0.733048 3.712646 0.000000
0.898121 -0.683618 3.729851 0.000000
0.859847 -0.798283 3.680277 0.000000
0.871631 -0.747003 3.697124 0.000000
0.884333 -0.697666 3.714788 0.000000
0.881695 -0.413134 3.743902 0.000000
0.855769 -0.759765 3.680227 0.000000
0.868964 -0.710211 3.698354 0.000000
0.883028 -0.662027 3.717304 0.000000
0.897903 -0.615707 3.736961 0.000000
0.852060 -0.721245 3.680597 0.000000
0.866589 -0.673135 3.699953 0.000000
0.881994 -0.626658 3.720106 0.000000
0.898178 -0.581760 3.740962 0.000000
0.848668 -0.682697 3.681340 0.000000
0.835226 -0.163222 3.728408 0.000000
0.918598 -0.204887 3.805381 0.000000
0.833460 -0.246380 3.716410 0.000000
0.862270 -0.219713 3.748004 0.000000
0.891814 -0.194133 3.780271 0.000000
0.922090 -0.169657 3.813210 0.000000
0.834171 -0.205012 3.722189 0.000000
0.863983 -0.180278 3.754567 0.000000
0.894559 -0.156656 3.787646 0.000000
0.925872 -0.134456 3.821358 0.000000
0.889369 -0.231298 3.773273 0.000000
0.866059 -0.140473 3.761580 0.000000
0.897662 -0.118855 3.795453 0.000000
0.929955 -0.098668 3.829912 0.000000
0.836683 -0.120674 3.735165 0.000000
0.868506 -0.100265 3.769052 0.000000
0.901049 -0.080986 3.803589 0.000000
0.934338 -0.062868 3.838797 0.000000
0.838526 -0.077945 3.742374 0.000000
0.871308 -0.059614 3.776972 0.000000
0.833514 -0.368633 3.701767 0.000000
0.905324 -0.377516 3.771378 0.000000
0.835296 -0.448467 3.694195 0.000000
0.858567 -0.412269 3.721249 0.000000
0.882629 -0.377119 3.749053 0.000000
0.907445 -0.343294 3.777535 0.000000
0.834221 -0.408674 3.697758 0.000000
0.858677 -0.374276 3.725818 0.000000
0.883861 -0.340923 3.754564 0.000000
0.909830 -0.308912 3.784013 0.000000
-1.005199 3.613887 6.795236 0.000000
0.859074 -0.336048 3.730748 0.000000
0.885395 -0.304522 3.760442 0.000000
0.912484 -0.274351 3.790818 0.000000
0.833130 -0.328304 3.706183 0.000000
0.859810 -0.297565 3.736091 0.000000
0.887236 -0.267892 3.766694 0.000000
0.915412 -0.239587 3.797958 0.000000
0.833120 -0.287666 3.711060 0.000000
0.860865 -0.258794 3.741833 0.000000
2.306634 0.981183 3.349608 0.000000
2.139014 0.966570 3.524785 0.000000
2.105209 0.961264 3.608182 0.000000
2.232935 0.977674 3.367934 0.000000
2.204834 0.973153 3.437468 0.000000
2.173634 0.968283 3.512751 0.000000
2.138601 0.962976 3.594933 0.000000
2.269804 0.979426 3.358478 0.000000
2.240548 0.974878 3.427105 0.000000
2.208107 0.969992 3.501278 0.000000
2.171866 0.964679 3.582248 0.000000
2.169086 0.971427 3.448470 0.000000
2.276194 0.976606 3.417269 0.000000
2.242561 0.971700 3.490366 0.000000
2.205057 0.966378 3.570061 0.000000
2.343498 0.982950 3.341304 0.000000
2.311829 0.978338 3.408016 0.000000
2.276952 0.973406 3.480021 0.000000
2.238188 0.968073 3.558407 0.000000
2.380450 0.984728 3.333589 0.000000
2.347521 0.980076 3.399329 0.000000
2.003931 0.956047 3.651412 0.000000
1.954800 1.005599 3.633051 0.000000
1.935174 0.952474 3.683334 0.000000
2.022258 1.183429 3.573750 0.000000
2.010160 1.073091 3.579704 0.000000
1.997263 0.969258 3.586801 0.000000
1.969725 0.954273 3.667053 0.000000
2.070236 1.129531 3.520917 0.000000
2.054175 1.029122 3.531435 0.000000
2.034211 0.961377 3.564472 0.000000
2.311389 0.975118 3.470169 0.000000
2.115017 1.077924 3.471433 0.000000
2.095575 0.986742 3.485893 0.000000
2.069352 0.963121 3.550601 0.000000
2.037951 0.957804 3.636385 0.000000
2.156823 1.028567 3.425073 0.000000
2.133187 0.969700 3.460032 0.000000
2.104264 0.964850 3.537382 0.000000
2.071683 0.959541 3.622004 0.000000
2.195959 0.981226 3.381516 0.000000
3.566533 3.927646 5.030398 0.000000
2.851269 3.861967 5.629864 0.000000
3.340643 3.917922 5.053027 0.000000
3.220271 3.902019 5.224716 0.000000
3.090477 3.885109 5.408025 0.000000
2.949214 3.866950 5.605678 0.000000
3.452951 3.922793 5.040995 0.000000
3.327951 3.906878 5.209579 0.000000
3.193583 3.889995 5.389246 0.000000
3.047818 3.871908 5.582622 0.000000
2.988122 3.880190 5.428158 0.000000
3.436620 3.911721 5.195672 0.000000
3.297531 3.894858 5.371696 0.000000
3.147128 3.876836 5.560808 0.000000
3.681452 3.932483 5.021248 0.000000
3.546641 3.916541 5.183295 0.000000
3.402624 3.899702 5.355461 0.000000
3.247327 3.881741 5.540212 0.000000
3.797857 3.937306 5.013551 0.000000
3.657833 3.921350 5.172153 0.000000
2.492206 0.990152 3.313671 0.000000
2.271294 0.969767 3.547270 0.000000
2.417526 0.986520 3.326416 0.000000
2.383302 0.981825 3.391159 0.000000
2.345839 0.976833 3.460858 0.000000
2.464317 3.841612 5.739543 0.000000
2.454744 0.988326 3.319783 0.000000
2.419216 0.983587 3.383496 0.000000
2.684829 3.865212 5.496545 0.000000
2.560578 3.846774 5.710174 0.000000
1.963278 1.118793 3.630964 0.000000
2.902304 3.887247 5.278634 0.000000
2.785469 3.870242 5.472502 0.000000
2.657059 3.851880 5.682148 0.000000
3.119203 3.908107 5.081406 0.000000
3.007569 3.892208 5.259232 0.000000
2.886489 3.875236 5.449645 0.000000
2.753932 3.856941 5.655423 0.000000
3.229467 3.913029 5.066492 0.000000
3.113499 3.897127 5.241303 0.000000
1.147952 1.466443 4.559161 0.000000
0.667748 2.116151 5.015676 0.000000
0.886386 1.720675 4.772737 0.000000
1.057351 1.406169 4.581863 0.000000
0.571927 2.482908 5.130741 0.000000
0.809643 2.022429 4.865685 0.000000
0.994584 1.660067 4.658605 0.000000
1.124686 1.397840 4.527228 0.000000
0.741852 2.349958 4.950405 0.000000
0.940540 1.933653 4.727092 0.000000
1.096259 1.601141 4.551167 0.000000
0.380916 2.629223 5.333145 0.000000
0.896307 2.226079 4.786199 0.000000
1.059757 1.850705 4.600655 0.000000
1.132455 1.663096 4.568813 0.000000
1.297763 1.289756 4.328279 0.000000
1.035118 2.112025 4.638357 0.000000
1.119785 1.881774 4.583863 0.000000
1.278537 1.490937 4.358081 0.000000
1.369177 1.252728 4.252697 0.000000
1.110570 2.127653 4.605481 0.000000
0.505957 1.921194 5.172811 0.000000
-0.284398 2.692517 6.017449 0.000000
0.197759 2.071117 5.495799 0.000000
0.543389 1.621783 5.120692 0.000000
-0.650089 3.371328 6.421472 0.000000
-0.054338 2.560121 5.775985 0.000000
0.357479 1.994715 5.328524 0.000000
0.659440 1.576579 4.999346 0.000000
-0.342922 3.156958 6.097798 0.000000
0.153225 2.437211 5.557851 0.000000
1.270914 1.697825 4.376099 0.000000
0.768308 1.532312 4.885350 0.000000
-0.071145 2.962955 5.811056 0.000000
0.340924 2.323068 5.360330 0.000000
0.641862 1.851804 5.030091 0.000000
0.871086 1.489005 4.777585 0.000000
0.168913 2.787695 5.557442 0.000000
0.512550 2.215843 5.179470 0.000000
0.768731 1.784830 4.896664 0.000000
0.967553 1.446792 4.676290 0.000000
1.818844 0.986971 3.773032 0.000000
1.702314 1.204389 3.905855 0.000000
1.723320 1.049010 3.875596 0.000000
1.722525 1.495427 3.900600 0.000000
1.742459 1.320310 3.870646 0.000000
1.758897 1.162007 3.844994 0.000000
1.772516 1.017470 3.822827 0.000000
1.791904 1.426452 3.825352 0.000000
1.803261 1.266773 3.804899 0.000000
1.812165 1.121139 3.787571 0.000000
1.677389 1.376113 3.940829 0.000000
1.855750 1.361377 3.755910 0.000000
1.860114 1.215459 3.743263 0.000000
1.862465 1.081388 3.733210 0.000000
1.863274 0.956840 3.725170 0.000000
1.915442 1.299056 3.690798 0.000000
1.913347 1.166212 3.685396 0.000000
1.909942 1.042898 3.681773 0.000000
1.900246 0.950645 3.700325 0.000000
1.970765 1.239902 3.630270 0.000000
1.560632 1.147233 4.049367 0.000000
1.361219 1.438543 4.270250 0.000000
1.436582 1.216703 4.181237 0.000000
1.276796 1.906471 4.380223 0.000000
1.364657 1.627159 4.276112 0.000000
1.438475 1.388319 4.188034 0.000000
1.500336 1.181507 4.113523 0.000000
1.381641 1.814083 4.267889 0.000000
1.452122 1.559505 4.182631 0.000000
1.510905 1.339824 4.110799 0.000000
0.877913 -0.820945 3.695720 0.000000
1.477779 1.727238 4.164653 0.000000
1.532704 1.495495 4.096320 0.000000
1.578891 1.292963 4.038154 0.000000
1.617765 1.113725 3.988459 0.000000
1.566140 1.645408 4.069542 0.000000
1.607604 1.434488 4.015917 0.000000
1.642230 1.248145 3.970333 0.000000
1.671944 1.080957 3.930584 0.000000
1.647429 1.568438 3.981839 0.000000
2.008877 -2.966488 3.976996 0.000000
1.902537 -3.394801 4.073719 0.000000
2.230267 -2.269571 3.536297 0.000000
2.118181 -2.847353 3.867523 0.000000
1.985473 -3.136363 3.996209 0.000000
1.826978 -3.478307 4.148778 0.000000
2.194136 -2.271768 3.546473 0.000000
2.065230 -2.905709 3.920572 0.000000
1.920017 -3.207186 4.061498 0.000000
1.746608 -3.564899 4.228602 0.000000
2.157503 -2.281812 3.562647 0.000000
2.046822 -3.068343 3.934992 0.000000
1.851141 -3.280045 4.130171 0.000000
1.661002 -3.654942 4.313608 0.000000
2.118374 -2.324973 3.602241 0.000000
1.949294 -3.029404 4.036621 0.000000
1.778064 -3.355613 4.203006 0.000000
1.563091 -3.784198 4.426444 0.000000
2.042547 -2.806293 3.946688 0.000000
1.886268 -3.094462 4.099660 0.000000
1.700501 -3.433898 4.280291 0.000000
2.337362 -2.263539 3.509669 0.000000
2.220196 -3.018537 3.757839 0.000000
2.408206 -2.259950 3.494962 0.000000
2.326053 -2.256986 3.439299 0.000000
2.261402 -2.816514 3.720615 0.000000
2.163773 -3.088828 3.813995 0.000000
2.372937 -2.261693 3.501951 0.000000
2.289816 -2.259061 3.448820 0.000000
2.212289 -2.876324 3.769723 0.000000
2.104405 -3.161036 3.873055 0.000000
1.473071 -3.845526 4.500182 0.000000
2.253866 -2.267980 3.463135 0.000000
2.160034 -2.938426 3.821944 0.000000
2.040954 -3.236389 3.936150 0.000000
2.301980 -2.265450 3.517867 0.000000
2.217412 -2.311416 3.499996 0.000000
2.105238 -3.002002 3.876676 0.000000
1.974088 -3.313918 4.002616 0.000000
2.266195 -2.267463 3.526737 0.000000
2.168760 -2.790359 3.816820 0.000000
1.218998 -3.713327 4.765873 0.000000
1.663360 -3.181940 4.326665 0.000000
1.418529 -3.539372 4.566814 0.000000
1.117362 -3.974412 4.860897 0.000000
0.734208 -4.522493 5.233640 0.000000
1.565557 -3.340071 4.468965 0.000000
1.322375 -3.624228 4.662751 0.000000
0.995749 -4.078532 4.981939 0.000000
0.577216 -4.654945 5.389526 0.000000
1.502646 -3.328506 4.487405 0.000000
0.879024 -4.397241 5.089864 0.000000
0.865378 -4.187558 5.111694 0.000000
0.409378 -4.792974 5.556214 0.000000
1.414662 -3.406310 4.575349 0.000000
1.109253 -3.805949 4.875323 0.000000
0.726644 -4.300708 5.249780 0.000000
0.027870 -5.380723 6.074155 0.000000
1.320140 -3.487952 4.669800 0.000000
0.990928 -3.903471 4.993317 0.000000
0.576384 -4.420366 5.399344 0.000000
1.673800 -3.303989 4.311986 0.000000
1.988158 -2.863328 4.001274 0.000000
1.819543 -3.161790 4.166368 0.000000
1.587879 -3.664312 4.461929 0.000000
1.369847 -3.946506 4.602647 0.000000
1.930709 -2.922233 4.058896 0.000000
1.748839 -3.231529 4.237027 0.000000
1.529634 -3.600471 4.450476 0.000000
1.259486 -4.051878 4.712191 0.000000
1.869474 -2.983661 4.120281 0.000000
2.308286 -2.758117 3.673706 0.000000
1.436193 -3.688376 4.543518 0.000000
1.141456 -4.161682 4.829353 0.000000
1.805116 -3.046938 4.184758 0.000000
1.571973 -3.479622 4.462829 0.000000
1.336542 -3.779985 4.642726 0.000000
1.014868 -4.276764 4.955010 0.000000
1.736334 -3.113203 4.253630 0.000000
1.509424 -3.457335 4.476103 0.000000
1.230969 -3.874845 4.747816 0.000000
2.838650 -2.150493 3.395080 0.000000
2.818166 -2.135924 3.239700 0.000000
2.781527 -2.180439 3.196526 0.000000
2.910483 -2.149159 3.396796 0.000000
2.841305 -2.142694 3.314813 0.000000
2.780520 -2.136839 3.241199 0.000000
2.755550 -2.224341 3.220875 0.000000
2.874175 -2.149800 3.395672 0.000000
2.804784 -2.143510 3.315380 0.000000
2.743364 -2.137828 3.243296 0.000000
2.715731 -2.225568 3.224480 0.000000
2.878618 -2.141934 3.314766 0.000000
2.768447 -2.144399 3.316532 0.000000
2.716445 -2.171118 3.263474 0.000000
2.676050 -2.226885 3.228732 0.000000
2.803281 -2.151248 3.394987 0.000000
2.732805 -2.145344 3.318183 0.000000
2.690968 -2.213488 3.289219 0.000000
2.637042 -2.228278 3.233599 0.000000
2.768318 -2.152060 3.395378 0.000000
2.697268 -2.146367 3.320417 0.000000
2.882859 -2.127683 3.166730 0.000000
3.016120 -2.132360 3.241170 0.000000
2.965191 -2.126216 3.166690 0.000000
3.099397 -2.146798 3.410537 0.000000
3.033070 -2.139530 3.320385 0.000000
2.974939 -2.132945 3.239650 0.000000
2.923652 -2.126916 3.166415 0.000000
3.060275 -2.147163 3.406652 0.000000
2.993525 -2.140041 3.318110 0.000000
2.934824 -2.133587 3.238746 0.000000
2.658169 -2.234589 3.304074 0.000000
3.021876 -2.147583 3.403364 0.000000
2.954682 -2.140609 3.316408 0.000000
2.895405 -2.134294 3.238438 0.000000
2.842764 -2.128524 3.167701 0.000000
2.984148 -2.148057 3.400657 0.000000
2.916202 -2.141245 3.315313 0.000000
2.856632 -2.135070 3.238754 0.000000
2.805527 -2.135496 3.172335 0.000000
2.947032 -2.148582 3.398471 0.000000
2.512601 -2.248060 3.472783 0.000000
2.412889 -2.281200 3.298575 0.000000
2.567255 -2.172191 3.417309 0.000000
2.505759 -2.248007 3.401458 0.000000
2.435094 -2.244056 3.340804 0.000000
2.416571 -2.758590 3.562142 0.000000
2.540540 -2.209681 3.444439 0.000000
2.469801 -2.249634 3.407838 0.000000
2.398318 -2.245938 3.349081 0.000000
2.371638 -2.820418 3.606962 0.000000
2.471926 -2.242263 3.333138 0.000000
2.433915 -2.251340 3.414781 0.000000
2.361562 -2.247915 3.358022 0.000000
2.323760 -2.884625 3.654690 0.000000
2.478474 -2.256714 3.482713 0.000000
2.397785 -2.253144 3.422371 0.000000
2.326859 -2.284052 3.387345 0.000000
2.273459 -2.950470 3.704804 0.000000
2.443462 -2.258286 3.488515 0.000000
2.361946 -2.255024 3.430560 0.000000
2.665256 -2.154877 3.399665 0.000000
2.598358 -2.229755 3.239074 0.000000
2.733731 -2.152934 3.396293 0.000000
2.662066 -2.147457 3.323169 0.000000
2.620411 -2.235964 3.308715 0.000000
2.559949 -2.231317 3.245162 0.000000
2.699482 -2.153871 3.397726 0.000000
2.635733 -2.182485 3.346479 0.000000
2.582922 -2.237417 3.313936 0.000000
2.521776 -2.232971 3.251906 0.000000
-0.030056 -5.221472 6.032228 0.000000
2.609498 -2.222008 3.373058 0.000000
2.545658 -2.238952 3.319740 0.000000
2.483784 -2.234714 3.259273 0.000000
2.631559 -2.155936 3.402044 0.000000
2.578072 -2.244998 3.390493 0.000000
2.508584 -2.240572 3.326173 0.000000
2.445934 -2.236552 3.267311 0.000000
2.597828 -2.157071 3.404979 0.000000
2.541836 -2.246462 3.395678 0.000000
0.930843 -1.178711 3.713907 0.000000
0.968130 -1.395022 3.731998 0.000000
0.953271 -1.322555 3.723475 0.000000
0.940481 -1.254065 3.716772 0.000000
0.974706 -1.430109 3.735553 0.000000
0.959425 -1.354559 3.726823 0.000000
0.946495 -1.283500 3.720148 0.000000
0.935454 -1.216052 3.715145 0.000000
0.964404 -1.388626 3.728858 0.000000
0.951206 -1.314834 3.722100 0.000000
0.940079 -1.244854 3.717179 0.000000
0.985474 -1.472068 3.742705 0.000000
0.954654 -1.347876 3.722683 0.000000
0.943350 -1.275204 3.717765 0.000000
0.934062 -1.206576 3.714608 0.000000
0.926503 -1.141433 3.712970 0.000000
0.945303 -1.307218 3.716932 0.000000
0.935946 -1.236244 3.713857 0.000000
0.928448 -1.168937 3.712419 0.000000
0.922531 -1.104774 3.712382 0.000000
0.936392 -1.266933 3.711623 0.000000
0.976095 -1.442757 3.735872 0.000000
1.018535 -1.603970 3.764597 0.000000
0.993475 -1.525269 3.746231 0.000000
0.971403 -1.451835 3.730487 0.000000
1.033540 -1.643556 3.776244 0.000000
1.007418 -1.560858 3.757105 0.000000
0.984569 -1.483727 3.740848 0.000000
0.964402 -1.411142 3.726967 0.000000
1.020748 -1.600077 3.767101 0.000000
0.996893 -1.518672 3.750149 0.000000
0.928886 -1.197328 3.710326 0.000000
0.957812 -1.370991 3.723840 0.000000
1.008469 -1.556850 3.758470 0.000000
0.986863 -1.477045 3.743665 0.000000
0.968085 -1.402307 3.731342 0.000000
0.951674 -1.331656 3.721124 0.000000
0.996710 -1.514196 3.750335 0.000000
0.977222 -1.435633 3.737578 0.000000
0.960443 -1.362043 3.727193 0.000000
0.945917 -1.292790 3.718777 0.000000
0.901732 -0.820883 3.719155 0.000000
0.901595 -0.947458 3.706518 0.000000
0.905194 -0.890564 3.715607 0.000000
0.891458 -1.030235 3.688688 0.000000
0.894264 -0.969527 3.697188 0.000000
0.898272 -0.911518 3.706737 0.000000
0.903323 -0.855514 3.717241 0.000000
0.885270 -0.991185 3.686284 0.000000
0.889678 -0.932272 3.696265 0.000000
0.895205 -0.875449 3.707269 0.000000
0.899155 -1.006945 3.698445 0.000000
0.879491 -0.952572 3.684292 0.000000
0.885439 -0.895151 3.695720 0.000000
0.892460 -0.839785 3.708125 0.000000
0.900422 -0.786370 3.721380 0.000000
0.874080 -0.914085 3.682705 0.000000
0.881520 -0.857862 3.695560 0.000000
0.889991 -0.803946 3.709319 0.000000
0.899391 -0.751956 3.723914 0.000000
0.868985 -0.875417 3.681502 0.000000
0.912483 -0.996214 3.712577 0.000000
0.923144 -1.131324 3.710574 0.000000
0.918846 -1.068128 3.712116 0.000000
0.927862 -1.226691 3.706729 0.000000
0.922207 -1.158728 3.707185 0.000000
0.918160 -1.094008 3.709060 0.000000
0.915511 -1.032045 3.712185 0.000000
0.919815 -1.187059 3.702302 0.000000
0.915900 -1.120416 3.704428 0.000000
0.913537 -1.056957 3.707921 0.000000
1.047003 -1.688004 3.785995 0.000000
0.912128 -1.147418 3.698277 0.000000
0.909977 -1.082363 3.702072 0.000000
0.909250 -1.020438 3.707108 0.000000
0.909785 -0.960892 3.713288 0.000000
0.904870 -1.108330 3.694672 0.000000
0.904383 -1.044551 3.700063 0.000000
0.905276 -0.983849 3.706656 0.000000
0.907332 -0.925497 3.714292 0.000000
0.897978 -1.069179 3.691481 0.000000
1.162494 -2.139724 3.864541 0.000000
0.586654 -4.073248 5.402012 0.000000
0.069013 -4.601133 5.912458 0.000000
-1.600524 -6.943798 8.052530 0.000000
1.142818 -2.163936 3.843103 0.000000
0.427439 -4.191325 5.560865 0.000000
-0.194585 -4.854395 6.212605 0.000000
-1.673617 -6.736492 8.001017 0.000000
1.126404 -2.108331 3.831255 0.000000
0.256098 -4.315642 5.731801 0.000000
-0.349180 -4.890370 6.329453 0.000000
-1.749717 -6.835023 7.916166 0.000000
1.110954 -2.054521 3.820213 0.000000
0.068451 -4.448774 5.918997 0.000000
-1.600842 -6.675562 8.078873 0.000000
1.145240 -2.086326 3.851675 0.000000
1.096315 -2.001981 3.809872 0.000000
-0.199016 -4.698841 6.223143 0.000000
1.180901 -2.124967 3.883984 0.000000
1.128821 -2.034165 3.839534 0.000000
1.082448 -1.950639 3.800202 0.000000
0.582281 -4.224816 5.400743 0.000000
1.219000 -3.573610 4.770826 0.000000
0.864072 -4.005607 5.119804 0.000000
0.414553 -4.546183 5.560436 0.000000
-0.084410 -5.068237 5.993220 0.000000
1.109972 -3.663784 4.879705 0.000000
0.728889 -4.111995 5.254583 0.000000
0.241315 -4.677686 5.732901 0.000000
-0.153457 -4.950281 5.982195 0.000000
0.993826 -3.757918 4.995660 0.000000
-0.361335 -4.743281 6.347752 0.000000
0.052920 -4.817011 5.920486 0.000000
-0.292648 -4.963333 6.080125 0.000000
0.868080 -3.857594 5.121173 0.000000
0.424273 -4.343575 5.558267 0.000000
-0.148586 -4.961403 6.120627 0.000000
-1.679404 -7.051536 7.964011 0.000000
0.732746 -3.962448 5.256236 0.000000
0.253646 -4.468810 5.728376 0.000000
-1.523089 -7.157987 8.107632 0.000000
1.023296 -1.654313 3.765242 0.000000
1.082187 -1.827835 3.809680 0.000000
1.045846 -1.743772 3.780387 0.000000
1.013408 -1.665375 3.754577 0.000000
1.106848 -1.871587 3.830650 0.000000
1.068314 -1.781836 3.799598 0.000000
1.034247 -1.698486 3.772530 0.000000
1.003993 -1.621069 3.748838 0.000000
1.090875 -1.824535 3.818554 0.000000
1.054980 -1.736277 3.790027 0.000000
1.123555 -1.919484 3.843415 0.000000
0.995131 -1.577853 3.743581 0.000000
1.075601 -1.778283 3.807100 0.000000
1.042256 -1.691475 3.781017 0.000000
1.012827 -1.610513 3.758423 0.000000
0.986728 -1.534982 3.738772 0.000000
1.060970 -1.732796 3.796238 0.000000
1.030116 -1.647387 3.772547 0.000000
1.002927 -1.567740 3.752105 0.000000
0.978832 -1.493106 3.734410 0.000000
1.084205 -1.884386 3.807189 0.000000
1.162556 -2.073077 3.869908 0.000000
1.113192 -1.983171 3.828084 0.000000
1.069289 -1.900441 3.791147 0.000000
1.197833 -2.119041 3.901272 0.000000
1.144904 -2.021933 3.856458 0.000000
1.098341 -1.933259 3.817321 0.000000
1.056803 -1.851321 3.782679 0.000000
1.177986 -2.067636 3.885661 0.000000
1.128207 -1.972230 3.843840 0.000000
3.508797 3.904532 5.340445 0.000000
1.044984 -1.803203 3.774802 0.000000
1.159045 -2.017261 3.870864 0.000000
1.112135 -1.923165 3.831795 0.000000
1.070749 -1.836492 3.797662 0.000000
1.033892 -1.756386 3.767554 0.000000
1.140889 -1.967914 3.856766 0.000000
1.096823 -1.875041 3.820435 0.000000
1.058038 -1.789880 3.788780 0.000000
1.023375 -1.710460 3.760818 0.000000
2.388024 -3.599176 3.569080 0.000000
2.605838 -2.851199 3.365563 0.000000
2.558807 -3.096786 3.407942 0.000000
2.504979 -3.379378 3.455592 0.000000
2.538045 -2.279124 3.169716 0.000000
2.566327 -2.924419 3.404423 0.000000
2.511744 -3.184612 3.453933 0.000000
2.448686 -3.486253 3.510237 0.000000
2.579440 -2.760410 3.394640 0.000000
2.524285 -3.000954 3.445729 0.000000
2.461375 -3.276973 3.503107 0.000000
2.564748 -2.228840 3.142999 0.000000
2.541855 -2.827848 3.431758 0.000000
2.479495 -3.080967 3.489695 0.000000
2.407393 -3.373883 3.555772 0.000000
2.322541 -3.718745 3.632560 0.000000
2.502282 -2.897665 3.470797 0.000000
2.431716 -3.164859 3.536547 0.000000
2.349446 -3.476166 3.612255 0.000000
2.252256 -3.844675 3.700651 0.000000
2.460241 -2.970571 3.512226 0.000000
2.682755 -2.856060 3.286602 0.000000
2.683944 -2.211621 3.071385 0.000000
2.753422 -2.711441 3.217247 0.000000
2.733628 -2.918400 3.233123 0.000000
2.706802 -2.216323 3.125937 0.000000
2.646889 -2.212810 3.075164 0.000000
2.719062 -2.782548 3.250987 0.000000
2.693764 -3.002506 3.271983 0.000000
2.670611 -2.217394 3.128706 0.000000
2.615903 -2.240032 3.090311 0.000000
2.380273 -3.253510 3.586949 0.000000
2.651400 -3.089976 3.313240 0.000000
2.634432 -2.218531 3.131873 0.000000
2.678009 -2.713490 3.294471 0.000000
2.644082 -2.932797 3.324499 0.000000
2.606007 -3.181734 3.357408 0.000000
2.598815 -2.219723 3.135433 0.000000
2.643008 -2.780959 3.328968 0.000000
2.602837 -3.012914 3.364878 0.000000
2.557302 -3.278027 3.404762 0.000000
1.998753 -3.709981 3.964908 0.000000
1.893168 -4.229763 4.055941 0.000000
1.688962 -4.737842 4.225062 0.000000
2.139557 -3.493855 3.827105 0.000000
1.984438 -3.894031 3.973630 0.000000
1.793696 -4.385209 4.152498 0.000000
1.590766 -4.744241 4.260448 0.000000
2.072025 -3.598362 3.893224 0.000000
1.898797 -4.025292 4.057105 0.000000
1.684328 -4.553278 4.258621 0.000000
0.709353 -9.277799 6.362539 0.000000
2.063575 -3.770755 3.896449 0.000000
1.806586 -4.164614 4.146926 0.000000
0.862581 -9.234270 6.518039 0.000000
0.575102 -8.912141 6.266924 0.000000
1.919677 -3.828665 4.042215 0.000000
1.705607 -4.314619 4.245246 0.000000
0.724936 -8.886566 6.417260 0.000000
0.451854 -8.571680 6.179495 0.000000
1.834134 -3.955196 4.125784 0.000000
1.586545 -4.531774 4.380386 0.000000
2.002978 -4.274571 3.941899 0.000000
2.287149 -3.584039 3.672937 0.000000
2.176150 -3.978376 3.774346 0.000000
2.415156 -3.047393 3.556609 0.000000
2.325656 -3.345979 3.640414 0.000000
2.220052 -3.698201 3.738248 0.000000
2.092895 -4.122182 3.854917 0.000000
2.367508 -3.127287 3.603467 0.000000
2.267148 -3.443300 3.697643 0.000000
2.147662 -3.819110 3.808668 0.000000
2.743329 -2.215306 3.123525 0.000000
2.316268 -3.211868 3.653809 0.000000
2.203856 -3.546853 3.759500 0.000000
2.069999 -3.946677 3.884170 0.000000
1.904912 -4.437910 4.036726 0.000000
2.261517 -3.300674 3.707552 0.000000
2.136306 -3.655674 3.825467 0.000000
1.985255 -4.083410 3.966515 0.000000
1.797613 -4.613816 4.140435 0.000000
2.202915 -3.394224 3.765024 0.000000
3.121516 -2.104948 2.962523 0.000000
3.297304 -2.114641 3.095811 0.000000
3.253334 -2.109188 3.028630 0.000000
3.213612 -2.104062 2.965808 0.000000
3.177518 -2.099227 2.906722 0.000000
3.252683 -2.114897 3.091871 0.000000
3.207903 -2.109526 3.025742 0.000000
3.166970 -2.104483 2.963909 0.000000
3.129964 -2.099726 2.905776 0.000000
3.209512 -2.115184 3.088419 0.000000
3.163268 -2.109906 3.023335 0.000000
3.226043 -2.098779 2.908209 0.000000
3.083642 -2.100277 2.905390 0.000000
3.167021 -2.115511 3.085436 0.000000
3.120044 -2.110326 3.021451 0.000000
3.077494 -2.105458 2.961668 0.000000
3.056186 -2.134103 2.916733 0.000000
3.125487 -2.115875 3.082888 0.000000
3.077797 -2.110788 3.020022 0.000000
3.034154 -2.106020 2.961290 0.000000
3.037361 -2.187762 2.935332 0.000000
3.397782 -2.108403 3.040679 0.000000
3.538868 -2.113857 3.123748 0.000000
3.501341 -2.108051 3.051706 0.000000
3.467514 -2.102576 2.984079 0.000000
3.437167 -2.097395 2.920278 0.000000
3.487797 -2.113954 3.116997 0.000000
3.448738 -2.108212 3.045883 0.000000
3.413337 -2.102799 2.979137 0.000000
3.381783 -2.097685 2.916307 0.000000
3.437885 -2.114082 3.110834 0.000000
3.084859 -2.116283 3.080838 0.000000
3.361300 -2.103056 2.974902 0.000000
3.328227 -2.098010 2.912993 0.000000
3.389826 -2.114235 3.105273 0.000000
3.347985 -2.108632 3.036078 0.000000
3.310493 -2.103354 2.971292 0.000000
3.276357 -2.098373 2.910303 0.000000
3.343118 -2.114420 3.100282 0.000000
3.299997 -2.108891 3.032067 0.000000
3.261184 -2.103690 2.968267 0.000000
2.745857 -2.204473 3.009628 0.000000
2.876622 -2.206549 3.058535 0.000000
2.825785 -2.202332 3.003312 0.000000
2.779493 -2.198362 2.951328 0.000000
2.876533 -2.169867 3.099342 0.000000
2.837029 -2.207446 3.060249 0.000000
2.785710 -2.203369 3.006258 0.000000
2.743077 -2.214040 2.960432 0.000000
2.855097 -2.212600 3.118745 0.000000
2.797987 -2.208402 3.062406 0.000000
2.895889 -2.126318 3.079947 0.000000
2.838223 -2.687693 3.130964 0.000000
2.817590 -2.213444 3.119934 0.000000
2.759740 -2.209409 3.064971 0.000000
2.706787 -2.205639 3.013465 0.000000
2.805540 -2.761576 3.162919 0.000000
2.780250 -2.214349 3.121549 0.000000
2.721639 -2.210484 3.067961 0.000000
2.675921 -2.235866 3.028846 0.000000
2.770638 -2.838567 3.197009 0.000000
2.950387 -2.199581 2.997227 0.000000
3.036149 -2.111302 3.019073 0.000000
3.003615 -2.130059 2.970152 0.000000
2.994428 -2.193482 2.938194 0.000000
3.045059 -2.116730 3.079192 0.000000
2.995672 -2.111859 3.018590 0.000000
2.984465 -2.180107 2.989177 0.000000
2.949640 -2.194337 2.939856 0.000000
3.006027 -2.117217 3.077941 0.000000
2.955959 -2.113092 3.018785 0.000000
0.598136 -8.561868 6.324744 0.000000
2.906020 -2.195248 2.942016 0.000000
2.967725 -2.117753 3.077148 0.000000
2.937041 -2.159075 3.037674 0.000000
2.908063 -2.200441 2.998805 0.000000
2.863166 -2.196221 2.944647 0.000000
2.930083 -2.118330 3.076727 0.000000
2.916498 -2.205714 3.057250 0.000000
2.866761 -2.201355 3.000845 0.000000
2.821017 -2.197260 2.947776 0.000000
1.014820 -1.608003 3.432682 0.000000
1.342692 -1.573326 3.234487 0.000000
1.244065 -1.583564 3.289155 0.000000
1.139197 -1.594331 3.348619 0.000000
1.027032 -1.605685 3.413361 0.000000
1.293828 -1.578636 3.263788 0.000000
1.190001 -1.589503 3.323675 0.000000
1.079081 -1.600963 3.389001 0.000000
0.959341 -1.613162 3.460890 0.000000
1.242116 -1.584231 3.295233 0.000000
1.132943 -1.595727 3.360502 0.000000
1.089725 -1.598705 3.369821 0.000000
0.887110 -1.621073 3.512117 0.000000
1.187663 -1.590090 3.328766 0.000000
1.071632 -1.602370 3.400552 0.000000
0.946435 -1.615434 3.479648 0.000000
0.852935 -1.595741 3.530960 0.000000
1.129285 -1.596333 3.365160 0.000000
1.006029 -1.609429 3.443929 0.000000
0.872277 -1.623423 3.531090 0.000000
0.933812 -1.485026 3.453809 0.000000
0.938434 -2.123127 3.644493 0.000000
-0.691909 -4.938312 5.590791 0.000000
-2.458727 -6.910336 7.210028 0.000000
1.391090 -1.566034 3.185033 0.000000
1.306429 -1.574160 3.223344 0.000000
-2.355565 -7.106946 7.292119 0.000000
-2.523114 -6.689446 7.168522 0.000000
1.346145 -1.571134 3.213417 0.000000
1.256688 -1.579846 3.256307 0.000000
-2.427097 -6.884610 7.243719 0.000000
1.066495 -1.603008 3.404849 0.000000
1.298762 -1.576491 3.243778 0.000000
1.204399 -1.585793 3.291423 0.000000
-2.495898 -6.666083 7.197628 0.000000
1.342536 -1.572670 3.227530 0.000000
1.248672 -1.582124 3.276250 0.000000
1.148866 -1.592067 3.329151 0.000000
0.944600 -2.117378 3.651011 0.000000
1.294675 -1.577979 3.257297 0.000000
1.195597 -1.588061 3.311122 0.000000
1.043517 -1.155493 3.321816 0.000000
1.094327 -1.269006 3.300868 0.000000
1.162446 -1.161271 3.236872 0.000000
1.068392 -1.153067 3.306805 0.000000
1.083887 -1.307966 3.309677 0.000000
1.153862 -1.193112 3.244102 0.000000
1.127571 -1.146221 3.259505 0.000000
0.977554 -1.163083 3.376058 0.000000
1.155024 -1.221246 3.241653 0.000000
1.184426 -1.139360 3.212174 0.000000
0.997627 -1.412022 3.392368 0.000000
0.875014 -1.174171 3.454639 0.000000
1.214890 -1.147291 3.184562 0.000000
1.106016 -1.148010 3.268470 0.000000
0.947577 -1.165870 3.393357 0.000000
1.165782 -1.140579 3.215827 0.000000
1.017614 -1.157563 3.332294 0.000000
1.083005 -1.149518 3.273518 0.000000
0.916290 -1.168298 3.405924 0.000000
0.989228 -1.159435 3.339278 0.000000
0.994792 -1.386153 3.396396 0.000000
0.935578 -1.616946 3.490969 0.000000
0.821071 -1.609860 3.562684 0.000000
1.000314 -1.392172 3.390532 0.000000
0.999722 -1.610048 3.447481 0.000000
0.860248 -1.624913 3.541766 0.000000
0.916066 -1.488283 3.471663 0.000000
1.057082 -1.311477 3.336651 0.000000
0.927413 -1.617617 3.494234 0.000000
0.833628 -1.591461 3.550748 0.000000
1.353144 -1.568791 3.192765 0.000000
1.104692 -1.241941 3.291603 0.000000
0.849955 -1.625649 3.544772 0.000000
0.938493 -1.463081 3.450038 0.000000
1.060005 -1.300207 3.334197 0.000000
1.145685 -1.180543 3.252934 0.000000
0.890352 -1.540365 3.495439 0.000000
1.023601 -1.357630 3.368485 0.000000
1.115492 -1.225698 3.281413 0.000000
1.148900 -1.144018 3.245821 0.000000
0.041958 -6.801040 5.950397 0.000000
-0.123307 -6.893809 5.778350 0.000000
0.465831 -7.610921 6.288896 0.000000
0.215620 -7.254491 6.077219 0.000000
-0.003040 -6.941843 5.892239 0.000000
-0.197950 -6.661209 5.727468 0.000000
0.364460 -7.372706 6.212417 0.000000
0.126208 -7.022723 6.011793 0.000000
-0.082801 -6.713668 5.835886 0.000000
-0.268001 -6.438944 5.680035 0.000000
0.268200 -7.143107 6.140056 0.000000
0.081244 -7.178887 5.952109 0.000000
-0.156644 -6.498478 5.784034 0.000000
-0.333751 -6.226091 5.635863 0.000000
0.178014 -6.924990 6.072488 0.000000
-0.038105 -6.587014 5.892316 0.000000
-0.226729 -6.290560 5.735120 0.000000
-0.395138 -6.023475 5.594944 0.000000
0.092157 -6.714074 6.008420 0.000000
-0.113026 -6.383070 5.838264 0.000000
-0.292804 -6.090911 5.689301 0.000000
1.529620 -4.392555 4.422895 0.000000
0.337641 -8.251224 6.098851 0.000000
1.741362 -4.090479 4.216356 0.000000
1.474784 -4.650295 4.469813 0.000000
0.479380 -8.253065 6.238454 0.000000
0.232426 -7.950847 6.024963 0.000000
1.610226 -4.424105 4.413924 0.000000
0.635475 -8.300117 6.387741 0.000000
0.369538 -7.963265 6.158951 0.000000
0.133710 -7.664687 5.955966 0.000000
-0.453258 -5.827249 5.556577 0.000000
0.520985 -8.020712 6.302637 0.000000
0.266959 -7.688542 6.085015 0.000000
0.041717 -7.393382 5.892029 0.000000
1.408170 -4.562445 4.541263 0.000000
0.412841 -7.753441 6.222490 0.000000
0.171075 -7.427433 6.016240 0.000000
-0.043522 -7.137453 5.833146 0.000000
0.574405 -7.862398 6.371087 0.000000
0.310783 -7.496979 6.147186 0.000000
-0.587877 -4.985490 5.504459 0.000000
-0.337674 -5.596168 5.692712 0.000000
-0.487077 -5.301373 5.573665 0.000000
-0.618597 -5.037721 5.469227 0.000000
-0.830366 -4.933876 5.471816 0.000000
-0.397247 -5.431134 5.649798 0.000000
-0.538773 -5.141029 5.538025 0.000000
-0.695050 -4.928946 5.473628 0.000000
-2.543172 -7.071291 7.110950 0.000000
-0.454207 -5.269814 5.609077 0.000000
-0.695717 -4.954942 5.401155 0.000000
-2.433236 -7.205144 7.205902 0.000000
1.440265 -1.558722 3.136890 0.000000
-0.508444 -5.113337 5.570553 0.000000
-0.701363 -4.934996 5.545461 0.000000
-2.497289 -6.972795 7.165877 0.000000
1.397802 -1.563637 3.163918 0.000000
-0.560125 -4.961384 5.534096 0.000000
-2.391107 -7.137028 7.254138 0.000000
-2.558589 -6.745009 7.128100 0.000000
-0.315224 -5.813553 5.693949 0.000000
0.010437 -6.509791 5.947724 0.000000
-0.183879 -6.187067 5.787400 0.000000
-0.355162 -5.898911 5.646356 0.000000
-0.507687 -5.639954 5.520941 0.000000
-0.066377 -6.314882 5.890901 0.000000
-0.251366 -5.996882 5.739239 0.000000
-0.413997 -5.713922 5.606164 0.000000
-0.558910 -5.459352 5.487782 0.000000
-0.139638 -6.125566 5.836987 0.000000
3.429390 -2.017529 2.896935 0.000000
-0.469283 -5.536915 5.568663 0.000000
-0.607276 -5.285096 5.456797 0.000000
-0.209129 -5.943009 5.786092 0.000000
-0.375273 -5.637942 5.651632 0.000000
-0.521931 -5.364573 5.533280 0.000000
-0.652561 -5.117911 5.428141 0.000000
-0.275039 -5.766660 5.738087 0.000000
-0.432685 -5.466932 5.611437 0.000000
-0.571712 -5.197861 5.500153 0.000000
3.236010 0.302850 2.962649 0.000000
3.137768 0.171236 2.856750 0.000000
3.210606 0.287295 2.936848 0.000000
3.308281 0.442623 3.045274 0.000000
3.447091 0.663003 3.200776 0.000000
3.118538 0.126339 2.834486 0.000000
3.183836 0.231093 2.906092 0.000000
3.269984 0.368835 3.001436 0.000000
3.389740 0.559800 3.135189 0.000000
3.101141 0.085006 2.814360 0.000000
3.159747 0.179949 2.878474 0.000000
3.513844 0.782610 3.277337 0.000000
3.339948 0.469686 3.078408 0.000000
3.085360 0.046782 2.796109 0.000000
3.138040 0.133220 2.853627 0.000000
3.205686 0.243427 2.928118 0.000000
3.296295 0.390243 3.028776 0.000000
3.070940 0.011245 2.779440 0.000000
3.118308 0.090224 2.831085 0.000000
3.178444 0.189582 2.897180 0.000000
3.257779 0.319650 2.985112 0.000000
3.312276 0.496469 3.054229 0.000000
3.272065 0.472145 3.013118 0.000000
3.405298 0.684390 3.162310 0.000000
3.605402 1.003800 3.388433 0.000000
3.943348 1.544323 3.773447 0.000000
3.238651 0.398722 2.974066 0.000000
3.355552 0.584237 3.104443 0.000000
3.526144 0.855305 3.296476 0.000000
3.801143 1.293027 3.608687 0.000000
3.209039 0.333054 2.939542 0.000000
3.057797 -0.021908 2.764236 0.000000
3.458976 0.728983 3.218755 0.000000
3.686682 1.090250 3.476382 0.000000
3.182633 0.273815 2.908817 0.000000
3.274194 0.418750 3.010163 0.000000
3.401490 0.620328 3.152414 0.000000
3.592502 0.922912 3.367794 0.000000
3.159026 0.220168 2.881398 0.000000
3.240600 0.349560 2.971382 0.000000
3.351751 0.525782 3.095169 0.000000
3.033828 -0.112804 2.734057 0.000000
3.031369 -0.110783 2.731940 0.000000
3.060931 -0.052701 2.764532 0.000000
3.097678 0.017353 2.805173 0.000000
2.999375 -0.183568 2.696103 0.000000
3.020782 -0.137459 2.719827 0.000000
3.046789 -0.083712 2.748635 0.000000
3.078984 -0.019600 2.784343 0.000000
2.992329 -0.205906 2.687717 0.000000
3.011047 -0.162712 2.708658 0.000000
3.007110 -0.160134 2.705232 0.000000
3.061878 -0.053954 2.765312 0.000000
2.985864 -0.227276 2.679961 0.000000
3.002088 -0.186709 2.698340 0.000000
3.021861 -0.140238 2.720592 0.000000
3.046232 -0.085980 2.747920 0.000000
2.980000 -0.247755 2.672839 0.000000
2.993851 -0.209558 2.688808 0.000000
3.010831 -0.166175 2.708164 0.000000
3.031817 -0.115999 2.731913 0.000000
3.111515 0.054212 2.821479 0.000000
3.100409 0.050561 2.810656 0.000000
3.153946 0.140567 2.869415 0.000000
3.223584 0.256480 2.946455 0.000000
3.045788 -0.052920 2.750329 0.000000
3.084040 0.013743 2.791997 0.000000
3.131707 0.095592 2.844269 0.000000
3.193000 0.199479 2.911977 0.000000
3.034817 -0.082060 2.737595 0.000000
3.069118 -0.020505 2.774990 0.000000
4.125021 1.864544 3.984376 0.000000
3.165522 0.147762 2.881082 0.000000
3.024766 -0.109525 2.725899 0.000000
3.055455 -0.052501 2.759418 0.000000
3.093148 0.015957 2.800778 0.000000
3.140673 0.100546 2.853220 0.000000
3.015549 -0.135511 2.715134 0.000000
3.042882 -0.082540 2.745085 0.000000
3.076335 -0.019570 2.781855 0.000000
3.118152 0.057239 2.828027 0.000000
3.903317 2.623702 4.315475 0.000000
3.873468 3.910946 5.441612 0.000000
3.849795 2.627889 4.220237 0.000000
3.892546 2.966387 4.530720 0.000000
4.072141 3.692992 5.121990 0.000000
3.983145 3.915813 5.429358 0.000000
4.670254 3.971031 5.002222 0.000000
3.943669 2.878126 4.473387 0.000000
3.976851 3.250730 4.827578 0.000000
4.094649 3.920679 5.418455 0.000000
4.805417 3.975888 5.006981 0.000000
4.061454 3.928558 5.284975 0.000000
4.033687 3.162777 4.764504 0.000000
4.037896 3.542870 5.148823 0.000000
4.943856 3.980754 5.013598 0.000000
3.995158 2.627336 4.317024 0.000000
3.918255 2.746926 4.491780 0.000000
4.100949 3.456247 5.079534 0.000000
4.518885 3.090312 4.498545 0.000000
4.878103 3.969434 5.139898 0.000000
3.938834 2.619087 4.406199 0.000000
4.016452 3.623486 4.807720 0.000000
3.348499 3.886634 5.520712 0.000000
3.915992 3.942122 5.007313 0.000000
3.770549 3.926145 5.162451 0.000000
3.616196 3.909345 5.326756 0.000000
3.450804 3.891506 5.502531 0.000000
3.951505 3.738016 4.880383 0.000000
3.884938 3.930933 5.154201 0.000000
3.725037 3.914149 5.314388 0.000000
3.554311 3.896375 5.485437 0.000000
3.999838 3.044116 4.792422 0.000000
4.001020 3.935723 5.147201 0.000000
3.835432 3.918954 5.303238 0.000000
3.659187 3.901231 5.469659 0.000000
3.909337 3.143142 4.523597 0.000000
4.096000 3.886021 5.108054 0.000000
3.947550 3.923757 5.293428 0.000000
3.765513 3.906090 5.454973 0.000000
3.788455 2.685164 4.254479 0.000000
4.001101 3.416262 4.811995 0.000000
3.611219 1.094320 3.403158 0.000000
3.531384 1.028028 3.318692 0.000000
3.828477 1.522461 3.658781 0.000000
4.399375 2.475279 4.316924 0.000000
5.213782 3.965558 5.380083 0.000000
3.462207 0.881277 3.236822 0.000000
3.708540 1.286455 3.517518 0.000000
4.149823 2.014386 4.024191 0.000000
5.186946 3.729102 5.222159 0.000000
3.403657 0.756364 3.167701 0.000000
5.076600 3.960439 5.378406 0.000000
3.962649 1.668107 3.805046 0.000000
4.697412 2.870411 4.650879 0.000000
3.353493 0.648734 3.108638 0.000000
3.530784 0.934817 3.308863 0.000000
3.817005 1.397990 3.634872 0.000000
4.365246 2.287058 4.263818 0.000000
3.309963 0.554740 3.057521 0.000000
3.462996 0.799893 3.229604 0.000000
3.700610 1.181490 3.499171 0.000000
4.444117 2.726914 4.387110 0.000000
4.219454 2.467870 4.139554 0.000000
5.015008 3.974323 5.145107 0.000000
4.792935 3.957635 5.263029 0.000000
3.886771 2.646827 4.518144 0.000000
4.004263 2.019588 3.882009 0.000000
4.826998 3.473448 4.841476 0.000000
4.924634 3.962553 5.264543 0.000000
3.954744 2.614100 4.490693 0.000000
3.842283 1.681269 3.688520 0.000000
2.974639 -0.267463 2.666249 0.000000
5.059871 3.967513 5.267564 0.000000
4.813376 3.950315 5.379988 0.000000
3.715752 1.416294 3.537710 0.000000
4.176897 2.205058 4.070502 0.000000
5.198757 3.972496 5.272380 0.000000
4.943317 3.955354 5.378520 0.000000
3.614454 1.203379 3.417246 0.000000
3.979796 1.819384 3.837397 0.000000
4.749631 3.120853 4.728434 0.000000
3.159628 -1.210271 2.732619 0.000000
2.998192 -1.014007 2.605233 0.000000
3.189838 -1.179007 2.765164 0.000000
3.120949 -1.128786 2.705985 0.000000
3.061836 -1.084939 2.655721 0.000000
3.010477 -1.046151 2.612524 0.000000
3.211854 -1.221530 2.780977 0.000000
3.139423 -1.167972 2.718636 0.000000
3.077603 -1.121678 2.665927 0.000000
3.023938 -1.080594 2.620675 0.000000
3.235719 -1.267160 2.798256 0.000000
3.047382 -1.050698 2.646496 0.000000
3.094696 -1.160933 2.677136 0.000000
3.038680 -1.117620 2.629758 0.000000
3.261821 -1.316679 2.817292 0.000000
3.181746 -1.256090 2.748071 0.000000
3.113617 -1.203725 2.689710 0.000000
3.054856 -1.157584 2.639890 0.000000
3.290843 -1.371208 2.838623 0.000000
3.206246 -1.306352 2.765347 0.000000
3.134419 -1.250206 2.703698 0.000000
3.134114 -1.068989 2.725791 0.000000
2.950491 -0.879343 2.578687 0.000000
3.103678 -1.006701 2.704796 0.000000
3.048506 -0.967996 2.657993 0.000000
3.000527 -0.933819 2.617746 0.000000
2.958407 -0.903335 2.582827 0.000000
3.118391 -1.037029 2.714896 0.000000
3.060741 -0.996237 2.665876 0.000000
3.010837 -0.960548 2.623889 0.000000
2.967071 -0.928621 2.587507 0.000000
3.072800 -1.201240 2.651305 0.000000
3.074073 -1.026423 2.674581 0.000000
3.022057 -0.988858 2.630708 0.000000
2.976602 -0.955539 2.592801 0.000000
3.151307 -1.103374 2.737827 0.000000
3.088423 -1.058303 2.684074 0.000000
3.034140 -1.018686 2.638177 0.000000
2.986913 -0.983867 2.598665 0.000000
3.169753 -1.139839 2.750851 0.000000
3.104016 -1.092342 2.694518 0.000000
3.540276 -1.966584 3.010728 0.000000
3.548121 -1.843806 3.032389 0.000000
3.422833 -1.737451 2.923003 0.000000
3.318618 -1.647205 2.832641 0.000000
3.230853 -1.569870 2.757080 0.000000
3.613264 -1.961732 3.082331 0.000000
3.477338 -1.843997 2.963584 0.000000
3.364876 -1.744713 2.865964 0.000000
3.270218 -1.659326 2.784387 0.000000
3.621622 -2.027241 3.105708 0.000000
3.196395 -1.490946 2.733435 0.000000
3.418167 -1.856543 2.904649 0.000000
3.315373 -1.761482 2.816001 0.000000
3.608177 -2.071337 3.118741 0.000000
3.612036 -2.107815 3.065437 0.000000
3.479687 -1.985165 2.949625 0.000000
3.367828 -1.879527 2.853068 0.000000
3.592054 -2.113786 3.131219 0.000000
3.555730 -2.107920 3.058225 0.000000
3.523574 -2.102381 2.989663 0.000000
3.296128 -1.487336 2.829890 0.000000
3.322594 -1.430485 2.862115 0.000000
3.233157 -1.360965 2.784503 0.000000
3.157222 -1.300563 2.719211 0.000000
3.092493 -1.248481 2.664020 0.000000
3.357833 -1.495828 2.888364 0.000000
3.262960 -1.420989 2.805895 0.000000
3.182670 -1.356210 2.736710 0.000000
3.114301 -1.300192 2.678294 0.000000
3.397423 -1.568856 2.918036 0.000000
2.991099 -0.908681 2.612242 0.000000
3.211036 -1.417638 2.756421 0.000000
3.138554 -1.357106 2.694373 0.000000
3.441586 -1.649797 2.951347 0.000000
3.333309 -1.561189 2.857001 0.000000
3.242762 -1.485824 2.778681 0.000000
3.165652 -1.420122 2.712556 0.000000
3.491403 -1.740731 2.989132 0.000000
3.375253 -1.643979 2.887813 0.000000
3.278457 -1.562028 2.803954 0.000000
2.984642 -0.721429 2.629429 0.000000
2.954411 -0.316790 2.643580 0.000000
2.957913 -0.285239 2.649478 0.000000
2.950372 -0.305199 2.640920 0.000000
2.943419 -0.324421 2.632966 0.000000
2.970057 -0.672064 2.621970 0.000000
2.974522 -0.688165 2.624147 0.000000
2.945331 -0.665253 2.600474 0.000000
2.979381 -0.704649 2.626627 0.000000
2.948821 -0.681283 2.601749 0.000000
2.921245 -0.659606 2.579550 0.000000
2.966111 -0.264433 2.658721 0.000000
2.952652 -0.697537 2.603291 0.000000
2.923861 -0.675460 2.580031 0.000000
2.897858 -0.654824 2.559280 0.000000
2.990344 -0.738810 2.632557 0.000000
2.956929 -0.714320 2.605161 0.000000
2.926876 -0.691647 2.580814 0.000000
2.899804 -0.670653 2.559140 0.000000
2.996531 -0.756725 2.636060 0.000000
2.961571 -0.731413 2.607315 0.000000
2.982661 -0.236432 2.676243 0.000000
2.986282 -0.231375 2.679996 0.000000
3.000665 -0.190756 2.696684 0.000000
3.018539 -0.144242 2.717169 0.000000
2.969812 -0.286447 2.660210 0.000000
2.979330 -0.252278 2.671839 0.000000
2.991286 -0.214137 2.686059 0.000000
3.006312 -0.170846 2.703587 0.000000
2.965462 -0.304784 2.654660 0.000000
2.972987 -0.272337 2.664321 0.000000
2.930314 -0.708337 2.581901 0.000000
2.995019 -0.196041 2.691031 0.000000
2.961538 -0.322546 2.649544 0.000000
2.967155 -0.291663 2.657339 0.000000
2.974685 -0.257752 2.667122 0.000000
2.984619 -0.219950 2.679438 0.000000
2.961837 -0.310308 2.650884 0.000000
2.967361 -0.278194 2.658686 0.000000
2.974986 -0.242708 2.668678 0.000000
2.960599 -0.297847 2.650839 0.000000
3.065701 -0.925585 2.679276 0.000000
2.920080 -0.774539 2.564517 0.000000
3.044561 -0.877904 2.665507 0.000000
2.999729 -0.846850 2.627982 0.000000
2.960175 -0.818962 2.595265 0.000000
2.925084 -0.793863 2.566581 0.000000
3.054751 -0.901175 2.672099 0.000000
3.008018 -0.868777 2.632878 0.000000
2.966976 -0.839950 2.598824 0.000000
2.930530 -0.813775 2.568966 0.000000
2.953983 -0.798951 2.592141 0.000000
3.017056 -0.891905 2.638330 0.000000
2.974371 -0.861858 2.602818 0.000000
2.936595 -0.834673 2.571788 0.000000
3.077474 -0.951255 2.687092 0.000000
3.026752 -0.915984 2.644290 0.000000
2.982359 -0.884618 2.607259 0.000000
2.943219 -0.856487 2.575004 0.000000
3.090038 -0.978097 2.695532 0.000000
3.037202 -0.941297 2.650818 0.000000
3.017981 -0.813895 2.648806 0.000000
2.902142 -0.686912 2.559278 0.000000
3.003148 -0.775073 2.639903 0.000000
2.966685 -0.749009 2.609828 0.000000
2.934125 -0.725324 2.583273 0.000000
2.904850 -0.703413 2.559695 0.000000
3.010268 -0.794054 2.644131 0.000000
2.972288 -0.767296 2.612697 0.000000
2.938357 -0.742787 2.584955 0.000000
2.908024 -0.720461 2.560444 0.000000
3.073703 -2.139075 3.323309 0.000000
2.978312 -0.786047 2.615890 0.000000
2.943097 -0.760929 2.587003 0.000000
2.911566 -0.737847 2.561466 0.000000
3.026207 -0.834350 2.653884 0.000000
2.984939 -0.805642 2.619531 0.000000
2.948258 -0.779530 2.589369 0.000000
2.915590 -0.755893 2.562824 0.000000
3.035042 -0.855653 2.659430 0.000000
2.992040 -0.825830 2.623535 0.000000
1.220777 -1.498353 3.974506 0.000000
1.188831 -1.474754 3.944546 0.000000
1.157330 -1.411678 3.918420 0.000000
1.248251 -1.573111 3.995743 0.000000
1.211861 -1.503760 3.965132 0.000000
1.179220 -1.437762 3.938068 0.000000
1.149932 -1.375319 3.914138 0.000000
1.234281 -1.535682 3.984887 0.000000
1.200450 -1.466883 3.956825 0.000000
1.170160 -1.401488 3.932100 0.000000
1.142930 -1.339110 3.910263 0.000000
1.223799 -1.541055 3.973949 0.000000
1.189477 -1.430117 3.948969 0.000000
1.161583 -1.365609 3.926605 0.000000
1.136438 -1.303591 3.906865 0.000000
1.207855 -1.461378 3.964697 0.000000
1.179050 -1.394019 3.941623 0.000000
1.153363 -1.329841 3.921482 0.000000
1.130331 -1.268470 3.903843 0.000000
1.195448 -1.424754 3.955396 0.000000
1.169125 -1.358262 3.934774 0.000000
1.182505 -1.524542 3.934057 0.000000
1.244632 -1.666845 3.984363 0.000000
1.201933 -1.602794 3.946970 0.000000
1.327310 -1.766810 4.058897 0.000000
1.277175 -1.694949 4.014606 0.000000
1.232330 -1.627291 3.975321 0.000000
1.191902 -1.563227 3.940225 0.000000
1.310290 -1.727432 4.045090 0.000000
1.262950 -1.655712 4.003604 0.000000
1.220626 -1.588298 3.966846 0.000000
1.145641 -1.294712 3.916828 0.000000
1.293868 -1.688222 4.031875 0.000000
1.249310 -1.617011 3.993155 0.000000
1.209476 -1.549848 3.958893 0.000000
1.173609 -1.486414 3.928363 0.000000
1.278056 -1.649514 4.019239 0.000000
1.236284 -1.578792 3.983293 0.000000
1.198938 -1.512207 3.951504 0.000000
1.165223 -1.448801 3.923155 0.000000
1.262904 -1.611242 4.007241 0.000000
1.105024 -1.080791 3.895543 0.000000
1.102096 -1.065725 3.894026 0.000000
1.131237 -1.209674 3.909960 0.000000
1.118600 -1.148861 3.902830 0.000000
1.107784 -1.090001 3.897442 0.000000
1.098700 -1.033247 3.893689 0.000000
1.122135 -1.174621 3.904023 0.000000
1.111605 -1.114731 3.898971 0.000000
1.102816 -1.056801 3.895579 0.000000
1.095604 -1.000733 3.893690 0.000000
1.113442 -1.139485 3.898536 0.000000
1.113139 -1.123415 3.899705 0.000000
1.098179 -1.023805 3.894063 0.000000
1.092847 -0.968688 3.894019 0.000000
1.105216 -1.104786 3.893512 0.000000
1.098801 -1.047032 3.892490 0.000000
1.093893 -0.990992 3.892915 0.000000
1.090438 -0.936828 3.894711 0.000000
1.097385 -1.069972 3.888929 0.000000
1.092975 -1.013428 3.889856 0.000000
1.089975 -0.958341 3.892154 0.000000
1.161258 -1.316440 3.930534 0.000000
1.124646 -1.233711 3.901240 0.000000
1.183588 -1.388442 3.946638 0.000000
1.159577 -1.322564 3.928322 0.000000
1.138363 -1.259912 3.912615 0.000000
1.119424 -1.199562 3.899073 0.000000
1.172144 -1.352161 3.938318 0.000000
1.150568 -1.287445 3.922385 0.000000
1.131416 -1.225164 3.908757 0.000000
1.114503 -1.165472 3.897233 0.000000
1.292034 -1.734737 4.026207 0.000000
1.141917 -1.252349 3.916832 0.000000
1.124947 -1.190977 3.905357 0.000000
1.110021 -1.131947 3.895811 0.000000
1.150813 -1.280700 3.923221 0.000000
1.133721 -1.217517 3.911741 0.000000
1.118842 -1.157071 3.902325 0.000000
1.105871 -1.098707 3.894727 0.000000
1.140811 -1.245211 3.916359 0.000000
1.125970 -1.183210 3.907077 0.000000
0.906601 -3.168803 5.106824 0.000000
1.539966 -2.631526 4.505867 0.000000
1.337845 -2.825468 4.674202 0.000000
1.078391 -3.109356 4.932006 0.000000
1.689467 -2.399895 4.323745 0.000000
1.495341 -2.611121 4.518423 0.000000
1.267400 -2.853936 4.745979 0.000000
0.993593 -3.139874 5.018277 0.000000
1.636157 -2.426796 4.378263 0.000000
1.432758 -2.638466 4.582301 0.000000
1.193803 -2.881944 4.820983 0.000000
1.745353 -2.355173 4.252912 0.000000
1.552295 -2.538542 4.526289 0.000000
1.368200 -2.665369 4.648192 0.000000
1.117523 -2.909167 4.898741 0.000000
1.375096 -2.140217 4.076161 0.000000
1.520821 -2.485172 4.499441 0.000000
1.300754 -2.691833 4.717040 0.000000
1.426068 -2.150612 4.126257 0.000000
1.356069 -2.089700 4.061276 0.000000
1.461803 -2.507536 4.556490 0.000000
1.658116 -2.344108 4.098303 0.000000
1.845723 -2.335498 4.081185 0.000000
1.746102 -2.334950 4.035935 0.000000
1.459157 -2.942822 4.545033 0.000000
1.925760 -2.266526 4.081882 0.000000
1.804293 -2.339452 4.107145 0.000000
1.702607 -2.339434 4.066288 0.000000
1.388147 -2.977819 4.617154 0.000000
1.882333 -2.292950 4.126365 0.000000
1.762026 -2.343565 4.134459 0.000000
1.480565 -2.167876 4.179371 0.000000
1.314529 -3.012067 4.691947 0.000000
1.837213 -2.319398 4.172565 0.000000
1.718547 -2.347898 4.163643 0.000000
1.612552 -2.348986 4.132140 0.000000
1.238179 -3.045588 4.769536 0.000000
1.789905 -2.346170 4.220989 0.000000
1.674420 -2.352376 4.194163 0.000000
1.406303 -2.796205 4.604460 0.000000
1.159678 -3.077967 4.849339 0.000000
1.235377 -1.725045 3.970347 0.000000
1.315597 -1.874363 4.038360 0.000000
1.260971 -1.810668 3.988942 0.000000
1.423271 -1.972214 4.138156 0.000000
1.358070 -1.899363 4.078822 0.000000
1.300055 -1.831440 4.026316 0.000000
1.247783 -1.767308 3.979295 0.000000
1.402535 -1.929892 4.120861 0.000000
1.340436 -1.857051 4.064632 0.000000
1.285190 -1.789280 4.014891 0.000000
1.376347 -1.942047 4.093624 0.000000
1.382707 -1.888574 4.104391 0.000000
1.323643 -1.815762 4.051202 0.000000
1.271025 -1.747812 4.004114 0.000000
1.223589 -1.683519 3.961967 0.000000
1.363536 -1.847521 4.088556 0.000000
1.307441 -1.774785 4.038342 0.000000
1.257531 -1.707002 3.993962 0.000000
1.212419 -1.642678 3.954159 0.000000
1.345127 -1.807044 4.073438 0.000000
1.304762 -1.945488 4.021744 0.000000
1.405344 -2.101931 4.109530 0.000000
1.338133 -2.040697 4.047348 0.000000
1.398620 -2.534279 4.621056 0.000000
1.457934 -2.121024 4.160591 0.000000
1.385711 -2.054656 4.093768 0.000000
1.320952 -1.992402 4.034109 0.000000
1.514458 -2.147146 4.215054 0.000000
1.436241 -2.075106 4.142660 0.000000
1.366987 -2.008331 4.078829 0.000000
1.088323 -0.905143 3.895716 0.000000
1.490273 -2.102285 4.194548 0.000000
1.415466 -2.030053 4.125568 0.000000
1.348970 -1.962577 4.064545 0.000000
1.289356 -1.899550 4.010082 0.000000
1.467058 -2.058186 4.174938 0.000000
1.395425 -1.985472 4.109164 0.000000
1.331900 -1.918056 4.051103 0.000000
1.274750 -1.854503 3.999146 0.000000
1.444721 -2.014856 4.156134 0.000000
1.149975 -0.043503 4.056097 0.000000
1.063226 -0.132963 3.957990 0.000000
1.099834 -0.119262 3.996284 0.000000
1.137686 -0.107016 4.035722 0.000000
1.030566 -0.109086 3.928447 0.000000
1.066957 -0.096669 3.966294 0.000000
1.104678 -0.085138 4.005442 0.000000
1.143657 -0.075382 4.045709 0.000000
1.033654 -0.069921 3.936491 0.000000
1.071136 -0.059720 3.975160 0.000000
1.109870 -0.050980 4.014979 0.000000
1.027900 -0.147801 3.920917 0.000000
1.037226 -0.030291 3.945112 0.000000
1.075692 -0.022643 3.984449 0.000000
1.115507 -0.016221 4.025064 0.000000
1.156651 -0.011361 4.066898 0.000000
1.041223 0.009554 3.954218 0.000000
1.080749 0.015137 3.994357 0.000000
1.121533 0.018901 4.035609 0.000000
1.163693 0.021061 4.078124 0.000000
1.045748 0.050224 3.963987 0.000000
1.087466 -0.219953 3.971358 0.000000
1.050474 -0.309949 3.923438 0.000000
1.080969 -0.285887 3.956792 0.000000
1.112679 -0.262592 3.991345 0.000000
1.021653 -0.298310 3.896135 0.000000
1.052262 -0.275166 3.929439 0.000000
1.084054 -0.253028 3.963882 0.000000
1.117057 -0.231682 3.999517 0.000000
1.022607 -0.261067 3.901615 0.000000
1.054437 -0.240130 3.935895 0.000000
1.086203 0.053095 4.004712 0.000000
1.121750 -0.200606 4.008053 0.000000
1.023945 -0.223765 3.907528 0.000000
1.056958 -0.204806 3.942768 0.000000
1.091212 -0.186641 3.979228 0.000000
1.126753 -0.169616 4.016916 0.000000
1.025725 -0.185837 3.914000 0.000000
1.059914 -0.168914 3.950180 0.000000
1.095348 -0.153089 3.987550 0.000000
1.132054 -0.138422 4.026128 0.000000
1.233978 0.291931 4.183979 0.000000
1.166784 0.237875 4.109481 0.000000
1.213931 0.222111 4.154680 0.000000
1.084227 0.307582 4.036199 0.000000
1.129536 0.293007 4.079500 0.000000
1.176019 0.276191 4.123783 0.000000
1.223722 0.256799 4.169062 0.000000
1.092817 0.353405 4.050863 0.000000
1.138735 0.335347 4.094310 0.000000
1.185793 0.315072 4.138711 0.000000
1.121036 0.251649 4.065531 0.000000
1.101987 0.399784 4.066193 0.000000
1.148508 0.378450 4.109807 0.000000
1.196101 0.354567 4.154265 0.000000
1.244807 0.327834 4.199580 0.000000
1.111840 0.447094 4.082339 0.000000
1.158843 0.421996 4.125934 0.000000
1.206900 0.394374 4.170360 0.000000
1.256027 0.363948 4.215608 0.000000
1.122433 0.495375 4.099360 0.000000
1.186995 0.119955 4.114298 0.000000
1.127985 0.054398 4.046652 0.000000
1.171089 0.053794 4.089762 0.000000
1.050773 0.091469 3.974361 0.000000
1.092192 0.091819 4.015727 0.000000
1.134794 0.090019 4.058088 0.000000
1.178874 0.086846 4.101850 0.000000
1.056342 0.133314 3.985381 0.000000
1.098600 0.130774 4.027213 0.000000
1.142110 0.126347 4.070146 0.000000
1.021146 -0.334989 3.891210 0.000000
1.062445 0.175808 3.997046 0.000000
1.105558 0.170578 4.039382 0.000000
1.149895 0.163124 4.082748 0.000000
1.195566 0.153715 4.127299 0.000000
1.069104 0.218993 4.009379 0.000000
1.112987 0.210657 4.052077 0.000000
1.158139 0.200390 4.095892 0.000000
1.204493 0.187569 4.140682 0.000000
1.076365 0.262898 4.022429 0.000000
1.070280 -0.702127 3.898552 0.000000
1.058702 -0.862790 3.870400 0.000000
1.065456 -0.813657 3.882104 0.000000
1.073313 -0.765750 3.894879 0.000000
1.082199 -0.718772 3.908681 0.000000
1.053582 -0.828289 3.868781 0.000000
1.062072 -0.780426 3.882146 0.000000
1.071633 -0.733795 3.896548 0.000000
1.082225 -0.688107 3.911972 0.000000
1.048848 -0.793797 3.867592 0.000000
1.059062 -0.747469 3.882576 0.000000
1.082475 -0.749502 3.905720 0.000000
1.082527 -0.657492 3.915570 0.000000
1.044496 -0.759295 3.866831 0.000000
1.056349 -0.714263 3.883370 0.000000
1.069233 -0.670226 3.900924 0.000000
1.083132 -0.627163 3.919476 0.000000
1.040523 -0.724767 3.866495 0.000000
1.054002 -0.681297 3.884545 0.000000
1.068506 -0.638581 3.903627 0.000000
1.084010 -0.596854 3.923688 0.000000
1.077624 -0.913140 3.884253 0.000000
1.089959 -1.035295 3.884776 0.000000
1.087493 -0.979968 3.887588 0.000000
1.086398 -0.926097 3.891731 0.000000
1.086548 -0.873613 3.897081 0.000000
1.082930 -1.000736 3.881047 0.000000
1.082366 -0.946372 3.885727 0.000000
1.083126 -0.893729 3.891661 0.000000
1.085063 -0.842225 3.898757 0.000000
1.076259 -0.966017 3.877733 0.000000
1.036894 -0.689937 3.866580 0.000000
1.080185 -0.861476 3.891948 0.000000
1.083905 -0.811213 3.900758 0.000000
1.070026 -0.931637 3.874863 0.000000
1.073231 -0.879997 3.883159 0.000000
1.077589 -0.829574 3.892581 0.000000
1.083051 -0.780311 3.903086 0.000000
1.064167 -0.897062 3.872428 0.000000
1.069162 -0.846672 3.882446 0.000000
1.075271 -0.797503 3.893548 0.000000
1.073761 -0.383381 3.937900 0.000000
1.046907 -0.480986 3.899724 0.000000
1.070564 -0.447637 3.927175 0.000000
1.095317 -0.414911 3.955730 0.000000
1.022903 -0.479407 3.876000 0.000000
1.046930 -0.447186 3.903649 0.000000
1.072000 -0.415571 3.932349 0.000000
1.098186 -0.384605 3.962168 0.000000
1.021884 -0.443702 3.879111 0.000000
1.047292 -0.413228 3.907972 0.000000
1.024325 -0.514928 3.873358 0.000000
1.101366 -0.354210 3.968961 0.000000
1.021246 -0.407790 3.882670 0.000000
1.048013 -0.378834 3.912745 0.000000
1.075852 -0.351051 3.943831 0.000000
1.104839 -0.323710 3.976089 0.000000
1.020993 -0.371649 3.886685 0.000000
1.049067 -0.344500 3.917883 0.000000
1.078253 -0.318559 3.950126 0.000000
1.108634 -0.293093 3.983584 0.000000
1.068153 -0.543254 3.913834 0.000000
1.051978 -0.648048 3.886115 0.000000
1.068067 -0.606921 3.906657 0.000000
1.085185 -0.566553 3.928231 0.000000
1.033626 -0.655296 3.867051 0.000000
1.050286 -0.614751 3.888063 0.000000
1.067964 -0.574985 3.910093 0.000000
1.086636 -0.536245 3.933085 0.000000
1.030750 -0.620316 3.867997 0.000000
1.048950 -0.581390 3.890416 0.000000
1.967511 -2.240309 4.039096 0.000000
1.088364 -0.505914 3.938253 0.000000
1.028226 -0.585487 3.869324 0.000000
1.047922 -0.547943 3.893128 0.000000
1.068655 -0.511464 3.917933 0.000000
1.090395 -0.475550 3.943762 0.000000
1.026100 -0.550281 3.871134 0.000000
1.047246 -0.514652 3.896216 0.000000
1.069450 -0.479596 3.922371 0.000000
1.092697 -0.445386 3.949552 0.000000
4.500241 -2.584213 4.552931 0.000000
4.729660 -2.604005 4.318903 0.000000
4.812095 -2.682609 4.233191 0.000000
4.362825 -2.332470 4.344789 0.000000
4.625963 -2.578624 4.424990 0.000000
4.707946 -2.668744 4.339319 0.000000
4.789932 -2.755180 4.253833 0.000000
4.343069 -2.378651 4.363810 0.000000
4.603676 -2.636579 4.446205 0.000000
4.685017 -2.734468 4.360961 0.000000
4.766797 -2.827979 4.275475 0.000000
4.458207 -2.367137 4.246854 0.000000
4.580507 -2.694865 4.468323 0.000000
4.661260 -2.800257 4.383460 0.000000
4.742275 -2.902062 4.298507 0.000000
4.477453 -2.634721 4.574896 0.000000
4.556711 -2.753118 4.491095 0.000000
4.636218 -2.867062 4.407255 0.000000
4.716474 -2.976884 4.322836 0.000000
4.453777 -2.685906 4.597762 0.000000
4.531796 -2.812185 4.514999 0.000000
4.146924 -1.942142 3.685964 0.000000
4.409075 -2.008209 3.935249 0.000000
4.267282 -1.905083 3.726378 0.000000
4.513358 -2.146152 4.309587 0.000000
4.570437 -2.187078 4.211411 0.000000
4.605607 -2.208567 4.101081 0.000000
4.227055 -1.938230 3.719280 0.000000
4.495861 -2.193064 4.326192 0.000000
4.512840 -2.209947 4.195168 0.000000
4.589106 -2.266489 4.116375 0.000000
4.610265 -2.933899 4.431989 0.000000
4.421671 -2.197388 4.294155 0.000000
4.495312 -2.262191 4.211689 0.000000
4.571749 -2.324829 4.132547 0.000000
4.287083 -2.110240 3.804756 0.000000
4.400541 -2.240662 4.308604 0.000000
4.477193 -2.314295 4.228831 0.000000
4.750417 -2.539793 4.299464 0.000000
4.833041 -2.610682 4.213787 0.000000
4.381954 -2.286451 4.326416 0.000000
4.238404 -3.101829 4.807396 0.000000
4.533608 -3.440949 4.497210 0.000000
4.297246 -2.995785 4.749883 0.000000
4.362461 -3.174105 4.678694 0.000000
4.429444 -3.348468 4.605845 0.000000
3.357233 -2.028438 3.452330 0.000000
4.268129 -3.048872 4.778324 0.000000
4.330773 -3.235575 4.709513 0.000000
4.394638 -3.420093 4.639544 0.000000
3.308981 -2.028226 3.441144 0.000000
4.462651 -3.278049 4.573752 0.000000
4.297720 -3.298009 4.741708 0.000000
3.305199 -2.037611 3.542313 0.000000
3.281127 -2.055635 3.450553 0.000000
4.207540 -3.155560 4.837619 0.000000
4.263523 -3.360934 4.775064 0.000000
3.260310 -2.037493 3.532206 0.000000
3.261898 -2.095976 3.469804 0.000000
4.176034 -3.209179 4.868507 0.000000
4.228113 -3.424290 4.809652 0.000000
4.378945 -2.839599 4.670306 0.000000
4.689576 -3.051923 4.348289 0.000000
4.429588 -2.736909 4.621168 0.000000
4.506146 -2.871136 4.539666 0.000000
4.583251 -3.001381 4.457799 0.000000
4.661150 -3.128319 4.375274 0.000000
4.404638 -2.788121 4.645356 0.000000
4.479354 -2.930973 4.565489 0.000000
4.554795 -3.069870 4.485065 0.000000
4.631323 -3.205504 4.403674 0.000000
4.608588 -2.149126 4.212772 0.000000
4.451599 -2.991237 4.592292 0.000000
4.525394 -3.138471 4.513299 0.000000
4.600302 -3.282939 4.433293 0.000000
4.352525 -2.891407 4.695999 0.000000
4.423091 -3.051461 4.619873 0.000000
4.494542 -3.208224 4.542994 0.000000
4.567590 -3.361807 4.464605 0.000000
4.325287 -2.943448 4.722530 0.000000
4.393300 -3.112554 4.648751 0.000000
3.637636 -1.016240 3.212370 0.000000
3.984633 -1.121718 3.536543 0.000000
3.767015 -1.020616 3.336723 0.000000
3.604825 -0.944266 3.188711 0.000000
4.362763 -1.329276 3.882161 0.000000
4.026578 -1.172462 3.571769 0.000000
3.792468 -1.061848 3.356827 0.000000
3.620005 -0.979183 3.199475 0.000000
4.442732 -1.402971 3.952248 0.000000
4.073298 -1.227180 3.611239 0.000000
3.821026 -1.105710 3.379664 0.000000
4.291887 -1.262774 3.820227 0.000000
4.532423 -1.484029 4.031097 0.000000
4.125202 -1.286083 3.655337 0.000000
3.853171 -1.152643 3.405661 0.000000
3.657747 -1.055439 3.227429 0.000000
4.635090 -1.575309 4.121598 0.000000
4.183967 -1.350904 3.705515 0.000000
3.889048 -1.203010 3.434927 0.000000
3.680683 -1.097135 3.244950 0.000000
4.751710 -1.677369 4.224666 0.000000
3.706944 -0.909644 3.290831 0.000000
3.831413 -0.911934 3.410800 0.000000
3.678514 -0.843977 3.270564 0.000000
3.557856 -0.789210 3.160547 0.000000
4.073495 -1.044720 3.631200 0.000000
3.855667 -0.949234 3.430230 0.000000
3.691793 -0.876289 3.279852 0.000000
3.563687 -0.817991 3.163011 0.000000
4.119692 -1.093110 3.670886 0.000000
3.882945 -0.988584 3.452378 0.000000
4.250012 -1.422053 3.762153 0.000000
3.571230 -0.847871 3.166992 0.000000
4.171128 -1.145217 3.715300 0.000000
3.913252 -1.030203 3.477230 0.000000
3.724540 -0.944807 3.303976 0.000000
3.580409 -0.878551 3.172452 0.000000
4.228320 -1.201567 3.764898 0.000000
3.947067 -1.074467 3.505217 0.000000
3.744496 -0.981713 3.319216 0.000000
3.591674 -0.910715 3.179751 0.000000
4.014309 -1.583353 3.514907 0.000000
4.224998 -1.619358 3.716295 0.000000
3.896736 -1.425576 3.417935 0.000000
5.098837 -2.208622 4.632981 0.000000
4.898394 -2.072295 4.325687 0.000000
4.311298 -1.718517 3.789712 0.000000
3.951885 -1.500503 3.463281 0.000000
4.984620 -2.206658 4.573088 0.000000
4.618192 -1.970569 4.144094 0.000000
4.411898 -1.832142 3.875620 0.000000
4.746262 -1.924346 4.192682 0.000000
4.877914 -2.204845 4.518070 0.000000
4.676049 -2.066934 4.211230 0.000000
4.513440 -1.952536 3.965046 0.000000
4.086613 -1.677208 3.575034 0.000000
4.582549 -2.077091 4.308059 0.000000
4.624494 -2.096353 4.197992 0.000000
4.414184 -1.950747 3.916831 0.000000
4.169666 -1.782935 3.644439 0.000000
4.530131 -2.099775 4.293720 0.000000
3.769163 -1.241375 3.314544 0.000000
3.929586 -1.257524 3.468295 0.000000
3.706511 -1.141616 3.264976 0.000000
4.886155 -1.793435 4.343760 0.000000
4.323928 -1.500015 3.825788 0.000000
3.974958 -1.316665 3.505889 0.000000
3.735794 -1.189398 3.287999 0.000000
5.042172 -1.926656 4.482239 0.000000
4.408952 -1.587709 3.899277 0.000000
4.026210 -1.381354 3.548638 0.000000
3.216974 -2.037446 3.523182 0.000000
5.224174 -2.080336 4.644100 0.000000
4.505778 -1.686035 3.983221 0.000000
4.084099 -1.452489 3.597194 0.000000
3.806485 -1.297329 3.344515 0.000000
5.441989 -2.262739 4.838126 0.000000
4.616490 -1.796622 4.079504 0.000000
4.149945 -1.531353 3.652719 0.000000
3.848802 -1.358451 3.378803 0.000000
5.705532 -2.481567 5.073262 0.000000
2.252950 -2.265920 3.741645 0.000000
2.483318 -2.204071 3.853273 0.000000
2.396448 -2.196598 3.749785 0.000000
2.321244 -2.204794 3.671844 0.000000
2.254746 -2.280046 3.651629 0.000000
2.450323 -2.205687 3.859924 0.000000
2.362712 -2.198577 3.759517 0.000000
2.287627 -2.235311 3.706212 0.000000
2.217412 -2.282722 3.666538 0.000000
2.417592 -2.207372 3.867219 0.000000
2.329152 -2.200627 3.769859 0.000000
2.291903 -2.277488 3.637649 0.000000
2.179865 -2.285523 3.682455 0.000000
2.384558 -2.209156 3.875290 0.000000
2.295491 -2.202777 3.781018 0.000000
2.216656 -2.293374 3.775938 0.000000
2.142049 -2.288449 3.699366 0.000000
2.351448 -2.211026 3.884065 0.000000
2.261693 -2.205029 3.793016 0.000000
2.179940 -2.296089 3.791396 0.000000
2.103924 -2.291508 3.717356 0.000000
2.496558 -2.191283 3.725546 0.000000
2.647703 -2.197232 3.830335 0.000000
2.563751 -2.188162 3.712924 0.000000
2.491580 -2.180336 3.612255 0.000000
2.433774 -2.217344 3.554856 0.000000
2.614799 -2.198441 3.833571 0.000000
2.530111 -2.189684 3.718916 0.000000
2.457243 -2.182111 3.620311 0.000000
2.401133 -2.252043 3.588127 0.000000
2.581788 -2.199738 3.837547 0.000000
2.317966 -2.213002 3.893669 0.000000
2.422976 -2.183988 3.629209 0.000000
2.366172 -2.272707 3.612427 0.000000
2.548881 -2.201104 3.842106 0.000000
2.463342 -2.192957 3.732850 0.000000
2.388981 -2.185944 3.638783 0.000000
2.328938 -2.275048 3.624619 0.000000
2.516073 -2.202549 3.847364 0.000000
2.429903 -2.194736 3.740983 0.000000
2.354697 -2.188013 3.649210 0.000000
1.871416 -2.322562 3.954081 0.000000
2.044384 -2.303105 3.957593 0.000000
1.951363 -2.315119 3.906483 0.000000
1.862474 -2.334657 3.867272 0.000000
2.112866 -2.226932 3.968379 0.000000
2.004602 -2.321233 3.990632 0.000000
1.911709 -2.318765 3.929645 0.000000
1.814638 -2.364856 3.916049 0.000000
2.077347 -2.229655 3.984095 0.000000
1.965788 -2.324580 4.011410 0.000000
2.147741 -2.224350 3.953784 0.000000
1.657261 -2.835006 4.343897 0.000000
2.041401 -2.232494 4.000760 0.000000
1.926414 -2.328071 4.033410 0.000000
1.830433 -2.326523 3.979912 0.000000
1.565044 -2.976938 4.500658 0.000000
2.004694 -2.235481 4.018595 0.000000
1.886408 -2.331707 4.056629 0.000000
1.788682 -2.330648 4.007152 0.000000
1.527552 -2.907340 4.475581 0.000000
2.067383 -2.305015 3.844035 0.000000
2.227443 -2.207401 3.805942 0.000000
2.142660 -2.298945 3.807943 0.000000
2.065431 -2.294700 3.736418 0.000000
2.284615 -2.215055 3.903960 0.000000
2.193235 -2.209858 3.819587 0.000000
2.105353 -2.301905 3.825400 0.000000
2.026813 -2.298005 3.756444 0.000000
2.250820 -2.217221 3.915129 0.000000
2.158216 -2.220235 3.841067 0.000000
2.465084 -2.182982 3.522923 0.000000
1.987438 -2.301481 3.777828 0.000000
2.216819 -2.219488 3.927144 0.000000
2.121866 -2.247601 3.878293 0.000000
2.029295 -2.308235 3.863645 0.000000
1.947846 -2.305083 3.800313 0.000000
2.182564 -2.221856 3.939971 0.000000
2.083853 -2.275269 3.917206 0.000000
1.990737 -2.311591 3.884367 0.000000
1.907661 -2.308832 3.824004 0.000000
3.025002 -2.175502 3.699321 0.000000
3.028959 -2.154009 3.472725 0.000000
3.104200 -2.060381 3.744308 0.000000
3.073273 -2.119337 3.663072 0.000000
3.040588 -2.163967 3.580583 0.000000
2.987367 -2.154573 3.469885 0.000000
3.068522 -2.060580 3.738246 0.000000
3.051886 -2.152097 3.684724 0.000000
3.000536 -2.164500 3.577328 0.000000
2.946559 -2.155221 3.467920 0.000000
3.033488 -2.060835 3.732853 0.000000
3.081414 -2.163512 3.584697 0.000000
2.960892 -2.165111 3.574853 0.000000
2.906470 -2.155952 3.466811 0.000000
3.003244 -2.069893 3.735855 0.000000
2.986651 -2.176048 3.696090 0.000000
2.922212 -2.165795 3.573211 0.000000
2.867032 -2.156765 3.466496 0.000000
2.982904 -2.098327 3.756535 0.000000
2.949207 -2.176656 3.693606 0.000000
2.884128 -2.166553 3.572323 0.000000
4.075254 -3.373058 4.967525 0.000000
3.241654 -2.137118 3.490081 0.000000
4.143321 -3.263595 4.900614 0.000000
3.228560 -2.048032 3.639336 0.000000
3.194687 -2.068744 3.538862 0.000000
3.204842 -2.152553 3.493193 0.000000
4.109928 -3.317915 4.933423 0.000000
3.188385 -2.048047 3.631028 0.000000
3.174596 -2.105360 3.559092 0.000000
3.159085 -2.152797 3.486599 0.000000
2.828197 -2.157665 3.467005 0.000000
3.148810 -2.048121 3.623434 0.000000
3.153874 -2.142095 3.579963 0.000000
3.114740 -2.153120 3.481031 0.000000
4.039550 -3.428580 5.002674 0.000000
3.113899 -2.054664 3.621957 0.000000
3.123388 -2.163125 3.589672 0.000000
3.071389 -2.153523 3.476416 0.000000
4.002783 -3.484492 5.038902 0.000000
3.093927 -2.086833 3.642168 0.000000
2.665396 -2.184110 3.699332 0.000000
2.815540 -2.192207 3.823491 0.000000
2.734219 -2.181803 3.693726 0.000000
2.665349 -2.172802 3.582999 0.000000
2.605426 -2.164895 3.486529 0.000000
2.781409 -2.193075 3.823552 0.000000
2.699801 -2.182912 3.696151 0.000000
2.630178 -2.174131 3.587353 0.000000
2.569643 -2.166416 3.492484 0.000000
2.747874 -2.194003 3.824269 0.000000
2.641736 -2.163460 3.481320 0.000000
2.595258 -2.175549 3.592466 0.000000
2.534066 -2.168029 3.499186 0.000000
2.714350 -2.195011 3.825691 0.000000
2.631499 -2.185374 3.703141 0.000000
2.560538 -2.177052 3.598293 0.000000
2.498662 -2.169741 3.506685 0.000000
2.681055 -2.196082 3.827678 0.000000
2.597535 -2.186726 3.707667 0.000000
2.525992 -2.178647 3.604887 0.000000
2.840051 -2.178898 3.690487 0.000000
2.961738 -2.127188 3.778056 0.000000
2.912318 -2.177332 3.691834 0.000000
2.846602 -2.167392 3.572227 0.000000
2.789912 -2.158651 3.468329 0.000000
2.940098 -2.156064 3.800061 0.000000
2.875951 -2.178081 3.690815 0.000000
2.809303 -2.168320 3.572926 0.000000
2.752114 -2.159723 3.470413 0.000000
2.917588 -2.185423 3.822950 0.000000
1.169942 0.466685 4.142984 0.000000
2.772740 -2.169318 3.574338 0.000000
2.715036 -2.160876 3.473267 0.000000
2.884557 -2.190661 3.825166 0.000000
2.804296 -2.179794 3.690858 0.000000
2.736583 -2.170394 3.576465 0.000000
2.678080 -2.162128 3.476939 0.000000
2.849719 -2.191407 3.824017 0.000000
2.769221 -2.180758 3.691943 0.000000
2.700800 -2.171555 3.579353 0.000000
3.179651 -0.582708 2.824418 0.000000
3.132175 -0.474317 2.791561 0.000000
3.208078 -0.572771 2.852020 0.000000
3.177702 -0.545354 2.826546 0.000000
3.150848 -0.518975 2.804306 0.000000
3.127135 -0.493668 2.784914 0.000000
3.211685 -0.591593 2.853395 0.000000
3.178383 -0.563998 2.825218 0.000000
3.148906 -0.537797 2.800541 0.000000
3.122801 -0.512836 2.778926 0.000000
3.215912 -0.610619 2.855319 0.000000
3.153440 -0.500178 2.808658 0.000000
3.147610 -0.556555 2.797369 0.000000
3.119191 -0.531684 2.773629 0.000000
3.220777 -0.629901 2.857803 0.000000
3.181578 -0.601688 2.824190 0.000000
3.146952 -0.575303 2.794776 0.000000
3.116325 -0.550537 2.769006 0.000000
3.226349 -0.649498 2.860908 0.000000
3.184135 -0.620693 2.824536 0.000000
3.146971 -0.594099 2.792791 0.000000
3.201082 -0.516897 2.851341 0.000000
3.169413 -0.371478 2.836499 0.000000
3.199441 -0.479555 2.853667 0.000000
3.183874 -0.450947 2.842046 0.000000
3.170801 -0.422241 2.832745 0.000000
3.160208 -0.393110 2.825774 0.000000
3.199944 -0.498255 2.852210 0.000000
3.181340 -0.470110 2.837728 0.000000
3.165379 -0.442178 2.825684 0.000000
3.151943 -0.414128 2.815987 0.000000
3.114074 -0.569310 2.764945 0.000000
3.179465 -0.489070 2.834035 0.000000
3.160688 -0.461763 2.819332 0.000000
3.144523 -0.434619 2.807036 0.000000
3.202806 -0.535398 2.851024 0.000000
3.178281 -0.507921 2.830987 0.000000
3.156702 -0.481060 2.813655 0.000000
3.137946 -0.454657 2.798910 0.000000
3.205123 -0.554106 2.851227 0.000000
3.177651 -0.526581 2.828461 0.000000
3.229685 -0.785951 2.848973 0.000000
3.275225 -0.776147 2.892952 0.000000
3.213755 -0.741527 2.838990 0.000000
3.160800 -0.711011 2.792886 0.000000
3.114755 -0.683662 2.753154 0.000000
3.286303 -0.799515 2.900804 0.000000
3.221292 -0.763392 2.843620 0.000000
3.165554 -0.731760 2.794999 0.000000
3.117238 -0.703577 2.753229 0.000000
3.298418 -0.823774 2.909543 0.000000
3.112965 -0.664098 2.753664 0.000000
3.171048 -0.753049 2.797734 0.000000
3.120476 -0.724066 2.753927 0.000000
3.311588 -0.849014 2.919177 0.000000
3.238983 -0.809293 2.855090 0.000000
3.177381 -0.775127 2.801157 0.000000
3.124359 -0.744887 2.755172 0.000000
3.325723 -0.875115 2.929641 0.000000
3.249192 -0.833500 2.861969 0.000000
3.184510 -0.797752 2.805258 0.000000
3.195779 -0.679295 2.829041 0.000000
3.232565 -0.669300 2.864588 0.000000
3.187351 -0.639926 2.825459 0.000000
3.147624 -0.612996 2.791371 0.000000
3.112526 -0.587928 2.761533 0.000000
3.239529 -0.689687 2.868899 0.000000
3.191242 -0.659443 2.826971 0.000000
3.148917 -0.632049 2.790513 0.000000
3.111623 -0.606724 2.758682 0.000000
3.247237 -0.710401 2.873869 0.000000
3.176984 -0.401886 2.840551 0.000000
3.150898 -0.651321 2.790256 0.000000
3.111389 -0.625620 2.756422 0.000000
3.255718 -0.731666 2.879503 0.000000
3.201033 -0.699550 2.831727 0.000000
3.153493 -0.670858 2.790528 0.000000
3.111853 -0.644819 2.754757 0.000000
3.265013 -0.753551 2.885834 0.000000
3.207030 -0.720275 2.835050 0.000000
3.156802 -0.690736 2.791414 0.000000
3.255851 -0.204860 2.933942 0.000000
3.406669 0.024691 3.099813 0.000000
3.490607 0.125666 3.190329 0.000000
3.277700 -0.151194 2.959805 0.000000
3.322787 -0.089897 3.008559 0.000000
3.379194 -0.016597 3.069492 0.000000
3.451484 0.073652 3.147597 0.000000
3.266198 -0.178664 2.946260 0.000000
3.305445 -0.121912 2.988967 0.000000
3.354289 -0.054961 3.041971 0.000000
3.416322 0.026117 3.109203 0.000000
3.341844 -0.055922 3.030006 0.000000
3.289695 -0.152123 2.971090 0.000000
3.331666 -0.090767 3.016929 0.000000
3.384643 -0.017573 3.074608 0.000000
3.246608 -0.229950 2.922783 0.000000
3.275416 -0.180787 2.954782 0.000000
3.311154 -0.124286 2.994163 0.000000
3.356024 -0.057915 3.043340 0.000000
3.238302 -0.254061 2.912609 0.000000
3.262407 -0.208045 2.939832 0.000000
3.639596 0.317300 3.353218 0.000000
3.597447 0.293914 3.310094 0.000000
3.776194 0.487745 3.502875 0.000000
3.356309 0.011062 3.050296 0.000000
3.439887 0.106145 3.139639 0.000000
3.550235 0.229322 3.258054 0.000000
3.703141 0.397055 3.422802 0.000000
3.337265 -0.025449 3.028583 0.000000
3.411573 0.060979 3.108053 0.000000
3.508284 0.170957 3.211819 0.000000
3.292410 -0.155852 2.973305 0.000000
3.320074 -0.059683 3.008893 0.000000
3.386007 0.019206 3.079493 0.000000
3.470716 0.117875 3.170424 0.000000
3.583710 0.246365 3.292082 0.000000
3.304513 -0.091903 2.990977 0.000000
3.362852 -0.019640 3.053577 0.000000
3.437058 0.069342 3.133321 0.000000
3.534463 0.182934 3.238240 0.000000
3.290374 -0.122358 2.974608 0.000000
3.201723 -0.422651 2.861591 0.000000
3.231495 -0.250580 2.906532 0.000000
3.206481 -0.383435 2.869980 0.000000
3.206935 -0.350068 2.873718 0.000000
3.210176 -0.314753 2.880232 0.000000
3.216637 -0.276862 2.889997 0.000000
3.203763 -0.403209 2.865456 0.000000
3.200838 -0.371136 2.865917 0.000000
3.200532 -0.337553 2.868949 0.000000
3.203123 -0.301951 2.874862 0.000000
3.220877 -0.291093 2.892598 0.000000
3.195518 -0.391689 2.858891 0.000000
3.191781 -0.359629 2.858576 0.000000
3.190800 -0.325998 2.860962 0.000000
3.200346 -0.441819 2.858364 0.000000
3.190897 -0.411801 2.852557 0.000000
3.183964 -0.381041 2.849145 0.000000
3.179573 -0.349144 2.848187 0.000000
3.199573 -0.460771 2.855713 0.000000
3.187039 -0.431533 2.846966 0.000000
3.218838 -0.321489 2.887705 0.000000
3.330064 -0.095404 3.014953 0.000000
3.230975 -0.277279 2.903446 0.000000
3.250600 -0.234079 2.926151 0.000000
3.275330 -0.185655 2.954229 0.000000
3.306547 -0.130338 2.989198 0.000000
3.224514 -0.299734 2.895174 0.000000
3.239905 -0.259025 2.913637 0.000000
3.259752 -0.213920 2.936752 0.000000
3.285079 -0.163093 2.965651 0.000000
3.129095 -0.766452 2.757114 0.000000
3.230253 -0.282987 2.902209 0.000000
3.245545 -0.240821 2.920725 0.000000
3.265569 -0.193883 2.944194 0.000000
3.213993 -0.342642 2.881071 0.000000
3.221623 -0.306067 2.891835 0.000000
3.232605 -0.266496 2.906032 0.000000
3.247751 -0.222999 2.924536 0.000000
3.209899 -0.363265 2.875190 0.000000
3.213850 -0.328401 2.882341 0.000000
3.536296 -2.032654 3.191671 0.000000
4.807650 -3.120615 4.123326 0.000000
4.342262 -2.703458 3.712421 0.000000
3.626590 -2.001651 3.198919 0.000000
4.772936 -3.117553 4.261868 0.000000
4.840353 -3.257919 4.189777 0.000000
4.552969 -3.019243 3.884518 0.000000
3.566342 -2.001352 3.186096 0.000000
4.746424 -3.186260 4.287059 0.000000
4.811779 -3.336221 4.216781 0.000000
3.545383 -2.007904 3.256963 0.000000
4.798701 -3.048968 4.237442 0.000000
4.718686 -3.256247 4.313476 0.000000
4.781974 -3.415470 4.245022 0.000000
3.490770 -2.007659 3.245440 0.000000
3.520475 -2.081101 3.207142 0.000000
4.690197 -3.326458 4.340660 0.000000
3.482909 -2.014753 3.323454 0.000000
3.470653 -2.046682 3.257911 0.000000
3.497731 -2.122871 3.219489 0.000000
4.660436 -3.398083 4.369108 0.000000
3.739895 -1.908198 3.266219 0.000000
3.900436 -1.916628 3.393128 0.000000
3.755168 -1.811323 3.237408 0.000000
3.576071 -1.673102 3.079013 0.000000
4.110874 -2.126536 3.630561 0.000000
3.834656 -1.915977 3.373089 0.000000
3.804882 -1.908784 3.284173 0.000000
3.638015 -1.778043 3.127236 0.000000
4.658539 -2.664004 4.026627 0.000000
3.901822 -2.031044 3.436670 0.000000
3.433227 -2.014555 3.312926 0.000000
3.710214 -1.899162 3.183786 0.000000
4.847354 -2.914470 4.191482 0.000000
4.381098 -2.532993 3.769084 0.000000
3.744846 -1.970968 3.290035 0.000000
3.648748 -1.901058 3.169414 0.000000
4.823359 -2.981655 4.214121 0.000000
4.570777 -2.794812 3.926391 0.000000
4.176444 -2.453901 3.577414 0.000000
3.623284 -1.936175 3.175328 0.000000
3.095407 -2.124538 3.171697 0.000000
3.235013 -2.130401 3.259043 0.000000
3.187510 -2.123751 3.178625 0.000000
3.299077 -2.134501 3.431449 0.000000
3.243892 -2.137830 3.341415 0.000000
3.189269 -2.130671 3.254045 0.000000
3.140718 -2.124115 3.174786 0.000000
3.263450 -2.145826 3.431903 0.000000
3.199869 -2.138058 3.335858 0.000000
3.144313 -2.131001 3.249744 0.000000
3.289018 -2.137654 3.347672 0.000000
3.221252 -2.145994 3.425633 0.000000
3.156881 -2.138342 3.331019 0.000000
3.100743 -2.131390 3.246201 0.000000
3.050841 -2.125034 3.169346 0.000000
3.179663 -2.146216 3.419994 0.000000
3.114845 -2.138680 3.326828 0.000000
3.057825 -2.131847 3.243356 0.000000
3.007569 -2.125592 3.167687 0.000000
3.139275 -2.146477 3.414942 0.000000
3.335098 -2.123043 3.194947 0.000000
3.454313 -2.091161 3.274014 0.000000
3.441708 -2.122871 3.210330 0.000000
3.438889 -2.022269 3.399292 0.000000
3.408008 -2.043363 3.321468 0.000000
3.431881 -2.129893 3.287171 0.000000
3.387542 -2.122927 3.202152 0.000000
3.393220 -2.022099 3.389340 0.000000
3.391430 -2.084073 3.337911 0.000000
3.380666 -2.129935 3.278875 0.000000
3.984020 -1.965937 3.524143 0.000000
3.349713 -2.023078 3.380928 0.000000
3.374156 -2.125399 3.355055 0.000000
3.330597 -2.130032 3.271394 0.000000
3.284609 -2.123219 3.188697 0.000000
3.333458 -2.059721 3.397138 0.000000
3.335340 -2.137533 3.354705 0.000000
3.282324 -2.130186 3.264822 0.000000
3.235203 -2.123452 3.183208 0.000000
3.316581 -2.096843 3.413977 0.000000
3.278835 -1.018437 2.868766 0.000000
3.440522 -1.062907 3.017857 0.000000
3.334534 -1.003741 2.923404 0.000000
3.247846 -0.954688 2.846805 0.000000
3.175685 -0.913242 2.783619 0.000000
3.465961 -1.101130 3.037909 0.000000
3.353745 -1.037823 2.937800 0.000000
3.262651 -0.985761 2.857213 0.000000
3.187043 -0.941792 2.790942 0.000000
3.493672 -1.142008 3.059883 0.000000
3.374867 -1.074137 2.953796 0.000000
3.165471 -0.886085 2.777218 0.000000
3.199687 -0.971933 2.799304 0.000000
3.524015 -1.185935 3.084090 0.000000
3.397977 -1.112915 2.971447 0.000000
3.296774 -1.053442 2.881745 0.000000
3.213685 -1.003850 2.808756 0.000000
3.557050 -1.232932 3.110595 0.000000
3.423088 -1.154141 2.990778 0.000000
3.316334 -1.090502 2.896063 0.000000
3.229168 -1.037774 2.819403 0.000000
3.286177 -0.912487 2.887930 0.000000
3.341124 -0.902436 2.941183 0.000000
3.260428 -0.858693 2.869710 0.000000
3.192451 -0.821159 2.810028 0.000000
3.134625 -0.788684 2.759710 0.000000
3.357966 -0.931336 2.953933 0.000000
3.272710 -0.884973 2.878325 0.000000
3.201479 -0.845682 2.815690 0.000000
3.140949 -0.811664 2.762953 0.000000
3.376116 -0.961509 2.967805 0.000000
3.593704 -1.284274 3.140161 0.000000
3.211350 -0.871014 2.822055 0.000000
3.148111 -0.835333 2.766893 0.000000
3.395830 -0.993360 2.983003 0.000000
3.300926 -0.941385 2.898608 0.000000
3.222308 -0.897496 2.829316 0.000000
3.156274 -0.860152 2.771636 0.000000
3.417263 -1.027092 2.999659 0.000000
3.317072 -0.971835 2.910453 0.000000
3.234497 -0.925472 2.837577 0.000000
3.574169 -1.526890 3.093817 0.000000
3.642424 -1.489911 3.164095 0.000000
3.487143 -1.385931 3.025815 0.000000
3.364868 -1.302774 2.917755 0.000000
3.917019 -1.717087 3.405433 0.000000
3.695390 -1.567486 3.206704 0.000000
3.527853 -1.452387 3.057512 0.000000
3.397335 -1.361681 2.942098 0.000000
3.998127 -1.822464 3.472795 0.000000
3.754913 -1.653717 3.254822 0.000000
3.846539 -1.624773 3.347103 0.000000
3.433886 -1.426826 2.969747 0.000000
4.069359 -1.925884 3.536502 0.000000
3.823390 -1.751923 3.310433 0.000000
3.626666 -1.610346 3.135214 0.000000
3.475427 -1.499826 3.001415 0.000000
3.999675 -1.925144 3.512913 0.000000
3.902062 -1.863845 3.374586 0.000000
3.686178 -1.703902 3.182410 0.000000
3.522423 -1.581196 3.037523 0.000000
3.388461 -1.219834 2.950028 0.000000
3.450964 -1.198899 3.012407 0.000000
3.338113 -1.130543 2.912192 0.000000
3.246292 -1.073973 2.831368 0.000000
3.634105 -1.340136 3.172903 0.000000
3.481744 -1.247336 3.036462 0.000000
3.361926 -1.173285 2.930000 0.000000
3.265291 -1.112786 2.844847 0.000000
3.678648 -1.400822 3.209184 0.000000
3.515745 -1.299957 3.063206 0.000000
3.471334 0.155223 3.174685 0.000000
3.286332 -1.154552 2.859970 0.000000
3.728429 -1.468019 3.249892 0.000000
3.553203 -1.356988 3.092854 0.000000
3.417941 -1.270432 2.972478 0.000000
3.309878 -1.200060 2.877100 0.000000
3.783816 -1.541869 3.295388 0.000000
3.595320 -1.420145 3.126390 0.000000
3.450510 -1.325272 2.997482 0.000000
3.335848 -1.249138 2.896195 0.000000
1.978736 2.450065 5.257061 0.000000
1.817446 1.670195 5.001909 0.000000
2.042944 0.952651 3.739718 0.000000
1.860961 2.230488 5.113577 0.000000
1.860316 1.981805 5.082816 0.000000
1.858057 1.741802 5.051267 0.000000
2.080486 0.954592 3.723874 0.000000
1.918070 2.337944 5.183322 0.000000
1.909796 2.070967 5.142940 0.000000
1.900939 1.816083 5.103158 0.000000
2.117615 0.956492 3.709034 0.000000
1.813367 1.895724 5.025511 0.000000
1.962851 2.164907 5.207119 0.000000
1.946210 1.893368 5.157737 0.000000
2.055974 3.205801 5.672937 0.000000
2.028111 2.849528 5.603615 0.000000
2.018975 2.262527 5.274711 0.000000
1.994106 1.973754 5.215242 0.000000
2.140205 3.604971 5.983551 0.000000
2.097726 3.196702 5.894171 0.000000
2.066233 2.628084 5.615439 0.000000
1.928623 0.946619 3.792936 0.000000
1.643955 1.348605 4.788390 0.000000
1.849899 0.942336 3.833877 0.000000
1.840050 0.936241 3.944438 0.000000
1.651877 1.585325 4.826005 0.000000
1.675128 1.408625 4.827127 0.000000
1.889670 0.944513 3.812782 0.000000
1.878351 0.938445 3.922540 0.000000
1.689076 1.659005 4.872326 0.000000
1.707904 1.470520 4.867658 0.000000
2.044963 2.057687 5.276058 0.000000
1.916426 0.940604 3.901628 0.000000
1.728126 1.734896 4.920708 0.000000
1.742661 1.534992 4.910445 0.000000
1.967119 0.948673 3.774188 0.000000
1.758098 2.031076 4.986971 0.000000
1.769506 1.813709 4.971710 0.000000
1.778901 1.601193 4.954879 0.000000
2.005206 0.950682 3.756448 0.000000
1.808013 2.128843 5.048575 0.000000
2.896487 3.825505 6.198629 0.000000
2.770778 3.835930 5.978694 0.000000
3.217096 8.675629 10.568666 0.000000
2.601537 3.792163 6.549430 0.000000
2.498270 3.765825 6.892165 0.000000
2.877091 3.841018 5.956565 0.000000
2.793781 3.820438 6.222411 0.000000
2.699848 3.797446 6.519361 0.000000
2.592392 3.771305 6.856699 0.000000
2.983787 3.846016 5.936404 0.000000
2.398416 3.624082 6.785187 0.000000
2.798463 3.802633 6.491210 0.000000
2.686726 3.776687 6.823065 0.000000
3.091067 3.850935 5.918172 0.000000
2.999619 3.830479 6.176833 0.000000
2.923230 3.973234 6.620434 0.000000
2.781329 3.781985 6.791089 0.000000
3.198999 3.855768 5.901983 0.000000
3.103422 3.835381 6.156845 0.000000
2.996868 3.812753 6.440292 0.000000
2.385354 3.799194 6.337177 0.000000
2.242336 3.808933 6.120886 0.000000
2.183010 3.568576 6.202789 0.000000
2.131210 2.942350 5.897794 0.000000
2.095887 2.213092 5.414930 0.000000
2.348060 3.814567 6.088084 0.000000
2.283302 3.793606 6.370984 0.000000
2.210093 3.277504 6.196075 0.000000
2.154694 2.307234 5.484687 0.000000
2.459935 3.938559 6.157617 0.000000
1.617007 1.514755 4.782342 0.000000
2.304245 3.635258 6.511805 0.000000
2.217375 2.336277 5.483366 0.000000
2.559188 3.825465 6.029155 0.000000
2.487261 3.804665 6.305424 0.000000
2.405193 3.781300 6.615104 0.000000
2.280025 2.315577 5.429730 0.000000
2.664911 3.830748 6.002909 0.000000
2.589237 3.810022 6.275782 0.000000
2.503325 3.786782 6.581338 0.000000
1.117779 1.105397 4.505013 0.000000
1.285422 0.650429 4.283006 0.000000
1.334874 0.593226 4.325044 0.000000
1.203377 0.809349 4.222056 0.000000
1.252102 0.754431 4.263441 0.000000
1.300918 0.695808 4.304537 0.000000
1.350257 0.634084 4.345872 0.000000
1.037278 1.124417 4.589024 0.000000
1.268704 0.806064 4.286885 0.000000
1.317340 0.742551 4.327168 0.000000
1.366213 0.675363 4.367324 0.000000
1.236284 0.703659 4.240882 0.000000
1.279357 0.869994 4.326344 0.000000
1.334634 0.790335 4.350795 0.000000
1.382846 0.717491 4.389556 0.000000
1.147345 1.160354 4.519195 0.000000
1.312831 0.901992 4.321304 0.000000
1.352844 0.839219 4.375469 0.000000
1.400394 0.760831 4.412854 0.000000
1.268363 1.063985 4.347400 0.000000
1.363036 0.905602 4.279988 0.000000
1.292902 0.475937 4.267420 0.000000
1.218366 0.435180 4.187261 0.000000
1.267742 0.400603 4.232208 0.000000
1.133776 0.544705 4.117274 0.000000
1.181627 0.511916 4.160694 0.000000
1.230438 0.476710 4.204868 0.000000
1.279999 0.437809 4.249428 0.000000
1.145932 0.595129 4.136147 0.000000
1.194148 0.558402 4.179410 0.000000
1.243062 0.518650 4.223085 0.000000
1.371964 0.889325 4.401196 0.000000
1.158916 0.646735 4.156003 0.000000
1.207422 0.605879 4.199010 0.000000
1.256477 0.561707 4.242241 0.000000
1.306289 0.514361 4.285936 0.000000
1.172773 0.699599 4.176889 0.000000
1.221369 0.654044 4.219368 0.000000
1.270586 0.605617 4.262202 0.000000
1.320289 0.553431 4.305150 0.000000
1.187575 0.753776 4.198888 0.000000
1.727425 0.935421 3.904330 0.000000
1.508917 1.073798 4.618196 0.000000
1.641840 0.930384 3.958177 0.000000
1.637726 0.924008 4.073287 0.000000
1.631725 0.916678 4.203321 0.000000
1.533273 1.125428 4.649220 0.000000
1.684911 0.932941 3.930625 0.000000
1.679863 0.926642 4.044692 0.000000
1.523118 1.316846 4.663492 0.000000
1.558999 1.178896 4.681822 0.000000
1.590200 0.913885 4.234109 0.000000
1.720845 0.929158 4.017760 0.000000
1.552730 1.380689 4.701204 0.000000
1.585989 1.233825 4.715843 0.000000
1.768843 0.937795 3.879620 0.000000
1.761364 0.931605 3.991977 0.000000
1.583998 1.446596 4.740787 0.000000
1.614262 1.290389 4.751320 0.000000
1.809843 0.940110 3.856035 0.000000
1.800878 0.933951 3.967690 0.000000
1.469446 0.995871 4.135846 0.000000
1.418600 0.804704 4.436868 0.000000
1.338663 1.041921 4.273592 0.000000
1.412100 0.909053 4.240636 0.000000
1.413663 0.901429 4.374048 0.000000
1.437594 0.849577 4.461788 0.000000
1.405333 1.019272 4.203446 0.000000
1.459756 0.912334 4.203407 0.000000
1.459548 0.904755 4.336382 0.000000
1.457645 0.895836 4.487929 0.000000
2.876322 3.787196 6.760885 0.000000
1.505756 0.915440 4.168357 0.000000
1.504202 0.907933 4.300568 0.000000
1.478434 0.942800 4.514883 0.000000
1.530659 0.971924 4.071157 0.000000
1.550925 0.918428 4.134912 0.000000
1.547720 0.910974 4.266493 0.000000
1.485451 1.023067 4.588151 0.000000
1.589082 0.947539 4.009272 0.000000
1.594990 0.921287 4.103168 0.000000
6.171208 3.914656 6.621923 0.000000
5.469492 2.885902 5.410996 0.000000
6.166058 3.926013 6.457664 0.000000
5.854796 3.906147 6.576626 0.000000
4.224595 1.357757 4.029548 0.000000
5.038559 2.311451 4.927269 0.000000
6.334529 3.930000 6.489777 0.000000
6.010203 3.910403 6.597806 0.000000
4.084887 1.153061 3.871761 0.000000
4.725067 1.892110 4.575644 0.000000
6.362581 3.781002 6.383449 0.000000
4.397702 1.609893 4.225232 0.000000
3.970374 0.983893 3.742519 0.000000
4.487343 1.572663 4.309211 0.000000
5.650587 2.895996 5.590012 0.000000
6.337960 3.918911 6.648922 0.000000
3.874496 0.841141 3.634398 0.000000
4.300405 1.320361 4.099895 0.000000
5.171050 2.298352 5.055987 0.000000
6.511308 3.923145 6.679547 0.000000
3.793255 0.719099 3.542854 0.000000
5.694224 3.913974 6.379525 0.000000
5.650757 3.925831 6.186487 0.000000
5.403533 3.905850 6.341323 0.000000
4.280411 2.574018 5.285883 0.000000
5.884779 3.746597 5.910024 0.000000
5.804676 3.929742 6.212763 0.000000
5.546642 3.909922 6.359090 0.000000
5.280698 3.888995 6.518857 0.000000
5.305816 2.918002 5.253556 0.000000
5.963627 3.933619 6.242103 0.000000
4.150146 1.116292 3.931788 0.000000
5.417769 3.893298 6.529594 0.000000
4.908203 2.347120 4.803025 0.000000
6.127846 3.937472 6.274494 0.000000
5.846382 3.918002 6.402715 0.000000
5.559006 3.897592 6.542740 0.000000
4.618272 1.929201 4.474755 0.000000
6.100153 3.723997 6.119386 0.000000
6.003560 3.922019 6.428668 0.000000
5.704493 3.901872 6.558362 0.000000
4.077453 0.854913 3.833860 0.000000
3.955254 0.765057 3.705402 0.000000
4.393269 1.233268 4.181779 0.000000
3.487959 0.241219 3.199136 0.000000
3.639598 0.405365 3.362018 0.000000
3.861340 0.643538 3.601497 0.000000
4.219353 1.025429 3.990086 0.000000
3.455700 0.187275 3.162774 0.000000
3.589756 0.332866 3.306526 0.000000
3.780908 0.538514 3.512589 0.000000
3.696229 0.486656 3.425092 0.000000
3.426732 0.137789 3.130086 0.000000
3.545618 0.267712 3.257395 0.000000
3.711363 0.446779 3.435779 0.000000
3.959835 0.712603 3.704511 0.000000
3.400780 0.092296 3.100747 0.000000
3.506437 0.208840 3.213771 0.000000
3.650738 0.365904 3.368871 0.000000
3.860708 0.591717 3.595616 0.000000
3.377457 0.050228 3.074316 0.000000
5.272411 2.273676 5.152928 0.000000
4.825808 1.866656 4.671813 0.000000
6.616405 3.852310 6.640593 0.000000
3.723763 0.613450 3.464580 0.000000
4.026583 0.947380 3.793674 0.000000
4.565507 1.540026 4.382421 0.000000
5.806349 2.901685 5.743684 0.000000
3.663574 0.520900 3.396819 0.000000
3.923502 0.805306 3.678543 0.000000
4.362435 1.284018 4.156858 0.000000
5.891931 3.944944 6.042405 0.000000
3.610973 0.438989 3.337624 0.000000
3.836013 0.683800 3.580919 0.000000
4.199681 1.077722 3.976249 0.000000
4.893607 1.826859 4.734165 0.000000
3.564950 0.366108 3.285820 0.000000
3.761091 0.578658 3.497373 0.000000
4.066304 0.907716 3.828396 0.000000
4.611465 1.492792 4.422542 0.000000
3.524197 0.300548 3.239945 0.000000
3.821380 3.850469 6.306880 0.000000
3.868726 3.883363 5.845796 0.000000
3.744297 3.863316 6.076086 0.000000
3.608828 3.841388 6.329817 0.000000
3.459090 3.817021 6.613650 0.000000
3.985272 3.887769 5.843204 0.000000
3.855415 3.867764 6.069175 0.000000
3.714452 3.845956 6.317442 0.000000
3.559322 3.821784 6.594804 0.000000
4.103575 3.892118 5.842706 0.000000
3.967943 3.872161 6.064088 0.000000
3.359924 3.812201 6.634172 0.000000
3.660698 3.826503 6.577496 0.000000
4.223770 3.896420 5.844210 0.000000
4.082198 3.876517 6.060841 0.000000
3.929794 3.854941 6.298000 0.000000
3.763362 3.831172 6.561871 0.000000
4.244369 3.688075 5.681686 0.000000
4.198361 3.880824 6.059591 0.000000
4.039858 3.859367 6.290960 0.000000
3.867517 3.835798 6.547937 0.000000
3.419191 3.849638 6.108102 0.000000
3.307870 3.860527 5.887804 0.000000
3.207875 3.840201 6.138801 0.000000
3.096858 3.817696 6.417479 0.000000
2.971763 3.792334 6.732286 0.000000
3.417593 3.865224 5.875407 0.000000
3.313065 3.844950 6.122560 0.000000
3.197475 3.822561 6.396500 0.000000
3.078519 3.852952 6.760730 0.000000
3.528459 3.869845 5.865145 0.000000
4.161822 3.294699 5.376297 0.000000
3.298876 3.827361 6.377195 0.000000
4.216859 8.643888 11.478119 0.000000
3.640442 3.874412 5.856662 0.000000
3.526428 3.854251 6.095681 0.000000
3.401198 3.832095 6.359691 0.000000
3.261688 3.807330 6.656235 0.000000
3.753816 3.878917 5.850207 0.000000
3.634736 3.858814 6.084922 0.000000
3.504440 3.836771 6.343857 0.000000
4.174080 2.579680 5.139033 0.000000
4.137144 2.589383 4.993548 0.000000
4.296554 3.102789 5.596226 0.000000
4.529302 3.862843 6.499536 0.000000
5.278440 3.929354 5.935727 0.000000
5.077604 3.909915 6.108013 0.000000
4.201068 2.773382 5.306942 0.000000
4.463906 3.534206 6.186375 0.000000
5.425148 3.933302 5.958135 0.000000
5.215028 3.913935 6.123827 0.000000
5.135593 3.925370 5.915943 0.000000
4.240850 2.959087 5.645356 0.000000
5.576134 3.937218 5.983303 0.000000
5.356176 3.917931 6.142059 0.000000
4.267116 2.582793 5.146700 0.000000
4.297647 2.894619 5.583552 0.000000
5.731611 3.941099 6.011344 0.000000
5.501366 3.921895 6.162961 0.000000
5.264364 3.901752 6.326070 0.000000
4.199989 2.588284 5.297545 0.000000
4.381140 3.872411 6.280713 0.000000
4.316474 3.885092 6.060241 0.000000
4.151627 3.863745 6.285781 0.000000
3.973173 3.840389 6.535568 0.000000
4.067295 2.916162 5.083770 0.000000
4.359752 3.735301 5.934778 0.000000
4.265395 3.868095 6.282356 0.000000
4.080492 3.844940 6.524924 0.000000
4.120293 2.834312 5.024850 0.000000
4.280352 3.364488 5.627226 0.000000
3.231112 4.054960 6.931162 0.000000
4.189578 3.849463 6.515883 0.000000
4.077580 2.595518 4.843860 0.000000
4.189716 3.006363 5.331685 0.000000
4.456403 3.794023 6.207945 0.000000
4.300697 3.853955 6.508617 0.000000
4.173279 2.598598 4.854473 0.000000
4.088316 2.660740 5.047665 0.000000
4.237316 3.176704 5.661006 0.000000
4.413824 3.858412 6.503153 0.000000
3.222604 -2.913084 2.737621 0.000000
3.157847 -2.763440 2.806619 0.000000
3.212226 -2.744463 2.751873 0.000000
3.265209 -2.728555 2.698534 0.000000
3.076199 -2.859956 2.887474 0.000000
3.133769 -2.843192 2.829351 0.000000
3.189799 -2.829509 2.772784 0.000000
3.244730 -2.818447 2.717332 0.000000
3.048978 -2.937593 2.913417 0.000000
3.108087 -2.926681 2.853571 0.000000
3.165940 -2.918200 2.795004 0.000000
3.102010 -2.784795 2.862858 0.000000
3.020056 -3.018657 2.940958 0.000000
3.080610 -3.014037 2.879465 0.000000
3.140085 -3.012091 2.819061 0.000000
3.198456 -3.013558 2.759747 0.000000
2.989291 -3.103426 2.970232 0.000000
3.051231 -3.105788 2.907123 0.000000
3.112235 -3.110940 2.844950 0.000000
3.172518 -3.119130 2.783482 0.000000
2.956523 -3.192210 3.001384 0.000000
3.270590 -2.512421 2.697354 0.000000
3.258038 -2.410313 2.711807 0.000000
3.178279 -2.161268 2.633049 0.000000
3.074870 -1.904108 2.563365 0.000000
3.023475 -2.172370 2.708297 0.000000
3.078673 -2.168545 2.672693 0.000000
3.234859 -2.347101 2.666332 0.000000
3.114085 -2.041585 2.584783 0.000000
2.986841 -2.182780 2.715662 0.000000
3.034966 -2.169515 2.677302 0.000000
3.019772 -3.202335 2.936709 0.000000
3.160949 -2.206012 2.610772 0.000000
3.149164 -2.643919 2.817832 0.000000
3.011896 -2.212181 2.689924 0.000000
3.052768 -2.190301 2.648921 0.000000
3.216922 -2.402867 2.642217 0.000000
3.126192 -2.713309 2.839774 0.000000
3.180424 -2.687061 2.785288 0.000000
3.232968 -2.663840 2.732515 0.000000
3.284212 -2.643078 2.681071 0.000000
2.597976 -4.092324 3.340970 0.000000
2.891129 -3.841097 3.049705 0.000000
2.959522 -3.917502 2.977639 0.000000
2.707444 -3.828222 3.237498 0.000000
2.774510 -3.906799 3.166627 0.000000
2.842225 -3.993006 3.094859 0.000000
2.911255 -4.086802 3.021501 0.000000
2.654789 -3.956182 3.287287 0.000000
2.721105 -4.052278 3.216550 0.000000
2.788747 -4.156425 3.144192 0.000000
2.858027 -4.270126 3.069832 0.000000
2.823731 -3.770746 3.120575 0.000000
2.663460 -4.206817 3.270399 0.000000
2.730092 -4.332847 3.198254 0.000000
2.799126 -4.469449 3.123268 0.000000
2.536537 -4.237550 3.398986 0.000000
2.600109 -4.374153 3.329538 0.000000
2.665550 -4.524035 3.257694 0.000000
3.436625 -10.378178 4.289127 0.000000
2.469931 -4.392902 3.461842 0.000000
2.974709 -10.293950 4.849055 0.000000
3.080038 -3.478199 2.867928 0.000000
3.082249 -3.215435 2.872791 0.000000
3.144168 -3.231822 2.809398 0.000000
2.921575 -3.285353 3.034581 0.000000
2.986251 -3.303061 2.968212 0.000000
3.050103 -3.325054 2.902611 0.000000
3.113583 -3.350683 2.837327 0.000000
2.884529 -3.382265 3.069750 0.000000
2.949985 -3.410294 3.002259 0.000000
3.015095 -3.442195 2.935051 0.000000
3.065975 -2.171334 2.702976 0.000000
2.844626 -3.485274 3.107593 0.000000
2.910962 -3.523818 3.038858 0.000000
2.977145 -3.566622 2.970187 0.000000
3.043432 -3.614429 2.901289 0.000000
2.802219 -3.592995 3.147781 0.000000
2.868853 -3.643989 3.078324 0.000000
2.935949 -3.699274 3.008290 0.000000
3.003395 -3.760406 2.937741 0.000000
2.756348 -3.707655 3.191222 0.000000
2.865052 -1.139403 2.462781 0.000000
2.901500 -1.208206 2.487325 0.000000
2.870316 -1.132795 2.468683 0.000000
2.843937 -1.070169 2.453173 0.000000
2.821256 -1.017214 2.440054 0.000000
2.917258 -1.253691 2.495904 0.000000
2.882864 -1.171195 2.474971 0.000000
2.854098 -1.103518 2.457744 0.000000
2.829421 -1.046420 2.443213 0.000000
2.934367 -1.303086 2.505374 0.000000
2.896496 -1.212843 2.481935 0.000000
2.813650 -0.989816 2.437203 0.000000
2.838274 -1.077890 2.446747 0.000000
2.953183 -1.357410 2.515957 0.000000
2.911332 -1.258180 2.489651 0.000000
2.876850 -1.177895 2.468339 0.000000
2.847764 -1.111419 2.450652 0.000000
2.973982 -1.417482 2.527839 0.000000
2.927603 -1.307812 2.498277 0.000000
2.889764 -1.219953 2.474556 0.000000
2.858122 -1.147811 2.455044 0.000000
2.838004 -1.033437 2.453120 0.000000
2.839533 -1.028829 2.455223 0.000000
2.819993 -0.977453 2.444913 0.000000
2.802985 -0.933351 2.436082 0.000000
2.788049 -0.895127 2.428437 0.000000
2.850133 -1.059631 2.460500 0.000000
2.828663 -1.004447 2.448821 0.000000
2.810112 -0.957545 2.438883 0.000000
2.793775 -0.916756 2.430270 0.000000
2.861525 -1.092682 2.466276 0.000000
2.997108 -1.484315 2.541249 0.000000
2.817676 -0.982999 2.441943 0.000000
2.799959 -0.939746 2.432343 0.000000
2.873826 -1.128283 2.472631 0.000000
2.847993 -1.064231 2.457829 0.000000
2.825837 -1.010260 2.445338 0.000000
2.806571 -0.964052 2.434646 0.000000
2.887125 -1.166752 2.479622 0.000000
2.858727 -1.097251 2.462992 0.000000
2.834595 -1.039326 2.449079 0.000000
3.055984 -1.760934 2.562794 0.000000
3.070660 -1.745468 2.578975 0.000000
2.999329 -1.576199 2.531431 0.000000
2.943686 -1.446299 2.494899 0.000000
3.216565 -2.122606 2.675051 0.000000
3.106416 -1.855323 2.600076 0.000000
3.025724 -1.662192 2.545922 0.000000
2.963805 -1.516289 2.504972 0.000000
3.263154 -2.275908 2.708715 0.000000
3.148180 -1.983864 2.625031 0.000000
3.165588 -1.973815 2.643211 0.000000
2.986335 -1.594857 2.516457 0.000000
3.246542 -2.332566 2.724639 0.000000
3.196874 -2.133942 2.654474 0.000000
3.090498 -1.873745 2.582321 0.000000
3.011875 -1.683905 2.529738 0.000000
3.109051 -2.170334 2.697877 0.000000
3.254901 -2.313068 2.689944 0.000000
3.130642 -2.005097 2.605359 0.000000
3.041000 -1.785646 2.545143 0.000000
2.936250 -1.371082 2.497905 0.000000
2.945468 -1.362362 2.507907 0.000000
2.903825 -1.265747 2.481461 0.000000
2.869328 -1.187131 2.459912 0.000000
3.022720 -1.558497 2.556303 0.000000
2.965215 -1.422677 2.518734 0.000000
2.919278 -1.315919 2.489222 0.000000
2.881563 -1.229850 2.465381 0.000000
3.051824 -1.642845 2.573649 0.000000
2.987204 -1.489811 2.530995 0.000000
3.101232 -10.413898 4.606780 0.000000
2.894890 -1.276393 2.471473 0.000000
3.084566 -1.737964 2.593406 0.000000
3.011548 -1.564324 2.544766 0.000000
2.955018 -1.432101 2.507686 0.000000
2.909548 -1.327422 2.478348 0.000000
3.122147 -1.847200 2.616373 0.000000
3.039214 -1.649046 2.560657 0.000000
2.975925 -1.500050 2.518789 0.000000
2.925816 -1.384046 2.486150 0.000000
1.625353 -1.517126 2.821293 0.000000
1.714651 -1.514626 2.850811 0.000000
1.702376 -1.512327 2.821361 0.000000
1.689455 -1.510203 2.792772 0.000000
1.675866 -1.508255 2.765038 0.000000
1.686134 -1.517748 2.864239 0.000000
1.672411 -1.515585 2.835033 0.000000
1.657984 -1.513597 2.806668 0.000000
1.642820 -1.511785 2.779095 0.000000
1.656671 -1.520985 2.878307 0.000000
1.641395 -1.518965 2.849378 0.000000
1.707958 -1.504839 2.751598 0.000000
1.608495 -1.515462 2.793956 0.000000
1.626187 -1.524340 2.893059 0.000000
1.609245 -1.522477 2.864471 0.000000
1.591200 -1.520824 2.836819 0.000000
1.572507 -1.519322 2.809778 0.000000
1.594592 -1.527819 2.908522 0.000000
1.575599 -1.526155 2.880492 0.000000
1.555920 -1.524645 2.853089 0.000000
1.598651 -1.432306 2.784788 0.000000
1.786967 -1.503224 2.783942 0.000000
-0.478957 -7.454443 5.366775 0.000000
-0.600643 -7.631016 5.229333 0.000000
1.832805 -1.495023 2.732607 0.000000
1.825849 -1.492512 2.704401 0.000000
-0.545604 -7.204957 5.325843 0.000000
-0.668348 -7.359827 5.189585 0.000000
1.805901 -1.497823 2.743500 0.000000
1.797612 -1.495422 2.715374 0.000000
-0.608258 -6.967112 5.287621 0.000000
1.561535 -1.531461 2.924932 0.000000
1.778018 -1.500753 2.754987 0.000000
1.768738 -1.498429 2.726816 0.000000
-0.667319 -6.740045 5.251808 0.000000
1.759694 -1.506140 2.795808 0.000000
1.749504 -1.503775 2.766942 0.000000
1.738736 -1.501580 2.738924 0.000000
-0.722919 -6.522697 5.218388 0.000000
1.731597 -1.509165 2.808242 0.000000
1.720085 -1.506914 2.779484 0.000000
1.680835 -1.083067 2.721283 0.000000
1.509030 -1.358956 2.878858 0.000000
1.642001 -1.180381 2.754634 0.000000
1.732433 -1.058907 2.671398 0.000000
1.352911 -1.533015 3.027946 0.000000
1.542598 -1.285226 2.848819 0.000000
1.662737 -1.128580 2.736766 0.000000
1.709748 -1.057061 2.682030 0.000000
1.404141 -1.433440 2.980967 0.000000
1.571516 -1.221407 2.823074 0.000000
1.374995 -1.551849 3.020781 0.000000
1.679972 -1.060991 2.696887 0.000000
1.447562 -1.348894 2.941294 0.000000
1.596933 -1.165087 2.800563 0.000000
1.674347 -1.064058 2.721935 0.000000
1.648162 -1.065110 2.712919 0.000000
1.484449 -1.276815 2.907723 0.000000
1.619024 -1.115792 2.781109 0.000000
1.643193 -1.068105 2.738285 0.000000
1.614079 -1.069437 2.730283 0.000000
1.559428 -1.384761 2.826775 0.000000
1.540865 -1.529950 2.897241 0.000000
1.519145 -1.528625 2.870306 0.000000
1.630463 -1.344204 2.757373 0.000000
1.527436 -1.535211 2.942043 0.000000
1.504676 -1.533898 2.914927 0.000000
1.521394 -1.478197 2.860396 0.000000
1.657112 -1.270140 2.734585 0.000000
1.491929 -1.539109 2.960072 0.000000
1.466596 -1.538039 2.933751 0.000000
1.853114 -1.489737 2.694013 0.000000
1.679962 -1.206443 2.715199 0.000000
1.454587 -1.543195 2.979250 0.000000
1.427072 -1.542323 2.953541 0.000000
1.591251 -1.306295 2.798812 0.000000
1.699813 -1.150971 2.698492 0.000000
1.415864 -1.547414 2.999330 0.000000
1.469282 -1.445915 2.914603 0.000000
1.618448 -1.238944 2.775067 0.000000
1.717234 -1.101973 2.683960 0.000000
1.693957 -6.061080 4.024911 0.000000
2.089939 -8.516182 4.163215 0.000000
1.881634 -6.278782 4.188168 0.000000
1.897910 -6.756012 4.155678 0.000000
1.913552 -7.293848 4.115953 0.000000
1.928087 -7.903748 4.067281 0.000000
1.786397 -5.971327 4.125190 0.000000
1.789633 -6.388669 4.086221 0.000000
1.791348 -6.855563 4.040360 0.000000
1.789209 -7.373589 3.985091 0.000000
1.701288 -5.694225 4.068941 0.000000
2.053634 -7.791701 4.202726 0.000000
1.683170 -6.463512 3.973576 0.000000
1.668924 -6.909305 3.914102 0.000000
1.624208 -5.441108 4.018020 0.000000
1.608263 -5.764601 3.970081 0.000000
1.588135 -6.115502 3.915008 0.000000
1.563813 -6.499136 3.852220 0.000000
1.553623 -5.206813 3.971457 0.000000
1.530545 -5.492814 3.920435 0.000000
1.503499 -5.801908 3.862975 0.000000
2.240239 -7.415967 4.425707 0.000000
3.207710 -10.389158 4.335423 0.000000
2.397531 -4.559589 3.530123 0.000000
2.718759 -9.465304 4.683981 0.000000
2.880153 -10.425043 4.657302 0.000000
2.977627 -10.400392 4.383810 0.000000
2.393764 -7.895835 4.527503 0.000000
2.501505 -8.757285 4.543969 0.000000
2.631256 -9.809142 4.561487 0.000000
2.749416 -10.411732 4.433649 0.000000
1.471269 -6.133800 3.797883 0.000000
2.317552 -8.153724 4.425491 0.000000
2.405144 -9.025070 4.420877 0.000000
2.509104 -10.080110 4.412469 0.000000
2.106473 -6.994648 4.337074 0.000000
2.158769 -7.628682 4.323325 0.000000
2.215685 -8.362739 4.303234 0.000000
2.280855 -9.231692 4.276638 0.000000
1.987104 -6.616112 4.257988 0.000000
2.019372 -7.164308 4.233685 0.000000
-0.363863 -8.535097 5.366452 0.000000
-0.068800 -8.914939 5.618772 0.000000
-0.175884 -9.239972 5.480050 0.000000
1.056886 -4.723372 3.745188 0.000000
1.046780 -4.713544 3.621905 0.000000
-0.162580 -8.585755 5.559755 0.000000
-0.273809 -8.874959 5.420712 0.000000
-0.392553 -9.171596 5.273454 0.000000
0.936886 -4.720916 3.659562 0.000000
-0.249232 -8.277828 5.505500 0.000000
1.138016 -4.768539 3.604066 0.000000
-0.486140 -8.794238 5.219641 0.000000
-0.615831 -9.057409 5.065074 0.000000
-0.332268 -7.992916 5.457666 0.000000
-0.449773 -8.221757 5.318958 0.000000
-0.574414 -8.450447 5.173213 0.000000
1.879678 -1.487072 2.684117 0.000000
-0.408035 -7.716773 5.410565 0.000000
-0.527533 -7.919244 5.272618 0.000000
-0.653807 -8.120180 5.128139 0.000000
1.339271 -4.809279 3.798633 0.000000
1.489758 -4.992544 3.929385 0.000000
1.460800 -5.246305 3.875944 0.000000
1.427674 -5.517753 3.816454 0.000000
1.389250 -5.806021 3.749867 0.000000
1.431239 -4.794296 3.890862 0.000000
1.397468 -5.019773 3.835626 0.000000
1.358959 -5.256906 3.774413 0.000000
1.316133 -5.510019 3.707201 0.000000
1.353721 -4.724833 3.897214 0.000000
2.782685 -0.874561 2.426796 0.000000
1.297267 -5.019997 3.736740 0.000000
1.250613 -5.241140 3.669102 0.000000
1.260928 -4.731180 3.931651 0.000000
1.262568 -4.720175 3.800726 0.000000
1.241333 -4.801869 3.702725 0.000000
1.191262 -4.993813 3.634750 0.000000
0.031172 -9.262378 5.681920 0.000000
1.164709 -4.726810 3.835953 0.000000
1.160163 -4.716415 3.708998 0.000000
2.921937 0.558155 2.685246 0.000000
2.854894 0.567592 2.621261 0.000000
2.905203 0.650011 2.677048 0.000000
2.963363 0.743430 2.741789 0.000000
3.031188 0.850281 2.817536 0.000000
2.840237 0.485077 2.600255 0.000000
2.887260 0.560157 2.651916 0.000000
2.941365 0.644838 2.711620 0.000000
3.004142 0.741227 2.781169 0.000000
2.827242 0.412098 2.581880 0.000000
2.871337 0.480812 2.629880 0.000000
3.062284 0.975941 2.859672 0.000000
2.980400 0.645797 2.749506 0.000000
2.815603 0.346967 2.565652 0.000000
2.857180 0.410281 2.610502 0.000000
2.904703 0.481297 2.662066 0.000000
2.959428 0.561557 2.721755 0.000000
2.805083 0.288371 2.551197 0.000000
2.844439 0.347083 2.593277 0.000000
2.889259 0.412616 2.641504 0.000000
2.940677 0.486463 2.697159 0.000000
2.976776 1.010726 2.779606 0.000000
2.893284 1.043107 2.750304 0.000000
2.903823 1.040564 2.796051 0.000000
2.915644 1.038091 2.842536 0.000000
3.255693 1.762750 3.126750 0.000000
2.938502 1.044130 2.745412 0.000000
2.948365 1.043216 2.792336 0.000000
2.958719 1.040604 2.839534 0.000000
3.192729 1.505855 3.039099 0.000000
2.912597 0.895549 2.706307 0.000000
2.795607 0.235512 2.538344 0.000000
3.052082 1.142998 2.865752 0.000000
3.141338 1.296628 2.967991 0.000000
2.890551 0.769710 2.673432 0.000000
2.949309 0.871755 2.739864 0.000000
3.017826 0.988240 2.817507 0.000000
3.098493 1.122719 2.909106 0.000000
2.871508 0.661531 2.645396 0.000000
2.925696 0.752889 2.706069 0.000000
2.988622 0.856760 2.776735 0.000000
2.806487 0.045155 2.535646 0.000000
2.788838 0.071473 2.520867 0.000000
2.822271 0.115520 2.555168 0.000000
2.859983 0.164377 2.594219 0.000000
2.753289 -0.000591 2.483395 0.000000
2.782001 0.037380 2.512329 0.000000
2.814096 0.079074 2.545009 0.000000
2.850155 0.125129 2.582085 0.000000
2.748027 -0.030421 2.476861 0.000000
2.775666 0.005658 2.504496 0.000000
2.758974 0.031415 2.490529 0.000000
2.841062 0.088738 2.570948 0.000000
2.743159 -0.058323 2.470871 0.000000
2.769792 -0.023987 2.497298 0.000000
2.799449 0.013551 2.527054 0.000000
2.832618 0.054851 2.560689 0.000000
2.738626 -0.084504 2.465347 0.000000
2.764347 -0.051735 2.490677 0.000000
2.792891 -0.016016 2.519114 0.000000
2.824739 0.023182 2.551193 0.000000
2.851260 0.244106 2.591895 0.000000
2.832936 0.290060 2.577904 0.000000
2.875331 0.350831 2.623151 0.000000
2.923845 0.419145 2.675266 0.000000
2.786951 0.187385 2.526772 0.000000
2.822480 0.238325 2.564099 0.000000
2.862751 0.294968 2.606732 0.000000
2.908631 0.358368 2.655649 0.000000
2.779041 0.143429 2.516342 0.000000
2.812964 0.191194 2.551676 0.000000
2.888052 1.033361 2.892303 0.000000
2.894830 0.303272 2.638006 0.000000
2.771801 0.103080 2.506916 0.000000
2.804239 0.147995 2.540419 0.000000
2.840786 0.197635 2.578498 0.000000
2.882193 0.252921 2.621998 0.000000
2.765137 0.065866 2.498350 0.000000
2.796226 0.108216 2.530192 0.000000
2.831158 0.154940 2.566308 0.000000
2.870627 0.206826 2.607473 0.000000
2.486681 1.906891 3.141385 0.000000
2.399171 1.735439 3.221287 0.000000
2.356895 2.575827 3.309345 0.000000
2.389513 2.193952 3.256247 0.000000
2.416346 1.885604 3.212130 0.000000
2.438890 1.631497 3.174658 0.000000
2.418870 2.381408 3.236061 0.000000
2.440805 2.043425 3.195758 0.000000
2.459240 1.766606 3.161585 0.000000
2.475102 1.535477 3.131943 0.000000
2.473471 2.207611 3.171170 0.000000
2.368743 2.015993 3.267963 0.000000
2.498108 1.657198 3.115552 0.000000
2.508177 1.446571 3.092738 0.000000
2.521933 2.050967 3.113262 0.000000
2.527909 1.782381 3.092265 0.000000
2.533412 1.556448 3.073529 0.000000
2.538558 1.363875 3.056549 0.000000
2.565096 1.909373 3.061400 0.000000
2.565107 1.668152 3.047692 0.000000
2.565604 1.463123 3.034997 0.000000
2.109908 3.328846 3.598616 0.000000
2.125954 2.423497 3.537709 0.000000
1.866589 4.049898 3.880913 0.000000
2.009343 3.263488 3.698223 0.000000
2.113564 2.691961 3.563879 0.000000
2.193323 2.257215 3.460231 0.000000
1.998747 3.660328 3.727835 0.000000
2.107605 2.992632 3.584759 0.000000
2.189418 2.494129 3.476383 0.000000
2.253320 2.107529 3.390972 0.000000
2.566483 1.286634 3.023102 0.000000
2.192604 2.755799 3.486254 0.000000
2.256332 2.317759 3.398911 0.000000
2.307053 1.971962 3.328702 0.000000
2.204590 3.043525 3.488150 0.000000
2.266733 2.546666 3.400002 0.000000
2.315715 2.159134 3.329867 0.000000
2.355415 1.848506 3.272425 0.000000
2.286120 2.794554 3.392624 0.000000
2.331907 2.360558 3.323852 0.000000
2.775749 1.033003 2.808337 0.000000
2.747780 1.272833 2.837113 0.000000
2.727823 1.139298 2.848670 0.000000
2.712605 1.026412 2.860209 0.000000
2.732274 1.024611 2.903778 0.000000
2.769273 1.191977 2.809958 0.000000
2.747631 1.070210 2.823795 0.000000
2.751789 1.028636 2.856310 0.000000
2.770260 1.026724 2.900641 0.000000
2.788960 1.116254 2.784871 0.000000
2.694886 1.022547 2.907086 0.000000
2.791631 1.030914 2.852602 0.000000
2.808834 1.028885 2.897685 0.000000
2.807017 1.045187 2.761655 0.000000
2.817597 1.035458 2.804082 0.000000
2.832180 1.033249 2.849053 0.000000
2.848079 1.031097 2.894905 0.000000
2.848277 1.040383 2.754989 0.000000
2.860259 1.037979 2.799966 0.000000
2.873482 1.035638 2.845731 0.000000
2.657362 1.375456 2.935840 0.000000
2.603762 1.780196 3.014649 0.000000
2.598804 1.563015 3.007079 0.000000
2.595026 1.376430 2.999578 0.000000
2.592232 1.214448 2.992098 0.000000
2.638552 1.661900 2.972313 0.000000
2.629444 1.465677 2.969916 0.000000
2.622043 1.295603 2.966866 0.000000
2.616043 1.146661 2.963265 0.000000
2.669937 1.553038 2.933854 0.000000
2.734429 -0.109141 2.460266 0.000000
2.646866 1.220036 2.936623 0.000000
2.638093 1.082887 2.936409 0.000000
2.698394 1.452585 2.898742 0.000000
2.682909 1.291419 2.904449 0.000000
2.669776 1.149158 2.908539 0.000000
2.658584 1.022652 2.911301 0.000000
2.724246 1.359495 2.866606 0.000000
2.706315 1.212864 2.875481 0.000000
2.690920 1.082524 2.882445 0.000000
2.745560 -0.728146 2.416532 0.000000
2.734294 -0.646793 2.418502 0.000000
2.740431 -0.722994 2.412886 0.000000
2.738492 -0.700035 2.414602 0.000000
2.737066 -0.678873 2.416419 0.000000
2.736045 -0.658999 2.418320 0.000000
2.744632 -0.737720 2.414301 0.000000
2.741925 -0.713925 2.415510 0.000000
2.739715 -0.691880 2.416821 0.000000
2.737982 -0.671457 2.418237 0.000000
2.749103 -0.752986 2.415867 0.000000
2.734601 -0.666089 2.416121 0.000000
2.742582 -0.705337 2.417328 0.000000
2.740104 -0.684288 2.418235 0.000000
2.753846 -0.768837 2.417583 0.000000
2.749414 -0.742836 2.417666 0.000000
2.745642 -0.719176 2.417929 0.000000
2.742405 -0.697334 2.418334 0.000000
2.758847 -0.785206 2.419451 0.000000
2.753526 -0.758050 2.418942 0.000000
2.748906 -0.733335 2.418646 0.000000
2.729207 -0.681467 2.409385 0.000000
2.722224 -0.624166 2.411385 0.000000
2.724921 -0.606171 2.415941 0.000000
2.722814 -0.655672 2.407630 0.000000
2.724473 -0.636163 2.411680 0.000000
2.726514 -0.617711 2.415804 0.000000
2.725924 -0.668451 2.408461 0.000000
2.726902 -0.648400 2.412066 0.000000
2.728285 -0.629518 2.415751 0.000000
2.730020 -0.611575 2.419514 0.000000
2.744883 -0.710716 2.418515 0.000000
2.729511 -0.660814 2.412555 0.000000
2.730210 -0.641439 2.415785 0.000000
2.731274 -0.623104 2.419090 0.000000
2.732733 -0.694955 2.410431 0.000000
2.732313 -0.673613 2.413132 0.000000
2.732324 -0.653682 2.415908 0.000000
2.732715 -0.634898 2.418759 0.000000
2.736460 -0.708750 2.411592 0.000000
2.735307 -0.686647 2.413820 0.000000
2.797121 -0.905154 2.435090 0.000000
2.796006 -0.900402 2.434811 0.000000
2.784168 -0.863192 2.429885 0.000000
2.773712 -0.830388 2.425617 0.000000
2.764410 -0.801142 2.421893 0.000000
2.803653 -0.923291 2.438231 0.000000
2.790472 -0.883718 2.432384 0.000000
2.778847 -0.849004 2.427317 0.000000
2.768531 -0.818322 2.422885 0.000000
2.811759 -0.947349 2.441943 0.000000
2.760569 -0.784745 2.421031 0.000000
2.784342 -0.868643 2.429199 0.000000
2.772946 -0.836241 2.424032 0.000000
2.820359 -0.972688 2.445971 0.000000
2.804275 -0.927952 2.438083 0.000000
2.790168 -0.889114 2.431278 0.000000
2.777658 -0.854961 2.425332 0.000000
2.829621 -0.999851 2.450396 0.000000
2.811855 -0.951889 2.441340 0.000000
2.796378 -0.910651 2.433571 0.000000
2.767479 -0.807322 2.423649 0.000000
2.764184 -0.802396 2.421501 0.000000
2.757898 -0.773832 2.420358 0.000000
2.752404 -0.748061 2.419472 0.000000
2.747580 -0.724578 2.418800 0.000000
2.769828 -0.820228 2.423739 0.000000
2.762543 -0.790237 2.421924 0.000000
2.756151 -0.763303 2.420432 0.000000
2.750498 -0.738862 2.419198 0.000000
2.775804 -0.838886 2.426166 0.000000
2.719911 -0.643202 2.406911 0.000000
2.760131 -0.779097 2.421510 0.000000
2.753616 -0.753599 2.419692 0.000000
2.782111 -0.858310 2.428796 0.000000
2.772708 -0.825146 2.425534 0.000000
2.764373 -0.795502 2.422725 0.000000
2.756960 -0.768836 2.420298 0.000000
2.788857 -0.878880 2.431676 0.000000
2.778243 -0.843653 2.427603 0.000000
2.768904 -0.812582 2.424099 0.000000
2.777499 -0.172341 2.495678 0.000000
2.738617 -0.188340 2.460007 0.000000
2.761726 -0.160808 2.482169 0.000000
2.787171 -0.131007 2.506869 0.000000
2.714846 -0.231979 2.436816 0.000000
2.735295 -0.207275 2.456081 0.000000
2.757646 -0.180782 2.477399 0.000000
2.782178 -0.152175 2.501086 0.000000
2.712385 -0.249253 2.433839 0.000000
2.732199 -0.225378 2.452415 0.000000
2.753821 -0.199831 2.472934 0.000000
2.717515 -0.213942 2.440020 0.000000
2.710123 -0.265822 2.431074 0.000000
2.729332 -0.242718 2.449001 0.000000
2.750241 -0.218070 2.468751 0.000000
2.773103 -0.191584 2.490605 0.000000
2.708054 -0.281736 2.428508 0.000000
2.726669 -0.259366 2.445810 0.000000
2.746888 -0.235536 2.464826 0.000000
2.768949 -0.210019 2.485819 0.000000
2.706168 -0.297077 2.426122 0.000000
2.775750 -0.094465 2.498649 0.000000
2.759272 -0.077815 2.484556 0.000000
2.786787 -0.043746 2.511779 0.000000
2.817396 -0.006466 2.542407 0.000000
2.730516 -0.132389 2.455561 0.000000
2.754539 -0.102396 2.478886 0.000000
2.781075 -0.069860 2.504965 0.000000
2.810541 -0.034300 2.534260 0.000000
2.726896 -0.154369 2.451225 0.000000
2.750125 -0.125607 2.473629 0.000000
2.724203 -0.275371 2.442826 0.000000
2.804120 -0.060544 2.526678 0.000000
2.723533 -0.175225 2.447207 0.000000
2.746015 -0.147604 2.468753 0.000000
2.770757 -0.117756 2.492761 0.000000
2.798108 -0.085310 2.519618 0.000000
2.720401 -0.195055 2.443472 0.000000
2.742181 -0.168478 2.464219 0.000000
2.766091 -0.139827 2.487280 0.000000
2.792468 -0.108757 2.513029 0.000000
2.743735 -0.334722 2.456265 0.000000
2.731103 -0.327654 2.445855 0.000000
2.748856 -0.306617 2.462435 0.000000
2.698427 -0.379450 2.415042 0.000000
2.713226 -0.360804 2.428631 0.000000
2.729111 -0.341336 2.443322 0.000000
2.746207 -0.320872 2.459265 0.000000
2.697689 -0.391945 2.413649 0.000000
2.711975 -0.373668 2.426779 0.000000
2.727290 -0.354651 2.440942 0.000000
2.714633 -0.347610 2.430612 0.000000
2.710889 -0.386224 2.425063 0.000000
2.725624 -0.367615 2.438700 0.000000
2.741436 -0.348178 2.453430 0.000000
2.724132 -0.380273 2.436607 0.000000
2.739303 -0.361285 2.450747 0.000000
2.737330 -0.374084 2.448206 0.000000
2.714675 -0.618975 2.405775 0.000000
2.717208 -0.631010 2.406296 0.000000
2.720159 -0.612468 2.411177 0.000000
2.757953 -0.260967 2.473108 0.000000
2.743759 -0.252314 2.461147 0.000000
2.765060 -0.227673 2.481333 0.000000
2.704461 -0.311884 2.423907 0.000000
2.721924 -0.290799 2.440034 0.000000
2.740845 -0.268450 2.457698 0.000000
2.761387 -0.244649 2.477091 0.000000
2.702926 -0.326205 2.421852 0.000000
2.719840 -0.305685 2.437433 0.000000
2.738121 -0.284016 2.454449 0.000000
1.516634 -1.213651 2.878555 0.000000
2.701560 -0.340085 2.419947 0.000000
2.717929 -0.320091 2.434999 0.000000
2.735594 -0.299041 2.451401 0.000000
2.754712 -0.276716 2.469335 0.000000
2.700360 -0.353554 2.418185 0.000000
2.716198 -0.334055 2.432732 0.000000
2.733257 -0.313573 2.448540 0.000000
2.751687 -0.291920 2.465786 0.000000
2.699308 -0.366672 2.416545 0.000000
2.814488 -0.633393 2.488797 0.000000
2.805264 -0.636227 2.480484 0.000000
2.807935 -0.672975 2.478180 0.000000
2.808334 -0.649946 2.481439 0.000000
2.809547 -0.628278 2.485147 0.000000
2.812284 -0.687815 2.480040 0.000000
2.811650 -0.663858 2.482563 0.000000
2.811893 -0.641529 2.485558 0.000000
2.816925 -0.702980 2.482100 0.000000
2.815262 -0.678207 2.483872 0.000000
2.814486 -0.655126 2.486120 0.000000
2.803888 -0.658528 2.476517 0.000000
2.821941 -0.718744 2.484403 0.000000
2.819138 -0.692820 2.485362 0.000000
2.817335 -0.669003 2.486848 0.000000
2.816365 -0.646691 2.488795 0.000000
2.827280 -0.734924 2.486928 0.000000
2.823313 -0.707842 2.487047 0.000000
2.820441 -0.683090 2.487755 0.000000
2.818444 -0.660113 2.488932 0.000000
2.832989 -0.751689 2.489701 0.000000
2.815603 -0.329312 2.518982 0.000000
2.799955 -0.320301 2.505922 0.000000
2.821789 -0.297990 2.526732 0.000000
2.845776 -0.274073 2.549782 0.000000
2.778376 -0.356126 2.484586 0.000000
2.797581 -0.335628 2.502745 0.000000
2.818558 -0.313895 2.522721 0.000000
2.841562 -0.290688 2.544794 0.000000
2.776989 -0.370591 2.482336 0.000000
2.795455 -0.350527 2.499804 0.000000
2.827830 -0.723434 2.488948 0.000000
2.837644 -0.306748 2.540110 0.000000
2.793590 -0.365028 2.497101 0.000000
2.812912 -0.344297 2.515499 0.000000
2.834000 -0.322327 2.535706 0.000000
2.810460 -0.358883 2.512243 0.000000
2.830642 -0.337450 2.531583 0.000000
2.827520 -0.352168 2.527693 0.000000
2.796663 -0.630656 2.473762 0.000000
2.800130 -0.644434 2.475043 0.000000
2.895160 -0.914366 2.523230 0.000000
2.845328 -0.777084 2.497190 0.000000
2.836487 -0.747930 2.493300 0.000000
2.876399 -0.867772 2.512605 0.000000
2.862462 -0.828829 2.505412 0.000000
2.850648 -0.794670 2.499527 0.000000
2.840536 -0.764206 2.494685 0.000000
2.885436 -0.890357 2.517684 0.000000
2.869728 -0.849087 2.509158 0.000000
2.856356 -0.812958 2.502119 0.000000
2.844874 -0.780908 2.496264 0.000000
2.855655 -0.809459 2.501973 0.000000
2.877452 -0.870171 2.513228 0.000000
2.862497 -0.832027 2.505001 0.000000
2.849592 -0.798353 2.498078 0.000000
2.905554 -0.939611 2.529264 0.000000
2.885805 -0.892511 2.517721 0.000000
2.869059 -0.851938 2.508159 0.000000
2.854694 -0.816482 2.500142 0.000000
2.916724 -0.966410 2.535849 0.000000
2.894739 -0.916047 2.522612 0.000000
2.826239 -0.702299 2.490335 0.000000
2.823826 -0.697630 2.488831 0.000000
2.820766 -0.673794 2.489226 0.000000
2.839092 -0.769098 2.492738 0.000000
2.832667 -0.739419 2.491071 0.000000
2.827497 -0.712561 2.490093 0.000000
2.823380 -0.687882 2.489703 0.000000
2.845593 -0.787091 2.496058 0.000000
2.837834 -0.755951 2.493409 0.000000
2.831465 -0.727923 2.491547 0.000000
2.780008 -0.341276 2.487056 0.000000
2.852563 -0.805989 2.499682 0.000000
2.843369 -0.773092 2.495992 0.000000
2.835764 -0.743770 2.493220 0.000000
2.829369 -0.717085 2.491140 0.000000
2.859988 -0.825613 2.503631 0.000000
2.849313 -0.790910 2.498850 0.000000
2.840373 -0.760137 2.495092 0.000000
2.832781 -0.732281 2.492126 0.000000
2.867906 -0.846168 2.507918 0.000000
2.896836 -0.016836 2.615041 0.000000
2.842517 -0.029593 2.563786 0.000000
2.877224 0.006837 2.598530 0.000000
2.916421 0.047250 2.638114 0.000000
2.961014 0.092455 2.683522 0.000000
2.835354 -0.058886 2.555209 0.000000
2.868675 -0.024236 2.588372 0.000000
2.906248 0.014130 2.626107 0.000000
2.948860 0.056919 2.669273 0.000000
2.828789 -0.086339 2.547362 0.000000
2.860812 -0.053307 2.579055 0.000000
2.974197 0.130688 2.699038 0.000000
2.937617 0.023751 2.656143 0.000000
2.822727 -0.112192 2.540131 0.000000
2.853561 -0.080632 2.570480 0.000000
2.888130 -0.045889 2.604834 0.000000
2.927197 -0.007305 2.644014 0.000000
2.817146 -0.136598 2.533473 0.000000
2.846839 -0.106376 2.562549 0.000000
2.880079 -0.073185 2.595416 0.000000
2.917502 -0.036464 2.632768 0.000000
2.907591 0.114528 2.634934 0.000000
2.889412 0.153367 2.620729 0.000000
2.932843 0.201927 2.665592 0.000000
2.982563 0.256521 2.717297 0.000000
3.039968 0.318444 2.777363 0.000000
2.878259 0.110806 2.607051 0.000000
2.919642 0.156401 2.649521 0.000000
2.966850 0.207463 2.698316 0.000000
3.021217 0.265276 2.754886 0.000000
2.868105 0.071604 2.594670 0.000000
2.812015 -0.159688 2.527343 0.000000
2.952559 0.162531 2.681139 0.000000
3.004107 0.216595 2.734479 0.000000
2.858830 0.035378 2.583423 0.000000
2.896597 0.075925 2.621694 0.000000
2.939466 0.121106 2.665483 0.000000
2.988524 0.171939 2.715972 0.000000
2.850317 0.001752 2.573157 0.000000
2.886477 0.040104 2.609573 0.000000
2.927442 0.082790 2.651176 0.000000
2.833233 -0.246865 2.540556 0.000000
2.816048 -0.235434 2.526003 0.000000
2.842503 -0.209328 2.551513 0.000000
2.871836 -0.180944 2.580072 0.000000
2.789143 -0.277072 2.499386 0.000000
2.812241 -0.253685 2.521379 0.000000
2.837690 -0.228488 2.545841 0.000000
2.865876 -0.201136 2.573195 0.000000
2.786460 -0.293940 2.495914 0.000000
2.808727 -0.271242 2.517066 0.000000
2.792133 -0.259563 2.503165 0.000000
2.860322 -0.220483 2.566765 0.000000
2.784043 -0.310227 2.492707 0.000000
2.805525 -0.288158 2.513072 0.000000
2.829112 -0.264529 2.535629 0.000000
2.855136 -0.239036 2.560741 0.000000
2.781894 -0.325996 2.489757 0.000000
2.802604 -0.304497 2.509362 0.000000
2.825310 -0.281546 2.531035 0.000000
2.850294 -0.256878 2.555089 0.000000
2.859221 -0.146435 2.571075 0.000000
2.840653 -0.130706 2.555245 0.000000
2.872613 -0.098946 2.586697 0.000000
2.908509 -0.063912 2.622358 0.000000
2.807318 -0.181585 2.521708 0.000000
2.834917 -0.153739 2.548474 0.000000
2.865669 -0.123315 2.578597 0.000000
2.900132 -0.089835 2.612682 0.000000
2.802988 -0.202438 2.516491 0.000000
2.829623 -0.175633 2.542209 0.000000
2.876149 -0.872948 2.511660 0.000000
2.892305 -0.114371 2.603658 0.000000
2.799040 -0.222318 2.511694 0.000000
2.824725 -0.196490 2.536395 0.000000
2.853222 -0.168399 2.564075 0.000000
2.885015 -0.137668 2.595258 0.000000
2.795417 -0.241332 2.507252 0.000000
2.820222 -0.216384 2.531017 0.000000
2.847671 -0.189331 2.557578 0.000000
2.878191 -0.159825 2.587400 0.000000
3.112416 -2.183660 2.848540 0.000000
3.059524 -2.160333 2.914474 0.000000
3.107809 -2.125908 2.865903 0.000000
3.153322 -2.094177 2.820205 0.000000
3.211099 -2.087749 2.782864 0.000000
3.033551 -2.191973 2.928393 0.000000
3.090302 -2.174477 2.883148 0.000000
3.137219 -2.145271 2.835977 0.000000
3.181850 -2.118602 2.791184 0.000000
2.992504 -2.192981 2.932465 0.000000
3.053539 -2.188203 2.890016 0.000000
3.259801 -2.087219 2.782892 0.000000
3.166216 -2.173974 2.806379 0.000000
2.952519 -2.194023 2.936818 0.000000
3.010839 -2.189132 2.893252 0.000000
3.067195 -2.184484 2.850737 0.000000
3.121450 -2.180047 2.809068 0.000000
2.912905 -2.195117 2.941520 0.000000
2.968967 -2.190105 2.896831 0.000000
3.022948 -2.185349 2.853290 0.000000
3.074729 -2.180821 2.810724 0.000000
3.223558 -2.093636 2.851441 0.000000
3.240912 -2.096067 2.881223 0.000000
3.318442 -2.092401 2.849780 0.000000
3.314994 -1.983615 2.788571 0.000000
3.187670 -1.735774 2.694516 0.000000
3.196145 -2.096786 2.883248 0.000000
3.270145 -2.093008 2.850436 0.000000
3.343102 -2.089358 2.817969 0.000000
3.229641 -1.845329 2.722006 0.000000
3.152510 -2.097533 2.885584 0.000000
2.874224 -2.196245 2.946462 0.000000
3.293371 -2.089886 2.817746 0.000000
3.278766 -1.973385 2.754506 0.000000
3.110257 -2.098305 2.888223 0.000000
3.178216 -2.094293 2.852812 0.000000
3.244731 -2.090443 2.817920 0.000000
3.309968 -2.086720 2.783355 0.000000
3.077583 -2.115551 2.896590 0.000000
3.134029 -2.094982 2.854540 0.000000
3.197464 -2.091032 2.818517 0.000000
2.881016 -2.839152 3.085377 0.000000
2.883209 -2.684216 3.086277 0.000000
2.941076 -2.690850 3.027139 0.000000
2.997406 -2.699101 2.969605 0.000000
2.792368 -2.740933 3.177946 0.000000
2.853089 -2.751351 3.115702 0.000000
2.911996 -2.763491 3.055349 0.000000
2.969241 -2.777894 2.996713 0.000000
2.759850 -2.804219 3.209890 0.000000
2.821411 -2.820496 3.146625 0.000000
2.822961 -2.680213 3.147873 0.000000
2.939097 -2.860418 3.025690 0.000000
2.725818 -2.869304 3.243294 0.000000
2.787552 -2.892945 3.179647 0.000000
2.847742 -2.918770 3.117595 0.000000
2.906763 -2.946808 3.056742 0.000000
2.689878 -2.936689 3.278550 0.000000
2.751892 -2.967834 3.214397 0.000000
2.812494 -3.001408 3.151691 0.000000
2.872061 -3.037487 3.090032 0.000000
2.895339 -2.188224 2.863099 0.000000
2.928167 -2.191114 2.900694 0.000000
2.979601 -2.186259 2.856193 0.000000
3.029063 -2.181640 2.812775 0.000000
2.835810 -2.197427 2.951724 0.000000
2.887748 -2.192178 2.904914 0.000000
2.937090 -2.187217 2.859476 0.000000
2.984369 -2.182506 2.815214 0.000000
2.798234 -2.198652 2.957293 0.000000
2.847967 -2.193288 2.909437 0.000000
3.150917 -1.639618 2.670705 0.000000
2.940243 -2.183425 2.818024 0.000000
2.761422 -2.199914 2.963093 0.000000
2.809078 -2.194443 2.914267 0.000000
2.854286 -2.189282 2.867060 0.000000
2.897269 -2.184393 2.821220 0.000000
2.729800 -2.217869 2.975191 0.000000
2.777533 -2.217060 2.926481 0.000000
2.823461 -2.217901 2.879670 0.000000
2.868083 -2.220030 2.834246 0.000000
2.995689 -1.166425 2.582530 0.000000
2.894671 -0.944568 2.518584 0.000000
3.004911 -1.171100 2.590619 0.000000
2.964247 -1.090366 2.563140 0.000000
2.931068 -1.024834 2.541095 0.000000
2.903240 -0.970061 2.522912 0.000000
3.024251 -1.214998 2.603146 0.000000
2.979304 -1.126925 2.572359 0.000000
2.942901 -1.056070 2.547837 0.000000
2.912545 -0.997287 2.527721 0.000000
3.045623 -1.263302 2.617149 0.000000
2.920112 -0.995574 2.534961 0.000000
2.955707 -1.089525 2.555254 0.000000
2.922526 -1.026020 2.532995 0.000000
3.068987 -1.315909 2.632629 0.000000
3.013578 -1.209275 2.593782 0.000000
2.969491 -1.125200 2.563364 0.000000
2.933394 -1.056889 2.538856 0.000000
3.094900 -1.373985 2.649996 0.000000
3.033146 -1.255939 2.606240 0.000000
2.984620 -1.163989 2.572408 0.000000
2.955570 -1.057777 2.559430 0.000000
2.860162 -0.835347 2.502439 0.000000
2.928724 -0.994929 2.543023 0.000000
2.904261 -0.940732 2.527921 0.000000
2.883718 -0.894847 2.515496 0.000000
2.866112 -0.855194 2.505044 0.000000
2.941669 -1.025386 2.550875 0.000000
2.914587 -0.967095 2.533783 0.000000
2.891879 -0.918058 2.519718 0.000000
2.872453 -0.875795 2.507911 0.000000
2.945157 -1.089913 2.545322 0.000000
2.925597 -0.994887 2.540133 0.000000
2.900600 -0.942375 2.524333 0.000000
2.879323 -0.897561 2.511115 0.000000
2.970629 -1.092589 2.568822 0.000000
2.937550 -1.024730 2.547135 0.000000
2.910023 -0.968283 2.529411 0.000000
2.886708 -0.920442 2.514657 0.000000
2.987103 -1.130428 2.579228 0.000000
2.950371 -1.056400 2.554762 0.000000
3.297113 -1.874265 2.784122 0.000000
3.334563 -1.907117 2.816646 0.000000
3.205029 -1.659745 2.720583 0.000000
3.112546 -1.484881 2.652937 0.000000
3.042637 -1.354091 2.602539 0.000000
3.398135 -2.048039 2.862008 0.000000
3.247932 -1.759823 2.750041 0.000000
3.142963 -1.560227 2.672840 0.000000
3.065224 -1.414046 2.616455 0.000000
3.382941 -2.094063 2.877254 0.000000
3.022260 -1.299759 2.590155 0.000000
3.177658 -1.645889 2.695796 0.000000
3.090435 -1.480646 2.632201 0.000000
3.334212 -2.094709 2.878216 0.000000
3.354822 -2.008495 2.824432 0.000000
3.216908 -1.742595 2.722034 0.000000
3.118699 -1.555080 2.650076 0.000000
3.286906 -2.095377 2.879555 0.000000
3.367830 -2.091824 2.849547 0.000000
3.262040 -1.853611 2.752495 0.000000
3.104936 -1.425506 2.653098 0.000000
3.123668 -1.438370 2.669464 0.000000
3.054709 -1.307056 2.620145 0.000000
3.001093 -1.205975 2.582393 0.000000
2.957944 -1.125385 2.552486 0.000000
3.155895 -1.510301 2.691496 0.000000
3.078504 -1.363279 2.635663 0.000000
3.019158 -1.251670 2.593504 0.000000
2.971876 -1.163626 2.560435 0.000000
3.192250 -1.591257 2.716591 0.000000
3.060650 0.376833 2.802273 0.000000
3.039008 -1.301603 2.605878 0.000000
2.987192 -1.205319 2.569320 0.000000
3.233280 -1.682408 2.745178 0.000000
3.134470 -1.494815 2.672791 0.000000
3.061085 -1.356879 2.619820 0.000000
3.003821 -1.250279 2.579117 0.000000
3.280183 -1.786581 2.778125 0.000000
3.167430 -1.571941 2.695000 0.000000
3.085395 -1.417491 2.635363 0.000000
-0.682220 6.083518 6.625124 0.000000
1.672434 0.364496 2.980463 0.000000
-0.977677 5.262115 6.238745 0.000000
-0.816707 5.577559 6.434068 0.000000
1.654992 0.365018 2.967691 0.000000
-1.075009 5.218758 6.137754 0.000000
-0.921777 5.503953 6.321926 0.000000
-0.751420 5.825427 6.527116 0.000000
1.685806 0.365828 2.954080 0.000000
-1.023458 5.469122 6.217639 0.000000
-0.861924 5.757651 6.410303 0.000000
1.623412 0.364172 2.981912 0.000000
-1.124040 5.466570 6.118205 0.000000
-0.968061 5.732323 6.302722 0.000000
-0.797264 6.026466 6.505082 0.000000
-0.607694 6.357199 6.730093 0.000000
-1.072860 5.740920 6.200408 0.000000
-0.908448 6.009614 6.393499 0.000000
-0.728321 6.307482 6.605398 0.000000
-0.528457 6.643346 6.841047 0.000000
-1.017467 6.030546 6.288432 0.000000
1.632205 0.362561 3.015999 0.000000
1.508108 0.359945 3.054672 0.000000
1.567838 0.360816 3.044022 0.000000
-1.088312 4.487094 6.039196 0.000000
1.485356 0.360230 3.046829 0.000000
1.543397 0.360972 3.038207 0.000000
1.600685 0.361718 3.029581 0.000000
-1.040218 4.688367 6.110182 0.000000
1.521834 0.361318 3.029257 0.000000
1.577150 0.361926 3.022731 0.000000
-0.844110 6.302274 6.490610 0.000000
-0.989516 4.896215 6.184458 0.000000
1.556934 0.362330 3.012648 0.000000
1.609975 0.362829 3.007922 0.000000
-1.079303 4.808568 6.085711 0.000000
-0.935258 5.114680 6.263421 0.000000
1.590759 0.363279 2.996887 0.000000
1.641708 0.363684 2.993850 0.000000
-1.030397 5.029486 6.159697 0.000000
-0.877847 5.340911 6.346335 0.000000
1.706720 2.297544 3.959168 0.000000
1.171803 3.352774 4.557138 0.000000
1.491157 2.644818 4.197018 0.000000
-0.566411 8.203868 6.980914 0.000000
0.942096 3.992818 4.821195 0.000000
1.335668 3.084220 4.377015 0.000000
1.605495 2.461511 4.071002 0.000000
-0.464248 8.665506 7.133688 0.000000
1.152261 3.632972 4.589993 0.000000
1.477218 2.850050 4.221094 0.000000
-0.432731 8.066183 7.097197 0.000000
-0.256899 8.807797 7.119430 0.000000
1.329005 3.327224 4.395155 0.000000
1.600704 2.643554 4.084754 0.000000
1.796777 2.150072 3.859417 0.000000
1.154242 3.924081 4.601243 0.000000
1.481556 3.060666 4.226624 0.000000
1.708901 2.460552 3.964996 0.000000
1.877306 2.016693 3.769976 0.000000
1.344287 3.573145 4.390903 0.000000
1.035563 3.360392 4.696854 0.000000
-0.654270 6.604309 6.712471 0.000000
-0.443379 6.945400 6.959484 0.000000
-0.957433 6.337044 6.382871 0.000000
-0.774755 6.612192 6.594544 0.000000
-0.574394 6.918253 6.827140 0.000000
0.830567 3.676883 4.920928 0.000000
-0.892265 6.662233 6.484403 0.000000
-0.699652 6.940911 6.706184 0.000000
-0.488276 7.251476 6.950054 0.000000
1.447655 0.359066 3.065255 0.000000
-0.820943 7.010975 6.594574 0.000000
-0.618174 7.290503 6.826370 0.000000
-0.395224 7.606115 7.082119 0.000000
1.210402 3.087993 4.505384 0.000000
-0.743678 7.380315 6.712818 0.000000
-0.529107 7.666655 6.956926 0.000000
0.980213 3.663766 4.767316 0.000000
1.359910 2.853077 4.341337 0.000000
-0.658743 7.778835 6.841796 0.000000
1.557321 -0.069567 2.887550 0.000000
1.441686 -0.072676 2.949873 0.000000
1.515874 -0.070626 2.910890 0.000000
1.407767 -0.073638 2.966074 0.000000
1.483098 -0.071450 2.927379 0.000000
1.552061 -0.069775 2.892159 0.000000
1.451503 -0.072215 2.941537 0.000000
1.521343 -0.070427 2.906776 0.000000
1.519490 -0.019521 2.927068 0.000000
1.421484 -0.072888 2.953045 0.000000
1.492081 -0.071013 2.918924 0.000000
1.476794 -0.071654 2.931281 0.000000
1.478765 0.040512 2.969931 0.000000
1.464066 -0.071522 2.928699 0.000000
1.529867 -0.070006 2.898053 0.000000
1.525787 -0.020234 2.920745 0.000000
1.430799 0.111035 3.020591 0.000000
1.503913 -0.070363 2.906094 0.000000
1.565162 -0.069166 2.878719 0.000000
1.488775 0.037156 2.959775 0.000000
1.373470 0.195150 3.081345 0.000000
1.571373 -1.082044 2.825235 0.000000
1.638672 -1.071596 2.763908 0.000000
1.609863 -1.072348 2.755912 0.000000
1.577434 -1.073988 2.749110 0.000000
1.544732 -1.158220 2.853201 0.000000
1.606850 -1.075147 2.781257 0.000000
1.574098 -1.076811 2.775005 0.000000
1.569455 -1.109144 2.830994 0.000000
1.572074 -1.079504 2.800459 0.000000
1.535592 -1.081516 2.795746 0.000000
1.541035 -0.069395 2.885201 0.000000
1.534410 -1.084125 2.821402 0.000000
1.534965 -1.086529 2.846069 0.000000
1.493786 -1.089005 2.844166 0.000000
1.495472 -1.091296 2.868823 0.000000
1.453161 -1.096298 2.893358 0.000000
1.407310 -1.101605 2.920112 0.000000
1.389402 -0.074330 2.977461 0.000000
1.434768 -0.072879 2.953411 0.000000
1.397015 -0.074128 2.974324 0.000000
1.461736 0.357735 3.092207 0.000000
1.311520 0.350919 3.149619 0.000000
1.383853 0.355281 3.128913 0.000000
1.456445 0.356943 3.106776 0.000000
1.423428 0.215981 3.031753 0.000000
1.352234 0.354995 3.130133 0.000000
1.423770 0.356561 3.109964 0.000000
1.493312 0.358028 3.090374 0.000000
1.370861 0.308017 3.088098 0.000000
1.393916 0.356389 3.109542 0.000000
1.467416 0.138573 2.984743 0.000000
1.528509 0.359030 3.075010 0.000000
1.366915 0.356432 3.105554 0.000000
1.433485 0.357664 3.090257 0.000000
1.498471 0.358834 3.075274 0.000000
1.562423 0.359970 3.060430 0.000000
1.408027 0.357799 3.084885 0.000000
1.471693 0.358852 3.071893 0.000000
1.533803 0.359857 3.059242 0.000000
1.595156 0.360854 3.046581 0.000000
1.334048 0.275344 3.124059 0.000000
1.541199 -0.025238 2.905166 0.000000
1.445811 0.103487 3.005230 0.000000
1.303895 0.297163 3.155318 0.000000
1.575734 -0.068592 2.865853 0.000000
1.508859 0.028314 2.939339 0.000000
1.394976 0.181722 3.059187 0.000000
1.292135 0.351653 3.182550 0.000000
1.564553 -0.034218 2.881539 0.000000
1.471378 0.090040 2.979069 0.000000
1.612700 2.829035 4.081399 0.000000
1.336043 0.353143 3.161890 0.000000
1.536776 0.015563 2.910951 0.000000
1.427333 0.162162 3.025901 0.000000
1.298052 0.352370 3.170507 0.000000
1.378267 0.354523 3.142281 0.000000
1.504552 0.072885 2.945177 0.000000
1.375154 0.247386 3.081552 0.000000
1.342118 0.353893 3.149002 0.000000
1.418332 0.355786 3.123930 0.000000
3.403039 1.771684 3.270308 0.000000
3.741396 2.755841 3.882300 0.000000
3.474615 2.299733 3.394639 0.000000
3.655592 2.610222 3.604562 0.000000
3.724872 2.656249 3.726156 0.000000
3.774792 2.651126 3.831376 0.000000
3.361806 1.887616 3.241680 0.000000
3.511155 2.130706 3.413084 0.000000
3.695865 2.425202 3.624874 0.000000
3.928802 2.789018 3.891655 0.000000
3.276076 1.574356 3.125991 0.000000
3.638708 2.652432 3.729055 0.000000
3.558131 2.007796 3.446527 0.000000
3.750596 2.295014 3.665085 0.000000
3.208562 1.327700 3.035376 0.000000
3.319026 1.492582 3.159836 0.000000
3.452389 1.687541 3.310113 0.000000
3.616270 1.922413 3.494766 0.000000
3.154012 1.128408 2.962591 0.000000
3.251752 1.269091 3.071804 0.000000
3.368797 1.434106 3.202672 0.000000
2.782309 1.024163 2.949188 0.000000
3.751369 3.972627 4.471850 0.000000
2.698388 1.019534 2.956971 0.000000
2.725202 1.018113 3.001652 0.000000
2.754018 1.016732 3.047904 0.000000
3.762198 3.706825 4.340708 0.000000
2.739958 1.021820 2.952925 0.000000
2.765695 1.020302 2.998369 0.000000
3.754832 3.633826 4.167612 0.000000
3.817519 3.585475 4.277619 0.000000
3.511124 1.630811 3.361877 0.000000
2.806915 1.022543 2.995382 0.000000
3.713544 3.261484 4.000203 0.000000
3.687227 3.024331 4.013731 0.000000
2.825455 1.026562 2.945768 0.000000
3.600760 2.896585 3.729878 0.000000
3.762207 3.145730 3.944088 0.000000
3.731505 2.923296 3.962788 0.000000
3.629414 2.865709 3.605473 0.000000
3.644602 2.784615 3.678775 0.000000
2.981374 0.367043 2.725415 0.000000
2.965894 0.438919 2.716651 0.000000
3.023842 0.509818 2.778578 0.000000
3.091194 0.590665 2.850846 0.000000
3.170298 0.683884 2.936034 0.000000
2.947088 0.369333 2.692756 0.000000
3.001357 0.434377 2.750348 0.000000
3.064258 0.508363 2.817410 0.000000
3.137831 0.593304 2.896173 0.000000
2.930273 0.306941 2.671555 0.000000
3.207211 0.786771 2.981573 0.000000
3.040411 0.435175 2.787960 0.000000
3.109182 0.513108 2.861158 0.000000
2.915229 0.250765 2.652721 0.000000
2.963505 0.306524 2.703259 0.000000
3.019082 0.369543 2.761770 0.000000
3.083592 0.441360 2.830038 0.000000
2.901694 0.199836 2.635890 0.000000
2.947410 0.251761 2.683428 0.000000
2.999880 0.310263 2.738326 0.000000
3.111729 0.803399 2.890411 0.000000
3.109047 0.963971 2.902959 0.000000
3.196635 1.085948 3.000055 0.000000
3.300874 1.228168 3.115748 0.000000
3.426624 1.396362 3.255445 0.000000
3.071284 0.825793 2.853210 0.000000
3.150686 0.933087 2.940559 0.000000
3.244632 1.057485 3.044090 0.000000
3.357115 1.203511 3.168229 0.000000
3.039063 0.707891 2.811066 0.000000
2.715263 1.014685 3.050703 0.000000
3.197181 0.913425 2.983930 0.000000
3.299049 1.042170 3.095647 0.000000
3.011316 0.606120 2.775023 0.000000
3.078270 0.691895 2.847601 0.000000
3.156708 0.790363 2.932869 0.000000
3.249673 0.904936 3.034192 0.000000
2.987155 0.517243 2.743862 0.000000
3.049236 0.594905 2.810676 0.000000
3.121696 0.683803 2.888931 0.000000
2.184305 1.947954 3.451491 0.000000
2.154684 1.676217 3.467005 0.000000
2.223578 1.419314 3.381497 0.000000
2.045463 2.230160 3.608585 0.000000
2.134523 1.869758 3.498316 0.000000
2.206199 1.580750 3.408720 0.000000
2.265303 1.343612 3.334068 0.000000
2.118673 2.082354 3.525894 0.000000
2.192827 1.756703 3.432327 0.000000
2.253334 1.492163 3.355191 0.000000
2.303787 1.272763 3.290152 0.000000
2.070082 1.992776 3.570978 0.000000
2.245728 1.652570 3.372222 0.000000
2.296504 1.409742 3.305969 0.000000
2.339342 1.206316 3.249413 0.000000
2.243354 1.824971 3.384279 0.000000
2.293904 1.556144 3.317259 0.000000
2.336240 1.332643 3.260472 0.000000
2.372319 1.143740 3.211471 0.000000
2.296722 1.711979 3.323275 0.000000
2.337941 1.466580 3.266805 0.000000
2.074659 1.681978 3.549515 0.000000
1.804878 2.296294 3.858482 0.000000
1.949747 1.895286 3.689287 0.000000
1.506356 3.270625 4.211117 0.000000
1.727715 2.623420 3.953705 0.000000
1.890303 2.148418 3.763417 0.000000
2.015243 1.784056 3.616107 0.000000
1.645119 3.008838 4.056811 0.000000
1.828896 2.440380 3.841065 0.000000
1.966911 2.014091 3.677909 0.000000
2.372850 1.260512 3.218377 0.000000
1.765420 2.778921 3.922666 0.000000
1.918550 2.276012 3.740960 0.000000
2.035792 1.891684 3.600784 0.000000
2.128752 1.587821 3.488689 0.000000
1.870678 2.575172 3.804955 0.000000
1.998484 2.127555 3.651432 0.000000
2.098122 1.779496 3.530766 0.000000
2.178220 1.500448 3.432864 0.000000
1.963282 2.393670 3.701082 0.000000
2.586171 1.051259 2.985708 0.000000
2.566207 1.004241 3.111654 0.000000
2.531113 1.185643 3.051142 0.000000
2.537115 1.037230 3.035015 0.000000
2.565268 1.006895 3.064821 0.000000
2.601649 1.006015 3.108338 0.000000
2.559746 1.116460 3.017213 0.000000
2.569076 1.009810 3.017922 0.000000
2.602089 1.008786 3.060837 0.000000
2.637438 1.007820 3.105301 0.000000
2.528816 1.005042 3.069075 0.000000
2.607328 1.011819 3.013400 0.000000
2.639337 1.010712 3.057188 0.000000
2.673615 1.009658 3.102541 0.000000
2.617156 1.015115 2.966034 0.000000
2.646075 1.013873 3.009169 0.000000
2.677038 1.012679 3.053778 0.000000
2.710243 1.011533 3.100024 0.000000
2.657451 1.017297 2.961365 0.000000
2.685350 1.015970 3.005263 0.000000
2.429455 1.421198 3.170197 0.000000
2.402944 1.084710 3.176083 0.000000
2.345169 1.607649 3.267653 0.000000
2.378284 1.383166 3.220379 0.000000
2.406688 1.192701 3.179293 0.000000
2.431439 1.028898 3.143008 0.000000
2.389231 1.511080 3.216828 0.000000
2.415341 1.305135 3.177531 0.000000
2.438033 1.128870 3.142925 0.000000
2.461623 0.999103 3.123238 0.000000
2.026965 2.915348 3.663411 0.000000
2.449462 1.232021 3.137887 0.000000
2.467097 1.068529 3.109033 0.000000
2.496228 1.000787 3.119086 0.000000
2.466253 1.337527 3.127325 0.000000
2.480977 1.163275 3.101089 0.000000
2.494129 1.011539 3.077363 0.000000
2.531072 1.002498 3.115248 0.000000
2.500045 1.259094 3.087737 0.000000
2.510116 1.098442 3.066881 0.000000
1.876894 -1.469886 2.508281 0.000000
1.954431 -1.365425 2.430980 0.000000
1.936108 -1.467250 2.520787 0.000000
1.924539 -1.465531 2.494993 0.000000
1.912161 -1.463942 2.469210 0.000000
1.959579 -1.288403 2.430734 0.000000
1.913443 -1.469324 2.527411 0.000000
1.900969 -1.467669 2.501538 0.000000
1.918447 -1.379950 2.466460 0.000000
1.964252 -1.222296 2.430504 0.000000
1.890314 -1.471471 2.534220 0.000000
1.936163 -1.461822 2.462960 0.000000
1.926193 -1.302952 2.463470 0.000000
1.968510 -1.165298 2.430288 0.000000
1.866683 -1.473695 2.541233 0.000000
1.878331 -1.406168 2.505407 0.000000
1.933050 -1.237069 2.460897 0.000000
1.972395 -1.115980 2.430092 0.000000
1.842509 -1.475996 2.548459 0.000000
1.889097 -1.326722 2.499368 0.000000
1.939192 -1.180041 2.458657 0.000000
2.001684 -1.461457 2.501932 0.000000
2.042457 -1.450588 2.409007 0.000000
2.043545 -1.457950 2.490138 0.000000
2.036159 -1.455973 2.464804 0.000000
2.028085 -1.454118 2.439580 0.000000
2.019474 -1.452371 2.414370 0.000000
2.022845 -1.459664 2.495947 0.000000
2.014546 -1.457739 2.470542 0.000000
2.005709 -1.455925 2.445188 0.000000
1.996147 -1.454234 2.419869 0.000000
1.976030 -1.072266 2.429904 0.000000
1.992612 -1.459577 2.476419 0.000000
1.982984 -1.457808 2.450941 0.000000
1.972608 -1.456164 2.425474 0.000000
1.980196 -1.463319 2.508061 0.000000
1.970323 -1.461487 2.482446 0.000000
1.959700 -1.459783 2.456887 0.000000
1.948585 -1.457819 2.431253 0.000000
1.958348 -1.465249 2.514342 0.000000
1.947644 -1.463471 2.488634 0.000000
1.894879 -1.017187 2.470172 0.000000
1.888755 -1.127550 2.512798 0.000000
1.932769 -1.027825 2.476459 0.000000
1.929114 -1.012489 2.460351 0.000000
1.915585 -1.012591 2.447123 0.000000
1.896674 -1.085401 2.507904 0.000000
1.925941 -1.014724 2.478102 0.000000
1.912343 -1.014796 2.465145 0.000000
1.897814 -1.015002 2.451896 0.000000
1.903954 -1.047367 2.503480 0.000000
1.909346 -1.017025 2.483141 0.000000
1.932641 -1.010269 2.442576 0.000000
1.906736 -1.019251 2.501047 0.000000
1.892205 -1.019390 2.488382 0.000000
1.876661 -1.019667 2.475455 0.000000
1.889805 -1.021600 2.506500 0.000000
1.874337 -1.021838 2.493881 0.000000
1.857624 -1.022236 2.481012 0.000000
1.872304 -1.024010 2.512168 0.000000
1.855680 -1.024374 2.499658 0.000000
1.853899 -1.026524 2.518163 0.000000
1.914228 -1.149427 2.485824 0.000000
1.832853 -1.443164 2.549181 0.000000
1.898459 -1.259206 2.494224 0.000000
1.944795 -1.129817 2.456670 0.000000
1.979394 -1.033785 2.429732 0.000000
1.847030 -1.360627 2.539705 0.000000
1.906774 -1.200669 2.489750 0.000000
1.949867 -1.085865 2.454924 0.000000
1.980177 -1.003793 2.430104 0.000000
1.859393 -1.289893 2.531563 0.000000
2.050312 -1.452372 2.434068 0.000000
1.954530 -1.046794 2.453365 0.000000
1.964944 -1.005864 2.434067 0.000000
1.870295 -1.228593 2.524493 0.000000
1.920975 -1.104170 2.482346 0.000000
1.958847 -1.011817 2.451962 0.000000
1.949155 -1.008016 2.438211 0.000000
1.880016 -1.174927 2.518287 0.000000
1.927124 -1.063902 2.479245 0.000000
1.945246 -1.010265 2.455775 0.000000
3.074855 -10.279899 2.875948 0.000000
3.503989 -8.476113 2.250308 0.000000
3.127055 -6.019401 2.147645 0.000000
3.493193 -10.258546 2.773036 0.000000
3.528266 -10.238090 2.521508 0.000000
3.558340 -10.217895 2.270449 0.000000
3.328311 -8.390665 2.086532 0.000000
3.283742 -10.269195 2.824336 0.000000
3.311252 -10.248824 2.571058 0.000000
3.332102 -10.228808 2.318748 0.000000
3.349586 -10.208979 2.066600 0.000000
3.746202 -10.227398 2.472246 0.000000
3.093273 -10.259697 2.621309 0.000000
3.108350 -10.239699 2.367070 0.000000
3.118399 -10.219977 2.113430 0.000000
2.866321 -10.290667 2.927928 0.000000
2.877413 -10.270555 2.671620 0.000000
2.885156 -10.250658 2.415789 0.000000
2.886219 -10.231124 2.161003 0.000000
2.657938 -10.301512 2.980349 0.000000
2.661779 -10.281495 2.722385 0.000000
2.897885 -3.361956 2.217806 0.000000
2.915368 -2.997358 2.276857 0.000000
2.833798 -2.645104 2.237768 0.000000
3.326770 -5.114686 2.444032 0.000000
3.102875 -4.067122 2.339989 0.000000
2.960695 -3.408558 2.274317 0.000000
2.861658 -2.953936 2.229050 0.000000
3.542933 -6.570261 2.496895 0.000000
3.212122 -4.914180 2.353301 0.000000
3.022007 -3.970887 2.271160 0.000000
2.660617 -10.261778 2.465325 0.000000
3.948460 -9.311616 2.597204 0.000000
3.386700 -6.276315 2.375220 0.000000
3.110198 -4.787328 2.266977 0.000000
2.946459 -3.917037 2.202820 0.000000
3.914640 -10.237367 2.671209 0.000000
3.705794 -8.777715 2.416265 0.000000
3.250265 -6.094236 2.260803 0.000000
3.016242 -4.724273 2.181432 0.000000
3.703421 -10.247940 2.722012 0.000000
1.182401 -8.735927 3.245698 0.000000
2.153164 -1.442827 2.383959 0.000000
1.405730 -10.308372 3.300773 0.000000
1.358193 -10.349542 3.040148 0.000000
2.136230 -1.446141 2.413284 0.000000
2.131520 -1.444228 2.388752 0.000000
1.284415 -9.456639 3.270809 0.000000
2.120003 -1.449589 2.443068 0.000000
2.115101 -1.447592 2.418315 0.000000
2.109551 -1.445710 2.393669 0.000000
2.157356 -1.444747 2.408307 0.000000
2.099375 -1.451085 2.448337 0.000000
2.093627 -1.449122 2.423481 0.000000
2.087380 -1.447265 2.398684 0.000000
2.084495 -1.454689 2.478799 0.000000
2.078543 -1.452647 2.453711 0.000000
2.072093 -1.450712 2.428717 0.000000
2.065134 -1.448883 2.403770 0.000000
2.064141 -1.456288 2.484411 0.000000
2.057481 -1.454276 2.459197 0.000000
2.031583 -10.334612 3.140668 0.000000
2.656083 -10.242271 2.208687 0.000000
2.449491 -10.312444 3.033232 0.000000
2.446141 -10.292523 2.773643 0.000000
2.437793 -10.272913 2.515059 0.000000
2.424405 -10.253596 2.257247 0.000000
2.240775 -10.323473 3.086652 0.000000
2.230275 -10.303655 2.825487 0.000000
2.214769 -10.284153 2.565361 0.000000
2.192557 -10.265031 2.306381 0.000000
1.836012 -1.027020 2.505786 0.000000
2.013950 -10.314902 2.877958 0.000000
1.989637 -10.295594 2.616668 0.000000
1.961924 -10.276506 2.355829 0.000000
1.821702 -10.345871 3.195341 0.000000
1.796933 -10.326276 2.931118 0.000000
1.765461 -10.307088 2.668342 0.000000
2.174825 -1.441486 2.379213 0.000000
1.610917 -10.357262 3.250715 0.000000
1.577313 -10.337875 2.985408 0.000000
1.359350 9.005610 5.084802 0.000000
0.695844 8.222946 4.604601 0.000000
0.864669 8.208735 4.769425 0.000000
1.035134 8.211727 4.937803 0.000000
0.619231 9.020621 4.563425 0.000000
0.789907 9.012068 4.751267 0.000000
0.965188 9.003794 4.938195 0.000000
1.145420 8.995810 5.124204 0.000000
0.854286 9.032161 4.508430 0.000000
1.017720 9.023034 4.701283 0.000000
1.186078 9.014183 4.893414 0.000000
2.041847 0.387113 2.594250 0.000000
1.088127 9.043629 4.454606 0.000000
1.244545 9.033939 4.652395 0.000000
1.406005 9.024518 4.849620 0.000000
1.572505 9.015367 5.046283 0.000000
1.320879 9.055033 4.401934 0.000000
1.470467 9.044792 4.604528 0.000000
1.625211 9.034809 4.806779 0.000000
1.784971 9.025067 5.008815 0.000000
1.552991 9.066396 4.350289 0.000000
0.666756 6.314118 4.361723 0.000000
1.944022 0.383138 2.639459 0.000000
1.965723 0.382524 2.654280 0.000000
0.693143 5.514731 4.296806 0.000000
1.947302 0.384425 2.617984 0.000000
1.967639 0.383721 2.633639 0.000000
1.988476 0.383100 2.649060 0.000000
0.743932 5.925063 4.393661 0.000000
1.971273 0.385043 2.611822 0.000000
1.990934 0.384335 2.627989 0.000000
1.695751 9.055603 4.557660 0.000000
0.801801 6.388045 4.503208 0.000000
1.995089 0.385698 2.605796 0.000000
2.013890 0.384979 2.622514 0.000000
0.722580 6.856279 4.477942 0.000000
0.868289 6.913019 4.627965 0.000000
2.018596 0.386387 2.599944 0.000000
0.632755 7.461556 4.457367 0.000000
0.787721 7.480440 4.612226 0.000000
0.945163 7.514595 4.771256 0.000000
2.586452 2.247410 3.057905 0.000000
2.489485 3.077884 3.198947 0.000000
2.494871 2.614064 3.170373 0.000000
2.562221 4.020020 3.169624 0.000000
2.553125 3.340106 3.146729 0.000000
2.547229 2.824682 3.127524 0.000000
2.543489 2.420426 3.110817 0.000000
2.632418 3.617800 3.079118 0.000000
2.612114 3.046349 3.072284 0.000000
2.597363 2.602320 3.065170 0.000000
2.483574 3.682341 3.234000 0.000000
2.691153 3.276728 3.002889 0.000000
2.662761 2.790871 3.007968 0.000000
2.641242 2.405297 3.010272 0.000000
2.624624 2.091873 3.010626 0.000000
2.740876 2.983729 2.937888 0.000000
2.706616 2.566622 2.951904 0.000000
2.679919 2.229403 2.961579 0.000000
2.658775 1.951240 2.968089 0.000000
2.783448 2.728925 2.881798 0.000000
2.301819 3.367675 3.404512 0.000000
1.843760 9.045059 4.764846 0.000000
2.112288 4.091722 3.632025 0.000000
1.784580 9.077724 4.299658 0.000000
1.920820 9.066395 4.511698 0.000000
2.062060 9.055287 4.723790 0.000000
2.215210 3.699790 3.508683 0.000000
2.016087 9.089041 4.249924 0.000000
2.145592 9.077161 4.466644 0.000000
2.249334 4.108508 3.492941 0.000000
1.922790 0.383833 2.624379 0.000000
2.247628 9.100350 4.201079 0.000000
2.370491 9.087925 4.422429 0.000000
2.343336 3.708463 3.378324 0.000000
2.375764 3.081379 3.315192 0.000000
2.479481 9.111666 4.153064 0.000000
2.400575 4.086253 3.337595 0.000000
2.422300 3.369340 3.281620 0.000000
2.439420 2.832618 3.237958 0.000000
2.712091 9.123010 4.105789 0.000000
1.841771 0.044669 2.608926 0.000000
1.832875 -0.060156 2.573726 0.000000
1.855269 -0.060942 2.575016 0.000000
1.867915 -0.048713 2.581468 0.000000
1.832135 0.036560 2.618359 0.000000
1.852302 -0.060501 2.567564 0.000000
1.873514 -0.061286 2.569474 0.000000
1.855654 -0.005241 2.594251 0.000000
1.814798 0.093961 2.636833 0.000000
1.870963 -0.060847 2.561696 0.000000
1.877870 -0.042419 2.571720 0.000000
1.847373 -0.013251 2.602325 0.000000
1.794977 0.160349 2.658214 0.000000
1.888919 -0.061191 2.556099 0.000000
1.866820 0.001364 2.583283 0.000000
1.826118 0.101672 2.625697 0.000000
1.771878 0.238626 2.683421 0.000000
1.890021 -0.036640 2.559784 0.000000
1.854511 0.050839 2.596357 0.000000
1.808158 0.167927 2.645191 0.000000
1.744532 0.332333 2.713594 0.000000
1.795743 -0.059933 2.593412 0.000000
1.834812 -1.029104 2.524414 0.000000
1.814672 -1.031795 2.531045 0.000000
1.766255 -0.060053 2.613734 0.000000
1.787749 -0.060371 2.607603 0.000000
1.780290 -0.060017 2.604681 0.000000
1.808165 -0.060701 2.601830 0.000000
1.774171 -0.059622 2.600183 0.000000
1.801386 -0.060337 2.598352 0.000000
1.827742 -0.061041 2.596338 0.000000
1.880401 0.006767 2.569888 0.000000
1.821436 -0.060668 2.592387 0.000000
1.846545 -0.061386 2.591105 0.000000
1.791446 -0.059492 2.587027 0.000000
1.816378 -0.060260 2.586986 0.000000
1.840817 -0.061010 2.586664 0.000000
1.860814 -0.056593 2.588367 0.000000
1.812614 -0.059818 2.580204 0.000000
1.836295 -0.060600 2.580831 0.000000
1.859300 -0.061352 2.581254 0.000000
1.895449 0.380955 2.670943 0.000000
1.820136 0.380584 2.671426 0.000000
1.846563 0.380017 2.682984 0.000000
1.873242 0.379531 2.694159 0.000000
1.820779 0.381715 2.651984 0.000000
1.845945 0.381058 2.664578 0.000000
1.871235 0.380477 2.676862 0.000000
1.896832 0.379978 2.688788 0.000000
1.846997 0.382214 2.644744 0.000000
1.871044 0.381544 2.658012 0.000000
1.807953 0.351017 2.650201 0.000000
1.920024 0.380445 2.683589 0.000000
1.872678 0.382730 2.637748 0.000000
1.895852 0.382053 2.651611 0.000000
1.919244 0.381454 2.665213 0.000000
1.943029 0.380939 2.678507 0.000000
1.898049 0.383271 2.630932 0.000000
1.920224 0.382585 2.645416 0.000000
1.942657 0.381976 2.659662 0.000000
1.965522 0.381452 2.673622 0.000000
1.769371 0.378719 2.702677 0.000000
1.840468 0.108110 2.611497 0.000000
1.787276 0.245922 2.668142 0.000000
1.747160 0.377493 2.724197 0.000000
1.869548 0.056510 2.581480 0.000000
1.824497 0.174146 2.628962 0.000000
1.762428 0.339863 2.695781 0.000000
1.773545 0.377882 2.717740 0.000000
1.857284 0.113639 2.594800 0.000000
1.805982 0.251757 2.649490 0.000000
3.027281 -3.485364 2.331116 0.000000
1.799319 0.378277 2.711516 0.000000
1.843265 0.179973 2.610275 0.000000
1.783999 0.345101 2.674187 0.000000
1.795676 0.379141 2.695876 0.000000
1.824529 0.378683 2.705510 0.000000
1.827033 0.257966 2.628478 0.000000
1.793954 0.380128 2.678463 0.000000
1.821391 0.379572 2.689317 0.000000
1.849029 0.379097 2.699765 0.000000
2.601813 0.310758 2.357775 0.000000
2.670293 0.708770 2.453832 0.000000
2.713607 0.833785 2.506771 0.000000
2.601758 0.432473 2.365783 0.000000
2.632032 0.519139 2.401492 0.000000
2.666880 0.616918 2.442994 0.000000
2.707386 0.728599 2.491650 0.000000
2.601877 0.368387 2.361536 0.000000
2.630700 0.447282 2.394910 0.000000
2.663670 0.535901 2.433501 0.000000
2.701722 0.636403 2.478463 0.000000
2.633315 0.600041 2.408977 0.000000
2.629330 0.383036 2.389086 0.000000
2.660624 0.463757 2.425109 0.000000
2.696515 0.554822 2.466855 0.000000
2.601598 0.258623 2.354428 0.000000
2.627936 0.325176 2.383898 0.000000
2.657724 0.399112 2.417646 0.000000
2.691695 0.482130 2.456568 0.000000
2.601260 0.211234 2.351437 0.000000
2.626524 0.272764 2.379253 0.000000
2.737072 1.263126 2.569072 0.000000
2.692240 1.447182 2.542747 0.000000
2.759370 1.708509 2.634310 0.000000
2.596538 0.906618 2.398660 0.000000
2.637534 1.062054 2.452756 0.000000
2.686915 1.244725 2.518150 0.000000
2.747286 1.463400 2.598351 0.000000
2.598459 0.783477 2.389936 0.000000
2.636671 0.918989 2.439052 0.000000
2.682173 1.076763 2.497844 0.000000
2.654956 0.340823 2.410973 0.000000
2.599842 0.677503 2.382516 0.000000
2.635658 0.797105 2.427469 0.000000
2.677880 0.934978 2.480796 0.000000
2.728247 1.096176 2.544754 0.000000
2.600799 0.585274 2.376139 0.000000
2.634530 0.691875 2.417553 0.000000
2.673944 0.813779 2.466307 0.000000
2.720506 0.954994 2.524275 0.000000
2.601416 0.504275 2.370613 0.000000
2.596183 -0.056226 2.335799 0.000000
2.668371 0.169749 2.413230 0.000000
2.597674 -0.003156 2.338696 0.000000
2.618046 0.038059 2.359273 0.000000
2.640419 0.082784 2.382262 0.000000
2.665153 0.131698 2.408085 0.000000
2.596936 -0.030556 2.337185 0.000000
2.616675 0.008371 2.356869 0.000000
2.638277 0.050473 2.378793 0.000000
2.662076 0.096397 2.403346 0.000000
2.642633 0.117534 2.386029 0.000000
2.615324 -0.019393 2.354653 0.000000
2.636204 0.020336 2.375591 0.000000
2.659128 0.063539 2.398967 0.000000
2.595422 -0.080339 2.334526 0.000000
2.613997 -0.045429 2.352605 0.000000
2.634198 -0.007855 2.372627 0.000000
2.656303 0.032887 2.394913 0.000000
2.594659 -0.103049 2.333353 0.000000
2.612697 -0.069910 2.350708 0.000000
2.599712 0.091533 2.344141 0.000000
2.687203 0.416866 2.447386 0.000000
2.600822 0.167943 2.348752 0.000000
2.625104 0.225034 2.375072 0.000000
2.652302 0.287963 2.404971 0.000000
2.682996 0.357957 2.439148 0.000000
2.600301 0.128190 2.346332 0.000000
2.623678 0.181358 2.371293 0.000000
2.649751 0.239779 2.399548 0.000000
2.679038 0.304488 2.431717 0.000000
2.638192 1.232205 2.469172 0.000000
2.622256 0.141218 2.367863 0.000000
2.647292 0.195618 2.394620 0.000000
2.675295 0.255674 2.424976 0.000000
2.599072 0.057651 2.342155 0.000000
2.620840 0.104204 2.364741 0.000000
2.644922 0.155035 2.390135 0.000000
2.671748 0.210944 2.418842 0.000000
2.598389 0.026177 2.340347 0.000000
2.619435 0.069921 2.361888 0.000000
1.723037 9.100078 3.973802 0.000000
2.109332 0.395248 2.491429 0.000000
2.119673 0.393849 2.515160 0.000000
1.293013 9.080482 4.049181 0.000000
2.122075 0.397662 2.462494 0.000000
2.131410 0.396123 2.486950 0.000000
1.403931 9.105333 3.765611 0.000000
1.508376 9.090279 4.011331 0.000000
2.144694 0.398623 2.457664 0.000000
2.153408 0.397048 2.482513 0.000000
1.624634 9.115619 3.724031 0.000000
2.099381 0.396755 2.467366 0.000000
2.167238 0.399638 2.452875 0.000000
1.756725 9.142400 3.425844 0.000000
1.844961 9.125924 3.682755 0.000000
1.937386 9.109897 3.936539 0.000000
2.189770 0.400710 2.448115 0.000000
1.983020 9.153227 3.380813 0.000000
2.065150 9.136256 3.641740 0.000000
2.151470 9.119738 3.899527 0.000000
2.137937 9.182080 3.067352 0.000000
2.054561 0.391586 2.527723 0.000000
1.996751 0.391575 2.514693 0.000000
2.010291 0.390288 2.536406 0.000000
2.024146 0.389096 2.557777 0.000000
2.007115 0.393626 2.487427 0.000000
2.019662 0.392222 2.509904 0.000000
2.032547 0.390917 2.532027 0.000000
2.045724 0.389708 2.553830 0.000000
2.030464 0.394337 2.482313 0.000000
2.042341 0.392911 2.505190 0.000000
2.209393 9.164096 3.336023 0.000000
2.067115 0.390358 2.549942 0.000000
2.053608 0.395094 2.477268 0.000000
2.064836 0.393644 2.500541 0.000000
2.076413 0.392296 2.523479 0.000000
2.088346 0.391048 2.546109 0.000000
2.076581 0.395900 2.472286 0.000000
2.087161 0.394423 2.495955 0.000000
2.098113 0.393051 2.519292 0.000000
1.077067 9.070691 4.087348 0.000000
2.816372 2.943662 2.816652 0.000000
2.740751 3.770043 2.828917 0.000000
2.762530 3.759394 2.953141 0.000000
2.570455 2.037203 2.481455 0.000000
2.636688 2.444243 2.588100 0.000000
2.725543 2.974159 2.730426 0.000000
2.807195 3.410849 2.891036 0.000000
2.579266 1.699580 2.456406 0.000000
2.638037 2.017865 2.545999 0.000000
2.714342 2.419614 2.661990 0.000000
2.634058 3.030407 2.646220 0.000000
2.585672 1.436416 2.437028 0.000000
2.638578 1.693524 2.514130 0.000000
2.705557 2.010500 2.611664 0.000000
2.792406 2.412167 2.738026 0.000000
2.590406 1.225075 2.421595 0.000000
2.638577 1.438473 2.489207 0.000000
2.698356 1.696417 2.573168 0.000000
2.774030 2.015647 2.679507 0.000000
2.593926 1.051595 2.409044 0.000000
2.795493 9.149542 3.789455 0.000000
2.285441 9.146627 3.600961 0.000000
2.365845 9.129625 3.862677 0.000000
2.363774 8.734152 2.988317 0.000000
2.436097 9.175019 3.291407 0.000000
2.505899 9.157042 3.560379 0.000000
2.580390 9.139554 3.826009 0.000000
2.462923 5.615255 2.751356 0.000000
2.601716 7.832197 3.125767 0.000000
2.727100 9.167526 3.519901 0.000000
2.632255 -0.034317 2.369873 0.000000
2.511493 4.052998 2.633004 0.000000
2.620291 5.262393 2.868722 0.000000
2.801880 7.214947 3.256678 0.000000
3.011375 9.159597 3.752999 0.000000
2.539820 3.113919 2.562135 0.000000
2.629259 3.887154 2.731476 0.000000
2.763348 5.011289 2.982874 0.000000
2.709265 4.171201 3.026702 0.000000
2.558035 2.486217 2.514988 0.000000
2.692347 -1.236761 2.284259 0.000000
2.719754 -1.263166 2.306376 0.000000
2.700100 -1.206288 2.296531 0.000000
2.682417 -1.156129 2.287842 0.000000
2.751362 -1.382409 2.318824 0.000000
2.727368 -1.310749 2.306396 0.000000
2.706156 -1.248802 2.295587 0.000000
2.687224 -1.194759 2.286096 0.000000
2.761750 -1.441938 2.320235 0.000000
2.735658 -1.363416 2.306484 0.000000
2.712702 -1.295589 2.294613 0.000000
2.741771 -1.328173 2.317616 0.000000
2.773218 -1.508658 2.321888 0.000000
2.744671 -1.421603 2.306656 0.000000
2.719758 -1.346956 2.293612 0.000000
2.697869 -1.282975 2.282303 0.000000
2.785795 -1.582810 2.323823 0.000000
2.754455 -1.485759 2.306932 0.000000
2.727403 -1.403648 2.292583 0.000000
2.703752 -1.333327 2.280237 0.000000
2.799780 -1.666417 2.326098 0.000000
2.683999 -1.096908 2.299262 0.000000
2.688440 -1.075661 2.307056 0.000000
2.674776 -1.036664 2.300987 0.000000
2.662157 -1.001496 2.295471 0.000000
2.710054 -1.154815 2.314300 0.000000
2.693937 -1.107570 2.306842 0.000000
2.679243 -1.065625 2.300137 0.000000
2.665771 -1.028162 2.294070 0.000000
2.717171 -1.192873 2.314943 0.000000
2.699774 -1.141929 2.306661 0.000000
2.765295 -1.558025 2.307325 0.000000
2.669605 -1.056863 2.292607 0.000000
2.724792 -1.234192 2.315698 0.000000
2.705989 -1.179054 2.306518 0.000000
2.689038 -1.130567 2.298370 0.000000
2.673650 -1.087628 2.291084 0.000000
2.732986 -1.279236 2.316582 0.000000
2.712632 -1.219320 2.306422 0.000000
2.694393 -1.166908 2.297461 0.000000
2.677890 -1.120456 2.289505 0.000000
2.777395 -2.041061 2.255692 0.000000
2.793249 -1.928350 2.285499 0.000000
2.752341 -1.786721 2.263839 0.000000
2.938573 -2.538768 2.353288 0.000000
2.866348 -2.272962 2.314282 0.000000
2.809785 -2.067802 2.284087 0.000000
2.764015 -1.903841 2.260025 0.000000
2.979686 -2.806028 2.362292 0.000000
2.894436 -2.480407 2.316888 0.000000
2.829111 -2.233532 2.282560 0.000000
2.843019 -2.102928 2.312279 0.000000
3.031191 -3.143766 2.373913 0.000000
2.928518 -2.735063 2.320295 0.000000
2.852117 -2.433926 2.280888 0.000000
2.792970 -2.204181 2.250696 0.000000
3.099008 -3.592265 2.389590 0.000000
2.971283 -3.058096 2.324843 0.000000
2.880104 -2.681324 2.279019 0.000000
2.811429 -2.401458 2.244824 0.000000
3.191181 -4.206034 2.411391 0.000000
2.724550 -1.519755 2.273096 0.000000
2.735732 -1.466580 2.291521 0.000000
2.710099 -1.388861 2.278033 0.000000
2.815585 -1.762248 2.328803 0.000000
2.777314 -1.639446 2.307863 0.000000
2.744862 -1.536886 2.290421 0.000000
2.717036 -1.450934 2.275652 0.000000
2.833371 -1.871469 2.332008 0.000000
2.790655 -1.731205 2.308579 0.000000
2.754945 -1.616000 2.289279 0.000000
2.703387 -1.119629 2.313756 0.000000
2.853753 -1.998214 2.335855 0.000000
2.805821 -1.837162 2.309515 0.000000
2.766172 -1.705749 2.288087 0.000000
2.732872 -1.597734 2.270297 0.000000
2.877236 -2.145941 2.340488 0.000000
2.823005 -1.958978 2.310721 0.000000
2.778890 -1.809319 2.286824 0.000000
2.742026 -1.685520 2.267245 0.000000
2.905102 -2.323358 2.346190 0.000000
2.633323 -0.191641 2.366413 0.000000
2.641489 -0.115995 2.375743 0.000000
2.605567 -0.191297 2.341758 0.000000
2.621859 -0.164692 2.356792 0.000000
2.639332 -0.136307 2.373206 0.000000
2.604509 -0.208205 2.340580 0.000000
2.620330 -0.182744 2.355054 0.000000
2.637253 -0.155644 2.370813 0.000000
2.618856 -0.199984 2.353412 0.000000
2.635250 -0.174059 2.368552 0.000000
2.617440 -0.216466 2.351861 0.000000
2.623446 -0.145743 2.358638 0.000000
2.616079 -0.232252 2.350391 0.000000
2.631469 -0.208457 2.364384 0.000000
2.629687 -0.224567 2.362458 0.000000
2.627974 -0.240026 2.360626 0.000000
2.642594 -0.818787 2.311861 0.000000
2.646071 -0.835254 2.311799 0.000000
2.640502 -0.813284 2.311070 0.000000
2.649683 -0.852379 2.311763 0.000000
2.643565 -0.829489 2.310676 0.000000
2.592405 -0.164038 2.330338 0.000000
2.653589 0.004189 2.391148 0.000000
2.593898 -0.124503 2.332269 0.000000
2.611425 -0.092970 2.348947 0.000000
2.630374 -0.059202 2.367312 0.000000
2.650981 -0.022751 2.387642 0.000000
2.593145 -0.144788 2.331268 0.000000
2.610184 -0.114757 2.347307 0.000000
2.628554 -0.082660 2.364923 0.000000
2.648472 -0.048086 2.384371 0.000000
2.637677 -0.808265 2.309548 0.000000
2.608976 -0.135389 2.345778 0.000000
2.626792 -0.104825 2.362691 0.000000
2.646057 -0.071987 2.381310 0.000000
2.591682 -0.182332 2.329475 0.000000
2.607802 -0.154968 2.344349 0.000000
2.625091 -0.125813 2.360601 0.000000
2.643730 -0.094585 2.378439 0.000000
2.590978 -0.199750 2.328671 0.000000
2.606665 -0.173572 2.343012 0.000000
2.662640 -0.959893 2.303469 0.000000
2.665065 -0.944628 2.308488 0.000000
2.655479 -0.915763 2.305061 0.000000
2.646487 -0.889568 2.301831 0.000000
2.680289 -1.001290 2.312347 0.000000
2.669269 -0.967665 2.308164 0.000000
2.658973 -0.937203 2.304271 0.000000
2.649327 -0.909491 2.300636 0.000000
2.685602 -1.028028 2.312601 0.000000
2.673688 -0.992122 2.307855 0.000000
2.675251 -0.976202 2.312146 0.000000
2.652302 -0.930509 2.299407 0.000000
2.691179 -1.056380 2.312917 0.000000
2.678343 -1.018153 2.307566 0.000000
2.666463 -0.983784 2.302660 0.000000
2.655422 -0.952732 2.298140 0.000000
2.697082 -1.086749 2.313301 0.000000
2.683253 -1.045933 2.307299 0.000000
2.670511 -1.009375 2.301831 0.000000
2.658694 -0.976284 2.296832 0.000000
2.645971 -0.858138 2.307351 0.000000
2.653483 -0.870490 2.311745 0.000000
2.646746 -0.846321 2.310293 0.000000
2.640311 -0.824109 2.308827 0.000000
2.657435 -0.889397 2.311759 0.000000
2.650094 -0.864101 2.309911 0.000000
2.643066 -0.840668 2.308097 0.000000
2.636396 -0.819255 2.306303 0.000000
2.661574 -0.909317 2.311803 0.000000
2.653574 -0.882640 2.309542 0.000000
2.744889 2.367990 2.902621 0.000000
2.638737 -0.835565 2.305229 0.000000
2.665912 -0.930349 2.311878 0.000000
2.657218 -0.902149 2.309181 0.000000
2.648988 -0.876335 2.306600 0.000000
2.641208 -0.852755 2.304122 0.000000
2.670466 -0.952602 2.311991 0.000000
2.661034 -0.922721 2.308831 0.000000
2.652171 -0.895609 2.305834 0.000000
2.643776 -0.870642 2.302995 0.000000
1.863502 -1.485780 2.660076 0.000000
1.918611 -1.474475 2.583086 0.000000
1.910663 -1.472438 2.557582 0.000000
1.910195 -1.481163 2.643444 0.000000
1.902429 -1.478909 2.616906 0.000000
1.893961 -1.476809 2.590902 0.000000
1.884962 -1.474846 2.565341 0.000000
1.887102 -1.483431 2.651602 0.000000
1.878288 -1.481254 2.625051 0.000000
1.868933 -1.479216 2.598963 0.000000
1.858832 -1.477334 2.573363 0.000000
1.926050 -1.476647 2.609045 0.000000
1.853591 -1.483689 2.633533 0.000000
1.843108 -1.481736 2.607420 0.000000
1.831842 -1.479942 2.581781 0.000000
1.839350 -1.488213 2.668865 0.000000
1.828284 -1.486213 2.642338 0.000000
1.816612 -1.484353 2.616223 0.000000
1.804316 -1.482634 2.590504 0.000000
1.814395 -1.490750 2.678043 0.000000
1.802315 -1.488829 2.651487 0.000000
1.984229 -1.465812 2.536154 0.000000
1.091575 -6.162602 3.420696 0.000000
2.031142 -1.461835 2.523119 0.000000
1.172094 -5.398154 3.576246 0.000000
1.105338 -5.611248 3.489375 0.000000
2.012284 -1.466025 2.554604 0.000000
2.007960 -1.463773 2.529498 0.000000
1.121182 -5.159916 3.549469 0.000000
1.052863 -5.344519 3.464037 0.000000
1.989450 -1.468015 2.561353 0.000000
1.789596 -1.487051 2.625347 0.000000
1.074764 -4.940650 3.525089 0.000000
1.971903 -1.472370 2.594122 0.000000
1.966398 -1.470073 2.568304 0.000000
1.960245 -1.467924 2.543008 0.000000
1.032375 -4.737832 3.502918 0.000000
1.949194 -1.474468 2.601450 0.000000
1.942740 -1.472230 2.575553 0.000000
1.935620 -1.470142 2.550172 0.000000
1.932988 -1.478954 2.635471 0.000000
1.673630 -1.381784 2.713138 0.000000
1.860824 -1.115058 2.541491 0.000000
1.649891 -1.507858 2.741198 0.000000
1.732838 -1.337316 2.656012 0.000000
1.813084 -1.181851 2.584756 0.000000
1.870480 -1.070748 2.534962 0.000000
1.645135 -1.469435 2.737187 0.000000
1.752732 -1.267581 2.640020 0.000000
1.825897 -1.130798 2.575230 0.000000
1.879058 -1.031708 2.529268 0.000000
1.798663 -1.239746 2.595616 0.000000
1.770084 -1.207119 2.626205 0.000000
1.837247 -1.085803 2.566910 0.000000
1.864598 -1.027188 2.534064 0.000000
1.698119 -1.306839 2.692616 0.000000
1.785324 -1.154240 2.614197 0.000000
1.847330 -1.046073 2.559620 0.000000
1.844163 -1.030030 2.541536 0.000000
1.719197 -1.242567 2.675089 0.000000
1.798863 -1.107523 2.603638 0.000000
1.735825 -1.498862 2.707670 0.000000
1.788010 -1.459465 2.593542 0.000000
1.788993 -1.493355 2.687509 0.000000
1.775635 -1.491541 2.661023 0.000000
1.761592 -1.489871 2.634931 0.000000
1.807228 -1.367003 2.579436 0.000000
1.762891 -1.496049 2.697337 0.000000
1.748184 -1.494353 2.670972 0.000000
1.740063 -1.478469 2.640901 0.000000
1.823560 -1.289206 2.567626 0.000000
1.163675 -5.904254 3.517665 0.000000
1.719895 -1.497266 2.681344 0.000000
1.762642 -1.385885 2.623269 0.000000
1.837740 -1.222356 2.557530 0.000000
1.708157 -1.501749 2.718341 0.000000
1.690705 -1.500287 2.692188 0.000000
1.782009 -1.307089 2.608316 0.000000
1.850009 -1.165066 2.548938 0.000000
1.679616 -1.504738 2.729475 0.000000
1.709701 -1.418793 2.674788 0.000000
3.238192 -10.302498 3.236388 0.000000
3.528413 -10.324443 3.638613 0.000000
3.617934 -10.302329 3.390717 0.000000
3.699763 -10.280791 3.146256 0.000000
3.227326 -10.357622 3.940500 0.000000
3.313496 -10.335095 3.687164 0.000000
3.393633 -10.313109 3.437462 0.000000
3.469341 -10.291553 3.190642 0.000000
3.020508 -10.368362 3.992509 0.000000
3.099154 -10.345858 3.736731 0.000000
3.170071 -10.323992 3.485151 0.000000
3.434537 -10.346985 3.889409 0.000000
2.813844 -10.379204 4.045315 0.000000
2.883469 -10.356809 3.787543 0.000000
2.948650 -10.334908 3.533490 0.000000
3.007703 -10.313560 3.283187 0.000000
2.608860 -10.390101 4.098957 0.000000
2.669567 -10.367810 3.839137 0.000000
2.725806 -10.346031 3.583219 0.000000
2.777603 -10.324756 3.331125 0.000000
2.401973 -10.401202 4.153869 0.000000
4.294604 -10.270677 3.256961 0.000000
3.146885 -4.296122 2.774653 0.000000
3.225208 -4.390021 2.691792 0.000000
3.607506 -5.587762 2.668344 0.000000
3.026397 -4.381038 2.894555 0.000000
4.399992 -10.282575 3.452754 0.000000
4.524517 -10.260204 3.213851 0.000000
3.969316 -7.545714 2.810244 0.000000
4.058930 -10.315679 3.741606 0.000000
4.180506 -10.292918 3.497899 0.000000
2.455566 -10.378957 3.891913 0.000000
4.404529 -10.248767 3.017756 0.000000
3.849317 -10.326069 3.790260 0.000000
3.960841 -10.303404 3.544180 0.000000
4.068168 -10.281125 3.300518 0.000000
4.167902 -10.259373 3.059709 0.000000
3.640714 -10.336532 3.839680 0.000000
3.744131 -10.313886 3.591025 0.000000
3.841590 -10.291727 3.345356 0.000000
3.933074 -10.270042 3.102510 0.000000
1.252124 -7.863698 3.405038 0.000000
1.541445 -8.550309 3.618880 0.000000
1.486159 -9.215902 3.494850 0.000000
1.524987 -6.999863 3.762895 0.000000
1.478891 -7.445415 3.671709 0.000000
1.424506 -7.939808 3.567045 0.000000
1.359341 -8.486515 3.446047 0.000000
1.437245 -6.608000 3.716351 0.000000
1.384724 -6.990862 3.625533 0.000000
1.323227 -7.406924 3.522236 0.000000
1.587000 -7.962561 3.724862 0.000000
1.359939 -6.259643 3.675415 0.000000
1.301983 -6.588027 3.585033 0.000000
1.235455 -6.940132 3.483596 0.000000
1.159798 -7.321539 3.369965 0.000000
1.290823 -5.945362 3.638876 0.000000
1.228804 -6.228085 3.549329 0.000000
1.158688 -6.527659 3.449938 0.000000
2.054147 -1.459968 2.516918 0.000000
1.228648 -5.660300 3.606033 0.000000
2.085228 -10.359350 3.482728 0.000000
2.504639 -10.357224 3.633868 0.000000
2.547619 -10.336096 3.380261 0.000000
2.197491 -9.933661 4.120655 0.000000
2.241206 -10.390244 3.945759 0.000000
2.281590 -10.368661 3.686214 0.000000
2.315817 -10.347678 3.431020 0.000000
2.018063 -9.159771 4.025052 0.000000
2.032980 -10.061986 3.944955 0.000000
2.057987 -10.380251 3.739625 0.000000
1.839059 -1.032735 2.561566 0.000000
1.867004 -8.504000 3.944649 0.000000
1.858928 -9.248104 3.858906 0.000000
1.846013 -10.118198 3.754732 0.000000
1.853921 -10.371210 3.535829 0.000000
1.736207 -7.932538 3.875079 0.000000
1.712227 -8.557093 3.786519 0.000000
1.680287 -9.267715 3.680755 0.000000
1.639482 -10.089547 3.554189 0.000000
1.623585 -7.437236 3.815207 0.000000
1.839069 0.375418 2.768488 0.000000
1.827842 0.373304 2.809433 0.000000
-1.085106 7.920042 6.443855 0.000000
1.785470 0.374244 2.786540 0.000000
1.818963 0.374001 2.794352 0.000000
-1.199699 7.969018 6.336474 0.000000
-1.005675 8.317375 6.567374 0.000000
1.812580 0.374830 2.777322 0.000000
1.844879 0.374571 2.786006 0.000000
-1.125094 8.391535 6.458071 0.000000
-0.919409 8.743114 6.700724 0.000000
1.792653 0.373439 2.802962 0.000000
1.870257 0.375146 2.778009 0.000000
-1.036690 8.820839 6.579141 0.000000
-0.707664 8.824118 6.672319 0.000000
1.864992 0.376011 2.760015 0.000000
-1.106858 8.831285 6.407112 0.000000
0.713275 4.142994 4.442826 0.000000
0.872453 4.143989 4.493793 0.000000
1.890575 0.376618 2.751806 0.000000
0.681805 4.148370 4.353833 0.000000
1.788259 0.371703 2.837494 0.000000
1.692444 0.370546 2.853301 0.000000
1.735136 0.370660 2.853759 0.000000
1.638744 0.371186 2.839138 0.000000
1.679886 0.371117 2.841639 0.000000
1.721019 0.371115 2.843723 0.000000
1.761918 0.371182 2.845483 0.000000
1.669875 0.371833 2.827632 0.000000
1.709295 0.371716 2.831312 0.000000
1.748622 0.371667 2.834638 0.000000
0.832795 4.148710 4.410256 0.000000
1.699840 0.372453 2.816711 0.000000
1.737671 0.372296 2.821487 0.000000
1.775728 0.372217 2.825849 0.000000
1.813790 0.372219 2.829880 0.000000
1.729163 0.373061 2.806207 0.000000
1.765510 0.372870 2.812027 0.000000
1.801984 0.372759 2.817501 0.000000
-1.158327 7.547875 6.329197 0.000000
1.757686 0.373656 2.796166 0.000000
1.139701 6.623930 4.863028 0.000000
1.614312 3.648407 4.119987 0.000000
0.985090 5.603556 4.594818 0.000000
1.121198 5.724116 4.742820 0.000000
1.266130 5.861681 4.901456 0.000000
1.748956 3.330892 3.967515 0.000000
1.056499 6.079036 4.719350 0.000000
1.202935 6.193829 4.876796 0.000000
1.674817 3.805797 4.065475 0.000000
1.863965 3.057251 3.836917 0.000000
1.185261 5.449304 4.774658 0.000000
1.297467 6.730341 5.030621 0.000000
1.811210 3.463788 3.910162 0.000000
1.963250 2.819184 3.723857 0.000000
1.237462 7.256007 5.030498 0.000000
1.758643 3.943809 3.986242 0.000000
1.927233 3.170193 3.777663 0.000000
2.049871 2.609581 3.624913 0.000000
1.353874 7.998060 5.228257 0.000000
1.894413 3.577104 3.830488 0.000000
0.821474 4.479130 4.303864 0.000000
0.986919 4.149312 4.465431 0.000000
0.660449 4.154579 4.257483 0.000000
0.803852 4.154328 4.318712 0.000000
0.943495 4.177545 4.388971 0.000000
1.055719 4.336426 4.518314 0.000000
0.779721 4.180816 4.227810 0.000000
0.883350 4.308275 4.344947 0.000000
0.994067 4.449835 4.470704 0.000000
1.113993 4.611733 4.607880 0.000000
1.649820 0.370503 2.852381 0.000000
0.932402 4.607951 4.428262 0.000000
1.050480 4.749041 4.561119 0.000000
1.178225 4.911271 4.705931 0.000000
0.868973 4.812438 4.389404 0.000000
0.987650 4.939625 4.521159 0.000000
1.113964 5.081028 4.662072 0.000000
1.454864 4.021615 4.300101 0.000000
0.923068 5.184432 4.485647 0.000000
1.049993 5.308883 4.625126 0.000000
1.686105 -0.063405 2.724131 0.000000
1.692613 -1.054388 2.641088 0.000000
1.691963 -1.056657 2.662318 0.000000
1.663983 -1.060205 2.674771 0.000000
1.620373 -0.063796 2.752906 0.000000
1.649495 -0.063637 2.741374 0.000000
1.630302 -0.063639 2.747031 0.000000
1.677230 -0.063551 2.730477 0.000000
1.658983 -0.063486 2.735221 0.000000
1.703304 -0.063530 2.720333 0.000000
1.642452 -0.063361 2.737775 0.000000
1.718345 -1.053249 2.650640 0.000000
1.728060 -0.063561 2.710778 0.000000
1.670767 -0.063225 2.725731 0.000000
1.712003 -0.063387 2.713630 0.000000
1.733939 -0.045853 2.714000 0.000000
1.656875 -0.062984 2.725373 0.000000
1.697552 -0.063161 2.714448 0.000000
1.736413 -0.063422 2.703829 0.000000
1.711098 0.003268 2.737949 0.000000
1.684490 -0.062879 2.713373 0.000000
1.769048 -1.091707 2.634271 0.000000
1.822699 -1.032983 2.549467 0.000000
1.737878 -1.185893 2.659673 0.000000
1.810941 -1.065984 2.594321 0.000000
1.818039 -1.035642 2.569764 0.000000
1.800108 -1.036054 2.557901 0.000000
1.754340 -1.136039 2.646205 0.000000
1.814065 -1.038262 2.590112 0.000000
1.795770 -1.038682 2.578526 0.000000
1.776279 -1.039248 2.566899 0.000000
1.722944 -0.063158 2.703830 0.000000
1.792336 -1.041239 2.599073 0.000000
1.772478 -1.041820 2.587787 0.000000
1.782235 -1.052062 2.623664 0.000000
1.769284 -1.044355 2.608665 0.000000
1.747696 -1.045106 2.597723 0.000000
1.766899 -1.046819 2.629375 0.000000
1.745150 -1.047568 2.618782 0.000000
1.743280 -1.049973 2.639681 0.000000
1.719640 -1.050909 2.629568 0.000000
1.649674 0.369011 2.881131 0.000000
1.596513 0.287014 2.861241 0.000000
1.588073 0.367804 2.901664 0.000000
1.728546 0.052462 2.721870 0.000000
1.656086 0.189959 2.798284 0.000000
1.569386 0.368055 2.896231 0.000000
1.619243 0.368419 2.891196 0.000000
1.706564 0.111478 2.745416 0.000000
1.622141 0.274446 2.835038 0.000000
1.601706 0.368722 2.884712 0.000000
1.684866 0.118583 2.767325 0.000000
1.681106 0.180070 2.772884 0.000000
1.586516 0.369187 2.875509 0.000000
1.632736 0.369353 2.873801 0.000000
1.678970 0.369576 2.871597 0.000000
1.651175 0.260927 2.805403 0.000000
1.618569 0.369858 2.863717 0.000000
1.663041 0.369960 2.863324 0.000000
1.707435 0.370125 2.862474 0.000000
1.615531 0.357596 2.844390 0.000000
1.619045 0.202990 2.835878 0.000000
1.739737 -0.042904 2.708327 0.000000
1.685022 0.059528 2.765483 0.000000
1.710824 -0.062843 2.702028 0.000000
1.747072 -0.063208 2.693846 0.000000
1.718845 0.004793 2.730283 0.000000
1.654799 0.125058 2.797615 0.000000
1.735801 -0.062866 2.691359 0.000000
1.750105 -0.042189 2.698070 0.000000
1.694768 0.059967 2.755767 0.000000
3.071706 -4.209506 2.854053 0.000000
1.759716 -0.062940 2.681253 0.000000
1.731248 0.004123 2.717932 0.000000
1.667174 0.123477 2.785177 0.000000
1.576776 0.295317 2.881388 0.000000
1.764423 -0.043559 2.683858 0.000000
1.709769 0.057032 2.740718 0.000000
1.634875 0.198081 2.819827 0.000000
1.555603 0.367149 2.912753 0.000000
1.747686 0.001176 2.701520 0.000000
2.675769 -0.116931 2.406775 0.000000
2.734999 0.031851 2.468242 0.000000
2.660502 -0.102839 2.393439 0.000000
2.681549 -0.070418 2.413879 0.000000
2.704638 -0.035409 2.436638 0.000000
2.730089 0.002630 2.462082 0.000000
2.658167 -0.125310 2.390554 0.000000
2.678573 -0.094348 2.410194 0.000000
2.700906 -0.060988 2.432015 0.000000
2.725444 -0.024842 2.456339 0.000000
2.655968 -0.146556 2.387883 0.000000
2.708599 -0.008222 2.441619 0.000000
2.697375 -0.085106 2.427708 0.000000
2.721078 -0.050672 2.451011 0.000000
2.653900 -0.166691 2.385406 0.000000
2.673122 -0.138312 2.403593 0.000000
2.694046 -0.107891 2.423698 0.000000
2.716940 -0.075059 2.446025 0.000000
2.651956 -0.185832 2.383103 0.000000
2.670625 -0.158599 2.400626 0.000000
2.690905 -0.129468 2.419960 0.000000
2.668402 -0.026747 2.403599 0.000000
2.764899 0.213174 2.507612 0.000000
2.674521 0.032997 2.411938 0.000000
2.699428 0.074972 2.437360 0.000000
2.727110 0.120788 2.465972 0.000000
2.758079 0.171254 2.498362 0.000000
2.671368 0.002093 2.407589 0.000000
2.695396 0.041789 2.431857 0.000000
2.722028 0.085034 2.459113 0.000000
2.751723 0.132474 2.489879 0.000000
2.713028 -0.098108 2.441369 0.000000
2.691612 0.010886 2.426803 0.000000
2.717272 0.051788 2.452811 0.000000
2.745796 0.096556 2.482094 0.000000
2.665610 -0.053723 2.399933 0.000000
2.688053 -0.017985 2.422148 0.000000
2.712796 0.020762 2.446989 0.000000
2.740224 0.063081 2.474894 0.000000
2.662979 -0.079032 2.396555 0.000000
2.684704 -0.045018 2.417852 0.000000
2.669363 -0.284280 2.395078 0.000000
2.658448 -0.262108 2.386464 0.000000
2.675328 -0.239074 2.401926 0.000000
2.693490 -0.214609 2.418805 0.000000
2.656843 -0.276954 2.384589 0.000000
2.673215 -0.254727 2.399509 0.000000
2.690804 -0.231145 2.415766 0.000000
2.655347 -0.291275 2.382825 0.000000
2.671233 -0.269770 2.397234 0.000000
2.688249 -0.247037 2.412882 0.000000
2.696336 -0.197361 2.422032 0.000000
2.685831 -0.262318 2.410152 0.000000
2.667614 -0.298285 2.393042 0.000000
2.683542 -0.277059 2.407562 0.000000
2.665981 -0.311834 2.391118 0.000000
2.681390 -0.291287 2.405113 0.000000
2.679349 -0.305050 2.402777 0.000000
2.677425 -0.318391 2.400554 0.000000
2.675618 -0.331322 2.398439 0.000000
2.679852 -0.739681 2.358418 0.000000
2.663968 -0.213805 2.392853 0.000000
2.650134 -0.204040 2.380963 0.000000
2.668271 -0.177892 2.397858 0.000000
2.687925 -0.149970 2.416453 0.000000
2.709322 -0.119976 2.437004 0.000000
2.648427 -0.221423 2.378969 0.000000
2.666055 -0.196262 2.395273 0.000000
2.685113 -0.169466 2.413174 0.000000
2.705814 -0.140734 2.432913 0.000000
2.646832 -0.238041 2.377110 0.000000
2.732564 0.159437 2.473470 0.000000
2.682460 -0.188046 2.410102 0.000000
2.702489 -0.160495 2.429069 0.000000
2.645349 -0.253947 2.375377 0.000000
2.662007 -0.230589 2.390585 0.000000
2.679943 -0.205807 2.407207 0.000000
2.699324 -0.179350 2.425440 0.000000
2.643973 -0.269223 2.373758 0.000000
2.660170 -0.246666 2.388460 0.000000
2.677573 -0.222784 2.404492 0.000000
2.747477 0.854598 2.541654 0.000000
2.839412 1.469007 2.756094 0.000000
2.805017 1.321745 2.781958 0.000000
2.771155 1.157591 2.592491 0.000000
2.831747 1.322400 2.667524 0.000000
2.857811 1.375630 2.731642 0.000000
2.822539 1.242030 2.759033 0.000000
2.758409 0.992924 2.564766 0.000000
2.813289 1.134847 2.631591 0.000000
2.874585 1.288907 2.709143 0.000000
2.838670 1.167580 2.737767 0.000000
2.854034 1.551966 2.711755 0.000000
2.797697 0.978717 2.601857 0.000000
2.856833 1.121548 2.672926 0.000000
2.853539 1.097588 2.717986 0.000000
2.737958 0.736675 2.522115 0.000000
2.784290 0.846457 2.576837 0.000000
2.838448 0.971881 2.641020 0.000000
2.872868 1.045328 2.702308 0.000000
2.729565 0.634934 2.505405 0.000000
2.772605 0.732972 2.555520 0.000000
2.742254 1.598359 2.862796 0.000000
2.714223 2.071265 2.918105 0.000000
2.689471 1.822989 2.929604 0.000000
2.820173 2.505372 2.833001 0.000000
2.778529 2.190704 2.858975 0.000000
2.744815 1.928207 2.879062 0.000000
2.717149 1.705978 2.894685 0.000000
2.852144 2.307207 2.790130 0.000000
2.808270 2.031328 2.820069 0.000000
2.772231 1.798063 2.843814 0.000000
2.822609 0.844439 2.614003 0.000000
2.827637 1.917816 2.722316 0.000000
2.834711 1.887187 2.785182 0.000000
2.796909 1.679079 2.811839 0.000000
2.765107 1.499149 2.833571 0.000000
2.804672 1.603893 2.668437 0.000000
2.858328 1.756073 2.753736 0.000000
2.819190 1.569848 2.782734 0.000000
2.785926 1.407202 2.806740 0.000000
2.786297 1.357116 2.626325 0.000000
2.685275 0.140998 2.427641 0.000000
2.808600 0.489533 2.570103 0.000000
2.693761 0.229461 2.440973 0.000000
2.724353 0.287280 2.473987 0.000000
2.758935 0.351394 2.511660 0.000000
2.798257 0.422986 2.554862 0.000000
2.689368 0.183279 2.433968 0.000000
2.718607 0.237170 2.465158 0.000000
2.751535 0.296690 2.500639 0.000000
2.788839 0.362948 2.541207 0.000000
2.766999 0.411788 2.523920 0.000000
2.713283 0.191381 2.457179 0.000000
2.744712 0.246877 2.490685 0.000000
2.780215 0.308476 2.528910 0.000000
2.681453 0.102119 2.421906 0.000000
2.708338 0.149384 2.449945 0.000000
2.738405 0.201285 2.481664 0.000000
2.772254 0.258739 2.517752 0.000000
2.677877 0.066248 2.416695 0.000000
2.703734 0.110726 2.443368 0.000000
2.709220 0.398358 2.467280 0.000000
2.881240 0.972490 2.682835 0.000000
2.722075 0.546078 2.490950 0.000000
2.762301 0.634459 2.537157 0.000000
2.808758 0.734370 2.590803 0.000000
2.862897 0.848510 2.653612 0.000000
2.715336 0.467852 2.478353 0.000000
2.753127 0.548141 2.521197 0.000000
2.796535 0.638378 2.570706 0.000000
2.846880 0.741079 2.628447 0.000000
2.683388 -0.753799 2.359057 0.000000
2.744875 0.471723 2.507188 0.000000
2.785658 0.553939 2.553156 0.000000
2.832687 0.646939 2.606497 0.000000
2.703637 0.336213 2.457492 0.000000
2.737408 0.403645 2.494822 0.000000
2.775860 0.478891 2.537661 0.000000
2.819989 0.563654 2.587173 0.000000
2.698502 0.280189 2.448771 0.000000
2.730600 0.342528 2.483827 0.000000
2.879272 -1.614910 2.410188 0.000000
2.936171 -1.719733 2.451688 0.000000
2.886719 -1.577776 2.422350 0.000000
2.846359 -1.464244 2.398772 0.000000
2.812506 -1.370656 2.379353 0.000000
2.962447 -1.824266 2.463886 0.000000
2.906744 -1.662693 2.430531 0.000000
2.861904 -1.535149 2.404077 0.000000
2.824707 -1.431108 2.382519 0.000000
2.992686 -1.945171 2.478193 0.000000
2.929378 -1.759342 2.439987 0.000000
2.801399 -1.316041 2.376598 0.000000
2.838215 -1.498467 2.386190 0.000000
3.027596 -2.085484 2.494999 0.000000
2.955292 -1.870536 2.451074 0.000000
2.898832 -1.705361 2.417275 0.000000
2.853391 -1.574636 2.390499 0.000000
3.069128 -2.253245 2.515320 0.000000
2.985215 -1.999774 2.464134 0.000000
2.921103 -1.808937 2.425581 0.000000
2.870285 -1.660134 2.395477 0.000000
2.838464 -1.375547 2.403576 0.000000
2.842733 -1.354153 2.410700 0.000000
2.813145 -1.271029 2.394403 0.000000
2.787779 -1.201577 2.380638 0.000000
2.765522 -1.141927 2.368776 0.000000
2.857687 -1.411942 2.416934 0.000000
2.825187 -1.320588 2.398699 0.000000
2.797477 -1.244510 2.383400 0.000000
2.773470 -1.180215 2.370346 0.000000
2.874322 -1.476601 2.424033 0.000000
3.118540 -2.453907 2.539846 0.000000
2.808086 -1.291740 2.386542 0.000000
2.782001 -1.221475 2.372142 0.000000
2.892688 -1.548330 2.432062 0.000000
2.852946 -1.435892 2.409044 0.000000
2.819659 -1.343573 2.390099 0.000000
2.791331 -1.266794 2.374229 0.000000
2.913216 -1.629005 2.441226 0.000000
2.868999 -1.503097 2.415286 0.000000
2.832347 -1.400758 2.394141 0.000000
3.326812 -3.843314 2.606119 0.000000
3.314052 -3.524847 2.628671 0.000000
3.171533 -3.002804 2.528031 0.000000
3.046551 -2.576864 2.454771 0.000000
3.218504 -3.634773 2.722554 0.000000
3.286096 -3.658878 2.653127 0.000000
3.256670 -3.414935 2.564733 0.000000
3.101202 -2.866577 2.474645 0.000000
3.186178 -3.764489 2.751547 0.000000
3.255888 -3.800918 2.679535 0.000000
3.248708 -3.511855 2.695436 0.000000
3.171570 -3.241801 2.500731 0.000000
3.150911 -3.903755 2.783154 0.000000
3.222689 -3.954315 2.708534 0.000000
3.296333 -4.010699 2.631837 0.000000
3.266929 -3.752381 2.536755 0.000000
3.112954 -4.051343 2.817146 0.000000
3.186681 -4.118072 2.739955 0.000000
3.262464 -4.193270 2.660392 0.000000
3.341282 -4.275004 2.577513 0.000000
3.011599 -2.235661 2.461129 0.000000
3.020000 -2.150795 2.479622 0.000000
2.946692 -1.928744 2.435374 0.000000
2.889457 -1.757722 2.401358 0.000000
3.179075 -2.700738 2.570317 0.000000
3.061676 -2.332718 2.498517 0.000000
2.976460 -2.069029 2.447044 0.000000
2.911505 -1.870958 2.408334 0.000000
3.255037 -3.011801 2.609022 0.000000
3.112153 -2.554292 2.521772 0.000000
2.758190 -1.106764 2.367418 0.000000
2.937102 -2.003194 2.416719 0.000000
3.302593 -3.287226 2.646997 0.000000
3.174264 -2.828131 2.550835 0.000000
3.054204 -2.438763 2.478582 0.000000
2.966906 -2.158362 2.426762 0.000000
3.276510 -3.396788 2.670457 0.000000
3.254065 -3.181483 2.588687 0.000000
3.106133 -2.687688 2.500261 0.000000
3.002819 -2.346355 2.439226 0.000000
2.715648 -0.878248 2.366082 0.000000
2.690108 -0.775187 2.361212 0.000000
2.713899 -0.870041 2.365918 0.000000
2.706418 -0.840875 2.364250 0.000000
2.699453 -0.814399 2.362648 0.000000
2.692978 -0.790373 2.361108 0.000000
2.719261 -0.889978 2.367329 0.000000
2.710929 -0.859182 2.365122 0.000000
2.703190 -0.831336 2.363031 0.000000
2.696020 -0.806164 2.361053 0.000000
2.724881 -0.910833 2.368863 0.000000
2.695904 -0.798165 2.362324 0.000000
2.707139 -0.849046 2.363488 0.000000
2.699280 -0.822746 2.361060 0.000000
2.730867 -0.933034 2.370553 0.000000
2.720682 -0.898465 2.367167 0.000000
2.711358 -0.867754 2.364037 0.000000
2.702703 -0.839927 2.361121 0.000000
2.737172 -0.956375 2.372403 0.000000
2.725996 -0.919774 2.368363 0.000000
2.715773 -0.887245 2.364659 0.000000
2.699487 -0.815962 2.362410 0.000000
2.687122 -0.768463 2.359776 0.000000
2.683876 -0.746208 2.360758 0.000000
2.691028 -0.783603 2.360572 0.000000
2.687171 -0.760550 2.361164 0.000000
2.683555 -0.739228 2.361654 0.000000
2.695130 -0.799372 2.361441 0.000000
2.690624 -0.775327 2.361635 0.000000
2.686384 -0.753163 2.361737 0.000000
2.682446 -0.732768 2.361787 0.000000
2.706356 -0.858033 2.361245 0.000000
2.694265 -0.790694 2.362174 0.000000
2.689390 -0.767604 2.361881 0.000000
2.684843 -0.746426 2.361549 0.000000
2.704052 -0.833188 2.363475 0.000000
2.698094 -0.806695 2.362778 0.000000
2.692557 -0.782587 2.362073 0.000000
2.687391 -0.760550 2.361354 0.000000
2.708865 -0.851238 2.364646 0.000000
2.702144 -0.823403 2.363471 0.000000
2.782443 -1.145952 2.384096 0.000000
2.784368 -1.132084 2.388048 0.000000
2.765452 -1.077459 2.378867 0.000000
2.748581 -1.030067 2.370780 0.000000
2.733431 -0.988614 2.363606 0.000000
2.794269 -1.169346 2.391670 0.000000
2.773606 -1.110290 2.381326 0.000000
2.755369 -1.059602 2.372313 0.000000
2.739021 -1.015264 2.364350 0.000000
2.804940 -1.209729 2.395680 0.000000
2.728217 -0.963738 2.362980 0.000000
2.762590 -1.091031 2.374038 0.000000
2.744993 -1.043701 2.365229 0.000000
2.816505 -1.253694 2.400149 0.000000
2.791895 -1.184234 2.387166 0.000000
2.770368 -1.125056 2.375975 0.000000
2.751369 -1.074121 2.366246 0.000000
2.829093 -1.301769 2.405146 0.000000
2.802088 -1.225765 2.390579 0.000000
2.778746 -1.161790 2.378169 0.000000
2.743926 -0.991319 2.372819 0.000000
2.743865 -0.981152 2.374437 0.000000
2.731640 -0.942304 2.369703 0.000000
2.720458 -0.907762 2.365386 0.000000
2.710223 -0.877015 2.361433 0.000000
2.750983 -1.007524 2.376673 0.000000
2.737569 -0.965980 2.371171 0.000000
2.725457 -0.929566 2.366220 0.000000
2.714319 -0.896954 2.361690 0.000000
2.758500 -1.035439 2.379111 0.000000
2.651910 -3.006725 3.315766 0.000000
2.730703 -0.952436 2.367151 0.000000
2.718670 -0.917956 2.362033 0.000000
2.766579 -1.065531 2.381812 0.000000
2.750627 -1.018082 2.374626 0.000000
2.736286 -0.976678 2.368216 0.000000
2.723283 -0.940117 2.362458 0.000000
2.775169 -1.097590 2.384780 0.000000
2.757820 -1.046868 2.376642 0.000000
2.742263 -1.002627 2.369426 0.000000
3.131626 -0.541318 2.784470 0.000000
3.180773 -0.430877 2.841647 0.000000
3.216602 -0.401657 2.878158 0.000000
3.124195 -0.503092 2.781585 0.000000
3.149504 -0.477239 2.807755 0.000000
3.178289 -0.450118 2.837364 0.000000
3.210986 -0.421369 2.870888 0.000000
3.127557 -0.522152 2.782713 0.000000
3.150372 -0.496197 2.806602 0.000000
3.176415 -0.469140 2.833661 0.000000
3.206039 -0.440733 2.864274 0.000000
3.149231 -0.458203 2.809456 0.000000
3.151920 -0.515149 2.806067 0.000000
3.175228 -0.487998 2.830604 0.000000
3.201783 -0.459805 2.858330 0.000000
3.136422 -0.560652 2.786869 0.000000
3.154112 -0.533982 2.806128 0.000000
3.174633 -0.506763 2.828096 0.000000
3.198153 -0.478639 2.852989 0.000000
3.141928 -0.580215 2.789890 0.000000
3.156956 -0.553036 2.806760 0.000000
3.237888 -0.339814 2.904391 0.000000
3.203543 -0.329311 2.873159 0.000000
3.256131 -0.295639 2.925991 0.000000
3.117422 -0.406846 2.785097 0.000000
3.154827 -0.379950 2.822559 0.000000
3.197545 -0.350551 2.865423 0.000000
3.246583 -0.318075 2.914753 0.000000
3.117437 -0.426396 2.783156 0.000000
3.152447 -0.399947 2.818345 0.000000
3.192310 -0.371260 2.858452 0.000000
3.174671 -0.525373 2.826182 0.000000
3.118134 -0.445734 2.781852 0.000000
3.150695 -0.419617 2.814736 0.000000
3.187763 -0.391509 2.852165 0.000000
3.230044 -0.360943 2.894892 0.000000
3.119472 -0.464923 2.781139 0.000000
3.149640 -0.439015 2.811792 0.000000
3.183925 -0.411361 2.846573 0.000000
3.222960 -0.381534 2.886162 0.000000
3.121490 -0.484021 2.781051 0.000000
3.205517 -0.714561 2.834477 0.000000
3.189621 -0.589545 2.833313 0.000000
3.192059 -0.705866 2.822846 0.000000
3.188752 -0.671699 2.823547 0.000000
3.188279 -0.639312 2.826664 0.000000
3.190352 -0.608155 2.831989 0.000000
3.203677 -0.728927 2.831145 0.000000
3.196681 -0.692829 2.828623 0.000000
3.192830 -0.658932 2.828767 0.000000
3.191715 -0.626904 2.831228 0.000000
3.216323 -0.752692 2.840334 0.000000
3.184344 -0.619844 2.825110 0.000000
3.198131 -0.679078 2.831503 0.000000
3.193717 -0.645842 2.831033 0.000000
3.230250 -0.777631 2.850604 0.000000
3.215313 -0.736982 2.841153 0.000000
3.204178 -0.699662 2.834883 0.000000
3.196368 -0.665023 2.831406 0.000000
3.245326 -0.803497 2.861864 0.000000
3.226034 -0.760165 2.848613 0.000000
3.211053 -0.720763 2.838973 0.000000
3.163095 -0.640803 2.803005 0.000000
3.195182 -0.497261 2.848275 0.000000
3.148211 -0.600075 2.793589 0.000000
3.160455 -0.572080 2.807987 0.000000
3.175340 -0.544116 2.824830 0.000000
3.192853 -0.515779 2.844163 0.000000
3.155265 -0.620297 2.797955 0.000000
3.164687 -0.591464 2.809848 0.000000
3.176647 -0.562898 2.824054 0.000000
3.191113 -0.534187 2.840601 0.000000
3.157935 -0.359549 2.827482 0.000000
3.169556 -0.610949 2.812280 0.000000
3.178536 -0.581620 2.823816 0.000000
3.190007 -0.552685 2.837610 0.000000
3.171809 -0.661819 2.808817 0.000000
3.175185 -0.630749 2.815376 0.000000
3.181131 -0.600635 2.824191 0.000000
3.189519 -0.571023 2.835202 0.000000
3.181500 -0.683585 2.815455 0.000000
3.181594 -0.651077 2.819131 0.000000
3.498364 0.116147 3.198052 0.000000
3.319359 0.061882 3.020888 0.000000
3.429250 0.130927 3.133003 0.000000
3.568164 0.216887 3.275471 0.000000
3.214697 -0.031337 2.912308 0.000000
3.298871 0.021639 2.997443 0.000000
3.402071 0.085523 3.102432 0.000000
3.531474 0.164395 3.234788 0.000000
3.200739 -0.065343 2.895890 0.000000
3.280421 -0.015824 2.976258 0.000000
3.377494 0.043478 3.074746 0.000000
3.230306 0.005008 2.930548 0.000000
3.188168 -0.097354 2.881001 0.000000
3.263726 -0.050900 2.957012 0.000000
3.355224 0.004366 3.049608 0.000000
3.468227 0.071513 3.164605 0.000000
3.176965 -0.127546 2.867597 0.000000
3.248668 -0.083851 2.939559 0.000000
3.334995 -0.032199 3.026714 0.000000
3.440892 0.030136 3.134233 0.000000
3.166925 -0.156164 2.855457 0.000000
3.529942 0.292596 3.246097 0.000000
3.462044 0.320814 3.183291 0.000000
3.618582 0.429382 3.345620 0.000000
3.826450 0.571504 3.562074 0.000000
3.312899 0.180812 3.026112 0.000000
3.426828 0.259236 3.143265 0.000000
3.571553 0.357359 3.292820 0.000000
3.761745 0.484479 3.490229 0.000000
3.288695 0.131374 2.998206 0.000000
3.395363 0.203284 3.107498 0.000000
3.235044 -0.114943 2.923671 0.000000
3.704760 0.406940 3.426978 0.000000
3.267034 0.085919 2.973184 0.000000
3.367319 0.152213 3.075579 0.000000
3.492625 0.233741 3.204208 0.000000
3.654073 0.337266 3.370747 0.000000
3.247681 0.043968 2.950757 0.000000
3.342056 0.105241 3.046799 0.000000
3.459307 0.180151 3.166782 0.000000
3.608799 0.274243 3.320535 0.000000
3.290623 -0.223235 2.965786 0.000000
3.246366 -0.212171 2.924993 0.000000
3.319073 -0.169701 2.998075 0.000000
3.127836 -0.303531 2.804880 0.000000
3.177834 -0.272490 2.854613 0.000000
3.235918 -0.237369 2.912668 0.000000
3.304249 -0.197070 2.981293 0.000000
3.124312 -0.325180 2.799511 0.000000
3.171663 -0.295247 2.846621 0.000000
3.226477 -0.261587 2.901396 0.000000
3.184844 -0.248953 2.863467 0.000000
3.121502 -0.346261 2.794851 0.000000
3.166301 -0.317284 2.839453 0.000000
3.217994 -0.284898 2.891121 0.000000
3.278115 -0.248304 2.951462 0.000000
3.119462 -0.366843 2.790944 0.000000
3.161752 -0.338682 2.833103 0.000000
3.210348 -0.307446 2.881711 0.000000
3.266638 -0.272410 2.938221 0.000000
3.118093 -0.387017 2.787687 0.000000
3.372086 -0.078602 3.057581 0.000000
3.316554 -0.066514 3.005784 0.000000
3.415857 -0.008503 3.106390 0.000000
3.158029 -0.183400 2.844534 0.000000
3.222738 -0.144368 2.909214 0.000000
3.299739 -0.098812 2.986633 0.000000
3.392967 -0.044671 3.080894 0.000000
3.150178 -0.209369 2.834721 0.000000
3.211632 -0.172333 2.896048 0.000000
3.284487 -0.129332 2.969171 0.000000
3.199725 -0.684663 2.832378 0.000000
3.143287 -0.234255 2.825915 0.000000
3.201682 -0.198989 2.884110 0.000000
3.270554 -0.158308 2.953132 0.000000
3.352873 -0.110621 3.036083 0.000000
3.137264 -0.258174 2.818013 0.000000
3.192765 -0.224477 2.873269 0.000000
3.257905 -0.185851 2.938470 0.000000
3.335223 -0.140939 3.016275 0.000000
3.132144 -0.281222 2.811035 0.000000
3.858869 -1.913942 3.355921 0.000000
4.837924 -2.882380 4.177979 0.000000
3.882543 -1.918995 3.419005 0.000000
3.793144 -1.754288 3.280315 0.000000
4.713021 -3.053075 4.325783 0.000000
4.825001 -2.964234 4.214347 0.000000
3.961399 -2.043924 3.492899 0.000000
3.871087 -1.868210 3.343434 0.000000
4.680698 -3.118357 4.356975 0.000000
4.796280 -3.033306 4.241723 0.000000
4.472067 -2.564704 3.853941 0.000000
4.744364 -2.988104 4.295597 0.000000
4.647522 -3.183299 4.389059 0.000000
4.766517 -3.102864 4.270161 0.000000
4.688605 -2.849244 4.035079 0.000000
3.792324 -1.913320 3.336326 0.000000
4.613042 -3.249053 4.422462 0.000000
4.735679 -3.172924 4.299692 0.000000
4.848473 -3.098904 4.187068 0.000000
3.880306 -2.050572 3.412867 0.000000
4.577711 -3.314526 4.456753 0.000000
3.852222 -1.737708 3.339702 0.000000
3.996800 -1.840662 3.469114 0.000000
3.713987 -1.547707 3.226691 0.000000
3.528471 -1.355063 3.069000 0.000000
4.704855 -2.600549 4.078245 0.000000
4.035868 -1.924649 3.516636 0.000000
3.778591 -1.637012 3.279377 0.000000
3.569210 -1.418435 3.101101 0.000000
4.832586 -2.793985 4.211025 0.000000
3.962801 -1.924117 3.494847 0.000000
4.703890 -3.242814 4.330209 0.000000
3.615035 -1.488615 3.137439 0.000000
4.804008 -2.858805 4.238351 0.000000
4.044955 -2.048532 3.574116 0.000000
3.937185 -1.852996 3.409588 0.000000
3.666855 -1.566872 3.178773 0.000000
4.774671 -2.923331 4.266475 0.000000
4.592217 -2.580379 3.970004 0.000000
3.951746 -1.919588 3.439797 0.000000
3.725703 -1.654728 3.225960 0.000000
3.420754 -2.058285 3.309778 0.000000
3.413451 -2.018449 3.352378 0.000000
3.486614 -2.012689 3.301429 0.000000
3.243650 -2.068672 3.490015 0.000000
3.313052 -2.051185 3.419348 0.000000
3.377274 -2.033747 3.354160 0.000000
3.437612 -2.015855 3.293104 0.000000
3.223126 -2.101066 3.510678 0.000000
3.293768 -2.087056 3.438658 0.000000
3.359262 -2.072856 3.372091 0.000000
3.338513 -2.024689 3.407047 0.000000
3.201800 -2.133898 3.532160 0.000000
3.273803 -2.123246 3.458662 0.000000
3.340522 -2.112409 3.390761 0.000000
3.403254 -2.100969 3.327105 0.000000
3.175162 -2.158473 3.548230 0.000000
3.246956 -2.150062 3.472824 0.000000
3.314246 -2.142475 3.403869 0.000000
3.378254 -2.135532 3.339928 0.000000
3.135050 -2.159229 3.547746 0.000000
4.813467 -3.206361 4.118563 0.000000
4.819712 -3.173851 4.214324 0.000000
4.360121 -2.568003 3.743865 0.000000
4.541262 -3.380269 4.492187 0.000000
4.670733 -3.313797 4.362101 0.000000
4.789761 -3.249507 4.242781 0.000000
4.558002 -2.847341 3.907157 0.000000
4.503977 -3.445795 4.528489 0.000000
4.636361 -3.385259 4.395228 0.000000
4.758824 -3.325300 4.272249 0.000000
4.118210 -2.052447 3.645362 0.000000
3.346679 -2.030808 3.474940 0.000000
3.431927 -2.024421 3.421233 0.000000
4.726347 -3.402373 4.303259 0.000000
4.843207 -3.348898 4.185935 0.000000
3.302634 -2.031155 3.470275 0.000000
3.384310 -2.024528 3.413667 0.000000
3.463445 -2.018487 3.361593 0.000000
3.540230 -2.012893 3.312874 0.000000
3.263712 -2.036192 3.469830 0.000000
3.300002 -0.918761 2.900385 0.000000
3.370142 -0.991522 2.958759 0.000000
3.315078 -0.921559 2.914372 0.000000
3.271153 -0.863048 2.879453 0.000000
3.235235 -0.812432 2.851343 0.000000
3.398308 -1.030308 2.981209 0.000000
3.335144 -0.953720 2.929754 0.000000
3.284954 -0.890239 2.889398 0.000000
3.244183 -0.836291 2.857051 0.000000
3.429325 -1.072128 3.006100 0.000000
3.356957 -0.987645 2.946632 0.000000
3.227319 -0.789595 2.846492 0.000000
3.254047 -0.861062 2.863519 0.000000
3.463511 -1.117407 3.033700 0.000000
3.381018 -1.024107 2.965402 0.000000
3.316597 -0.949038 2.912659 0.000000
3.264992 -0.886889 2.870893 0.000000
3.501247 -1.166400 3.064364 0.000000
3.407257 -1.062880 2.986033 0.000000
3.334682 -0.980815 2.926202 0.000000
3.277161 -0.914105 2.879273 0.000000
3.264660 -0.835214 2.876495 0.000000
3.261914 -0.830829 2.874402 0.000000
3.237794 -0.784221 2.856956 0.000000
3.218698 -0.742438 2.843717 0.000000
3.203724 -0.704502 2.833918 0.000000
3.279928 -0.859395 2.888169 0.000000
3.250670 -0.809262 2.866246 0.000000
3.227203 -0.764776 2.849192 0.000000
3.208431 -0.724915 2.836050 0.000000
3.299487 -0.889351 2.903267 0.000000
3.543398 -1.220382 3.098795 0.000000
3.236695 -0.788046 2.855488 0.000000
3.213922 -0.745828 2.838853 0.000000
3.320976 -0.921335 2.919998 0.000000
3.280038 -0.862606 2.887906 0.000000
3.247087 -0.811986 2.862559 0.000000
3.220181 -0.767301 2.842309 0.000000
3.344499 -0.955384 2.938465 0.000000
3.296840 -0.891405 2.900524 0.000000
3.258514 -0.836879 2.870503 0.000000
3.563301 -1.334688 3.104964 0.000000
3.634274 -1.375310 3.168955 0.000000
3.487904 -1.224062 3.044933 0.000000
3.380260 -1.111742 2.954572 0.000000
3.935162 -1.698894 3.424831 0.000000
3.689093 -1.447293 3.213898 0.000000
3.523548 -1.276852 3.073216 0.000000
3.404172 -1.153003 2.972695 0.000000
4.038595 -1.821775 3.511992 0.000000
3.750753 -1.527316 3.264689 0.000000
3.846470 -1.592789 3.350356 0.000000
3.430611 -1.197465 2.992918 0.000000
4.110306 -1.928908 3.583159 0.000000
3.821590 -1.618354 3.323290 0.000000
3.607728 -1.398374 3.140650 0.000000
3.459830 -1.245554 3.015449 0.000000
4.034281 -1.928480 3.561158 0.000000
3.902968 -1.722075 3.390878 0.000000
3.657626 -1.468948 3.180945 0.000000
3.492291 -1.297863 3.040677 0.000000
3.400272 -1.089312 2.976312 0.000000
3.436115 -1.104588 3.008889 0.000000
3.354573 -1.014761 2.941242 0.000000
3.290472 -0.942434 2.888619 0.000000
3.590225 -1.279435 3.137255 0.000000
3.467938 -1.149657 3.034263 0.000000
3.376448 -1.050939 2.957952 0.000000
3.305218 -0.972479 2.899144 0.000000
3.642819 -1.344897 3.180670 0.000000
3.503057 -1.198558 3.062434 0.000000
3.340016 0.234876 3.057335 0.000000
3.321401 -1.004198 2.910861 0.000000
3.702136 -1.417930 3.229857 0.000000
3.542130 -1.251981 3.093973 0.000000
3.426664 -1.130818 2.996816 0.000000
3.339219 -1.037827 2.923938 0.000000
3.769161 -1.499521 3.285692 0.000000
3.585594 -1.310582 3.129243 0.000000
3.455755 -1.175575 3.019588 0.000000
3.358776 -1.073582 2.938457 0.000000
1.718341 1.204032 3.890373 0.000000
1.830660 0.943314 3.790471 0.000000
1.919565 0.943976 3.824126 0.000000
1.587163 1.303781 4.031222 0.000000
1.753879 1.059513 3.845622 0.000000
1.868932 0.945219 3.773885 0.000000
1.956211 0.945741 3.810415 0.000000
1.654909 1.253037 3.958570 0.000000
1.807506 1.019587 3.787802 0.000000
1.906398 0.947068 3.758271 0.000000
1.992475 0.947471 3.797511 0.000000
1.697263 1.100492 3.906512 0.000000
1.857625 0.981128 3.733617 0.000000
1.943700 0.948893 3.743369 0.000000
2.028103 0.949159 3.785413 0.000000
1.778148 1.156546 3.825912 0.000000
1.903694 0.950660 3.688263 0.000000
1.980313 0.950670 3.729405 0.000000
1.904999 2.460068 5.188677 0.000000
1.833838 1.110964 3.765725 0.000000
1.941300 0.952508 3.672802 0.000000
1.806170 0.938420 3.870298 0.000000
1.572826 1.075517 4.033960 0.000000
1.727767 0.934476 3.905468 0.000000
1.124418 1.678856 4.565385 0.000000
1.430591 1.279335 4.191572 0.000000
1.633921 1.036635 3.968619 0.000000
1.767448 0.936484 3.887331 0.000000
1.264954 1.527191 4.374739 0.000000
1.503753 1.232392 4.113617 0.000000
1.691303 0.999080 3.907110 0.000000
2.016842 0.952432 3.716060 0.000000
1.353764 1.468216 4.280343 0.000000
1.572290 1.187004 4.040427 0.000000
1.745304 0.962675 3.849084 0.000000
1.844594 0.940321 3.854005 0.000000
1.437078 1.411166 4.191602 0.000000
1.636986 1.142892 3.971184 0.000000
1.791827 0.941361 3.807980 0.000000
1.882470 0.942177 3.838581 0.000000
1.514673 1.356498 4.108778 0.000000
2.172511 0.967306 3.521443 0.000000
2.366806 3.801905 6.261701 0.000000
2.098564 0.963768 3.544567 0.000000
2.161217 0.963104 3.595825 0.000000
2.247133 3.810937 6.068207 0.000000
2.465334 3.806540 6.241552 0.000000
2.135620 0.965543 3.532648 0.000000
2.197150 0.964810 3.585525 0.000000
2.348274 3.815922 6.043761 0.000000
2.566844 3.852231 6.259306 0.000000
2.145789 3.805859 6.094315 0.000000
2.233039 0.966511 3.575858 0.000000
2.704938 8.689538 10.090195 0.000000
3.154733 8.676554 10.479726 0.000000
2.209338 0.969065 3.510916 0.000000
2.361078 3.830938 5.826385 0.000000
2.550264 3.825618 6.000002 0.000000
2.760156 3.819942 6.190326 0.000000
2.246146 0.970820 3.501052 0.000000
2.464909 3.836027 5.802272 0.000000
1.982434 0.982346 3.604231 0.000000
1.967205 2.567163 5.263413 0.000000
1.886492 1.066620 3.708661 0.000000
1.978776 0.954337 3.658032 0.000000
2.052864 0.954157 3.703554 0.000000
2.016561 2.970170 5.610700 0.000000
1.935944 1.023775 3.654912 0.000000
2.015605 0.956125 3.644158 0.000000
2.088610 0.955861 3.691735 0.000000
2.085938 3.315959 5.901173 0.000000
1.352244 1.328215 4.274882 0.000000
2.052431 0.957901 3.630959 0.000000
2.124103 0.957544 3.680635 0.000000
2.170326 3.684155 6.208844 0.000000
2.023926 0.960174 3.570666 0.000000
2.088900 0.959653 3.618522 0.000000
2.054647 3.538582 5.896129 0.000000
2.268102 3.797176 6.283496 0.000000
2.061360 0.961979 3.557242 0.000000
2.125150 0.961386 3.606831 0.000000
0.703271 1.422589 4.947672 0.000000
1.019646 0.564130 4.007530 0.000000
1.066776 0.645951 4.065478 0.000000
1.120206 0.735246 4.130754 0.000000
0.987269 0.537529 3.971768 0.000000
1.031640 0.613463 4.026130 0.000000
1.081295 0.695399 4.086614 0.000000
1.137757 0.785665 4.155037 0.000000
0.997549 0.587442 3.988735 0.000000
1.044240 0.663479 4.045427 0.000000
1.096572 0.745935 4.108647 0.000000
0.977716 0.489024 3.955720 0.000000
1.008487 0.638482 4.006509 0.000000
1.057598 0.714595 4.065624 0.000000
1.112702 0.797578 4.131671 0.000000
0.825035 1.368077 4.819895 0.000000
1.020142 0.690699 4.025156 0.000000
1.071807 0.767333 4.086881 0.000000
0.529004 1.616284 5.135656 0.000000
0.936495 1.316480 4.702743 0.000000
1.032656 0.744577 4.044878 0.000000
1.027467 0.503043 4.007041 0.000000
0.969550 0.333130 3.926577 0.000000
1.004505 0.411992 3.971914 0.000000
1.044196 0.497688 4.022960 0.000000
0.945228 0.303839 3.898520 0.000000
0.978417 0.377666 3.941373 0.000000
1.015702 0.457304 3.989161 0.000000
1.058021 0.543828 4.042958 0.000000
0.952508 0.348778 3.911780 0.000000
0.987831 0.422985 3.956834 0.000000
0.153025 1.941985 5.536137 0.000000
1.072468 0.590422 4.063641 0.000000
0.960326 0.394525 3.925697 0.000000
0.997818 0.469137 3.972988 0.000000
1.039850 0.549640 4.025659 0.000000
1.087656 0.637877 4.085180 0.000000
0.968703 0.441128 3.940300 0.000000
1.008431 0.516156 3.989892 0.000000
1.053002 0.597507 4.045219 0.000000
1.103565 0.686286 4.107567 0.000000
1.583697 0.975070 4.017336 0.000000
1.141870 1.394681 4.546212 0.000000
1.454644 1.050297 4.154928 0.000000
0.565688 1.939954 5.112850 0.000000
0.977969 1.543120 4.670847 0.000000
1.284203 1.245457 4.340924 0.000000
1.521273 1.012001 4.083965 0.000000
0.705218 1.863746 4.966146 0.000000
1.081921 1.486095 4.561155 0.000000
1.363590 1.200712 4.256738 0.000000
0.866022 1.602441 4.788767 0.000000
0.835074 1.790232 4.829385 0.000000
1.131837 1.519704 4.552350 0.000000
1.437816 1.157544 4.177866 0.000000
1.642266 0.939414 3.954682 0.000000
0.955020 1.720057 4.702848 0.000000
1.268472 1.378710 4.363773 0.000000
1.507750 1.115699 4.103403 0.000000
1.687050 0.932388 3.924779 0.000000
1.065898 1.653185 4.585679 0.000000
1.152698 1.297935 4.544475 0.000000
0.663935 1.555898 4.994282 0.000000
1.040200 1.266999 4.593562 0.000000
1.045843 0.799409 4.065392 0.000000
0.320653 1.867314 5.360896 0.000000
0.787378 1.498764 4.864750 0.000000
1.126693 1.234398 4.510312 0.000000
-0.130011 2.287971 5.841559 0.000000
0.473413 1.796781 5.200976 0.000000
0.902516 1.443522 4.743737 0.000000
2.651320 3.830339 5.980628 0.000000
0.067147 2.194225 5.635445 0.000000
0.615264 1.728816 5.052258 0.000000
1.009051 1.390756 4.631585 0.000000
1.306583 1.131648 4.312127 0.000000
0.247446 2.105325 5.446702 0.000000
0.746051 1.663967 4.914933 0.000000
1.107142 1.340590 4.528146 0.000000
1.383417 1.090060 4.230632 0.000000
0.412719 2.020893 5.273446 0.000000
6.008936 3.943760 6.120825 0.000000
5.487464 3.958761 5.548036 0.000000
5.587396 3.950763 5.794394 0.000000
5.697263 3.936369 6.058136 0.000000
5.823569 3.920765 6.347270 0.000000
4.946320 3.039296 4.918091 0.000000
5.745699 3.954831 5.822506 0.000000
5.850621 3.940076 6.088047 0.000000
5.971812 3.924104 6.378953 0.000000
4.583044 2.420171 4.495603 0.000000
5.269572 3.178839 5.250736 0.000000
5.679750 3.917406 6.318151 0.000000
6.124385 3.927424 6.413099 0.000000
4.322672 1.974727 4.193113 0.000000
4.852344 2.532012 4.771991 0.000000
5.739684 3.455898 5.742579 0.000000
6.282000 3.930732 6.449929 0.000000
4.126635 1.638070 3.965653 0.000000
4.553444 2.067017 4.429319 0.000000
5.230162 2.739612 5.165326 0.000000
6.444798 3.934014 6.489697 0.000000
5.140645 3.938495 5.726054 0.000000
3.998067 2.611992 4.546103 0.000000
4.862791 3.930228 5.692872 0.000000
4.170763 2.596035 4.887383 0.000000
5.141074 3.903758 6.223961 0.000000
4.888586 3.946418 5.474584 0.000000
4.999926 3.934368 5.708342 0.000000
5.126231 3.921369 5.963421 0.000000
5.270762 3.907203 6.244360 0.000000
5.032735 3.950866 5.490052 0.000000
3.974336 1.374943 3.789140 0.000000
5.263210 3.925144 5.983619 0.000000
5.403504 3.910617 6.266852 0.000000
5.181138 3.955313 5.507970 0.000000
5.285260 3.942601 5.746243 0.000000
5.403837 3.928912 6.005905 0.000000
5.539825 3.914020 6.291429 0.000000
5.333811 3.959750 5.528431 0.000000
5.434076 3.946688 5.769024 0.000000
5.548481 3.932649 6.030804 0.000000
3.802020 0.703593 3.551784 0.000000
3.725663 0.759696 3.483101 0.000000
3.977335 0.959625 3.749161 0.000000
4.338164 1.242659 4.131644 0.000000
3.488770 0.516424 3.228442 0.000000
3.657194 0.648126 3.405154 0.000000
3.882630 0.821917 3.642506 0.000000
4.199842 1.063254 3.977485 0.000000
3.444072 0.433748 3.177019 0.000000
3.598220 0.550915 3.338060 0.000000
3.540251 0.610261 3.287700 0.000000
4.083801 0.911837 3.848257 0.000000
3.404944 0.360255 3.132023 0.000000
3.546843 0.465223 3.279650 0.000000
3.732419 0.600538 3.473516 0.000000
3.985197 0.782294 3.738530 0.000000
3.370501 0.294350 3.092409 0.000000
3.501788 0.389074 3.228452 0.000000
3.671729 0.509800 3.405316 0.000000
3.900214 0.669896 3.644038 0.000000
4.391125 1.553230 4.216074 0.000000
4.328990 1.716498 4.172250 0.000000
4.868635 2.230028 4.756048 0.000000
5.787809 3.095824 5.751544 0.000000
3.852299 1.162959 3.647896 0.000000
4.154445 1.442548 3.972541 0.000000
4.599416 1.849170 4.451503 0.000000
5.319404 2.499900 5.227587 0.000000
3.752595 0.988452 3.532638 0.000000
4.014852 1.222158 3.812982 0.000000
4.186327 2.584345 5.070681 0.000000
4.976036 2.061786 4.843735 0.000000
3.669777 0.842221 3.437011 0.000000
3.900623 1.040806 3.682571 0.000000
4.224939 1.316048 4.028408 0.000000
4.713271 1.725514 4.550208 0.000000
3.599940 0.717760 3.356467 0.000000
3.805840 0.889030 3.574453 0.000000
4.089734 1.121949 3.875858 0.000000
4.506058 1.459264 4.318903 0.000000
3.309289 3.874163 5.670792 0.000000
3.356136 3.844880 6.127945 0.000000
2.940434 3.872230 5.506458 0.000000
3.094262 3.864994 5.693568 0.000000
3.265240 3.857241 5.897665 0.000000
3.457385 3.848838 6.122601 0.000000
3.049938 3.877140 5.490705 0.000000
3.201369 3.869604 5.681372 0.000000
3.369831 3.861528 5.889250 0.000000
3.559500 3.852746 6.118752 0.000000
3.160366 3.881994 5.476758 0.000000
3.161500 3.852908 5.907569 0.000000
3.475329 3.865762 5.882460 0.000000
3.662473 3.856610 6.116284 0.000000
3.271753 3.886799 5.464513 0.000000
3.418312 3.878680 5.661811 0.000000
3.581933 3.869949 5.877294 0.000000
3.766491 3.860437 6.115200 0.000000
3.384424 3.891561 5.454067 0.000000
3.528595 3.883154 5.654557 0.000000
3.689653 3.874095 5.873650 0.000000
2.616029 3.857150 5.564062 0.000000
2.858636 3.824258 6.176291 0.000000
2.282934 0.972572 3.491889 0.000000
2.568815 3.841035 5.779860 0.000000
2.752589 3.834991 5.962800 0.000000
2.957304 3.828508 6.163673 0.000000
2.319800 0.974325 3.483401 0.000000
2.673013 3.845963 5.759221 0.000000
2.854121 3.839565 5.946635 0.000000
3.056278 3.832688 6.152580 0.000000
3.871691 3.864220 6.115641 0.000000
2.777538 3.850815 5.740348 0.000000
2.956020 3.844068 5.932115 0.000000
3.155653 3.836803 6.143002 0.000000
2.723621 3.862237 5.543179 0.000000
2.882479 3.855600 5.723108 0.000000
3.058498 3.848525 5.918962 0.000000
3.255573 3.840866 6.134791 0.000000
2.831697 3.867266 5.523910 0.000000
2.988033 3.860328 5.707475 0.000000
4.078225 3.140404 5.086986 0.000000
4.093706 3.919407 5.428956 0.000000
4.222845 3.909230 5.647290 0.000000
4.243295 3.640036 5.681887 0.000000
4.238834 3.322249 5.669106 0.000000
4.187170 3.852771 5.382635 0.000000
4.170670 3.547106 5.382873 0.000000
4.157005 3.253800 5.380683 0.000000
4.146135 2.970767 5.376016 0.000000
4.099696 3.408968 5.080011 0.000000
4.321269 3.686259 5.973207 0.000000
4.059638 2.881800 5.091387 0.000000
4.196240 2.896847 5.320553 0.000000
3.998794 2.984257 4.791898 0.000000
3.973840 2.750088 4.803979 0.000000
4.109602 2.803340 5.035775 0.000000
4.099020 2.581690 5.058871 0.000000
3.901628 2.608603 4.538349 0.000000
4.022551 2.668303 4.749412 0.000000
4.078949 2.593125 4.876125 0.000000
3.867736 3.896334 5.643024 0.000000
3.498424 3.896286 5.445331 0.000000
3.640083 3.887585 5.648942 0.000000
3.798696 3.878206 5.871535 0.000000
3.978069 3.867967 6.117498 0.000000
3.613845 3.900968 5.438439 0.000000
3.753109 3.891979 5.645088 0.000000
3.909220 3.882279 5.871096 0.000000
4.085944 3.871677 6.120919 0.000000
3.730904 3.905620 5.433291 0.000000
3.203656 -2.150585 3.469742 0.000000
4.021274 3.886310 5.872361 0.000000
4.195232 3.875355 6.125799 0.000000
3.849794 3.910238 5.430028 0.000000
3.984091 3.900659 5.642661 0.000000
4.134966 3.890311 5.875232 0.000000
4.306149 3.879004 6.132162 0.000000
3.970666 3.914833 5.428570 0.000000
4.102424 3.904961 5.644028 0.000000
4.250626 3.894290 5.879743 0.000000
1.112864 -0.052434 4.018513 0.000000
1.145116 -0.030478 4.053657 0.000000
1.080296 -0.180149 3.969697 0.000000
1.102143 -0.121485 3.998959 0.000000
1.126665 -0.060164 4.031344 0.000000
1.154340 0.004097 4.067373 0.000000
1.083430 -0.146011 3.977132 0.000000
1.107323 -0.086975 4.008539 0.000000
1.133991 -0.025600 4.043131 0.000000
1.164106 0.039196 4.081726 0.000000
1.086995 -0.111295 3.985100 0.000000
1.119775 -0.094460 4.020053 0.000000
1.141764 0.009251 4.055429 0.000000
1.174321 0.074289 4.096550 0.000000
1.090967 -0.076249 3.993546 0.000000
1.118866 -0.017294 4.029051 0.000000
1.149997 0.044410 4.068252 0.000000
1.185030 0.109680 4.111928 0.000000
1.095330 -0.040839 4.002458 0.000000
1.125324 0.018184 4.040114 0.000000
1.158707 0.079898 4.081615 0.000000
1.072995 -0.281144 3.949864 0.000000
1.105531 -0.201787 3.992235 0.000000
1.069899 -0.346839 3.938781 0.000000
1.082094 -0.289376 3.957952 0.000000
1.096230 -0.229854 3.979430 0.000000
1.112596 -0.167678 4.003587 0.000000
1.071259 -0.314226 3.944088 0.000000
1.085358 -0.256350 3.965274 0.000000
1.101517 -0.196180 3.988917 0.000000
1.120059 -0.133668 4.015355 0.000000
1.196205 0.145094 4.127797 0.000000
1.089009 -0.222858 3.973075 0.000000
1.107192 -0.162582 3.998815 0.000000
1.127963 -0.099478 4.027618 0.000000
1.075046 -0.247821 3.956017 0.000000
1.092999 -0.189404 3.981241 0.000000
1.113282 -0.128499 4.009221 0.000000
1.136319 -0.065091 4.040389 0.000000
1.077466 -0.214251 3.962604 0.000000
1.097361 -0.155709 3.989841 0.000000
1.194214 0.317144 4.148574 0.000000
1.131057 0.181948 4.067338 0.000000
1.173827 0.239409 4.117798 0.000000
1.221469 0.300167 4.173664 0.000000
1.275126 0.365206 4.236210 0.000000
1.138705 0.220878 4.080153 0.000000
1.183738 0.277998 4.132861 0.000000
1.233931 0.338623 4.191287 0.000000
1.290353 0.403069 4.256547 0.000000
1.146991 0.260675 4.093739 0.000000
1.260449 0.327504 4.216453 0.000000
1.246928 0.377295 4.209485 0.000000
1.306247 0.441422 4.277622 0.000000
1.155820 0.301100 4.107965 0.000000
1.205363 0.357192 4.165093 0.000000
1.260545 0.416530 4.228384 0.000000
1.322862 0.480271 4.299489 0.000000
1.165213 0.342192 4.122856 0.000000
1.217065 0.397536 4.182213 0.000000
1.274859 0.456321 4.248060 0.000000
1.147325 0.126665 4.076337 0.000000
1.100170 -0.004774 4.011958 0.000000
1.132144 0.053762 4.051577 0.000000
1.167881 0.115749 4.095513 0.000000
1.207998 0.181115 4.144381 0.000000
1.105378 0.031424 4.021870 0.000000
1.139499 0.090004 4.063683 0.000000
1.177520 0.151671 4.109905 0.000000
1.220261 0.217207 4.161462 0.000000
1.111093 0.068333 4.032404 0.000000
1.091335 -0.263083 3.970423 0.000000
1.187722 0.188288 4.124969 0.000000
1.233083 0.253676 4.179166 0.000000
1.117255 0.105711 4.043471 0.000000
1.155639 0.163770 4.089557 0.000000
1.198466 0.225324 4.140647 0.000000
1.246510 0.290529 4.197540 0.000000
1.123905 0.143573 4.055109 0.000000
1.164484 0.201333 4.103386 0.000000
1.209667 0.262522 4.156819 0.000000
1.080669 -0.756993 3.903110 0.000000
1.060373 -0.756088 3.882945 0.000000
1.046945 -0.708139 3.874652 0.000000
1.086796 -0.818690 3.902797 0.000000
1.072925 -0.771286 3.893873 0.000000
1.060041 -0.722957 3.886127 0.000000
1.048202 -0.673925 3.879596 0.000000
1.083582 -0.787831 3.902786 0.000000
1.071320 -0.739317 3.895643 0.000000
1.060054 -0.690156 3.889659 0.000000
1.049869 -0.640063 3.884956 0.000000
1.074833 -0.803061 3.892465 0.000000
1.070019 -0.707640 3.897724 0.000000
1.060422 -0.657416 3.893582 0.000000
1.051888 -0.606025 3.890732 0.000000
1.078046 -0.725912 3.903785 0.000000
1.069046 -0.675738 3.900196 0.000000
1.061096 -0.624464 3.897875 0.000000
1.054268 -0.572298 3.896877 0.000000
1.075710 -0.695074 3.904759 0.000000
1.068371 -0.644096 3.902975 0.000000
1.045339 -0.811546 3.862175 0.000000
1.067158 -0.923013 3.872646 0.000000
1.046164 -0.881577 3.855863 0.000000
1.107243 -0.973051 3.907742 0.000000
1.085683 -0.931552 3.890284 0.000000
1.065098 -0.889229 3.873962 0.000000
1.045536 -0.846336 3.858804 0.000000
1.102555 -0.942124 3.906093 0.000000
1.082464 -0.899137 3.890296 0.000000
1.063407 -0.855868 3.875644 0.000000
1.062132 -0.591793 3.902540 0.000000
1.098182 -0.911289 3.904781 0.000000
1.079621 -0.867096 3.890684 0.000000
1.062059 -0.822399 3.877722 0.000000
1.045501 -0.776930 3.865932 0.000000
1.094095 -0.880278 3.903808 0.000000
1.077076 -0.835161 3.891396 0.000000
1.061052 -0.789060 3.880168 0.000000
1.046021 -0.742467 3.870075 0.000000
1.090315 -0.849585 3.903144 0.000000
1.067762 -0.443834 3.925110 0.000000
1.076457 -0.370209 3.942526 0.000000
1.067930 -0.507573 3.917876 0.000000
1.070946 -0.452316 3.927298 0.000000
1.075422 -0.395371 3.938488 0.000000
1.081468 -0.336662 3.951573 0.000000
1.067678 -0.475766 3.921300 0.000000
1.072505 -0.420050 3.932647 0.000000
1.078865 -0.362415 3.945867 0.000000
1.086893 -0.303041 3.961081 0.000000
1.072335 -0.428237 3.931512 0.000000
1.074411 -0.387411 3.938425 0.000000
1.082644 -0.329345 3.953635 0.000000
1.092715 -0.269324 3.971036 0.000000
1.068135 -0.411752 3.929261 0.000000
1.076614 -0.354886 3.944522 0.000000
1.086792 -0.296414 3.961789 0.000000
1.098944 -0.235494 3.981447 0.000000
1.068848 -0.379514 3.933808 0.000000
1.079182 -0.322215 3.951037 0.000000
1.070478 -0.601871 3.909750 0.000000
1.057034 -0.538361 3.903476 0.000000
1.073665 -0.663963 3.906089 0.000000
1.068005 -0.612197 3.906131 0.000000
1.063479 -0.559129 3.907556 0.000000
1.060161 -0.504701 3.910449 0.000000
1.071924 -0.633068 3.907737 0.000000
1.067979 -0.580279 3.909668 0.000000
1.065187 -0.526459 3.912973 0.000000
1.063654 -0.471045 3.917829 0.000000
1.340085 0.519339 4.321994 0.000000
1.068248 -0.548321 3.913542 0.000000
1.067210 -0.493762 3.918748 0.000000
1.067530 -0.437636 3.925605 0.000000
1.069310 -0.570355 3.912113 0.000000
1.068813 -0.516308 3.917756 0.000000
1.069599 -0.461028 3.924934 0.000000
1.071790 -0.403943 3.933840 0.000000
1.068469 -0.539012 3.914820 0.000000
1.069723 -0.484227 3.922361 0.000000
2.278586 1.921213 5.398425 0.000000
1.882143 1.896832 5.097416 0.000000
2.015922 1.885284 5.229577 0.000000
2.164769 1.930985 5.453383 0.000000
1.809773 1.995951 5.037388 0.000000
1.932936 1.980235 5.158314 0.000000
2.065527 2.025135 5.365656 0.000000
2.222034 1.953287 5.458702 0.000000
1.861592 2.089984 5.100566 0.000000
1.987288 2.067657 5.223174 0.000000
2.123423 2.106913 5.433278 0.000000
1.761196 1.905800 4.977833 0.000000
1.917328 2.189040 5.168171 0.000000
2.040640 2.226689 5.365146 0.000000
2.184626 2.191727 5.504490 0.000000
2.337490 1.979912 5.450795 0.000000
1.976617 2.292171 5.239714 0.000000
2.103540 2.324024 5.439507 0.000000
2.248172 2.159643 5.442944 0.000000
2.399693 2.053434 5.521647 0.000000
2.023942 2.666557 5.582043 0.000000
1.871462 1.669344 5.058722 0.000000
1.666947 1.521035 4.835695 0.000000
1.786925 1.536525 4.957658 0.000000
1.923035 1.552060 5.095824 0.000000
1.786815 0.928980 4.036005 0.000000
1.705367 1.591303 4.882940 0.000000
1.828274 1.602155 5.007200 0.000000
1.967153 1.612035 5.147379 0.000000
1.826447 0.931349 4.012355 0.000000
1.745697 1.663381 4.932262 0.000000
2.164218 2.803662 5.918805 0.000000
2.013382 1.673764 5.201210 0.000000
1.672729 1.736191 4.868476 0.000000
1.788712 1.738560 4.984591 0.000000
1.916970 1.738695 5.112770 0.000000
2.057890 1.794702 5.330106 0.000000
1.715588 1.819302 4.921611 0.000000
1.833900 1.815905 5.039292 0.000000
1.965313 1.811012 5.169955 0.000000
2.110151 1.861944 5.390488 0.000000
2.928266 2.308707 5.717100 0.000000
2.859922 3.763348 7.079087 0.000000
2.782191 2.218161 5.630581 0.000000
2.588529 3.794914 6.475883 0.000000
2.761567 3.782297 6.749687 0.000000
2.959488 3.767947 7.061156 0.000000
2.844591 2.221120 5.623601 0.000000
2.694029 3.800157 6.450878 0.000000
2.864264 3.787194 6.728815 0.000000
3.059393 3.772430 7.045362 0.000000
2.659225 3.777290 6.772671 0.000000
2.810869 3.887732 6.505280 0.000000
2.967407 3.791967 6.710334 0.000000
3.159813 3.776806 7.031676 0.000000
3.007637 2.365065 5.774795 0.000000
2.946391 4.064704 6.643862 0.000000
3.087862 3.882521 6.779297 0.000000
3.260705 3.781093 7.019794 0.000000
3.060675 2.322352 5.717719 0.000000
3.013196 3.815178 6.389961 0.000000
2.580800 2.098375 5.526894 0.000000
2.311847 2.186390 5.449854 0.000000
2.464388 2.120604 5.585157 0.000000
2.091043 2.990067 5.868006 0.000000
2.246236 3.119183 6.218478 0.000000
2.379970 2.276048 5.528415 0.000000
2.520101 2.084780 5.525594 0.000000
2.173317 3.335635 6.171295 0.000000
2.349705 3.657030 6.746196 0.000000
2.452309 2.369411 5.611251 0.000000
1.746192 0.926512 4.061116 0.000000
2.272305 3.705198 6.493635 0.000000
2.454974 3.766906 6.825295 0.000000
2.514864 2.326981 5.544367 0.000000
2.652523 2.178064 5.607785 0.000000
2.378220 3.784069 6.532676 0.000000
2.557054 3.772165 6.797815 0.000000
2.584703 2.359229 5.561490 0.000000
2.727677 2.257529 5.689050 0.000000
2.483351 3.789556 6.503122 0.000000
1.416553 0.799159 4.435868 0.000000
1.235848 0.605591 4.228876 0.000000
1.302099 0.655736 4.301982 0.000000
1.376110 0.708920 4.383333 0.000000
1.459937 0.765912 4.475086 0.000000
1.250395 0.653128 4.249809 0.000000
1.319109 0.701844 4.325182 0.000000
1.395944 0.753773 4.409184 0.000000
1.482917 0.809238 4.503870 0.000000
1.265705 0.701313 4.271585 0.000000
1.337007 0.748922 4.349391 0.000000
1.437886 0.723364 4.447321 0.000000
1.506926 0.853324 4.533771 0.000000
1.281907 0.750581 4.294388 0.000000
1.355690 0.796648 4.374459 0.000000
1.438316 0.845835 4.463863 0.000000
1.531804 0.897860 4.564581 0.000000
1.299163 0.801406 4.318440 0.000000
1.375498 0.845827 4.400829 0.000000
1.460962 0.893099 4.492802 0.000000
1.557933 0.943672 4.596792 0.000000
1.256209 0.522985 4.238235 0.000000
1.175244 0.383955 4.138485 0.000000
1.229378 0.438555 4.200040 0.000000
1.289847 0.496739 4.268497 0.000000
1.358175 0.559296 4.345485 0.000000
1.185914 0.426443 4.154859 0.000000
1.242483 0.480577 4.218800 0.000000
1.305538 0.537817 4.289727 0.000000
1.376924 0.599522 4.369668 0.000000
1.197322 0.470048 4.172126 0.000000
1.317450 0.853438 4.343669 0.000000
1.321991 0.579570 4.311809 0.000000
1.396348 0.640031 4.394559 0.000000
1.209358 0.514117 4.190088 0.000000
1.270748 0.566527 4.258634 0.000000
1.339241 0.622035 4.334780 0.000000
1.416749 0.681529 4.420555 0.000000
1.222203 0.559406 4.209023 0.000000
1.285963 0.610525 4.279768 0.000000
1.357324 0.665249 4.358678 0.000000
1.675306 1.351873 4.822690 0.000000
1.504009 1.202414 4.632023 0.000000
1.609242 1.236461 4.741819 0.000000
1.728649 1.272198 4.866076 0.000000
1.576544 0.915671 4.176216 0.000000
1.533330 1.262725 4.669143 0.000000
1.641459 1.293405 4.781362 0.000000
1.764322 1.325733 4.908596 0.000000
1.620237 0.918547 4.145057 0.000000
1.564032 1.324284 4.707763 0.000000
1.532131 0.912690 4.208817 0.000000
1.801331 1.380157 4.952527 0.000000
1.662976 0.921302 4.115597 0.000000
1.596406 1.387700 4.748249 0.000000
1.710576 1.411510 4.865547 0.000000
1.840060 1.435948 4.998309 0.000000
1.705154 0.923966 4.087543 0.000000
1.630855 1.453567 4.791075 0.000000
1.747944 1.473344 4.910736 0.000000
1.880583 1.493238 5.046030 0.000000
1.521385 1.074114 4.632870 0.000000
1.396367 0.896124 4.428392 0.000000
1.484674 0.941405 4.522925 0.000000
1.571844 1.021746 4.676751 0.000000
1.341453 0.899165 4.359689 0.000000
1.444028 0.899975 4.390598 0.000000
1.494788 1.022548 4.599514 0.000000
1.600509 1.069587 4.711686 0.000000
1.391011 0.902794 4.318875 0.000000
1.490558 0.903293 4.354254 0.000000
1.089183 -0.963851 3.890600 0.000000
1.630639 1.118889 4.748251 0.000000
1.439115 0.906241 4.280282 0.000000
1.450177 1.087580 4.563238 0.000000
1.549286 1.126895 4.667661 0.000000
1.661887 1.168841 4.785988 0.000000
1.486247 0.909543 4.243562 0.000000
1.476396 1.144222 4.596849 0.000000
1.578537 1.180998 4.703941 0.000000
1.694541 1.219909 4.825243 0.000000
2.212146 -2.288540 3.716736 0.000000
2.352309 -2.258388 3.456144 0.000000
2.259021 -2.200487 3.737981 0.000000
2.282370 -2.283200 3.685814 0.000000
2.299951 -2.271351 3.570883 0.000000
2.314731 -2.260802 3.468641 0.000000
2.227494 -2.222965 3.769803 0.000000
2.247348 -2.285817 3.700856 0.000000
2.263628 -2.273921 3.585026 0.000000
2.277069 -2.263331 3.481998 0.000000
2.194712 -2.246277 3.803392 0.000000
2.336448 -2.268877 3.557535 0.000000
2.227142 -2.276597 3.599985 0.000000
2.239278 -2.265979 3.496242 0.000000
2.160876 -2.269689 3.838052 0.000000
2.176724 -2.291371 3.733482 0.000000
2.190165 -2.279406 3.615903 0.000000
2.201183 -2.279412 3.518361 0.000000
2.126285 -2.292761 3.873478 0.000000
2.140744 -2.294332 3.751207 0.000000
2.153228 -2.282313 3.632636 0.000000
2.353772 -2.193313 3.695937 0.000000
2.540187 -2.247918 3.405539 0.000000
2.416739 -2.188922 3.671034 0.000000
2.443804 -2.176455 3.553189 0.000000
2.480138 -2.252927 3.507297 0.000000
2.502369 -2.249812 3.414155 0.000000
2.385408 -2.191067 3.683108 0.000000
2.413000 -2.197356 3.577682 0.000000
2.445064 -2.262091 3.522232 0.000000
2.464965 -2.251790 3.423434 0.000000
2.161537 -2.318556 3.558563 0.000000
2.382466 -2.226440 3.608863 0.000000
2.408676 -2.264262 3.533266 0.000000
2.427381 -2.253885 3.433560 0.000000
2.322305 -2.195618 3.709261 0.000000
2.350573 -2.255879 3.641419 0.000000
2.372577 -2.266518 3.545004 0.000000
2.389841 -2.256082 3.444443 0.000000
2.290735 -2.198010 3.723286 0.000000
2.317518 -2.280661 3.671436 0.000000
1.840257 -2.322263 3.927856 0.000000
1.912059 -2.328053 4.016654 0.000000
1.918544 -2.314477 3.877071 0.000000
1.834681 -2.822685 4.161486 0.000000
1.797580 -3.046904 4.193023 0.000000
1.875045 -2.331793 4.041728 0.000000
1.879729 -2.318298 3.901860 0.000000
1.776083 -2.862841 4.220790 0.000000
1.729416 -3.099455 4.261635 0.000000
1.837087 -2.335697 4.068138 0.000000
1.863126 -2.994450 4.127048 0.000000
1.714543 -2.903509 4.283068 0.000000
1.657417 -3.153050 4.334106 0.000000
1.798451 -2.339745 4.095805 0.000000
1.800079 -2.326384 3.955176 0.000000
1.650959 -2.943829 4.347419 0.000000
1.563270 -3.285154 4.469527 0.000000
1.759388 -2.343899 4.124430 0.000000
1.759119 -2.330663 3.983837 0.000000
1.561681 -3.071077 4.487145 0.000000
2.031637 -2.303840 3.809536 0.000000
2.090938 -2.311043 3.905828 0.000000
2.104738 -2.297382 3.769687 0.000000
2.115716 -2.285364 3.650453 0.000000
2.095690 -2.792091 3.892902 0.000000
2.056055 -2.314217 3.926103 0.000000
2.068387 -2.300552 3.789134 0.000000
2.078145 -2.288517 3.669096 0.000000
2.041781 -2.841441 3.947191 0.000000
2.020757 -2.317496 3.947225 0.000000
2.510562 -2.218195 3.476355 0.000000
2.039887 -2.291819 3.688868 0.000000
1.984850 -2.891952 4.004510 0.000000
1.985026 -2.320894 3.969347 0.000000
1.994451 -2.307256 3.830987 0.000000
1.998573 -2.318599 3.727329 0.000000
1.925636 -2.942697 4.064123 0.000000
1.948816 -2.324414 3.992512 0.000000
1.956771 -2.310800 3.853483 0.000000
1.954585 -2.351378 3.772083 0.000000
2.839481 -2.167303 3.565470 0.000000
3.052171 -2.145363 3.383759 0.000000
3.099562 -2.137479 3.309602 0.000000
2.909508 -2.164937 3.557522 0.000000
2.962840 -2.154961 3.465678 0.000000
3.011627 -2.146070 3.382964 0.000000
3.057032 -2.138033 3.307346 0.000000
2.874268 -2.166090 3.561228 0.000000
2.925499 -2.155907 3.467305 0.000000
2.972148 -2.146837 3.382840 0.000000
3.015090 -2.138663 3.305844 0.000000
3.001116 -2.154076 3.464704 0.000000
2.888438 -2.156921 3.469527 0.000000
2.933074 -2.147680 3.383405 0.000000
2.973973 -2.139359 3.305011 0.000000
2.805119 -2.168580 3.570297 0.000000
2.852194 -2.157992 3.472332 0.000000
2.894657 -2.148595 3.384658 0.000000
2.933641 -2.140134 3.304956 0.000000
2.771132 -2.169918 3.575659 0.000000
2.816439 -2.159132 3.475761 0.000000
3.233603 -2.136217 3.321038 0.000000
3.267673 -2.142805 3.398577 0.000000
3.328665 -2.135699 3.332749 0.000000
3.095426 -2.160041 3.547837 0.000000
3.161352 -2.151164 3.467356 0.000000
3.222645 -2.143192 3.394123 0.000000
3.280839 -2.135925 3.326505 0.000000
3.056887 -2.160908 3.548598 0.000000
3.119984 -2.151803 3.465695 0.000000
3.178717 -2.143638 3.390426 0.000000
2.856823 -2.149574 3.386501 0.000000
3.019042 -2.161828 3.549935 0.000000
3.079476 -2.152501 3.464692 0.000000
3.135493 -2.144152 3.387485 0.000000
3.187933 -2.136570 3.316433 0.000000
2.981851 -2.162808 3.551889 0.000000
3.039775 -2.153261 3.464378 0.000000
3.093550 -2.144724 3.385284 0.000000
3.143385 -2.136988 3.312622 0.000000
2.945254 -2.163845 3.554404 0.000000
2.511256 -2.182914 3.638262 0.000000
2.703709 -2.146385 3.318786 0.000000
2.575016 -2.179254 3.619237 0.000000
2.609452 -2.167455 3.508884 0.000000
2.639977 -2.157029 3.411201 0.000000
2.666924 -2.147714 3.323450 0.000000
2.542954 -2.181055 3.628497 0.000000
2.576217 -2.169092 3.516502 0.000000
2.605009 -2.158547 3.417546 0.000000
2.637727 -2.177496 3.345593 0.000000
2.675228 -2.155595 3.405519 0.000000
2.542873 -2.170812 3.524716 0.000000
2.570284 -2.160150 3.424559 0.000000
2.609465 -2.216844 3.374249 0.000000
2.479628 -2.184844 3.648595 0.000000
2.509680 -2.172618 3.533626 0.000000
2.539778 -2.183919 3.446624 0.000000
2.577913 -2.246135 3.397735 0.000000
2.448311 -2.186838 3.659482 0.000000
2.476574 -2.174501 3.543106 0.000000
2.671887 -2.174289 3.594958 0.000000
2.894006 -2.140977 3.305539 0.000000
2.737757 -2.171309 3.581530 0.000000
2.781119 -2.160338 3.479767 0.000000
2.819836 -2.150625 3.389042 0.000000
2.854739 -2.141904 3.306844 0.000000
2.704691 -2.172767 3.587978 0.000000
2.745925 -2.161625 3.484417 0.000000
2.783044 -2.151750 3.392172 0.000000
2.816355 -2.142900 3.308801 0.000000
1.502884 -3.261570 4.489679 0.000000
2.711374 -2.162976 3.489667 0.000000
2.746718 -2.152956 3.396005 0.000000
2.778236 -2.143984 3.311472 0.000000
2.639322 -2.175881 3.602524 0.000000
2.677126 -2.164393 3.495446 0.000000
2.710785 -2.154233 3.400412 0.000000
2.740610 -2.145147 3.314798 0.000000
2.606954 -2.177540 3.610632 0.000000
2.643175 -2.165890 3.501897 0.000000
1.091691 -1.368281 3.856065 0.000000
1.184879 -1.477181 3.939712 0.000000
1.144690 -1.464291 3.900670 0.000000
1.105706 -1.450203 3.863011 0.000000
1.216137 -1.454483 3.972932 0.000000
1.175673 -1.440565 3.933635 0.000000
1.136451 -1.425411 3.895764 0.000000
1.098414 -1.408790 3.859278 0.000000
1.206407 -1.420837 3.966083 0.000000
1.166908 -1.404393 3.927983 0.000000
1.128744 -1.387034 3.891371 0.000000
1.226361 -1.488772 3.980237 0.000000
1.197076 -1.387526 3.959625 0.000000
1.158594 -1.368633 3.922768 0.000000
1.121417 -1.348871 3.887367 0.000000
1.085439 -1.328038 3.853330 0.000000
1.188110 -1.354539 3.953522 0.000000
1.150754 -1.333547 3.917993 0.000000
1.114633 -1.311450 3.883869 0.000000
1.079716 -1.288620 3.851085 0.000000
1.179482 -1.321567 3.947779 0.000000
1.172561 -1.584679 3.918356 0.000000
1.238236 -1.667490 3.977082 0.000000
1.193992 -1.668252 3.932810 0.000000
1.150889 -1.667313 3.889907 0.000000
1.271248 -1.628484 4.013392 0.000000
1.226506 -1.628265 3.968617 0.000000
1.183029 -1.626274 3.925344 0.000000
1.140597 -1.622306 3.883365 0.000000
1.259306 -1.592845 4.004423 0.000000
1.215330 -1.589617 3.960670 0.000000
1.143297 -1.298536 3.913620 0.000000
1.130967 -1.578099 3.877436 0.000000
1.247951 -1.557932 3.995991 0.000000
1.204747 -1.551827 3.953260 0.000000
1.162740 -1.544051 3.911952 0.000000
1.122003 -1.534975 3.872102 0.000000
1.236935 -1.523153 3.987902 0.000000
1.194564 -1.514260 3.946249 0.000000
1.153481 -1.504032 3.906077 0.000000
1.113571 -1.492249 3.867289 0.000000
1.050313 -0.988426 3.849458 0.000000
1.082840 -1.094857 3.871749 0.000000
1.055051 -1.060942 3.847249 0.000000
1.135192 -1.129080 3.920846 0.000000
1.106568 -1.095022 3.895411 0.000000
1.078956 -1.059945 3.871158 0.000000
1.052483 -1.024666 3.848135 0.000000
1.128999 -1.097726 3.917575 0.000000
1.101721 -1.062001 3.893678 0.000000
1.075446 -1.025300 3.870951 0.000000
1.111748 -1.128271 3.897489 0.000000
1.123118 -1.066539 3.914630 0.000000
1.097166 -1.028930 3.892276 0.000000
1.072356 -0.991158 3.871154 0.000000
1.048523 -0.952471 3.851176 0.000000
1.117507 -1.035245 3.911995 0.000000
1.093017 -0.996304 3.891271 0.000000
1.069567 -0.956984 3.871701 0.000000
1.047134 -0.916776 3.853313 0.000000
1.112225 -1.004086 3.909709 0.000000
1.065367 -1.172935 3.847148 0.000000
1.108288 -1.274464 3.880802 0.000000
1.074443 -1.249412 3.849305 0.000000
1.171226 -1.288880 3.942407 0.000000
1.136204 -1.263882 3.909606 0.000000
1.102371 -1.237885 3.878156 0.000000
1.069690 -1.210952 3.848013 0.000000
1.163388 -1.256727 3.937429 0.000000
1.129536 -1.229542 3.906018 0.000000
1.096893 -1.201682 3.875949 0.000000
1.283654 -1.664603 4.022798 0.000000
1.155844 -1.224550 3.932772 0.000000
1.123236 -1.195510 3.902799 0.000000
1.091775 -1.165567 3.874127 0.000000
1.061510 -1.135320 3.846750 0.000000
1.148643 -1.192605 3.928463 0.000000
1.117318 -1.161757 3.899966 0.000000
1.087102 -1.130059 3.872729 0.000000
1.058047 -1.097818 3.846775 0.000000
1.141776 -1.160875 3.924496 0.000000
0.944513 -3.298113 5.063030 0.000000
1.399188 -2.644255 4.617132 0.000000
1.273353 -2.911855 4.738036 0.000000
1.123490 -3.223087 4.881567 0.000000
0.943223 -3.591467 5.053644 0.000000
1.340863 -2.663372 4.676783 0.000000
1.201710 -2.938792 4.810987 0.000000
1.035374 -3.261153 4.970890 0.000000
0.834231 -3.645680 5.163611 0.000000
1.280181 -2.682093 4.738851 0.000000
1.127652 -2.964863 4.886421 0.000000
1.047511 -3.536653 4.948472 0.000000
0.720410 -3.699060 5.278511 0.000000
1.476701 -2.142700 4.176454 0.000000
1.051034 -2.990116 4.964483 0.000000
0.849490 -3.334283 5.159433 0.000000
0.601495 -3.751604 5.398613 0.000000
1.456933 -2.098896 4.160312 0.000000
1.409920 -2.146828 4.109236 0.000000
0.751630 -3.369019 5.258759 0.000000
0.477521 -3.802787 5.523904 0.000000
1.616452 -2.389780 4.121265 0.000000
1.719204 -2.348244 4.154674 0.000000
1.715373 -2.342022 4.020220 0.000000
1.514687 -3.025131 4.485348 0.000000
1.420035 -3.316339 4.573105 0.000000
1.678493 -2.352712 4.186055 0.000000
1.667017 -2.365868 4.069620 0.000000
1.442857 -3.065279 4.558065 0.000000
1.333200 -3.371441 4.660561 0.000000
1.545157 -2.643029 4.508594 0.000000
1.437930 -2.055974 4.144853 0.000000
1.367538 -3.105453 4.634329 0.000000
1.242286 -3.426589 4.752151 0.000000
1.510572 -2.604483 4.503234 0.000000
1.408918 -2.856321 4.600038 0.000000
1.289193 -3.145197 4.713677 0.000000
1.147140 -3.481643 4.848036 0.000000
1.455782 -2.624527 4.559260 0.000000
1.342003 -2.884544 4.668146 0.000000
1.208220 -3.184388 4.795703 0.000000
1.230901 -1.799384 3.958870 0.000000
1.305615 -1.872833 4.027514 0.000000
1.258942 -1.890955 3.979374 0.000000
1.213033 -1.906248 3.932330 0.000000
1.338255 -1.813683 4.065098 0.000000
1.290945 -1.830527 4.016323 0.000000
1.244502 -1.844537 3.968753 0.000000
1.199078 -1.856416 3.922474 0.000000
1.323727 -1.775420 4.053718 0.000000
1.276803 -1.788651 4.005630 0.000000
1.353228 -1.852241 4.076902 0.000000
1.185919 -1.807667 3.913328 0.000000
1.309879 -1.738048 4.042949 0.000000
1.263334 -1.747475 3.995557 0.000000
1.217908 -1.754751 3.949560 0.000000
1.173519 -1.759941 3.904865 0.000000
1.296465 -1.700906 4.032602 0.000000
1.250540 -1.707323 3.986083 0.000000
1.205682 -1.711274 3.940930 0.000000
1.161845 -1.713179 3.897058 0.000000
1.306975 -2.035892 4.015481 0.000000
1.390455 -2.098651 4.093759 0.000000
1.343354 -2.138031 4.043426 0.000000
0.348234 -3.852570 5.654646 0.000000
1.419533 -2.013515 4.129955 0.000000
1.371854 -2.051539 4.079047 0.000000
1.324615 -2.086169 4.028974 0.000000
1.277958 -2.118083 3.979811 0.000000
1.402013 -1.972189 4.115834 0.000000
1.354100 -2.005413 4.065094 0.000000
0.938436 0.259674 3.885869 0.000000
1.260327 -2.063241 3.966707 0.000000
1.385158 -1.931618 4.102313 0.000000
1.337289 -1.960576 4.051972 0.000000
1.290077 -1.986396 4.002659 0.000000
1.243544 -2.009397 3.954358 0.000000
1.368938 -1.891763 4.089366 0.000000
1.321083 -1.916284 4.039409 0.000000
1.274048 -1.937981 3.990613 0.000000
1.227849 -1.957213 3.942956 0.000000
2.317379 0.979729 3.378134 0.000000
2.115721 1.248827 3.482445 0.000000
2.186977 1.046443 3.396383 0.000000
2.249357 0.976668 3.390555 0.000000
2.085613 1.413587 3.523139 0.000000
2.160589 1.186988 3.432413 0.000000
2.223579 0.996758 3.355329 0.000000
2.283379 0.978194 3.384150 0.000000
2.136773 1.339858 3.466150 0.000000
2.202279 1.128334 3.385752 0.000000
2.258551 0.979842 3.336082 0.000000
2.030068 1.492071 3.584794 0.000000
2.184055 1.270419 3.413290 0.000000
2.241094 1.072716 3.342148 0.000000
2.293555 0.981451 3.329054 0.000000
2.351380 0.981271 3.372576 0.000000
2.227837 1.204626 3.364143 0.000000
2.277284 1.019676 3.301324 0.000000
2.328590 0.983072 3.322446 0.000000
2.385427 0.982826 3.367393 0.000000
2.268425 1.142430 3.318402 0.000000
2.060651 1.211553 3.537058 0.000000
1.830699 1.618706 3.796938 0.000000
1.959598 1.337780 3.648678 0.000000
2.064314 1.109240 3.527131 0.000000
1.753378 1.863866 3.889321 0.000000
1.897243 1.535255 3.723931 0.000000
2.012056 1.272799 3.590821 0.000000
2.106075 1.057515 3.480759 0.000000
1.832031 1.760909 3.803120 0.000000
1.958623 1.456907 3.656391 0.000000
2.312017 0.985124 3.272407 0.000000
2.145009 1.008490 3.437386 0.000000
1.903932 1.665058 3.724088 0.000000
2.015150 1.383346 3.593996 0.000000
2.105800 1.153645 3.486948 0.000000
2.181108 0.973633 3.404717 0.000000
1.969733 1.575586 3.651532 0.000000
2.067384 1.314110 3.536153 0.000000
2.147822 1.098634 3.440144 0.000000
2.215292 0.975148 3.397429 0.000000
2.566349 1.000417 3.179359 0.000000
3.152878 3.911751 5.034519 0.000000
3.300796 3.906798 5.185544 0.000000
2.489078 0.996557 3.189393 0.000000
2.531636 0.995698 3.237460 0.000000
3.258139 3.916288 5.023649 0.000000
3.403183 3.911031 5.177953 0.000000
2.527516 0.998471 3.184152 0.000000
2.569168 0.997544 3.233197 0.000000
3.364369 3.920818 5.013863 0.000000
3.506617 3.915249 5.171551 0.000000
2.494416 0.993877 3.242184 0.000000
3.343790 3.931039 4.853560 0.000000
3.471626 3.925335 5.005274 0.000000
3.611079 3.919462 5.166138 0.000000
2.605608 1.002395 3.175050 0.000000
3.455029 3.935837 4.843214 0.000000
3.580095 3.929851 4.997776 0.000000
3.716596 3.923671 5.161726 0.000000
3.455220 3.946723 4.685146 0.000000
3.567622 3.940630 4.834155 0.000000
2.997928 3.893996 5.214557 0.000000
2.363673 0.984707 3.316291 0.000000
2.419564 0.984393 3.362614 0.000000
2.306125 1.083422 3.275734 0.000000
2.348178 0.986834 3.265463 0.000000
2.398872 0.986356 3.310576 0.000000
2.453790 0.985974 3.358204 0.000000
2.341201 1.027254 3.235858 0.000000
2.384457 0.988562 3.258995 0.000000
2.434217 0.988024 3.305261 0.000000
1.666271 1.975875 3.984524 0.000000
2.375626 0.990987 3.207888 0.000000
2.420882 0.990312 3.252929 0.000000
2.469727 0.989708 3.300382 0.000000
3.098218 3.898285 5.203795 0.000000
2.413183 0.992816 3.201257 0.000000
2.457518 0.992081 3.247363 0.000000
2.505470 0.991413 3.295931 0.000000
3.199140 3.902551 5.194125 0.000000
2.450981 0.994673 3.195082 0.000000
0.582774 2.825230 5.135801 0.000000
-0.836023 3.974698 6.262853 0.000000
-0.672341 4.175725 6.412929 0.000000
0.117539 3.284887 5.632578 0.000000
0.739131 2.513111 4.961372 0.000000
-0.775239 4.138391 6.306973 0.000000
-0.621178 4.366155 6.485815 0.000000
0.366833 3.040027 5.366557 0.000000
0.904431 2.351408 4.784455 0.000000
-0.728276 4.334463 6.376375 0.000000
-0.130296 3.764960 5.907297 0.000000
0.551476 2.694220 5.161891 0.000000
1.050910 2.206238 4.627419 0.000000
-0.677631 4.540154 6.450485 0.000000
0.162991 3.463559 5.594049 0.000000
0.771306 2.635382 4.934035 0.000000
1.113227 2.247014 4.626024 0.000000
-0.623810 4.753122 6.528522 0.000000
0.414081 3.202384 5.325514 0.000000
0.937373 2.465845 4.756021 0.000000
1.297932 1.956277 4.361869 0.000000
-2.594294 6.112891 8.480831 0.000000
-2.900657 5.254514 8.080430 0.000000
-2.718730 5.597369 8.299103 0.000000
-2.516579 5.973153 8.541496 0.000000
-0.555947 3.729536 6.340847 0.000000
-2.850231 5.504373 8.158796 0.000000
-2.658367 5.850984 8.387676 0.000000
-2.445214 6.231338 8.641414 0.000000
-0.209032 3.409960 5.972123 0.000000
-2.795981 5.764168 8.242048 0.000000
-0.565769 4.977399 6.611977 0.000000
-0.718740 3.964667 6.454106 0.000000
0.084200 3.136775 5.660083 0.000000
-2.738530 6.030650 8.329196 0.000000
-0.868305 3.963433 6.411612 0.000000
-0.617721 4.060568 6.453305 0.000000
0.334868 2.900650 5.393001 0.000000
-1.000258 3.963895 6.352257 0.000000
-0.720768 3.990983 6.343367 0.000000
-0.173206 3.567033 5.942427 0.000000
1.774912 1.558263 3.851137 0.000000
1.387913 2.144279 4.278649 0.000000
1.622743 1.732470 4.016845 0.000000
1.802093 1.416611 3.815499 0.000000
1.215483 2.530287 4.474011 0.000000
1.494647 2.021441 4.163045 0.000000
1.701895 1.642580 3.930756 0.000000
1.862848 1.347599 3.749041 0.000000
1.346662 2.372555 4.332015 0.000000
1.590463 1.909261 4.059022 0.000000
1.065949 2.708607 4.636234 0.000000
1.919447 1.282195 3.686955 0.000000
1.464740 2.228272 4.203921 0.000000
1.678059 1.805029 3.963694 0.000000
1.841422 1.480185 3.778422 0.000000
1.971289 1.221301 3.629925 0.000000
1.570719 2.096612 4.088682 0.000000
1.757809 1.708530 3.876683 0.000000
1.903166 1.406346 3.710724 0.000000
2.019509 1.163699 3.576720 0.000000
1.333725 2.049989 4.329678 0.000000
0.632794 2.971996 5.091268 0.000000
1.081578 2.321054 4.603880 0.000000
1.403640 1.846952 4.247889 0.000000
0.233895 3.654936 5.530068 0.000000
0.822343 2.769461 4.887930 0.000000
1.215938 2.175521 4.456638 0.000000
1.498649 1.747185 4.145225 0.000000
0.488149 3.370650 5.257310 0.000000
0.989050 2.588879 4.708799 0.000000
3.689844 3.934361 4.991488 0.000000
1.585059 1.655081 4.051644 0.000000
0.707399 3.122191 5.021742 0.000000
1.091198 2.552990 4.642118 0.000000
1.439153 1.935839 4.215800 0.000000
1.663940 1.569704 3.966018 0.000000
0.898198 2.902928 4.816401 0.000000
1.269255 2.278725 4.406891 0.000000
1.535357 1.830042 4.111657 0.000000
1.736192 1.490269 3.887396 0.000000
3.126236 0.159920 2.845769 0.000000
3.036892 0.143471 2.759444 0.000000
3.097740 0.196737 2.821897 0.000000
3.169416 0.258409 2.895896 0.000000
3.254911 0.330721 2.984634 0.000000
3.021402 0.099924 2.741103 0.000000
3.079088 0.149667 2.800023 0.000000
3.146738 0.206983 2.869546 0.000000
3.227105 0.273930 2.952612 0.000000
3.007390 0.059812 2.724537 0.000000
3.062183 0.106396 2.780232 0.000000
3.285777 0.393246 3.020256 0.000000
3.201961 0.222111 2.923714 0.000000
2.994677 0.022671 2.709516 0.000000
3.046850 0.066457 2.762303 0.000000
3.107565 0.116552 2.824156 0.000000
3.179083 0.174562 2.897477 0.000000
2.983150 -0.011845 2.695893 0.000000
3.032876 0.029415 2.745979 0.000000
3.090563 0.076470 2.804500 0.000000
3.158267 0.130755 2.873638 0.000000
3.167213 0.367515 2.903753 0.000000
3.145345 0.434908 2.888883 0.000000
3.228792 0.515348 2.976808 0.000000
3.329229 0.610428 3.083032 0.000000
3.452297 0.724890 3.213627 0.000000
3.118375 0.363904 2.856520 0.000000
3.196115 0.437191 2.937985 0.000000
3.289172 0.523364 3.035912 0.000000
3.402573 0.626580 3.155698 0.000000
3.094455 0.300308 2.827915 0.000000
2.972639 -0.044058 2.683465 0.000000
3.253905 0.446159 2.994532 0.000000
3.358849 0.539755 3.104888 0.000000
3.073125 0.242956 2.802485 0.000000
3.141453 0.304857 2.873331 0.000000
3.222558 0.377068 2.957853 0.000000
3.320243 0.462552 3.060122 0.000000
3.054051 0.190941 2.779802 0.000000
3.118450 0.248264 2.846233 0.000000
3.194561 0.314809 2.925173 0.000000
2.996502 -0.163974 2.695705 0.000000
2.970965 -0.148109 2.673437 0.000000
3.014498 -0.114004 2.716636 0.000000
3.064508 -0.075517 2.766647 0.000000
2.926813 -0.201515 2.628556 0.000000
2.963467 -0.172242 2.664537 0.000000
3.005111 -0.139641 2.705741 0.000000
3.052802 -0.103007 2.753292 0.000000
2.921456 -0.223353 2.621923 0.000000
2.956634 -0.195204 2.656366 0.000000
2.932735 -0.178666 2.635796 0.000000
3.041954 -0.129053 2.740901 0.000000
2.916642 -0.244240 2.615869 0.000000
2.950390 -0.217140 2.648834 0.000000
2.988517 -0.187184 2.686364 0.000000
3.031902 -0.153779 2.729396 0.000000
2.912333 -0.264301 2.610339 0.000000
2.944725 -0.238128 2.641920 0.000000
2.981203 -0.209333 2.677750 0.000000
3.022569 -0.177350 2.718686 0.000000
3.047701 -0.027866 2.755024 0.000000
3.020125 -0.005051 2.731089 0.000000
3.075002 0.039250 2.786533 0.000000
3.139181 0.090172 2.851820 0.000000
2.963085 -0.074246 2.672143 0.000000
3.008451 -0.037290 2.717455 0.000000
3.060800 0.004597 2.770136 0.000000
3.121687 0.052484 2.831846 0.000000
2.954395 -0.102588 2.661815 0.000000
2.997830 -0.067474 2.705025 0.000000
3.509340 0.837230 3.280246 0.000000
3.105613 0.017355 2.813511 0.000000
2.946474 -0.129348 2.652359 0.000000
2.988066 -0.095898 2.693583 0.000000
3.035719 -0.058279 2.741186 0.000000
3.090789 -0.015556 2.796611 0.000000
2.939279 -0.154637 2.643717 0.000000
2.979141 -0.122723 2.683089 0.000000
3.024665 -0.086943 2.728411 0.000000
3.077115 -0.046439 2.781026 0.000000
3.848687 2.636898 4.085557 0.000000
3.893177 2.934499 4.530097 0.000000
3.834248 3.169369 4.237430 0.000000
3.808966 2.937064 4.250017 0.000000
3.786680 2.717921 4.260076 0.000000
3.939257 2.849566 4.478117 0.000000
3.702040 2.657982 3.977466 0.000000
3.857179 2.838822 4.195126 0.000000
3.830599 2.631977 4.210175 0.000000
3.906605 2.622195 4.338727 0.000000
3.786438 2.642340 3.967252 0.000000
3.909583 3.177531 4.527171 0.000000
4.633880 3.970768 4.985218 0.000000
3.992579 2.625433 4.343065 0.000000
4.484748 3.801561 4.544978 0.000000
3.941940 2.640632 4.087744 0.000000
4.762575 3.975405 4.990309 0.000000
4.865618 3.966064 5.180727 0.000000
4.136765 2.933763 4.111209 0.000000
4.518078 3.486595 4.544410 0.000000
4.894455 3.980073 4.996900 0.000000
3.811231 3.961955 4.657965 0.000000
3.823499 3.927873 5.158527 0.000000
3.572181 3.951792 4.674768 0.000000
3.681803 3.945426 4.826385 0.000000
3.801178 3.938874 4.986409 0.000000
3.931779 3.932079 5.156346 0.000000
3.690700 3.956866 4.665678 0.000000
3.797597 3.950238 4.819724 0.000000
3.914042 3.943393 4.982462 0.000000
4.041562 3.936292 5.155196 0.000000
4.993350 3.970400 5.189445 0.000000
3.915209 3.955055 4.814391 0.000000
3.957780 3.771931 4.877681 0.000000
3.952422 3.475465 4.866896 0.000000
3.885903 3.841166 4.588016 0.000000
3.869595 3.550171 4.588797 0.000000
3.856046 3.277615 4.587503 0.000000
4.007655 3.377701 4.805010 0.000000
3.778591 3.284938 4.300745 0.000000
3.928904 3.435114 4.521855 0.000000
3.358315 0.820602 3.131673 0.000000
3.354083 0.971041 3.142299 0.000000
3.485389 1.116276 3.284760 0.000000
3.649059 1.294013 3.462598 0.000000
3.858054 1.516929 3.689952 0.000000
3.298556 0.829827 3.074470 0.000000
3.416346 0.955976 3.201472 0.000000
3.562013 1.109201 3.358843 0.000000
3.746166 1.299566 3.558122 0.000000
3.251440 0.709413 3.017123 0.000000
3.996575 1.785218 3.853462 0.000000
3.489344 0.954430 3.272448 0.000000
3.653420 1.119093 3.449092 0.000000
3.211007 0.605487 2.968091 0.000000
3.308739 0.704418 3.072232 0.000000
3.427763 0.822707 3.199422 0.000000
3.575654 0.967170 3.357859 0.000000
3.175953 0.514789 2.925738 0.000000
3.266008 0.603651 3.021153 0.000000
3.375010 0.709305 3.137028 0.000000
3.800209 1.842256 3.666854 0.000000
3.901211 2.345411 3.818192 0.000000
4.194493 2.746293 4.148228 0.000000
4.593813 3.282941 4.597329 0.000000
5.124104 3.974758 5.199603 0.000000
3.731021 1.919634 3.607007 0.000000
3.967816 2.227007 3.871232 0.000000
4.281332 2.626820 4.220985 0.000000
4.714052 3.169798 4.703569 0.000000
3.602420 1.597108 3.447851 0.000000
-2.367240 6.140250 8.707927 0.000000
4.056651 2.154449 3.950853 0.000000
4.401069 2.566577 4.332273 0.000000
3.501667 1.343798 3.323534 0.000000
3.671031 1.545122 3.509720 0.000000
3.887409 1.797786 3.747742 0.000000
4.171841 2.124122 4.060737 0.000000
3.420661 1.139528 3.223905 0.000000
3.568609 1.308830 3.385449 0.000000
3.755022 1.518389 3.589214 0.000000
-0.195894 -6.230188 5.766553 0.000000
-0.182554 -7.278332 5.676441 0.000000
-0.284244 -7.502879 5.553873 0.000000
-0.065407 -6.622718 5.856794 0.000000
-0.159843 -6.824889 5.743694 0.000000
-0.259881 -7.023776 5.625391 0.000000
-0.364086 -7.224053 5.502839 0.000000
-0.132424 -6.422482 5.810340 0.000000
-0.230016 -6.603401 5.696285 0.000000
-0.332319 -6.781503 5.577869 0.000000
-0.438404 -6.959538 5.455738 0.000000
-0.085857 -7.054886 5.793957 0.000000
-0.296042 -6.391322 5.651976 0.000000
-0.400057 -6.550181 5.533828 0.000000
-0.508184 -6.706306 5.411911 0.000000
-0.255935 -6.045080 5.725398 0.000000
-0.357756 -6.189451 5.610863 0.000000
-0.463687 -6.329182 5.492758 0.000000
-0.572753 -6.466692 5.371805 0.000000
-0.312917 -5.866807 5.686549 0.000000
-0.416496 -5.994086 5.571996 0.000000
-0.004813 -8.443125 5.735321 0.000000
0.297890 -8.779058 5.999984 0.000000
0.221297 -9.172795 5.884578 0.000000
0.334818 -7.766889 6.138227 0.000000
0.264833 -8.102193 6.035555 0.000000
0.187221 -8.443079 5.924715 0.000000
0.103632 -8.795959 5.806686 0.000000
0.244847 -7.516211 6.074465 0.000000
0.168025 -7.819253 5.968386 0.000000
0.084489 -8.126987 5.855151 0.000000
-0.523318 -6.117414 5.454665 0.000000
0.160267 -7.277356 6.014764 0.000000
0.077577 -7.550901 5.905937 0.000000
-0.010931 -7.828553 5.790916 0.000000
-0.104997 -8.111783 5.669809 0.000000
0.080642 -7.049355 5.958801 0.000000
-0.006417 -7.297758 5.848251 0.000000
-0.099721 -7.546118 5.731518 0.000000
-0.197669 -7.799630 5.609660 0.000000
0.005510 -6.831441 5.906203 0.000000
-2.390561 -7.053119 7.257345 0.000000
1.560451 -1.536469 2.974115 0.000000
-0.609364 -4.931434 5.506340 0.000000
-0.706494 -4.964269 5.385729 0.000000
1.538842 -1.543070 3.027296 0.000000
1.521771 -1.540892 2.995709 0.000000
-0.754638 -4.944047 5.593729 0.000000
-0.832761 -4.935132 5.447713 0.000000
1.500684 -1.547469 3.049553 0.000000
1.481571 -1.545488 3.018557 0.000000
-0.772889 -5.175989 5.299973 0.000000
-2.558606 -7.098574 7.087253 0.000000
1.460754 -1.552067 3.073219 0.000000
1.439393 -1.550297 3.042876 0.000000
-2.449149 -6.839514 7.220995 0.000000
1.441862 -1.558612 3.129092 0.000000
1.418869 -1.556874 3.098364 0.000000
1.394718 -1.555378 3.069048 0.000000
-2.505081 -6.631296 7.186718 0.000000
1.400412 -1.563400 3.154959 0.000000
-0.466793 -5.369284 5.583000 0.000000
-0.633100 -6.237956 5.334722 0.000000
-0.366549 -5.696175 5.650223 0.000000
-0.471508 -5.807553 5.535897 0.000000
-0.579463 -5.914392 5.419101 0.000000
-0.689977 -6.017670 5.300171 0.000000
-0.417980 -5.530042 5.615596 0.000000
-0.523972 -5.626497 5.501738 0.000000
-0.632243 -5.719288 5.386035 0.000000
-0.742766 -5.808053 5.268552 0.000000
0.367710 -8.398974 6.107220 0.000000
-0.573189 -5.453140 5.469996 0.000000
-0.681969 -5.531575 5.355221 0.000000
1.632727 -1.528214 2.934773 0.000000
-0.513282 -5.213673 5.552170 0.000000
-0.620137 -5.284348 5.440018 0.000000
-0.728785 -5.350638 5.326580 0.000000
1.597212 -1.532267 2.953929 0.000000
-0.557527 -5.062807 5.523073 0.000000
-0.664652 -5.121139 5.411873 0.000000
2.472900 -3.980770 3.471245 0.000000
2.483689 -3.493975 3.475019 0.000000
2.540741 -3.593522 3.413736 0.000000
2.598001 -3.700145 3.352021 0.000000
2.372883 -3.489775 3.588624 0.000000
2.427820 -3.597221 3.529184 0.000000
2.482590 -3.712622 3.469667 0.000000
2.538100 -3.835798 3.409130 0.000000
2.315912 -3.583137 3.644224 0.000000
2.367923 -3.706148 3.587217 0.000000
2.419767 -3.839089 3.530049 0.000000
2.426820 -3.400012 3.535954 0.000000
2.255196 -3.680898 3.703451 0.000000
2.303601 -3.821130 3.649502 0.000000
2.352289 -3.972464 3.594867 0.000000
2.401757 -4.136160 3.538976 0.000000
2.190373 -3.783776 3.766649 0.000000
2.234407 -3.942751 3.716470 0.000000
2.278562 -4.115656 3.665652 0.000000
2.323328 -4.304521 3.613597 0.000000
2.121652 -3.891104 3.833619 0.000000
2.690732 -3.275170 3.269263 0.000000
2.714003 -3.045860 3.251290 0.000000
2.774537 -3.088528 3.188375 0.000000
2.834774 -3.132835 3.125767 0.000000
2.612079 -3.078867 3.354783 0.000000
2.673716 -3.127371 3.290486 0.000000
2.734236 -3.179234 3.227290 0.000000
2.794349 -3.234031 3.164469 0.000000
2.569581 -3.154555 3.396384 0.000000
2.630475 -3.213236 3.332522 0.000000
2.159814 -4.071880 3.788624 0.000000
2.750753 -3.340766 3.206173 0.000000
2.524536 -3.233274 3.440453 0.000000
2.584721 -3.302376 3.376972 0.000000
2.644417 -3.375398 3.313911 0.000000
2.704043 -3.452992 3.250811 0.000000
2.477141 -3.314780 3.486789 0.000000
2.535884 -3.395787 3.424384 0.000000
2.594287 -3.481930 3.362196 0.000000
2.653158 -3.572863 3.299395 0.000000
1.542820 -4.805676 4.002992 0.000000
1.700161 -4.964468 4.143079 0.000000
1.693699 -5.265193 4.107370 0.000000
0.885870 -9.244478 6.532946 0.000000
1.605312 -4.742696 4.231081 0.000000
1.628485 -4.758311 4.092175 0.000000
1.614541 -5.025724 4.052554 0.000000
0.760192 -8.914886 6.442394 0.000000
1.511514 -4.749077 4.267083 0.000000
1.535547 -4.735469 4.115485 0.000000
1.698035 -4.736496 4.196457 0.000000
0.643090 -8.604206 6.358276 0.000000
0.598876 -9.052185 6.269268 0.000000
1.437286 -4.742100 4.152219 0.000000
1.454428 -4.729337 4.007361 0.000000
0.533759 -8.310652 6.279989 0.000000
0.479074 -8.715693 6.185140 0.000000
0.417545 -9.136824 6.081784 0.000000
1.351474 -4.736258 4.045143 0.000000
0.430670 -8.030481 6.206416 0.000000
1.987598 -6.129899 4.311739 0.000000
2.198366 -4.269108 3.742595 0.000000
2.237854 -4.484918 3.694875 0.000000
2.047474 -4.005236 3.905874 0.000000
2.079248 -4.209102 3.866521 0.000000
2.110933 -4.433599 3.826446 0.000000
2.109522 -6.480408 4.396779 0.000000
1.967863 -4.126045 3.983382 0.000000
1.992008 -4.355528 3.950829 0.000000
2.016097 -4.609069 3.917360 0.000000
1.374852 -1.561914 3.125216 0.000000
1.883009 -4.252858 4.065967 0.000000
1.897340 -4.511963 4.042281 0.000000
1.865568 -5.430992 4.260828 0.000000
1.878396 -5.812310 4.235685 0.000000
1.790882 -4.388586 4.155597 0.000000
1.774835 -4.876339 4.225428 0.000000
1.778842 -5.187910 4.199040 0.000000
1.781454 -5.526885 4.168282 0.000000
1.692275 -4.531730 4.251502 0.000000
0.840500 0.317335 3.660992 0.000000
0.903922 0.319826 3.638814 0.000000
1.032207 0.043541 3.420049 0.000000
0.794757 0.245482 3.668666 0.000000
0.833667 0.316142 3.678175 0.000000
0.971602 0.323629 3.595356 0.000000
0.966525 0.117061 3.489444 0.000000
0.764414 0.312653 3.713476 0.000000
0.905248 0.320369 3.630352 0.000000
1.035383 0.327099 3.554849 0.000000
0.887790 0.203338 3.572654 0.000000
0.765643 0.305850 3.721658 0.000000
0.972046 0.324188 3.586237 0.000000
1.094782 0.330224 3.517603 0.000000
0.792091 0.306333 3.673834 0.000000
0.911283 0.321556 3.612688 0.000000
1.035039 0.327675 3.545080 0.000000
1.150289 0.333047 3.483258 0.000000
0.852882 0.319219 3.634197 0.000000
0.977356 0.325373 3.568060 0.000000
1.093725 0.330820 3.507154 0.000000
1.108151 -0.097993 3.326104 0.000000
0.963535 0.059398 3.490157 0.000000
0.945113 -0.108671 3.447882 0.000000
1.092564 -0.099301 3.342931 0.000000
1.033915 -0.008855 3.416230 0.000000
0.854392 0.157199 3.604636 0.000000
1.031185 -0.102922 3.383408 0.000000
1.104919 -0.069977 3.342054 0.000000
0.953296 0.068041 3.500868 0.000000
0.760098 0.255216 3.709455 0.000000
1.203082 0.335647 3.450962 0.000000
1.046301 -0.008535 3.403722 0.000000
0.855146 0.160229 3.603995 0.000000
0.767911 0.302031 3.723374 0.000000
1.135186 -0.075668 3.311278 0.000000
0.977817 0.061956 3.475807 0.000000
0.758859 0.259190 3.708769 0.000000
0.830775 0.315581 3.686331 0.000000
1.087614 -0.019767 3.361528 0.000000
0.895310 0.145422 3.562701 0.000000
-2.879190 4.882387 8.058862 0.000000
1.212559 0.339147 3.391244 0.000000
1.300032 0.342068 3.358416 0.000000
-2.818294 4.795069 8.108859 0.000000
-2.645761 5.189989 8.324335 0.000000
1.261160 0.341514 3.359835 0.000000
-2.926858 4.656662 7.985941 0.000000
-2.764259 5.018426 8.187789 0.000000
-2.581498 5.417603 8.413827 0.000000
1.307659 0.343696 3.330247 0.000000
-2.706719 4.968243 8.238762 0.000000
-2.707245 5.247936 8.270352 0.000000
-2.513842 5.651589 8.507380 0.000000
1.351887 0.345702 3.302450 0.000000
-2.829121 5.112697 8.134668 0.000000
-2.647281 5.481968 8.356330 0.000000
-2.442464 5.892277 8.605352 0.000000
-2.948011 5.012186 8.005940 0.000000
-2.775503 5.351380 8.214920 0.000000
-2.583534 5.724836 8.447030 0.000000
1.152529 0.334859 3.452320 0.000000
0.922471 0.323381 3.585963 0.000000
1.039691 0.328858 3.526408 0.000000
1.149000 0.333682 3.471901 0.000000
0.848657 0.704637 3.857247 0.000000
0.987956 0.327172 3.541040 0.000000
1.097789 0.331999 3.488025 0.000000
1.201192 0.336297 3.438995 0.000000
0.861474 0.759771 3.877369 0.000000
1.049301 0.330604 3.499442 0.000000
1.101185 -0.073911 3.345667 0.000000
1.250606 0.338691 3.408249 0.000000
0.874928 0.815767 3.898237 0.000000
1.106936 0.333722 3.460790 0.000000
1.204614 0.337491 3.418722 0.000000
0.849344 0.768722 3.866607 0.000000
-2.765034 4.750391 8.156234 0.000000
1.161248 0.336559 3.424821 0.000000
1.253563 0.339878 3.387585 0.000000
0.861649 0.825990 3.886505 0.000000
0.973410 -1.611450 3.436805 0.000000
1.291341 -1.387482 3.097062 0.000000
1.146636 -1.596971 3.370689 0.000000
1.100759 -1.597387 3.350296 0.000000
1.051752 -1.598136 3.331580 0.000000
1.335731 -1.307343 3.056045 0.000000
1.090595 -1.603259 3.409148 0.000000
1.039241 -1.604210 3.391886 0.000000
1.114260 -1.493716 3.271239 0.000000
1.373441 -1.238166 3.021341 0.000000
1.030440 -1.609959 3.450823 0.000000
1.113910 -1.591284 3.290797 0.000000
1.175463 -1.397475 3.213711 0.000000
1.405512 -1.177959 2.991966 0.000000
0.966192 -1.617064 3.495784 0.000000
0.902741 -1.619160 3.485545 0.000000
1.226678 -1.315599 3.165726 0.000000
1.433078 -1.124907 2.966843 0.000000
0.897338 -1.624612 3.544344 0.000000
0.952738 -1.528959 3.433289 0.000000
1.270161 -1.244856 3.125120 0.000000
1.296841 -1.579896 3.269536 0.000000
1.347957 -1.560675 3.096855 0.000000
0.945516 -2.110696 3.650984 0.000000
1.357211 -1.568371 3.182251 0.000000
1.328470 -1.567198 3.153850 0.000000
1.298541 -1.566244 3.126652 0.000000
0.932424 -2.057157 3.642355 0.000000
1.311375 -1.573619 3.211541 0.000000
1.279487 -1.572752 3.184509 0.000000
1.246178 -1.572109 3.158654 0.000000
1.416288 -1.106323 2.975513 0.000000
1.263391 -1.579087 3.242590 0.000000
1.227624 -1.578600 3.217402 0.000000
1.190118 -1.578344 3.193349 0.000000
1.249669 -1.585292 3.300973 0.000000
1.212245 -1.584882 3.276076 0.000000
1.172554 -1.584767 3.252740 0.000000
1.238148 -1.481932 3.146411 0.000000
1.199836 -1.590957 3.334495 0.000000
1.157998 -1.590990 3.312003 0.000000
0.983656 -0.105905 3.416431 0.000000
1.079426 -1.148097 3.244552 0.000000
1.049205 -1.217042 3.349567 0.000000
1.088678 -1.150241 3.274171 0.000000
1.099186 -1.153177 3.301908 0.000000
1.000498 -1.159936 3.339346 0.000000
1.018092 -1.161160 3.362834 0.000000
0.923096 -1.171517 3.434765 0.000000
0.814824 -1.183110 3.517178 0.000000
0.887939 -0.112153 3.483885 0.000000
1.166984 -1.141456 3.216602 0.000000
0.905672 -0.111434 3.478375 0.000000
1.068575 -0.100589 3.356947 0.000000
0.997864 -0.105341 3.411781 0.000000
1.125707 -0.088292 3.320342 0.000000
0.924298 -0.110298 3.466645 0.000000
1.079905 -0.100138 3.352875 0.000000
1.052108 -0.020695 3.397367 0.000000
0.848920 -0.115353 3.520358 0.000000
1.013543 -0.104353 3.400862 0.000000
1.142753 -1.263283 3.252913 0.000000
0.837846 -1.621298 3.584340 0.000000
1.026882 -1.426627 3.362752 0.000000
1.307400 -1.183018 3.090471 0.000000
1.361708 -1.112880 3.012474 0.000000
0.829531 -1.577065 3.579808 0.000000
1.089663 -1.338836 3.303166 0.000000
1.339114 -1.128914 3.061086 0.000000
1.301032 -1.120010 3.053919 0.000000
0.821620 -1.533505 3.575642 0.000000
2.908504 -0.283608 2.605304 0.000000
1.299005 -1.123226 3.087885 0.000000
1.233627 -1.127755 3.100322 0.000000
0.842690 -1.471231 3.547432 0.000000
1.188073 -1.197455 3.210139 0.000000
1.233572 -1.130806 3.134218 0.000000
0.923176 -1.373518 3.470174 0.000000
1.227230 -1.139363 3.173292 0.000000
1.161221 -1.139014 3.185834 0.000000
0.991477 -1.289363 3.404746 0.000000
1.058128 -1.703522 3.794778 0.000000
1.010489 -1.833305 3.737175 0.000000
0.969662 -1.831371 3.697023 0.000000
1.081006 -1.788108 3.810617 0.000000
1.039935 -1.786707 3.770037 0.000000
0.999212 -1.783246 3.730047 0.000000
0.959044 -1.778455 3.690790 0.000000
1.069363 -1.745632 3.802503 0.000000
1.028731 -1.740764 3.762651 0.000000
0.988636 -1.734579 3.723515 0.000000
0.949061 -1.726708 3.685107 0.000000
1.051628 -1.833169 3.777878 0.000000
1.018147 -1.696019 3.755797 0.000000
0.978665 -1.686856 3.717523 0.000000
0.939732 -1.676034 3.680004 0.000000
1.047377 -1.662091 3.787492 0.000000
1.008011 -1.651707 3.749370 0.000000
0.969247 -1.640034 3.712026 0.000000
0.931050 -1.626737 3.675452 0.000000
1.037090 -1.621304 3.780632 0.000000
0.998365 -1.608149 3.743387 0.000000
1.005821 -1.997390 3.719466 0.000000
1.076996 -2.099764 3.781658 0.000000
1.033996 -2.115654 3.737864 0.000000
1.147907 -2.014251 3.858816 0.000000
1.105020 -2.030103 3.814994 0.000000
1.062206 -2.043945 3.771485 0.000000
1.019465 -2.055731 3.728290 0.000000
1.133306 -1.967135 3.848108 0.000000
1.090623 -1.979152 3.804807 0.000000
1.048092 -1.989113 3.761901 0.000000
0.960384 -1.594046 3.707033 0.000000
1.119451 -1.921350 3.838035 0.000000
1.077044 -1.929708 3.795312 0.000000
1.034863 -1.935977 3.753061 0.000000
0.992964 -1.940562 3.711301 0.000000
1.106059 -1.876103 3.828382 0.000000
1.064027 -1.880931 3.786326 0.000000
1.022341 -1.884066 3.744828 0.000000
0.980903 -1.885120 3.703820 0.000000
1.093269 -1.831694 3.819268 0.000000
0.969312 -1.313208 3.739444 0.000000
0.890080 -1.347760 3.658383 0.000000
0.983995 -1.387547 3.747567 0.000000
0.950250 -1.360751 3.716525 0.000000
0.917237 -1.332869 3.686379 0.000000
0.884961 -1.303926 3.657132 0.000000
0.976452 -1.350027 3.743320 0.000000
0.943647 -1.321293 3.713405 0.000000
0.911596 -1.291501 3.684407 0.000000
0.880302 -1.260676 3.656327 0.000000
0.923283 -1.374776 3.688742 0.000000
0.937478 -1.282584 3.710685 0.000000
0.906348 -1.250634 3.682819 0.000000
0.876043 -1.217981 3.655911 0.000000
0.962456 -1.276456 3.735874 0.000000
0.931630 -1.243987 3.708308 0.000000
0.901505 -1.210230 3.681631 0.000000
0.872195 -1.175795 3.655904 0.000000
0.955930 -1.240050 3.732633 0.000000
0.926120 -1.205784 3.706269 0.000000
1.008743 -1.502130 3.762399 0.000000
0.922891 -1.578028 3.671395 0.000000
1.027225 -1.581132 3.774157 0.000000
0.989286 -1.565620 3.737902 0.000000
0.951934 -1.548531 3.702435 0.000000
0.915347 -1.530549 3.667873 0.000000
1.017740 -1.541198 3.768061 0.000000
0.980605 -1.523413 3.732809 0.000000
0.944093 -1.504081 3.698379 0.000000
0.908261 -1.483567 3.664796 0.000000
1.120012 -2.081855 3.825706 0.000000
0.972357 -1.481833 3.728119 0.000000
0.936696 -1.460342 3.694732 0.000000
0.901742 -1.437694 3.662218 0.000000
1.000119 -1.463578 3.757088 0.000000
0.964636 -1.441144 3.723903 0.000000
0.929772 -1.417251 3.691532 0.000000
0.895649 -1.392226 3.660065 0.000000
0.991840 -1.425181 3.752131 0.000000
0.957225 -1.400696 3.720004 0.000000
0.140997 -6.545129 6.068202 0.000000
1.151797 -4.146924 4.819246 0.000000
1.027896 -4.582435 4.930145 0.000000
0.312702 -7.014362 6.191380 0.000000
1.155801 -3.856153 4.825697 0.000000
1.031979 -4.254318 4.938164 0.000000
0.880874 -4.729137 5.075223 0.000000
0.223639 -6.773450 6.127283 0.000000
1.052209 -3.937265 4.929078 0.000000
0.904908 -4.365602 5.064288 0.000000
0.227491 -6.320528 6.175747 0.000000
1.254460 -3.777073 4.727239 0.000000
0.941376 -4.022236 5.039678 0.000000
0.767781 -4.482998 5.200401 0.000000
0.153385 -6.122829 6.121941 0.000000
0.063009 -6.325345 6.012801 0.000000
0.823742 -4.110317 5.157069 0.000000
0.620576 -4.606339 5.346526 0.000000
0.082999 -5.931470 6.071131 0.000000
-0.010105 -6.114937 5.961225 0.000000
0.699825 -4.200907 5.280738 0.000000
1.404542 -4.190629 4.558486 0.000000
1.608156 -3.885288 4.459259 0.000000
1.592027 -4.086888 4.424506 0.000000
1.573244 -4.295034 4.386376 0.000000
1.575979 -3.589417 4.454556 0.000000
1.557783 -3.770165 4.419925 0.000000
1.513635 -4.072021 4.450830 0.000000
1.457912 -4.427697 4.495270 0.000000
1.518564 -3.556045 4.463627 0.000000
1.466831 -3.852312 4.506549 0.000000
0.463590 -4.735039 5.502372 0.000000
1.329751 -4.581849 4.620951 0.000000
1.435059 -3.627590 4.546982 0.000000
1.368190 -3.946651 4.604465 0.000000
1.288131 -4.314550 4.673354 0.000000
0.509480 -7.531807 6.334183 0.000000
1.346873 -3.701447 4.635004 0.000000
1.263896 -4.044295 4.707983 0.000000
1.162878 -4.444965 4.796947 0.000000
0.407317 -7.265571 6.259851 0.000000
-2.035962 -7.148948 7.597288 0.000000
-0.275848 -4.946850 5.847449 0.000000
-0.363509 -5.014344 5.719131 0.000000
-0.241328 -4.832634 6.220311 0.000000
-1.641729 -7.138535 7.987280 0.000000
-0.420940 -4.960448 5.947702 0.000000
-0.468771 -4.946926 5.760653 0.000000
-1.551815 -6.803624 8.109663 0.000000
-1.712024 -6.926950 7.939129 0.000000
-1.873390 -7.042220 7.768339 0.000000
-0.236345 -4.961934 6.049098 0.000000
1.195535 -2.161106 3.894287 0.000000
-1.779562 -6.719228 7.893299 0.000000
-1.940826 -6.818576 7.724222 0.000000
-2.103359 -6.907329 7.555031 0.000000
1.178979 -2.111194 3.881870 0.000000
1.135908 -2.135273 3.837178 0.000000
1.092618 -2.157062 3.792532 0.000000
-2.167019 -6.672794 7.515739 0.000000
1.163045 -2.061982 3.870010 0.000000
-0.203041 -5.533935 5.827324 0.000000
0.017174 -5.748610 6.023944 0.000000
-0.078152 -5.914482 5.913618 0.000000
0.566777 -4.296082 5.413522 0.000000
0.049662 -5.419211 6.088103 0.000000
-0.044987 -5.572387 5.979686 0.000000
-0.142563 -5.720554 5.868910 0.000000
0.426270 -4.394177 5.553763 0.000000
-0.006943 -5.264826 6.047133 0.000000
-0.104112 -5.401019 5.937913 0.000000
0.897048 -1.170561 3.680803 0.000000
0.276500 -4.496227 5.703269 0.000000
-0.061177 -5.114072 6.008125 0.000000
-0.159579 -5.236672 5.899036 0.000000
-0.259927 -5.354156 5.788579 0.000000
0.115043 -4.603798 5.864455 0.000000
-0.112682 -4.967793 5.971354 0.000000
-0.211999 -5.077609 5.862626 0.000000
-0.313071 -5.181926 5.752759 0.000000
-0.056173 -4.715053 6.035412 0.000000
0.905080 -0.121829 3.802909 0.000000
0.886222 -0.329988 3.758478 0.000000
0.890376 -0.265470 3.770435 0.000000
0.896048 -0.197996 3.784392 0.000000
0.903451 -0.127078 3.800633 0.000000
0.887268 -0.293706 3.763912 0.000000
0.893029 -0.228449 3.777622 0.000000
0.900357 -0.160197 3.793390 0.000000
0.909592 -0.087870 3.811696 0.000000
0.888633 -0.256883 3.769770 0.000000
0.896010 -0.191161 3.785209 0.000000
0.897711 -0.165703 3.790083 0.000000
0.916136 -0.048661 3.823199 0.000000
0.890287 -0.220066 3.775956 0.000000
0.899302 -0.153574 3.793182 0.000000
0.910124 -0.083436 3.812789 0.000000
0.923100 -0.009120 3.835200 0.000000
0.892300 -0.182661 3.782611 0.000000
0.902990 -0.115380 3.801663 0.000000
0.915575 -0.044716 3.823152 0.000000
0.930498 0.030782 3.847714 0.000000
0.884371 -0.375191 3.751229 0.000000
0.885322 -0.507577 3.736702 0.000000
0.881872 -0.447443 3.740247 0.000000
0.879563 -0.384774 3.745349 0.000000
0.878505 -0.319131 3.752182 0.000000
0.884924 -0.472489 3.740345 0.000000
0.882971 -0.411390 3.745557 0.000000
0.882190 -0.347727 3.752366 0.000000
0.882751 -0.281061 3.761002 0.000000
0.884829 -0.437267 3.744349 0.000000
0.894587 -0.145210 3.789582 0.000000
0.885146 -0.310522 3.759773 0.000000
0.887358 -0.242816 3.770247 0.000000
0.885000 -0.401602 3.748713 0.000000
0.886053 -0.338817 3.757246 0.000000
0.888436 -0.273132 3.767580 0.000000
0.892333 -0.204370 3.779930 0.000000
0.885460 -0.365754 3.753429 0.000000
0.888069 -0.302255 3.763661 0.000000
0.892071 -0.235827 3.775763 0.000000
0.974381 0.280811 3.924346 0.000000
0.932804 0.120953 3.861837 0.000000
0.956970 0.196675 3.895829 0.000000
0.984573 0.277897 3.934073 0.000000
0.916025 0.090760 3.841248 0.000000
0.939225 0.162233 3.873662 0.000000
0.965454 0.238612 3.909838 0.000000
0.995322 0.320542 3.950474 0.000000
0.920953 0.131985 3.851562 0.000000
0.946120 0.204076 3.886057 0.000000
0.911495 0.050093 3.831432 0.000000
1.006688 0.364153 3.967634 0.000000
0.926320 0.173794 3.862416 0.000000
0.953396 0.246215 3.898896 0.000000
0.983891 0.323968 3.939580 0.000000
1.018611 0.408063 3.985406 0.000000
0.932115 0.216237 3.873803 0.000000
0.961235 0.289318 3.912442 0.000000
0.993949 0.367797 3.955467 0.000000
1.031053 0.452327 4.003755 0.000000
0.934331 0.074078 3.857177 0.000000
0.907004 -0.077133 3.810513 0.000000
0.921430 -0.005319 3.834040 0.000000
0.938346 0.071076 3.860759 0.000000
0.897251 -0.107112 3.797047 0.000000
0.911357 -0.038503 3.819782 0.000000
0.927683 0.034163 3.845368 0.000000
0.946612 0.111478 3.874266 0.000000
0.900255 -0.068624 3.804934 0.000000
0.916143 0.000826 3.829607 0.000000
0.874610 -0.357052 3.743778 0.000000
0.955329 0.152337 3.888311 0.000000
0.903640 -0.029413 3.813327 0.000000
0.921280 0.040288 3.839830 0.000000
0.941439 0.114437 3.869530 0.000000
0.964565 0.193663 3.902961 0.000000
0.907351 0.009948 3.822098 0.000000
0.926857 0.080526 3.850622 0.000000
0.948971 0.155295 3.882400 0.000000
0.974289 0.235513 3.918192 0.000000
0.893927 -0.910946 3.702210 0.000000
0.857196 -0.931678 3.664070 0.000000
0.923290 -1.026668 3.719944 0.000000
0.900106 -0.983210 3.701251 0.000000
0.877660 -0.938355 3.683517 0.000000
0.855992 -0.892371 3.666763 0.000000
0.918888 -0.992027 3.718908 0.000000
0.896853 -0.946987 3.701555 0.000000
0.875599 -0.900848 3.685180 0.000000
0.855116 -0.853305 3.669811 0.000000
0.914753 -0.957269 3.718186 0.000000
0.880041 -0.976376 3.682169 0.000000
0.873852 -0.863257 3.687213 0.000000
0.854571 -0.814170 3.673249 0.000000
0.910886 -0.922659 3.717758 0.000000
0.891256 -0.874788 3.703176 0.000000
0.872436 -0.826122 3.689578 0.000000
0.854392 -0.775503 3.677056 0.000000
0.907260 -0.887896 3.717627 0.000000
0.888905 -0.839049 3.704462 0.000000
0.871334 -0.788857 3.692317 0.000000
0.938267 -1.132364 3.724881 0.000000
0.868748 -1.134082 3.656298 0.000000
0.949747 -1.203961 3.729738 0.000000
0.920963 -1.167941 3.704585 0.000000
0.892957 -1.130984 3.680370 0.000000
0.865669 -1.092809 3.657064 0.000000
0.943834 -1.167879 3.727145 0.000000
0.916150 -1.130430 3.703251 0.000000
0.889194 -1.091782 3.680273 0.000000
0.862998 -1.051933 3.658247 0.000000
0.854558 -0.736994 3.681244 0.000000
0.911648 -1.093230 3.702238 0.000000
0.885799 -1.052916 3.680555 0.000000
0.860680 -1.011428 3.659796 0.000000
0.932995 -1.097101 3.722922 0.000000
0.907498 -1.056307 3.701590 0.000000
0.882741 -1.014362 3.681188 0.000000
0.858782 -0.971545 3.661753 0.000000
0.928000 -1.061779 3.721282 0.000000
0.903645 -1.019643 3.701253 0.000000
0.880373 -0.554675 3.726483 0.000000
0.891313 -0.681406 3.723307 0.000000
0.880808 -0.625747 3.719012 0.000000
0.871169 -0.568177 3.715909 0.000000
0.862533 -0.508607 3.714150 0.000000
0.889582 -0.646694 3.725361 0.000000
0.880445 -0.590090 3.722593 0.000000
0.872230 -0.531568 3.721077 0.000000
0.865030 -0.471027 3.720925 0.000000
0.888108 -0.612222 3.727689 0.000000
0.860361 -0.546723 3.707688 0.000000
0.873597 -0.494918 3.726605 0.000000
0.867884 -0.433119 3.728145 0.000000
0.886904 -0.577422 3.730365 0.000000
0.880589 -0.518926 3.730744 0.000000
0.875250 -0.458201 3.732473 0.000000
0.871075 -0.395136 3.735760 0.000000
0.885975 -0.542547 3.733369 0.000000
0.881074 -0.483094 3.735327 0.000000
0.877241 -0.421400 3.738733 0.000000
0.883583 -0.732167 3.710286 0.000000
0.903942 -0.853517 3.717806 0.000000
0.886846 -0.803427 3.706074 0.000000
0.870529 -0.751997 3.695360 0.000000
0.855056 -0.698896 3.685771 0.000000
0.900886 -0.818947 3.718307 0.000000
0.885077 -0.767899 3.708009 0.000000
0.870039 -0.714959 3.698785 0.000000
0.855885 -0.660622 3.690701 0.000000
0.898103 -0.784719 3.719088 0.000000
1.672659 -3.419762 4.309769 0.000000
0.869864 -0.678276 3.702534 0.000000
0.857036 -0.622426 3.695997 0.000000
0.895580 -0.750262 3.720194 0.000000
0.882367 -0.696763 3.712851 0.000000
0.869990 -0.641647 3.706628 0.000000
0.858538 -0.584562 3.701658 0.000000
0.893310 -0.715831 3.721593 0.000000
0.881428 -0.661112 3.715765 0.000000
0.870441 -0.605049 3.711090 0.000000
3.390008 -1.526898 2.915311 0.000000
3.120584 -1.101506 2.708802 0.000000
3.070404 -1.026829 2.670916 0.000000
3.303111 -1.379906 2.848998 0.000000
3.210039 -1.243517 2.776289 0.000000
3.139768 -1.140374 2.722123 0.000000
3.084637 -1.059235 2.680201 0.000000
3.343956 -1.449190 2.880060 0.000000
3.238916 -1.296231 2.797485 0.000000
3.160815 -1.182391 2.736897 0.000000
3.100132 -1.093868 2.690444 0.000000
3.183869 -1.195343 2.757234 0.000000
3.270743 -1.353812 2.821038 0.000000
3.183928 -1.227982 2.753282 0.000000
3.117073 -1.131039 2.701792 0.000000
3.442320 -1.614761 2.955605 0.000000
3.306503 -1.418033 2.847701 0.000000
3.209350 -1.277647 2.771464 0.000000
3.135633 -1.171089 2.714381 0.000000
3.501989 -1.714387 3.001859 0.000000
3.346646 -1.489627 2.877853 0.000000
3.034374 -0.941110 2.648099 0.000000
3.046020 -0.943145 2.658678 0.000000
3.014875 -0.891433 2.636297 0.000000
3.153077 -1.119781 2.737283 0.000000
3.100542 -1.037524 2.697884 0.000000
3.058551 -0.970902 2.666870 0.000000
3.024218 -0.915637 2.641891 0.000000
3.177440 -1.162860 2.755104 0.000000
3.118668 -1.072616 2.710588 0.000000
3.072232 -1.000572 2.675936 0.000000
3.237360 -1.331703 2.791690 0.000000
3.204257 -1.209799 2.774887 0.000000
3.138478 -1.110379 2.724621 0.000000
3.086967 -1.031908 2.685825 0.000000
3.045378 -0.967979 2.654948 0.000000
3.233845 -1.261166 2.796886 0.000000
3.160145 -1.151154 2.740117 0.000000
3.103103 -1.065625 2.696785 0.000000
3.057413 -0.996633 2.662563 0.000000
3.266471 -1.317299 2.821337 0.000000
3.462945 -2.118772 3.168679 0.000000
3.296960 -1.503625 2.828258 0.000000
3.558626 -2.106034 3.169793 0.000000
3.613740 -2.044686 3.114955 0.000000
3.497095 -1.819247 2.984947 0.000000
3.336033 -1.581801 2.856650 0.000000
3.514952 -2.118302 3.171868 0.000000
3.597631 -2.089814 3.130651 0.000000
3.565588 -1.945586 3.037001 0.000000
3.380791 -1.670711 2.889437 0.000000
3.438615 -1.710917 2.940773 0.000000
3.562885 -2.114532 3.136939 0.000000
3.635229 -2.081287 3.092899 0.000000
3.432021 -1.771925 2.927241 0.000000
3.412560 -2.119268 3.166063 0.000000
3.508389 -2.114868 3.132045 0.000000
3.603108 -2.110678 3.099365 0.000000
3.491297 -1.888390 2.971292 0.000000
3.364079 -2.119799 3.164116 0.000000
3.455689 -2.115233 3.127814 0.000000
3.625906 -1.995385 3.129133 0.000000
3.156145 -1.214739 2.728452 0.000000
3.570871 -1.829059 3.055544 0.000000
3.391592 -1.569337 2.911843 0.000000
3.268657 -1.391648 2.814474 0.000000
3.178758 -1.262203 2.744138 0.000000
3.652118 -1.963852 3.119202 0.000000
3.443181 -1.660276 2.951120 0.000000
3.303897 -1.458616 2.840336 0.000000
3.203516 -1.313611 2.761482 0.000000
3.083738 -1.004513 2.686224 0.000000
3.501882 -1.763294 2.996085 0.000000
3.343281 -1.532857 2.869472 0.000000
3.231220 -1.370490 2.781087 0.000000
3.592988 -2.020406 3.136121 0.000000
3.569882 -1.882120 3.048480 0.000000
3.387833 -1.616314 2.902670 0.000000
3.262329 -1.433783 2.803304 0.000000
3.576086 -2.063159 3.152670 0.000000
3.629198 -2.000193 3.099918 0.000000
2.948628 -0.676946 2.602171 0.000000
2.973867 -0.317521 2.661637 0.000000
2.932147 -0.664822 2.588787 0.000000
2.938058 -0.681978 2.592070 0.000000
2.944410 -0.699502 2.595698 0.000000
2.942080 -0.671350 2.596937 0.000000
2.951307 -0.717588 2.599746 0.000000
2.947180 -0.688117 2.599549 0.000000
2.944767 -0.660787 2.600587 0.000000
2.958783 -0.736303 2.604241 0.000000
2.952800 -0.705476 2.602550 0.000000
2.979298 -0.299592 2.668182 0.000000
2.966825 -0.755707 2.609169 0.000000
2.958872 -0.723222 2.605906 0.000000
2.952902 -0.693477 2.604071 0.000000
2.948637 -0.665891 2.603473 0.000000
2.975527 -0.775892 2.614606 0.000000
2.965456 -0.741541 2.609654 0.000000
2.957596 -0.710301 2.606305 0.000000
2.951625 -0.681755 2.604306 0.000000
2.984854 -0.796787 2.620539 0.000000
2.962610 -0.270492 2.655498 0.000000
2.939575 -0.258285 2.635550 0.000000
2.974458 -0.230543 2.669752 0.000000
3.013914 -0.199842 2.708721 0.000000
2.905132 -0.302240 2.600732 0.000000
2.934910 -0.277696 2.629686 0.000000
2.968274 -0.250897 2.662351 0.000000
3.005878 -0.221390 2.699427 0.000000
2.902194 -0.320282 2.596590 0.000000
2.930729 -0.296427 2.624317 0.000000
2.972583 -0.760498 2.613816 0.000000
2.998459 -0.242041 2.690796 0.000000
2.899677 -0.337786 2.592858 0.000000
2.926965 -0.314548 2.619372 0.000000
2.957417 -0.289395 2.649136 0.000000
2.991550 -0.261928 2.682710 0.000000
2.923642 -0.332122 2.614865 0.000000
2.952694 -0.307666 2.643256 0.000000
2.985186 -0.281077 2.675198 0.000000
2.948415 -0.325383 2.637825 0.000000
2.991126 -0.825498 2.622711 0.000000
2.996216 -0.823984 2.627568 0.000000
2.978309 -0.785913 2.615907 0.000000
3.058445 -0.946298 2.669857 0.000000
3.028896 -0.891873 2.649214 0.000000
3.004661 -0.845573 2.632635 0.000000
2.984460 -0.805341 2.619118 0.000000
3.074344 -0.976397 2.680940 0.000000
3.041009 -0.917588 2.657227 0.000000
3.013820 -0.868157 2.638249 0.000000
3.017608 -0.867299 2.641852 0.000000
3.091603 -1.008540 2.693099 0.000000
3.054194 -0.944983 2.666060 0.000000
3.023690 -0.891822 2.644401 0.000000
2.998368 -0.846471 2.626735 0.000000
3.110381 -1.042989 2.706461 0.000000
3.068372 -0.973826 2.675678 0.000000
3.034474 -0.916909 2.651244 0.000000
3.006324 -0.868535 2.631288 0.000000
3.130687 -1.079758 2.721048 0.000000
2.962943 -0.731527 2.608590 0.000000
2.962748 -0.727717 2.608873 0.000000
2.955001 -0.697954 2.605434 0.000000
2.994966 -0.818789 2.627067 0.000000
2.980236 -0.780017 2.618392 0.000000
2.968372 -0.745659 2.611800 0.000000
2.958777 -0.714531 2.606866 0.000000
3.005807 -0.841693 2.634174 0.000000
2.988552 -0.800469 2.623465 0.000000
2.974522 -0.764194 2.615128 0.000000
3.545886 -2.110907 3.093005 0.000000
3.017501 -0.865771 2.641944 0.000000
2.997530 -0.821796 2.629046 0.000000
2.981172 -0.783372 2.618833 0.000000
2.967569 -0.749006 2.610663 0.000000
3.030126 -0.891160 2.650442 0.000000
3.007220 -0.844095 2.635175 0.000000
2.988382 -0.803273 2.622962 0.000000
2.972696 -0.767160 2.613103 0.000000
3.043685 -0.917816 2.659684 0.000000
2.473395 -2.866821 3.502129 0.000000
2.411170 -2.244006 3.328482 0.000000
2.449509 -2.259921 3.262227 0.000000
2.556075 -2.740559 3.420058 0.000000
2.606831 -2.811069 3.366449 0.000000
2.377458 -2.246062 3.339080 0.000000
2.465869 -2.725610 3.513080 0.000000
2.515879 -2.802684 3.459971 0.000000
2.565413 -2.881994 3.407329 0.000000
2.345797 -2.280856 3.368836 0.000000
2.425319 -2.780505 3.553549 0.000000
2.645830 -2.742720 3.327925 0.000000
2.521389 -2.955566 3.450751 0.000000
2.335511 -2.745016 3.646812 0.000000
2.382343 -2.837502 3.596413 0.000000
2.428464 -2.933084 3.546688 0.000000
2.474564 -3.032062 3.496904 0.000000
2.293322 -2.793717 3.689102 0.000000
2.337476 -2.895658 3.641140 0.000000
2.380913 -3.001705 3.593817 0.000000
2.424337 -3.112294 3.546375 0.000000
2.552745 -2.229764 3.223721 0.000000
2.581984 -2.234725 3.282272 0.000000
2.625001 -2.226490 3.208946 0.000000
2.663846 -2.218970 3.140925 0.000000
2.699807 -2.212024 3.077159 0.000000
2.547585 -2.236441 3.290570 0.000000
2.588759 -2.228090 3.216084 0.000000
2.626281 -2.220448 3.146993 0.000000
2.660600 -2.213409 3.082386 0.000000
2.513347 -2.238229 3.299371 0.000000
2.249163 -2.843688 3.733345 0.000000
2.588733 -2.222014 3.153626 0.000000
2.621482 -2.214881 3.088168 0.000000
2.479219 -2.240083 3.308603 0.000000
2.517199 -2.231500 3.231809 0.000000
2.551446 -2.223659 3.160793 0.000000
2.593121 -2.263329 3.114517 0.000000
2.445165 -2.242006 3.318276 0.000000
2.481791 -2.233309 3.240365 0.000000
2.521823 -2.266500 3.187699 0.000000
1.878993 -3.653717 4.090156 0.000000
2.012767 -3.284730 3.964307 0.000000
2.028541 -3.470783 3.942423 0.000000
2.043627 -3.672161 3.920627 0.000000
1.936845 -3.170744 4.045831 0.000000
1.947594 -3.357314 4.029088 0.000000
1.956149 -3.560362 4.013946 0.000000
1.963282 -3.781886 3.999504 0.000000
1.875719 -3.230285 4.106924 0.000000
1.878621 -3.432553 4.097626 0.000000
1.995514 -3.112296 3.987179 0.000000
1.876899 -3.897385 4.084282 0.000000
1.811437 -3.291648 4.171151 0.000000
1.805594 -3.510451 4.170176 0.000000
1.796630 -3.751304 4.171486 0.000000
1.783877 -4.019176 4.175552 0.000000
1.743824 -3.354778 4.238692 0.000000
1.728209 -3.591167 4.247038 0.000000
1.708645 -3.853251 4.258352 0.000000
1.683588 -4.147608 4.273936 0.000000
2.220981 -3.222276 3.752156 0.000000
2.290253 -2.955510 3.688195 0.000000
2.330938 -3.072267 3.643320 0.000000
2.371189 -3.195302 3.598691 0.000000
2.202940 -2.894777 3.779640 0.000000
2.240509 -3.017261 3.737735 0.000000
2.277579 -3.145920 3.696147 0.000000
2.314075 -3.282446 3.654881 0.000000
2.154491 -2.947360 3.828141 0.000000
2.188086 -3.080898 3.789922 0.000000
2.739439 -2.210714 3.072444 0.000000
2.253531 -3.372678 3.714417 0.000000
2.104151 -3.000694 3.878519 0.000000
2.132786 -3.146650 3.844948 0.000000
2.160885 -3.301640 3.811599 0.000000
2.188310 -3.467930 3.778517 0.000000
2.050912 -3.056011 3.931778 0.000000
2.074425 -3.214508 3.902999 0.000000
2.097010 -3.384221 3.874751 0.000000
2.118488 -3.567586 3.847112 0.000000
3.086228 -2.119550 3.115910 0.000000
3.357329 -2.107829 3.029745 0.000000
3.099756 -2.123778 3.163552 0.000000
3.171406 -2.118213 3.115586 0.000000
3.240379 -2.113035 3.069945 0.000000
3.306946 -2.108159 3.026012 0.000000
3.059454 -2.124590 3.165191 0.000000
3.128158 -2.118860 3.115484 0.000000
3.194361 -2.113532 3.068252 0.000000
3.258039 -2.108533 3.022932 0.000000
3.019957 -2.125445 3.167239 0.000000
3.287649 -2.112578 3.072170 0.000000
3.149520 -2.114078 3.067149 0.000000
3.210498 -2.108953 3.020477 0.000000
2.981223 -2.126352 3.169771 0.000000
3.045197 -2.120286 3.116797 0.000000
3.105769 -2.114675 3.066617 0.000000
3.163881 -2.109426 3.018614 0.000000
2.943479 -2.127300 3.172695 0.000000
3.005008 -2.121073 3.118174 0.000000
3.063021 -2.115321 3.066602 0.000000
3.226566 -2.121609 3.161534 0.000000
3.560636 -2.023972 3.023166 0.000000
3.316985 -2.120365 3.162725 0.000000
3.404675 -2.115636 3.124296 0.000000
3.490666 -2.111171 3.087446 0.000000
3.576114 -2.106896 3.051797 0.000000
3.271177 -2.120967 3.161870 0.000000
3.355205 -2.116073 3.121379 0.000000
3.437687 -2.111465 3.082642 0.000000
3.518551 -2.107076 3.045148 0.000000
3.118461 -2.109952 3.017374 0.000000
3.307544 -2.116545 3.119105 0.000000
3.386013 -2.111800 3.078518 0.000000
3.462992 -2.107288 3.039256 0.000000
3.183068 -2.122290 3.161701 0.000000
3.260844 -2.117061 3.117389 0.000000
3.335912 -2.112169 3.075002 0.000000
3.409295 -2.107537 3.034122 0.000000
3.140944 -2.123014 3.162413 0.000000
3.215379 -2.117617 3.116204 0.000000
2.735193 -2.222111 3.190389 0.000000
2.748776 -2.196204 3.231160 0.000000
2.805216 -2.204664 3.173202 0.000000
2.858648 -2.212598 3.117837 0.000000
2.903337 -2.206196 3.058868 0.000000
2.722637 -2.228465 3.253262 0.000000
2.772452 -2.220789 3.185145 0.000000
2.818581 -2.213739 3.121457 0.000000
2.861743 -2.207212 3.061426 0.000000
2.686996 -2.229940 3.259885 0.000000
2.932136 -2.173553 3.043835 0.000000
2.779361 -2.214939 3.125572 0.000000
2.820507 -2.208309 3.064598 0.000000
2.651647 -2.231474 3.266912 0.000000
2.698029 -2.223506 3.196103 0.000000
2.740331 -2.216215 3.130194 0.000000
2.779853 -2.209471 3.068248 0.000000
2.616845 -2.233061 3.274344 0.000000
2.661218 -2.224968 3.202302 0.000000
2.702040 -2.217552 3.135302 0.000000
2.888560 -2.123751 3.125058 0.000000
2.906081 -2.128308 3.176093 0.000000
2.965284 -2.121914 3.119998 0.000000
3.021200 -2.116018 3.067090 0.000000
3.074131 -2.110527 3.016664 0.000000
2.869561 -2.129358 3.179868 0.000000
2.926590 -2.122805 3.122294 0.000000
2.980236 -2.116768 3.068068 0.000000
3.030816 -2.111157 3.016503 0.000000
2.833864 -2.130455 3.184047 0.000000
1.983492 0.392958 2.492626 0.000000
2.939769 -2.117581 3.069573 0.000000
2.988446 -2.111846 3.016913 0.000000
2.798368 -2.131614 3.188657 0.000000
2.851138 -2.124755 3.128284 0.000000
2.902862 -2.124304 3.074124 0.000000
2.952770 -2.125893 3.023240 0.000000
2.772378 -2.159398 3.207317 0.000000
2.828387 -2.163508 3.149888 0.000000
2.881434 -2.168257 3.095610 0.000000
