# .PCD v0.7 - Point Cloud Data file format
VERSION 0.7
FIELDS x y z intensity
SIZE 4 4 4 4
TYPE F F F F
COUNT 1 1 1 1
WIDTH 8371
HEIGHT 1
VIEWPOINT 0 0 0 1 0 0 0
POINTS 8371
DATA ascii
0.840920 -5.211038 3.324441 0.000000
0.199861 -5.631991 3.794179 0.000000
0.870161 -4.525893 3.431875 0.000000
0.412746 -6.271875 3.561278 0.000000
0.916944 -4.003664 3.306448 0.000000
0.824229 -5.787738 3.323520 0.000000
1.136237 -3.627376 3.108895 0.000000
-0.198120 -7.370914 4.123872 0.000000
-0.797549 -8.458359 4.704179 0.000000
-0.362278 -6.350330 4.434384 0.000000
-0.860843 -7.739461 4.808170 0.000000
-0.446416 -6.567661 4.496773 0.000000
0.152700 -5.239943 3.965153 0.000000
1.349170 -4.562390 2.840368 0.000000
-0.040699 -6.934319 3.994836 0.000000
0.421613 -4.577467 3.728124 0.000000
0.326234 -6.842360 3.614793 0.000000
1.755916 -3.286098 2.497127 0.000000
1.295432 -3.069333 2.994358 0.000000
1.531927 -3.608769 2.718855 0.000000
1.263924 -3.693523 2.979982 0.000000
1.737545 -3.842681 2.481372 0.000000
1.501673 -3.237959 2.765392 0.000000
1.524521 -2.501459 2.753148 0.000000
1.814602 -2.750643 2.464780 0.000000
1.217775 -4.138927 2.981398 0.000000
-0.011844 -5.573807 4.168562 0.000000
0.907252 7.097131 3.637517 0.000000
1.317064 6.940694 3.229230 0.000000
1.359944 6.068711 3.162395 0.000000
0.476531 6.903368 3.912550 0.000000
0.860429 6.643283 3.774434 0.000000
0.905378 6.894294 3.470018 0.000000
0.337356 7.325843 4.065703 0.000000
0.954979 7.163210 3.435885 0.000000
0.433444 7.090135 3.963315 0.000000
0.303665 7.839251 4.110881 0.000000
0.829571 7.613323 3.788704 0.000000
-0.201327 7.690037 4.837677 0.000000
0.904384 8.271410 3.585206 0.000000
-0.294967 8.000073 4.927647 0.000000
1.248328 5.729066 3.262340 0.000000
1.505374 5.187890 2.995702 0.000000
1.466906 5.244098 2.965280 0.000000
1.496645 5.933279 2.837556 0.000000
1.830124 5.684321 2.692241 0.000000
0.970352 6.067039 3.374804 0.000000
0.222048 8.418252 4.213979 0.000000
0.984522 6.242103 3.537827 0.000000
-0.730281 -6.011517 4.862452 0.000000
-2.152311 -9.792540 6.045935 0.000000
-1.663839 -8.299988 5.571000 0.000000
-1.054563 -7.061668 5.109362 0.000000
-1.690625 -9.216981 5.581287 0.000000
-1.033126 -8.104196 5.104937 0.000000
-0.939957 -6.928724 4.960053 0.000000
-1.908054 -8.838132 5.804527 0.000000
-1.032993 -7.754656 5.097155 0.000000
-1.781481 -9.885414 5.665856 0.000000
-0.858005 -7.049260 4.877572 0.000000
-1.209602 -8.756795 5.112566 0.000000
-1.050904 -8.050013 4.988581 0.000000
-0.397223 9.639020 4.874315 0.000000
-0.504122 8.846503 4.967610 0.000000
-0.497200 8.879676 4.949802 0.000000
-0.015723 8.542904 4.472244 0.000000
0.085467 8.804027 4.380604 0.000000
-0.551906 8.686875 5.214633 0.000000
-0.108927 9.019799 4.569662 0.000000
-0.016442 9.324630 4.496081 0.000000
-0.738982 9.280398 5.416461 0.000000
-1.061260 9.728967 5.564337 0.000000
-0.987174 9.572097 5.465531 0.000000
-2.856056 -9.429362 6.735197 0.000000
-2.295088 -8.589076 6.183953 0.000000
-2.909311 -9.718132 6.780798 0.000000
-2.434180 -9.335001 6.321119 0.000000
-1.922821 -7.887846 5.844607 0.000000
1.365709 -0.370565 0.974107 0.000000
1.468026 -0.468408 1.066535 0.000000
1.924244 -0.851077 1.496965 0.000000
2.312025 -0.823652 1.997042 0.000000
1.864622 -0.486301 1.464566 0.000000
2.485219 -1.027669 1.940108 0.000000
1.495933 -0.965945 1.059781 0.000000
1.363885 0.039563 0.998848 0.000000
1.455638 0.485111 1.099974 0.000000
1.368075 0.996954 0.993409 0.000000
1.830350 0.430791 1.481315 0.000000
1.794430 -2.412377 2.499554 0.000000
2.323130 -2.850384 1.697853 0.000000
2.255678 -2.276402 1.816749 0.000000
2.012034 -2.251511 2.278134 0.000000
1.812069 -1.634881 2.480515 0.000000
2.261710 -1.695707 1.799092 0.000000
2.003252 -2.752289 2.266419 0.000000
1.947820 -1.436429 1.495322 0.000000
2.010739 -1.587522 2.284844 0.000000
1.413201 -0.625629 0.999734 0.000000
1.454596 -1.449301 0.993488 0.000000
1.942927 -1.769143 1.480209 0.000000
0.969391 -0.782760 0.541199 0.000000
0.999155 -0.085737 0.625838 0.000000
0.891307 -0.394101 0.494851 0.000000
1.737465 -4.888244 2.459330 0.000000
1.210300 -5.290390 2.960096 0.000000
1.726843 -5.037213 2.468423 0.000000
1.758569 -4.138009 2.450701 0.000000
1.376265 -5.709453 2.787136 0.000000
1.400049 -6.079211 2.732800 0.000000
0.816309 -6.521379 3.352964 0.000000
0.785944 -6.132655 3.322398 0.000000
1.395791 -6.763585 2.715816 0.000000
2.263097 -3.372802 1.968747 0.000000
2.023010 -3.030762 2.235947 0.000000
2.116457 -4.285868 2.097737 0.000000
2.326481 -3.932929 1.887581 0.000000
2.054064 3.905524 2.391192 0.000000
2.141795 3.461649 2.327015 0.000000
2.213125 3.274149 1.759464 0.000000
2.455787 2.557166 1.978509 0.000000
1.478480 1.612056 1.105041 0.000000
1.851998 1.884014 1.490603 0.000000
1.804728 2.255110 1.449058 0.000000
1.365658 1.589091 0.992215 0.000000
1.979972 3.522513 2.486911 0.000000
1.355280 1.462911 0.977541 0.000000
1.860786 4.589580 2.629038 0.000000
1.780585 4.004548 2.656482 0.000000
1.991058 4.361111 2.495601 0.000000
2.160024 4.475478 2.332753 0.000000
1.485359 4.683959 2.934788 0.000000
1.983202 4.950433 2.454051 0.000000
1.156079 5.451050 3.345068 0.000000
0.851438 0.613396 0.485271 0.000000
0.862055 0.479161 0.499524 0.000000
0.999714 0.501060 0.634642 0.000000
1.494031 1.404109 1.119372 0.000000
1.806879 -1.455192 2.494576 0.000000
2.045867 -1.289991 2.266427 0.000000
2.021930 -0.992641 2.307309 0.000000
1.698985 -0.501487 2.489280 0.000000
2.210055 -0.366005 1.929028 0.000000
4.781525 -1.499536 4.481415 0.000000
7.570067 -2.030932 7.472471 0.000000
2.010261 -0.487824 2.183885 0.000000
4.995716 -0.706672 4.446245 0.000000
7.442604 -1.857796 6.855359 0.000000
1.276741 -2.934971 2.993222 0.000000
1.323816 -2.018963 2.987967 0.000000
0.923569 -3.121119 3.351670 0.000000
0.811755 -3.659492 3.445096 0.000000
0.586952 -2.543325 3.492660 0.000000
1.013910 -3.051759 3.266162 0.000000
1.084753 -2.563344 3.231247 0.000000
1.528032 -1.571498 2.813251 0.000000
1.517607 -2.376539 2.765337 0.000000
1.923786 1.167416 2.467201 0.000000
2.000753 1.364764 2.418572 0.000000
2.453710 0.999129 1.982143 0.000000
1.918995 1.556791 2.468396 0.000000
2.010190 0.973476 2.198906 0.000000
1.974713 2.481021 2.473167 0.000000
1.512618 2.364337 2.957786 0.000000
2.013840 1.820937 2.376683 0.000000
10.961005 -1.160802 10.496073 0.000000
7.710756 -1.036022 7.496661 0.000000
4.525916 -0.497374 3.994001 0.000000
5.976869 -0.275669 5.486810 0.000000
7.942256 -0.957324 7.415371 0.000000
8.864541 -1.064430 8.478498 0.000000
4.984642 -0.471785 4.457588 0.000000
4.966717 0.055321 4.483385 0.000000
7.476405 -0.468554 6.983467 0.000000
8.499883 -1.027941 7.963757 0.000000
5.957499 0.354482 5.492024 0.000000
9.981291 -0.929994 9.452463 0.000000
7.004631 -0.449617 6.499873 0.000000
9.476926 -0.447451 8.994910 0.000000
5.001990 0.391693 4.499546 0.000000
6.955426 0.265124 6.497996 0.000000
7.691729 -1.801654 7.359879 0.000000
6.967632 -1.488092 6.397166 0.000000
7.506083 -2.259064 7.521252 0.000000
6.548695 -1.342565 5.977922 0.000000
4.543963 -0.905469 3.980599 0.000000
6.489408 -1.417513 5.916760 0.000000
8.936045 -0.474872 8.454177 0.000000
6.040655 -0.990051 5.486082 0.000000
5.976848 -0.736231 5.439937 0.000000
7.458920 1.611387 6.988944 0.000000
7.461432 1.482516 6.989880 0.000000
7.470542 0.769988 6.999203 0.000000
7.748431 1.473430 7.412319 0.000000
7.810713 1.854693 7.347807 0.000000
7.943302 0.466092 7.487550 0.000000
5.485700 0.926971 4.994511 0.000000
8.486826 -0.482258 7.997010 0.000000
6.000714 0.760497 5.499535 0.000000
8.407874 0.342457 7.953388 0.000000
5.966130 0.833634 5.481165 0.000000
6.477045 0.906213 5.996109 0.000000
6.952743 0.749890 6.476697 0.000000
6.484951 1.346393 5.998941 0.000000
6.966475 1.459849 6.491575 0.000000
7.000162 1.209583 6.481244 0.000000
1.995781 2.608968 2.454401 0.000000
2.044937 2.901819 2.411058 0.000000
1.563159 3.005097 2.922658 0.000000
1.984784 3.456851 2.450130 0.000000
2.102667 2.394568 2.294178 0.000000
2.459222 2.313018 1.977195 0.000000
1.607065 3.506185 2.876740 0.000000
1.077198 3.570047 3.395909 0.000000
1.422765 3.920188 2.999100 0.000000
1.361255 4.140894 3.135658 0.000000
1.468810 4.378788 2.941923 0.000000
0.995193 4.163334 3.496569 0.000000
2.473649 1.364774 1.966374 0.000000
1.820276 0.961024 1.450383 0.000000
1.833113 1.490288 1.462685 0.000000
1.947828 1.447545 1.584226 0.000000
1.460209 0.939093 1.087786 0.000000
2.465591 1.827110 1.974797 0.000000
-1.002930 -6.827434 5.023685 0.000000
-1.622414 -7.378070 5.560433 0.000000
-1.014900 -6.395046 5.172175 0.000000
-1.016274 -5.684914 5.171915 0.000000
-0.911578 -4.645124 4.999681 0.000000
-0.860068 -5.187484 4.986447 0.000000
-1.520216 -6.872692 5.480066 0.000000
-0.131721 -4.539824 4.257815 0.000000
-0.821023 -5.945383 4.954316 0.000000
-0.494069 -4.519205 4.606104 0.000000
-0.213335 -4.304099 4.428272 0.000000
-1.024928 -5.454032 5.160561 0.000000
-2.195153 -6.050327 6.179799 0.000000
-2.781855 -7.131462 6.733050 0.000000
-1.638012 -5.573686 5.631704 0.000000
-3.084645 -8.459995 7.002174 0.000000
-2.068803 -6.975918 6.017364 0.000000
-2.923445 -7.973547 6.859731 0.000000
-2.347713 -7.195547 6.294197 0.000000
-1.821925 -6.307055 5.794222 0.000000
-2.826960 -8.479402 6.747951 0.000000
-1.965259 -6.820511 5.909453 0.000000
-0.925505 -5.158647 5.051382 0.000000
-2.379781 -7.830840 6.307033 0.000000
0.513411 -4.060307 3.716752 0.000000
0.365241 -4.088790 3.849612 0.000000
0.330221 -3.780004 3.899168 0.000000
0.621458 -3.044241 3.525571 0.000000
0.626516 -3.661487 3.501709 0.000000
1.425448 -8.222388 7.552037 0.000000
-0.147660 -5.157959 4.291696 0.000000
-0.091947 5.992013 4.499863 0.000000
0.088013 5.455131 4.391081 0.000000
0.382455 5.038983 3.937232 0.000000
0.599664 5.038274 3.878595 0.000000
0.853173 5.735459 3.653509 0.000000
0.096179 5.625954 4.395968 0.000000
0.462328 5.796361 3.878784 0.000000
0.943524 5.453533 3.481191 0.000000
0.191715 6.113133 4.315286 0.000000
0.403342 6.214358 3.957294 0.000000
-0.238332 5.550427 4.713283 0.000000
-0.068607 6.452729 4.484395 0.000000
-0.062388 6.291573 4.570498 0.000000
0.323100 6.969559 4.052529 0.000000
1.115214 4.657251 3.360065 0.000000
0.828959 4.518868 3.636145 0.000000
0.986725 4.613375 3.415434 0.000000
-0.582006 6.316123 4.953390 0.000000
-2.059551 8.842551 6.500441 0.000000
-1.051096 7.797211 5.554184 0.000000
-1.017599 8.410772 5.621011 0.000000
-1.038103 8.872969 5.605503 0.000000
-1.760514 7.537339 6.159319 0.000000
-1.995258 8.459139 6.440254 0.000000
-1.861605 8.942792 6.347223 0.000000
-1.069555 9.113791 5.569295 0.000000
-2.018731 7.679191 6.437968 0.000000
-1.948680 9.187667 6.420213 0.000000
-2.462349 8.380098 6.923311 0.000000
-1.991855 7.424983 6.407235 0.000000
-2.039933 9.365619 6.532784 0.000000
-2.822778 8.355000 7.280772 0.000000
-2.501230 9.019233 6.986284 0.000000
-2.133609 9.783854 6.626819 0.000000
-2.694439 8.983409 7.177384 0.000000
-2.579839 9.379533 7.080581 0.000000
-3.156903 -7.244441 7.107462 0.000000
-2.842694 -6.817051 6.815961 0.000000
-3.079745 -7.701218 7.025508 0.000000
-1.062124 6.573889 5.489396 0.000000
-0.115721 6.958589 4.546820 0.000000
-0.504709 6.183937 5.003116 0.000000
-0.258902 7.114881 4.787169 0.000000
-0.548421 6.508925 5.083866 0.000000
0.837129 -7.276028 3.238074 0.000000
-0.776414 7.073534 5.295864 0.000000
-1.057208 6.813708 5.512125 0.000000
-1.034641 7.111502 5.424574 0.000000
-0.748610 7.850426 5.180295 0.000000
-1.005950 7.057461 5.560647 0.000000
-0.681868 8.196079 5.128125 0.000000
0.830214 1.154624 0.452469 0.000000
0.854639 2.241274 0.480051 0.000000
0.872385 1.871189 0.492385 0.000000
1.425785 3.403289 0.975533 0.000000
1.404067 4.273575 0.981151 0.000000
0.896921 -0.986842 0.457692 0.000000
0.952708 -1.490299 0.487887 0.000000
1.462015 -1.812495 0.987659 0.000000
0.987273 -1.457260 0.524805 0.000000
1.445559 -8.824396 2.436724 0.000000
1.734530 7.380708 1.406831 0.000000
1.317794 4.763663 0.902791 0.000000
6.395554 37.521362 6.854230 0.000000
1.810718 10.753876 1.563202 0.000000
1.338434 6.277553 0.967506 0.000000
3.119913 18.850176 3.069292 0.000000
1.476054 8.323778 1.155603 0.000000
2.092018 12.932648 1.904169 0.000000
3.770984 28.625444 3.983426 0.000000
1.248133 -9.648302 2.957392 0.000000
1.066869 -9.402340 2.951286 0.000000
1.457059 -9.342728 2.416250 0.000000
2.697475 14.651495 2.550172 0.000000
1.862059 -9.627843 2.315642 0.000000
1.624881 -8.582170 2.431052 0.000000
1.977409 -8.287856 2.094996 0.000000
1.695895 -9.092246 2.344442 0.000000
1.900007 -7.519726 2.206646 0.000000
1.971963 -9.454328 1.884161 0.000000
1.628163 -7.118533 2.480951 0.000000
2.190158 -8.501011 1.892201 0.000000
1.954489 8.437392 1.642411 0.000000
1.424977 3.975929 0.992086 0.000000
0.950806 2.816058 0.487899 0.000000
1.793047 6.460949 1.419092 0.000000
0.974554 3.233348 0.523010 0.000000
2.216189 -8.257436 1.874056 0.000000
1.307177 5.055850 0.905295 0.000000
0.899931 3.368530 0.448896 0.000000
2.551284 12.424162 2.343173 0.000000
1.766539 6.729089 1.408192 0.000000
5.025596 25.531923 5.152349 0.000000
1.863391 9.384570 1.576984 0.000000
1.199951 5.764410 0.811184 0.000000
1.607777 -3.168591 0.974710 0.000000
2.235991 -5.823936 1.927376 0.000000
1.451919 -2.807962 0.831482 0.000000
1.651516 -3.977224 0.991905 0.000000
1.985538 -4.395781 1.319227 0.000000
2.307521 -5.488052 1.866537 0.000000
0.969203 -1.953881 0.483221 0.000000
1.935861 -3.811274 1.290761 0.000000
2.232220 -4.695759 1.967977 0.000000
1.990009 -3.291093 1.361496 0.000000
1.602648 -2.778269 0.980408 0.000000
2.413747 -6.593009 1.724799 0.000000
2.130881 -7.812581 1.969994 0.000000
2.334255 -7.064560 1.789601 0.000000
1.846251 -6.687126 2.283759 0.000000
2.371847 -6.375565 1.774644 0.000000
1.871437 -5.331837 1.176249 0.000000
1.623314 -4.242898 0.955357 0.000000
2.052807 -5.466922 1.343375 0.000000
1.464606 -3.148325 0.829415 0.000000
0.342292 24.092506 0.456498 0.000000
0.851893 3.706446 0.408801 0.000000
2.565554 29.590815 2.804783 0.000000
1.199039 10.612318 0.948954 0.000000
0.681985 6.759866 0.319908 0.000000
0.899747 4.792627 0.484541 0.000000
1.421336 19.035837 1.395704 0.000000
0.746466 8.636367 0.434774 0.000000
0.809954 5.608772 0.416434 0.000000
0.983002 14.292235 0.825168 0.000000
0.455264 7.784311 0.119066 0.000000
1.236132 37.017097 1.681086 0.000000
0.497677 11.726110 0.273148 0.000000
0.619214 5.304305 0.216866 0.000000
3.958113 -30.890739 2.519162 0.000000
1.997534 -12.818404 1.073677 0.000000
4.617218 -30.243912 3.179161 0.000000
1.391928 -8.250262 0.612666 0.000000
2.225899 -13.068681 1.289750 0.000000
5.974876 -32.633820 4.487369 0.000000
1.167362 -5.995495 0.448094 0.000000
1.712044 -8.071507 0.936922 0.000000
2.930914 -13.802404 1.979984 0.000000
1.053802 -4.988588 0.359122 0.000000
1.476070 -5.836710 0.764346 0.000000
0.792417 4.119831 0.359451 0.000000
2.209391 -8.640394 1.406289 0.000000
0.992553 6.088800 0.612811 0.000000
1.013178 8.989872 0.725693 0.000000
1.370784 13.039874 1.187129 0.000000
0.792775 7.318585 0.447555 0.000000
1.077244 -2.625672 0.464536 0.000000
1.456794 -3.814337 0.806611 0.000000
2.072846 -9.617331 1.974893 0.000000
0.887917 -3.877146 0.235115 0.000000
1.327915 -4.831306 0.643672 0.000000
1.645247 -6.088173 0.933779 0.000000
2.349019 -9.422512 1.701788 0.000000
0.967935 -3.353288 0.331338 0.000000
1.109120 -3.522697 0.460086 0.000000
1.890806 -6.996246 1.135483 0.000000
0.983425 -2.632099 0.363469 0.000000
1.076897 -3.488991 0.429044 0.000000
1.537221 -5.125669 0.842175 0.000000
1.457032 -4.316386 0.787120 0.000000
1.917518 -2.695714 1.311482 0.000000
1.979105 7.316886 2.516221 0.000000
2.353559 6.440162 2.130712 0.000000
1.421271 6.997704 2.964043 0.000000
1.601521 6.881464 2.872973 0.000000
1.915933 6.684235 2.458192 0.000000
1.005025 7.069009 3.457655 0.000000
1.093512 7.961867 3.484215 0.000000
1.932590 6.313743 2.537314 0.000000
1.414476 7.574642 2.992326 0.000000
1.373747 8.122355 3.124952 0.000000
1.761399 7.674917 2.736794 0.000000
0.900586 8.853378 3.600846 0.000000
2.446250 5.904008 2.093462 0.000000
2.190174 4.690099 1.770506 0.000000
1.919564 5.738324 2.401576 0.000000
2.420232 5.003995 2.090991 0.000000
2.320512 5.084511 1.911055 0.000000
1.489492 8.455137 2.954227 0.000000
1.865341 6.180779 2.473871 0.000000
0.146992 -8.186782 3.762493 0.000000
0.005206 -7.234987 3.924863 0.000000
-0.309216 -8.587974 4.209522 0.000000
0.240175 -7.661051 3.682571 0.000000
-0.329858 -9.306700 4.186366 0.000000
0.260970 -8.878964 3.615605 0.000000
-0.486148 -8.050394 4.383806 0.000000
0.433020 -7.843008 3.476553 0.000000
0.844135 -7.757365 3.349725 0.000000
1.287841 9.782055 3.474645 0.000000
1.277382 8.833271 3.233648 0.000000
0.114387 9.000972 4.347175 0.000000
0.957094 9.073275 3.977545 0.000000
1.333917 9.141451 3.303947 0.000000
0.375998 9.727180 4.108556 0.000000
0.797546 9.775187 3.744464 0.000000
-1.416776 -9.689773 5.289747 0.000000
-0.933080 -9.258660 4.806411 0.000000
-0.631017 -8.849380 4.517403 0.000000
-0.745472 -9.702956 4.607937 0.000000
-0.597046 -9.466451 4.482141 0.000000
-0.342574 -7.915974 4.259858 0.000000
-0.066943 -7.671778 3.990100 0.000000
0.985465 1.299190 0.609506 0.000000
2.073294 4.349647 1.644935 0.000000
1.304188 2.240525 0.939699 0.000000
2.346348 4.600944 2.153096 0.000000
1.931836 3.278805 1.489782 0.000000
2.153377 3.736874 1.710262 0.000000
1.889168 3.704696 1.457116 0.000000
1.856757 5.388096 2.472513 0.000000
1.887739 2.773953 1.435309 0.000000
1.886740 -5.846131 2.270844 0.000000
1.130866 -8.051938 2.933353 0.000000
1.391284 -7.611590 2.694542 0.000000
1.165997 -7.224045 2.923410 0.000000
1.803017 -6.006610 2.346543 0.000000
0.898831 -8.329923 3.391519 0.000000
1.852705 9.795569 2.971264 0.000000
2.393386 9.791249 2.174626 0.000000
0.171611 -9.463853 3.669223 0.000000
0.468221 -8.517313 3.424412 0.000000
0.443819 -9.010238 3.451368 0.000000
0.961133 -8.978388 3.438932 0.000000
0.809675 -9.262615 3.210925 0.000000
0.959429 -9.654381 3.229100 0.000000
0.974688 -8.110265 2.938211 0.000000
0.881990 -9.339831 2.986166 0.000000
1.389867 -8.538026 2.663075 0.000000
2.210339 -4.443111 1.982228 0.000000
2.044802 -3.984928 1.391520 0.000000
2.110186 -3.425664 1.475123 0.000000
2.244527 9.065987 2.298040 0.000000
0.996172 1.620799 0.622695 0.000000
1.476239 3.463076 1.031134 0.000000
0.921889 2.209041 0.556478 0.000000
2.122299 7.270476 1.770509 0.000000
2.144872 7.514146 2.356766 0.000000
2.179812 7.027661 2.313904 0.000000
2.235831 6.740417 1.878293 0.000000
1.833066 4.256086 1.414656 0.000000
1.929206 7.507499 2.468657 0.000000
1.513851 5.473470 1.128332 0.000000
1.591954 8.196034 2.914505 0.000000
2.263393 8.097292 2.258769 0.000000
1.750063 8.576809 2.767212 0.000000
1.991532 8.043257 2.420017 0.000000
2.043699 8.692442 2.487328 0.000000
1.787731 9.133642 2.747417 0.000000
2.489620 6.854783 2.098783 0.000000
3.497679 0.986997 2.988738 0.000000
2.438836 0.001313 1.984157 0.000000
4.500021 1.132794 3.995367 0.000000
3.974641 0.523156 3.492645 0.000000
3.972027 -0.277741 3.469936 0.000000
4.496919 -0.992289 3.924582 0.000000
4.571492 -1.093412 3.996203 0.000000
4.067998 -0.948781 3.499922 0.000000
3.982953 -0.591190 3.448117 0.000000
3.500506 0.098475 2.999126 0.000000
3.491970 0.451163 2.999694 0.000000
2.974795 0.469272 2.496650 0.000000
3.975478 0.432329 3.498640 0.000000
4.459562 0.520111 3.972351 0.000000
3.502650 0.939587 2.994743 0.000000
3.509822 -0.231590 2.996284 0.000000
3.498262 -0.412896 2.969926 0.000000
0.624498 4.150076 3.731296 0.000000
0.430839 4.652119 3.960239 0.000000
0.990814 3.859019 3.414928 0.000000
-1.012326 7.751808 5.472697 0.000000
-2.022814 8.510968 6.482431 0.000000
-0.090577 6.963176 4.495197 0.000000
0.116754 4.652585 4.335362 0.000000
-0.554023 7.151300 4.959532 0.000000
-0.061211 5.206807 4.447120 0.000000
1.529762 2.744956 2.930970 0.000000
1.452434 3.113934 2.976946 0.000000
1.007936 3.088853 3.475133 0.000000
1.483777 2.590183 2.972998 0.000000
-2.923555 -6.105755 6.880025 0.000000
-2.367295 -5.567968 6.365840 0.000000
-2.274518 -5.151103 6.426802 0.000000
-2.040299 -7.082045 5.992587 0.000000
-1.879759 -5.398420 5.884478 0.000000
-2.355002 5.804949 6.788157 0.000000
-1.005163 5.370571 5.527869 0.000000
-1.958452 6.409746 6.339951 0.000000
-2.898106 7.111741 7.465528 0.000000
-1.517672 5.194426 5.855962 0.000000
-2.483148 6.091052 6.948895 0.000000
-1.757446 5.490236 6.216977 0.000000
-1.911737 5.607364 6.391153 0.000000
-2.876593 6.581271 7.437026 0.000000
-2.026316 5.721944 6.388038 0.000000
-3.105555 6.966582 7.528406 0.000000
-2.566221 6.282215 6.921172 0.000000
-2.703849 6.102106 7.187380 0.000000
-3.051972 -6.316670 7.032768 0.000000
-3.141613 -6.775520 7.108423 0.000000
-2.701628 -5.752031 6.846272 0.000000
-3.029331 -7.148183 6.999712 0.000000
-0.732717 -4.077317 4.937633 0.000000
-1.001735 -4.608878 5.086995 0.000000
-3.005092 8.127542 7.458999 0.000000
0.439566 4.015445 3.943965 0.000000
0.492278 3.579333 3.966946 0.000000
0.381636 4.034532 4.003284 0.000000
0.395169 3.588044 4.071385 0.000000
-0.003902 4.859261 4.494284 0.000000
-0.025577 5.456646 4.502325 0.000000
-0.029562 4.476546 4.473369 0.000000
-0.284097 4.640544 4.726505 0.000000
-0.064954 3.753754 4.425238 0.000000
0.677036 3.606282 3.792643 0.000000
0.610059 3.074992 3.720782 0.000000
0.469162 3.186801 3.988447 0.000000
-2.369356 7.070647 6.754864 0.000000
-0.512852 4.686548 4.953608 0.000000
-0.688773 5.172028 5.139638 0.000000
-1.007249 6.328724 5.536903 0.000000
-1.810498 6.701324 6.196337 0.000000
-0.564858 4.814710 5.005686 0.000000
-1.006827 5.444821 5.491325 0.000000
-1.010525 5.942681 5.519452 0.000000
-1.021474 4.512596 5.365911 0.000000
-2.336071 7.650578 6.761741 0.000000
-1.507749 5.699984 5.858841 0.000000
-2.216788 6.936107 6.617494 0.000000
-2.804796 7.505499 7.221700 0.000000
-0.506618 5.522766 4.865063 0.000000
-0.595574 5.374454 4.973765 0.000000
-0.139244 4.019232 4.502738 0.000000
-0.002077 -3.557038 4.196866 0.000000
-0.904311 5.761923 5.367733 0.000000
-1.052050 6.047223 5.488724 0.000000
-0.564834 4.005716 4.910839 0.000000
0.361996 -3.046921 3.926130 0.000000
0.068008 -3.514376 4.130951 0.000000
0.437165 7.758002 3.980744 0.000000
0.982793 5.720865 3.493501 0.000000
-0.065920 -8.650215 3.958785 0.000000
-0.544587 -8.709066 4.421269 0.000000
-0.567540 -8.221237 4.491653 0.000000
-0.044202 -7.058868 3.990016 0.000000
-0.089723 7.457204 4.493485 0.000000
-1.549115 -9.835911 5.412809 0.000000
-0.542169 -9.536475 4.413867 0.000000
-1.049921 -9.183888 4.947914 0.000000
-1.411561 -9.372209 5.313984 0.000000
1.867142 2.106073 1.511056 0.000000
1.656516 -4.501096 2.547843 0.000000
0.982295 -5.554765 2.996207 0.000000
2.077785 -3.775281 2.154089 0.000000
-2.567682 9.570978 7.069475 0.000000
-1.550779 7.079481 5.970988 0.000000
-2.518087 8.421552 6.976883 0.000000
-2.610590 -8.853250 6.513696 0.000000
-2.513986 -9.438132 6.409602 0.000000
-2.535024 -8.870980 6.462488 0.000000
-2.088388 -9.662253 5.977543 0.000000
-2.170190 -8.379531 6.081761 0.000000
-0.500251 -6.294077 4.484819 0.000000
-0.035376 -6.394491 3.995548 0.000000
1.889364 1.931890 1.530561 0.000000
7.013842 -1.725615 8.017252 0.000000
7.320728 -1.768908 7.724817 0.000000
7.011333 -2.148272 8.015111 0.000000
1.698387 -0.443277 2.494010 0.000000
7.168227 -1.062685 7.990675 0.000000
6.663901 -2.490085 8.349124 0.000000
6.834554 -1.983944 8.202740 0.000000
8.141040 -1.098865 8.997900 0.000000
7.040335 -1.107172 8.480439 0.000000
7.334532 -2.149849 7.699127 0.000000
24.457455 -1.817310 26.669161 0.000000
10.660924 -1.306794 12.498679 0.000000
26.413303 0.082103 28.208235 0.000000
26.045982 -0.997881 28.510204 0.000000
25.339521 -1.822710 28.071321 0.000000
13.585361 -1.373121 15.933041 0.000000
21.965549 0.585938 23.699556 0.000000
26.042835 -0.487924 28.529041 0.000000
25.989571 -1.359085 28.552015 0.000000
19.214149 -1.630466 21.624891 0.000000
14.795079 0.721641 16.482435 0.000000
26.076376 0.331942 28.521561 0.000000
17.495884 -1.518016 18.516273 0.000000
11.077145 0.793723 12.490554 0.000000
18.472115 0.611331 20.103403 0.000000
25.040890 -1.077004 27.918110 0.000000
9.447541 0.891479 9.984840 0.000000
13.301394 0.756839 14.964843 0.000000
24.246630 0.416985 26.545124 0.000000
7.615042 0.970636 8.499462 0.000000
10.456585 0.821368 11.466216 0.000000
16.481615 0.677973 17.509811 0.000000
8.357125 -1.128703 9.457654 0.000000
10.042713 -1.216523 10.974324 0.000000
7.830323 -1.083712 8.499847 0.000000
12.543483 -1.327782 13.991769 0.000000
9.010015 -1.195436 10.436535 0.000000
11.401286 -1.290247 12.484431 0.000000
26.416794 -1.742536 28.138464 0.000000
14.502310 -1.363366 16.387140 0.000000
10.031029 -1.263947 11.479896 0.000000
7.565140 -1.115712 8.996011 0.000000
26.495682 -1.081635 28.085028 0.000000
21.904503 -1.685853 23.689402 0.000000
12.530915 -1.347360 14.492308 0.000000
8.799877 -1.208680 10.499677 0.000000
26.479918 -0.829078 28.109638 0.000000
26.017181 -1.815324 28.513456 0.000000
1.370384 -1.258561 2.994454 0.000000
1.319297 -1.923071 2.997021 0.000000
1.513479 -1.159873 2.850437 0.000000
1.543675 1.991956 2.930166 0.000000
1.466681 1.919566 2.997047 0.000000
1.015086 2.125340 3.463294 0.000000
1.459958 2.383483 2.993135 0.000000
1.303361 2.524584 3.183405 0.000000
1.703319 0.934544 2.482353 0.000000
6.326363 1.951129 7.499388 0.000000
7.123910 1.591086 8.030940 0.000000
7.454159 1.418835 7.699110 0.000000
7.368950 1.864936 7.799025 0.000000
7.110450 1.404646 8.037580 0.000000
8.976471 0.922559 9.488267 0.000000
12.261294 0.756584 13.956816 0.000000
20.657225 0.502738 23.137749 0.000000
9.943866 0.849838 10.982446 0.000000
8.067477 0.957267 8.964444 0.000000
9.061978 0.896093 10.498007 0.000000
-2.042509 6.812392 6.419778 0.000000
-1.064419 5.743297 5.456771 0.000000
0.991900 3.163713 3.416239 0.000000
-2.517935 7.032761 6.929228 0.000000
0.495157 -2.522264 3.814466 0.000000
0.658161 -2.510792 3.564924 0.000000
1.339424 -6.504056 7.512915 0.000000
0.576684 -2.094366 3.492053 0.000000
1.046098 -2.017140 3.294985 0.000000
-1.315210 -4.040058 5.495523 0.000000
-1.515404 -4.284434 5.630641 0.000000
-1.934195 -4.762952 5.973707 0.000000
-1.231768 -3.841660 5.468863 0.000000
-2.577297 -5.489442 6.567004 0.000000
-2.580167 6.613199 6.987049 0.000000
-3.042901 8.738936 7.508010 0.000000
-2.595071 5.684749 6.931202 0.000000
-3.015543 6.878742 7.428870 0.000000
-3.068699 -5.359718 7.082481 0.000000
-0.975768 -3.701144 5.220910 0.000000
-2.689055 -4.836281 6.700154 0.000000
-3.004295 -5.697271 7.003201 0.000000
-2.107867 -4.850303 6.287848 0.000000
-0.223582 -3.001392 4.499597 0.000000
-0.745908 -3.585227 4.998069 0.000000
-0.385340 -3.541329 4.566044 0.000000
26.654934 -0.257839 28.005453 0.000000
26.519047 -1.721988 28.039419 0.000000
14.038414 -1.324704 14.987651 0.000000
26.550007 -1.492286 28.017916 0.000000
19.883921 -1.563650 20.599455 0.000000
11.500751 -1.357888 12.808748 0.000000
26.635401 -0.893924 28.000317 0.000000
15.379388 -1.345516 16.482853 0.000000
22.113523 -1.792416 23.503832 0.000000
23.876474 0.443124 25.005123 0.000000
17.272894 -1.500684 18.197727 0.000000
15.957391 0.679570 17.358965 0.000000
26.617859 0.070242 28.011709 0.000000
26.918831 -1.827704 27.618526 0.000000
12.853098 0.742565 13.487019 0.000000
8.560164 -1.166644 9.971485 0.000000
10.526790 -1.286001 11.995677 0.000000
6.511907 1.996421 7.304400 0.000000
9.231287 0.912231 9.499578 0.000000
7.531595 1.319589 7.619158 0.000000
6.859453 1.870012 6.937606 0.000000
7.611089 1.961026 7.564831 0.000000
20.394436 0.584283 21.067713 0.000000
26.912977 -1.338968 27.642799 0.000000
9.843039 0.867625 10.461092 0.000000
14.167996 0.747939 15.483113 0.000000
26.895206 -0.855974 27.678610 0.000000
11.494394 0.781514 11.971088 0.000000
17.493534 0.672642 18.161009 0.000000
26.796160 0.172081 27.814983 0.000000
21.421152 0.544225 22.189510 0.000000
7.914988 1.000670 8.002117 0.000000
10.000298 0.847975 10.983895 0.000000
14.754165 0.725465 15.476254 0.000000
11.280819 0.788559 11.480566 0.000000
0.904002 2.837401 3.493938 0.000000
-1.505863 6.424579 5.886981 0.000000
-1.052081 4.081236 5.483092 0.000000
-1.436288 4.630078 5.847814 0.000000
-1.428908 4.177957 5.878861 0.000000
-1.508871 4.637694 5.989002 0.000000
-0.123309 3.641269 4.582571 0.000000
-0.542598 3.711925 4.997008 0.000000
-0.556307 4.325262 5.027320 0.000000
-2.305097 -4.428662 6.339971 0.000000
-3.000513 -6.664621 6.985928 0.000000
-2.487592 -4.139633 6.533617 0.000000
-2.505626 -6.205997 6.498816 0.000000
-1.975609 -5.115541 6.010846 0.000000
-2.825321 5.680981 7.455645 0.000000
-1.769660 4.574766 6.171527 0.000000
-2.027783 5.205226 6.449944 0.000000
-2.094609 4.915210 6.437986 0.000000
-2.188493 4.858307 6.596663 0.000000
-2.521258 5.185157 6.932021 0.000000
-3.043350 5.530001 7.410485 0.000000
-2.904642 5.383212 7.259129 0.000000
-3.131076 5.339480 7.494973 0.000000
-2.995390 -4.910640 7.022593 0.000000
0.608395 2.596925 3.673681 0.000000
0.824897 4.444982 4.576629 0.000000
0.245951 3.053459 4.227232 0.000000
1.465590 -6.126765 7.643435 0.000000
-0.544362 -3.067357 4.817650 0.000000
-1.484801 -4.803084 5.510523 0.000000
0.231481 -3.001555 4.056766 0.000000
1.985292 -1.463608 1.535406 0.000000
1.069576 -4.062497 3.152592 0.000000
0.989046 0.112701 0.626457 0.000000
-0.539700 -7.614331 4.482231 0.000000
-1.534810 -7.525882 5.458975 0.000000
-0.512650 -6.969277 4.459182 0.000000
-1.602023 -9.419054 5.485624 0.000000
-1.506716 -8.357343 5.425436 0.000000
0.475120 -6.435112 3.470129 0.000000
-1.026782 8.542369 5.473719 0.000000
-0.582713 6.875775 4.994676 0.000000
-1.626917 9.511390 6.087963 0.000000
1.464660 2.280311 1.102886 0.000000
1.414686 -7.696477 2.494354 0.000000
0.948770 -7.528982 2.971160 0.000000
0.990141 8.035792 3.442935 0.000000
0.908454 -8.761358 2.983163 0.000000
0.429166 -8.430817 3.477004 0.000000
-0.025964 7.832229 4.451807 0.000000
-0.331422 -9.695745 4.205485 0.000000
0.981812 -6.178761 2.986950 0.000000
1.497520 6.260811 2.859862 0.000000
1.935852 -2.492954 1.326990 0.000000
13.178321 0.731924 13.494905 0.000000
10.051065 0.859853 10.466909 0.000000
8.477660 1.000043 8.013318 0.000000
27.509552 -0.119508 27.098524 0.000000
27.045589 0.307325 27.577009 0.000000
27.284304 -0.810210 27.300991 0.000000
27.114737 -1.811011 27.428137 0.000000
11.831256 0.772317 12.485900 0.000000
18.513323 0.654931 18.925774 0.000000
27.134378 -0.060816 27.476099 0.000000
13.344071 0.738778 13.945743 0.000000
23.691286 0.503854 23.544197 0.000000
10.804272 0.819758 10.993084 0.000000
15.526862 0.707978 15.993617 0.000000
27.518276 0.207003 27.136051 0.000000
8.639938 0.934249 8.976370 0.000000
11.838313 0.771222 11.977777 0.000000
18.700346 0.562013 18.260426 0.000000
15.067086 0.723926 15.961941 0.000000
16.738241 -1.357590 16.762163 0.000000
27.072405 -1.601325 27.520912 0.000000
14.798240 -1.315940 15.448164 0.000000
9.675970 -1.180056 10.473618 0.000000
27.069540 -1.339358 27.533754 0.000000
21.010826 -1.613299 21.787626 0.000000
12.767804 -1.302332 13.457878 0.000000
8.500374 -1.087088 8.976597 0.000000
27.053839 -0.818324 27.569090 0.000000
10.508873 -1.198658 10.979781 0.000000
25.084936 -1.753765 25.414923 0.000000
13.612985 -1.295990 13.992094 0.000000
22.519184 0.596238 23.165007 0.000000
27.078970 -0.157382 27.526375 0.000000
27.117632 -1.333468 27.443453 0.000000
19.174284 -1.515389 19.460867 0.000000
9.319332 -1.147571 9.977064 0.000000
18.969765 -1.505973 19.255974 0.000000
11.038035 -1.269849 11.994415 0.000000
8.070277 -1.075493 8.492939 0.000000
0.505868 3.648394 4.860893 0.000000
0.211806 -4.019491 4.004418 0.000000
-2.138943 5.044736 6.553827 0.000000
-3.033307 6.051695 7.410017 0.000000
-3.112812 -4.999724 7.134263 0.000000
2.989268 0.825368 2.499904 0.000000
1.981186 0.454206 1.640824 0.000000
1.999841 -0.444973 1.610279 0.000000
1.998301 0.947645 1.637833 0.000000
3.001453 0.931221 2.497653 0.000000
2.975699 -0.296411 2.478910 0.000000
2.964351 -0.916290 2.411664 0.000000
3.466779 -0.998703 2.891973 0.000000
3.037204 -0.737227 2.498348 0.000000
1.467896 9.673356 8.002026 0.000000
-3.119342 8.011935 7.560699 0.000000
-2.065547 6.144760 6.439399 0.000000
-3.066652 7.420277 7.484801 0.000000
-3.162459 -8.928225 7.043075 0.000000
-1.600420 6.570525 5.991255 0.000000
0.446244 -0.486344 -0.070219 0.000000
0.471169 -0.846140 -0.071679 0.000000
0.462748 0.014500 -0.007404 0.000000
0.462047 0.883825 -0.011111 0.000000
0.589166 -1.943376 -0.006296 0.000000
0.463520 -1.723116 -0.119362 0.000000
0.600015 -2.490228 -0.008968 0.000000
0.496175 -1.182876 -0.062752 0.000000
0.559326 -1.325573 -0.008096 0.000000
0.494862 -2.813645 -0.124880 0.000000
0.476233 -2.299819 -0.130128 0.000000
0.412887 -3.159048 -0.217983 0.000000
0.310150 -3.588525 -0.334044 0.000000
0.628698 -5.549457 -0.073016 0.000000
0.638708 -4.479555 -0.037001 0.000000
0.539990 -3.694719 -0.108915 0.000000
0.620848 -3.272806 -0.014945 0.000000
0.560841 -2.533198 -0.049498 0.000000
0.516143 -0.735391 -0.017364 0.000000
0.458144 1.974096 -0.020010 0.000000
0.406473 1.354813 -0.073663 0.000000
0.430810 2.380782 -0.042216 0.000000
0.394622 3.312015 -0.058930 0.000000
0.441548 3.562758 -0.006700 0.000000
0.442286 2.910866 -0.020271 0.000000
0.358505 5.037369 -0.047724 0.000000
0.358988 4.188918 -0.073975 0.000000
0.287888 6.887598 -0.073139 0.000000
0.239568 4.589907 -0.182426 0.000000
0.233029 9.692019 -0.051419 0.000000
0.292872 6.048295 -0.086473 0.000000
-0.061619 15.418371 -0.191833 0.000000
-0.127516 7.555454 -0.469818 0.000000
-0.070693 5.484525 -0.465523 0.000000
-0.037560 4.127660 -0.466997 0.000000
-1.420106 40.054577 -0.860920 0.000000
-0.498599 11.793992 -0.720029 0.000000
0.690501 -7.955965 -0.094898 0.000000
0.491148 0.488411 0.035525 0.000000
0.480961 0.656125 0.016892 0.000000
0.501918 -0.444138 -0.013443 0.000000
0.499004 -0.117013 0.012640 0.000000
0.478884 2.597875 0.009828 0.000000
0.489053 3.221914 0.034106 0.000000
0.479874 3.502861 0.030562 0.000000
0.471738 4.124267 0.041774 0.000000
0.456671 5.294279 0.053353 0.000000
0.443378 6.633711 0.078956 0.000000
0.397713 -5.630528 -0.311281 0.000000
-3.973693 39.292973 -3.436584 0.000000
-0.902336 -16.399611 -1.905679 0.000000
-0.209265 -9.024360 -1.013703 0.000000
-0.703709 -23.592308 -1.929025 0.000000
-0.189475 -6.435521 -0.933359 0.000000
-0.066469 -11.974653 -0.960083 0.000000
0.084197 -4.761580 -0.594875 0.000000
0.121196 -7.758673 -0.653424 0.000000
0.315277 -15.349673 -0.672536 0.000000
-1.074239 14.136992 -1.229333 0.000000
0.365060 -9.152244 -0.439273 0.000000
0.677766 -22.316704 -0.498707 0.000000
0.437412 -4.225259 -0.227472 0.000000
0.398506 -6.132482 -0.329652 0.000000
0.585777 -11.279855 -0.264596 0.000000
0.302200 -4.919238 -0.382996 0.000000
0.351806 9.339771 0.058814 0.000000
0.455007 14.330328 0.300990 0.000000
0.034934 8.288557 -0.282662 0.000000
0.362832 5.631261 -0.033436 0.000000
-0.050617 32.772797 0.304977 0.000000
-0.001771 11.782959 -0.227790 0.000000
-0.007116 7.224665 -0.356324 0.000000
-0.579910 22.635065 -0.508119 0.000000
-0.308797 10.470535 -0.569429 0.000000
-0.378634 6.125686 -0.754688 0.000000
-0.560628 17.744783 -0.608953 0.000000
-0.465732 8.712867 -0.774341 0.000000
0.484670 1.379259 0.003377 0.000000
-0.269937 6.978291 -0.624019 0.000000
0.991906 -2.482536 0.376083 0.000000
0.135660 15.076871 0.002151 0.000000
0.003078 12.115504 -0.217935 0.000000
0.298409 7.461656 -0.045097 0.000000
-0.593873 24.497875 -0.463808 0.000000
-0.201915 10.238311 -0.469563 0.000000
0.912108 -4.963531 0.218567 0.000000
1.149750 -6.609800 0.411117 0.000000
1.132908 -5.406589 0.429866 0.000000
0.990582 -4.081890 0.324004 0.000000
1.139542 -12.634193 0.235692 0.000000
-0.986832 14.016654 -1.155444 0.000000
-3.410697 35.708218 -2.973856 0.000000
0.367088 -17.835169 -0.689448 0.000000
0.489174 -9.833756 -0.341432 0.000000
1.064659 -21.679747 -0.106289 0.000000
0.656365 -6.817282 -0.083101 0.000000
2.108692 -28.763016 0.738698 0.000000
0.579891 -5.062523 -0.116972 0.000000
0.764850 -7.457073 -0.006142 0.000000
1.249295 -8.074911 0.476355 0.000000
1.963233 -16.003483 0.958095 0.000000
0.903296 -6.272371 0.169917 0.000000
1.316830 -9.573311 0.505034 0.000000
0.395511 -7.038217 -0.347944 0.000000
0.728871 -14.975551 -0.232508 0.000000
0.628231 -9.437258 -0.195258 0.000000
0.693511 -6.093960 -0.033214 0.000000
-0.157212 -7.253365 -0.908112 0.000000
-0.173534 4.927653 -0.582070 0.000000
-1.487743 23.188051 -1.392469 0.000000
-0.625166 9.624846 -0.905255 0.000000
-1.206488 16.166286 -1.308646 0.000000
-0.722718 8.123919 -1.043011 0.000000
-1.380253 12.567013 -1.589221 0.000000
-3.750444 27.686613 -3.538316 0.000000
-1.474150 -23.289507 -2.691172 0.000000
-0.293473 -11.394815 -1.173467 0.000000
-0.327520 -14.701811 -1.297601 0.000000
0.080132 -5.065316 -0.622670 0.000000
0.204836 -8.500810 -0.583225 0.000000
0.210544 -21.153841 -0.950077 0.000000
0.123430 -4.325611 -0.547442 0.000000
0.215092 -6.128869 -0.509942 0.000000
0.436131 -11.241579 -0.434763 0.000000
1.463339 -37.230785 -0.144732 0.000000
0.486867 1.992392 0.007570 0.000000
0.478552 2.006146 0.000742 0.000000
0.996275 -1.779667 0.517157 0.000000
2.146214 -5.864923 1.424900 0.000000
1.954870 -4.745143 1.277691 0.000000
1.957250 5.563566 1.569102 0.000000
1.895413 4.963988 1.491539 0.000000
1.867517 5.854861 1.496565 0.000000
1.960280 7.442150 2.432806 0.000000
1.429283 2.907518 0.966169 0.000000
2.095325 5.671242 1.700851 0.000000
1.905564 -8.490380 1.998900 0.000000
2.184817 -6.581380 1.452678 0.000000
1.998112 -7.538341 1.901538 0.000000
2.208451 -6.065360 1.481204 0.000000
1.417180 -9.589341 2.447630 0.000000
1.253918 -11.787298 0.365677 0.000000
0.911303 -7.839032 0.138025 0.000000
1.710919 -15.113728 0.726081 0.000000
0.929444 -5.766049 0.218424 0.000000
1.269419 -9.167042 0.471444 0.000000
1.058753 -6.185998 0.332157 0.000000
0.480117 11.452934 0.243908 0.000000
0.438878 4.769609 0.025368 0.000000
2.392604 27.027067 2.588055 0.000000
1.188560 12.058283 0.972044 0.000000
0.694033 7.887482 0.354641 0.000000
0.483018 5.516011 0.086249 0.000000
1.703735 23.799149 1.816840 0.000000
0.640685 11.547928 0.418783 0.000000
0.673755 22.634062 0.771553 0.000000
0.336991 22.928522 0.427065 0.000000
0.200824 -34.507957 -1.317656 0.000000
0.195848 -13.635060 -0.743192 0.000000
0.466135 -8.171976 -0.320493 0.000000
0.841839 -17.318596 -0.202416 0.000000
0.751541 -9.748884 -0.063688 0.000000
1.730102 -24.900824 0.465019 0.000000
0.854983 8.260422 0.532199 0.000000
0.949021 5.303889 0.540704 0.000000
1.325544 6.801276 0.976449 0.000000
0.847154 6.342464 0.466121 0.000000
2.218532 -14.494850 1.248308 0.000000
6.582497 32.813156 6.941050 0.000000
1.624917 9.012482 1.320019 0.000000
5.823722 33.914520 6.212924 0.000000
2.483463 15.074688 2.345175 0.000000
1.697313 9.724562 1.412101 0.000000
2.341611 16.090981 2.241211 0.000000
4.483650 -38.693092 2.835207 0.000000
1.422875 6.987680 1.072091 0.000000
1.466509 -8.802588 0.668141 0.000000
3.103223 -19.571468 1.989711 0.000000
1.936067 -10.509649 1.090228 0.000000
5.804099 -35.481739 4.246237 0.000000
1.370229 -7.457285 0.601617 0.000000
1.334897 -5.232521 0.637042 0.000000
1.794706 -8.656724 1.001499 0.000000
0.965932 4.183496 0.535070 0.000000
3.264403 14.721899 3.116451 0.000000
4.135330 -21.091467 2.981736 0.000000
1.125552 -4.304081 0.455596 0.000000
1.406507 -6.034823 0.699921 0.000000
2.437064 -10.808236 1.569778 0.000000
1.972351 -7.262144 1.220296 0.000000
2.263277 -7.829662 1.483911 0.000000
1.594962 -7.004556 0.855572 0.000000
2.429741 -11.454585 1.538160 0.000000
5.041001 -22.772285 3.826688 0.000000
1.669834 -5.536235 0.969499 0.000000
1.963801 -9.594439 1.887772 0.000000
1.822931 -5.849242 1.112124 0.000000
1.586075 -4.876253 0.912601 0.000000
0.876584 8.963964 0.572695 0.000000
1.709092 13.955802 1.549108 0.000000
1.293971 7.312440 0.946586 0.000000
3.428372 31.211292 3.747797 0.000000
1.412076 10.577746 1.177841 0.000000
1.836861 19.006359 1.810873 0.000000
1.278108 14.258798 1.123142 0.000000
2.124701 34.709049 2.545428 0.000000
0.934696 11.143868 0.688147 0.000000
1.004926 22.300579 1.076435 0.000000
3.726382 -22.594208 2.519432 0.000000
2.094931 -11.283717 1.215250 0.000000
4.249261 -21.802038 3.071929 0.000000
1.327695 8.725163 1.024987 0.000000
0.940933 5.837757 0.555132 0.000000
1.498499 2.949636 1.038144 0.000000
1.451862 -7.080240 2.482392 0.000000
1.489277 -2.491304 0.880154 0.000000
1.953892 4.852163 1.555342 0.000000
1.473637 4.554180 1.053094 0.000000
3.013625 17.433418 2.944227 0.000000
1.831974 10.144028 1.558499 0.000000
2.133449 8.037143 1.802477 0.000000
2.733610 11.963843 2.510869 0.000000
4.908943 23.737753 5.014296 0.000000
1.864667 8.955010 1.571297 0.000000
2.806353 13.572144 2.614009 0.000000
5.956333 33.113220 6.325252 0.000000
2.110676 -4.799727 1.432020 0.000000
1.940549 -7.493285 1.973255 0.000000
-1.100458 -16.930660 -2.137658 0.000000
-0.221646 11.156874 -0.462433 0.000000
-0.058940 6.647299 -0.422964 0.000000
-0.019211 4.939607 -0.429734 0.000000
-0.621386 20.239294 -0.605302 0.000000
-0.290641 9.010897 -0.594392 0.000000
-0.881696 15.084002 -1.013284 0.000000
-0.610860 8.433937 -0.927035 0.000000
-1.239147 12.778090 -1.432576 0.000000
-3.124981 27.805841 -2.890710 0.000000
-0.388955 29.391815 -0.114464 0.000000
-0.235673 -9.895468 -1.064951 0.000000
-1.016934 -26.094978 -2.315376 0.000000
-0.115366 -6.952961 -0.857484 0.000000
-0.200160 -12.379742 -1.112035 0.000000
0.165663 -16.643658 -0.849563 0.000000
0.116274 -5.867104 -0.595961 0.000000
0.001597 -9.539344 -0.810364 0.000000
0.068842 8.907442 -0.235395 0.000000
0.144616 13.816009 -0.021170 0.000000
0.195689 7.984335 -0.135638 0.000000
0.792929 -25.400753 -0.492228 0.000000
0.262066 -6.670570 -0.484817 0.000000
0.706540 -12.257298 -0.189752 0.000000
0.481034 -5.433623 -0.229411 0.000000
0.632549 -4.572170 -0.051871 0.000000
1.200313 12.899450 0.998361 0.000000
1.826856 25.834452 1.992954 0.000000
0.468160 7.275687 0.116161 0.000000
0.776536 21.613277 0.829578 0.000000
0.457382 10.668025 0.203139 0.000000
0.209766 19.905298 0.217144 0.000000
0.038230 10.147054 -0.233602 0.000000
-0.142910 18.831387 -0.177425 0.000000
-0.467113 -27.603874 -1.809414 0.000000
0.067217 -12.180245 -0.820703 0.000000
0.058264 -15.509344 -0.910097 0.000000
1.147899 -21.453856 -0.015500 0.000000
1.192340 -8.606376 0.395225 0.000000
2.501582 -35.688278 0.924383 0.000000
1.230378 -14.308615 0.283825 0.000000
0.700495 9.949471 0.426813 0.000000
0.509664 16.758745 0.442477 0.000000
4.618714 -37.420036 2.988697 0.000000
2.284535 -14.993986 1.304980 0.000000
1.621015 -9.015209 0.822635 0.000000
1.858032 -12.754725 0.947327 0.000000
1.454992 -6.585546 0.715175 0.000000
0.046663 13.183694 -0.138677 0.000000
-0.253720 29.107992 0.012506 0.000000
-0.135684 10.673807 -0.394545 0.000000
-0.612022 15.788215 -0.725272 0.000000
0.585510 -18.587151 -0.494398 0.000000
0.656647 -10.493644 -0.191586 0.000000
1.611471 -21.562109 0.437576 0.000000
1.024006 -11.413980 0.163644 0.000000
2.762073 -26.569410 1.465113 0.000000
0.944828 -7.446630 0.182583 0.000000
-0.018855 13.115222 -0.190790 0.000000
0.271091 -20.438751 -0.861294 0.000000
0.623110 -10.567379 -0.228340 0.000000
1.062796 -32.909958 -0.447785 0.000000
0.982119 -13.882489 0.032687 0.000000
0.837517 -8.917065 0.032228 0.000000
-0.015208 3.766415 -0.455037 0.000000
-0.948627 29.256298 -0.687419 0.000000
-0.362059 10.867255 -0.612568 0.000000
-0.657012 19.439842 -0.668015 0.000000
-0.115507 5.922287 -0.501913 0.000000
-0.546471 7.903956 -0.876242 0.000000
-3.550532 35.357071 -3.101716 0.000000
-1.145522 11.240562 -1.381678 0.000000
-2.787763 21.915779 -2.720651 0.000000
-1.181607 -23.611519 -2.409095 0.000000
-0.976855 -39.496605 -2.656283 0.000000
-0.028335 -14.460610 -0.992421 0.000000
7.540962 -1.504343 7.515990 0.000000
7.962790 -1.037697 7.931608 0.000000
8.472560 -0.880031 7.946698 0.000000
9.983155 -1.106030 9.491476 0.000000
24.223969 -0.757314 23.870255 0.000000
26.505348 -1.816040 26.839792 0.000000
10.977204 0.777597 10.499450 0.000000
14.457278 0.340022 13.998768 0.000000
23.033058 -0.217694 22.427256 0.000000
27.508406 -1.323666 27.071112 0.000000
10.465585 0.874580 9.998951 0.000000
14.558290 0.713090 14.464151 0.000000
22.030142 0.335315 21.668098 0.000000
27.571585 -0.866010 27.004910 0.000000
13.938539 0.235358 13.486771 0.000000
11.977384 0.573047 11.499584 0.000000
13.951817 0.675336 13.490231 0.000000
24.058651 0.506751 23.876156 0.000000
10.080262 -1.167397 10.491430 0.000000
12.258198 -1.233815 11.959481 0.000000
9.010042 -1.110784 9.496776 0.000000
8.500170 -0.451380 7.998422 0.000000
13.620743 -1.272848 13.482275 0.000000
11.068154 -1.228210 11.439900 0.000000
13.939219 -0.596064 13.469923 0.000000
14.993338 -1.097722 14.469422 0.000000
8.944900 0.292489 8.492862 0.000000
13.506994 -0.892631 12.997115 0.000000
20.663023 -1.552498 20.254313 0.000000
13.470003 -1.275324 13.481690 0.000000
9.452670 0.266178 8.999701 0.000000
13.510139 -0.475379 12.992853 0.000000
26.584681 -1.454602 25.937479 0.000000
17.589035 -1.438329 17.952700 0.000000
9.948312 0.166725 9.498193 0.000000
16.434784 0.682549 16.485931 0.000000
8.579128 1.000192 8.159768 0.000000
13.412065 0.741464 12.997565 0.000000
9.646497 0.883067 9.993499 0.000000
-1.496682 -5.186894 5.504341 0.000000
-2.519918 -7.751763 6.469538 0.000000
-1.518851 8.882211 5.995292 0.000000
9.757499 -1.224061 10.997929 0.000000
12.473356 -1.329459 13.999999 0.000000
1.033374 -1.823335 3.316646 0.000000
6.845774 -1.110633 8.465906 0.000000
23.153639 -1.066235 25.901447 0.000000
24.787327 -0.147866 27.692316 0.000000
22.874594 -1.393947 25.636290 0.000000
17.946489 -1.554189 19.500561 0.000000
24.869017 0.360692 27.213118 0.000000
23.473288 -0.501163 26.263273 0.000000
21.871653 -1.124788 24.694136 0.000000
19.798872 0.578263 22.034092 0.000000
23.930201 -0.357313 26.703472 0.000000
23.292215 0.413018 25.758827 0.000000
9.052679 0.878836 10.987334 0.000000
14.477257 0.737548 15.973645 0.000000
24.387955 0.173395 27.176039 0.000000
24.106747 -0.531051 26.875071 0.000000
7.784836 0.966015 8.997521 0.000000
10.512971 0.802226 12.490464 0.000000
17.843849 0.643809 19.022001 0.000000
25.009373 -0.464043 27.922075 0.000000
8.994767 0.910110 9.959850 0.000000
16.969036 -1.493131 18.023556 0.000000
25.825562 -1.820858 28.040598 0.000000
14.145459 -1.363392 15.950058 0.000000
26.003611 -1.194953 28.589159 0.000000
19.907070 -1.628410 21.527746 0.000000
12.664265 0.765943 14.473453 0.000000
24.954947 -1.812521 27.028196 0.000000
15.690451 -1.402578 17.521597 0.000000
10.086223 -1.294298 11.964058 0.000000
24.526669 -0.891595 27.422327 0.000000
22.324043 -1.711242 24.506819 0.000000
12.898109 -1.363480 14.998808 0.000000
8.477379 0.942719 9.459547 0.000000
-2.528347 7.700210 6.965129 0.000000
-2.003161 7.266694 6.424235 0.000000
1.484092 9.320021 8.169849 0.000000
1.394310 -7.513091 7.543514 0.000000
-1.999012 -4.469211 6.033289 0.000000
-2.430923 -5.234192 6.595405 0.000000
-0.313684 -4.032510 4.524320 0.000000
-0.945562 -4.050478 5.275321 0.000000
-0.048410 -8.389396 3.949457 0.000000
0.993910 8.632705 3.455544 0.000000
0.475602 -6.785778 3.479581 0.000000
1.983306 3.323648 1.538078 0.000000
1.396000 7.326112 2.998242 0.000000
0.927593 7.918276 3.493842 0.000000
1.996632 -0.580449 1.595146 0.000000
-2.045521 -9.298528 5.938095 0.000000
-1.004014 -6.672898 4.974176 0.000000
-1.009001 -7.042269 4.941337 0.000000
-3.117569 -9.130589 7.036112 0.000000
-2.014502 -8.788321 5.938481 0.000000
0.954588 -4.969383 3.527180 0.000000
-0.541923 -7.497745 4.483863 0.000000
-0.315610 -3.100611 4.572752 0.000000
0.885118 -3.814272 4.833369 0.000000
0.109172 -2.537592 4.195189 0.000000
24.307646 -0.981673 27.143448 0.000000
11.168921 -1.327808 12.940995 0.000000
14.158907 -1.370418 16.417414 0.000000
25.971375 -0.259231 28.603544 0.000000
24.368851 -1.179107 27.254276 0.000000
20.354303 -1.678774 22.860975 0.000000
25.289122 0.209081 28.229313 0.000000
23.484398 -1.388543 26.321337 0.000000
17.498703 0.651959 18.730333 0.000000
24.299500 -0.225392 27.069769 0.000000
23.901829 -0.946336 26.731287 0.000000
23.234016 -1.749615 25.724777 0.000000
22.265663 0.480235 24.818829 0.000000
24.537359 -0.351463 27.392288 0.000000
9.655819 0.837525 11.478259 0.000000
15.490711 0.685161 17.379656 0.000000
15.690199 -1.388671 17.297899 0.000000
13.153056 -1.348810 14.932993 0.000000
25.254045 0.377860 27.814474 0.000000
25.539610 -0.793837 28.429018 0.000000
19.396797 0.544118 21.960438 0.000000
13.905867 0.754206 15.463125 0.000000
10.986862 0.798940 11.951610 0.000000
12.781702 0.748547 13.988149 0.000000
19.070444 0.634665 19.587383 0.000000
13.981626 0.722922 14.476921 0.000000
10.517969 0.819443 11.472238 0.000000
-1.996445 -4.730078 6.080911 0.000000
-2.479911 -4.871648 6.505060 0.000000
-1.289578 -3.880583 5.515517 0.000000
-3.092274 7.565587 7.546084 0.000000
6.964144 1.965260 6.495606 0.000000
11.004521 0.001760 10.482893 0.000000
10.967588 0.473590 10.495728 0.000000
7.460641 0.473208 6.999165 0.000000
15.946141 0.711054 15.497204 0.000000
16.844236 -0.143401 16.383425 0.000000
17.010242 -1.377082 16.973112 0.000000
21.511229 -0.596089 20.921673 0.000000
18.077393 -1.442264 17.922134 0.000000
14.200274 -1.279523 13.996840 0.000000
22.259634 -0.260564 21.883173 0.000000
17.485891 -0.620196 16.989475 0.000000
23.330214 0.000517 22.984171 0.000000
21.352633 -1.311956 20.915648 0.000000
13.490475 -0.980553 12.988473 0.000000
11.999454 -0.998559 11.468326 0.000000
18.377247 0.527449 17.929815 0.000000
16.447458 0.412391 15.998792 0.000000
12.413410 -0.473232 11.936183 0.000000
10.453081 -0.945942 9.926737 0.000000
15.892352 0.046103 15.456300 0.000000
11.942507 -0.474760 11.465822 0.000000
11.506232 -1.247864 11.995083 0.000000
15.518449 -1.295226 15.478486 0.000000
10.156342 -1.131431 9.983420 0.000000
21.131060 -1.575873 20.822924 0.000000
13.031313 -1.266461 12.985205 0.000000
-3.004973 -8.036431 6.932997 0.000000
-2.019221 -7.684513 5.949918 0.000000
-1.030274 8.112581 5.461519 0.000000
1.498223 -1.483572 1.037923 0.000000
-1.076052 -8.506938 4.983199 0.000000
1.498749 -7.248239 7.655647 0.000000
-1.529347 7.786942 5.973357 0.000000
-3.037303 9.753746 7.531334 0.000000
14.838939 0.717892 14.999263 0.000000
18.375319 -1.502323 18.950117 0.000000
11.765059 -1.416556 12.499973 0.000000
27.129206 0.178285 27.490446 0.000000
21.657887 0.553548 21.933935 0.000000
22.405205 -1.764567 23.185528 0.000000
17.520245 0.679762 17.880489 0.000000
26.809547 -0.220014 27.786686 0.000000
16.161728 -1.323615 16.385458 0.000000
13.439631 -1.303682 13.986789 0.000000
3.008728 -0.388175 2.499681 0.000000
3.563251 -0.858907 2.999575 0.000000
1.949397 7.165154 1.594555 0.000000
4.047829 18.183777 3.989605 0.000000
7.029250 -33.285080 5.538972 0.000000
2.144620 -8.195181 1.365185 0.000000
1.880552 -8.880892 1.986264 0.000000
2.162488 -7.376461 1.406945 0.000000
1.990557 -6.772051 1.942968 0.000000
1.436242 -8.433737 2.444200 0.000000
1.992710 3.987269 1.566782 0.000000
1.456850 5.773110 1.068160 0.000000
0.978421 4.562237 0.553713 0.000000
2.190805 10.019489 1.930029 0.000000
1.469597 7.325201 1.128616 0.000000
3.389725 17.332640 3.297764 0.000000
2.689716 16.852869 2.595511 0.000000
1.702424 10.475136 1.445755 0.000000
2.174636 17.072191 2.094749 0.000000
1.304451 10.218369 1.037363 0.000000
2.721820 -22.595491 1.512572 0.000000
1.831257 -11.395954 0.948038 0.000000
1.573471 -8.576975 0.784481 0.000000
3.868991 -21.941961 2.682319 0.000000
-2.011450 8.321556 6.462030 0.000000
-3.027903 -7.869379 6.994656 0.000000
2.063912 -2.565568 1.459969 0.000000
1.481859 -1.634317 1.014921 0.000000
-0.066193 -9.270939 3.932424 0.000000
0.960183 -6.525595 2.998002 0.000000
-0.535617 7.653131 4.968198 0.000000
1.635119 -4.204266 2.579124 0.000000
0.995335 -5.223662 0.297790 0.000000
1.119708 -7.873593 0.361993 0.000000
1.929031 -14.701892 0.955605 0.000000
3.103022 -21.350405 1.935802 0.000000
0.942496 -6.924831 0.194498 0.000000
2.760847 22.194235 2.808870 0.000000
2.125866 12.402311 1.921531 0.000000
3.468277 23.096216 3.545296 0.000000
1.590586 11.776552 1.366585 0.000000
1.226006 7.924944 0.891078 0.000000
1.415702 11.588043 1.191180 0.000000
0.939895 7.978714 0.620856 0.000000
2.232832 23.185446 2.311604 0.000000
1.443844 -16.735203 0.419737 0.000000
0.942452 -9.666121 0.116258 0.000000
2.216877 -23.730194 0.985389 0.000000
1.664387 8.034117 1.346878 0.000000
-0.150535 14.930957 -0.292181 0.000000
-0.914707 35.337898 -0.482365 0.000000
-1.461191 22.051476 -1.399390 0.000000
-0.260027 9.944936 -0.533780 0.000000
-3.609114 28.731726 -3.353506 0.000000
-1.542762 -20.931549 -2.684307 0.000000
-0.593363 -10.576975 -1.455429 0.000000
-1.766660 -37.025269 -3.359623 0.000000
0.010226 9.382300 -0.279426 0.000000
-0.426887 -14.456070 -1.389649 0.000000
0.002459 -20.337379 -1.126953 0.000000
0.179262 -10.687215 -0.671179 0.000000
0.823044 -36.110081 -0.751965 0.000000
0.634784 -14.388967 -0.325432 0.000000
0.771650 -8.847922 -0.037156 0.000000
0.667149 9.115284 0.369106 0.000000
0.369955 8.487844 0.049881 0.000000
1.202810 30.787128 1.501536 0.000000
0.268124 12.469855 0.064717 0.000000
0.148728 11.494574 -0.079598 0.000000
-0.233580 20.370720 -0.220057 0.000000
0.837076 -8.182611 0.053154 0.000000
0.907661 -19.171503 -0.196253 0.000000
-0.773040 18.458500 -0.813550 0.000000
-0.617839 -22.910528 -1.816562 0.000000
-0.082205 -11.305526 -0.962540 0.000000
-0.349755 -36.886616 -1.943054 0.000000
0.082495 -7.218949 -0.668314 0.000000
0.281023 -14.419044 -0.682151 0.000000
0.468850 -8.898015 -0.333972 0.000000
1.700773 -29.970453 0.295494 0.000000
1.327973 -13.114248 0.409824 0.000000
1.985937 4.214845 1.563116 0.000000
1.496670 8.677293 2.951342 0.000000
1.996680 -6.218375 1.967173 0.000000
1.493156 -5.518082 2.484134 0.000000
0.385517 -9.605017 3.485284 0.000000
0.968619 -7.388806 2.974835 0.000000
1.467487 -6.011608 2.490155 0.000000
0.120052 -9.827633 3.748834 0.000000
1.495062 5.307822 1.100843 0.000000
3.568725 15.771977 3.441210 0.000000
3.426921 17.569647 3.349894 0.000000
3.692901 -19.724195 2.576658 0.000000
2.022832 -10.077449 1.188901 0.000000
3.164809 -14.478772 2.197344 0.000000
1.797643 -6.467773 1.069523 0.000000
0.867561 -9.627592 2.993123 0.000000
4.186096 18.616627 4.151802 0.000000
1.932818 7.637372 1.599008 0.000000
2.550362 11.697997 2.319561 0.000000
4.697868 24.204697 4.802088 0.000000
1.495040 4.157252 1.062016 0.000000
1.487015 -6.939447 2.452803 0.000000
0.601210 10.529016 0.344960 0.000000
0.850800 19.496801 0.847747 0.000000
0.485630 8.510940 0.172473 0.000000
0.312290 36.082695 0.761805 0.000000
0.171339 11.700770 -0.056913 0.000000
-0.139913 23.251381 -0.046251 0.000000
1.699330 -6.731354 0.962193 0.000000
1.582659 -24.494684 0.341601 0.000000
1.841163 -12.272205 0.941827 0.000000
3.832606 -31.754608 2.382469 0.000000
2.132239 -13.876163 1.178255 0.000000
2.687241 -16.161274 1.673703 0.000000
1.837704 -9.809932 1.004229 0.000000
0.248084 -8.299190 -0.546299 0.000000
-0.905306 13.603786 -1.079517 0.000000
-0.528749 7.345150 -0.871316 0.000000
-2.933341 32.292622 -2.580167 0.000000
-1.129003 10.943494 -1.374339 0.000000
-2.465063 20.979851 -2.429384 0.000000
-1.317490 -33.715298 -2.791724 0.000000
-0.295075 -13.206005 -1.212744 0.000000
0.350338 -17.154333 -0.689139 0.000000
0.977786 -23.614388 -0.244726 0.000000
0.688453 -11.871635 -0.213024 0.000000
0.163202 12.867126 -0.034092 0.000000
-0.505893 26.427742 -0.323920 0.000000
-0.011373 6.011274 -0.392436 0.000000
1.222135 -15.215046 0.242437 0.000000
0.829270 -9.354298 0.005577 0.000000
1.515819 8.527674 1.197490 0.000000
2.141013 13.411976 1.965025 0.000000
4.035062 30.411427 4.322999 0.000000
2.082931 17.517200 2.011244 0.000000
1.094217 8.129107 0.774909 0.000000
1.646595 13.134594 1.481206 0.000000
0.936324 7.022768 0.580343 0.000000
2.681868 28.910578 2.923693 0.000000
1.103402 10.105360 0.837861 0.000000
1.153907 18.549307 1.125342 0.000000
3.875573 -19.473663 2.758866 0.000000
-2.508435 -9.591513 6.384445 0.000000
1.070568 -4.631588 3.105243 0.000000
0.497111 8.966842 3.960581 0.000000
4.498866 1.141165 3.998309 0.000000
4.000081 0.906349 3.498047 0.000000
4.487843 -0.119566 3.994241 0.000000
4.475911 0.471313 3.989797 0.000000
4.002050 0.024652 3.497631 0.000000
-2.052451 -8.158996 5.977535 0.000000
-3.005465 -9.038975 6.930521 0.000000
-2.533294 -8.266663 6.451064 0.000000
5.483307 -0.664221 4.945170 0.000000
4.002563 -0.336843 3.492218 0.000000
3.001262 0.310026 2.497365 0.000000
7.070031 -1.934080 6.477228 0.000000
6.075938 -1.497300 5.491160 0.000000
2.386676 12.692788 2.191923 0.000000
4.397557 26.643158 4.581454 0.000000
1.385317 6.150621 1.002778 0.000000
2.574318 15.779793 2.459484 0.000000
1.132432 9.322257 0.845627 0.000000
1.882148 15.338939 1.755930 0.000000
0.976317 3.754081 0.533491 0.000000
2.370638 -15.900599 1.335665 0.000000
2.569484 -17.063738 1.519606 0.000000
1.997248 -7.659059 1.222560 0.000000
0.448738 -7.295931 3.483224 0.000000
7.517840 34.780865 7.930828 0.000000
1.987509 6.203774 1.615060 0.000000
6.996582 -0.497885 6.496030 0.000000
6.998942 -0.550085 6.493158 0.000000
7.496693 -1.101800 6.950551 0.000000
6.451830 -0.562567 5.935812 0.000000
6.479989 -0.289592 5.992607 0.000000
5.506482 -0.493517 4.984281 0.000000
7.000589 0.329895 6.498059 0.000000
6.462857 0.304427 5.997365 0.000000
5.485828 -0.477722 4.965961 0.000000
7.477760 -0.544491 6.976823 0.000000
7.533237 -1.231080 6.979154 0.000000
4.903256 0.717279 4.410746 0.000000
4.989512 1.263322 4.488248 0.000000
5.495234 1.303661 4.999687 0.000000
5.468406 0.320740 4.998170 0.000000
7.501826 0.977386 6.998804 0.000000
4.503424 0.243819 3.997309 0.000000
7.708318 0.959408 7.482451 0.000000
-1.521882 -8.584987 5.406681 0.000000
-0.020869 8.120024 4.460494 0.000000
-1.516975 -3.644587 5.570951 0.000000
-2.771008 -4.117095 6.818471 0.000000
19.965784 0.575431 21.259583 0.000000
26.413605 -0.167311 28.198774 0.000000
18.456375 0.650816 19.052296 0.000000
25.405682 -1.810518 26.820267 0.000000
14.225442 -1.335374 15.479759 0.000000
20.480433 -1.619861 21.744205 0.000000
16.238207 -1.401714 17.525156 0.000000
24.314196 -1.767756 26.089006 0.000000
23.478483 0.456348 24.582445 0.000000
15.971620 0.680747 16.728863 0.000000
13.507864 -1.319641 14.497694 0.000000
19.488565 -1.541004 20.064423 0.000000
16.809355 -1.414924 17.673174 0.000000
0.600319 4.539819 4.804013 0.000000
-2.879979 -5.819488 7.058027 0.000000
-3.039459 7.668934 7.480625 0.000000
16.274378 -1.494242 18.037128 0.000000
16.934351 0.670629 18.023846 0.000000
13.490767 0.739365 14.447043 0.000000
18.395168 -1.569405 20.021097 0.000000
18.843552 0.596969 20.514400 0.000000
20.805199 -1.681052 23.036917 0.000000
13.884609 0.744996 14.997234 0.000000
-0.545424 9.235653 4.989531 0.000000
0.091686 -5.132256 4.058846 0.000000
-1.006748 -6.339302 4.980428 0.000000
-1.521006 8.206794 5.964368 0.000000
-0.026858 -9.632031 3.892285 0.000000
0.996549 9.614944 4.043029 0.000000
17.557753 -1.537785 19.040682 0.000000
19.328924 0.592750 20.755972 0.000000
20.976219 -1.612783 21.752647 0.000000
26.392376 0.344204 27.606880 0.000000
14.535642 -1.355040 15.981458 0.000000
20.924757 -1.634399 22.153950 0.000000
8.639117 -1.121672 9.475903 0.000000
16.302195 -1.379572 17.186819 0.000000
23.892897 -1.745106 25.133116 0.000000
13.312273 -1.325948 14.485071 0.000000
22.170235 0.614907 23.527969 0.000000
14.724072 0.731971 15.987650 0.000000
17.736048 0.671038 18.275324 0.000000
1.466971 8.249634 8.099333 0.000000
-0.967737 -4.627227 5.053922 0.000000
5.442746 -1.461852 4.849653 0.000000
-0.803479 9.388154 -1.092403 0.000000
-1.754124 15.211608 -1.883842 0.000000
-3.036152 -37.080284 -4.641594 0.000000
-0.902725 -13.983147 -1.844148 0.000000
-0.280472 -8.457436 -1.076822 0.000000
-0.716678 -19.560493 -1.788783 0.000000
-0.144539 -10.506170 -0.987360 0.000000
-0.264802 -33.249859 -1.765150 0.000000
-1.848267 20.706900 -1.823818 0.000000
0.658131 -19.744549 -0.464739 0.000000
0.030927 10.528168 -0.225094 0.000000
-0.101912 8.745914 -0.411841 0.000000
-0.009784 5.797245 -0.399255 0.000000
-0.121842 4.468284 -0.544249 0.000000
-0.599416 13.804060 -0.768609 0.000000
-0.436731 7.958059 -0.767356 0.000000
-0.124437 5.045092 -0.533520 0.000000
-2.070369 32.252468 -1.720949 0.000000
-0.588589 11.247277 -0.828020 0.000000
-0.900555 -19.757111 -2.005175 0.000000
0.025383 14.892635 -0.104951 0.000000
-0.523988 35.986916 -0.071125 0.000000
-0.159596 12.610473 -0.364104 0.000000
-1.075680 26.881529 -0.878517 0.000000
-0.453449 11.447978 -0.684696 0.000000
-0.344972 -10.479857 -1.195862 0.000000
-0.694150 -31.345407 -2.130111 0.000000
0.205064 -13.433175 -0.735977 0.000000
0.823775 17.660154 0.764153 0.000000
1.168087 -27.468925 -0.176418 0.000000
0.762168 -12.906218 -0.157449 0.000000
0.652890 -8.392149 -0.142774 0.000000
1.064216 11.082873 0.823014 0.000000
1.104249 21.416534 1.154739 0.000000
0.486839 6.198256 0.108552 0.000000
0.708488 15.941557 0.601430 0.000000
0.450601 12.679863 0.259287 0.000000
0.256374 26.681694 0.446390 0.000000
0.998814 -15.164786 0.009104 0.000000
1.732991 -20.386446 0.607472 0.000000
0.419798 -26.828945 -0.893341 0.000000
-0.261342 27.135290 -0.057980 0.000000
-0.523010 14.054611 -0.678970 0.000000
-2.798346 34.991405 -2.370982 0.000000
-0.928265 11.440336 -1.164066 0.000000
-2.408266 22.672810 -2.327970 0.000000
-0.236985 -19.977613 -1.349735 0.000000
0.206202 -10.173278 -0.634566 0.000000
3.486023 -18.477770 2.399330 0.000000
6.678739 -34.156353 5.144844 0.000000
3.210149 -13.911596 2.260000 0.000000
1.886057 6.729045 1.519401 0.000000
3.453366 15.292171 3.319898 0.000000
2.149078 9.511190 1.865159 0.000000
7.794580 38.222900 8.300945 0.000000
3.249714 16.089685 3.129164 0.000000
2.714281 17.968891 2.639473 0.000000
4.684764 -30.538298 3.255392 0.000000
2.256025 -12.886955 1.341200 0.000000
2.248491 6.231042 1.868979 0.000000
1.982504 9.466661 2.479483 0.000000
2.474261 16.880959 2.393531 0.000000
1.195961 9.919679 0.926276 0.000000
1.918417 15.962684 1.803976 0.000000
1.718262 -10.990026 0.846589 0.000000
1.234009 -7.009926 0.484677 0.000000
3.191947 -37.257717 1.574424 0.000000
0.968724 9.313601 0.674634 0.000000
1.162158 15.125547 1.026584 0.000000
0.673435 -16.776348 -0.363066 0.000000
1.555812 -22.753120 0.350223 0.000000
1.811874 -14.227853 0.860204 0.000000
2.459090 -19.752455 1.337462 0.000000
-0.483911 19.991320 -0.461621 0.000000
4.258862 22.176489 4.322636 0.000000
2.550571 13.576478 2.356837 0.000000
5.230728 30.792736 5.533039 0.000000
1.922805 9.992488 1.645252 0.000000
2.841175 17.294256 2.770919 0.000000
1.715440 12.104303 1.504739 0.000000
3.260312 24.967863 3.400599 0.000000
6.524229 -31.258062 5.074823 0.000000
0.240369 20.012215 0.250152 0.000000
3.218033 -24.556810 1.953298 0.000000
1.754698 -11.531143 0.877936 0.000000
3.851580 -24.723003 2.589527 0.000000
1.428591 -7.952706 0.664276 0.000000
2.302246 -11.606973 1.423764 0.000000
4.861959 -26.618837 3.545303 0.000000
1.615644 -7.569867 0.853817 0.000000
2.581568 -12.981344 1.649974 0.000000
1.909193 -8.085320 1.131792 0.000000
2.361498 23.734270 2.474804 0.000000
1.233601 12.059735 1.020690 0.000000
0.830385 9.715960 0.551940 0.000000
1.196670 16.661646 1.110988 0.000000
0.792213 8.276481 0.464557 0.000000
0.974987 12.538441 0.766943 0.000000
0.977186 28.551626 1.220478 0.000000
1.961009 5.199950 1.554080 0.000000
1.474250 3.700384 1.036573 0.000000
0.142898 32.058147 0.492181 0.000000
-0.516219 22.426508 -0.443761 0.000000
-1.076815 14.789467 -1.219346 0.000000
-3.686216 39.829994 -3.120500 0.000000
-1.092179 -18.494047 -2.173111 0.000000
-0.814983 -29.179178 -2.174899 0.000000
-0.301886 -12.688107 -1.211144 0.000000
0.971435 -26.944151 -0.350718 0.000000
0.923273 -20.601919 -0.205888 0.000000
2.379143 -31.537491 0.916219 0.000000
1.867416 -17.566952 0.816114 0.000000
1.249060 -9.837293 0.424426 0.000000
-2.214771 26.709963 -2.019751 0.000000
0.957660 -20.370199 -0.178380 0.000000
1.904953 -26.729513 0.587986 0.000000
-0.993639 12.248214 -1.203231 0.000000
1.408782 -9.077517 0.602965 0.000000
0.182245 13.630572 0.007440 0.000000
0.003786 30.642534 0.315086 0.000000
-0.030716 9.112238 -0.327471 0.000000
-0.676245 15.207123 -0.803536 0.000000
-0.411209 8.447555 -0.724762 0.000000
0.381875 -7.928656 -0.391464 0.000000
0.980035 -15.492814 -0.021475 0.000000
-3.122610 23.685663 -3.012343 0.000000
-1.048687 32.642799 -0.688304 0.000000
-1.139535 20.411831 -1.123084 0.000000
-0.517956 9.159348 -0.816159 0.000000
-1.122334 11.971697 -1.339568 0.000000
-1.665365 -24.931135 -2.928098 0.000000
-0.140882 -11.672933 -1.025703 0.000000
-0.059990 -7.866630 -0.843504 0.000000
-0.125329 -15.353277 -1.114105 0.000000
0.192242 -9.043372 -0.615724 0.000000
0.144273 -22.693970 -1.056825 0.000000
0.237545 -11.583334 -0.647536 0.000000
-0.002325 14.073599 -0.163638 0.000000
-3.112824 6.436916 7.516677 0.000000
7.959476 -0.393361 7.486074 0.000000
5.977909 1.370291 5.491034 0.000000
7.018384 -0.833437 6.490478 0.000000
9.097140 -1.074970 8.991803 0.000000
9.465202 -0.521271 8.975770 0.000000
8.954454 -0.534165 8.465551 0.000000
6.503432 1.152466 5.998834 0.000000
5.965394 -1.089208 5.403096 0.000000
5.546368 -0.961121 4.984897 0.000000
6.968681 -1.913161 6.376365 0.000000
19.820612 0.555895 21.742102 0.000000
9.582727 -1.273608 11.492795 0.000000
20.488737 -1.631003 22.043350 0.000000
23.928671 -1.762813 26.164158 0.000000
22.637264 0.437475 25.116627 0.000000
1.017993 9.775214 3.737087 0.000000
-2.527961 -7.443853 6.495667 0.000000
1.563013 1.259822 2.855247 0.000000
13.573936 -1.349342 15.460006 0.000000
9.064552 -1.234575 10.990161 0.000000
24.909206 -1.499995 27.788513 0.000000
18.951923 -1.592329 20.629789 0.000000
25.064186 -0.813567 27.765638 0.000000
22.640911 -1.168295 25.465660 0.000000
14.915520 -1.379530 16.919846 0.000000
21.245039 -1.678299 24.060329 0.000000
24.903006 0.346726 27.616407 0.000000
10.033034 0.817941 11.991378 0.000000
16.486151 0.677693 18.162086 0.000000
23.549805 -0.832997 26.296894 0.000000
21.600698 0.526546 24.056429 0.000000
7.882168 -1.137401 9.424363 0.000000
14.998255 0.701897 16.994066 0.000000
25.946035 0.324634 28.022278 0.000000
11.403768 0.775993 12.980536 0.000000
7.725702 1.000625 8.612005 0.000000
1.430958 8.569645 8.078666 0.000000
-1.490055 -4.138196 5.679374 0.000000
15.820876 -1.311866 15.995164 0.000000
22.677835 -1.681001 23.454779 0.000000
23.983084 0.450621 24.734709 0.000000
19.615679 0.623177 19.946247 0.000000
24.543917 0.255275 24.232891 0.000000
17.009199 -1.406631 17.484653 0.000000
15.019526 -1.340459 15.983381 0.000000
10.500549 -1.250833 11.491262 0.000000
25.873220 -1.791305 26.210075 0.000000
19.160851 -1.531052 19.851656 0.000000
16.130682 0.696743 15.969674 0.000000
12.299113 0.772077 11.972035 0.000000
20.593004 0.608026 20.358599 0.000000
8.253317 1.000485 7.796607 0.000000
11.473091 0.512884 10.995680 0.000000
9.156368 0.925881 8.972741 0.000000
12.464699 0.477569 11.997149 0.000000
11.441377 -0.473009 10.961391 0.000000
20.651983 -1.103277 20.200691 0.000000
14.001534 -1.300053 14.499985 0.000000
11.501585 -0.406487 10.996632 0.000000
19.038536 -0.984774 18.552256 0.000000
20.075439 -1.529182 19.667339 0.000000
8.951860 0.945845 8.495932 0.000000
11.972838 0.416416 11.499104 0.000000
18.456501 -0.123573 17.988634 0.000000
27.512632 -1.715942 27.044882 0.000000
9.517074 0.801261 8.961960 0.000000
17.506504 0.026161 16.929678 0.000000
9.909965 0.908450 9.488710 0.000000
12.956259 0.723478 12.491557 0.000000
17.457003 0.024735 16.982950 0.000000
16.534714 0.765522 15.995497 0.000000
25.032703 0.119496 24.736620 0.000000
7.512106 -0.780074 6.989430 0.000000
11.911696 -1.220783 11.443290 0.000000
9.507957 -1.141926 9.984114 0.000000
11.503921 -0.834678 10.986447 0.000000
16.818016 -1.341111 16.430143 0.000000
2.157129 -4.472257 1.478407 0.000000
1.505762 14.219873 1.352459 0.000000
2.745094 30.559574 3.050426 0.000000
1.011572 13.140480 0.827788 0.000000
1.723129 26.994146 1.928482 0.000000
0.903023 12.447565 0.687813 0.000000
0.969532 25.919077 1.144729 0.000000
1.688216 10.570374 1.428800 0.000000
2.767788 19.415009 2.751885 0.000000
3.562083 -23.253988 2.338400 0.000000
2.527319 -15.838731 1.518899 0.000000
1.922498 -9.410324 1.107709 0.000000
4.889174 -25.067080 3.612426 0.000000
2.643117 -11.666963 1.762581 0.000000
3.707233 16.525993 3.590355 0.000000
-3.096882 7.383822 7.522811 0.000000
-3.021120 8.589609 7.499390 0.000000
-2.027690 -6.625611 5.996215 0.000000
-2.030038 -6.088338 5.997659 0.000000
-1.006806 -9.586950 4.892472 0.000000
0.247954 25.941544 0.425021 0.000000
2.524306 20.497646 2.550866 0.000000
2.322614 22.601736 2.403996 0.000000
1.956514 -18.437408 0.898679 0.000000
3.308553 -27.294573 1.972110 0.000000
2.712503 -16.595526 1.673384 0.000000
1.604292 -9.679674 0.770294 0.000000
4.447661 -26.468071 3.130542 0.000000
1.560569 7.693661 1.229687 0.000000
2.473877 11.480338 2.237600 0.000000
2.328165 -12.049396 1.438075 0.000000
3.793682 19.634256 3.780802 0.000000
3.149672 19.231960 3.132008 0.000000
1.745816 11.021051 1.489796 0.000000
-0.437856 27.957294 -0.200307 0.000000
0.842505 -30.951820 -0.588235 0.000000
0.882692 -13.367940 -0.054655 0.000000
-2.922527 26.818897 -2.719564 0.000000
-1.109313 12.200271 -1.321025 0.000000
-1.348849 -19.141193 -2.432175 0.000000
-1.375319 -32.073616 -2.829963 0.000000
0.463892 -18.520763 -0.623788 0.000000
1.190566 13.976473 1.028959 0.000000
0.922523 6.804019 0.560719 0.000000
1.879729 28.111540 2.102344 0.000000
0.984709 23.724421 1.087718 0.000000
1.456925 -16.094746 0.442407 0.000000
0.062838 21.097277 0.120618 0.000000
-0.701821 -37.439415 -2.304397 0.000000
0.087335 -18.081207 -0.975593 0.000000
1.278005 -26.477274 -0.028427 0.000000
4.967637 22.461775 5.021558 0.000000
2.310893 7.914166 1.976773 0.000000
2.567945 11.264909 2.318412 0.000000
4.134477 21.373068 4.177770 0.000000
2.512085 13.141190 2.328828 0.000000
5.120713 28.568872 5.344902 0.000000
2.850398 16.194296 2.749891 0.000000
0.997375 9.163624 3.474103 0.000000
0.613462 14.531790 0.458277 0.000000
1.489359 -11.628623 0.612694 0.000000
4.021165 -33.068802 2.519978 0.000000
0.543660 37.679268 1.038752 0.000000
-0.032147 9.884818 -0.311418 0.000000
-0.481808 17.173677 -0.556599 0.000000
-2.629799 34.387047 -2.216001 0.000000
1.374668 -19.920519 0.259354 0.000000
1.241210 -10.658139 0.389748 0.000000
2.357193 -24.110638 1.113622 0.000000
-0.003498 12.450335 -0.208780 0.000000
-0.830066 16.788673 -0.915284 0.000000
-0.951226 12.655933 -1.145908 0.000000
-2.730867 28.298491 -2.487164 0.000000
-1.040000 10.462711 -1.294429 0.000000
-2.341812 18.760572 -2.369882 0.000000
-1.295735 -24.216753 -2.529726 0.000000
0.386891 -20.739925 -0.754403 0.000000
0.429849 -10.691049 -0.433973 0.000000
1.472521 -34.572350 -0.063782 0.000000
3.421941 -18.868681 2.314376 0.000000
1.629039 16.832394 1.549853 0.000000
1.719429 27.813383 1.928710 0.000000
1.852937 -10.453428 1.009107 0.000000
3.599800 -18.562300 2.508205 0.000000
4.278250 -19.301107 3.163465 0.000000
1.686096 12.369555 1.471617 0.000000
2.711435 25.206913 2.875036 0.000000
-3.113194 -9.927499 7.008087 0.000000
1.965210 2.939934 1.515674 0.000000
0.994626 -5.311834 2.995288 0.000000
-1.003454 -5.592672 4.999338 0.000000
-3.012001 9.476016 7.504861 0.000000
-1.537836 -7.422539 5.489616 0.000000
3.392176 24.814400 3.530565 0.000000
1.498975 9.766116 1.225165 0.000000
2.014898 15.850309 1.913333 0.000000
2.325359 24.064497 2.442175 0.000000
3.481371 -16.314600 2.455888 0.000000
2.306998 -9.131672 1.489728 0.000000
1.494107 -21.495853 0.335243 0.000000
2.257175 -23.213907 1.037509 0.000000
3.329813 -27.570450 1.992526 0.000000
5.323606 -36.657459 3.728650 0.000000
2.612233 -14.935066 1.633768 0.000000
3.981168 17.667046 3.912908 0.000000
12.954656 0.288586 12.499658 0.000000
8.006002 0.826901 7.497852 0.000000
13.677547 0.725848 13.996412 0.000000
21.338186 -0.012093 20.945787 0.000000
23.836143 -1.244304 23.468327 0.000000
16.045786 -1.306252 15.968134 0.000000
22.199924 -0.976083 21.797125 0.000000
17.526533 -1.400416 17.203737 0.000000
23.125496 0.522410 22.844305 0.000000
15.988284 -0.785972 15.497267 0.000000
20.835638 0.019521 20.431170 0.000000
14.565141 -0.272045 13.990599 0.000000
19.258760 0.657357 18.910168 0.000000
10.468232 -0.430621 9.991208 0.000000
11.295272 -1.186869 10.928043 0.000000
27.519173 -1.794663 26.878744 0.000000
1.997933 -1.975083 1.526117 0.000000
0.491352 8.256310 3.940467 0.000000
-1.010347 -7.857491 4.937081 0.000000
0.581877 -2.162490 3.780857 0.000000
-0.110450 -2.582566 4.417948 0.000000
19.402161 -1.503591 18.988419 0.000000
12.989917 -1.267202 12.994870 0.000000
18.751272 0.642163 19.343256 0.000000
24.664011 0.428232 25.262548 0.000000
16.006927 0.680195 16.755878 0.000000
17.480513 -1.444451 18.102297 0.000000
26.449657 -1.787538 26.117670 0.000000
18.042809 0.667276 18.463171 0.000000
22.694548 0.566100 22.992746 0.000000
15.425896 0.704621 15.498807 0.000000
15.353652 -1.374329 16.985678 0.000000
13.716263 -1.334947 14.968782 0.000000
7.012553 -1.122694 8.966993 0.000000
21.790016 -1.711568 24.387300 0.000000
25.932014 -0.910323 28.622309 0.000000
24.000956 -1.291991 26.880095 0.000000
16.996904 -1.516995 18.665226 0.000000
22.987265 -1.766221 25.418123 0.000000
20.889553 0.534611 22.683828 0.000000
18.967318 -1.627392 21.420540 0.000000
14.443057 0.736794 16.304140 0.000000
0.050869 -4.652020 4.080408 0.000000
-3.093370 -9.530980 6.981513 0.000000
2.167140 -4.943594 2.024969 0.000000
17.235596 0.642249 19.126053 0.000000
22.297825 0.504643 24.060074 0.000000
15.074058 0.715820 16.392563 0.000000
17.089468 -1.542234 19.018433 0.000000
-3.006089 -6.418228 6.993927 0.000000
8.007037 -0.781568 7.493572 0.000000
5.502610 0.380729 4.998570 0.000000
6.000370 -0.483646 5.486203 0.000000
8.006201 0.443448 7.498035 0.000000
8.218192 0.965097 7.975604 0.000000
-0.354228 -5.402966 4.508962 0.000000
-0.076340 -23.111341 -1.290444 0.000000
0.653253 -15.872316 -0.341351 0.000000
-0.029558 -9.112001 -0.844399 0.000000
-0.814656 31.593700 -0.471208 0.000000
-0.718382 20.555965 -0.693883 0.000000
-1.031291 15.123359 -1.161511 0.000000
-3.392869 26.558384 -3.196241 0.000000
-1.836779 -23.850777 -3.071772 0.000000
-0.580434 -11.424739 -1.465847 0.000000
-0.260515 -5.940698 -0.972616 0.000000
-0.181330 21.896824 -0.121885 0.000000
-0.808239 19.715509 -0.804274 0.000000
-1.058401 -28.843853 -2.427233 0.000000
0.287115 -16.050737 -0.718437 0.000000
0.413738 25.676262 0.578596 0.000000
0.769209 -22.783623 -0.435669 0.000000
1.223092 -14.734070 0.257555 0.000000
0.991422 14.720463 0.842531 0.000000
1.351989 32.947021 1.721840 0.000000
0.968405 16.153460 0.868516 0.000000
0.490636 27.796793 0.714849 0.000000
-0.464855 19.021845 -0.457248 0.000000
-0.462115 22.417522 -0.388880 0.000000
-0.521170 12.185351 -0.730450 0.000000
-0.292731 7.232077 -0.643187 0.000000
-2.248144 25.778137 -2.080259 0.000000
-0.765971 10.454068 -1.027241 0.000000
-2.038505 17.937967 -2.091344 0.000000
-1.390680 -33.079075 -2.887185 0.000000
0.627355 -23.512756 -0.603550 0.000000
2.120460 32.050236 2.464947 0.000000
1.013123 -10.488074 0.162134 0.000000
2.888033 -29.345045 1.495156 0.000000
1.446886 -12.688964 0.537616 0.000000
2.119107 -16.548605 1.094443 0.000000
2.636393 27.731133 2.859005 0.000000
3.708129 -25.785843 2.417868 0.000000
2.267948 13.261037 2.087356 0.000000
4.298859 27.232153 4.469765 0.000000
1.961024 12.685139 1.765627 0.000000
3.241485 26.316114 3.424147 0.000000
1.565607 12.860125 1.370143 0.000000
3.562024 -15.647342 2.559646 0.000000
-0.498273 15.423890 -0.621744 0.000000
0.925177 13.787921 0.763049 0.000000
0.965237 10.138484 0.696012 0.000000
1.353456 18.440454 1.304030 0.000000
0.982619 32.883450 1.348050 0.000000
0.113902 21.944874 0.171761 0.000000
-0.141512 16.749767 -0.226369 0.000000
3.004664 -34.229538 1.476548 0.000000
1.733008 -13.343689 0.806614 0.000000
4.294583 -36.493999 2.747289 0.000000
1.979114 -14.222127 1.005625 0.000000
2.832230 -15.455240 1.829316 0.000000
3.379948 -17.744127 2.317492 0.000000
2.141176 8.806934 1.839290 0.000000
6.681571 31.171125 6.993225 0.000000
4.702675 36.003181 5.130574 0.000000
2.131234 19.639687 2.114955 0.000000
3.335804 35.191757 3.774631 0.000000
2.089755 11.622439 1.857539 0.000000
3.647521 22.577202 3.700135 0.000000
2.273274 14.313313 2.135494 0.000000
-0.464310 37.776791 0.040217 0.000000
-1.066838 28.200485 -0.831124 0.000000
-1.217185 -24.002707 -2.452311 0.000000
0.435500 14.571919 0.285877 0.000000
-0.022980 -14.731657 -0.996550 0.000000
0.630075 18.235891 0.584390 0.000000
1.881117 -28.156258 0.525591 0.000000
2.908996 -23.755503 1.676846 0.000000
1.668917 -19.943476 0.541470 0.000000
-0.466131 16.059359 -0.571680 0.000000
-0.636606 12.590147 -0.839306 0.000000
-2.084388 27.121704 -1.878022 0.000000
-1.953451 18.965525 -1.976216 0.000000
-0.180482 -19.126854 -1.278608 0.000000
0.396630 -25.470533 -0.881544 0.000000
0.407824 -12.025518 -0.484171 0.000000
1.571951 -39.700348 -0.109179 0.000000
0.137825 -3.592270 -0.512236 0.000000
-5.200800 37.889725 -4.688531 0.000000
-0.811592 -14.681459 -1.761920 0.000000
-0.324275 -8.800274 -1.128013 0.000000
-0.771717 -21.628315 -1.940104 0.000000
-0.451480 -39.332176 -2.120262 0.000000
0.247851 -14.587374 -0.726507 0.000000
-1.595742 14.279879 -1.749963 0.000000
0.835540 -21.602949 -0.378699 0.000000
-0.305093 17.292042 -0.375829 0.000000
-0.397534 13.266711 -0.581139 0.000000
-1.721662 28.310074 -1.482237 0.000000
-0.514145 10.520949 -0.774131 0.000000
-1.630969 19.009113 -1.652815 0.000000
-0.717350 8.541882 -1.030112 0.000000
23.705378 -1.711312 24.195398 0.000000
24.924480 -1.783392 26.041353 0.000000
19.297480 -1.584675 20.671879 0.000000
15.548240 -1.338619 16.448112 0.000000
25.368488 0.382808 26.546577 0.000000
15.900569 0.683925 16.494005 0.000000
19.405704 0.620883 20.000309 0.000000
16.549417 0.678083 17.533401 0.000000
-1.508256 -6.386254 5.485434 0.000000
26.356197 -1.836365 27.589571 0.000000
20.807459 -1.655607 22.515831 0.000000
25.375143 -1.824414 27.595556 0.000000
19.496780 -1.610716 21.315041 0.000000
18.954681 0.612398 20.024895 0.000000
24.860165 0.389002 26.525354 0.000000
20.900551 0.550169 22.018936 0.000000
17.920082 0.664502 18.540810 0.000000
22.490141 0.506588 23.229017 0.000000
24.465609 0.417858 26.409386 0.000000
25.923580 -1.842523 27.728254 0.000000
6.500334 0.254760 5.997254 0.000000
6.516036 -0.988473 5.969307 0.000000
6.421603 1.845525 5.941250 0.000000
7.502266 -0.485911 6.997167 0.000000
5.519772 -1.390562 4.931947 0.000000
5.013583 -0.400009 4.495044 0.000000
1.474108 7.692204 1.148353 0.000000
2.090958 18.225210 2.026901 0.000000
1.835897 17.346554 1.769970 0.000000
1.387924 17.296335 1.323181 0.000000
0.601698 10.036466 0.322994 0.000000
2.084898 -10.954032 1.233390 0.000000
3.028281 -15.336659 2.038505 0.000000
2.308903 10.504710 2.095019 0.000000
3.757708 18.914164 3.707078 0.000000
2.172495 11.176522 1.927996 0.000000
3.659734 21.639051 3.689097 0.000000
5.704467 -37.132603 4.098089 0.000000
3.926908 -20.820131 2.780686 0.000000
-3.075208 -8.735618 6.988137 0.000000
5.082181 -1.469925 4.485572 0.000000
5.000172 1.115780 4.498534 0.000000
4.503826 0.978218 3.999454 0.000000
0.849916 13.328671 0.659943 0.000000
3.245942 35.634777 3.680025 0.000000
2.132279 31.291721 2.454530 0.000000
1.137911 29.994438 1.419373 0.000000
0.397162 13.285276 0.232939 0.000000
0.314353 30.964119 0.625338 0.000000
1.195375 -24.549623 -0.047196 0.000000
4.124355 19.465359 4.095247 0.000000
3.554051 19.030523 3.518047 0.000000
3.358376 20.331543 3.369809 0.000000
3.088750 -17.095345 2.043395 0.000000
1.854543 11.671927 1.630924 0.000000
3.156359 23.590866 3.252435 0.000000
2.265660 -17.563213 1.207225 0.000000
4.198305 -27.412535 2.855438 0.000000
2.275205 -9.725403 1.444204 0.000000
5.986395 -30.820377 4.542406 0.000000
2.866452 -13.180655 1.929983 0.000000
0.817141 -13.830097 -0.125306 0.000000
-1.473222 -21.983616 -2.644384 0.000000
-0.418300 -10.982380 -1.282948 0.000000
-1.381947 -37.858124 -3.003886 0.000000
1.111289 -33.897255 -0.405894 0.000000
0.063926 31.814302 0.402712 0.000000
1.467467 -10.854875 0.617265 0.000000
2.464597 -21.104094 1.308258 0.000000
0.482687 9.037044 3.979842 0.000000
1.999351 -4.976976 1.995274 0.000000
4.426482 26.167599 4.598262 0.000000
1.922966 11.305799 1.681769 0.000000
1.990577 8.557468 2.445061 0.000000
1.064190 -12.401587 0.166831 0.000000
3.446888 -37.611240 1.816081 0.000000
0.096633 24.521200 0.227322 0.000000
-2.052405 31.756443 -1.712621 0.000000
-1.820019 21.629772 -1.766918 0.000000
-0.581963 -12.103778 -1.467218 0.000000
-0.966669 18.357431 -1.005778 0.000000
-1.062412 13.732453 -1.230433 0.000000
-3.339040 32.816799 -2.965909 0.000000
-2.676897 20.844103 -2.641667 0.000000
-1.917993 -27.316721 -3.213310 0.000000
-0.110943 -16.159163 -1.109809 0.000000
0.196780 -24.665735 -1.051245 0.000000
0.163143 -6.946228 -0.583320 0.000000
-0.804026 27.755981 -0.580052 0.000000
0.833848 -16.283609 -0.177410 0.000000
3.253647 -20.860352 2.098458 0.000000
4.099657 -22.439562 2.897473 0.000000
2.427345 -11.819189 1.542227 0.000000
5.415374 -25.956598 4.110206 0.000000
1.755084 20.331650 1.750213 0.000000
1.085743 14.630446 0.936803 0.000000
1.955381 37.594131 2.448109 0.000000
0.817166 23.350916 0.913027 0.000000
0.405000 9.714555 0.121898 0.000000
0.390403 17.109911 0.323156 0.000000
2.627754 -20.813864 1.472812 0.000000
-0.008667 -5.724366 3.997144 0.000000
7.571598 -1.936520 6.983184 0.000000
3.679902 16.031002 3.561699 0.000000
2.414035 12.020184 2.202624 0.000000
4.483785 25.181793 4.615370 0.000000
2.513211 15.161822 2.358938 0.000000
1.442730 23.080854 1.519505 0.000000
0.823704 16.945826 0.777993 0.000000
3.066726 -15.576544 2.081365 0.000000
3.726190 -16.718058 2.678426 0.000000
2.038974 21.112812 2.077197 0.000000
1.415020 14.576527 1.271531 0.000000
3.437323 39.322273 3.968850 0.000000
0.909848 11.632883 0.682857 0.000000
-1.986665 9.755006 6.508018 0.000000
-2.498931 -5.641129 6.631816 0.000000
19.999542 -1.650269 22.131409 0.000000
25.179283 -1.409011 28.170778 0.000000
25.314867 -0.088157 28.245640 0.000000
17.983841 -1.584696 20.217190 0.000000
16.958857 -1.504401 18.026789 0.000000
10.022381 -0.929328 9.499935 0.000000
9.950848 -0.315608 9.483960 0.000000
10.002454 0.351085 9.495565 0.000000
14.888828 -0.002576 14.448320 0.000000
23.569399 -1.563620 23.178570 0.000000
10.462008 0.252745 9.999345 0.000000
14.446621 -0.006987 13.999736 0.000000
26.060246 -1.491619 25.732569 0.000000
7.008482 -1.466461 6.438690 0.000000
10.534002 0.561510 9.976689 0.000000
22.577272 -0.534892 22.199869 0.000000
20.272198 -0.494483 19.835510 0.000000
18.310268 0.388281 17.857025 0.000000
17.288406 0.696512 16.981482 0.000000
22.043030 -1.152459 24.879694 0.000000
17.710781 -1.500754 18.418287 0.000000
20.200819 -1.567482 20.667164 0.000000
8.100883 0.952557 8.493890 0.000000
16.843985 0.687430 16.944977 0.000000
20.197374 0.620522 19.997976 0.000000
18.443298 -1.500188 18.494396 0.000000
23.188425 -1.696923 23.844822 0.000000
23.132826 0.500465 23.531111 0.000000
19.914568 0.612675 20.258667 0.000000
14.132915 0.717994 14.484557 0.000000
25.318899 0.409852 25.810671 0.000000
13.659507 0.751476 15.885706 0.000000
7.046223 0.987313 8.497135 0.000000
23.947357 -1.749368 25.754869 0.000000
23.700542 -1.808356 26.510715 0.000000
19.454367 0.581233 21.245699 0.000000
16.512104 0.661943 18.566748 0.000000
22.225714 -1.549628 25.036552 0.000000
23.509066 -1.221631 26.258112 0.000000
15.480997 0.692234 16.812540 0.000000
1.483141 -8.564179 7.604294 0.000000
17.516706 -0.018980 17.041292 0.000000
16.621723 0.687262 16.485806 0.000000
15.455969 0.714413 14.999966 0.000000
14.223162 0.723520 13.967977 0.000000
24.325174 -1.644515 23.943743 0.000000
18.635807 -1.471425 18.457670 0.000000
22.387041 -1.136094 21.983725 0.000000
15.404627 -1.290150 14.999753 0.000000
19.009058 0.639796 19.428984 0.000000
14.502428 -1.302948 14.989753 0.000000
20.586159 -1.576035 20.852026 0.000000
0.935768 -38.789375 -0.715950 0.000000
-1.615351 -22.456017 -2.804376 0.000000
0.096752 -21.396276 -1.051727 0.000000
0.290116 -11.430903 -0.587507 0.000000
-2.781259 26.210604 -2.598843 0.000000
-0.192837 26.662775 0.000733 0.000000
-0.722345 18.714520 -0.749136 0.000000
-0.826787 14.831385 -0.964484 0.000000
-3.145476 39.400040 -2.591962 0.000000
1.120314 26.264393 1.301894 0.000000
0.412893 23.929684 0.535992 0.000000
-0.143361 22.938181 -0.070028 0.000000
0.613963 -21.608665 -0.558382 0.000000
1.577726 -34.200558 0.055084 0.000000
1.979191 -18.750723 0.898919 0.000000
1.431799 -18.227859 0.316042 0.000000
0.953155 -10.469890 0.096786 0.000000
2.053252 -21.696234 0.879936 0.000000
3.565015 -29.711987 2.167844 0.000000
-1.954871 26.315449 -1.769999 0.000000
1.985524 -13.625972 1.044595 0.000000
0.475049 28.701271 0.725493 0.000000
0.536290 13.188177 0.362283 0.000000
-0.388355 14.954159 -0.522880 0.000000
-0.817361 11.865022 -1.037698 0.000000
-2.217014 23.810030 -2.102351 0.000000
-0.725015 9.596933 -1.008842 0.000000
-2.002109 16.737617 -2.085857 0.000000
-1.392215 -25.363056 -2.666196 0.000000
0.356365 -21.600567 -0.809639 0.000000
-0.201934 21.058020 -0.174511 0.000000
6.468482 29.502542 6.737724 0.000000
2.883647 -18.907166 1.778502 0.000000
5.570684 -33.415684 4.067729 0.000000
4.394628 22.810171 4.469479 0.000000
3.179763 24.378193 3.307084 0.000000
2.891099 28.655054 3.138761 0.000000
4.112854 -34.103657 2.591387 0.000000
1.412369 11.279462 1.186147 0.000000
1.976120 20.696377 1.986842 0.000000
6.746548 -38.567802 5.097165 0.000000
2.653514 -14.048894 1.689108 0.000000
7.128845 -34.898449 5.582551 0.000000
3.668612 35.818211 4.086096 0.000000
2.891020 21.119463 2.925906 0.000000
1.368103 9.164220 1.077226 0.000000
1.966807 14.027808 1.805449 0.000000
-0.366695 13.910698 -0.534526 0.000000
-1.831125 33.124374 -1.455384 0.000000
1.275474 -18.562126 0.195202 0.000000
2.883160 -24.013155 1.647468 0.000000
4.478830 -31.276379 3.042112 0.000000
7.687685 34.712418 8.100127 0.000000
3.599870 16.379961 3.489919 0.000000
3.868109 20.334764 3.859650 0.000000
-2.248248 -27.917902 -3.589931 0.000000
-2.967607 24.960915 -2.820159 0.000000
-0.701390 -12.070354 -1.602280 0.000000
-0.252850 -7.863497 -1.026935 0.000000
-0.521420 -16.944048 -1.554404 0.000000
-0.085041 -9.591330 -0.916834 0.000000
-0.172184 -26.458017 -1.474363 0.000000
-0.752075 29.020037 -0.492340 0.000000
0.878473 -28.140659 -0.472052 0.000000
0.633012 15.208849 0.513402 0.000000
1.537316 35.998104 1.991032 0.000000
-0.192244 23.605806 -0.085065 0.000000
-0.864925 21.353456 -0.792756 0.000000
-1.631543 -38.685345 -3.248637 0.000000
1.054670 35.802738 1.503383 0.000000
0.317118 22.315657 0.382152 0.000000
-2.105526 34.701641 -1.687203 0.000000
-1.741776 15.762479 -1.852937 0.000000
-1.459023 -32.627567 -2.934175 0.000000
0.572051 -24.383200 -0.671200 0.000000
1.380422 -15.593851 0.391680 0.000000
26.758472 -0.444092 26.478300 0.000000
19.669086 -1.537784 19.963060 0.000000
23.790270 -0.705759 23.438162 0.000000
23.552320 0.502574 23.489441 0.000000
20.400007 -1.581860 21.020159 0.000000
21.085054 -1.485202 20.468031 0.000000
23.590870 0.470908 24.186226 0.000000
20.264105 0.600059 20.626217 0.000000
14.487683 0.728430 14.985894 0.000000
16.166243 -1.365906 16.999870 0.000000
18.996819 -1.500878 18.985102 0.000000
24.361666 -1.746828 25.105879 0.000000
12.499906 -1.301510 13.488459 0.000000
24.386715 0.431869 25.238657 0.000000
-3.129546 5.927975 7.502754 0.000000
21.006599 0.541587 23.031916 0.000000
25.975700 -1.691348 28.555563 0.000000
-2.505362 8.838859 6.999133 0.000000
4.461015 -1.265438 3.931299 0.000000
2.505309 14.665446 2.362433 0.000000
4.965312 32.937962 5.337816 0.000000
2.035825 14.022499 1.877138 0.000000
3.988179 32.388554 4.346514 0.000000
1.741445 -23.035988 0.521930 0.000000
2.582762 -19.547863 1.477632 0.000000
1.711886 -10.398787 0.865525 0.000000
4.646893 -32.616264 3.156542 0.000000
4.770242 -24.213638 3.519716 0.000000
5.100145 22.819630 5.185527 0.000000
2.752567 12.521791 2.529821 0.000000
5.254712 27.392649 5.469488 0.000000
6.509323 -0.478958 5.999808 0.000000
1.251426 -13.535122 0.326187 0.000000
3.644545 -29.182550 2.244334 0.000000
2.398750 19.074177 2.376148 0.000000
0.911273 10.807580 0.658134 0.000000
1.387672 20.170702 1.400776 0.000000
1.089127 -23.140078 -0.121373 0.000000
2.389521 -36.282211 0.806265 0.000000
-0.933530 -24.022940 -2.164428 0.000000
-1.474845 25.449657 -1.315487 0.000000
-0.641998 10.214494 -0.909671 0.000000
-1.465611 17.678532 -1.523528 0.000000
-1.470965 13.520015 -1.644692 0.000000
-4.422630 32.960354 -4.046360 0.000000
-1.129696 -15.733945 -2.119776 0.000000
0.861408 -24.416706 -0.375158 0.000000
-0.154005 16.363239 -0.251550 0.000000
-0.155240 8.265597 -0.478097 0.000000
-0.464482 12.158895 -0.678769 0.000000
0.811498 18.971600 0.804978 0.000000
-1.084491 29.991020 -0.798809 0.000000
-1.544768 24.674164 -1.406962 0.000000
-1.615986 -30.318335 -3.022609 0.000000
-0.084683 -8.081469 -0.865886 0.000000
-0.171816 -16.980881 -1.195387 0.000000
0.294680 -24.688803 -0.947321 0.000000
4.452751 22.939655 4.528647 0.000000
4.577806 27.990686 4.789335 0.000000
4.481772 -23.674149 3.248633 0.000000
4.724390 21.047956 4.746747 0.000000
0.972526 2.847610 0.510078 0.000000
1.497354 9.365375 2.970088 0.000000
6.004920 28.302927 6.227498 0.000000
1.674434 -19.171642 0.569684 0.000000
-0.132658 -18.494434 -1.197192 0.000000
-0.378916 14.282870 -0.533816 0.000000
-1.877018 35.403122 -1.424806 0.000000
-1.968857 22.254810 -1.896689 0.000000
-1.641339 16.362085 -1.735589 0.000000
0.404617 -11.805801 -0.485648 0.000000
1.421332 -37.879662 -0.204693 0.000000
6.870229 -33.066116 5.367444 0.000000
2.649476 29.417614 2.910789 0.000000
2.108546 10.714661 1.858889 0.000000
3.334252 19.923908 3.309305 0.000000
3.986196 29.463566 4.245812 0.000000
0.439919 10.430542 0.170463 0.000000
0.238951 18.788816 0.205698 0.000000
2.350577 -27.069481 1.020687 0.000000
3.341039 -29.127846 1.956917 0.000000
0.501683 25.546659 0.655099 0.000000
4.605240 -33.860020 3.071161 0.000000
1.481229 15.975260 1.369812 0.000000
0.692706 12.141132 0.476830 0.000000
5.024485 -0.807225 4.473195 0.000000
6.001144 0.369467 5.497566 0.000000
5.000187 0.694478 4.493644 0.000000
5.500652 0.790091 4.998353 0.000000
5.073505 36.705128 5.546463 0.000000
0.736924 19.979111 0.748283 0.000000
2.881691 -17.959440 1.809395 0.000000
3.527213 -19.286779 2.417940 0.000000
1.536704 29.139841 1.800664 0.000000
4.602437 -22.060289 3.412791 0.000000
1.536600 17.192272 1.467115 0.000000
5.502492 1.001044 4.992296 0.000000
6.456877 -1.854483 5.862530 0.000000
22.970093 0.477076 24.502819 0.000000
18.329525 0.654324 18.928879 0.000000
21.539751 -1.636280 22.350683 0.000000
16.787477 -1.395744 17.353537 0.000000
24.976093 -1.779192 25.938084 0.000000
8.138617 1.000499 8.576722 0.000000
26.203966 0.398436 26.090008 0.000000
18.924475 0.636803 19.516417 0.000000
15.492731 -1.295541 15.477993 0.000000
24.855579 0.412965 25.742968 0.000000
16.627630 0.681266 17.246214 0.000000
-2.752980 27.999113 -2.522384 0.000000
-2.148454 -29.317747 -3.525795 0.000000
-0.896238 -12.842488 -1.805467 0.000000
-0.119024 -17.486540 -1.163157 0.000000
0.184525 -26.520931 -1.100676 0.000000
-0.629357 24.355270 -0.503769 0.000000
0.025581 -23.528654 -1.183254 0.000000
0.191376 31.845444 0.525193 0.000000
-1.734476 -26.577082 -3.035405 0.000000
0.132233 20.540560 0.150165 0.000000
-1.553946 25.067118 -1.407094 0.000000
-1.525784 18.457809 -1.554550 0.000000
0.690625 -18.245173 -0.381878 0.000000
1.581703 -23.399206 0.365212 0.000000
3.141305 -34.534386 1.609554 0.000000
1.681211 16.034876 1.586797 0.000000
2.477748 37.748936 2.973389 0.000000
1.438706 -17.276335 0.396173 0.000000
1.250073 36.732048 1.715164 0.000000
0.409763 38.844482 0.939168 0.000000
1.302073 -31.980556 -0.159077 0.000000
2.614598 -25.619532 1.334105 0.000000
5.080524 -33.175358 3.584021 0.000000
4.997784 22.544704 5.064294 0.000000
4.075294 24.998457 4.211785 0.000000
2.951964 -19.662889 1.842996 0.000000
3.600794 29.672682 3.844194 0.000000
1.752145 17.577080 1.692560 0.000000
2.061267 27.416826 2.278918 0.000000
1.054190 17.951227 0.988805 0.000000
2.950113 -18.140556 1.865058 0.000000
3.219087 -19.293352 2.110382 0.000000
4.293778 -21.247564 3.115045 0.000000
3.801403 18.270578 3.727018 0.000000
4.347208 23.295527 4.464769 0.000000
0.502221 -15.859372 -0.508652 0.000000
-1.916381 31.435583 -1.571387 0.000000
0.247172 31.424601 0.573469 0.000000
-1.717670 20.152260 -1.692340 0.000000
-1.630277 -18.952150 -2.711052 0.000000
-0.643984 -10.430182 -1.489917 0.000000
-2.021368 -33.601837 -3.514201 0.000000
-0.261832 -7.354889 -1.014706 0.000000
-0.513734 -14.050673 -1.464418 0.000000
-0.068083 -5.417711 -0.772610 0.000000
-0.081325 -8.600312 -0.883853 0.000000
-0.276147 -21.170050 -1.431403 0.000000
1.027461 33.987823 1.419448 0.000000
0.127450 27.598650 0.346859 0.000000
1.866169 -25.188341 0.593609 0.000000
3.286654 -31.843748 1.818471 0.000000
0.435594 -38.587784 -1.217266 0.000000
1.994386 -22.195530 0.808466 0.000000
-1.054752 19.115965 -1.074281 0.000000
0.968055 29.112970 1.228622 0.000000
0.191470 18.387596 0.144340 0.000000
-1.497302 30.265310 -1.204516 0.000000
-1.310445 18.029484 -1.358415 0.000000
-1.421611 -31.310064 -2.844519 0.000000
-0.202057 -13.547363 -1.134329 0.000000
0.031915 -19.866545 -1.059452 0.000000
0.817828 -34.119171 -0.697911 0.000000
-0.099557 20.521780 -0.086287 0.000000
23.153229 -1.681662 23.439568 0.000000
19.872391 -1.552832 20.323978 0.000000
23.111805 0.513140 23.027872 0.000000
6.754318 1.675795 8.398470 0.000000
11.721980 0.773351 14.444549 0.000000
14.619908 0.083710 17.310633 0.000000
6.755329 1.194494 8.385865 0.000000
9.391203 0.845403 11.355981 0.000000
13.755528 0.535054 16.468599 0.000000
7.639749 0.967515 9.403108 0.000000
10.519276 0.797612 12.992328 0.000000
8.060493 0.938008 9.897935 0.000000
8.970628 0.898559 10.492500 0.000000
6.020047 1.985689 7.814476 0.000000
7.345307 0.984536 8.991733 0.000000
13.991800 0.028556 16.680296 0.000000
14.900224 0.100878 17.598257 0.000000
14.387527 -0.314163 17.060564 0.000000
13.760450 -0.813364 16.423883 0.000000
12.975140 -1.355047 15.613011 0.000000
14.023227 0.092054 16.714142 0.000000
13.968254 -0.297403 16.644590 0.000000
13.354664 -0.570079 16.026531 0.000000
14.356338 0.730161 16.552855 0.000000
12.921098 0.755578 14.998822 0.000000
14.018458 -0.202753 16.698166 0.000000
9.972938 0.818681 11.998835 0.000000
14.455249 0.416275 17.162130 0.000000
12.854074 -1.290015 15.497626 0.000000
15.510445 -0.960716 18.167915 0.000000
16.016094 -1.034963 18.703131 0.000000
11.847595 -1.353107 14.491808 0.000000
8.284381 -1.170893 9.955995 0.000000
14.451524 -1.391389 17.103718 0.000000
9.796844 -1.298582 11.942722 0.000000
8.508293 -1.259335 10.981484 0.000000
12.324585 -1.152268 14.972016 0.000000
15.536797 -0.351819 18.242678 0.000000
14.463573 -0.665918 17.126451 0.000000
13.233970 -1.068717 15.894975 0.000000
10.317729 -1.048879 12.988120 0.000000
15.027514 0.360349 17.744440 0.000000
6.506789 -2.387224 8.508579 0.000000
6.533444 -1.546754 8.500072 0.000000
0.995788 2.001289 3.479695 0.000000
0.479846 2.531724 3.978596 0.000000
0.768648 3.433484 4.612844 0.000000
-0.514874 8.226729 4.949462 0.000000
1.255874 -0.885215 2.911465 0.000000
1.505937 -0.879447 2.873661 0.000000
0.384882 -2.161777 3.968287 0.000000
0.854303 -1.936324 3.493066 0.000000
14.807347 -1.183373 17.467491 0.000000
7.215796 -1.145523 9.489721 0.000000
12.497419 -1.034753 15.152905 0.000000
14.764799 -0.962542 17.426252 0.000000
13.339592 -1.001469 16.000626 0.000000
10.841339 -1.121203 13.499077 0.000000
7.655584 -1.173728 9.980322 0.000000
14.620536 -0.038344 17.305492 0.000000
9.143748 -1.279267 11.449621 0.000000
6.389519 -2.359543 8.628466 0.000000
10.370274 0.805983 12.423822 0.000000
14.999956 0.663608 17.733866 0.000000
12.265548 0.742491 14.992669 0.000000
13.763157 -0.109375 16.448561 0.000000
13.161198 -0.936164 15.825640 0.000000
13.370074 -0.492874 16.043997 0.000000
12.685416 -0.938043 15.339914 0.000000
13.714958 0.166299 16.411816 0.000000
7.926173 0.941050 9.888519 0.000000
-2.997551 -5.118356 7.023269 0.000000
21.330917 0.537685 22.513498 0.000000
24.444942 -1.763779 25.541891 0.000000
18.972515 -1.522419 19.659836 0.000000
18.403349 -1.500233 19.153828 0.000000
22.792015 0.501148 23.528687 0.000000
18.492016 -1.547447 19.556240 0.000000
17.240065 0.682436 17.646420 0.000000
20.980511 0.566219 21.587921 0.000000
6.737412 30.792015 7.007442 0.000000
2.129724 20.108442 2.125339 0.000000
5.863838 -34.956337 4.313278 0.000000
4.497967 -22.421946 3.297530 0.000000
-1.496700 9.488323 6.006694 0.000000
0.138160 26.254141 0.313709 0.000000
0.995721 33.330505 1.362738 0.000000
0.702517 -25.787563 -0.579432 0.000000
5.305479 -36.392532 3.693300 0.000000
2.995989 -20.915493 1.835732 0.000000
3.703190 -21.093193 2.551060 0.000000
-2.338434 18.352848 -2.366144 0.000000
-1.914416 -31.171322 -3.329643 0.000000
0.355503 -38.206959 -1.271754 0.000000
1.403439 -23.837358 0.157786 0.000000
0.992983 -12.030554 0.106216 0.000000
-0.644948 22.089867 -0.580075 0.000000
-0.830321 16.042192 -0.932166 0.000000
-2.603839 25.489668 -2.431266 0.000000
2.314769 -25.789392 1.021980 0.000000
1.430689 -12.422848 0.514679 0.000000
1.989575 -5.681292 1.983186 0.000000
1.996865 -5.244926 1.988365 0.000000
2.308701 10.255353 2.036785 0.000000
3.517892 18.030817 3.442109 0.000000
4.230874 23.600554 4.332745 0.000000
1.497273 -5.309565 2.499544 0.000000
0.509769 12.959432 0.315241 0.000000
-1.892667 36.967644 -1.404278 0.000000
-1.493107 21.885893 -1.428246 0.000000
-1.432064 15.609772 -1.541887 0.000000
-1.414653 12.124813 -1.620916 0.000000
-3.513860 24.227638 -3.370363 0.000000
-0.853924 -32.927582 -2.325388 0.000000
1.386523 -31.257891 -0.053188 0.000000
2.680979 20.935797 2.723019 0.000000
2.814692 31.750507 3.125482 0.000000
1.502946 19.485214 1.481035 0.000000
1.307969 34.760189 1.712762 0.000000
0.028873 17.698895 -0.032764 0.000000
-0.249330 13.783922 -0.417539 0.000000
-1.369449 30.859829 -1.055496 0.000000
-1.432766 21.454321 -1.380311 0.000000
2.774746 -24.586784 1.512572 0.000000
-0.501134 -5.618656 4.495979 0.000000
2.497327 -25.071150 1.237165 0.000000
3.460262 -27.604288 2.127248 0.000000
4.959164 -33.069725 3.470539 0.000000
5.084119 35.205879 5.487706 0.000000
2.525743 19.744961 2.500437 0.000000
3.481968 33.023056 3.836947 0.000000
-2.502716 -6.642681 6.479865 0.000000
8.000766 -0.243854 7.496938 0.000000
1.288235 9.117454 7.997569 0.000000
1.290256 8.401430 7.973875 0.000000
-3.138735 -4.208946 7.185858 0.000000
-2.271115 -3.744178 6.326468 0.000000
-1.000939 -3.492852 5.213357 0.000000
-1.984050 -3.825173 6.035380 0.000000
0.868915 -3.378170 4.853471 0.000000
17.171627 -1.428625 17.851511 0.000000
26.149033 -1.820732 26.843449 0.000000
26.111759 0.361889 27.100206 0.000000
18.495584 0.621626 19.781340 0.000000
15.859486 -1.365500 16.975142 0.000000
6.071903 -1.943217 5.465562 0.000000
1.112355 -7.477569 7.259324 0.000000
-2.398401 -31.260351 -3.827060 0.000000
-0.453721 15.802300 -0.567871 0.000000
-2.034790 19.059052 -2.053784 0.000000
-0.565823 -12.918750 -1.483558 0.000000
-0.014759 -17.552721 -1.058987 0.000000
-0.070715 -28.909624 -1.440098 0.000000
0.157042 -12.565562 -0.758836 0.000000
1.044508 27.749247 1.259147 0.000000
1.577131 -30.179831 0.167322 0.000000
-0.874235 -22.881180 -2.071938 0.000000
-0.617230 17.276922 -0.689907 0.000000
0.969264 -11.031444 0.105273 0.000000
2.414443 -32.965660 0.924019 0.000000
1.471864 -14.084938 0.515248 0.000000
-0.385699 17.632010 -0.449161 0.000000
-0.046272 24.802053 0.089209 0.000000
-2.886059 33.430786 -2.487405 0.000000
-2.235373 22.372873 -2.161389 0.000000
0.113755 23.589943 0.247615 0.000000
2.801996 36.648830 3.260348 0.000000
4.365503 32.789371 4.711381 0.000000
1.546146 14.706904 1.402667 0.000000
1.432761 -17.946999 0.365510 0.000000
2.004096 -24.227312 0.760235 0.000000
2.149979 14.732175 2.008063 0.000000
4.312099 -24.625494 3.050334 0.000000
-0.033625 18.282377 -0.070850 0.000000
0.447789 -22.371407 -0.745783 0.000000
1.703783 -26.553877 0.388768 0.000000
0.564152 16.028666 0.455533 0.000000
-0.633462 30.871389 -0.321355 0.000000
-1.083452 24.592216 -0.947607 0.000000
-1.444137 20.866821 -1.412226 0.000000
-1.222458 -26.127806 -2.518492 0.000000
1.679832 -36.951519 0.070733 0.000000
5.020090 -27.554819 3.668848 0.000000
1.571231 30.451420 1.854599 0.000000
0.551288 21.162142 0.589192 0.000000
0.400713 16.863102 0.320242 0.000000
3.278146 -25.468618 1.990115 0.000000
1.963229 -11.926465 1.076269 0.000000
3.995670 -25.586246 2.702597 0.000000
-2.020790 31.090605 -1.699725 0.000000
1.352139 -36.308880 -0.238013 0.000000
1.602267 -16.730137 0.580577 0.000000
2.677262 -22.935080 1.469446 0.000000
7.031520 -2.399606 6.418236 0.000000
-0.846789 3.519050 5.272152 0.000000
-1.582777 4.199726 5.978178 0.000000
-1.719548 4.397478 6.165619 0.000000
-2.526886 4.926537 6.863741 0.000000
-2.939676 4.931953 7.259193 0.000000
-0.135674 3.205434 4.489729 0.000000
18.954052 -1.571684 20.177317 0.000000
24.292278 -1.727741 24.597788 0.000000
-3.013802 4.803251 7.349939 0.000000
19.861990 -1.591813 21.002892 0.000000
17.974157 -1.503855 18.785650 0.000000
20.752815 -1.585499 21.082994 0.000000
-0.782701 -3.318660 5.015870 0.000000
-0.046702 3.029195 4.515381 0.000000
-2.127897 4.360263 6.453005 0.000000
-2.481163 4.301195 6.780464 0.000000
-1.055745 3.939942 5.493134 0.000000
10.516222 -1.107287 9.981434 0.000000
12.963581 -0.921930 12.454215 0.000000
9.004469 0.009379 8.491747 0.000000
9.002004 0.689394 8.497370 0.000000
6.924583 -2.374046 6.311646 0.000000
6.578389 -1.980592 5.976120 0.000000
4.557096 25.909138 4.712130 0.000000
4.916058 32.454849 5.232164 0.000000
3.578319 -24.608250 2.334577 0.000000
4.679916 -24.611242 3.433762 0.000000
2.203965 15.573673 2.082134 0.000000
1.910852 14.546287 1.763958 0.000000
3.096221 36.533653 3.527704 0.000000
2.101196 36.709534 2.539578 0.000000
4.002876 1.225311 3.497510 0.000000
0.987032 -5.261833 3.555334 0.000000
3.556537 -22.744507 2.361058 0.000000
5.082715 32.170765 5.394106 0.000000
5.295992 27.553795 5.466912 0.000000
0.739505 24.358433 0.861638 0.000000
-0.369663 -32.912735 -1.846249 0.000000
-0.585954 -20.230440 -1.707298 0.000000
-2.053821 28.434301 -1.814592 0.000000
-0.482390 12.650225 -0.679080 0.000000
-0.046821 -23.679564 -1.259207 0.000000
2.229607 -26.285477 0.929359 0.000000
0.520187 -36.150185 -1.049722 0.000000
0.598954 29.561781 0.860793 0.000000
1.400309 28.979210 1.643300 0.000000
2.268846 30.325420 2.546403 0.000000
1.621876 13.825374 1.454413 0.000000
3.419699 34.279694 3.803460 0.000000
1.364120 -10.427286 0.513062 0.000000
0.433508 -37.590157 -1.176310 0.000000
-0.351410 24.734901 -0.220610 0.000000
0.153602 37.507214 0.637978 0.000000
-2.421179 -32.066242 -3.881070 0.000000
-1.033874 19.990498 -1.030923 0.000000
-0.933223 28.638350 -0.692009 0.000000
4.059645 -23.594425 2.826092 0.000000
3.553776 -25.339296 2.275819 0.000000
2.481421 21.992220 2.526685 0.000000
4.429197 36.852478 4.881219 0.000000
12.999325 -1.122552 12.473280 0.000000
1.977988 9.508935 2.496613 0.000000
1.524192 -13.807816 0.581273 0.000000
2.211977 -15.194574 1.226442 0.000000
2.585119 30.956596 2.903792 0.000000
5.469543 -35.589573 3.911966 0.000000
5.313570 -28.438807 3.956770 0.000000
2.190653 9.437181 1.904997 0.000000
5.649671 38.858871 6.178475 0.000000
3.146267 22.398890 3.216773 0.000000
5.501375 1.564186 4.997578 0.000000
0.497571 -5.543907 3.497171 0.000000
7.363635 -2.533706 7.658090 0.000000
23.201431 -1.710056 24.177719 0.000000
11.024283 -0.879300 10.498210 0.000000
8.508590 0.518006 7.999488 0.000000
-2.590413 4.302474 6.915947 0.000000
-2.838367 4.058101 7.141208 0.000000
-3.074165 4.296358 7.401200 0.000000
-2.571646 -3.530195 6.635275 0.000000
-1.211583 3.740257 5.525014 0.000000
9.004986 -1.047456 8.481661 0.000000
10.500131 0.046660 9.991916 0.000000
9.003285 -0.996115 8.483347 0.000000
8.004643 -1.041134 7.495484 0.000000
25.175966 0.397491 26.150902 0.000000
-0.526757 3.167432 4.861156 0.000000
0.443632 2.505746 4.043534 0.000000
-1.620054 3.609919 5.908219 0.000000
-1.994941 3.526378 6.279561 0.000000
21.545191 0.544576 22.189028 0.000000
12.998524 0.739124 12.989628 0.000000
7.009897 -2.792876 8.029368 0.000000
7.775296 -2.894385 7.153715 0.000000
7.409019 -2.260764 6.803646 0.000000
5.974809 1.978621 5.496794 0.000000
3.982224 1.037758 3.484478 0.000000
2.654410 33.686546 3.032982 0.000000
1.615418 29.881344 1.892330 0.000000
0.785746 28.347008 1.023706 0.000000
-0.008167 28.462198 0.236931 0.000000
-0.377744 -21.305738 -1.529490 0.000000
0.037899 -29.539143 -1.348070 0.000000
1.571071 -20.408230 0.427498 0.000000
5.022472 26.100222 5.174868 0.000000
4.747587 29.441198 4.992923 0.000000
4.821759 37.669682 5.294142 0.000000
2.241314 -27.282455 0.900029 0.000000
2.665222 -19.351688 1.567229 0.000000
4.314982 -30.471050 2.903991 0.000000
0.616670 15.381668 0.499762 0.000000
-0.558758 27.007603 -0.348729 0.000000
-0.964782 15.510998 -1.077519 0.000000
1.561457 -38.310013 -0.079022 0.000000
1.689341 19.708267 1.682903 0.000000
-0.324402 24.415449 -0.186300 0.000000
-0.307574 15.752744 -0.416780 0.000000
-0.539066 13.244115 -0.717017 0.000000
-1.057721 -17.742939 -2.105478 0.000000
-1.030913 -25.697931 -2.303364 0.000000
0.519805 26.162426 0.697815 0.000000
0.917145 -10.806179 0.065988 0.000000
2.809048 14.074429 2.626855 0.000000
5.409910 36.416801 5.862947 0.000000
4.544230 -25.594326 3.276872 0.000000
-0.417242 36.394283 0.049783 0.000000
-0.708861 23.762695 -0.599594 0.000000
-1.705623 -19.640659 -2.794572 0.000000
-1.727418 -28.990435 -3.076715 0.000000
2.204332 24.655718 2.344946 0.000000
0.480217 15.995853 0.382891 0.000000
-0.817912 -15.544188 -1.817916 0.000000
-0.360935 -20.257765 -1.498057 0.000000
0.003996 -28.385698 -1.363446 0.000000
3.568631 -34.400497 2.055485 0.000000
0.419490 38.495853 0.925032 0.000000
2.704146 -35.788433 1.151557 0.000000
4.683350 -36.052559 3.125440 0.000000
3.092588 31.972965 3.420216 0.000000
1.829609 21.707884 1.868629 0.000000
-0.147295 38.016117 0.366193 0.000000
-0.544448 24.707233 -0.408157 0.000000
-0.335735 -15.644924 -1.322144 0.000000
0.543072 14.035583 0.387922 0.000000
0.062213 -18.725323 -1.030368 0.000000
0.491947 -10.156183 -0.342382 0.000000
0.575158 -22.985554 -0.622312 0.000000
1.359462 -30.662815 -0.069797 0.000000
1.023897 18.601931 0.991223 0.000000
-0.563903 3.215297 5.003891 0.000000
-2.016835 3.624640 6.288104 0.000000
-2.497655 3.789413 6.798992 0.000000
-1.064892 3.374888 5.333390 0.000000
0.599227 2.103972 3.909471 0.000000
-0.022264 2.714391 4.421744 0.000000
-2.482072 -3.998474 6.522251 0.000000
-2.529481 3.701087 6.834557 0.000000
-2.717328 3.507098 7.005050 0.000000
-3.131386 3.829434 7.409034 0.000000
21.199074 0.587323 20.942408 0.000000
26.203875 0.107109 25.955446 0.000000
9.528173 -0.990421 8.998758 0.000000
13.449389 0.389855 12.998874 0.000000
25.287617 -1.071230 24.951351 0.000000
24.503082 -0.633319 24.163141 0.000000
16.478672 -0.965058 15.975422 0.000000
19.668938 0.448568 19.274490 0.000000
24.534784 -0.369690 23.964592 0.000000
10.979206 -0.487970 10.495545 0.000000
-1.504800 9.261666 5.989673 0.000000
6.944109 2.455746 6.866492 0.000000
8.501650 -0.968101 7.969534 0.000000
7.500203 -2.535123 7.501668 0.000000
14.470032 -0.893696 13.965490 0.000000
15.461920 0.409367 14.999329 0.000000
13.957155 -0.498965 13.497842 0.000000
13.003424 0.790140 12.458199 0.000000
12.902170 -0.466442 12.439914 0.000000
12.003923 -0.846965 11.486509 0.000000
11.005054 -0.465423 10.496395 0.000000
12.494531 -0.921862 11.976335 0.000000
14.997545 -0.871146 14.496143 0.000000
13.510451 0.281005 12.951258 0.000000
14.503969 -0.989632 13.990098 0.000000
14.949299 0.426475 14.499480 0.000000
15.010576 -0.991768 14.490965 0.000000
1.043664 1.570490 3.425675 0.000000
0.498598 2.030157 3.995858 0.000000
12.503613 -0.997663 11.978332 0.000000
22.043882 0.559829 21.699100 0.000000
19.017317 0.312555 18.453770 0.000000
9.004062 -0.477733 8.498399 0.000000
6.318646 2.264098 7.497160 0.000000
17.659685 -0.947719 17.151194 0.000000
19.763784 -0.747175 19.303202 0.000000
15.523149 -0.998266 14.999373 0.000000
22.851673 -0.439892 22.477196 0.000000
16.009108 -0.993193 15.496056 0.000000
27.100166 0.292047 26.851233 0.000000
-0.646307 2.790144 4.895785 0.000000
-0.171979 2.825740 4.619587 0.000000
-2.047681 3.249691 6.328206 0.000000
-2.230000 3.034704 6.510531 0.000000
-2.587246 3.017603 6.862570 0.000000
-2.724162 3.264062 7.016232 0.000000
-3.040763 -3.929788 7.100982 0.000000
-1.289014 3.416387 5.562519 0.000000
-1.568964 3.454887 5.852863 0.000000
-1.752497 3.296698 6.032483 0.000000
1.948883 -11.464314 1.075441 0.000000
3.000938 -22.985203 1.795946 0.000000
2.060103 -22.938633 0.861433 0.000000
2.957348 22.735088 3.037892 0.000000
0.257315 -29.065287 -1.117070 0.000000
2.354852 11.579434 2.118932 0.000000
-0.133744 -20.627913 -1.268876 0.000000
0.101056 -31.146338 -1.319460 0.000000
1.080989 -19.880239 -0.034381 0.000000
2.848600 13.266512 2.656692 0.000000
1.097535 -2.473739 0.481825 0.000000
2.687396 -20.215626 1.557988 0.000000
4.906301 -37.869442 3.288781 0.000000
-0.589947 -9.436630 -1.400611 0.000000
-1.919686 -20.550234 -3.062878 0.000000
-0.502113 -14.590869 -1.474168 0.000000
-0.404980 -20.221519 -1.530558 0.000000
-1.723354 -14.702585 -2.674909 0.000000
3.261258 22.783203 3.324376 0.000000
2.097231 15.284212 1.986490 0.000000
3.063647 32.567444 3.390633 0.000000
1.003590 14.218736 0.822945 0.000000
0.869101 30.158497 1.118366 0.000000
-5.757218 -36.809818 -7.365171 0.000000
3.613321 -20.482843 2.454591 0.000000
2.531692 -11.373962 1.640955 0.000000
-0.706745 -17.840271 -1.751236 0.000000
2.120684 26.891766 2.288552 0.000000
0.394310 -25.799339 -0.908551 0.000000
1.541708 36.615372 1.969821 0.000000
-0.407313 25.118509 -0.258303 0.000000
-4.840137 -29.850441 -6.253472 0.000000
-1.615657 -13.632867 -2.567825 0.000000
-0.653487 -8.782649 -1.466111 0.000000
-1.769089 -17.924454 -2.839688 0.000000
-2.062422 -25.769693 -3.348782 0.000000
2.355245 26.249067 2.507038 0.000000
-0.517628 -13.219352 -1.452104 0.000000
2.923917 -22.314024 1.703830 0.000000
2.755723 18.251690 2.710858 0.000000
2.073552 13.586923 1.895917 0.000000
3.058241 27.689877 3.253030 0.000000
1.028592 -22.234083 -0.169694 0.000000
1.546900 -21.494545 0.381552 0.000000
6.696111 -2.917780 8.303391 0.000000
14.007010 -0.964369 13.497125 0.000000
6.531437 2.387552 7.290832 0.000000
16.415575 -0.040219 15.981673 0.000000
5.971364 -1.845221 5.368956 0.000000
5.546116 -32.177494 4.087344 0.000000
0.499986 -23.610111 -0.719613 0.000000
1.128998 -23.667841 -0.102807 0.000000
2.841882 -28.973913 1.465097 0.000000
22.713070 -0.569315 25.572216 0.000000
21.595522 -0.067987 24.464672 0.000000
20.418768 0.349803 23.098631 0.000000
15.931556 0.691681 18.132286 0.000000
1.481494 1.430102 2.984673 0.000000
5.907586 1.986804 7.969313 0.000000
5.916572 2.079372 7.962325 0.000000
5.451673 1.879582 6.491042 0.000000
0.992703 1.673736 3.476629 0.000000
0.590248 1.992836 3.915735 0.000000
0.490231 2.112233 4.016852 0.000000
1.514078 0.611182 2.705510 0.000000
1.335722 0.951692 2.865128 0.000000
1.009576 1.112571 3.449329 0.000000
7.447288 2.215342 6.988294 0.000000
7.500184 1.409279 6.996914 0.000000
6.330083 -1.124920 8.996567 0.000000
6.000287 -1.539482 8.654860 0.000000
6.805264 -0.850288 9.481190 0.000000
6.799557 -1.003600 9.471467 0.000000
6.477916 -1.145913 9.144136 0.000000
6.498235 -0.034197 9.197200 0.000000
6.497468 -0.749151 9.174100 0.000000
6.314055 -0.472910 8.994958 0.000000
5.889985 0.443707 8.615573 0.000000
6.989078 -1.058040 9.662535 0.000000
6.947819 -0.845037 9.626429 0.000000
4.487340 1.463036 7.245345 0.000000
4.949926 0.999647 7.688858 0.000000
5.449534 0.837476 8.166826 0.000000
5.754313 0.949117 8.488153 0.000000
6.290389 0.099603 8.991078 0.000000
4.749073 0.921929 7.481647 0.000000
5.261680 0.980554 7.997678 0.000000
4.715436 1.262469 7.461873 0.000000
6.277690 0.710165 8.995648 0.000000
6.488348 0.329261 9.200649 0.000000
4.940473 1.084267 7.682909 0.000000
5.916075 0.665611 8.648892 0.000000
5.488958 1.438057 8.233665 0.000000
4.198935 1.371156 6.952123 0.000000
5.252950 1.063965 7.992371 0.000000
5.867460 1.329873 8.626630 0.000000
5.773666 0.160521 8.478442 0.000000
5.487747 0.394845 8.189841 0.000000
6.305164 -2.617152 8.698584 0.000000
11.466187 -0.017211 14.165712 0.000000
11.735581 0.461001 14.455560 0.000000
11.778225 -0.047680 14.472345 0.000000
11.829352 -0.798883 14.490074 0.000000
10.870497 0.906437 13.508207 0.000000
11.477715 0.346828 14.195156 0.000000
11.456875 -0.962779 14.117496 0.000000
9.281808 0.600936 11.998733 0.000000
11.292331 0.306570 13.999974 0.000000
11.965717 -0.535770 14.635767 0.000000
10.490835 0.616922 13.221320 0.000000
10.814352 0.306394 13.526266 0.000000
11.305848 -0.052140 13.998476 0.000000
6.501193 1.002574 8.938271 0.000000
8.848757 0.853019 11.297739 0.000000
7.415893 0.974726 9.499139 0.000000
9.973470 0.707008 12.701514 0.000000
9.762313 -1.234754 12.428247 0.000000
14.979947 -1.196653 17.644951 0.000000
14.024851 -0.748957 16.687910 0.000000
12.989378 -0.000081 15.675355 0.000000
12.297687 0.185331 14.997882 0.000000
12.313397 -0.243238 14.998520 0.000000
5.832860 2.027610 8.042534 0.000000
6.526464 1.923760 8.633729 0.000000
8.376302 0.912019 10.455221 0.000000
10.904850 0.912882 13.472727 0.000000
6.309255 1.682276 8.840846 0.000000
6.523847 0.999416 8.999590 0.000000
3.995816 1.432038 6.753700 0.000000
7.498539 0.712667 10.213522 0.000000
5.744280 1.033596 8.481445 0.000000
6.317891 1.002965 8.987206 0.000000
6.311781 1.001491 9.032764 0.000000
5.191387 1.616184 7.953940 0.000000
6.141603 1.916332 9.011003 0.000000
5.474105 1.596905 8.418801 0.000000
4.474836 1.562647 7.236998 0.000000
6.875167 0.489165 9.592750 0.000000
7.782010 0.145681 10.473349 0.000000
8.443942 -0.027231 11.117234 0.000000
6.777355 0.485297 9.498669 0.000000
7.484417 0.302113 10.190681 0.000000
6.936063 0.983043 9.490086 0.000000
8.283905 0.486583 10.992862 0.000000
5.917436 2.319333 9.247566 0.000000
6.488240 0.975009 9.225611 0.000000
7.421638 0.951061 9.852488 0.000000
8.290070 0.872885 10.967768 0.000000
6.980458 0.933305 9.708256 0.000000
7.991018 0.913041 10.700228 0.000000
4.177032 1.645687 6.942175 0.000000
5.336748 2.027776 8.421372 0.000000
5.566820 1.677027 8.355740 0.000000
6.748400 -0.118798 9.442414 0.000000
7.786029 -0.829937 10.452740 0.000000
7.995847 -1.196580 10.650487 0.000000
6.521844 -1.127406 8.976229 0.000000
6.969661 -0.486147 9.656196 0.000000
7.486868 -0.529684 10.167781 0.000000
7.877474 -0.652022 10.544788 0.000000
7.838065 -1.174515 10.494123 0.000000
7.472746 -0.183904 10.163557 0.000000
8.495365 -1.067327 11.131243 0.000000
7.322622 -0.772257 9.997379 0.000000
7.226266 -0.192266 9.917024 0.000000
8.461419 -0.712102 11.108977 0.000000
7.818942 -0.459220 10.493998 0.000000
7.485582 -1.027397 10.154703 0.000000
7.467146 -1.174446 9.968991 0.000000
0.972184 1.198093 3.486938 0.000000
0.495857 1.987932 3.919235 0.000000
3.722896 1.467317 6.480161 0.000000
4.737512 1.652237 7.493752 0.000000
3.995651 1.651809 6.762594 0.000000
-0.246929 2.484510 4.488080 0.000000
-0.362038 2.000818 4.588144 0.000000
-1.251172 2.569580 5.490376 0.000000
-0.832357 2.938050 5.092996 0.000000
0.996956 -4.985092 2.999621 0.000000
9.986233 -0.979338 12.657593 0.000000
9.312946 -0.541670 11.988620 0.000000
8.335928 -0.479466 10.997969 0.000000
9.979419 -1.054819 12.648805 0.000000
9.313873 -0.334792 11.996029 0.000000
8.327449 -1.015934 10.986639 0.000000
7.254788 0.292124 9.958135 0.000000
8.970958 -0.342238 11.641450 0.000000
10.324803 -0.896473 12.999386 0.000000
7.867568 0.114059 10.556789 0.000000
8.993206 0.441690 11.699512 0.000000
10.183083 -0.312107 12.878527 0.000000
7.772540 0.880038 10.490086 0.000000
8.334906 -0.864553 10.998015 0.000000
8.736554 -1.134383 11.391615 0.000000
8.740696 -0.842449 11.403478 0.000000
8.996665 -1.089306 11.649098 0.000000
7.837809 -0.028836 10.522997 0.000000
9.340404 -1.285026 11.994689 0.000000
10.273598 0.499468 12.998901 0.000000
6.526548 -2.829991 8.525353 0.000000
4.874244 1.645681 7.640377 0.000000
17.019976 0.683069 17.480476 0.000000
20.015957 -1.555559 20.379040 0.000000
25.072403 -1.722315 24.852203 0.000000
1.043491 17.483913 0.964510 0.000000
0.685711 38.605198 1.199173 0.000000
0.527286 11.232224 0.303474 0.000000
-0.532291 38.899715 -0.000386 0.000000
-5.979709 -30.735233 -7.352199 0.000000
-2.258590 -14.824901 -3.210612 0.000000
-1.076113 -9.759554 -1.892856 0.000000
-3.310001 -23.086441 -4.486091 0.000000
-1.384032 -13.428730 -2.302373 0.000000
-2.969013 -38.612442 -4.576130 0.000000
2.415929 38.727821 2.946688 0.000000
-0.003077 -4.884186 -0.685385 0.000000
-7.644822 -35.914219 -9.151253 0.000000
-2.736304 -16.012264 -3.718745 0.000000
-1.322463 -10.270215 -2.152251 0.000000
-4.573463 -28.986126 -5.905390 0.000000
-0.651669 -7.538888 -1.407755 0.000000
-0.749822 -9.813471 -1.569841 0.000000
-2.683825 -25.039352 -3.917009 0.000000
-1.382796 -22.759947 -2.560062 0.000000
4.129255 25.536219 4.254095 0.000000
3.495008 28.616249 3.708176 0.000000
2.695884 33.226158 3.074378 0.000000
1.071814 17.671726 1.015974 0.000000
-3.528408 -36.778419 -5.081694 0.000000
-0.685852 -21.346241 -1.836651 0.000000
-0.619011 -30.662203 -2.019374 0.000000
2.537033 -33.626060 0.947742 0.000000
3.102683 -28.811781 1.655285 0.000000
4.114324 -23.321671 2.826465 0.000000
-0.281154 -29.854727 -1.678731 0.000000
0.489718 -15.302122 -0.490801 0.000000
4.382288 32.195656 4.767514 0.000000
2.980771 15.820461 2.852682 0.000000
-2.652308 -24.670694 -3.875455 0.000000
-0.892545 -13.436512 -1.813357 0.000000
-1.120833 -19.789335 -2.217157 0.000000
-1.851341 -37.707417 -3.439679 0.000000
1.323227 -21.690914 0.158629 0.000000
2.070914 -19.729263 0.956456 0.000000
4.062961 37.272331 4.558008 0.000000
2.754036 38.896282 3.276879 0.000000
2.998899 15.251976 2.850481 0.000000
1.929062 23.468431 2.018684 0.000000
1.092867 13.638759 0.915652 0.000000
0.945647 21.666235 1.013252 0.000000
3.168550 15.509276 3.041399 0.000000
1.029124 -36.052631 -0.584210 0.000000
0.522176 -17.283680 -0.539438 0.000000
-3.290257 -36.341137 -4.879512 0.000000
3.517500 27.710390 3.740892 0.000000
2.017405 17.252369 1.963742 0.000000
1.382336 12.704431 1.196118 0.000000
-0.868088 -17.168510 -1.915904 0.000000
-1.681557 -35.438324 -3.256598 0.000000
-0.271322 -35.199306 -1.850005 0.000000
1.646844 24.409124 1.755633 0.000000
0.675738 22.450253 0.736306 0.000000
-3.303574 -28.869577 -4.640229 0.000000
-1.124333 -15.178769 -2.093108 0.000000
-1.802148 -28.278078 -3.151086 0.000000
0.129593 -32.166954 -1.317837 0.000000
0.954419 -11.616565 0.085155 0.000000
-2.558206 -25.618216 -3.809022 0.000000
-0.876983 -14.438840 -1.826528 0.000000
-0.762403 -34.018337 -2.256836 0.000000
6.020834 -1.911537 9.005941 0.000000
5.851004 -1.551076 8.502067 0.000000
5.945627 -1.331509 8.622267 0.000000
5.912759 -2.721761 9.081830 0.000000
6.001309 -2.032159 9.014509 0.000000
17.762455 0.626730 19.655172 0.000000
15.883583 0.679035 17.504450 0.000000
22.649532 -0.953861 25.323624 0.000000
22.664431 -0.333580 25.458378 0.000000
5.537920 1.700470 6.671204 0.000000
4.790676 -0.231475 7.483184 0.000000
4.806179 -0.516631 7.490634 0.000000
4.474040 -1.073662 7.147122 0.000000
4.999601 -0.843512 7.678142 0.000000
4.738370 0.293889 7.454822 0.000000
4.733415 -1.062548 7.405832 0.000000
4.330317 -1.505587 6.991114 0.000000
5.556095 -2.477833 9.554354 0.000000
4.954548 -1.431454 7.620338 0.000000
4.321955 -1.024467 6.993077 0.000000
3.959770 -1.512572 6.617937 0.000000
4.093272 0.992325 6.832251 0.000000
4.454082 0.983578 7.192842 0.000000
4.982981 0.231066 7.690976 0.000000
3.999504 0.918625 6.737121 0.000000
4.430384 0.435043 7.149427 0.000000
4.936720 -0.373161 7.621001 0.000000
5.557375 -2.521336 9.550839 0.000000
5.894846 -2.122054 9.119368 0.000000
1.504607 -0.432489 2.682519 0.000000
4.439212 -1.510802 7.102970 0.000000
6.303038 -0.615180 8.980685 0.000000
5.947700 1.820947 9.199855 0.000000
1.497957 -4.992189 2.499862 0.000000
6.007506 1.013875 5.498343 0.000000
0.869096 -1.398895 3.492744 0.000000
1.001896 -1.303729 3.371790 0.000000
4.496249 -0.759423 7.176547 0.000000
4.299555 -0.529257 6.983152 0.000000
3.998487 -1.111332 6.666422 0.000000
3.835961 -1.415537 6.497548 0.000000
5.204293 0.493837 7.913701 0.000000
3.832290 -1.506665 6.491859 0.000000
1.171693 -0.445510 2.940446 0.000000
5.386802 -2.638445 9.605058 0.000000
5.497684 -0.364323 8.178815 0.000000
5.754761 -0.180913 8.447206 0.000000
5.472054 -0.722527 8.145736 0.000000
5.957296 -0.131996 8.662747 0.000000
5.811895 -0.805966 8.491552 0.000000
5.323435 -0.974558 7.997351 0.000000
8.721616 -0.337355 11.399820 0.000000
-2.483048 9.841249 7.002816 0.000000
6.094123 -2.501117 9.010925 0.000000
5.317760 -1.054616 7.989968 0.000000
5.493268 -1.496945 8.157644 0.000000
5.782411 -1.295452 8.452233 0.000000
4.946718 -1.524922 7.610582 0.000000
5.992316 -0.997632 8.674980 0.000000
5.494326 -1.537229 8.156066 0.000000
13.180791 -0.302460 15.862638 0.000000
13.195004 0.632710 15.909780 0.000000
13.499217 0.185198 16.194454 0.000000
12.448497 0.767061 14.496902 0.000000
17.315865 -0.242963 20.018415 0.000000
18.004385 -1.010309 20.682886 0.000000
17.562746 -0.965374 20.237730 0.000000
15.541287 -1.379064 18.186720 0.000000
8.013166 -1.217218 10.483134 0.000000
13.750789 -1.024688 16.409262 0.000000
10.183286 -1.313178 12.455914 0.000000
17.116762 0.110170 19.833122 0.000000
15.433517 -0.713639 18.130136 0.000000
13.995475 -1.012445 16.653009 0.000000
16.637146 0.520980 19.329496 0.000000
15.302779 -0.128898 17.985106 0.000000
5.474183 1.828765 6.754831 0.000000
6.953832 0.989747 8.490349 0.000000
2.956859 -26.128601 1.668371 0.000000
3.494035 -24.764614 2.231830 0.000000
25.340605 0.386722 27.010632 0.000000
20.630840 0.577504 21.271341 0.000000
4.536626 -1.681298 5.402635 0.000000
2.459727 20.978304 2.475407 0.000000
2.698173 -12.179548 1.784667 0.000000
2.220006 13.535627 2.041214 0.000000
2.098448 -18.519848 1.013141 0.000000
1.983047 -12.268653 1.071698 0.000000
-0.069271 -12.579696 -0.976187 0.000000
-4.727496 38.401550 -4.178184 0.000000
-2.460652 -23.501312 -3.660702 0.000000
-2.041536 -30.105366 -3.430041 0.000000
0.089749 -19.494408 -1.013851 0.000000
-1.390980 39.889534 -0.821594 0.000000
-2.918468 37.794216 -2.397857 0.000000
-0.074809 -21.622505 -1.255146 0.000000
0.693317 -24.688623 -0.560347 0.000000
1.599987 -28.173386 0.238859 0.000000
1.729742 -15.686390 0.735545 0.000000
3.688435 20.966223 3.709970 0.000000
1.019809 23.969759 1.128319 0.000000
0.663158 13.570496 0.490922 0.000000
2.530086 -34.514317 0.988095 0.000000
2.079034 -18.029665 0.999258 0.000000
-1.530737 19.580267 -1.528199 0.000000
0.147699 -23.281485 -1.062997 0.000000
3.308445 27.828518 3.509917 0.000000
0.121577 29.704588 0.396165 0.000000
2.310102 27.567446 2.510756 0.000000
1.283363 28.111469 1.505883 0.000000
2.533382 -27.601963 1.185657 0.000000
3.441322 -25.618233 2.143507 0.000000
4.559614 -26.423004 3.231895 0.000000
10.394814 -1.029527 13.064948 0.000000
9.478714 -1.074129 12.142175 0.000000
9.489050 -0.919309 12.156654 0.000000
9.981383 -0.035524 12.681944 0.000000
8.685815 0.450927 11.393049 0.000000
8.495303 0.531625 11.207289 0.000000
9.488726 0.436551 12.202384 0.000000
9.480725 -0.283175 12.173610 0.000000
8.999792 -0.742165 11.657624 0.000000
9.657084 0.471842 12.375311 0.000000
9.289219 0.359026 11.996706 0.000000
8.949663 0.838752 11.635088 0.000000
3.579572 -1.567950 5.490399 0.000000
4.281937 -1.643634 5.475006 0.000000
2.598129 -21.317036 1.435570 0.000000
4.934488 -38.714417 3.282749 0.000000
10.261533 0.707630 12.994199 0.000000
9.804046 -0.837656 12.480612 0.000000
4.014382 -1.680248 5.914167 0.000000
0.492943 -5.424459 3.499247 0.000000
4.646600 -1.515644 4.929087 0.000000
7.368083 0.980614 7.999575 0.000000
7.697121 0.970188 7.971041 0.000000
3.455114 1.489839 6.208593 0.000000
4.223377 0.008492 6.924289 0.000000
4.489007 -0.118360 7.188009 0.000000
5.341239 2.018406 8.521844 0.000000
3.698020 1.666032 6.463857 0.000000
3.672405 -1.998479 5.975664 0.000000
6.500802 1.523052 5.985852 0.000000
5.487190 -1.828505 4.877153 0.000000
5.010764 -1.500993 4.481126 0.000000
4.836789 1.673220 5.964478 0.000000
23.514900 -0.337608 26.369783 0.000000
22.753719 -1.705772 24.078434 0.000000
4.195853 -1.454650 4.983020 0.000000
-2.981463 39.005402 -2.412462 0.000000
-2.540632 -21.956087 -3.697064 0.000000
-1.440776 -21.058207 -2.580011 0.000000
-0.511726 -20.709005 -1.648062 0.000000
1.672105 25.135828 1.814669 0.000000
0.524645 27.245754 0.739789 0.000000
0.338724 16.056105 0.234234 0.000000
3.658771 23.643806 3.744208 0.000000
3.262137 29.994362 3.529531 0.000000
1.391346 26.741808 1.581282 0.000000
-0.433511 -30.160200 -1.838590 0.000000
4.540189 -29.887707 3.165685 0.000000
-0.635989 -26.069664 -1.923561 0.000000
-0.145758 32.494816 0.218031 0.000000
-3.752115 -31.876295 -5.180679 0.000000
0.420785 -24.422186 -0.828057 0.000000
1.000966 22.763924 1.079298 0.000000
1.988118 18.749090 1.955532 0.000000
2.180155 39.203510 2.711157 0.000000
3.287482 16.831402 3.154328 0.000000
5.153770 33.839573 5.454090 0.000000
2.534357 14.227534 2.338484 0.000000
3.466270 25.823961 3.621159 0.000000
1.618323 18.110605 1.564748 0.000000
4.388703 29.034655 4.616707 0.000000
2.797165 18.725445 2.745107 0.000000
2.668093 -21.734253 1.491748 0.000000
3.849846 -27.711908 2.502971 0.000000
2.381818 -10.286654 1.527768 0.000000
2.920901 24.231756 3.020622 0.000000
2.265982 30.850113 2.551087 0.000000
-0.475909 -25.228848 -1.741961 0.000000
2.468099 18.725294 2.429449 0.000000
1.776666 22.046455 1.827417 0.000000
1.022318 15.439406 0.931002 0.000000
0.343143 19.163010 0.316475 0.000000
-2.119009 -19.980474 -3.241336 0.000000
-0.952338 -17.693972 -2.012495 0.000000
-1.746529 -32.473465 -3.229908 0.000000
-0.138773 -27.502083 -1.477883 0.000000
-1.137283 -27.746901 -2.481086 0.000000
1.578750 -28.567665 0.205759 0.000000
-1.496991 29.633114 -1.226384 0.000000
-4.337093 -33.662121 -5.823667 0.000000
-1.299313 -16.031296 -2.303554 0.000000
-2.021868 -26.625591 -3.319766 0.000000
18.261982 0.040767 20.966784 0.000000
4.118754 -1.526328 4.919850 0.000000
3.913959 -1.514464 4.970734 0.000000
3.831889 -1.417049 4.975818 0.000000
18.247980 -0.756734 20.927673 0.000000
20.263144 0.511923 22.973211 0.000000
19.683680 -0.276518 22.374144 0.000000
18.863539 -0.993607 21.537313 0.000000
17.383902 -1.560480 19.728104 0.000000
19.101202 0.004041 21.805103 0.000000
18.691969 -0.540457 21.378979 0.000000
17.675077 0.601436 20.407091 0.000000
18.456711 -0.094647 21.157005 0.000000
18.257147 -0.385200 20.950148 0.000000
18.417046 -1.578893 20.501160 0.000000
22.373690 -0.562770 25.231184 0.000000
20.503382 -1.365016 23.262360 0.000000
15.415051 -1.400675 17.449484 0.000000
21.354246 0.278444 24.233229 0.000000
20.233969 -0.616742 22.953306 0.000000
18.967978 -1.449528 21.628696 0.000000
8.372594 0.479827 11.068424 0.000000
3.522608 -1.446857 5.383073 0.000000
7.355971 -2.863566 6.725726 0.000000
4.388147 -1.382728 4.494126 0.000000
6.500373 0.674206 5.999345 0.000000
-0.514779 -2.977893 4.792284 0.000000
-0.263752 -2.732272 4.516765 0.000000
4.418649 1.756824 5.862225 0.000000
11.496947 -1.393415 14.139295 0.000000
11.978700 0.490398 14.694189 0.000000
11.324314 -1.020721 13.982720 0.000000
12.478870 -0.677111 15.148125 0.000000
11.328957 -0.944476 13.989986 0.000000
11.239801 0.925214 13.981946 0.000000
11.949681 -1.320732 14.597931 0.000000
15.587675 0.015581 18.303169 0.000000
17.605564 -1.330468 20.266973 0.000000
11.899462 0.754792 14.627742 0.000000
18.375793 -0.765743 21.054602 0.000000
9.688456 0.776014 12.419086 0.000000
18.765415 -0.389585 21.456333 0.000000
14.504673 0.688770 17.227896 0.000000
8.508395 0.870304 10.984410 0.000000
11.045223 -1.335943 13.259123 0.000000
12.999969 -0.668054 15.662425 0.000000
12.017814 -1.357541 14.490962 0.000000
12.697733 -0.030266 15.386810 0.000000
15.019391 -1.163460 17.686188 0.000000
10.604819 -1.331126 12.992288 0.000000
12.421722 -0.064642 15.117840 0.000000
4.071656 -1.428342 5.247260 0.000000
3.954541 -1.393448 3.439785 0.000000
4.437293 -1.501150 4.476342 0.000000
26.523413 0.412258 26.352768 0.000000
18.049702 -0.311056 17.450481 0.000000
15.492382 -0.794658 14.990806 0.000000
26.566538 -1.642839 26.241600 0.000000
20.405615 0.107017 19.992142 0.000000
2.024728 16.067810 1.907221 0.000000
7.008189 1.932275 6.492353 0.000000
-2.996001 9.457090 7.503782 0.000000
17.072992 0.575578 16.452583 0.000000
11.474919 0.477436 10.998594 0.000000
10.012758 -1.107032 9.490993 0.000000
10.976638 -0.733003 10.465028 0.000000
15.391272 -0.004580 14.951566 0.000000
16.060608 0.194758 15.434886 0.000000
2.557875 33.026402 2.910594 0.000000
2.581466 -18.976686 1.476933 0.000000
0.822448 -28.726377 -0.539097 0.000000
0.657150 30.408573 0.952828 0.000000
-1.619228 31.025673 -1.284169 0.000000
-3.457837 -31.369825 -4.851971 0.000000
-1.033513 -21.431679 -2.172014 0.000000
2.559517 16.031166 2.438644 0.000000
3.638311 32.815559 3.972185 0.000000
1.789996 13.253864 1.605248 0.000000
1.028370 16.125460 0.922465 0.000000
0.376384 37.087143 0.861394 0.000000
-0.026166 -28.250727 -1.366099 0.000000
3.903540 -23.788536 2.650703 0.000000
-1.969973 39.330254 -1.399429 0.000000
0.902621 37.311817 1.388788 0.000000
0.061090 16.598383 -0.022287 0.000000
-2.382680 -38.704098 -3.992994 0.000000
0.462566 -32.230164 -0.993825 0.000000
4.077304 -36.313915 2.471195 0.000000
1.532828 17.529881 1.460999 0.000000
1.804698 -24.313063 0.560398 0.000000
2.678888 -28.341265 1.311737 0.000000
2.620284 12.668061 2.403124 0.000000
3.463036 22.141983 3.500723 0.000000
3.495899 1.372391 2.984340 0.000000
7.503162 0.471341 6.991699 0.000000
8.009455 1.019957 7.496662 0.000000
6.832497 2.712418 6.994938 0.000000
6.531250 2.710395 7.272717 0.000000
4.515548 -1.500400 4.478064 0.000000
2.685372 -34.745899 1.141544 0.000000
3.706625 -35.913960 2.127617 0.000000
-0.500829 9.641529 4.997391 0.000000
6.432948 2.395344 5.963757 0.000000
6.945992 2.306577 6.489056 0.000000
6.916577 2.948521 6.472961 0.000000
7.542651 -2.381840 6.934830 0.000000
3.510843 1.213584 2.999976 0.000000
6.346485 2.906231 7.455378 0.000000
23.983622 0.420021 25.986984 0.000000
20.433069 0.553889 22.051649 0.000000
4.876690 2.328430 5.921839 0.000000
5.392086 2.385526 6.451261 0.000000
24.108887 -0.276371 26.827259 0.000000
18.791754 0.581687 21.179035 0.000000
-0.003321 -2.475335 4.306942 0.000000
0.115409 -2.303266 4.214342 0.000000
-1.248215 2.609311 5.503155 0.000000
-1.578949 2.782743 5.837502 0.000000
-1.884661 2.678453 6.144270 0.000000
-2.102811 2.793086 6.359941 0.000000
-2.297421 2.826615 6.564576 0.000000
-2.995324 -3.743546 7.065972 0.000000
-0.547545 2.433979 4.780856 0.000000
-0.990726 -2.949730 5.064162 0.000000
-2.095509 -3.466075 6.159554 0.000000
-1.824788 -3.442477 5.891132 0.000000
-1.253922 -2.770280 5.331440 0.000000
25.585539 -1.089992 24.943886 0.000000
23.677773 -0.393755 23.324804 0.000000
20.033010 0.604522 20.496569 0.000000
25.521803 0.388108 26.402185 0.000000
21.518940 0.527395 20.929230 0.000000
21.173019 -1.602306 21.486019 0.000000
18.189646 -1.500346 17.974236 0.000000
-1.248772 2.152128 5.475545 0.000000
-0.860037 2.322267 5.099673 0.000000
-2.580967 2.588651 6.826916 0.000000
-2.853145 2.727991 7.120826 0.000000
-3.063622 2.973340 7.347424 0.000000
-2.994606 -3.438533 7.065357 0.000000
-2.554995 -3.147068 6.622613 0.000000
-1.495889 -2.574263 5.584071 0.000000
4.983865 1.953561 4.495445 0.000000
7.437998 2.706648 6.989223 0.000000
5.475405 1.915105 4.990249 0.000000
1.345030 16.086311 1.236567 0.000000
0.140019 25.344082 0.285644 0.000000
-1.553325 -21.068583 -2.698543 0.000000
-1.910994 -30.968529 -3.332618 0.000000
-1.702680 -31.755455 -3.147010 0.000000
0.616270 -26.407673 -0.685692 0.000000
3.080499 29.539124 3.333451 0.000000
3.895258 37.883823 4.403544 0.000000
1.285176 20.861826 1.344623 0.000000
0.991557 -13.323209 0.046448 0.000000
3.911049 39.179005 4.430093 0.000000
0.900784 -17.695316 -0.140020 0.000000
1.618168 -30.767603 0.190807 0.000000
3.512795 -32.227131 2.038435 0.000000
3.215269 -19.540098 2.097647 0.000000
2.513336 26.996881 2.716169 0.000000
0.627378 -36.773476 -0.950822 0.000000
1.416261 30.339899 1.715378 0.000000
-1.511845 28.658941 -1.254655 0.000000
-1.299546 -24.777882 -2.562419 0.000000
-1.423609 -36.391731 -3.017397 0.000000
0.450465 -19.294491 -0.643123 0.000000
1.520227 -34.649345 -0.001029 0.000000
2.145198 -19.049845 1.059028 0.000000
1.082813 38.230846 1.574782 0.000000
0.332379 28.450460 0.556403 0.000000
-2.310295 -30.157049 -3.699445 0.000000
5.241054 38.574547 5.766365 0.000000
3.017483 -17.018171 1.968015 0.000000
-0.732053 39.587036 -0.166187 0.000000
1.491559 -26.795259 0.165639 0.000000
6.482675 -2.236283 5.868132 0.000000
4.986205 2.227998 6.029356 0.000000
24.856989 0.399270 26.111042 0.000000
0.430831 -1.962827 3.932469 0.000000
0.561107 -1.818682 3.816475 0.000000
-1.987562 -3.201098 6.050684 0.000000
-3.012036 3.278404 7.306796 0.000000
-2.481600 -3.143094 6.565616 0.000000
-1.868938 -2.867340 5.936449 0.000000
-1.012344 9.413648 5.494418 0.000000
3.031085 -1.462374 2.928998 0.000000
22.831482 0.476314 24.095659 0.000000
20.391657 0.567387 21.584557 0.000000
12.493890 0.736699 13.491143 0.000000
4.325870 2.360060 5.796945 0.000000
5.504878 2.403738 6.728062 0.000000
4.967155 1.666394 6.192997 0.000000
6.325044 3.434957 7.481541 0.000000
6.529674 3.385727 7.325564 0.000000
5.310967 2.818262 6.387636 0.000000
-2.134596 -2.945420 6.215414 0.000000
-1.924426 -2.693258 6.017998 0.000000
-2.699328 -2.609747 6.783774 0.000000
-0.740422 -2.089494 4.831840 0.000000
-0.419212 -2.247654 4.509531 0.000000
6.950783 3.458162 6.896479 0.000000
17.006041 -1.113446 16.489544 0.000000
12.014863 -1.224543 11.478217 0.000000
18.838627 -0.404486 18.368500 0.000000
11.488329 -0.631942 10.992401 0.000000
4.003564 -1.459660 3.483955 0.000000
2.501107 -0.311720 1.997041 0.000000
2.505091 0.411857 1.997140 0.000000
11.509250 0.033561 10.998569 0.000000
13.003631 0.180231 12.498579 0.000000
14.007266 -0.369625 13.495003 0.000000
11.015958 -1.162354 10.494295 0.000000
5.472143 2.307320 4.993355 0.000000
5.944705 2.421747 5.476193 0.000000
4.485492 1.790513 3.989292 0.000000
3.066474 21.470724 3.113331 0.000000
6.402497 2.690837 5.939912 0.000000
2.503223 0.514715 1.998334 0.000000
2.050381 -21.139114 0.892534 0.000000
0.157194 29.075907 0.415455 0.000000
-2.315142 -28.145580 -3.648630 0.000000
-0.003420 -24.500948 -1.245789 0.000000
0.975170 -27.463758 -0.355364 0.000000
1.701608 22.883837 1.793941 0.000000
0.564337 -20.126312 -0.557630 0.000000
3.127307 26.626432 3.302425 0.000000
1.771526 -17.200264 0.726174 0.000000
4.284965 31.280869 4.584446 0.000000
2.103579 -25.622566 0.803150 0.000000
1.947684 -13.271469 1.004425 0.000000
2.972578 -28.881535 1.574204 0.000000
4.267903 -35.440605 2.674775 0.000000
-0.842524 25.966219 -0.666225 0.000000
-0.736517 -22.227415 -1.911282 0.000000
-0.616767 -30.301647 -2.019217 0.000000
1.462205 -24.075058 0.224590 0.000000
1.834172 29.767273 2.103470 0.000000
-0.778973 39.119583 -0.235144 0.000000
1.493168 9.838544 2.993496 0.000000
2.043301 -2.497314 1.426589 0.000000
2.993043 1.307901 2.492508 0.000000
4.581085 -1.875558 3.960551 0.000000
7.374539 3.119420 6.935875 0.000000
5.928160 2.742884 5.470744 0.000000
3.486897 -36.436687 1.899838 0.000000
4.087572 -34.621490 2.526294 0.000000
-0.002222 9.659325 4.488877 0.000000
3.546191 -1.234302 2.959304 0.000000
-1.341389 2.007460 5.567429 0.000000
0.170055 1.848672 4.043968 0.000000
-0.171745 1.614845 4.383072 0.000000
-0.395109 1.681257 4.604385 0.000000
-1.950906 -2.076349 6.061754 0.000000
-1.728078 -2.498373 5.807080 0.000000
-2.436238 -2.565794 6.531133 0.000000
-3.129654 -3.227807 7.207944 0.000000
-1.247420 -2.317471 5.342731 0.000000
-2.225837 -2.210621 6.330456 0.000000
-0.994482 -2.287272 5.087284 0.000000
-1.616275 2.141751 5.854471 0.000000
-1.771864 2.132082 6.005164 0.000000
-2.086745 2.063771 6.315652 0.000000
-2.320399 2.417840 6.571259 0.000000
-2.538921 2.158273 6.786093 0.000000
-2.856556 2.157117 7.089392 0.000000
-3.100683 2.066095 7.356089 0.000000
-3.064667 -2.884417 7.158655 0.000000
-2.607471 -2.301656 6.711882 0.000000
-2.479745 -2.096575 6.589869 0.000000
0.062422 -1.563524 4.036180 0.000000
-0.383501 -1.749792 4.490894 0.000000
15.030558 -0.152051 14.436344 0.000000
19.745457 -1.516393 19.385298 0.000000
16.846968 0.010699 16.387638 0.000000
17.528366 0.013818 17.053989 0.000000
17.539202 0.720262 16.963467 0.000000
13.511625 -1.120093 12.992478 0.000000
4.253041 -2.495853 4.607174 0.000000
5.492710 2.298141 6.738456 0.000000
5.487858 2.855097 6.742898 0.000000
-1.477463 -3.174738 5.546008 0.000000
24.383242 0.466357 24.284594 0.000000
25.690367 0.378041 26.583311 0.000000
21.595333 -1.617988 21.863834 0.000000
24.963118 -1.702157 24.585140 0.000000
3.910607 -2.442311 4.949710 0.000000
4.943728 2.590454 6.002408 0.000000
3.991277 1.840733 3.491822 0.000000
24.206703 -1.703280 24.018803 0.000000
26.727270 0.345097 27.453848 0.000000
4.918159 2.810722 5.985855 0.000000
-0.400759 -1.657794 4.507958 0.000000
-2.942750 -2.185360 7.052997 0.000000
-2.929464 -2.657418 7.012285 0.000000
-1.420793 -2.169685 5.511141 0.000000
3.854725 -2.484224 5.006626 0.000000
4.402025 -2.434395 4.454208 0.000000
6.225207 3.253846 5.775035 0.000000
-0.843794 -28.205168 -2.184587 0.000000
1.591032 15.779155 1.472697 0.000000
0.475330 32.487495 0.862353 0.000000
1.225528 -20.711325 0.088702 0.000000
1.871009 -28.895552 0.502972 0.000000
3.578025 -33.482014 2.076665 0.000000
0.937177 24.246326 1.066108 0.000000
-0.251080 -27.215199 -1.577435 0.000000
0.244632 -35.442642 -1.316828 0.000000
1.999948 31.266409 2.324177 0.000000
-2.962917 -37.647057 -4.577866 0.000000
1.399803 35.463650 1.829116 0.000000
0.228400 -28.610058 -1.138954 0.000000
1.696140 35.470882 2.151697 0.000000
1.027728 24.091228 1.182987 0.000000
-0.412734 34.005894 -0.004035 0.000000
-2.548721 36.897530 -2.054531 0.000000
0.014051 15.657302 -0.098411 0.000000
-1.530813 -27.430849 -2.870482 0.000000
1.158718 -36.897472 -0.455376 0.000000
1.284897 -23.452072 0.070575 0.000000
1.937934 -31.684177 0.471484 0.000000
2.293249 -18.274643 1.225420 0.000000
2.505721 24.576477 2.642041 0.000000
4.120404 38.812099 4.627859 0.000000
2.714032 26.439882 2.881915 0.000000
1.488176 -2.010387 1.003302 0.000000
2.047258 -36.506119 0.471651 0.000000
1.158893 -27.768301 -0.172558 0.000000
-0.228457 38.922630 0.315562 0.000000
4.635654 -2.336876 4.002672 0.000000
6.514654 3.995221 7.340364 0.000000
6.867536 3.777390 6.987724 0.000000
6.428934 3.569299 7.381305 0.000000
4.311770 2.673472 5.801159 0.000000
5.567497 3.449544 6.676018 0.000000
25.062473 -1.784958 26.076492 0.000000
2.516022 -0.915423 1.977884 0.000000
26.195290 -1.839006 27.467613 0.000000
23.265633 -1.731876 25.279865 0.000000
25.728926 0.375972 27.546967 0.000000
16.081903 0.679331 17.231348 0.000000
3.786384 2.328727 5.619767 0.000000
17.534458 -1.441135 18.022715 0.000000
-0.649272 -1.572000 4.762667 0.000000
4.450035 -1.939280 3.831193 0.000000
10.522673 -0.995052 9.995285 0.000000
9.504314 -0.436199 8.998896 0.000000
4.944739 2.402228 4.465572 0.000000
5.461993 2.808146 4.992836 0.000000
6.843713 3.397211 6.411394 0.000000
7.005801 3.797556 6.851309 0.000000
6.605754 -2.393715 5.986031 0.000000
7.588106 -2.523165 6.974398 0.000000
1.556376 15.413392 1.418830 0.000000
1.113612 32.597065 1.447788 0.000000
0.571211 23.709511 0.668498 0.000000
-2.595044 -37.485382 -4.140715 0.000000
0.479697 -29.660219 -0.881519 0.000000
3.502711 25.199945 3.612027 0.000000
2.714332 23.134010 2.775095 0.000000
2.252906 22.366028 2.327623 0.000000
0.729407 -24.739655 -0.499302 0.000000
1.309507 -34.485409 -0.191980 0.000000
2.458719 -13.528821 1.521782 0.000000
1.240843 -25.834755 -0.063771 0.000000
2.354086 -29.759546 0.962194 0.000000
3.094735 -35.927170 1.481418 0.000000
2.335496 25.153069 2.494769 0.000000
-0.460625 26.578514 -0.235661 0.000000
1.426075 23.788721 1.554094 0.000000
0.726247 17.336891 0.659115 0.000000
-1.086326 -27.341732 -2.414144 0.000000
0.445177 -13.446718 -0.492170 0.000000
1.628132 -33.211578 0.134103 0.000000
3.037181 -1.478499 3.467980 0.000000
4.537217 -2.357548 3.894952 0.000000
6.515239 4.108208 7.342630 0.000000
6.866084 4.215652 6.986839 0.000000
6.115629 -2.449681 5.490086 0.000000
5.603069 -1.839052 4.993372 0.000000
5.464280 3.270743 6.773914 0.000000
3.753725 2.606895 5.599818 0.000000
19.836674 0.601047 20.584467 0.000000
24.309366 0.441350 24.973787 0.000000
3.996060 1.822732 3.502409 0.000000
6.744876 3.999763 6.328533 0.000000
2.680902 -1.394416 3.981136 0.000000
-0.582731 1.647294 4.796112 0.000000
3.042941 -1.494609 3.841525 0.000000
16.270119 0.663381 18.974133 0.000000
19.682570 0.369484 22.439920 0.000000
20.064272 -0.327106 22.794788 0.000000
21.090279 -0.576239 23.926245 0.000000
20.060244 0.407136 22.922096 0.000000
21.471346 -0.712174 24.304869 0.000000
18.287607 0.592932 20.553453 0.000000
21.789345 0.047576 24.663298 0.000000
3.855055 1.732232 5.821973 0.000000
20.069187 -1.449117 22.757587 0.000000
21.941053 -0.788066 24.788900 0.000000
20.742405 -1.691162 23.534420 0.000000
21.031376 -0.318304 23.875153 0.000000
20.471201 -0.045944 23.211535 0.000000
20.405645 -0.759172 23.119328 0.000000
3.489557 2.259903 5.487348 0.000000
3.499594 2.466217 5.506997 0.000000
7.385729 4.276433 6.980801 0.000000
4.485060 2.246324 3.998002 0.000000
3.004636 1.048230 2.498524 0.000000
3.001896 -1.471854 2.419213 0.000000
6.983276 -3.356446 8.000051 0.000000
5.505565 2.989685 6.727927 0.000000
4.980461 3.458116 6.074821 0.000000
4.854833 3.361449 5.944041 0.000000
4.032747 3.027126 5.710598 0.000000
6.378383 4.299341 7.482281 0.000000
5.373707 3.268948 6.467125 0.000000
12.000074 -0.417716 11.499940 0.000000
11.016061 0.597128 10.442659 0.000000
1.383983 26.258074 1.576801 0.000000
-1.412212 34.441818 -0.989947 0.000000
-0.925075 -27.560095 -2.224685 0.000000
-0.266086 -26.888155 -1.589871 0.000000
0.005147 -38.376389 -1.648726 0.000000
1.588895 -19.946539 0.459999 0.000000
3.131714 21.634054 3.188438 0.000000
1.710352 34.117725 2.110168 0.000000
3.260005 25.923120 3.428141 0.000000
1.051852 24.677382 1.187619 0.000000
1.493114 -33.212925 -0.000799 0.000000
2.424445 -33.536781 0.920337 0.000000
1.997483 -2.012345 1.515776 0.000000
0.923148 30.980007 1.235801 0.000000
-2.069445 38.720039 -1.536083 0.000000
-2.026804 -36.503326 -3.609448 0.000000
0.991025 -35.311508 -0.563362 0.000000
0.604457 20.417055 0.621988 0.000000
0.572886 -23.135513 -0.636563 0.000000
2.639174 23.526604 2.738796 0.000000
-0.055593 -35.655006 -1.605181 0.000000
1.400695 -19.370863 0.295779 0.000000
1.981680 -26.485584 0.674034 0.000000
2.087150 35.424370 2.527635 0.000000
1.223952 26.729090 1.421790 0.000000
7.488485 -3.215400 7.512868 0.000000
2.860597 -1.507660 3.976836 0.000000
6.584593 4.708520 7.290102 0.000000
-2.662291 1.756261 6.898232 0.000000
-2.807777 1.850081 7.043081 0.000000
-3.023632 -2.392362 7.127998 0.000000
-1.619527 -1.631159 5.737845 0.000000
-2.398024 1.515364 6.626775 0.000000
-1.415335 -1.962113 5.518044 0.000000
-1.305124 -1.517286 5.421401 0.000000
-0.931575 -1.880197 5.037435 0.000000
-1.051653 1.646225 5.265891 0.000000
-0.795521 1.570984 5.001605 0.000000
-1.411057 1.631593 5.625447 0.000000
-1.603024 1.612910 5.817136 0.000000
-1.800891 1.914954 6.035094 0.000000
-2.175637 1.721622 6.403481 0.000000
0.286773 -1.462062 3.824208 0.000000
0.937976 1.440708 3.650048 0.000000
0.398321 1.285729 3.798471 0.000000
0.993208 -1.179768 3.622532 0.000000
23.189854 -1.657779 22.851604 0.000000
27.258179 -1.316708 26.966520 0.000000
23.804668 -1.702220 23.921423 0.000000
5.996020 4.372331 7.860376 0.000000
3.988445 -1.864092 3.371697 0.000000
3.398784 -1.589684 3.461770 0.000000
3.485950 2.845195 5.510428 0.000000
5.048843 4.536128 7.521443 0.000000
5.993120 4.695764 7.872065 0.000000
-2.319086 -1.909951 6.424723 0.000000
-3.124952 -1.979939 7.240351 0.000000
-2.550763 -1.856175 6.667081 0.000000
-1.904731 -1.900438 6.017145 0.000000
-2.445807 -1.648192 6.570015 0.000000
-0.641648 -1.257116 4.764720 0.000000
-3.008968 1.758934 7.247410 0.000000
-0.482011 -1.391262 4.599455 0.000000
-0.180546 -1.073583 4.308186 0.000000
0.115316 -1.424045 4.000834 0.000000
23.659842 -1.723096 24.514046 0.000000
2.287191 -1.520401 3.993931 0.000000
0.842318 -0.528372 3.488786 0.000000
1.005155 -0.913912 3.385416 0.000000
25.502998 0.372291 27.005764 0.000000
21.386253 -1.628162 22.126259 0.000000
5.420044 3.027565 4.955926 0.000000
5.842818 3.876524 5.416462 0.000000
4.973535 2.740518 4.499454 0.000000
3.027778 -1.556382 2.695742 0.000000
3.509948 -1.502467 2.971177 0.000000
6.402874 4.600787 7.466182 0.000000
5.313367 3.618319 6.419522 0.000000
2.510478 -1.567387 3.260929 0.000000
3.000882 -1.628023 3.885320 0.000000
6.081270 4.561391 6.627451 0.000000
6.923986 4.647781 6.941254 0.000000
7.729071 -3.363182 7.089524 0.000000
5.496672 3.263931 5.039999 0.000000
6.340579 4.219868 5.921882 0.000000
6.730562 4.569101 6.413330 0.000000
2.575729 -23.177551 1.340824 0.000000
2.844466 25.343922 3.008377 0.000000
1.661023 33.319817 2.037235 0.000000
0.494704 21.617132 0.553863 0.000000
-0.065341 -22.011209 -1.231978 0.000000
1.485385 24.055408 1.604017 0.000000
2.975615 -1.466680 2.393273 0.000000
0.419145 -36.569435 -1.154542 0.000000
-1.917484 38.582207 -1.362810 0.000000
1.962692 -22.832644 0.761998 0.000000
-0.533540 27.897095 -0.289976 0.000000
0.056377 -18.403427 -1.002844 0.000000
0.168477 -25.604883 -1.094700 0.000000
1.831623 27.390625 2.040462 0.000000
4.395108 -2.466442 3.753984 0.000000
3.482630 1.840198 2.984185 0.000000
3.994048 2.194609 3.498372 0.000000
5.517008 3.797628 6.630694 0.000000
4.546948 4.537455 7.533416 0.000000
5.171903 4.550675 7.057052 0.000000
4.779777 4.554104 7.085716 0.000000
4.712948 3.977697 5.893779 0.000000
12.552360 -1.413315 11.999194 0.000000
10.502826 -0.477943 9.997138 0.000000
6.805304 4.245734 6.397460 0.000000
5.478437 2.678970 5.006295 0.000000
5.898009 3.468148 5.455633 0.000000
5.737666 4.566216 6.498897 0.000000
6.019069 4.567743 6.422649 0.000000
6.411777 3.545736 5.974591 0.000000
5.925751 4.581198 5.974580 0.000000
5.651401 4.560744 6.666503 0.000000
4.489694 3.236004 5.450321 0.000000
5.480584 2.491668 5.008677 0.000000
5.959276 2.988694 5.504714 0.000000
3.997396 2.359385 3.507887 0.000000
6.375154 4.579784 5.981565 0.000000
4.446891 2.855502 3.973272 0.000000
3.499352 1.476389 3.010413 0.000000
3.211913 2.920115 5.417637 0.000000
3.512107 3.047499 5.557036 0.000000
2.976020 2.951133 5.362100 0.000000
7.027224 -3.163520 8.002017 0.000000
22.912928 -1.695364 23.804213 0.000000
5.032696 4.559833 6.855235 0.000000
26.422596 0.372891 26.784433 0.000000
0.047576 1.193759 4.149967 0.000000
-3.115877 -1.144807 7.260985 0.000000
-2.869652 -1.496988 6.999001 0.000000
-2.342563 -1.423112 6.471448 0.000000
-2.893804 -1.702198 7.023952 0.000000
-1.882977 -1.350879 6.011617 0.000000
-1.550744 -1.122871 5.684676 0.000000
-0.044957 1.063251 4.238639 0.000000
-1.482455 -1.282115 5.610970 0.000000
-1.156399 -1.058482 5.290000 0.000000
-0.913332 -1.437566 5.033525 0.000000
2.995929 -1.463884 2.982994 0.000000
4.441145 3.319602 4.869954 0.000000
4.476011 3.623272 5.234487 0.000000
-2.025309 9.051493 6.492702 0.000000
4.493381 2.518863 4.012537 0.000000
4.953642 3.248940 4.495247 0.000000
2.777749 -1.554029 2.911790 0.000000
4.977911 3.398215 4.520214 0.000000
-2.894140 -1.455351 7.016809 0.000000
-2.469400 -1.211146 6.605669 0.000000
2.292394 -1.581604 3.421033 0.000000
4.516395 4.568892 6.729980 0.000000
3.499628 3.099571 5.534459 0.000000
4.081109 4.561385 7.061535 0.000000
-0.397324 1.378689 4.601852 0.000000
17.596394 0.694807 17.291084 0.000000
19.574373 0.639368 19.434820 0.000000
22.618568 -1.312369 22.215380 0.000000
23.076319 -0.850769 22.701471 0.000000
21.597801 -1.536667 20.975216 0.000000
24.035776 -0.468508 23.439556 0.000000
25.146559 -0.482071 24.799604 0.000000
20.180017 -0.964341 19.724705 0.000000
19.833818 -0.484004 19.384565 0.000000
5.451425 3.571013 6.792846 0.000000
4.358372 4.570495 6.725884 0.000000
4.063600 4.546569 7.626866 0.000000
5.406059 6.617271 9.932551 0.000000
5.564355 4.546925 7.072302 0.000000
4.580964 3.234937 5.453610 0.000000
4.446146 3.768213 5.597541 0.000000
1.369995 -29.413263 -0.008899 0.000000
2.790145 30.458815 3.087324 0.000000
2.105032 14.627255 1.962396 0.000000
1.953011 31.719740 2.288199 0.000000
2.334604 -33.192463 0.846260 0.000000
2.167619 26.467855 2.355106 0.000000
-1.137842 23.815147 -1.013921 0.000000
2.462287 -27.587585 1.131273 0.000000
2.467792 0.267244 2.014443 0.000000
1.499139 33.524391 1.867147 0.000000
-1.275557 28.530731 -1.020742 0.000000
-0.080221 -34.061958 -1.590275 0.000000
1.583679 -20.576015 0.448413 0.000000
2.291756 -31.344658 0.845220 0.000000
0.656006 -32.607582 -0.780675 0.000000
2.611403 -24.766554 1.373770 0.000000
2.451205 -13.066935 1.537789 0.000000
2.747637 -31.964916 1.280765 0.000000
2.495039 -14.575588 1.526263 0.000000
-1.369758 25.566219 -1.177039 0.000000
1.954741 -27.582651 0.617375 0.000000
0.967076 35.065224 1.415393 0.000000
19.032423 0.688056 18.452442 0.000000
17.585426 -0.438594 16.968390 0.000000
24.694172 -1.722232 24.353777 0.000000
17.510866 -1.285674 16.989328 0.000000
7.504555 -3.042520 7.539464 0.000000
2.981327 3.053355 5.372221 0.000000
3.217044 3.135355 5.432674 0.000000
3.254509 -2.402231 5.521945 0.000000
3.030157 -2.004502 5.285277 0.000000
2.448449 -1.679685 4.466595 0.000000
2.514446 -1.536467 4.372027 0.000000
2.525227 -1.445683 4.285489 0.000000
1.935702 -1.524601 3.965067 0.000000
6.074335 -3.359576 8.901628 0.000000
25.729891 -1.084483 28.417482 0.000000
4.237017 3.259224 4.494353 0.000000
5.813260 4.122987 5.388402 0.000000
5.588969 4.602378 5.337703 0.000000
5.428063 3.781285 4.984739 0.000000
2.998802 1.106889 2.505324 0.000000
4.661819 4.430226 5.858942 0.000000
4.971240 4.594072 6.099825 0.000000
4.496876 4.221111 5.868062 0.000000
5.398368 4.569969 6.487499 0.000000
2.500719 -1.489469 3.443597 0.000000
15.989352 -1.508207 18.383526 0.000000
18.907604 -1.571395 21.554539 0.000000
18.602169 -1.158079 21.265598 0.000000
17.855272 -0.370531 20.550831 0.000000
11.977409 -1.340135 13.983440 0.000000
17.492189 -0.846834 20.171827 0.000000
17.316452 -1.192970 19.984138 0.000000
2.426015 2.978885 5.172173 0.000000
3.510401 4.561228 7.225077 0.000000
3.549172 4.573070 6.990357 0.000000
3.145066 4.562037 7.058514 0.000000
3.208613 4.566996 6.880186 0.000000
2.077638 2.462481 4.908358 0.000000
11.528297 0.911111 12.832911 0.000000
1.026220 0.975081 3.220131 0.000000
0.800945 0.956295 3.440972 0.000000
-0.632674 1.272225 4.834373 0.000000
-0.834621 1.043973 5.032902 0.000000
-1.125744 1.071213 5.326749 0.000000
-1.461026 1.097947 5.664913 0.000000
16.876448 0.453751 19.606443 0.000000
20.753702 0.591325 20.875578 0.000000
21.120770 0.559203 21.784496 0.000000
27.663540 -1.298871 26.987249 0.000000
26.528984 -0.635328 25.826260 0.000000
24.236921 -0.442412 23.897299 0.000000
22.601036 0.062136 22.239178 0.000000
25.096207 -1.769663 25.674255 0.000000
2.716487 2.490638 5.260544 0.000000
2.398968 2.387043 5.119632 0.000000
5.218235 6.737303 10.103986 0.000000
17.477695 -1.448198 20.135332 0.000000
17.692665 -0.129618 20.397764 0.000000
17.944057 -1.118198 20.611799 0.000000
12.759568 0.529357 15.473650 0.000000
17.709528 0.235926 20.427975 0.000000
19.380669 0.413296 22.098368 0.000000
1.958889 2.440318 4.788754 0.000000
4.406716 3.871967 4.934704 0.000000
4.457205 4.238874 5.279173 0.000000
4.498944 1.648803 4.000891 0.000000
5.030929 4.585271 5.996655 0.000000
4.008655 4.600295 5.679496 0.000000
4.035422 -1.944779 3.413396 0.000000
-2.995059 -4.035227 7.044900 0.000000
7.004142 -2.717940 6.377737 0.000000
4.135990 4.580812 6.053922 0.000000
3.644131 4.587417 6.419832 0.000000
5.567035 4.127413 6.696850 0.000000
2.997702 0.719055 2.511181 0.000000
3.482916 2.357709 2.997055 0.000000
3.929632 2.729503 3.444561 0.000000
3.979099 2.981654 3.500879 0.000000
5.983943 -2.499860 5.352287 0.000000
5.999070 2.173031 5.528664 0.000000
4.907304 4.586321 5.992474 0.000000
5.023070 7.753999 10.327898 0.000000
4.221276 3.682353 4.487682 0.000000
3.999683 3.266607 4.064931 0.000000
4.385561 3.293366 3.922075 0.000000
5.067194 4.598974 5.497609 0.000000
4.873643 3.827351 4.430773 0.000000
5.297448 4.613584 4.933611 0.000000
4.824830 4.489032 4.400757 0.000000
2.783627 29.595163 3.071715 0.000000
1.980484 22.947008 2.089739 0.000000
2.870915 1.637879 2.494342 0.000000
2.669477 1.956460 2.970151 0.000000
3.045943 -1.872834 2.445084 0.000000
3.993805 3.272227 3.933463 0.000000
4.958893 4.614599 4.932651 0.000000
5.424677 4.138815 4.996283 0.000000
2.268052 -30.327652 0.836832 0.000000
2.159797 29.156054 2.450639 0.000000
1.790750 32.182564 2.166767 0.000000
-0.716992 34.016750 -0.323091 0.000000
1.003004 -17.435492 -0.041538 0.000000
2.056195 -27.765635 0.702530 0.000000
2.200781 1.982688 3.470074 0.000000
2.538162 1.908919 3.095523 0.000000
4.461827 4.533887 5.279524 0.000000
3.829296 4.608373 5.458556 0.000000
2.402934 1.660533 2.999950 0.000000
3.896841 4.602985 5.709846 0.000000
4.210401 4.230930 4.415916 0.000000
3.982426 3.916460 4.243209 0.000000
4.986993 4.406264 4.559201 0.000000
2.628560 -2.467505 3.078478 0.000000
1.717261 1.671746 3.957572 0.000000
1.936167 1.667924 3.479747 0.000000
3.461243 4.589486 6.407084 0.000000
4.591589 9.145091 10.828935 0.000000
2.988506 4.568348 6.864346 0.000000
2.406357 3.140672 5.159307 0.000000
5.174827 7.391898 10.192257 0.000000
5.057405 8.012511 10.367821 0.000000
0.995511 -0.856303 3.634380 0.000000
-2.977198 1.470312 7.209164 0.000000
-2.327112 1.167810 6.541454 0.000000
-2.280684 1.144675 6.490698 0.000000
-1.843841 1.122679 6.050729 0.000000
-1.697674 1.376443 5.914052 0.000000
2.389836 -2.455083 3.309755 0.000000
2.494820 -2.498295 3.967253 0.000000
3.493745 2.320827 3.003532 0.000000
3.192089 -2.013823 2.570413 0.000000
2.850665 -2.452959 2.868452 0.000000
2.970896 -1.942032 2.367314 0.000000
5.336380 4.131666 6.464564 0.000000
3.391919 4.614745 5.506881 0.000000
1.667463 -2.445066 4.076961 0.000000
1.768870 -2.492948 3.974242 0.000000
7.000484 0.808779 6.498920 0.000000
4.429597 3.808328 3.974293 0.000000
6.469361 3.869779 6.042673 0.000000
4.492739 2.266834 4.005488 0.000000
4.383664 4.175076 4.983940 0.000000
1.278296 1.474250 3.996752 0.000000
1.480330 1.949279 4.223621 0.000000
1.243729 1.567275 3.996088 0.000000
1.619874 1.892044 4.416327 0.000000
1.999269 1.998827 4.822822 0.000000
2.005691 1.764753 3.674388 0.000000
2.137539 2.902339 4.995422 0.000000
-1.682926 -0.658167 5.836146 0.000000
-1.492518 -0.691922 5.642979 0.000000
-0.023849 -0.770243 4.158545 0.000000
-0.471915 -0.771069 4.609984 0.000000
-0.877834 -0.940750 5.013378 0.000000
-0.535873 -0.946589 4.668940 0.000000
-1.126170 -0.739172 5.271775 0.000000
0.060560 -0.944633 4.068050 0.000000
0.156863 -0.937208 3.973970 0.000000
-1.267133 -0.136598 5.430653 0.000000
-0.920206 -0.481528 5.069485 0.000000
-1.402969 -0.195058 5.565772 0.000000
-1.276211 0.213600 5.446113 0.000000
-0.622026 -0.049852 4.782392 0.000000
-1.779529 -0.492244 5.938863 0.000000
0.240351 0.715039 3.939039 0.000000
-0.170824 0.800178 4.356575 0.000000
0.009348 0.792727 4.175635 0.000000
0.991205 0.926523 3.682591 0.000000
-0.358461 0.801727 4.544760 0.000000
-1.250018 0.669872 5.434089 0.000000
-0.553599 0.796065 4.740193 0.000000
-0.980945 0.066231 5.145697 0.000000
-0.804772 0.003918 4.967218 0.000000
-1.802549 0.431422 5.988925 0.000000
-0.394731 0.443490 4.568542 0.000000
-0.932685 0.755448 5.118824 0.000000
-1.437126 0.539304 5.617457 0.000000
-1.524500 0.745080 5.717497 0.000000
-0.016317 0.322756 4.186628 0.000000
1.777824 -1.549359 4.439812 0.000000
1.272824 -2.016749 4.490006 0.000000
27.178429 -1.293194 26.465998 0.000000
12.005660 0.927981 12.320472 0.000000
2.862929 4.596175 6.364022 0.000000
1.882734 2.891675 4.730911 0.000000
-3.087463 1.124670 7.305810 0.000000
-2.785626 1.162088 6.998899 0.000000
1.438874 -1.643045 4.369268 0.000000
1.017381 -2.417490 4.730139 0.000000
3.828205 -2.888780 5.008230 0.000000
4.500837 1.537269 3.997220 0.000000
7.273822 4.871507 6.884463 0.000000
5.991092 3.797030 5.559677 0.000000
6.499036 4.313280 6.084729 0.000000
4.655415 -2.656462 4.010252 0.000000
2.247431 2.463049 3.430630 0.000000
4.496289 4.616889 4.928152 0.000000
5.988182 4.399241 5.571478 0.000000
1.736149 2.453066 3.973242 0.000000
1.881891 2.386905 3.452337 0.000000
2.484417 -2.827531 3.997467 0.000000
1.802644 -2.823466 3.922826 0.000000
2.460800 -2.926542 3.264047 0.000000
2.647538 2.336465 2.995637 0.000000
2.434993 2.158639 2.894398 0.000000
3.998257 3.869535 3.849533 0.000000
2.967890 -2.874213 2.760773 0.000000
2.976295 -2.872665 3.496504 0.000000
3.498089 1.962620 3.016786 0.000000
3.009641 -2.541882 5.265312 0.000000
-2.990565 -0.658303 7.154656 0.000000
-2.824321 -0.256590 6.999874 0.000000
-2.027671 -0.448056 6.190545 0.000000
-2.422180 -0.441423 6.588568 0.000000
-2.149285 -0.978005 6.296349 0.000000
-3.090942 -0.564305 7.258824 0.000000
-1.874196 -0.616683 6.030395 0.000000
-2.537472 -0.881571 6.690807 0.000000
-3.019620 0.010957 7.205269 0.000000
-2.795089 0.678416 6.993025 0.000000
-1.893559 0.731836 6.088270 0.000000
-2.866619 0.527461 7.067532 0.000000
-2.255465 0.838539 6.461336 0.000000
-2.966396 0.083408 7.153931 0.000000
-2.319791 0.449131 6.513737 0.000000
-1.978479 0.479256 6.170513 0.000000
-2.555665 0.342413 6.748147 0.000000
-2.259825 0.416813 6.452238 0.000000
-3.071620 -0.023954 7.256570 0.000000
-2.853650 -0.189750 7.031569 0.000000
0.832992 -0.319244 3.484935 0.000000
1.002132 -0.472452 3.163742 0.000000
-2.312797 0.710413 6.509159 0.000000
1.319406 -2.910140 4.421593 0.000000
0.833280 -2.367144 4.925354 0.000000
0.753263 -2.520382 4.958800 0.000000
1.193702 -2.558522 4.884003 0.000000
1.291143 -1.018941 3.963027 0.000000
0.971916 -2.847027 5.082930 0.000000
4.071828 -2.973003 4.781126 0.000000
3.894887 -2.900225 4.942224 0.000000
1.493022 2.443089 4.318344 0.000000
0.502883 2.029264 4.002459 0.000000
2.456521 4.347082 6.361494 0.000000
4.521920 8.727572 10.852129 0.000000
1.365101 2.424676 3.968013 0.000000
1.695785 -2.799560 4.030094 0.000000
0.440166 39.390373 0.996266 0.000000
0.362495 -39.687649 -1.301960 0.000000
1.583366 27.279179 1.796187 0.000000
-0.195963 27.196810 0.020131 0.000000
0.586443 -31.415413 -0.849802 0.000000
2.010471 -16.612787 0.989721 0.000000
2.508485 36.897800 2.991080 0.000000
1.763182 23.404125 1.868562 0.000000
2.876013 2.032085 2.378594 0.000000
3.099802 -2.082921 2.489288 0.000000
3.167873 -2.956353 2.525694 0.000000
2.151325 -20.294420 1.026977 0.000000
2.955322 -2.162186 2.342859 0.000000
2.651196 2.803132 2.998444 0.000000
2.862372 2.635460 2.375569 0.000000
3.070323 -2.660230 2.437790 0.000000
2.959746 -3.331645 3.473962 0.000000
2.914460 -3.289774 2.804919 0.000000
2.431264 2.659340 2.915197 0.000000
3.155412 -3.135302 2.567425 0.000000
0.119087 31.069050 0.435397 0.000000
1.800068 -36.310108 0.223859 0.000000
2.352978 -16.093266 1.338818 0.000000
2.012728 -28.217873 0.664722 0.000000
2.559457 -1.495092 1.999108 0.000000
0.380830 29.350189 0.649222 0.000000
1.180385 -32.483795 -0.303249 0.000000
2.074944 -37.717140 0.440153 0.000000
0.728000 -34.728516 -0.804771 0.000000
2.166551 -20.543287 1.035299 0.000000
1.493672 22.649782 1.575549 0.000000
2.274030 4.294703 5.983332 0.000000
4.544708 9.587959 10.979095 0.000000
0.812621 2.125387 4.521775 0.000000
0.956196 2.781663 4.626027 0.000000
1.456062 2.859296 4.299187 0.000000
0.863774 2.897233 4.494030 0.000000
1.407108 -3.349259 4.340150 0.000000
1.001811 -3.914475 4.713692 0.000000
1.606520 -3.097992 4.121354 0.000000
1.153119 -3.046849 4.565343 0.000000
10.002057 -0.455929 9.498720 0.000000
11.535589 -1.160689 10.992260 0.000000
21.254177 -1.644904 22.517645 0.000000
1.485735 1.485894 4.222809 0.000000
1.623133 2.498318 4.465535 0.000000
2.299356 3.912895 5.954209 0.000000
0.656251 -3.276744 5.358604 0.000000
0.366635 -3.826667 5.352367 0.000000
0.389870 -3.087397 5.347083 0.000000
-0.102334 -3.757553 5.758078 0.000000
0.195175 -3.390952 5.536490 0.000000
0.417630 -2.894581 5.324746 0.000000
0.709082 -2.433143 5.045036 0.000000
3.247094 -2.668405 5.511371 0.000000
5.465588 3.819023 5.026670 0.000000
1.778824 2.915930 3.939525 0.000000
1.989264 2.791722 3.362417 0.000000
2.300394 2.965760 3.386939 0.000000
3.627288 4.623467 4.910523 0.000000
2.365048 -3.260458 3.357145 0.000000
2.495759 -3.575852 3.982709 0.000000
2.485183 -3.320888 3.994845 0.000000
-2.023513 9.583728 6.487782 0.000000
1.476841 2.539106 3.870722 0.000000
1.885012 -3.154284 3.840696 0.000000
1.334175 -3.879346 4.381774 0.000000
5.004072 1.605225 4.497854 0.000000
4.469702 -2.989207 4.374570 0.000000
1.312129 -0.770995 3.988848 0.000000
1.164343 -1.986770 4.571809 0.000000
0.388732 -3.795050 5.832629 0.000000
25.913927 -1.821953 27.024487 0.000000
22.129995 -1.731983 24.328569 0.000000
0.467021 2.994993 5.223754 0.000000
0.453269 2.922066 4.902588 0.000000
0.126746 -0.092722 4.030133 0.000000
0.187263 -0.045783 3.970845 0.000000
0.331267 0.039746 3.828912 0.000000
-0.018076 -0.036123 4.177211 0.000000
0.979528 -0.200598 3.629031 0.000000
0.822977 0.170568 3.489289 0.000000
-1.462399 0.461535 5.640350 0.000000
0.935592 0.471605 3.605961 0.000000
-0.437413 -0.094632 4.595938 0.000000
0.048317 0.359598 4.122932 0.000000
-0.312476 -3.923266 6.029730 0.000000
25.661386 -1.588786 25.307163 0.000000
1.317897 0.534342 3.997369 0.000000
0.008267 -5.569247 6.242810 0.000000
-0.196020 -5.853336 6.012420 0.000000
0.577396 -8.273427 6.698038 0.000000
0.946677 -8.565154 7.060008 0.000000
0.498413 -7.712803 6.630350 0.000000
0.620196 -7.835900 6.752583 0.000000
0.184479 -7.658805 6.316619 0.000000
1.625319 -3.584119 4.101326 0.000000
0.300440 -6.518611 6.464300 0.000000
0.287095 -6.371857 6.471227 0.000000
0.471301 -6.675725 6.628321 0.000000
0.479912 -7.395180 6.635779 0.000000
1.463008 3.499926 4.346774 0.000000
1.369981 3.129767 3.985241 0.000000
1.832733 3.467551 3.896833 0.000000
0.958945 3.070519 4.401320 0.000000
1.522410 -4.327226 4.132622 0.000000
1.228375 -4.003349 4.080404 0.000000
1.910018 -3.729352 3.812361 0.000000
1.564389 -4.861558 4.164646 0.000000
1.522637 -5.302205 4.113917 0.000000
1.910885 -5.430853 4.502060 0.000000
1.535490 -5.617796 4.127387 0.000000
2.099864 -6.443431 4.697904 0.000000
4.969962 2.937061 4.506711 0.000000
3.236484 4.616531 5.497673 0.000000
-0.196407 -4.869819 6.037715 0.000000
0.600511 -3.762482 5.116795 0.000000
-0.472216 -4.504697 5.746497 0.000000
-1.836720 -6.087608 8.087361 0.000000
-1.829748 -5.847896 8.079976 0.000000
-0.416294 -4.105631 5.819201 0.000000
-0.435781 -4.088879 6.069986 0.000000
2.975396 4.613006 5.555602 0.000000
2.418311 4.601011 6.330974 0.000000
0.308143 3.364790 5.398625 0.000000
0.449358 3.264559 4.923887 0.000000
2.916026 -9.385975 5.364454 0.000000
2.989775 -9.691554 5.154566 0.000000
3.306098 -9.676920 4.751234 0.000000
2.419984 -8.634141 4.893727 0.000000
2.772150 -9.677263 4.735884 0.000000
3.566600 -9.676794 4.758017 0.000000
2.956536 -3.551088 3.488517 0.000000
2.497174 -3.707729 3.225257 0.000000
3.034037 -9.671513 5.472829 0.000000
3.495351 2.689707 3.002122 0.000000
2.240532 3.362176 3.470761 0.000000
2.708728 3.460161 2.986532 0.000000
2.475498 3.116142 2.893638 0.000000
2.441679 -6.823621 4.958338 0.000000
1.938401 -5.679462 4.521700 0.000000
2.364894 -7.382073 4.864807 0.000000
1.971454 -6.362830 4.546255 0.000000
1.949141 -6.826286 4.509139 0.000000
4.235716 4.629195 4.497296 0.000000
1.887173 3.307950 3.476305 0.000000
3.943954 3.282435 3.491098 0.000000
2.910806 -2.762692 2.275855 0.000000
3.018285 -3.606655 2.352621 0.000000
3.048329 -3.067589 2.401213 0.000000
2.679287 3.158146 2.198543 0.000000
4.041739 -7.716468 3.243974 0.000000
3.671350 -9.662073 4.267835 0.000000
3.596669 -9.672016 3.699839 0.000000
4.232146 -9.663948 3.533202 0.000000
3.149590 -3.590732 2.562006 0.000000
2.874799 -3.787869 2.832162 0.000000
4.167773 -9.661786 4.271208 0.000000
4.728466 -9.650589 3.880883 0.000000
-0.208589 -5.210825 6.012769 0.000000
6.975169 -2.873238 6.342655 0.000000
21.017485 -0.686527 20.593369 0.000000
20.537369 -0.203117 20.117516 0.000000
0.909980 1.994021 4.417838 0.000000
5.429044 4.344604 5.005171 0.000000
4.998827 3.897737 4.558965 0.000000
6.480890 2.901841 6.024331 0.000000
6.463171 3.051844 6.013070 0.000000
0.702063 -8.525826 6.813363 0.000000
0.225825 -7.256596 6.369222 0.000000
0.457478 -8.140667 6.577159 0.000000
3.226530 -4.441411 2.545947 0.000000
2.703130 3.676495 2.992897 0.000000
2.789407 4.241738 2.922062 0.000000
2.877823 -3.191679 2.227815 0.000000
3.616513 -9.651663 3.093445 0.000000
3.138542 -4.450042 2.449714 0.000000
3.340469 -5.618661 2.616464 0.000000
3.501390 -8.649261 2.687665 0.000000
2.832458 -3.769427 2.162978 0.000000
3.122638 -4.942830 2.418238 0.000000
3.287900 -6.512433 2.531044 0.000000
3.260159 -5.112199 2.546960 0.000000
-0.572782 28.068419 -0.346464 0.000000
-1.447688 -38.018723 -3.091192 0.000000
1.214931 -20.014502 0.084944 0.000000
2.215289 25.746420 2.379346 0.000000
2.185323 -25.464901 0.901671 0.000000
2.237216 3.907159 3.487420 0.000000
1.883505 3.961769 3.856754 0.000000
2.304681 -9.483396 4.752497 0.000000
2.449873 -8.270290 4.921675 0.000000
2.499800 -9.677477 4.727410 0.000000
1.526343 -6.753758 4.089268 0.000000
1.562346 -6.353081 4.135418 0.000000
1.995542 -8.329358 4.526577 0.000000
1.733300 -7.447934 4.276120 0.000000
2.498368 -7.966814 4.993087 0.000000
1.924060 4.343182 3.824881 0.000000
1.066302 -4.191690 3.664259 0.000000
1.403989 -5.079455 4.002835 0.000000
1.421595 -4.648222 4.022903 0.000000
3.214108 -9.664604 3.535598 0.000000
2.904112 -9.662779 4.259040 0.000000
3.163359 -9.662509 4.262496 0.000000
3.912857 -7.030913 3.158484 0.000000
2.457647 3.994532 2.919860 0.000000
2.289426 4.332899 3.446346 0.000000
2.610296 -9.672676 3.627614 0.000000
2.054967 -9.630091 4.485322 0.000000
4.774056 4.626650 4.472974 0.000000
1.435156 3.590115 3.934720 0.000000
1.435537 3.882697 4.302306 0.000000
1.477463 4.151525 4.387197 0.000000
3.997952 4.298876 4.222237 0.000000
1.876597 3.891522 3.478361 0.000000
1.951125 4.356068 3.462331 0.000000
1.913214 -7.138805 4.509493 0.000000
2.896602 -8.088483 5.382066 0.000000
-0.286255 39.817978 0.271848 0.000000
-0.539005 23.725761 -0.434989 0.000000
1.032820 -19.123573 -0.072043 0.000000
1.393581 -24.630350 0.132708 0.000000
2.011480 -34.906532 0.460033 0.000000
2.671698 3.983299 2.210534 0.000000
3.513954 -6.482497 2.766831 0.000000
3.320848 -6.375012 2.562727 0.000000
3.921423 -8.533258 3.143675 0.000000
4.056363 -8.599487 3.244425 0.000000
3.075882 -9.656904 3.188652 0.000000
3.177765 -5.070710 2.465965 0.000000
3.493707 4.624675 4.906851 0.000000
-2.251606 -5.868147 7.713938 0.000000
-0.864125 -4.068891 5.662780 0.000000
-2.280019 -6.132749 7.682450 0.000000
-0.479782 -5.423644 5.745394 0.000000
-0.685866 -4.886324 5.523996 0.000000
0.861250 3.876830 4.457763 0.000000
0.403624 3.631828 4.962087 0.000000
0.238492 4.387662 5.494641 0.000000
-0.491521 5.912754 6.067964 0.000000
0.364271 3.914623 5.358428 0.000000
-0.497118 6.095459 6.047859 0.000000
0.254262 4.596721 5.484808 0.000000
-0.463676 6.767522 6.121609 0.000000
-0.291457 4.578666 5.974405 0.000000
-2.351372 7.305235 8.001958 0.000000
-0.888418 4.869571 5.702139 0.000000
-0.493117 5.278964 6.050953 0.000000
-0.318747 4.354525 5.994980 0.000000
-0.495974 8.303421 6.148573 0.000000
-0.458583 7.019225 6.142282 0.000000
-0.490038 7.900033 6.133693 0.000000
-0.078672 9.704163 6.565497 0.000000
-0.162071 9.060588 6.519952 0.000000
-0.116435 8.919879 6.544085 0.000000
1.467713 4.623102 4.386989 0.000000
3.516770 4.633250 4.476140 0.000000
-0.107858 -7.139112 6.046015 0.000000
-0.193724 -7.177172 5.951118 0.000000
-0.268041 -6.722302 5.930222 0.000000
-0.158979 -6.949495 6.026153 0.000000
0.140072 -8.086599 6.260159 0.000000
0.470577 -8.507387 6.582922 0.000000
-0.125051 -7.507313 6.018337 0.000000
-0.467250 -5.507852 5.740969 0.000000
-0.387529 -6.219573 5.808424 0.000000
-0.183154 -6.365764 6.014580 0.000000
2.055724 3.870415 5.106807 0.000000
2.386628 4.617560 5.952047 0.000000
-0.710491 4.360419 6.118877 0.000000
-0.183148 3.418065 5.553905 0.000000
-0.252614 3.966382 5.948012 0.000000
-0.098342 3.705130 5.487286 0.000000
-2.333220 5.983349 8.012016 0.000000
-1.385217 4.666385 6.789852 0.000000
-0.812844 3.829575 6.203802 0.000000
5.441757 4.248260 6.571294 0.000000
2.220182 -9.670751 3.636541 0.000000
1.970604 -9.593976 4.395452 0.000000
2.581762 -9.656022 3.133272 0.000000
4.023668 -9.666316 3.332898 0.000000
2.767940 -4.576615 2.072227 0.000000
3.558394 -8.292160 2.793552 0.000000
3.420296 -7.502434 2.640069 0.000000
3.113693 -5.624499 2.388439 0.000000
3.565577 -9.648461 2.976190 0.000000
3.189903 -7.052810 2.421380 0.000000
3.157935 -9.638154 2.506285 0.000000
3.163471 9.797927 3.019626 0.000000
2.502393 9.786267 3.551085 0.000000
3.040009 7.148434 2.679271 0.000000
2.944923 4.673139 2.868115 0.000000
3.015234 5.994595 2.650469 0.000000
1.054402 -3.985715 3.655347 0.000000
1.015606 -4.757675 3.594160 0.000000
1.050147 -5.015350 3.625297 0.000000
1.244899 5.888811 4.159836 0.000000
1.097957 4.966424 3.971101 0.000000
1.957805 4.655062 3.974660 0.000000
1.178932 6.758236 4.123898 0.000000
1.110855 6.367144 4.042362 0.000000
1.126524 5.353967 4.022112 0.000000
1.539826 7.461196 4.523723 0.000000
1.583238 -8.211812 4.118257 0.000000
1.576141 -8.561811 4.097023 0.000000
1.598892 -7.776750 4.139696 0.000000
1.492642 -7.269596 4.042553 0.000000
1.625123 9.754271 4.592563 0.000000
2.519729 9.771507 4.161490 0.000000
2.064249 9.767779 4.092007 0.000000
2.005114 9.759041 4.616139 0.000000
2.240377 4.511890 3.481508 0.000000
1.589984 9.375274 4.624542 0.000000
1.030778 -6.126329 3.578576 0.000000
1.414600 -5.725605 4.000876 0.000000
1.095527 -5.509888 3.657594 0.000000
0.003277 -5.358307 6.248215 0.000000
13.522000 0.821449 12.979275 0.000000
2.112793 3.472446 4.989331 0.000000
-1.381783 4.482650 6.793895 0.000000
3.569836 9.600303 9.996757 0.000000
4.026388 9.590632 10.684219 0.000000
-0.484271 8.724907 6.168033 0.000000
2.912235 4.616833 5.479072 0.000000
-0.638880 -5.194565 5.571273 0.000000
-0.524102 5.382995 6.005637 0.000000
-0.707246 4.849557 6.030422 0.000000
2.772958 -2.053481 5.038583 0.000000
2.318747 -1.427021 4.488882 0.000000
1.857412 -1.079628 4.496803 0.000000
1.474275 -1.369131 4.105321 0.000000
24.299570 0.056732 23.974991 0.000000
23.252943 -0.165172 22.898920 0.000000
25.641235 0.424779 25.471851 0.000000
15.942984 -0.498579 15.485386 0.000000
-0.043000 -3.342383 5.773534 0.000000
22.815163 0.501626 24.224581 0.000000
6.540927 -3.113294 8.500443 0.000000
-0.920757 5.734941 5.598734 0.000000
-0.548773 5.816611 6.001131 0.000000
-0.968281 5.356300 5.527304 0.000000
-0.538227 6.189262 6.024635 0.000000
-0.987050 6.309314 5.552794 0.000000
-0.645277 8.852156 6.022393 0.000000
-0.616414 8.278161 6.029817 0.000000
-0.539566 7.529841 6.075599 0.000000
0.065162 9.716518 6.437738 0.000000
-0.282595 9.743877 6.237312 0.000000
-0.323785 9.142545 6.343248 0.000000
3.833325 4.163605 3.753587 0.000000
-0.529313 -5.545106 5.676761 0.000000
-0.671814 -6.203499 5.519479 0.000000
-0.624642 -7.260510 5.547103 0.000000
-0.635002 -6.976392 5.542100 0.000000
-0.644118 -7.682142 5.518568 0.000000
-0.528326 -8.446336 5.585890 0.000000
-0.217750 -7.559574 5.916148 0.000000
-0.271719 -8.395168 5.838053 0.000000
-0.037945 -8.514978 6.066614 0.000000
-0.015312 -8.429071 6.098459 0.000000
2.707749 -1.549095 4.983659 0.000000
1.499645 -0.759290 4.153422 0.000000
1.806324 -1.549510 4.563892 0.000000
13.437445 -0.487241 12.980154 0.000000
16.896791 -0.965046 16.390059 0.000000
20.107178 -1.449701 19.454779 0.000000
18.872477 -0.843575 18.387634 0.000000
17.030191 -0.053938 16.431662 0.000000
19.537153 -1.458279 19.045435 0.000000
17.448259 -0.007380 16.973244 0.000000
19.085827 -1.486289 18.435459 0.000000
18.020283 0.583689 17.438803 0.000000
4.998036 1.783350 4.506660 0.000000
-2.268646 6.182535 8.084268 0.000000
-0.595515 3.861456 5.962854 0.000000
-2.462442 5.827551 7.843441 0.000000
-0.108712 3.172250 5.477987 0.000000
3.032835 9.629287 9.489427 0.000000
1.338228 -0.436097 3.985606 0.000000
2.828323 -6.687794 2.054578 0.000000
3.172157 -9.635845 2.490004 0.000000
2.634721 -3.317308 1.977363 0.000000
2.955779 -5.101385 2.230392 0.000000
2.629136 -2.713430 1.996601 0.000000
2.975108 -4.360991 2.284402 0.000000
2.621071 -9.623994 2.276292 0.000000
2.932605 -9.111530 2.103612 0.000000
2.764061 4.363406 2.315110 0.000000
2.584690 4.981681 2.128673 0.000000
2.611394 -1.923033 1.999570 0.000000
2.869987 -6.432188 2.111171 0.000000
2.945188 -7.602009 2.158828 0.000000
2.922316 -9.646772 2.813296 0.000000
2.801439 -7.296442 2.017762 0.000000
2.988597 -5.656188 2.258586 0.000000
3.211324 -8.496507 2.399913 0.000000
3.090308 -6.360275 2.342453 0.000000
1.438372 -6.377059 4.007356 0.000000
-0.598769 -8.579156 5.582363 0.000000
1.996359 -8.529285 4.529769 0.000000
2.985188 0.495577 2.504936 0.000000
1.017036 5.170711 3.881835 0.000000
3.447106 2.630980 2.967296 0.000000
3.734426 3.971334 3.458924 0.000000
1.582798 8.436071 4.599866 0.000000
1.541441 8.794960 4.564103 0.000000
1.186993 7.687234 4.162972 0.000000
1.108399 7.173553 4.067276 0.000000
1.531363 7.151102 4.493807 0.000000
2.104518 -9.656379 3.122450 0.000000
1.513597 -9.649313 3.168513 0.000000
2.171941 -9.631982 2.571844 0.000000
3.070412 -7.583676 2.285969 0.000000
3.341914 -8.977820 2.524567 0.000000
3.597926 -7.694981 2.831910 0.000000
3.246719 -4.749249 2.558268 0.000000
3.173025 8.965984 2.904177 0.000000
2.536381 6.649368 2.141308 0.000000
3.009472 9.631165 2.720051 0.000000
2.534287 9.799641 3.043039 0.000000
2.826225 9.809581 2.604953 0.000000
2.025462 9.781765 3.460923 0.000000
2.950475 5.207827 2.535987 0.000000
3.276769 8.079165 2.941552 0.000000
3.036841 6.696996 2.684636 0.000000
2.657784 5.333586 2.230963 0.000000
1.005230 -6.667834 3.539912 0.000000
1.117460 -8.259278 3.624654 0.000000
1.045389 -7.356920 3.549553 0.000000
1.187050 -9.666958 3.651047 0.000000
1.190690 -8.924318 3.683316 0.000000
1.054021 -7.679471 3.573650 0.000000
1.525243 -9.673867 3.886726 0.000000
2.444366 4.275755 2.942906 0.000000
1.265923 9.765002 4.095131 0.000000
2.039284 9.781822 3.553918 0.000000
1.667723 9.775954 3.681507 0.000000
1.500350 9.768445 4.171038 0.000000
1.499060 -8.553490 4.012521 0.000000
1.469530 -7.626162 4.015213 0.000000
1.627954 -9.440272 4.120677 0.000000
1.435311 -6.548911 4.004558 0.000000
1.968027 -7.523028 4.518978 0.000000
-0.884916 -8.519124 5.290166 0.000000
1.565995 9.788836 3.219415 0.000000
2.236478 9.807297 2.545734 0.000000
2.817096 8.038709 2.489847 0.000000
2.899112 6.053614 2.515306 0.000000
2.926171 8.511986 2.603027 0.000000
2.506608 5.862073 2.117754 0.000000
1.907580 4.533242 3.494086 0.000000
-0.504602 9.758941 5.945501 0.000000
-0.916010 8.402678 5.714597 0.000000
-0.934182 8.860123 5.536527 0.000000
-0.958522 9.245172 5.700229 0.000000
-0.576952 9.723319 6.080835 0.000000
-0.557049 9.464972 6.130638 0.000000
-0.852686 7.675647 5.753837 0.000000
-0.925975 7.374413 5.667580 0.000000
0.949691 4.889411 4.101549 0.000000
-0.920485 -5.826880 5.032052 0.000000
2.488163 4.520636 2.962741 0.000000
1.165054 8.319047 4.173195 0.000000
1.264839 8.986132 4.294925 0.000000
1.080280 9.266533 4.119679 0.000000
1.039858 6.717695 3.983309 0.000000
-0.998033 -6.222230 5.192697 0.000000
-0.869347 -6.735831 5.301395 0.000000
-0.954035 -7.220673 5.205259 0.000000
1.663206 -9.638111 2.643528 0.000000
2.096188 -9.627755 2.315790 0.000000
2.689759 -8.681734 1.882483 0.000000
2.737896 -6.450197 1.983446 0.000000
2.658379 -4.827777 1.953535 0.000000
2.607353 -3.543812 1.933583 0.000000
2.527714 -4.321283 1.826153 0.000000
2.693902 -9.615918 1.989679 0.000000
2.602782 -2.219663 1.978474 0.000000
3.501983 -6.862377 2.737775 0.000000
3.352108 -8.417244 2.570618 0.000000
1.192008 -9.654398 3.232039 0.000000
1.347912 -9.338024 3.842841 0.000000
2.675188 7.402008 2.304543 0.000000
3.842023 -7.940240 3.064326 0.000000
0.998552 -7.169045 3.528884 0.000000
3.506056 -5.629286 2.797686 0.000000
0.958817 -6.237155 3.502337 0.000000
0.462978 2.456508 4.913058 0.000000
1.324858 0.184886 3.999624 0.000000
1.953500 3.395880 4.822329 0.000000
3.073539 9.628107 9.791851 0.000000
5.963139 3.397983 5.524837 0.000000
2.678805 -2.048893 4.944833 0.000000
-0.936328 6.532536 5.612333 0.000000
-0.510420 7.210901 6.097096 0.000000
-0.556797 6.945992 6.032632 0.000000
-2.629965 6.538773 7.705884 0.000000
-2.590338 7.180657 7.769172 0.000000
-2.805763 -6.077748 7.133175 0.000000
-0.091433 4.122404 5.493797 0.000000
-2.306919 6.821587 8.036952 0.000000
-2.461830 6.617336 7.877093 0.000000
-2.469533 6.123810 7.857019 0.000000
-2.695910 6.327466 7.632075 0.000000
-2.764096 5.874786 7.524746 0.000000
-1.564746 4.635745 7.004198 0.000000
3.390766 4.634151 4.471741 0.000000
4.950788 4.599613 5.494918 0.000000
1.853920 -0.615998 4.499792 0.000000
1.722775 1.458118 4.444720 0.000000
1.309120 0.947701 4.036493 0.000000
4.809657 8.480555 10.570092 0.000000
2.045919 3.894797 4.939175 0.000000
2.064301 4.408614 5.228704 0.000000
2.488515 -1.900970 4.748450 0.000000
2.325179 -1.054721 4.973921 0.000000
1.987984 -1.066756 4.643036 0.000000
3.578008 9.615226 10.025322 0.000000
2.503975 4.390895 6.458669 0.000000
1.346262 -0.311772 4.033002 0.000000
2.999724 -1.523503 5.276673 0.000000
-0.565521 -3.895322 6.207318 0.000000
3.771845 4.644102 3.875227 0.000000
2.452091 4.622624 5.392872 0.000000
2.885542 9.637129 9.416117 0.000000
2.775056 4.631722 4.883316 0.000000
0.503981 5.267777 4.040482 0.000000
1.058618 5.653559 3.956223 0.000000
1.028510 6.439280 3.953251 0.000000
1.479834 4.197096 3.920128 0.000000
4.101199 -9.002228 3.277041 0.000000
0.996213 -6.875155 3.511811 0.000000
2.552701 9.376853 2.232933 0.000000
2.672473 6.019260 2.260323 0.000000
-0.889100 -7.509577 5.264600 0.000000
-0.972140 -8.111945 5.167014 0.000000
0.993844 9.028509 4.037440 0.000000
3.309796 9.231662 3.029085 0.000000
-2.450836 7.249382 7.910996 0.000000
2.931868 7.501820 2.593341 0.000000
2.644039 9.813725 2.466494 0.000000
0.946755 -5.671084 3.506587 0.000000
3.200281 -6.712846 2.437337 0.000000
2.004875 -5.481858 2.174702 0.000000
2.753904 -6.590427 1.995929 0.000000
2.884346 -8.593584 2.072469 0.000000
3.030921 -8.870191 2.207866 0.000000
3.546061 -9.029812 2.757594 0.000000
2.472734 -1.579694 2.986561 0.000000
1.455968 8.575685 4.502566 0.000000
1.004794 7.227003 3.976212 0.000000
1.476423 8.226081 4.517805 0.000000
1.448323 9.122660 4.518469 0.000000
0.924823 4.177839 4.406458 0.000000
2.517041 -5.226679 1.797132 0.000000
2.500044 -7.855185 1.702728 0.000000
3.045925 6.427969 2.697876 0.000000
2.628825 7.958611 2.272102 0.000000
1.001904 -8.867548 3.498891 0.000000
-1.060412 4.195957 6.462634 0.000000
0.477299 4.010237 4.920956 0.000000
3.506642 1.762600 2.998394 0.000000
4.402658 4.184877 3.963395 0.000000
-2.486690 -6.009813 7.465106 0.000000
-2.460149 -5.974864 7.484523 0.000000
7.627415 -3.198886 6.989964 0.000000
1.900534 3.787711 4.784810 0.000000
2.914181 6.904040 2.543109 0.000000
0.496358 4.681638 4.925502 0.000000
4.552774 -2.972668 3.901325 0.000000
4.989534 2.133324 4.502150 0.000000
4.989345 3.961813 6.106088 0.000000
3.985204 9.596467 10.501150 0.000000
4.935039 8.098253 10.455106 0.000000
4.976354 7.520487 10.378616 0.000000
-1.915445 -6.071167 7.987422 0.000000
4.688280 -3.065371 4.028285 0.000000
1.987662 -1.619033 3.493576 0.000000
1.985071 9.648592 8.556577 0.000000
2.292393 4.636255 4.864467 0.000000
3.427347 4.646392 3.864135 0.000000
2.861212 4.638398 4.451168 0.000000
7.495310 -3.063607 6.860185 0.000000
3.983304 -1.610855 4.496727 0.000000
2.754983 -2.514729 5.015076 0.000000
3.625658 -3.485303 5.218233 0.000000
3.009295 -3.318901 5.258522 0.000000
5.497623 1.753381 5.009828 0.000000
7.489287 -2.255676 7.496541 0.000000
3.961118 -3.307266 4.890947 0.000000
4.152085 -3.468323 4.697216 0.000000
3.206616 -9.287307 2.371749 0.000000
2.669022 -5.796101 1.934902 0.000000
1.568585 -5.153441 2.614547 0.000000
2.606730 -8.214791 1.793076 0.000000
2.057436 -6.183420 2.098980 0.000000
2.026802 6.455549 2.503749 0.000000
3.417707 -7.123941 2.641932 0.000000
1.510022 -8.436344 2.555790 0.000000
3.817753 -8.266504 3.019502 0.000000
1.078724 -6.161008 3.039519 0.000000
1.003211 7.896665 3.991593 0.000000
3.499118 3.417346 3.029563 0.000000
3.688181 4.485740 3.247366 0.000000
1.511344 6.445744 3.044373 0.000000
3.627331 -7.102670 2.866188 0.000000
3.009925 9.018348 2.707411 0.000000
3.436166 -9.343511 2.585822 0.000000
2.000413 8.090026 2.588796 0.000000
2.003545 5.722235 2.509647 0.000000
2.786286 8.687016 2.462404 0.000000
1.606790 -6.364289 2.524635 0.000000
2.708312 -7.066909 1.935655 0.000000
6.991911 -3.330311 7.987857 0.000000
1.550639 2.955607 4.412190 0.000000
7.494289 -3.031547 7.498512 0.000000
3.260514 -3.269851 5.509984 0.000000
6.488671 3.032921 6.999332 0.000000
7.494608 -2.783869 7.497290 0.000000
2.413158 -1.492836 3.494120 0.000000
4.477850 -3.435696 4.375817 0.000000
2.008419 4.130342 4.910827 0.000000
2.257555 1.524874 4.992944 0.000000
7.316158 -3.548403 7.665835 0.000000
6.650380 -3.929473 8.315154 0.000000
6.999190 -2.560016 7.999936 0.000000
6.494609 2.731842 6.998211 0.000000
6.499457 2.013109 6.999939 0.000000
6.495008 1.725587 6.999240 0.000000
6.999630 -2.424526 7.999989 0.000000
6.479307 -3.242907 8.499995 0.000000
25.817112 -1.763077 25.550661 0.000000
21.075209 0.574672 21.346649 0.000000
22.653555 -1.729513 22.944546 0.000000
26.241423 -1.764794 25.920109 0.000000
18.741516 -1.504585 18.483824 0.000000
4.578699 9.586487 11.037278 0.000000
1.967726 4.385147 4.879905 0.000000
1.905551 9.662878 8.476584 0.000000
-1.977038 -5.896893 7.994777 0.000000
-0.388098 -5.627620 4.517483 0.000000
3.467811 3.087602 2.982859 0.000000
3.584022 4.658240 3.434689 0.000000
3.490318 3.840927 3.024868 0.000000
0.012155 5.870986 4.514440 0.000000
-0.483277 9.759265 5.978065 0.000000
1.006214 -9.083413 3.496176 0.000000
1.169973 -5.014804 3.009947 0.000000
2.001549 9.653489 8.479987 0.000000
1.050611 -7.831280 3.019458 0.000000
1.585647 -7.647648 2.515002 0.000000
1.589843 -5.744904 2.560324 0.000000
2.999788 -0.199805 2.511723 0.000000
2.949469 4.650408 3.845742 0.000000
1.940796 4.639908 4.849339 0.000000
2.122593 4.647193 4.417444 0.000000
3.498455 0.514699 3.002164 0.000000
3.037125 4.660456 3.497855 0.000000
4.139403 -2.457990 3.495651 0.000000
2.028182 -8.279161 2.031690 0.000000
2.038204 -5.989654 2.111029 0.000000
1.504567 -8.595045 2.527589 0.000000
2.917551 -8.365955 2.096823 0.000000
2.882443 7.222346 2.521108 0.000000
1.020773 -7.179978 3.070670 0.000000
1.571726 3.498448 4.455375 0.000000
4.355239 -2.837984 3.699401 0.000000
7.665303 -3.999169 7.002272 0.000000
2.226258 9.653975 8.747493 0.000000
3.406493 4.024894 2.951896 0.000000
1.040751 -6.885147 3.053758 0.000000
6.438637 -3.562335 8.529503 0.000000
18.006149 -1.459688 18.324743 0.000000
25.262159 0.504457 24.805941 0.000000
18.526478 -0.941957 17.998329 0.000000
18.012093 -0.684061 17.489090 0.000000
6.487085 -3.643334 8.478914 0.000000
1.776212 0.863641 4.472884 0.000000
1.975074 1.493405 4.708265 0.000000
1.375438 0.195584 4.075510 0.000000
3.505285 2.140023 5.497663 0.000000
2.438959 1.723942 5.186439 0.000000
1.176773 9.694135 7.664869 0.000000
1.960930 4.648861 4.409445 0.000000
3.983224 -2.452302 3.339888 0.000000
7.499499 -1.931832 7.488607 0.000000
18.904791 0.357882 18.462265 0.000000
16.969751 0.490134 16.509789 0.000000
18.456135 -0.514082 17.974697 0.000000
7.497300 -1.226677 7.494287 0.000000
17.000961 -0.962538 16.493103 0.000000
7.495163 -3.667374 7.491863 0.000000
4.599147 3.716255 5.407277 0.000000
2.121626 -6.536326 2.018034 0.000000
-0.417256 -6.408511 4.514048 0.000000
3.457456 3.510781 2.986110 0.000000
1.535059 -7.007044 2.571414 0.000000
3.282274 4.671898 2.869056 0.000000
3.461618 4.066403 3.001078 0.000000
4.109850 4.642416 3.884266 0.000000
2.095467 4.653490 3.981140 0.000000
2.919761 4.661330 3.493829 0.000000
0.987081 8.541741 4.002766 0.000000
2.711948 -9.178236 1.874328 0.000000
1.531609 9.321116 3.077950 0.000000
1.500698 5.767826 3.016069 0.000000
2.125202 -7.075055 2.002432 0.000000
2.030556 6.636914 2.502274 0.000000
9.508732 -1.081933 8.985137 0.000000
20.577024 -0.982512 20.128227 0.000000
21.859507 -0.560918 21.461971 0.000000
3.092121 -3.611611 5.094827 0.000000
6.988103 -3.766135 7.973803 0.000000
3.411337 -1.518588 5.485354 0.000000
3.487449 -1.729519 4.996858 0.000000
6.496299 -2.704351 8.495777 0.000000
24.955410 -0.610191 27.846851 0.000000
25.983341 0.113292 28.606186 0.000000
23.849054 -1.431354 26.670113 0.000000
4.578772 -3.263110 3.915258 0.000000
3.547930 -3.602453 5.009596 0.000000
4.067697 -3.583843 4.569282 0.000000
1.578276 3.871934 4.468238 0.000000
3.201252 -1.593934 5.997344 0.000000
6.492562 -2.458064 8.498886 0.000000
5.862290 -3.590265 9.110158 0.000000
2.484056 -2.002355 4.741848 0.000000
23.122568 -0.971206 25.970991 0.000000
22.035633 -0.918781 24.879787 0.000000
21.446833 -1.349128 24.273855 0.000000
23.856791 0.109289 26.727280 0.000000
23.436768 -0.470260 26.278965 0.000000
23.217834 0.533956 24.042999 0.000000
24.774183 0.530352 24.408802 0.000000
19.032269 0.078516 18.582937 0.000000
24.714201 -1.744931 25.032713 0.000000
3.519282 -3.588300 4.519474 0.000000
3.327571 -3.579216 5.510969 0.000000
-0.473644 7.244077 5.030065 0.000000
4.508093 -3.567300 4.011670 0.000000
-0.206858 -8.514863 5.899846 0.000000
0.988520 -8.404364 3.506931 0.000000
4.064379 -3.568594 4.001520 0.000000
1.507627 4.352498 4.416471 0.000000
3.996135 -1.322536 3.500821 0.000000
4.496714 -3.461896 3.828521 0.000000
3.987771 1.479284 3.506464 0.000000
1.036944 -5.752512 3.118298 0.000000
2.528529 -2.547121 4.792850 0.000000
2.795722 -3.010493 5.054621 0.000000
6.448783 -2.502294 5.822832 0.000000
-0.443220 4.427793 6.123753 0.000000
4.511011 -3.563258 3.882442 0.000000
-0.479761 6.956599 5.000293 0.000000
0.007018 4.627679 5.990415 0.000000
24.950722 -1.779900 26.585705 0.000000
6.997179 -1.869546 7.996845 0.000000
1.825716 -0.010955 4.489711 0.000000
1.999726 -0.823794 4.660470 0.000000
1.832973 0.064291 4.499314 0.000000
5.989079 -3.356161 8.983980 0.000000
22.556894 0.519866 24.535690 0.000000
2.589661 -1.442679 4.978604 0.000000
2.259908 -3.301385 6.953721 0.000000
3.093121 -1.457058 5.471320 0.000000
3.007025 -3.590364 4.616135 0.000000
1.080180 2.925494 4.509027 0.000000
3.553956 -3.570032 4.112536 0.000000
1.085415 4.116658 4.540807 0.000000
2.494151 -1.499515 3.697522 0.000000
23.457052 -1.722007 24.537624 0.000000
5.976991 -3.734613 8.981412 0.000000
2.823342 -3.548483 5.064970 0.000000
6.496106 2.095976 6.024218 0.000000
6.495478 1.257390 6.009077 0.000000
6.995714 1.385702 6.520983 0.000000
2.030534 -9.045504 2.027009 0.000000
1.594573 -6.540248 2.529805 0.000000
4.053700 -3.565111 3.868939 0.000000
2.510864 2.343332 3.155622 0.000000
2.564254 2.729327 3.109423 0.000000
2.668228 3.443800 3.021827 0.000000
2.510654 4.139375 3.158559 0.000000
2.062036 2.937438 3.620550 0.000000
2.014571 2.471589 3.658346 0.000000
4.099263 -2.826983 3.440580 0.000000
-0.439472 -6.532771 4.553567 0.000000
6.499327 0.630708 6.024918 0.000000
2.249991 1.011962 4.964702 0.000000
2.996846 1.744780 5.491382 0.000000
4.002427 1.623025 3.496471 0.000000
1.911332 0.971063 4.632311 0.000000
6.000705 -4.298621 8.622962 0.000000
2.337424 -0.653378 4.995934 0.000000
2.493446 -1.033247 5.140551 0.000000
26.871868 -0.968937 26.595169 0.000000
7.122132 -3.432694 6.473615 0.000000
2.591941 3.852223 3.107285 0.000000
2.107568 3.360454 3.584616 0.000000
2.021191 3.923315 3.707415 0.000000
2.500390 -3.055170 4.750641 0.000000
3.037137 -3.581121 4.232344 0.000000
3.494046 0.389176 3.005322 0.000000
2.007989 4.398651 3.726353 0.000000
3.495776 -0.109031 3.000529 0.000000
2.599134 -3.594296 4.585517 0.000000
7.462065 -3.946583 6.793542 0.000000
3.945858 -2.804882 3.288632 0.000000
3.524623 -3.566390 3.989079 0.000000
7.311944 -4.409249 7.635653 0.000000
7.472582 -4.299556 7.486629 0.000000
1.012965 9.690684 7.465997 0.000000
17.478317 0.092313 17.006287 0.000000
13.973223 0.339348 13.516787 0.000000
23.117695 -1.329612 22.723238 0.000000
1.994877 -0.034143 4.661814 0.000000
6.773062 -4.031433 8.179873 0.000000
6.499581 -4.181656 8.445234 0.000000
2.054852 -3.680849 7.499672 0.000000
3.076336 1.788215 5.494178 0.000000
5.926841 -4.024196 9.024983 0.000000
2.841333 -1.422038 5.495865 0.000000
2.498020 -2.662357 4.743500 0.000000
5.714424 -4.128137 8.634132 0.000000
7.779762 -4.387887 7.105301 0.000000
7.489677 1.837149 7.023636 0.000000
4.170146 -3.425763 3.490708 0.000000
6.492879 1.788537 6.012254 0.000000
6.997456 -4.140675 7.965621 0.000000
2.262628 0.927790 4.973901 0.000000
1.973017 0.496689 4.674685 0.000000
17.377171 -1.500188 17.984814 0.000000
26.904922 -1.840319 27.337391 0.000000
26.375628 -1.240680 26.066402 0.000000
25.439283 -1.487253 25.084251 0.000000
23.490355 0.467293 24.290047 0.000000
6.968163 -3.126904 6.325584 0.000000
2.511128 9.646855 8.943619 0.000000
2.481488 1.425969 5.215989 0.000000
1.507384 4.521799 8.727168 0.000000
1.077169 4.533154 8.510462 0.000000
2.497929 -2.966655 6.724863 0.000000
3.502938 1.955828 5.486197 0.000000
7.570140 -3.763419 6.911287 0.000000
6.590137 -2.799906 5.957233 0.000000
0.720616 9.712749 7.187686 0.000000
4.086555 -3.548750 3.471951 0.000000
1.498047 -1.616477 3.978065 0.000000
4.494898 1.388792 4.011254 0.000000
1.978667 4.897846 5.142731 0.000000
2.583458 -3.588238 4.416085 0.000000
1.977032 3.905876 5.127776 0.000000
2.820973 -2.540193 6.428306 0.000000
5.457637 -4.000644 9.487696 0.000000
1.149190 -3.821630 6.603042 0.000000
21.774963 -0.186968 21.388096 0.000000
23.276815 0.175186 26.168718 0.000000
22.668510 -0.192688 25.539557 0.000000
23.006021 -0.272421 25.882177 0.000000
22.327682 0.415234 25.192451 0.000000
20.747187 -1.278616 23.578527 0.000000
22.262480 -1.112863 25.107735 0.000000
16.350058 -1.523371 18.630571 0.000000
21.808693 -1.502649 24.638992 0.000000
24.573330 -1.444045 27.421074 0.000000
1.733624 4.513921 9.147929 0.000000
1.998375 3.366633 5.116428 0.000000
2.307371 -3.065509 4.540451 0.000000
5.599331 -2.289171 4.971322 0.000000
6.067133 -2.980172 5.419963 0.000000
18.624722 -1.489806 18.914808 0.000000
16.488140 -0.032942 16.054367 0.000000
1.923692 4.499995 9.169825 0.000000
2.315411 -0.128486 4.996966 0.000000
3.350438 9.618320 10.057767 0.000000
3.969202 -3.420627 3.298152 0.000000
3.818386 -3.548256 3.467479 0.000000
3.015428 -3.569621 3.973840 0.000000
2.258927 0.442166 4.960899 0.000000
22.886267 -1.721640 24.715572 0.000000
21.034239 0.145914 20.639305 0.000000
27.187460 -1.800706 26.945229 0.000000
1.443946 4.512532 9.060269 0.000000
2.321237 -3.503126 4.561590 0.000000
4.922344 4.454143 6.056576 0.000000
1.990456 4.091527 5.149731 0.000000
5.268052 -4.315859 9.675766 0.000000
5.105451 -4.583971 9.815786 0.000000
5.644683 -4.683616 9.286287 0.000000
2.451860 -0.535596 5.111632 0.000000
17.565979 -1.500839 17.892916 0.000000
2.767373 1.326412 5.499765 0.000000
2.049740 4.507535 9.356265 0.000000
9.510439 0.087404 8.997111 0.000000
6.624628 -4.606642 8.318128 0.000000
2.032208 4.524891 8.851778 0.000000
6.465266 -4.588830 8.467114 0.000000
3.989725 0.553581 3.505437 0.000000
3.987847 0.455565 3.508762 0.000000
2.202996 -3.550002 4.442170 0.000000
7.431267 -4.972380 7.513343 0.000000
6.535098 -3.225555 5.885645 0.000000
7.768336 -4.593416 7.083103 0.000000
1.581858 -3.836123 7.002229 0.000000
6.029148 -4.503707 8.641721 0.000000
7.446256 -4.958124 7.493802 0.000000
5.493261 -4.546147 9.440499 0.000000
22.871220 0.495264 23.533047 0.000000
5.602216 -4.125893 8.214045 0.000000
2.973988 1.651508 5.723308 0.000000
2.762443 3.467214 7.357646 0.000000
2.819659 3.228529 7.694787 0.000000
2.498221 0.952315 5.214903 0.000000
2.812521 -0.936252 5.462556 0.000000
0.858132 4.553118 8.062260 0.000000
1.061472 4.560540 8.138530 0.000000
2.960140 -1.064748 5.618939 0.000000
6.982928 -4.858765 7.957467 0.000000
3.052649 -3.550707 3.491414 0.000000
2.906943 -3.570401 3.970080 0.000000
9.477452 0.331062 9.019054 0.000000
4.955442 -4.729469 9.964828 0.000000
3.033452 3.269470 7.717645 0.000000
3.031272 3.623923 7.740052 0.000000
3.182072 1.672589 5.938899 0.000000
0.452116 9.718045 6.969611 0.000000
5.450881 -2.276862 4.820625 0.000000
21.778469 -0.309167 24.640858 0.000000
21.160501 -1.209254 23.969421 0.000000
16.238495 -1.513528 18.222969 0.000000
22.973169 0.441918 25.519939 0.000000
13.104484 0.764798 15.481970 0.000000
22.271486 -0.188180 25.140497 0.000000
21.596792 -0.852968 24.426498 0.000000
5.940471 2.552240 7.926291 0.000000
5.998260 2.030182 7.497952 0.000000
5.988832 1.531805 7.498841 0.000000
5.900022 -4.510569 8.516602 0.000000
5.272943 -4.112107 8.177557 0.000000
2.095763 4.501547 9.517380 0.000000
0.989135 4.531898 8.501117 0.000000
4.909016 3.604320 8.928965 0.000000
4.478723 4.214279 9.348209 0.000000
4.961686 4.431677 8.880404 0.000000
5.330635 2.520079 8.427725 0.000000
5.298755 3.420872 8.454564 0.000000
5.735815 3.639383 9.477091 0.000000
5.068501 3.528125 8.708433 0.000000
3.511721 3.760463 8.238134 0.000000
3.744757 4.499780 9.171214 0.000000
3.365396 3.036610 8.042570 0.000000
3.296269 3.505286 8.013611 0.000000
2.585871 -2.959502 6.994258 0.000000
7.409904 -4.233101 6.731277 0.000000
23.870138 0.477522 23.993176 0.000000
2.275478 -3.428326 4.499274 0.000000
7.122399 -3.767272 6.461659 0.000000
7.571641 -4.920514 6.875681 0.000000
3.623447 -3.535733 2.971032 0.000000
2.251357 -2.729611 4.491299 0.000000
2.210947 -2.397609 4.460441 0.000000
3.996007 -0.208301 3.500321 0.000000
0.666593 -3.803055 6.115792 0.000000
6.639443 -5.068182 8.286029 0.000000
7.316980 -5.398140 7.602238 0.000000
7.766156 -5.179091 7.063066 0.000000
1.545585 9.672718 7.986420 0.000000
5.522171 -4.708403 8.120685 0.000000
6.007241 -5.005209 8.608304 0.000000
5.992009 -2.762276 5.349092 0.000000
6.918823 -3.676869 6.255311 0.000000
21.500074 -1.466912 21.061611 0.000000
26.548241 -0.977206 26.267530 0.000000
5.555473 -5.134676 9.353195 0.000000
6.477639 -5.431784 8.432923 0.000000
2.738786 2.981520 7.673986 0.000000
2.186355 4.498171 9.516298 0.000000
2.996422 1.456473 5.737225 0.000000
2.782547 0.972411 5.497718 0.000000
5.934218 3.049484 7.941760 0.000000
3.998011 4.437777 9.827022 0.000000
5.314324 3.577352 8.473606 0.000000
5.572608 4.466352 9.646092 0.000000
4.249290 4.307135 9.576257 0.000000
5.327683 3.032359 8.532368 0.000000
2.435030 -0.178230 5.105081 0.000000
2.330451 0.454799 5.023089 0.000000
3.331438 -1.123954 5.992537 0.000000
22.421989 0.487582 23.768480 0.000000
5.257607 -5.121798 9.659414 0.000000
4.981209 -5.468753 9.922067 0.000000
5.492282 -5.079351 9.419421 0.000000
6.464105 -3.173337 5.812334 0.000000
7.171143 -4.185087 6.494226 0.000000
4.398033 4.521418 9.436663 0.000000
2.910587 3.519383 7.520603 0.000000
2.456185 3.077363 7.564699 0.000000
4.610356 -5.082995 10.294680 0.000000
2.828107 -0.390844 5.494298 0.000000
5.995924 1.199866 5.508439 0.000000
6.982636 -5.070136 7.950824 0.000000
3.015864 -3.305148 3.438131 0.000000
2.502914 -3.480275 3.969817 0.000000
2.536981 -2.889251 3.968156 0.000000
3.004713 -2.572194 3.482814 0.000000
5.924720 -5.132492 8.522476 0.000000
0.189308 4.613066 7.504440 0.000000
3.515876 3.137267 8.211486 0.000000
2.754060 0.055061 5.432979 0.000000
1.506632 4.539151 8.105234 0.000000
3.199772 1.477616 5.948156 0.000000
5.015660 -4.092657 7.779421 0.000000
7.455695 -5.152524 7.477264 0.000000
3.481818 1.644588 6.242319 0.000000
3.184057 2.830047 7.864239 0.000000
3.621778 4.504499 9.023049 0.000000
4.347834 3.533080 9.416268 0.000000
4.221096 -5.684487 10.442196 0.000000
5.487907 -5.554499 9.415306 0.000000
4.954732 -5.958221 9.919602 0.000000
5.566174 -5.225435 8.152536 0.000000
6.001796 -5.932367 8.580183 0.000000
6.450069 -5.718007 8.456614 0.000000
23.164558 0.480891 23.923447 0.000000
5.137840 -5.885512 9.751549 0.000000
4.322251 -5.969786 10.539085 0.000000
7.488227 -4.559078 6.800197 0.000000
0.553250 4.588487 7.615460 0.000000
7.128272 -5.526140 7.789493 0.000000
6.219479 4.210958 7.636331 0.000000
6.647895 -3.847873 5.975583 0.000000
4.498909 0.202018 4.018649 0.000000
4.998955 1.070655 4.501046 0.000000
4.497633 0.640637 4.004268 0.000000
6.754077 -5.712456 8.152633 0.000000
7.765754 -5.757046 7.045246 0.000000
7.461121 -5.797035 7.446226 0.000000
7.643275 -4.199475 6.970012 0.000000
1.108152 4.566859 7.935069 0.000000
0.461599 4.547954 8.045359 0.000000
2.521914 -2.489358 3.996378 0.000000
5.008305 -4.592612 7.608316 0.000000
5.952393 -5.619205 8.538068 0.000000
13.007816 -0.988100 12.492908 0.000000
19.214710 -1.495342 18.936687 0.000000
19.949558 -0.304624 19.509691 0.000000
21.570871 0.446696 21.200436 0.000000
19.491693 -0.930413 19.044264 0.000000
4.589602 -5.538234 10.309161 0.000000
3.525889 4.241461 8.274561 0.000000
4.629952 4.354168 9.203895 0.000000
5.758069 3.004844 8.111391 0.000000
2.993233 -0.744892 5.659484 0.000000
2.982264 0.961734 5.709982 0.000000
4.590256 3.505381 9.174974 0.000000
2.403942 4.498361 9.459732 0.000000
2.737352 3.671041 7.340175 0.000000
3.573935 -4.567056 9.811509 0.000000
3.960470 -5.186419 10.184274 0.000000
3.858572 -4.620831 10.088334 0.000000
3.152715 -1.946892 6.479708 0.000000
5.826033 2.528685 8.037435 0.000000
6.848875 -4.443517 6.157160 0.000000
7.428073 -5.002230 6.722248 0.000000
5.998578 1.956844 5.520541 0.000000
3.591384 4.512918 8.695523 0.000000
4.658880 -4.091885 7.566275 0.000000
4.671912 -4.611402 10.244886 0.000000
4.279128 -5.213195 10.516491 0.000000
4.872731 -6.046684 10.000645 0.000000
4.019968 -5.270725 10.253389 0.000000
6.959672 -5.888062 7.947485 0.000000
5.444202 -4.682389 8.046391 0.000000
4.866758 -6.411444 9.991412 0.000000
6.109898 -6.157694 8.687520 0.000000
6.233170 4.502154 7.630583 0.000000
4.869649 3.235783 8.974433 0.000000
4.042294 -6.305810 10.246727 0.000000
6.850511 -6.147317 8.044444 0.000000
7.354901 -6.115399 7.534645 0.000000
7.420538 -6.148200 7.488478 0.000000
6.460286 -3.796455 5.789453 0.000000
5.663486 3.857796 9.547914 0.000000
3.305063 -0.998219 5.967670 0.000000
23.279055 0.457471 25.233168 0.000000
5.225794 -6.199541 9.653807 0.000000
3.437764 -4.592575 9.674031 0.000000
4.293952 -6.095035 10.509432 0.000000
5.669492 -5.608783 8.253892 0.000000
2.546175 -4.151041 9.008143 0.000000
6.924787 -6.278018 7.959034 0.000000
6.379820 -6.355803 8.499584 0.000000
7.740441 -6.343255 7.158631 0.000000
4.499790 -0.024070 4.012250 0.000000
7.706069 -5.486148 6.993519 0.000000
7.463703 -5.820635 6.733922 0.000000
6.661725 -4.377131 5.971675 0.000000
7.189178 -4.660170 6.491705 0.000000
6.978094 -4.924928 6.271359 0.000000
5.981440 -3.421402 5.315563 0.000000
-0.220946 4.603294 7.284372 0.000000
6.940235 -6.729465 7.936327 0.000000
6.601452 -6.581922 8.268054 0.000000
7.494546 -6.587523 7.392150 0.000000
7.122388 -6.780388 7.754887 0.000000
7.604772 -6.544734 7.278996 0.000000
5.988703 -6.110655 8.565497 0.000000
6.053127 -6.506942 8.620780 0.000000
5.423625 -5.479302 8.002941 0.000000
2.684125 3.440427 6.940472 0.000000
0.987254 9.699086 7.520996 0.000000
4.977029 -6.868218 9.872867 0.000000
4.548350 -4.088416 7.404899 0.000000
12.500999 0.556388 11.983349 0.000000
4.088240 4.513747 8.501002 0.000000
4.948314 4.579552 8.896210 0.000000
3.360018 4.069013 8.099469 0.000000
21.596949 -1.599071 21.395418 0.000000
2.993946 -0.205842 5.678210 0.000000
3.256038 0.794966 5.975672 0.000000
2.980727 0.060590 5.673941 0.000000
3.846816 -6.336376 10.049817 0.000000
5.004618 -6.803663 9.838279 0.000000
4.719700 -6.715986 10.129438 0.000000
4.027537 -6.978076 10.216279 0.000000
3.882701 -5.622027 10.102330 0.000000
3.093808 -4.680869 9.325032 0.000000
3.130666 -4.169644 9.427330 0.000000
3.613651 -5.571860 9.819928 0.000000
3.449625 -1.052531 6.118000 0.000000
1.753739 -6.339153 11.693995 0.000000
1.647379 -5.927463 11.597686 0.000000
2.039437 -6.040144 12.002238 0.000000
3.662141 -5.082939 9.880254 0.000000
3.066235 -4.168492 9.608927 0.000000
4.027853 -4.633011 10.274382 0.000000
16.908798 -1.502430 17.982140 0.000000
25.972763 -1.814985 26.842817 0.000000
6.814740 -7.294713 8.041036 0.000000
6.984844 -5.352988 6.262375 0.000000
6.001073 -3.482136 5.334043 0.000000
7.544272 -6.383483 6.797340 0.000000
1.273398 -5.974590 11.227672 0.000000
4.322824 -7.398941 10.502712 0.000000
4.301236 -6.518164 10.509748 0.000000
4.830374 -7.108954 10.024290 0.000000
3.293954 -5.138736 9.523841 0.000000
5.496980 2.799945 7.998195 0.000000
5.074349 -5.131641 7.665833 0.000000
2.500823 -2.272078 4.026551 0.000000
0.473632 9.706622 7.010823 0.000000
5.958396 -6.732595 8.515375 0.000000
5.521422 -6.315122 8.087585 0.000000
3.349230 2.827174 8.018225 0.000000
3.531871 -4.178095 9.835883 0.000000
3.306297 -0.005527 5.996178 0.000000
3.900995 -6.661928 10.102433 0.000000
4.015063 -7.426938 10.200427 0.000000
2.561587 -4.241178 8.794867 0.000000
25.648424 -0.953738 25.333523 0.000000
25.150196 0.432866 25.402868 0.000000
25.323551 -0.398007 25.005323 0.000000
20.399298 0.163051 20.003355 0.000000
19.430414 0.473510 19.035656 0.000000
26.547760 -1.222890 26.222404 0.000000
17.992889 -0.532707 17.505016 0.000000
7.151086 -7.250177 7.712280 0.000000
7.821970 -7.038026 7.054893 0.000000
6.478626 -6.516214 8.393328 0.000000
6.021817 -7.179819 8.567459 0.000000
3.277323 0.492507 5.985038 0.000000
2.646718 -6.079804 12.219835 0.000000
3.569050 -6.155140 9.760847 0.000000
1.135815 -6.023043 11.096669 0.000000
3.321021 -5.764000 9.530683 0.000000
3.631280 4.156775 10.178492 0.000000
4.915240 -7.045297 9.938975 0.000000
4.063812 -7.881616 10.230684 0.000000
5.534716 4.651163 9.701494 0.000000
5.444926 -5.811129 8.015887 0.000000
6.411957 -7.489786 8.435089 0.000000
6.424275 -7.654104 8.410562 0.000000
6.081781 -7.534130 8.625241 0.000000
5.559380 -6.738376 8.115099 0.000000
2.417874 3.233228 6.632226 0.000000
0.230479 4.600660 7.309938 0.000000
2.128251 -4.139459 8.515960 0.000000
2.777663 -4.606434 9.007647 0.000000
4.932708 -4.503748 7.531935 0.000000
4.610083 -4.924911 7.196357 0.000000
5.033667 -5.768269 7.605411 0.000000
7.582921 -7.294381 6.809203 0.000000
7.814621 -7.507171 7.034544 0.000000
7.473466 -7.982292 7.377508 0.000000
7.075561 -5.852356 6.335811 0.000000
6.368810 -4.310744 5.674160 0.000000
6.580870 -7.792230 8.257546 0.000000
6.918656 -7.352648 7.921911 0.000000
6.353348 -4.603377 5.653286 0.000000
7.679342 -6.859916 6.918451 0.000000
7.420534 -6.390306 6.673481 0.000000
6.558493 -4.700644 5.854837 0.000000
5.494978 1.054320 5.003114 0.000000
0.152495 3.977432 6.688719 0.000000
7.394751 -7.069025 7.484366 0.000000
7.031785 -7.520943 7.820052 0.000000
6.918200 -7.506343 7.935697 0.000000
6.537378 -5.485105 5.807337 0.000000
6.381277 -8.306236 8.439870 0.000000
6.088519 -8.389126 8.603581 0.000000
6.952977 -8.243967 7.870701 0.000000
6.548179 -8.171175 8.277419 0.000000
6.742062 -5.598288 6.009103 0.000000
7.655610 -7.797232 6.866860 0.000000
7.675629 -8.056520 7.174408 0.000000
7.316944 -8.492702 7.498574 0.000000
7.277613 -8.475665 7.554570 0.000000
0.250437 4.172897 6.874854 0.000000
1.514114 4.548312 7.847766 0.000000
3.158810 4.104564 7.894897 0.000000
2.861107 4.089672 7.530249 0.000000
0.525382 4.598851 7.326897 0.000000
1.109171 4.570494 7.421320 0.000000
4.908971 -5.000009 7.501209 0.000000
5.603020 -7.216793 8.146680 0.000000
5.041668 -6.105103 7.604986 0.000000
4.516756 4.318736 5.345582 0.000000
6.203336 3.578025 7.602396 0.000000
5.589553 5.402746 9.687868 0.000000
3.529497 -6.854937 9.703415 0.000000
3.166947 -5.114084 9.383368 0.000000
4.505445 -7.715140 10.306548 0.000000
4.149792 -8.213892 10.309268 0.000000
3.940948 -7.155325 10.131600 0.000000
5.468734 -6.174696 8.030337 0.000000
1.521540 -5.961411 11.476040 0.000000
3.363917 -6.260371 9.562207 0.000000
6.189857 3.389733 7.613342 0.000000
2.304448 -5.974058 12.272783 0.000000
3.417077 -0.983899 6.087603 0.000000
22.399084 -0.393893 22.021761 0.000000
25.078398 -0.704198 24.760204 0.000000
-0.029682 4.581654 7.508043 0.000000
6.399532 -8.886831 8.402699 0.000000
6.767618 -8.719072 8.034862 0.000000
6.830495 -8.599299 7.989004 0.000000
4.576835 -5.241184 7.154728 0.000000
4.931368 -5.508410 7.509968 0.000000
7.705931 -8.706220 7.107519 0.000000
7.419549 -7.133984 6.641627 0.000000
4.989199 0.008506 4.500672 0.000000
7.679719 -5.572863 6.961863 0.000000
2.985344 -5.121331 9.206021 0.000000
0.716236 -5.874642 10.668569 0.000000
4.453402 4.499431 8.985561 0.000000
3.506716 2.790735 8.175084 0.000000
3.527977 4.534572 8.148303 0.000000
3.686171 4.423808 8.557421 0.000000
3.513057 -7.028787 9.695258 0.000000
4.392682 -4.080291 7.289042 0.000000
3.055036 -6.002522 9.256406 0.000000
2.577215 -4.510361 8.807744 0.000000
4.526464 -8.077694 10.288239 0.000000
3.986689 -7.789091 10.163003 0.000000
7.756448 2.294445 7.301498 0.000000
5.256628 -3.850544 9.691187 0.000000
5.513564 -3.034353 9.466228 0.000000
4.330517 -4.674218 10.576345 0.000000
4.946647 -4.363246 9.981981 0.000000
25.769571 -0.194104 25.469921 0.000000
5.324612 4.279652 8.519625 0.000000
7.177552 -5.177014 6.462100 0.000000
7.398104 -8.866448 7.415902 0.000000
7.166852 -8.560833 7.650861 0.000000
6.925922 -6.381495 6.172024 0.000000
7.509125 -8.896795 6.676313 0.000000
7.472728 -6.889675 6.710290 0.000000
6.164824 -3.801827 5.483969 0.000000
6.072827 -8.896528 8.578104 0.000000
5.710957 -8.372285 8.224587 0.000000
5.653209 -7.758328 8.182938 0.000000
5.460203 -6.749461 8.011800 0.000000
3.085607 -5.644866 9.295262 0.000000
1.527006 -6.233227 11.468596 0.000000
1.003810 -5.930745 10.956992 0.000000
4.951030 2.542911 8.916289 0.000000
5.499922 2.010309 7.997181 0.000000
20.894711 -0.196055 23.741667 0.000000
20.558744 0.055344 23.411968 0.000000
17.173079 0.630458 19.592728 0.000000
13.038383 -1.373271 15.496871 0.000000
19.972099 0.522550 22.768469 0.000000
20.653395 0.175014 23.510830 0.000000
3.933853 3.969739 9.875634 0.000000
4.197344 3.705806 9.625826 0.000000
3.482950 0.828434 6.208787 0.000000
7.188019 2.114645 7.986083 0.000000
21.529478 -1.453910 20.979298 0.000000
4.138740 4.524581 8.154593 0.000000
5.460528 4.027773 8.400395 0.000000
3.324042 4.059400 10.477179 0.000000
4.398021 3.056322 9.431127 0.000000
1.026148 -6.160816 10.974218 0.000000
5.572786 -8.737682 8.076292 0.000000
5.978952 -7.362000 8.521352 0.000000
5.060363 -6.886029 7.603588 0.000000
2.844927 -5.595838 9.053684 0.000000
3.334948 -6.859556 9.507542 0.000000
3.966778 -8.266261 10.122012 0.000000
3.647891 -7.548292 9.819241 0.000000
3.381708 -7.121671 9.547800 0.000000
4.224441 -8.512203 10.379898 0.000000
6.176822 -4.410314 5.478296 0.000000
7.625042 -9.306791 7.167667 0.000000
7.219395 -6.749132 6.452540 0.000000
7.156742 -6.348171 6.400821 0.000000
4.322465 -7.569900 10.504758 0.000000
6.542778 -9.470997 8.236047 0.000000
6.320037 -9.347561 8.462008 0.000000
6.677537 -9.786777 8.070751 0.000000
6.912040 -9.180669 7.894027 0.000000
7.273717 -9.086349 7.522311 0.000000
7.188025 -9.768608 7.502964 0.000000
4.997791 0.828401 4.500962 0.000000
4.989842 -0.016269 4.500026 0.000000
7.468804 -9.117834 7.340125 0.000000
6.236306 -9.787717 8.092752 0.000000
-0.031383 4.494722 6.538264 0.000000
6.686651 -9.777492 7.786773 0.000000
7.496180 -8.779044 6.665531 0.000000
6.468095 -5.129990 5.751395 0.000000
6.740742 -6.249347 5.984710 0.000000
7.789306 -8.477693 6.980888 0.000000
7.682005 -9.753106 7.020608 0.000000
7.412756 -8.162223 6.601397 0.000000
7.160643 -9.759341 7.224415 0.000000
7.597268 -9.749099 6.896055 0.000000
7.472170 -7.553265 6.685953 0.000000
6.591279 -5.591963 5.856267 0.000000
7.144576 -7.837194 6.341459 0.000000
5.574638 -2.577453 4.934687 0.000000
5.951486 -3.772871 5.272428 0.000000
6.080626 -9.324110 8.570698 0.000000
6.043358 -9.742950 8.513966 0.000000
5.636250 -9.240374 8.119192 0.000000
5.767787 -9.786481 8.148389 0.000000
4.503952 -6.191324 7.058587 0.000000
5.038748 -8.924229 7.520398 0.000000
5.034142 -8.243632 7.535557 0.000000
5.316727 -7.012372 7.854762 0.000000
5.283893 -7.646135 7.804003 0.000000
4.994795 -6.785655 7.539893 0.000000
3.599411 -8.203659 9.753716 0.000000
3.464096 -7.574077 9.632316 0.000000
3.160772 -7.026714 9.328000 0.000000
2.588336 -5.774046 8.789536 0.000000
2.605190 -5.061975 8.820108 0.000000
3.058636 -6.547733 9.247750 0.000000
4.539891 -5.591918 7.108309 0.000000
5.997978 -7.890381 8.528057 0.000000
4.394104 -4.351245 6.995246 0.000000
3.503761 -8.521992 9.655107 0.000000
4.488329 -5.354711 7.065880 0.000000
4.494251 -4.657495 7.090941 0.000000
6.174809 -9.769776 7.665385 0.000000
6.530268 -9.751088 7.057945 0.000000
6.980872 -6.757695 6.213082 0.000000
5.908504 -4.177038 5.214910 0.000000
7.440234 -9.392305 6.592163 0.000000
6.167154 -4.621187 5.459747 0.000000
7.050117 -9.739124 6.705033 0.000000
7.303147 -8.864826 6.471931 0.000000
3.251060 4.518328 8.009239 0.000000
0.753803 -6.137330 10.700178 0.000000
2.174437 -4.245113 8.406051 0.000000
4.980075 -6.380429 7.535831 0.000000
4.364003 -4.618317 6.958461 0.000000
4.642568 -6.654585 7.191397 0.000000
3.042049 -7.795133 9.199788 0.000000
2.988657 -6.007943 9.189020 0.000000
2.663999 3.824884 6.906428 0.000000
6.782795 2.237883 8.389799 0.000000
8.524763 -1.046916 7.997893 0.000000
6.255079 2.811058 7.624070 0.000000
22.407520 0.490618 24.048941 0.000000
7.118119 2.264796 8.058792 0.000000
3.746678 0.947623 6.482368 0.000000
5.367447 2.625065 8.511302 0.000000
4.761441 3.014320 9.084754 0.000000
3.820352 -0.871746 6.491163 0.000000
4.988091 -7.654474 7.508802 0.000000
2.696148 4.070775 7.294709 0.000000
6.068089 -9.752907 7.042303 0.000000
5.532335 -9.773870 7.690079 0.000000
5.296175 -9.774972 7.681681 0.000000
3.480151 4.512750 10.319805 0.000000
3.498585 0.039558 6.195662 0.000000
3.496518 -8.317817 9.646496 0.000000
3.010575 -8.153161 9.158974 0.000000
2.951186 -6.564434 9.142863 0.000000
1.710898 -4.106233 8.035988 0.000000
0.248616 -6.016154 10.193375 0.000000
0.546400 -5.895057 10.499718 0.000000
7.686052 2.357269 7.504747 0.000000
2.511026 -2.637570 4.006425 0.000000
0.525605 9.705574 6.965375 0.000000
5.636847 -3.205185 4.973204 0.000000
5.390921 -2.978473 4.731713 0.000000
7.165103 -7.365563 6.376270 0.000000
6.935312 -7.000811 6.155675 0.000000
6.424885 -5.820044 5.679541 0.000000
6.736870 -9.741402 6.739429 0.000000
6.884391 -7.837663 6.075805 0.000000
7.196427 -9.730584 6.411804 0.000000
6.417053 -6.034480 5.665731 0.000000
6.618316 -8.180912 5.797141 0.000000
5.922294 -4.532500 5.215167 0.000000
4.534052 -1.499114 4.517396 0.000000
6.028809 -9.744247 6.719664 0.000000
6.609048 -6.528335 5.844635 0.000000
6.213115 -5.030712 5.496979 0.000000
6.320737 -6.630207 5.552415 0.000000
6.718843 -9.732351 6.402899 0.000000
7.793374 -9.246037 6.950533 0.000000
2.361623 -5.063832 8.567756 0.000000
2.699528 -6.116093 8.894889 0.000000
0.488469 -5.965209 10.431692 0.000000
0.500187 -6.080583 10.445314 0.000000
2.396710 -4.583544 8.620751 0.000000
4.592656 4.523792 8.102534 0.000000
5.970823 3.521063 7.829165 0.000000
21.967251 0.499179 23.856754 0.000000
23.666927 0.396751 26.172859 0.000000
3.005861 4.494265 9.530320 0.000000
3.938639 3.466931 9.814581 0.000000
5.883817 -9.762311 7.346522 0.000000
0.530633 4.597716 6.852732 0.000000
5.189855 -9.268409 7.670520 0.000000
3.168948 4.550735 7.634896 0.000000
3.402365 -8.612709 9.549998 0.000000
2.935328 -7.247840 9.106595 0.000000
2.514481 -7.110074 8.675059 0.000000
4.587692 -7.592370 7.107980 0.000000
4.295306 -5.223600 6.874142 0.000000
4.614130 -7.145652 7.150098 0.000000
4.499345 -5.962205 7.060412 0.000000
22.468544 0.497676 23.465637 0.000000
3.790353 0.247250 6.492754 0.000000
3.488414 -0.033314 6.183392 0.000000
3.781782 -4.293462 10.018510 0.000000
2.013598 -6.039757 11.975205 0.000000
2.226181 -4.546029 8.452302 0.000000
3.814598 -0.462682 6.499321 0.000000
15.972325 0.442242 15.518240 0.000000
2.628515 -6.736054 8.799951 0.000000
2.445142 -5.501616 8.648402 0.000000
3.977145 -4.088326 6.852273 0.000000
2.915385 -8.250149 9.060164 0.000000
5.837410 -9.731277 6.553862 0.000000
6.560627 -7.538507 5.760029 0.000000
6.234981 -9.734329 6.392253 0.000000
5.944230 -9.722724 6.294142 0.000000
7.144127 -9.055412 6.306453 0.000000
6.670119 -7.061466 5.888545 0.000000
4.722247 -9.752787 7.169655 0.000000
4.531761 -8.866428 7.016200 0.000000
5.222851 -9.752303 7.173159 0.000000
4.561794 -8.183222 7.065595 0.000000
4.570400 -9.490283 7.035022 0.000000
5.653545 -3.895263 4.965570 0.000000
2.911004 -7.517047 9.074069 0.000000
3.171565 -8.541239 9.298221 0.000000
3.510960 4.549146 7.537721 0.000000
4.255321 -5.574393 6.824835 0.000000
4.161499 -6.393838 6.708599 0.000000
5.944677 -5.881115 5.187613 0.000000
5.512544 -4.240922 4.810305 0.000000
5.478763 -3.483648 4.799413 0.000000
6.303047 -7.725029 5.492409 0.000000
0.149693 4.600286 6.939092 0.000000
1.020666 4.583851 6.794699 0.000000
5.416379 -9.741039 6.840816 0.000000
4.369992 -7.025745 6.905279 0.000000
4.643738 -9.734401 6.614995 0.000000
4.457711 -6.082174 7.018064 0.000000
4.416512 -6.525863 6.965197 0.000000
6.121996 -9.715290 5.811893 0.000000
6.601092 -9.715777 5.826678 0.000000
6.836335 -9.498915 5.974477 0.000000
0.504501 -3.799409 5.967867 0.000000
4.484483 -6.694251 7.025637 0.000000
6.230018 -6.064415 5.479432 0.000000
6.757435 -8.847319 5.919008 0.000000
6.049597 -9.367175 5.189010 0.000000
5.570262 -4.771520 4.849773 0.000000
2.061418 -6.065355 8.252493 0.000000
2.545490 -7.676050 8.700745 0.000000
2.422830 -7.215928 8.579758 0.000000
2.041130 -6.644612 8.212684 0.000000
2.402674 -6.892700 8.568012 0.000000
2.594399 -8.337341 8.734920 0.000000
2.495684 -8.114744 8.639477 0.000000
2.444493 -7.554443 8.592549 0.000000
3.923081 -4.632492 6.516522 0.000000
3.902136 -8.663085 10.047483 0.000000
2.264499 -5.072358 8.469631 0.000000
-0.259604 -5.873311 9.678039 0.000000
0.022596 -5.944509 9.966819 0.000000
0.049386 -6.212146 9.987485 0.000000
-0.094421 -6.022832 9.833910 0.000000
5.482660 -7.305462 8.018220 0.000000
5.086191 -9.723141 6.272729 0.000000
5.639914 -9.714969 5.795163 0.000000
6.329187 -7.322962 5.534411 0.000000
5.770304 -5.203982 5.038617 0.000000
6.137403 -6.643772 5.360812 0.000000
6.034216 -9.697757 5.484908 0.000000
5.931174 -6.433561 5.157106 0.000000
5.795722 -9.697470 5.486127 0.000000
4.214715 -8.836421 6.695701 0.000000
4.317397 -7.589643 6.837292 0.000000
5.287919 4.589272 8.564465 0.000000
2.493078 -6.169869 8.685109 0.000000
2.252802 -5.660702 8.455023 0.000000
2.647822 -8.511543 8.781498 0.000000
24.358002 -1.487122 23.996033 0.000000
5.426521 4.710385 9.824877 0.000000
3.019271 4.499598 9.286448 0.000000
4.840566 -4.285758 10.083093 0.000000
2.823711 -5.807582 12.048326 0.000000
3.052894 -5.500660 11.836485 0.000000
2.965874 -5.571425 11.914420 0.000000
5.499226 -3.975449 9.458172 0.000000
2.931708 4.559868 7.525444 0.000000
2.016501 -7.165353 8.176617 0.000000
2.333701 -7.566311 8.488596 0.000000
4.256533 -8.241323 6.758329 0.000000
4.149414 -9.662288 6.606172 0.000000
3.997334 -5.927268 6.554284 0.000000
2.249107 -8.095906 8.389751 0.000000
3.999769 -5.445786 6.571550 0.000000
3.586018 -4.072423 6.376849 0.000000
3.909380 -4.728125 6.497963 0.000000
5.498374 -8.021974 8.012532 0.000000
4.989442 -7.174234 7.522838 0.000000
4.033655 -4.399907 10.275928 0.000000
3.127742 -5.457617 11.735373 0.000000
5.443662 -3.950672 4.746286 0.000000
4.567684 -9.723147 6.256232 0.000000
5.394610 -9.714867 5.785942 0.000000
5.477456 0.310626 5.006764 0.000000
5.490014 0.724240 5.002026 0.000000
5.801365 -6.701145 5.018433 0.000000
5.947756 -8.357609 5.118837 0.000000
5.727641 -5.153689 4.995932 0.000000
6.187432 -5.843726 5.443718 0.000000
6.377237 -7.599348 5.571321 0.000000
5.902685 -7.956699 5.086334 0.000000
5.070617 -9.696853 5.487171 0.000000
4.649982 -9.714792 5.755187 0.000000
5.963816 -8.764456 5.112511 0.000000
5.693868 -5.789223 4.939415 0.000000
5.496508 -0.263530 5.000056 0.000000
4.032199 -9.723270 6.237211 0.000000
4.511721 -9.454694 6.974735 0.000000
3.843138 -7.386379 6.357697 0.000000
5.441962 -4.054938 4.745746 0.000000
5.439706 -5.254058 4.701547 0.000000
5.712785 -8.041373 4.879147 0.000000
5.399292 5.121400 9.858235 0.000000
2.525335 3.459857 6.414651 0.000000
2.477193 -8.640447 8.607223 0.000000
3.887725 -5.018202 6.468672 0.000000
3.956201 -6.132106 6.510129 0.000000
3.837708 -5.681586 6.400695 0.000000
1.835697 -4.552408 8.056937 0.000000
1.666589 -4.013192 7.971168 0.000000
3.964965 -0.873627 6.637459 0.000000
2.925288 -5.388577 11.976374 0.000000
2.773614 -5.499854 12.114352 0.000000
2.675235 -2.478202 6.919278 0.000000
2.682773 4.588717 7.107437 0.000000
4.302743 -9.255652 6.770428 0.000000
3.951958 -6.357576 6.496642 0.000000
3.900840 -6.841498 6.431482 0.000000
3.970258 -7.696375 6.478351 0.000000
6.986271 -8.917513 6.141823 0.000000
6.495861 -8.560019 5.662194 0.000000
4.047424 -9.723924 5.999262 0.000000
3.838270 -9.168221 6.304916 0.000000
2.333497 -8.513511 8.466400 0.000000
1.933393 -5.628402 8.133467 0.000000
1.822991 -5.145627 8.031864 0.000000
3.226784 -2.034754 6.403808 0.000000
2.965408 -8.617622 9.101452 0.000000
1.043768 -2.749048 5.016817 0.000000
6.166811 -8.373475 5.333771 0.000000
3.785630 -9.653726 6.237659 0.000000
5.357275 -4.969866 4.628246 0.000000
5.726059 -7.078793 4.920749 0.000000
5.548748 -9.677103 4.793935 0.000000
5.541009 -6.893879 4.748195 0.000000
5.810163 -9.136237 4.956150 0.000000
5.489870 -5.914238 4.722919 0.000000
5.065115 -9.676789 4.787841 0.000000
4.578681 -9.696636 5.485627 0.000000
6.040879 -8.942734 5.186790 0.000000
5.728142 -7.833666 4.906914 0.000000
1.905270 -7.547880 8.057379 0.000000
5.007535 -8.851932 7.490778 0.000000
2.471847 3.381948 6.465038 0.000000
3.884901 -8.794772 6.362645 0.000000
4.001900 -8.323673 6.492648 0.000000
1.992373 -6.566475 8.167722 0.000000
1.948509 -6.149532 8.136516 0.000000
1.948681 -7.407243 8.101883 0.000000
5.485699 -6.597170 4.700575 0.000000
5.701770 -6.419261 4.926274 0.000000
5.727667 -8.983558 4.863476 0.000000
6.978423 -8.306027 6.158203 0.000000
1.922587 -8.281669 8.056207 0.000000
1.548331 -8.536981 7.670456 0.000000
1.689259 -8.202228 7.818942 0.000000
5.523442 -9.437251 7.999481 0.000000
3.969455 -8.062411 6.468806 0.000000
-0.252870 3.972344 6.287128 0.000000
5.017254 -9.083022 7.494099 0.000000
4.495645 -7.278048 7.021248 0.000000
5.238049 4.339330 9.993833 0.000000
1.849290 -3.449475 7.814120 0.000000
3.428225 -5.096830 11.481611 0.000000
22.387365 0.026212 22.014210 0.000000
23.433714 -1.767098 26.013077 0.000000
24.712166 -1.771614 27.686029 0.000000
5.485836 -3.291732 9.491354 0.000000
4.038839 -4.215370 10.546578 0.000000
4.979942 -3.882246 9.976199 0.000000
5.999254 -2.680236 8.998038 0.000000
3.742993 3.870373 10.059905 0.000000
1.649780 -6.710586 7.821397 0.000000
1.553974 -6.024405 7.745123 0.000000
1.605328 -5.608773 7.800937 0.000000
1.626954 -5.205339 7.833066 0.000000
1.583803 -4.587083 7.802221 0.000000
3.496451 -4.070698 6.397247 0.000000
1.747963 -7.584487 7.894664 0.000000
1.660466 -7.013210 7.824856 0.000000
2.019856 -5.846369 11.981326 0.000000
6.992173 -1.466197 7.998252 0.000000
25.345709 -0.964629 28.248379 0.000000
16.194250 -1.501622 17.714468 0.000000
4.576455 -9.676641 4.779917 0.000000
5.428959 -7.226356 4.615229 0.000000
3.530198 -9.681975 5.975467 0.000000
4.328836 -9.696582 5.484173 0.000000
5.342609 -9.382237 4.461837 0.000000
5.244481 -5.965002 4.476603 0.000000
5.138333 -9.661690 4.272235 0.000000
5.871180 -9.305209 5.003097 0.000000
0.036579 4.624220 6.143156 0.000000
-0.362042 4.627659 6.110497 0.000000
5.434443 -8.053876 4.589702 0.000000
3.557660 -9.696620 5.476905 0.000000
3.501305 -9.278455 5.956498 0.000000
3.341170 -9.715343 5.691476 0.000000
3.296471 -9.156321 5.757815 0.000000
6.885310 -9.337327 6.031109 0.000000
5.979845 -7.199038 5.188839 0.000000
-0.259656 4.584285 6.913263 0.000000
3.467575 -6.995739 5.994111 0.000000
3.383394 -5.974021 5.932785 0.000000
5.014352 -7.122417 4.203238 0.000000
5.431311 -8.941758 4.567647 0.000000
4.655349 -9.661655 4.272644 0.000000
4.078485 -9.676645 4.770044 0.000000
5.439754 -6.127694 4.670262 0.000000
5.431902 -9.060242 4.563323 0.000000
5.334202 -8.253016 4.493766 0.000000
5.223002 -6.402844 4.443904 0.000000
5.203646 -4.363635 4.484727 0.000000
5.208204 -8.510894 4.354428 0.000000
3.060298 4.503469 9.032887 0.000000
5.313710 -3.005724 9.664906 0.000000
4.607192 -3.518457 10.358117 0.000000
3.543886 -4.798428 11.353610 0.000000
3.462259 -4.815326 11.460319 0.000000
3.992244 -4.217230 10.528358 0.000000
3.085874 -2.051496 6.537663 0.000000
2.196086 -3.009041 7.381744 0.000000
2.503910 -2.886543 7.041527 0.000000
3.084590 -1.995164 6.539917 0.000000
4.825555 -1.518062 7.487451 0.000000
3.748702 -4.428802 11.162944 0.000000
3.886945 -0.381951 6.573853 0.000000
3.957824 0.476714 6.673028 0.000000
22.813074 0.497552 23.372917 0.000000
1.738495 -3.639565 7.854942 0.000000
0.541713 4.619109 6.318213 0.000000
0.008604 3.901059 5.703791 0.000000
0.169259 3.422053 5.536286 0.000000
6.470874 -8.126139 5.656285 0.000000
6.020977 -7.037206 5.228551 0.000000
3.475899 -8.539278 5.952470 0.000000
3.435259 -7.725320 5.940103 0.000000
3.462116 -7.437024 5.969230 0.000000
4.085163 -3.509989 5.486503 0.000000
3.970451 -6.669926 6.508613 0.000000
3.478968 -5.926391 6.030577 0.000000
3.342931 -6.404110 5.880071 0.000000
3.564687 -3.826326 5.993304 0.000000
3.481885 -4.921118 6.060188 0.000000
3.341634 -5.424168 5.908980 0.000000
1.349036 -4.006416 8.219590 0.000000
2.281740 -2.975344 7.296539 0.000000
3.371092 -8.387658 5.855956 0.000000
4.094243 -3.115309 5.494129 0.000000
3.452284 -5.238643 6.022049 0.000000
3.410464 -4.777159 5.995515 0.000000
3.571830 -3.335909 5.998360 0.000000
3.505553 -8.283216 5.985473 0.000000
3.498386 -6.904713 6.021262 0.000000
4.597620 -3.793029 4.970729 0.000000
4.532370 -3.029838 5.068323 0.000000
4.594889 -3.341645 4.973982 0.000000
-0.489325 8.527677 5.124932 0.000000
2.450081 3.661098 6.510522 0.000000
5.991422 0.956115 5.504774 0.000000
2.535773 -3.379523 6.989812 0.000000
2.547426 -3.552245 6.971170 0.000000
3.135501 -3.108871 6.442233 0.000000
3.160954 -3.579926 6.396316 0.000000
4.996013 -8.019571 7.509380 0.000000
1.061330 -8.304967 7.186823 0.000000
2.514052 -3.046995 7.024944 0.000000
1.904751 -8.539480 8.035151 0.000000
2.603358 4.276260 6.862373 0.000000
5.426510 -7.857695 4.597239 0.000000
4.512872 -3.902385 5.049737 0.000000
5.180213 -5.320770 4.433324 0.000000
4.006264 -3.592319 5.555439 0.000000
2.499478 -4.173615 9.026191 0.000000
3.472237 -6.371450 6.014296 0.000000
4.170077 -2.740121 5.438457 0.000000
4.045766 -3.032525 5.547737 0.000000
4.006175 -2.515493 5.612070 0.000000
2.511652 3.707452 6.434145 0.000000
1.471981 -5.619553 7.666375 0.000000
3.004134 -3.335201 6.547293 0.000000
3.502670 -3.060606 6.089808 0.000000
3.637539 -2.562618 5.981905 0.000000
2.677662 4.477327 10.222888 0.000000
2.933563 4.259301 10.867170 0.000000
3.179904 4.403384 10.629686 0.000000
3.448176 -4.191576 10.000540 0.000000
4.298056 -0.244505 6.989643 0.000000
3.010324 4.605556 9.867509 0.000000
5.488470 -7.539614 8.023603 0.000000
2.491395 3.542474 6.449892 0.000000
3.114266 -2.684674 6.481933 0.000000
24.611704 0.442545 24.934988 0.000000
6.056155 2.372659 7.783474 0.000000
4.405619 2.717744 9.429442 0.000000
4.552237 2.797708 9.288621 0.000000
7.489729 1.388973 7.017564 0.000000
4.610332 -2.874713 4.982065 0.000000
4.516204 -2.832027 5.093354 0.000000
5.197261 -6.928861 4.389866 0.000000
1.309623 -7.532724 7.457398 0.000000
2.811294 -8.834181 5.273787 0.000000
3.513852 -2.544616 6.092578 0.000000
1.064300 -8.542177 7.182686 0.000000
4.984747 -8.921342 4.119479 0.000000
6.511921 2.059827 8.650753 0.000000
24.463583 -1.827898 27.121351 0.000000
21.581324 0.576203 21.249676 0.000000
3.009444 -2.876951 6.575986 0.000000
4.988986 -3.120576 9.985533 0.000000
4.467947 -3.771115 10.487393 0.000000
4.272444 -3.963495 10.671005 0.000000
4.181113 3.185917 9.647701 0.000000
1.468814 -3.895024 8.107375 0.000000
3.550658 -3.659033 6.014783 0.000000
3.707947 -2.404844 5.920855 0.000000
5.978675 0.322529 5.512842 0.000000
7.247559 -8.005997 6.441704 0.000000
4.020566 -2.058877 5.620343 0.000000
4.133429 -2.392093 5.492451 0.000000
4.543974 -2.418689 5.065048 0.000000
5.980789 -8.198470 8.504292 0.000000
2.521461 -3.669575 7.033945 0.000000
3.983374 -7.478923 6.501849 0.000000
1.019476 -6.502645 7.187165 0.000000
1.068605 -6.058610 7.248507 0.000000
3.005982 -8.551069 5.480485 0.000000
2.893677 -7.830549 5.385603 0.000000
2.004758 -3.681877 7.548383 0.000000
5.992919 -0.236239 5.505985 0.000000
2.475436 4.287085 6.560212 0.000000
10.995730 0.180616 10.535480 0.000000
12.492316 0.264321 12.032758 0.000000
8.501239 0.265783 7.993816 0.000000
3.359158 -4.964013 11.546921 0.000000
-0.495047 -6.056805 9.435673 0.000000
-0.631262 -5.923363 9.279573 0.000000
1.440139 -5.147808 7.643548 0.000000
5.569326 3.533380 8.221658 0.000000
2.969983 -7.446158 5.474936 0.000000
0.040191 4.315033 5.684827 0.000000
3.505931 -2.428782 6.105855 0.000000
-0.444355 8.447507 5.087302 0.000000
3.004775 -9.196787 5.455498 0.000000
2.676478 -6.741680 5.206375 0.000000
11.488840 -0.571163 11.000164 0.000000
9.997429 0.404461 9.538137 0.000000
3.463084 4.499855 8.985090 0.000000
3.370406 3.833214 10.440166 0.000000
4.971869 2.210518 8.873471 0.000000
2.608613 4.492786 9.628241 0.000000
-0.768078 -6.081675 9.162653 0.000000
5.611656 4.018564 8.251851 0.000000
6.434343 2.309696 8.738895 0.000000
-0.456561 -5.840863 9.485418 0.000000
3.009851 -3.500223 6.534480 0.000000
0.914331 -8.168564 7.041580 0.000000
0.939625 -7.760542 7.077534 0.000000
2.517279 -9.246759 4.959971 0.000000
5.999202 -8.553537 8.513852 0.000000
1.493666 -4.504544 7.719261 0.000000
0.523115 4.624019 5.829820 0.000000
3.519453 -8.831300 5.993686 0.000000
2.031464 -3.303934 7.538410 0.000000
1.321615 -4.404654 7.547897 0.000000
5.490740 4.680514 8.384636 0.000000
5.603828 4.636072 8.255286 0.000000
6.481138 0.344579 6.011901 0.000000
6.999194 0.915492 6.523022 0.000000
0.881732 -7.236517 7.036349 0.000000
4.506580 -8.348358 6.998322 0.000000
6.375369 -9.302358 5.515558 0.000000
2.446823 4.523615 6.540580 0.000000
3.141535 4.505221 8.954004 0.000000
13.488934 0.376936 13.033636 0.000000
5.331582 -1.544563 7.993393 0.000000
4.919352 -3.184871 10.058805 0.000000
7.793551 2.778924 7.350656 0.000000
7.557910 2.580312 7.623186 0.000000
2.741669 -6.259409 5.285390 0.000000
3.322454 -4.338889 5.915463 0.000000
2.299338 3.377611 5.982483 0.000000
2.509919 -8.832561 4.968867 0.000000
3.034060 -8.475673 5.495658 0.000000
7.054689 2.526402 8.131706 0.000000
6.371422 2.587097 8.807253 0.000000
6.916452 2.900528 8.280741 0.000000
1.461656 -3.985300 7.978381 0.000000
2.189057 -4.001361 7.334418 0.000000
7.323069 2.861479 7.878718 0.000000
7.484048 0.601845 7.017173 0.000000
5.489914 -2.774681 9.498185 0.000000
6.659117 2.740944 8.528919 0.000000
6.008050 2.819196 9.178913 0.000000
6.070367 2.128380 9.088448 0.000000
2.831777 4.560805 9.673197 0.000000
1.300805 -5.531996 7.496286 0.000000
0.659971 -7.425214 6.803300 0.000000
7.486556 2.386589 7.030486 0.000000
4.999132 -8.545346 7.500051 0.000000
1.233090 -5.389947 7.428400 0.000000
2.991546 -6.013272 5.543763 0.000000
3.500203 -5.092754 11.421074 0.000000
5.900156 2.698414 9.278133 0.000000
5.519177 2.893288 9.669978 0.000000
5.508002 -8.933215 7.998390 0.000000
20.428627 -0.304158 20.002499 0.000000
16.995440 -0.629656 16.506338 0.000000
20.952263 -0.721290 20.519245 0.000000
2.834945 4.499406 9.350091 0.000000
2.981969 -5.813765 5.529428 0.000000
6.494164 -0.313554 6.002910 0.000000
4.516593 -8.830723 6.996986 0.000000
0.953616 -6.506387 7.127243 0.000000
4.393112 1.836604 6.011282 0.000000
2.799190 -5.833317 5.354909 0.000000
12.996081 1.212090 12.532089 0.000000
21.876112 0.404932 21.512356 0.000000
15.479948 0.482754 15.025367 0.000000
16.972252 -0.097490 16.504734 0.000000
6.974756 0.306551 6.513422 0.000000
0.731404 -6.675846 6.894497 0.000000
2.982655 -6.585283 5.511003 0.000000
3.999322 -7.711368 6.509858 0.000000
5.405541 2.800892 9.774368 0.000000
3.674370 3.886904 8.550838 0.000000
7.012221 3.133929 8.195076 0.000000
7.660766 3.383548 7.230629 0.000000
7.529625 3.212528 7.688023 0.000000
26.308664 -0.682158 26.007959 0.000000
24.609800 -1.453818 24.233229 0.000000
18.990435 -0.908427 18.505812 0.000000
20.998047 -1.366255 20.561218 0.000000
25.935406 -0.270893 25.644413 0.000000
5.058053 2.769655 10.110888 0.000000
4.980628 2.922937 10.190337 0.000000
5.832001 -1.525845 8.496721 0.000000
6.713268 3.354004 8.483378 0.000000
0.986211 -6.169046 7.168533 0.000000
-0.998320 -6.169619 8.930687 0.000000
14.496625 -0.034652 14.052043 0.000000
20.987804 -0.432742 20.568554 0.000000
6.561119 3.249128 8.642772 0.000000
6.411002 3.091179 8.787405 0.000000
5.994632 -2.328884 8.996247 0.000000
6.163139 3.012055 9.032302 0.000000
25.161955 -1.800041 27.441954 0.000000
5.252097 3.199025 9.940103 0.000000
5.652486 3.289096 9.539124 0.000000
5.947583 3.126845 9.253024 0.000000
7.297319 3.327304 7.919184 0.000000
21.607275 -1.011757 24.446062 0.000000
21.301550 0.512590 24.187794 0.000000
5.552194 2.472311 9.617731 0.000000
4.989043 3.150101 10.194204 0.000000
5.111483 3.155868 10.083789 0.000000
6.499800 -1.896546 8.495788 0.000000
2.871720 4.508970 9.000821 0.000000
4.769027 4.542172 9.072876 0.000000
12.002836 -1.269273 12.260160 0.000000
2.998999 -1.591177 5.776618 0.000000
4.488830 -7.572371 7.006166 0.000000
7.176451 3.575624 8.047313 0.000000
3.636923 3.270686 8.571667 0.000000
6.554884 3.541959 8.658835 0.000000
6.328823 3.840846 8.879153 0.000000
7.406131 3.915731 7.818862 0.000000
7.695955 3.893145 7.547217 0.000000
7.478395 2.997927 7.038358 0.000000
5.220138 3.910556 9.987712 0.000000
6.825990 3.577378 8.394878 0.000000
22.422018 -1.196234 22.015619 0.000000
24.637320 -0.484444 24.317820 0.000000
5.328177 2.451291 9.834577 0.000000
5.172215 3.714071 10.040021 0.000000
4.614246 3.492103 10.588774 0.000000
12.684633 1.001129 13.210945 0.000000
4.609627 3.838233 10.591973 0.000000
5.311599 -0.404510 7.997967 0.000000
6.174452 3.891220 9.033168 0.000000
-1.338945 -6.111206 8.582080 0.000000
4.949687 3.577800 10.248091 0.000000
4.388994 3.638640 10.809057 0.000000
4.496839 3.358836 10.683168 0.000000
0.822410 -5.690805 7.011099 0.000000
6.988266 -0.334638 6.505327 0.000000
7.572875 3.998530 7.158326 0.000000
7.739692 4.036979 7.508990 0.000000
7.280828 4.141810 7.950047 0.000000
2.921682 -5.444813 5.488581 0.000000
4.819582 4.340863 10.403332 0.000000
5.945162 4.094780 9.288672 0.000000
4.057401 3.738198 11.134933 0.000000
4.357293 4.004152 10.861320 0.000000
6.872665 4.317610 8.371927 0.000000
7.153014 4.258969 8.080036 0.000000
-0.942792 -5.938693 8.992383 0.000000
6.460163 4.105516 8.774902 0.000000
5.459563 -2.467792 9.542949 0.000000
24.436764 0.422685 25.591265 0.000000
26.940727 -0.462121 26.634340 0.000000
4.165110 4.070096 11.045447 0.000000
3.826651 4.112294 11.391253 0.000000
6.129242 4.313693 9.114778 0.000000
5.218336 4.307678 10.000650 0.000000
4.671833 4.456844 10.562976 0.000000
7.805171 4.134383 7.398930 0.000000
6.583326 4.454810 8.647660 0.000000
7.497462 0.359770 7.041009 0.000000
3.491092 -7.147958 6.013095 0.000000
0.794073 -6.001380 6.974736 0.000000
4.019588 -9.378304 6.475958 0.000000
6.519299 4.584614 8.740629 0.000000
6.916161 4.628949 8.326004 0.000000
7.583725 4.637659 7.667926 0.000000
7.618426 4.595918 7.222281 0.000000
7.458386 3.346439 7.026836 0.000000
7.185053 4.685546 8.061139 0.000000
7.420707 4.522451 7.840592 0.000000
6.046230 4.836409 8.964505 0.000000
3.650164 2.999591 8.533509 0.000000
6.052014 4.759578 9.014251 0.000000
5.770309 5.248005 9.485788 0.000000
6.033126 5.458685 8.976200 0.000000
6.153544 5.379820 9.095573 0.000000
5.924167 4.760030 9.026467 0.000000
3.638772 4.367090 11.596818 0.000000
3.024317 5.496422 12.234169 0.000000
3.497383 4.662521 11.719378 0.000000
3.702781 4.877541 11.530616 0.000000
3.492071 5.374926 11.738444 0.000000
3.804395 4.745752 11.409629 0.000000
4.817505 4.644270 10.423733 0.000000
4.117126 4.721491 10.853072 0.000000
3.772657 5.085114 11.489030 0.000000
4.043371 4.681320 11.195933 0.000000
4.028231 5.221313 10.587862 0.000000
4.584169 4.819561 10.646643 0.000000
4.649331 5.156693 10.604414 0.000000
4.805984 5.361714 10.463275 0.000000
5.238137 5.072735 10.024059 0.000000
5.111944 4.723309 10.128024 0.000000
1.286649 -4.832485 7.495086 0.000000
6.975653 5.161995 8.308916 0.000000
6.664490 5.307768 8.596736 0.000000
7.224507 5.378891 8.061042 0.000000
7.654295 5.767045 7.651171 0.000000
7.430795 5.914268 7.861007 0.000000
7.422641 5.180248 7.842965 0.000000
7.730370 5.040873 7.536736 0.000000
25.540764 0.407686 25.932312 0.000000
26.034662 -0.434514 25.743803 0.000000
26.265245 -0.976849 25.964092 0.000000
14.968899 0.483747 14.518389 0.000000
3.038285 4.835335 12.194588 0.000000
18.490120 0.149471 18.032173 0.000000
5.205616 6.119507 10.101340 0.000000
5.365304 5.718828 9.912723 0.000000
5.413330 6.469832 9.869227 0.000000
5.528947 5.852368 9.755824 0.000000
5.567141 4.779675 8.557110 0.000000
4.034183 6.406723 10.648508 0.000000
4.023803 5.821009 10.607606 0.000000
4.723905 5.987163 10.555396 0.000000
6.730464 5.966961 8.580215 0.000000
6.030889 5.943508 8.992728 0.000000
6.093205 5.788893 9.050219 0.000000
4.623202 6.399128 10.681979 0.000000
13.462368 -0.008536 13.017867 0.000000
4.862998 5.641746 10.410017 0.000000
2.830044 5.558156 12.425510 0.000000
2.658246 6.492326 12.616679 0.000000
3.019564 5.849738 12.247923 0.000000
2.666243 5.301042 12.591564 0.000000
2.309061 5.864979 12.656062 0.000000
7.811537 6.100816 7.509967 0.000000
7.557418 5.499402 7.186237 0.000000
6.828076 5.729733 8.469237 0.000000
7.200389 5.969309 8.088374 0.000000
7.190807 6.084099 8.122300 0.000000
6.890782 6.174110 8.400762 0.000000
7.473948 7.411552 7.894269 0.000000
7.810069 7.339373 7.504300 0.000000
7.543544 6.533542 7.768118 0.000000
7.453376 4.206044 7.047363 0.000000
7.823775 5.705166 7.466899 0.000000
6.814523 7.035482 8.505555 0.000000
6.789289 6.856686 8.546944 0.000000
7.019360 6.941290 8.300468 0.000000
6.796297 6.019451 8.508347 0.000000
0.092196 -8.543147 6.199329 0.000000
2.682219 5.801549 12.564762 0.000000
3.829634 3.954831 11.362184 0.000000
2.864338 5.068516 12.390391 0.000000
5.996735 -1.954754 9.024407 0.000000
19.977062 -0.630975 19.523251 0.000000
24.848644 -0.840200 24.509800 0.000000
6.031025 6.582151 9.017235 0.000000
6.160661 6.154111 9.132872 0.000000
6.005546 6.616106 8.993522 0.000000
6.456982 6.081255 8.826020 0.000000
5.595344 5.030573 8.517097 0.000000
2.221038 6.618512 12.597766 0.000000
5.161902 5.966291 10.123298 0.000000
3.052701 6.069952 12.214660 0.000000
4.133555 7.222865 10.781553 0.000000
4.653308 7.301414 10.691820 0.000000
4.623237 6.833952 10.697371 0.000000
22.026342 -1.615651 21.720160 0.000000
23.913042 -0.569295 23.559027 0.000000
23.455374 0.173097 23.118757 0.000000
2.814585 6.028460 12.473156 0.000000
3.740490 5.219424 11.516102 0.000000
2.144764 6.406941 12.512276 0.000000
4.059906 6.943946 10.695998 0.000000
4.001537 7.704661 10.667068 0.000000
4.718553 7.680949 10.621940 0.000000
4.935507 6.352325 10.378004 0.000000
2.197236 5.494193 12.528272 0.000000
3.951541 -4.516814 10.975136 0.000000
6.635441 7.894714 8.733546 0.000000
7.355052 6.061408 7.964791 0.000000
6.906428 7.625819 8.462943 0.000000
6.924032 6.583961 8.410083 0.000000
7.203480 8.156674 8.179620 0.000000
7.047155 7.287374 8.305429 0.000000
7.167322 7.644378 8.200713 0.000000
6.122267 7.296343 9.136356 0.000000
6.029598 7.985023 9.066995 0.000000
6.470505 7.087710 8.875635 0.000000
7.832739 7.583832 7.529255 0.000000
7.646094 6.594820 7.309578 0.000000
7.781296 8.256256 7.505001 0.000000
0.692778 -5.605186 6.883900 0.000000
3.295324 5.888960 11.979916 0.000000
4.171516 8.396318 10.866446 0.000000
7.689455 9.680845 7.523887 0.000000
7.753434 8.516598 7.625638 0.000000
0.334059 -6.180763 6.507207 0.000000
7.446509 4.873919 7.055153 0.000000
7.806674 6.339335 7.471339 0.000000
7.480801 3.560518 7.056688 0.000000
5.613602 6.057501 8.570047 0.000000
5.694620 6.766835 8.674261 0.000000
6.095000 8.173105 9.140968 0.000000
6.152254 9.281914 9.234042 0.000000
5.584134 5.722589 8.527401 0.000000
4.297969 9.546437 11.038689 0.000000
4.007467 9.160595 10.730004 0.000000
7.072501 9.658432 8.232193 0.000000
7.332089 8.531768 8.067788 0.000000
7.445675 7.628740 7.917604 0.000000
7.392731 6.795945 7.953339 0.000000
6.356255 9.649900 8.578659 0.000000
6.872581 8.727458 8.535714 0.000000
6.519372 9.639922 8.838307 0.000000
6.923152 7.170751 8.424453 0.000000
7.280938 9.014476 8.135666 0.000000
-1.273345 -5.776383 8.658243 0.000000
6.532700 8.264633 8.856319 0.000000
6.003834 9.576235 9.096851 0.000000
6.734537 9.135805 8.651608 0.000000
6.112121 8.619579 9.173508 0.000000
4.275824 9.386943 11.011874 0.000000
7.498842 -0.282496 7.024530 0.000000
3.499404 -7.571237 6.005281 0.000000
7.669632 9.237549 7.763920 0.000000
4.034975 8.744491 10.742146 0.000000
2.008385 6.259569 12.368490 0.000000
2.001534 5.994102 12.351127 0.000000
3.706259 4.610548 10.119002 0.000000
2.149148 7.064752 12.542412 0.000000
3.877048 4.732173 10.554443 0.000000
4.872079 7.027319 10.457543 0.000000
4.837223 6.909588 10.485616 0.000000
3.982133 5.051506 10.534141 0.000000
3.970208 5.619292 10.545122 0.000000
3.972174 6.301071 10.574251 0.000000
6.877304 9.664349 8.105441 0.000000
6.972734 8.943701 8.444735 0.000000
7.397123 5.365265 7.023958 0.000000
7.716737 8.073561 7.432878 0.000000
5.529164 7.383212 8.533251 0.000000
5.960849 8.081717 9.001312 0.000000
6.427949 8.408602 8.930637 0.000000
2.546579 6.728278 12.750626 0.000000
4.350092 7.149996 11.016879 0.000000
17.989578 0.251140 17.528122 0.000000
13.007092 -0.483214 12.494944 0.000000
12.350378 -1.505692 13.359261 0.000000
3.922044 6.848350 10.544710 0.000000
3.713897 6.773936 10.335209 0.000000
3.858644 7.152630 10.500318 0.000000
3.920980 7.712769 10.576598 0.000000
3.614180 6.169192 10.218463 0.000000
4.314252 8.115070 11.003309 0.000000
4.308563 8.522418 11.012112 0.000000
5.537568 7.560171 8.547486 0.000000
5.624710 8.765998 8.678381 0.000000
5.655629 9.244531 8.733704 0.000000
5.976458 9.402659 9.060567 0.000000
6.400630 7.960757 8.967359 0.000000
5.667904 9.655907 8.505235 0.000000
12.615582 -1.506440 13.105832 0.000000
3.593838 5.361996 10.163999 0.000000
1.670013 6.306842 12.032899 0.000000
2.076106 6.827516 12.459243 0.000000
1.630671 6.714615 12.009710 0.000000
3.493705 4.487610 11.731196 0.000000
5.497276 -2.494956 9.494312 0.000000
4.006343 -8.616250 6.489145 0.000000
6.744337 9.683930 7.578083 0.000000
7.468939 9.680924 7.525500 0.000000
7.418551 8.705215 7.995230 0.000000
7.158544 9.696570 7.175664 0.000000
7.285557 5.816134 6.925621 0.000000
7.347740 7.751886 7.048563 0.000000
7.496445 5.831355 7.134563 0.000000
7.286324 7.939193 6.984592 0.000000
7.362092 8.674628 7.091671 0.000000
7.463621 6.395928 7.117828 0.000000
5.578151 8.125071 8.608705 0.000000
5.934550 9.535823 9.042739 0.000000
7.433313 8.051807 7.948749 0.000000
6.138510 9.664699 8.216161 0.000000
6.393070 9.672798 7.943955 0.000000
2.096166 5.486079 12.428617 0.000000
3.640693 5.559388 10.219534 0.000000
1.856283 5.935308 12.201989 0.000000
3.805263 9.250887 10.515883 0.000000
3.525120 9.207170 10.236313 0.000000
5.504348 5.883098 8.455617 0.000000
3.799043 8.898314 10.509202 0.000000
3.863043 8.420285 10.544168 0.000000
3.634416 7.332784 10.276415 0.000000
3.621587 8.333606 10.301606 0.000000
3.551840 7.976421 10.217343 0.000000
13.026403 -1.210495 12.494000 0.000000
8.477917 0.485225 8.015054 0.000000
1.699669 7.129314 12.093471 0.000000
5.407298 1.656129 8.509183 0.000000
7.961785 0.409585 7.508101 0.000000
2.430707 4.485476 10.063709 0.000000
5.903139 9.664219 8.217157 0.000000
5.455730 8.867714 8.514709 0.000000
5.446063 5.498149 8.385898 0.000000
5.468052 5.845238 8.421915 0.000000
6.972546 9.693430 7.266018 0.000000
7.710782 8.923613 7.454223 0.000000
0.874310 -5.108755 7.077945 0.000000
1.751830 5.483569 12.078090 0.000000
1.960591 4.504762 9.500385 0.000000
3.723165 8.853172 10.418072 0.000000
5.551284 6.037825 9.718767 0.000000
7.481955 8.403207 7.205342 0.000000
7.372579 5.214119 6.990338 0.000000
7.009004 7.071422 6.683597 0.000000
5.493711 7.863484 8.519062 0.000000
5.064282 8.143957 8.095884 0.000000
5.424252 9.460799 8.507257 0.000000
5.357460 9.668312 8.231766 0.000000
6.896281 8.057105 8.489364 0.000000
5.500980 6.448535 8.474794 0.000000
5.950972 8.984697 9.024595 0.000000
5.525303 5.236464 8.455058 0.000000
5.182893 6.517756 8.155686 0.000000
2.687524 -4.013885 6.860556 0.000000
7.250370 6.221593 6.896002 0.000000
6.969549 9.702659 6.944817 0.000000
7.190313 8.909341 6.917014 0.000000
5.429629 9.655602 8.503339 0.000000
5.053164 7.574437 8.064126 0.000000
7.561343 9.684510 7.416951 0.000000
7.214429 9.542434 6.961029 0.000000
5.664711 9.671600 7.936533 0.000000
7.493853 6.730832 7.158649 0.000000
7.738478 7.686186 7.440939 0.000000
2.699694 4.489976 11.136963 0.000000
3.940222 4.626546 9.915878 0.000000
12.986897 0.325010 12.529607 0.000000
14.998047 -0.015044 14.561371 0.000000
4.144573 4.667827 9.690111 0.000000
20.208824 -1.066970 19.750671 0.000000
23.986109 -1.407565 23.604874 0.000000
18.962980 0.436904 18.524387 0.000000
17.448858 -2.961032 17.079979 0.000000
13.207967 1.354504 12.751592 0.000000
2.053718 7.105919 12.450537 0.000000
7.145087 6.902673 6.809507 0.000000
-0.005874 3.966517 6.545746 0.000000
2.512721 -4.000823 7.018509 0.000000
-0.578698 4.614073 7.004358 0.000000
7.000097 8.025348 6.703731 0.000000
7.467352 9.308559 7.210559 0.000000
7.498900 -0.510221 7.000597 0.000000
5.077385 8.793976 8.132263 0.000000
5.466606 6.464733 8.436209 0.000000
6.035220 9.691526 7.253914 0.000000
-1.466851 -6.061354 8.453521 0.000000
5.369633 9.019348 8.428263 0.000000
7.705567 9.074775 7.453483 0.000000
7.370371 7.214545 7.047939 0.000000
7.166101 9.169679 6.908312 0.000000
-0.650640 4.619282 6.912816 0.000000
3.399604 8.472507 10.081663 0.000000
3.411112 9.298484 10.128466 0.000000
2.585657 4.515781 8.997518 0.000000
16.194977 -2.932042 18.296452 0.000000
16.697935 -2.983101 17.855368 0.000000
17.504354 1.828815 17.138550 0.000000
16.487848 -0.520390 16.035025 0.000000
2.761827 4.626421 11.047765 0.000000
4.835875 2.294403 9.007881 0.000000
5.490403 7.479789 8.503400 0.000000
1.992892 -4.161452 8.539931 0.000000
3.363564 7.977044 10.039336 0.000000
3.460044 8.829132 10.156285 0.000000
4.282793 2.831936 9.537127 0.000000
3.255741 3.880531 10.554139 0.000000
4.336166 7.549143 11.005733 0.000000
6.952265 7.905507 6.653051 0.000000
0.365783 -5.857212 6.547784 0.000000
3.490512 6.645187 10.099084 0.000000
5.224397 7.390172 8.229763 0.000000
7.995699 -0.477579 7.510787 0.000000
1.957874 4.497892 9.576718 0.000000
1.577632 7.046179 11.953810 0.000000
1.570422 6.475548 11.939420 0.000000
3.427439 7.315955 10.065902 0.000000
3.742712 3.384909 10.004325 0.000000
2.968717 4.517520 10.872952 0.000000
1.566683 6.886250 11.952162 0.000000
23.784744 0.423488 23.465494 0.000000
2.909317 4.911851 12.308689 0.000000
5.649925 9.699775 7.289729 0.000000
6.044469 9.714304 6.834371 0.000000
6.918605 8.246009 6.627786 0.000000
0.718547 -5.312603 6.917747 0.000000
5.342640 9.686969 7.695276 0.000000
6.573544 9.715187 6.478541 0.000000
7.510858 7.008438 7.184582 0.000000
6.956727 7.335726 6.639561 0.000000
6.906589 8.568459 6.618400 0.000000
11.995442 0.222708 11.529455 0.000000
8.999421 0.422286 8.548804 0.000000
3.274277 9.219511 9.982305 0.000000
1.543405 5.874122 11.887940 0.000000
16.846514 1.977920 17.811642 0.000000
20.463545 -1.419634 20.011864 0.000000
19.421373 -0.017001 18.976328 0.000000
17.321310 1.856890 16.926868 0.000000
16.491213 0.010889 16.055477 0.000000
3.213120 8.523087 9.909221 0.000000
3.263347 8.037951 9.940797 0.000000
4.970737 9.668183 8.026931 0.000000
5.483785 8.171530 8.519085 0.000000
5.086825 9.708461 7.098790 0.000000
3.468427 6.498817 10.075519 0.000000
1.464436 6.580922 11.821432 0.000000
4.930152 9.392800 8.003098 0.000000
7.998186 -0.524967 7.508254 0.000000
1.378233 7.126110 11.763833 0.000000
3.107506 7.789760 9.774061 0.000000
15.794911 -2.479545 15.255634 0.000000
16.941195 1.802587 16.571770 0.000000
3.084380 4.533297 10.732107 0.000000
18.487669 -0.280818 18.014950 0.000000
23.416040 -1.035462 23.044018 0.000000
17.499586 -0.767922 17.004015 0.000000
17.196331 1.939257 17.432280 0.000000
2.781933 6.669482 12.481475 0.000000
17.024500 1.970856 17.606190 0.000000
26.990816 -1.215763 27.498947 0.000000
5.799350 9.715227 6.829809 0.000000
6.332157 9.714800 6.472183 0.000000
4.867319 8.629885 7.914933 0.000000
4.678457 9.696642 7.507241 0.000000
3.247546 7.362139 9.898034 0.000000
5.504874 6.555359 8.481229 0.000000
18.430834 -1.491704 18.989241 0.000000
14.005945 1.422584 13.566805 0.000000
15.491181 -0.701940 15.000118 0.000000
2.971703 9.284909 9.686902 0.000000
4.798577 8.363246 7.817052 0.000000
4.858004 9.154916 7.924112 0.000000
2.816110 9.624789 9.522637 0.000000
3.295138 6.542123 9.895646 0.000000
3.493509 5.760915 10.067433 0.000000
3.396236 6.157148 9.984511 0.000000
2.959977 8.775790 9.647191 0.000000
2.008581 -4.033180 7.522990 0.000000
-1.453358 -5.969908 8.476442 0.000000
5.502495 7.065294 8.494099 0.000000
1.454074 6.385588 11.818666 0.000000
8.487194 -0.439126 8.002137 0.000000
16.614109 1.966437 18.040813 0.000000
20.486551 -0.761002 20.043541 0.000000
16.468739 1.944598 18.148657 0.000000
4.935615 9.697214 7.440641 0.000000
4.877680 7.977904 7.886939 0.000000
0.972113 -4.948116 7.182473 0.000000
10.486922 0.289443 10.022203 0.000000
12.994175 -0.496909 12.530524 0.000000
13.977884 1.454575 13.538356 0.000000
26.873199 0.383205 26.901022 0.000000
27.054691 -0.949840 26.751394 0.000000
26.374399 -0.180008 26.101274 0.000000
22.430223 0.539406 22.068880 0.000000
17.322166 2.499859 17.445356 0.000000
14.997697 -0.813379 14.502716 0.000000
22.959309 -0.750951 22.575527 0.000000
16.424570 2.494858 18.319332 0.000000
12.480036 1.002426 13.406683 0.000000
16.806215 2.478089 17.961882 0.000000
14.586743 -2.350218 14.024756 0.000000
15.043390 -2.349852 14.503285 0.000000
12.987775 -0.662916 12.505082 0.000000
17.030914 2.479452 17.739605 0.000000
13.213402 -1.546165 12.664327 0.000000
11.498484 0.251058 11.031375 0.000000
16.635107 2.491030 18.110981 0.000000
13.531356 1.487786 13.079219 0.000000
8.978111 -0.373717 8.504531 0.000000
16.849810 -3.489808 17.692677 0.000000
15.521538 1.972298 15.111953 0.000000
24.369495 -0.231672 24.017479 0.000000
21.460283 -1.090153 21.019653 0.000000
17.282461 -3.483721 17.257650 0.000000
17.568193 2.473869 17.198441 0.000000
8.991427 -0.540033 8.500515 0.000000
17.501425 -3.436439 17.042246 0.000000
17.021568 -3.418896 17.528902 0.000000
16.049734 -2.730378 15.510738 0.000000
19.930582 0.288044 19.515062 0.000000
21.949196 -0.251900 21.554255 0.000000
14.212313 -1.980096 13.677690 0.000000
16.307756 1.903733 15.921717 0.000000
1.517864 -3.925160 8.093167 0.000000
13.595830 -1.978263 13.019506 0.000000
15.692901 -2.904515 15.139130 0.000000
12.960819 1.048054 12.494595 0.000000
9.492420 -0.476827 9.006280 0.000000
9.498266 -0.544972 9.004851 0.000000
15.492293 -0.074334 15.043519 0.000000
16.367914 -3.389475 18.177578 0.000000
21.938461 0.473093 24.068535 0.000000
16.502037 -3.330382 18.046587 0.000000
14.607531 1.495056 14.179463 0.000000
12.502422 -0.494382 11.999500 0.000000
12.496911 -0.494051 12.025980 0.000000
25.762503 -1.478479 25.418434 0.000000
27.167219 -0.107703 26.864405 0.000000
13.524580 -1.972943 12.957965 0.000000
17.994368 -0.313599 17.520765 0.000000
17.210852 2.966233 17.560720 0.000000
16.642046 2.445136 16.270840 0.000000
17.364172 2.999623 17.416147 0.000000
16.884510 2.948233 17.886261 0.000000
16.491659 2.971920 18.274239 0.000000
17.546261 2.990395 17.238268 0.000000
17.513306 -3.440735 16.994015 0.000000
16.756018 -2.955212 16.226748 0.000000
14.717929 1.976616 14.294485 0.000000
15.042879 1.972422 14.626395 0.000000
9.997328 -0.196041 9.535642 0.000000
16.578787 2.930844 18.182964 0.000000
16.032061 -3.971136 18.497320 0.000000
16.734625 -3.959529 17.787769 0.000000
16.741333 -3.430722 16.192055 0.000000
16.412512 2.063409 16.003042 0.000000
16.903934 2.393526 16.508209 0.000000
9.993507 -0.529614 9.500282 0.000000
23.898190 -0.089878 23.562998 0.000000
17.524157 -3.545766 16.990776 0.000000
17.074799 -3.969293 17.455441 0.000000
14.117613 -2.400067 13.539766 0.000000
22.871477 0.235154 22.522631 0.000000
25.483261 -0.958905 25.166172 0.000000
16.517134 -3.937477 18.015232 0.000000
17.416510 -3.248562 16.878664 0.000000
14.425088 1.964900 14.002522 0.000000
17.511644 -3.871877 17.009686 0.000000
16.150562 2.465284 15.783308 0.000000
16.537537 -3.149358 15.994165 0.000000
15.051254 -2.483711 14.491694 0.000000
18.939625 -0.133673 18.506647 0.000000
24.960333 -0.446881 24.650608 0.000000
15.999460 -3.813158 18.500359 0.000000
22.913057 -0.134262 22.551701 0.000000
14.045964 1.894985 13.610019 0.000000
17.063391 2.987276 16.709612 0.000000
17.022070 -3.893596 17.509882 0.000000
14.005528 -2.471954 13.418320 0.000000
13.063421 -1.904096 12.493170 0.000000
10.493803 -0.384984 10.019636 0.000000
17.384211 3.487020 17.398458 0.000000
15.935596 2.274413 15.540182 0.000000
16.517300 3.485681 18.248926 0.000000
14.954391 1.712575 14.530984 0.000000
15.344741 2.485307 14.938117 0.000000
15.494428 2.050232 15.085778 0.000000
13.681923 -2.386431 13.093314 0.000000
16.903437 3.438419 17.870642 0.000000
15.566085 2.485090 15.179771 0.000000
15.147385 -2.952313 14.574590 0.000000
16.050116 -3.205725 15.486533 0.000000
17.296089 -3.551280 16.753653 0.000000
16.321484 -4.488896 18.178488 0.000000
16.286861 3.419287 18.471998 0.000000
16.832579 -4.424089 17.676800 0.000000
17.177357 3.494922 17.602669 0.000000
16.129826 -3.353285 15.556116 0.000000
17.252106 3.209747 16.904261 0.000000
14.535616 -2.334380 13.972628 0.000000
15.905824 -3.160722 15.331806 0.000000
14.492188 0.159935 14.039524 0.000000
17.520132 3.275345 17.266678 0.000000
16.870613 2.518816 16.505192 0.000000
17.484413 -4.467168 17.031422 0.000000
17.539270 -4.121614 16.988026 0.000000
16.583710 -3.943285 16.010166 0.000000
16.999590 -4.073063 17.495392 0.000000
12.001758 0.019210 11.496819 0.000000
14.607479 -2.985731 14.008190 0.000000
10.498816 -0.514047 10.010378 0.000000
19.987869 -1.362040 19.510262 0.000000
15.971495 -4.402756 18.526064 0.000000
16.239929 3.221431 18.518188 0.000000
16.363476 3.936248 18.404234 0.000000
17.310415 3.973142 17.480595 0.000000
22.504618 -1.604490 22.095238 0.000000
19.459484 -0.095915 19.012520 0.000000
22.450769 -0.949161 22.052330 0.000000
16.825552 3.909189 17.947323 0.000000
17.015574 -4.004493 17.522263 0.000000
12.933595 -1.871566 12.360291 0.000000
14.502328 -2.637368 13.912766 0.000000
13.467628 1.486851 13.014977 0.000000
13.540504 1.904347 13.103480 0.000000
13.948997 1.789645 13.506739 0.000000
17.217934 -4.967899 17.279673 0.000000
16.365488 -3.950681 15.766973 0.000000
15.030610 -2.883582 14.450285 0.000000
10.993814 -0.496611 10.508029 0.000000
16.565504 -4.945646 17.918810 0.000000
16.825476 2.943372 16.485546 0.000000
17.070847 3.988859 17.708839 0.000000
14.548453 2.422203 14.134903 0.000000
17.540571 3.901819 17.249763 0.000000
19.069633 -1.499712 19.066277 0.000000
16.456470 -4.976643 18.025492 0.000000
9.489127 0.767616 12.216509 0.000000
16.658079 3.959014 18.114510 0.000000
15.865685 -4.919030 18.582535 0.000000
16.127802 3.964885 18.638649 0.000000
16.195585 2.916366 15.823098 0.000000
15.505741 2.903386 15.124277 0.000000
17.054869 -3.667768 16.484484 0.000000
17.512918 -4.053913 17.020458 0.000000
17.018673 -4.595142 17.501022 0.000000
16.371862 2.936749 16.006548 0.000000
13.964371 -0.488802 13.505412 0.000000
17.559227 -4.818986 16.951187 0.000000
15.575486 -3.140341 14.997141 0.000000
16.742519 -4.211086 16.146082 0.000000
17.434132 -4.465828 16.829370 0.000000
15.527724 -2.779224 14.970200 0.000000
13.139641 -2.233114 12.552963 0.000000
17.501904 -4.999634 17.003073 0.000000
16.854826 3.480778 16.510876 0.000000
10.994456 -0.514573 10.506496 0.000000
15.134701 -3.411005 14.534081 0.000000
14.954132 2.418363 14.546648 0.000000
16.435751 3.175915 16.071278 0.000000
15.957066 2.850675 15.578819 0.000000
15.612236 -3.793166 15.001850 0.000000
16.000875 3.446318 15.645289 0.000000
17.456675 4.345153 17.338930 0.000000
16.000702 4.430048 18.769178 0.000000
16.905561 4.458396 17.876688 0.000000
16.517763 4.463016 18.259590 0.000000
16.506281 -4.086075 18.008947 0.000000
15.607018 -4.364073 18.358433 0.000000
15.362658 -4.479146 18.099297 0.000000
15.009359 -4.371005 17.727798 0.000000
14.799429 -4.303348 17.515404 0.000000
15.613055 4.410962 18.645788 0.000000
15.508925 3.786500 18.507586 0.000000
15.158300 3.485817 18.168686 0.000000
15.291328 3.939273 18.290123 0.000000
15.960997 3.379823 18.821220 0.000000
16.583206 -5.387045 17.894287 0.000000
16.421682 4.382899 18.351389 0.000000
16.102011 -5.482587 18.366629 0.000000
15.592553 -4.836107 18.306770 0.000000
14.166647 -2.869820 13.564946 0.000000
17.072197 4.198296 17.712315 0.000000
15.603012 3.392849 15.240414 0.000000
15.182368 2.876846 14.795622 0.000000
16.569586 3.408159 16.218960 0.000000
17.020407 3.837736 16.690533 0.000000
17.503220 4.473570 17.290060 0.000000
17.357906 -5.427518 17.130032 0.000000
14.006190 -1.258063 13.477226 0.000000
15.831848 -5.426756 18.521877 0.000000
15.372352 -4.733870 18.086777 0.000000
14.667006 -4.417086 17.376549 0.000000
15.527169 -5.318713 18.227385 0.000000
15.217128 -4.979621 17.921362 0.000000
14.993265 -4.883187 17.695518 0.000000
15.970514 -0.032223 15.529599 0.000000
15.169104 4.456499 18.192242 0.000000
17.252655 -4.806791 16.638969 0.000000
16.507252 -3.585876 15.936954 0.000000
17.508305 -5.346220 16.984114 0.000000
13.205001 1.922845 12.757607 0.000000
17.312485 4.744627 17.499599 0.000000
15.413626 2.980188 15.023466 0.000000
16.026016 3.753753 15.675336 0.000000
17.119335 4.986627 17.689894 0.000000
14.029294 2.242288 13.606757 0.000000
16.833157 -5.962934 17.629154 0.000000
15.920265 -5.654512 18.538633 0.000000
14.586156 -4.922603 17.276339 0.000000
16.996685 -4.996475 17.493984 0.000000
15.518570 -1.292730 14.997383 0.000000
16.618910 4.986069 18.180832 0.000000
16.808784 4.991822 17.994074 0.000000
15.314516 -5.431509 18.005728 0.000000
16.388885 -5.906100 18.065449 0.000000
16.464300 4.808987 18.333727 0.000000
16.210772 4.988359 18.583111 0.000000
15.937832 4.954958 18.851013 0.000000
14.545299 3.843457 17.529268 0.000000
9.744797 -0.047083 12.442598 0.000000
15.485995 3.136329 15.107015 0.000000
14.650277 2.875015 14.622318 0.000000
17.506109 4.920448 17.316027 0.000000
16.039816 -4.466027 15.412969 0.000000
17.014008 -5.006383 16.396658 0.000000
16.656351 -4.898811 16.020231 0.000000
17.437628 -5.923069 17.034546 0.000000
14.706613 -3.457744 14.102888 0.000000
15.437295 -3.973661 14.815003 0.000000
13.639837 -2.920841 13.037257 0.000000
16.606430 3.778517 16.267214 0.000000
14.710775 2.870072 15.066243 0.000000
14.456325 -4.472409 17.158161 0.000000
14.086574 -4.441799 16.771805 0.000000
13.893031 -3.817159 16.597837 0.000000
13.507081 -3.898844 16.201452 0.000000
15.983375 -5.938524 18.464266 0.000000
11.498507 -0.475824 11.020933 0.000000
16.489914 -4.977194 17.998869 0.000000
13.912677 -4.340721 16.596889 0.000000
13.624656 3.431123 16.574356 0.000000
14.599380 4.453544 17.609900 0.000000
15.913743 5.395875 18.887094 0.000000
14.991084 4.243521 18.003996 0.000000
14.139527 3.375257 17.097019 0.000000
16.304434 5.481606 18.509743 0.000000
16.374086 5.302711 18.434233 0.000000
16.961998 5.342077 17.856632 0.000000
16.741720 5.438294 18.073097 0.000000
16.476496 -5.358799 17.983273 0.000000
16.360367 -6.394888 18.079346 0.000000
15.034835 -5.245824 17.718817 0.000000
17.223345 -5.648593 16.579132 0.000000
14.386946 2.938472 14.535524 0.000000
17.128532 5.182061 17.683117 0.000000
15.953621 3.410682 15.592943 0.000000
15.071244 3.204277 14.694177 0.000000
13.918430 2.435019 13.501365 0.000000
17.510059 -5.964486 16.962332 0.000000
15.745409 -4.463804 15.118415 0.000000
16.364349 -4.909476 15.726418 0.000000
16.867208 -6.425932 17.579506 0.000000
17.150354 -6.354371 17.301910 0.000000
16.978874 -6.287926 17.475437 0.000000
13.517516 2.082186 13.080793 0.000000
13.465035 1.726730 13.022057 0.000000
14.001100 2.971139 13.600174 0.000000
15.926924 -4.905388 15.285266 0.000000
13.547516 -2.407840 12.958423 0.000000
14.049847 -2.904297 13.457210 0.000000
14.125863 -3.351339 13.508700 0.000000
16.934580 -5.769436 16.273584 0.000000
16.501352 5.831308 18.322601 0.000000
16.900482 5.516074 17.923882 0.000000
15.616694 -6.076373 18.293871 0.000000
15.896915 -6.286387 18.546844 0.000000
15.025213 -3.220388 14.426447 0.000000
16.960043 -5.495272 16.320910 0.000000
15.353600 3.964493 15.003836 0.000000
14.934514 3.215179 14.558238 0.000000
14.508125 2.873535 14.111149 0.000000
14.694471 -3.808405 14.070908 0.000000
15.179842 -4.285435 14.546901 0.000000
14.575650 -3.479197 13.961966 0.000000
17.525442 -6.370543 16.933025 0.000000
15.045654 -3.885261 14.424289 0.000000
16.539392 -5.012786 15.897689 0.000000
14.136330 -4.988072 16.806458 0.000000
13.540378 -4.433316 16.209978 0.000000
13.436395 -4.475072 16.102261 0.000000
16.288086 5.821456 18.532141 0.000000
15.875644 5.909334 18.941677 0.000000
14.511387 4.925523 17.535692 0.000000
13.575389 3.982589 16.535263 0.000000
15.245455 4.772757 18.282284 0.000000
14.040382 3.759671 17.010462 0.000000
16.005243 -6.897175 18.413795 0.000000
14.526674 -5.247866 17.202076 0.000000
17.010946 5.929000 17.831013 0.000000
14.385253 -4.814658 17.074017 0.000000
15.401447 -5.885980 18.077419 0.000000
13.319679 -3.980364 16.003126 0.000000
14.978486 -5.120168 17.672079 0.000000
13.063001 -3.838522 15.737791 0.000000
12.913935 -3.812689 15.592628 0.000000
14.113769 -3.824658 16.824263 0.000000
15.485654 4.831168 18.527290 0.000000
15.471351 4.264631 18.505146 0.000000
9.990214 0.476814 12.708515 0.000000
14.014034 4.104072 16.999712 0.000000
14.121697 4.462056 17.119364 0.000000
15.450806 5.277198 18.506392 0.000000
16.496296 5.757473 18.324762 0.000000
15.244027 -6.304047 17.902382 0.000000
14.872323 -5.942820 17.529312 0.000000
16.787384 -6.806753 17.651804 0.000000
16.439808 -6.867891 17.988081 0.000000
15.565964 -6.532907 18.224138 0.000000
16.196867 6.423756 18.646524 0.000000
16.083803 -3.571630 15.497918 0.000000
17.080347 -6.936292 17.360807 0.000000
16.959810 -6.822946 17.480675 0.000000
14.499723 3.360893 14.116317 0.000000
14.522509 3.477479 14.445047 0.000000
14.491921 2.966459 14.433659 0.000000
14.349969 3.474559 14.615658 0.000000
15.329974 3.873312 14.979578 0.000000
15.518537 3.870660 15.171556 0.000000
12.505158 0.004870 11.999592 0.000000
13.941867 -4.835716 16.611944 0.000000
15.866144 -6.980148 18.516399 0.000000
15.461951 -6.162829 18.122141 0.000000
16.412418 -7.499557 18.005066 0.000000
14.357597 -5.458705 17.025864 0.000000
13.258503 3.479514 16.196117 0.000000
15.977107 6.309583 18.858412 0.000000
14.993395 5.391913 18.047081 0.000000
15.144343 5.493704 18.205742 0.000000
12.592599 3.493536 15.507193 0.000000
13.022640 3.496151 15.955007 0.000000
16.055439 -5.327181 15.395118 0.000000
17.516287 -6.971660 16.927599 0.000000
14.034413 -3.306656 13.418416 0.000000
12.602045 2.982717 15.501128 0.000000
13.101861 3.858224 16.045710 0.000000
14.181542 4.893538 17.189566 0.000000
15.140167 5.918281 18.208990 0.000000
13.516000 3.371502 16.456272 0.000000
14.027372 3.452589 16.983250 0.000000
14.607321 -5.731015 17.264990 0.000000
12.394696 -3.463704 15.060126 0.000000
12.882663 -3.365009 15.571170 0.000000
13.066231 -4.394697 15.733140 0.000000
13.518632 -4.938565 16.173656 0.000000
12.563785 -3.458803 15.237446 0.000000
13.667937 4.424323 16.655222 0.000000
14.529080 5.358426 17.569296 0.000000
24.417377 -1.484665 24.035053 0.000000
21.467451 -0.016619 21.076946 0.000000
16.477461 6.050586 18.351311 0.000000
15.039680 -5.733696 17.714926 0.000000
15.435570 -6.846387 18.086178 0.000000
16.999273 -7.153888 17.435205 0.000000
16.722256 -7.221696 17.707132 0.000000
17.443489 -6.940126 16.998789 0.000000
15.729241 -5.215218 15.073832 0.000000
17.099506 -6.200165 16.426111 0.000000
17.533579 -7.414343 16.898676 0.000000
17.272396 -7.405534 17.168592 0.000000
17.364437 -5.086691 16.736126 0.000000
16.166357 -4.456358 15.542225 0.000000
14.022960 -5.366232 16.675488 0.000000
15.559110 -7.379203 18.189644 0.000000
14.692354 -6.446270 17.325344 0.000000
16.481194 -6.491506 17.957907 0.000000
15.963752 3.560766 15.599681 0.000000
16.861765 6.334512 17.989813 0.000000
16.724131 6.169178 18.113132 0.000000
17.006493 6.448298 17.850378 0.000000
16.460367 3.908814 16.121300 0.000000
13.912514 2.978940 13.514074 0.000000
14.506223 -3.849760 13.879992 0.000000
15.091334 -4.219240 14.454336 0.000000
13.508375 -2.837140 12.900075 0.000000
17.069296 -4.369580 16.473970 0.000000
16.030603 -7.905653 18.377470 0.000000
16.825562 -7.815409 17.597298 0.000000
16.418198 -7.846157 17.991016 0.000000
16.812489 6.926197 18.064699 0.000000
16.456116 6.685930 18.405275 0.000000
16.248642 6.826459 18.615849 0.000000
17.296047 -6.097196 16.633072 0.000000
14.512444 -1.282173 13.988820 0.000000
15.385267 4.187354 15.043514 0.000000
17.015205 -7.757847 17.412273 0.000000
15.322720 -4.574274 14.692326 0.000000
16.222187 -5.792841 15.564067 0.000000
17.232916 -7.250025 16.537106 0.000000
16.488655 -7.081453 17.938885 0.000000
18.487980 -0.734284 18.013288 0.000000
21.439442 -0.908608 21.015709 0.000000
14.453555 -5.722052 17.104410 0.000000
13.367354 -4.978316 16.025587 0.000000
14.027115 -5.810963 16.675304 0.000000
15.021785 -6.623297 17.664394 0.000000
12.523771 -3.969955 15.182651 0.000000
14.949878 -6.090069 17.608421 0.000000
14.481743 4.930484 17.508303 0.000000
14.138618 -3.799933 13.506783 0.000000
14.792336 -4.228458 14.159501 0.000000
17.007584 6.850717 17.863516 0.000000
13.504527 3.796659 16.457035 0.000000
14.978715 4.787402 18.009924 0.000000
15.091723 6.440921 18.184105 0.000000
13.876701 -5.269348 16.529659 0.000000
12.140442 2.623016 15.006259 0.000000
12.513043 2.957315 15.409391 0.000000
14.025638 3.665611 16.989687 0.000000
11.850242 -2.895388 14.501409 0.000000
13.079045 -3.488877 15.769869 0.000000
14.324828 -3.860720 17.043406 0.000000
12.017870 -3.386874 14.668711 0.000000
12.008903 -2.993798 14.673719 0.000000
13.238745 -2.959042 12.620039 0.000000
13.049956 -2.358044 12.455309 0.000000
13.645526 -3.445325 13.015306 0.000000
11.987499 -0.499244 11.504013 0.000000
16.461874 -5.917451 17.997288 0.000000
15.629116 -7.906809 18.233801 0.000000
13.507012 -5.391641 16.150188 0.000000
14.437806 -6.416533 17.065050 0.000000
12.952353 -4.450812 15.608261 0.000000
13.678617 4.989906 16.691109 0.000000
14.509165 5.897497 17.569389 0.000000
12.687270 3.619790 15.613029 0.000000
15.053961 4.422550 14.714530 0.000000
17.016773 7.242396 17.871447 0.000000
17.223772 6.992534 17.008308 0.000000
14.466829 2.348691 14.051475 0.000000
16.920420 -7.994582 17.499680 0.000000
16.517399 -4.584939 15.889822 0.000000
15.581926 -3.876973 14.971685 0.000000
16.106970 7.282714 18.777941 0.000000
15.811498 6.869708 18.935678 0.000000
16.401411 -8.351714 18.001307 0.000000
16.983273 -5.983861 17.487520 0.000000
15.653519 -8.186893 18.246971 0.000000
15.069530 -7.228060 17.685396 0.000000
14.759887 -6.972736 17.389328 0.000000
15.175543 6.830750 18.288340 0.000000
14.484648 5.050738 17.513964 0.000000
15.450142 6.157337 18.534033 0.000000
13.020009 3.724432 15.958304 0.000000
14.192753 5.312012 17.227415 0.000000
12.413598 -3.834704 15.068271 0.000000
13.868291 -5.905803 16.512161 0.000000
13.047904 -4.760543 15.698635 0.000000
16.890308 6.333432 16.648884 0.000000
14.417681 3.570354 14.046042 0.000000
14.361632 3.532139 14.605486 0.000000
17.009882 -8.240475 17.405737 0.000000
16.640463 -8.490431 17.773817 0.000000
15.024848 -4.908350 14.364113 0.000000
17.477854 -7.868510 16.958723 0.000000
15.753319 -5.755217 15.079334 0.000000
12.987379 1.530615 12.531496 0.000000
11.724955 2.389182 14.557870 0.000000
12.028701 2.413823 14.877911 0.000000
11.510582 -2.672878 14.159657 0.000000
12.518772 -4.454607 15.164506 0.000000
13.117085 2.997345 16.031307 0.000000
12.191499 2.476648 15.050232 0.000000
12.507365 3.390412 15.418192 0.000000
13.061093 4.392600 16.025381 0.000000
14.794420 3.496324 17.776014 0.000000
15.004962 3.550122 17.993307 0.000000
14.053164 -6.226472 16.685841 0.000000
14.900198 -7.359313 17.506256 0.000000
16.987020 -5.456810 17.478991 0.000000
16.594046 -5.898414 15.941333 0.000000
16.457159 -5.453408 15.808708 0.000000
16.998045 -8.192937 17.418819 0.000000
16.451221 -8.351232 17.951977 0.000000
16.087870 -8.925829 18.325432 0.000000
16.728579 7.311537 18.166080 0.000000
16.898785 6.688169 17.970877 0.000000
16.396236 7.895020 18.509983 0.000000
16.407740 7.343112 18.483524 0.000000
16.968666 7.449104 17.934603 0.000000
17.056286 4.180223 16.756271 0.000000
14.523282 3.943989 14.160666 0.000000
14.037727 3.162970 13.642459 0.000000
13.171782 2.184806 12.730134 0.000000
13.552485 2.680809 13.138239 0.000000
12.900063 -2.196662 12.310319 0.000000
15.613653 -5.139602 14.952285 0.000000
16.212645 -6.789466 15.504156 0.000000
17.493834 -0.001717 17.022610 0.000000
17.340281 7.988207 17.573267 0.000000
17.539669 7.595841 17.380148 0.000000
14.996519 4.442471 14.664471 0.000000
17.071819 6.693700 16.827665 0.000000
16.935835 -8.633560 17.479416 0.000000
15.512061 -4.175367 14.888489 0.000000
14.069508 5.872009 17.125948 0.000000
15.542315 7.193663 18.676573 0.000000
16.719753 7.871033 18.191263 0.000000
12.940892 1.891339 12.491489 0.000000
14.664058 -4.658730 14.010117 0.000000
14.027231 -3.994870 13.391224 0.000000
13.514256 -3.401680 12.883872 0.000000
13.723885 -3.991552 13.074198 0.000000
15.880196 5.806465 15.608248 0.000000
15.507482 5.084577 15.198759 0.000000
14.922697 3.902206 14.568226 0.000000
16.791492 7.041955 16.573641 0.000000
13.448723 2.168860 13.018021 0.000000
15.120652 4.776081 14.795165 0.000000
17.191616 8.860639 17.062037 0.000000
17.021795 7.808609 16.838085 0.000000
17.045012 8.424077 17.895203 0.000000
17.496044 8.494478 17.451078 0.000000
14.610284 -5.279827 14.651564 0.000000
16.521822 -7.234179 15.818245 0.000000
14.689560 -5.453664 14.148131 0.000000
17.175203 -8.992103 17.256098 0.000000
17.560505 -8.831472 16.850248 0.000000
17.495556 -8.065081 16.930935 0.000000
17.286125 -9.499144 17.126043 0.000000
16.565462 -6.627739 15.876771 0.000000
17.585226 -8.476682 16.843529 0.000000
15.657631 -5.631433 14.997606 0.000000
14.431235 -4.481400 13.779761 0.000000
12.557754 -1.996598 11.972979 0.000000
16.416389 7.940690 18.492195 0.000000
16.615261 8.192236 18.311964 0.000000
16.226461 8.377993 18.708046 0.000000
15.520065 8.280833 18.694756 0.000000
15.013900 7.431193 18.141592 0.000000
15.603926 7.891747 18.756151 0.000000
16.608435 -9.644606 17.567144 0.000000
16.366007 -9.316516 18.048464 0.000000
15.614927 -8.925188 18.200947 0.000000
15.594990 -9.360307 18.168573 0.000000
16.482010 -9.173341 17.913679 0.000000
15.461137 -8.368671 18.047464 0.000000
15.036604 -7.718349 17.652433 0.000000
14.626537 -7.912022 17.222862 0.000000
16.895611 -8.857822 17.533598 0.000000
16.703115 -9.239124 17.719465 0.000000
11.999425 -0.608907 11.504196 0.000000
14.989597 -6.713504 17.620165 0.000000
13.356707 -5.226875 16.001043 0.000000
13.118242 -5.456614 15.742902 0.000000
15.877495 -7.236429 18.514372 0.000000
13.968768 -6.451439 16.592747 0.000000
13.531510 -5.989672 16.158834 0.000000
12.861026 -4.964306 15.503074 0.000000
13.458850 -5.667469 16.096405 0.000000
14.209497 -6.962379 16.826031 0.000000
15.154572 -8.165305 17.756973 0.000000
12.544856 -4.660366 15.181651 0.000000
14.921676 7.272480 18.032145 0.000000
16.557268 8.826550 18.065605 0.000000
16.639057 4.156826 16.313835 0.000000
12.161478 3.420749 15.071160 0.000000
13.537631 5.002938 16.550348 0.000000
14.027132 6.014116 17.092318 0.000000
13.105277 4.869416 16.089933 0.000000
14.593007 6.175842 17.669628 0.000000
14.957245 6.829675 18.061440 0.000000
14.474116 5.824262 17.522863 0.000000
13.044412 4.048913 15.994542 0.000000
17.510105 8.823602 17.456310 0.000000
14.847604 4.845991 14.520476 0.000000
17.351645 7.733358 17.169010 0.000000
17.577129 -7.812249 16.856855 0.000000
16.080059 -5.810376 15.422741 0.000000
16.943199 -9.385053 17.480570 0.000000
13.502254 4.690515 16.491100 0.000000
15.480811 5.958193 18.565130 0.000000
15.427661 6.745800 18.538004 0.000000
11.503508 -2.075079 14.150873 0.000000
11.380384 -2.078325 14.023256 0.000000
12.025643 -3.805547 14.666813 0.000000
11.856266 -3.349916 14.503536 0.000000
13.728105 -6.264066 16.352064 0.000000
26.854958 -1.227508 26.509972 0.000000
21.941383 -0.690980 21.541534 0.000000
24.391273 -0.976115 24.041430 0.000000
12.387835 -4.356764 15.035987 0.000000
14.970454 5.838022 18.040167 0.000000
13.021034 2.937952 15.930055 0.000000
11.520513 2.285341 14.344935 0.000000
11.672048 2.565084 14.516315 0.000000
12.020068 2.857137 14.889647 0.000000
16.849134 6.981811 16.631676 0.000000
15.858799 5.235943 15.557312 0.000000
17.375294 8.846673 17.533966 0.000000
16.684370 7.257803 16.464920 0.000000
17.132595 -7.380602 16.428549 0.000000
17.058344 -6.824336 16.362160 0.000000
16.661200 -9.628830 17.050383 0.000000
14.437540 -5.319400 14.412601 0.000000
17.097790 -9.516521 17.310791 0.000000
17.173489 -7.617758 16.449120 0.000000
17.489218 -8.774420 16.930893 0.000000
15.945141 -6.012808 15.264980 0.000000
17.132179 -8.085666 16.401873 0.000000
16.198385 -9.643866 17.531605 0.000000
14.046531 -4.073617 13.400720 0.000000
11.537453 -3.452597 14.175377 0.000000
14.525102 3.462180 17.492037 0.000000
11.236147 1.603640 14.011702 0.000000
14.401080 -6.984280 17.024944 0.000000
14.519571 -7.461446 17.122606 0.000000
14.485259 -7.118507 17.099678 0.000000
14.050364 -7.033468 16.658287 0.000000
15.378192 -8.715324 17.960272 0.000000
16.944824 7.682069 17.963825 0.000000
16.046186 8.824520 18.100775 0.000000
16.359137 8.812187 18.564592 0.000000
16.956610 8.036344 17.964470 0.000000
15.840110 8.467921 19.022564 0.000000
14.541118 7.198994 17.664392 0.000000
15.016781 7.537822 18.158369 0.000000
15.557985 8.809943 18.523102 0.000000
12.564643 4.461467 15.519608 0.000000
15.876976 7.686191 19.007986 0.000000
15.388785 7.241182 18.506832 0.000000
13.615073 5.960549 16.653950 0.000000
14.675016 6.999365 17.779675 0.000000
12.599547 4.837054 15.571091 0.000000
14.255085 6.829941 17.357288 0.000000
13.395178 5.242691 16.401278 0.000000
15.386272 8.470368 18.568413 0.000000
15.543078 -9.666289 18.100609 0.000000
14.744752 -8.426682 17.324638 0.000000
15.105955 -9.057413 17.676365 0.000000
14.486522 -7.859302 17.084076 0.000000
13.657762 -6.807463 16.258167 0.000000
16.404139 -8.961195 17.995214 0.000000
13.253263 -5.865881 15.873149 0.000000
15.466730 -7.495619 18.097282 0.000000
16.099546 -9.608779 18.290724 0.000000
14.995606 -7.666520 17.608387 0.000000
13.004903 -6.393496 15.615636 0.000000
12.952313 -5.390011 15.579164 0.000000
12.520760 -5.477701 15.134907 0.000000
10.361912 -0.744880 13.040477 0.000000
10.489349 0.255562 13.202991 0.000000
12.345590 -2.963482 15.024101 0.000000
13.355679 -3.457412 16.061962 0.000000
11.908298 -3.976402 14.545096 0.000000
11.359770 -2.537794 14.010362 0.000000
11.054752 -2.070030 13.683866 0.000000
12.027968 -4.478416 14.653725 0.000000
12.024726 3.082958 14.905599 0.000000
12.125908 3.981615 15.051554 0.000000
11.198769 2.359452 14.013161 0.000000
13.082348 -2.726198 12.472401 0.000000
14.183552 -4.724427 13.522107 0.000000
16.535471 -9.619816 16.799219 0.000000
16.084412 -9.627238 17.132727 0.000000
15.632401 -9.651555 17.751078 0.000000
14.507351 -4.424061 13.860255 0.000000
15.220449 -5.145461 14.563496 0.000000
15.056783 -5.277280 14.485991 0.000000
16.487379 8.844187 17.503801 0.000000
16.714340 8.836699 17.744183 0.000000
15.821363 8.825106 18.040720 0.000000
16.702404 6.303948 16.454657 0.000000
17.423223 7.488260 17.494196 0.000000
14.038092 3.917230 13.670481 0.000000
13.900801 3.283975 13.510289 0.000000
14.667597 4.781044 14.336054 0.000000
16.081673 7.030025 15.851498 0.000000
13.601898 3.125984 13.201810 0.000000
15.167682 5.111929 14.855435 0.000000
14.348550 4.352403 14.002625 0.000000
13.430045 2.641948 13.011718 0.000000
11.290505 -1.511667 13.932795 0.000000
11.022339 0.938558 13.347179 0.000000
13.510751 4.272979 16.487921 0.000000
11.503279 1.673362 14.286890 0.000000
11.043834 1.553887 13.815790 0.000000
12.543283 3.962021 15.482697 0.000000
12.420442 -4.760851 15.050183 0.000000
15.875657 -7.871373 18.503466 0.000000
13.020107 5.847100 16.046774 0.000000
13.818951 6.240594 16.872940 0.000000
15.527382 4.485459 15.195967 0.000000
16.024374 -9.605447 16.508024 0.000000
15.841461 -9.626124 17.100441 0.000000
15.017481 -9.634101 17.215267 0.000000
15.228797 -9.642423 17.780022 0.000000
14.519706 8.436994 17.670105 0.000000
15.123749 8.694387 18.301960 0.000000
14.233949 7.364537 17.338930 0.000000
14.420441 7.623037 17.544044 0.000000
15.472078 8.834842 17.565351 0.000000
15.779622 8.826492 17.930021 0.000000
16.511980 8.855838 17.029648 0.000000
16.712412 8.860961 16.888401 0.000000
14.563966 5.843225 15.044595 0.000000
16.486172 7.644886 16.280045 0.000000
14.542514 4.407615 14.194495 0.000000
15.868043 6.628082 15.616462 0.000000
14.861930 5.334111 14.561152 0.000000
14.022805 4.420187 13.662275 0.000000
15.033875 5.851490 14.871678 0.000000
15.340483 6.214507 15.068157 0.000000
15.857473 7.418102 19.011044 0.000000
14.985517 6.383688 18.075348 0.000000
15.398908 7.916703 18.552330 0.000000
14.223065 -7.854458 16.811489 0.000000
13.963270 -6.638072 16.583918 0.000000
13.954409 -7.450772 16.549328 0.000000
13.593148 -7.462471 16.172050 0.000000
13.449961 -6.476084 16.055988 0.000000
12.964474 -5.964921 15.574780 0.000000
14.537980 7.810474 17.665703 0.000000
15.258584 8.344665 18.420103 0.000000
15.748402 8.843822 17.297037 0.000000
14.877261 -9.434181 17.429926 0.000000
14.495163 -8.821056 17.059080 0.000000
14.147311 -4.969741 13.476165 0.000000
13.235441 -3.172345 12.607972 0.000000
13.544042 -3.910114 12.894476 0.000000
15.520489 -9.611883 16.592741 0.000000
14.424289 -5.673717 14.409139 0.000000
16.237129 -9.606037 16.416786 0.000000
17.574511 -9.405219 16.861195 0.000000
16.280918 6.685710 16.038956 0.000000
15.345270 5.042678 15.037252 0.000000
16.083855 8.852668 17.045221 0.000000
15.801289 7.017843 15.571949 0.000000
16.962803 8.008276 16.786671 0.000000
15.592441 5.634884 15.302708 0.000000
13.688996 -4.012376 13.047836 0.000000
14.181741 -5.033189 13.502487 0.000000
15.021029 -7.499551 14.282953 0.000000
12.482549 1.457872 12.016499 0.000000
14.648857 5.852878 14.552518 0.000000
15.109241 6.190937 14.832729 0.000000
13.667135 3.718650 13.286613 0.000000
14.578688 -5.123966 13.907803 0.000000
15.636963 -9.605198 16.405197 0.000000
14.549994 -5.744759 14.284616 0.000000
14.768166 -6.349239 14.057449 0.000000
16.537159 -9.597393 15.974441 0.000000
15.887783 -8.419972 15.134648 0.000000
16.033148 -9.571120 15.515192 0.000000
16.917021 -7.292663 16.210251 0.000000
14.554449 -4.579813 13.901285 0.000000
14.768534 -9.604935 16.534328 0.000000
15.052521 -9.609880 16.544876 0.000000
15.595029 -9.576661 15.754637 0.000000
15.084384 -9.595738 16.285170 0.000000
14.388246 5.847079 14.701447 0.000000
16.084911 6.648084 15.845216 0.000000
15.193856 8.863548 16.578737 0.000000
14.376751 5.838152 15.108142 0.000000
15.220478 8.850460 17.144409 0.000000
16.096579 6.458257 15.843480 0.000000
16.331079 7.208008 16.111422 0.000000
13.187236 2.913521 12.766071 0.000000
13.523673 4.490828 13.160248 0.000000
14.772169 5.378588 14.463135 0.000000
14.538288 6.383805 14.529147 0.000000
14.230999 4.809007 13.896429 0.000000
13.887800 3.803293 13.513309 0.000000
17.373188 5.178559 17.442444 0.000000
14.183088 7.891971 17.306616 0.000000
13.484210 6.285757 16.538069 0.000000
12.572390 5.177405 15.560499 0.000000
13.195664 6.168236 16.239368 0.000000
12.072948 4.142177 15.001942 0.000000
14.464334 8.310391 17.621454 0.000000
13.550241 6.872821 16.630596 0.000000
14.843556 8.821522 17.944298 0.000000
13.950089 7.024666 17.042355 0.000000
16.424540 8.055792 18.493137 0.000000
16.806414 -6.199611 16.135704 0.000000
12.543371 -5.863218 15.131958 0.000000
13.109905 -6.964956 15.706740 0.000000
14.806214 -8.999274 17.368713 0.000000
14.770699 -9.632778 17.175756 0.000000
14.359606 -8.659419 16.909739 0.000000
14.101999 -9.470095 16.627384 0.000000
13.620728 -7.983454 16.183718 0.000000
13.501348 -8.217983 16.054300 0.000000
15.647286 -9.556481 15.079962 0.000000
15.023863 -6.516527 14.312230 0.000000
16.112246 -9.074233 15.323117 0.000000
11.629458 3.335193 14.508890 0.000000
13.473886 5.861912 16.510843 0.000000
13.997735 6.493437 17.080631 0.000000
14.443494 7.443274 17.560558 0.000000
13.981536 5.103321 17.002979 0.000000
14.860618 7.605923 18.007021 0.000000
11.065844 -2.581122 13.701481 0.000000
11.572204 -3.573762 14.208765 0.000000
11.971286 -4.121624 14.606418 0.000000
16.803024 -7.681468 16.080946 0.000000
15.444366 -5.855814 14.764385 0.000000
13.429674 -6.788371 16.025829 0.000000
13.963320 -8.466337 16.526335 0.000000
12.050049 -4.918654 14.667554 0.000000
14.935700 -8.577901 17.512197 0.000000
17.082989 -5.548997 16.436211 0.000000
14.599813 8.845671 17.112453 0.000000
13.803827 7.326188 16.907185 0.000000
17.524576 8.213247 17.409943 0.000000
16.267303 6.445968 16.020811 0.000000
15.396469 4.866580 15.082744 0.000000
11.368533 -3.215006 14.001118 0.000000
10.995425 -1.767491 13.633080 0.000000
11.545709 2.981599 14.403054 0.000000
13.016665 4.777170 15.997337 0.000000
12.530592 4.048701 15.472241 0.000000
11.229415 1.015999 13.976098 0.000000
10.994841 1.395238 13.747507 0.000000
11.707541 1.832467 14.510931 0.000000
10.352701 -0.048018 13.054403 0.000000
10.836271 -0.994077 13.498112 0.000000
16.118120 -6.898395 15.430655 0.000000
14.723908 -9.593035 16.131258 0.000000
15.045455 -9.582320 15.827072 0.000000
14.354380 -9.614100 16.705685 0.000000
14.154000 -8.431119 16.713923 0.000000
15.479567 -9.570949 18.043589 0.000000
13.054710 -7.297546 15.628324 0.000000
14.496407 -9.013559 17.044569 0.000000
12.913749 -6.192444 15.516173 0.000000
13.455882 -7.241063 16.038603 0.000000
12.161767 -5.462908 14.767663 0.000000
13.443182 -7.523132 16.023764 0.000000
14.148631 8.845861 17.056803 0.000000
14.660981 8.862047 16.552404 0.000000
15.542399 8.858798 16.896431 0.000000
14.063397 -5.423107 13.367518 0.000000
14.757209 -6.761215 14.036557 0.000000
15.358230 -7.736367 14.608488 0.000000
16.043053 -9.567324 15.289556 0.000000
14.466289 -5.921905 13.768076 0.000000
14.503057 -5.653130 13.815254 0.000000
14.371634 5.030405 14.050338 0.000000
14.433884 4.917954 14.107374 0.000000
15.200918 7.006125 14.954861 0.000000
14.097479 6.069035 14.947832 0.000000
11.694263 3.551356 14.588428 0.000000
12.050304 3.829932 14.967173 0.000000
10.849442 -1.515469 13.495214 0.000000
12.560396 5.531604 15.562848 0.000000
13.255290 6.749772 16.322695 0.000000
12.112747 4.533399 15.059792 0.000000
12.506825 4.559793 15.467942 0.000000
13.945420 7.523632 17.056671 0.000000
14.956774 8.414284 18.135643 0.000000
12.445049 1.154617 11.973974 0.000000
13.193320 -3.652232 12.545942 0.000000
12.977588 -2.898251 12.358034 0.000000
13.741179 -4.878104 13.058930 0.000000
15.455719 -8.727070 14.675317 0.000000
13.554283 -4.919066 12.869523 0.000000
14.941739 -7.937928 14.183133 0.000000
15.053022 -9.543746 14.790831 0.000000
15.439525 -7.691730 18.061415 0.000000
15.023726 -1.181960 14.492922 0.000000
14.970630 -8.375262 17.560102 0.000000
12.468319 -5.795400 15.069558 0.000000
11.501984 -4.012400 14.127286 0.000000
11.885166 -4.684067 14.508142 0.000000
15.449853 8.808554 18.518494 0.000000
13.442218 6.671574 16.510271 0.000000
12.994669 5.587799 16.013212 0.000000
14.438975 6.817470 17.527826 0.000000
12.027726 4.328115 14.963887 0.000000
11.849735 -2.398108 14.517413 0.000000
12.552129 -2.849724 15.244101 0.000000
25.990450 -0.908522 25.672760 0.000000
11.190905 2.542116 14.020148 0.000000
14.521722 -9.570592 15.562397 0.000000
14.633372 -9.561961 15.315195 0.000000
14.007131 -9.578448 15.768909 0.000000
15.601688 -8.091523 14.841635 0.000000
16.004105 -8.619299 15.233653 0.000000
15.154330 -9.554711 15.043864 0.000000
14.851989 6.583455 14.590029 0.000000
14.563680 5.891216 14.272738 0.000000
14.522429 6.158229 14.238859 0.000000
12.977308 2.290980 12.538617 0.000000
12.870528 2.417238 12.432635 0.000000
13.132339 3.478076 12.726776 0.000000
14.032275 8.858187 16.667553 0.000000
13.944700 8.845790 17.035711 0.000000
13.443521 7.948112 16.560471 0.000000
13.694379 8.480328 16.837160 0.000000
17.046303 7.158470 16.834282 0.000000
14.420497 -5.279314 14.521609 0.000000
17.353598 -9.094012 16.592695 0.000000
13.537753 -8.811913 16.089470 0.000000
13.108695 -7.914103 15.664686 0.000000
12.581736 -6.992330 15.155063 0.000000
14.079881 -9.603903 16.438034 0.000000
15.622610 -4.757027 14.980650 0.000000
16.393862 -6.107829 15.714572 0.000000
12.603418 -6.480092 15.187950 0.000000
13.506084 2.983159 16.431009 0.000000
10.966862 -2.060390 13.595973 0.000000
11.417274 -1.536226 14.056789 0.000000
10.903059 -1.260090 13.555975 0.000000
10.785486 0.268693 13.494982 0.000000
13.956586 5.765104 17.000370 0.000000
11.545732 3.376096 14.422316 0.000000
14.080408 8.128862 17.222492 0.000000
14.927950 8.819132 18.063700 0.000000
12.244426 5.464514 15.232447 0.000000
12.635621 6.425918 15.679166 0.000000
12.507305 5.273233 15.497695 0.000000
13.113420 7.474570 16.193518 0.000000
13.244628 7.735616 16.344610 0.000000
13.487779 8.299964 16.614189 0.000000
12.634717 6.922312 15.697318 0.000000
13.756581 8.851094 16.880527 0.000000
11.401175 -3.587538 14.033438 0.000000
11.511705 -4.729551 14.123181 0.000000
11.008735 -3.078326 13.632495 0.000000
12.001229 -6.292375 14.585925 0.000000
12.116903 -5.681678 14.715995 0.000000
13.990059 -8.928313 16.538897 0.000000
13.603585 -9.031013 16.135349 0.000000
13.965525 -9.587221 16.019020 0.000000
13.163512 -8.273021 15.705514 0.000000
12.608814 -7.699741 15.176019 0.000000
12.938294 -6.607544 15.541113 0.000000
12.592081 -7.158929 15.174706 0.000000
16.063305 -6.057770 15.387192 0.000000
13.989545 5.369558 13.668050 0.000000
13.414411 3.152480 13.010069 0.000000
13.041075 -3.071914 12.415759 0.000000
15.108648 -7.657805 14.367884 0.000000
14.543015 -9.536410 14.537457 0.000000
15.617244 -9.550090 14.859196 0.000000
14.964999 -7.460805 14.223660 0.000000
14.116663 -5.706082 13.411812 0.000000
14.625566 -7.483562 13.866179 0.000000
12.466677 -1.763179 11.890807 0.000000
16.091957 -4.851773 15.449178 0.000000
11.965202 -5.284335 14.575509 0.000000
12.461502 -6.415115 15.061681 0.000000
15.900888 8.664849 19.029995 0.000000
11.607931 4.332244 14.532925 0.000000
12.066195 5.756706 15.058738 0.000000
13.071002 -9.026811 15.590687 0.000000
13.506104 -9.580044 15.773084 0.000000
13.102010 -8.723981 15.632728 0.000000
15.438928 7.153480 15.212785 0.000000
13.954111 4.435183 13.604211 0.000000
14.480793 6.885078 14.609515 0.000000
14.044474 6.336822 14.159748 0.000000
14.236233 7.160286 14.859762 0.000000
14.262575 8.888626 15.587588 0.000000
14.549753 8.879912 15.982591 0.000000
13.657152 8.864326 16.355326 0.000000
14.294590 8.865170 16.460068 0.000000
14.989392 8.870365 16.308361 0.000000
16.191473 5.803486 15.922012 0.000000
13.884126 6.336151 14.150092 0.000000
13.796588 6.413336 13.501602 0.000000
14.068041 6.399397 13.829791 0.000000
13.826387 6.553377 14.108056 0.000000
14.209143 5.532758 13.887764 0.000000
15.251320 7.760928 15.030551 0.000000
13.496828 3.683004 13.107416 0.000000
13.578394 8.884951 15.711170 0.000000
14.377767 8.906461 15.075398 0.000000
14.563387 8.896541 15.372613 0.000000
15.607738 -7.696594 14.864545 0.000000
13.718342 -9.551363 15.033715 0.000000
12.601501 -8.323306 15.132804 0.000000
13.325224 -9.572929 15.562287 0.000000
13.141026 -9.566678 15.448767 0.000000
14.203656 -9.558593 15.178734 0.000000
12.611687 -8.970886 15.123120 0.000000
12.833564 -3.048647 12.424070 0.000000
14.617461 -6.938210 13.883350 0.000000
13.907660 -5.342885 13.219407 0.000000
14.363756 -6.966715 13.617821 0.000000
12.680928 -3.062139 12.749833 0.000000
13.518307 -4.111235 12.862758 0.000000
15.216363 -9.534966 14.476029 0.000000
14.650749 -9.516589 14.020240 0.000000
13.831814 -5.946118 13.112348 0.000000
14.374741 -7.230436 13.620480 0.000000
14.047130 -9.538040 14.648135 0.000000
13.802517 4.851823 13.455539 0.000000
12.944835 2.618080 12.514190 0.000000
13.161779 3.636886 12.759543 0.000000
13.583726 -9.531086 14.527714 0.000000
14.625552 -7.634726 13.873817 0.000000
15.790240 -8.914443 15.009950 0.000000
13.127024 8.872140 16.111271 0.000000
12.987470 8.316150 16.096567 0.000000
15.501805 6.492281 15.242641 0.000000
15.138330 7.555767 14.912489 0.000000
14.393365 5.639021 14.087742 0.000000
14.018192 5.388135 13.688812 0.000000
16.219278 8.861796 16.758411 0.000000
17.087612 8.350593 16.931150 0.000000
12.090057 7.500644 15.156052 0.000000
12.154369 6.526860 15.179122 0.000000
11.853220 5.523193 14.837733 0.000000
11.668396 4.948057 14.621153 0.000000
12.723586 8.124245 15.833948 0.000000
13.392467 8.704258 16.523710 0.000000
12.814617 7.393842 15.900200 0.000000
13.152288 8.119609 16.257267 0.000000
11.681411 5.479708 14.656619 0.000000
12.922857 8.738101 16.061453 0.000000
12.035953 6.124445 15.042408 0.000000
12.549622 7.893593 15.639324 0.000000
12.491515 6.065352 15.516854 0.000000
13.648483 8.908178 15.018601 0.000000
13.045444 8.901268 15.193277 0.000000
13.120127 8.889163 15.604927 0.000000
12.650528 -9.551370 15.064741 0.000000
12.571773 -9.198035 15.092623 0.000000
12.467606 -7.742850 15.020848 0.000000
12.052630 -7.907793 14.589264 0.000000
12.025742 -7.136194 14.584567 0.000000
12.107252 -6.645679 14.684505 0.000000
11.974866 -6.636045 14.544527 0.000000
11.964099 -6.430623 14.538871 0.000000
11.565676 -5.691618 14.154648 0.000000
15.443832 -8.720625 18.027868 0.000000
16.918144 -6.931270 16.240170 0.000000
14.439767 -8.435716 17.011967 0.000000
11.561362 -5.254996 14.161312 0.000000
12.451530 -5.435055 15.062440 0.000000
11.982798 -5.754260 14.581466 0.000000
11.051161 -3.643844 13.666573 0.000000
11.393409 -4.034625 14.016456 0.000000
13.795151 7.583965 16.910156 0.000000
11.145751 3.361233 14.007351 0.000000
11.531564 3.743294 14.425030 0.000000
13.943076 8.426744 17.081570 0.000000
11.134869 3.772504 14.022305 0.000000
12.345539 -3.051500 12.429535 0.000000
13.035947 -4.352101 12.601947 0.000000
14.148653 -6.453375 13.431604 0.000000
14.666110 -8.329605 13.885005 0.000000
12.430527 -3.053665 12.528816 0.000000
13.634007 -9.515441 14.073689 0.000000
13.278867 -9.520903 14.123825 0.000000
13.166657 -9.543462 14.867077 0.000000
15.491931 -9.304589 14.695677 0.000000
12.594405 -9.535665 14.513151 0.000000
14.911023 7.648883 14.683311 0.000000
15.078228 6.732106 14.820105 0.000000
15.552871 -9.480669 14.755197 0.000000
14.134016 8.929489 14.374253 0.000000
13.562533 5.693585 13.238869 0.000000
14.078872 8.921344 14.504726 0.000000
13.363295 4.663190 13.001792 0.000000
14.255981 7.945502 14.026225 0.000000
14.268024 8.006843 14.032518 0.000000
13.892823 5.791438 13.583996 0.000000
13.955832 6.656384 13.984418 0.000000
14.088431 6.775208 13.858232 0.000000
10.949079 1.551360 13.724476 0.000000
11.009031 2.092282 13.810024 0.000000
15.494255 -9.197211 18.063875 0.000000
12.951940 -7.762531 15.505304 0.000000
13.977919 -9.216575 16.509275 0.000000
16.670996 -6.184121 15.999859 0.000000
15.081244 8.868731 16.387644 0.000000
12.056046 7.267370 15.111915 0.000000
12.444530 7.116921 15.508929 0.000000
12.942005 7.603330 16.023582 0.000000
12.714796 8.888271 15.604127 0.000000
12.959506 6.462385 16.004545 0.000000
12.000288 4.669076 14.951743 0.000000
12.009585 5.194481 14.978120 0.000000
10.801285 -0.171673 13.496779 0.000000
11.301126 1.017575 14.047902 0.000000
12.031838 -2.407045 14.711054 0.000000
17.174805 -9.624802 16.997900 0.000000
12.446494 -6.782571 15.035844 0.000000
13.464370 -8.814401 16.005880 0.000000
11.017821 -4.286998 13.624578 0.000000
11.417516 -4.609592 14.029760 0.000000
11.065049 -4.685646 13.663424 0.000000
12.227826 8.005780 15.316139 0.000000
12.450753 8.400821 15.564679 0.000000
12.073956 8.894938 15.066055 0.000000
12.721849 8.897448 15.182380 0.000000
15.585496 7.090467 15.350446 0.000000
11.526331 6.228512 14.529040 0.000000
11.601926 6.615805 14.621357 0.000000
15.351440 5.610087 15.061232 0.000000
12.965313 7.120360 16.034615 0.000000
16.572153 6.560465 16.342001 0.000000
11.107447 4.056921 14.007408 0.000000
11.520134 4.183949 14.433222 0.000000
11.093015 4.793915 14.020985 0.000000
12.669292 8.910541 14.585424 0.000000
13.146704 8.915635 14.607817 0.000000
14.586713 7.025138 14.496552 0.000000
14.612610 6.637239 14.340820 0.000000
13.684000 8.931039 14.155702 0.000000
13.164742 8.929452 14.008364 0.000000
13.781949 8.922377 14.566072 0.000000
11.504205 -6.524785 14.066420 0.000000
11.417261 -5.230347 14.013923 0.000000
12.183846 -8.445502 14.707145 0.000000
11.565632 -6.313302 14.136743 0.000000
12.071542 -8.957696 14.576354 0.000000
11.969286 -7.187494 14.533717 0.000000
11.507288 -7.971958 14.031246 0.000000
11.508242 -1.520479 14.149475 0.000000
10.878640 -0.747641 13.548203 0.000000
12.030187 -1.504916 13.823447 0.000000
10.879604 -2.546145 13.511235 0.000000
13.963343 6.962870 17.047703 0.000000
11.016375 2.665538 13.843719 0.000000
12.523614 -2.385195 11.920126 0.000000
12.498824 -0.636917 12.010294 0.000000
14.026883 -9.523966 14.219157 0.000000
12.045851 -9.541351 14.500180 0.000000
12.611306 -9.525528 14.084015 0.000000
12.095686 -9.534502 14.302493 0.000000
12.169129 -4.360194 12.579055 0.000000
12.590844 -4.359989 12.734350 0.000000
13.656112 6.215546 13.351618 0.000000
12.820436 2.783267 12.391451 0.000000
12.996601 3.455539 12.588644 0.000000
13.644691 8.945872 13.522687 0.000000
13.353726 6.018551 13.035531 0.000000
13.944312 8.099982 13.715531 0.000000
12.998281 3.507000 12.590539 0.000000
13.085375 4.504290 12.708232 0.000000
12.902615 3.035568 12.482865 0.000000
14.727206 -9.428816 13.907096 0.000000
13.931398 -6.079858 13.218680 0.000000
15.006538 -9.016202 14.206141 0.000000
14.097787 -6.798814 13.362055 0.000000
13.668054 -5.248644 12.981215 0.000000
14.684258 -8.671929 13.899503 0.000000
11.669471 -9.530704 14.141480 0.000000
12.922551 -9.511217 13.679089 0.000000
12.194079 -9.512031 13.634460 0.000000
13.435900 8.945313 13.520907 0.000000
13.473209 7.998112 13.226363 0.000000
13.248549 5.873277 12.923037 0.000000
13.053724 4.275173 12.671196 0.000000
13.474168 6.791575 13.186953 0.000000
13.137801 5.328482 12.791047 0.000000
12.584898 -2.838803 11.961664 0.000000
10.833371 2.027001 13.631789 0.000000
12.508279 2.486249 15.379016 0.000000
15.453799 6.847698 15.211211 0.000000
11.108174 5.272091 14.063146 0.000000
11.902512 8.586396 15.008038 0.000000
11.686465 7.044471 14.724198 0.000000
11.938886 7.581573 15.004591 0.000000
11.967987 7.049928 15.013873 0.000000
11.294704 5.571798 14.265517 0.000000
11.628892 7.536871 14.684566 0.000000
12.755080 8.917521 14.361917 0.000000
12.367760 8.902796 14.821025 0.000000
12.334609 -9.057225 14.842465 0.000000
11.537385 -8.180349 14.051888 0.000000
11.996712 -7.510738 14.540707 0.000000
11.503311 -7.109322 14.050765 0.000000
11.002320 -5.077117 13.589251 0.000000
11.440303 -6.148732 14.011555 0.000000
11.454755 -5.617768 14.043247 0.000000
11.006391 -5.625748 13.577920 0.000000
14.543378 -6.032986 13.842128 0.000000
15.326051 -8.020670 14.562649 0.000000
13.953281 -7.932555 16.529446 0.000000
13.491417 -8.195742 16.047184 0.000000
12.966250 -8.103585 15.512557 0.000000
15.886534 -6.723676 15.180084 0.000000
15.769499 6.249552 15.504044 0.000000
11.511591 4.718971 14.447707 0.000000
11.074224 3.259928 13.936996 0.000000
11.520896 5.353734 14.488937 0.000000
12.955663 6.632023 16.006433 0.000000
12.633922 2.374329 15.507391 0.000000
11.536236 1.007493 14.275455 0.000000
12.036823 1.972550 14.868664 0.000000
10.871220 -2.123962 13.499838 0.000000
14.958832 -9.047236 17.513371 0.000000
17.537922 -9.605373 16.851154 0.000000
16.706707 -7.761163 15.971403 0.000000
10.963819 -3.513816 13.581013 0.000000
10.894241 -3.093220 13.519820 0.000000
10.818915 3.007668 13.661736 0.000000
10.714193 2.546252 13.532486 0.000000
11.532535 -9.264977 14.018189 0.000000
11.748945 -8.669987 14.254267 0.000000
11.576312 -9.518879 13.844591 0.000000
11.138272 -7.796672 13.658156 0.000000
11.020390 -8.607534 13.514948 0.000000
11.115048 -7.011692 13.658999 0.000000
14.039826 -7.232928 13.292605 0.000000
14.736969 -9.515127 13.931647 0.000000
14.020130 -9.508028 13.865932 0.000000
14.995268 -8.324277 14.218708 0.000000
14.460548 -6.375330 13.738353 0.000000
14.944099 -8.705302 14.148989 0.000000
12.479344 -8.422669 15.006391 0.000000
11.029492 -6.150066 13.594667 0.000000
10.929428 -4.076250 13.539376 0.000000
11.438818 -6.542274 14.001116 0.000000
15.303540 -7.448158 14.574208 0.000000
13.988935 4.534256 13.635606 0.000000
12.226382 8.922028 14.171441 0.000000
11.890965 8.903079 14.778250 0.000000
11.514914 8.921926 14.200822 0.000000
11.076399 6.582736 14.088152 0.000000
11.480124 7.160413 14.520634 0.000000
11.300275 7.830096 14.355010 0.000000
11.203241 8.010575 14.267859 0.000000
11.728941 8.111623 14.808321 0.000000
13.148542 -3.919349 12.489864 0.000000
12.845794 3.588528 12.441212 0.000000
12.890205 4.312295 12.505123 0.000000
12.947366 8.961071 13.031051 0.000000
13.099465 8.945910 13.461947 0.000000
12.855885 6.256679 12.533183 0.000000
12.900126 4.968239 12.536367 0.000000
13.061536 6.979714 12.766604 0.000000
12.195496 8.939637 13.659619 0.000000
12.927925 8.937764 13.707572 0.000000
13.570739 7.422046 13.304854 0.000000
14.160047 8.808496 13.951491 0.000000
13.453715 5.105525 13.110417 0.000000
13.908294 7.255822 13.643480 0.000000
13.625135 7.677011 13.368469 0.000000
13.597863 5.199570 13.263371 0.000000
14.061316 7.180892 13.791624 0.000000
13.443470 4.407653 13.077409 0.000000
13.540241 8.952384 13.447062 0.000000
12.012129 -4.357097 12.463428 0.000000
12.250032 -9.498966 13.316689 0.000000
13.481586 7.192235 16.571434 0.000000
14.402979 8.832117 17.555256 0.000000
11.071405 3.676098 13.946224 0.000000
14.443298 6.308204 17.517550 0.000000
11.035718 6.181446 14.030409 0.000000
11.981620 6.287835 15.001214 0.000000
11.043857 4.004756 13.935975 0.000000
12.437704 7.675887 15.523617 0.000000
17.055092 8.863729 16.950890 0.000000
13.996901 -9.609736 16.501890 0.000000
12.446065 -7.243987 15.022100 0.000000
12.954271 8.969450 12.739627 0.000000
12.719335 6.991913 12.416903 0.000000
12.531817 4.836527 12.158858 0.000000
12.841507 6.560370 12.532187 0.000000
13.024996 8.963138 12.974161 0.000000
12.782907 5.448353 12.432078 0.000000
13.016145 7.153949 12.726824 0.000000
12.765919 4.355262 12.383255 0.000000
12.932545 5.489495 12.586389 0.000000
12.069472 8.966137 12.758518 0.000000
11.149345 8.940262 13.551257 0.000000
11.955868 8.931354 13.921328 0.000000
11.667333 8.956777 13.037220 0.000000
13.121222 6.434853 12.806760 0.000000
14.118702 8.259862 13.884182 0.000000
12.442647 8.947968 13.402681 0.000000
11.699876 -9.493972 13.163225 0.000000
11.616485 -9.486572 12.771760 0.000000
11.066787 -9.499912 13.117021 0.000000
12.554541 -3.218196 11.915204 0.000000
12.466146 -2.404361 11.860468 0.000000
12.563793 -4.392944 11.878361 0.000000
12.560328 -4.805610 11.863576 0.000000
12.643226 -3.776549 11.983694 0.000000
12.412969 -4.334693 11.973646 0.000000
12.834220 -4.349601 12.459919 0.000000
12.719813 -4.856860 12.022836 0.000000
12.677336 -5.078351 11.972754 0.000000
12.436494 1.993905 11.979158 0.000000
12.471038 2.467807 12.024065 0.000000
10.740185 3.510373 13.604284 0.000000
11.067799 4.525731 13.983952 0.000000
10.751854 4.475841 13.669035 0.000000
10.602942 4.960901 13.538577 0.000000
15.045539 -8.005653 14.291492 0.000000
10.958567 -5.053038 13.544483 0.000000
10.983433 -4.618422 13.582012 0.000000
10.602689 -4.004965 13.200496 0.000000
10.502968 -3.616257 13.107177 0.000000
11.080089 -6.599508 13.634896 0.000000
15.616701 -6.165929 14.920750 0.000000
10.647824 -3.050083 13.265311 0.000000
10.713040 -2.575339 13.328793 0.000000
16.286589 8.164894 16.094276 0.000000
11.916044 8.271329 15.007427 0.000000
12.439692 8.884475 15.542728 0.000000
14.494474 -8.021889 13.726255 0.000000
13.801491 -6.928507 13.049826 0.000000
14.070562 -9.497163 13.544489 0.000000
11.040283 -8.471169 13.537992 0.000000
11.098517 -9.118885 13.577451 0.000000
12.629762 -4.366526 13.026396 0.000000
11.235444 -9.510128 13.601918 0.000000
10.945701 -6.262764 13.503545 0.000000
11.253827 8.926471 14.142998 0.000000
11.146533 7.402769 14.186891 0.000000
10.607215 6.429093 13.587209 0.000000
10.986806 6.961661 14.010268 0.000000
10.594151 5.616235 13.542080 0.000000
10.971707 -5.512084 13.552601 0.000000
11.476086 -7.555077 14.008788 0.000000
10.971416 -6.633847 13.519333 0.000000
10.601969 5.294394 13.551334 0.000000
11.452976 7.650560 14.508631 0.000000
11.986176 6.786445 15.027448 0.000000
12.494024 1.832004 12.034005 0.000000
12.470283 2.601797 12.031073 0.000000
12.420835 2.342708 11.971755 0.000000
12.430197 -3.380552 11.783706 0.000000
12.955416 -3.535146 12.406438 0.000000
12.499847 -2.645144 11.884607 0.000000
12.041718 -9.500183 13.312139 0.000000
11.994363 -4.348662 12.409904 0.000000
11.618506 -9.502810 13.303165 0.000000
11.117010 -9.503631 13.390963 0.000000
13.278521 -5.289674 12.574177 0.000000
12.965336 5.850287 12.628476 0.000000
12.990152 7.958663 12.726027 0.000000
16.685144 7.839756 16.483084 0.000000
15.744821 6.563012 15.492029 0.000000
14.062609 -9.488510 13.285184 0.000000
13.534991 -9.506737 13.711711 0.000000
10.596189 -7.993696 13.097098 0.000000
10.673781 -9.501623 13.073129 0.000000
10.622201 -9.361722 13.081735 0.000000
10.608035 -8.627603 13.089932 0.000000
10.838052 -8.032804 13.342470 0.000000
10.584224 -7.213477 13.105318 0.000000
10.571226 -6.771223 13.104996 0.000000
12.045786 -4.873228 12.220784 0.000000
11.528481 -9.463655 12.149108 0.000000
11.112660 -9.484015 12.541169 0.000000
10.789440 8.938372 13.576544 0.000000
11.191479 8.954080 13.043545 0.000000
11.585274 8.964333 12.732960 0.000000
13.335268 8.361657 13.093613 0.000000
14.117326 7.868708 13.882558 0.000000
10.991041 8.073281 14.053953 0.000000
10.974598 7.985651 14.035681 0.000000
10.501284 7.060192 13.509010 0.000000
11.499289 8.914992 14.517316 0.000000
10.636240 6.526094 13.631471 0.000000
10.738681 7.669755 13.772405 0.000000
13.676098 6.927613 13.401381 0.000000
10.513752 -5.428826 13.077734 0.000000
10.527300 -4.599046 13.113379 0.000000
10.512117 -5.743844 13.067221 0.000000
12.475899 6.501229 15.517788 0.000000
20.946444 0.206807 20.550472 0.000000
22.938208 -1.413579 22.536072 0.000000
10.842772 -0.057049 13.538795 0.000000
12.963995 -7.189136 15.550982 0.000000
14.483838 -9.588782 17.020103 0.000000
11.458451 -7.142903 14.007786 0.000000
11.974678 -8.067957 14.501484 0.000000
11.485956 6.654701 14.511182 0.000000
11.502090 5.724881 14.482719 0.000000
11.000603 5.393015 13.951410 0.000000
12.040255 -9.446537 11.613714 0.000000
11.520480 -9.445308 11.503939 0.000000
12.370536 -5.418225 11.644466 0.000000
12.376641 -3.930856 11.707943 0.000000
12.492242 -4.978932 11.787996 0.000000
12.411563 -8.229217 11.586642 0.000000
12.197518 8.986576 12.072680 0.000000
11.968742 8.986132 12.073019 0.000000
12.110068 8.629550 11.851970 0.000000
12.324278 6.289465 11.993587 0.000000
12.315606 3.574244 11.902309 0.000000
12.396467 4.766376 12.019405 0.000000
12.447956 7.355429 12.155446 0.000000
12.404362 3.018836 11.975929 0.000000
12.476317 3.781135 12.069891 0.000000
12.414564 2.838332 11.976510 0.000000
12.488915 3.271011 12.069455 0.000000
12.290774 -6.948975 11.506762 0.000000
12.153138 -9.437007 11.318490 0.000000
11.054975 -9.474834 12.230517 0.000000
12.257517 7.717299 11.977271 0.000000
12.190212 4.351612 11.799050 0.000000
12.491885 5.973129 12.155768 0.000000
12.422207 4.327163 12.028239 0.000000
12.785300 6.327066 12.466847 0.000000
11.363784 8.964087 12.732189 0.000000
12.257650 8.394989 11.996717 0.000000
12.397696 6.547868 12.080756 0.000000
12.505294 8.975658 12.444438 0.000000
12.560379 7.495094 12.270811 0.000000
12.912141 8.467484 12.664390 0.000000
10.951708 -9.494057 12.838988 0.000000
12.485068 -5.821000 11.749853 0.000000
14.284512 -8.388889 13.486534 0.000000
13.409996 -9.513775 13.917585 0.000000
10.990180 -7.908442 13.503946 0.000000
10.549726 -6.015726 13.104602 0.000000
11.446340 8.333394 14.531779 0.000000
12.751637 8.223889 12.487690 0.000000
12.478226 8.102766 12.212996 0.000000
10.506886 8.324009 13.560136 0.000000
10.489708 8.940397 13.544242 0.000000
10.749187 8.953866 13.040218 0.000000
11.916059 -4.877760 12.348009 0.000000
13.639544 -5.580243 12.929766 0.000000
13.565960 -7.012858 12.811023 0.000000
13.272443 -4.750758 12.590853 0.000000
10.540572 -9.479377 12.059826 0.000000
10.195320 -9.498673 12.639334 0.000000
10.516969 -8.949523 12.987198 0.000000
10.417015 -8.572882 12.894356 0.000000
10.080145 -7.600323 12.584228 0.000000
12.723631 5.542077 12.374436 0.000000
13.166128 7.826123 12.904552 0.000000
11.012469 8.970941 12.317451 0.000000
12.435576 7.653138 12.149743 0.000000
10.596657 8.960600 12.628075 0.000000
14.507437 8.929490 14.303971 0.000000
10.602498 3.795698 13.477520 0.000000
10.539385 3.072358 13.381492 0.000000
10.599234 4.011289 13.483691 0.000000
10.501032 5.329406 13.439625 0.000000
10.077968 5.533683 13.017784 0.000000
10.095116 6.630754 13.075171 0.000000
10.106801 6.183500 13.076805 0.000000
10.391032 7.447693 13.405562 0.000000
10.029726 8.370754 13.078670 0.000000
10.495953 7.717345 13.535060 0.000000
10.296432 8.946469 13.080198 0.000000
13.454896 5.714641 13.131566 0.000000
10.998785 -8.077038 13.512134 0.000000
14.357100 -7.964233 13.584229 0.000000
14.059790 -7.799753 13.287947 0.000000
11.644942 -9.437413 11.256791 0.000000
12.231275 -7.041214 11.444143 0.000000
11.165349 -9.454447 11.669291 0.000000
11.951458 8.883304 11.698069 0.000000
12.358511 4.670554 11.977526 0.000000
12.114089 7.179943 11.809157 0.000000
12.495183 5.040281 12.125978 0.000000
12.107773 5.220401 11.743166 0.000000
12.293015 6.676820 11.972708 0.000000
12.332028 -7.909239 11.522491 0.000000
12.005263 -9.461198 12.026754 0.000000
12.183858 -5.866714 11.440657 0.000000
11.497634 0.850619 14.229460 0.000000
12.179702 1.978251 15.018291 0.000000
11.881275 -1.514975 13.994713 0.000000
14.106387 7.308141 15.000894 0.000000
10.689114 2.026083 13.481360 0.000000
10.654044 2.633228 13.475882 0.000000
12.996211 -9.195102 15.518793 0.000000
15.255743 -6.957133 14.536093 0.000000
10.638517 1.995327 13.432216 0.000000
11.718697 1.446626 14.500964 0.000000
10.265069 4.074892 13.150989 0.000000
10.527545 4.734571 13.444587 0.000000
10.199045 4.557464 13.100989 0.000000
10.104115 5.184186 13.030252 0.000000
10.331776 7.698939 13.360843 0.000000
10.425991 8.950922 12.938663 0.000000
13.235031 8.451967 12.998038 0.000000
10.044255 -9.482417 12.036518 0.000000
10.208433 -8.173838 12.694384 0.000000
10.109139 -7.070034 12.629256 0.000000
10.264226 -6.843764 12.783388 0.000000
10.439056 -5.572985 13.004446 0.000000
10.114417 -6.452971 12.642103 0.000000
10.440466 -5.040387 13.013190 0.000000
14.480402 -8.812590 13.689936 0.000000
13.908696 -7.495780 13.136292 0.000000
13.606842 -6.120698 12.879757 0.000000
10.725039 1.228920 13.481010 0.000000
16.498150 8.871898 16.463379 0.000000
11.996052 5.945084 15.001037 0.000000
13.650190 8.371493 13.423370 0.000000
9.721302 8.384545 12.765400 0.000000
9.976526 8.549438 13.033047 0.000000
10.626609 -9.475619 11.949856 0.000000
10.133134 -9.478537 11.924212 0.000000
9.590972 -9.332866 12.030437 0.000000
10.490555 -6.803932 13.024617 0.000000
10.154759 -5.713428 12.704700 0.000000
10.446773 -4.549468 13.032685 0.000000
13.916869 -9.500925 13.470376 0.000000
14.133047 -9.500815 13.471613 0.000000
10.477860 -4.046836 13.072897 0.000000
11.085598 -9.433582 11.143833 0.000000
10.778384 8.970765 12.306578 0.000000
11.440265 8.981976 11.994460 0.000000
11.311809 9.017416 11.174591 0.000000
11.853373 6.411251 11.514609 0.000000
11.548276 9.008013 11.469823 0.000000
11.975832 7.397884 11.671241 0.000000
12.000622 5.517835 11.643861 0.000000
11.776474 9.005741 11.623228 0.000000
11.981114 7.893279 11.702908 0.000000
12.431027 6.152743 12.098400 0.000000
10.727525 8.981346 11.960023 0.000000
11.320137 9.005353 11.623103 0.000000
12.723403 7.565898 12.441189 0.000000
10.301033 8.970583 12.283224 0.000000
12.976329 -8.725169 15.515108 0.000000
10.988272 8.904655 14.086067 0.000000
10.500763 5.694897 13.453908 0.000000
10.185292 3.415023 13.037039 0.000000
11.993055 -8.800836 14.510341 0.000000
10.155025 3.635019 13.015882 0.000000
16.102766 7.526923 15.891394 0.000000
11.845539 8.492824 11.579383 0.000000
10.658137 -9.446867 11.378846 0.000000
10.495943 -7.245849 13.017211 0.000000
10.481398 -6.047817 13.036783 0.000000
10.187620 -5.104638 12.755268 0.000000
13.974394 -7.637650 13.197184 0.000000
13.238413 -5.958052 12.512561 0.000000
13.556151 -9.489182 13.041963 0.000000
9.544813 8.591284 12.593495 0.000000
13.867918 7.621619 13.609444 0.000000
13.276429 7.467314 13.011045 0.000000
9.743431 7.987086 12.768738 0.000000
10.308248 -4.553759 12.887155 0.000000
10.399075 -3.500229 13.011242 0.000000
11.495756 -8.100514 14.016218 0.000000
15.017835 -6.418849 14.303043 0.000000
15.988444 -0.761333 15.500522 0.000000
14.929029 7.240574 14.675570 0.000000
12.385358 -6.233142 11.634817 0.000000
12.200968 -8.372621 11.373105 0.000000
10.850967 9.017380 11.162634 0.000000
9.708417 8.989618 12.158559 0.000000
10.484235 8.981258 11.947376 0.000000
10.425239 9.009408 11.495578 0.000000
9.986679 8.981262 11.920113 0.000000
9.622970 -9.481679 11.895994 0.000000
9.781232 -8.015172 12.268438 0.000000
10.417594 -9.448082 11.378986 0.000000
9.723991 -8.690893 12.189805 0.000000
9.996735 -7.134016 12.513266 0.000000
9.702085 -7.932325 12.186895 0.000000
9.846250 -6.801190 12.359029 0.000000
13.591276 -6.968210 12.833607 0.000000
13.774970 -8.677864 12.965645 0.000000
10.387040 9.005409 11.617524 0.000000
10.623274 9.005293 11.619597 0.000000
10.498225 8.407954 13.563713 0.000000
10.006607 4.792085 12.918891 0.000000
10.465896 2.660587 13.288151 0.000000
10.484184 -3.265607 13.094230 0.000000
9.778447 6.244778 12.741362 0.000000
9.724948 6.736802 12.706045 0.000000
9.552369 7.359710 12.554434 0.000000
9.476184 8.429511 12.513170 0.000000
9.800691 -7.300959 12.297446 0.000000
13.134536 -4.310224 12.460759 0.000000
10.349894 -4.075078 12.946918 0.000000
13.062256 -6.260201 12.624116 0.000000
13.946601 -8.776084 13.143290 0.000000
9.736446 5.318025 12.665805 0.000000
9.825714 5.810061 12.772349 0.000000
10.013364 4.195315 12.898815 0.000000
9.997545 7.506635 13.019006 0.000000
9.285061 7.848176 12.300683 0.000000
9.174012 8.426566 12.206596 0.000000
9.175724 8.605830 12.217726 0.000000
9.206823 8.981688 11.873905 0.000000
12.972512 7.393775 12.689875 0.000000
9.886622 -6.357180 12.413417 0.000000
9.922441 -5.962301 12.461503 0.000000
10.026597 -8.727326 12.493974 0.000000
10.500876 6.101352 13.469976 0.000000
11.005822 6.184445 13.994251 0.000000
10.342194 -3.845052 12.938520 0.000000
9.480083 -9.194018 11.922004 0.000000
9.905962 9.005843 11.611934 0.000000
11.844146 6.953561 11.532148 0.000000
9.379240 7.195558 12.371845 0.000000
9.419367 -8.228905 11.887014 0.000000
9.673421 -9.452043 11.376668 0.000000
9.454682 -8.518411 11.914058 0.000000
9.703595 9.010183 11.473923 0.000000
11.681467 7.468929 11.383865 0.000000
25.850573 -1.335333 25.518820 0.000000
12.495825 -9.095617 15.007758 0.000000
10.465327 2.479961 13.279271 0.000000
11.973006 0.742431 13.975612 0.000000
21.965570 -1.375411 21.538671 0.000000
22.551023 0.527044 22.203928 0.000000
10.050482 3.934558 12.925480 0.000000
9.894717 4.315491 12.785191 0.000000
10.052719 5.397938 12.986766 0.000000
13.693725 -8.138492 12.897089 0.000000
13.348012 -9.489837 13.052581 0.000000
13.603767 -9.481056 12.790366 0.000000
10.972630 -7.114358 13.510072 0.000000
10.378201 -3.474755 12.984693 0.000000
10.423686 -2.998001 13.042770 0.000000
10.018250 5.792213 12.967492 0.000000
13.496032 -9.113405 16.021194 0.000000
9.983918 -5.280554 12.543647 0.000000
9.906672 -5.338800 12.470903 0.000000
9.970439 -4.519258 12.557815 0.000000
9.988287 -4.287584 12.581972 0.000000
13.604980 -7.896813 12.817225 0.000000
10.145311 3.263792 12.992752 0.000000
9.993251 4.790602 12.905248 0.000000
9.977998 3.785000 12.847142 0.000000
9.453224 5.904107 12.396563 0.000000
9.472366 6.116860 12.425317 0.000000
9.460787 6.630653 12.433204 0.000000
8.984249 7.809614 11.994555 0.000000
8.901768 8.393031 11.930404 0.000000
9.456242 9.010573 11.465628 0.000000
8.949021 9.011546 11.447334 0.000000
8.801001 9.001047 11.532520 0.000000
9.322544 9.000115 11.562628 0.000000
9.236512 -7.212626 11.732905 0.000000
9.301507 -6.701849 11.814678 0.000000
9.159143 -9.454928 11.372865 0.000000
8.939128 -8.595213 11.387954 0.000000
9.482059 -7.600627 11.970349 0.000000
12.499265 5.718569 15.503592 0.000000
10.485435 1.983293 13.275578 0.000000
9.491122 -6.325437 12.026416 0.000000
9.494215 -6.543922 12.023276 0.000000
8.974403 -9.269473 11.401076 0.000000
9.020166 -8.716980 11.468891 0.000000
8.936131 8.981936 11.856903 0.000000
9.954824 -5.603691 12.504845 0.000000
12.001575 5.510411 14.991405 0.000000
10.981072 7.072165 14.010016 0.000000
10.482935 -2.351080 13.118307 0.000000
9.893614 3.334508 12.740035 0.000000
9.993427 7.262645 13.005920 0.000000
15.845348 -9.407377 15.059730 0.000000
12.487864 -8.674581 15.017953 0.000000
23.513653 0.507302 24.021326 0.000000
9.443831 4.905157 12.350915 0.000000
9.387453 5.263308 12.307763 0.000000
8.943235 6.547574 11.903581 0.000000
8.754579 7.038964 11.729517 0.000000
8.990394 7.839526 12.002503 0.000000
9.905317 -4.464015 12.493399 0.000000
9.883481 -4.711680 12.464645 0.000000
8.759747 -8.493875 11.210467 0.000000
9.359277 -6.247003 11.887146 0.000000
9.410373 -5.844314 11.951036 0.000000
9.540741 4.287646 12.424562 0.000000
9.589787 4.772965 12.494390 0.000000
9.520733 5.477239 12.448689 0.000000
9.540248 5.671438 12.476923 0.000000
9.498140 -5.697937 12.041742 0.000000
9.501455 -8.325505 11.969033 0.000000
13.418802 -7.533155 12.641212 0.000000
9.439962 8.953211 12.500125 0.000000
11.017680 5.977557 13.999741 0.000000
15.015958 8.445848 14.820241 0.000000
10.307599 -2.721053 12.937435 0.000000
9.977392 -3.634837 12.587705 0.000000
9.977295 -6.841766 12.501036 0.000000
9.980933 -6.414847 12.515598 0.000000
13.074624 -4.687975 12.385419 0.000000
13.050512 -9.503503 13.454277 0.000000
10.024307 6.204275 12.990246 0.000000
10.108628 2.945415 12.942699 0.000000
10.494557 7.118265 13.510489 0.000000
10.000489 -8.187120 12.481524 0.000000
15.151942 -8.544086 14.366567 0.000000
12.522779 -9.492964 13.095833 0.000000
9.432199 -5.293939 11.991584 0.000000
8.856732 -7.820455 11.330359 0.000000
8.940887 -7.235311 11.434145 0.000000
8.973300 -6.677982 11.489570 0.000000
13.047569 -5.269156 12.336436 0.000000
13.477818 -7.154408 12.711200 0.000000
8.832650 6.497233 11.788757 0.000000
9.061674 5.639673 11.989504 0.000000
8.962501 5.594548 11.886584 0.000000
21.481409 0.115642 21.097197 0.000000
12.001939 -9.371790 14.490950 0.000000
12.627383 -9.504517 13.451095 0.000000
14.227216 -8.819746 13.414191 0.000000
13.390525 -9.481623 12.798462 0.000000
9.951010 2.948117 12.781462 0.000000
9.006089 6.065871 11.949295 0.000000
9.492265 4.428147 12.382893 0.000000
9.622082 3.766147 12.485736 0.000000
9.384017 3.892172 12.247674 0.000000
8.996559 8.995584 12.013955 0.000000
9.497828 -5.153076 12.059888 0.000000
9.279475 -4.867616 11.848384 0.000000
9.008234 -7.930882 11.479172 0.000000
9.878198 -3.971110 12.476944 0.000000
9.992375 -3.459258 12.607201 0.000000
13.499649 -0.605297 13.036733 0.000000
13.481203 -8.368212 12.675804 0.000000
9.017511 5.211137 11.927700 0.000000
9.066842 4.866908 11.964384 0.000000
10.184860 2.448181 12.997308 0.000000
13.655475 -9.499781 13.506186 0.000000
12.795434 -9.481147 12.808430 0.000000
9.725702 -3.326800 12.339664 0.000000
9.613418 3.497884 12.467005 0.000000
9.949428 2.435727 12.759746 0.000000
9.526859 6.509080 12.497304 0.000000
9.496994 -4.710835 12.073598 0.000000
9.386948 -4.106265 11.978317 0.000000
13.283823 -7.546613 12.499166 0.000000
9.995522 8.125640 13.040357 0.000000
9.517138 -7.851851 11.998442 0.000000
13.301166 -6.834675 12.545917 0.000000
13.278968 -8.813734 12.449715 0.000000
9.999545 6.963636 13.000252 0.000000
10.250987 -2.121126 12.894806 0.000000
12.737543 -3.530189 12.666320 0.000000
13.388285 -8.806527 12.566499 0.000000
13.216706 -6.106471 12.481353 0.000000
9.521360 -8.824272 11.976330 0.000000
13.176764 -9.466905 12.376840 0.000000
9.499510 7.317644 12.503465 0.000000
13.243746 -6.695224 12.487903 0.000000
9.982142 -2.808852 12.610261 0.000000
13.984763 -0.678833 13.503202 0.000000
10.452905 1.401711 13.216089 0.000000
11.024677 -1.505831 13.276243 0.000000
12.869725 -4.832010 12.845854 0.000000
12.879191 -5.220279 12.827491 0.000000
10.188062 1.832559 12.970642 0.000000
12.986473 -6.185574 12.701287 0.000000
12.667055 -5.307566 13.034566 0.000000
24.333340 0.503322 24.252844 0.000000
11.998861 -0.036336 14.690665 0.000000
10.495650 -1.902052 13.146263 0.000000
9.533012 6.129854 12.487288 0.000000
10.501421 6.553058 13.488008 0.000000
10.579408 -9.500397 12.976511 0.000000
10.508975 -8.305474 12.998773 0.000000
12.335947 -0.710747 14.998804 0.000000
16.504913 -1.071863 15.991988 0.000000
16.026678 -1.192055 15.493824 0.000000
23.376965 -0.067967 23.029217 0.000000
23.376274 -0.823425 23.001225 0.000000
12.338190 0.772180 15.069495 0.000000
12.468153 0.077745 15.170597 0.000000
14.491281 -0.665968 14.011453 0.000000
12.749043 0.179314 15.446979 0.000000
12.948691 0.776391 15.632792 0.000000
12.967852 0.223926 15.663228 0.000000
16.003000 -0.453528 15.497435 0.000000
13.140096 0.494801 15.849653 0.000000
13.460622 0.740821 16.178638 0.000000
17.812464 -1.467384 18.530848 0.000000
16.504538 -0.990693 15.998974 0.000000
17.501184 -0.671725 16.996429 0.000000
13.988811 0.735106 16.615074 0.000000
14.001364 -1.067041 16.657799 0.000000
13.952170 -0.533575 16.621765 0.000000
18.012676 -1.408574 17.490904 0.000000
14.488802 0.600562 17.206583 0.000000
18.564421 -1.498092 19.121769 0.000000
15.372622 0.680780 17.762074 0.000000
18.387466 -1.495105 19.076019 0.000000
18.507330 -1.436743 17.992289 0.000000
14.932514 -0.987167 17.598146 0.000000
14.893950 -0.019088 17.585918 0.000000
15.012050 -0.987180 17.680601 0.000000
