# .PCD v0.7 - Point Cloud Data file format
VERSION 0.7
FIELDS x y z intensity
SIZE 4 4 4 4
TYPE F F F F
COUNT 1 1 1 1
WIDTH 5551
HEIGHT 1
VIEWPOINT 0 0 0 1 0 0 0
POINTS 5551
DATA ascii
-0.195907 -1.710285 0.101212 0.000000
-0.368506 -1.798356 0.101946 0.000000
-0.511768 -1.439121 0.097014 0.000000
0.382439 -1.833788 0.102559 0.000000
0.417119 -1.808134 0.101979 0.000000
0.434868 -1.772127 0.101352 0.000000
0.688943 -1.580151 0.097808 0.000000
0.542536 -1.529648 0.097894 0.000000
0.382757 -1.788353 0.101841 0.000000
-0.181479 -1.980971 0.106162 0.000000
-0.951523 -1.160349 0.093504 0.000000
-0.794045 -1.315032 0.095036 0.000000
-1.167738 -0.728047 0.090794 0.000000
-1.295708 -0.581069 0.089972 0.000000
-1.153274 -0.956516 0.091857 0.000000
-0.798523 -1.140710 0.093810 0.000000
-1.405777 -0.235277 0.088636 0.000000
-1.754763 -0.085280 0.101090 0.000000
-0.957893 -1.320369 0.094502 0.000000
-0.960462 -0.962160 0.092353 0.000000
1.262396 -1.375591 0.093722 0.000000
1.663876 -1.064128 0.090931 0.000000
2.650522 -0.074300 0.198554 0.000000
2.475329 -0.076447 0.126946 0.000000
2.510677 -0.076072 0.234034 0.000000
2.065681 -0.747527 0.088935 0.000000
1.526806 -1.360721 0.092604 0.000000
1.639945 -0.968738 0.090643 0.000000
2.348542 -0.078089 0.155844 0.000000
2.088828 -0.568829 0.088420 0.000000
1.376941 -1.582076 0.094360 0.000000
1.423329 -1.026617 0.091466 0.000000
1.947277 -0.641775 0.088889 0.000000
2.171695 -0.107043 0.087191 0.000000
1.073241 -1.519225 0.095455 0.000000
1.741660 -0.755586 0.089662 0.000000
2.879758 -0.071507 0.367333 0.000000
3.029895 -0.069636 0.512836 0.000000
3.320884 -0.066377 0.120621 0.000000
3.213181 -0.067609 0.364035 0.000000
3.027524 -0.069750 0.366302 0.000000
2.850730 -0.071840 0.411952 0.000000
3.025588 -0.176715 0.008044 0.000000
2.802568 -0.072427 0.192490 0.000000
2.763207 -0.072926 0.364454 0.000000
2.085737 -0.990677 0.089558 0.000000
0.957435 -1.364149 0.094861 0.000000
1.165548 -1.146090 0.092804 0.000000
0.796597 -1.980226 0.101616 0.000000
0.633557 -1.629414 0.098582 0.000000
0.883584 -1.426132 0.095608 0.000000
0.979266 -1.173012 0.093533 0.000000
0.774813 -1.301729 0.095053 0.000000
1.094254 -1.297767 0.093913 0.000000
1.505429 -0.879903 0.090652 0.000000
1.820776 -0.285149 0.088133 0.000000
0.953951 -1.779897 0.098228 0.000000
1.362745 -1.008815 0.091557 0.000000
1.782086 -0.554160 0.088956 0.000000
1.585289 -0.745238 0.089972 0.000000
1.322244 -0.790844 0.090727 0.000000
1.317652 -0.975091 0.091529 0.000000
-4.979112 -0.046143 2.760923 0.000000
-4.535448 -0.050352 2.346712 0.000000
-4.505541 -0.051544 2.043315 0.000000
-4.452335 -0.052367 1.901607 0.000000
-4.569792 -0.052479 1.516199 0.000000
-4.860687 0.066268 2.558282 0.000000
-4.654847 -0.050093 2.168720 0.000000
-4.787900 -0.049944 1.890892 0.000000
-4.722979 -0.051078 1.620868 0.000000
-4.972248 -0.047167 2.443270 0.000000
-4.810342 -0.048634 2.301852 0.000000
-4.943744 -0.048571 2.006198 0.000000
-4.949330 -0.049035 1.803027 0.000000
-4.359176 -0.053982 1.582482 0.000000
-5.106787 -0.047187 2.128526 0.000000
-5.050801 -0.048235 1.850265 0.000000
-5.139753 -0.044725 2.916189 0.000000
-5.141487 -0.045693 2.593855 0.000000
-5.040349 -0.046954 2.370148 0.000000
-5.307986 -0.046078 2.064830 0.000000
-5.307777 -0.043300 3.081341 0.000000
-5.318248 -0.044213 2.754196 0.000000
-5.204780 -0.045570 2.505696 0.000000
-5.458258 -0.044378 2.397413 0.000000
-5.463023 -0.042504 3.076858 0.000000
-3.889816 -0.059283 1.073409 0.000000
-3.768289 -0.060599 0.998467 0.000000
-3.961476 -0.057249 1.608623 0.000000
-3.837052 -0.058647 1.514407 0.000000
-3.622077 -0.061330 1.291396 0.000000
-3.747738 -0.060430 1.167875 0.000000
-4.090324 -0.055838 1.708260 0.000000
-3.979004 -0.057895 1.320935 0.000000
-4.140065 -0.054482 1.997581 0.000000
-4.101014 -0.056605 1.403531 0.000000
-5.503623 -0.042726 2.925383 0.000000
-4.362077 -0.052984 1.925145 0.000000
-4.146110 -0.056606 1.235905 0.000000
-4.267139 -0.053115 2.107592 0.000000
-4.281752 -0.055244 1.324100 0.000000
-4.496052 -0.052650 1.679542 0.000000
-7.999854 -0.029609 4.503517 0.000000
-7.051948 -0.034168 3.691106 0.000000
-6.748495 -0.033162 4.601137 0.000000
-6.840324 -0.033704 4.241692 0.000000
-7.125572 -0.032931 4.158286 0.000000
-7.344294 -0.032663 3.938929 0.000000
-6.911466 -0.031925 4.906668 0.000000
-7.117511 -0.031875 4.654243 0.000000
-7.386066 -0.031599 4.400078 0.000000
-7.786860 -0.030964 4.097752 0.000000
-7.119967 -0.030950 5.064399 0.000000
-7.269372 -0.030996 4.849599 0.000000
-7.776745 -0.030013 4.619280 0.000000
-6.896632 -0.034080 3.989507 0.000000
-7.337194 -0.029364 5.512003 0.000000
-7.701646 -0.028856 5.307488 0.000000
-8.137844 -0.028055 5.154355 0.000000
-8.368246 -0.028066 4.825444 0.000000
-7.556136 -0.028287 5.758938 0.000000
-7.878497 -0.028183 5.423886 0.000000
-8.253901 -0.027642 5.224645 0.000000
-8.763530 -0.026451 5.222610 0.000000
-7.854933 -0.026816 6.140473 0.000000
-8.397373 -0.026064 5.915643 0.000000
-8.637550 -0.026059 5.622240 0.000000
-6.192289 -0.039047 3.049458 0.000000
-5.590770 -0.042958 2.666969 0.000000
-5.483297 -0.041870 3.257131 0.000000
-5.697901 -0.041235 3.108163 0.000000
-5.750895 -0.041347 2.968186 0.000000
-5.810654 -0.042407 2.406659 0.000000
-5.667703 -0.040432 3.444638 0.000000
-5.902240 -0.039738 3.303751 0.000000
-5.970838 -0.040526 2.864316 0.000000
-6.145787 -0.040044 2.706528 0.000000
-5.861386 -0.038989 3.644972 0.000000
-6.117599 -0.038236 3.513402 0.000000
-6.386057 -0.038514 2.897632 0.000000
-6.065046 -0.037541 3.859191 0.000000
-6.344810 -0.036730 3.738526 0.000000
-6.397815 -0.037765 3.212783 0.000000
-6.549942 -0.037432 3.069239 0.000000
-6.279878 -0.036088 4.088679 0.000000
-6.585134 -0.035220 3.980554 0.000000
-6.592077 -0.035996 3.638503 0.000000
-6.757522 -0.035935 3.374639 0.000000
-6.507348 -0.034628 4.335387 0.000000
-6.733489 -0.034238 4.170383 0.000000
-2.538419 -0.075280 0.458846 0.000000
-2.258498 -0.078803 0.523675 0.000000
-2.023107 -0.081944 0.213105 0.000000
-1.954477 -0.082812 0.183416 0.000000
-2.384110 -0.077288 0.381257 0.000000
-2.008070 -0.082008 0.095668 0.000000
-1.623228 -0.200208 0.088238 0.000000
-2.596899 -0.074231 0.700762 0.000000
-2.686179 -0.073033 0.751002 0.000000
-2.480472 -0.076068 0.299472 0.000000
-1.277747 -0.828487 0.090987 0.000000
-1.945713 -0.082991 0.379660 0.000000
-1.045649 -1.065922 0.092696 0.000000
-1.445309 -0.407863 0.089121 0.000000
-1.377146 -0.679646 0.090187 0.000000
-3.328312 -0.065311 0.903407 0.000000
-3.136644 -0.067652 0.788798 0.000000
-2.923314 -0.070505 0.518120 0.000000
-3.376836 -0.064107 1.184780 0.000000
-3.065433 -0.068040 0.979564 0.000000
-3.599814 -0.061405 1.340774 0.000000
-3.531489 -0.062903 1.029343 0.000000
-3.320730 -0.065695 0.734510 0.000000
-3.716580 -0.060032 1.425230 0.000000
-3.537373 -0.063182 0.859733 0.000000
-2.955137 -0.069924 0.683963 0.000000
-2.782589 -0.072123 0.588090 0.000000
-2.871103 -0.070575 0.859457 0.000000
3.323862 -0.066350 0.413534 0.000000
-3.166421 -0.066746 1.044434 0.000000
-2.772161 -0.072393 0.170272 0.000000
-1.666574 -0.866580 0.090228 0.000000
-1.273569 -1.241552 0.092921 0.000000
-1.159779 -1.724852 0.096338 0.000000
-0.934581 -1.777356 0.098191 0.000000
-2.156051 -0.717338 0.088723 0.000000
-1.487587 -1.388460 0.092850 0.000000
-1.079443 -1.567653 0.095680 0.000000
-1.778675 -1.024187 0.090483 0.000000
-1.342050 -1.491835 0.093969 0.000000
-0.759527 -1.977018 0.101694 0.000000
-1.807014 -0.998560 0.090323 0.000000
-2.920344 -0.070532 0.058199 0.000000
-1.589085 -1.172698 0.091573 0.000000
-1.871734 -1.113379 0.090522 0.000000
-3.094706 -0.068597 0.313455 0.000000
-0.582833 -2.147197 0.106164 0.000000
-0.498673 -1.995605 0.104335 0.000000
-3.670163 -0.062312 0.392253 0.000000
-3.350847 -0.065672 0.099005 0.000000
-3.836666 -0.060418 0.683659 0.000000
-3.791464 -0.061062 0.450031 0.000000
-3.552794 -0.063545 0.337277 0.000000
-3.463067 -0.079192 0.007359 0.000000
-3.917374 -0.059792 0.510893 0.000000
-4.014623 -0.058323 0.963292 0.000000
-4.183416 -0.057201 0.642621 0.000000
-3.982301 -0.059241 0.376784 0.000000
-4.271646 -0.056077 0.923428 0.000000
-4.592653 -0.053102 1.109770 0.000000
-4.324507 -0.055880 0.714107 0.000000
-3.119047 -0.068283 0.142608 0.000000
-2.009629 -0.842593 0.089363 0.000000
-3.329268 -0.065953 0.235252 0.000000
-3.280410 -0.066363 0.554023 0.000000
-2.936212 -0.399914 0.008733 0.000000
-3.447214 -0.064600 0.482698 0.000000
-3.628987 -0.062423 0.741892 0.000000
-0.371994 -2.365896 0.114760 0.000000
-0.143525 -2.292658 0.115399 0.000000
-0.202275 -2.177330 0.111051 0.000000
-0.182053 -2.187302 0.111502 0.000000
0.232340 -2.298121 0.115002 0.000000
0.367952 -2.141703 0.108837 0.000000
0.533575 -2.139932 0.106951 0.000000
-0.778662 -1.794706 0.099417 0.000000
-4.047839 -0.058505 0.574975 0.000000
5.008233 -0.049140 1.698229 0.000000
5.530427 -0.045329 1.904228 0.000000
7.070203 -0.037277 2.012342 0.000000
6.594994 -0.039547 1.936301 0.000000
5.828620 -0.043679 1.855148 0.000000
5.334338 -0.046456 1.940648 0.000000
6.728550 -0.038974 1.896723 0.000000
6.168931 -0.041974 1.757604 0.000000
5.793376 -0.043997 1.790831 0.000000
5.259467 -0.047515 1.666130 0.000000
6.559304 -0.040071 1.694064 0.000000
5.960570 -0.043330 1.621213 0.000000
5.442001 -0.046100 1.790789 0.000000
6.059739 -0.042137 2.003899 0.000000
6.102376 -0.042832 1.416985 0.000000
5.760355 -0.044689 1.492296 0.000000
5.381245 -0.046976 1.531132 0.000000
4.917491 -0.050322 1.439209 0.000000
5.890355 -0.044206 1.291163 0.000000
5.420325 -0.046679 1.557040 0.000000
5.084731 -0.048924 1.549168 0.000000
4.706888 -0.051795 1.482119 0.000000
5.794031 -0.044717 1.334800 0.000000
5.387106 -0.047381 1.257248 0.000000
4.834607 -0.051363 1.202737 0.000000
4.426182 -0.054423 1.287942 0.000000
6.844996 -0.037440 2.527943 0.000000
7.685464 -0.033256 3.084965 0.000000
6.932670 -0.036351 2.926756 0.000000
9.205699 -0.028176 3.448608 0.000000
8.327990 -0.031100 3.120018 0.000000
7.456793 -0.034287 2.953272 0.000000
6.753779 -0.037440 2.743287 0.000000
8.894619 -0.029460 3.096244 0.000000
7.946725 -0.032690 2.871267 0.000000
7.054489 -0.036374 2.637281 0.000000
6.503124 -0.038909 2.554346 0.000000
8.455939 -0.031101 2.826474 0.000000
7.596254 -0.034260 2.645806 0.000000
5.496243 -0.046925 1.062464 0.000000
6.045671 -0.041806 2.217344 0.000000
8.071876 -0.032639 2.603898 0.000000
7.399217 -0.035074 2.597488 0.000000
6.505185 -0.039443 2.259822 0.000000
5.879491 -0.042377 2.363279 0.000000
7.701552 -0.034139 2.461276 0.000000
6.865930 -0.037850 2.226519 0.000000
6.253784 -0.040972 2.091322 0.000000
5.733358 -0.043853 2.045244 0.000000
7.347976 -0.035875 2.189007 0.000000
6.621678 -0.039228 2.059858 0.000000
3.446153 -0.064898 0.572866 0.000000
3.933933 -0.059785 0.708256 0.000000
3.688169 -0.062062 0.814350 0.000000
4.028669 -0.059088 0.473248 0.000000
3.673639 -0.062379 0.693376 0.000000
3.558177 -0.063646 0.631534 0.000000
3.902174 -0.060335 0.407035 0.000000
3.943187 -0.059976 0.242084 0.000000
3.677265 -0.062465 0.579840 0.000000
4.069706 -0.058416 0.778603 0.000000
3.217043 -0.067368 0.623228 0.000000
3.717703 -0.062205 0.242627 0.000000
3.543640 -0.064006 0.226753 0.000000
4.485790 -0.054525 0.948382 0.000000
5.044020 -0.050048 1.048012 0.000000
4.603301 -0.053090 1.238205 0.000000
5.210366 -0.048923 1.002728 0.000000
4.950257 -0.050767 1.024167 0.000000
4.667896 -0.052807 1.106497 0.000000
4.293636 -0.055718 1.198787 0.000000
5.134047 -0.049626 0.858884 0.000000
4.727000 -0.052684 0.860905 0.000000
4.456377 -0.054447 1.146968 0.000000
4.057551 -0.057840 1.177401 0.000000
4.882260 -0.051372 0.951838 0.000000
8.688187 -0.029462 3.528839 0.000000
4.210580 -0.057034 0.853270 0.000000
4.700098 -0.053041 0.726980 0.000000
4.176406 -0.057150 0.978239 0.000000
3.802039 -0.060816 0.883695 0.000000
4.433467 -0.055275 0.693665 0.000000
4.293421 -0.056563 0.616082 0.000000
4.350872 -0.056175 0.442999 0.000000
-6.023983 -0.042037 2.029650 0.000000
-5.537668 -0.045431 1.696893 0.000000
-5.509536 -0.046184 1.350438 0.000000
-5.299131 -0.048006 1.026486 0.000000
-5.706865 -0.043712 2.065974 0.000000
-5.665434 -0.044690 1.679649 0.000000
-5.715456 -0.044739 1.466539 0.000000
-5.815312 -0.043162 2.036064 0.000000
-5.990338 -0.042281 1.995197 0.000000
-5.922957 -0.043315 1.605515 0.000000
-5.716754 -0.045041 1.247830 0.000000
-6.159058 -0.040648 2.388640 0.000000
-5.498965 -0.045228 1.921054 0.000000
-6.164325 -0.041806 1.724299 0.000000
-6.184686 -0.042019 1.502539 0.000000
-6.268360 -0.039891 2.498675 0.000000
-6.237174 -0.040691 2.161940 0.000000
-6.209327 -0.041339 1.869001 0.000000
-6.324789 -0.040914 1.759350 0.000000
-6.526924 -0.038306 2.692176 0.000000
-6.499491 -0.039092 2.341885 0.000000
-6.471421 -0.039749 2.036486 0.000000
-6.409741 -0.040320 1.867676 0.000000
-6.948786 -0.035980 2.972979 0.000000
-5.131538 -0.048536 1.438049 0.000000
-4.452390 -0.054466 0.969573 0.000000
-4.269654 -0.056534 0.511281 0.000000
-4.602283 -0.052636 1.324349 0.000000
-4.641394 -0.052670 1.136660 0.000000
-4.471549 -0.054541 0.789607 0.000000
-4.943375 -0.050071 1.321396 0.000000
-4.624794 -0.053188 0.869574 0.000000
-6.807074 -0.037292 2.577035 0.000000
-4.953196 -0.050432 1.044245 0.000000
-5.301703 -0.046734 1.785620 0.000000
-5.094618 -0.048967 1.337415 0.000000
-5.129390 -0.049031 1.139955 0.000000
-4.923024 -0.050913 0.832835 0.000000
-5.329325 -0.046989 1.562999 0.000000
-5.314453 -0.047615 1.241818 0.000000
8.519222 -0.029195 4.021717 0.000000
-9.167131 -0.027920 3.561653 0.000000
-9.148826 -0.026379 4.702455 0.000000
-9.264551 -0.026782 4.230301 0.000000
-9.474677 -0.026346 4.186995 0.000000
-9.663604 -0.026302 3.878145 0.000000
-9.414034 -0.025339 5.010897 0.000000
-9.667145 -0.025213 4.711767 0.000000
-9.864460 -0.023827 5.432632 0.000000
9.654955 -0.025047 5.000859 0.000000
9.369574 -0.026223 4.602820 0.000000
8.978922 -0.027613 4.278685 0.000000
9.751511 -0.025345 4.632167 0.000000
-8.948717 -0.028278 3.720715 0.000000
9.264490 -0.026951 4.258185 0.000000
8.013184 -0.031154 3.713157 0.000000
8.821729 -0.028535 3.922632 0.000000
7.679697 -0.032649 3.459402 0.000000
9.674941 -0.026307 4.021628 0.000000
8.411375 -0.030123 3.615871 0.000000
7.525574 -0.033295 3.387894 0.000000
9.185682 -0.027915 3.690419 0.000000
8.034752 -0.031693 3.338506 0.000000
7.076540 -0.035627 3.009133 0.000000
9.905658 -0.026134 3.730177 0.000000
-7.719642 -0.033267 2.865347 0.000000
-6.963677 -0.037185 2.233624 0.000000
-6.951528 -0.037305 2.189377 0.000000
-7.096371 -0.035112 3.128533 0.000000
-7.078207 -0.035867 2.748104 0.000000
-7.050593 -0.036532 2.415391 0.000000
-7.079045 -0.036657 2.257473 0.000000
-7.249061 -0.034404 3.201175 0.000000
-7.399303 -0.034241 2.978175 0.000000
-7.543015 -0.034132 2.715231 0.000000
-7.575156 -0.034234 2.567545 0.000000
-7.621440 -0.032483 3.545035 0.000000
-7.744760 -0.032606 3.229339 0.000000
-9.198533 -0.024843 5.642238 0.000000
-7.924464 -0.032678 2.782390 0.000000
-7.918798 -0.031226 3.720092 0.000000
-8.117859 -0.030963 3.504205 0.000000
-8.094753 -0.031618 3.123011 0.000000
-8.376087 -0.031151 2.814803 0.000000
-8.294748 -0.029621 4.016692 0.000000
-8.337466 -0.030033 3.679386 0.000000
-8.565570 -0.029548 3.564275 0.000000
-8.780282 -0.029598 3.075211 0.000000
-8.703186 -0.028006 4.342612 0.000000
-8.782462 -0.028248 4.048303 0.000000
-2.867879 -0.069581 1.206900 0.000000
-2.787337 -0.070709 1.149323 0.000000
-2.548137 -0.074565 0.824934 0.000000
-2.708603 -0.069515 1.619616 0.000000
-2.637001 -0.070621 1.557207 0.000000
-2.663506 -0.071273 1.362867 0.000000
-2.855652 -0.067265 1.752735 0.000000
-2.905446 -0.067714 1.557254 0.000000
-2.976012 -0.068716 1.098617 0.000000
-2.832027 -0.066124 1.998988 0.000000
-3.087040 -0.063800 1.975084 0.000000
-3.162813 -0.064033 1.780928 0.000000
-3.044172 -0.066314 1.542775 0.000000
-2.435101 -0.074689 1.193677 0.000000
-2.289466 -0.076879 1.093277 0.000000
-2.079899 -0.080020 0.959325 0.000000
-2.162610 -0.079926 0.608282 0.000000
-2.362509 -0.074901 1.332193 0.000000
-2.267938 -0.077639 0.964855 0.000000
-2.312418 -0.077845 0.688919 0.000000
-2.509869 -0.073567 1.247498 0.000000
-3.121188 -0.066100 1.395591 0.000000
-2.566674 -0.071713 1.497359 0.000000
-3.906542 -0.053250 2.732018 0.000000
-3.632499 -0.057675 2.232362 0.000000
-3.750305 -0.056990 2.166622 0.000000
-3.795115 -0.057493 1.951944 0.000000
-3.780966 -0.054140 2.734188 0.000000
-3.804952 0.022381 2.558249 0.000000
-3.903104 -0.056214 2.047873 0.000000
-3.658870 -0.053797 2.973069 0.000000
-3.943665 -0.053757 2.560961 0.000000
-3.954507 -0.054533 2.362270 0.000000
-3.487350 -0.057064 2.592209 0.000000
-4.244632 0.078955 2.560732 0.000000
-4.130131 -0.053622 2.254919 0.000000
-3.938163 -0.050906 3.179401 0.000000
-4.172805 -0.052030 2.578306 0.000000
-4.249563 -0.052310 2.366795 0.000000
-4.165644 -0.051113 2.809210 0.000000
-4.287783 -0.050763 2.694934 0.000000
-4.535446 0.058059 2.562088 0.000000
-4.181386 -0.049147 3.232947 0.000000
-3.332844 -0.060242 2.228344 0.000000
-3.167233 -0.062624 2.055821 0.000000
-3.249170 -0.061437 2.140165 0.000000
-3.344068 -0.061519 1.948625 0.000000
-3.291085 -0.062916 1.751092 0.000000
-3.300716 -0.063707 1.536368 0.000000
-3.466881 -0.060584 1.906029 0.000000
-3.588780 -0.060016 1.773697 0.000000
-3.418334 -0.059037 2.320562 0.000000
-3.534001 -0.058965 2.133176 0.000000
-3.511161 0.035227 2.556687 0.000000
-1.255268 -0.121288 0.559824 0.000000
-1.097590 -0.123240 0.267016 0.000000
-0.844385 -0.125774 0.265566 0.000000
-1.375001 -0.120063 0.368164 0.000000
-1.569016 -0.087666 0.557143 0.000000
-1.429112 -0.119058 0.628408 0.000000
-0.759272 -0.126214 0.100660 0.000000
-0.795964 -0.126190 0.250556 0.000000
-1.198585 -0.121978 0.539494 0.000000
-2.148601 -0.078993 1.001919 0.000000
-1.945527 -0.082011 0.880010 0.000000
-1.962848 -0.082134 0.772940 0.000000
-1.745566 -0.085470 0.525416 0.000000
-1.947484 -0.082880 0.500689 0.000000
-1.404394 -0.119687 0.280784 0.000000
-1.751223 -0.084832 0.774599 0.000000
-4.077253 -0.050403 3.099113 0.000000
5.408020 -0.039623 4.140469 0.000000
5.857178 -0.036314 4.633176 0.000000
5.354281 -0.039437 4.262488 0.000000
4.558116 -0.043585 4.093101 0.000000
6.714625 -0.032670 4.924819 0.000000
5.976983 -0.036448 4.440448 0.000000
5.057322 -0.041099 4.149539 0.000000
4.468072 -0.044652 3.944319 0.000000
6.503788 -0.034009 4.660460 0.000000
5.695713 -0.037665 4.388318 0.000000
4.972628 -0.041848 4.049185 0.000000
4.293663 -0.046778 3.665699 0.000000
6.260570 -0.035042 4.580173 0.000000
6.899827 -0.031108 5.342187 0.000000
4.856767 -0.043025 3.881287 0.000000
4.208463 -0.047846 3.534154 0.000000
6.015075 -0.036766 4.280337 0.000000
5.285872 -0.040739 3.966192 0.000000
4.743905 -0.044201 3.721307 0.000000
4.124830 -0.048913 3.407820 0.000000
5.807147 -0.038768 3.876012 0.000000
5.050762 -0.042980 3.639859 0.000000
4.634763 -0.045368 3.569941 0.000000
4.042568 -0.049979 3.286449 0.000000
5.635535 -0.040105 3.677789 0.000000
5.015445 -0.043453 3.556846 0.000000
7.432387 -0.027821 6.196069 0.000000
8.418484 -0.023511 7.397777 0.000000
7.196233 -0.027456 6.595779 0.000000
6.017168 -0.032527 5.739118 0.000000
5.214248 -0.036907 5.142722 0.000000
8.095071 -0.025120 6.845429 0.000000
6.947733 -0.029158 6.104452 0.000000
5.873122 -0.033685 5.487333 0.000000
5.034391 -0.038281 4.936857 0.000000
7.810747 -0.026465 6.451443 0.000000
6.750682 -0.029986 5.962701 0.000000
5.728304 -0.035122 5.164915 0.000000
4.934993 -0.039343 4.752660 0.000000
4.527315 -0.046545 3.424396 0.000000
6.519650 -0.031727 5.518734 0.000000
5.797385 -0.035743 4.889838 0.000000
4.838441 -0.040396 4.577755 0.000000
7.200217 -0.029101 5.865244 0.000000
6.222465 -0.032954 5.380703 0.000000
5.447784 -0.037507 4.726662 0.000000
4.649176 -0.042527 4.246983 0.000000
7.044116 -0.030509 5.428426 0.000000
6.075897 -0.034061 5.147901 0.000000
5.212306 -0.039509 4.409145 0.000000
4.604304 -0.043708 4.011824 0.000000
4.252214 -0.052775 2.311037 0.000000
4.705114 -0.047958 2.788417 0.000000
4.314057 -0.050834 2.697424 0.000000
3.842726 -0.054710 2.575610 0.000000
3.504897 -0.057387 2.557676 0.000000
4.472400 -0.050374 2.538381 0.000000
4.124212 -0.053071 2.474976 0.000000
3.904391 0.063367 2.558577 0.000000
3.578341 0.066632 2.556847 0.000000
4.218163 -0.051954 2.583862 0.000000
3.654708 -0.056063 2.589556 0.000000
3.291755 -0.060520 2.299456 0.000000
3.577959 -0.056337 2.650185 0.000000
3.941746 -0.055303 2.269372 0.000000
3.579452 -0.058160 2.285143 0.000000
4.042701 -0.055164 2.103036 0.000000
3.665703 -0.057012 2.378014 0.000000
3.044245 -0.062409 2.344414 0.000000
3.942267 -0.056347 2.006325 0.000000
3.765290 -0.057536 2.078366 0.000000
3.332030 -0.061551 2.030598 0.000000
3.087807 -0.063608 2.068503 0.000000
3.727733 -0.054227 2.846083 0.000000
3.902294 -0.050918 3.270968 0.000000
5.494341 -0.040658 3.705349 0.000000
4.938490 -0.044094 3.488214 0.000000
4.309421 -0.048298 3.304857 0.000000
3.882535 -0.052107 3.057661 0.000000
5.351696 -0.041881 3.532013 0.000000
4.720759 -0.046339 3.202293 0.000000
4.220502 -0.050060 3.027213 0.000000
5.081328 -0.044312 3.212557 0.000000
4.615105 -0.047468 3.067483 0.000000
4.116889 -0.050609 3.052318 0.000000
5.238751 -0.036174 5.329095 0.000000
5.085647 -0.044414 3.175536 0.000000
4.512863 -0.048587 2.939474 0.000000
4.122503 -0.051232 2.906168 0.000000
4.826628 -0.046746 2.922841 0.000000
4.027481 -0.052391 2.791338 0.000000
3.933718 -0.053557 2.680672 0.000000
-5.988384 -0.036538 4.326127 0.000000
-5.391110 -0.041493 3.525608 0.000000
-4.625520 -0.041875 4.383299 0.000000
-4.873693 -0.041540 4.193933 0.000000
-5.396858 -0.040250 3.903179 0.000000
-5.563694 -0.040107 3.713245 0.000000
-4.738766 -0.040657 4.566690 0.000000
-5.002606 -0.040261 4.386216 0.000000
-5.201719 -0.040403 4.111440 0.000000
-5.784128 -0.038063 4.077106 0.000000
-4.855801 -0.039436 4.759923 0.000000
-5.135174 -0.038988 4.587967 0.000000
-5.590718 -0.038028 4.340750 0.000000
-5.180453 -0.041868 3.716770 0.000000
-4.976660 -0.038213 4.963665 0.000000
-5.371379 -0.037587 4.731387 0.000000
-5.737981 -0.036813 4.549229 0.000000
-6.169750 -0.035225 4.558654 0.000000
-5.101821 -0.036988 5.178774 0.000000
-5.520353 -0.036278 4.964819 0.000000
-5.981483 -0.035185 4.803280 0.000000
-6.350910 -0.034479 4.602849 0.000000
-5.058981 -0.036423 5.376009 0.000000
-5.415729 -0.036429 5.028797 0.000000
-6.050829 -0.034376 5.002815 0.000000
-4.650451 -0.045776 3.389913 0.000000
-4.281406 -0.049785 2.943130 0.000000
-4.501582 -0.049659 2.609219 0.000000
-4.379120 -0.048716 3.052276 0.000000
-4.531411 -0.048195 2.947525 0.000000
-4.398668 -0.046622 3.521252 0.000000
-4.288464 -0.047887 3.373440 0.000000
-4.400665 -0.048452 3.084297 0.000000
-4.773525 -0.046971 2.879830 0.000000
-4.206344 -0.046702 3.737242 0.000000
-4.574742 -0.045443 3.575525 0.000000
-6.575814 -0.033058 4.866344 0.000000
-4.918147 -0.045613 3.027203 0.000000
-4.306536 -0.045501 3.886907 0.000000
-4.697515 -0.044133 3.743103 0.000000
-4.926690 -0.044093 3.444122 0.000000
-5.152087 -0.043438 3.293925 0.000000
-4.439475 -0.044684 3.921346 0.000000
-5.082121 -0.042937 3.546090 0.000000
-4.409603 -0.044297 4.044129 0.000000
-4.823949 -0.042823 3.919777 0.000000
7.171957 -0.026109 7.219793 0.000000
-6.729529 -0.027204 7.052562 0.000000
-7.434440 -0.025256 7.308760 0.000000
-8.274931 -0.023174 7.618790 0.000000
-6.171198 -0.027749 7.283935 0.000000
-6.930819 -0.025927 7.431554 0.000000
-6.362953 -0.026325 7.703937 0.000000
6.685135 -0.026054 7.637209 0.000000
6.412108 -0.026928 7.482861 0.000000
6.525685 -0.027708 7.080298 0.000000
6.372272 -0.028831 6.765919 0.000000
7.234854 -0.025434 7.472728 0.000000
6.162459 -0.029829 6.568035 0.000000
-6.024961 -0.028942 6.949298 0.000000
5.837450 -0.031359 6.302523 0.000000
6.980206 -0.027280 6.871259 0.000000
5.777265 -0.032818 5.866064 0.000000
7.973799 -0.023939 7.569754 0.000000
6.626796 -0.029079 6.445072 0.000000
5.688186 -0.033849 5.613341 0.000000
7.691737 -0.025257 7.159263 0.000000
6.545121 -0.029420 6.385589 0.000000
5.452157 -0.034689 5.570698 0.000000
7.356523 -0.026903 6.692366 0.000000
6.265730 -0.031503 5.862229 0.000000
-5.650628 -0.032068 6.171515 0.000000
-5.231344 -0.035761 5.406050 0.000000
-5.673463 -0.034980 5.210434 0.000000
-6.014215 -0.033680 5.284109 0.000000
-6.771110 -0.031254 5.355502 0.000000
-5.474153 -0.033789 5.776532 0.000000
-5.876571 -0.032599 5.791547 0.000000
-6.368231 -0.031465 5.710179 0.000000
-6.802624 -0.030549 5.608239 0.000000
-5.505506 -0.033300 5.901342 0.000000
-6.199054 -0.031392 5.905588 0.000000
-6.404135 -0.030789 5.928568 0.000000
-7.058636 -0.029114 5.934704 0.000000
-0.571998 -0.127690 0.129543 0.000000
-6.225075 -0.030545 6.189782 0.000000
-6.608974 -0.029448 6.249079 0.000000
-7.473029 -0.027265 6.330844 0.000000
-5.639641 -0.031092 6.503407 0.000000
-6.379224 -0.029408 6.477153 0.000000
-6.945221 -0.028288 6.401924 0.000000
-7.624092 -0.026228 6.670027 0.000000
-5.960853 -0.029586 6.766269 0.000000
-6.591962 -0.028060 6.819714 0.000000
-7.213776 -0.026481 6.940251 0.000000
-7.940741 -0.024764 7.089324 0.000000
3.048516 -0.067825 1.235850 0.000000
3.297070 -0.064474 1.433383 0.000000
3.900783 -0.058954 1.312330 0.000000
3.706733 -0.060582 1.382694 0.000000
3.430754 -0.063351 1.364486 0.000000
3.212592 -0.065601 1.364713 0.000000
3.831829 -0.060277 1.019737 0.000000
3.691893 -0.061341 1.155181 0.000000
3.492525 -0.063695 1.011124 0.000000
3.471450 -0.062190 1.579819 0.000000
3.290056 -0.065607 1.102602 0.000000
3.513994 -0.063866 0.808424 0.000000
3.066503 -0.068050 1.104511 0.000000
2.981094 -0.069185 1.047153 0.000000
3.209465 -0.067153 0.817080 0.000000
3.939411 -0.057235 1.767057 0.000000
4.304493 -0.054016 1.829507 0.000000
3.843526 -0.057531 1.913137 0.000000
4.962909 -0.049060 1.867007 0.000000
4.436077 -0.052677 1.934395 0.000000
4.049594 -0.055985 1.859996 0.000000
4.683300 -0.051600 1.644972 0.000000
4.352578 -0.054090 1.672764 0.000000
4.054148 -0.056671 1.636224 0.000000
3.653606 -0.059872 1.739486 0.000000
4.473454 -0.052859 1.773813 0.000000
4.235157 -0.055313 1.576526 0.000000
4.120268 -0.056539 1.484041 0.000000
3.934777 -0.057985 1.547183 0.000000
3.727965 -0.059709 1.594300 0.000000
4.175410 -0.056606 1.262137 0.000000
2.239090 -0.079191 0.688414 0.000000
2.501651 -0.075714 0.751797 0.000000
2.343324 -0.077511 0.830747 0.000000
2.529282 -0.075831 0.405013 0.000000
2.210698 -0.079730 0.595639 0.000000
2.021182 -0.082141 0.623161 0.000000
2.221179 -0.079794 0.245347 0.000000
2.141052 -0.080687 0.560944 0.000000
2.146847 -0.080738 0.209441 0.000000
2.942955 -0.070508 0.646222 0.000000
3.005422 -0.069228 0.927411 0.000000
2.828053 -0.071549 0.825274 0.000000
2.753406 -0.071528 1.135853 0.000000
3.030161 -0.069401 0.700860 0.000000
2.662892 -0.073193 0.956358 0.000000
4.725835 -0.050388 1.990538 0.000000
2.589379 -0.074232 0.906857 0.000000
2.658445 -0.073804 0.732846 0.000000
2.717619 -0.073448 0.448424 0.000000
6.119131 -0.037125 4.008311 0.000000
9.374951 -0.023784 6.227349 0.000000
7.805930 -0.028913 5.241585 0.000000
6.851666 -0.032574 4.790272 0.000000
8.977799 -0.025223 5.807264 0.000000
7.768771 -0.029176 5.157508 0.000000
6.544083 -0.034532 4.401432 0.000000
8.507244 -0.026878 5.429745 0.000000
7.242887 -0.031763 4.620956 0.000000
6.397729 -0.035563 4.200144 0.000000
9.598557 -0.024224 5.655130 0.000000
8.172384 -0.028419 5.014088 0.000000
7.194689 -0.032074 4.545550 0.000000
7.033086 -0.031779 4.894596 0.000000
9.186373 -0.025648 5.264561 0.000000
7.971701 -0.029636 4.638315 0.000000
6.985676 -0.033182 4.345173 0.000000
8.697717 -0.027376 4.871192 0.000000
7.521981 -0.031272 4.456863 0.000000
6.447464 -0.035566 4.128415 0.000000
8.261989 -0.028866 4.636817 0.000000
7.244084 -0.033061 4.006545 0.000000
6.292294 -0.037428 3.627526 0.000000
8.948003 -0.023221 7.045070 0.000000
-8.177074 -0.025329 6.558579 0.000000
-8.781345 -0.024524 6.345999 0.000000
-9.136235 -0.024043 6.225630 0.000000
-9.696589 -0.023322 6.010411 0.000000
-8.459928 -0.024027 6.971903 0.000000
-8.977215 -0.023571 6.694145 0.000000
-9.578455 -0.022501 6.704164 0.000000
-8.701001 -0.022872 7.388477 0.000000
-9.391508 -0.021945 7.266412 0.000000
-9.056815 -0.021863 7.647304 0.000000
-9.875778 -0.020443 7.772373 0.000000
9.352511 -0.021787 7.522149 0.000000
5.693002 -0.040490 3.459560 0.000000
8.414563 -0.024622 6.789828 0.000000
9.859114 -0.021173 7.419617 0.000000
8.116131 -0.025949 6.392364 0.000000
9.375745 -0.022608 6.977964 0.000000
7.821536 -0.027638 5.859173 0.000000
8.838926 -0.024505 6.401788 0.000000
7.544033 -0.029018 5.513507 0.000000
8.510148 -0.025836 6.013608 0.000000
7.317374 -0.029925 5.363799 0.000000
9.772139 -0.022480 6.627147 0.000000
8.273542 -0.026951 5.681380 0.000000
5.135459 -0.046651 2.358030 0.000000
5.744230 -0.042500 2.619038 0.000000
5.090467 -0.045915 2.702255 0.000000
6.147657 -0.040397 2.646066 0.000000
5.566792 -0.043840 2.465472 0.000000
4.812345 -0.048197 2.519928 0.000000
4.525159 -0.050906 2.283091 0.000000
5.754078 -0.042653 2.534207 0.000000
5.280553 -0.045407 2.492746 0.000000
4.671669 -0.049544 2.389848 0.000000
5.418814 -0.045232 2.244920 0.000000
6.368700 -0.038970 2.825907 0.000000
4.280672 -0.053454 2.061175 0.000000
5.396553 -0.045176 2.320843 0.000000
4.857778 -0.049148 2.106824 0.000000
4.573220 -0.051319 2.046192 0.000000
5.261024 -0.046514 2.112028 0.000000
4.715394 -0.049955 2.164528 0.000000
5.109190 -0.047790 1.986223 0.000000
6.994055 -0.035073 3.455845 0.000000
7.995756 -0.030312 4.230158 0.000000
6.974425 -0.034268 3.872086 0.000000
6.083514 -0.038840 3.419571 0.000000
5.527003 -0.041806 3.281391 0.000000
7.432991 -0.032255 4.101354 0.000000
6.719240 -0.035719 3.637923 0.000000
5.884573 -0.040250 3.225044 0.000000
5.368523 -0.043110 3.114566 0.000000
7.386117 -0.033216 3.689078 0.000000
6.567947 -0.036641 3.491401 0.000000
5.600280 -0.041403 3.296651 0.000000
5.066643 -0.045731 2.805734 0.000000
6.383388 -0.037972 3.244505 0.000000
5.428958 -0.042778 3.121012 0.000000
6.724714 -0.036587 3.230011 0.000000
6.169196 -0.039373 3.050549 0.000000
5.514126 -0.043050 2.873170 0.000000
4.924855 -0.047026 2.664826 0.000000
6.471215 -0.038095 3.020927 0.000000
5.965247 -0.040771 2.869107 0.000000
5.341229 -0.044440 2.713797 0.000000
4.654357 -0.049614 2.403924 0.000000
-0.131633 -0.458990 0.090729 0.000000
0.087491 -0.634698 0.091631 0.000000
0.079404 -0.505324 0.090964 0.000000
0.265212 -0.368313 0.090267 0.000000
0.416199 0.906273 0.008140 0.000000
0.033141 -0.376801 0.090360 0.000000
0.336114 0.812248 0.008427 0.000000
0.260218 0.733623 0.008675 0.000000
0.160038 -0.173075 0.089478 0.000000
-0.013060 -0.361326 0.090291 0.000000
0.017586 0.687572 0.008844 0.000000
-0.010092 -0.198443 0.089597 0.000000
-0.261617 -0.187219 0.089510 0.000000
0.695154 1.301562 0.007050 0.000000
0.715630 -0.126807 0.101811 0.000000
0.374368 -0.621531 0.091425 0.000000
0.431410 -0.555231 0.091045 0.000000
0.451507 -0.179253 0.089388 0.000000
0.320368 -0.509926 0.090899 0.000000
0.206834 -0.189527 0.089532 0.000000
0.694531 1.127016 0.007470 0.000000
0.501768 1.017061 0.007816 0.000000
-0.741656 1.056684 0.007656 0.000000
-0.247560 0.971429 0.008006 0.000000
-0.801890 1.695489 0.006197 0.000000
-0.716772 1.248253 0.007196 0.000000
-0.561140 0.812589 0.008376 0.000000
-0.695324 1.560863 0.006502 0.000000
-0.401151 1.190029 0.007416 0.000000
-0.835921 1.535727 0.006518 0.000000
-0.327284 0.690992 0.008800 0.000000
-0.045135 0.743002 0.008675 0.000000
1.207867 -0.122258 0.182993 0.000000
1.614084 -0.087521 0.145468 0.000000
1.601994 -0.087820 0.367137 0.000000
1.422867 -0.119831 0.273269 0.000000
1.437715 -0.119619 0.455665 0.000000
1.478369 -0.118938 0.109472 0.000000
1.712745 -0.086370 0.451339 0.000000
1.228848 -0.122096 0.241475 0.000000
1.300122 -0.251089 0.088795 0.000000
1.834420 -0.084735 0.515990 0.000000
1.871199 -0.083646 0.792352 0.000000
1.841509 -0.084756 0.365369 0.000000
1.182695 -0.391107 0.089439 0.000000
0.958091 -0.124820 0.151909 0.000000
0.905737 -0.125467 0.245686 0.000000
0.744452 -0.700645 0.091413 0.000000
0.632544 -0.288715 0.089693 0.000000
0.574909 -0.796704 0.092168 0.000000
0.559252 -0.390767 0.090180 0.000000
1.058959 -0.123863 0.180562 0.000000
1.079463 -0.512058 0.090053 0.000000
1.180607 -0.122609 0.216478 0.000000
0.957854 -0.534102 0.090329 0.000000
0.600626 -0.470529 0.090494 0.000000
1.648891 -2.245544 0.095895 0.000000
2.986037 -1.813799 0.011264 0.000000
3.402801 -1.489664 0.009560 0.000000
1.583400 -2.433335 0.023631 0.000000
2.129222 -2.177481 0.092699 0.000000
3.102284 -1.727135 0.010751 0.000000
1.493046 -2.285425 0.097346 0.000000
1.885761 -2.232717 0.094218 0.000000
2.753833 -1.801932 0.012056 0.000000
1.307857 -2.496218 0.025321 0.000000
1.801053 -2.166678 0.094546 0.000000
1.768370 -2.143126 0.094676 0.000000
1.271459 -2.371686 0.100069 0.000000
1.007647 -2.488980 0.030575 0.000000
3.635811 -1.926811 0.009551 0.000000
7.578890 -1.094702 0.004006 0.000000
11.332370 0.036583 0.001808 0.000000
22.711958 3.578871 -0.001571 0.000000
4.516877 -1.936522 0.007736 0.000000
5.699273 -1.470518 0.005785 0.000000
7.773243 -0.779150 0.003707 0.000000
9.720056 -0.029457 0.057860 0.000000
3.601608 -2.082094 0.009809 0.000000
4.487939 -1.779289 0.007655 0.000000
5.897827 -1.208862 0.005398 0.000000
8.353645 -0.224314 0.003089 0.000000
3.156629 -2.011400 0.011014 0.000000
4.731701 -1.475975 0.007006 0.000000
6.345955 -0.937593 0.004812 0.000000
2.786306 -2.076848 0.012445 0.000000
3.230385 -1.964447 0.010718 0.000000
3.803433 -1.711739 0.008915 0.000000
5.007641 -1.193256 0.006384 0.000000
2.986006 -2.174515 0.011830 0.000000
3.366988 -1.636169 0.009866 0.000000
4.105689 -1.527871 0.008098 0.000000
1.618958 -2.432865 0.062118 0.000000
0.627959 -2.575026 0.042272 0.000000
0.841804 -2.515897 0.034730 0.000000
0.468850 -2.576824 0.048277 0.000000
1.170937 -2.394333 0.101466 0.000000
5.584247 -1.737378 0.006087 0.000000
0.954226 -2.394041 0.104640 0.000000
-1.090464 -2.409011 0.102338 0.000000
-0.882406 -2.411136 0.105604 0.000000
-1.107452 -2.224656 0.100630 0.000000
-1.308017 -2.356051 0.099312 0.000000
-1.445571 -2.322615 0.097768 0.000000
-1.251022 -2.534083 0.026060 0.000000
-1.609876 -2.282724 0.096204 0.000000
-0.765509 -2.454601 0.081451 0.000000
-8.839850 -0.929741 0.003677 0.000000
-9.048174 -0.031160 0.117818 0.000000
-5.586101 -1.281676 0.006039 0.000000
-3.840890 -1.932463 0.009207 0.000000
-3.027298 -2.180985 0.011747 0.000000
-15.229444 1.409980 0.001122 0.000000
-7.561364 -0.883031 0.004284 0.000000
-4.855228 -1.723354 0.007244 0.000000
-3.632732 -1.877071 0.009624 0.000000
-11.084277 -0.098153 0.002536 0.000000
-6.275010 -1.231149 0.005370 0.000000
-4.576288 -1.951321 0.007840 0.000000
-21.544371 2.404798 0.000200 0.000000
-2.061752 -2.364772 0.093439 0.000000
-5.495860 -1.788814 0.006485 0.000000
-14.698783 0.230104 0.001693 0.000000
-7.431564 -1.217539 0.004546 0.000000
-11.392788 -0.713164 0.002746 0.000000
-23.141075 1.223636 0.000614 0.000000
21.521831 0.698648 -0.000259 0.000000
11.101190 -0.894114 0.002310 0.000000
20.400310 1.306889 -0.000386 0.000000
7.492487 -1.550447 0.004307 0.000000
11.034225 -0.476070 0.002140 0.000000
20.825150 2.212239 -0.000811 0.000000
-1.520698 -2.439299 0.021920 0.000000
-2.058167 -2.174112 0.093018 0.000000
-2.962803 -1.810498 0.011398 0.000000
-1.809583 -2.234305 0.094621 0.000000
-3.540643 -1.729848 0.009668 0.000000
-4.197104 -1.422243 0.007992 0.000000
-3.011580 -1.857191 0.011318 0.000000
-1.756138 -2.493793 0.019680 0.000000
-5.128211 -1.231154 0.006503 0.000000
-3.751391 -1.661992 0.009107 0.000000
-2.981110 -2.139377 0.011852 0.000000
-6.502155 -0.898027 0.004984 0.000000
-4.568125 -1.462793 0.007442 0.000000
-3.392691 -1.903579 0.010264 0.000000
0.062531 -2.591289 0.062378 0.000000
-0.009959 -2.584833 0.062018 0.000000
-0.234642 -2.573970 0.056132 0.000000
0.381050 -2.590061 0.052395 0.000000
0.404757 -2.695380 0.056049 0.000000
0.274023 -2.606733 0.057723 0.000000
0.674175 -2.711240 0.043463 0.000000
0.120910 -2.624966 0.064228 0.000000
1.956204 -2.611359 0.018349 0.000000
2.414692 -2.768465 0.015292 0.000000
2.956460 -2.426085 0.012268 0.000000
3.427073 -2.397439 0.010614 0.000000
4.476943 -2.196908 0.008003 0.000000
2.277561 -2.679707 0.016055 0.000000
2.597010 -2.448108 0.013893 0.000000
3.183468 -2.317590 0.011313 0.000000
3.817879 -2.050019 0.009240 0.000000
2.309521 -2.465860 0.015513 0.000000
2.710175 -2.592631 0.013526 0.000000
3.275409 -2.274800 0.010962 0.000000
5.589546 -2.093566 0.006305 0.000000
2.014273 -2.427348 0.067189 0.000000
2.832552 -2.202252 0.012463 0.000000
1.637013 -2.620337 0.021524 0.000000
1.809216 -2.430020 0.087673 0.000000
2.452720 -2.386328 0.014544 0.000000
1.510428 -2.624194 0.023089 0.000000
16.196777 -0.899559 0.001117 0.000000
25.447579 -3.015954 0.000852 0.000000
11.943655 -2.798146 0.002866 0.000000
27.465707 -1.963409 0.000266 0.000000
7.807033 -2.733516 0.004647 0.000000
12.743925 -2.302820 0.002431 0.000000
32.311703 -0.556045 -0.000639 0.000000
5.721503 -2.608663 0.006422 0.000000
8.250783 -2.407182 0.004232 0.000000
14.138937 -1.691844 0.001856 0.000000
4.446046 -2.731900 0.008391 0.000000
6.040922 -2.463217 0.005997 0.000000
8.932324 -2.067585 0.003719 0.000000
3.702549 -2.714152 0.010067 0.000000
4.864107 -2.516861 0.007548 0.000000
6.528168 -2.176737 0.005375 0.000000
9.907639 -1.550009 0.003040 0.000000
3.337120 -2.695829 0.011141 0.000000
3.983076 -2.534214 0.009250 0.000000
5.076784 -2.307024 0.007105 0.000000
7.084723 -1.993774 0.004826 0.000000
2.723485 -2.785363 0.013645 0.000000
3.362088 -2.546706 0.010947 0.000000
4.331505 -2.311024 0.008357 0.000000
0.925443 -2.728187 0.035047 0.000000
1.214947 -2.634114 0.027719 0.000000
1.102668 -2.670138 0.030184 0.000000
-0.584797 -2.589518 0.043176 0.000000
-0.171885 -2.628257 0.062047 0.000000
-4.393216 -0.055534 0.034725 0.000000
-2.140238 -1.219312 0.090083 0.000000
-1.715559 -1.714558 0.093265 0.000000
-4.337209 -0.056011 0.367272 0.000000
-4.056854 -0.058545 0.078412 0.000000
-3.104338 -0.693426 0.008984 0.000000
-1.874795 -1.742634 0.092630 0.000000
-4.560247 -0.054139 0.286078 0.000000
-3.778712 -0.568633 0.007627 0.000000
-2.013681 -1.442583 0.091118 0.000000
-4.743952 -0.052632 0.364964 0.000000
-4.553964 -0.054197 0.095270 0.000000
-3.936974 -0.266059 0.006995 0.000000
-3.058775 -0.890276 0.009445 0.000000
-4.936955 -0.051106 0.449425 0.000000
-4.898329 -0.051469 0.227903 0.000000
-4.722081 -0.052843 0.159626 0.000000
-5.041981 -0.050163 0.694266 0.000000
-5.140005 -0.049564 0.539923 0.000000
-1.850900 -1.513117 0.091937 0.000000
-1.277164 -1.649192 0.095182 0.000000
-1.108035 -1.938771 0.098293 0.000000
-0.978488 -2.080751 0.100716 0.000000
-1.947438 -1.349691 0.091051 0.000000
-1.451339 -1.751482 0.094799 0.000000
-1.346531 -1.982413 0.096756 0.000000
-1.194426 -2.122584 0.098946 0.000000
-2.846024 -0.683667 0.009483 0.000000
-1.789855 -1.565779 0.092368 0.000000
-3.347671 -0.591153 0.008359 0.000000
-3.884296 -0.060204 0.170437 0.000000
-2.757483 -0.945254 0.010247 0.000000
-1.491232 -1.916896 0.095405 0.000000
-7.418252 -0.036037 1.644053 0.000000
-6.498742 -0.040759 1.172149 0.000000
-6.433491 -0.041381 0.854602 0.000000
-6.591175 -0.040682 0.687585 0.000000
-6.946793 -0.038343 1.405506 0.000000
-6.918470 -0.038564 1.317895 0.000000
-6.735184 -0.039668 1.075842 0.000000
-6.710990 -0.039875 0.972657 0.000000
-7.006592 -0.037733 1.701051 0.000000
-7.089769 -0.037625 1.473410 0.000000
-7.054755 -0.038031 1.224850 0.000000
-7.026456 -0.038449 0.872218 0.000000
-7.447522 -0.035608 1.912971 0.000000
-6.703406 -0.039334 1.538572 0.000000
-7.327142 -0.036820 1.239093 0.000000
-7.367909 -0.036830 1.014701 0.000000
-7.808039 -0.034067 2.037020 0.000000
-7.670180 -0.034849 1.810933 0.000000
-7.772089 -0.034711 1.566303 0.000000
-7.671593 -0.035269 1.390122 0.000000
-8.064303 -0.032854 2.282336 0.000000
-8.061017 -0.033173 2.016666 0.000000
-8.177280 -0.033029 1.762888 0.000000
-8.044294 -0.033703 1.555059 0.000000
-8.478217 -0.031202 2.515040 0.000000
-5.906391 -0.044059 1.122712 0.000000
-5.354091 -0.048005 0.637045 0.000000
-5.083456 -0.050077 0.300457 0.000000
-4.947136 -0.051104 0.057212 0.000000
-5.450421 -0.047141 0.893356 0.000000
-5.309160 -0.048342 0.593523 0.000000
-5.625906 -0.045993 0.908449 0.000000
-5.617318 -0.046160 0.784450 0.000000
-5.483215 -0.047245 0.460509 0.000000
-5.278014 -0.048670 0.377845 0.000000
-5.820361 -0.044840 0.854249 0.000000
-5.700118 -0.045803 0.548818 0.000000
-5.632028 -0.046326 0.347347 0.000000
-6.108349 -0.043005 1.020131 0.000000
-6.074945 -0.043237 0.975818 0.000000
-5.929945 -0.044344 0.643514 0.000000
-5.846835 -0.044952 0.444406 0.000000
-6.313304 -0.041613 1.276876 0.000000
-6.346290 -0.041619 1.107423 0.000000
-6.270770 -0.042281 0.816895 0.000000
-6.173690 -0.042871 0.745101 0.000000
-0.589779 -2.364074 0.110357 0.000000
-0.779175 -2.177864 0.104137 0.000000
-0.791308 -2.389072 0.106935 0.000000
-8.486962 -0.031484 2.243682 0.000000
1.084837 -1.806306 0.097558 0.000000
1.476656 -1.641292 0.094174 0.000000
1.760134 -1.370683 0.091773 0.000000
1.079877 -2.118610 0.100271 0.000000
1.203153 -1.712673 0.096105 0.000000
1.463572 -1.537140 0.093711 0.000000
0.926544 -2.199277 0.102843 0.000000
0.923996 -1.907135 0.099681 0.000000
1.397586 -1.991239 0.096571 0.000000
0.647808 -2.093712 0.104773 0.000000
1.100234 -1.781413 0.097256 0.000000
1.629243 -1.767250 0.093979 0.000000
2.933988 -0.659617 0.009158 0.000000
3.623179 -0.063108 0.035436 0.000000
2.041447 -1.314143 0.090625 0.000000
3.103913 -0.451821 0.008426 0.000000
3.455355 -0.064854 0.018040 0.000000
1.815545 -1.445730 0.091845 0.000000
1.407357 -1.964931 0.096348 0.000000
1.894074 -1.335844 0.091178 0.000000
3.031554 -0.339738 0.008343 0.000000
1.630732 -1.423581 0.092474 0.000000
2.143494 -1.180726 0.089935 0.000000
1.971085 -1.132825 0.090283 0.000000
0.508406 -2.377227 0.112890 0.000000
0.613089 -2.331842 0.109748 0.000000
6.939391 -0.038759 1.263196 0.000000
7.915758 -0.034138 1.817843 0.000000
7.375123 -0.036367 1.712157 0.000000
9.100692 -0.030339 1.679756 0.000000
8.253860 -0.033123 1.615605 0.000000
7.422397 -0.036075 1.796707 0.000000
6.906712 -0.038433 1.688079 0.000000
8.673895 -0.031823 1.483312 0.000000
7.844308 -0.034788 1.430229 0.000000
7.263592 -0.037156 1.416902 0.000000
6.636810 -0.039899 1.535331 0.000000
8.002570 -0.034320 1.280419 0.000000
7.446612 -0.036575 1.206557 0.000000
8.703701 -0.031435 1.822161 0.000000
6.488250 -0.040972 1.252782 0.000000
7.681714 -0.035753 1.030137 0.000000
7.126946 -0.038074 1.072433 0.000000
6.764626 -0.039447 1.393696 0.000000
6.144433 -0.042794 1.262717 0.000000
7.264598 -0.037629 0.850922 0.000000
6.939861 -0.038922 1.084965 0.000000
6.228586 -0.042487 1.122393 0.000000
5.917218 -0.044233 1.139846 0.000000
7.192026 -0.037958 0.838739 0.000000
6.550002 -0.041037 0.834640 0.000000
9.039474 -0.029547 2.677348 0.000000
-8.539918 -0.031729 1.835786 0.000000
-8.449545 -0.032121 1.736013 0.000000
-8.929880 -0.029537 2.771925 0.000000
-8.922405 -0.029934 2.436025 0.000000
-9.162472 -0.029570 2.099975 0.000000
-9.079741 -0.029982 1.911960 0.000000
-9.337444 -0.028082 3.063427 0.000000
-9.433439 -0.028214 2.711909 0.000000
-9.486887 -0.028321 2.463707 0.000000
-9.773968 -0.027826 2.184359 0.000000
-9.861584 -0.026422 3.378922 0.000000
9.760595 -0.027181 3.102379 0.000000
6.089245 -0.043502 0.872832 0.000000
9.772359 -0.027570 2.699425 0.000000
8.776522 -0.030452 2.555394 0.000000
9.344855 -0.028936 2.451055 0.000000
8.348779 -0.032064 2.321880 0.000000
9.735324 -0.028037 2.306188 0.000000
8.775663 -0.030836 2.204435 0.000000
7.952287 -0.033678 2.108287 0.000000
9.240878 -0.029598 2.063679 0.000000
8.324378 -0.032477 2.023556 0.000000
7.586359 -0.035282 1.913699 0.000000
9.634296 -0.028732 1.803159 0.000000
3.857081 -0.562806 0.007341 0.000000
5.030856 -0.050769 0.049933 0.000000
4.974757 -0.051136 0.396111 0.000000
4.785876 -0.052613 0.320137 0.000000
4.495506 -0.054891 0.517093 0.000000
4.821123 -0.052362 0.164851 0.000000
4.650616 -0.053713 0.103437 0.000000
4.449537 -0.055343 0.399496 0.000000
4.210198 -0.057457 0.372387 0.000000
4.433873 -0.055521 0.182944 0.000000
4.074443 -0.058724 0.305474 0.000000
4.645824 -0.053592 0.595315 0.000000
4.270462 -0.056939 0.121480 0.000000
3.232087 -0.999612 0.009163 0.000000
4.122686 -0.058282 0.161983 0.000000
2.884496 -1.038127 0.010055 0.000000
3.561542 -0.496250 0.007715 0.000000
3.815127 -0.061224 0.181576 0.000000
5.116770 -0.049880 0.723344 0.000000
5.688648 -0.045570 1.173186 0.000000
6.689264 -0.040481 0.602643 0.000000
6.288615 -0.042499 0.728792 0.000000
5.901564 -0.044639 0.823997 0.000000
5.497176 -0.047079 0.917934 0.000000
6.427318 -0.041889 0.491707 0.000000
6.042738 -0.043949 0.630535 0.000000
5.604645 -0.046605 0.660010 0.000000
5.302404 -0.048486 0.817534 0.000000
6.150226 -0.043432 0.445739 0.000000
5.683217 -0.046197 0.509077 0.000000
5.533940 -0.046965 0.784810 0.000000
5.944413 -0.044684 0.291673 0.000000
5.591699 -0.046810 0.453953 0.000000
5.383915 -0.048126 0.565810 0.000000
4.803335 -0.052271 0.678754 0.000000
5.721075 -0.046068 0.201312 0.000000
5.384066 -0.048220 0.374426 0.000000
5.130481 -0.049879 0.597243 0.000000
5.187089 -0.049615 0.299977 0.000000
4.942539 -0.051322 0.512222 0.000000
-6.170292 -0.043149 0.190661 0.000000
-4.082931 -0.798708 0.007467 0.000000
-2.873809 -1.216158 0.010531 0.000000
-1.965240 -1.914705 0.092765 0.000000
-1.522533 -2.155080 0.096338 0.000000
-5.068171 -0.384364 0.005829 0.000000
-3.405899 -1.083004 0.009045 0.000000
-2.144236 -1.956368 0.092060 0.000000
-1.642927 -2.197629 0.095627 0.000000
-5.882181 -0.044821 0.190869 0.000000
-4.236433 -0.998094 0.007470 0.000000
-3.118370 -1.551330 0.010494 0.000000
-1.310162 -2.151350 0.098075 0.000000
-5.364934 -0.586595 0.005715 0.000000
-3.640333 -1.385208 0.008996 0.000000
-2.775220 -1.648435 0.011714 0.000000
-6.425386 -0.041697 0.388293 0.000000
-6.215235 -0.042917 0.081789 0.000000
-6.782609 -0.039934 0.221936 0.000000
-6.622521 -0.040739 0.188739 0.000000
-5.546686 -0.526755 0.005497 0.000000
-7.176682 -0.038023 0.411890 0.000000
-0.984389 -2.327309 0.103106 0.000000
-1.755424 -1.990433 0.094118 0.000000
-6.832380 -0.039671 0.292036 0.000000
-2.105714 -1.748084 0.091669 0.000000
8.415802 -0.033047 0.991801 0.000000
-9.237846 -0.030426 0.544481 0.000000
-9.717939 -0.028443 1.597179 0.000000
-9.663992 -0.028853 1.207787 0.000000
-9.831498 -0.028503 1.037601 0.000000
9.723996 -0.028778 1.412950 0.000000
9.248308 -0.030166 1.332935 0.000000
9.586186 -0.029362 1.087115 0.000000
8.708668 -0.032039 1.028384 0.000000
9.855918 -0.028761 0.856027 0.000000
9.043007 -0.031056 0.902235 0.000000
8.215953 -0.033644 1.146087 0.000000
9.242681 -0.030598 0.622974 0.000000
-9.399282 -0.029809 0.838244 0.000000
7.881627 -0.035104 0.825065 0.000000
9.512102 -0.029879 0.484915 0.000000
8.712879 -0.032329 0.454214 0.000000
8.159854 -0.034164 0.633647 0.000000
7.499601 -0.036722 0.687234 0.000000
8.847294 -0.031916 0.396925 0.000000
8.394899 -0.033357 0.566735 0.000000
7.688632 -0.036060 0.453613 0.000000
7.349106 -0.037347 0.712868 0.000000
8.383330 -0.033581 0.062469 0.000000
7.873932 -0.035414 0.218105 0.000000
-7.947219 -0.034868 0.319892 0.000000
-6.947471 -0.039187 0.017369 0.000000
-4.494955 -0.905070 0.007002 0.000000
-7.227276 -0.037773 0.469280 0.000000
-7.301865 -0.037495 0.344536 0.000000
-7.197353 -0.038029 0.095428 0.000000
-5.899933 -0.575817 0.005228 0.000000
-7.600550 -0.036117 0.602241 0.000000
-7.548848 -0.036360 0.543242 0.000000
-7.586712 -0.036299 0.314701 0.000000
-7.547650 -0.036542 0.015570 0.000000
-7.955858 -0.034491 0.982119 0.000000
-7.952811 -0.034682 0.687713 0.000000
-7.968248 -0.034851 0.123691 0.000000
-8.391286 -0.032795 1.156254 0.000000
-8.270143 -0.033480 0.744747 0.000000
-8.371999 -0.033263 0.449084 0.000000
-8.357428 -0.033390 0.251664 0.000000
-8.649394 -0.031894 1.198787 0.000000
-8.632006 -0.032189 0.826347 0.000000
-8.682158 -0.032037 0.799424 0.000000
-8.694237 -0.032183 0.411418 0.000000
-9.338466 -0.029649 1.382068 0.000000
-9.362498 -0.029760 1.107902 0.000000
7.285584 -0.037698 0.579885 0.000000
1.590014 -2.198171 0.096151 0.000000
2.089432 -1.888797 0.092141 0.000000
3.074802 -1.523990 0.010486 0.000000
3.678439 -1.018167 0.008279 0.000000
4.500726 -0.385152 0.006239 0.000000
3.066698 -1.297705 0.010098 0.000000
3.808947 -0.724786 0.007639 0.000000
1.894030 -1.812128 0.092812 0.000000
2.746843 -1.282291 0.010962 0.000000
5.509112 -0.047440 0.116802 0.000000
1.683984 -1.945060 0.094437 0.000000
2.140908 -1.707912 0.091420 0.000000
1.281422 -2.024209 0.097682 0.000000
1.947947 -1.708954 0.092221 0.000000
6.189492 -0.043276 0.264994 0.000000
6.816836 -0.039929 0.445889 0.000000
7.958108 -0.152262 0.003251 0.000000
7.503266 -0.036937 0.115670 0.000000
7.128325 -0.038520 0.300307 0.000000
6.732827 -0.040330 0.471582 0.000000
6.269339 -0.534243 0.004595 0.000000
7.160244 -0.038445 0.021835 0.000000
6.623835 -0.040928 0.349619 0.000000
6.227049 -0.043072 0.244077 0.000000
4.830913 -0.808802 0.006264 0.000000
6.388602 -0.311248 0.004349 0.000000
6.574340 -0.041244 0.121707 0.000000
3.955006 -1.320888 0.008148 0.000000
5.143478 -0.665522 0.005763 0.000000
6.050452 -0.044094 0.157039 0.000000
5.942301 -0.044725 0.173288 0.000000
3.293890 -1.588855 0.009988 0.000000
4.085223 -1.110753 0.007667 0.000000
5.339026 -0.248396 0.005195 0.000000
5.707133 -0.046170 0.087358 0.000000
2.855046 -1.723818 0.011542 0.000000
3.405372 -1.326994 0.009309 0.000000
4.320662 -0.681019 0.006806 0.000000
5.014950 -0.047218 2.421811 0.000000
5.077872 -0.047819 2.056537 0.000000
6.280243 -0.037854 3.476380 0.000000
6.082512 -0.037959 3.755356 0.000000
5.845463 -0.038042 4.069239 0.000000
6.097374 -0.039111 3.289664 0.000000
5.821340 -0.039820 3.488705 0.000000
5.641915 -0.039435 3.888177 0.000000
5.920858 -0.040375 3.112107 0.000000
5.751511 -0.041636 2.944447 0.000000
5.470430 -0.041441 3.491124 0.000000
5.588827 -0.042893 2.785953 0.000000
5.214815 -0.043093 3.368804 0.000000
5.214836 -0.044422 2.955791 0.000000
6.284089 -0.036574 3.974382 0.000000
-5.247259 -0.036000 5.321724 0.000000
-7.435489 -0.026677 6.642460 0.000000
-5.717052 -0.033875 5.521999 0.000000
-6.760604 -0.029493 6.082649 0.000000
-7.723521 -0.025257 7.047061 0.000000
-8.034842 -0.023819 7.490819 0.000000
-7.166499 -0.028089 6.269675 0.000000
-7.016931 -0.026989 6.893673 0.000000
-6.217518 -0.030034 6.385871 0.000000
-7.247354 -0.025657 7.286376 0.000000
-6.535822 -0.028492 6.695510 0.000000
-7.489902 -0.024324 7.708688 0.000000
-6.752735 -0.027566 6.882083 0.000000
-5.924008 -0.030749 6.384574 0.000000
-6.952538 -0.026300 7.250191 0.000000
-6.564607 -0.031963 5.308538 0.000000
-5.931503 -0.036153 4.532217 0.000000
-4.188018 -0.046632 3.773255 0.000000
-4.628824 -0.044086 3.840094 0.000000
-5.351485 -0.039062 4.318072 0.000000
-6.131128 -0.034760 4.773581 0.000000
-5.508224 -0.037710 4.539142 0.000000
-6.340744 -0.033371 5.030387 0.000000
-4.924305 -0.040766 4.339432 0.000000
-5.670119 -0.036367 4.772275 0.000000
-6.069191 -0.029581 6.679745 0.000000
-5.838531 -0.035024 5.020155 0.000000
-6.704057 -0.030954 5.551128 0.000000
-4.515648 -0.043090 4.209045 0.000000
-6.914162 -0.029495 5.925095 0.000000
-6.389395 -0.031941 5.509903 0.000000
7.043181 -0.029691 5.779280 0.000000
8.108485 -0.029134 4.712149 0.000000
7.734305 -0.029671 4.954810 0.000000
7.281539 -0.030399 5.192732 0.000000
6.842077 -0.030905 5.491476 0.000000
7.786437 -0.030334 4.541597 0.000000
6.702374 -0.032154 5.145894 0.000000
7.102056 -0.032798 4.348003 0.000000
6.464949 -0.033337 4.966075 0.000000
7.185827 -0.033559 3.859852 0.000000
6.881279 -0.034067 4.109141 0.000000
6.635713 -0.033896 4.531348 0.000000
6.287760 -0.034553 4.725917 0.000000
6.949635 -0.034870 3.632364 0.000000
6.673383 -0.035321 3.886849 0.000000
6.727586 -0.036166 3.421139 0.000000
6.471340 -0.036594 3.674521 0.000000
-7.163663 -0.025023 7.647212 0.000000
-6.331490 -0.028444 6.888756 0.000000
-6.500054 -0.027223 7.234131 0.000000
-6.675663 -0.026003 7.601919 0.000000
8.484846 -0.022724 7.772204 0.000000
9.649965 -0.021686 7.289905 0.000000
8.904789 -0.022727 7.381536 0.000000
8.396910 -0.023774 7.271315 0.000000
8.603048 -0.023957 6.968400 0.000000
9.489356 -0.023450 6.308162 0.000000
8.318731 -0.025182 6.584644 0.000000
7.708304 -0.026033 6.765193 0.000000
9.101758 -0.024829 5.896041 0.000000
8.111573 -0.026329 6.199973 0.000000
7.432746 -0.027737 6.234460 0.000000
8.738767 -0.026212 5.514945 0.000000
7.796905 -0.027624 5.894511 0.000000
8.265017 -0.028088 5.069705 0.000000
0.477440 -0.829873 0.092485 0.000000
0.645030 -0.983735 0.093173 0.000000
0.905743 -0.709564 0.091197 0.000000
0.221368 -0.807409 0.092578 0.000000
0.225228 -1.165787 0.095128 0.000000
0.453283 -1.155954 0.094735 0.000000
-0.072078 -0.911493 0.093303 0.000000
0.134211 -0.837460 0.092805 0.000000
0.040652 -1.073561 0.094482 0.000000
0.014292 -1.344806 0.096885 0.000000
-0.195092 -1.179026 0.095251 0.000000
-0.174283 -1.293915 0.096294 0.000000
0.372425 -1.351324 0.096573 0.000000
-1.090255 8.366464 0.009432 0.000000
-0.543640 8.820994 -0.001388 0.000000
-0.288759 5.184546 0.001487 0.000000
-1.089966 8.046090 0.423299 0.000000
-1.091712 10.456677 0.187375 0.000000
-0.759457 9.096553 -0.001569 0.000000
-0.345483 4.943204 0.001727 0.000000
-1.355630 7.750853 0.482639 0.000000
-1.090155 8.259086 0.244523 0.000000
-0.995178 9.497019 -0.001827 0.000000
-0.408295 4.919171 0.001749 0.000000
-1.372979 7.750792 0.272519 0.000000
-1.093264 13.702999 0.106898 0.000000
-0.630018 4.974451 0.001693 0.000000
-1.530897 7.751080 0.505473 0.000000
-1.327272 7.750691 0.025015 0.000000
-0.781649 5.066120 0.001599 0.000000
-1.706880 7.751335 0.531207 0.000000
-1.559641 7.751031 0.287398 0.000000
-0.943207 5.209533 0.001455 0.000000
-1.675282 6.571608 0.541674 0.000000
-1.747358 7.751299 0.305580 0.000000
-1.551974 7.750964 0.001006 0.000000
-0.334099 15.714792 -0.005331 0.000000
0.511763 14.045092 -0.004489 0.000000
0.658282 9.184863 -0.001664 0.000000
0.795897 6.668080 0.000142 0.000000
-0.304096 31.241439 -0.012435 0.000000
0.244195 14.374452 -0.004655 0.000000
0.444756 8.883761 -0.001456 0.000000
0.462910 6.158714 0.000582 0.000000
-0.935474 35.719893 0.008283 0.000000
-0.034106 14.927340 -0.004935 0.000000
0.243020 8.681160 -0.001312 0.000000
0.202647 5.777860 0.000925 0.000000
-1.095826 24.958038 0.174041 0.000000
-1.119334 5.417348 0.001253 0.000000
0.048141 8.579915 -0.001237 0.000000
0.333799 5.555864 0.001121 0.000000
-1.094374 17.218824 0.281674 0.000000
-0.669642 16.813566 -0.005874 0.000000
-0.144848 8.568954 -0.001225 0.000000
0.069506 5.295989 0.001374 0.000000
-1.092917 12.852827 0.217194 0.000000
-1.059829 18.305640 -0.006593 0.000000
-0.340525 8.647985 -0.001275 0.000000
-0.065050 5.140375 0.001527 0.000000
-1.091435 10.015411 0.390141 0.000000
-0.816755 -0.126034 0.429353 0.000000
-0.764116 -0.126500 0.417849 0.000000
-0.885604 -0.125064 0.618923 0.000000
-1.182266 -0.121946 0.636308 0.000000
-1.791863 6.571979 0.776724 0.000000
-1.682891 7.751154 0.086741 0.000000
-1.314357 5.693285 0.000995 0.000000
-0.587597 -0.127820 0.455052 0.000000
-1.722071 6.571599 0.334448 0.000000
-1.535223 6.057109 0.000670 0.000000
-0.557388 -0.128074 0.381739 0.000000
-1.723338 6.571545 0.008520 0.000000
0.193117 26.844105 -0.010536 0.000000
0.834625 -0.126010 0.529400 0.000000
1.053135 -0.123868 0.552515 0.000000
0.775422 -0.126557 0.204826 0.000000
1.201036 -0.122168 0.599981 0.000000
1.255829 -0.121212 0.717509 0.000000
1.575568 -0.087735 0.665930 0.000000
1.094931 17.682289 0.035568 0.000000
1.090222 7.862181 0.014158 0.000000
1.396537 7.750716 0.010275 0.000000
1.737795 7.751161 0.058207 0.000000
0.556216 -0.128242 0.278509 0.000000
1.091776 9.908764 0.151835 0.000000
1.136445 7.750445 0.042726 0.000000
1.567029 7.750926 0.033072 0.000000
1.093348 12.909783 0.105080 0.000000
1.090791 8.533685 0.130952 0.000000
1.092400 10.958163 0.068755 0.000000
0.922432 21.704322 -0.008246 0.000000
1.048999 13.914013 -0.004437 0.000000
1.091470 9.448877 0.156022 0.000000
0.586756 23.822861 -0.009201 0.000000
0.777141 13.890236 -0.004416 0.000000
0.890942 9.613832 -0.001950 0.000000
0.982148 7.264939 -0.000332 0.000000
1.859012 7.751393 0.295862 0.000000
1.908866 7.751420 0.085894 0.000000
-2.699733 -0.068241 1.863918 0.000000
-2.969228 -0.063964 2.145078 0.000000
-3.184847 -0.060651 2.387359 0.000000
-2.210526 -0.076225 1.415991 0.000000
-2.571736 -0.070313 1.738907 0.000000
-4.781372 -0.044435 3.555574 0.000000
-4.935491 -0.044266 3.383183 0.000000
-4.523688 -0.047115 3.233088 0.000000
-3.744436 -0.052628 3.086364 0.000000
-5.235743 -0.041598 3.719162 0.000000
-3.975847 -0.051654 2.971642 0.000000
-3.922020 -0.050274 3.328777 0.000000
-4.916789 -0.043092 3.730587 0.000000
-5.565961 -0.038893 4.099424 0.000000
-4.512004 -0.045356 3.676631 0.000000
-5.056807 -0.041747 3.915629 0.000000
-5.744351 -0.037524 4.309001 0.000000
-4.108951 -0.047898 3.594562 0.000000
-9.087925 3.564871 4.940058 0.000000
-4.523126 0.792416 3.002069 0.000000
-4.215055 -0.029614 2.560234 0.000000
-3.662479 -0.001888 2.557372 0.000000
-3.336014 -0.058398 2.566288 0.000000
-4.053024 -0.052438 2.681899 0.000000
-3.292699 -0.057719 2.744651 0.000000
-3.493833 -0.056111 2.760919 0.000000
-4.660558 -0.046895 3.084653 0.000000
-3.575392 -0.054957 2.864708 0.000000
-1.350799 -0.118699 0.965538 0.000000
-1.565566 -0.086444 0.950921 0.000000
-1.393119 -0.119209 0.729093 0.000000
-1.743801 -0.084434 0.910540 0.000000
-2.153202 -0.077163 1.368856 0.000000
-1.813329 -0.081596 1.295475 0.000000
-1.931171 -0.080764 1.196856 0.000000
-1.771236 -0.083300 1.083589 0.000000
-0.298659 -0.623539 0.091486 0.000000
-0.317199 -1.923887 0.104336 0.000000
-0.582240 -1.757255 0.100228 0.000000
-0.733774 -1.517007 0.096916 0.000000
1.847095 -0.920134 0.089944 0.000000
-4.015652 -0.057952 1.152457 0.000000
-4.446311 -0.054079 1.225906 0.000000
-4.935707 -0.049709 1.540273 0.000000
-4.765133 -0.051180 1.428907 0.000000
-5.465046 -0.046130 1.558016 0.000000
-4.883068 -0.049663 1.732050 0.000000
-5.114280 -0.048228 1.658928 0.000000
-3.427293 -0.064448 0.795576 0.000000
-3.881464 -0.059707 0.885354 0.000000
-4.296576 -0.055510 1.133166 0.000000
-8.421726 -0.030473 3.211253 0.000000
-7.050463 -0.035739 2.883928 0.000000
-8.169056 -0.031124 3.296217 0.000000
-8.856392 -0.028825 3.501777 0.000000
-6.738402 -0.037097 2.840499 0.000000
-7.411497 -0.033504 3.375201 0.000000
-8.255060 -0.030658 3.430208 0.000000
-9.556837 -0.026413 3.987941 0.000000
-6.934702 -0.035692 3.152550 0.000000
-7.994820 -0.031340 3.506419 0.000000
-8.998589 -0.027956 3.859666 0.000000
-7.618623 -0.033189 3.137933 0.000000
-8.151421 -0.030445 3.764835 0.000000
-9.257001 -0.027109 4.003504 0.000000
-7.571308 -0.032821 3.449156 0.000000
-8.545223 -0.028853 4.064383 0.000000
-9.805302 -0.025117 4.562134 0.000000
-7.959687 -0.030927 3.822011 0.000000
-9.184245 -0.026832 4.332756 0.000000
-9.445550 -0.025628 4.759617 0.000000
-8.720211 -0.027785 4.456685 0.000000
-6.634012 -0.038495 2.327334 0.000000
-5.757610 -0.043861 1.840622 0.000000
-6.671799 -0.038818 2.022320 0.000000
-5.226570 -0.046795 1.976087 0.000000
-5.411266 -0.045344 2.110164 0.000000
-7.362862 -0.035219 2.448952 0.000000
-5.605700 -0.043880 2.253431 0.000000
-6.263265 -0.040232 2.337938 0.000000
-7.665258 -0.033774 2.655427 0.000000
-5.926429 -0.042186 2.221483 0.000000
-6.405737 -0.039102 2.568593 0.000000
-7.211656 -0.035397 2.713040 0.000000
-6.027544 -0.040922 2.570946 0.000000
-6.998397 -0.036304 2.682363 0.000000
-1.806403 -0.274335 0.088178 0.000000
-1.190085 -1.274163 0.093386 0.000000
-0.817277 -1.579549 0.097090 0.000000
-1.423419 -0.677240 0.090086 0.000000
-1.321901 -1.162702 0.092372 0.000000
-1.773634 -0.522791 0.088921 0.000000
-1.434613 -0.879500 0.090831 0.000000
-1.611377 -0.712033 0.089825 0.000000
-2.396416 -0.077057 0.138289 0.000000
-1.826810 -0.506181 0.088779 0.000000
-2.962161 -0.070126 0.393680 0.000000
-3.171230 -0.067638 0.497769 0.000000
-2.571245 -0.074802 0.087185 0.000000
-2.764125 -0.072529 0.299764 0.000000
-2.178123 -0.079887 0.484831 0.000000
-1.797428 -0.084928 0.318295 0.000000
-3.357565 -0.063733 1.369967 0.000000
-3.564399 -0.061152 1.526987 0.000000
-2.799058 -0.071110 0.981317 0.000000
-0.751088 -0.478185 0.090371 0.000000
-0.543425 -0.686510 0.091602 0.000000
-0.392119 -1.114696 0.094494 0.000000
-0.352520 -1.358809 0.096646 0.000000
-0.584753 -1.112673 0.094129 0.000000
-0.606638 -0.627482 0.091229 0.000000
-0.986478 -0.124241 0.152291 0.000000
-0.628578 -0.211708 0.089405 0.000000
-0.549673 -0.999598 0.093426 0.000000
-0.559541 -1.391623 0.096423 0.000000
-0.928761 -0.274514 0.089359 0.000000
-0.778381 -0.885045 0.092319 0.000000
-0.432601 -0.423090 0.090423 0.000000
-0.378975 -0.814922 0.092495 0.000000
-0.181101 -1.506476 0.098528 0.000000
-0.558029 -0.293037 0.089778 0.000000
-1.364378 -0.120063 0.172860 0.000000
-1.161699 -0.404552 0.089538 0.000000
-1.431036 -0.119280 0.193788 0.000000
-0.950163 -0.435594 0.089947 0.000000
-1.102938 -0.123080 0.183773 0.000000
-1.061858 -0.284337 0.089240 0.000000
7.656607 -0.032131 3.792438 0.000000
7.283152 -0.036058 2.244753 0.000000
7.301802 -0.035404 2.627518 0.000000
7.297854 -0.034507 3.163353 0.000000
7.366743 -0.034147 3.224257 0.000000
7.124783 -0.036465 2.405278 0.000000
7.017453 -0.035977 2.945319 0.000000
6.759638 -0.038282 2.252837 0.000000
6.975704 -0.036439 2.784140 0.000000
7.655683 -0.033152 3.211181 0.000000
6.509687 -0.039722 2.083936 0.000000
6.348512 -0.040983 1.793734 0.000000
6.390247 -0.040599 1.904260 0.000000
6.268161 -0.040361 2.379925 0.000000
6.547509 -0.038573 2.624430 0.000000
5.894761 -0.043835 1.536213 0.000000
6.018036 -0.042483 1.936153 0.000000
6.211421 -0.040579 2.410487 0.000000
8.765185 -0.028530 4.028008 0.000000
-9.119471 -0.021975 7.518492 0.000000
9.725081 -0.024239 5.475774 0.000000
9.828526 -0.025986 4.000832 0.000000
9.633316 -0.026098 4.258679 0.000000
9.549646 -0.025733 4.668894 0.000000
9.317546 -0.025616 5.101264 0.000000
9.348784 -0.027593 3.620863 0.000000
9.140002 -0.027418 4.139051 0.000000
9.144004 -0.027130 4.335812 0.000000
8.939544 -0.026986 4.757805 0.000000
8.903583 -0.029122 3.339525 0.000000
8.703021 -0.029185 3.694606 0.000000
8.449163 -0.028477 4.579160 0.000000
8.491501 -0.030653 3.081828 0.000000
8.303979 -0.030570 3.529765 0.000000
8.272219 -0.030395 3.702365 0.000000
8.210977 -0.030062 4.017726 0.000000
8.114993 -0.032161 2.848636 0.000000
8.000229 -0.032282 3.026344 0.000000
7.953772 -0.031777 3.447297 0.000000
7.805932 -0.031293 3.996437 0.000000
7.691478 -0.033675 2.804545 0.000000
5.589384 -0.046133 1.216600 0.000000
5.633489 -0.044676 1.923660 0.000000
5.834368 -0.043245 2.065582 0.000000
-8.721753 -0.023488 7.012964 0.000000
5.007674 -0.049918 1.304525 0.000000
-5.563033 -0.043456 2.530696 0.000000
-4.780117 -0.048950 2.263663 0.000000
-5.761370 -0.041996 2.691842 0.000000
-4.625289 0.114205 2.562665 0.000000
-6.060230 -0.040075 2.873214 0.000000
-4.664736 -0.049290 2.401244 0.000000
-5.004872 -0.045926 2.781242 0.000000
-4.634815 -0.048320 2.740711 0.000000
-5.203507 -0.044171 2.980638 0.000000
-5.953423 -0.039916 3.144125 0.000000
-6.464839 -0.036916 3.459879 0.000000
-4.847662 -0.046215 2.970488 0.000000
-3.783784 -0.058519 1.700696 0.000000
-4.213042 -0.054598 1.782707 0.000000
-6.167998 -0.038474 3.332700 0.000000
-3.919094 -0.056975 1.804485 0.000000
-4.014722 -0.054923 2.148776 0.000000
-5.278229 -0.045788 2.258785 0.000000
-7.863537 -0.027773 5.649808 0.000000
-6.110216 -0.036566 4.151200 0.000000
-8.050345 -0.028122 5.234646 0.000000
-9.307076 -0.023905 6.106383 0.000000
-6.378288 -0.035383 4.219724 0.000000
-8.415494 -0.026585 5.603273 0.000000
-9.848737 -0.022278 6.544105 0.000000
-6.573724 -0.034152 4.434003 0.000000
-7.548984 -0.029260 5.303756 0.000000
-8.812041 -0.025036 6.008251 0.000000
-8.919753 -0.025320 5.703760 0.000000
-9.244626 -0.023474 6.455008 0.000000
-9.651424 -0.021805 7.084226 0.000000
-8.749152 -0.024272 6.527745 0.000000
-7.709903 -0.027648 5.891711 0.000000
-9.198232 -0.022975 6.819656 0.000000
-8.015115 -0.026479 6.134772 0.000000
-9.405197 -0.022019 7.203952 0.000000
-8.334305 -0.024774 6.692268 0.000000
-7.776689 -0.030174 4.536596 0.000000
-6.944034 -0.034551 3.694513 0.000000
-5.068872 -0.044247 3.183405 0.000000
-5.645234 -0.041104 3.247293 0.000000
-6.395405 -0.037022 3.535260 0.000000
-7.089296 -0.033668 3.868702 0.000000
-5.837640 -0.039693 3.429497 0.000000
-7.535343 -0.031504 4.217936 0.000000
-5.226194 -0.042875 3.349170 0.000000
-6.041275 -0.038270 3.624680 0.000000
-6.837581 -0.034165 4.044035 0.000000
-5.533452 -0.040762 3.544317 0.000000
-6.256652 -0.036838 3.834015 0.000000
-7.173645 -0.032591 4.244932 0.000000
-8.126070 -0.028612 4.866239 0.000000
-5.715252 -0.039374 3.732977 0.000000
-6.485873 -0.035393 4.059420 0.000000
-7.269872 -0.031216 4.747354 0.000000
-8.558106 -0.026735 5.331925 0.000000
-5.907421 -0.037974 3.934945 0.000000
-6.729561 -0.033940 4.302273 0.000000
-7.791038 -0.029581 4.823901 0.000000
-3.800023 -0.046647 4.170147 0.000000
-3.790813 -0.049622 3.609214 0.000000
-3.531352 -0.049504 3.894423 0.000000
-3.709500 -0.048124 3.975572 0.000000
-3.960329 -0.047356 3.871899 0.000000
-3.434483 -0.048319 4.188902 0.000000
-3.217585 -0.052176 3.733988 0.000000
-4.366849 -0.044363 4.075753 0.000000
-4.749250 -0.042815 4.012313 0.000000
-3.849010 -0.046000 4.250277 0.000000
-4.233782 -0.043902 4.316025 0.000000
-3.736748 -0.046362 4.282453 0.000000
-4.111421 -0.044403 4.327708 0.000000
-4.553134 -0.042096 4.405300 0.000000
-4.861052 -0.040133 4.573525 0.000000
-3.605505 -0.045392 4.576330 0.000000
-4.184207 -0.043377 4.478026 0.000000
-3.113635 -0.054079 3.529600 0.000000
-3.190600 -0.056522 3.066760 0.000000
-3.252322 -0.055484 3.166016 0.000000
-3.012367 -0.055965 3.338572 0.000000
-3.552911 -0.052967 3.257064 0.000000
-3.630071 -0.051861 3.369221 0.000000
-3.338128 -0.052596 3.551066 0.000000
-3.442759 -0.052347 3.486815 0.000000
-3.709306 -0.050746 3.486525 0.000000
-3.830764 -0.049732 3.543528 0.000000
-4.206115 -0.035874 6.180637 0.000000
-4.098656 -0.039210 5.466837 0.000000
-4.722023 -0.035903 5.801637 0.000000
-5.241250 -0.033198 6.155232 0.000000
-6.168480 -0.029669 6.563464 0.000000
-4.038169 -0.038457 5.681222 0.000000
-4.617008 -0.035362 6.025008 0.000000
-5.510435 -0.031914 6.338351 0.000000
-4.223877 -0.037283 5.825078 0.000000
-4.988000 -0.033149 6.365331 0.000000
-5.517942 -0.030749 6.712973 0.000000
-6.265086 -0.027806 7.189519 0.000000
-5.895652 -0.031879 6.018926 0.000000
-4.807348 -0.033255 6.465668 0.000000
-5.755046 -0.029669 6.898584 0.000000
-6.435902 -0.026575 7.547646 0.000000
-4.240187 -0.035447 6.264960 0.000000
-5.077426 -0.032132 6.602545 0.000000
-5.819871 -0.028283 7.344981 0.000000
-4.418775 -0.034385 6.421165 0.000000
-5.197825 -0.029993 7.189132 0.000000
-5.981443 -0.027044 7.693143 0.000000
-4.485164 -0.033423 6.636151 0.000000
-5.358020 -0.029082 7.384645 0.000000
-5.563570 -0.035152 5.268145 0.000000
-5.171359 -0.038291 4.743962 0.000000
-4.333136 -0.041330 4.795721 0.000000
-4.748705 -0.039821 4.767228 0.000000
-5.001698 -0.038475 4.868258 0.000000
-3.664375 -0.044409 4.715828 0.000000
-4.238120 -0.041601 4.818965 0.000000
-4.674745 -0.039427 4.937138 0.000000
-5.265365 -0.036611 5.127053 0.000000
-3.916730 -0.042100 4.978704 0.000000
-4.458466 0.047879 5.133007 0.000000
-4.952667 -0.037558 5.162769 0.000000
-3.881962 0.033269 5.129654 0.000000
-4.567143 -0.038254 5.323963 0.000000
-4.868072 -0.036816 5.437965 0.000000
-3.846424 -0.041448 5.168202 0.000000
-4.483390 -0.037439 5.594120 0.000000
-5.122899 -0.034769 5.788882 0.000000
-5.645550 -0.032722 5.962456 0.000000
-4.193106 -0.039934 5.230760 0.000000
-4.730815 -0.036206 5.714505 0.000000
-5.278904 -0.034165 5.833170 0.000000
-2.349029 -0.071393 1.930363 0.000000
-2.196297 -0.074151 1.764470 0.000000
-2.358371 -0.072249 1.790941 0.000000
-2.107237 -0.073659 1.955314 0.000000
-2.276326 -0.070316 2.172439 0.000000
-2.520965 -0.069449 1.960139 0.000000
-2.576859 -0.068494 2.020493 0.000000
-1.955401 -0.079196 1.413860 0.000000
-2.101921 -0.076683 1.544034 0.000000
-2.630103 -0.063318 2.686264 0.000000
-3.110515 0.114743 2.554815 0.000000
-2.951432 -0.060628 2.703698 0.000000
-2.852010 -0.046454 2.552411 0.000000
-3.126165 -0.059431 2.674552 0.000000
-3.387065 0.054958 2.556080 0.000000
-2.817041 -0.059682 2.992056 0.000000
-3.714020 0.035378 2.557807 0.000000
-3.129705 -0.057555 2.971046 0.000000
-2.865021 -0.058760 3.074581 0.000000
-3.332228 -0.056238 2.947833 0.000000
-2.406257 -0.067738 2.351607 0.000000
-2.691346 -0.066551 2.147837 0.000000
-4.453594 -0.032414 6.935067 0.000000
-3.372313 0.784736 2.991459 0.000000
-2.750050 -0.065564 2.214943 0.000000
-2.758934 0.100359 2.552730 0.000000
-2.870677 -0.063559 2.356799 0.000000
-2.719393 -0.001022 2.551881 0.000000
3.413333 -0.060422 2.112290 0.000000
3.241979 0.018751 2.554741 0.000000
2.975056 -0.053212 2.552789 0.000000
3.080897 -0.060707 2.571685 0.000000
3.110693 0.019628 2.553988 0.000000
3.188965 -0.058874 2.729860 0.000000
2.933479 -0.064275 2.200108 0.000000
3.252816 -0.062665 1.952924 0.000000
2.878600 -0.065205 2.130958 0.000000
2.774541 -0.065363 2.258100 0.000000
3.021429 -0.064631 1.996606 0.000000
3.023607 -0.065960 1.738552 0.000000
3.389311 -0.056742 2.834206 0.000000
3.297061 -0.056355 3.012977 0.000000
4.290445 -0.050497 2.818550 0.000000
3.804531 -0.053168 2.949815 0.000000
3.751443 -0.053009 3.051608 0.000000
3.448931 -0.055789 2.925194 0.000000
3.652224 -0.055284 2.746265 0.000000
3.188496 -0.058179 2.843527 0.000000
4.066178 0.017758 2.522208 0.000000
3.272519 -0.058633 2.661454 0.000000
3.749794 0.007551 2.557536 0.000000
3.214879 -0.059577 2.578734 0.000000
2.316859 -0.074074 1.632189 0.000000
2.563696 -0.069722 1.902598 0.000000
2.610966 -0.072891 1.215502 0.000000
2.400571 -0.073405 1.590434 0.000000
2.452310 -0.072516 1.643750 0.000000
2.401047 -0.075293 1.234663 0.000000
2.297760 -0.075168 1.488237 0.000000
2.465840 -0.075005 1.120906 0.000000
2.287973 -0.076268 1.309986 0.000000
2.211958 -0.078170 1.104785 0.000000
2.189521 -0.075544 1.622213 0.000000
2.123987 -0.077439 1.441752 0.000000
2.609602 -0.069809 1.813358 0.000000
2.664365 -0.067947 2.021828 0.000000
2.891846 -0.066648 1.861020 0.000000
2.949344 -0.067048 1.672314 0.000000
2.577026 -0.068874 2.011645 0.000000
2.999495 -0.067340 1.495630 0.000000
2.641625 -0.070607 1.616709 0.000000
2.666332 -0.071268 1.435234 0.000000
6.513712 -0.030414 6.028953 0.000000
7.080211 -0.026758 7.010144 0.000000
5.312712 -0.034243 5.828908 0.000000
4.543286 -0.037813 5.493512 0.000000
6.151433 -0.030575 6.305490 0.000000
5.171829 -0.035111 5.695248 0.000000
4.546866 -0.038441 5.335216 0.000000
5.939944 -0.032205 5.922846 0.000000
5.112939 -0.036306 5.407157 0.000000
4.361212 -0.040407 5.022819 0.000000
4.690710 -0.036587 5.687717 0.000000
4.978497 -0.037173 5.289377 0.000000
4.338783 -0.041228 4.854091 0.000000
6.531119 -0.030744 5.884788 0.000000
5.670400 -0.034477 5.429427 0.000000
4.920872 -0.038377 5.020959 0.000000
6.213030 -0.032925 5.401038 0.000000
5.541209 -0.035615 5.201821 0.000000
4.827477 -0.039416 4.839988 0.000000
4.198196 -0.042478 4.700088 0.000000
-5.304032 -0.028963 7.460340 0.000000
-4.621073 -0.031499 7.094831 0.000000
-4.602603 -0.030385 7.437840 0.000000
-4.679349 -0.029368 7.708114 0.000000
5.395161 -0.028292 7.678000 0.000000
5.241334 -0.029407 7.397716 0.000000
5.158179 -0.030342 7.147402 0.000000
5.149381 -0.031046 6.930033 0.000000
5.910830 -0.027978 7.444659 0.000000
5.069838 -0.031967 6.701133 0.000000
5.960721 -0.028133 7.351235 0.000000
4.991726 -0.032889 6.481713 0.000000
6.120617 -0.033284 5.371570 0.000000
5.689156 -0.030000 6.885304 0.000000
4.914126 -0.033819 6.269343 0.000000
6.681682 -0.026600 7.409456 0.000000
5.736047 -0.030157 6.795789 0.000000
4.764390 -0.035007 6.050610 0.000000
5.566160 -0.031333 6.532527 0.000000
4.764254 -0.035661 5.874505 0.000000
6.381133 -0.028259 6.980363 0.000000
5.415221 -0.033218 6.054198 0.000000
3.818150 -0.050085 3.532995 0.000000
4.012183 -0.047235 3.883905 0.000000
3.762607 -0.049607 3.683933 0.000000
5.149402 -0.041698 3.867933 0.000000
4.509070 -0.045548 3.686299 0.000000
4.137040 -0.047786 3.632057 0.000000
4.952761 -0.043138 3.728438 0.000000
3.754744 -0.051039 3.423124 0.000000
4.720247 -0.043675 3.883100 0.000000
3.578850 -0.051760 3.485288 0.000000
3.526451 -0.053319 3.267024 0.000000
4.422343 -0.047721 3.285504 0.000000
4.591113 -0.047786 3.022321 0.000000
5.172299 -0.039053 4.581865 0.000000
4.735643 -0.040457 4.666512 0.000000
4.139270 -0.044018 4.423083 0.000000
5.955905 -0.034513 5.123691 0.000000
5.307374 -0.037513 4.875529 0.000000
4.742849 -0.041461 4.408821 0.000000
4.074718 -0.044947 4.289403 0.000000
5.183507 -0.038659 4.680229 0.000000
4.416286 -0.042286 4.541659 0.000000
3.986506 -0.045575 4.245137 0.000000
5.797294 -0.036274 4.716687 0.000000
4.556749 -0.042550 4.339541 0.000000
3.947247 -0.046815 4.034490 0.000000
5.575536 -0.037928 4.451744 0.000000
4.940787 -0.041361 4.215796 0.000000
4.384681 -0.044640 4.039720 0.000000
4.379754 -0.045719 3.801596 0.000000
3.756048 -0.048985 3.807315 0.000000
1.397309 -0.119220 0.812485 0.000000
1.129911 -0.122901 0.619489 0.000000
1.632962 -0.086700 0.775201 0.000000
1.690781 -0.085544 0.893593 0.000000
1.444686 -0.118606 0.825022 0.000000
0.542161 -0.093581 0.444201 0.000000
0.741049 -0.126849 0.497081 0.000000
1.673237 7.751123 0.294591 0.000000
1.490093 7.750884 0.296600 0.000000
1.677292 7.751227 0.528844 0.000000
1.306776 7.750674 0.301607 0.000000
0.870728 -0.125484 0.617340 0.000000
3.119134 -0.066278 1.445868 0.000000
2.896849 -0.069452 1.253152 0.000000
3.352133 -0.063033 1.661533 0.000000
3.680063 -0.058640 1.988820 0.000000
3.513047 -0.060849 1.818748 0.000000
3.431871 -0.061944 1.738603 0.000000
2.190522 -0.079033 0.956744 0.000000
2.009443 -0.080684 1.099998 0.000000
1.955174 -0.081530 1.062352 0.000000
1.913670 -0.082650 0.921976 0.000000
2.045335 -0.079437 1.257722 0.000000
1.749323 -0.084246 1.023139 0.000000
-1.180896 -0.121120 0.862710 0.000000
-0.766198 -0.126007 0.658129 0.000000
-1.766895 -0.082370 1.258390 0.000000
-1.585068 -0.085325 1.120987 0.000000
-1.384779 -0.117624 1.086950 0.000000
-1.568056 -0.084927 1.219098 0.000000
1.094549 16.236088 0.710010 0.000000
1.199033 7.750773 0.723501 0.000000
0.472892 35.720084 0.583301 0.000000
1.096543 26.330291 0.655435 0.000000
1.158920 15.365298 0.649061 0.000000
1.091534 9.523865 0.610424 0.000000
-0.062360 35.720147 0.737041 0.000000
0.930834 35.720193 0.799513 0.000000
1.095560 20.346518 0.709904 0.000000
1.092973 12.043179 0.697795 0.000000
-0.699526 35.720188 0.787251 0.000000
0.333923 35.720177 0.812162 0.000000
1.097186 32.000198 0.866758 0.000000
1.092380 10.904829 0.575610 0.000000
-1.096136 27.644622 0.800458 0.000000
-0.262903 35.720190 0.834122 0.000000
0.738182 35.720191 0.822124 0.000000
1.096098 23.323865 0.659547 0.000000
-1.094627 18.288804 0.746769 0.000000
-0.859837 35.720230 0.865416 0.000000
0.022484 35.720230 0.942227 0.000000
1.017983 35.720261 0.947867 0.000000
-1.093097 13.318674 0.722577 0.000000
-1.095653 23.843193 0.850320 0.000000
-0.572432 35.720260 0.968389 0.000000
1.333246 7.750748 0.424177 0.000000
1.807694 7.751571 0.783779 0.000000
1.508468 7.750970 0.458480 0.000000
1.756997 7.751503 0.793080 0.000000
1.090741 8.466353 0.349890 0.000000
1.092402 10.952363 0.357282 0.000000
1.121526 7.750573 0.511844 0.000000
0.414631 35.720185 0.821759 0.000000
1.476375 7.751101 0.753104 0.000000
1.130438 15.365168 0.372896 0.000000
1.091582 9.601055 0.538578 0.000000
1.095754 21.377568 0.408393 0.000000
1.093284 12.738560 0.510219 0.000000
1.090858 8.607731 0.538728 0.000000
1.362600 7.750945 0.721635 0.000000
1.097491 35.611821 0.494853 0.000000
1.094898 17.504925 0.558711 0.000000
-1.524394 7.751341 0.910575 0.000000
-1.354860 7.750964 0.681888 0.000000
-1.090257 8.390894 0.565658 0.000000
-1.678687 7.751587 0.954085 0.000000
-1.519479 7.751187 0.713518 0.000000
-1.180759 7.750652 0.462631 0.000000
-1.766779 6.572112 0.976129 0.000000
-1.684190 7.751434 0.747793 0.000000
-1.633198 6.710885 0.733160 0.000000
-1.091565 10.234327 0.711299 0.000000
-1.094163 16.487845 0.770991 0.000000
-1.096658 33.399400 0.967245 0.000000
-0.179389 35.720198 0.853146 0.000000
-1.089980 8.063332 0.612298 0.000000
-1.092658 12.297858 0.729594 0.000000
-1.095221 21.174884 0.802234 0.000000
-0.772647 35.720238 0.894426 0.000000
-1.091148 9.585815 0.705899 0.000000
-1.170455 15.365360 0.711454 0.000000
-1.121985 29.395245 0.808122 0.000000
-1.190296 7.750765 0.652885 0.000000
-1.092236 11.428223 0.680783 0.000000
-1.094786 18.981499 0.679418 0.000000
-1.090586 8.804800 0.776556 0.000000
-1.093291 13.809547 0.619723 0.000000
-1.091778 10.587812 0.585828 0.000000
-6.210002 -0.027516 7.344548 0.000000
-5.665565 -0.029518 7.018898 0.000000
-5.501015 -0.031160 6.590678 0.000000
-4.439136 -0.034568 6.359376 0.000000
-5.399474 -0.027926 7.757258 0.000000
-4.604781 -0.032452 6.829999 0.000000
-4.690616 -0.030532 7.341353 0.000000
-4.967542 -0.029722 7.424823 0.000000
6.076589 -0.027125 7.649637 0.000000
-4.854758 0.008968 5.135119 0.000000
-5.571079 -0.034586 5.437568 0.000000
-4.892010 -0.037077 5.347189 0.000000
-3.956759 -0.043170 4.724267 0.000000
-4.452984 -0.037488 5.605536 0.000000
6.852700 -0.030516 5.639873 0.000000
5.015855 -0.037340 5.209812 0.000000
6.649432 -0.032121 5.220827 0.000000
6.441011 -0.033133 5.071718 0.000000
5.598469 -0.036001 5.023667 0.000000
6.116251 -0.035779 4.497558 0.000000
5.663510 -0.037390 4.515127 0.000000
5.952771 -0.036994 4.283604 0.000000
5.533677 -0.038507 4.323232 0.000000
6.530961 -0.027154 7.299795 0.000000
8.069727 -0.024008 7.448677 0.000000
7.951726 -0.024817 7.139051 0.000000
6.945579 -0.027984 6.601879 0.000000
-4.066286 -0.042811 4.705710 0.000000
5.520091 -0.032194 6.290114 0.000000
7.428115 -0.026566 6.780156 0.000000
6.752719 -0.029210 6.274427 0.000000
6.165396 -0.031374 6.004715 0.000000
5.372702 -0.033058 6.138905 0.000000
7.304390 -0.027905 6.289377 0.000000
5.211706 -0.035274 5.613282 0.000000
7.073421 -0.029209 5.953645 0.000000
-2.769535 -0.060599 2.912062 0.000000
-3.477604 -0.054065 3.149576 0.000000
-2.362614 -0.068604 2.290250 0.000000
-3.614325 0.786391 2.992274 0.000000
-2.901461 0.064236 2.553344 0.000000
-4.082115 -0.046274 3.965158 0.000000
-3.324593 -0.050254 3.953445 0.000000
-4.430582 -0.041569 4.650573 0.000000
-3.490373 -0.047351 4.312605 0.000000
-3.378399 -0.053396 3.375906 0.000000
-3.874378 -0.048493 3.737513 0.000000
4.711116 -0.047623 2.871537 0.000000
4.587052 -0.049168 2.660398 0.000000
4.951954 -0.045530 3.064069 0.000000
4.031686 -0.054193 2.369642 0.000000
5.793905 -0.038219 4.079671 0.000000
5.393514 -0.040135 4.005045 0.000000
5.577188 -0.039974 3.805085 0.000000
1.772762 7.751588 0.873626 0.000000
0.652535 -0.127254 0.615818 0.000000
1.463352 7.751282 0.997241 0.000000
1.934939 7.752035 1.101538 0.000000
1.924989 7.751778 0.823178 0.000000
1.306926 7.751078 0.967823 0.000000
1.620983 7.751512 1.029561 0.000000
1.090221 7.831828 0.876589 0.000000
1.091719 9.772031 1.006142 0.000000
1.149144 7.750893 0.940683 0.000000
1.476511 7.751322 1.023379 0.000000
-1.095064 15.365917 1.638453 0.000000
-0.591728 29.372049 2.361064 0.000000
0.210560 33.235623 2.360155 0.000000
1.097361 33.587198 2.072100 0.000000
1.094789 17.025016 1.214770 0.000000
-1.011643 28.007083 2.361351 0.000000
-0.312926 32.444600 2.360363 0.000000
0.527040 35.720887 2.295869 0.000000
1.096361 24.868462 1.517031 0.000000
-1.095058 20.414724 1.947573 0.000000
-0.809548 31.543804 2.360590 0.000000
0.016318 35.720849 2.235267 0.000000
0.813908 35.720653 1.814536 0.000000
1.093237 12.575929 1.123296 0.000000
-1.095900 25.880667 2.086277 0.000000
-0.554087 35.720891 2.281613 0.000000
0.247118 35.720670 1.883634 0.000000
-1.092325 11.608909 1.457833 0.000000
-1.094523 17.919072 1.659681 0.000000
-1.096660 33.824027 2.202455 0.000000
-0.316854 35.720718 1.961520 0.000000
-1.090935 9.272349 1.217590 0.000000
-1.093120 13.392673 1.420713 0.000000
-1.095273 21.563255 1.618101 0.000000
-0.830422 35.720731 1.940210 0.000000
1.090753 8.459088 0.845037 0.000000
1.094761 16.888048 1.404045 0.000000
1.092236 10.604587 1.096678 0.000000
1.096301 24.362113 1.826144 0.000000
1.093736 13.768391 1.260888 0.000000
1.091226 9.058289 1.020317 0.000000
0.917333 33.337999 2.360113 0.000000
1.095272 18.924073 1.410328 0.000000
1.092736 11.536363 1.048461 0.000000
0.373494 32.057234 2.360436 0.000000
1.096806 28.094181 2.027351 0.000000
1.139922 15.365609 1.216200 0.000000
-0.129952 30.728237 2.360755 0.000000
0.755821 33.898749 2.359977 0.000000
1.095777 21.341176 1.497649 0.000000
1.995467 -0.080265 1.215577 0.000000
1.786271 -0.082725 1.222364 0.000000
1.494496 -0.117162 1.007031 0.000000
1.963189 -0.079503 1.408490 0.000000
1.153804 -0.121962 0.814402 0.000000
-1.150443 7.751192 1.201081 0.000000
-1.779980 -0.079972 1.584276 0.000000
-1.399785 -0.116570 1.223255 0.000000
-1.901322 -0.077667 1.714422 0.000000
-1.608930 7.751701 1.172840 0.000000
-0.579597 -0.127425 0.655143 0.000000
-1.797669 6.572576 1.322131 0.000000
-1.698461 6.572207 1.173403 0.000000
-1.633175 6.670443 1.290200 0.000000
-0.779270 -0.125244 0.818396 0.000000
-1.306728 7.751238 1.085441 0.000000
-1.091708 10.473686 1.269540 0.000000
-1.093862 15.504601 1.306301 0.000000
-1.095934 26.052559 1.486042 0.000000
-1.300467 7.751396 1.243586 0.000000
-1.090297 8.435215 1.166862 0.000000
-1.092413 11.791848 1.144047 0.000000
-1.094453 17.607458 1.165898 0.000000
-1.559196 7.751735 1.265126 0.000000
-1.155007 7.751038 1.045209 0.000000
-1.090956 9.309112 1.038723 0.000000
-1.092888 12.817698 0.958707 0.000000
-1.111600 7.750849 0.878581 0.000000
-1.091381 9.938972 0.833675 0.000000
-1.783785 7.752308 1.480054 0.000000
-1.089862 7.931449 0.817274 0.000000
-1.759476 7.751963 1.220029 0.000000
-1.457995 7.751458 1.127910 0.000000
-1.369927 7.751117 0.869151 0.000000
-1.718056 6.572554 1.409411 0.000000
-1.171425 -0.120341 1.026165 0.000000
-0.938922 -0.123833 0.814523 0.000000
-0.387583 -1.556304 0.098642 0.000000
0.566193 -1.389262 0.096439 0.000000
0.394913 -1.584547 0.099022 0.000000
0.026399 -1.405578 0.097519 0.000000
-0.857380 -0.788495 0.091664 0.000000
-1.295020 -0.232320 0.088772 0.000000
-9.893770 -0.023049 5.948341 0.000000
-8.848928 -0.026499 5.072298 0.000000
-9.213408 -0.024915 5.575589 0.000000
-7.470996 -0.031092 4.522206 0.000000
-8.531649 -0.027065 5.174480 0.000000
-8.944224 -0.025486 5.568810 0.000000
-7.111288 -0.032186 4.523624 0.000000
-8.516986 -0.026504 5.519516 0.000000
-7.710236 -0.029131 5.161418 0.000000
-7.195308 -0.033899 3.571145 0.000000
-6.779296 -0.035663 3.462527 0.000000
-7.437767 -0.032762 3.727380 0.000000
-8.927720 -0.024951 5.918563 0.000000
-8.114574 -0.029485 4.394852 0.000000
-6.637924 -0.035556 3.753707 0.000000
-7.563891 -0.031491 4.178075 0.000000
-8.467225 -0.027998 4.718178 0.000000
8.510005 -0.030338 3.270316 0.000000
8.177613 -0.032501 2.432522 0.000000
8.162780 -0.031105 3.459363 0.000000
7.644014 -0.034464 2.379425 0.000000
7.594152 -0.033674 3.025349 0.000000
6.808406 -0.038673 1.848155 0.000000
7.357801 -0.034825 2.850882 0.000000
6.651983 -0.039614 1.698744 0.000000
-9.718858 -0.021897 6.950110 0.000000
-9.043793 -0.023404 6.723286 0.000000
-9.571061 -0.021775 7.188341 0.000000
9.896140 -0.026430 3.490556 0.000000
9.616610 -0.026562 3.926152 0.000000
-6.914467 -0.035425 3.326581 0.000000
9.315029 -0.028200 3.196932 0.000000
9.069324 -0.028048 3.812326 0.000000
8.966255 -0.029484 2.911818 0.000000
8.557905 -0.030991 2.662265 0.000000
6.983341 -0.035476 3.275770 0.000000
6.511518 -0.036014 3.850146 0.000000
6.738305 -0.036868 3.067353 0.000000
6.514303 -0.037470 3.221489 0.000000
6.311360 -0.038769 3.034047 0.000000
6.637846 -0.034333 4.351890 0.000000
6.117691 -0.040065 2.857808 0.000000
5.937771 -0.041819 2.478046 0.000000
5.932780 -0.041355 2.691850 0.000000
5.689525 -0.043743 2.213654 0.000000
7.507145 -0.031700 4.264227 0.000000
7.608352 -0.028505 5.682842 0.000000
8.083324 -0.028965 4.840768 0.000000
7.835547 -0.028988 5.165421 0.000000
7.452827 -0.029657 5.323595 0.000000
8.115538 -0.029893 4.274962 0.000000
7.842448 -0.030398 4.423781 0.000000
7.515053 -0.030344 4.918168 0.000000
7.680931 -0.031767 3.948801 0.000000
7.230139 -0.031895 4.578050 0.000000
7.515716 -0.032688 3.738713 0.000000
7.315276 -0.033021 3.909898 0.000000
6.975580 -0.033038 4.423724 0.000000
7.108994 -0.034661 3.448739 0.000000
4.422288 -0.054110 1.444649 0.000000
4.296912 -0.055362 1.351127 0.000000
5.695877 -0.041647 3.044141 0.000000
5.508138 -0.045102 2.072986 0.000000
8.113272 -0.027491 5.589173 0.000000
4.820639 -0.050334 1.753081 0.000000
-6.361659 -0.033897 4.808528 0.000000
-5.154921 -0.040751 4.070515 0.000000
-6.797618 -0.032277 4.903309 0.000000
-6.934899 -0.030715 5.389506 0.000000
-6.423390 -0.033823 4.759721 0.000000
-7.068679 -0.030197 5.455998 0.000000
-7.414480 -0.028227 5.945932 0.000000
-5.766926 -0.035418 4.969465 0.000000
-7.787439 -0.026467 6.386070 0.000000
-6.247920 -0.034987 4.545679 0.000000
-7.488038 -0.024561 7.595618 0.000000
-6.733341 -0.028192 6.639664 0.000000
-6.819007 -0.026696 7.191601 0.000000
-7.059487 -0.025333 7.590703 0.000000
9.118644 -0.022098 7.554035 0.000000
9.413128 -0.022633 6.922240 0.000000
9.655665 -0.023024 6.394489 0.000000
9.025932 -0.023896 6.556631 0.000000
-6.559537 -0.028845 6.534522 0.000000
9.749799 -0.023778 5.764399 0.000000
9.272313 -0.024353 5.985864 0.000000
8.699188 -0.025178 6.167738 0.000000
8.231999 -0.026046 6.215495 0.000000
9.394648 -0.025058 5.366219 0.000000
8.810018 -0.025969 5.567809 0.000000
7.835010 -0.027276 6.024109 0.000000
8.804388 -0.027065 4.907188 0.000000
8.400147 -0.027590 5.164287 0.000000
-8.007975 -0.025323 6.736342 0.000000
-5.272563 -0.037713 4.801306 0.000000
-6.197450 -0.032338 5.565462 0.000000
-8.334534 -0.023870 7.182429 0.000000
-7.395076 -0.026857 6.598076 0.000000
-8.668669 -0.022276 7.763847 0.000000
-6.588058 -0.029662 6.184474 0.000000
-7.764292 -0.025296 6.988542 0.000000
-5.833404 -0.033674 5.473070 0.000000
-7.938485 -0.023945 7.511834 0.000000
-7.070362 -0.027293 6.712228 0.000000
-7.337954 -0.025878 7.104437 0.000000
1.333748 -0.494992 0.089573 0.000000
1.470363 -0.348786 0.088861 0.000000
1.137329 -0.914937 0.091706 0.000000
1.536573 -0.508870 0.089267 0.000000
1.929485 -0.083448 0.110648 0.000000
0.864049 -0.971036 0.092641 0.000000
1.111829 -0.726660 0.090895 0.000000
1.728116 -0.301399 0.088321 0.000000
0.735241 -1.088696 0.093659 0.000000
9.010014 -0.030436 1.881581 0.000000
-8.522661 -0.029311 3.806529 0.000000
-9.743585 -0.025675 4.231967 0.000000
-8.963977 -0.027648 4.139927 0.000000
-9.273475 -0.026382 4.501498 0.000000
-9.849945 -0.024682 4.821196 0.000000
9.416216 -0.029387 1.731015 0.000000
9.767342 -0.028145 2.089801 0.000000
9.750943 -0.027894 2.420037 0.000000
9.879630 -0.027039 2.963537 0.000000
9.114567 -0.030427 1.516902 0.000000
-9.112926 -0.027730 3.811257 0.000000
9.509490 -0.028464 2.481537 0.000000
8.472339 -0.032601 1.345602 0.000000
8.731216 -0.031416 1.747305 0.000000
8.990818 -0.030561 1.806251 0.000000
8.853207 -0.030604 2.200549 0.000000
8.060912 -0.034182 1.180448 0.000000
8.390071 -0.032793 1.454861 0.000000
8.465615 -0.031946 2.082453 0.000000
-8.509794 -0.030690 2.850011 0.000000
-8.023202 -0.032108 2.947776 0.000000
-8.858700 -0.029400 3.054738 0.000000
-6.668435 -0.037546 2.762871 0.000000
-7.467672 -0.034233 2.828669 0.000000
-8.440846 -0.030470 3.170820 0.000000
-9.474976 -0.027170 3.538494 0.000000
7.691237 -0.035838 0.849441 0.000000
-7.804323 -0.032686 3.051944 0.000000
-7.351229 -0.034214 3.096870 0.000000
-8.263702 -0.030954 3.212036 0.000000
-9.227820 -0.027607 3.682847 0.000000
-8.663018 -0.029054 3.716745 0.000000
-9.857009 -0.025488 4.181200 0.000000
5.307536 -0.048797 0.037635 0.000000
6.637123 -0.040351 1.122167 0.000000
5.839832 -0.045060 0.762318 0.000000
6.329461 -0.042404 0.515548 0.000000
5.486481 -0.047577 0.216660 0.000000
7.538898 -0.035833 1.589060 0.000000
7.877623 -0.034719 1.365787 0.000000
8.164905 -0.033530 1.513235 0.000000
8.328946 -0.032508 1.979179 0.000000
7.511791 -0.036467 1.001038 0.000000
7.790537 -0.035064 1.352522 0.000000
7.992202 -0.033907 1.770490 0.000000
6.967896 -0.039060 0.722006 0.000000
7.241701 -0.037431 1.227876 0.000000
6.828846 -0.039561 0.948836 0.000000
6.597463 -0.040939 0.614621 0.000000
6.786859 -0.039751 0.965750 0.000000
-4.748366 -0.052343 0.744932 0.000000
-4.422349 -0.055154 0.584523 0.000000
-4.853173 -0.051650 0.604410 0.000000
-5.106390 -0.049467 0.926581 0.000000
-4.180004 -0.057428 0.297635 0.000000
-6.753601 -0.038755 1.802544 0.000000
-7.007664 -0.037385 1.964968 0.000000
-6.101612 -0.041769 1.949199 0.000000
-6.441219 -0.040487 1.644788 0.000000
-7.321692 -0.035816 2.145673 0.000000
-7.660647 -0.034231 2.342786 0.000000
-8.144555 -0.032163 2.614290 0.000000
-5.376517 -0.047516 0.999664 0.000000
-5.502296 -0.046530 1.133369 0.000000
-5.943835 -0.043536 1.370574 0.000000
-5.933305 -0.043280 1.590873 0.000000
3.417977 -0.735375 0.008343 0.000000
2.932481 -0.816364 0.009482 0.000000
2.019297 -1.577953 0.091512 0.000000
3.097693 -0.746784 0.008991 0.000000
3.749463 -0.737011 0.007756 0.000000
3.187058 -0.924014 0.009128 0.000000
2.784103 -1.187486 0.010644 0.000000
4.036696 -0.217216 0.006629 0.000000
6.400365 -0.041067 1.549278 0.000000
6.770211 -0.037918 2.440418 0.000000
-0.821955 -1.938543 0.100679 0.000000
-1.661173 -1.264423 0.091701 0.000000
-2.095010 -0.248193 0.087690 0.000000
-1.898896 -0.664505 0.089093 0.000000
-1.801819 7.751600 0.737832 0.000000
1.097137 31.283403 1.742023 0.000000
1.096512 25.849326 1.662003 0.000000
1.160974 15.365514 1.051521 0.000000
1.091486 9.435800 0.912259 0.000000
-0.034293 35.433092 2.359588 0.000000
0.843453 35.720804 2.112458 0.000000
1.095507 20.023521 1.255639 0.000000
1.093041 12.164971 0.906968 0.000000
-0.563373 33.807396 2.360023 0.000000
0.267162 35.720787 2.117239 0.000000
1.094617 16.423632 1.011944 0.000000
-1.042976 32.181059 2.360436 0.000000
-0.309350 35.720804 2.131992 0.000000
0.645658 35.720738 1.998251 0.000000
1.096234 24.041800 1.206863 0.000000
-1.095345 22.024794 1.859706 0.000000
-0.887832 35.720930 2.321448 0.000000
0.079875 35.720702 1.943312 0.000000
0.813543 35.720537 1.577695 0.000000
-1.093973 15.858115 1.445310 0.000000
1.091928 10.101975 0.964470 0.000000
1.091374 9.270579 0.954978 0.000000
1.092925 11.905070 1.155595 0.000000
1.090454 8.089489 0.967500 0.000000
1.094443 15.818606 1.301134 0.000000
-1.096095 27.543019 1.898052 0.000000
1.095986 22.453798 1.557708 0.000000
1.093433 13.029347 1.090404 0.000000
1.090926 8.669281 0.884370 0.000000
1.091807 35.720874 2.226317 0.000000
1.094958 17.629610 1.293212 0.000000
1.092347 10.825271 0.869876 0.000000
-1.092831 12.680251 0.794495 0.000000
-1.091223 9.700790 0.718797 0.000000
-1.090954 9.303589 0.918156 0.000000
-1.089850 7.913507 1.033476 0.000000
-0.502057 35.720702 1.919875 0.000000
0.229329 35.720524 1.587846 0.000000
-1.092617 12.220787 1.377213 0.000000
-1.094710 18.721056 1.501123 0.000000
-1.096752 35.051695 1.848981 0.000000
-0.290005 35.720531 1.579947 0.000000
-1.091246 9.732405 1.259174 0.000000
-1.093334 13.953925 1.398402 0.000000
-1.095343 21.957194 1.363852 0.000000
-0.906698 35.720427 1.299110 0.000000
-1.091873 10.755959 1.133302 0.000000
-1.093856 15.461560 1.102269 0.000000
-1.095875 25.542747 1.114324 0.000000
-1.090491 8.677709 1.060206 0.000000
-1.092407 11.770307 0.990307 0.000000
-1.094353 17.205181 0.900309 0.000000
-3.058854 -0.000014 2.553912 0.000000
-3.574152 -0.050240 3.721802 0.000000
-4.140143 -0.045057 4.161180 0.000000
4.594369 -0.037191 5.609115 0.000000
5.312024 -0.029209 7.417885 0.000000
5.885284 -0.027573 7.612964 0.000000
4.996726 -0.032206 6.680367 0.000000
5.633636 -0.029714 7.024799 0.000000
4.271361 -0.042158 4.705208 0.000000
4.838231 -0.034744 6.067103 0.000000
3.885161 -0.047743 3.914011 0.000000
4.792520 -0.039244 4.917441 0.000000
-0.460887 1.948317 0.005764 0.000000
-1.078596 4.013263 0.002690 0.000000
-0.698112 2.004356 0.005625 0.000000
-1.233298 4.292189 0.002365 0.000000
-0.914135 2.101031 0.005405 0.000000
-0.964069 3.700270 0.003068 0.000000
-0.929751 2.242050 0.005158 0.000000
-0.309234 3.034029 0.003989 0.000000
-0.146626 1.876246 0.005927 0.000000
-1.154848 7.750525 0.153129 0.000000
-0.720367 5.518761 0.001170 0.000000
-0.403008 3.116198 0.003870 0.000000
-0.233147 1.955060 0.005771 0.000000
-0.918585 5.882535 0.000839 0.000000
-0.422038 3.262224 0.003668 0.000000
-1.109888 6.432949 0.000370 0.000000
-0.734928 3.241503 0.003675 0.000000
-1.350237 7.058304 -0.000131 0.000000
-0.726309 3.537990 0.003289 0.000000
-0.511549 5.106297 0.001562 0.000000
1.256895 5.246058 0.001338 0.000000
1.523853 5.433764 0.001134 0.000000
1.111358 5.167183 0.001428 0.000000
1.330128 5.113562 0.001455 0.000000
1.401160 5.323854 0.001251 0.000000
0.872241 5.132699 0.001484 0.000000
1.192126 4.883037 0.001697 0.000000
1.371711 4.646571 0.001912 0.000000
0.998301 4.652161 0.001951 0.000000
1.161026 4.346376 0.002254 0.000000
0.606715 5.177066 0.001462 0.000000
0.852251 4.494459 0.002131 0.000000
0.989282 4.022358 0.002636 0.000000
0.124024 2.995744 0.004041 0.000000
-0.172135 6.429045 0.000374 0.000000
0.113739 4.317587 0.002375 0.000000
0.337467 3.125617 0.003842 0.000000
0.352671 2.135380 0.005412 0.000000
-0.239994 6.843209 0.000041 0.000000
-0.010838 4.547601 0.002129 0.000000
-0.416164 7.373540 -0.000366 0.000000
0.426990 2.346145 0.005034 0.000000
0.060423 1.893344 0.005892 0.000000
-0.615882 8.033901 -0.000847 0.000000
-0.270200 4.704301 0.001968 0.000000
-0.186566 2.991617 0.004053 0.000000
-0.847684 8.857946 -0.001414 0.000000
-1.091127 9.528375 0.009560 0.000000
0.587262 4.298213 0.002368 0.000000
1.132852 3.712225 0.002980 0.000000
0.461076 5.382963 0.001275 0.000000
0.663321 4.379107 0.002272 0.000000
0.803458 3.780704 0.002944 0.000000
0.802987 3.353867 0.003482 0.000000
0.697528 3.544183 0.003249 0.000000
0.922418 3.002847 0.003940 0.000000
0.450680 3.231349 0.003686 0.000000
0.683522 2.656089 0.004494 0.000000
0.224332 4.263309 0.002431 0.000000
0.537784 2.580977 0.004633 0.000000
0.131337 6.077296 0.000664 0.000000
-9.653347 3.598017 4.941392 0.000000
-4.456633 -0.035106 2.561440 0.000000
5.239437 -0.041527 3.797445 0.000000
6.155165 -0.035143 4.675370 0.000000
5.888139 -0.033963 5.379538 0.000000
6.248027 -0.034445 4.813965 0.000000
4.828087 -0.045217 3.342064 0.000000
6.139158 -0.033088 5.421132 0.000000
-4.987740 -0.035614 5.663608 0.000000
-6.011368 -0.030895 6.257098 0.000000
-4.141092 -0.041747 4.870466 0.000000
-4.752541 -0.038015 5.224362 0.000000
-4.647818 -0.037234 5.514227 0.000000
-5.565508 -0.032567 6.082022 0.000000
-4.182920 -0.030974 5.131144 0.000000
-5.366043 -0.034530 5.646650 0.000000
-5.775634 -0.031121 6.381981 0.000000
-6.588549 -0.027475 7.059496 0.000000
-4.294703 -0.039612 5.222904 0.000000
-4.814774 -0.035187 5.921920 0.000000
-5.630472 -0.030796 6.609947 0.000000
-6.787237 -0.026195 7.431585 0.000000
-4.373167 -0.038550 5.410051 0.000000
-5.134678 -0.033653 6.104712 0.000000
-5.968745 -0.029031 6.960424 0.000000
-3.778846 -0.047062 4.110325 0.000000
-4.331178 -0.042732 4.479895 0.000000
-5.052920 -0.032429 6.530828 0.000000
-5.713108 -0.033354 5.695423 0.000000
-3.992866 -0.043874 4.547704 0.000000
-4.534174 -0.040391 4.831542 0.000000
-5.859783 -0.032123 5.968222 0.000000
-4.488211 -0.039273 5.141600 0.000000
7.673224 -0.027295 6.191092 0.000000
6.636824 -0.027945 6.892242 0.000000
6.012899 -0.029580 6.781909 0.000000
8.234249 -0.024611 6.977338 0.000000
5.974499 -0.030246 6.574732 0.000000
5.705423 -0.032465 6.046396 0.000000
6.322007 -0.030601 6.140979 0.000000
7.414559 -0.028640 5.839541 0.000000
6.620054 -0.031113 5.649768 0.000000
5.450705 -0.034086 5.756361 0.000000
-4.962423 -0.031127 6.988497 0.000000
-4.534598 -0.036420 5.811410 0.000000
-5.352121 -0.031391 6.630009 0.000000
-6.009556 -0.027199 7.613672 0.000000
-5.415871 -0.029756 7.117956 0.000000
-4.786898 -0.033240 6.484421 0.000000
-5.578740 -0.029144 7.211373 0.000000
-4.874208 -0.032178 6.731498 0.000000
-5.660611 -0.027485 7.746311 0.000000
-5.144072 -0.029022 7.543190 0.000000
7.063662 -0.025669 7.506980 0.000000
6.252739 -0.027605 7.335373 0.000000
6.804495 -0.026806 7.223670 0.000000
6.115075 -0.029142 6.859938 0.000000
8.424819 -0.023218 7.551955 0.000000
-0.209590 -2.601624 0.058790 0.000000
-0.496109 -2.600842 0.046892 0.000000
-0.784007 -2.612800 0.037039 0.000000
-0.974374 -2.632607 0.032193 0.000000
2.179118 -3.082081 0.017051 0.000000
5.213602 -3.201358 0.007324 0.000000
8.303198 -3.248350 0.004548 0.000000
2.693162 -3.228760 0.013963 0.000000
3.275656 -3.143363 0.011561 0.000000
4.244987 -3.094602 0.008951 0.000000
6.162357 -3.085176 0.006138 0.000000
2.354515 -3.115060 0.015855 0.000000
2.990450 -3.096544 0.012614 0.000000
3.713020 -3.079817 0.010212 0.000000
4.847626 -2.948258 0.007780 0.000000
3.847109 -3.233619 0.009906 0.000000
2.432133 -3.133960 0.015377 0.000000
3.117157 -3.149496 0.012131 0.000000
4.112024 -2.876027 0.009149 0.000000
1.971273 -3.039874 0.018720 0.000000
2.602650 -2.884541 0.014325 0.000000
3.596430 -2.841235 0.010434 0.000000
1.797339 -3.004922 0.020383 0.000000
2.068430 -2.827220 0.017758 0.000000
2.579151 -2.876045 0.014444 0.000000
16.918173 -4.733200 0.002531 0.000000
-8.653591 -3.635911 0.004945 0.000000
-14.123949 -4.282154 0.003632 0.000000
-37.825166 -7.090014 0.003667 0.000000
17.249377 -6.564664 0.003171 0.000000
9.744006 -4.838101 0.004391 0.000000
27.013784 -7.375678 0.002444 0.000000
6.753009 -4.042549 0.005900 0.000000
12.430275 -4.796848 0.003483 0.000000
5.178858 -3.707864 0.007513 0.000000
8.057338 -4.025274 0.004968 0.000000
2.935157 -2.910737 0.012770 0.000000
4.188536 -3.498220 0.009171 0.000000
5.950505 -3.654776 0.006552 0.000000
9.870029 -3.846678 0.003997 0.000000
26.424120 -4.643784 0.001423 0.000000
3.589368 -3.430344 0.010625 0.000000
4.709673 -3.437547 0.008172 0.000000
6.930990 -3.555684 0.005606 0.000000
12.662780 -3.582898 0.002967 0.000000
3.024940 -3.253838 0.012501 0.000000
1.209966 -2.828372 0.028730 0.000000
1.582408 -2.802304 0.022658 0.000000
1.006282 -2.801487 0.033344 0.000000
0.860085 -2.828556 0.037909 0.000000
1.877469 -2.809388 0.019406 0.000000
1.648531 -2.975363 0.022050 0.000000
2.296686 -2.848874 0.016112 0.000000
-18.486386 -3.878634 0.002952 0.000000
2.160045 -2.606020 0.016751 0.000000
-1.510700 -2.741821 0.023158 0.000000
-1.291087 -2.729801 0.026402 0.000000
-1.119523 -2.721235 0.029591 0.000000
-1.939373 -2.479639 0.018047 0.000000
-1.645530 -2.749639 0.021519 0.000000
-2.159551 -2.462849 0.016400 0.000000
-1.880521 -2.679575 0.018996 0.000000
-1.504713 -2.833848 0.023447 0.000000
-2.428931 -2.442557 0.014742 0.000000
-16.388735 -2.153384 0.002478 0.000000
-3.010306 -2.861370 0.012478 0.000000
-2.485804 -2.802813 0.014876 0.000000
-6.809231 -2.405560 0.005582 0.000000
-4.616372 -2.754597 0.008282 0.000000
-3.769214 -2.982678 0.010149 0.000000
-2.829613 -2.825856 0.013201 0.000000
-9.790560 -2.333376 0.003948 0.000000
-6.081628 -2.621825 0.006325 0.000000
-4.282355 -2.900211 0.008963 0.000000
-3.224356 -3.043816 0.011779 0.000000
-3.825635 -2.732653 0.009886 0.000000
-8.306267 -2.626113 0.004728 0.000000
-5.304752 -2.966737 0.007350 0.000000
-3.802104 -3.117563 0.010116 0.000000
-12.605261 -2.859881 0.003367 0.000000
-7.081455 -3.096150 0.005674 0.000000
-4.839425 -3.188459 0.008098 0.000000
-26.728014 -3.148659 0.002237 0.000000
-10.267141 -3.313680 0.004176 0.000000
-6.217387 -3.349452 0.006483 0.000000
-1.973599 -2.888545 0.018470 0.000000
-2.080610 -2.682719 0.017359 0.000000
-2.766971 -2.417381 0.013071 0.000000
-2.212120 -2.784883 0.016546 0.000000
-1.791553 -2.866929 0.020135 0.000000
-3.198657 -2.563581 0.011576 0.000000
-2.405465 -2.679889 0.015209 0.000000
-3.757064 -2.550362 0.009940 0.000000
-2.999437 -2.700207 0.012411 0.000000
-2.192067 -2.914952 0.016799 0.000000
-4.212003 -2.539281 0.008913 0.000000
-3.257763 -2.717523 0.011496 0.000000
-2.793261 -2.989397 0.013451 0.000000
-2.336098 -2.811843 0.015763 0.000000
-5.284706 -2.451012 0.007134 0.000000
2.893976 -2.688697 0.012792 0.000000
3.116382 -2.807295 0.011989 0.000000
3.925731 -2.705797 0.009493 0.000000
-3.876315 -2.338042 0.009495 0.000000
-3.450444 -2.068239 0.010306 0.000000
-2.861016 -2.285816 0.012506 0.000000
-4.239247 -2.001725 0.008465 0.000000
-3.203870 -2.385179 0.011390 0.000000
-5.155455 -1.822522 0.006915 0.000000
-2.621253 -2.692551 0.014064 0.000000
-6.420246 -1.876413 0.005632 0.000000
-4.622529 -2.282092 0.008001 0.000000
-3.121933 -2.694586 0.011949 0.000000
-9.020518 -1.577985 0.003915 0.000000
-6.029791 -2.180153 0.006152 0.000000
-4.535501 -2.532690 0.008303 0.000000
-3.494500 -2.710834 0.010756 0.000000
-14.213897 -0.969625 0.002286 0.000000
-2.782547 -2.221982 0.012727 0.000000
-2.303883 -2.490319 0.015537 0.000000
-3.122906 -2.395897 0.011674 0.000000
5.036323 -3.128165 0.007557 0.000000
4.333046 -3.355680 0.008847 0.000000
5.825112 -3.343937 0.006596 0.000000
9.207438 -3.204735 0.004058 0.000000
21.651867 -3.405610 0.001386 0.000000
3.515541 -3.356504 0.010832 0.000000
4.641247 -3.031215 0.008166 0.000000
6.691882 -3.045433 0.005623 0.000000
11.307118 -3.034322 0.003154 0.000000
3.814174 -3.038256 0.009930 0.000000
15.325287 -3.839608 0.002466 0.000000
7.637262 -2.805660 0.004795 0.000000
2.629605 -3.039984 0.014257 0.000000
5.665340 -2.930744 0.006629 0.000000
4.753674 -2.720442 0.007835 0.000000
-20.972786 -2.009304 0.002028 0.000000
-8.080353 -2.034285 0.004581 0.000000
-5.501402 -2.433699 0.006857 0.000000
-4.381046 -2.723396 0.008688 0.000000
-32.681785 1.117930 0.000428 0.000000
-12.291070 -1.724556 0.002969 0.000000
-7.441246 -2.392784 0.005130 0.000000
-5.377440 -2.662704 0.007123 0.000000
-25.020896 -0.828650 0.001364 0.000000
-11.089830 -2.376902 0.003541 0.000000
-6.946421 -2.708247 0.005616 0.000000
-10.144743 -2.750206 0.003995 0.000000
-18.594322 -2.863966 0.002542 0.000000
17.432823 -5.634374 0.002795 0.000000
9.826141 -4.310341 0.004180 0.000000
24.924154 -5.741139 0.001981 0.000000
6.825777 -3.776449 0.005759 0.000000
11.935276 -4.108718 0.003370 0.000000
5.364347 -3.532186 0.007219 0.000000
7.829268 -3.594094 0.004966 0.000000
-24.645776 0.388752 0.000885 0.000000
-3.350469 -2.540028 0.011064 0.000000
-7.983718 -1.723395 0.004485 0.000000
-5.375918 -2.141742 0.006845 0.000000
-3.942919 -2.526815 0.009480 0.000000
-12.003276 -1.159538 0.002791 0.000000
-6.885129 -2.051834 0.005356 0.000000
-4.901816 -2.404182 0.007639 0.000000
-3.650958 -2.706378 0.010317 0.000000
-4.297324 -2.316807 0.008599 0.000000
-9.886173 -1.801544 0.003683 0.000000
-6.160893 -2.357184 0.006120 0.000000
-4.445409 -2.624818 0.008516 0.000000
-17.329488 -1.183005 0.001980 0.000000
-8.565217 -2.234206 0.004422 0.000000
-5.795555 -2.788435 0.006692 0.000000
-13.637265 -2.039990 0.002831 0.000000
-7.554986 -2.610661 0.005153 0.000000
-33.667402 -1.197071 0.001346 0.000000
-11.495246 -2.647186 0.003540 0.000000
-3.912096 -2.168307 0.009272 0.000000
-4.762975 -2.073863 0.007637 0.000000
-3.501227 -2.236683 0.010347 0.000000
-2.960742 -2.444391 0.012316 0.000000
-5.958501 -1.943341 0.006090 0.000000
0.701057 -2.802747 0.043758 0.000000
-12.733298 -4.053177 0.003803 0.000000
-38.468727 -1.357826 0.001395 0.000000
-6.679170 -3.146775 0.006001 0.000000
-4.773716 -3.171720 0.008193 0.000000
-22.794612 -2.936718 0.002299 0.000000
-9.463434 -3.368127 0.004488 0.000000
-5.857461 -3.383735 0.006852 0.000000
-16.316481 -3.635406 0.003076 0.000000
-8.114015 -3.530441 0.005183 0.000000
-5.002386 -2.973164 0.007770 0.000000
-29.181899 -5.920713 0.003275 0.000000
30.083090 -7.513734 0.002274 0.000000
12.808812 -4.693749 0.003346 0.000000
8.067784 -3.952401 0.004942 0.000000
15.985437 -4.406305 0.002569 0.000000
5.863100 -3.555462 0.006621 0.000000
9.506674 -3.679833 0.004098 0.000000
21.555959 -4.114919 0.001677 0.000000
4.650183 -3.361367 0.008257 0.000000
6.750068 -3.371977 0.005694 0.000000
-6.414059 -2.476339 0.005943 0.000000
-4.020068 -2.446122 0.009253 0.000000
-5.161661 -2.520275 0.007334 0.000000
11.385652 -3.397711 0.003271 0.000000
-3.404165 -2.863292 0.011115 0.000000
-9.021794 -2.212173 0.004201 0.000000
-4.056939 -2.907784 0.009437 0.000000
-3.274184 -2.856265 0.011527 0.000000
-14.752975 -2.134443 0.002686 0.000000
-7.730655 -2.632983 0.005049 0.000000
3.161601 -2.796866 0.011815 0.000000
4.292685 -2.716893 0.008686 0.000000
3.455607 -3.170129 0.010982 0.000000
33.652385 -3.433392 0.000434 0.000000
5.172653 -3.224278 0.007391 0.000000
7.684603 -3.163847 0.004907 0.000000
14.335108 -2.993950 0.002342 0.000000
5.930465 -3.008865 0.006358 0.000000
9.102123 -2.847476 0.003968 0.000000
4.725765 -2.932231 0.007979 0.000000
6.637028 -2.779545 0.005564 0.000000
3.920201 -2.881678 0.009598 0.000000
5.219787 -2.741271 0.007130 0.000000
3.398363 -2.956374 0.011089 0.000000
-3.435183 -2.412026 0.010699 0.000000
-3.131934 -1.064459 0.009606 0.000000
-3.543774 -0.898000 0.008493 0.000000
-3.363984 -1.141735 0.009226 0.000000
-7.996326 -0.034632 0.447390 0.000000
-6.207994 -0.555039 0.004968 0.000000
-6.725506 -0.040111 0.499623 0.000000
-7.097119 -0.038417 0.322683 0.000000
-8.145186 -0.034204 0.073947 0.000000
-6.950578 -0.038989 0.569187 0.000000
-8.593035 -0.032599 0.194714 0.000000
-7.394862 -0.036894 0.753044 0.000000
-8.445541 -0.033005 0.455085 0.000000
-9.084974 -0.030976 0.328465 0.000000
-8.906901 -0.031419 0.592610 0.000000
-9.627961 -0.029335 0.477249 0.000000
-8.028596 -0.034208 0.997360 0.000000
-9.413903 -0.029816 0.744914 0.000000
-8.450453 -0.032583 1.168887 0.000000
-2.819394 -1.507716 0.011285 0.000000
-1.842808 -2.141629 0.094124 0.000000
-4.198438 -0.810665 0.007312 0.000000
-3.229528 -1.360328 0.009887 0.000000
-2.841198 -1.716652 0.011628 0.000000
-5.702185 -0.161082 0.005067 0.000000
-4.964305 -0.460331 0.006005 0.000000
-3.914901 -1.055834 0.008052 0.000000
-3.301899 -1.574687 0.010045 0.000000
-4.843451 -0.805485 0.006468 0.000000
-3.923759 -1.383088 0.008434 0.000000
-6.145108 -0.043266 0.285678 0.000000
-6.512848 -0.041303 0.182393 0.000000
-6.322746 -0.283740 0.004692 0.000000
-4.810045 -1.110086 0.006788 0.000000
-6.353761 -0.042098 0.339330 0.000000
-2.020608 -1.162762 0.090257 0.000000
-3.148923 -0.480072 0.008512 0.000000
-3.744850 -0.061563 0.112181 0.000000
-1.578060 -1.453466 0.092782 0.000000
-5.143998 -0.049666 0.129365 0.000000
-5.232884 -0.049034 0.170672 0.000000
-4.673151 -0.053121 0.520256 0.000000
-5.570608 -0.046738 0.289190 0.000000
-5.580337 -0.046432 0.741610 0.000000
-6.311197 -0.042221 0.576317 0.000000
-3.318404 -0.614676 0.008450 0.000000
-3.783305 -0.770747 0.007898 0.000000
4.716593 -0.869452 0.006468 0.000000
2.980107 -1.475023 0.010671 0.000000
3.960943 -1.133200 0.007910 0.000000
3.347260 -1.335185 0.009459 0.000000
-8.462113 -0.032341 1.434511 0.000000
-7.436190 -0.036026 1.585228 0.000000
-8.897543 -0.030772 1.632581 0.000000
-7.918972 -0.033927 1.793852 0.000000
-9.578985 -0.028522 1.972198 0.000000
-8.309259 -0.032350 1.982948 0.000000
-8.734781 -0.030757 2.190697 0.000000
-9.526595 -0.028365 2.308737 0.000000
-8.261524 -0.032125 2.329697 0.000000
-9.106227 -0.029616 2.221947 0.000000
-8.642118 -0.030641 2.556776 0.000000
-9.712940 -0.027526 2.674830 0.000000
-9.042920 -0.029308 2.689664 0.000000
-7.213192 -0.037559 0.939255 0.000000
-6.821779 -0.039575 0.623127 0.000000
-9.535158 -0.027690 2.954397 0.000000
-7.007829 -0.038356 1.100437 0.000000
-7.560612 -0.035974 1.081977 0.000000
-7.936499 -0.034375 1.238319 0.000000
-6.420473 -0.040922 1.388877 0.000000
5.920710 -0.780072 0.005075 0.000000
7.667626 -0.036169 0.396378 0.000000
4.698596 -1.156574 0.006768 0.000000
7.585884 -0.036537 0.304775 0.000000
5.776226 -0.502161 0.004994 0.000000
6.635256 -0.040933 0.120673 0.000000
5.940400 -0.278389 0.004681 0.000000
9.361371 -0.030381 0.312015 0.000000
9.715791 -0.029165 0.802881 0.000000
9.812683 -0.028683 1.194130 0.000000
8.706195 -0.032473 0.109621 0.000000
9.049599 -0.031153 0.683619 0.000000
9.276628 -0.030303 0.989499 0.000000
8.124440 -0.034507 0.074680 0.000000
8.457810 -0.033243 0.316267 0.000000
-9.106938 -0.030590 0.985161 0.000000
8.986870 -0.031223 0.913188 0.000000
8.275451 -0.033878 0.330558 0.000000
8.550477 -0.032736 0.736680 0.000000
7.621819 -0.036453 0.088250 0.000000
8.100832 -0.034404 0.587922 0.000000
-3.259822 -1.641355 0.010255 0.000000
-3.861339 -1.461890 0.008646 0.000000
-4.712145 -1.208214 0.007006 0.000000
-3.921490 -1.671787 0.008764 0.000000
-5.954784 -0.983056 0.005480 0.000000
4.198808 -2.798439 0.008923 0.000000
36.786871 -3.780855 0.000389 0.000000
14.129226 -3.054929 0.002404 0.000000
8.695960 -2.881853 0.004185 0.000000
18.308296 -2.513546 0.001449 0.000000
6.359188 -2.904380 0.005874 0.000000
10.197374 -2.558339 0.003363 0.000000
27.237036 -1.501342 0.000110 0.000000
4.904894 -2.688845 0.007574 0.000000
7.063328 -2.576398 0.005115 0.000000
12.594434 -2.105359 0.002394 0.000000
-22.967823 0.759860 0.000803 0.000000
5.276676 -2.538119 0.006951 0.000000
8.164008 -2.288918 0.004234 0.000000
16.848716 -1.367732 0.001207 0.000000
4.283532 -2.558387 0.008614 0.000000
6.164555 -2.267964 0.005771 0.000000
9.640527 -1.992093 0.003351 0.000000
3.680069 -2.494939 0.009977 0.000000
4.673011 -2.516925 0.007864 0.000000
-4.307909 -1.908922 0.008260 0.000000
-7.877203 -0.477153 0.003886 0.000000
-5.698871 -1.254134 0.005906 0.000000
-4.456022 -1.765733 0.007887 0.000000
-3.780319 -2.070985 0.009481 0.000000
-9.806149 -0.028963 0.179730 0.000000
-5.483836 -1.581715 0.006359 0.000000
-21.238510 3.035821 -0.000057 0.000000
-20.482303 1.994615 0.000419 0.000000
-11.016972 -0.557943 0.002768 0.000000
-7.464051 -1.507849 0.004682 0.000000
-20.987817 1.275229 0.000690 0.000000
-11.309691 -0.944972 0.002868 0.000000
6.832945 -2.168103 0.005109 0.000000
5.259836 -2.251600 0.006817 0.000000
3.725479 -2.266920 0.009669 0.000000
3.094684 -2.583864 0.011899 0.000000
2.083733 -2.386536 0.093414 0.000000
9.292274 -0.566701 0.002831 0.000000
3.257999 -2.136448 0.010856 0.000000
6.772594 -1.026882 0.004527 0.000000
5.146561 -1.484623 0.006442 0.000000
5.587395 -1.570597 0.005976 0.000000
3.081737 -1.870287 0.011045 0.000000
4.197402 -1.794598 0.008191 0.000000
3.517801 -1.922096 0.009848 0.000000
19.266038 1.137341 -0.000178 0.000000
-8.876282 -0.031280 1.024531 0.000000
-9.629818 -0.028975 1.161360 0.000000
-9.408866 -0.029555 1.222040 0.000000
16.520650 -0.356292 0.000839 0.000000
9.606841 -1.290944 0.003047 0.000000
27.561843 1.967334 -0.001317 0.000000
6.617658 -1.770323 0.005084 0.000000
12.647757 -0.503576 0.001692 0.000000
5.026187 -1.999732 0.006982 0.000000
8.197136 -1.241062 0.003711 0.000000
4.380551 -2.163806 0.008156 0.000000
6.043749 -1.486315 0.005443 0.000000
10.592080 -0.549915 0.002322 0.000000
3.464729 -2.194033 0.010302 0.000000
4.602419 -1.929231 0.007585 0.000000
7.346178 -1.041758 0.004128 0.000000
15.321505 0.768174 0.000565 0.000000
3.972600 -1.975185 0.008819 0.000000
-23.270119 -2.613538 0.002148 0.000000
-2.740045 -1.908693 0.012353 0.000000
-6.262461 -0.711007 0.005038 0.000000
-4.275993 -1.552860 0.007990 0.000000
-5.326712 -1.079481 0.006158 0.000000
-8.812334 -0.031877 0.197752 0.000000
-6.870695 -0.682762 0.004584 0.000000
-4.744360 -1.483413 0.007205 0.000000
-3.542932 -1.907814 0.009879 0.000000
-9.537619 -0.029671 0.262961 0.000000
-9.547839 -0.050280 0.002961 0.000000
-5.808825 -1.160252 0.005734 0.000000
-4.054890 -1.769933 0.008604 0.000000
-3.047468 -1.714556 0.010971 0.000000
-3.252616 -2.040462 0.010836 0.000000
-4.762893 -1.901995 0.007516 0.000000
-3.790578 -2.342341 0.009700 0.000000
-7.932274 -2.318435 0.004792 0.000000
-12.070751 -2.158315 0.003203 0.000000
-26.016173 -1.641813 0.001662 0.000000
15.741686 -2.222661 0.001744 0.000000
9.298401 -2.379777 0.003673 0.000000
16.338486 -1.573314 0.001374 0.000000
6.469459 -2.516419 0.005599 0.000000
17.623115 -0.793854 0.000848 0.000000
5.011503 -2.536778 0.007331 0.000000
-14.603811 -1.486258 0.002444 0.000000
10.290386 -1.537921 0.002885 0.000000
20.189647 0.285945 0.000062 0.000000
4.008064 -2.580737 0.009223 0.000000
7.381518 -1.800196 0.004512 0.000000
11.335272 -0.965829 0.002268 0.000000
3.597440 -2.572856 0.010262 0.000000
7.853137 -1.458596 0.004023 0.000000
-7.146113 -1.793688 0.005038 0.000000
-6.107036 -1.700908 0.005808 0.000000
-8.246588 -1.391460 0.004184 0.000000
-5.573284 -1.972031 0.006512 0.000000
-4.076450 -2.368929 0.009077 0.000000
-12.928313 -0.647800 0.002374 0.000000
-4.990587 -2.308276 0.007453 0.000000
-28.912862 1.801066 0.000206 0.000000
-10.437221 -1.411391 0.003326 0.000000
-6.348891 -2.124810 0.005830 0.000000
-19.092082 -0.408171 0.001510 0.000000
-8.874308 -1.928938 0.004146 0.000000
-5.623115 -2.222027 0.006602 0.000000
4.011687 -1.911930 0.008675 0.000000
6.059932 -1.755233 0.005592 0.000000
4.838370 -1.921565 0.007204 0.000000
-18.301708 2.391249 0.000397 0.000000
-3.849081 -0.935568 0.008011 0.000000
-5.802625 -0.045249 0.377919 0.000000
-4.616837 -0.482822 0.006413 0.000000
-6.453763 -0.041471 0.552621 0.000000
-4.814427 -0.716555 0.006415 0.000000
-6.732450 -0.039984 0.671271 0.000000
-7.047470 -0.038511 0.620751 0.000000
-2.762554 -1.389253 0.011210 0.000000
-4.401443 -0.292529 0.006456 0.000000
-3.693357 -0.808264 0.008099 0.000000
-5.402811 -0.047874 0.021639 0.000000
-9.362805 -0.029286 1.770561 0.000000
-9.388289 -0.029431 1.487815 0.000000
-9.635027 -0.028457 1.868239 0.000000
-9.652933 -0.028583 1.644851 0.000000
-9.836476 -0.028132 1.593325 0.000000
9.560141 -0.028858 1.894066 0.000000
9.492571 -0.029409 1.417255 0.000000
-8.936292 -0.031244 0.757464 0.000000
9.788590 -0.028723 1.234271 0.000000
8.890156 -0.031244 1.341096 0.000000
8.283386 -0.033284 1.305157 0.000000
9.257799 -0.030351 1.003859 0.000000
8.457959 -0.032786 1.161740 0.000000
7.921299 -0.034734 1.141784 0.000000
9.482964 -0.029840 0.746096 0.000000
8.751415 -0.032017 0.832265 0.000000
8.059695 -0.034318 0.998512 0.000000
-7.691962 -0.035438 1.089735 0.000000
-8.061704 -0.033896 1.254447 0.000000
-8.227185 -0.033268 1.292859 0.000000
-8.393605 -0.032988 0.847362 0.000000
-8.909589 -0.030793 1.560961 0.000000
-8.624651 -0.031953 1.232862 0.000000
7.581415 -0.036187 0.990483 0.000000
4.436828 -0.519237 0.006467 0.000000
7.143133 -0.038391 0.457753 0.000000
8.856188 -0.031741 0.719061 0.000000
8.293209 -0.033659 0.679179 0.000000
7.714558 -0.035796 0.765110 0.000000
8.443284 -0.033249 0.428434 0.000000
7.873620 -0.035288 0.540834 0.000000
7.490673 -0.036815 0.581600 0.000000
6.451571 -0.041816 0.363952 0.000000
3.213992 -1.045994 0.009286 0.000000
4.128609 -0.405184 0.006744 0.000000
8.465513 -0.033291 0.079360 0.000000
4.531291 -1.549164 0.007382 0.000000
5.755137 -0.863304 0.005292 0.000000
3.607803 -1.752961 0.009415 0.000000
4.792184 -1.280681 0.006751 0.000000
6.076166 -0.681413 0.004865 0.000000
7.512625 -0.499007 0.003707 0.000000
3.878917 -1.408857 0.008400 0.000000
4.109932 -1.247401 0.007780 0.000000
-8.017002 -0.735314 0.003955 0.000000
-5.014387 -1.576459 0.006916 0.000000
-12.592285 0.438445 0.001953 0.000000
-6.679129 -1.014156 0.004922 0.000000
-28.174702 4.186433 -0.000750 0.000000
-9.801843 -0.553542 0.003132 0.000000
-17.468964 1.034716 0.001043 0.000000
20.357951 1.357966 -0.000400 0.000000
10.779225 -0.586466 0.002282 0.000000
19.260229 1.893335 -0.000494 0.000000
10.795282 -0.046075 0.002020 0.000000
19.468560 2.727783 -0.000872 0.000000
7.261678 -0.939013 0.004126 0.000000
9.433981 -0.030240 0.107239 0.000000
5.594809 -1.311462 0.005787 0.000000
3.638099 -2.836935 0.010313 0.000000
4.026365 -3.018871 0.009404 0.000000
4.401723 -2.868270 0.008542 0.000000
-4.455434 -2.105791 0.008159 0.000000
-5.736591 -2.076625 0.006395 0.000000
-2.492935 -2.345153 0.014242 0.000000
8.824751 -3.504357 0.004361 0.000000
9.247618 -4.429895 0.004472 0.000000
22.077867 -5.860708 0.002298 0.000000
6.415629 -3.983891 0.006179 0.000000
11.281666 -4.269414 0.003630 0.000000
37.600320 -6.353317 0.001357 0.000000
7.543558 -3.719864 0.005198 0.000000
14.492376 -4.082219 0.002731 0.000000
5.736818 -3.410618 0.006722 0.000000
15.715509 -5.710563 0.003101 0.000000
20.328846 -3.713752 0.001657 0.000000
4.556809 -3.246416 0.008392 0.000000
6.522094 -3.279322 0.005864 0.000000
10.959880 -3.211615 0.003340 0.000000
7.526605 -3.122133 0.004999 0.000000
-7.524820 -1.916639 0.004848 0.000000
-5.032809 -2.229141 0.007345 0.000000
-10.717468 -1.671885 0.003357 0.000000
-6.745250 -2.292204 0.005579 0.000000
-18.860085 -0.979129 0.001764 0.000000
-9.306100 -2.211682 0.004087 0.000000
-4.506122 -2.806675 0.008500 0.000000
-15.237727 -1.967151 0.002552 0.000000
-5.695490 -2.854802 0.006831 0.000000
-12.993086 -2.637197 0.003199 0.000000
-7.479492 -2.809138 0.005281 0.000000
-29.382260 -2.680726 0.001998 0.000000
-11.474030 -3.143240 0.003752 0.000000
-23.515507 -3.699505 0.002574 0.000000
6.720491 -2.342329 0.005288 0.000000
34.896134 -5.064389 0.000997 0.000000
13.762799 -3.573313 0.002687 0.000000
8.550646 -3.206732 0.004390 0.000000
17.508791 -3.148178 0.001816 0.000000
6.355208 -3.101025 0.005956 0.000000
9.972585 -2.918793 0.003598 0.000000
25.020098 -2.433514 0.000662 0.000000
6.938842 -2.827303 0.005322 0.000000
12.099446 -2.532511 0.002705 0.000000
7.847030 -2.458596 0.004510 0.000000
15.771478 -1.941962 0.001623 0.000000
5.860125 -2.494834 0.006209 0.000000
9.423767 -2.301493 0.003587 0.000000
3.553669 -2.769411 0.010518 0.000000
-3.873119 -2.897958 0.009856 0.000000
-9.178528 -2.184787 0.004127 0.000000
-5.961842 -2.717949 0.006484 0.000000
-15.061190 -1.902305 0.002549 0.000000
-7.813610 -2.601954 0.004991 0.000000
-6.400366 -2.215738 0.005828 0.000000
-11.826550 -2.591305 0.003440 0.000000
-6.834069 -2.923100 0.005793 0.000000
-23.967377 -2.563255 0.002102 0.000000
-9.801774 -3.054880 0.004241 0.000000
-6.030374 -3.051480 0.006554 0.000000
-17.000210 -3.274100 0.002848 0.000000
-8.452196 -3.595979 0.005025 0.000000
-13.457261 -3.876680 0.003596 0.000000
-33.241355 -5.742824 0.003158 0.000000
19.227939 -5.150377 0.002356 0.000000
5.617027 -2.556243 0.006522 0.000000
10.378918 -3.911614 0.003824 0.000000
24.839854 -4.782517 0.001610 0.000000
7.074148 -3.543722 0.005484 0.000000
12.060281 -3.659292 0.003162 0.000000
36.596033 -4.192275 0.000557 0.000000
7.859881 -3.201362 0.004806 0.000000
14.599391 -3.230215 0.002370 0.000000
18.908657 -2.577743 0.001389 0.000000
6.600523 -2.883232 0.005636 0.000000
10.793786 -2.581748 0.003146 0.000000
5.173944 -2.939988 0.007282 0.000000
7.453922 -2.535781 0.004809 0.000000
8.112030 -3.589929 0.004786 0.000000
16.881647 -3.836182 0.002188 0.000000
3.295115 -3.350667 0.011525 0.000000
6.174971 -3.361749 0.006228 0.000000
9.809954 -3.202900 0.003786 0.000000
2.858013 -3.254271 0.013197 0.000000
7.096304 -3.039293 0.005286 0.000000
5.569006 -3.018877 0.006786 0.000000
12.410378 -5.385650 0.003697 0.000000
-4.213028 -3.158110 0.009204 0.000000
-15.779383 -3.053844 0.002916 0.000000
-7.836742 -3.372367 0.005280 0.000000
-5.229884 -3.286667 0.007569 0.000000
-12.214006 -3.557458 0.003730 0.000000
-6.864735 -3.494843 0.005983 0.000000
-25.873605 -4.619924 0.002848 0.000000
-9.938150 -3.888358 0.004507 0.000000
-17.838057 -4.903680 0.003411 0.000000
27.798538 -8.845396 0.002951 0.000000
7.977791 -4.390823 0.005128 0.000000
16.856263 -5.501280 0.002831 0.000000
5.870361 -3.919163 0.006705 0.000000
9.728995 -4.274686 0.004207 0.000000
25.724328 -5.734075 0.001905 0.000000
4.725839 -3.669277 0.008194 0.000000
12.380704 -4.108401 0.003242 0.000000
3.883387 -3.481235 0.009859 0.000000
-5.888675 -3.069075 0.006711 0.000000
-1.389614 -2.821016 0.025089 0.000000
-7.829592 -2.450697 0.004916 0.000000
-4.772405 -2.509085 0.007897 0.000000
-5.985810 -2.481928 0.006351 0.000000
-5.154451 -2.749126 0.007457 0.000000
-3.183255 -3.023939 0.011914 0.000000
-11.634109 -2.374137 0.003399 0.000000
-6.711888 -2.786789 0.005830 0.000000
-4.724100 -2.958076 0.008194 0.000000
-3.463613 -3.060980 0.011020 0.000000
-22.346330 -2.164239 0.002004 0.000000
-9.564296 -2.857433 0.004248 0.000000
-7.993553 -0.023660 7.610106 0.000000
-6.298859 -0.027098 7.441182 0.000000
-5.694755 -0.028035 7.522944 0.000000
6.176597 -0.027583 7.400921 0.000000
6.025128 -0.028899 7.020431 0.000000
5.818331 -0.029931 6.810575 0.000000
6.843718 -0.025487 7.760266 0.000000
6.744004 -0.026785 7.282063 0.000000
5.673127 -0.032000 6.226814 0.000000
7.572262 -0.024320 7.720340 0.000000
7.355693 -0.025534 7.324405 0.000000
-7.004179 -0.027702 6.595720 0.000000
-6.029135 -0.032671 5.618317 0.000000
-6.782844 -0.029689 5.980458 0.000000
-5.112100 -0.034407 5.902373 0.000000
-6.935210 -0.029233 6.012901 0.000000
-6.534513 -0.029513 6.293173 0.000000
7.145723 -0.026762 6.950256 0.000000
-5.242349 -0.032520 6.360824 0.000000
-5.801855 -0.030833 6.458512 0.000000
-5.464334 -0.030265 6.913281 0.000000
6.736713 -0.031231 5.476699 0.000000
5.934274 -0.035168 4.926827 0.000000
7.218136 -0.027430 6.586854 0.000000
6.373993 -0.031849 5.625987 0.000000
7.167017 -0.028642 6.102364 0.000000
-8.377279 3.609040 4.938420 0.000000
-5.227647 -0.038896 4.511097 0.000000
-5.412174 -0.037777 4.629341 0.000000
-5.891283 -0.035595 4.769612 0.000000
-6.082029 -0.034798 4.818834 0.000000
-6.217100 -0.033155 5.249901 0.000000
-6.424920 -0.031808 5.521580 0.000000
4.861831 -0.048595 2.288924 0.000000
-0.014519 2.544070 0.004736 0.000000
-0.176673 2.098927 0.005504 0.000000
0.160212 2.337949 0.005073 0.000000
0.074245 2.430280 0.004921 0.000000
-0.323644 2.052831 0.005581 0.000000
-0.072444 2.277212 0.005185 0.000000
-0.492757 2.490304 0.004808 0.000000
-0.318831 2.259663 0.005210 0.000000
-0.751625 2.683481 0.004475 0.000000
-0.257775 2.569418 0.004694 0.000000
-0.604630 3.003824 0.004016 0.000000
-0.470432 2.975432 0.004066 0.000000
-0.359862 2.756314 0.004397 0.000000
0.038982 1.116829 0.007633 0.000000
0.270211 1.461045 0.006782 0.000000
0.494301 2.148211 0.005369 0.000000
0.797926 2.813832 0.004235 0.000000
0.076058 1.260744 0.007270 0.000000
0.258853 1.716155 0.006233 0.000000
0.531589 2.838387 0.004238 0.000000
-0.106603 1.335233 0.007094 0.000000
0.018541 1.767142 0.006145 0.000000
0.444828 2.684932 0.004482 0.000000
-0.192234 1.497346 0.006718 0.000000
0.008122 2.184393 0.005349 0.000000
0.340937 2.626722 0.004583 0.000000
-0.154899 1.783431 0.006112 0.000000
0.303950 2.487507 0.004811 0.000000
-1.454421 4.804443 0.001815 0.000000
-0.955959 3.353608 0.003505 0.000000
-1.153424 3.656115 0.003101 0.000000
-0.847468 3.181255 0.003746 0.000000
-1.249905 4.556292 0.002083 0.000000
-1.052248 4.336524 0.002331 0.000000
-0.880177 3.528525 0.003288 0.000000
-0.506086 2.735368 0.004420 0.000000
-1.447205 5.173590 0.001459 0.000000
-1.168240 3.942923 0.002761 0.000000
0.660066 3.070962 0.003885 0.000000
-0.698500 2.836986 0.004250 0.000000
-1.510131 5.262334 0.001371 0.000000
0.510758 1.409939 0.006853 0.000000
0.602710 1.512488 0.006602 0.000000
0.820424 2.422881 0.004839 0.000000
1.053913 3.870580 0.002804 0.000000
0.627392 2.243863 0.005177 0.000000
1.036227 3.542308 0.003203 0.000000
0.274768 1.006126 0.007899 0.000000
0.663423 0.966243 0.007894 0.000000
-1.091666 10.403253 0.806317 0.000000
-1.090161 8.277389 0.750871 0.000000
-3.547464 -0.046373 4.441994 0.000000
-4.726097 -0.038208 5.198472 0.000000
-3.724101 -0.043424 4.860761 0.000000
-4.246151 -0.028426 5.131520 0.000000
-6.125191 -0.028349 7.091330 0.000000
-4.104387 -0.037455 5.867497 0.000000
-4.701522 -0.034296 6.250337 0.000000
-4.171713 -0.036451 6.061911 0.000000
-5.376765 -0.031975 6.425656 0.000000
-4.310315 -0.034434 6.478916 0.000000
-4.947378 -0.030918 7.062680 0.000000
-4.381211 -0.033428 6.700957 0.000000
-5.052918 -0.030069 7.260302 0.000000
-5.119763 -0.028854 7.614303 0.000000
-4.527552 -0.031399 7.180584 0.000000
-4.493288 -0.031067 7.297615 0.000000
-3.909359 -0.040451 5.332656 0.000000
-3.973020 -0.039458 5.502627 0.000000
-2.543991 -0.059818 2.550437 0.000000
-3.931696 0.788598 3.006654 0.000000
-1.093162 13.489001 0.891100 0.000000
3.630287 -0.052943 3.214094 0.000000
7.777186 3.630852 4.936470 0.000000
7.009877 3.567857 4.934395 0.000000
1.091374 9.289992 0.708039 0.000000
1.090636 8.322396 0.745753 0.000000
1.094597 16.387377 0.815110 0.000000
1.092146 10.493036 0.619715 0.000000
1.096239 24.125204 1.031577 0.000000
1.093724 13.780349 0.874538 0.000000
1.091239 9.085496 0.940411 0.000000
0.897258 35.720413 1.301392 0.000000
1.095301 19.096858 1.040578 0.000000
1.092795 11.664867 0.889951 0.000000
1.847635 7.751476 0.535894 0.000000
1.101804 29.395487 1.370132 0.000000
-1.091163 9.609488 0.969868 0.000000
-1.091619 10.322749 1.064484 0.000000
-1.094089 16.252989 1.170966 0.000000
-1.096519 31.839441 1.605271 0.000000
-1.090159 8.270193 0.981690 0.000000
-1.092628 12.239424 1.047482 0.000000
-1.095110 20.624301 1.240473 0.000000
-0.818507 35.720538 1.547320 0.000000
-0.761884 35.720583 1.653751 0.000000
-1.109175 15.365555 1.102958 0.000000
-1.096084 27.282459 1.292103 0.000000
-1.092144 11.253890 0.949534 0.000000
-1.094641 18.373065 1.030491 0.000000
-1.090609 8.835569 0.861920 0.000000
-1.095968 26.323270 1.457618 0.000000
1.094324 15.473466 1.008107 0.000000
1.091732 9.800997 0.946000 0.000000
0.721757 35.720544 1.603397 0.000000
1.095878 21.919530 1.214447 0.000000
1.093324 12.792478 0.953982 0.000000
-0.939590 35.720586 1.636048 0.000000
0.004381 35.720561 1.659007 0.000000
1.097491 35.212303 1.648394 0.000000
1.094833 17.196669 1.079325 0.000000
-0.575207 35.720597 1.700770 0.000000
0.584911 35.720553 1.625736 0.000000
1.096383 25.038911 1.308743 0.000000
-1.094521 17.883583 1.384389 0.000000
-1.044777 35.720668 1.787419 0.000000
-0.053775 35.720574 1.684470 0.000000
0.929624 35.720561 1.616162 0.000000
-1.093076 13.275330 1.187465 0.000000
-1.095534 23.127463 1.388368 0.000000
3.310962 -0.224171 0.007677 0.000000
-2.046816 -0.575680 0.088571 0.000000
-3.340021 -0.384941 0.008030 0.000000
-2.795390 -0.776634 0.009789 0.000000
-2.950498 -0.418312 0.008744 0.000000
6.325669 -0.041451 1.551389 0.000000
9.192732 -0.029748 2.050025 0.000000
6.384553 -0.041345 1.394609 0.000000
-9.311518 -0.028506 2.741879 0.000000
-9.702080 -0.026455 3.677668 0.000000
-9.610066 -0.027107 3.307746 0.000000
9.508541 -0.027558 3.321038 0.000000
9.037973 -0.029142 3.029811 0.000000
8.205935 -0.032291 2.524298 0.000000
7.827434 -0.033991 2.223583 0.000000
7.498976 -0.035484 2.029998 0.000000
5.752680 -0.045484 0.889296 0.000000
5.327861 -0.048423 0.688173 0.000000
-5.671807 -0.045607 1.003880 0.000000
-3.671988 -0.374285 0.007509 0.000000
-7.332333 -0.036120 1.877788 0.000000
-7.310213 -0.036508 1.623879 0.000000
-7.684102 -0.034492 2.070941 0.000000
-8.027088 -0.032634 2.558040 0.000000
-8.905082 -0.030394 2.031394 0.000000
-9.079791 -0.028448 3.326338 0.000000
-6.155219 -0.042498 1.250716 0.000000
-6.241516 -0.041723 1.496769 0.000000
-6.407078 -0.040813 1.530987 0.000000
-6.914574 -0.037967 1.839903 0.000000
-6.635937 -0.039988 1.250209 0.000000
-7.192139 -0.036531 2.011795 0.000000
9.173463 -0.023186 6.830502 0.000000
7.957910 -0.025521 6.775081 0.000000
7.674498 -0.026864 6.396661 0.000000
8.763454 -0.023483 7.077698 0.000000
7.255579 -0.028465 6.088413 0.000000
8.399756 -0.024900 6.653310 0.000000
8.258356 -0.024182 7.181782 0.000000
9.532497 -0.023217 6.410867 0.000000
8.199304 -0.027174 5.652068 0.000000
-7.330179 -0.027682 6.285595 0.000000
-8.205492 -0.026266 6.030514 0.000000
6.912102 -0.032334 4.813356 0.000000
-9.380444 -0.023371 6.363189 0.000000
-7.994109 -0.025189 6.820056 0.000000
-8.176831 -0.023835 7.351958 0.000000
-9.418179 -0.021670 7.413608 0.000000
7.367755 -0.032189 4.236472 0.000000
7.181290 -0.033228 4.027103 0.000000
9.095053 -0.024600 6.047024 0.000000
6.797152 -0.033160 4.616950 0.000000
8.698104 -0.026098 5.634707 0.000000
8.330329 -0.027591 5.258269 0.000000
7.988217 -0.029218 4.838849 0.000000
6.742383 -0.034599 4.088844 0.000000
-6.561327 -0.032576 5.072990 0.000000
-5.745257 -0.038711 3.913587 0.000000
-5.936124 -0.037309 4.127513 0.000000
7.141180 -0.036622 2.258106 0.000000
8.936087 -0.028659 3.620628 0.000000
7.937094 -0.032120 3.267313 0.000000
6.779774 -0.036942 2.944849 0.000000
6.506258 -0.038256 2.872977 0.000000
-6.779240 -0.037484 2.536676 0.000000
-7.336776 -0.033340 3.604036 0.000000
-7.423387 -0.034075 3.024159 0.000000
-7.656671 -0.031792 3.865426 0.000000
-7.750710 -0.031886 3.644417 0.000000
-7.964109 -0.031616 3.396546 0.000000
9.027506 -0.026308 5.062200 0.000000
8.623294 -0.027817 4.712199 0.000000
8.252768 -0.029307 4.395293 0.000000
9.082514 -0.026861 4.617885 0.000000
7.906694 -0.030799 4.102885 0.000000
8.632409 -0.028550 4.240968 0.000000
9.454934 -0.026284 4.419896 0.000000
9.463704 -0.024801 5.444248 0.000000
7.918424 -0.031541 3.656958 0.000000
7.008924 -0.035206 3.362357 0.000000
8.613034 -0.029008 3.978628 0.000000
9.539963 -0.026880 3.816910 0.000000
-7.803125 -0.030636 4.249768 0.000000
-8.116659 -0.030262 3.938768 0.000000
-8.376191 -0.028661 4.463563 0.000000
-8.321378 -0.029216 4.217575 0.000000
-8.543740 -0.027444 4.934982 0.000000
-9.150060 -0.026199 4.822127 0.000000
-9.618937 -0.024604 5.224909 0.000000
-9.711574 -0.023475 5.886327 0.000000
1.949718 -0.575812 0.088701 0.000000
1.093735 13.777117 1.127463 0.000000
1.093099 12.286396 0.959350 0.000000
1.090570 8.230286 0.923598 0.000000
1.094675 16.612594 1.148307 0.000000
1.092143 10.473579 0.821343 0.000000
1.096290 24.331747 1.588087 0.000000
1.095279 18.940490 1.364658 0.000000
1.135226 29.395787 1.944808 0.000000
1.091760 9.832730 1.019646 0.000000
-0.309010 35.720893 2.306520 0.000000
0.760721 35.720833 2.175907 0.000000
0.575605 -0.127807 0.603570 0.000000
-1.093320 13.899796 1.055135 0.000000
-0.772410 35.720732 1.952476 0.000000
-1.091477 10.094369 1.174593 0.000000
-1.133656 29.395672 1.689686 0.000000
-1.090046 8.137092 1.090242 0.000000
-1.094757 18.911854 1.270296 0.000000
-1.095292 21.678711 1.581564 0.000000
-1.091851 10.718575 0.967554 0.000000
-1.090381 8.542226 0.910246 0.000000
0.057575 35.720776 2.090095 0.000000
1.095797 21.414817 1.516880 0.000000
-0.707348 35.720882 2.252501 0.000000
1.097388 33.796914 2.078076 0.000000
1.094747 16.847732 1.289657 0.000000
-1.096151 28.069758 2.028224 0.000000
0.448230 35.720803 2.136484 0.000000
-1.094746 18.879602 1.734668 0.000000
-1.095738 24.617538 1.840709 0.000000
-0.526993 35.720841 2.192186 0.000000
-1.091931 10.859013 1.308315 0.000000
-1.094334 17.166532 1.494237 0.000000
-1.096669 33.958541 2.137855 0.000000
-0.034063 35.720647 1.830495 0.000000
-1.092908 12.878595 1.298662 0.000000
-2.580672 0.034602 2.551279 0.000000
-2.191242 -0.072002 2.060945 0.000000
-5.935393 -0.034082 5.230679 0.000000
5.520146 -0.030440 6.862444 0.000000
-5.168842 -0.031115 6.850995 0.000000
-5.455986 -0.028066 7.671534 0.000000
5.760148 -0.028322 7.424593 0.000000
6.427170 -0.026584 7.611127 0.000000
5.514730 -0.030774 6.755879 0.000000
5.287581 -0.032891 6.258195 0.000000
5.027351 -0.034058 6.115754 0.000000
7.145608 -0.025057 7.718301 0.000000
5.905527 -0.029926 6.743828 0.000000
5.073954 -0.035003 5.808520 0.000000
-4.900476 -0.034168 6.138667 0.000000
-5.167160 -0.035298 5.598072 0.000000
-6.387315 -0.031006 5.863408 0.000000
-3.830886 0.787884 2.998071 0.000000
4.869374 -0.035922 5.721083 0.000000
6.712879 3.614852 4.933720 0.000000
4.282086 -0.043450 4.409872 0.000000
4.212958 -0.044399 4.271004 0.000000
5.466142 -0.037168 4.808317 0.000000
4.145515 -0.045339 4.138161 0.000000
6.023464 -0.035038 4.868972 0.000000
5.337552 -0.038337 4.603714 0.000000
5.733353 -0.034846 5.248582 0.000000
5.090473 -0.040682 4.224057 0.000000
3.881888 -0.049138 3.645682 0.000000
4.872590 -0.037102 5.402039 0.000000
7.769901 -0.024248 7.589745 0.000000
6.448903 -0.028870 6.685579 0.000000
5.561134 -0.033037 5.987046 0.000000
4.715848 -0.037798 5.354981 0.000000
7.596952 -0.025635 7.062979 0.000000
6.318323 -0.030223 6.285221 0.000000
4.641177 -0.038734 5.183038 0.000000
5.343579 -0.035129 5.537875 0.000000
7.010502 -0.028655 6.254720 0.000000
4.422985 -0.041556 4.703098 0.000000
5.135056 -0.037231 5.127801 0.000000
3.508666 -0.054843 3.018388 0.000000
-1.090458 8.640288 0.719746 0.000000
-1.095055 20.309997 0.893173 0.000000
-1.067091 35.720181 0.708358 0.000000
-1.091638 10.353400 0.974429 0.000000
-1.138683 15.365445 0.893441 0.000000
-1.095451 22.489247 0.561204 0.000000
-1.092031 11.039331 0.779301 0.000000
-1.093865 15.467387 0.513047 0.000000
-1.093102 13.343082 0.994182 0.000000
-1.092252 11.453173 0.489736 0.000000
-1.090628 8.858331 0.478090 0.000000
1.095603 20.526576 0.901446 0.000000
1.093221 12.579897 0.794428 0.000000
1.097252 32.607419 1.138944 0.000000
1.094774 17.027835 0.653684 0.000000
-1.096654 33.670123 1.916402 0.000000
0.589385 35.720349 1.188632 0.000000
1.096445 25.594767 0.714938 0.000000
-1.095318 21.812070 1.486597 0.000000
-0.013753 35.720341 1.182754 0.000000
-1.093941 15.756360 1.271386 0.000000
-1.095970 26.339218 1.368524 0.000000
-0.775877 35.720343 1.138192 0.000000
0.226229 35.720140 0.724612 0.000000
-1.092552 12.079441 1.143880 0.000000
-1.094549 17.997242 1.125778 0.000000
-1.096523 31.776244 1.118492 0.000000
-0.443382 35.720176 0.784856 0.000000
-1.091165 9.612065 1.060979 0.000000
1.095935 22.237369 1.204675 0.000000
1.092881 11.840878 0.837827 0.000000
1.090346 7.981525 0.710028 0.000000
1.094400 15.712940 0.972359 0.000000
1.091863 10.015506 0.762738 0.000000
1.093402 12.984370 0.843765 0.000000
1.090885 8.631848 0.684562 0.000000
1.097523 35.578704 1.688963 0.000000
1.094943 17.621577 0.974923 0.000000
1.092444 11.005045 0.724229 0.000000
1.096519 26.021216 1.219400 0.000000
1.114418 15.365445 0.956569 0.000000
-3.557179 0.786082 3.006976 0.000000
-4.358441 -0.033036 6.821197 0.000000
-4.593116 -0.029692 7.654678 0.000000
5.358745 -0.030348 7.008703 0.000000
7.410177 -0.025245 7.413014 0.000000
6.594827 -0.027822 6.977289 0.000000
5.788325 -0.030958 6.480095 0.000000
-5.074572 -0.033166 6.295394 0.000000
7.220266 -0.026342 7.071930 0.000000
-5.777616 -0.028398 7.333523 0.000000
-4.189335 -0.035598 6.259787 0.000000
7.038580 -0.027438 6.750647 0.000000
6.862231 -0.028543 6.444728 0.000000
4.791604 -0.036864 5.533635 0.000000
6.694230 -0.029639 6.158150 0.000000
4.567564 -0.039671 5.017483 0.000000
4.494354 -0.040617 4.856666 0.000000
-2.962609 -0.056902 3.247719 0.000000
-4.317898 0.791149 3.011575 0.000000
-3.165262 -0.053130 3.629982 0.000000
-4.297933 0.015531 5.131977 0.000000
-3.591657 -0.045319 4.600782 0.000000
-3.378897 -0.049292 4.068568 0.000000
6.811916 -0.036400 3.150365 0.000000
-7.039038 -0.034878 3.363672 0.000000
-7.346882 -0.032293 4.119293 0.000000
-8.002223 -0.030232 4.150850 0.000000
-8.317535 -0.029628 3.972086 0.000000
-8.255719 -0.028398 4.797725 0.000000
-8.512900 -0.028629 4.261932 0.000000
-6.285244 -0.038615 3.055346 0.000000
-6.257222 -0.039426 2.747345 0.000000
-6.524220 -0.037146 3.251104 0.000000
7.587804 -0.032271 3.836441 0.000000
8.989285 -0.027892 4.069179 0.000000
8.332942 -0.028852 4.535752 0.000000
8.506728 -0.029277 3.991740 0.000000
7.598911 -0.033021 3.401061 0.000000
-8.783582 -0.027075 4.807391 0.000000
-8.943859 -0.026987 4.617854 0.000000
-9.096086 -0.025669 5.248815 0.000000
-9.773119 -0.024768 4.876330 0.000000
-9.050345 -0.024480 6.056470 0.000000
-9.510285 -0.024220 5.640320 0.000000
-9.500156 -0.022891 6.536077 0.000000
9.895749 -0.023288 5.919071 0.000000
8.984625 -0.026208 5.186952 0.000000
8.518451 -0.028225 4.624741 0.000000
9.470706 -0.025342 5.064886 0.000000
7.059608 -0.037912 1.546337 0.000000
6.558738 -0.040745 1.123438 0.000000
6.104782 -0.043135 1.158157 0.000000
2.796449 -0.276433 0.008628 0.000000
2.860274 -0.520927 0.009021 0.000000
3.520638 -0.269978 0.007431 0.000000
1.016937 2.785910 0.004233 0.000000
0.909513 2.783275 0.004259 0.000000
0.806536 2.807167 0.004242 0.000000
1.009809 4.528041 0.002080 0.000000
1.921967 7.747835 -0.000759 0.000000
1.663799 7.247318 -0.000372 0.000000
0.847500 4.239446 0.002409 0.000000
1.436998 6.854578 -0.000052 0.000000
0.411440 3.182135 0.003757 0.000000
1.234405 6.545095 0.000209 0.000000
-0.620660 6.939276 -0.000032 0.000000
-0.067959 5.435029 0.001246 0.000000
0.405215 7.015640 -0.000115 0.000000
-0.449483 5.617858 0.001081 0.000000
-0.261655 5.836627 0.000884 0.000000
-0.017449 6.222905 0.000544 0.000000
0.241902 6.851340 0.000021 0.000000
-0.709184 6.595579 0.000242 0.000000
-0.426300 6.333573 0.000457 0.000000
0.083909 6.745303 0.000110 0.000000
-0.917304 7.400719 -0.000386 0.000000
-0.386818 6.787619 0.000086 0.000000
-0.071618 6.702736 0.000149 0.000000
-0.847776 7.703788 -0.000610 0.000000
-0.512942 7.054091 -0.000122 0.000000
-0.708267 7.505084 -0.000463 0.000000
0.091393 3.843671 0.002923 0.000000
1.050752 6.309687 0.000417 0.000000
0.309810 3.358078 0.003527 0.000000
0.420593 4.549106 0.002108 0.000000
0.880064 6.137412 0.000574 0.000000
0.205078 3.480886 0.003373 0.000000
0.729248 6.007200 0.000697 0.000000
0.297989 4.698753 0.001958 0.000000
0.422311 5.948518 0.000764 0.000000
0.963188 7.949974 -0.000838 0.000000
-0.030143 4.171198 0.002543 0.000000
0.197134 4.936550 0.001721 0.000000
0.751048 7.524202 -0.000515 0.000000
0.067492 5.016914 0.001645 0.000000
0.311193 5.994389 0.000730 0.000000
0.576977 7.243761 -0.000298 0.000000
-0.928435 8.070968 -0.000873 0.000000
-0.552524 6.923313 -0.000020 0.000000
-1.089830 7.875826 0.029319 0.000000
-0.727722 7.121596 -0.000174 0.000000
-1.146753 7.720245 -0.000622 0.000000
6.046200 -0.037851 3.849491 0.000000
5.865969 -0.039171 3.648632 0.000000
8.794566 -0.024627 6.379605 0.000000
8.443848 -0.026054 5.969248 0.000000
7.774281 -0.028998 5.239680 0.000000
-5.418353 -0.040282 3.863647 0.000000
7.674239 -0.026551 6.547577 0.000000
-7.633815 -0.024230 7.632899 0.000000
7.841392 -0.023738 7.786640 0.000000
7.604120 -0.024982 7.371558 0.000000
7.376835 -0.026229 6.983446 0.000000
7.930656 -0.025273 6.927495 0.000000
9.073240 -0.021947 7.689553 0.000000
-8.986272 -0.022260 7.474338 0.000000
9.581090 -0.021741 7.323852 0.000000
-6.571375 -0.030713 5.788526 0.000000
-6.844054 -0.030892 5.420487 0.000000
-8.165904 -0.026882 5.748727 0.000000
-6.822171 -0.028688 6.353229 0.000000
-7.284837 -0.028349 6.031084 0.000000
-7.584547 -0.026695 6.485726 0.000000
-9.007546 -0.022778 7.140030 0.000000
-6.049025 -0.043743 0.473461 0.000000
-6.312882 -0.042163 0.658565 0.000000
-7.507519 -0.036498 0.607379 0.000000
-6.839368 -0.039196 1.040146 0.000000
-4.337152 -0.537641 0.006810 0.000000
9.854429 -0.028805 0.778284 0.000000
5.711791 -1.035320 0.005463 0.000000
8.851401 -0.031981 0.181125 0.000000
9.164104 -0.030988 0.245417 0.000000
4.457819 -1.368694 0.007329 0.000000
7.030129 -0.528345 0.004031 0.000000
8.937500 -0.031552 0.578401 0.000000
3.607871 -1.592636 0.009212 0.000000
5.281055 -1.146580 0.006015 0.000000
9.763626 -0.029212 0.414998 0.000000
4.251500 -1.230966 0.007522 0.000000
6.792777 -0.424767 0.004128 0.000000
5.355838 -0.849488 0.005691 0.000000
-8.620118 -0.031330 1.980383 0.000000
-7.492127 -0.036046 1.331131 0.000000
-8.911417 -0.030943 1.358052 0.000000
-7.280821 -0.036686 1.574929 0.000000
-7.857951 -0.034449 1.496754 0.000000
-9.417674 -0.029288 1.568137 0.000000
-8.255168 -0.032837 1.678535 0.000000
-9.051808 -0.030214 1.739466 0.000000
6.663081 -0.316822 0.004148 0.000000
-9.685177 -0.027912 2.346097 0.000000
-9.240159 -0.029066 2.391693 0.000000
20.674772 2.844257 -0.001053 0.000000
9.858845 -0.029090 0.040951 0.000000
7.442863 -0.616259 0.003816 0.000000
5.161631 -0.830018 0.005888 0.000000
-6.987834 -0.037813 1.704313 0.000000
-6.714802 -0.038943 1.798440 0.000000
-8.715797 -0.029521 3.276085 0.000000
-8.669993 -0.029348 3.497069 0.000000
9.626895 -0.028808 1.732252 0.000000
9.192288 -0.030414 1.210410 0.000000
9.361606 -0.029690 1.538849 0.000000
-9.408155 -0.027513 3.390746 0.000000
9.444872 -0.028883 2.224038 0.000000
8.644032 -0.032047 1.321480 0.000000
8.810285 -0.031254 1.646166 0.000000
8.500468 -0.032416 1.459414 0.000000
-7.252039 -0.035776 2.370546 0.000000
-7.711932 -0.033920 2.432430 0.000000
-9.425993 -0.027858 3.056984 0.000000
-7.988691 -0.032322 2.878608 0.000000
-8.303258 -0.031107 3.017588 0.000000
3.157037 -1.097568 0.009508 0.000000
5.810871 -0.045386 0.539135 0.000000
3.697818 -0.853439 0.008010 0.000000
4.608674 -0.343144 0.006063 0.000000
7.221337 -0.037616 1.118346 0.000000
3.302611 -0.767504 0.008617 0.000000
-5.368745 -1.289884 0.006275 0.000000
-4.079603 -1.973240 0.008748 0.000000
-6.945876 -1.009273 0.004735 0.000000
-5.117911 -1.619980 0.006818 0.000000
-4.184259 -2.159491 0.008699 0.000000
-9.669994 -0.401457 0.003099 0.000000
-6.531430 -1.270778 0.005189 0.000000
-4.969563 -1.839303 0.007173 0.000000
-15.749627 0.953898 0.001249 0.000000
-9.154118 -0.902749 0.003537 0.000000
-6.325054 -1.635875 0.005576 0.000000
-4.965363 -2.043897 0.007321 0.000000
-14.792538 0.127085 0.001728 0.000000
-8.864417 -1.245407 0.003822 0.000000
-6.300893 -1.940869 0.005772 0.000000
-37.622406 4.294118 -0.000873 0.000000
-14.497066 -0.509350 0.002044 0.000000
-8.859953 -1.670191 0.004030 0.000000
-38.125210 2.880017 -0.000305 0.000000
5.396782 -1.634881 0.006241 0.000000
4.268508 -1.815320 0.008076 0.000000
7.937154 -1.376506 0.003932 0.000000
23.063638 -0.414386 0.000044 0.000000
11.402482 -1.482457 0.002482 0.000000
7.684760 -1.844169 0.004328 0.000000
15.455008 -0.654769 0.001153 0.000000
5.768875 -2.030893 0.006062 0.000000
9.273728 -1.434869 0.003264 0.000000
24.565558 1.221162 -0.000762 0.000000
12.032487 -0.736497 0.001962 0.000000
17.625629 0.620538 0.000263 0.000000
4.110144 -2.113621 0.008650 0.000000
5.903260 -1.694584 0.005713 0.000000
10.074783 -0.771605 0.002617 0.000000
2.773666 -2.356063 0.012937 0.000000
7.002530 -1.284225 0.004507 0.000000
-7.278786 -0.037666 0.112734 0.000000
-4.939856 -1.221119 0.006722 0.000000
-6.559723 -0.775459 0.004857 0.000000
-9.726272 -0.029175 0.188540 0.000000
-3.554838 -1.244337 0.008979 0.000000
-3.097457 -1.238686 0.010002 0.000000
-5.162556 -0.419822 0.005767 0.000000
-4.134870 -1.032537 0.007664 0.000000
-0.109837 0.807462 0.008481 0.000000
-0.285153 1.687519 0.006302 0.000000
-0.878442 3.902592 0.002833 0.000000
-0.419221 2.171624 0.005357 0.000000
-0.322011 1.073650 0.007724 0.000000
0.224256 1.839674 0.005987 0.000000
0.457401 0.698637 0.008728 0.000000
0.012312 1.558327 0.006587 0.000000
0.190211 0.897654 0.008210 0.000000
-0.777929 2.350933 0.005003 0.000000
-0.208241 -0.236578 0.089726 0.000000
-1.254754 4.862021 0.001773 0.000000
-0.631379 2.482917 0.004806 0.000000
-1.496052 5.511056 0.001144 0.000000
-0.920604 2.686649 0.004446 0.000000
-1.068669 2.963887 0.004017 0.000000
-7.467768 -0.027836 6.069880 0.000000
-6.693727 -0.032138 5.088878 0.000000
-7.697024 -0.027972 5.748746 0.000000
-7.342000 -0.028744 5.789704 0.000000
-8.353833 -0.024993 6.552487 0.000000
-8.744298 -0.023580 6.934729 0.000000
-8.076106 -0.024933 6.870547 0.000000
-8.412245 -0.023481 7.322295 0.000000
-6.611634 -0.033907 4.480855 0.000000
-6.137323 -0.035900 4.356524 0.000000
-6.858944 -0.032426 4.762238 0.000000
-7.003214 -0.031698 4.886238 0.000000
8.266367 -0.028320 4.937666 0.000000
8.003635 -0.028388 5.256232 0.000000
7.694347 -0.030949 4.360221 0.000000
7.407077 -0.031052 4.726279 0.000000
7.240495 -0.034090 3.497855 0.000000
-8.815324 -0.022071 7.747640 0.000000
-7.625037 -0.024454 7.530892 0.000000
9.743483 -0.021831 7.096349 0.000000
9.660119 -0.023000 6.405736 0.000000
9.296588 -0.023304 6.622790 0.000000
9.321301 -0.023982 6.163826 0.000000
8.833820 -0.024587 6.359569 0.000000
8.912923 -0.025685 5.607113 0.000000
8.580220 -0.027000 5.260642 0.000000
8.287546 -0.027111 5.577754 0.000000
0.424230 1.325056 0.007069 0.000000
6.429649 -0.035219 4.288847 0.000000
7.078672 -0.031249 5.067208 0.000000
-5.709106 -0.035224 5.094988 0.000000
6.799404 -0.027266 7.034175 0.000000
9.006668 -0.022709 7.293063 0.000000
8.044057 -0.024535 7.198621 0.000000
6.474552 -0.029086 6.579149 0.000000
6.951706 -0.028726 6.282299 0.000000
7.407106 -0.025599 7.249885 0.000000
6.557721 -0.031248 5.662685 0.000000
-5.920088 -0.027601 7.525370 0.000000
-5.262341 -0.030098 7.111425 0.000000
7.608070 -0.024149 7.775131 0.000000
6.977856 -0.025671 7.574824 0.000000
9.267595 -0.021607 7.716885 0.000000
0.691724 1.926154 0.005741 0.000000
0.836386 1.935786 0.005685 0.000000
0.700827 1.635430 0.006315 0.000000
0.597935 1.852669 0.005903 0.000000
0.422804 1.754236 0.006132 0.000000
7.605356 -0.035050 2.044918 0.000000
7.093044 -0.037674 1.624058 0.000000
7.220578 -0.036665 1.992105 0.000000
6.933838 -0.038448 1.574017 0.000000
9.223738 -0.027600 3.855990 0.000000
-9.540869 -0.023652 5.981450 0.000000
-9.440113 -0.023312 6.328749 0.000000
9.685395 -0.027071 3.367446 0.000000
9.626724 -0.026894 3.637808 0.000000
9.384613 -0.028589 2.685072 0.000000
8.606515 -0.030715 2.765965 0.000000
8.658654 -0.030200 3.048552 0.000000
8.945164 -0.028711 3.564157 0.000000
8.298230 -0.031621 2.808241 0.000000
-9.030349 -0.025273 5.589499 0.000000
-7.854473 -0.030728 4.116208 0.000000
-8.963118 -0.027022 4.563034 0.000000
-9.437769 -0.025365 4.955091 0.000000
-8.610996 -0.027551 4.771925 0.000000
-9.040590 -0.025943 5.150654 0.000000
-7.269184 -0.032309 4.232880 0.000000
-9.508068 -0.024331 5.567626 0.000000
-8.770141 -0.026504 5.180464 0.000000
-7.912911 -0.029524 4.679162 0.000000
-6.761276 -0.036404 3.141990 0.000000
-7.205876 -0.033868 3.567964 0.000000
2.972012 -0.378904 0.008524 0.000000
2.797710 -0.459377 0.009012 0.000000
6.288016 -0.039627 2.692712 0.000000
6.078784 -0.041005 2.522659 0.000000
-14.770456 -1.046337 0.002231 0.000000
-2.756952 -1.407841 0.011267 0.000000
-8.023570 -0.034576 0.330319 0.000000
-8.785926 -0.031980 0.142755 0.000000
-9.229065 -0.030637 0.037409 0.000000
-7.607649 -0.036297 0.006301 0.000000
-9.642184 -0.318178 0.003065 0.000000
-17.104219 1.434327 0.000898 0.000000
32.555814 -0.846255 -0.000516 0.000000
13.484978 -1.872765 0.002077 0.000000
8.487764 -2.097299 0.003967 0.000000
-3.566960 -1.569824 0.009400 0.000000
-5.214245 -0.644760 0.005915 0.000000
-4.175265 -1.392005 0.007997 0.000000
-5.167361 -0.892520 0.006177 0.000000
-6.404893 -0.580852 0.004839 0.000000
-5.061302 -1.184334 0.006543 0.000000
18.320141 -1.016128 0.000848 0.000000
5.542896 -1.812494 0.006187 0.000000
19.276871 0.224958 0.000209 0.000000
10.240826 -1.718850 0.002990 0.000000
30.191199 0.956761 -0.001085 0.000000
4.980118 -2.303786 0.007245 0.000000
13.251290 -1.050225 0.001786 0.000000
3.835525 -2.219837 0.009356 0.000000
8.433825 -1.621413 0.003772 0.000000
6.057920 -1.968122 0.005717 0.000000
10.606873 -1.126237 0.002590 0.000000
4.861818 -2.045862 0.007257 0.000000
7.303347 -1.550917 0.004436 0.000000
-6.745899 -2.156075 0.005512 0.000000
-9.354789 -2.015665 0.003976 0.000000
-6.018174 -2.483432 0.006319 0.000000
-15.063635 -1.619390 0.002424 0.000000
-8.100962 -2.441877 0.004754 0.000000
-5.454803 -2.749384 0.007068 0.000000
-38.258249 -0.246885 0.000939 0.000000
-12.297668 -2.360138 0.003227 0.000000
-7.169874 -2.816570 0.005496 0.000000
-4.952781 -2.937488 0.007828 0.000000
-25.168327 -2.113540 0.001864 0.000000
-10.488144 -2.876581 0.003927 0.000000
-5.259442 -2.253239 0.007057 0.000000
5.700366 -3.002116 0.006619 0.000000
11.024712 -3.353960 0.003378 0.000000
3.691396 -3.396736 0.010341 0.000000
36.853657 -6.813823 0.001598 0.000000
-6.495036 -3.077590 0.006130 0.000000
-19.175105 -3.101044 0.002581 0.000000
-9.102204 -3.300020 0.004611 0.000000
-15.475137 -3.771006 0.003230 0.000000
15.039095 -5.843718 0.003282 0.000000
9.002959 -4.540927 0.004628 0.000000
21.375844 -6.100744 0.002476 0.000000
11.061231 -4.413479 0.003760 0.000000
4.968758 -3.673480 0.007810 0.000000
7.464834 -3.826666 0.005292 0.000000
14.386547 -4.250825 0.002818 0.000000
8.889741 -3.625432 0.004372 0.000000
20.445984 -3.981906 0.001759 0.000000
-7.667356 -2.105681 0.004852 0.000000
-4.406206 -2.293672 0.008381 0.000000
-29.852374 2.956362 -0.000292 0.000000
-12.511753 -0.697617 0.002472 0.000000
-26.173261 1.193872 0.000501 0.000000
-11.995789 -1.289034 0.002843 0.000000
-13.679824 -0.074887 0.001982 0.000000
-24.698370 -0.014184 0.001038 0.000000
-11.752882 -1.836603 0.003139 0.000000
-24.781171 -0.981307 0.001425 0.000000
29.976151 -5.810971 0.001624 0.000000
12.854624 -3.977895 0.003072 0.000000
8.206622 -3.481511 0.004695 0.000000
16.115338 -3.649387 0.002252 0.000000
-4.304557 -1.748377 0.008125 0.000000
9.472328 -3.222955 0.003940 0.000000
22.262409 -3.149639 0.001227 0.000000
11.376466 -2.892810 0.003079 0.000000
37.166013 -2.071636 -0.000298 0.000000
14.480656 -2.415030 0.002077 0.000000
8.960231 -2.499752 0.003893 0.000000
-8.032004 -0.033335 1.963523 0.000000
-8.457158 -0.031642 2.187724 0.000000
-8.978380 -0.029817 2.390345 0.000000
-8.424771 -0.031024 2.794406 0.000000
-7.641350 -0.035017 1.760071 0.000000
8.269709 -0.033638 0.865202 0.000000
7.863053 -0.035239 0.716206 0.000000
6.960996 -0.039318 0.221791 0.000000
9.803423 -0.028495 1.517521 0.000000
-9.334889 -0.027760 3.343009 0.000000
-9.858948 -0.026105 3.663564 0.000000
-9.384986 -0.027523 3.432652 0.000000
9.766459 -0.028818 1.174876 0.000000
8.670791 -0.032335 0.735052 0.000000
8.981771 -0.031060 1.199067 0.000000
9.388747 -0.029494 1.693605 0.000000
3.563707 -1.102739 0.008627 0.000000
4.343484 -0.559088 0.006636 0.000000
7.002803 -0.038869 0.766077 0.000000
5.160644 -0.453975 0.005557 0.000000
6.333968 -0.042523 0.028847 0.000000
4.243485 -0.835416 0.007094 0.000000
3.277490 -0.425944 0.008076 0.000000
7.148586 -0.037698 1.377016 0.000000
7.553300 -0.035050 2.200584 0.000000
9.540334 -0.027887 2.959079 0.000000
9.001965 -0.030136 2.225242 0.000000
9.050370 -0.029634 2.571952 0.000000
9.064098 -0.029317 2.820115 0.000000
9.046489 -0.028771 3.310296 0.000000
8.404208 -0.032260 1.974794 0.000000
8.115391 -0.033448 1.786241 0.000000
7.615139 -0.035530 1.586192 0.000000
7.665523 -0.284899 0.003489 0.000000
3.461991 -1.692367 0.009699 0.000000
-7.770891 -0.035261 0.897921 0.000000
-8.450543 -0.032753 0.910789 0.000000
-4.372261 -0.739293 0.006990 0.000000
-5.369122 -0.336301 0.005499 0.000000
13.707252 0.853476 0.000846 0.000000
5.313530 -1.419242 0.006188 0.000000
8.640017 -0.416486 0.003053 0.000000
25.383586 4.462132 -0.002156 0.000000
4.200850 -1.613793 0.008010 0.000000
6.230188 -1.171845 0.005066 0.000000
9.660102 -0.029503 0.394153 0.000000
32.592434 5.587360 -0.003111 0.000000
4.828336 -1.222732 0.006649 0.000000
8.050922 -0.355309 0.003317 0.000000
5.926012 -0.981678 0.005216 0.000000
-8.877354 -0.031336 0.924983 0.000000
-9.431929 -0.029513 1.182787 0.000000
-9.141595 -0.030216 1.392387 0.000000
-8.892196 -0.030524 1.935368 0.000000
-9.821000 -0.027827 2.041747 0.000000
-9.421738 -0.028813 2.127802 0.000000
16.268476 1.028737 0.000299 0.000000
9.561401 -0.456205 0.002667 0.000000
-4.374199 -0.212431 0.006395 0.000000
-2.902177 -0.836498 0.009680 0.000000
-8.339229 -0.033522 0.013188 0.000000
-7.130783 -0.567997 0.004348 0.000000
-9.144287 -0.030696 0.563991 0.000000
-9.739748 -0.028921 0.713160 0.000000
-8.242053 -0.517116 0.003728 0.000000
-13.118547 0.700376 0.001732 0.000000
-31.397404 5.263816 -0.001247 0.000000
9.721923 -0.029177 0.743843 0.000000
-4.638853 -1.008626 0.006915 0.000000
20.459526 2.216731 -0.000761 0.000000
-4.281749 -1.370658 0.007798 0.000000
6.176506 -0.329788 0.004527 0.000000
4.990953 -0.656585 0.005930 0.000000
9.881433 -0.028864 0.496510 0.000000
19.355094 2.726561 -0.000850 0.000000
7.211577 -0.434060 0.003856 0.000000
-8.618320 -0.030526 2.713571 0.000000
-7.894573 -0.033094 2.556685 0.000000
-7.804954 -0.033628 2.397274 0.000000
-7.875361 -0.034042 1.837344 0.000000
-8.258177 -0.031557 2.790264 0.000000
-8.304143 -0.031779 2.499824 0.000000
-9.189798 -0.028513 3.029022 0.000000
-9.547180 -0.026874 3.635714 0.000000
-9.862412 -0.026774 3.048329 0.000000
-7.406719 -0.035275 2.289970 0.000000
-7.488115 -0.035085 2.197076 0.000000
6.996037 -0.037526 2.063469 0.000000
8.680773 -0.030384 2.852213 0.000000
-9.876385 -0.025313 4.286136 0.000000
9.469865 -0.027321 3.598703 0.000000
7.766523 -0.033658 2.635085 0.000000
9.369197 -0.028500 2.805811 0.000000
8.274529 -0.031950 2.614867 0.000000
7.586723 -0.034595 2.439390 0.000000
7.959779 -0.033047 2.585252 0.000000
-7.420842 -0.036698 0.886573 0.000000
-8.344882 -0.032762 1.409769 0.000000
-8.716900 -0.031282 1.699401 0.000000
-9.377720 -0.028911 2.155821 0.000000
-6.890860 -0.039129 0.808173 0.000000
7.309311 -0.037702 0.331790 0.000000
8.568008 -0.031995 1.687851 0.000000
-9.280942 -0.029487 1.808572 0.000000
-9.893337 -0.027971 1.612106 0.000000
9.490192 -0.028877 2.093784 0.000000
8.921028 -0.031006 1.527678 0.000000
-3.212518 -0.852991 0.009058 0.000000
-2.860089 -1.141839 0.010413 0.000000
-3.536063 -0.712256 0.008226 0.000000
-4.016142 -0.480024 0.007167 0.000000
4.422861 -0.718269 0.006705 0.000000
2.990869 -1.310811 0.010327 0.000000
5.521878 -0.274270 0.005044 0.000000
3.633114 -0.285630 0.007286 0.000000
9.590444 -3.545766 0.004011 0.000000
-7.192192 -2.792661 0.005470 0.000000
-27.363446 -1.974203 0.001743 0.000000
-6.369914 -3.027225 0.006220 0.000000
-8.953358 -3.228805 0.004651 0.000000
-14.912979 -3.639971 0.003257 0.000000
16.728843 -4.243653 0.002380 0.000000
-12.584865 -2.323152 0.003149 0.000000
19.788697 -3.695315 0.001727 0.000000
10.641422 -3.174787 0.003446 0.000000
25.380048 -2.917550 0.000838 0.000000
7.257791 -3.141918 0.005202 0.000000
12.415255 -2.750800 0.002711 0.000000
36.638575 -1.488707 -0.000500 0.000000
-9.558477 -1.982365 0.003881 0.000000
-16.150555 -1.536922 0.002249 0.000000
5.402281 -2.939407 0.006967 0.000000
8.215835 -2.697792 0.004383 0.000000
15.067408 -2.131978 0.001842 0.000000
6.017294 -2.743629 0.006152 0.000000
6.852128 -2.379512 0.005199 0.000000
-8.351831 -3.709578 0.005118 0.000000
-5.300710 -3.037741 0.007385 0.000000
-12.375535 -2.984042 0.003462 0.000000
-6.939800 -3.074477 0.005767 0.000000
-4.617634 -3.222668 0.008468 0.000000
-25.978715 -3.396724 0.002349 0.000000
-9.988662 -3.409279 0.004306 0.000000
-6.063506 -3.410294 0.006650 0.000000
-17.660057 -4.022600 0.003078 0.000000
-8.089952 -2.855606 0.004935 0.000000
-13.333921 -4.364096 0.003797 0.000000
-32.560517 -6.897107 0.003602 0.000000
21.143903 -7.080655 0.002877 0.000000
10.877054 -4.904340 0.003994 0.000000
34.985428 -8.230085 0.002259 0.000000
7.320095 -4.011384 0.005453 0.000000
13.989744 -4.849349 0.003129 0.000000
5.562052 -3.792946 0.007034 0.000000
8.611431 -3.833873 0.004593 0.000000
-9.698352 -2.434967 0.004022 0.000000
-16.281192 -2.315611 0.002550 0.000000
4.352757 -2.878140 0.008643 0.000000
19.448832 -4.766976 0.002189 0.000000
4.259135 -3.434394 0.009013 0.000000
6.303255 -3.615469 0.006182 0.000000
10.690350 -3.790719 0.003662 0.000000
31.807753 -4.618481 0.001031 0.000000
4.874328 -3.204169 0.007835 0.000000
7.201846 -3.513093 0.005380 0.000000
13.890806 -3.479622 0.002629 0.000000
4.089646 -3.271209 0.009340 0.000000
5.691944 -3.246915 0.006720 0.000000
8.960451 -3.020494 0.004107 0.000000
4.575713 -3.122447 0.008316 0.000000
6.596229 -3.030742 0.005703 0.000000
9.304114 -0.877676 0.002984 0.000000
6.811177 -1.329347 0.004677 0.000000
6.360235 -1.678177 0.005260 0.000000
8.000011 -1.793160 0.004105 0.000000
-12.198567 -1.669814 0.002962 0.000000
-26.644970 -0.565509 0.001198 0.000000
27.030422 -0.839619 -0.000129 0.000000
12.341879 -1.797441 0.002339 0.000000
26.539239 0.137650 -0.000484 0.000000
7.991285 -2.081584 0.004247 0.000000
12.560442 -1.298991 0.002067 0.000000
28.249325 1.415910 -0.001132 0.000000
5.881760 -2.219684 0.006042 0.000000
13.231799 -0.706313 0.001643 0.000000
32.811976 3.377335 -0.002229 0.000000
4.642387 -2.301071 0.007783 0.000000
8.607926 -1.360118 0.003553 0.000000
14.508543 0.064561 0.001030 0.000000
4.613636 -2.143679 0.007726 0.000000
-7.874333 -2.001204 0.004681 0.000000
-8.575122 -1.027681 0.003843 0.000000
-7.297756 -1.515503 0.004788 0.000000
-32.994236 3.527017 -0.000557 0.000000
-10.640110 -0.900300 0.003025 0.000000
-20.266661 0.445822 0.001066 0.000000
-15.015457 -0.891400 0.002128 0.000000
-6.216126 -1.468557 0.005569 0.000000
9.893624 -0.023146 6.022330 0.000000
8.584591 -0.027725 4.826127 0.000000
8.587063 -0.028660 4.246796 0.000000
-8.416471 -0.026145 5.847165 0.000000
-9.781904 -0.022287 6.615016 0.000000
8.890081 -0.024753 6.196423 0.000000
-7.518299 -0.032302 3.830344 0.000000
-7.400756 -0.030660 4.829471 0.000000
-8.104003 -0.029498 4.404158 0.000000
-7.843203 -0.028353 5.381717 0.000000
9.045726 -0.028651 3.405253 0.000000
7.917391 -0.032499 3.064754 0.000000
9.606666 -0.027221 3.402638 0.000000
9.378279 -0.027796 3.397372 0.000000
9.858555 -0.026792 3.244408 0.000000
7.912021 -0.033123 2.650315 0.000000
8.837239 -0.030151 2.660582 0.000000
-8.972968 -0.028875 3.218346 0.000000
-8.742493 -0.028439 3.990074 0.000000
-9.053779 -0.029148 2.804682 0.000000
-9.109701 -0.027434 4.033187 0.000000
-9.332443 -0.027164 3.823313 0.000000
-9.447362 -0.025973 4.509471 0.000000
9.449589 -0.026499 4.271580 0.000000
-2.768956 -0.500189 0.009247 0.000000
7.713940 -0.034813 1.892709 0.000000
-8.519716 -0.023850 7.011135 0.000000
6.874980 -0.026840 7.150972 0.000000
6.634527 -0.028378 6.719020 0.000000
6.185186 -0.031561 5.918726 0.000000
8.208848 -0.023599 7.540115 0.000000
8.038010 3.571537 4.937021 0.000000
0.864998 -0.257691 0.089350 0.000000
-8.696878 -0.692948 0.003617 0.000000
-4.887531 -1.539860 0.007055 0.000000
-14.011736 0.487116 0.001680 0.000000
-7.285020 -1.241647 0.004646 0.000000
-35.094601 5.165583 -0.001233 0.000000
-10.617641 -0.539252 0.002864 0.000000
-20.238025 1.199291 0.000753 0.000000
4.764070 -1.718056 0.007162 0.000000
4.993743 -1.446362 0.006615 0.000000
8.244194 -0.724770 0.003419 0.000000
20.548929 1.172040 -0.000333 0.000000
-5.667669 -1.934747 0.006386 0.000000
-14.602907 -0.364406 0.001962 0.000000
-7.654504 -1.700926 0.004662 0.000000
-11.693687 -1.226549 0.002889 0.000000
-24.373305 0.260626 0.000935 0.000000
20.430880 -0.426556 0.000339 0.000000
10.796006 -1.412674 0.002653 0.000000
19.919335 0.276224 0.000111 0.000000
10.808686 -1.032325 0.002477 0.000000
11.243723 -0.522473 0.002103 0.000000
22.717612 2.486915 -0.001103 0.000000
5.771232 -1.749594 0.005889 0.000000
7.730957 -1.162273 0.003948 0.000000
12.156809 0.143740 0.001535 0.000000
5.862539 -1.502699 0.005634 0.000000
6.354420 -0.041932 0.992440 0.000000
9.849286 -0.027725 2.330068 0.000000
8.825530 -0.030810 2.079513 0.000000
8.101732 -0.033394 1.884246 0.000000
7.762865 -0.034835 1.701974 0.000000
4.800408 -0.329912 0.005830 0.000000
9.886028 -0.027257 2.730327 0.000000
-3.494538 -0.529700 0.008014 0.000000
-8.654838 -0.030934 2.259369 0.000000
-7.835529 -0.034840 1.135606 0.000000
-8.249609 -0.032493 2.038839 0.000000
-8.791638 -0.031131 1.599030 0.000000
-9.026866 -0.029555 2.506029 0.000000
-9.642415 -0.027887 2.491404 0.000000
-9.864765 -0.027861 1.856704 0.000000
-7.636110 -0.036129 0.216737 0.000000
-8.006925 -0.034566 0.504603 0.000000
-6.870644 -0.555751 0.004503 0.000000
-8.815856 -0.031830 0.297602 0.000000
-9.347901 -0.030004 0.749960 0.000000
-5.762325 -0.530524 0.005309 0.000000
5.799268 -0.756462 0.005170 0.000000
4.458276 -1.167921 0.007129 0.000000
5.806436 -0.488687 0.004959 0.000000
-9.824028 -0.028601 0.893849 0.000000
-9.897320 -0.028542 0.620508 0.000000
21.786998 3.422337 -0.001402 0.000000
6.232982 -0.036540 4.061452 0.000000
-0.131231 -0.624818 0.091567 0.000000
-0.647645 0.925979 0.008032 0.000000
-0.480816 0.714671 0.008687 0.000000
-0.376151 -0.473890 0.090694 0.000000
-0.052852 22.476557 -0.008581 0.000000
1.095414 19.733242 0.056785 0.000000
-1.124384 29.395372 1.088712 0.000000
0.344460 35.719967 0.296441 0.000000
0.950453 27.290359 -0.010764 0.000000
-1.094842 19.256252 0.925086 0.000000
-1.096816 35.500662 0.788922 0.000000
-0.277133 35.719971 0.292819 0.000000
0.402554 24.412192 -0.009470 0.000000
-1.095386 22.096876 0.686076 0.000000
-0.899655 35.720003 0.299047 0.000000
0.809561 35.720020 0.399546 0.000000
-1.092006 10.995213 0.804540 0.000000
-1.093907 15.604574 0.640650 0.000000
-1.095823 24.957595 0.337137 0.000000
-0.457944 21.224254 -0.007994 0.000000
-1.092342 11.632359 0.663691 0.000000
-1.094275 16.851332 0.366531 0.000000
-0.840488 20.469603 -0.007635 0.000000
-1.090887 9.209260 0.751375 0.000000
-1.092681 12.316885 0.202816 0.000000
1.092875 11.868778 0.259109 0.000000
1.094710 16.815101 0.602118 0.000000
1.092210 10.607846 0.488115 0.000000
1.096300 24.598723 0.738579 0.000000
1.093775 13.946882 0.507589 0.000000
1.091267 9.153576 0.414728 0.000000
0.951205 35.720250 0.930301 0.000000
1.095359 19.427861 0.544522 0.000000
-1.094523 17.781977 0.087801 0.000000
1.090396 8.055916 0.336682 0.000000
1.096983 30.071757 0.624743 0.000000
1.094469 16.021467 0.258144 0.000000
1.092045 10.337641 0.292027 0.000000
-0.202721 35.720287 1.060414 0.000000
0.684336 35.720134 0.682432 0.000000
1.096145 23.657758 0.352109 0.000000
1.093713 13.803321 0.228712 0.000000
0.148303 35.720169 0.798915 0.000000
-1.187341 7.750584 0.260718 0.000000
-1.091033 9.412627 0.540416 0.000000
-1.092858 12.708105 0.122540 0.000000
-1.091254 9.717302 0.048864 0.000000
-1.633085 6.643838 0.527400 0.000000
-6.537218 -0.026080 7.675256 0.000000
8.979666 -0.022520 7.432414 0.000000
8.199137 -0.024003 7.332694 0.000000
9.461669 -0.022201 7.148573 0.000000
-6.796352 -0.028331 6.525341 0.000000
-6.782204 -0.026283 7.397823 0.000000
-4.194380 0.790391 3.020949 0.000000
-4.050852 0.108295 2.559854 0.000000
2.024546 -0.316841 0.087896 0.000000
-6.878919 -0.035360 3.424651 0.000000
-8.409641 -0.028637 4.424097 0.000000
-9.637584 -0.024740 5.101318 0.000000
-9.228077 -0.025479 5.186847 0.000000
-9.763574 -0.023832 5.566915 0.000000
-5.647970 -0.042956 2.545438 0.000000
-5.848354 -0.041521 2.703632 0.000000
-6.501282 -0.037921 2.937133 0.000000
-8.529127 -0.029320 3.788045 0.000000
7.071103 -0.034338 3.676712 0.000000
-8.039706 -0.027607 5.520359 0.000000
-7.410206 -0.030766 4.765734 0.000000
-7.276779 -0.030216 5.196907 0.000000
-7.567101 -0.028739 5.531236 0.000000
-8.803489 -0.024601 6.274951 0.000000
-6.814667 -0.031631 5.149997 0.000000
-7.878415 -0.027254 5.894693 0.000000
-9.223886 -0.023046 6.745952 0.000000
9.111787 -0.025106 5.710029 0.000000
8.764424 -0.026429 5.351830 0.000000
-7.946689 -0.025825 6.543025 0.000000
-8.212935 -0.025762 6.290892 0.000000
-9.655867 -0.021403 7.347006 0.000000
-8.611685 -0.024294 6.665315 0.000000
-7.632310 -0.027295 6.148957 0.000000
-9.438842 -0.021249 7.663669 0.000000
-8.282923 -0.024357 6.969942 0.000000
-8.283707 -0.023287 7.548526 0.000000
9.889729 -0.022429 6.526373 0.000000
9.826496 -0.023624 5.771248 0.000000
9.487781 -0.023767 6.102313 0.000000
4.947641 -0.034989 5.914423 0.000000
6.224832 -0.029948 6.470719 0.000000
5.803981 -0.033334 5.670773 0.000000
-4.753525 0.031811 5.134621 0.000000
-5.298612 -0.030893 6.828776 0.000000
-6.977563 -0.025017 7.797387 0.000000
-4.735835 -0.032660 6.684794 0.000000
-5.423173 -0.028904 7.401590 0.000000
5.533728 -0.028494 7.517625 0.000000
5.445888 -0.029416 7.258716 0.000000
5.368163 -0.030541 6.938978 0.000000
6.273507 -0.026845 7.618437 0.000000
5.273958 -0.031272 6.771354 0.000000
6.148556 -0.027866 7.313336 0.000000
5.190198 -0.032201 6.543574 0.000000
5.847227 -0.029143 7.066894 0.000000
5.108016 -0.033129 6.325217 0.000000
-6.044164 -0.031311 6.080519 0.000000
-4.361430 -0.037753 5.611044 0.000000
-4.539020 -0.035555 6.031248 0.000000
6.437273 3.619229 4.933009 0.000000
2.375501 -0.072239 1.816167 0.000000
-1.090861 9.165192 0.337575 0.000000
-1.095555 23.046428 0.065218 0.000000
-0.473924 27.861026 -0.010975 0.000000
0.350864 28.880890 -0.011442 0.000000
-1.091312 9.819839 0.300293 0.000000
-1.094000 15.873619 0.201223 0.000000
-1.049157 30.591971 -0.012148 0.000000
-0.141310 27.995465 -0.011044 0.000000
-1.092431 11.796017 0.282248 0.000000
-1.095086 20.355603 0.140435 0.000000
-0.619767 27.717614 -0.010910 0.000000
-1.099911 15.365190 0.382212 0.000000
-1.096151 27.580436 -0.005326 0.000000
-1.091999 10.964803 0.287296 0.000000
-1.094649 18.311685 0.122976 0.000000
-1.090499 8.679437 0.240226 0.000000
-1.093116 13.330642 0.195811 0.000000
-0.366394 15.896817 -0.005429 0.000000
0.432955 10.804492 -0.002673 0.000000
1.016997 15.231113 -0.005129 0.000000
1.092187 10.579623 0.199911 0.000000
1.156516 7.750552 0.392892 0.000000
0.215514 12.006250 -0.003368 0.000000
0.749111 16.036879 -0.005531 0.000000
1.093793 14.018501 0.144238 0.000000
1.091340 9.258965 0.300837 0.000000
-0.042490 13.634700 -0.004260 0.000000
0.463835 17.196311 -0.006100 0.000000
0.144386 18.787883 -0.006863 0.000000
0.880689 24.332013 -0.009448 0.000000
1.094442 15.929312 0.198719 0.000000
-0.802364 19.195817 -0.007034 0.000000
-0.232560 21.043437 -0.007915 0.000000
0.456976 24.923894 -0.009701 0.000000
1.096034 23.007334 0.098953 0.000000
-0.707752 24.289604 -0.009385 0.000000
0.014752 26.055215 -0.010192 0.000000
0.887855 30.478806 -0.012151 0.000000
-1.091567 10.220182 0.244447 0.000000
-1.090010 8.091040 0.280404 0.000000
0.968831 8.688954 -0.001350 0.000000
0.801443 9.209969 -0.001690 0.000000
1.091327 9.245268 0.112638 0.000000
0.625102 9.900893 -0.002125 0.000000
1.092979 12.093150 0.053522 0.000000
1.090606 8.305084 0.239639 0.000000
1.647016 7.751029 -0.000000 0.000000
-3.588740 0.786225 2.993431 0.000000
8.331641 3.601482 4.937784 0.000000
7.628699 3.586570 4.936024 0.000000
5.622985 -0.027573 7.788116 0.000000
5.455260 -0.029615 7.184924 0.000000
6.266423 -0.027138 7.508024 0.000000
1.093143 12.422855 0.561725 0.000000
1.090529 8.203404 0.568687 0.000000
-1.092011 11.007467 1.003612 0.000000
-1.090501 8.695267 0.910600 0.000000
1.366006 7.751175 1.003686 0.000000
1.091949 10.130760 1.071493 0.000000
1.095979 22.428389 1.604170 0.000000
1.093454 13.072076 1.225511 0.000000
1.090967 8.713987 1.032736 0.000000
-0.672109 35.720792 2.079868 0.000000
1.028430 35.720803 2.092525 0.000000
-1.096120 27.770539 2.217957 0.000000
-0.433371 35.005509 2.359711 0.000000
-1.092422 11.801038 1.448780 0.000000
-0.987215 34.614041 2.359827 0.000000
-0.130335 35.720829 2.189813 0.000000
-1.091034 9.410724 1.324644 0.000000
-1.093343 13.970872 1.471870 0.000000
-1.095621 23.752944 1.813218 0.000000
0.130975 35.225418 2.359637 0.000000
-1.094203 16.662221 1.456903 0.000000
-1.096419 30.719068 1.849101 0.000000
-1.092761 12.532101 1.253366 0.000000
-1.094988 20.005866 1.383761 0.000000
-1.091307 9.823492 1.122983 0.000000
1.095466 19.764547 1.575674 0.000000
1.057101 35.030160 2.359665 0.000000
1.094974 17.682532 1.471944 0.000000
1.092445 10.974140 1.140511 0.000000
0.474075 33.569981 2.360053 0.000000
1.096523 25.916195 1.918588 0.000000
1.091434 9.348648 1.051150 0.000000
-0.062409 32.056313 2.360434 0.000000
0.994540 33.745243 2.360000 0.000000
-0.551082 30.525891 2.360801 0.000000
0.298867 32.983841 2.360202 0.000000
1.097032 30.125468 2.100729 0.000000
1.094436 15.794388 1.319085 0.000000
-0.992299 28.999070 2.361141 0.000000
-0.224284 32.139335 2.360420 0.000000
0.698503 35.281238 2.359609 0.000000
-1.095194 21.134500 1.950479 0.000000
-0.719474 31.202094 2.360653 0.000000
-1.594854 -0.083361 1.402951 0.000000
-1.983060 -0.076088 1.807046 0.000000
-8.378327 -0.026478 5.709063 0.000000
-8.767673 -0.024928 6.124261 0.000000
-9.191140 -0.023368 6.581689 0.000000
-8.576067 -0.024746 6.447793 0.000000
-8.978355 -0.023216 6.906595 0.000000
-7.962379 -0.026399 6.234011 0.000000
9.552308 -0.024701 5.390666 0.000000
8.649980 -0.030006 3.213758 0.000000
8.330683 -0.030881 3.266310 0.000000
8.109673 -0.030222 4.094485 0.000000
8.473564 -0.031676 2.305974 0.000000
8.901967 -0.030093 2.543559 0.000000
-8.984614 -0.027501 4.205264 0.000000
-9.528074 -0.024818 5.205271 0.000000
9.809323 -0.027595 2.578648 0.000000
9.267131 -0.029706 1.856909 0.000000
9.295193 -0.029207 2.316102 0.000000
9.409030 -0.027968 3.185910 0.000000
-4.180619 0.007870 5.131274 0.000000
7.397593 3.616713 4.935495 0.000000
5.997869 -0.031733 6.032938 0.000000
7.637950 -0.026065 6.817981 0.000000
-4.869546 -0.029254 7.634685 0.000000
8.159205 -0.023486 7.644788 0.000000
7.893379 -0.024768 7.218251 0.000000
1.091066 8.849386 0.969633 0.000000
1.092549 11.178220 1.054007 0.000000
1.091572 9.549440 1.049374 0.000000
1.095606 20.432441 1.609496 0.000000
-1.092928 12.918238 1.535555 0.000000
0.846635 35.720902 2.304339 0.000000
1.095639 20.630698 1.433570 0.000000
-1.095652 24.010670 2.160646 0.000000
-0.583927 31.579953 2.360565 0.000000
0.269082 35.720884 2.300375 0.000000
1.097256 32.451682 1.899755 0.000000
-1.094298 17.026968 1.764890 0.000000
-1.058618 30.636715 2.360794 0.000000
-0.080402 32.415268 2.360353 0.000000
-1.095148 20.875381 1.833103 0.000000
-1.091557 10.213834 1.387995 0.000000
-1.106311 15.365846 1.538490 0.000000
-1.095924 26.014458 1.856700 0.000000
-1.090191 8.299467 1.286045 0.000000
-1.092346 11.648258 1.340179 0.000000
-1.094503 17.821150 1.461473 0.000000
1.093014 12.107127 1.026324 0.000000
1.097175 31.492709 2.241323 0.000000
1.094571 16.227996 1.401475 0.000000
1.092057 10.313875 1.008057 0.000000
0.607545 32.455753 2.360327 0.000000
1.096102 23.125481 1.774281 0.000000
1.093548 13.300106 1.225812 0.000000
0.087944 31.137275 2.360649 0.000000
1.095070 18.067053 1.451989 0.000000
-0.390327 29.794761 2.360959 0.000000
0.447453 33.146238 2.360161 0.000000
1.096630 26.732763 1.870823 0.000000
-0.826734 28.436588 2.361252 0.000000
-1.096608 32.978180 1.793987 0.000000
-1.090120 8.224760 1.015406 0.000000
-1.093052 13.219921 1.243754 0.000000
-1.095164 20.914999 1.318469 0.000000
-8.429407 3.578529 4.938499 0.000000
-6.677118 -0.030893 5.605894 0.000000
9.879283 -0.020794 7.657923 0.000000
9.166545 -0.023370 6.724275 0.000000
7.476153 -0.027250 6.415507 0.000000
8.395225 -0.026445 5.810552 0.000000
1.090877 8.641144 0.216342 0.000000
1.092439 11.028201 0.186879 0.000000
0.181903 6.240099 0.000525 0.000000
0.161796 18.407392 -0.006679 0.000000
0.412702 10.457681 -0.002461 0.000000
0.541271 6.985351 -0.000095 0.000000
-1.096680 33.394675 0.202688 0.000000
-0.186268 19.371421 -0.007132 0.000000
0.187041 10.251835 -0.002328 0.000000
0.315348 6.539270 0.000271 0.000000
-1.095261 21.321369 0.319972 0.000000
-0.575296 20.768735 -0.007779 0.000000
-0.032462 10.166250 -0.002269 0.000000
-0.581163 35.719911 0.112743 0.000000
-1.030975 22.723596 -0.008669 0.000000
-0.251778 10.196581 -0.002283 0.000000
0.022841 5.822235 0.000891 0.000000
-1.092342 11.623696 0.422991 0.000000
-1.094223 16.635176 0.115448 0.000000
-0.476802 10.344701 -0.002370 0.000000
-0.118732 5.805529 0.000909 0.000000
-1.090879 9.193880 0.452900 0.000000
1.092198 10.602595 0.032904 0.000000
1.140156 15.365087 0.135619 0.000000
1.095593 20.594611 0.084104 0.000000
1.093077 12.300445 0.095695 0.000000
1.090552 8.241786 0.111860 0.000000
1.047160 30.947141 -0.012354 0.000000
1.094689 16.789803 0.005111 0.000000
-0.714369 10.627427 -0.002538 0.000000
0.595009 35.474793 -0.014275 0.000000
0.805159 17.453878 -0.006234 0.000000
0.910516 11.292950 -0.002978 0.000000
0.993378 8.219343 -0.001028 0.000000
0.007597 35.719869 0.043591 0.000000
0.487504 17.785627 -0.006387 0.000000
0.651073 10.795058 -0.002673 0.000000
-1.304598 6.358152 0.000425 0.000000
-1.633141 6.674187 0.311978 0.000000
-1.533026 6.729814 0.000118 0.000000
-1.102384 6.083272 0.000661 0.000000
-0.211313 5.625676 0.001073 0.000000
-1.091133 9.548592 0.261794 0.000000
-0.971237 11.044436 -0.002784 0.000000
-0.748880 5.750925 0.000959 0.000000
-6.112415 -3.325467 0.006572 0.000000
-16.592570 -3.452123 0.002964 0.000000
-8.339450 -3.435106 0.005024 0.000000
-13.326882 -3.925448 0.003630 0.000000
-32.668555 -5.833544 0.003177 0.000000
15.777452 -6.174285 0.003272 0.000000
9.258571 -4.696169 0.004559 0.000000
23.334927 -6.651836 0.002493 0.000000
6.529251 -4.078792 0.006102 0.000000
11.574449 -4.610452 0.003668 0.000000
-9.653711 -3.098946 0.004308 0.000000
7.681744 -3.936343 0.005181 0.000000
15.416579 -4.503060 0.002711 0.000000
5.749352 -3.602894 0.006764 0.000000
9.290526 -3.750729 0.004223 0.000000
22.775158 -4.313114 0.001637 0.000000
4.441172 -3.555067 0.008677 0.000000
6.690915 -3.404869 0.005758 0.000000
11.710333 -3.487308 0.003209 0.000000
-14.311598 -1.987368 0.002687 0.000000
-33.916097 -1.159923 0.001312 0.000000
-6.733134 -2.874191 0.005849 0.000000
-22.139823 -2.691228 0.002223 0.000000
7.720075 -3.687953 0.005073 0.000000
-23.789623 -0.014934 0.001069 0.000000
-11.164518 -1.811399 0.003282 0.000000
-7.150332 -2.416708 0.005334 0.000000
-21.333126 -1.161549 0.001654 0.000000
-10.586015 -2.321667 0.003667 0.000000
-20.136177 -2.060158 0.002092 0.000000
24.502701 -6.047459 0.002151 0.000000
11.757869 -4.254606 0.003483 0.000000
39.708173 -6.392141 0.001287 0.000000
-7.425001 -2.077435 0.004990 0.000000
14.608033 -4.001520 0.002678 0.000000
19.477604 -3.633002 0.001745 0.000000
30.417387 -2.958887 0.000472 0.000000
4.927527 -3.109285 0.007718 0.000000
-8.643293 -1.288766 0.003942 0.000000
-6.415818 -1.613020 0.005486 0.000000
-13.378170 -0.569906 0.002248 0.000000
-28.423513 1.718916 0.000231 0.000000
13.291064 -2.774660 0.002494 0.000000
8.498198 -2.724402 0.004233 0.000000
6.229182 -2.701498 0.005915 0.000000
-7.048443 -1.987843 0.005201 0.000000
-10.161283 -1.702871 0.003539 0.000000
-6.248160 -2.341187 0.006028 0.000000
-17.973889 -0.990186 0.001831 0.000000
-8.597259 -2.198854 0.004390 0.000000
-5.696294 -2.507269 0.006670 0.000000
-4.171923 -2.726090 0.009102 0.000000
-13.736823 -1.944419 0.002766 0.000000
-7.579602 -2.450048 0.005063 0.000000
9.025733 -2.080550 0.003679 0.000000
6.672202 -2.161867 0.005246 0.000000
6.984502 -3.155930 0.005421 0.000000
-33.490871 -0.971403 0.001240 0.000000
-11.275430 -2.548618 0.003559 0.000000
-22.244766 -2.483417 0.002134 0.000000
-9.672367 -2.987865 0.004257 0.000000
17.392763 -3.661877 0.002050 0.000000
19.633298 -2.989584 0.001471 0.000000
10.731188 -2.812639 0.003270 0.000000
23.733195 -2.086918 0.000661 0.000000
5.211723 -2.926598 0.007223 0.000000
7.347107 -2.746280 0.004977 0.000000
12.064062 -2.333805 0.002643 0.000000
31.514513 -0.602816 -0.000541 0.000000
5.547220 -2.758859 0.006703 0.000000
8.063950 -2.419308 0.004356 0.000000
-8.833135 -2.421739 0.004376 0.000000
-14.065427 -2.306208 0.002858 0.000000
-3.717205 -3.046206 0.010307 0.000000
-33.816511 -1.876066 0.001598 0.000000
-11.041061 -2.900470 0.003767 0.000000
7.250497 -3.289751 0.005263 0.000000
13.242416 -3.234639 0.002689 0.000000
8.606363 -3.011483 0.004290 0.000000
33.390096 -7.385864 0.002027 0.000000
-4.570521 -3.058526 0.008493 0.000000
-20.840217 -3.155669 0.002482 0.000000
-5.663135 -3.266897 0.007026 0.000000
-15.102961 -3.752830 0.003271 0.000000
-7.617289 -3.490904 0.005455 0.000000
-11.827946 -4.113792 0.004024 0.000000
-24.874404 -5.774536 0.003317 0.000000
21.348978 -6.709775 0.002717 0.000000
10.934063 -4.705376 0.003908 0.000000
13.684714 -4.559837 0.003091 0.000000
18.422322 -4.353328 0.002168 0.000000
6.258385 -3.498344 0.006190 0.000000
10.422648 -3.590837 0.003688 0.000000
28.178383 -3.958331 0.001028 0.000000
-2.784163 -1.067795 0.010450 0.000000
28.320081 2.550110 -0.001591 0.000000
-9.480263 -0.029522 0.939894 0.000000
12.784989 -0.264978 0.001560 0.000000
8.224880 -1.091206 0.003623 0.000000
19.915217 1.608125 -0.000441 0.000000
10.781487 -0.317531 0.002156 0.000000
16.068482 1.233531 0.000246 0.000000
9.539360 -0.324824 0.002612 0.000000
33.447130 6.227191 -0.003414 0.000000
6.771408 -0.985608 0.004503 0.000000
13.929890 1.067377 0.000707 0.000000
5.307427 -1.366604 0.006155 0.000000
8.754662 -0.300843 0.002939 0.000000
4.288570 -1.597367 0.007835 0.000000
9.046998 -0.030975 1.019337 0.000000
9.511454 -0.029369 1.398923 0.000000
7.226021 -0.038114 0.190733 0.000000
-8.959794 -0.029419 2.800270 0.000000
-9.891133 -0.026166 3.545124 0.000000
9.195196 -0.030754 0.592074 0.000000
4.178915 -0.844362 0.007202 0.000000
5.164422 -0.350616 0.005460 0.000000
4.190898 -0.767815 0.007094 0.000000
6.894337 -0.039666 0.087339 0.000000
-3.098219 -0.201961 0.008092 0.000000
-3.478580 -0.312448 0.007701 0.000000
4.065041 -2.358848 0.008941 0.000000
10.877780 -2.086920 0.002917 0.000000
34.090224 0.159967 -0.001006 0.000000
7.369188 -2.257007 0.004743 0.000000
13.895502 -1.488568 0.001825 0.000000
5.592902 -2.270823 0.006402 0.000000
8.718577 -1.911872 0.003759 0.000000
19.896468 -0.381342 0.000385 0.000000
4.458476 -2.338992 0.008135 0.000000
6.320303 -2.108436 0.005537 0.000000
20.457013 -1.624079 0.000823 0.000000
-5.258412 -1.566129 0.006606 0.000000
-5.439016 -1.089020 0.006047 0.000000
-7.003010 -0.612372 0.004455 0.000000
-7.165515 -0.857536 0.004501 0.000000
-7.325787 -0.262191 0.004047 0.000000
-9.274319 -0.030422 0.285654 0.000000
-17.518004 2.170879 0.000542 0.000000
-10.270962 -0.210921 0.002810 0.000000
-7.146073 -1.210417 0.004717 0.000000
-9.811708 -0.028848 0.444071 0.000000
-18.283307 1.646183 0.000703 0.000000
-20.346985 1.340954 0.000687 0.000000
15.021296 -2.400968 0.001963 0.000000
9.060029 -2.481043 0.003837 0.000000
-4.504880 -1.081322 0.007169 0.000000
-3.671028 -1.566611 0.009164 0.000000
-5.689198 -0.681311 0.005491 0.000000
-6.086475 -1.421156 0.005653 0.000000
-8.583006 -0.393694 0.003508 0.000000
-13.750501 0.945537 0.001516 0.000000
-7.078295 -1.000285 0.004640 0.000000
-4.667600 -1.781141 0.007563 0.000000
-33.626625 6.094942 -0.001605 0.000000
-18.828526 1.669146 0.000652 0.000000
-8.397357 -0.973054 0.003896 0.000000
-5.396411 -1.735208 0.006562 0.000000
-13.407576 -0.002291 0.001994 0.000000
-7.180161 -1.450988 0.004828 0.000000
-32.470141 3.689463 -0.000623 0.000000
-20.265222 0.630463 0.000987 0.000000
17.824527 0.032609 0.000488 0.000000
9.985522 -1.121611 0.002820 0.000000
-6.209094 -1.009292 0.005279 0.000000
17.162511 0.592401 0.000350 0.000000
6.927869 -1.571851 0.004725 0.000000
9.970607 -0.735999 0.002644 0.000000
17.586577 1.368542 -0.000041 0.000000
5.274750 -1.910582 0.006583 0.000000
10.285279 -0.263516 0.002299 0.000000
19.027513 2.473495 -0.000699 0.000000
7.626419 -0.524480 0.003654 0.000000
-7.397115 -1.754744 0.004847 0.000000
-10.908966 -1.337737 0.003145 0.000000
6.320096 -2.335283 0.005653 0.000000
13.019031 -1.835311 0.002178 0.000000
35.365773 0.900704 -0.001377 0.000000
14.963521 -1.103440 0.001441 0.000000
27.398638 -1.006502 -0.000086 0.000000
9.426795 -1.648175 0.003297 0.000000
6.898006 -1.920605 0.004935 0.000000
5.365715 -2.068462 0.006567 0.000000
-12.228417 -2.156284 0.003157 0.000000
-6.502030 -2.112166 0.005687 0.000000
-20.472599 -0.204737 0.001317 0.000000
-9.126061 -1.904463 0.004019 0.000000
-5.848175 -2.397924 0.006450 0.000000
-15.142859 -1.430196 0.002333 0.000000
-26.294531 -1.629038 0.001631 0.000000
-10.558611 -2.705469 0.003834 0.000000
-19.426827 -2.708894 0.002403 0.000000
21.733896 -3.075215 0.001258 0.000000
11.074536 -2.846023 0.003163 0.000000
23.518011 -2.179356 0.000719 0.000000
7.451709 -2.612904 0.004844 0.000000
11.815130 -2.387293 0.002739 0.000000
-8.433708 -0.032898 0.759323 0.000000
-8.509863 -0.032876 0.209051 0.000000
-9.556303 -0.029532 0.483789 0.000000
-9.895304 -0.028170 1.310672 0.000000
4.981618 -0.519062 0.005811 0.000000
-8.006648 -0.034444 0.748795 0.000000
-7.630671 -0.036022 0.546807 0.000000
6.145923 -3.689687 0.006361 0.000000
-34.335140 -6.610068 0.003468 0.000000
19.090183 -6.990589 0.003087 0.000000
10.274047 -4.961038 0.004229 0.000000
31.513006 -8.174050 0.002453 0.000000
7.034788 -4.216937 0.005723 0.000000
13.306646 -4.952764 0.003325 0.000000
5.341666 -3.829196 0.007319 0.000000
8.418024 -4.089588 0.004785 0.000000
18.576240 -4.943489 0.002376 0.000000
-13.608282 -4.194957 0.003680 0.000000
30.662438 -4.973974 0.001253 0.000000
4.997633 -3.416967 0.007707 0.000000
13.560633 -3.653764 0.002776 0.000000
5.493505 -3.299883 0.006983 0.000000
8.656756 -3.276773 0.004366 0.000000
-9.511528 -2.326667 0.004047 0.000000
-15.624714 -2.150940 0.002563 0.000000
-8.019969 -2.754925 0.004931 0.000000
-12.156836 -2.831509 0.003449 0.000000
-24.801157 -3.070137 0.002254 0.000000
-9.974770 -3.276433 0.004258 0.000000
-17.569681 -3.785202 0.002990 0.000000
-20.157038 -2.623566 0.002318 0.000000
-35.484928 1.583046 0.000206 0.000000
-12.739423 -1.702455 0.002858 0.000000
-7.635560 -2.352402 0.004984 0.000000
-26.925582 -0.577930 0.001191 0.000000
-11.441820 -2.226637 0.003381 0.000000
-22.525108 -1.863586 0.001872 0.000000
20.620170 -6.112483 0.002569 0.000000
10.770135 -4.434304 0.003869 0.000000
31.305495 -6.437241 0.001786 0.000000
7.259416 -3.837583 0.005444 0.000000
13.289654 -4.233771 0.003062 0.000000
5.475802 -3.535466 0.007077 0.000000
8.372744 -3.629629 0.004652 0.000000
17.525617 -3.961121 0.002147 0.000000
-6.709072 -1.791809 0.005351 0.000000
-5.262652 -1.851127 0.006801 0.000000
10.005757 -3.385889 0.003775 0.000000
-9.245017 -1.493217 0.003781 0.000000
-14.733835 -0.848787 0.002148 0.000000
-8.306053 -1.969634 0.004431 0.000000
26.100132 -3.493152 0.001009 0.000000
12.417567 -3.039814 0.002828 0.000000
5.229594 -3.126445 0.007275 0.000000
8.142894 -2.899511 0.004511 0.000000
6.030451 -2.831087 0.006177 0.000000
-8.875684 -3.187660 0.004669 0.000000
-14.518656 -3.551734 0.003280 0.000000
-39.114487 -5.146274 0.002879 0.000000
-11.566464 -3.946027 0.004027 0.000000
-23.745119 -5.354536 0.003195 0.000000
29.100510 -7.466038 0.002339 0.000000
12.676415 -4.721080 0.003397 0.000000
21.326724 -4.170126 0.001735 0.000000
11.318467 -3.430972 0.003312 0.000000
33.347201 -3.531201 0.000510 0.000000
-19.529999 -2.926515 0.002482 0.000000
-6.235386 -2.427213 0.006081 0.000000
-13.348071 -2.202861 0.002943 0.000000
-7.352061 -2.622005 0.005287 0.000000
-30.202519 -1.679092 0.001562 0.000000
-10.637593 -2.785324 0.003842 0.000000
7.244047 -0.029397 5.686481 0.000000
6.204084 -0.033815 5.092172 0.000000
6.814709 -0.031854 5.134117 0.000000
8.624911 -0.022721 7.648244 0.000000
-7.498172 -0.025557 7.110323 0.000000
-7.192822 -0.029279 5.716291 0.000000
7.504020 3.571230 4.935681 0.000000
-0.800110 1.368157 0.006894 0.000000
5.431141 -0.027920 7.785912 0.000000
7.870784 3.569006 4.936601 0.000000
-1.094063 16.115285 0.592765 0.000000
-1.091911 10.819942 0.670301 0.000000
-1.094502 17.753401 0.694222 0.000000
-1.090277 8.414377 0.640788 0.000000
-1.093003 13.079112 0.650957 0.000000
-1.095548 23.092333 0.656592 0.000000
-1.091492 10.111079 0.626398 0.000000
-1.092555 12.064078 0.559308 0.000000
-1.633257 6.742661 0.843883 0.000000
1.095275 19.042536 0.679421 0.000000
-1.095417 22.273537 0.679396 0.000000
1.112088 29.395212 0.779550 0.000000
-1.093884 15.529001 0.666813 0.000000
-1.096410 30.335227 0.813405 0.000000
-1.094935 19.670436 0.729852 0.000000
-1.090804 9.093974 0.664661 0.000000
-1.095975 26.220408 0.780064 0.000000
1.093766 13.910693 0.700517 0.000000
1.095648 20.825502 0.515269 0.000000
1.094825 17.261442 0.315563 0.000000
1.096532 26.341444 0.335618 0.000000
1.139817 15.365215 0.473478 0.000000
1.090801 8.540769 0.434931 0.000000
0.070521 35.720016 0.427441 0.000000
1.097326 33.657483 0.617814 0.000000
-0.548796 35.720033 0.428795 0.000000
0.546986 35.720124 0.678613 0.000000
1.096309 24.678157 0.681047 0.000000
1.091468 9.443623 0.309296 0.000000
1.093150 12.452680 0.309423 0.000000
-3.730910 0.787229 3.001770 0.000000
7.194264 -0.036957 1.852972 0.000000
-9.839529 -0.025887 3.885448 0.000000
9.831836 -0.024649 5.026273 0.000000
9.825096 -0.025265 4.574479 0.000000
9.675981 -0.027521 2.981586 0.000000
8.770209 -0.030868 2.189964 0.000000
4.325011 -0.312203 0.006375 0.000000
3.823914 -0.333015 0.007076 0.000000
7.617441 -0.028822 5.519579 0.000000
-8.963820 -0.025826 5.331775 0.000000
-8.011618 -0.026213 6.275391 0.000000
-8.515702 -0.025392 6.151981 0.000000
-8.889847 -0.023906 6.589632 0.000000
-9.215172 -0.022757 6.937167 0.000000
-9.875345 -0.021785 6.853559 0.000000
-9.631123 -0.021310 7.433441 0.000000
-7.398275 -0.029468 5.391432 0.000000
-7.562902 -0.029707 5.070313 0.000000
-4.561696 -0.030091 7.550478 0.000000
-1.089969 8.050838 0.804794 0.000000
-1.633104 6.643439 1.002966 0.000000
-1.093880 15.531581 0.912665 0.000000
1.095400 19.581160 0.841081 0.000000
1.092940 11.971832 0.780614 0.000000
1.090524 8.187497 0.759919 0.000000
-0.571864 35.720491 1.480325 0.000000
1.097197 31.990397 1.444183 0.000000
-1.127450 29.395577 1.511630 0.000000
-0.355004 35.720543 1.607291 0.000000
0.645477 35.720518 1.554833 0.000000
-1.092262 11.479991 1.006478 0.000000
-1.094783 19.002627 1.201008 0.000000
0.038005 35.720492 1.512544 0.000000
-1.090784 9.067004 0.952043 0.000000
-1.095798 24.932946 1.317077 0.000000
-1.094356 17.208979 1.086191 0.000000
-1.096760 34.887848 1.444330 0.000000
-1.095349 21.920154 1.085328 0.000000
1.095103 18.265141 1.047160 0.000000
1.097072 30.815950 1.128795 0.000000
1.094506 16.080168 0.896648 0.000000
1.092034 10.291440 0.816797 0.000000
0.643986 35.720410 1.319377 0.000000
1.096102 23.268701 1.105709 0.000000
1.093567 13.384413 0.904364 0.000000
1.013387 35.720502 1.482190 0.000000
1.092638 11.365024 0.834796 0.000000
0.419931 35.720501 1.530108 0.000000
1.096681 27.292200 1.318496 0.000000
-1.096654 33.474139 1.559927 0.000000
-0.171799 35.720528 1.586848 0.000000
1.095613 20.558956 1.128218 0.000000
-1.095218 21.194674 1.244631 0.000000
-6.398758 -0.028755 6.711562 0.000000
-5.915537 -0.028726 7.113039 0.000000
-6.014147 -0.027431 7.522131 0.000000
6.436489 -0.032345 5.374053 0.000000
6.811326 -0.029883 5.942882 0.000000
7.008180 -0.030738 5.372127 0.000000
7.421863 -0.026191 6.960368 0.000000
8.025556 -0.025394 6.773129 0.000000
1.097091 30.909160 1.456813 0.000000
1.092252 10.646339 0.995159 0.000000
-0.315709 33.596667 2.360070 0.000000
1.093858 14.126881 0.990499 0.000000
-0.805820 32.042142 2.360463 0.000000
1.095447 19.756959 1.143796 0.000000
-1.095972 26.436376 2.122892 0.000000
-1.094626 18.340046 1.707438 0.000000
-1.096734 34.809757 2.291350 0.000000
-1.093259 13.744208 1.475805 0.000000
-1.095380 22.180075 1.698677 0.000000
-1.091888 10.781381 1.329439 0.000000
-1.096047 26.989430 1.606893 0.000000
1.093757 13.840573 1.153435 0.000000
0.787968 35.720905 2.314651 0.000000
1.093244 12.606607 1.048296 0.000000
0.221851 35.138954 2.359662 0.000000
-1.090521 8.712298 1.229738 0.000000
-1.092542 12.051769 1.287261 0.000000
-1.094603 18.219382 1.268134 0.000000
-1.096613 32.890289 1.380954 0.000000
-1.091112 9.527484 1.185608 0.000000
-1.093128 13.401876 1.086088 0.000000
-1.095129 20.689173 1.038453 0.000000
-7.901612 -0.029205 4.864670 0.000000
-8.013929 -0.024585 7.111492 0.000000
-9.298447 -0.022399 7.073822 0.000000
-9.739020 -0.020892 7.603217 0.000000
8.604907 -0.023006 7.504570 0.000000
-6.992978 -0.032732 4.447044 0.000000
-7.161640 -0.030504 5.210270 0.000000
-9.846049 -0.023930 5.382720 0.000000
-9.374488 -0.025476 4.975132 0.000000
9.615240 -0.025828 4.492002 0.000000
8.263855 -0.030043 3.937395 0.000000
-7.373091 -0.026745 6.671835 0.000000
8.436147 -0.024946 6.589495 0.000000
0.263392 1.201471 0.007397 0.000000
-0.034237 1.113031 0.007644 0.000000
0.244360 2.265228 0.005192 0.000000
1.058438 3.227232 0.003608 0.000000
0.898305 2.134443 0.005309 0.000000
0.757327 2.178369 0.005266 0.000000
-1.026165 3.479550 0.003335 0.000000
-1.223283 4.113429 0.002562 0.000000
-1.430800 4.690982 0.001930 0.000000
-1.205430 3.863115 0.002850 0.000000
-0.884659 2.922058 0.004104 0.000000
-1.033715 3.206447 0.003689 0.000000
-0.521236 2.314164 0.005099 0.000000
4.707825 -0.755885 0.006368 0.000000
8.168844 -0.034240 0.391982 0.000000
-4.020003 -0.235337 0.006849 0.000000
-3.993702 -0.593153 0.007342 0.000000
9.550188 -0.029595 0.852188 0.000000
9.358411 -0.030292 0.549259 0.000000
3.629709 -0.425147 0.007499 0.000000
-9.599538 -0.025800 4.383953 0.000000
-2.748019 -2.047274 0.012577 0.000000
-6.219217 -0.877062 0.005182 0.000000
-8.336818 -0.307980 0.003569 0.000000
-5.975432 -1.201865 0.005609 0.000000
-5.915867 -1.553224 0.005896 0.000000
4.490068 -2.569259 0.008220 0.000000
10.640063 -1.787864 0.002873 0.000000
7.295223 -2.055636 0.004700 0.000000
9.319183 -2.850769 0.003865 0.000000
-24.827381 4.120354 -0.000661 0.000000
-12.076189 0.191712 0.002163 0.000000
-7.902445 -1.085468 0.004203 0.000000
-5.829836 -1.713497 0.006081 0.000000
-24.070581 2.929795 -0.000145 0.000000
-12.068981 -0.295640 0.002387 0.000000
-7.976798 -1.386839 0.004320 0.000000
-25.100030 2.173179 0.000131 0.000000
15.756165 -3.021036 0.002071 0.000000
21.268659 -2.388434 0.001035 0.000000
6.586540 -2.779231 0.005609 0.000000
11.062439 -2.496728 0.003025 0.000000
33.982986 -1.059717 -0.000514 0.000000
5.090661 -2.740623 0.007315 0.000000
13.940804 -1.982579 0.002020 0.000000
8.714214 -2.224060 0.003902 0.000000
19.351662 -1.092068 0.000743 0.000000
-5.115100 -0.676105 0.006045 0.000000
-6.831067 -0.344656 0.004392 0.000000
4.884897 -1.762337 0.007016 0.000000
16.840462 1.192382 0.000143 0.000000
9.899756 -0.325088 0.002470 0.000000
6.915890 -1.001986 0.004404 0.000000
-9.128354 -0.030504 1.021039 0.000000
17.891368 -0.069740 0.000520 0.000000
10.060365 -1.172312 0.002814 0.000000
32.089483 2.894282 -0.001984 0.000000
6.871742 -1.700047 0.004839 0.000000
13.535457 -0.281336 0.001389 0.000000
8.542214 -1.136085 0.003477 0.000000
21.482675 1.684308 -0.000647 0.000000
6.232668 -1.531525 0.005291 0.000000
11.237010 -0.363455 0.002031 0.000000
-6.888056 -0.027433 6.818449 0.000000
-8.320546 -0.023730 7.272994 0.000000
9.911585 -0.022051 6.762477 0.000000
-7.761307 -0.026388 6.453342 0.000000
1.314809 6.012539 0.000647 0.000000
1.420938 6.063217 0.000594 0.000000
1.008602 5.912182 0.000760 0.000000
1.383366 5.806239 0.000818 0.000000
1.056842 5.548175 0.001079 0.000000
0.867249 5.937173 0.000749 0.000000
1.027529 5.301265 0.001310 0.000000
1.152194 4.122353 0.002501 0.000000
1.668507 6.327131 0.000350 0.000000
-1.090630 8.840548 0.094046 0.000000
-0.548592 9.019480 -0.001524 0.000000
-0.202757 5.310851 0.001366 0.000000
-0.127526 3.420132 0.003462 0.000000
-0.793132 9.946498 -0.002118 0.000000
-0.348225 5.534109 0.001158 0.000000
-1.086846 11.141961 -0.002840 0.000000
-0.408492 5.920441 0.000811 0.000000
-0.354838 3.524239 0.003325 0.000000
-0.631740 6.154390 0.000609 0.000000
-0.947621 6.697442 0.000158 0.000000
-0.475016 3.623399 0.003195 0.000000
-1.081359 7.149516 -0.000196 0.000000
-0.602049 3.756946 0.003025 0.000000
0.455452 6.303366 0.000460 0.000000
0.455685 4.893959 0.001751 0.000000
0.700580 4.005553 0.002690 0.000000
0.460074 3.891102 0.002845 0.000000
0.169437 6.839681 0.000034 0.000000
0.325924 4.896883 0.001755 0.000000
0.439396 3.671977 0.003114 0.000000
0.014664 7.220292 -0.000257 0.000000
-0.152903 7.692390 -0.000607 0.000000
-0.338395 8.283314 -0.001027 0.000000
0.044593 3.435787 0.003438 0.000000
-0.682353 3.849430 0.002909 0.000000
-0.886813 4.148231 0.002551 0.000000
-1.051052 4.420126 0.002242 0.000000
-1.235551 4.755672 0.001881 0.000000
-0.899728 2.479556 0.004772 0.000000
-1.033162 2.641047 0.004496 0.000000
9.791596 -0.024826 4.956832 0.000000
9.477680 -0.026637 4.119208 0.000000
-9.865199 -0.023014 6.011198 0.000000
-7.255157 -0.899962 0.004471 0.000000
8.494654 -2.522472 0.004149 0.000000
20.450553 -3.138589 0.001427 0.000000
10.832752 -2.892212 0.003264 0.000000
31.153307 -2.245938 0.000136 0.000000
7.348302 -2.803850 0.004999 0.000000
13.383043 -2.462058 0.002345 0.000000
18.020274 -1.767349 0.001198 0.000000
6.238059 -2.490316 0.005808 0.000000
10.197889 -2.145190 0.003193 0.000000
-6.699585 -1.591717 0.005248 0.000000
-6.901863 -1.276093 0.004920 0.000000
-17.373994 1.410709 0.000882 0.000000
-9.736952 -0.742480 0.003240 0.000000
-5.175455 -2.048078 0.007040 0.000000
-16.353891 0.501811 0.001371 0.000000
-9.497910 -1.174170 0.003533 0.000000
-6.744463 -1.872499 0.005367 0.000000
-16.126124 -0.186389 0.001689 0.000000
-9.505870 -1.548410 0.003705 0.000000
-16.632066 -0.756778 0.001870 0.000000
15.531900 -3.616817 0.002346 0.000000
7.104418 -2.295486 0.004958 0.000000
-16.588882 -4.726928 0.003460 0.000000
-4.134841 -3.144370 0.009360 0.000000
-14.789978 -3.014621 0.003029 0.000000
-7.700467 -3.201676 0.005298 0.000000
-5.111784 -3.266832 0.007721 0.000000
-38.946765 -3.686048 0.002304 0.000000
-11.607966 -3.500700 0.003849 0.000000
-6.666801 -3.463214 0.006125 0.000000
-23.315367 -4.401353 0.002843 0.000000
-9.530854 -3.826952 0.004631 0.000000
-5.783941 -3.174542 0.006859 0.000000
31.525929 -9.720613 0.003052 0.000000
13.050398 -5.544511 0.003598 0.000000
8.238465 -4.458732 0.005001 0.000000
17.996341 -5.716087 0.002750 0.000000
6.011271 -3.957508 0.006568 0.000000
10.131569 -4.354299 0.004076 0.000000
28.544119 -6.104467 0.001843 0.000000
-2.973836 -3.000782 0.012690 0.000000
-6.533380 -2.788924 0.005980 0.000000
-20.428229 -2.185990 0.002125 0.000000
-9.086126 -2.857842 0.004445 0.000000
7.931108 -3.137515 0.004735 0.000000
5.926261 -2.932089 0.006332 0.000000
16.262753 -4.191605 0.002439 0.000000
-11.799695 -3.107831 0.003647 0.000000
-24.914563 -3.657834 0.002486 0.000000
18.145662 -6.138271 0.002889 0.000000
10.011532 -4.551360 0.004191 0.000000
26.960939 -6.508517 0.002122 0.000000
6.917448 -3.949162 0.005740 0.000000
12.389414 -4.399388 0.003354 0.000000
5.276751 -3.630909 0.007361 0.000000
8.026151 -3.769354 0.004905 0.000000
23.898268 -3.853636 0.001345 0.000000
11.911509 -3.395549 0.003111 0.000000
-31.115683 -2.560501 0.001903 0.000000
-19.272913 -0.873784 0.001676 0.000000
-10.860274 -1.619782 0.003285 0.000000
-4.829079 -2.600537 0.007858 0.000000
-9.443900 -2.169750 0.004007 0.000000
-15.597723 -1.892827 0.002463 0.000000
-8.441769 -2.592352 0.004638 0.000000
-13.329902 -2.584427 0.003104 0.000000
-7.747232 -2.845917 0.005129 0.000000
-9.736056 -0.025960 4.018775 0.000000
12.963999 -0.522006 0.001628 0.000000
26.258955 0.035977 -0.000418 0.000000
12.271076 -1.365089 0.002175 0.000000
16.969940 -0.370503 0.000783 0.000000
5.906779 -2.003195 0.005895 0.000000
9.805169 -1.313642 0.002981 0.000000
28.734772 2.024320 -0.001411 0.000000
8.336855 -1.269410 0.003652 0.000000
19.749232 1.112871 -0.000216 0.000000
7.384209 -1.229900 0.004207 0.000000
-6.741228 -0.387345 0.004478 0.000000
-3.765669 -1.167468 0.008461 0.000000
4.277654 -1.106942 0.007346 0.000000
6.872373 -0.206036 0.003932 0.000000
2.748577 -1.752489 0.011975 0.000000
5.288083 -0.756257 0.005686 0.000000
9.881992 -0.028922 0.347809 0.000000
9.315619 -0.030555 0.197824 0.000000
5.477740 -0.854947 0.005565 0.000000
22.094967 3.339331 -0.001398 0.000000
-4.646823 -0.375847 0.006266 0.000000
-9.200515 -0.029150 2.420243 0.000000
7.022239 -3.817363 0.005617 0.000000
-4.476904 -0.450173 0.006541 0.000000
-4.632514 -0.640038 0.006555 0.000000
-8.493207 -0.032288 1.370011 0.000000
-8.179018 -0.033615 1.057141 0.000000
-6.007620 -0.822185 0.005318 0.000000
-6.692072 -0.813197 0.004787 0.000000
-16.451317 1.793426 0.000805 0.000000
-7.694741 -0.785194 0.004151 0.000000
7.067762 -0.676715 0.004100 0.000000
5.475535 -1.099068 0.005759 0.000000
7.502201 -0.234897 0.003556 0.000000
6.764936 -1.312360 0.004704 0.000000
-11.731746 0.162895 0.002252 0.000000
-24.246782 3.101299 -0.000221 0.000000
-9.297502 -0.713761 0.003385 0.000000
-15.947034 0.624736 0.001364 0.000000
16.768913 0.568191 0.000419 0.000000
9.678834 -0.764713 0.002772 0.000000
16.187409 1.088269 0.000289 0.000000
9.657665 -0.367918 0.002585 0.000000
16.417458 1.803567 -0.000057 0.000000
9.435112 -0.030164 0.322056 0.000000
5.160681 -1.658257 0.006557 0.000000
14.203538 -3.269164 0.002478 0.000000
-25.975924 -5.135970 0.003032 0.000000
18.221898 -5.098540 0.002483 0.000000
10.055867 -3.981817 0.003974 0.000000
23.562069 -4.768654 0.001736 0.000000
11.746941 -3.680931 0.003271 0.000000
34.243212 -4.224492 0.000727 0.000000
7.786574 -3.317593 0.004897 0.000000
-12.071871 -3.782926 0.003842 0.000000
18.437943 -2.647479 0.001492 0.000000
6.515731 -2.905540 0.005726 0.000000
10.634940 -2.622171 0.003226 0.000000
-31.190022 -1.205078 0.001362 0.000000
-13.490069 -2.009059 0.002839 0.000000
-10.809365 -2.621472 0.003724 0.000000
-6.465155 -2.924840 0.006096 0.000000
-9.067858 -3.047409 0.004529 0.000000
-15.053125 -3.332077 0.003115 0.000000
12.997897 -4.195843 0.003119 0.000000
18.061121 -3.938774 0.002057 0.000000
10.296387 -3.229428 0.003597 0.000000
-11.691515 -0.889352 0.002741 0.000000
-5.766181 -1.773057 0.006183 0.000000
-7.746153 -1.477337 0.004495 0.000000
-23.431651 0.857715 0.000731 0.000000
-9.614457 -1.552429 0.003666 0.000000
-16.542505 -0.781686 0.001891 0.000000
-8.272412 -2.017232 0.004471 0.000000
8.659044 -2.444233 0.004026 0.000000
-13.058201 -1.671137 0.002780 0.000000
-7.350152 -2.373746 0.005178 0.000000
-30.420379 -0.419208 0.001058 0.000000
-10.988184 -2.257208 0.003520 0.000000
-21.500833 -1.923248 0.001953 0.000000
36.590156 -1.921474 -0.000323 0.000000
14.070203 -2.342360 0.002137 0.000000
38.045863 -0.427180 -0.000997 0.000000
14.596118 -1.762661 0.001787 0.000000
15.819096 -1.062754 0.001263 0.000000
6.404783 -2.218440 0.005514 0.000000
9.641327 -1.656462 0.003206 0.000000
18.013270 -0.118464 0.000523 0.000000
-7.659646 -0.031142 4.208917 0.000000
-9.727509 -0.022479 6.547551 0.000000
9.706827 -0.023240 6.188115 0.000000
9.253071 -0.024739 5.762917 0.000000
8.840153 -0.026215 5.380104 0.000000
9.464262 -0.025534 4.940325 0.000000
0.630582 2.504039 0.004742 0.000000
1.635449 6.430283 0.000269 0.000000
0.925817 3.808811 0.002895 0.000000
1.229886 5.773291 0.000862 0.000000
0.686744 3.785183 0.002952 0.000000
-0.345082 4.550884 0.002129 0.000000
-0.143927 4.832889 0.001834 0.000000
-0.708319 5.805938 0.000910 0.000000
-0.843473 6.825326 0.000058 0.000000
-0.561688 6.053029 0.000696 0.000000
0.985738 7.037233 -0.000160 0.000000
0.253839 2.984343 0.004050 0.000000
0.897246 5.375864 0.001251 0.000000
0.748151 5.253582 0.001378 0.000000
1.195517 7.489862 -0.000516 0.000000
0.152370 3.186618 0.003770 0.000000
0.347128 3.993304 0.002733 0.000000
0.232347 4.134786 0.002576 0.000000
0.469832 5.143634 0.001503 0.000000
-0.072000 3.735321 0.003060 0.000000
0.336269 5.152536 0.001501 0.000000
0.623472 6.381999 0.000386 0.000000
-0.200538 4.103522 0.002623 0.000000
0.203465 5.200767 0.001460 0.000000
-0.912891 7.096137 -0.000154 0.000000
-0.724144 6.242554 0.000534 0.000000
-0.900145 6.501334 0.000317 0.000000
-1.633114 6.653862 0.183206 0.000000
-1.093230 6.831562 0.000049 0.000000
-1.310246 7.257547 -0.000283 0.000000
-7.225959 -0.028598 5.982316 0.000000
-8.582638 -0.025115 6.231265 0.000000
-6.175475 -0.689542 0.005088 0.000000
-8.779070 -0.031915 0.391215 0.000000
3.748890 -1.385535 0.008635 0.000000
7.070993 -0.365319 0.003903 0.000000
-7.922385 -0.644940 0.003954 0.000000
-12.336706 0.431197 0.002000 0.000000
-27.334833 4.087333 -0.000708 0.000000
16.774134 1.258767 0.000123 0.000000
16.102646 1.745064 0.000017 0.000000
5.024012 -1.293165 0.006450 0.000000
6.836867 -0.731212 0.004295 0.000000
6.500446 -1.422684 0.004986 0.000000
12.021135 -0.945054 0.002061 0.000000
-32.749644 0.964129 0.000476 0.000000
-22.203822 -1.028467 0.001555 0.000000
21.978545 -1.293613 0.000516 0.000000
11.158796 -1.938235 0.002757 0.000000
21.890560 -0.463042 0.000189 0.000000
7.472916 -2.158258 0.004623 0.000000
23.295496 0.585716 -0.000379 0.000000
26.624919 2.109004 -0.001288 0.000000
8.073045 -1.481459 0.003908 0.000000
13.197491 -0.246805 0.001451 0.000000
8.716127 -1.033511 0.003336 0.000000
-12.341337 -0.383521 0.002369 0.000000
-8.023024 -1.169255 0.004184 0.000000
-6.898784 -1.611027 0.005111 0.000000
-26.239133 2.142713 0.000112 0.000000
-9.933527 -1.166649 0.003374 0.000000
-6.057875 -1.930729 0.005988 0.000000
-17.521317 -0.057270 0.001489 0.000000
-8.432548 -1.690390 0.004237 0.000000
-5.541280 -2.212060 0.006690 0.000000
-13.464919 -1.140359 0.002480 0.000000
-9.116631 -0.027905 3.672463 0.000000
9.840441 -0.026038 3.934343 0.000000
-4.960319 -0.270718 0.005829 0.000000
-9.829530 -0.027502 2.389815 0.000000
-0.578265 1.478675 0.006707 0.000000
-1.202988 3.545688 0.003231 0.000000
-0.660825 0.739376 0.008547 0.000000
0.807853 1.780883 0.005991 0.000000
0.806721 1.483037 0.006605 0.000000
0.851995 2.221339 0.005170 0.000000
-0.545494 3.531257 0.003308 0.000000
-0.836424 4.228213 0.002464 0.000000
-0.337249 1.220405 0.007351 0.000000
-1.012697 4.683033 0.001969 0.000000
-0.486176 1.324390 0.007076 0.000000
-1.218331 5.238072 0.001412 0.000000
-1.463079 5.922361 0.000784 0.000000
-0.107166 2.680268 0.004521 0.000000
-0.204897 2.841780 0.004273 0.000000
8.582355 -0.031197 2.423556 0.000000
8.079034 -0.033249 2.089888 0.000000
-9.491706 -0.023684 6.023515 0.000000
9.486728 -0.027147 3.705598 0.000000
9.747473 -0.021323 7.431561 0.000000
8.997570 -0.027105 4.588433 0.000000
1.090731 8.444598 0.639645 0.000000
-1.092117 11.201896 1.200758 0.000000
-1.096365 30.152487 2.046694 0.000000
-1.094976 19.951376 1.585939 0.000000
-0.878134 35.720786 2.048157 0.000000
-1.145238 15.365755 1.390554 0.000000
-1.095937 26.088060 1.742430 0.000000
-1.086263 35.720733 1.906562 0.000000
-1.090681 8.925265 1.104948 0.000000
-1.095434 22.471187 1.386406 0.000000
-1.093976 15.854482 1.131353 0.000000
1.094549 16.185319 1.205227 0.000000
1.096111 23.242765 1.521246 0.000000
1.093556 13.332615 1.134564 0.000000
1.095077 18.119210 1.339829 0.000000
1.096634 26.821346 1.720090 0.000000
-1.096770 35.323113 2.283507 0.000000
1.095564 20.271829 1.399744 0.000000
-1.095394 22.266124 1.718265 0.000000
1.097139 31.279683 1.831225 0.000000
-1.092492 11.946221 0.984395 0.000000
-7.106797 -0.026098 7.207933 0.000000
-7.334206 -0.024775 7.622690 0.000000
5.757333 -0.028644 7.310788 0.000000
5.399544 -0.031832 6.500714 0.000000
6.261566 -0.028031 7.163811 0.000000
-8.613178 3.606263 4.938986 0.000000
-1.096003 26.624793 1.731662 0.000000
1.097327 33.393518 1.529613 0.000000
1.094794 17.088986 0.890407 0.000000
1.092327 10.805099 0.656781 0.000000
1.096402 25.252677 1.070687 0.000000
1.095576 20.437749 0.745380 0.000000
0.296723 35.720391 1.291167 0.000000
1.097275 33.007382 0.876238 0.000000
-1.094641 18.389061 1.416482 0.000000
-1.096678 33.821001 1.685666 0.000000
-0.304554 35.720392 1.289948 0.000000
-1.093260 13.742047 1.242175 0.000000
-1.095290 21.601076 1.294260 0.000000
1.093652 13.594826 0.935320 0.000000
1.091120 8.937330 0.764011 0.000000
1.095173 18.547746 1.121334 0.000000
1.096724 27.605958 1.468343 0.000000
1.091661 9.708027 0.736639 0.000000
1.095725 21.132069 1.137219 0.000000
-1.095840 25.204557 1.066648 0.000000
-1.094350 17.170548 0.889549 0.000000
-1.110814 29.395200 0.705816 0.000000
-1.094730 18.705375 0.597286 0.000000
-1.091302 9.815420 0.737271 0.000000
-1.093136 13.400179 0.548062 0.000000
-1.089768 7.825893 0.700051 0.000000
-1.091524 10.158999 0.521805 0.000000
-1.089903 7.973649 0.507084 0.000000
-3.978034 -0.038892 5.625017 0.000000
-3.799548 -0.041804 5.129369 0.000000
-3.172867 0.783354 2.988524 0.000000
-2.584509 -0.064214 2.615386 0.000000
6.636673 3.571775 4.933426 0.000000
8.033320 3.605720 4.937065 0.000000
-9.393764 -0.021217 7.728600 0.000000
-8.649243 -0.022868 7.441223 0.000000
9.033136 -0.027040 4.575630 0.000000
-8.576472 -0.024251 6.727623 0.000000
-8.967749 -0.022741 7.203718 0.000000
9.877920 -0.028125 1.757920 0.000000
5.230619 -0.446428 0.005477 0.000000
-9.715740 -0.023868 5.607070 0.000000
9.884845 -0.026884 3.098867 0.000000
6.926685 3.581434 4.934209 0.000000
-0.797428 27.441469 -0.010782 0.000000
-1.091770 10.572876 0.657513 0.000000
-1.137006 15.365226 0.439395 0.000000
-1.095470 22.489453 0.045059 0.000000
-1.092036 11.037899 0.443204 0.000000
-1.096334 15.365101 0.140487 0.000000
-1.090456 8.633025 0.449838 0.000000
-1.092172 11.277967 0.199473 0.000000
-1.095165 20.803950 0.434229 0.000000
-1.094212 16.664669 0.949859 0.000000
1.096907 29.430760 0.445295 0.000000
-1.034327 35.720435 1.299756 0.000000
0.688993 35.720031 0.436587 0.000000
1.096177 23.908630 0.154219 0.000000
-1.095613 23.583084 1.077916 0.000000
0.927035 35.719871 -0.009300 0.000000
-1.096196 28.168798 0.836639 0.000000
0.254678 31.901191 -0.012744 0.000000
-1.092798 12.607872 0.878024 0.000000
-1.094743 18.779730 0.736061 0.000000
-1.096673 33.350611 0.436449 0.000000
-0.302422 29.131816 -0.011534 0.000000
-1.093261 13.728902 0.685605 0.000000
1.091379 9.308111 0.521872 0.000000
1.095462 19.886692 0.735455 0.000000
1.092942 11.993447 0.544545 0.000000
1.090416 8.076635 0.460294 0.000000
1.097044 30.591120 0.937644 0.000000
1.094505 16.111722 0.584229 0.000000
1.092014 10.280913 0.453776 0.000000
0.684218 35.720303 1.077843 0.000000
1.093613 13.538283 0.448167 0.000000
1.091147 8.992691 0.361099 0.000000
0.108855 35.720320 1.143557 0.000000
1.009496 35.720196 0.798918 0.000000
1.095239 18.913770 0.444443 0.000000
1.092797 11.710968 0.319432 0.000000
-0.463956 35.720367 1.217312 0.000000
-3.164677 0.783372 3.000952 0.000000
-0.678862 1.656181 0.006307 0.000000
-0.789941 1.861357 0.005874 0.000000
8.734764 -0.023280 7.223260 0.000000
7.569203 -0.028601 5.682071 0.000000
-1.199225 -2.800559 0.028339 0.000000
-6.632977 -2.492037 0.005764 0.000000
6.408351 -3.644675 0.006091 0.000000
-27.555858 -6.238425 0.003422 0.000000
22.254663 -7.364193 0.002870 0.000000
11.164392 -4.989108 0.003929 0.000000
38.476643 -8.866837 0.002322 0.000000
7.440703 -4.193254 0.005421 0.000000
14.449317 -4.951227 0.003069 0.000000
8.902420 -4.049033 0.004515 0.000000
20.417109 -4.911336 0.002127 0.000000
-12.397206 -4.241400 0.003940 0.000000
11.014221 -3.846454 0.003570 0.000000
34.620871 -4.855116 0.000953 0.000000
7.506003 -3.450584 0.005135 0.000000
14.398602 -3.536134 0.002540 0.000000
9.062725 -3.189710 0.004122 0.000000
-9.224510 -2.443980 0.004215 0.000000
-14.996421 -2.339671 0.002728 0.000000
-5.145725 -3.025919 0.007588 0.000000
-39.208609 -1.909225 0.001599 0.000000
-11.597357 -2.961518 0.003640 0.000000
-22.792022 -3.302030 0.002435 0.000000
-16.094292 -3.898589 0.003199 0.000000
-7.970285 -3.659957 0.005306 0.000000
-38.030973 -0.146325 0.000897 0.000000
-9.207620 -3.269073 0.004555 0.000000
-15.673051 -3.728417 0.003186 0.000000
17.008906 -6.234055 0.003091 0.000000
9.677136 -4.666354 0.004366 0.000000
25.436260 -6.717755 0.002327 0.000000
12.061945 -4.554555 0.003503 0.000000
-9.343389 -1.987749 0.003968 0.000000
7.909864 -3.884572 0.005016 0.000000
23.711026 -4.164609 0.001485 0.000000
23.505714 -2.998090 0.001043 0.000000
33.477425 -1.726091 -0.000220 0.000000
8.143391 -2.783664 0.004462 0.000000
14.429350 -2.213198 0.002006 0.000000
9.193227 -2.348162 0.003715 0.000000
6.712807 -2.412991 0.005332 0.000000
-14.285526 -1.704837 0.002576 0.000000
-7.613386 -2.466523 0.005050 0.000000
-35.986277 -0.307187 0.000964 0.000000
-11.396795 -2.387970 0.003461 0.000000
-16.471357 -3.031350 0.002813 0.000000
-8.293922 -3.214903 0.004966 0.000000
-13.185350 -3.570480 0.003522 0.000000
-31.657584 -4.919289 0.002831 0.000000
15.650119 -4.215135 0.002556 0.000000
9.220180 -3.555232 0.004184 0.000000
18.526050 -3.711804 0.001901 0.000000
-8.866903 -2.055229 0.004201 0.000000
-9.113696 -0.030275 1.427682 0.000000
17.258744 1.345097 0.000014 0.000000
37.558773 7.039827 -0.003971 0.000000
14.466611 1.124898 0.000574 0.000000
8.939724 -0.290782 0.002848 0.000000
28.564524 5.503555 -0.002818 0.000000
6.446382 -0.929063 0.004722 0.000000
6.132306 -0.853467 0.004937 0.000000
-4.476944 -0.668464 0.006777 0.000000
9.661869 -2.452162 0.003545 0.000000
6.844398 -2.506986 0.005264 0.000000
6.331280 -3.251102 0.006034 0.000000
-5.893428 -2.190691 0.006295 0.000000
-30.479385 1.972555 0.000097 0.000000
-12.910849 -1.176966 0.002600 0.000000
-28.931018 0.580831 0.000683 0.000000
-29.553709 -0.508113 0.001109 0.000000
18.634596 -3.727454 0.001892 0.000000
-8.270177 -1.686984 0.004317 0.000000
27.102854 -3.151540 0.000788 0.000000
12.577650 -2.868903 0.002714 0.000000
16.389991 -2.323505 0.001679 0.000000
-9.252043 -0.805452 0.003449 0.000000
-6.722385 -1.286981 0.005055 0.000000
-34.935197 4.074314 -0.000789 0.000000
-13.522977 -0.559326 0.002220 0.000000
7.681117 -1.456411 0.004134 0.000000
11.450686 -0.878556 0.002199 0.000000
-20.575172 2.368727 0.000247 0.000000
14.662721 -1.726457 0.001758 0.000000
20.731431 -0.694212 0.000411 0.000000
10.961301 -1.596497 0.002676 0.000000
37.475430 2.013786 -0.001944 0.000000
7.425920 -1.923441 0.004542 0.000000
14.501229 -0.826623 0.001415 0.000000
8.954250 -1.512933 0.003453 0.000000
22.083039 0.750398 -0.000327 0.000000
6.443036 -1.823935 0.005268 0.000000
-10.671980 -0.013857 0.002600 0.000000
-5.383035 -0.830581 0.005900 0.000000
-7.012069 -0.312153 0.004260 0.000000
-4.352038 -1.158743 0.007469 0.000000
