# .PCD v0.7 - Point Cloud Data file format
VERSION 0.7
FIELDS x y z intensity
SIZE 4 4 4 4
TYPE F F F F
COUNT 1 1 1 1
WIDTH 15105
HEIGHT 1
VIEWPOINT 0 0 0 1 0 0 0
POINTS 15105
DATA ascii
-0.587613 23.319536 2.328600 0.000000
-0.796195 23.245569 2.330229 0.000000
-0.370552 23.282322 2.329902 0.000000
-0.491933 23.514531 2.329880 0.000000
-0.227843 23.530844 2.329889 0.000000
-1.088529 23.237482 2.312229 0.000000
-0.943746 23.230977 2.330650 0.000000
0.064904 23.782186 2.316234 0.000000
-0.155710 23.526512 2.330217 0.000000
0.059942 23.517103 2.331335 0.000000
0.372076 23.727574 2.317162 0.000000
-1.041962 23.983940 0.974068 0.000000
-1.010934 24.599725 0.346654 0.000000
-1.055621 24.584102 0.188369 0.000000
-1.045769 23.799779 0.998253 0.000000
-0.602988 25.189617 0.058704 0.000000
-0.604373 24.979200 0.056268 0.000000
-0.615933 25.399983 0.063572 0.000000
-1.068505 23.341065 2.070491 0.000000
-1.068274 23.533039 1.670936 0.000000
-1.060553 23.796417 1.472929 0.000000
-1.061097 23.584748 1.491821 0.000000
-1.075946 23.383440 1.996217 0.000000
-1.066635 23.469402 1.891358 0.000000
-1.055312 23.782084 1.146783 0.000000
-1.054132 23.776951 1.323381 0.000000
1.036225 24.984489 1.368406 0.000000
1.043881 24.729763 1.584944 0.000000
1.042023 24.960245 1.548488 0.000000
1.057285 25.182756 1.562370 0.000000
1.041176 24.777798 1.377020 0.000000
1.036041 25.142406 1.387935 0.000000
1.049232 25.394199 1.382343 0.000000
1.049004 24.762550 1.796766 0.000000
1.047943 24.576772 1.714394 0.000000
1.047368 24.581577 1.490528 0.000000
1.019300 25.589819 0.987170 0.000000
1.041075 25.571729 1.198378 0.000000
1.022239 25.345524 0.990875 0.000000
1.039597 25.624250 1.185188 0.000000
1.012029 25.780675 0.994573 0.000000
1.029114 25.855329 0.985254 0.000000
1.013419 25.591836 0.782184 0.000000
1.029263 25.189473 1.192902 0.000000
1.034396 24.901583 1.186899 0.000000
1.027043 25.389887 1.167643 0.000000
0.699064 23.860674 2.315801 0.000000
0.434582 23.799735 2.316130 0.000000
0.469994 23.892004 2.314758 0.000000
0.759958 24.133347 2.316118 0.000000
0.841906 24.133462 2.316689 0.000000
0.835620 23.950778 2.314960 0.000000
1.065572 24.374914 2.293027 0.000000
1.054646 24.314618 1.979668 0.000000
1.048855 24.540254 1.965872 0.000000
1.053067 24.322206 2.154694 0.000000
1.011941 24.133024 2.317944 0.000000
-0.593876 25.378936 0.065944 0.000000
1.059023 24.091981 2.165061 0.000000
1.079619 24.467820 2.166223 0.000000
1.050942 24.394380 1.770223 0.000000
1.034754 23.965529 1.987491 0.000000
1.055255 24.192286 1.933097 0.000000
1.032399 24.111347 1.767565 0.000000
1.060154 23.981786 2.184463 0.000000
0.860166 23.717710 2.318269 0.000000
1.036890 23.712194 2.318887 0.000000
1.061035 23.951089 2.240722 0.000000
1.023391 24.576672 1.329212 0.000000
1.023540 24.430702 1.195985 0.000000
1.019646 24.724371 1.188523 0.000000
1.028562 24.336617 1.556077 0.000000
0.184154 23.253009 2.333207 0.000000
-0.098023 23.303185 2.330432 0.000000
0.254745 23.279500 2.333087 0.000000
-0.213792 23.160483 2.306246 0.000000
-0.537688 23.044870 2.307977 0.000000
-0.125692 23.103158 2.307028 0.000000
0.673315 23.547743 2.330602 0.000000
0.439535 23.575278 2.327304 0.000000
0.609385 23.723827 2.317571 0.000000
0.364328 23.583701 2.326300 0.000000
0.208460 25.962847 0.054816 0.000000
0.236895 25.799509 0.046764 0.000000
0.464314 25.972340 0.044914 0.000000
0.680054 26.360301 0.032334 0.000000
1.001320 26.969815 0.196429 0.000000
0.409915 26.360060 0.039555 0.000000
0.998831 26.733385 0.188456 0.000000
0.075270 25.581758 0.060142 0.000000
0.448241 26.179478 0.034779 0.000000
0.790479 26.587998 0.027941 0.000000
0.129809 25.748445 0.053821 0.000000
-0.009143 25.588079 0.064834 0.000000
0.241912 26.384082 0.045170 0.000000
-0.001709 25.357792 0.058798 0.000000
0.124730 25.993520 0.058137 0.000000
0.213320 26.147510 0.046115 0.000000
0.146299 26.122733 0.050637 0.000000
-0.209732 25.337268 0.069116 0.000000
1.001936 26.587556 0.182537 0.000000
1.000540 26.308310 0.366596 0.000000
1.002994 26.155576 0.169425 0.000000
1.004905 26.319012 0.182160 0.000000
1.001562 26.534974 0.375999 0.000000
0.960173 26.293810 0.028212 0.000000
0.626580 26.133796 0.028975 0.000000
1.000983 26.714853 0.160648 0.000000
0.980924 26.584471 0.024126 0.000000
-0.482160 25.197184 0.064357 0.000000
-0.353527 25.598247 0.064084 0.000000
-0.583762 25.587659 0.065242 0.000000
-0.203460 25.199755 0.061520 0.000000
-0.023121 25.780440 0.061064 0.000000
1.003193 26.094930 0.391191 0.000000
1.025197 25.105800 0.990389 0.000000
1.012818 24.965664 0.956125 0.000000
1.008108 25.129032 0.796200 0.000000
1.016077 25.304739 0.795795 0.000000
1.002081 25.713881 0.379955 0.000000
1.003327 25.752553 0.593937 0.000000
1.004308 25.970200 0.505422 0.000000
1.000827 25.969565 0.377191 0.000000
1.001082 26.198118 0.584518 0.000000
1.002933 25.347733 0.577351 0.000000
1.007174 25.523598 0.576561 0.000000
1.011888 25.669655 0.774878 0.000000
1.031160 26.027740 1.379801 0.000000
1.031677 25.790478 1.237374 0.000000
1.033735 25.914144 1.356971 0.000000
1.044428 26.105709 1.585438 0.000000
1.029854 25.844503 1.191993 0.000000
1.041904 25.571068 1.230901 0.000000
1.036339 26.363860 1.361389 0.000000
1.026748 26.122174 1.170256 0.000000
1.037481 25.792063 1.465819 0.000000
1.043564 25.394553 1.567227 0.000000
1.039459 25.589062 1.538916 0.000000
1.024909 26.245841 1.185189 0.000000
1.034386 25.967937 1.579732 0.000000
1.013787 27.170739 0.929143 0.000000
1.017873 26.465885 0.986699 0.000000
1.020974 26.783478 0.992106 0.000000
1.020101 26.956465 0.969200 0.000000
1.025379 27.170576 1.197621 0.000000
1.010825 26.679562 0.790917 0.000000
1.026791 27.291839 1.172528 0.000000
1.012681 26.996016 0.787608 0.000000
1.020182 26.977105 1.194280 0.000000
1.012274 27.156614 0.782248 0.000000
1.019042 27.322876 0.988330 0.000000
1.029234 27.585391 1.166551 0.000000
1.018847 27.508484 0.975549 0.000000
1.008452 27.335953 0.777487 0.000000
1.021070 27.798327 0.968318 0.000000
1.019021 26.333887 0.978075 0.000000
1.036346 26.576251 1.389698 0.000000
1.021473 26.079185 0.993353 0.000000
1.029016 26.571444 1.179695 0.000000
1.028119 26.755567 1.153777 0.000000
1.056259 24.977719 2.183774 0.000000
1.001592 24.464598 2.337490 0.000000
1.002249 24.699611 2.333773 0.000000
1.011016 24.947291 2.332943 0.000000
1.059545 24.660550 2.171154 0.000000
1.048350 25.194800 2.198873 0.000000
1.073048 24.734304 1.991293 0.000000
0.817391 24.488545 2.335613 0.000000
0.642103 24.510365 2.333905 0.000000
0.645875 24.372170 2.295089 0.000000
0.837203 24.694874 2.332354 0.000000
0.904134 24.340092 2.293903 0.000000
1.054737 24.915584 1.962056 0.000000
1.045588 25.385299 1.768106 0.000000
1.050121 25.129990 1.785735 0.000000
1.041277 25.584594 1.771118 0.000000
1.039236 25.729065 1.793235 0.000000
1.066141 24.924524 1.781188 0.000000
1.052318 25.054271 1.919364 0.000000
1.044757 25.388717 1.942952 0.000000
1.010399 27.574725 0.760015 0.000000
-1.000473 25.393126 0.389547 0.000000
-1.000496 25.597945 0.392953 0.000000
-1.000213 25.791606 0.358556 0.000000
-1.006313 26.132490 0.136757 0.000000
-1.005816 26.591253 0.194456 0.000000
-1.002940 26.192017 0.383892 0.000000
-1.000067 25.175485 0.378124 0.000000
-1.000131 25.982569 0.394026 0.000000
-1.013594 26.992943 0.198521 0.000000
-1.000291 24.949658 0.342514 0.000000
-1.001542 24.799342 0.381392 0.000000
-1.006507 27.382209 0.184321 0.000000
-0.768572 30.267837 0.036584 0.000000
-0.819850 27.188114 0.053342 0.000000
-0.880709 27.797417 0.055643 0.000000
-0.847042 28.593534 0.051865 0.000000
-0.604807 29.837044 0.059676 0.000000
-1.013680 27.192575 0.141250 0.000000
-0.973656 29.697386 0.049821 0.000000
-1.006576 27.755804 0.189679 0.000000
-1.001755 28.378526 0.049646 0.000000
-0.803927 29.391873 0.052779 0.000000
-1.014239 26.798981 0.070021 0.000000
-1.010517 28.192301 0.193731 0.000000
-1.198911 29.173580 0.041897 0.000000
-1.005730 27.599614 0.176334 0.000000
-1.128667 28.983696 0.039764 0.000000
-1.005602 25.973773 0.193533 0.000000
-1.005908 26.394443 0.181824 0.000000
-1.004560 25.786906 0.195541 0.000000
-0.787958 28.786705 0.051559 0.000000
1.006341 29.938907 0.289922 0.000000
1.207965 29.413067 0.783387 0.000000
3.769558 35.621143 0.108007 0.000000
3.757512 35.611918 0.484312 0.000000
1.000479 29.490051 0.519231 0.000000
1.081703 29.391996 0.797492 0.000000
1.211738 29.398543 0.281678 0.000000
1.173717 29.397309 0.226727 0.000000
1.193409 29.398411 0.428807 0.000000
1.002263 29.543722 0.683485 0.000000
1.078328 29.225028 0.019998 0.000000
1.001104 29.524384 0.218940 0.000000
1.001822 29.668584 0.508651 0.000000
1.005825 29.788038 0.752497 0.000000
1.002164 29.627125 0.187885 0.000000
3.767244 35.604745 0.829525 0.000000
1.007531 29.974676 0.590116 0.000000
1.010671 30.028604 0.786426 0.000000
1.011920 30.124030 0.091290 0.000000
1.008487 30.019093 0.215196 0.000000
1.015164 30.296800 0.586884 0.000000
1.018199 30.412937 0.601403 0.000000
1.022179 30.565235 0.180211 0.000000
1.025831 30.729580 0.334989 0.000000
1.028269 30.818899 0.590172 0.000000
0.814318 30.175459 0.024666 0.000000
1.036423 31.181441 0.176666 0.000000
1.032730 31.019365 0.279182 0.000000
1.038568 31.301230 0.450058 0.000000
1.003551 27.955010 0.557676 0.000000
1.014946 27.959601 0.938896 0.000000
1.003237 27.536915 0.589192 0.000000
1.010988 27.720689 0.779440 0.000000
1.008550 27.934031 0.776284 0.000000
1.015395 28.193523 0.935391 0.000000
1.005014 27.754660 0.593169 0.000000
1.009491 28.136207 0.783309 0.000000
4.266573 35.637097 1.776012 0.000000
0.471602 29.594199 0.040841 0.000000
1.002397 28.186779 0.529487 0.000000
4.340133 35.635264 1.391350 0.000000
4.058572 35.619441 1.471712 0.000000
4.336580 35.632525 0.606222 0.000000
4.157910 35.629304 1.114321 0.000000
3.834150 35.637191 1.448032 0.000000
4.262660 35.618117 0.316437 0.000000
4.140258 35.629019 0.738773 0.000000
3.977347 35.622126 1.110725 0.000000
3.655041 35.631569 1.354281 0.000000
4.151284 35.628934 0.369045 0.000000
3.925025 35.606798 0.592099 0.000000
-0.777747 27.398752 0.060883 0.000000
0.158745 31.157072 0.019597 0.000000
0.736481 35.721676 0.029783 0.000000
-0.596312 27.748244 0.065108 0.000000
-0.367653 28.796883 0.055854 0.000000
-0.167471 30.585889 0.029102 0.000000
0.461738 34.954540 0.004817 0.000000
-0.587206 27.592008 0.067831 0.000000
-0.598487 28.563464 0.065415 0.000000
-0.383661 30.010553 0.050288 0.000000
0.121177 33.747091 0.007234 0.000000
-0.752727 27.592756 0.055349 0.000000
-0.598666 28.344676 0.065041 0.000000
-0.203706 29.714441 0.066140 0.000000
-0.106909 32.732330 0.010299 0.000000
-0.219047 28.990191 0.062281 0.000000
-0.786106 28.098050 0.058884 0.000000
-0.542015 29.596588 0.061101 0.000000
-0.204640 31.820317 0.014813 0.000000
-0.598016 29.075974 0.059427 0.000000
-0.586847 31.374664 0.014002 0.000000
-0.990532 27.374212 0.049633 0.000000
-0.667061 27.967026 0.073749 0.000000
-0.706912 28.993306 0.060191 0.000000
-0.473458 30.793222 0.008542 0.000000
-0.880989 27.998238 0.057731 0.000000
1.065905 33.536901 0.274358 0.000000
1.041250 31.406687 0.024377 0.000000
1.044568 31.627438 0.298874 0.000000
1.044623 31.633112 0.407289 0.000000
0.371161 29.170442 0.043616 0.000000
0.803083 31.940222 0.012671 0.000000
1.051504 32.082526 0.236969 0.000000
1.053496 32.236289 0.547580 0.000000
0.113206 28.783010 0.049374 0.000000
0.650470 31.139914 0.017800 0.000000
1.028078 32.806758 0.009190 0.000000
1.060835 32.917561 0.349124 0.000000
0.132438 28.593256 0.047865 0.000000
0.565107 30.295342 0.026731 0.000000
1.067624 33.781239 0.094335 0.000000
-0.056673 28.399280 0.067077 0.000000
0.322850 29.999506 0.035501 0.000000
0.837382 33.724513 0.006998 0.000000
1.070471 34.266095 0.318542 0.000000
-0.209173 28.161632 0.064841 0.000000
0.114925 29.534329 0.041925 0.000000
0.592077 32.667725 0.010082 0.000000
1.075630 35.389819 0.021600 0.000000
-0.201825 27.884382 0.066854 0.000000
-0.135333 29.194408 0.068400 0.000000
0.298505 31.756787 0.014616 0.000000
0.978834 35.722397 0.054088 0.000000
-0.205177 27.775354 0.066299 0.000000
-0.699775 25.583075 0.057914 0.000000
-0.590009 26.183729 0.066343 0.000000
-0.210915 26.598491 0.068464 0.000000
-0.567307 25.794273 0.062118 0.000000
-0.361176 26.390137 0.067075 0.000000
-0.570294 25.965360 0.056978 0.000000
-0.582825 26.361018 0.063940 0.000000
-0.642888 25.794933 0.057480 0.000000
-0.770313 25.996900 0.053411 0.000000
-0.788917 26.153983 0.057292 0.000000
0.032120 26.930362 0.051702 0.000000
-0.001947 26.364016 0.057386 0.000000
0.257775 27.566128 0.043470 0.000000
-0.343409 25.957100 0.067482 0.000000
0.004258 26.780874 0.056312 0.000000
0.379350 27.386506 0.043882 0.000000
-0.045952 26.130711 0.063450 0.000000
-0.139376 26.599964 0.064591 0.000000
0.104362 27.188892 0.046663 0.000000
-0.349393 25.739446 0.068193 0.000000
-0.291252 26.176787 0.061157 0.000000
-0.038560 26.950161 0.054552 0.000000
-0.046980 26.754690 0.059925 0.000000
-1.045476 23.969409 1.153481 0.000000
-0.013637 25.982026 0.066621 0.000000
1.011363 26.541551 0.786553 0.000000
1.013063 26.306011 0.798287 0.000000
1.009238 26.295612 0.595549 0.000000
1.004869 26.552258 0.581441 0.000000
1.004858 26.744051 0.595730 0.000000
1.000325 26.764261 0.388859 0.000000
1.002569 26.991537 0.496789 0.000000
1.005758 25.978913 0.786431 0.000000
1.018638 26.079414 0.788732 0.000000
0.759238 27.742456 0.029785 0.000000
0.742497 26.947331 0.024506 0.000000
0.929774 27.726062 0.026596 0.000000
1.001954 27.942281 0.192734 0.000000
1.000651 28.164534 0.196217 0.000000
0.552383 26.746457 0.039287 0.000000
0.757100 27.343527 0.033293 0.000000
0.364265 26.590615 0.040115 0.000000
0.503331 27.192363 0.029240 0.000000
0.988820 27.967751 0.025807 0.000000
1.577995 29.600169 0.004656 0.000000
0.158353 26.330918 0.050311 0.000000
0.368232 26.995741 0.039651 0.000000
1.000963 27.966498 0.391335 0.000000
1.374943 28.981053 0.027553 0.000000
0.231054 26.754752 0.047627 0.000000
0.465384 27.377479 0.040949 0.000000
0.999858 28.590793 0.027262 0.000000
0.069559 26.584882 0.053464 0.000000
0.240534 27.177307 0.039977 0.000000
0.742217 28.117218 0.032028 0.000000
0.562085 27.759994 0.034472 0.000000
1.001587 27.306098 0.185575 0.000000
1.000590 26.971148 0.375279 0.000000
1.003231 27.195664 0.579633 0.000000
1.001022 27.115440 0.376218 0.000000
1.000765 27.395647 0.384697 0.000000
1.001095 27.185846 0.159292 0.000000
1.001730 27.558237 0.393213 0.000000
1.002422 27.588094 0.160471 0.000000
1.000660 27.793035 0.341545 0.000000
0.762100 27.179321 0.031597 0.000000
1.001529 27.752692 0.196055 0.000000
-0.033345 23.828500 2.315551 0.000000
-0.164235 23.777873 2.316611 0.000000
0.046827 23.817668 2.315660 0.000000
0.010707 24.171079 2.311753 0.000000
0.298029 24.128017 2.313485 0.000000
-0.377505 23.735759 2.317908 0.000000
-0.523255 23.705990 2.318975 0.000000
0.434447 24.177900 2.313507 0.000000
0.483197 24.391343 2.295938 0.000000
0.257076 23.855524 2.315047 0.000000
-1.062876 23.588646 2.323987 0.000000
-1.081443 23.649354 1.995171 0.000000
-1.062706 23.749255 1.665372 0.000000
-1.080055 23.594322 2.185725 0.000000
-1.089751 23.796948 2.173739 0.000000
-0.888884 23.554191 2.329202 0.000000
-1.053439 23.978161 1.306288 0.000000
-0.747173 23.658548 2.320873 0.000000
-0.730062 23.578801 2.328277 0.000000
-0.900043 23.760537 2.320196 0.000000
1.010311 23.191722 2.344842 0.000000
0.655264 22.995377 2.310809 0.000000
0.941532 22.845667 2.313710 0.000000
1.002804 22.918972 2.313466 0.000000
1.060821 23.133371 2.195663 0.000000
1.043485 23.342882 2.172167 0.000000
0.447278 22.842143 2.311401 0.000000
0.020234 22.767686 2.326956 0.000000
0.346916 22.793704 2.328507 0.000000
0.581154 22.753366 2.326044 0.000000
1.047226 23.715379 1.596979 0.000000
1.051654 23.562307 1.786728 0.000000
1.054207 23.462721 1.578450 0.000000
1.037903 23.773643 1.788300 0.000000
1.045245 23.818779 1.576698 0.000000
1.040848 23.916580 1.364079 0.000000
1.046954 23.679151 1.381329 0.000000
1.056038 23.299518 1.862638 0.000000
1.040757 23.577164 1.963674 0.000000
-0.681259 22.559501 2.320611 0.000000
-0.941306 22.595023 2.321104 0.000000
-0.634462 22.396450 2.322119 0.000000
-0.824662 22.292261 2.325418 0.000000
-0.542673 22.507081 2.321228 0.000000
-1.094512 22.798055 1.972960 0.000000
-1.085399 22.807846 1.739720 0.000000
-1.068554 23.347317 1.340449 0.000000
-1.067916 23.166549 1.399691 0.000000
-1.085817 22.995529 1.576799 0.000000
-1.076634 23.118731 1.510651 0.000000
-1.099348 22.578020 2.088790 0.000000
-1.020691 22.385986 2.324621 0.000000
-1.067113 23.176470 1.768755 0.000000
-1.071741 22.925379 1.979163 0.000000
-1.036222 22.504637 2.321924 0.000000
-1.079408 22.798966 2.173822 0.000000
-0.051782 22.786916 2.326178 0.000000
-0.428560 22.776327 2.311007 0.000000
-0.214906 22.562858 2.314483 0.000000
-0.144252 22.540321 2.314894 0.000000
-0.357578 22.752950 2.311345 0.000000
1.001107 25.318657 0.162523 0.000000
1.001603 25.142306 0.170949 0.000000
1.002138 25.079454 0.382748 0.000000
1.001734 25.326094 0.347436 0.000000
0.887069 25.190017 0.013743 0.000000
0.757322 25.161547 0.018610 0.000000
0.930945 25.300585 0.026810 0.000000
1.005372 25.579102 0.087734 0.000000
0.474911 25.155348 0.040842 0.000000
0.659967 25.356052 0.033151 0.000000
0.416228 24.979878 0.042675 0.000000
1.001890 24.911933 0.399076 0.000000
1.004199 24.978794 0.472656 0.000000
1.003789 24.739702 0.382316 0.000000
-0.003088 24.752246 0.068170 0.000000
0.240307 25.181081 0.051382 0.000000
-0.005461 24.996607 0.060047 0.000000
0.051832 24.878741 0.062474 0.000000
0.175028 25.197645 0.054938 0.000000
-0.392035 24.703852 0.059999 0.000000
-0.281654 24.996780 0.064693 0.000000
0.359087 24.963985 0.045487 0.000000
0.831693 25.494242 0.031194 0.000000
0.558028 25.375976 0.036223 0.000000
0.638389 25.582192 0.036111 0.000000
0.369063 25.396913 0.043486 0.000000
1.026664 24.179809 0.919849 0.000000
1.033146 24.158915 1.166122 0.000000
1.031564 24.232384 1.172321 0.000000
1.024556 24.398427 0.968371 0.000000
1.037508 24.108632 1.396801 0.000000
1.036086 23.961595 1.122250 0.000000
1.006245 24.710045 0.592739 0.000000
1.012832 24.502974 0.786677 0.000000
1.014811 24.677611 0.798576 0.000000
1.010884 24.536342 0.581815 0.000000
1.022972 24.440438 0.933408 0.000000
1.017203 24.389588 0.722396 0.000000
0.283596 24.741480 0.049620 0.000000
1.000300 24.945554 0.173195 0.000000
0.755871 24.626681 0.031430 0.000000
0.932377 24.979471 0.030155 0.000000
0.568447 24.610578 0.037085 0.000000
0.665874 24.907831 0.033778 0.000000
0.198550 24.778304 0.054589 0.000000
1.002573 24.795679 0.197420 0.000000
0.935348 24.762497 0.027101 0.000000
-0.090023 24.572051 0.064338 0.000000
-0.295969 24.594058 0.067228 0.000000
-0.436067 24.598879 0.066955 0.000000
0.120641 24.549262 0.065124 0.000000
1.002337 24.523548 0.236618 0.000000
1.017532 23.992329 0.972170 0.000000
1.012321 24.184539 0.793633 0.000000
1.023362 23.751881 1.192579 0.000000
1.021657 23.789303 0.999461 0.000000
1.004673 24.351078 0.474724 0.000000
-0.813514 24.567409 0.045226 0.000000
-0.800109 24.393871 0.057742 0.000000
-1.045503 24.385519 0.188469 0.000000
-1.041528 23.537806 0.964571 0.000000
-1.055360 23.368499 1.160137 0.000000
-1.058780 23.568965 1.173966 0.000000
-1.029253 23.790498 0.748154 0.000000
-0.602122 24.571005 0.043585 0.000000
1.001122 25.537547 0.381402 0.000000
1.003003 25.716656 0.190173 0.000000
1.004541 25.083754 0.586018 0.000000
1.009050 24.934019 0.793314 0.000000
0.459032 25.712174 0.040207 0.000000
0.767771 25.892539 0.038642 0.000000
0.504756 25.555009 0.040507 0.000000
0.194024 25.289437 0.046901 0.000000
0.325911 25.584864 0.047592 0.000000
-0.039697 25.179538 0.062691 0.000000
1.001061 25.939066 0.138461 0.000000
0.945238 25.780949 0.024947 0.000000
0.686450 25.786679 0.032880 0.000000
0.928430 25.869078 0.036355 0.000000
0.959980 26.190924 0.029366 0.000000
1.029152 24.215043 1.391730 0.000000
1.032424 24.127625 1.592535 0.000000
1.041902 23.975736 1.797793 0.000000
1.014795 24.721699 0.928383 0.000000
-1.056694 23.541921 1.383447 0.000000
-1.062968 23.385706 1.588281 0.000000
-1.068596 23.361206 1.773021 0.000000
-1.076679 23.186123 1.984237 0.000000
-1.070411 23.090239 2.197021 0.000000
-1.040306 22.950756 2.310795 0.000000
-0.738847 23.002630 2.309004 0.000000
-0.813350 23.014151 2.309130 0.000000
-0.962579 22.955511 2.310388 0.000000
-1.070389 23.124264 2.225816 0.000000
-0.416700 24.994788 0.063628 0.000000
-0.402578 24.717793 0.058496 0.000000
-0.601103 24.795557 0.046106 0.000000
0.986420 23.396874 2.340988 0.000000
0.589033 23.068242 2.309730 0.000000
0.686131 23.381930 2.338765 0.000000
0.468337 23.330783 2.333604 0.000000
1.033438 23.332716 2.342796 0.000000
1.013234 23.504735 2.335736 0.000000
0.239350 23.076284 2.308141 0.000000
0.026546 23.069458 2.307661 0.000000
1.045394 23.784809 1.975040 0.000000
1.048870 23.558310 2.184787 0.000000
1.037101 23.718163 2.134574 0.000000
-0.664066 22.989575 2.308933 0.000000
-0.821357 22.793256 2.311787 0.000000
-0.686551 22.777788 2.311544 0.000000
-0.589900 22.974996 2.308919 0.000000
-1.076395 22.626796 2.321310 0.000000
-1.080654 22.987377 2.172592 0.000000
-0.158011 22.989830 2.308384 0.000000
-0.229586 22.987958 2.308380 0.000000
0.057858 22.994038 2.308616 0.000000
-0.192701 24.131234 2.311898 0.000000
0.054185 24.398137 2.299043 0.000000
-0.393575 23.812757 2.316671 0.000000
-0.333486 24.112547 2.312048 0.000000
0.203961 24.380076 2.297955 0.000000
0.393292 24.539535 2.331661 0.000000
0.462810 24.591058 2.331200 0.000000
0.523915 24.683259 2.329977 0.000000
0.600538 24.686428 2.330514 0.000000
-1.056444 23.672455 2.322682 0.000000
-0.979024 23.958974 2.315408 0.000000
-0.744315 23.980328 2.306705 0.000000
-1.058723 23.964211 1.491436 0.000000
-1.075084 23.965930 1.782805 0.000000
-1.084819 23.993679 1.955754 0.000000
-0.541412 23.830673 2.316973 0.000000
1.048749 25.950357 1.719529 0.000000
1.026310 26.755672 1.398222 0.000000
0.814108 25.153969 2.320455 0.000000
0.830830 24.971080 2.331229 0.000000
1.047291 25.180375 2.280148 0.000000
1.051469 25.365068 2.322106 0.000000
0.660188 24.992770 2.329681 0.000000
1.042493 25.537121 1.964013 0.000000
1.055607 25.670219 1.960265 0.000000
1.045719 25.309800 2.165597 0.000000
1.060652 25.459173 2.195552 0.000000
1.031401 27.704428 1.386933 0.000000
1.049676 27.385875 1.947105 0.000000
1.036661 27.374992 1.360170 0.000000
1.035408 27.212389 1.579859 0.000000
1.028867 27.501603 1.393172 0.000000
1.049101 27.542548 1.598435 0.000000
1.045608 27.590170 1.777424 0.000000
1.022923 27.700192 1.163874 0.000000
1.053941 27.385192 1.741379 0.000000
1.040803 27.799943 1.597986 0.000000
1.043621 27.681066 1.701720 0.000000
1.025012 27.910057 1.198394 0.000000
1.033810 27.978194 1.399016 0.000000
1.038113 27.942367 1.555523 0.000000
1.042334 27.835027 1.775856 0.000000
1.027905 28.082639 1.162301 0.000000
1.034161 28.054661 1.388839 0.000000
1.036558 28.033312 1.545976 0.000000
1.029957 26.992606 1.281610 0.000000
1.040088 26.771787 1.780911 0.000000
1.043799 26.750885 1.968710 0.000000
1.037632 26.796832 1.599966 0.000000
1.041541 26.916827 1.982229 0.000000
1.039929 26.908614 1.583428 0.000000
1.040428 26.956537 1.795819 0.000000
4.331143 35.639857 2.236100 0.000000
1.038406 27.087148 1.795608 0.000000
1.053912 27.188329 1.980668 0.000000
1.032119 27.136477 1.312357 0.000000
1.044821 27.112306 1.599811 0.000000
1.045517 31.638672 0.867756 0.000000
1.015802 29.536307 1.322350 0.000000
1.025084 29.506545 1.688217 0.000000
1.021440 30.304950 1.119918 0.000000
1.013723 29.935792 1.069002 0.000000
1.015813 29.692031 1.287878 0.000000
1.021695 29.590082 1.544058 0.000000
1.029776 30.758209 1.024129 0.000000
1.015296 29.811714 1.218557 0.000000
1.034821 31.041207 0.914002 0.000000
1.021266 30.214020 1.210798 0.000000
1.021787 29.811291 1.490465 0.000000
1.035381 31.027866 1.031400 0.000000
1.025166 30.414301 1.218344 0.000000
1.023314 30.011704 1.463502 0.000000
1.050735 32.001146 0.800594 0.000000
1.044300 31.524087 1.025306 0.000000
1.033261 30.806262 1.258270 0.000000
1.031535 30.505789 1.513393 0.000000
1.059027 32.692016 0.909674 0.000000
1.049092 31.813668 1.113604 0.000000
1.042565 31.267341 1.391744 0.000000
1.031724 30.619588 1.401573 0.000000
1.065668 33.477414 0.888862 0.000000
1.057237 32.492589 1.049519 0.000000
1.048813 31.737972 1.279722 0.000000
2.160722 31.130264 2.353121 0.000000
3.300637 33.391793 2.358125 0.000000
1.038551 28.126658 1.788222 0.000000
4.110121 35.625817 2.252743 0.000000
3.210333 33.702517 2.358426 0.000000
2.741477 31.850971 2.308497 0.000000
3.974717 35.625367 2.160064 0.000000
3.478003 34.308475 2.359439 0.000000
2.798281 32.215604 2.381442 0.000000
2.190268 30.848565 2.367642 0.000000
3.764836 35.600438 2.096595 0.000000
3.426195 34.930732 2.361076 0.000000
2.729132 32.722423 2.356701 0.000000
1.012245 29.503455 1.186671 0.000000
1.215641 29.426045 1.269514 0.000000
2.837868 33.102473 2.357347 0.000000
2.231441 31.465058 2.336972 0.000000
1.205094 29.453804 1.549249 0.000000
2.204408 31.931533 2.290480 0.000000
1.012049 29.679078 1.137172 0.000000
1.200556 29.491836 1.768940 0.000000
0.862884 25.704797 2.317898 0.000000
0.602899 25.732487 2.314448 0.000000
1.038239 25.771645 2.116684 0.000000
1.002933 25.796161 2.319276 0.000000
1.059899 25.983587 2.331112 0.000000
0.966730 25.994581 2.330235 0.000000
1.052846 25.995395 2.147555 0.000000
1.035528 25.984904 1.934568 0.000000
0.609160 25.591340 2.318858 0.000000
0.807362 25.353761 2.320931 0.000000
0.797583 25.387269 2.320385 0.000000
0.856467 25.586764 2.321391 0.000000
1.031085 25.582326 2.323298 0.000000
0.814881 26.188024 2.325791 0.000000
1.047155 26.506449 2.173582 0.000000
1.038497 26.374133 1.742355 0.000000
1.048929 26.259468 1.999480 0.000000
1.028496 26.397310 1.580096 0.000000
1.043557 26.584278 1.952423 0.000000
1.043224 26.570387 1.799772 0.000000
1.050702 26.795763 2.137728 0.000000
1.030887 26.564789 1.564210 0.000000
1.050776 26.117469 2.042425 0.000000
1.057194 26.198254 2.326431 0.000000
1.048817 26.365210 2.291698 0.000000
1.042107 26.186564 1.985135 0.000000
1.039502 31.018420 1.485976 0.000000
1.032727 26.167629 1.777958 0.000000
1.047177 26.385757 2.192005 0.000000
-1.005447 24.596397 0.580410 0.000000
-1.004295 24.784412 0.580171 0.000000
-1.013520 25.175844 0.597761 0.000000
-1.008522 24.979923 0.568798 0.000000
0.474485 35.721689 1.001954 0.000000
0.372735 35.721194 0.830295 0.000000
0.788258 35.722488 1.008994 0.000000
0.974938 35.723508 1.229488 0.000000
-0.074317 35.720466 0.763141 0.000000
0.180904 35.720829 0.806706 0.000000
0.679785 35.711818 1.243797 0.000000
-0.265787 35.720302 0.730763 0.000000
-0.166578 35.720462 0.811512 0.000000
0.568496 35.711538 1.214712 0.000000
-0.444330 35.720121 0.590078 0.000000
0.117171 35.720682 0.765052 0.000000
-0.727773 35.720203 0.553478 0.000000
0.346551 35.721451 1.014010 0.000000
-0.891449 35.720354 0.547002 0.000000
-0.422140 35.720293 0.749979 0.000000
-0.260332 35.720400 0.803852 0.000000
-1.089545 35.720639 0.558432 0.000000
-0.671346 35.720402 0.777279 0.000000
-1.069462 31.397616 0.424780 0.000000
-0.862831 35.720427 0.663127 0.000000
1.071078 34.310502 1.233793 0.000000
1.071266 34.392546 0.889874 0.000000
1.063010 33.113441 1.024636 0.000000
1.054457 32.201454 1.217062 0.000000
1.044952 31.416897 1.403191 0.000000
1.075602 35.369630 0.907806 0.000000
1.068731 33.904429 1.151286 0.000000
1.061475 32.893848 1.223942 0.000000
1.081662 31.871242 1.454174 0.000000
0.805548 35.722238 0.823143 0.000000
1.073490 34.825417 1.161367 0.000000
1.065692 33.432496 1.203591 0.000000
1.085137 32.530939 1.475842 0.000000
0.627163 35.721906 0.922616 0.000000
1.076529 35.610385 1.053201 0.000000
1.083500 33.068703 1.401164 0.000000
0.468241 35.721411 0.844225 0.000000
0.912750 35.722848 1.002990 0.000000
1.075172 35.228743 1.210762 0.000000
1.109968 33.756669 1.515272 0.000000
0.507000 35.721418 0.788176 0.000000
1.062252 34.440416 1.419630 0.000000
0.214207 35.720829 0.768467 0.000000
1.097432 35.524751 1.503994 0.000000
-1.009092 25.578185 0.576249 0.000000
-1.016404 25.983217 0.574173 0.000000
-1.011412 26.370129 0.548557 0.000000
-1.001068 27.191486 0.379346 0.000000
-1.010879 25.790960 0.558279 0.000000
-1.002193 26.756314 0.314241 0.000000
-1.011860 25.377268 0.595476 0.000000
-1.001457 26.398965 0.345849 0.000000
-1.010826 27.958583 0.563078 0.000000
-1.017753 27.794916 0.588860 0.000000
-1.055886 29.397293 0.593434 0.000000
-1.086756 34.321672 0.596820 0.000000
-1.053060 30.575496 0.486753 0.000000
-1.014747 27.185933 0.580146 0.000000
-1.081966 32.955971 0.548728 0.000000
-1.006677 26.799304 0.478667 0.000000
-1.022064 29.885732 0.406880 0.000000
-1.011280 26.991592 0.568434 0.000000
-1.072897 31.679687 0.575226 0.000000
-1.014279 26.585052 0.596789 0.000000
-1.008097 27.599468 0.472010 0.000000
-1.011950 26.199574 0.500396 0.000000
0.501943 26.979378 0.033610 0.000000
0.785545 27.496169 0.027662 0.000000
-1.003011 25.593347 0.182511 0.000000
-1.006393 25.386303 0.158258 0.000000
-0.975201 26.827066 0.047916 0.000000
1.038833 31.291403 0.101692 0.000000
3.776552 35.632596 1.088846 0.000000
1.026445 30.729109 0.133652 0.000000
1.015562 30.330444 0.364203 0.000000
0.948086 31.102179 0.016690 0.000000
0.783639 30.400728 0.023082 0.000000
1.018605 30.438221 0.259120 0.000000
0.425141 29.895503 0.034730 0.000000
1.046056 31.705877 0.149487 0.000000
1.032319 30.993548 0.205740 0.000000
1.007990 30.002938 0.567301 0.000000
0.379042 29.585125 0.043019 0.000000
0.991038 31.452045 0.014552 0.000000
0.063584 29.187947 0.057068 0.000000
0.523361 30.627645 0.023276 0.000000
1.047721 31.808554 0.117938 0.000000
4.022889 35.612355 0.425776 0.000000
4.272282 35.633049 0.987386 0.000000
4.150094 35.627501 0.842687 0.000000
1.203533 29.418441 0.380763 0.000000
3.879794 35.637060 0.620579 0.000000
4.357774 35.631143 1.052528 0.000000
-0.095772 28.798708 0.060447 0.000000
3.662993 35.607111 0.770042 0.000000
1.012778 28.317087 0.779026 0.000000
3.907966 35.624800 0.908279 0.000000
4.048148 35.618163 1.285390 0.000000
1.203835 29.416007 0.450207 0.000000
1.002013 29.704125 0.387939 0.000000
-0.202747 28.338386 0.064997 0.000000
-0.068905 28.985608 0.058461 0.000000
-0.757055 27.799349 0.058444 0.000000
-0.400254 28.165002 0.071033 0.000000
-0.202507 28.571180 0.063514 0.000000
-0.811588 27.587899 0.051956 0.000000
-0.590017 27.878577 0.067863 0.000000
0.696192 31.844530 0.013347 0.000000
0.368607 30.008144 0.034288 0.000000
1.056977 32.517091 0.059196 0.000000
1.041721 31.467083 0.348596 0.000000
-0.017657 28.458121 0.059078 0.000000
0.740356 31.205189 0.016947 0.000000
0.532721 30.585811 0.023664 0.000000
1.058624 32.669155 0.022282 0.000000
0.136059 29.979452 0.040755 0.000000
-0.089560 29.396215 0.056641 0.000000
-1.089449 35.625195 0.853612 0.000000
-0.509141 35.709863 1.003300 0.000000
-0.280841 35.708229 1.349217 0.000000
-0.731133 35.720480 0.804532 0.000000
-0.552342 35.709753 1.228771 0.000000
-1.075839 31.990195 0.581710 0.000000
-1.003601 35.720686 0.735528 0.000000
-0.823634 35.720577 0.816389 0.000000
-0.623205 35.709788 1.001862 0.000000
-1.077325 32.176703 0.586664 0.000000
-0.007794 35.701347 1.212412 0.000000
-0.851514 35.709697 1.004847 0.000000
-1.008363 29.567297 0.599830 0.000000
-1.080130 32.599057 0.656936 0.000000
-1.013964 28.193635 0.581080 0.000000
-1.019862 29.715234 0.718208 0.000000
-1.084165 33.451471 0.802927 0.000000
-1.010382 27.388890 0.553366 0.000000
-1.042390 30.251925 0.607521 0.000000
0.843750 35.686543 1.690705 0.000000
0.662657 35.685936 1.737837 0.000000
0.298327 35.710912 1.213752 0.000000
0.431362 35.711692 1.585994 0.000000
-0.135569 35.720212 0.570222 0.000000
0.349963 35.711281 1.454218 0.000000
-0.341506 35.720123 0.581754 0.000000
0.187631 35.701317 1.026422 0.000000
0.059780 35.712682 1.580738 0.000000
-0.166768 35.710216 1.018539 0.000000
-0.280940 35.710078 1.011501 0.000000
-1.053556 29.397426 0.693872 0.000000
0.940194 35.712522 1.437868 0.000000
3.640128 34.126962 2.346935 0.000000
2.156939 30.214232 2.358429 0.000000
2.153554 30.686078 2.365742 0.000000
2.773718 32.030742 2.307677 0.000000
2.678811 32.519737 2.356338 0.000000
2.152185 31.534707 2.398948 0.000000
4.379422 35.631198 2.179440 0.000000
3.732803 34.639905 2.341616 0.000000
2.618252 32.947289 2.336729 0.000000
4.157024 35.623616 2.059035 0.000000
3.737077 35.211714 2.360306 0.000000
2.932202 33.412665 2.334872 0.000000
3.955855 35.638433 1.953566 0.000000
3.749672 35.623290 2.265593 0.000000
3.799944 35.637383 1.861798 0.000000
1.069847 34.130645 0.887577 0.000000
1.044805 31.435733 1.343892 0.000000
1.158992 31.683943 1.621799 0.000000
1.049650 31.921445 0.814090 0.000000
1.052739 32.053310 1.233546 0.000000
1.190148 32.261957 1.633983 0.000000
1.057763 32.567203 0.915848 0.000000
1.102122 32.767076 1.428797 0.000000
1.103582 32.747097 1.774594 0.000000
1.064300 33.294294 0.891460 0.000000
1.064213 33.264470 1.021649 0.000000
1.088940 33.366044 1.510615 0.000000
1.080247 33.354330 1.785024 0.000000
1.069896 34.104884 1.151843 0.000000
1.090997 33.873107 1.534717 0.000000
1.112080 33.914047 1.776207 0.000000
1.074144 35.006470 0.899677 0.000000
1.094884 34.751201 1.459000 0.000000
1.114749 34.791712 1.681774 0.000000
1.045875 35.712850 1.481422 0.000000
1.083799 35.588011 1.808152 0.000000
0.605756 35.721666 0.798062 0.000000
1.030195 30.226018 1.663398 0.000000
1.024769 29.825653 1.610136 0.000000
1.007621 29.564477 0.979584 0.000000
1.026674 30.009559 1.616908 0.000000
1.008103 29.704495 0.947091 0.000000
1.020037 30.048264 1.288868 0.000000
1.010425 30.001643 0.809240 0.000000
1.036956 30.706806 1.666826 0.000000
1.022133 30.471257 0.905165 0.000000
1.022202 30.403758 1.032913 0.000000
1.028989 30.613169 1.213714 0.000000
1.039450 30.802845 1.747897 0.000000
1.031057 30.832624 0.991877 0.000000
1.032808 30.874245 1.089224 0.000000
1.038587 31.088407 1.276886 0.000000
1.175781 31.250224 1.660832 0.000000
1.040868 31.349752 0.934855 0.000000
-0.995101 24.192308 2.307115 0.000000
-1.070716 24.176877 2.307064 0.000000
-0.755120 24.043524 2.313529 0.000000
-1.075585 24.157259 2.169522 0.000000
-1.069355 24.125587 1.534620 0.000000
-1.070187 24.175615 1.744293 0.000000
-1.071215 23.818558 2.139416 0.000000
-1.056666 23.940526 2.315954 0.000000
-1.069173 24.037342 1.965328 0.000000
-0.479086 24.098463 2.312277 0.000000
-0.528722 24.383951 2.305261 0.000000
-0.384589 24.395158 2.303452 0.000000
-1.033765 24.176419 0.968628 0.000000
-1.054724 24.135547 1.352488 0.000000
-1.042384 24.184212 1.077832 0.000000
-0.022101 24.369087 2.311270 0.000000
0.005864 24.580244 2.328755 0.000000
0.518952 24.997010 2.315412 0.000000
0.226073 24.668700 2.328217 0.000000
0.730029 25.161569 2.319520 0.000000
-1.037913 27.189142 0.794128 0.000000
-1.034856 28.194119 0.796795 0.000000
-1.043396 30.206778 0.800140 0.000000
-1.052788 35.714518 1.528008 0.000000
-1.036680 27.393925 0.782115 0.000000
-1.046468 29.398038 0.812836 0.000000
-1.080098 31.988373 1.044397 0.000000
-1.025263 27.781385 0.726318 0.000000
-1.164249 29.486352 0.803916 0.000000
-1.026122 26.791225 0.748931 0.000000
-1.035741 27.578797 0.797522 0.000000
-1.029857 26.981628 0.786151 0.000000
0.005745 24.614951 2.328085 0.000000
-0.068783 24.587362 2.328297 0.000000
0.411434 25.188185 2.316216 0.000000
0.428006 25.346682 2.319410 0.000000
0.247391 24.957733 2.319523 0.000000
-0.975224 35.713416 1.670235 0.000000
0.452318 25.593116 2.317385 0.000000
0.335182 25.193985 2.315495 0.000000
0.608679 25.998400 2.304858 0.000000
0.659668 26.181619 2.324507 0.000000
0.817627 26.320149 2.348844 0.000000
0.177161 24.932321 2.319617 0.000000
1.172021 32.778760 1.953803 0.000000
1.179281 31.319763 1.982783 0.000000
1.130966 31.073614 2.068588 0.000000
1.083364 32.182939 1.463715 0.000000
1.140032 31.819340 1.635569 0.000000
1.183888 31.731809 1.805884 0.000000
1.150825 31.523366 2.135786 0.000000
1.105513 32.029007 1.971842 0.000000
1.038063 31.864015 2.302337 0.000000
1.078905 32.805561 1.734872 0.000000
1.099155 30.947732 2.061494 0.000000
1.077887 32.239616 2.207790 0.000000
1.061476 34.086222 1.403021 0.000000
1.106269 33.488661 1.750119 0.000000
1.153049 33.149155 2.027987 0.000000
1.188248 32.981780 2.298234 0.000000
1.083112 35.110983 1.573565 0.000000
1.081963 34.295109 1.999166 0.000000
1.179924 33.909143 2.105250 0.000000
1.024569 33.234557 2.356325 0.000000
1.118292 35.371548 1.945583 0.000000
1.123507 34.452646 2.170919 0.000000
1.160856 33.983683 2.278889 0.000000
1.035293 29.492619 2.130887 0.000000
1.159451 29.491888 1.848182 0.000000
1.033889 29.609320 2.055632 0.000000
1.020931 29.610522 1.510550 0.000000
1.029827 29.601987 1.875503 0.000000
1.035313 29.807708 2.087757 0.000000
0.903661 35.677742 1.895198 0.000000
1.029375 29.809983 1.813346 0.000000
1.036340 30.014938 2.077283 0.000000
1.033982 30.278075 1.829131 0.000000
1.038909 30.334252 2.072134 0.000000
1.032072 30.404558 1.635314 0.000000
1.037768 30.414007 1.957477 0.000000
1.040369 30.578571 2.006379 0.000000
1.038621 30.809731 1.848063 0.000000
-0.849753 35.711921 1.338800 0.000000
0.251165 35.678515 2.192457 0.000000
-0.701340 35.710827 1.282626 0.000000
-0.341329 35.713941 1.538769 0.000000
-0.082992 35.713415 1.647040 0.000000
0.092048 35.733273 1.833204 0.000000
-0.422011 35.709235 1.409196 0.000000
-0.224476 35.714173 1.715437 0.000000
-0.165334 35.713763 1.819697 0.000000
-0.489785 35.714723 1.600334 0.000000
-0.311908 35.714349 1.883082 0.000000
-1.094440 33.425664 1.181363 0.000000
0.130690 35.712673 1.698717 0.000000
-0.700971 35.711296 1.535546 0.000000
-1.037488 30.053124 0.800338 0.000000
-1.078711 35.646617 1.207564 0.000000
-0.808337 35.715433 1.450704 0.000000
-1.095571 31.357164 0.855584 0.000000
-0.637107 35.715531 1.664491 0.000000
-1.059820 33.282501 1.364151 0.000000
0.128587 35.700740 1.254957 0.000000
1.114828 35.510667 2.153415 0.000000
1.099840 34.359482 2.294280 0.000000
0.663289 35.698324 1.447335 0.000000
0.997264 35.674437 2.051222 0.000000
0.831636 34.805236 2.356984 0.000000
0.825312 35.224001 2.293046 0.000000
0.536933 35.727395 1.620584 0.000000
0.751731 35.680841 2.017656 0.000000
0.909378 35.670530 2.251376 0.000000
0.280488 35.712169 1.641435 0.000000
0.433554 35.680173 1.814626 0.000000
0.666947 35.674963 2.359055 0.000000
0.302844 35.684625 1.841724 0.000000
0.521456 35.671089 2.255512 0.000000
-0.192146 35.713184 1.479324 0.000000
1.012270 26.933114 2.325345 0.000000
1.058613 26.960514 2.186557 0.000000
1.027777 27.107059 2.323382 0.000000
1.053985 27.172632 2.199741 0.000000
1.054188 27.224059 2.287424 0.000000
1.030225 27.504542 2.318463 0.000000
0.856770 26.463759 2.346329 0.000000
1.013850 26.595173 2.316406 0.000000
0.876541 26.779033 2.308261 0.000000
2.892833 32.643365 2.344572 0.000000
1.040424 28.059345 1.858386 0.000000
1.209880 28.777697 2.306851 0.000000
1.250083 28.867229 2.306965 0.000000
1.766510 29.611452 2.323078 0.000000
1.250682 29.057477 2.305969 0.000000
2.381132 30.828593 2.284246 0.000000
1.785441 29.818287 2.300885 0.000000
2.303011 31.388627 2.373682 0.000000
1.721278 30.399446 2.381879 0.000000
1.216051 29.204263 2.304787 0.000000
1.726561 30.583862 2.297721 0.000000
1.253750 29.445661 2.305169 0.000000
1.727411 30.797955 2.336054 0.000000
1.028306 29.422946 2.300762 0.000000
3.009621 33.916250 2.336187 0.000000
1.046375 27.877184 2.155415 0.000000
1.047813 27.517879 1.911860 0.000000
1.025748 27.727662 2.315557 0.000000
1.048251 27.738975 2.193536 0.000000
1.046169 27.662121 1.921175 0.000000
1.044209 28.142660 2.197462 0.000000
1.042154 27.941716 1.875547 0.000000
0.999972 27.012023 0.155108 0.000000
0.894359 27.392330 0.030364 0.000000
0.971378 27.596933 0.030935 0.000000
-0.891499 26.545185 0.056002 0.000000
-0.682863 26.748756 0.061332 0.000000
-0.724920 26.599169 0.064835 0.000000
-0.828339 26.382929 0.055552 0.000000
-0.203377 27.322219 0.065297 0.000000
-0.020037 28.136658 0.056379 0.000000
-0.729196 26.899313 0.059936 0.000000
-0.494470 27.143800 0.074107 0.000000
-0.218978 27.525309 0.066164 0.000000
-0.163011 27.982882 0.070900 0.000000
-0.589722 26.974856 0.062511 0.000000
-0.585847 27.314697 0.064241 0.000000
-0.957755 26.796938 0.050298 0.000000
-1.010989 25.183366 0.133516 0.000000
0.838918 23.527221 2.333065 0.000000
0.918432 26.943559 2.324608 0.000000
2.970052 32.311408 2.308382 0.000000
2.347290 31.010573 2.352369 0.000000
2.305365 31.715376 2.335556 0.000000
2.861876 33.764237 2.278894 0.000000
1.205652 29.492042 1.908043 0.000000
1.184345 29.398892 1.459694 0.000000
1.163728 29.373356 1.676015 0.000000
1.168902 29.373181 1.995560 0.000000
1.165626 29.391909 1.265928 0.000000
1.036783 27.957875 2.312743 0.000000
-1.097121 34.821799 1.290894 0.000000
-1.064688 30.935560 0.826934 0.000000
-1.030380 27.990973 0.768049 0.000000
1.116946 33.274894 2.167528 0.000000
1.100427 32.125770 1.633151 0.000000
1.192893 32.275561 1.971944 0.000000
1.109115 31.950770 2.004331 0.000000
1.118844 34.617816 1.852422 0.000000
1.081517 34.101354 2.007171 0.000000
1.071148 35.678598 1.841304 0.000000
1.082853 34.927026 2.057088 0.000000
1.185950 34.013114 2.349851 0.000000
1.064794 35.671849 2.174609 0.000000
1.145629 34.634917 2.328354 0.000000
1.035012 30.047953 1.997182 0.000000
1.039851 30.634905 1.929081 0.000000
1.042061 31.228622 1.404332 0.000000
1.041102 31.025004 1.622379 0.000000
1.102175 31.442403 1.780961 0.000000
-1.042655 35.709693 1.000681 0.000000
-1.086962 33.310505 1.010271 0.000000
-1.063903 31.611025 1.026038 0.000000
1.014774 35.096439 2.358858 0.000000
0.813911 35.521039 2.359231 0.000000
0.737463 35.676851 1.951845 0.000000
0.583895 35.680093 2.073128 0.000000
4.124878 35.627052 0.162475 0.000000
3.950931 35.637499 0.161870 0.000000
4.376284 35.632194 0.498647 0.000000
3.412907 35.151324 -0.027554 0.000000
3.870173 35.636983 0.317381 0.000000
1.055399 29.489767 0.100646 0.000000
1.005010 27.381812 0.566831 0.000000
0.989206 30.480507 0.020527 0.000000
-0.031117 27.795724 0.059592 0.000000
0.285511 28.578203 0.041307 0.000000
0.678482 30.117752 0.027090 0.000000
-0.016801 27.592229 0.057719 0.000000
0.042990 28.392926 0.062099 0.000000
1.029854 30.852895 0.037855 0.000000
0.325633 28.959323 0.037476 0.000000
0.581444 28.997885 0.035588 0.000000
0.461805 29.782276 0.035256 0.000000
3.689318 35.634142 0.243193 0.000000
1.008514 29.991384 0.138873 0.000000
0.783213 29.266366 0.024842 0.000000
1.015115 30.230866 0.023873 0.000000
0.782270 29.598429 0.028941 0.000000
0.127027 27.990437 0.053562 0.000000
0.389577 35.720938 0.572837 0.000000
1.054017 32.203127 1.070618 0.000000
0.995734 35.722473 0.446321 0.000000
1.052061 35.723232 0.963396 0.000000
1.060639 32.839702 1.032805 0.000000
0.712243 35.721722 0.596582 0.000000
0.973764 35.722672 0.758207 0.000000
1.065442 33.428562 1.019405 0.000000
0.496800 35.721171 0.578863 0.000000
1.071078 34.323370 1.153582 0.000000
1.072698 34.682731 0.893714 0.000000
1.075164 35.242631 1.045411 0.000000
0.198806 35.720460 0.273131 0.000000
-0.001522 35.720196 0.243659 0.000000
0.177599 35.720560 0.566289 0.000000
-0.202048 35.720033 0.219759 0.000000
1.016045 30.034392 1.103709 0.000000
1.041749 31.402783 0.921418 0.000000
1.051759 32.092737 0.674402 0.000000
1.058921 32.706667 0.702934 0.000000
1.065356 33.457568 0.626401 0.000000
1.070550 34.268657 0.757214 0.000000
1.062959 33.126747 0.894863 0.000000
1.051973 32.034801 1.086776 0.000000
1.075199 35.275494 0.766354 0.000000
1.068432 33.891461 0.886811 0.000000
1.058345 32.600442 1.043430 0.000000
-0.729903 35.720081 0.241393 0.000000
-1.002940 26.990478 0.310830 0.000000
-1.067498 29.399059 0.379025 0.000000
-1.075076 31.908959 0.363812 0.000000
-0.872918 35.720220 0.312341 0.000000
-1.001815 26.586998 0.302044 0.000000
-1.001831 27.391817 0.387799 0.000000
-1.013358 35.720420 0.387845 0.000000
-1.000177 27.959323 0.395669 0.000000
-1.062433 30.953935 0.215319 0.000000
-1.002803 27.690570 0.387107 0.000000
-1.087497 34.628111 0.222297 0.000000
-0.403025 35.719971 0.201383 0.000000
-1.053291 30.582184 0.302559 0.000000
-1.082371 33.044228 0.285932 0.000000
-1.023343 29.900786 0.325783 0.000000
2.874200 33.292457 2.336727 0.000000
1.065587 29.391369 0.906424 0.000000
1.087030 29.391253 1.049440 0.000000
3.488096 35.024607 2.334565 0.000000
1.239249 29.392748 1.332867 0.000000
3.927394 35.686366 2.370976 0.000000
1.010092 29.949057 0.855523 0.000000
1.223367 29.399550 1.499274 0.000000
1.018387 30.334353 0.855603 0.000000
1.025547 30.635347 0.864761 0.000000
4.115898 35.622591 1.916951 0.000000
4.005576 34.840871 2.336633 0.000000
3.722676 35.631332 1.677507 0.000000
1.038975 22.993300 1.592378 0.000000
1.041034 22.939820 1.773984 0.000000
1.041988 22.793348 1.762916 0.000000
1.040555 22.753550 1.584987 0.000000
1.037644 23.121144 1.575595 0.000000
1.037256 22.896042 1.388419 0.000000
1.032833 23.169174 1.294293 0.000000
1.046844 22.312891 1.963047 0.000000
1.048515 22.249468 2.152882 0.000000
1.048382 22.173645 2.082287 0.000000
1.045529 22.599446 2.082339 0.000000
1.044919 22.554741 1.965895 0.000000
1.044058 22.723553 1.969981 0.000000
1.032927 23.377485 1.394517 0.000000
1.043815 22.586008 1.798942 0.000000
1.023856 23.424968 0.973984 0.000000
1.025223 23.338753 0.959213 0.000000
1.027294 23.594251 1.178382 0.000000
1.017485 23.644702 0.782663 0.000000
1.031185 23.205976 1.194968 0.000000
1.031052 23.179680 1.145708 0.000000
1.027000 23.572726 1.355367 0.000000
-0.363300 21.655150 2.344032 0.000000
-0.581553 21.761116 2.339764 0.000000
-0.220969 21.974476 2.329214 0.000000
-0.194499 21.979752 2.329892 0.000000
-0.126010 21.769508 2.293949 0.000000
0.048970 21.974771 2.330129 0.000000
0.178579 21.772070 2.332844 0.000000
-0.909194 21.767949 2.337477 0.000000
-0.772904 21.674101 2.340507 0.000000
0.835122 21.967435 2.333158 0.000000
0.639719 22.111647 2.330081 0.000000
0.663502 21.962071 2.332553 0.000000
0.926570 22.175479 2.323732 0.000000
1.026770 22.139541 2.324667 0.000000
1.051206 21.804353 2.315885 0.000000
0.206518 21.773270 2.333724 0.000000
0.209389 21.901915 2.331622 0.000000
0.517962 21.930822 2.334231 0.000000
0.561533 22.079624 2.330300 0.000000
0.475492 21.632141 2.336476 0.000000
-0.009229 24.396289 0.064763 0.000000
0.238513 24.575134 0.058253 0.000000
-0.202456 24.377539 0.061772 0.000000
0.582896 24.539286 0.037900 0.000000
0.662199 24.565594 0.034107 0.000000
0.197950 24.355313 0.054164 0.000000
-0.429911 24.393928 0.060624 0.000000
1.008488 24.186097 0.552147 0.000000
1.007920 23.958944 0.428100 0.000000
1.016489 23.920285 0.790370 0.000000
1.003170 24.179923 0.371121 0.000000
1.002219 24.570539 0.191075 0.000000
1.003025 24.253396 0.161905 0.000000
0.886278 24.577591 0.028464 0.000000
1.004044 24.376650 0.376266 0.000000
1.030582 23.355894 1.551287 0.000000
1.033349 23.188243 1.790838 0.000000
1.035419 22.981411 1.984400 0.000000
1.036876 22.775983 2.165823 0.000000
-1.047239 23.575994 0.786630 0.000000
-0.607995 24.395146 0.059388 0.000000
-1.036954 21.519318 2.329969 0.000000
-1.062047 22.790418 1.329085 0.000000
-1.083423 22.566897 1.583685 0.000000
-1.072264 22.942429 1.372919 0.000000
-1.088597 22.324681 1.770886 0.000000
-1.116330 21.973142 2.130061 0.000000
-1.080373 22.696832 1.580022 0.000000
-0.943359 21.538031 2.329727 0.000000
-1.080795 21.796479 2.324754 0.000000
-1.054376 23.140028 1.119971 0.000000
-1.051390 23.396083 0.994661 0.000000
-1.106459 22.340190 1.915489 0.000000
-1.084870 22.567728 1.776723 0.000000
1.037479 22.595183 2.233237 0.000000
1.063242 22.901236 2.182081 0.000000
1.058393 23.179067 1.959377 0.000000
0.648339 22.591149 2.334872 0.000000
0.558029 22.305411 2.320345 0.000000
0.414296 22.571924 2.315976 0.000000
0.826360 22.538692 2.337345 0.000000
1.065743 22.739571 2.311442 0.000000
1.043660 23.342679 1.779618 0.000000
-0.623542 22.194298 2.326562 0.000000
-0.821744 22.161375 2.287955 0.000000
-0.414157 22.090533 2.328055 0.000000
-0.323361 22.140743 2.327045 0.000000
-0.477571 22.399995 2.324457 0.000000
-1.099905 22.106073 2.256007 0.000000
-1.062303 21.985919 2.331498 0.000000
-1.087775 22.692959 1.799878 0.000000
-1.098844 22.142077 2.197333 0.000000
-1.095956 22.323785 2.096475 0.000000
-0.995005 21.955190 2.332546 0.000000
-1.092293 22.507374 1.961723 0.000000
-0.790842 21.860473 2.335952 0.000000
0.308010 22.391158 2.318184 0.000000
0.077242 22.230670 2.326358 0.000000
0.624634 22.389772 2.319535 0.000000
-0.204105 22.399233 2.322940 0.000000
-0.164793 22.159687 2.326655 0.000000
-0.129671 22.386714 2.323202 0.000000
-0.419888 21.938197 2.291114 0.000000
1.033320 22.338560 2.322445 0.000000
-1.094829 21.984443 1.943655 0.000000
-1.092895 22.123770 1.936052 0.000000
-1.077509 23.196187 0.994638 0.000000
-1.058015 22.971577 1.182901 0.000000
-0.818794 24.771267 0.045492 0.000000
-1.022585 24.794834 0.175551 0.000000
0.814656 23.180562 2.339909 0.000000
0.730102 23.191084 2.338910 0.000000
0.203137 22.995728 2.308952 0.000000
0.154201 22.196014 2.327124 0.000000
0.843606 22.398522 2.320593 0.000000
0.233041 22.160299 2.327929 0.000000
0.699937 22.799742 2.312865 0.000000
0.263666 22.577404 2.315274 0.000000
0.972246 22.751758 2.314629 0.000000
0.188605 22.599941 2.314664 0.000000
-1.098251 21.773895 2.049974 0.000000
-0.504381 35.719978 0.194277 0.000000
-0.015698 35.210056 0.004486 0.000000
-0.699543 30.529140 0.030322 0.000000
-0.452062 34.269305 0.006158 0.000000
-0.670497 30.157515 0.041536 0.000000
-0.490815 33.318204 0.008431 0.000000
-0.204164 35.720098 0.010023 0.000000
-0.884239 29.913506 0.046431 0.000000
-0.742967 32.743142 0.010262 0.000000
-1.002672 28.599415 0.043018 0.000000
-0.826987 32.019842 0.013503 0.000000
-0.665742 35.720048 0.154216 0.000000
-1.013544 29.597972 0.120418 0.000000
-1.073901 31.757802 0.047422 0.000000
-0.830886 35.720189 0.119211 0.000000
-1.092224 29.391436 0.038799 0.000000
-1.047895 30.396355 0.187947 0.000000
-1.046722 34.454642 0.005738 0.000000
1.074504 35.113657 0.378000 0.000000
1.074074 35.010802 0.644795 0.000000
0.032869 30.745383 0.025217 0.000000
1.019972 35.722509 0.325611 0.000000
1.076771 35.702378 0.773968 0.000000
-0.095472 30.087856 0.042666 0.000000
0.483578 34.202837 0.006148 0.000000
0.806101 35.721829 0.282448 0.000000
-0.014472 29.688654 0.056580 0.000000
0.363252 33.385433 0.008055 0.000000
-0.268427 29.592880 0.058727 0.000000
0.056258 32.453461 0.011331 0.000000
0.497228 35.721086 0.013399 0.000000
-0.562121 29.396556 0.068785 0.000000
-0.031287 31.612009 0.016097 0.000000
0.260669 35.720626 0.004763 0.000000
0.382836 35.720785 0.215239 0.000000
-0.235555 31.393948 0.013575 0.000000
0.143553 35.714054 0.003740 0.000000
-1.051200 30.465895 0.067072 0.000000
4.361597 35.637540 1.808498 0.000000
4.143630 35.629820 1.683345 0.000000
1.034171 31.074143 0.629426 0.000000
1.042421 31.469443 0.794252 0.000000
1.047529 31.807965 0.245833 0.000000
1.049746 31.959853 0.496313 0.000000
1.017539 30.400174 0.520533 0.000000
1.057548 32.588417 0.394188 0.000000
1.055938 32.443201 0.415665 0.000000
1.064192 33.309615 0.300510 0.000000
1.064041 33.291877 0.412610 0.000000
1.064033 33.283469 0.642462 0.000000
1.069418 34.069905 0.055413 0.000000
1.069910 34.165996 0.447765 0.000000
1.069307 34.057821 0.656881 0.000000
0.342412 31.088852 0.019576 0.000000
3.953690 35.638158 1.710468 0.000000
3.675584 35.613284 1.495626 0.000000
1.208309 29.397938 0.417262 0.000000
1.008180 29.995443 0.617393 0.000000
1.014466 30.264104 0.608940 0.000000
-1.039843 30.185466 0.628356 0.000000
-1.095290 32.792105 0.818483 0.000000
-1.088522 34.585712 1.281944 0.000000
-1.093241 30.710650 0.826864 0.000000
-0.134787 24.645961 2.326891 0.000000
-0.347644 24.586957 2.341120 0.000000
-1.080316 32.635563 0.601252 0.000000
1.180238 31.480147 1.804222 0.000000
1.159372 32.182667 2.000369 0.000000
1.197005 32.485251 2.125530 0.000000
1.018318 32.976547 2.120998 0.000000
2.846610 32.404595 2.356361 0.000000
2.052894 31.233325 2.336697 0.000000
1.211758 29.492413 2.179449 0.000000
2.932448 32.905573 2.344915 0.000000
2.135029 31.762978 2.391695 0.000000
3.880647 35.215080 2.298959 0.000000
1.025873 29.602914 1.709605 0.000000
-0.400065 35.720427 0.845483 0.000000
1.080199 33.420841 1.529299 0.000000
1.014822 33.566010 2.015815 0.000000
1.111811 34.355662 1.444851 0.000000
1.113167 34.265175 1.737880 0.000000
1.110847 34.307011 2.136950 0.000000
1.083094 35.111453 1.837708 0.000000
1.020639 35.710352 2.258213 0.000000
1.052036 27.323358 2.142880 0.000000
1.490255 29.421264 2.309591 0.000000
1.518552 29.610904 2.307764 0.000000
2.190848 30.472718 2.360300 0.000000
1.555032 29.832641 2.334874 0.000000
1.695743 30.037130 2.349382 0.000000
1.050118 27.461491 2.089208 0.000000
-1.017805 23.989580 0.772292 0.000000
-0.209863 27.196219 0.065845 0.000000
-0.207911 26.969462 0.061983 0.000000
-0.200578 26.797343 0.065021 0.000000
-0.010107 27.272322 0.058416 0.000000
-0.403870 26.551725 0.061468 0.000000
-0.407271 26.795861 0.067353 0.000000
0.496673 28.741275 0.036057 0.000000
0.756764 28.520471 0.028597 0.000000
0.410630 28.175519 0.038794 0.000000
0.330024 27.777810 0.041937 0.000000
0.773468 29.137890 0.032873 0.000000
0.135629 27.344344 0.048244 0.000000
0.390613 28.389589 0.049017 0.000000
-0.020075 27.197434 0.053709 0.000000
0.333979 28.133119 0.041537 0.000000
0.026100 27.793901 0.056281 0.000000
-0.737580 26.399202 0.060173 0.000000
-0.839477 25.994069 0.049160 0.000000
-0.896435 26.197619 0.052189 0.000000
1.000060 28.135113 0.382239 0.000000
4.357527 35.630766 0.155936 0.000000
1.260760 28.708569 0.016649 0.000000
2.254825 31.231696 0.011135 0.000000
0.877598 28.351744 0.026921 0.000000
1.767798 30.101721 0.004028 0.000000
3.407631 34.924902 0.104436 0.000000
0.797293 27.975456 0.029915 0.000000
1.382667 29.475349 0.035311 0.000000
1.205876 29.206516 0.018376 0.000000
0.851343 28.962341 0.031680 0.000000
0.767945 26.737864 0.036002 0.000000
0.999741 26.987269 0.178910 0.000000
0.459895 26.590888 0.036799 0.000000
0.520835 25.740853 2.313399 0.000000
0.214586 25.320732 2.319250 0.000000
3.231437 34.056022 2.377004 0.000000
2.403744 32.126571 2.355462 0.000000
1.027005 30.224752 1.501629 0.000000
1.040536 30.600756 2.002189 0.000000
1.867198 30.581215 2.383752 0.000000
3.136578 33.139816 2.357668 0.000000
1.894496 30.799769 2.301553 0.000000
3.093701 33.604715 2.357388 0.000000
1.056337 26.757718 2.308921 0.000000
1.117099 35.582824 1.611992 0.000000
1.083318 35.222478 2.165361 0.000000
0.865988 34.540919 2.342999 0.000000
1.078028 32.425445 1.661061 0.000000
1.037761 30.838903 1.578917 0.000000
1.145528 31.082729 1.969357 0.000000
1.101530 31.340914 2.117447 0.000000
1.014356 31.754581 2.331670 0.000000
1.188196 31.953471 1.954620 0.000000
1.175897 32.137115 2.300717 0.000000
1.146177 32.436523 1.816327 0.000000
1.037362 32.677746 2.300173 0.000000
1.062497 33.014919 1.217848 0.000000
1.107783 33.074781 1.602386 0.000000
1.170122 33.039456 1.873845 0.000000
1.144866 33.187958 2.297896 0.000000
1.067640 33.714418 1.230275 0.000000
1.114291 33.665367 1.624239 0.000000
1.080665 33.614694 2.055540 0.000000
1.181788 33.632556 2.217577 0.000000
1.072671 34.642846 1.200135 0.000000
1.082201 34.532421 1.692044 0.000000
-1.025819 29.850014 0.710918 0.000000
-1.074553 33.907392 1.399801 0.000000
-1.097429 30.488416 0.815565 0.000000
-1.079884 31.272381 1.015184 0.000000
0.156093 35.728202 2.175702 0.000000
-1.103461 32.516788 0.807322 0.000000
-1.080760 29.484902 0.681479 0.000000
-1.106469 32.991198 0.833656 0.000000
1.062479 33.102273 0.433590 0.000000
1.068403 33.912211 0.468646 0.000000
1.073642 34.910944 0.517555 0.000000
1.054067 32.235668 0.937691 0.000000
1.070812 34.327604 0.556996 0.000000
1.060174 32.835940 0.688174 0.000000
1.075084 35.256446 0.496089 0.000000
1.066697 33.646795 0.609972 0.000000
3.336765 33.161044 2.360325 0.000000
1.028581 30.823905 0.643713 0.000000
1.038249 31.253469 0.748217 0.000000
-0.716455 34.106894 0.006473 0.000000
-0.964106 33.422441 0.008052 0.000000
-1.082052 32.968502 0.180196 0.000000
-0.739039 35.086264 -0.016873 0.000000
-1.057732 30.710788 0.073225 0.000000
-0.830013 34.097395 0.006485 0.000000
-1.083762 33.366192 0.143124 0.000000
-0.831819 35.287667 -0.011511 0.000000
-1.000501 27.598426 0.353070 0.000000
-1.013313 29.970887 0.040695 0.000000
-1.078132 32.271310 0.048325 0.000000
-0.820767 34.560486 0.005575 0.000000
0.488187 35.721006 0.229701 0.000000
0.696703 35.721542 0.370857 0.000000
1.072088 34.566379 0.758313 0.000000
1.076209 35.548270 0.785701 0.000000
1.072477 34.656591 0.647712 0.000000
-0.088233 35.720181 0.005905 0.000000
-0.509206 34.937420 0.004937 0.000000
3.956950 34.895439 2.346933 0.000000
1.206702 29.392945 0.990685 0.000000
-1.065285 31.106239 0.623809 0.000000
-1.077100 31.995019 0.805065 0.000000
-1.100230 31.009564 0.835786 0.000000
1.115143 35.305464 2.373100 0.000000
1.186798 31.754037 2.143699 0.000000
1.196239 33.970574 1.941226 0.000000
1.196954 34.675540 2.079169 0.000000
1.051133 34.441321 2.294331 0.000000
1.051108 31.918937 1.251144 0.000000
0.930691 29.890632 0.025039 0.000000
0.370689 27.988017 0.042674 0.000000
0.000760 27.590856 0.056688 0.000000
0.799897 30.377348 0.023116 0.000000
4.084427 35.010830 0.000011 0.000000
1.459108 29.263931 0.015097 0.000000
2.847309 32.780295 0.001452 0.000000
1.128491 28.729724 0.018611 0.000000
2.012474 31.217591 0.020434 0.000000
1.560835 30.236695 0.031324 0.000000
0.186128 28.136160 0.046800 0.000000
-0.729147 27.196617 0.058034 0.000000
0.371715 29.318251 0.035767 0.000000
0.163279 28.972352 0.044847 0.000000
-1.081892 32.942543 0.303505 0.000000
-1.016377 29.794471 0.386551 0.000000
-0.096614 33.294480 0.008460 0.000000
-0.261278 32.790728 0.010121 0.000000
-0.585510 32.398371 0.011713 0.000000
-0.724185 31.976990 0.013817 0.000000
-0.856762 31.556294 0.016483 0.000000
-1.068891 31.336919 0.133024 0.000000
-1.040186 30.195465 0.182621 0.000000
0.080767 34.340392 0.005976 0.000000
3.055460 33.384085 2.357976 0.000000
4.334628 35.433262 2.336443 0.000000
3.210604 34.290497 2.275533 0.000000
4.297724 35.635612 1.481696 0.000000
3.919822 35.628885 1.275521 0.000000
3.190451 32.850559 2.359980 0.000000
1.068843 33.983847 0.343846 0.000000
1.073782 34.942003 0.262375 0.000000
1.073424 34.845208 0.845802 0.000000
1.055299 35.722620 0.199843 0.000000
1.076527 35.642768 0.473360 0.000000
0.374580 35.305330 0.004287 0.000000
1.025912 30.699537 0.704739 0.000000
1.038834 31.201057 1.052120 0.000000
1.035709 31.155258 0.550485 0.000000
1.046415 31.621288 1.143505 0.000000
1.041153 31.436912 0.403028 0.000000
1.044606 31.602356 0.764532 0.000000
1.053163 32.208048 0.220854 0.000000
1.054125 32.268427 0.759517 0.000000
1.994498 30.708757 0.011741 0.000000
3.503130 33.768928 0.001337 0.000000
2.441538 31.880588 0.002312 0.000000
3.581256 34.562704 0.000532 0.000000
1.110887 29.160010 0.018068 0.000000
2.578601 32.395113 0.001677 0.000000
0.744224 28.788777 0.026059 0.000000
0.865107 29.792182 0.026584 0.000000
0.580854 28.393066 0.033723 0.000000
3.289995 34.651483 0.000778 0.000000
0.869719 29.254504 0.023234 0.000000
-1.082729 33.120113 0.199174 0.000000
-1.007329 27.918179 0.157501 0.000000
-1.065629 31.126463 0.177563 0.000000
-0.955607 25.156734 0.037352 0.000000
-0.630643 21.575019 2.343786 0.000000
-1.093008 22.155504 1.793438 0.000000
-0.804415 24.967447 0.049005 0.000000
-0.976168 25.383120 0.050772 0.000000
-0.831382 25.576092 0.050270 0.000000
0.923313 28.107924 0.029366 0.000000
0.590552 27.524089 0.032129 0.000000
0.239325 30.873296 0.022362 0.000000
0.117255 30.396260 0.030849 0.000000
0.514215 31.689331 0.014582 0.000000
-0.218326 29.398608 0.065646 0.000000
-0.562835 28.989245 0.063131 0.000000
-0.591718 28.795351 0.053031 0.000000
-0.789162 28.599092 0.055329 0.000000
0.635911 29.899710 0.029980 0.000000
1.040337 31.393121 0.372536 0.000000
0.594127 29.392611 0.027834 0.000000
1.054256 32.290363 0.150420 0.000000
0.768066 30.706165 0.020580 0.000000
0.700032 32.808954 0.009514 0.000000
-0.782552 28.399220 0.062680 0.000000
3.893976 35.149107 0.070170 0.000000
1.226585 29.396278 0.752822 0.000000
2.683387 32.604958 0.008584 0.000000
0.773638 28.972891 0.032595 0.000000
0.556890 28.546544 0.032899 0.000000
4.441717 35.617951 0.832268 0.000000
4.446539 35.619369 0.510239 0.000000
4.082785 35.026386 2.346895 0.000000
1.201833 29.419922 0.807648 0.000000
1.072181 34.591783 0.109180 0.000000
1.062510 33.105141 0.325249 0.000000
1.050682 32.021552 0.582517 0.000000
1.057897 32.620021 0.492689 0.000000
0.779086 34.584194 0.005354 0.000000
1.069368 34.068517 0.217518 0.000000
0.136016 32.273068 0.012079 0.000000
1.065448 33.474851 0.507676 0.000000
0.677874 35.451475 0.004030 0.000000
-0.287477 31.105730 0.051682 0.000000
0.305961 33.844535 0.006957 0.000000
1.205018 29.422190 1.017258 0.000000
1.026928 30.775909 0.412365 0.000000
1.065835 33.521754 0.130747 0.000000
1.075451 35.348453 0.231100 0.000000
-0.907344 29.138416 0.055519 0.000000
-0.738528 30.686512 0.026977 0.000000
-0.890722 29.599668 0.047403 0.000000
-1.018889 28.793007 0.037805 0.000000
-0.221605 32.397505 0.011703 0.000000
-0.428696 30.540362 0.022462 0.000000
-0.526381 30.051802 0.047785 0.000000
-0.539856 31.029263 0.051856 0.000000
0.155111 33.554784 0.007703 0.000000
-0.791617 29.590207 0.055406 0.000000
-0.423580 31.477277 0.012864 0.000000
0.062724 33.997603 0.006672 0.000000
-0.403099 30.983075 0.051487 0.000000
-0.238351 32.599992 0.010847 0.000000
-0.982019 25.764532 0.039914 0.000000
1.857735 31.114320 0.045592 0.000000
2.301266 31.597160 0.020890 0.000000
0.791054 28.364151 0.028661 0.000000
0.579457 27.982862 0.035655 0.000000
2.820382 32.951958 0.008592 0.000000
0.912413 28.763457 0.022415 0.000000
2.515820 31.443129 0.002387 0.000000
1.993676 30.308673 0.012518 0.000000
3.381792 33.346642 0.007126 0.000000
0.631345 26.387974 2.344983 0.000000
1.045746 28.027910 2.227933 0.000000
0.884765 27.032536 2.323289 0.000000
0.851894 27.268243 2.320009 0.000000
3.175881 34.031909 2.358836 0.000000
4.121796 35.348699 2.335764 0.000000
3.051689 33.464227 2.358200 0.000000
1.076173 35.550864 0.456530 0.000000
1.057633 32.481710 1.253207 0.000000
1.060322 32.826786 0.904002 0.000000
1.067042 33.675237 0.887257 0.000000
1.071431 34.447737 0.425762 0.000000
1.071964 34.535022 0.840298 0.000000
1.062977 34.838376 1.439869 0.000000
1.076386 35.586529 0.863891 0.000000
1.022993 35.723603 1.200847 0.000000
1.047685 31.604696 1.403558 0.000000
1.103922 32.360809 1.456793 0.000000
-1.006874 29.592218 0.267778 0.000000
-1.076661 32.096315 0.351772 0.000000
-1.000880 28.198058 0.331794 0.000000
-1.073338 31.711726 0.680620 0.000000
1.087209 35.338526 1.702828 0.000000
1.086992 32.922467 1.491312 0.000000
1.072266 34.548142 1.237780 0.000000
1.076449 35.573337 1.219479 0.000000
-1.069639 31.392081 0.676209 0.000000
-1.086083 34.055990 0.837606 0.000000
-1.103368 31.653874 0.862389 0.000000
1.996217 30.014243 2.350007 0.000000
1.454504 29.133495 2.309429 0.000000
1.993149 30.212168 2.354984 0.000000
1.458268 29.222533 2.309262 0.000000
2.451669 32.292215 2.288519 0.000000
1.908458 30.845399 2.296603 0.000000
1.452769 30.056226 2.378260 0.000000
-1.046836 31.608741 1.219138 0.000000
-1.080066 32.891118 1.083057 0.000000
-0.640559 35.716580 1.933512 0.000000
-1.029912 29.870248 0.800823 0.000000
-1.089329 34.193552 1.380328 0.000000
-1.053477 30.598528 1.104313 0.000000
-1.051294 35.722756 1.777054 0.000000
0.365895 35.669914 2.328520 0.000000
0.086040 35.677682 2.256412 0.000000
-0.116349 35.727437 2.057196 0.000000
-0.338863 35.739595 2.065351 0.000000
-0.503130 35.715756 1.858738 0.000000
-1.111943 32.130107 0.835024 0.000000
-1.032382 26.424754 0.799605 0.000000
2.751663 33.369822 2.333394 0.000000
1.037013 29.644675 2.200390 0.000000
1.026947 29.833559 2.301746 0.000000
1.014169 30.044288 2.302832 0.000000
1.041444 30.220443 2.276718 0.000000
1.036780 30.406064 2.306434 0.000000
1.001857 28.974924 2.301712 0.000000
1.043337 28.284957 2.230838 0.000000
1.038235 28.414057 2.307312 0.000000
1.010167 28.795844 2.303148 0.000000
1.015511 29.197716 2.300913 0.000000
1.064017 29.218499 2.301800 0.000000
0.982923 32.851517 2.300041 0.000000
1.116949 34.915880 1.987048 0.000000
0.931422 33.277966 2.279806 0.000000
1.083586 35.429807 2.278336 0.000000
0.917628 33.443913 2.355622 0.000000
0.776883 33.999050 2.324381 0.000000
0.620840 34.306849 2.356327 0.000000
0.632184 34.612643 2.296679 0.000000
0.425292 35.171914 2.344055 0.000000
1.056036 30.943259 2.332035 0.000000
1.143887 31.004693 2.283449 0.000000
1.135869 31.555435 2.257308 0.000000
1.109136 32.705639 2.195302 0.000000
0.896590 32.389043 2.301950 0.000000
1.080197 33.391193 1.966843 0.000000
0.832953 32.532121 2.301996 0.000000
1.571026 29.491800 0.018739 0.000000
1.150691 28.564976 0.024667 0.000000
1.166018 28.389666 0.022510 0.000000
3.481202 33.601669 2.392977 0.000000
1.779766 29.471761 2.314611 0.000000
1.068764 33.896157 1.230213 0.000000
-1.071004 31.519108 0.412491 0.000000
-1.088766 35.234923 0.781758 0.000000
-1.054942 30.643507 0.450797 0.000000
-1.085254 33.786725 0.759559 0.000000
-1.037388 30.164571 0.419794 0.000000
-1.080370 32.648345 0.539744 0.000000
-1.015359 29.772286 0.469801 0.000000
-1.050336 31.595342 1.373058 0.000000
-1.043233 28.166964 0.958071 0.000000
0.521784 32.212662 0.011925 0.000000
-0.099387 29.599617 0.050177 0.000000
0.263014 31.398111 0.017169 0.000000
-0.206637 29.090068 0.061965 0.000000
0.188075 30.428796 0.029417 0.000000
0.694293 33.017313 0.008886 0.000000
-0.001094 29.941189 0.045990 0.000000
4.467413 35.634035 1.073926 0.000000
0.429929 30.985590 0.020158 0.000000
0.313094 30.231545 0.031368 0.000000
1.063819 33.245016 0.020953 0.000000
0.724426 32.351322 0.011082 0.000000
0.464360 31.361551 0.016861 0.000000
0.807032 33.931349 0.006571 0.000000
1.043679 28.337783 0.991831 0.000000
0.923534 32.051350 0.011955 0.000000
0.434185 31.031665 0.019701 0.000000
0.250761 30.461956 0.028150 0.000000
1.074679 35.149097 0.115424 0.000000
0.662255 33.961395 0.006582 0.000000
0.349282 32.636413 0.010400 0.000000
-0.959799 28.796972 0.040713 0.000000
-0.809401 30.178878 0.038810 0.000000
-0.879314 28.390685 0.056639 0.000000
-0.010142 33.504169 0.007877 0.000000
0.022375 31.662292 0.015667 0.000000
-0.021515 30.831342 0.024177 0.000000
-0.204359 30.416764 0.033269 0.000000
0.311724 34.879906 0.004965 0.000000
-0.476956 29.863643 0.060013 0.000000
-0.659386 29.396132 0.061027 0.000000
-0.461261 31.794982 0.015045 0.000000
-0.795926 31.009116 0.021937 0.000000
0.456539 25.999692 2.303992 0.000000
0.901690 30.872928 2.380689 0.000000
0.808647 31.320113 2.334970 0.000000
0.876655 31.477165 2.331364 0.000000
0.910004 31.605181 2.303803 0.000000
0.837142 32.111982 2.327494 0.000000
1.081696 34.165757 1.619524 0.000000
1.095572 35.153073 1.602419 0.000000
0.913198 32.660840 2.330611 0.000000
1.056330 35.696510 1.614615 0.000000
1.080358 30.788787 2.389517 0.000000
0.320732 35.571562 2.357444 0.000000
-1.095905 33.097746 1.076260 0.000000
-1.090771 34.717771 1.307539 0.000000
1.040952 34.956594 2.342755 0.000000
0.729310 33.059314 2.354899 0.000000
0.632964 33.254804 2.313670 0.000000
0.735282 33.650458 2.328823 0.000000
0.704780 34.148996 2.343168 0.000000
0.589390 34.464599 2.291990 0.000000
0.529370 34.909883 2.296328 0.000000
0.864461 27.508821 2.316868 0.000000
0.703576 26.425052 2.345103 0.000000
0.790546 26.788918 2.307967 0.000000
2.489775 31.245442 2.281200 0.000000
2.537304 31.688479 2.354005 0.000000
2.474667 32.497455 2.329382 0.000000
1.834023 31.082949 2.394467 0.000000
0.812428 27.945360 2.310203 0.000000
0.832141 27.618925 2.315040 0.000000
0.816300 28.114880 2.307867 0.000000
-1.081822 32.922826 0.611749 0.000000
-1.113308 32.370228 0.819618 0.000000
-1.086236 34.124552 0.423025 0.000000
2.252999 32.171750 2.329529 0.000000
3.228655 34.550168 2.326285 0.000000
1.080949 33.743512 1.826717 0.000000
1.086029 34.969651 1.753162 0.000000
1.173108 35.195955 2.116091 0.000000
3.036361 33.188532 0.000961 0.000000
1.769557 30.234110 0.012469 0.000000
0.112331 25.109893 2.324420 0.000000
-1.088793 34.507941 1.503414 0.000000
-1.050527 30.741810 1.159945 0.000000
0.467504 35.329050 2.358932 0.000000
0.835059 33.006781 2.326241 0.000000
0.745685 33.548190 2.299531 0.000000
1.018378 31.225852 2.352078 0.000000
1.078088 32.350830 2.036232 0.000000
1.032293 33.524081 2.325583 0.000000
1.110271 34.404237 1.931404 0.000000
1.063641 35.292889 1.464772 0.000000
-1.082511 33.062417 0.726486 0.000000
-1.062085 32.443558 1.026642 0.000000
1.074686 35.095969 1.250987 0.000000
1.073912 34.920399 1.204428 0.000000
1.059502 32.674527 1.237635 0.000000
1.071848 34.492576 1.024015 0.000000
1.064598 33.282104 1.207674 0.000000
-1.083541 33.319075 0.280460 0.000000
-1.065915 31.157707 0.355799 0.000000
2.698318 33.035340 2.311259 0.000000
4.169908 35.475965 2.347352 0.000000
2.562730 31.436936 2.352588 0.000000
2.400008 31.960304 2.355113 0.000000
3.879471 34.890240 0.000796 0.000000
2.705169 32.515990 0.084396 0.000000
2.013424 31.154980 0.017542 0.000000
0.935314 29.584013 0.026218 0.000000
2.435238 32.677060 2.312475 0.000000
3.722219 34.352907 2.302724 0.000000
0.547634 34.033017 0.006464 0.000000
0.040515 32.909678 0.009617 0.000000
-0.114211 32.166641 0.012771 0.000000
-0.200448 31.465414 0.011992 0.000000
1.048072 31.827659 0.719821 0.000000
1.050588 32.012383 0.189021 0.000000
1.055652 32.409994 0.627604 0.000000
0.959331 33.160485 0.008279 0.000000
1.067230 33.730375 0.367833 0.000000
0.526347 31.958084 0.013107 0.000000
1.072904 34.743045 0.152140 0.000000
-0.366418 34.654085 0.005417 0.000000
-0.407506 33.487274 0.007959 0.000000
-0.914042 28.198781 0.054164 0.000000
-1.088714 35.203049 0.163739 0.000000
0.652283 29.734198 0.031003 0.000000
0.865387 30.757099 0.019490 0.000000
0.001705 29.398448 0.051170 0.000000
0.912567 30.203635 0.023248 0.000000
1.953952 30.051971 0.014721 0.000000
3.610086 34.568072 0.009419 0.000000
-1.087496 34.625942 0.175811 0.000000
-1.086638 34.265146 0.079695 0.000000
-1.015217 29.709512 0.191834 0.000000
-1.000077 35.720403 0.089389 0.000000
-1.076465 32.051864 0.083726 0.000000
-0.900717 35.071011 0.004696 0.000000
3.860993 34.452776 2.346411 0.000000
3.263965 33.452436 2.358148 0.000000
3.453747 34.789920 2.330973 0.000000
1.062725 33.122580 0.658070 0.000000
1.072954 34.759887 0.402714 0.000000
0.361755 28.757466 0.039756 0.000000
2.698954 33.076610 0.001670 0.000000
0.414603 29.167344 0.042145 0.000000
0.977323 33.621617 2.356909 0.000000
0.655143 34.406122 2.304828 0.000000
0.660964 34.987360 2.320784 0.000000
-1.026946 29.630571 0.912212 0.000000
-1.042881 33.010149 1.243630 0.000000
-1.055327 30.081734 1.077000 0.000000
1.039859 28.240040 1.970308 0.000000
-1.086182 34.103484 0.135137 0.000000
-1.038930 30.186682 0.270394 0.000000
0.178948 34.411447 0.005822 0.000000
-0.437875 31.952285 0.014053 0.000000
-0.688031 31.542133 0.012217 0.000000
-0.869905 31.198664 0.019612 0.000000
-0.832550 30.728153 0.025830 0.000000
3.698601 34.503289 2.347072 0.000000
3.906000 35.106557 2.360335 0.000000
1.069917 34.095262 1.231389 0.000000
1.076216 35.554613 0.133773 0.000000
1.018058 32.883394 1.825921 0.000000
1.107030 33.465834 1.940431 0.000000
1.112527 32.525611 2.221570 0.000000
1.162816 34.076742 1.836893 0.000000
-1.116612 35.011156 1.014464 0.000000
-1.059493 30.797843 0.684480 0.000000
0.861327 34.007437 2.297186 0.000000
0.646595 35.082350 2.321914 0.000000
0.730318 35.458169 2.292830 0.000000
-1.096033 33.752179 1.373700 0.000000
0.375763 25.593637 2.316712 0.000000
2.240311 30.868761 0.013867 0.000000
1.728138 29.865609 0.028868 0.000000
1.355243 29.184483 0.016744 0.000000
1.576610 30.172466 0.031206 0.000000
2.777460 32.886312 0.017241 0.000000
3.727968 35.597681 0.161354 0.000000
-1.073992 35.520045 1.045800 0.000000
-1.037868 33.810005 1.040269 0.000000
-1.085530 33.878238 0.804008 0.000000
2.708401 31.676538 2.309248 0.000000
-0.238845 33.205370 0.008746 0.000000
-0.414100 32.105348 0.013183 0.000000
-0.792264 31.224463 0.017647 0.000000
-0.243226 33.527229 0.007855 0.000000
-0.924370 30.515222 0.029046 0.000000
-0.267731 32.115313 0.013105 0.000000
0.101996 34.967688 0.004851 0.000000
-0.188067 34.784745 0.005177 0.000000
0.396479 34.014838 0.006558 0.000000
3.592938 34.153186 2.360256 0.000000
1.072465 34.656370 0.333183 0.000000
3.816869 35.451483 2.342533 0.000000
3.519635 34.734809 0.000636 0.000000
4.480445 35.619097 0.730499 0.000000
-0.118584 30.297981 0.035912 0.000000
1.062266 33.061541 0.060696 0.000000
1.068799 33.973720 0.181989 0.000000
0.073591 29.682246 0.051931 0.000000
0.846983 33.260463 0.008105 0.000000
0.445752 32.130433 0.012400 0.000000
1.866607 29.800516 2.313072 0.000000
0.975267 28.215581 2.308700 0.000000
0.922255 28.468188 2.304883 0.000000
-1.094281 30.919798 1.033756 0.000000
-1.045343 31.930328 1.251332 0.000000
0.915650 31.904865 2.386685 0.000000
0.658727 32.535199 2.326734 0.000000
0.719851 32.725857 2.283252 0.000000
0.877641 29.923345 2.299470 0.000000
0.882323 30.034459 2.300386 0.000000
0.981888 30.339135 2.304887 0.000000
0.961754 30.403827 2.303238 0.000000
0.841379 31.160059 2.334946 0.000000
-0.078142 35.676821 2.323331 0.000000
-0.479513 35.741800 2.147116 0.000000
-1.096040 34.301582 1.045704 0.000000
-1.069079 35.306084 1.463183 0.000000
-0.889849 35.715324 1.805222 0.000000
0.556118 33.778238 2.343271 0.000000
0.460223 34.056166 2.299858 0.000000
0.238068 34.810217 2.298778 0.000000
-1.086949 34.400934 0.539377 0.000000
-1.039793 30.216819 0.403182 0.000000
-1.084416 33.542600 0.697328 0.000000
0.652236 26.971813 2.322622 0.000000
0.835682 28.617817 2.301795 0.000000
0.828542 28.924557 2.298795 0.000000
0.800299 29.045922 2.297425 0.000000
0.822206 29.257369 2.296902 0.000000
0.971448 29.479477 2.299638 0.000000
0.901466 29.603647 2.298429 0.000000
-1.038726 29.840031 1.055365 0.000000
0.642964 31.852114 2.305060 0.000000
0.765369 32.113964 2.303576 0.000000
0.848971 35.032255 2.389585 0.000000
0.418921 33.427849 2.343311 0.000000
0.937568 30.716072 2.331606 0.000000
-1.096724 33.180734 0.832131 0.000000
-1.049404 31.004777 1.189231 0.000000
-1.047322 35.716041 1.872819 0.000000
-1.076057 32.464443 1.293760 0.000000
0.428676 33.841231 2.355645 0.000000
0.263397 34.730733 2.344296 0.000000
0.233608 35.188737 2.389492 0.000000
0.050449 35.504283 2.308854 0.000000
-1.057775 30.746256 0.262826 0.000000
-1.085860 33.988458 0.718587 0.000000
-1.077183 32.148608 0.691953 0.000000
-1.087883 34.796661 0.693403 0.000000
3.119199 32.402206 2.312836 0.000000
4.521484 35.634707 0.075623 0.000000
1.649792 29.600325 0.021055 0.000000
1.027276 28.283927 1.194861 0.000000
-0.379146 29.856330 0.060485 0.000000
-0.026179 33.874928 0.006962 0.000000
-0.781209 29.199209 0.061051 0.000000
0.722617 31.563500 0.014778 0.000000
0.393382 30.657842 0.023994 0.000000
0.173293 30.165780 0.035139 0.000000
0.817338 34.440243 0.005587 0.000000
0.512783 33.060212 0.008888 0.000000
0.162673 31.826503 0.014407 0.000000
-0.024900 31.066258 0.021129 0.000000
-0.203423 30.282516 0.037188 0.000000
-0.008123 31.567925 0.016395 0.000000
1.071129 34.384770 0.186045 0.000000
0.783293 33.298044 0.008052 0.000000
0.358812 32.026535 0.013025 0.000000
0.459006 33.491364 0.007737 0.000000
0.964803 32.615889 0.009846 0.000000
1.059181 32.745991 0.372061 0.000000
0.542104 31.420318 0.016203 0.000000
4.510219 35.607239 1.911626 0.000000
1.145636 28.920690 0.029359 0.000000
2.646715 32.065029 0.021527 0.000000
1.936688 30.482088 0.001703 0.000000
2.111822 30.660528 0.011792 0.000000
3.461314 33.833454 2.336620 0.000000
1.066689 33.606016 1.018007 0.000000
1.075862 35.426197 1.045707 0.000000
-1.071939 31.599007 0.385255 0.000000
-1.089260 35.514296 0.400647 0.000000
-1.081053 32.775326 0.300890 0.000000
3.392555 33.982500 2.358876 0.000000
-1.086642 34.266432 0.783023 0.000000
0.248482 33.074583 0.008994 0.000000
1.060924 32.927254 0.453991 0.000000
1.066912 33.682429 0.488649 0.000000
-0.852974 31.748715 0.015119 0.000000
-0.561583 30.361826 0.040916 0.000000
-0.346807 34.548050 0.005612 0.000000
-0.607657 32.592855 0.010878 0.000000
-1.087911 34.807900 0.091338 0.000000
-1.070546 31.460691 0.107434 0.000000
-1.042062 33.392323 1.511917 0.000000
0.469305 34.356847 2.321603 0.000000
0.213796 35.389246 2.284795 0.000000
0.970687 34.722223 2.251240 0.000000
0.441053 26.140294 2.323468 0.000000
0.600360 27.159028 2.319740 0.000000
-1.079671 34.063008 1.135143 0.000000
-1.047567 32.010357 1.184222 0.000000
-1.084953 33.697117 0.124994 0.000000
3.792390 34.998484 2.360089 0.000000
3.142179 34.298360 2.360084 0.000000
-1.088762 22.340742 1.598015 0.000000
-0.813334 30.333122 0.034238 0.000000
-0.723089 34.458533 0.005774 0.000000
-0.966513 33.614391 0.007559 0.000000
-1.072220 31.925056 0.013772 0.000000
0.283705 34.503434 0.005631 0.000000
0.192132 33.217536 0.008594 0.000000
1.072126 34.584839 0.291339 0.000000
0.952749 31.363121 0.015157 0.000000
-1.088741 35.206606 0.852839 0.000000
-1.052674 30.525688 0.702719 0.000000
-1.097359 33.789868 1.424795 0.000000
0.416352 35.436784 2.295157 0.000000
-1.028818 26.384498 0.770926 0.000000
-1.041497 32.753013 1.299896 0.000000
-1.164678 33.598489 1.413887 0.000000
-1.052252 30.284902 1.142535 0.000000
1.042827 28.247393 2.172550 0.000000
-1.085141 33.743365 0.805780 0.000000
3.688630 34.903206 0.009278 0.000000
2.471365 32.413076 0.008049 0.000000
1.000706 28.245920 0.383938 0.000000
0.948672 31.752482 0.013205 0.000000
-1.078493 32.332132 0.697916 0.000000
-1.084263 33.502768 0.585777 0.000000
3.782525 35.596297 -0.162941 0.000000
0.995545 29.176493 0.020346 0.000000
2.786590 32.211314 0.095190 0.000000
1.552296 29.982720 0.067116 0.000000
3.886915 35.225523 0.000061 0.000000
4.464321 35.622600 0.399397 0.000000
-0.779094 30.851451 0.024132 0.000000
-0.227244 32.972474 0.009482 0.000000
-0.473913 32.437518 0.011553 0.000000
-0.785788 31.790215 0.014912 0.000000
-0.440585 33.142333 0.008951 0.000000
1.069013 33.999062 0.757591 0.000000
1.076066 35.514541 0.351391 0.000000
0.268094 35.379515 -0.008315 0.000000
-0.609658 32.153163 0.012902 0.000000
-0.231599 35.101192 -0.007693 0.000000
-0.913694 31.212415 0.019366 0.000000
3.998338 34.608495 2.346420 0.000000
0.956566 32.390711 0.010612 0.000000
0.678766 33.760800 0.006997 0.000000
0.493990 32.542378 0.010626 0.000000
0.176540 31.443226 0.017023 0.000000
-0.909311 28.999479 0.048573 0.000000
-0.032135 30.670905 0.026791 0.000000
0.260853 34.301244 0.006005 0.000000
-0.097554 33.018105 0.009304 0.000000
3.232454 33.583585 0.000627 0.000000
2.350752 31.681512 0.006958 0.000000
0.756539 32.474370 0.010583 0.000000
0.363231 31.570912 0.015669 0.000000
0.065011 32.783383 0.010045 0.000000
-0.539740 29.779765 0.065845 0.000000
-0.025539 31.339850 0.018315 0.000000
0.633168 35.229413 -0.009988 0.000000
0.939040 34.844520 0.004875 0.000000
0.481306 33.291097 0.008249 0.000000
0.296152 31.957350 0.013475 0.000000
0.503476 34.590107 0.005419 0.000000
-1.088246 34.965785 0.778912 0.000000
-1.072089 31.594804 0.678571 0.000000
-1.062709 30.954515 0.679239 0.000000
1.037055 28.227520 1.778309 0.000000
1.358631 29.678587 2.347596 0.000000
-1.088513 35.100541 0.257004 0.000000
-1.040151 30.201324 0.207972 0.000000
-1.199840 32.870661 1.346227 0.000000
-1.069164 34.404684 1.747028 0.000000
-1.048892 27.953394 0.995619 0.000000
0.679633 31.124583 2.306331 0.000000
0.790726 31.358791 2.305132 0.000000
0.742405 31.575129 2.384075 0.000000
0.053839 35.087187 2.331986 0.000000
-0.241513 35.675933 2.393055 0.000000
-1.108184 31.549720 0.807312 0.000000
-0.776616 35.717428 2.010317 0.000000
0.439500 32.750488 2.315127 0.000000
0.589248 33.176275 2.301807 0.000000
0.347565 34.399810 2.299468 0.000000
1.529951 29.158308 0.015129 0.000000
0.682377 31.717496 2.327700 0.000000
0.693881 32.228948 2.303774 0.000000
-1.033556 34.334678 1.414047 0.000000
-1.062631 32.140437 1.281055 0.000000
1.247538 28.452167 2.310202 0.000000
0.623410 27.249496 2.318602 0.000000
0.249752 29.773672 0.042068 0.000000
0.601045 31.762123 0.013980 0.000000
-1.079447 32.493778 0.314688 0.000000
-1.088504 35.108814 0.544850 0.000000
-1.085159 33.768467 0.576116 0.000000
-0.335980 30.974697 0.051309 0.000000
-0.091996 34.880987 -0.006752 0.000000
0.990296 35.316943 -0.003517 0.000000
0.436619 33.743086 0.007150 0.000000
-0.966663 35.024407 -0.010569 0.000000
-1.085481 33.860005 0.098116 0.000000
1.031306 28.217439 1.389438 0.000000
3.176665 32.643249 2.311872 0.000000
4.174883 35.404068 -0.000279 0.000000
0.737144 32.846723 2.396582 0.000000
0.447897 34.751398 2.335763 0.000000
-1.096944 33.557348 1.234603 0.000000
3.775977 35.035407 2.342076 0.000000
-1.078929 32.405336 0.189625 0.000000
3.790310 33.948263 2.337880 0.000000
-0.517048 34.604687 0.005507 0.000000
-0.657161 33.509443 0.007891 0.000000
-0.806076 32.768625 0.010147 0.000000
1.074410 35.046910 1.115513 0.000000
0.796336 35.273163 0.004253 0.000000
0.336551 33.663435 0.007375 0.000000
-1.070294 23.397718 0.794637 0.000000
3.903282 35.437713 -0.028811 0.000000
-0.822295 32.277779 0.012185 0.000000
-0.558725 33.749283 0.007301 0.000000
-0.479293 34.922252 -0.053245 0.000000
-0.749571 33.374431 0.008237 0.000000
-0.441635 35.230116 -0.010894 0.000000
3.409239 33.505566 2.337070 0.000000
-0.010577 34.120209 0.006429 0.000000
0.385008 35.507527 -0.008684 0.000000
1.073638 34.899739 0.761278 0.000000
-0.373685 34.901122 -0.005776 0.000000
3.688890 35.163759 -0.000146 0.000000
2.962118 33.877572 2.334926 0.000000
-0.859166 34.879912 -0.009851 0.000000
-1.068375 31.318846 0.385685 0.000000
-1.087744 34.731599 0.412710 0.000000
2.087047 31.847802 2.334703 0.000000
-1.068647 33.040872 1.437576 0.000000
-1.076285 32.294913 1.037750 0.000000
1.385323 29.724654 0.029917 0.000000
2.205015 31.835591 0.155876 0.000000
-1.059960 30.846315 0.452238 0.000000
0.394838 34.616287 0.005405 0.000000
3.895379 34.375852 2.337332 0.000000
0.185799 30.831042 0.023177 0.000000
0.180417 32.171260 0.012520 0.000000
0.782477 35.452003 -0.010766 0.000000
0.315017 33.422228 0.007978 0.000000
0.949597 34.129243 0.006112 0.000000
4.519983 35.636260 1.483974 0.000000
0.625714 35.721360 -0.000897 0.000000
-0.221272 31.781089 0.012720 0.000000
0.921993 33.487585 0.007494 0.000000
0.070619 31.383581 0.017741 0.000000
-1.169511 34.330609 1.787307 0.000000
0.759624 30.630442 2.378498 0.000000
0.299393 33.784951 2.322247 0.000000
0.374737 34.098807 2.357362 0.000000
0.326835 34.552055 2.396953 0.000000
3.679756 34.106098 0.000502 0.000000
2.415036 32.168263 0.161561 0.000000
0.559418 26.349090 2.344943 0.000000
0.630417 27.515708 2.314740 0.000000
-1.033999 29.720399 1.012429 0.000000
-1.096748 34.613280 1.484191 0.000000
0.445174 32.824605 2.303873 0.000000
0.648631 35.343702 2.293850 0.000000
0.526905 33.211328 2.302139 0.000000
-1.086364 34.170327 0.664261 0.000000
-1.066449 31.190761 0.447203 0.000000
-1.084064 33.454457 0.256262 0.000000
3.405055 34.549329 2.359494 0.000000
1.073114 34.747923 1.114424 0.000000
1.094427 28.316196 0.593276 0.000000
-0.306992 33.175410 0.008844 0.000000
-0.200945 30.780854 0.008402 0.000000
-0.013712 34.286662 0.006095 0.000000
0.858196 34.957000 -0.026172 0.000000
-0.629804 34.376953 0.005938 0.000000
-0.872068 33.213130 0.008670 0.000000
2.091596 31.429074 0.016388 0.000000
-1.018068 30.828799 0.023388 0.000000
3.516267 35.373790 2.330706 0.000000
-0.679000 29.718806 0.064982 0.000000
-0.660298 32.909843 0.009688 0.000000
-1.085773 33.967091 0.220487 0.000000
0.711100 34.743738 -0.000428 0.000000
-0.453282 33.882435 0.006984 0.000000
3.678963 34.935574 -0.000192 0.000000
1.950949 30.954786 0.139190 0.000000
0.862359 34.277147 2.323219 0.000000
0.915362 33.942024 2.297029 0.000000
-0.838847 33.904431 0.006898 0.000000
-0.663780 33.798916 0.007162 0.000000
-0.871370 32.411276 0.011541 0.000000
-0.083563 34.586097 0.005527 0.000000
-0.292074 35.453199 -0.050246 0.000000
-0.471442 34.103636 0.006495 0.000000
-0.977255 30.804971 0.023928 0.000000
1.074617 35.146559 0.472017 0.000000
3.140692 33.206870 0.000947 0.000000
0.836985 32.473378 0.010485 0.000000
-1.097240 33.933027 1.555843 0.000000
-1.087304 34.524377 0.810014 0.000000
-1.058981 33.677366 1.053840 0.000000
-0.722967 34.819467 -0.026190 0.000000
-1.078778 32.387103 0.532972 0.000000
-1.097119 34.555135 1.102138 0.000000
-1.075886 31.986172 0.687213 0.000000
-1.083383 33.334703 0.804106 0.000000
2.199878 30.419236 0.012109 0.000000
4.116877 35.342391 -0.000437 0.000000
-0.883364 35.708973 -0.004298 0.000000
-0.161161 35.376175 -0.007482 0.000000
-0.370552 33.817679 0.007135 0.000000
-0.413580 32.962452 0.009532 0.000000
0.718161 32.144841 0.011926 0.000000
0.950558 35.720729 -0.011690 0.000000
0.544638 33.841847 0.006886 0.000000
2.387437 32.186918 0.001801 0.000000
2.827152 32.579429 0.009191 0.000000
2.181395 30.808890 0.077922 0.000000
4.545190 35.607392 1.634328 0.000000
4.531924 35.620077 2.314209 0.000000
-0.088271 32.564066 0.010946 0.000000
0.332030 35.138445 -0.131568 0.000000
0.595644 32.886828 0.009358 0.000000
1.073899 34.963995 0.067539 0.000000
3.844189 35.223172 -0.000416 0.000000
3.610709 35.585142 2.260617 0.000000
-0.416005 35.130742 -0.007959 0.000000
-0.734033 33.959558 0.006797 0.000000
-0.800334 33.150765 0.008877 0.000000
-0.163185 32.991186 0.009408 0.000000
-1.105678 35.283390 1.036115 0.000000
-0.601341 24.377955 2.306227 0.000000
-0.167825 24.943463 2.318349 0.000000
3.012298 33.728291 0.008205 0.000000
-0.712667 32.204958 0.012597 0.000000
-0.397718 33.608163 0.007655 0.000000
-0.443199 32.720276 0.010397 0.000000
0.375191 35.708861 -0.016555 0.000000
0.158131 34.138416 0.006354 0.000000
0.772089 30.869512 0.019235 0.000000
-1.070621 32.343062 1.239854 0.000000
-1.082687 35.200648 -0.011418 0.000000
-1.088830 35.278077 0.218592 0.000000
1.642040 29.483010 0.018154 0.000000
0.749434 30.477126 2.328335 0.000000
0.046223 34.905027 2.286329 0.000000
0.532281 32.228183 2.286230 0.000000
-1.082751 33.124497 0.572755 0.000000
3.633059 34.211202 0.000221 0.000000
0.281472 34.481117 -0.018657 0.000000
-0.107802 31.893002 0.014292 0.000000
0.251700 32.424367 0.011316 0.000000
2.878953 33.163286 0.000520 0.000000
-1.064111 31.511809 1.007874 0.000000
-1.089268 35.519997 0.789794 0.000000
1.091903 35.527333 -0.053573 0.000000
-1.080748 32.710835 0.164145 0.000000
-1.097419 34.185804 1.431666 0.000000
0.630411 30.964576 2.330654 0.000000
4.556698 35.611383 1.257506 0.000000
0.984706 30.861973 0.018008 0.000000
-1.089229 35.503898 0.118123 0.000000
-1.084395 33.535863 0.099080 0.000000
-1.078255 32.311747 0.338676 0.000000
4.580260 35.603423 2.027835 0.000000
-0.480435 34.540590 -0.008007 0.000000
-0.956780 31.826609 0.014499 0.000000
3.059222 33.485975 0.019641 0.000000
-1.036288 34.332096 1.324464 0.000000
-1.325384 35.708723 1.178640 0.000000
-1.434274 35.705914 1.044465 0.000000
-1.406393 32.596998 0.874536 0.000000
-1.310325 35.708695 1.335840 0.000000
-1.305045 29.767595 0.721010 0.000000
-1.478799 34.649881 1.121943 0.000000
-1.215163 29.390569 0.669888 0.000000
0.735125 33.762361 1.715821 0.000000
0.751196 33.317297 1.948637 0.000000
0.685128 35.211749 1.527618 0.000000
0.709464 34.528270 1.762564 0.000000
0.730112 33.949936 1.990061 0.000000
0.679258 35.423840 1.819828 0.000000
0.705547 34.682423 2.040369 0.000000
0.676849 35.533059 2.101406 0.000000
-1.226891 30.633640 0.823798 0.000000
-1.457581 35.705558 1.322842 0.000000
-1.210087 27.536425 0.550036 0.000000
-1.395926 32.326237 1.041392 0.000000
-1.230446 35.720010 1.496964 0.000000
-1.235346 27.861759 0.657528 0.000000
-1.209487 29.745042 0.968671 0.000000
-1.497058 35.189746 1.352864 0.000000
-1.209458 27.169198 0.611764 0.000000
-1.352128 31.101732 0.985267 0.000000
-1.223686 27.550618 0.659595 0.000000
-1.204014 29.390685 0.833373 0.000000
-1.201688 26.966573 0.614425 0.000000
-1.242515 28.061214 0.715056 0.000000
-1.215223 27.325403 0.651068 0.000000
0.716183 34.290621 1.479711 0.000000
0.988022 25.370237 2.071899 0.000000
0.926444 28.166473 1.491904 0.000000
0.930853 27.387710 1.293510 0.000000
0.928204 27.487436 1.278854 0.000000
0.935569 27.792733 1.527604 0.000000
0.923696 27.810976 1.837443 0.000000
0.922427 27.702019 1.250173 0.000000
0.932732 27.910039 1.515102 0.000000
0.914587 28.130761 1.812706 0.000000
0.979836 27.740410 1.018639 0.000000
0.915833 27.942263 1.222090 0.000000
0.911205 28.248222 1.805810 0.000000
0.977314 27.974230 1.092177 0.000000
0.912217 28.071990 1.208396 0.000000
0.975278 28.167825 1.004292 0.000000
1.558230 30.337749 2.298707 0.000000
0.908306 28.210854 1.194722 0.000000
1.575226 30.468243 2.334261 0.000000
0.987239 26.871060 1.204511 0.000000
0.956438 26.903531 1.680015 0.000000
0.947699 27.352588 1.810595 0.000000
0.987742 26.799125 1.216826 0.000000
0.945907 26.806185 1.400921 0.000000
0.951266 27.126623 1.629314 0.000000
0.949082 27.155379 1.425992 0.000000
0.949368 27.208377 1.613251 0.000000
0.931446 27.535290 1.867480 0.000000
0.937948 27.116490 1.338301 0.000000
0.945284 27.383411 1.582735 0.000000
0.943682 27.517326 1.777662 0.000000
0.926427 27.714134 1.846854 0.000000
0.940726 27.576849 1.554212 0.000000
0.807703 31.558344 1.600054 0.000000
0.997227 30.400256 1.177915 0.000000
0.985709 30.493759 1.239303 0.000000
0.985891 30.551287 1.544695 0.000000
0.987872 30.420539 1.807803 0.000000
0.936311 30.949439 1.045956 0.000000
0.981433 30.951324 1.371107 0.000000
0.993788 30.692721 1.486317 0.000000
0.984536 30.790767 1.955375 0.000000
0.977723 31.263417 1.159356 0.000000
0.998611 31.351693 1.381237 0.000000
0.849761 31.045424 1.584231 0.000000
0.989880 31.010772 1.844389 0.000000
0.796262 31.822976 1.022024 0.000000
0.991333 31.764715 1.299251 0.000000
0.990782 30.084725 1.675715 0.000000
0.977379 31.451491 1.854770 0.000000
0.774592 32.500653 1.153271 0.000000
0.784495 32.234426 1.386075 0.000000
0.792982 32.011294 1.620864 0.000000
0.984164 31.827818 1.829021 0.000000
0.790137 33.021641 1.105420 0.000000
0.765091 32.823817 1.410546 0.000000
0.776269 32.521384 1.646480 0.000000
0.785939 32.264659 1.885610 0.000000
0.725675 33.970800 1.199861 0.000000
0.742580 33.501837 1.441189 0.000000
0.757154 33.100262 1.677857 0.000000
0.769753 32.756845 1.914016 0.000000
0.694235 34.904160 1.234230 0.000000
0.987138 29.437307 1.011013 0.000000
1.575822 30.694973 2.334722 0.000000
3.506294 35.800997 2.298630 0.000000
2.761032 33.801632 2.333523 0.000000
2.087212 32.160561 2.335034 0.000000
1.574290 30.931606 2.335172 0.000000
3.394718 35.699421 2.196923 0.000000
2.773335 34.357208 2.307496 0.000000
0.995549 29.497967 1.449268 0.000000
0.998086 29.430846 1.805627 0.000000
0.947699 26.735690 1.417205 0.000000
0.994739 29.513821 1.200645 0.000000
0.916855 29.461784 1.620218 0.000000
0.993323 29.778647 1.556706 0.000000
0.994621 29.652281 1.608940 0.000000
0.964048 29.986072 1.064777 0.000000
0.992209 29.826160 1.302457 0.000000
0.999372 29.931168 1.438213 0.000000
0.991867 29.989485 1.740952 0.000000
0.989353 30.086242 1.124166 0.000000
0.998411 30.140974 1.338879 0.000000
0.989282 30.170230 1.416461 0.000000
0.984128 25.853785 2.194085 0.000000
0.981764 25.439119 1.814292 0.000000
0.976415 25.684172 1.828793 0.000000
0.971746 25.740827 1.605949 0.000000
0.976269 25.977620 1.808553 0.000000
0.977285 26.070141 2.025293 0.000000
0.976132 26.110174 1.999470 0.000000
0.972166 26.391137 2.158384 0.000000
0.985331 25.436274 2.012608 0.000000
0.984350 25.708098 2.004257 0.000000
0.959542 26.770288 1.716050 0.000000
0.992623 26.006210 1.433520 0.000000
0.966607 26.369589 1.624450 0.000000
0.966479 26.479388 1.814816 0.000000
0.963488 26.714099 2.000221 0.000000
0.965859 26.314527 1.455501 0.000000
0.963827 26.588961 1.773866 0.000000
0.951080 26.832790 2.000718 0.000000
0.963397 26.422228 1.405527 0.000000
0.957839 26.938436 1.919433 0.000000
0.956304 27.000558 1.900211 0.000000
0.989428 26.539785 1.269006 0.000000
0.992878 25.966973 1.450064 0.000000
0.967744 25.969841 1.672804 0.000000
0.967349 26.566311 2.065268 0.000000
0.972640 26.035779 1.609590 0.000000
0.969003 26.377735 1.857578 0.000000
0.988278 25.194840 1.857032 0.000000
0.998322 25.180028 1.667460 0.000000
0.984376 25.371403 1.872593 0.000000
0.997447 25.226637 1.615501 0.000000
0.995211 25.379874 1.469236 0.000000
0.996754 24.950670 1.829732 0.000000
0.992713 25.181106 2.067474 0.000000
0.992199 25.772403 1.208906 0.000000
0.994183 25.787646 1.536428 0.000000
0.992138 25.941227 1.288060 0.000000
0.991454 25.940763 1.128770 0.000000
0.994893 25.407594 1.446127 0.000000
0.979208 25.509599 1.758700 0.000000
0.993011 25.585104 1.275555 0.000000
0.982151 27.492471 1.127298 0.000000
0.962133 26.767154 1.979354 0.000000
-1.383002 32.855993 0.824239 0.000000
-1.218447 27.785698 0.568903 0.000000
-1.288721 29.924471 0.671552 0.000000
-1.456651 35.705876 0.899063 0.000000
-1.344480 31.651509 0.742103 0.000000
-1.201274 27.274720 0.518992 0.000000
-1.227534 28.056927 0.574027 0.000000
-1.263253 35.717375 0.932289 0.000000
-1.337125 31.420760 0.715152 0.000000
-1.430054 34.327478 0.887338 0.000000
-1.309903 30.579181 0.703173 0.000000
2.931269 34.352180 2.335325 0.000000
2.348845 32.423893 2.336106 0.000000
3.156629 34.970790 2.334919 0.000000
2.366895 32.812143 2.336338 0.000000
1.988111 31.303759 2.396676 0.000000
2.381709 33.219863 2.336537 0.000000
1.904378 31.607957 2.336586 0.000000
0.888232 29.607276 1.257713 0.000000
0.936782 27.798556 1.731522 0.000000
0.934220 27.902067 1.717127 0.000000
0.928558 28.128926 1.689810 0.000000
0.924286 28.212430 1.309375 0.000000
0.925419 28.253475 1.676848 0.000000
3.468761 35.670852 2.272767 0.000000
0.730049 35.097213 1.676030 0.000000
0.724471 35.238921 1.359842 0.000000
0.764458 33.933962 1.491375 0.000000
0.796123 32.889896 1.611371 0.000000
0.739804 34.754767 1.518703 0.000000
0.777500 33.517420 1.627049 0.000000
0.755812 34.242435 1.648022 0.000000
0.987121 32.259121 1.314322 0.000000
0.988761 31.992457 1.001237 0.000000
0.992344 30.894790 1.553488 0.000000
0.996633 30.258288 1.559099 0.000000
0.980330 32.248683 1.182478 0.000000
0.922356 31.718523 1.491320 0.000000
0.768005 33.765893 1.121425 0.000000
0.796164 32.843370 1.288194 0.000000
0.819293 32.078714 1.441634 0.000000
0.976393 31.469367 1.522901 0.000000
0.741986 34.632861 1.142870 0.000000
0.776017 33.523061 1.306023 0.000000
0.991237 32.613234 1.457182 0.000000
0.984164 31.864051 1.585042 0.000000
0.752553 34.307707 1.329432 0.000000
0.785604 33.224180 1.469924 0.000000
0.812273 32.341131 1.599843 0.000000
0.996016 25.175558 1.470846 0.000000
0.997772 24.789783 1.712210 0.000000
0.999624 24.866562 1.613327 0.000000
0.999396 24.644317 1.483373 0.000000
0.997238 24.805261 1.420859 0.000000
0.998612 24.746381 1.810300 0.000000
0.997042 25.277534 1.210228 0.000000
0.995562 25.246890 1.097432 0.000000
0.994472 25.578408 1.044160 0.000000
0.995639 25.067843 1.080370 0.000000
0.994262 25.613549 1.028679 0.000000
0.992683 25.598039 0.853910 0.000000
0.998779 25.154678 1.301712 0.000000
0.999073 24.982752 1.279278 0.000000
0.092436 28.859209 -0.012766 0.000000
0.151308 28.334133 -0.002520 0.000000
0.598000 30.027961 -0.001774 0.000000
0.372464 29.498782 -0.020443 0.000000
0.046330 29.166742 -0.014790 0.000000
-0.126657 28.499362 -0.003883 0.000000
0.460482 28.196306 -0.005812 0.000000
3.463875 35.618176 0.303128 0.000000
0.571490 27.826388 -0.018480 0.000000
1.142383 29.395137 -0.011456 0.000000
2.204411 32.540400 -0.019562 0.000000
3.274840 35.680293 0.126182 0.000000
0.898937 28.903531 -0.007225 0.000000
0.999948 29.500247 0.356927 0.000000
0.719051 28.480172 -0.003593 0.000000
0.751058 29.211596 -0.019596 0.000000
0.562446 28.807547 -0.008828 0.000000
0.298717 28.571649 -0.002319 0.000000
0.971428 30.774193 -0.000858 0.000000
2.989724 34.209569 -0.025914 0.000000
0.999996 26.468617 0.802268 0.000000
0.992646 25.942869 0.911588 0.000000
0.991757 26.049684 0.819276 0.000000
0.991420 26.205174 0.844456 0.000000
0.991067 25.800647 0.623754 0.000000
0.990591 26.176739 0.670690 0.000000
0.999807 26.302121 0.612447 0.000000
0.999857 26.437064 0.721349 0.000000
0.999883 26.288111 0.561399 0.000000
0.999866 26.613999 0.819049 0.000000
0.992558 25.641978 0.841445 0.000000
0.999591 26.613447 0.665420 0.000000
0.990693 26.136314 1.050824 0.000000
0.999741 27.888881 0.537699 0.000000
0.999841 27.301810 0.394613 0.000000
0.999824 27.449150 0.592790 0.000000
0.993140 27.520462 0.344672 0.000000
0.999984 27.769264 0.545604 0.000000
0.991932 27.682679 0.349344 0.000000
0.999318 27.998838 0.364003 0.000000
0.999797 28.159777 0.357822 0.000000
0.999718 28.177682 0.544156 0.000000
3.913308 35.813490 0.428718 0.000000
1.986088 30.739465 -0.005564 0.000000
3.814403 35.809259 -0.000597 0.000000
3.702059 35.805274 0.332837 0.000000
0.708838 28.047345 -0.000787 0.000000
1.593320 29.881696 -0.001319 0.000000
0.999038 26.967669 0.454145 0.000000
0.999858 26.574857 0.448637 0.000000
0.999955 26.950055 0.700637 0.000000
0.999920 26.790002 0.498956 0.000000
0.999949 27.181510 0.762262 0.000000
0.998355 26.956991 0.344408 0.000000
0.999698 27.182948 0.513485 0.000000
0.999553 27.355771 0.688393 0.000000
0.999905 27.054396 0.362220 0.000000
0.999073 27.373701 0.535610 0.000000
0.999806 26.723818 0.360104 0.000000
0.999615 26.395727 0.383264 0.000000
0.999880 25.800496 0.346372 0.000000
0.997866 26.127025 0.375895 0.000000
0.992971 26.099977 0.428577 0.000000
0.907916 27.272644 -0.010037 0.000000
0.999859 26.561568 0.393677 0.000000
0.992282 25.008968 0.813478 0.000000
0.995850 24.805197 1.046437 0.000000
0.999915 24.806052 0.807820 0.000000
0.992334 25.370455 0.811598 0.000000
0.999879 24.613049 1.208139 0.000000
0.999284 24.636114 1.186642 0.000000
0.999878 25.682964 0.459374 0.000000
0.991020 25.610757 0.607829 0.000000
0.999501 25.406180 0.449850 0.000000
0.993084 25.992253 0.421340 0.000000
0.991217 25.473752 0.655269 0.000000
0.990121 25.018247 0.613552 0.000000
0.991649 25.271678 0.737860 0.000000
0.789299 31.940868 0.348432 0.000000
0.949910 30.076500 0.955687 0.000000
0.997646 30.236459 1.162569 0.000000
0.999327 30.555650 0.465568 0.000000
0.996190 30.426562 0.679013 0.000000
0.999686 30.599313 0.980303 0.000000
0.982861 30.732266 1.030846 0.000000
0.992840 30.865721 0.422837 0.000000
0.996332 30.856214 0.636262 0.000000
0.998157 30.811215 0.932755 0.000000
0.835595 31.363992 0.361500 0.000000
0.993637 31.321170 0.453155 0.000000
0.988651 31.329269 0.844602 0.000000
0.999150 30.043950 0.611750 0.000000
0.792397 31.876695 0.568892 0.000000
0.794812 31.834388 0.792729 0.000000
0.795308 32.745967 0.350862 0.000000
0.772136 32.488844 0.539726 0.000000
0.776420 32.391691 0.774154 0.000000
0.779834 32.321758 1.011525 0.000000
0.772859 33.492728 0.278665 0.000000
0.748517 33.195349 0.508719 0.000000
0.755257 33.027053 0.755229 0.000000
0.760865 32.892855 1.001463 0.000000
0.707991 34.360120 0.204821 0.000000
0.720235 34.033444 0.474523 0.000000
0.730475 33.764593 0.735659 0.000000
0.999797 28.189233 0.611418 0.000000
3.889664 35.814194 1.545378 0.000000
3.705490 35.807826 1.918167 0.000000
3.821099 35.810800 1.076448 0.000000
3.672418 35.805685 1.442964 0.000000
3.508873 35.800101 1.815400 0.000000
3.585287 35.801614 0.979550 0.000000
3.466934 35.601654 1.358260 0.000000
3.371939 35.670451 1.767196 0.000000
3.328307 35.617726 0.909668 0.000000
3.270046 35.601541 1.360483 0.000000
0.738950 33.547383 0.991974 0.000000
0.998777 29.503486 0.601254 0.000000
0.998696 29.495282 0.810796 0.000000
0.999981 29.502469 0.421087 0.000000
0.992461 29.721114 1.023104 0.000000
0.999806 29.656486 0.567771 0.000000
0.999801 29.666044 0.606548 0.000000
0.990810 29.852925 0.825120 0.000000
0.998074 30.189138 0.529493 0.000000
-1.407880 32.536483 0.062547 0.000000
-0.981357 34.621317 -0.008873 0.000000
-1.083764 34.516583 -0.000290 0.000000
-1.218559 34.254711 -0.003020 0.000000
-1.298914 35.711696 0.199039 0.000000
-1.401845 35.705913 0.125443 0.000000
-1.325286 29.486085 0.034579 0.000000
-1.427003 33.084439 0.179859 0.000000
-1.236842 35.712873 0.220121 0.000000
-1.242070 28.009869 0.386290 0.000000
-1.215683 29.876331 0.360872 0.000000
-1.467208 34.221831 0.295899 0.000000
-1.288724 35.714376 0.534005 0.000000
-1.211440 27.182360 0.280946 0.000000
-1.218698 29.395164 0.286632 0.000000
-1.229971 30.554371 0.364536 0.000000
0.686109 35.035973 0.436731 0.000000
0.700865 34.638590 0.714892 0.000000
0.713380 34.305276 0.983176 0.000000
0.683480 35.185227 0.975222 0.000000
-0.224518 35.708484 -0.022755 0.000000
0.990435 26.372253 1.310885 0.000000
0.990996 26.182417 1.214942 0.000000
0.990264 26.246433 1.012563 0.000000
0.989203 26.537851 1.137925 0.000000
0.999851 27.555382 0.705771 0.000000
0.983092 27.388894 1.137202 0.000000
0.985821 27.076999 0.804704 0.000000
0.983364 27.371376 0.939276 0.000000
0.982325 27.489454 0.933615 0.000000
0.999937 27.686874 0.810617 0.000000
0.999791 27.675832 0.693326 0.000000
0.999888 27.957413 0.807315 0.000000
0.998401 27.998234 0.647825 0.000000
0.999450 28.011253 0.811293 0.000000
3.903415 35.815625 2.025060 0.000000
0.986888 26.911175 1.083284 0.000000
0.987943 26.751350 1.104047 0.000000
-1.506348 35.702529 0.429282 0.000000
0.985441 27.110017 1.169302 0.000000
0.986477 26.980636 0.823646 0.000000
-1.213749 27.255375 0.383850 0.000000
-1.362740 31.323588 0.402312 0.000000
-1.228583 27.644488 0.351617 0.000000
-1.203464 26.983328 0.358733 0.000000
0.998845 24.985597 2.117423 0.000000
0.999607 24.435517 0.607402 0.000000
0.999121 24.520604 0.882660 0.000000
0.992928 24.408300 1.025154 0.000000
0.999982 24.668859 0.603445 0.000000
0.990364 24.602772 0.848808 0.000000
0.999814 24.265835 1.004273 0.000000
0.999794 24.079295 1.000961 0.000000
0.997874 24.229277 1.253181 0.000000
0.999902 24.285517 0.899587 0.000000
0.999828 25.025329 0.380543 0.000000
0.999440 24.935875 0.409445 0.000000
0.999938 24.854878 0.339539 0.000000
0.999967 25.106205 0.513300 0.000000
0.999885 24.796381 0.451833 0.000000
0.998328 24.850992 0.604600 0.000000
0.999887 25.286571 0.322004 0.000000
0.999992 25.250196 0.416081 0.000000
0.999853 25.404321 0.273928 0.000000
0.999704 25.752967 0.391631 0.000000
0.996718 24.595223 1.285370 0.000000
0.999944 24.735562 0.390693 0.000000
0.999824 24.586915 0.392773 0.000000
0.999963 24.556528 0.520300 0.000000
0.999939 24.128255 0.842239 0.000000
0.997167 24.300683 0.668762 0.000000
0.999537 24.375612 0.544432 0.000000
0.999457 24.106258 0.782802 0.000000
1.017221 28.997573 -0.008914 0.000000
0.927908 28.446932 -0.004810 0.000000
1.308517 29.232809 -0.012745 0.000000
0.809059 28.718655 -0.003490 0.000000
0.732073 28.325422 -0.000743 0.000000
0.866186 27.871387 -0.003557 0.000000
0.789783 27.601476 -0.005786 0.000000
0.674791 34.220247 0.006045 0.000000
0.706056 34.583967 -0.047220 0.000000
0.981002 32.194498 0.338451 0.000000
0.995486 31.023777 0.546986 0.000000
0.592741 33.669164 -0.017656 0.000000
0.792160 34.107017 0.006234 0.000000
0.988370 31.403266 0.503769 0.000000
0.036724 32.966313 -0.011978 0.000000
0.795127 35.130317 0.004479 0.000000
0.776235 33.375798 0.249631 0.000000
0.983001 32.020969 0.599086 0.000000
-0.123304 32.347561 -0.043718 0.000000
0.482257 35.375981 -0.008146 0.000000
0.994811 30.601933 0.589353 0.000000
-0.383342 31.774359 -0.001046 0.000000
0.220792 34.024552 -0.002721 0.000000
-0.231804 31.399980 -0.002381 0.000000
-0.190920 33.195902 -0.013408 0.000000
-0.547522 31.104412 -0.000352 0.000000
-0.214499 32.392062 -0.007141 0.000000
0.376333 34.894539 -0.008804 0.000000
-0.615604 30.719799 -0.011739 0.000000
0.990475 31.779417 0.350658 0.000000
3.448323 35.618530 1.462339 0.000000
0.996577 30.393470 0.353604 0.000000
0.997964 30.799448 0.377729 0.000000
0.995579 31.176329 0.280521 0.000000
0.967084 29.965367 0.500247 0.000000
0.997689 30.294122 0.561984 0.000000
0.999714 29.965987 0.683854 0.000000
0.820166 31.892142 0.312096 0.000000
0.996926 30.330931 0.759358 0.000000
0.914044 32.413237 0.387775 0.000000
-1.219223 27.754409 0.100318 0.000000
-1.213555 27.592963 0.153056 0.000000
-1.349040 29.390924 0.035449 0.000000
-1.204625 27.324350 0.100236 0.000000
-1.243175 29.170841 0.040411 0.000000
-0.912972 29.656888 -0.004349 0.000000
-1.216515 28.577423 0.034247 0.000000
-0.045837 33.593630 -0.000735 0.000000
-0.660120 30.556831 -0.018266 0.000000
-0.401905 31.390611 -0.004226 0.000000
-0.390944 32.411324 -0.007117 0.000000
0.263344 34.771808 -0.008373 0.000000
-0.987189 30.384259 -0.000061 0.000000
-0.604121 30.833119 -0.013839 0.000000
-0.593551 31.823488 -0.002106 0.000000
-0.041981 33.372467 -0.014834 0.000000
-0.844084 30.174479 -0.002911 0.000000
-0.246344 32.029363 -0.003915 0.000000
-1.046646 30.048188 -0.000219 0.000000
-1.214753 29.812817 0.199453 0.000000
-0.834341 29.968855 -0.023889 0.000000
-0.620624 30.204219 -0.003008 0.000000
0.999997 28.242709 0.664009 0.000000
3.501442 35.613029 0.817181 0.000000
3.381398 35.613037 0.780352 0.000000
3.550384 35.615508 1.071260 0.000000
3.354333 35.630530 1.085944 0.000000
0.998667 24.593688 1.409924 0.000000
0.999985 24.394518 0.321698 0.000000
0.999893 24.198194 0.436661 0.000000
0.999770 23.927619 0.607230 0.000000
0.999474 23.924877 0.828373 0.000000
1.036722 22.902313 1.152812 0.000000
1.045367 22.522316 1.548071 0.000000
1.041983 22.657002 1.338238 0.000000
1.018744 23.574370 0.760338 0.000000
1.013168 23.766177 0.596201 0.000000
1.048234 21.797415 2.233925 0.000000
1.049753 21.979307 2.167657 0.000000
1.045604 22.123245 1.966062 0.000000
1.042773 22.389097 1.747162 0.000000
0.652049 21.697443 2.335998 0.000000
0.803662 21.790204 2.337462 0.000000
0.999740 24.191152 0.395132 0.000000
0.999846 23.965726 0.397385 0.000000
0.993417 24.124888 0.033573 0.000000
0.999944 23.916335 0.571233 0.000000
0.981666 24.330134 0.027679 0.000000
0.712379 24.214258 0.038582 0.000000
0.306499 24.282899 0.049758 0.000000
0.564121 24.302264 0.043146 0.000000
-1.009947 24.988511 0.186974 0.000000
1.797139 31.082466 0.016763 0.000000
3.524773 34.281461 0.017925 0.000000
-1.039676 24.392760 0.328289 0.000000
1.740642 30.694904 0.041008 0.000000
2.160128 31.659257 0.016660 0.000000
-1.225913 35.270679 0.329822 0.000000
-1.207139 29.393546 0.416513 0.000000
-1.220130 34.421695 0.696292 0.000000
-1.206771 33.658281 0.470439 0.000000
0.955161 35.375484 0.628592 0.000000
0.894504 33.124359 0.720656 0.000000
0.963246 34.577335 0.702321 0.000000
0.984734 32.498307 0.706734 0.000000
0.979990 33.683414 0.711130 0.000000
0.982799 31.993571 0.624661 0.000000
0.992321 32.859240 0.720951 0.000000
0.967158 34.295614 0.662778 0.000000
0.992133 31.343980 0.737805 0.000000
0.986418 32.307045 0.643411 0.000000
0.974565 33.415106 0.773691 0.000000
0.879172 33.967820 0.753404 0.000000
0.860511 34.978182 0.795824 0.000000
0.990577 31.191482 0.730464 0.000000
3.414485 35.621525 1.707621 0.000000
0.990928 31.553164 0.641287 0.000000
0.994427 30.716438 0.640430 0.000000
0.977886 33.275247 0.771308 0.000000
0.997922 32.138304 0.612850 0.000000
0.970670 34.080072 0.694764 0.000000
0.976506 32.739085 0.712246 0.000000
0.992185 31.610756 0.630090 0.000000
0.952684 35.150084 0.702875 0.000000
-1.324191 35.123287 0.419783 0.000000
-1.217854 34.631360 0.515398 0.000000
0.952419 35.588749 0.461003 0.000000
0.987066 31.508761 0.258700 0.000000
0.987649 32.780542 0.307295 0.000000
0.993680 30.734292 0.845051 0.000000
0.994490 30.937434 0.383564 0.000000
0.989900 31.182456 0.942520 0.000000
0.895874 33.498107 0.277443 0.000000
0.982426 32.792501 0.451171 0.000000
0.986018 31.730045 0.834474 0.000000
0.879488 34.445683 0.234830 0.000000
0.917869 33.497096 0.409331 0.000000
0.966475 34.547023 0.557383 0.000000
3.552143 35.621285 0.748101 0.000000
3.285543 34.969857 2.380757 0.000000
0.957816 35.394536 1.309407 0.000000
0.976214 33.480234 1.359100 0.000000
0.961646 34.613667 1.219909 0.000000
0.974267 32.889861 1.330994 0.000000
0.966239 33.893203 1.266706 0.000000
0.971477 33.182364 1.205426 0.000000
0.975331 34.209324 1.284544 0.000000
0.989407 32.535181 1.331500 0.000000
0.975979 33.460664 1.063814 0.000000
0.972230 35.071137 1.484683 0.000000
0.980595 32.346086 0.955549 0.000000
0.985489 31.684030 1.054170 0.000000
0.934710 31.073005 1.112851 0.000000
0.974092 33.059155 1.097797 0.000000
0.992867 31.479001 1.114512 0.000000
0.881480 33.882343 1.030931 0.000000
0.904873 32.852313 1.105967 0.000000
0.971577 31.873777 1.310014 0.000000
0.976943 34.717163 1.008450 0.000000
-1.009423 24.395771 0.596140 0.000000
-1.201910 33.425490 1.050004 0.000000
-1.025748 26.188652 0.718988 0.000000
-1.032755 25.980868 0.768171 0.000000
-1.221215 35.151642 1.221575 0.000000
0.992909 31.499650 0.831125 0.000000
0.980954 32.188796 0.834351 0.000000
0.999913 29.612673 0.870291 0.000000
0.987177 30.265687 0.920502 0.000000
3.476216 35.621625 2.131635 0.000000
0.983320 32.626978 1.080487 0.000000
0.987941 33.235833 1.121973 0.000000
0.883692 34.071191 1.177212 0.000000
0.999105 28.200271 0.843125 0.000000
0.867223 35.001579 1.217925 0.000000
3.578018 35.726066 1.883395 0.000000
3.396621 35.675540 1.862810 0.000000
-1.282492 33.382275 1.394497 0.000000
-1.229267 30.711661 1.139982 0.000000
0.978201 32.479496 1.065889 0.000000
0.988527 32.003362 1.197784 0.000000
-1.230172 29.385464 1.034875 0.000000
-1.019226 24.387901 0.776130 0.000000
-1.015584 24.596719 0.728307 0.000000
-1.032424 24.397539 0.981512 0.000000
-1.025746 24.190424 0.794777 0.000000
-1.028793 24.791345 0.792245 0.000000
-1.024671 25.592996 0.721259 0.000000
-1.031386 25.792735 0.771450 0.000000
-1.022503 25.375861 0.774362 0.000000
-1.025901 25.194029 0.774630 0.000000
-1.248874 31.702710 1.136761 0.000000
-1.269575 32.761180 1.098305 0.000000
-1.047832 27.785943 0.996809 0.000000
-1.219149 30.234176 0.911226 0.000000
-1.219311 33.656023 1.123777 0.000000
-1.048878 27.196336 0.948000 0.000000
-1.028833 24.977217 0.779644 0.000000
0.902040 33.125878 0.364906 0.000000
0.893531 33.615075 0.403672 0.000000
0.866061 35.177122 0.434113 0.000000
0.996557 31.643114 0.463410 0.000000
0.906670 32.846580 0.414500 0.000000
0.984356 34.011477 0.539514 0.000000
0.976625 33.307185 0.537164 0.000000
0.887477 33.973294 0.340543 0.000000
0.869851 34.980563 0.314319 0.000000
-1.292217 33.999382 0.489205 0.000000
-1.227462 30.692197 0.593212 0.000000
-1.290640 33.941323 0.314595 0.000000
-1.280643 33.451380 0.144093 0.000000
-1.202981 30.308275 0.242517 0.000000
-1.276506 35.710977 0.631380 0.000000
-1.285419 33.630736 0.644276 0.000000
0.998922 28.280908 0.578453 0.000000
1.017681 22.989007 0.957498 0.000000
1.030128 23.164193 0.953895 0.000000
1.015489 23.119086 0.771098 0.000000
1.024079 23.376035 0.791855 0.000000
1.022632 22.621586 1.149785 0.000000
1.023527 22.538965 1.395941 0.000000
1.006951 23.603451 0.391682 0.000000
1.008443 23.587373 0.258076 0.000000
1.008577 23.484405 0.565738 0.000000
1.008516 23.919542 0.360179 0.000000
1.008533 23.731904 0.071198 0.000000
1.011396 23.345794 0.595479 0.000000
0.287411 21.525809 2.298284 0.000000
-0.133930 21.541528 2.348768 0.000000
0.199932 21.577944 2.297352 0.000000
0.022572 21.363274 2.354308 0.000000
0.288950 21.208659 2.360417 0.000000
0.570907 21.581623 2.337466 0.000000
0.571098 21.355169 2.301296 0.000000
-0.557872 21.523798 2.345506 0.000000
-0.376227 21.589787 2.345452 0.000000
1.051135 22.100360 1.757274 0.000000
1.053010 21.955066 1.866390 0.000000
1.054877 21.795235 1.986372 0.000000
1.027116 21.966745 1.746651 0.000000
1.027000 22.039353 1.587322 0.000000
1.047428 22.351650 1.568327 0.000000
1.025063 22.363062 1.344536 0.000000
1.060659 21.332955 2.322009 0.000000
0.670499 21.528735 2.338498 0.000000
0.750725 21.386132 2.303285 0.000000
0.881519 21.416003 2.340673 0.000000
0.993717 21.355723 2.341816 0.000000
0.890871 21.160186 2.304593 0.000000
1.058370 21.517619 2.331177 0.000000
1.008277 21.088060 2.305762 0.000000
1.058733 21.542687 2.165693 0.000000
1.056505 21.709483 2.181848 0.000000
0.771694 24.178564 0.037029 0.000000
0.560311 24.105489 0.042713 0.000000
0.385618 24.184674 0.041807 0.000000
0.191299 24.115067 0.053857 0.000000
0.834251 23.987368 0.038828 0.000000
1.004324 23.959187 0.098206 0.000000
0.756448 23.962832 0.039819 0.000000
-0.004244 24.194385 0.065745 0.000000
0.599952 23.895028 0.035735 0.000000
-0.200243 24.149971 0.065821 0.000000
1.025085 22.701119 0.990662 0.000000
1.021543 22.902350 0.757335 0.000000
1.028450 22.491679 1.142079 0.000000
1.014334 23.289148 0.395643 0.000000
1.017619 23.120232 0.514838 0.000000
-0.152149 21.358534 2.352702 0.000000
-0.327289 21.359818 2.351084 0.000000
1.037597 21.522285 1.836621 0.000000
1.027876 21.254533 2.173149 0.000000
1.034917 21.925069 1.548889 0.000000
1.027824 21.771589 1.787530 0.000000
1.009798 23.574966 0.188677 0.000000
0.382320 23.945050 0.042774 0.000000
0.993539 23.756363 0.025993 0.000000
1.039408 20.980903 2.222339 0.000000
1.038938 21.181229 2.079718 0.000000
0.915548 20.837186 2.374846 0.000000
1.040001 21.202658 1.813296 0.000000
0.293870 21.067613 2.363370 0.000000
0.105426 21.045470 2.361865 0.000000
0.568274 21.181779 2.364122 0.000000
0.668528 21.129288 2.366350 0.000000
1.029028 22.482839 0.953151 0.000000
1.032861 22.142015 1.393492 0.000000
1.031490 22.281698 1.193947 0.000000
1.571896 30.418909 0.017397 0.000000
-1.200600 31.991239 0.062233 0.000000
-1.209223 32.643680 0.064871 0.000000
-1.217745 33.286532 0.044546 0.000000
-1.046860 24.391651 1.143994 0.000000
-1.062431 24.371334 1.387365 0.000000
0.892168 33.277315 0.887067 0.000000
0.944218 34.893921 0.893280 0.000000
0.954676 33.938034 0.835515 0.000000
0.958894 34.461855 0.948968 0.000000
0.985450 33.706739 0.850659 0.000000
0.955248 35.499692 0.819618 0.000000
0.958900 35.313399 0.951534 0.000000
0.979002 32.851514 0.880988 0.000000
0.965213 34.373343 0.926817 0.000000
-1.042971 27.532983 0.987927 0.000000
-1.175621 29.385157 1.002840 0.000000
-1.241897 35.449088 1.388002 0.000000
-1.203839 32.509151 1.254704 0.000000
-1.052221 24.336459 2.312398 0.000000
-1.086385 24.356555 2.144974 0.000000
-1.073523 24.339199 1.975042 0.000000
-1.065095 24.384030 1.566608 0.000000
-1.065001 24.378513 1.693765 0.000000
-1.039300 24.576100 0.992921 0.000000
-1.042557 24.768907 0.966507 0.000000
-1.050445 26.985349 0.971078 0.000000
-1.034088 26.396883 0.822892 0.000000
-1.042270 26.746461 0.983145 0.000000
-1.043695 26.596039 0.971175 0.000000
-1.060264 26.946296 1.156536 0.000000
-1.054121 27.364409 1.177134 0.000000
-1.035515 25.987649 0.975242 0.000000
-1.045682 25.755146 0.904943 0.000000
-1.218411 30.074799 0.945705 0.000000
-1.044972 26.188060 0.996244 0.000000
-1.297950 34.031898 1.956725 0.000000
-1.219377 35.723244 2.069865 0.000000
-1.233289 31.581668 1.716701 0.000000
-1.045142 35.719188 2.170431 0.000000
-1.218193 30.102604 1.274243 0.000000
-1.051003 28.174311 1.163867 0.000000
-1.057828 27.747830 1.164049 0.000000
-1.262172 32.189190 1.093761 0.000000
-1.220084 30.174300 1.118629 0.000000
-1.227660 29.395195 1.384771 0.000000
-1.261823 32.198029 1.306318 0.000000
-1.319352 35.707949 1.629454 0.000000
-1.255597 31.918312 1.481269 0.000000
-1.203351 29.960169 1.499140 0.000000
-1.216168 35.352430 1.899507 0.000000
-1.040025 24.997007 0.994359 0.000000
-1.039382 25.369197 0.999553 0.000000
-1.042165 25.597511 0.908027 0.000000
-1.033272 25.181216 0.961999 0.000000
0.859191 35.078747 1.011010 0.000000
0.969434 34.199191 0.851313 0.000000
0.982687 32.709945 0.972321 0.000000
0.851287 35.534947 1.265678 0.000000
0.895343 33.112829 0.958288 0.000000
0.958801 34.595999 1.013662 0.000000
0.993769 32.516930 0.982927 0.000000
0.971170 33.660265 1.034953 0.000000
0.998615 31.894003 0.864641 0.000000
-0.911492 35.718296 2.089440 0.000000
-1.207796 29.625826 1.403125 0.000000
-1.255098 31.831177 0.957973 0.000000
-1.245290 31.383631 1.161694 0.000000
-1.238841 31.098624 1.368797 0.000000
-1.235328 30.956530 1.592666 0.000000
-1.310932 34.601670 1.436722 0.000000
-1.291595 33.686463 1.663829 0.000000
-1.279249 33.114713 1.901795 0.000000
-1.245435 35.723848 1.823486 0.000000
-1.212755 35.711550 2.392791 0.000000
0.967827 34.342947 1.174409 0.000000
0.850777 35.586574 1.439974 0.000000
0.974376 33.610938 1.374700 0.000000
-1.201589 29.488080 1.108861 0.000000
-1.058903 27.171780 1.189458 0.000000
-1.047583 27.390357 0.960330 0.000000
-1.056888 27.599860 1.164428 0.000000
-1.053788 27.935117 1.159506 0.000000
-1.212857 29.800330 0.842768 0.000000
-1.209393 29.657161 1.015431 0.000000
1.797276 31.228270 0.018301 0.000000
1.993411 31.404089 0.018100 0.000000
1.774779 30.443016 0.032181 0.000000
-1.264287 32.225311 0.553340 0.000000
-1.222967 30.263903 0.717505 0.000000
-1.274748 32.742109 0.638207 0.000000
-1.287754 33.331695 0.301116 0.000000
-1.209723 29.609684 0.477119 0.000000
-1.248760 31.465016 0.457031 0.000000
-1.200153 30.050116 0.590833 0.000000
0.858305 35.016247 0.214824 0.000000
1.798915 30.948530 0.017746 0.000000
0.961684 34.184687 0.229034 0.000000
-1.236286 32.229632 0.117230 0.000000
-1.262695 32.117376 0.301848 0.000000
-1.235474 32.048745 0.571726 0.000000
-1.265699 32.320387 0.771510 0.000000
2.180322 32.208920 0.019253 0.000000
2.341996 32.379637 0.166367 0.000000
2.587197 33.627806 0.021257 0.000000
2.722065 33.522340 0.020649 0.000000
2.880974 33.479037 0.020115 0.000000
1.014953 22.859595 0.569670 0.000000
1.024599 22.754512 0.767923 0.000000
0.767179 23.765607 0.031143 0.000000
1.036678 21.740837 1.570218 0.000000
1.038395 21.451519 1.770701 0.000000
0.199709 23.862651 0.050471 0.000000
-0.012030 23.970896 0.065145 0.000000
0.571224 23.770209 0.035160 0.000000
0.346227 23.798717 0.044140 0.000000
1.017005 22.706656 0.490923 0.000000
1.020780 22.446874 0.777469 0.000000
1.033485 22.137092 1.186922 0.000000
1.023250 22.235038 0.929408 0.000000
1.024816 22.022617 0.966074 0.000000
1.025537 21.929669 1.029996 0.000000
1.009265 23.239481 0.196105 0.000000
0.879609 23.476301 0.027206 0.000000
0.784818 23.570591 0.029528 0.000000
1.011828 23.052147 0.336421 0.000000
1.012949 22.990956 0.288856 0.000000
1.010439 23.189331 0.144859 0.000000
-0.415570 21.394607 2.324747 0.000000
-0.367212 21.176590 2.337908 0.000000
-0.762095 21.322590 2.333982 0.000000
-0.076235 21.178389 2.357312 0.000000
0.068409 20.935426 2.331441 0.000000
0.405278 20.823595 2.369380 0.000000
0.514174 20.742371 2.372093 0.000000
0.201673 20.974600 2.364280 0.000000
1.038466 21.532420 1.592837 0.000000
1.039282 21.375841 1.697579 0.000000
1.029144 21.113306 1.726499 0.000000
1.040599 21.009896 1.941971 0.000000
1.027575 21.669358 1.332400 0.000000
1.035606 21.924576 1.329913 0.000000
0.833445 20.707809 2.376271 0.000000
0.874583 20.471486 2.380960 0.000000
0.603962 20.861708 2.370814 0.000000
0.628171 20.656996 2.374918 0.000000
1.007395 20.370943 2.384175 0.000000
1.036047 20.764772 2.377586 0.000000
1.041307 20.551548 2.247564 0.000000
1.040182 20.891337 2.157977 0.000000
1.041046 20.793811 2.086087 0.000000
1.029216 20.939134 1.849728 0.000000
0.967279 23.391534 0.025594 0.000000
0.506630 23.465043 0.036912 0.000000
1.029104 20.744042 1.987659 0.000000
1.028212 20.424877 2.057278 0.000000
1.028331 21.346697 1.429197 0.000000
0.258485 20.752837 2.333823 0.000000
0.748683 20.566462 2.377885 0.000000
0.914119 20.345362 2.339497 0.000000
1.022508 22.268156 0.796659 0.000000
1.018531 22.596177 0.568478 0.000000
1.027923 21.482373 1.336486 0.000000
-0.488043 35.350088 0.004284 0.000000
-1.216968 34.901178 0.332194 0.000000
-0.933540 34.260533 0.006133 0.000000
-0.691744 35.059852 0.004725 0.000000
-1.201074 34.764314 1.053524 0.000000
-1.203092 35.009667 0.678813 0.000000
-0.464734 35.597474 0.003930 0.000000
0.972013 34.613703 0.464841 0.000000
0.980654 33.617278 0.377864 0.000000
0.993752 32.952632 0.312098 0.000000
0.998236 32.250426 0.340629 0.000000
-1.057883 24.599064 1.343401 0.000000
-1.053843 24.550321 1.160523 0.000000
0.916371 32.146239 1.307526 0.000000
0.975169 32.790122 1.787238 0.000000
0.926238 31.574855 1.202600 0.000000
0.912783 32.261572 1.617694 0.000000
0.990797 31.074914 1.360500 0.000000
3.271004 35.619404 1.584971 0.000000
-0.484756 33.240946 2.291341 0.000000
-0.623928 34.442122 2.332327 0.000000
-0.683573 32.546304 2.293253 0.000000
-0.717881 31.012254 2.316442 0.000000
-0.444916 34.817390 2.345854 0.000000
-0.614993 32.997481 2.330906 0.000000
-0.781878 31.397476 2.343231 0.000000
-0.492315 35.494044 2.309676 0.000000
-0.753604 30.924567 2.316847 0.000000
-0.577050 31.649308 2.314197 0.000000
-0.225699 33.566563 2.276650 0.000000
-0.439724 31.953545 2.312506 0.000000
-0.388063 33.988236 2.345390 0.000000
-0.218149 32.173290 2.326230 0.000000
-1.012832 33.305820 2.390669 0.000000
-1.004966 29.849789 2.210604 0.000000
-1.076850 30.091319 1.546938 0.000000
-1.068582 30.613505 1.917351 0.000000
-1.070227 31.180838 2.326654 0.000000
-1.029732 30.083977 2.377415 0.000000
-1.071814 31.737094 1.813846 0.000000
-1.018670 32.715914 2.317797 0.000000
-1.010525 31.566793 2.305612 0.000000
-0.998307 30.384692 2.317973 0.000000
-1.216784 34.715443 2.262439 0.000000
-0.919600 31.640032 2.295503 0.000000
-0.832304 30.453197 2.318051 0.000000
-1.030877 35.717687 2.231162 0.000000
-0.890588 33.643258 2.354983 0.000000
-0.848189 31.925569 2.294830 0.000000
-0.957101 30.678165 2.341995 0.000000
-0.935288 35.678990 2.310082 0.000000
-0.953660 34.053389 2.318625 0.000000
-0.841743 32.254665 2.344811 0.000000
0.983261 33.278245 1.485541 0.000000
0.961161 35.008403 1.704820 0.000000
0.969984 34.077630 1.543561 0.000000
0.962164 34.879360 1.987203 0.000000
0.970277 34.024675 1.804325 0.000000
0.977099 33.286263 1.648531 0.000000
0.969692 34.067166 2.078154 0.000000
0.970827 33.218988 1.978493 0.000000
-0.002694 34.342515 2.319950 0.000000
-0.296419 32.571128 2.309888 0.000000
0.067629 34.762298 2.387722 0.000000
-0.038756 32.628438 2.399956 0.000000
0.169631 33.082687 2.305066 0.000000
0.033134 33.477283 2.304821 0.000000
0.319800 33.820722 2.384284 0.000000
0.965110 35.360779 1.479197 0.000000
-1.063832 28.125946 1.393805 0.000000
-1.061022 27.395330 1.301863 0.000000
-1.058370 27.994016 1.350631 0.000000
-1.060544 27.736539 1.331330 0.000000
-1.184483 29.392082 1.307358 0.000000
-1.209467 29.396503 1.588641 0.000000
-1.065830 30.399707 1.359847 0.000000
-1.115019 29.489173 1.416594 0.000000
-1.239361 29.369096 1.617461 0.000000
-1.219632 35.040217 1.481350 0.000000
-1.046819 32.387001 1.433384 0.000000
-1.004280 30.508744 1.416442 0.000000
-1.109722 29.490015 1.633550 0.000000
-1.057988 26.768009 1.194072 0.000000
-1.054484 26.367894 1.171770 0.000000
-1.049894 26.546667 1.149284 0.000000
-1.190101 32.388180 1.799686 0.000000
-1.062355 26.992381 1.383278 0.000000
-1.049010 30.532529 1.778992 0.000000
-1.226519 35.592253 2.225386 0.000000
-1.188100 32.190614 2.035832 0.000000
-1.154198 34.480516 2.313650 0.000000
-1.051958 26.185028 1.197412 0.000000
-1.066148 35.024299 2.276373 0.000000
-1.047236 25.185662 1.163708 0.000000
-1.052074 25.387560 1.120579 0.000000
-1.041544 24.977658 1.156892 0.000000
-1.054414 25.589476 1.052798 0.000000
-1.041564 25.799945 1.128651 0.000000
-1.052721 25.987627 1.161415 0.000000
0.953590 35.529056 1.115400 0.000000
0.988446 31.917749 0.542000 0.000000
0.968581 33.584759 0.848097 0.000000
0.972006 34.602179 0.827505 0.000000
0.984254 32.481317 0.434860 0.000000
3.572604 35.620898 0.068646 0.000000
-0.974608 24.343603 2.311706 0.000000
-1.064972 24.519871 1.798369 0.000000
-1.050536 24.797923 1.191317 0.000000
-1.062904 24.513365 1.586351 0.000000
-1.069139 30.452175 2.274227 0.000000
3.467681 35.617410 0.545344 0.000000
-0.654144 34.669827 2.312343 0.000000
-0.588837 32.883595 2.292341 0.000000
-0.786177 35.388130 2.346729 0.000000
-0.445748 35.729083 2.208718 0.000000
-0.370217 33.619534 2.290247 0.000000
0.973158 33.718251 1.701494 0.000000
0.957359 35.410453 1.678862 0.000000
0.957606 35.353754 2.054198 0.000000
0.966663 34.438672 1.513220 0.000000
0.944153 34.412002 1.961415 0.000000
0.979233 33.053429 1.561248 0.000000
0.964182 32.582339 1.488372 0.000000
-1.065524 26.942021 1.594957 0.000000
-1.064697 26.532530 1.394882 0.000000
-1.067714 26.726456 1.339238 0.000000
-1.070684 27.399018 1.559340 0.000000
-1.065233 27.563287 1.480922 0.000000
-1.058034 25.975470 1.344287 0.000000
-1.061462 26.175014 1.340621 0.000000
-1.055687 26.360339 1.344685 0.000000
-1.143855 33.585075 2.275783 0.000000
-1.104200 29.395110 1.499997 0.000000
-1.040122 30.891632 1.840881 0.000000
-1.032459 32.950485 2.324515 0.000000
-1.043560 29.803812 1.213576 0.000000
-1.094304 31.809218 1.710314 0.000000
-1.087405 31.303510 2.374796 0.000000
-0.845842 32.120921 2.331148 0.000000
-1.063461 31.711072 1.477997 0.000000
-1.217711 34.804486 2.196163 0.000000
-1.018327 33.836759 2.215002 0.000000
-0.769805 32.227575 2.294080 0.000000
-1.217114 34.791336 1.746006 0.000000
-0.931389 34.216946 2.209443 0.000000
-0.698452 32.690490 2.331035 0.000000
-1.068205 27.955026 1.608405 0.000000
-1.251912 29.390370 2.158445 0.000000
-1.126993 29.363013 2.005723 0.000000
-1.066055 28.027236 1.475248 0.000000
-1.071642 29.889259 2.065645 0.000000
-1.055875 29.676227 1.640226 0.000000
-1.061347 24.781158 1.569493 0.000000
-1.048121 24.743473 1.380330 0.000000
-1.057572 24.981034 1.394384 0.000000
-1.052612 24.583607 2.113096 0.000000
-1.017209 24.565733 2.327643 0.000000
-1.083161 24.558892 1.966125 0.000000
-1.071491 25.974312 1.597768 0.000000
-1.059625 26.160578 1.468868 0.000000
-1.069314 26.320105 1.575764 0.000000
-1.058666 25.781902 1.330257 0.000000
-1.046964 25.548654 1.376402 0.000000
-1.072982 26.531243 1.501213 0.000000
-1.172793 29.202498 2.287484 0.000000
-1.071420 27.973279 1.982806 0.000000
-1.062308 27.796997 1.515185 0.000000
-1.362044 29.270448 2.290523 0.000000
-1.064994 27.534593 1.338056 0.000000
-1.067708 28.167617 1.781419 0.000000
-1.060360 29.443762 2.285118 0.000000
-1.061777 29.531197 1.916446 0.000000
-1.067262 29.627994 2.218650 0.000000
-1.069640 26.782752 1.436709 0.000000
-1.077659 26.905569 1.785872 0.000000
-1.075574 27.125590 1.714495 0.000000
-1.069963 27.369211 1.696849 0.000000
-1.072031 27.146462 1.570671 0.000000
-1.072842 27.631956 1.800868 0.000000
-1.058354 25.180038 1.263313 0.000000
-1.061169 25.399201 1.397721 0.000000
-0.648983 26.454907 -0.014473 0.000000
-0.904366 32.590514 -0.022799 0.000000
-0.827169 26.801108 -0.022529 0.000000
-0.876481 27.774994 -0.032694 0.000000
-0.904243 28.807804 -0.006101 0.000000
-0.953560 31.141297 -0.006862 0.000000
-0.759698 26.688214 -0.020025 0.000000
-0.799941 27.322916 -0.001045 0.000000
-0.697431 28.328167 -0.004490 0.000000
-0.714516 30.018388 -0.001313 0.000000
-0.898403 29.545897 -0.002972 0.000000
-0.705086 27.043606 -0.019929 0.000000
-0.665036 27.806027 -0.010495 0.000000
-0.635897 29.372704 -0.014440 0.000000
-0.638374 26.930577 -0.017904 0.000000
-0.703981 27.417244 -0.026922 0.000000
-0.527671 28.797129 -0.006581 0.000000
-0.471182 26.664692 -0.012917 0.000000
-1.304205 29.392194 -0.000604 0.000000
-1.043132 28.011479 -0.015290 0.000000
-1.200889 30.249183 0.041526 0.000000
-1.001829 27.610491 -0.005187 0.000000
-1.191826 28.668164 -0.011117 0.000000
-1.048671 30.433438 -0.000961 0.000000
-1.235379 34.656106 -0.064699 0.000000
-0.890867 27.264472 -0.001021 0.000000
-0.805551 28.130668 -0.016371 0.000000
-0.437228 27.288224 -0.025438 0.000000
-0.289748 26.983392 -0.020126 0.000000
-0.272902 26.640826 -0.013102 0.000000
-0.479829 28.331105 -0.001626 0.000000
-0.423582 26.594916 -0.011554 0.000000
-0.508392 27.037573 -0.020418 0.000000
-0.405740 27.801017 -0.009678 0.000000
-0.577839 26.830939 -0.016073 0.000000
-0.310837 27.453730 -0.028940 0.000000
-0.218581 27.223575 -0.025038 0.000000
-0.335350 27.073982 -0.021732 0.000000
-1.035100 26.932339 -0.002967 0.000000
-0.950208 26.230382 -0.007913 0.000000
-0.825937 26.721878 -0.020644 0.000000
-0.862637 26.582338 -0.000004 0.000000
-1.028196 26.480477 -0.002571 0.000000
-1.023913 26.327428 -0.010399 0.000000
-1.006342 26.653279 -0.000121 0.000000
0.999955 24.108776 1.272064 0.000000
0.994495 30.632343 1.254868 0.000000
0.956640 34.884084 1.469939 0.000000
0.966589 35.187185 1.892253 0.000000
0.897223 34.283637 2.134172 0.000000
0.899854 34.251382 1.703329 0.000000
0.967858 33.541314 1.980521 0.000000
0.891100 33.564713 1.577143 0.000000
0.901702 32.878548 1.763851 0.000000
0.923866 32.758607 1.397454 0.000000
-1.097072 30.868819 2.297115 0.000000
-1.202968 29.856429 1.772741 0.000000
-1.229056 31.248992 2.020367 0.000000
-0.777956 30.723677 2.317318 0.000000
-1.233874 32.925089 2.300853 0.000000
-1.206109 29.491587 2.144928 0.000000
-1.070561 27.784180 1.675549 0.000000
-1.284429 34.408637 2.099534 0.000000
-1.215095 30.399016 2.219110 0.000000
-0.881206 30.199024 2.318651 0.000000
-0.106008 34.449863 2.287747 0.000000
0.092908 32.998108 2.354208 0.000000
0.148352 33.264244 2.322739 0.000000
-0.597164 31.526795 2.314602 0.000000
-0.742998 34.951781 2.328644 0.000000
-0.337849 32.299558 2.310910 0.000000
-0.244406 34.022344 2.289049 0.000000
-1.064635 25.495024 1.564976 0.000000
-1.050607 25.235471 1.586672 0.000000
-1.065306 25.786748 1.777413 0.000000
-1.067118 25.619459 1.915324 0.000000
-1.076344 25.926125 1.995678 0.000000
-1.081390 26.194719 1.891792 0.000000
-1.070361 25.168492 1.591117 0.000000
-1.067559 25.570269 1.775766 0.000000
-1.084306 26.621225 2.170459 0.000000
-1.071671 26.189133 1.687192 0.000000
-1.077727 26.852101 2.093451 0.000000
-1.083935 26.568567 2.122544 0.000000
-1.078597 26.274009 1.714390 0.000000
-1.071635 27.001611 2.320021 0.000000
-1.006753 27.282687 2.315343 0.000000
-1.071378 26.570762 1.775479 0.000000
-1.063294 25.794712 1.571070 0.000000
-1.080174 26.256815 1.871755 0.000000
-1.067599 25.185967 1.784334 0.000000
-1.069638 24.956076 1.792762 0.000000
-1.074373 24.994801 1.580480 0.000000
-1.069138 24.670856 1.694598 0.000000
-1.066598 25.372333 1.665196 0.000000
0.135157 30.919887 2.310413 0.000000
0.023861 31.718426 2.334302 0.000000
-0.036627 30.477323 2.312195 0.000000
0.189325 32.177027 2.307439 0.000000
0.140442 30.710227 2.310677 0.000000
0.231314 32.303548 2.324623 0.000000
0.555966 32.404823 2.393199 0.000000
0.321573 31.136441 2.308759 0.000000
0.948370 35.467774 1.950646 0.000000
0.334148 31.405460 2.308168 0.000000
0.958596 34.472854 1.708107 0.000000
-0.394860 30.089013 2.323520 0.000000
-0.556232 30.553899 2.340664 0.000000
-0.508624 29.630195 2.322702 0.000000
-0.591495 33.500777 2.309278 0.000000
-0.367876 30.764681 2.314227 0.000000
-0.251667 29.883639 2.314123 0.000000
-0.365623 31.192503 2.341837 0.000000
0.873562 34.405227 2.135053 0.000000
-0.270832 34.400548 2.345328 0.000000
-0.301887 32.792905 2.309307 0.000000
-0.336288 31.237176 2.313249 0.000000
-0.090742 30.135616 2.312865 0.000000
-0.142687 34.838021 2.345195 0.000000
-0.174758 32.962880 2.307894 0.000000
-0.028723 31.594390 2.310338 0.000000
-0.018597 30.319177 2.312220 0.000000
0.999587 31.223759 1.658369 0.000000
0.993491 30.616463 1.693789 0.000000
0.997143 30.302184 1.360926 0.000000
0.996315 30.416193 1.634113 0.000000
0.528510 31.602198 2.306413 0.000000
0.904797 32.802632 1.430869 0.000000
0.899262 32.911194 2.113799 0.000000
0.979022 32.383725 1.997115 0.000000
0.972035 31.988386 2.043581 0.000000
-1.049182 27.698187 2.308403 0.000000
-1.072275 28.133257 2.207210 0.000000
-1.042786 27.982103 2.303178 0.000000
-1.179019 28.365443 2.297664 0.000000
-0.985420 27.976701 2.302856 0.000000
-1.074407 27.794083 2.199956 0.000000
-1.159691 28.596729 2.293734 0.000000
-0.891510 28.008196 2.301636 0.000000
-1.069925 28.061583 1.900092 0.000000
-1.166896 28.612100 2.293599 0.000000
-0.891354 28.311131 2.295838 0.000000
-1.068246 26.742748 1.715507 0.000000
-1.008832 27.597876 2.309955 0.000000
-1.078096 26.954708 1.809400 0.000000
-1.182114 28.889869 2.290188 0.000000
-1.074822 27.108422 1.971095 0.000000
-1.075802 27.385647 1.988147 0.000000
-0.551213 29.354071 2.280268 0.000000
-0.994737 29.602402 2.284188 0.000000
-0.773965 28.845852 2.285876 0.000000
-1.035329 31.713171 2.277206 0.000000
-0.791354 29.605499 2.281058 0.000000
-0.657821 29.106698 2.282102 0.000000
-1.049524 32.058056 2.333671 0.000000
-0.903714 30.906972 2.342443 0.000000
-0.751853 29.824062 2.338728 0.000000
-0.661356 30.173275 2.339743 0.000000
-0.682167 31.489820 2.322316 0.000000
-0.444992 30.368334 2.315240 0.000000
-0.587179 29.461215 2.280346 0.000000
-0.704634 33.027437 2.311568 0.000000
-1.233701 29.491158 1.956605 0.000000
-1.252733 29.448370 2.288276 0.000000
-0.989866 28.599211 2.291668 0.000000
-0.953354 29.141320 2.284636 0.000000
-0.877218 29.396385 2.282683 0.000000
-0.692520 28.795320 2.286026 0.000000
-1.234699 30.688566 2.192722 0.000000
-0.903029 29.440695 2.282976 0.000000
-1.074040 24.630688 2.269787 0.000000
-1.072122 24.785069 2.157635 0.000000
-1.052548 24.789108 1.947299 0.000000
-1.070144 24.986508 1.985795 0.000000
-0.940053 24.574095 2.327373 0.000000
0.998570 23.989389 1.014003 0.000000
0.582692 29.601055 -0.021662 0.000000
0.091869 27.735945 -0.011915 0.000000
0.588776 29.100607 -0.017482 0.000000
0.315912 27.515110 -0.011749 0.000000
0.538202 28.614998 -0.001224 0.000000
0.065764 28.137316 -0.014571 0.000000
0.324126 27.294501 -0.010009 0.000000
0.474395 28.578352 -0.000346 0.000000
0.942093 30.109286 -0.029511 0.000000
0.332474 27.103027 -0.008433 0.000000
0.952057 29.925780 -0.026257 0.000000
0.887884 35.398633 0.571523 0.000000
0.034828 29.766956 -0.023176 0.000000
0.775041 33.587872 -0.001595 0.000000
0.904282 34.367135 0.482329 0.000000
0.421401 32.167467 -0.007471 0.000000
0.071328 28.681930 -0.000439 0.000000
0.553357 31.186456 -0.002403 0.000000
0.489260 30.341426 -0.001193 0.000000
0.790253 27.008844 -0.005437 0.000000
1.409315 29.265232 -0.013091 0.000000
0.851631 27.601705 -0.005875 0.000000
0.914694 27.595762 -0.005869 0.000000
0.872415 29.556954 -0.026657 0.000000
0.340866 26.935066 -0.006991 0.000000
0.595060 27.733093 -0.010862 0.000000
0.868749 29.119419 -0.016190 0.000000
0.561345 27.545940 -0.016160 0.000000
0.062594 30.591796 -0.006751 0.000000
0.585699 27.346599 -0.000987 0.000000
1.543153 30.340509 -0.021610 0.000000
0.906359 28.050366 -0.001513 0.000000
-1.226597 31.289524 1.423809 0.000000
-1.200076 29.914329 1.041041 0.000000
-1.266430 33.505250 1.643580 0.000000
-1.228188 31.466427 1.134409 0.000000
-1.209466 30.501780 0.824087 0.000000
-1.275002 34.106113 1.295424 0.000000
-1.247362 32.638406 0.876848 0.000000
-1.201263 29.907175 1.287825 0.000000
-0.187788 34.788954 -0.006477 0.000000
-0.179150 32.658793 -0.025371 0.000000
0.036093 31.377030 -0.007414 0.000000
-1.075121 27.452984 1.948141 0.000000
-1.267801 29.195603 2.289130 0.000000
1.010541 22.069491 0.582600 0.000000
1.010133 22.114812 0.672898 0.000000
1.011283 21.856259 0.582866 0.000000
1.009582 22.252077 0.582813 0.000000
1.010730 21.992121 0.630747 0.000000
1.010653 21.847167 0.969710 0.000000
1.009250 22.402533 0.373856 0.000000
1.010465 22.240105 0.356271 0.000000
1.009097 20.923013 1.125439 0.000000
1.010645 21.556160 1.167495 0.000000
1.010384 21.370715 1.156772 0.000000
1.026848 21.723604 1.171394 0.000000
1.009893 21.161885 1.142829 0.000000
1.023917 21.395317 1.394670 0.000000
1.009469 21.108840 1.326027 0.000000
1.008459 20.862131 1.326515 0.000000
1.028633 21.197152 1.531272 0.000000
1.008178 20.758649 1.220362 0.000000
1.011023 21.731812 0.792057 0.000000
1.010834 21.696096 0.945875 0.000000
1.010676 21.414808 0.987470 0.000000
1.010362 21.211484 0.958497 0.000000
0.906440 23.061682 0.031020 0.000000
0.775580 23.330202 0.032891 0.000000
0.545352 23.352964 0.030039 0.000000
0.392747 23.469668 0.034718 0.000000
0.794240 23.074784 0.031642 0.000000
1.006207 22.827376 0.199092 0.000000
0.185200 23.758210 0.047572 0.000000
1.006013 22.759527 0.340393 0.000000
1.008849 22.647457 0.110916 0.000000
1.009062 22.595536 0.142590 0.000000
0.976777 22.822783 0.030172 0.000000
-0.921414 21.367994 2.332839 0.000000
-0.815133 21.017632 2.316019 0.000000
-1.050857 21.357029 2.313144 0.000000
-0.563200 21.083125 2.338732 0.000000
-0.315679 20.968857 2.341630 0.000000
-0.596171 20.935215 2.341054 0.000000
-0.666058 20.969436 2.316521 0.000000
-0.666412 21.029401 2.339281 0.000000
0.839551 19.342055 2.369485 0.000000
1.001120 19.950443 2.072060 0.000000
1.035426 19.566690 2.040989 0.000000
1.021730 20.262808 2.164928 0.000000
1.025174 19.809583 2.362501 0.000000
1.035541 19.668170 2.308661 0.000000
1.014479 19.063887 2.367422 0.000000
1.027499 20.167820 2.232052 0.000000
1.035161 19.405299 2.300192 0.000000
0.884895 19.899523 2.363497 0.000000
0.998337 19.668814 2.253082 0.000000
0.694799 19.524239 2.366650 0.000000
0.830022 20.198086 2.340387 0.000000
0.660906 19.871065 2.362438 0.000000
0.792625 19.721144 2.364998 0.000000
0.702168 20.322796 2.339005 0.000000
1.003731 20.181315 1.671576 0.000000
1.007431 20.691808 1.430736 0.000000
1.006129 20.502578 1.546415 0.000000
1.008756 20.959788 1.422223 0.000000
1.004507 20.292546 1.674714 0.000000
1.028813 20.851796 1.766687 0.000000
1.007187 20.726814 1.728385 0.000000
1.005192 20.419260 1.770494 0.000000
0.635005 20.157542 2.358747 0.000000
1.022711 20.506799 1.999186 0.000000
1.004183 20.328244 1.997174 0.000000
1.001518 19.932045 1.821627 0.000000
1.003378 20.199237 1.912064 0.000000
1.035562 19.700119 2.114412 0.000000
-0.156217 20.791832 2.345215 0.000000
0.028778 20.777901 2.346411 0.000000
0.017733 20.597514 2.349061 0.000000
-0.196874 20.393290 2.350915 0.000000
-0.087035 20.500062 2.349932 0.000000
-0.284260 20.512721 2.348802 0.000000
-0.138920 20.947550 2.342832 0.000000
-0.367993 20.626689 2.346751 0.000000
-0.447825 20.734975 2.344774 0.000000
0.208016 20.133808 2.356522 0.000000
0.435511 19.849614 2.361372 0.000000
0.561171 19.692113 2.363962 0.000000
0.520728 20.275136 2.356508 0.000000
0.422263 20.141779 2.357644 0.000000
0.318657 19.995774 2.358906 0.000000
0.468764 20.549641 2.336351 0.000000
0.209253 20.382347 2.353193 0.000000
0.211092 20.592388 2.350232 0.000000
0.169097 20.103572 2.356703 0.000000
0.104462 20.262685 2.354247 0.000000
-0.245407 23.971500 0.066832 0.000000
-0.002430 23.777024 0.054689 0.000000
1.002114 20.093242 2.155520 0.000000
1.034926 19.256525 2.229897 0.000000
0.933669 19.560326 2.367671 0.000000
1.011222 21.567138 0.751854 0.000000
1.032424 21.249178 0.753744 0.000000
1.032749 21.187396 0.924534 0.000000
1.029396 21.677261 0.513564 0.000000
1.030182 21.580603 0.567860 0.000000
1.003786 20.156049 1.567525 0.000000
1.001603 19.908992 1.709619 0.000000
1.035556 19.585662 1.684258 0.000000
1.005573 20.378261 1.439634 0.000000
1.000050 19.795524 1.977971 0.000000
1.035139 19.284466 1.852652 0.000000
1.034677 19.100209 2.145970 0.000000
1.034313 20.838561 0.983657 0.000000
1.034573 20.758956 1.175308 0.000000
1.007018 20.577982 1.324565 0.000000
1.035540 20.306482 1.281269 0.000000
0.771928 22.920582 0.021721 0.000000
0.553090 23.097493 0.025831 0.000000
0.969738 22.628743 0.017541 0.000000
0.376372 23.384733 0.033253 0.000000
1.010682 22.170800 0.397432 0.000000
1.023137 22.288873 0.168217 0.000000
1.027005 21.935795 0.368034 0.000000
-1.046167 21.152981 2.314924 0.000000
-1.101983 21.524185 2.175667 0.000000
-1.100629 21.765527 1.990530 0.000000
0.316822 19.505085 2.326727 0.000000
0.327233 19.670732 2.362907 0.000000
0.197513 19.683903 2.325777 0.000000
-0.005361 19.937156 2.324194 0.000000
-0.005919 20.131232 2.355424 0.000000
1.020890 18.734017 2.330644 0.000000
0.899626 18.629445 2.330349 0.000000
0.991530 18.941957 2.264788 0.000000
0.696144 19.247000 2.328667 0.000000
0.738743 19.097790 2.371488 0.000000
0.453982 19.494670 2.365626 0.000000
0.591359 19.303460 2.368495 0.000000
-0.733652 20.647062 2.318800 0.000000
-0.866441 20.863294 2.317186 0.000000
-0.213139 20.130503 2.322749 0.000000
-0.206849 20.288307 2.321955 0.000000
-0.509711 20.278909 2.321338 0.000000
-0.588276 20.408496 2.320478 0.000000
0.196527 23.475337 0.038786 0.000000
1.008313 18.819748 2.330497 0.000000
0.098182 19.987742 2.357816 0.000000
0.993301 19.154287 2.368749 0.000000
1.067517 28.573625 -0.008185 0.000000
1.379605 29.691213 -0.034223 0.000000
1.027322 28.169848 -0.003177 0.000000
1.245615 29.138793 -0.011166 0.000000
1.039552 27.980215 -0.001263 0.000000
1.066588 29.940429 -0.007894 0.000000
1.058301 29.436925 -0.021908 0.000000
1.089617 28.615632 -0.009075 0.000000
0.824256 28.382276 -0.002700 0.000000
1.022653 27.681358 -0.007355 0.000000
0.960334 27.124782 -0.009316 0.000000
1.541432 30.011108 -0.012076 0.000000
1.335725 28.615583 -0.001308 0.000000
1.035012 27.437132 -0.019189 0.000000
-0.869952 35.095908 2.346875 0.000000
-0.760057 35.679898 2.232922 0.000000
-1.148334 29.366480 1.765120 0.000000
-1.094044 30.366348 1.745776 0.000000
-1.042887 31.872560 1.956538 0.000000
-1.072169 30.490805 1.899329 0.000000
-1.073625 34.454995 2.090867 0.000000
-1.149962 31.896387 2.061416 0.000000
-1.060174 27.158374 1.355963 0.000000
-1.178258 31.101276 1.252143 0.000000
-1.052320 30.044538 1.344485 0.000000
3.205470 34.720091 2.334775 0.000000
-0.178387 30.900942 2.324389 0.000000
-0.188545 33.236084 2.307172 0.000000
-0.212220 31.670730 2.342458 0.000000
-0.329503 30.341490 2.323863 0.000000
0.194423 33.645629 2.333661 0.000000
-0.126332 31.927827 2.342712 0.000000
0.087142 32.305975 2.390304 0.000000
0.174970 32.780605 2.343219 0.000000
-0.156068 31.110980 2.318821 0.000000
0.292134 33.095438 2.343292 0.000000
0.005534 31.547544 2.324664 0.000000
-0.497367 30.757100 2.341084 0.000000
-0.610805 30.359608 2.340217 0.000000
-0.788907 29.310488 2.281923 0.000000
-0.511501 33.803517 2.307709 0.000000
-0.494899 32.002841 2.312792 0.000000
-0.481808 31.050236 2.386974 0.000000
-0.570992 29.953157 2.316440 0.000000
-0.159976 35.162878 2.300346 0.000000
-0.368339 32.851907 2.344453 0.000000
0.357991 31.707302 2.327303 0.000000
0.377283 32.192474 2.352876 0.000000
-1.071530 26.534058 1.961918 0.000000
-1.077860 27.196359 2.172698 0.000000
-1.066572 30.249498 2.351803 0.000000
-0.957327 28.605366 2.291226 0.000000
-1.064829 31.874321 2.207377 0.000000
-1.097140 30.241497 2.179147 0.000000
-0.972344 32.447089 2.282085 0.000000
-1.066168 27.536809 1.732209 0.000000
-1.071167 28.178829 2.122054 0.000000
-1.128084 29.358348 1.979707 0.000000
-1.190898 29.176830 2.287919 0.000000
-1.072367 24.885819 2.095230 0.000000
-1.070608 25.111740 1.958409 0.000000
-0.422047 28.001120 -0.013185 0.000000
-0.540978 29.378640 -0.014776 0.000000
-0.611353 33.079876 -0.028717 0.000000
-0.418571 28.489851 -0.003454 0.000000
-0.533173 30.008135 -0.001084 0.000000
-0.691015 35.660350 -0.012860 0.000000
-0.277821 29.182312 -0.004471 0.000000
-0.425689 32.729751 -0.009662 0.000000
-1.021520 35.720430 -0.010039 0.000000
-1.062838 33.080468 -0.011851 0.000000
-0.822416 31.268368 -0.007427 0.000000
-1.073846 31.778923 0.383861 0.000000
-0.949545 33.198647 -0.000236 0.000000
-1.087268 34.529353 0.252870 0.000000
-0.782755 31.255259 -0.006615 0.000000
-0.370116 28.478389 -0.003372 0.000000
-0.239540 30.920306 -0.013938 0.000000
-0.305561 28.199149 -0.016165 0.000000
-0.285954 29.908620 -0.000002 0.000000
-0.366202 28.957616 -0.000329 0.000000
-0.245482 28.230150 -0.000661 0.000000
-0.234102 27.875700 -0.010643 0.000000
3.085126 34.686171 2.358419 0.000000
3.375640 35.051745 2.358942 0.000000
0.993672 31.999338 1.724450 0.000000
0.996382 31.651139 1.901426 0.000000
0.980712 31.200066 2.120598 0.000000
0.991890 32.196625 2.087916 0.000000
-0.482742 28.775617 2.285562 0.000000
-0.459082 28.074245 2.298847 0.000000
-0.925255 29.959395 2.319132 0.000000
-0.216179 28.368848 2.293318 0.000000
-0.790914 29.410464 2.281761 0.000000
-0.409777 28.824575 2.284797 0.000000
-0.372743 28.575040 2.288984 0.000000
-0.509692 29.093433 2.281622 0.000000
-0.641981 30.421351 2.381304 0.000000
-0.393504 29.112344 2.281398 0.000000
-0.396492 28.600781 2.288494 0.000000
-0.434002 30.969987 2.341477 0.000000
-0.593629 30.165454 2.316499 0.000000
-0.369839 29.332516 2.280181 0.000000
-0.062216 28.629148 2.289452 0.000000
-0.672763 28.261781 2.295513 0.000000
-0.763377 27.675879 2.307404 0.000000
-0.721411 28.066589 2.299607 0.000000
-0.483515 27.626652 2.307779 0.000000
-0.561571 27.994418 2.300584 0.000000
-0.912287 28.843204 2.287215 0.000000
-0.687946 28.528946 2.290457 0.000000
0.589255 31.024859 2.328020 0.000000
0.334101 29.559389 2.287561 0.000000
0.389366 30.486236 2.309238 0.000000
0.378915 29.623657 2.288550 0.000000
0.564967 31.940625 2.305388 0.000000
0.479584 30.689182 2.308375 0.000000
0.532849 29.891167 2.292938 0.000000
0.305136 30.292965 2.310004 0.000000
0.580448 30.023728 2.293639 0.000000
0.688518 30.027133 2.296870 0.000000
0.982419 33.373276 2.093941 0.000000
0.795257 30.223346 2.298965 0.000000
0.963330 32.741800 1.905211 0.000000
0.073012 29.149064 2.284414 0.000000
-0.383645 29.457486 2.280046 0.000000
-0.176568 28.836368 2.285417 0.000000
-0.374233 30.590494 2.314492 0.000000
-0.022554 29.602109 2.281971 0.000000
-0.039953 30.634584 2.294685 0.000000
-0.158381 29.958920 2.313432 0.000000
-0.033513 32.197696 2.342926 0.000000
0.101648 30.154115 2.327282 0.000000
0.126366 29.203477 2.284774 0.000000
0.112885 31.003369 2.327417 0.000000
0.041993 30.304006 2.382112 0.000000
0.085690 29.403759 2.283608 0.000000
0.396522 32.791504 2.328971 0.000000
-0.102162 29.150380 2.282541 0.000000
-0.177365 29.376983 2.280949 0.000000
0.246741 33.348208 2.355050 0.000000
0.058311 30.510751 2.311492 0.000000
-0.065356 29.409307 2.281866 0.000000
0.095119 29.609994 2.284132 0.000000
0.228067 30.918765 2.309767 0.000000
0.152800 29.930593 2.311273 0.000000
0.352218 31.380816 2.329791 0.000000
-0.589356 28.574571 2.289210 0.000000
-0.215172 31.949923 2.323466 0.000000
-0.221869 29.789352 2.313927 0.000000
-0.222443 28.802137 2.285659 0.000000
-0.297738 30.823466 2.313636 0.000000
-0.129656 32.476264 2.316662 0.000000
0.991085 31.057254 2.120070 0.000000
0.988665 30.362694 1.889786 0.000000
0.970435 32.060071 1.698958 0.000000
0.428280 31.552089 2.393441 0.000000
0.972994 33.014712 2.190961 0.000000
-0.593160 28.293482 2.294610 0.000000
0.985726 31.447094 2.013701 0.000000
-0.937361 26.997431 2.319619 0.000000
-1.080941 26.779428 1.951608 0.000000
-0.860344 26.734469 2.308468 0.000000
-0.847987 27.079437 2.318077 0.000000
-1.077433 27.235834 2.126696 0.000000
-1.077724 26.071730 2.185003 0.000000
-1.071201 26.427932 2.330332 0.000000
-1.063175 25.987878 1.791452 0.000000
-1.073464 26.346835 2.130236 0.000000
-1.080403 26.623135 2.290396 0.000000
-1.039249 26.989636 2.320079 0.000000
-0.646724 27.950583 2.301665 0.000000
-0.936832 27.226229 2.315991 0.000000
-0.851504 27.636305 2.308487 0.000000
-0.882107 27.589126 2.309485 0.000000
-0.756791 27.580881 2.309162 0.000000
3.114774 35.143161 2.359175 0.000000
-1.051722 25.552831 2.317259 0.000000
-1.070713 25.306718 1.921946 0.000000
-1.037015 25.743128 2.301734 0.000000
-1.070374 25.220153 2.297394 0.000000
-1.071043 26.136478 2.319758 0.000000
-1.087092 26.311952 2.330451 0.000000
-1.078464 25.995846 2.244947 0.000000
-1.077524 25.577801 1.975851 0.000000
-1.076017 24.994413 2.303792 0.000000
-0.936516 24.609594 2.326696 0.000000
-1.070499 25.179848 2.277436 0.000000
0.978408 33.842501 2.018470 0.000000
0.973716 32.785449 2.188604 0.000000
0.975784 34.149749 1.669603 0.000000
-0.472370 35.229187 2.331452 0.000000
-0.064440 32.259177 2.309039 0.000000
0.108832 31.265322 2.384036 0.000000
0.984834 33.087351 1.821424 0.000000
0.217632 31.935414 2.395701 0.000000
0.307016 33.547866 2.302637 0.000000
3.356771 35.609235 0.581464 0.000000
0.979990 32.161991 1.975043 0.000000
0.978094 32.492464 1.765943 0.000000
0.985327 31.613384 1.789847 0.000000
-1.217806 29.366128 1.814504 0.000000
-1.122926 30.780894 2.348693 0.000000
-1.096194 30.662168 2.018174 0.000000
-0.984494 31.369499 2.296105 0.000000
-1.065002 32.520929 2.235385 0.000000
-0.642881 32.187835 2.333855 0.000000
-0.442606 31.337326 2.326719 0.000000
-0.811492 33.479613 2.346018 0.000000
-1.068299 27.914434 1.568245 0.000000
-0.996577 26.428804 2.330538 0.000000
-1.075838 27.495991 2.125823 0.000000
-0.797045 27.230229 2.315476 0.000000
-1.080290 25.377025 2.148191 0.000000
-1.072822 25.125998 2.077674 0.000000
-1.068859 25.420537 2.079222 0.000000
-0.042317 35.149398 -0.007717 0.000000
-1.212734 34.219757 0.971579 0.000000
-1.213030 33.814116 1.176003 0.000000
-1.052979 30.954858 1.325500 0.000000
-1.201137 32.823358 1.341726 0.000000
0.464329 33.054084 -0.048366 0.000000
0.999847 23.794597 0.520287 0.000000
-1.071125 30.467887 2.181876 0.000000
-1.201060 32.672616 2.140875 0.000000
-0.415200 33.176930 2.333588 0.000000
-0.425332 33.660207 2.330487 0.000000
-0.200896 34.396945 2.329831 0.000000
-0.555136 32.226716 2.344106 0.000000
-0.262450 33.189467 2.344547 0.000000
-0.062138 33.716787 2.304734 0.000000
-1.183419 34.724555 2.397101 0.000000
-1.029138 35.406655 2.356992 0.000000
-1.003513 33.102518 2.354106 0.000000
-0.892753 31.552516 2.319664 0.000000
-0.762441 34.236694 2.355825 0.000000
0.967108 33.623973 1.504315 0.000000
0.999479 30.008918 0.390814 0.000000
0.114874 34.314011 2.344461 0.000000
3.181571 33.969472 -0.000087 0.000000
-1.204032 34.240665 1.002722 0.000000
-1.069423 30.876714 1.723558 0.000000
-1.048992 29.600258 1.422993 0.000000
-1.187647 32.724663 2.006647 0.000000
-1.003894 35.240337 2.331125 0.000000
0.520503 32.998024 -0.003726 0.000000
0.937090 34.282354 0.005841 0.000000
0.992004 32.229423 0.532622 0.000000
2.180786 31.982686 0.007609 0.000000
0.998679 23.699001 0.378349 0.000000
-0.922442 32.857030 -0.010270 0.000000
-0.464093 33.091985 -0.029219 0.000000
-1.204823 34.332107 0.470913 0.000000
-1.022531 24.189857 0.575560 0.000000
0.548768 22.835518 0.025060 0.000000
0.759471 22.754984 0.019794 0.000000
0.966242 22.407474 0.015382 0.000000
-1.068541 21.095618 2.103952 0.000000
-1.068866 21.413087 1.960560 0.000000
-1.068093 21.800785 1.666577 0.000000
0.172633 18.879261 2.373425 0.000000
0.584178 19.103751 2.328588 0.000000
0.469847 18.636895 2.328997 0.000000
0.230635 18.589660 2.367056 0.000000
0.326388 18.879526 2.328212 0.000000
0.044490 18.684234 2.376424 0.000000
0.322040 19.327187 2.327238 0.000000
0.194311 19.102380 2.327396 0.000000
0.053167 19.425600 2.367045 0.000000
0.071301 19.309396 2.326550 0.000000
-0.194251 19.140839 2.372038 0.000000
-0.042104 19.499847 2.325693 0.000000
-0.300498 19.343494 2.369970 0.000000
0.903570 18.112757 2.378719 0.000000
1.034419 18.938213 2.046185 0.000000
1.125353 18.366972 2.062450 0.000000
1.002472 17.695676 2.002319 0.000000
1.033330 18.541865 2.267763 0.000000
1.131607 17.943140 2.290376 0.000000
1.000155 17.262065 2.303639 0.000000
1.007819 18.378460 2.375344 0.000000
-0.147861 19.676997 2.324825 0.000000
0.988735 17.476711 2.384939 0.000000
0.627645 18.369590 2.329746 0.000000
0.792464 17.814670 2.382415 0.000000
0.735018 18.877030 2.329485 0.000000
0.628259 18.574010 2.367148 0.000000
0.489680 18.016179 2.381752 0.000000
-0.801715 20.758081 2.317981 0.000000
-0.662969 20.531254 2.319629 0.000000
-0.809882 20.308136 2.358980 0.000000
-0.944424 20.560260 2.355793 0.000000
-0.737013 20.171062 2.360659 0.000000
-1.119037 20.596241 2.356491 0.000000
-1.114362 20.940389 2.322534 0.000000
-1.066543 20.787758 2.352823 0.000000
-1.108944 21.287249 2.160354 0.000000
-0.399407 19.531774 2.367976 0.000000
-0.275767 19.645251 2.365726 0.000000
-0.491828 19.707360 2.366051 0.000000
-0.246857 19.842350 2.323951 0.000000
-0.427473 20.142714 2.322201 0.000000
-0.780656 19.917162 2.364767 0.000000
-0.697558 20.359771 2.357424 0.000000
1.035285 19.429072 1.953501 0.000000
1.010845 18.571822 2.054144 0.000000
1.034935 19.234066 2.105528 0.000000
1.008586 18.157338 2.272011 0.000000
0.764918 18.769840 2.329737 0.000000
1.035734 19.854035 1.534246 0.000000
1.035885 19.841999 1.261651 0.000000
1.035725 19.763645 1.519496 0.000000
1.014903 19.530381 1.550119 0.000000
1.099059 19.073358 1.614704 0.000000
1.119641 18.738970 1.862735 0.000000
0.594316 18.915404 2.328966 0.000000
0.293821 19.055097 2.370667 0.000000
1.035858 20.076368 1.145025 0.000000
1.026879 21.997082 0.177450 0.000000
1.029856 21.658490 0.350900 0.000000
1.026150 22.071301 0.139082 0.000000
1.034501 20.818677 0.774463 0.000000
1.034549 20.771776 0.976858 0.000000
1.035232 20.500695 1.172669 0.000000
1.035682 20.288951 1.039111 0.000000
1.032026 21.347309 0.508668 0.000000
1.032768 21.190737 0.750183 0.000000
-0.810707 27.863131 -0.011982 0.000000
-1.040493 27.385458 -0.004335 0.000000
-1.008754 29.144241 -0.020259 0.000000
-0.861212 27.408252 -0.002325 0.000000
-0.888781 28.458540 -0.002621 0.000000
-0.909736 27.008483 -0.027066 0.000000
-1.057968 27.063994 -0.020712 0.000000
1.129304 18.047014 1.870598 0.000000
-1.002545 31.569543 -0.015379 0.000000
-0.640304 29.096552 -0.005873 0.000000
-1.038257 32.875970 -0.010348 0.000000
-0.730664 28.449407 -0.000803 0.000000
-0.824012 30.924067 -0.016593 0.000000
-0.599989 29.898490 -0.000022 0.000000
-0.451180 29.186723 -0.005664 0.000000
-0.238251 27.659653 -0.038827 0.000000
-0.621025 29.601136 -0.018423 0.000000
-1.086866 34.366090 0.219981 0.000000
-0.558598 27.561641 -0.029996 0.000000
-0.564684 28.907555 -0.002921 0.000000
-0.765501 32.060543 -0.017151 0.000000
-0.447791 27.792336 -0.009625 0.000000
-0.773390 33.686470 -0.007258 0.000000
-1.044538 27.502815 -0.002815 0.000000
-1.056373 27.829985 -0.026063 0.000000
1.012597 18.934537 1.863440 0.000000
0.885795 18.342262 2.380962 0.000000
1.035717 20.108390 1.368529 0.000000
1.014722 21.061075 0.597432 0.000000
1.013320 21.243414 0.359144 0.000000
1.014099 20.866072 0.535212 0.000000
1.014218 20.721327 0.602573 0.000000
1.011694 21.646398 0.169984 0.000000
1.013095 21.499188 0.378715 0.000000
1.012986 19.780593 1.038916 0.000000
1.035731 19.578032 1.392843 0.000000
1.011883 19.097843 1.571250 0.000000
1.035353 19.280456 1.540582 0.000000
1.009682 18.938078 1.428571 0.000000
1.106514 18.440400 1.602128 0.000000
1.035384 20.481518 0.943042 0.000000
1.015258 20.303479 0.973919 0.000000
1.013557 20.005312 0.934846 0.000000
1.014590 19.895831 1.176041 0.000000
0.155393 23.363630 0.045984 0.000000
0.364714 23.174703 0.030465 0.000000
0.769786 22.420471 0.021418 0.000000
0.871673 22.227400 0.020377 0.000000
-0.378950 35.546537 0.003997 0.000000
-1.216305 34.325417 1.475345 0.000000
-1.030010 29.516053 1.002011 0.000000
-1.202948 33.447889 0.721389 0.000000
-1.111430 29.488610 1.294887 0.000000
-1.054978 30.426683 1.287554 0.000000
-1.217683 34.552716 1.236111 0.000000
0.998793 23.687152 0.843050 0.000000
0.999974 23.790504 0.613402 0.000000
2.181575 32.193793 0.163430 0.000000
0.980878 34.075661 1.286756 0.000000
2.829128 34.305248 0.056039 0.000000
-1.056465 35.624983 2.401962 0.000000
-0.900631 33.980620 2.394707 0.000000
-0.999031 32.650823 2.290656 0.000000
-0.993774 31.018358 2.236333 0.000000
-0.715175 35.667345 2.583120 0.000000
-1.072158 27.938597 2.037888 0.000000
-1.383049 28.949069 2.292895 0.000000
-0.752561 33.314900 2.345753 0.000000
-1.061163 29.601095 1.879518 0.000000
-1.160549 29.491562 2.150384 0.000000
0.042244 35.086544 2.404598 0.000000
-0.637193 31.936705 2.343858 0.000000
-0.460642 34.506874 2.284999 0.000000
-0.465620 32.531527 2.344305 0.000000
-0.245671 35.411804 2.404766 0.000000
-1.078870 25.692540 2.173261 0.000000
-1.084639 25.952855 2.025493 0.000000
3.291041 35.622438 2.227896 0.000000
0.965220 35.594496 2.193536 0.000000
0.980720 33.671306 2.138498 0.000000
0.987618 32.876016 1.904219 0.000000
0.955192 33.416546 1.702207 0.000000
0.428364 35.233152 2.460384 0.000000
0.066675 32.481535 2.343096 0.000000
-0.006075 31.693517 2.328677 0.000000
0.182701 33.922889 2.302291 0.000000
0.379619 32.845450 2.304275 0.000000
0.500379 32.103650 2.327082 0.000000
-1.079780 32.543546 0.598135 0.000000
3.365670 34.879082 0.051642 0.000000
1.952024 31.341989 0.147146 0.000000
-0.108658 35.589770 2.399562 0.000000
-1.064888 30.987646 1.412085 0.000000
-0.903037 34.856738 2.346898 0.000000
-0.588977 34.096158 2.286300 0.000000
-1.186407 32.747529 1.654731 0.000000
-0.320088 34.940820 2.283603 0.000000
3.341840 35.620403 0.346044 0.000000
0.948465 35.508057 0.347107 0.000000
0.973553 33.003088 0.435233 0.000000
-1.094975 30.012883 1.909164 0.000000
-1.067201 31.440132 2.054138 0.000000
3.246556 35.250464 2.412564 0.000000
2.380129 32.619113 2.336678 0.000000
1.768811 31.149337 2.386556 0.000000
2.483610 32.999906 2.399435 0.000000
2.704408 33.346090 2.413017 0.000000
3.027922 33.739200 2.405286 0.000000
0.681552 29.414550 2.293852 0.000000
0.408511 28.603634 2.295221 0.000000
0.615540 29.725012 2.293323 0.000000
0.793138 28.802132 2.299185 0.000000
0.784079 29.105639 2.296772 0.000000
0.632098 33.806128 2.401137 0.000000
0.232508 30.785116 2.386781 0.000000
0.858603 34.401777 2.405238 0.000000
0.421572 31.364232 2.307643 0.000000
0.226429 30.107588 2.310681 0.000000
0.938120 33.326989 2.400170 0.000000
0.989251 30.964033 2.086752 0.000000
0.995666 30.269615 1.779647 0.000000
0.417717 30.501377 2.329823 0.000000
0.989266 31.314959 1.429683 0.000000
0.989883 31.127123 1.628216 0.000000
-0.929379 24.997702 2.314306 0.000000
-0.931194 25.146588 2.324245 0.000000
-0.996616 26.145107 2.319409 0.000000
-0.931465 26.327218 2.333162 0.000000
-0.728154 26.865098 2.337949 0.000000
-0.773135 27.073130 2.317990 0.000000
-0.960674 25.753355 2.301865 0.000000
-0.951038 25.940736 2.303759 0.000000
-0.974070 25.567561 2.317159 0.000000
-0.852964 25.214703 2.322709 0.000000
-0.710381 26.177077 2.318391 0.000000
-0.778890 26.344327 2.333410 0.000000
0.368574 29.800857 2.288222 0.000000
0.437200 29.249030 2.289544 0.000000
0.576162 30.901863 2.307408 0.000000
0.596618 29.409384 2.292196 0.000000
0.281706 29.150183 2.287392 0.000000
0.644123 29.816011 2.294392 0.000000
0.217247 28.253080 2.298596 0.000000
-0.172837 28.508405 2.290866 0.000000
0.006537 28.102349 2.299707 0.000000
0.022228 28.639948 2.289996 0.000000
0.016276 28.389718 2.294314 0.000000
0.207804 28.932327 2.288159 0.000000
0.379177 28.545695 2.295654 0.000000
1.977434 31.594614 2.292235 0.000000
2.493258 33.299840 2.400858 0.000000
2.766212 33.677849 2.403809 0.000000
3.060649 34.076802 2.406887 0.000000
1.032734 28.272018 1.543457 0.000000
-0.446805 26.938034 2.334902 0.000000
-0.789979 26.693697 2.308798 0.000000
-0.520881 26.765295 2.307488 0.000000
-0.419313 27.058785 2.317836 0.000000
-0.633254 26.429666 2.332091 0.000000
-0.597482 27.274007 2.314326 0.000000
-0.326748 27.730165 2.305825 0.000000
-0.191906 27.548866 2.309531 0.000000
-0.309632 27.934381 2.301790 0.000000
-0.034424 27.747184 2.306330 0.000000
-0.216880 28.041397 2.299852 0.000000
-0.149278 28.090906 2.299107 0.000000
-0.179220 27.989983 2.301008 0.000000
-0.169867 28.372396 2.293452 0.000000
0.044532 27.993027 2.302054 0.000000
-0.341412 27.084482 2.317446 0.000000
-0.376273 27.200454 2.315496 0.000000
-0.569361 27.569364 2.308949 0.000000
-0.381667 27.558730 2.309071 0.000000
-0.787666 24.616995 2.326418 0.000000
-0.797728 24.877733 2.319700 0.000000
-0.779578 25.223365 2.322208 0.000000
-0.757730 25.520241 2.312275 0.000000
-0.788068 24.589815 2.326943 0.000000
-0.169967 27.212760 2.315536 0.000000
-0.371743 26.936232 2.334708 0.000000
0.402370 29.127103 2.289545 0.000000
0.200831 28.623017 2.292183 0.000000
0.396887 28.005829 2.304707 0.000000
0.433092 28.552392 2.296304 0.000000
0.024812 27.750899 2.306542 0.000000
0.019964 28.559047 2.291326 0.000000
-0.739017 25.781877 2.302430 0.000000
-0.734668 25.962659 2.302752 0.000000
-0.558820 26.403183 2.333163 0.000000
-0.483633 26.374650 2.334326 0.000000
-1.223402 34.752044 0.702620 0.000000
-1.209502 33.551132 0.393176 0.000000
-0.771311 34.263031 -0.007054 0.000000
-0.457259 31.480038 -0.006553 0.000000
-1.206489 33.383873 1.046188 0.000000
0.114571 27.465003 -0.009926 0.000000
-0.188087 27.487110 -0.035654 0.000000
0.212948 29.903860 -0.026011 0.000000
-0.096087 26.647271 -0.013987 0.000000
-0.177022 27.125867 -0.023345 0.000000
0.186681 27.990774 -0.004659 0.000000
0.340026 29.164263 -0.019620 0.000000
-0.030978 26.819861 -0.017907 0.000000
0.210063 28.373244 -0.003075 0.000000
-0.028621 26.552565 -0.012239 0.000000
0.039729 27.020791 -0.027129 0.000000
0.212306 27.961308 -0.026735 0.000000
0.044450 26.807535 -0.022513 0.000000
-0.073448 30.547083 -0.006204 0.000000
0.195111 33.408284 -0.000166 0.000000
-0.000227 29.245047 -0.016663 0.000000
0.152747 31.460831 -0.007888 0.000000
0.124928 30.005215 -0.001097 0.000000
-0.142609 27.939969 -0.011599 0.000000
0.001954 26.759645 -0.016818 0.000000
0.349550 26.787050 -0.005672 0.000000
0.999706 29.975646 0.293962 0.000000
0.964319 33.969963 0.554214 0.000000
0.586305 26.882290 -0.000706 0.000000
0.757996 27.523522 -0.004441 0.000000
0.520491 26.579595 -0.006998 0.000000
0.656208 27.398092 -0.002077 0.000000
0.769555 26.834988 -0.003073 0.000000
0.697718 26.794393 -0.001390 0.000000
0.711566 26.487773 -0.000115 0.000000
0.774792 28.784228 -0.004893 0.000000
1.932765 31.249160 -0.013920 0.000000
1.706445 30.205175 -0.016302 0.000000
3.298736 34.619897 -0.051871 0.000000
0.510241 27.135968 -0.002664 0.000000
-1.072624 29.847293 1.792011 0.000000
-0.073567 34.796544 2.329404 0.000000
-1.046373 31.133190 1.857730 0.000000
-1.038223 32.803355 2.082829 0.000000
-0.812926 33.335810 2.288644 0.000000
0.791729 26.264778 -0.011448 0.000000
-0.706208 33.890866 2.346049 0.000000
-1.198623 32.823717 1.789885 0.000000
0.931854 26.508445 -0.004700 0.000000
0.959846 26.320562 -0.002697 0.000000
0.934628 26.934037 -0.006884 0.000000
0.937035 26.620703 -0.006292 0.000000
-1.085066 28.481753 -0.005375 0.000000
-1.016812 29.743565 -0.006029 0.000000
-0.970637 28.617142 -0.007680 0.000000
-0.824634 32.345567 -0.005037 0.000000
-0.694638 29.506321 -0.001099 0.000000
-0.619803 27.795555 -0.010167 0.000000
0.694776 28.775493 2.297707 0.000000
0.440394 30.370756 2.333801 0.000000
0.520230 29.663534 2.291250 0.000000
0.713665 29.356391 2.294537 0.000000
0.429394 28.329346 2.299671 0.000000
0.026816 28.820613 2.287325 0.000000
0.984938 30.778148 2.058243 0.000000
0.288127 29.202249 2.287199 0.000000
0.517163 28.905264 2.293323 0.000000
3.434911 35.585925 2.350280 0.000000
0.992520 30.022282 2.078256 0.000000
0.995027 29.711957 1.934472 0.000000
2.191388 32.337544 2.313553 0.000000
0.342355 27.929515 2.305514 0.000000
-0.779800 25.172906 2.323063 0.000000
3.187190 35.691592 1.324079 0.000000
3.159424 35.689050 0.891038 0.000000
0.076070 31.877978 2.308966 0.000000
0.981960 30.975461 1.689721 0.000000
0.954808 33.535811 2.149018 0.000000
1.013957 19.658288 1.293737 0.000000
1.011598 19.652573 0.945499 0.000000
1.109370 19.288266 0.955516 0.000000
1.012184 19.531119 1.154370 0.000000
1.101396 18.859005 0.946469 0.000000
1.009306 19.096365 1.184143 0.000000
1.119095 18.662751 1.080940 0.000000
1.011103 19.252246 1.283352 0.000000
1.116158 18.901002 1.377714 0.000000
1.124700 18.307303 1.360838 0.000000
1.007844 18.581052 1.593515 0.000000
1.130628 17.880583 1.386744 0.000000
1.102438 18.784829 1.448296 0.000000
1.111281 18.009961 1.565388 0.000000
1.014158 20.394654 0.754326 0.000000
1.013502 20.637403 0.520864 0.000000
1.081260 20.307604 0.589256 0.000000
1.013421 20.474363 0.591432 0.000000
1.085571 20.031057 0.509129 0.000000
1.014244 20.564750 0.675348 0.000000
1.119604 17.216035 1.569055 0.000000
1.088612 19.824126 0.587394 0.000000
1.012866 20.103060 0.751694 0.000000
1.090849 19.666482 0.639537 0.000000
1.012340 19.889943 0.843457 0.000000
1.091790 19.598727 0.672528 0.000000
0.308334 18.646642 2.375543 0.000000
0.524820 17.229033 2.389742 0.000000
0.460724 16.824131 2.382161 0.000000
0.492578 17.824149 2.383793 0.000000
0.414371 17.631443 2.375676 0.000000
0.272730 17.230104 2.379078 0.000000
0.438156 18.530514 2.380675 0.000000
0.332689 18.303500 2.379366 0.000000
0.248076 17.947084 2.373025 0.000000
0.102970 17.595899 2.376160 0.000000
0.662497 17.699406 2.384255 0.000000
0.040275 18.234259 2.381642 0.000000
-0.049184 17.923231 2.373423 0.000000
-0.092063 18.507734 2.379217 0.000000
-0.095695 18.364811 2.369393 0.000000
-0.079653 18.921869 2.374187 0.000000
-0.167883 18.733739 2.365821 0.000000
1.127382 16.427162 2.236550 0.000000
1.034696 18.942038 1.708440 0.000000
1.109247 18.203695 1.796860 0.000000
1.133854 17.690363 1.757150 0.000000
1.144886 16.839113 1.793056 0.000000
1.033691 18.553315 1.901086 0.000000
1.112896 17.870568 1.920187 0.000000
1.121432 17.038139 1.977576 0.000000
1.153503 16.175218 2.051712 0.000000
1.032255 18.105185 2.123031 0.000000
1.117818 17.402947 2.139115 0.000000
1.077256 20.556054 0.310014 0.000000
1.189882 15.244392 2.392949 0.000000
1.133635 17.778377 2.223134 0.000000
1.123326 16.853764 2.396151 0.000000
0.915149 15.840466 2.389073 0.000000
0.852450 17.350656 2.386873 0.000000
0.801557 16.894714 2.381427 0.000000
0.673600 16.363719 2.385486 0.000000
0.301272 22.807888 0.039703 0.000000
0.550329 22.723918 0.024621 0.000000
0.440073 22.453658 0.038462 0.000000
0.891069 22.027524 0.020379 0.000000
0.782132 22.251662 0.021265 0.000000
1.064398 21.250683 0.195993 0.000000
1.067654 21.095898 0.103964 0.000000
1.012945 21.179366 0.285034 0.000000
1.069925 20.973905 0.150688 0.000000
1.013369 20.928419 0.394515 0.000000
1.073487 20.768195 0.397732 0.000000
0.728247 22.026517 0.038557 0.000000
-0.314765 18.492600 2.368333 0.000000
0.995705 21.991375 0.019476 0.000000
1.012322 21.400325 0.188093 0.000000
0.971017 21.471321 0.041076 0.000000
-0.930607 19.624013 2.385019 0.000000
-0.872818 19.872389 2.380495 0.000000
-0.855663 20.068725 2.362993 0.000000
-1.015151 20.154494 2.375214 0.000000
-1.066803 20.549048 2.143941 0.000000
-1.066505 20.378874 2.321915 0.000000
-1.067765 21.086100 1.845048 0.000000
-1.113810 20.999657 2.183097 0.000000
-0.430049 19.202841 2.372533 0.000000
-0.067149 19.289482 2.369448 0.000000
-0.326328 18.990049 2.374664 0.000000
-0.538698 18.781136 2.399357 0.000000
-0.298357 19.147791 2.393503 0.000000
-0.581102 18.829396 2.398558 0.000000
-1.068287 21.299824 1.858498 0.000000
-0.678218 19.050944 2.394894 0.000000
-0.526552 19.400269 2.370482 0.000000
-0.767866 19.255015 2.391445 0.000000
-0.578496 19.871655 2.364193 0.000000
-0.701174 19.756023 2.366604 0.000000
-0.852183 19.446434 2.388143 0.000000
-1.064294 22.546415 1.376546 0.000000
-1.068478 21.738013 1.755001 0.000000
-1.067118 22.044203 1.514283 0.000000
-0.213519 18.758148 2.376900 0.000000
-0.534492 19.196301 2.392524 0.000000
-0.616685 19.584153 2.368508 0.000000
0.875462 17.086919 2.389367 0.000000
0.773376 16.598705 2.383686 0.000000
0.964954 17.803881 2.381702 0.000000
0.672908 17.477078 2.386491 0.000000
0.560980 17.031200 2.380490 0.000000
0.347416 17.597805 2.386905 0.000000
0.328576 18.139333 2.381214 0.000000
0.198979 17.767074 2.374630 0.000000
0.180641 18.423314 2.378773 0.000000
0.045217 18.079200 2.371955 0.000000
-1.067498 20.791495 2.070924 0.000000
1.087034 19.932338 0.744815 0.000000
1.113932 17.775245 1.999574 0.000000
1.130797 17.887736 1.534011 0.000000
1.013919 19.250502 1.697312 0.000000
1.005485 18.171315 1.782741 0.000000
1.116120 17.558263 1.757018 0.000000
1.034990 19.176232 1.834714 0.000000
1.145154 16.841435 1.965587 0.000000
1.140261 17.253111 2.135689 0.000000
1.130717 16.072228 2.336138 0.000000
1.128341 16.750577 2.382381 0.000000
1.093410 19.482120 0.931057 0.000000
1.100571 18.929610 1.159231 0.000000
1.098646 19.090286 1.311787 0.000000
1.007630 18.764402 1.326342 0.000000
0.836616 21.779280 0.039502 0.000000
1.121150 17.071653 2.212902 0.000000
0.935324 18.511235 2.330582 0.000000
-0.001075 23.533252 0.053658 0.000000
-1.050891 25.934940 -0.000744 0.000000
-1.011567 26.140492 -0.003494 0.000000
-0.947300 25.994237 -0.001563 0.000000
1.026387 18.644653 2.400080 0.000000
1.035609 19.715929 1.785629 0.000000
0.186373 18.277320 2.407850 0.000000
0.437938 18.698226 2.401704 0.000000
0.304017 18.684597 2.401720 0.000000
0.050906 18.521186 2.403957 0.000000
-0.074220 18.746065 2.400283 0.000000
0.316993 18.383917 2.406391 0.000000
1.010605 19.390264 1.058110 0.000000
0.611998 17.009240 2.426504 0.000000
1.005664 17.932744 2.147763 0.000000
1.117000 17.491628 2.349400 0.000000
1.052471 16.997135 2.427198 0.000000
0.917684 16.729155 2.430634 0.000000
1.098624 17.774110 2.416508 0.000000
0.833638 17.429428 2.420974 0.000000
0.838277 17.384321 2.421609 0.000000
0.910855 18.055093 2.412167 0.000000
0.779203 17.902172 2.414185 0.000000
0.643521 17.780270 2.415753 0.000000
0.508609 17.546533 2.418919 0.000000
0.738005 18.314094 2.408062 0.000000
0.749791 18.173950 2.410167 0.000000
0.472241 18.096729 2.410910 0.000000
0.335975 17.891959 2.413750 0.000000
0.586772 18.447864 2.405803 0.000000
1.010311 18.760745 1.738102 0.000000
1.115800 17.595065 1.979452 0.000000
1.008287 18.378147 1.927417 0.000000
1.121418 17.042020 2.107414 0.000000
-0.605735 26.304883 -0.002339 0.000000
-0.754468 26.181599 -0.003230 0.000000
1.106889 18.400780 1.399517 0.000000
1.114436 17.713349 1.380767 0.000000
1.123553 16.822043 1.356656 0.000000
1.129909 16.160755 1.575611 0.000000
1.125411 16.630132 1.790753 0.000000
1.894881 11.439164 2.495576 0.000000
1.131989 15.934458 2.053846 0.000000
1.146161 14.392426 2.160111 0.000000
1.211184 14.711557 2.456628 0.000000
1.083860 13.640123 2.469427 0.000000
1.050319 16.111650 2.438892 0.000000
0.928014 15.372979 2.448171 0.000000
1.097053 19.206483 0.585302 0.000000
1.100772 18.910923 0.685425 0.000000
1.098772 19.069922 0.871906 0.000000
1.103937 18.649359 0.750401 0.000000
0.776234 14.473568 2.459153 0.000000
1.109069 18.204424 0.924266 0.000000
1.106721 18.410713 1.119979 0.000000
1.112837 17.862724 1.011686 0.000000
1.111203 18.012351 1.269720 0.000000
1.117912 17.381980 1.171113 0.000000
-0.190470 17.976218 2.411991 0.000000
-0.271490 17.410802 2.420109 0.000000
-0.152657 18.569414 2.402998 0.000000
-0.363283 18.330732 2.406525 0.000000
-0.503358 17.924136 2.412548 0.000000
-0.477017 18.591346 2.402408 0.000000
-0.637103 18.377430 2.405654 0.000000
-0.088780 18.297726 2.407252 0.000000
-0.722224 18.509113 2.403581 0.000000
-0.817982 18.764211 2.399525 0.000000
0.273099 16.899648 2.427652 0.000000
0.865676 17.049993 2.426245 0.000000
0.941687 16.469672 2.434102 0.000000
0.680543 15.950433 2.440596 0.000000
0.513972 15.183375 2.450182 0.000000
0.670252 17.403723 2.421124 0.000000
0.465146 16.452551 2.433834 0.000000
0.288941 15.791672 2.442294 0.000000
0.560993 17.806262 2.415271 0.000000
0.515240 17.342140 2.421801 0.000000
0.090835 16.326364 2.435177 0.000000
0.337534 17.706395 2.416440 0.000000
0.044183 17.393379 2.420605 0.000000
-0.083949 16.797426 2.428741 0.000000
0.047296 18.022204 2.411522 0.000000
-0.104408 17.735771 2.415583 0.000000
-0.238454 17.213211 2.422909 0.000000
0.175501 18.645989 2.402155 0.000000
0.341474 22.706081 0.039135 0.000000
0.501223 22.295578 0.038449 0.000000
0.660169 21.880854 0.039423 0.000000
0.573423 22.107781 0.038736 0.000000
0.199987 23.181807 0.043159 0.000000
1.087134 19.931451 0.339006 0.000000
1.080762 20.351809 0.181488 0.000000
1.084172 20.130719 0.271052 0.000000
1.089612 19.759392 0.380275 0.000000
1.093563 19.471910 0.495264 0.000000
0.766595 21.600952 0.040655 0.000000
0.901722 21.243867 0.042674 0.000000
-0.917697 19.113967 2.393803 0.000000
0.988025 20.984516 0.044381 0.000000
1.076041 20.640295 0.096560 0.000000
1.078647 20.482689 0.150654 0.000000
-1.068056 21.394050 1.739380 0.000000
-1.068339 21.572711 1.754147 0.000000
-1.067618 21.994389 1.591911 0.000000
-0.997924 19.323351 2.390276 0.000000
-1.063017 19.596258 2.351922 0.000000
-1.065065 20.112327 2.155056 0.000000
-1.038515 19.926198 2.379554 0.000000
-1.066984 20.706172 1.974865 0.000000
0.715587 16.932013 2.427670 0.000000
0.841117 18.525660 2.405045 0.000000
0.686418 18.763602 2.401097 0.000000
0.930725 17.870351 2.414871 0.000000
1.002775 17.950273 1.674546 0.000000
1.122529 16.928458 2.072095 0.000000
1.013201 18.757406 2.162621 0.000000
1.128865 16.271172 2.357788 0.000000
1.116027 17.589973 2.403169 0.000000
1.046085 17.037826 2.426639 0.000000
1.011605 18.263707 2.409275 0.000000
1.005492 18.386017 1.488253 0.000000
0.232459 16.070666 2.438642 0.000000
1.081339 16.659282 2.431759 0.000000
0.968344 16.149004 2.438320 0.000000
0.840371 15.552015 2.445833 0.000000
0.694940 14.836147 2.454643 0.000000
0.741168 16.612058 2.431996 0.000000
0.603094 16.101733 2.438565 0.000000
0.447395 15.497373 2.446176 0.000000
0.538978 17.023709 2.426226 0.000000
0.394303 16.584833 2.432008 0.000000
0.983577 14.064208 2.464277 0.000000
0.494725 17.720958 2.416415 0.000000
0.358934 17.389787 2.420962 0.000000
0.210209 17.010259 2.426082 0.000000
0.045116 16.569769 2.431908 0.000000
0.333704 18.011698 2.411991 0.000000
0.195089 17.722530 2.416055 0.000000
-0.122118 17.014386 2.425748 0.000000
1.118968 17.278949 1.236435 0.000000
1.116110 17.554912 1.441526 0.000000
1.124727 16.701802 1.430841 0.000000
1.121541 17.023677 1.640936 0.000000
1.131239 16.018210 1.660949 0.000000
1.118570 17.320807 1.822280 0.000000
1.127589 16.403440 1.873625 0.000000
1.290550 14.392507 2.078704 0.000000
1.124249 16.751940 2.056440 0.000000
1.134534 15.657053 2.153496 0.000000
1.147550 14.181825 2.278421 0.000000
1.110645 14.925157 2.453912 0.000000
-1.004889 19.791707 2.382016 0.000000
-1.065510 20.225252 2.138558 0.000000
-0.240234 18.048181 2.410883 0.000000
-0.404973 17.764494 2.414946 0.000000
-0.213729 18.550307 2.403243 0.000000
-0.525980 18.084401 2.410154 0.000000
-0.738221 18.643543 2.401466 0.000000
-0.831412 18.888139 2.397525 0.000000
0.387163 22.589537 0.038709 0.000000
1.095175 19.348190 0.767044 0.000000
1.104761 18.579362 0.797578 0.000000
1.102616 18.758729 0.989069 0.000000
1.113799 17.773124 1.069804 0.000000
1.079907 20.394932 0.371228 0.000000
1.090273 19.711817 0.413750 0.000000
-1.067829 20.967218 1.985196 0.000000
-0.125526 31.324579 2.311568 0.000000
-0.164292 26.717862 2.308459 0.000000
-0.187805 26.371411 2.344775 0.000000
-0.369192 26.694407 2.308450 0.000000
-0.342889 26.411821 2.334397 0.000000
-0.194380 26.400501 2.335843 0.000000
0.021893 26.417350 2.337394 0.000000
-0.056368 27.034756 2.318688 0.000000
-0.002598 26.998482 2.319247 0.000000
0.040848 26.739474 2.308814 0.000000
-0.266256 26.394418 2.335407 0.000000
-0.340465 26.126456 2.319766 0.000000
0.202063 27.531131 2.311464 0.000000
0.230221 27.134834 2.318101 0.000000
0.403624 27.230345 2.317506 0.000000
0.401960 27.617190 2.311330 0.000000
0.437513 28.144250 2.302797 0.000000
0.072761 26.991880 2.319572 0.000000
0.015407 27.068273 2.318353 0.000000
0.001819 27.539689 2.310327 0.000000
0.159250 27.245270 2.316040 0.000000
0.351509 26.998133 2.320695 0.000000
-0.414607 25.584347 2.312047 0.000000
-0.595418 25.799342 2.302962 0.000000
-0.570184 25.295796 2.320114 0.000000
-0.571410 26.191777 2.318110 0.000000
-0.317496 25.999191 2.301769 0.000000
-0.467078 25.961346 2.302250 0.000000
-0.397209 25.691360 2.317188 0.000000
0.405833 27.930766 2.306075 0.000000
0.555815 27.518133 2.314103 0.000000
0.715127 28.595424 2.300057 0.000000
0.603450 27.936503 2.307980 0.000000
0.608303 28.164770 2.304488 0.000000
0.610767 27.617551 2.313024 0.000000
2.545858 33.278172 2.281907 0.000000
0.204088 27.762694 2.307391 0.000000
0.079754 26.203278 -0.003388 0.000000
0.074362 26.029923 -0.000569 0.000000
0.354165 28.610206 -0.003524 0.000000
0.064951 26.512428 -0.000771 0.000000
0.135189 27.235299 -0.008149 0.000000
-1.043733 32.087828 1.489484 0.000000
-1.074185 34.113424 1.721225 0.000000
-0.038293 35.686941 -0.008548 0.000000
-1.208213 29.488970 1.303677 0.000000
-1.206939 29.490058 1.594035 0.000000
-1.044521 29.627838 1.292866 0.000000
-1.093133 30.792175 1.585598 0.000000
0.458460 33.292058 -0.003572 0.000000
0.334371 32.047612 -0.006688 0.000000
0.282238 30.344876 -0.025678 0.000000
0.554103 30.874141 -0.005743 0.000000
-0.152124 26.269352 -0.005012 0.000000
-0.002501 26.091944 -0.001515 0.000000
0.130735 33.746090 -0.003797 0.000000
-0.042702 30.773127 -0.010539 0.000000
0.183837 35.720437 -0.005822 0.000000
-0.350754 26.035784 -0.003486 0.000000
-0.222059 26.339466 -0.006416 0.000000
-0.975407 30.716093 -0.003059 0.000000
-0.879187 33.204189 -0.000180 0.000000
-0.465819 26.225932 -0.008778 0.000000
-0.500960 29.531636 -0.000177 0.000000
-1.068239 30.687331 -0.004160 0.000000
-0.888733 29.267453 -0.022017 0.000000
-1.025912 30.208281 1.961956 0.000000
-1.026518 31.698549 2.089074 0.000000
-0.214257 35.064804 2.266011 0.000000
-1.006045 34.320289 2.282286 0.000000
-0.901147 35.326782 2.263510 0.000000
0.567866 26.014341 -0.001056 0.000000
1.062572 29.682794 -0.018367 0.000000
1.976923 31.783688 -0.061071 0.000000
0.556831 26.279351 -0.004092 0.000000
0.512979 26.697220 -0.008127 0.000000
1.243077 29.415512 -0.022940 0.000000
1.625215 29.962702 2.412627 0.000000
1.111035 29.376838 2.043584 0.000000
1.200864 29.397731 2.044765 0.000000
1.539660 29.605792 2.407752 0.000000
1.228406 29.372938 1.949305 0.000000
2.182511 31.059320 2.418634 0.000000
1.780361 30.154604 2.416204 0.000000
2.220973 31.473672 2.433921 0.000000
0.600960 28.348955 2.301630 0.000000
0.818858 29.539650 2.400223 0.000000
2.449362 31.763728 2.438803 0.000000
1.098500 29.671096 2.404365 0.000000
-0.468723 25.184993 2.321625 0.000000
0.331878 27.223827 2.317213 0.000000
0.997021 23.554987 1.219388 0.000000
0.994963 23.432440 1.055312 0.000000
0.997453 23.605570 1.240763 0.000000
0.994679 23.381108 1.010946 0.000000
0.999024 23.594914 0.817916 0.000000
0.995819 23.612377 1.127921 0.000000
0.999854 23.180747 1.402161 0.000000
0.999387 23.202713 1.367731 0.000000
0.999950 23.443219 1.428005 0.000000
0.999799 23.264811 1.413158 0.000000
1.364596 29.272934 2.402128 0.000000
1.489660 29.445186 2.405394 0.000000
1.081556 31.183746 2.420915 0.000000
1.670946 30.469507 2.418607 0.000000
1.623412 29.626692 2.408795 0.000000
1.838884 30.692993 2.422516 0.000000
1.212210 29.384061 1.637573 0.000000
2.153143 30.892092 2.415802 0.000000
0.739251 29.788855 2.402482 0.000000
0.536887 30.174785 2.405185 0.000000
0.609687 30.303371 2.407281 0.000000
0.662367 30.456992 2.409460 0.000000
0.868305 30.006831 2.406182 0.000000
0.910508 30.871933 2.416141 0.000000
1.007131 30.236351 2.410034 0.000000
0.996316 23.252629 0.806121 0.000000
0.999312 23.476391 0.742704 0.000000
0.999862 23.058025 1.040174 0.000000
0.999902 23.103138 1.383393 0.000000
0.997235 22.935459 1.364128 0.000000
2.340125 32.248102 2.442491 0.000000
2.210219 31.173635 2.430828 0.000000
2.598662 32.609843 2.448160 0.000000
3.204583 34.660702 2.471761 0.000000
2.880053 32.996211 2.454177 0.000000
3.609414 35.270534 2.480430 0.000000
0.999955 23.597369 0.527433 0.000000
0.999868 23.378153 0.656253 0.000000
0.998887 23.107853 0.976679 0.000000
0.996357 22.806755 1.082045 0.000000
0.998196 22.624789 1.282878 0.000000
0.999929 22.715568 1.682476 0.000000
0.999411 22.636215 1.569642 0.000000
0.999924 22.509606 1.634625 0.000000
0.998034 22.876458 1.445565 0.000000
0.999760 22.413315 1.533774 0.000000
0.999856 22.980284 0.903115 0.000000
0.997116 22.680738 0.982111 0.000000
0.997474 22.700557 1.197496 0.000000
0.999954 23.199081 0.631291 0.000000
0.999372 22.981935 0.756048 0.000000
0.998897 22.481104 1.280375 0.000000
0.999475 22.364970 1.322654 0.000000
0.999999 22.323544 1.557180 0.000000
0.998222 22.568890 1.181980 0.000000
0.997175 23.594656 0.354898 0.000000
0.999902 23.196028 0.523105 0.000000
0.999518 23.385148 0.595864 0.000000
0.999498 23.216069 0.205160 0.000000
0.999445 21.672335 2.189401 0.000000
1.208062 33.822646 0.901157 0.000000
1.238597 35.029892 0.825551 0.000000
1.221522 33.922673 0.723091 0.000000
1.222395 34.858332 1.183267 0.000000
1.221409 34.993900 1.379194 0.000000
1.222739 33.952332 1.059330 0.000000
1.222325 35.251052 1.708591 0.000000
1.226052 34.097053 1.513551 0.000000
-0.370432 31.920414 2.420590 0.000000
-0.150873 34.411192 2.580222 0.000000
-0.251981 32.432919 2.427011 0.000000
0.046609 35.372305 2.572646 0.000000
-0.116851 33.006832 2.434059 0.000000
0.038572 33.653451 2.441855 0.000000
0.218475 34.388610 2.450558 0.000000
-0.396273 33.605972 2.562860 0.000000
-0.648341 30.664392 2.404214 0.000000
-0.886135 34.010644 2.436962 0.000000
-0.992198 32.344348 2.514077 0.000000
-0.883702 31.001835 2.484120 0.000000
-0.750366 34.867358 2.446302 0.000000
-0.736113 32.888064 2.427275 0.000000
-0.760540 31.430259 2.493148 0.000000
-0.404251 35.675017 2.465678 0.000000
-0.620134 33.556064 2.538112 0.000000
-0.617353 31.894995 2.502741 0.000000
-0.543829 34.284623 2.430745 0.000000
-0.525341 32.430771 2.424516 0.000000
-0.566691 31.043389 2.409266 0.000000
-0.390624 35.010469 2.595339 0.000000
-0.402069 33.017417 2.431578 0.000000
-0.474568 31.460014 2.414704 0.000000
-1.071253 31.304644 2.037143 0.000000
-1.013070 31.295766 2.408106 0.000000
-0.906695 33.090699 2.345917 0.000000
-0.908489 31.672451 2.519542 0.000000
-0.938633 30.799926 2.479797 0.000000
1.004600 24.117394 0.197947 0.000000
2.329031 31.811918 2.438201 0.000000
1.852686 30.477709 2.420364 0.000000
3.232597 34.099307 2.419372 0.000000
2.570691 32.144333 2.443533 0.000000
2.123496 30.731886 2.413039 0.000000
2.958665 33.712104 2.416128 0.000000
0.561109 29.728884 2.400180 0.000000
1.532855 30.034163 2.412564 0.000000
2.674253 33.172268 2.454002 0.000000
2.105996 31.499078 2.433147 0.000000
1.687150 30.250076 2.416380 0.000000
0.685060 29.958510 2.403989 0.000000
0.819137 30.200914 2.407961 0.000000
0.964179 30.456948 2.412106 0.000000
1.121099 30.727889 2.416442 0.000000
0.941738 29.741970 2.403760 0.000000
1.073698 29.954799 2.407438 0.000000
1.213261 29.392670 1.140281 0.000000
3.538568 35.597345 1.350119 0.000000
3.751817 35.574843 1.013875 0.000000
0.799912 30.760974 2.413987 0.000000
1.098558 33.072913 2.406240 0.000000
0.781775 31.398906 2.420566 0.000000
0.952326 31.787247 2.425972 0.000000
1.141661 32.211332 2.431783 0.000000
3.584047 35.599215 1.495202 0.000000
0.951317 31.090343 2.418809 0.000000
1.118518 31.448120 2.423962 0.000000
3.775796 35.599462 1.486855 0.000000
3.509534 35.591613 1.821444 0.000000
3.747742 35.596694 1.638874 0.000000
0.422320 29.912391 2.401141 0.000000
3.827428 35.587684 1.683319 0.000000
3.674001 35.594071 2.068010 0.000000
3.833235 35.593107 2.194095 0.000000
0.779936 33.263118 2.438798 0.000000
0.128296 30.588189 2.406365 0.000000
0.392400 32.212894 2.425510 0.000000
0.252583 30.895083 2.410768 0.000000
0.502270 32.717477 2.402084 0.000000
0.388674 31.224606 2.415422 0.000000
0.260068 30.082828 2.401737 0.000000
0.229947 31.758430 2.419615 0.000000
0.539943 31.633775 2.420931 0.000000
0.360622 30.405700 2.406288 0.000000
1.012195 33.873909 2.446355 0.000000
0.709662 32.055888 2.426602 0.000000
0.487717 30.711223 2.410759 0.000000
0.898775 32.518123 2.432714 0.000000
0.770024 31.152014 2.417895 0.000000
-0.162670 30.607535 2.404169 0.000000
-0.118525 30.866876 2.407382 0.000000
0.005729 31.227799 2.412270 0.000000
0.014704 30.301535 2.402187 0.000000
0.999939 23.090839 0.312299 0.000000
0.999409 22.998871 0.483827 0.000000
-0.600583 33.019674 0.009331 0.000000
-1.007273 33.567334 1.982523 0.000000
3.443395 35.598743 0.228668 0.000000
1.200453 35.134793 0.389337 0.000000
3.709773 35.594078 0.636247 0.000000
3.867788 35.572912 1.081881 0.000000
3.889102 35.593354 0.673395 0.000000
3.394512 35.578767 0.898173 0.000000
0.424177 33.760567 2.440476 0.000000
0.143859 31.619524 2.417486 0.000000
0.627043 30.859562 2.413560 0.000000
0.045136 32.561643 2.426070 0.000000
0.297839 32.046247 2.423074 0.000000
0.538061 31.579020 2.420355 0.000000
0.222173 33.128716 2.432943 0.000000
0.469656 32.513249 2.429090 0.000000
0.702517 31.962119 2.425609 0.000000
0.925242 31.464471 2.422467 0.000000
-0.110694 32.050605 2.419766 0.000000
0.666821 33.155410 2.405530 0.000000
0.884089 32.377116 2.431224 0.000000
1.093957 31.798384 2.427293 0.000000
0.656004 34.470449 2.448806 0.000000
0.879584 33.591672 2.442671 0.000000
1.085131 32.828834 2.437253 0.000000
0.923762 35.273987 2.458096 0.000000
1.125037 34.219991 2.450420 0.000000
-0.230800 30.533009 2.402779 0.000000
-0.479111 30.778870 2.403495 0.000000
-0.370545 31.164970 2.408537 0.000000
0.373071 30.326359 2.405498 0.000000
-0.248352 31.587170 2.413944 0.000000
0.495121 30.584851 2.409434 0.000000
3.491300 35.597070 1.611329 0.000000
-0.279289 33.997150 2.571337 0.000000
0.979110 34.700283 0.005088 0.000000
-0.003881 32.226803 0.012404 0.000000
-0.985392 34.960135 0.857520 0.000000
-0.995955 33.694413 0.536093 0.000000
-0.173785 35.463845 0.004107 0.000000
-0.999702 33.776568 1.197008 0.000000
-0.799101 31.359721 2.402630 0.000000
-1.064656 31.979924 2.425127 0.000000
-0.691609 31.657814 2.497870 0.000000
-0.768544 32.247366 2.532707 0.000000
-0.821283 32.925495 2.525721 0.000000
-0.483251 32.718278 2.417572 0.000000
-1.097759 33.684714 2.238634 0.000000
-0.350571 33.265989 2.423363 0.000000
-1.045308 31.557847 1.672903 0.000000
-0.902903 34.743762 2.432081 0.000000
0.724496 16.813402 2.392781 0.000000
0.799667 18.077518 2.330437 0.000000
0.186349 17.931878 2.384205 0.000000
0.999325 17.442436 1.891476 0.000000
0.994969 16.847140 2.145647 0.000000
0.949513 16.344218 2.396035 0.000000
0.999668 18.457903 1.936006 0.000000
0.996443 18.019853 2.159442 0.000000
0.991069 17.752040 2.331068 0.000000
0.454885 18.395091 2.377730 0.000000
-0.827093 32.047502 -0.016862 0.000000
-0.608985 28.882065 -0.002899 0.000000
-0.717505 32.404480 -0.006799 0.000000
-0.591859 35.719967 -0.012080 0.000000
-0.700406 28.070266 -0.015076 0.000000
-0.440371 30.600090 -0.008574 0.000000
-0.388494 33.586768 -0.001565 0.000000
-0.301501 28.698912 -0.005785 0.000000
-0.969626 31.720402 0.504939 0.000000
-0.994720 31.022971 0.305499 0.000000
-0.961132 33.496515 0.407499 0.000000
-0.003835 29.126863 -0.014105 0.000000
-0.233653 26.584005 -0.012014 0.000000
-0.106038 28.357349 -0.002294 0.000000
0.999904 22.885681 0.353127 0.000000
-1.181737 28.847025 -0.008281 0.000000
0.126071 30.336774 -0.004149 0.000000
-1.201383 29.429271 0.712199 0.000000
-0.042185 30.851264 -0.000221 0.000000
-0.210275 30.149829 -0.002372 0.000000
-0.169995 27.618001 -0.002360 0.000000
-0.198871 29.543511 -0.018655 0.000000
0.008088 34.996412 -0.007109 0.000000
-0.103206 27.288241 -0.032027 0.000000
-0.146740 28.774218 -0.006730 0.000000
0.194883 31.854314 -0.005295 0.000000
-0.199391 28.057534 -0.013667 0.000000
-0.970716 35.021545 0.855796 0.000000
-0.977370 34.647979 0.386085 0.000000
-0.999982 32.688282 0.768980 0.000000
-0.918679 35.061401 0.780257 0.000000
-0.994031 32.797940 0.889160 0.000000
-0.558612 30.805523 -0.013110 0.000000
-0.251111 29.504616 -0.017818 0.000000
-0.542755 34.611088 -0.006087 0.000000
-1.085402 33.847346 0.536271 0.000000
-2.252830 35.656750 1.981454 0.000000
-0.008104 31.092118 -0.003703 0.000000
-0.012889 29.774919 -0.000338 0.000000
-0.035821 28.856748 -0.007697 0.000000
0.175480 32.497622 -0.000570 0.000000
0.156883 29.323700 -0.017708 0.000000
-0.217435 31.852383 -0.001745 0.000000
-0.399792 29.751747 -0.021525 0.000000
-0.388786 30.313138 -0.003899 0.000000
0.198872 28.505848 -0.000165 0.000000
0.678278 27.940126 -0.004009 0.000000
-1.053585 35.423057 1.831481 0.000000
-1.056933 34.220653 2.000176 0.000000
-0.753132 35.192275 2.279245 0.000000
-0.661097 33.540514 2.319377 0.000000
0.980546 29.648842 -0.028207 0.000000
0.666168 29.152252 -0.018477 0.000000
1.061025 32.182960 -0.001958 0.000000
1.038086 30.828969 -0.009359 0.000000
-1.051022 30.035265 1.715236 0.000000
-1.069410 29.959389 1.810657 0.000000
-1.063908 29.640265 2.015175 0.000000
-1.067894 30.800367 2.061059 0.000000
-1.023836 33.017577 1.710741 0.000000
-1.062713 32.454946 1.981304 0.000000
-1.012189 29.858075 -0.034457 0.000000
-0.951063 29.105133 -0.018986 0.000000
0.312112 32.492263 2.305745 0.000000
2.499748 33.154066 2.336392 0.000000
2.744718 33.523089 2.336323 0.000000
-1.088843 35.251889 0.570230 0.000000
-1.002988 31.981037 1.504977 0.000000
-1.036537 33.502769 1.673744 0.000000
0.476966 30.797577 -0.003577 0.000000
1.031507 32.344111 -0.002439 0.000000
0.749303 29.741276 -0.023680 0.000000
0.794666 28.821606 -0.005660 0.000000
-0.247263 34.283274 -0.004510 0.000000
-0.018230 31.630038 -0.004025 0.000000
-0.105494 30.188345 -0.002742 0.000000
0.157118 30.924435 -0.000427 0.000000
0.783961 34.968034 -0.002457 0.000000
0.567757 32.209064 -0.006441 0.000000
-1.806130 33.244721 2.319157 0.000000
2.547640 32.893841 -0.019896 0.000000
1.326785 28.886238 -0.002259 0.000000
2.162951 31.212729 -0.004860 0.000000
1.116418 28.354888 -0.002444 0.000000
-0.401923 32.732509 2.321725 0.000000
-1.021063 33.526669 2.149320 0.000000
-0.706129 33.706122 2.287514 0.000000
-1.002687 30.063915 2.030713 0.000000
-1.070800 31.026113 2.186658 0.000000
-0.712762 31.660788 2.343567 0.000000
2.631113 33.650053 2.327455 0.000000
2.899288 34.106376 2.334579 0.000000
-0.497847 24.591543 2.341489 0.000000
-0.432816 24.618580 2.326611 0.000000
-2.266819 35.655811 1.502557 0.000000
-1.003453 35.512431 1.454093 0.000000
-0.818963 33.724316 2.405284 0.000000
-0.709234 34.347521 2.409537 0.000000
-1.073277 31.542718 1.480222 0.000000
-0.999685 35.709122 2.404612 0.000000
-0.583754 35.042529 2.414146 0.000000
-1.027720 35.173533 1.839030 0.000000
-1.747432 32.647321 2.317464 0.000000
-0.945884 33.059052 2.553091 0.000000
-1.502746 31.098825 0.035902 0.000000
2.468416 32.999553 2.410028 0.000000
2.326962 31.776788 2.401291 0.000000
3.354234 35.593582 1.892959 0.000000
0.906865 32.653486 2.402825 0.000000
3.498878 35.577606 0.957462 0.000000
3.668610 35.598285 1.306021 0.000000
3.556986 35.598707 0.584046 0.000000
3.624498 35.598126 0.255247 0.000000
-0.291845 31.425833 2.342165 0.000000
0.657051 34.854238 2.416322 0.000000
0.848807 33.629383 2.409170 0.000000
1.018374 32.615076 2.402893 0.000000
0.890535 35.559363 2.421203 0.000000
1.050564 34.144736 2.413038 0.000000
-0.599718 32.888118 2.547078 0.000000
-0.322217 33.424639 2.404602 0.000000
-0.171207 34.043002 2.409014 0.000000
0.105981 33.110787 2.403657 0.000000
0.002061 34.730961 2.413783 0.000000
0.268256 33.638215 2.407595 0.000000
0.201472 35.501142 2.418976 0.000000
0.450880 34.215898 2.411797 0.000000
0.998903 19.628010 1.871049 0.000000
0.995585 19.307791 2.054884 0.000000
0.999236 20.661272 1.884361 0.000000
0.998293 20.598597 2.121451 0.000000
0.997013 19.495572 2.160813 0.000000
3.380682 35.583502 0.672546 0.000000
3.787246 35.593108 0.538339 0.000000
1.240938 35.122540 1.243972 0.000000
1.225231 34.853534 1.579490 0.000000
-0.284614 33.221045 2.321287 0.000000
3.387733 35.578264 0.317096 0.000000
3.466895 35.598482 0.016924 0.000000
1.207573 34.790585 1.835317 0.000000
1.207844 34.903615 2.204396 0.000000
-0.315290 35.410508 2.345680 0.000000
-0.399798 34.799963 2.317487 0.000000
-1.047035 31.102478 1.712901 0.000000
-1.050038 30.632035 1.398210 0.000000
-0.984665 32.573227 1.026238 0.000000
-0.972835 34.508641 1.026832 0.000000
-0.977794 33.059228 1.227322 0.000000
-0.938363 35.115550 1.398752 0.000000
-0.987481 33.396150 1.583065 0.000000
-1.062468 32.105477 1.758296 0.000000
-0.964469 35.444444 1.699300 0.000000
-0.988468 33.400274 1.867941 0.000000
3.347033 35.597470 2.238137 0.000000
3.394313 35.598932 1.506400 0.000000
3.534559 35.592875 2.056460 0.000000
3.180823 34.549331 2.334600 0.000000
0.574798 34.691852 -0.005472 0.000000
0.514940 29.957965 -0.001026 0.000000
0.903224 35.509712 -0.020943 0.000000
0.679336 32.804662 -0.002327 0.000000
0.745240 31.043691 -0.010368 0.000000
-0.967388 35.291127 2.019580 0.000000
1.041875 31.211937 -0.002953 0.000000
1.000726 32.802269 -0.002104 0.000000
0.315701 28.074615 -0.005093 0.000000
0.688882 30.108642 -0.002605 0.000000
1.221479 35.357366 -0.012157 0.000000
0.307797 27.772255 -0.013688 0.000000
0.531585 29.290056 -0.021938 0.000000
1.067301 33.109193 -0.009699 0.000000
0.951132 31.212707 -0.006535 0.000000
1.215911 34.975779 0.131641 0.000000
0.542939 28.286968 -0.001206 0.000000
1.200750 33.825354 0.051266 0.000000
-0.719315 31.081003 -0.002190 0.000000
-0.887665 35.580365 -0.012741 0.000000
-0.677173 28.634457 -0.004830 0.000000
-0.957248 30.410675 -0.000103 0.000000
-0.812847 31.635815 -0.013895 0.000000
-2.207718 35.653196 0.302260 0.000000
3.788742 35.596039 1.837464 0.000000
3.950130 35.595326 1.909884 0.000000
3.572484 35.577058 1.047830 0.000000
3.380221 35.594908 2.137568 0.000000
1.212001 33.836596 1.641284 0.000000
1.228022 34.906860 1.862336 0.000000
1.228251 34.705347 2.256562 0.000000
1.213603 33.752605 2.010741 0.000000
1.201067 32.949748 1.806367 0.000000
1.202971 32.893401 2.163304 0.000000
1.422130 29.581991 -0.026347 0.000000
1.759443 30.433377 -0.042548 0.000000
3.385338 35.597386 -0.168842 0.000000
3.034392 34.122303 -0.076101 0.000000
2.741135 32.810835 -0.066501 0.000000
1.046369 31.672172 -0.005335 0.000000
1.066933 30.070870 -0.005028 0.000000
1.104210 29.030539 -0.009405 0.000000
1.002552 27.347636 -0.012171 0.000000
1.052066 27.184002 -0.009365 0.000000
1.031275 26.994987 -0.009070 0.000000
1.217412 34.398115 1.345215 0.000000
1.239925 35.706152 2.042093 0.000000
1.222510 34.306401 2.202471 0.000000
1.236163 35.690969 1.556422 0.000000
1.222235 34.514408 1.788612 0.000000
1.209244 33.451662 1.976205 0.000000
1.207456 33.534538 1.583363 0.000000
1.213089 33.260454 1.162365 0.000000
3.598707 35.595085 0.708345 0.000000
3.681349 35.575391 0.934936 0.000000
3.875824 35.574298 1.251894 0.000000
-0.996387 30.818327 2.088247 0.000000
-1.301313 29.945886 2.329442 0.000000
-0.102597 33.059619 2.307087 0.000000
-0.982991 32.570181 1.266333 0.000000
-0.978367 32.229334 0.705010 0.000000
-0.998381 31.328149 1.017360 0.000000
-0.968743 34.150631 0.763268 0.000000
-0.989296 31.260606 1.333953 0.000000
-0.964465 34.350198 1.041822 0.000000
0.212863 30.953609 -0.000617 0.000000
-0.989204 31.306869 1.485249 0.000000
-0.963963 34.221847 1.317258 0.000000
-0.976360 32.299749 1.576355 0.000000
-0.967309 33.773417 1.565365 0.000000
0.765071 31.689042 -0.007619 0.000000
0.735845 30.407289 -0.000177 0.000000
1.222875 35.553944 -0.028889 0.000000
0.957717 33.444319 -0.014370 0.000000
1.055677 33.748402 -0.019954 0.000000
0.806906 31.922189 -0.000365 0.000000
0.862587 30.587902 -0.001622 0.000000
0.313639 30.135687 -0.002461 0.000000
0.256489 29.398777 -0.018875 0.000000
0.391182 28.981809 -0.015125 0.000000
0.572715 31.504868 -0.006347 0.000000
1.064608 35.642782 -0.000244 0.000000
-2.220229 35.659581 2.128761 0.000000
1.048070 25.583767 -0.001437 0.000000
0.603595 25.935021 -0.000456 0.000000
0.827260 25.648985 -0.003386 0.000000
0.705711 25.719543 -0.003640 0.000000
1.033959 25.786280 -0.002546 0.000000
0.574064 25.941871 -0.000209 0.000000
-2.186893 35.652539 0.625415 0.000000
1.225456 34.035656 1.676755 0.000000
1.219610 33.751533 1.041261 0.000000
1.210289 33.851951 1.380858 0.000000
1.240641 35.006310 1.871260 0.000000
1.212426 33.215752 1.514959 0.000000
1.219325 34.749774 0.960964 0.000000
1.203539 33.653731 0.827655 0.000000
1.221163 34.725908 1.256853 0.000000
3.917401 35.597052 0.180740 0.000000
3.328843 35.585014 0.401857 0.000000
-0.996490 30.767461 1.832650 0.000000
-0.983571 31.620663 1.943978 0.000000
-1.180162 28.356577 1.548679 0.000000
-0.972515 32.943553 2.157360 0.000000
3.972025 35.592301 0.565213 0.000000
0.220058 26.465446 -0.001360 0.000000
0.235133 26.359991 -0.000304 0.000000
-0.238865 33.204959 -0.030984 0.000000
-0.207138 29.269858 -0.013045 0.000000
-0.064169 31.598718 -0.004009 0.000000
-0.050554 30.216189 -0.003010 0.000000
0.326483 34.214919 -0.003540 0.000000
0.378862 32.251323 -0.006823 0.000000
-0.983090 34.462800 0.740256 0.000000
-0.995942 33.342777 0.427273 0.000000
-0.745734 32.828266 -0.010166 0.000000
0.334999 31.027618 -0.001163 0.000000
-2.212741 35.653390 1.668923 0.000000
-2.223948 35.650991 1.228973 0.000000
-2.390938 35.624991 0.543554 0.000000
-0.461838 34.787751 2.345883 0.000000
-0.994402 31.592234 1.175978 0.000000
-0.957133 34.571709 1.712626 0.000000
-0.320608 35.278078 2.345675 0.000000
-0.952163 35.254252 1.307320 0.000000
-2.217608 35.550316 2.326743 0.000000
-0.998499 30.837230 1.751362 0.000000
-0.910336 32.984652 2.289689 0.000000
-0.972106 33.075291 2.004632 0.000000
-0.993719 31.455686 1.483399 0.000000
-0.590082 34.326450 2.346006 0.000000
-0.978918 32.738066 1.576526 0.000000
1.239505 35.135855 0.515308 0.000000
1.211504 34.663088 0.038535 0.000000
1.202161 33.815110 0.332942 0.000000
1.093488 32.461074 -0.053951 0.000000
-1.537097 31.421257 2.321952 0.000000
-1.391761 30.641411 -0.002303 0.000000
-0.992976 30.041116 0.852026 0.000000
-0.965910 32.000599 0.314839 0.000000
-0.984721 30.671459 0.551689 0.000000
-0.997855 29.704504 0.730830 0.000000
-0.960834 33.644084 0.354280 0.000000
-0.988226 30.401109 0.708779 0.000000
-0.947997 33.182178 0.442009 0.000000
-0.975312 31.305515 0.682015 0.000000
-0.616679 35.481204 -0.007611 0.000000
-0.914980 35.362651 0.351100 0.000000
-0.957369 32.527409 0.648020 0.000000
-0.995714 30.747495 0.890616 0.000000
-0.475056 33.335680 -0.017068 0.000000
-0.931181 34.268935 0.601950 0.000000
-0.985039 31.654522 0.999248 0.000000
-2.174505 35.656429 0.839124 0.000000
-2.165956 35.656881 1.152923 0.000000
-2.183402 35.657898 1.484334 0.000000
-0.995726 29.881327 0.588314 0.000000
-0.982822 30.829109 0.387185 0.000000
0.013263 29.949804 -0.000488 0.000000
0.218788 33.792023 -0.003964 0.000000
-0.036144 32.902359 -0.011409 0.000000
-0.948146 33.120571 0.804472 0.000000
-0.279860 34.716489 -0.006272 0.000000
0.947997 29.357109 -0.022230 0.000000
1.074897 33.232313 -0.021708 0.000000
1.201884 34.912691 -0.015975 0.000000
-2.206244 35.653858 1.007027 0.000000
-0.992872 31.074231 0.721393 0.000000
-0.969208 32.888835 1.024721 0.000000
-0.996746 30.800701 0.484644 0.000000
-0.946475 34.619575 1.062330 0.000000
-0.997775 30.756888 0.260108 0.000000
-0.982291 31.967912 0.430010 0.000000
-0.954500 33.873863 0.625664 0.000000
-0.099783 31.939202 -0.002474 0.000000
0.535235 34.449450 -0.000810 0.000000
0.034778 29.433064 -0.026966 0.000000
0.516946 31.799415 -0.010140 0.000000
-0.701956 32.610214 -0.008490 0.000000
-0.440057 30.492168 -0.009212 0.000000
1.216611 33.519993 1.289270 0.000000
1.215222 35.696251 1.308354 0.000000
1.247345 35.484537 1.666975 0.000000
1.237872 34.979059 0.844719 0.000000
1.235188 34.752769 1.170271 0.000000
1.231618 34.476772 1.437446 0.000000
1.220384 33.887840 0.451436 0.000000
1.207544 32.877826 0.408854 0.000000
1.205886 32.923727 0.665646 0.000000
1.206363 32.914997 0.935816 0.000000
1.206077 32.855968 1.210479 0.000000
3.987556 35.596943 0.316414 0.000000
-1.532895 31.356963 2.345090 0.000000
-0.999373 30.326861 2.105952 0.000000
-0.998652 30.454610 1.636566 0.000000
-1.294320 30.072101 2.341118 0.000000
-0.166093 35.398636 2.282112 0.000000
-0.957852 33.574598 2.194912 0.000000
-0.988435 31.244962 1.875498 0.000000
-0.998949 30.533928 1.415644 0.000000
-0.975514 32.242213 2.011152 0.000000
-0.994387 30.873796 1.156093 0.000000
-0.973209 32.478365 1.647474 0.000000
-0.981725 31.862591 1.210960 0.000000
-0.951888 34.090161 1.803757 0.000000
-0.960133 33.533451 1.353259 0.000000
-1.390210 29.694594 0.003923 0.000000
-2.058162 34.763865 2.349626 0.000000
-0.953404 34.013685 1.496586 0.000000
-0.962054 33.313363 1.810942 0.000000
-0.972440 32.637428 2.107088 0.000000
-0.989465 35.118229 2.197188 0.000000
-0.979454 31.985999 1.677706 0.000000
-1.065944 30.272404 1.558547 0.000000
-0.992047 31.000603 1.580833 0.000000
-0.995622 30.631222 2.117018 0.000000
-0.974263 32.433339 1.415139 0.000000
1.213812 35.695038 0.649259 0.000000
1.231998 34.631414 0.568967 0.000000
1.215359 33.554827 0.502287 0.000000
1.201454 32.672969 0.450009 0.000000
1.247851 35.603361 1.110690 0.000000
1.207216 33.011992 0.641449 0.000000
1.232759 34.493170 0.812209 0.000000
1.214783 33.467386 0.850188 0.000000
1.202862 32.602039 0.685040 0.000000
1.224616 34.070979 1.085203 0.000000
1.208072 33.021334 0.953790 0.000000
3.948417 35.593971 0.831334 0.000000
1.209928 33.019801 1.743501 0.000000
-0.147204 33.544483 2.344581 0.000000
-0.021759 33.919118 2.344554 0.000000
-0.972750 32.476938 1.883847 0.000000
-0.996354 30.591538 1.980324 0.000000
-0.986039 31.400191 2.110770 0.000000
-0.987700 31.324089 1.741751 0.000000
-0.951415 34.081823 2.084743 0.000000
1.240342 35.090891 1.191709 0.000000
1.249561 35.639842 1.620972 0.000000
1.230977 35.397005 2.342433 0.000000
1.234495 34.559708 2.122712 0.000000
1.203816 32.718751 1.167557 0.000000
1.221396 33.733049 1.917999 0.000000
1.201093 32.514457 1.378856 0.000000
-1.398205 30.630855 2.343071 0.000000
2.865692 33.476297 -0.021738 0.000000
2.956047 33.255831 -0.020913 0.000000
1.201886 32.537395 0.592655 0.000000
-0.932820 35.495880 1.004236 0.000000
-0.958882 33.621238 1.699374 0.000000
-0.993938 30.870314 0.650240 0.000000
-0.982119 31.810436 0.914054 0.000000
-0.964119 33.201147 1.287240 0.000000
-0.933969 35.469313 1.873510 0.000000
-0.978175 32.093572 0.639173 0.000000
-0.962617 33.290170 0.949018 0.000000
1.231925 34.407882 0.219659 0.000000
1.072321 34.716723 -0.007591 0.000000
1.246135 35.693190 0.243958 0.000000
1.238065 34.818446 0.502460 0.000000
1.243741 35.202396 0.814456 0.000000
1.208831 32.934228 -0.015697 0.000000
1.215214 33.345848 0.203393 0.000000
1.221488 33.755182 0.450037 0.000000
1.227522 34.153377 0.724988 0.000000
1.201252 32.477389 0.192362 0.000000
1.213762 33.278570 0.652418 0.000000
-0.619931 35.407990 2.328049 0.000000
-0.966718 33.041761 1.775171 0.000000
-0.995404 30.825332 1.529387 0.000000
-0.986133 31.583597 1.951547 0.000000
-0.990795 31.165698 1.275797 0.000000
-0.983329 31.772506 1.633344 0.000000
-0.975547 32.345601 1.366006 0.000000
-0.942727 34.834620 1.978503 0.000000
-0.855042 34.518750 2.329161 0.000000
1.246269 35.384842 1.167639 0.000000
1.216495 33.454752 0.740935 0.000000
1.228713 34.245667 1.048490 0.000000
1.242355 35.143051 1.423775 0.000000
1.239837 35.695395 0.900088 0.000000
1.214046 33.311031 0.953157 0.000000
1.226530 34.117077 1.280127 0.000000
1.240545 35.037763 1.680997 0.000000
1.201543 32.529689 0.875660 0.000000
0.065047 35.218221 2.328906 0.000000
-1.807355 33.128360 2.330102 0.000000
1.201453 32.532440 1.064439 0.000000
1.213527 33.297114 1.373385 0.000000
1.202554 32.608224 1.254889 0.000000
-1.971267 34.242965 -0.028147 0.000000
-1.006731 29.597098 -0.029459 0.000000
-0.997634 30.554719 0.348640 0.000000
-0.985305 31.521380 0.286179 0.000000
-0.346444 31.482641 -0.005245 0.000000
-0.303382 30.724459 -0.010488 0.000000
-0.967963 32.839986 0.202437 0.000000
-0.905331 31.501636 -0.012854 0.000000
-0.924178 34.685169 0.005338 0.000000
-0.652589 33.931526 -0.003370 0.000000
-0.572270 32.503230 -0.007720 0.000000
-2.226312 35.660592 2.207288 0.000000
-1.875298 33.605701 2.329617 0.000000
-2.196946 35.656132 1.222122 0.000000
-0.999958 24.440050 0.473572 0.000000
-0.999450 24.397623 0.481879 0.000000
-0.999845 24.470044 0.390539 0.000000
1.970390 30.201641 -0.035431 0.000000
1.678413 29.868665 -0.002295 0.000000
1.408673 29.111686 -0.010342 0.000000
1.985098 31.038514 -0.013244 0.000000
2.050656 30.860675 -0.047047 0.000000
1.930669 30.874183 -0.047397 0.000000
-2.569194 35.636518 2.194429 0.000000
-1.086522 34.210949 0.832804 0.000000
-1.095409 33.203519 1.884021 0.000000
-1.096521 32.237300 2.021467 0.000000
-1.218394 29.490237 1.642881 0.000000
-1.470753 30.496294 2.295917 0.000000
-1.327734 29.632986 2.298826 0.000000
-1.096386 35.226761 2.138969 0.000000
-1.069656 32.368060 2.219423 0.000000
-0.835231 34.618174 2.203503 0.000000
-0.884549 26.144494 -0.005604 0.000000
-1.046450 31.186954 -0.009161 0.000000
-2.365714 35.624772 -0.051118 0.000000
-1.048500 30.359147 -0.023363 0.000000
0.526575 34.905651 2.561224 0.000000
0.694331 35.283349 2.568224 0.000000
0.874261 35.670957 2.574160 0.000000
1.018554 35.671973 2.505499 0.000000
3.309415 35.596569 1.635403 0.000000
3.350027 35.596963 1.367544 0.000000
-0.502739 33.237206 2.554792 0.000000
-0.245655 35.465229 2.604928 0.000000
-0.093173 35.666220 2.561728 0.000000
0.058488 35.667483 2.481449 0.000000
0.360004 35.673139 2.490431 0.000000
-0.108125 34.979610 2.565306 0.000000
-0.753913 33.779097 2.568910 0.000000
-0.969136 31.406893 2.513361 0.000000
-0.983426 34.900974 2.596150 0.000000
-0.858322 35.358249 2.605907 0.000000
-0.854464 33.410328 2.560848 0.000000
-0.841769 31.952389 2.525988 0.000000
-0.643864 34.168383 2.577345 0.000000
-0.688066 32.558925 2.539732 0.000000
-0.398304 35.669698 2.423406 0.000000
-0.523021 34.578616 2.586151 0.000000
0.604356 35.667820 2.411434 0.000000
0.512943 35.674061 2.423601 0.000000
-1.029209 32.725267 2.545650 0.000000
-1.065545 30.833940 2.475888 0.000000
-1.065072 33.201063 2.051693 0.000000
-1.024433 31.154765 2.507429 0.000000
-1.067004 33.814480 2.469935 0.000000
-1.954507 33.059068 2.558985 0.000000
-1.315432 29.524291 2.467147 0.000000
-1.684249 31.653529 2.523705 0.000000
-1.444750 30.434378 2.473819 0.000000
3.388148 34.447026 0.008694 0.000000
3.194700 34.502393 0.184089 0.000000
3.047200 34.670505 0.187811 0.000000
-1.065184 30.771105 1.611504 0.000000
-1.072104 31.600224 1.766448 0.000000
-1.038921 32.786001 1.922395 0.000000
-1.061351 32.623937 1.563006 0.000000
-1.032546 34.005208 2.076898 0.000000
-2.358116 35.049958 2.576355 0.000000
-1.036528 30.419026 2.471511 0.000000
-1.066436 29.851408 1.515110 0.000000
-1.067496 32.070759 2.508511 0.000000
-0.824508 31.211825 2.488569 0.000000
-1.069768 33.081516 2.001623 0.000000
-0.910271 32.628845 2.519806 0.000000
-1.279159 29.290195 2.445733 0.000000
-1.697153 31.543557 2.499909 0.000000
-2.000669 33.053017 2.533635 0.000000
-1.070279 30.160760 2.439913 0.000000
0.091099 33.863322 2.541567 0.000000
-0.150068 33.239918 2.529541 0.000000
-0.033943 33.545464 2.535464 0.000000
-0.257885 32.947707 2.523825 0.000000
0.225736 34.195828 2.547894 0.000000
0.370602 34.542655 2.554436 0.000000
-0.982148 34.599027 2.561187 0.000000
-0.857097 35.018788 2.569223 0.000000
-0.724786 33.234617 2.531826 0.000000
-0.720434 35.456469 2.577527 0.000000
-0.537223 32.142020 2.507764 0.000000
-0.506764 33.890234 2.544586 0.000000
-0.450949 32.398982 2.512937 0.000000
-0.384144 34.239416 2.551289 0.000000
-0.357993 32.668113 2.518305 0.000000
-0.251527 34.602327 2.558193 0.000000
-2.547398 35.633245 0.413270 0.000000
-2.247474 34.368204 2.591185 0.000000
-2.421238 35.584403 2.516092 0.000000
-1.104503 34.732622 1.019025 0.000000
-2.380192 35.596936 1.886082 0.000000
-2.389364 35.590728 2.194220 0.000000
-1.047916 31.171963 1.404702 0.000000
-1.055506 34.837500 1.480023 0.000000
-1.062879 35.544187 1.771227 0.000000
-1.902689 32.659650 0.171715 0.000000
-2.547241 35.634250 1.163136 0.000000
-2.418103 35.621623 0.759592 0.000000
0.798671 25.549270 -0.000331 0.000000
0.964769 25.479915 -0.001025 0.000000
-0.401736 26.118434 -0.005839 0.000000
-0.290918 25.944297 -0.000790 0.000000
0.573657 25.695216 -0.001184 0.000000
-0.772414 25.999718 -0.001435 0.000000
-1.858553 32.253127 -0.111379 0.000000
-2.201808 34.363208 -0.144072 0.000000
-1.012457 30.845793 -0.004178 0.000000
-2.597177 35.633304 0.025723 0.000000
-2.575957 35.630437 -0.005167 0.000000
1.028863 26.676377 -0.008688 0.000000
1.025355 26.224659 -0.002775 0.000000
0.937553 26.188479 -0.000375 0.000000
1.041344 26.177615 -0.015561 0.000000
1.033378 26.454828 -0.005964 0.000000
0.693862 26.164425 -0.008493 0.000000
-1.083562 33.322995 0.560570 0.000000
-0.871810 34.425683 -0.007894 0.000000
-2.574952 35.635256 1.596695 0.000000
-2.559451 35.639042 0.219212 0.000000
1.473136 29.702984 -0.000572 0.000000
2.044356 31.170085 -0.050602 0.000000
0.373274 29.689904 -0.031251 0.000000
0.124772 33.860629 -0.001989 0.000000
0.278943 33.043261 -0.004906 0.000000
0.511444 35.667519 -0.009153 0.000000
0.569205 31.984245 -0.028584 0.000000
-0.673742 33.290225 -0.000389 0.000000
1.017030 30.688045 -0.000086 0.000000
1.069447 30.245737 -0.028408 0.000000
1.070560 32.714010 -0.037214 0.000000
0.655250 30.685265 -0.000222 0.000000
1.063547 33.876171 -0.008383 0.000000
0.940533 30.391575 -0.002050 0.000000
1.034851 31.855000 -0.000765 0.000000
-1.815980 32.163684 -0.009107 0.000000
3.583036 35.596814 -0.167265 0.000000
3.085454 34.480320 -0.168001 0.000000
3.353767 34.212029 -0.164852 0.000000
2.514722 32.593274 -0.135217 0.000000
2.578407 32.344419 -0.131466 0.000000
2.094417 30.603754 -0.022571 0.000000
-1.087310 34.538697 0.745831 0.000000
-1.089316 35.527948 0.912843 0.000000
-2.582894 35.636039 1.939446 0.000000
-1.200096 29.487472 0.980621 0.000000
-2.545058 35.634496 1.317956 0.000000
-1.682682 31.632793 2.246707 0.000000
-2.021958 33.087853 2.229537 0.000000
-2.456593 35.169293 2.202862 0.000000
-0.883165 35.539080 2.190815 0.000000
-1.046917 31.359910 1.466479 0.000000
-0.612080 35.493514 2.190318 0.000000
-2.074931 33.638141 2.222374 0.000000
-1.560646 30.748541 2.256703 0.000000
-1.772567 32.122962 2.240972 0.000000
-1.533818 30.964792 2.254054 0.000000
-1.029063 34.964093 1.764111 0.000000
-1.034456 33.731668 1.925905 0.000000
-1.025323 35.423861 2.127033 0.000000
-1.040784 32.497080 1.781190 0.000000
-0.729204 35.043699 2.197130 0.000000
-1.037787 33.296083 1.603742 0.000000
-0.277806 24.635301 2.326634 0.000000
-0.588225 24.941789 2.318228 0.000000
-1.360659 29.669804 -0.000167 0.000000
-1.137481 29.294679 -0.000796 0.000000
-1.064068 31.370192 1.676596 0.000000
-1.060190 33.028513 1.862865 0.000000
-1.864796 32.301265 2.330712 0.000000
-2.255648 33.831037 2.341415 0.000000
-2.575090 35.632593 2.214393 0.000000
-2.554104 35.635143 1.624591 0.000000
-2.686693 35.637799 0.730102 0.000000
-2.519043 35.626855 0.934987 0.000000
0.185584 30.686639 -0.001262 0.000000
0.311870 33.854725 -0.004207 0.000000
-0.768853 31.604818 -0.012779 0.000000
-1.089338 35.592777 0.374551 0.000000
-0.644281 34.451958 -0.004048 0.000000
-0.462996 33.490076 -0.001170 0.000000
0.473602 32.534535 -0.000608 0.000000
0.446322 29.570868 -0.021574 0.000000
0.932585 34.203553 -0.004682 0.000000
0.757323 30.921606 -0.001134 0.000000
1.011836 33.556286 -0.017482 0.000000
-2.739042 35.621569 0.186266 0.000000
-2.533955 34.797969 -0.018244 0.000000
-1.755601 31.259759 -0.036144 0.000000
-1.058241 33.811758 1.675895 0.000000
-1.064474 31.264979 1.219019 0.000000
-1.061501 32.676905 1.078425 0.000000
-1.831692 31.781130 2.335699 0.000000
-2.675090 35.636005 1.886821 0.000000
-2.626615 35.513975 2.334819 0.000000
-2.158814 33.509525 2.336077 0.000000
-1.808663 32.046568 2.335788 0.000000
-2.716082 35.622757 1.277895 0.000000
-2.706415 35.621169 1.499433 0.000000
2.618551 32.653325 -0.068377 0.000000
3.216490 35.123259 -0.027309 0.000000
3.638499 35.253716 -0.028046 0.000000
-1.087914 34.790472 0.867446 0.000000
-2.710274 35.637873 2.283288 0.000000
-0.374496 24.923923 2.318446 0.000000
4.179205 35.592885 0.848051 0.000000
4.069924 35.592656 0.713877 0.000000
-1.088041 34.863059 0.813349 0.000000
-1.035469 34.712746 1.617289 0.000000
-2.231412 34.216417 2.341874 0.000000
-2.652516 35.629895 1.682747 0.000000
-2.687237 35.619943 2.016413 0.000000
-2.742646 35.624537 1.048690 0.000000
0.478774 33.501574 -0.016369 0.000000
0.630815 33.170039 -0.004713 0.000000
3.248244 33.637680 0.009279 0.000000
3.381112 34.260178 0.008926 0.000000
3.194143 34.385210 0.008000 0.000000
2.702142 33.308205 0.007584 0.000000
-2.786781 35.626506 0.812924 0.000000
0.115324 35.137031 -0.007549 0.000000
2.454426 32.810544 0.007356 0.000000
2.529383 32.669422 0.000989 0.000000
4.062551 35.596449 0.038913 0.000000
-1.564087 30.885732 -0.005662 0.000000
-2.239748 33.725521 -0.013404 0.000000
-2.192985 33.331243 -0.012606 0.000000
-0.999565 24.987995 0.480155 0.000000
-0.999931 24.925330 0.367602 0.000000
-2.985277 35.624655 0.995216 0.000000
-1.825691 31.297672 0.007499 0.000000
-2.722860 35.635293 0.518488 0.000000
-1.542147 30.607724 0.023991 0.000000
2.292298 31.045725 0.021917 0.000000
-2.993276 35.613197 1.486182 0.000000
-1.088039 34.877901 0.544506 0.000000
-2.915660 35.629055 0.345584 0.000000
-1.714628 31.116796 0.013624 0.000000
-2.142331 32.971598 0.027980 0.000000
-2.927088 35.631114 0.162606 0.000000
-2.817688 35.620242 2.097658 0.000000
-2.909566 35.613384 1.621201 0.000000
-1.088349 35.025828 0.624886 0.000000
-0.181800 25.132125 2.323047 0.000000
-0.389012 25.114677 2.323155 0.000000
-2.937946 35.619032 1.319278 0.000000
-0.345479 25.242923 2.320484 0.000000
0.004328 25.293208 2.319425 0.000000
4.299226 35.592989 0.967332 0.000000
4.252400 35.591981 0.757371 0.000000
4.158801 35.591517 0.595409 0.000000
1.865957 29.996483 -0.000865 0.000000
1.742839 29.702023 -0.001165 0.000000
-0.399291 30.580273 -0.008000 0.000000
-0.039325 29.930737 -0.000272 0.000000
-0.655676 29.954199 -0.000629 0.000000
-1.055236 32.653597 -0.023140 0.000000
-0.450310 29.760403 -0.021523 0.000000
-2.758150 35.639734 -0.028904 0.000000
-2.769632 35.630738 0.266211 0.000000
-1.534471 30.758155 -0.032041 0.000000
-2.453692 35.042940 -0.061903 0.000000
-0.999937 25.199357 0.354011 0.000000
-0.999928 25.183254 0.405894 0.000000
-0.999585 25.380701 0.347036 0.000000
-0.999145 25.395742 0.500273 0.000000
-0.999459 25.138481 0.614591 0.000000
-2.907067 35.633662 -0.002392 0.000000
1.041154 31.173086 -0.010137 0.000000
0.775068 29.476689 -0.025273 0.000000
1.026278 30.575897 -0.004598 0.000000
0.942259 30.874785 -0.001989 0.000000
3.096626 33.316606 -0.008286 0.000000
1.966125 30.482755 -0.018480 0.000000
3.543172 34.172412 -0.088112 0.000000
3.822807 35.636750 -0.004439 0.000000
4.217771 35.310115 -0.102506 0.000000
2.241482 31.000131 -0.022851 0.000000
1.710546 29.562926 -0.017442 0.000000
3.551786 35.609346 -0.095802 0.000000
3.731503 35.609345 -0.049907 0.000000
2.285387 32.124863 -0.061281 0.000000
-1.010934 31.804950 -0.019347 0.000000
-0.440277 30.301932 -0.003814 0.000000
-1.006330 32.476865 -0.006227 0.000000
-0.971819 31.852683 -0.001433 0.000000
-0.734945 31.412531 -0.008922 0.000000
-2.972476 35.622086 1.030624 0.000000
-0.999944 25.236904 0.601586 0.000000
-2.929974 35.631207 1.828039 0.000000
-0.070932 25.294950 2.319360 0.000000
-2.993529 35.624764 0.706939 0.000000
-1.086347 34.169462 0.242479 0.000000
3.304614 33.788910 -0.000022 0.000000
3.847385 34.614264 -0.000667 0.000000
0.246586 32.950392 0.009390 0.000000
0.969173 33.953395 -0.054936 0.000000
1.076579 34.102298 -0.009666 0.000000
0.711664 32.736205 0.009735 0.000000
0.718491 33.862892 -0.019108 0.000000
-0.039108 34.188580 -0.003955 0.000000
-0.136834 33.998967 -0.003222 0.000000
-0.226551 33.838582 -0.002586 0.000000
0.424462 34.317913 -0.000335 0.000000
0.053880 33.340477 -0.033175 0.000000
-2.919397 35.627211 0.517913 0.000000
-0.589608 34.012282 -0.005699 0.000000
-0.634231 35.216067 -0.011022 0.000000
-0.392367 34.504952 -0.007767 0.000000
-0.515999 35.586510 -0.007995 0.000000
-0.027167 34.309153 -0.119070 0.000000
-1.548890 29.806076 0.031770 0.000000
-2.059191 32.304656 -0.000270 0.000000
-1.801372 31.687081 0.000709 0.000000
2.519856 31.009585 0.016664 0.000000
-1.216806 28.996022 0.027639 0.000000
-2.700417 35.396775 0.024988 0.000000
-0.862211 35.383859 0.004221 0.000000
-1.087982 34.848457 0.211195 0.000000
0.008217 33.001673 0.009325 0.000000
-0.318533 34.985888 0.004857 0.000000
-0.002126 34.910008 0.004957 0.000000
0.087831 35.110965 0.004626 0.000000
0.587680 35.459313 0.004035 0.000000
0.647861 34.924837 0.004831 0.000000
0.008344 25.592782 2.313980 0.000000
-0.062959 25.591933 2.313558 0.000000
4.687822 35.629833 0.960214 0.000000
4.240691 35.315287 2.416987 0.000000
4.273149 34.945016 2.486174 0.000000
4.738750 35.628434 1.422145 0.000000
-1.083876 33.392155 0.741089 0.000000
-0.608604 34.650614 0.005421 0.000000
-0.432734 34.566500 0.005579 0.000000
0.739459 34.742767 0.005091 0.000000
0.898221 35.005195 0.004629 0.000000
-0.279417 34.228424 0.006237 0.000000
-1.862903 31.838569 0.063185 0.000000
-2.109217 32.250059 0.017650 0.000000
-0.999070 25.569388 0.337303 0.000000
-3.152613 35.630951 0.058654 0.000000
-0.939162 32.843987 0.009825 0.000000
3.647472 35.182590 0.027347 0.000000
3.075131 32.662300 0.022433 0.000000
0.705911 33.556227 0.007454 0.000000
-3.077816 35.619272 1.357842 0.000000
-3.052264 35.613373 1.684703 0.000000
4.576506 35.441434 2.346535 0.000000
-0.342259 25.599949 2.312069 0.000000
0.205544 25.770680 2.309626 0.000000
0.055672 25.783630 2.308006 0.000000
4.157051 34.828071 2.412842 0.000000
4.274641 35.593861 2.063476 0.000000
4.045352 34.210567 2.475489 0.000000
4.771422 35.591523 2.320095 0.000000
4.723665 35.631000 2.194625 0.000000
4.718126 35.634937 1.609901 0.000000
4.264866 35.596896 1.697063 0.000000
4.244708 35.599898 1.345888 0.000000
4.199637 35.074419 2.487284 0.000000
4.439095 35.593099 2.145586 0.000000
4.445938 35.596176 1.771578 0.000000
4.440389 35.599226 1.412500 0.000000
4.122589 34.629367 2.481255 0.000000
4.627186 35.595441 1.849418 0.000000
4.638142 35.598528 1.483510 0.000000
4.235744 35.508112 2.430509 0.000000
3.908798 35.598274 1.559668 0.000000
4.112522 35.594597 1.985408 0.000000
4.086754 35.597591 1.626858 0.000000
-1.088392 35.031608 0.869736 0.000000
4.745538 35.619778 0.717263 0.000000
-1.489524 30.147247 0.011370 0.000000
-2.068548 32.173989 0.066457 0.000000
0.249676 32.248460 0.012087 0.000000
0.822170 32.972727 0.008910 0.000000
4.739715 35.628254 1.031935 0.000000
-2.584666 35.085513 0.106533 0.000000
-1.056842 34.854483 1.006224 0.000000
1.288653 28.542718 0.022837 0.000000
-3.123381 35.622034 0.293445 0.000000
3.231929 34.047316 0.064210 0.000000
4.661529 35.622018 0.490578 0.000000
4.649233 35.634075 0.275658 0.000000
4.836703 35.650091 1.319704 0.000000
-0.998970 25.523017 0.436604 0.000000
-0.999812 25.798862 0.385127 0.000000
-0.999790 25.794952 0.436160 0.000000
4.557178 34.978252 -0.019357 0.000000
2.532787 31.044556 -0.006683 0.000000
2.517903 31.929272 -0.002166 0.000000
3.024465 32.554883 -0.010409 0.000000
1.922929 30.067862 -0.004191 0.000000
3.661986 33.559236 -0.014233 0.000000
2.183525 30.564790 -0.007946 0.000000
0.565622 30.069115 0.029474 0.000000
-2.048895 31.631191 0.060375 0.000000
-1.947084 31.468007 0.014664 0.000000
-2.900844 34.823818 0.015836 0.000000
-2.519540 33.957260 0.014668 0.000000
4.935752 35.645634 0.721920 0.000000
4.961836 35.655465 0.503869 0.000000
4.818757 35.641404 0.207818 0.000000
-0.090865 25.795418 2.306552 0.000000
-3.142039 35.624739 0.648493 0.000000
-3.161074 35.626764 0.446305 0.000000
4.710539 35.630041 1.230400 0.000000
4.983531 35.657004 0.835951 0.000000
4.978585 35.656400 1.769257 0.000000
0.860115 34.090840 -0.020772 0.000000
-1.085199 33.782359 0.253116 0.000000
-0.220794 35.038569 0.004768 0.000000
0.325923 25.892231 2.304374 0.000000
-3.195702 35.626315 0.839350 0.000000
-3.131273 35.625017 1.039504 0.000000
4.993184 35.669137 1.828461 0.000000
4.569369 35.146301 2.299104 0.000000
4.311941 34.508739 2.299168 0.000000
4.915286 35.660425 2.276656 0.000000
4.690324 35.628579 1.814581 0.000000
-3.004076 35.638903 1.436673 0.000000
4.532499 35.299539 2.337679 0.000000
3.583914 33.382436 2.377722 0.000000
4.254932 34.980793 2.337355 0.000000
4.985071 35.668125 2.027239 0.000000
3.500886 32.836633 2.338806 0.000000
5.168680 35.671553 1.925500 0.000000
4.976391 35.624846 1.414878 0.000000
5.002612 35.654229 1.710990 0.000000
4.974995 35.660830 1.038664 0.000000
-3.353515 35.614561 0.216502 0.000000
0.024381 25.998413 2.302267 0.000000
-0.045639 25.967298 2.302433 0.000000
-1.046970 28.359140 -0.001638 0.000000
-1.327209 28.907450 -0.017782 0.000000
-1.557241 29.994221 -0.000790 0.000000
-0.998466 28.332572 -0.000291 0.000000
-1.574775 29.654194 -0.003133 0.000000
-1.310993 29.442167 -0.001181 0.000000
2.920359 32.196842 -0.032148 0.000000
4.805899 35.628496 0.143741 0.000000
3.437600 33.300182 -0.071826 0.000000
4.383687 34.844407 -0.086774 0.000000
2.546753 31.271839 -0.027614 0.000000
4.940357 35.641555 -0.040890 0.000000
3.494763 33.032554 -0.068795 0.000000
4.366037 34.363297 -0.081621 0.000000
3.083233 32.800674 -0.003955 0.000000
4.005792 34.504747 -0.083835 0.000000
2.299039 31.460712 -0.053472 0.000000
4.750131 35.616136 -0.048366 0.000000
2.779004 32.232561 -0.061276 0.000000
2.815452 31.620941 -0.054398 0.000000
-0.999772 25.989017 0.419777 0.000000
-0.999784 25.994459 0.383475 0.000000
-1.321666 28.722480 0.027044 0.000000
4.198005 34.676937 0.007595 0.000000
2.738344 31.490876 0.013611 0.000000
1.899278 29.609050 0.008934 0.000000
5.126998 35.643290 0.046699 0.000000
3.362902 32.359086 0.024943 0.000000
2.087055 30.032140 0.009130 0.000000
5.316693 35.629706 0.285246 0.000000
0.372130 26.104270 2.323622 0.000000
3.991336 33.725189 2.329931 0.000000
4.826774 35.243857 2.295064 0.000000
5.008818 35.665089 1.430339 0.000000
3.782028 33.313015 2.359446 0.000000
4.608303 34.911632 2.370444 0.000000
5.364561 35.651598 2.101594 0.000000
3.852816 33.841889 2.308367 0.000000
3.739204 32.866004 2.273326 0.000000
4.100004 34.783347 2.362069 0.000000
4.009711 34.343119 2.368010 0.000000
4.737377 35.629267 2.313622 0.000000
-0.673557 33.563497 -0.033511 0.000000
-0.204284 32.949032 -0.028406 0.000000
-0.301080 32.750573 -0.009947 0.000000
-1.089543 35.581286 -0.012187 0.000000
1.096538 35.129671 -0.008828 0.000000
0.666356 32.325521 -0.006976 0.000000
0.979742 32.446710 -0.004641 0.000000
0.122253 34.026532 -0.017260 0.000000
-0.030273 32.443758 -0.007798 0.000000
0.168136 32.216526 -0.004641 0.000000
-3.270536 35.630416 0.547664 0.000000
5.185146 35.663411 1.128372 0.000000
5.199957 35.628044 0.701105 0.000000
5.225694 35.662082 1.197443 0.000000
5.363055 35.659738 1.629188 0.000000
0.079690 26.149304 2.320957 0.000000
0.239789 26.381833 2.340486 0.000000
-0.065538 26.099151 2.321224 0.000000
3.330057 32.278166 2.340222 0.000000
3.335723 32.771249 2.329650 0.000000
4.101265 34.107183 2.328711 0.000000
5.153512 35.674434 2.204382 0.000000
4.142300 33.728719 2.339840 0.000000
5.196840 35.454506 2.328823 0.000000
5.296323 35.659828 1.980716 0.000000
3.352069 32.168871 2.360425 0.000000
3.954923 33.389278 2.260996 0.000000
5.183256 34.892108 2.388857 0.000000
3.142157 31.809663 2.325065 0.000000
-3.392868 35.625871 0.626976 0.000000
-1.088541 35.124900 0.178331 0.000000
-0.864947 32.605665 -0.008351 0.000000
-0.373418 31.196128 -0.000087 0.000000
-0.437025 31.761164 -0.000915 0.000000
-0.172707 31.377037 -0.001281 0.000000
-0.587261 32.254800 -0.005614 0.000000
0.331571 32.715596 -0.002003 0.000000
1.023033 34.363274 -0.022710 0.000000
0.250132 32.599854 -0.001254 0.000000
0.756442 33.370512 -0.005811 0.000000
0.917555 33.789240 -0.002565 0.000000
0.570792 32.660040 -0.001427 0.000000
-0.023601 32.025782 -0.004179 0.000000
0.136466 31.755629 -0.004378 0.000000
0.262200 31.931607 -0.005744 0.000000
0.161485 32.099143 -0.005133 0.000000
-2.660428 34.742845 -0.048750 0.000000
-3.028360 35.530024 -0.053497 0.000000
-1.690500 30.358163 -0.016640 0.000000
-2.322833 32.391711 -0.033456 0.000000
-1.574233 30.254904 -0.053703 0.000000
-2.106656 32.051342 -0.031285 0.000000
-3.260606 35.612751 -0.005465 0.000000
-1.432859 30.133143 -0.017744 0.000000
-1.920185 31.773459 -0.029491 0.000000
5.202075 35.667598 1.524294 0.000000
5.111149 35.662863 1.375719 0.000000
4.193629 33.464990 2.343628 0.000000
4.556917 34.622122 2.306724 0.000000
5.167772 35.670431 2.125309 0.000000
5.363322 35.622018 1.262473 0.000000
4.240188 34.332284 2.397210 0.000000
5.354157 35.672825 2.229089 0.000000
4.366959 33.880800 2.310682 0.000000
5.387465 35.627988 0.802087 0.000000
3.054003 31.899775 -0.004470 0.000000
5.148748 35.657764 0.586868 0.000000
5.244857 35.630948 0.070251 0.000000
3.875060 33.044572 -0.044532 0.000000
5.183056 35.659288 0.923539 0.000000
5.397417 35.632769 0.519452 0.000000
3.005790 32.722004 -0.041311 0.000000
3.725270 33.859053 -0.049635 0.000000
4.778493 35.535358 -0.061581 0.000000
0.795037 30.397847 -0.000464 0.000000
0.791690 29.877752 -0.025998 0.000000
-1.398696 29.148419 -0.001099 0.000000
4.056722 33.521536 -0.043403 0.000000
5.190375 35.573520 -0.056713 0.000000
5.596256 35.613782 0.034559 0.000000
3.196666 32.124904 -0.030611 0.000000
2.758587 31.138586 -0.003456 0.000000
3.229677 31.804284 -0.058829 0.000000
1.696818 30.148830 -0.020511 0.000000
3.795328 33.385392 -0.042231 0.000000
2.224728 30.315810 -0.006343 0.000000
1.867855 29.449323 0.016512 0.000000
2.267059 30.459481 -0.039024 0.000000
1.783616 29.338597 0.011750 0.000000
-0.999986 26.186073 0.467387 0.000000
-0.999697 26.195232 0.362951 0.000000
-2.269100 32.914727 0.008465 0.000000
-2.888704 34.187771 0.009008 0.000000
-1.725796 30.999453 0.009476 0.000000
-2.559953 33.555626 0.010553 0.000000
-1.744226 30.635136 0.051818 0.000000
-2.122374 31.570614 0.007744 0.000000
5.541501 35.642809 1.731447 0.000000
5.529737 35.621839 1.808252 0.000000
5.596856 35.638479 1.483338 0.000000
5.410054 35.658558 1.263616 0.000000
3.323919 32.073792 0.709671 0.000000
2.339936 30.147377 -0.005383 0.000000
2.480417 30.619683 -0.000940 0.000000
2.998723 31.309323 -0.013302 0.000000
3.313690 31.898464 0.065952 0.000000
-3.343206 35.622492 0.818790 0.000000
-3.544328 35.620323 1.153657 0.000000
-3.397086 35.639091 1.065238 0.000000
-3.569951 35.646147 0.796593 0.000000
3.781335 33.526640 2.309957 0.000000
3.753360 33.098384 2.264130 0.000000
4.475068 34.464769 2.369315 0.000000
5.541725 35.653682 2.214893 0.000000
4.535950 34.029816 2.253651 0.000000
3.475244 32.417774 2.341084 0.000000
4.338517 33.663615 2.344032 0.000000
3.555174 32.338014 2.271744 0.000000
-2.058923 31.832063 0.007220 0.000000
-2.274269 32.127842 0.007314 0.000000
-1.739864 30.400165 0.013345 0.000000
-1.569991 30.419202 0.055539 0.000000
-2.207859 32.497037 0.010680 0.000000
-1.890887 30.830471 0.054301 0.000000
5.310009 35.634163 0.657267 0.000000
3.323699 32.049082 0.302623 0.000000
5.595572 35.633299 1.186880 0.000000
5.622392 35.644003 1.794229 0.000000
0.860329 32.629763 -0.001050 0.000000
0.828553 31.690883 -0.004931 0.000000
3.856223 34.542970 -0.011508 0.000000
3.787711 33.649460 2.303175 0.000000
5.557943 35.662920 2.025822 0.000000
3.397640 31.904080 2.333757 0.000000
3.927961 32.817513 2.325854 0.000000
4.891601 34.480998 2.332353 0.000000
3.134675 31.538821 2.381148 0.000000
4.471057 34.821983 2.386480 0.000000
3.571553 32.677309 2.313857 0.000000
4.240474 34.155836 2.301469 0.000000
4.182238 33.219386 2.313922 0.000000
-3.461124 35.637171 0.900274 0.000000
0.464921 26.445389 2.341621 0.000000
0.163120 26.389119 2.339496 0.000000
2.098821 29.835304 0.017534 0.000000
1.534431 28.965172 0.027230 0.000000
-3.302500 35.631551 0.097507 0.000000
-3.506810 35.631454 0.448992 0.000000
0.238482 26.424733 2.339467 0.000000
4.653269 35.027073 2.304438 0.000000
4.374338 35.171972 2.337350 0.000000
3.586492 32.098809 2.354145 0.000000
4.129616 34.566180 2.364960 0.000000
3.993963 34.179732 2.365220 0.000000
4.227625 33.347262 2.344270 0.000000
5.373754 35.011063 2.346263 0.000000
5.675716 35.649963 2.124524 0.000000
4.001055 32.890533 2.343975 0.000000
5.114815 34.415241 2.346852 0.000000
5.865845 35.655562 2.180756 0.000000
-1.581226 29.515056 0.015863 0.000000
-1.559311 29.615169 0.030873 0.000000
-1.766568 30.223405 0.006504 0.000000
3.366916 31.646160 0.867763 0.000000
3.319963 32.043394 0.506966 0.000000
3.320600 31.809914 0.779425 0.000000
5.617492 35.636252 1.355096 0.000000
0.772362 32.715546 -0.011028 0.000000
0.801763 32.972359 -0.003321 0.000000
-3.574505 35.617278 0.344686 0.000000
-1.109325 33.409723 -0.013576 0.000000
-0.662260 34.667001 -0.008738 0.000000
-0.037856 35.521373 -0.011702 0.000000
4.485527 33.657865 2.267347 0.000000
4.807929 34.851579 2.244351 0.000000
5.822209 35.653118 1.850178 0.000000
4.688337 34.577783 2.247522 0.000000
5.754156 35.615597 2.361631 0.000000
4.747740 34.043819 2.333778 0.000000
2.791102 31.640344 -0.001178 0.000000
1.988190 29.805693 0.003436 0.000000
3.482414 32.507192 -0.007687 0.000000
2.276848 30.285004 0.040004 0.000000
4.547488 33.806322 -0.070304 0.000000
2.654469 30.824682 0.035269 0.000000
3.328298 31.634011 -0.006468 0.000000
3.312794 31.888417 0.258062 0.000000
4.642546 35.635176 0.185577 0.000000
3.876537 34.031074 -0.006182 0.000000
2.755330 31.348730 2.336767 0.000000
2.750492 31.090507 2.373180 0.000000
3.156349 31.738010 2.350031 0.000000
3.974054 32.504097 2.357473 0.000000
2.525274 30.825512 2.368148 0.000000
2.599608 30.713162 2.342194 0.000000
3.069568 31.207124 2.355526 0.000000
2.920872 32.100625 2.309121 0.000000
3.438687 33.067392 2.305002 0.000000
5.279299 35.508671 2.349485 0.000000
3.362351 32.444103 2.276285 0.000000
2.675384 31.510345 2.309923 0.000000
2.463925 30.407964 2.360904 0.000000
-3.591649 35.621187 1.348138 0.000000
-3.303747 35.623533 1.223198 0.000000
-3.517806 35.616608 0.145502 0.000000
3.392629 32.820204 2.306401 0.000000
5.096359 35.320445 2.369197 0.000000
3.097015 32.241881 2.272766 0.000000
3.983843 33.481980 2.331137 0.000000
3.080379 32.007405 2.279856 0.000000
3.809016 33.115022 2.270355 0.000000
4.785121 34.209757 2.345301 0.000000
2.535540 31.102143 2.322892 0.000000
2.350103 30.060144 2.319001 0.000000
3.670370 32.629051 2.276091 0.000000
4.657437 33.869561 2.345639 0.000000
3.728366 32.534667 2.364986 0.000000
4.571791 33.599257 2.371966 0.000000
2.964225 31.408088 2.356141 0.000000
3.717509 32.064437 2.391809 0.000000
2.983681 31.040366 2.353967 0.000000
2.355818 30.470709 2.338755 0.000000
2.999744 30.822345 2.376804 0.000000
2.390649 30.216598 2.295751 0.000000
0.458833 26.778172 2.310544 0.000000
4.498670 33.317845 2.360699 0.000000
5.569365 35.040705 2.253940 0.000000
4.895861 34.703610 2.359654 0.000000
4.191264 33.908461 2.359151 0.000000
3.903189 32.765768 2.366601 0.000000
3.310063 31.805653 0.812605 0.000000
3.315231 31.645405 0.724749 0.000000
5.906388 35.640491 1.357686 0.000000
6.095187 35.641186 1.478867 0.000000
1.738899 29.126563 0.013526 0.000000
1.969861 29.755834 -0.000112 0.000000
3.391657 31.643584 0.442210 0.000000
3.691681 32.220444 2.334662 0.000000
4.746831 33.609941 2.325733 0.000000
4.218240 34.637913 2.399932 0.000000
5.191547 35.169104 2.340472 0.000000
5.892773 35.655896 2.263184 0.000000
4.575208 34.302277 -0.015247 0.000000
2.910493 31.867469 -0.005504 0.000000
3.559983 32.892837 -0.011826 0.000000
2.301151 31.218084 -0.012093 0.000000
5.528764 35.631454 0.375251 0.000000
5.588004 35.657447 0.622970 0.000000
3.320594 31.809012 0.427065 0.000000
3.397762 31.641425 0.389902 0.000000
3.236160 33.321596 -0.014974 0.000000
4.090253 34.664550 -0.018574 0.000000
2.893775 30.999779 -0.004050 0.000000
2.185928 29.854874 -0.005822 0.000000
2.573564 30.487413 -0.002251 0.000000
-1.753540 29.987735 -0.007922 0.000000
-1.257053 28.716858 -0.012899 0.000000
5.991175 35.640459 1.659385 0.000000
5.408209 35.657114 0.896934 0.000000
5.806918 35.651020 1.541066 0.000000
5.784877 35.640487 1.586633 0.000000
-0.999967 26.399765 0.379285 0.000000
-0.999996 26.393348 0.407443 0.000000
-1.947358 30.503005 0.024931 0.000000
-1.542578 30.322929 0.015366 0.000000
3.486465 31.643938 0.825459 0.000000
6.160656 35.641663 1.795283 0.000000
5.724797 35.601625 2.419663 0.000000
6.147725 35.633770 2.082727 0.000000
6.399413 35.632269 1.988203 0.000000
5.771410 35.407590 2.503601 0.000000
6.329710 35.634364 2.211524 0.000000
5.552761 34.836072 2.495094 0.000000
5.349537 34.314345 2.487216 0.000000
5.713078 35.644716 1.829408 0.000000
3.464610 33.221019 0.109197 0.000000
4.450210 34.694299 0.129996 0.000000
2.189932 30.296607 0.036685 0.000000
2.703374 30.539297 0.043161 0.000000
4.117760 33.391804 0.114235 0.000000
3.330434 31.497280 0.024778 0.000000
2.342556 30.091982 0.029944 0.000000
3.356467 31.647662 0.173912 0.000000
3.582165 31.656554 0.330021 0.000000
3.566162 31.656248 0.765645 0.000000
6.230221 35.655800 2.007700 0.000000
6.286465 35.641886 1.604966 0.000000
3.724682 34.143470 2.472460 0.000000
3.606037 33.607986 2.466934 0.000000
4.584417 35.439711 2.405556 0.000000
3.498523 31.853261 2.440684 0.000000
4.535453 34.307671 2.480040 0.000000
3.155342 31.596233 2.435738 0.000000
3.653008 32.435059 2.449726 0.000000
4.400965 33.854577 2.473451 0.000000
5.419041 35.603608 2.481535 0.000000
2.967017 31.398991 2.430093 0.000000
3.515314 32.201925 2.445557 0.000000
4.271646 33.431789 2.467195 0.000000
5.210902 35.080109 2.496087 0.000000
2.913329 31.180307 2.426496 0.000000
3.709163 32.847432 2.455604 0.000000
4.033894 33.106973 2.462974 0.000000
5.045035 34.537440 2.488166 0.000000
2.603975 30.973202 2.422155 0.000000
3.335636 31.637383 2.436421 0.000000
4.030870 32.679804 2.455761 0.000000
4.885780 34.035823 2.480720 0.000000
2.715756 30.621867 2.416518 0.000000
3.250858 31.382163 2.432162 0.000000
3.917112 32.339674 2.450440 0.000000
4.734073 33.572710 2.473729 0.000000
4.812051 35.602834 2.436862 0.000000
3.539389 33.270007 2.461933 0.000000
3.472998 32.948679 2.457101 0.000000
4.149722 34.457692 2.479296 0.000000
3.232694 32.666815 2.449726 0.000000
4.032646 34.010711 2.472880 0.000000
3.343579 32.363018 2.448075 0.000000
3.888019 33.438681 2.464576 0.000000
4.824633 35.329272 2.494527 0.000000
3.127265 32.121594 2.441511 0.000000
3.812551 33.207210 2.461049 0.000000
4.676637 34.798008 2.487053 0.000000
3.020192 31.626726 2.433764 0.000000
2.753511 30.584471 2.416289 0.000000
3.034387 31.148642 2.428203 0.000000
3.808448 32.024477 2.445411 0.000000
4.628702 33.166580 2.466369 0.000000
-2.361440 33.220279 0.010592 0.000000
-2.896171 33.779786 0.076535 0.000000
-2.686893 33.589083 0.075855 0.000000
2.257522 30.419036 0.037047 0.000000
2.865555 31.091250 0.036686 0.000000
3.587480 31.656808 0.150475 0.000000
3.342295 31.241294 0.043223 0.000000
2.436586 30.747142 0.012041 0.000000
2.268974 30.010902 2.402771 0.000000
2.483142 30.472717 2.413253 0.000000
3.094395 31.366638 2.431908 0.000000
3.656074 31.825540 2.442708 0.000000
2.424213 30.624397 2.413975 0.000000
2.859872 30.972106 2.423001 0.000000
2.443446 30.319464 2.410428 0.000000
2.404076 30.172560 2.407672 0.000000
3.280072 32.093623 2.443815 0.000000
4.237017 33.878873 2.474558 0.000000
2.810536 31.974627 2.438774 0.000000
3.407994 32.647764 2.452502 0.000000
4.133793 33.478762 2.468602 0.000000
2.654780 31.776041 2.433026 0.000000
2.617041 31.562218 2.429646 0.000000
3.935882 32.755870 2.457565 0.000000
2.685781 31.345574 2.428499 0.000000
3.217234 31.838259 2.439704 0.000000
3.840227 32.426299 2.452395 0.000000
4.588136 33.143064 2.467125 0.000000
2.644902 31.155917 2.425295 0.000000
3.746883 32.116609 2.447447 0.000000
4.562585 35.253885 2.494368 0.000000
3.673441 33.966683 2.472160 0.000000
4.451854 34.765744 2.487439 0.000000
2.894871 32.449533 2.446223 0.000000
4.343157 34.307179 2.480831 0.000000
5.342495 35.600204 2.489180 0.000000
2.852630 32.206136 2.442435 0.000000
-3.459310 35.646149 1.553750 0.000000
-3.260905 35.625481 1.426202 0.000000
0.313864 26.761677 2.309846 0.000000
0.404217 26.996057 2.320972 0.000000
2.540658 31.161895 2.423139 0.000000
3.966296 33.811675 2.469897 0.000000
3.180042 32.386273 2.445538 0.000000
2.578928 31.356749 2.426338 0.000000
3.809258 33.084034 2.459424 0.000000
2.064155 30.431576 2.407715 0.000000
3.073871 31.868026 2.437580 0.000000
3.730622 32.749089 2.454465 0.000000
2.501764 30.974071 2.419996 0.000000
2.034508 30.290705 2.405148 0.000000
3.575463 32.136057 2.445125 0.000000
2.004719 30.155412 2.402635 0.000000
2.728580 32.236390 2.440103 0.000000
3.335671 33.270822 2.458499 0.000000
2.211866 31.235563 2.421564 0.000000
2.692176 32.001756 2.436529 0.000000
3.284877 32.962328 2.454058 0.000000
1.890847 29.423106 2.316428 0.000000
1.675512 29.223626 2.313083 0.000000
1.975147 30.026542 2.400195 0.000000
2.385481 30.461378 2.411084 0.000000
3.422556 31.585885 2.436399 0.000000
2.346641 30.305153 2.408256 0.000000
2.806513 30.773624 2.419598 0.000000
1.941193 29.613715 2.307790 0.000000
2.230498 29.873374 2.400128 0.000000
2.578358 30.283883 0.018160 0.000000
1.889195 29.388200 0.004439 0.000000
2.986995 30.637247 0.005482 0.000000
2.962731 31.322295 2.331598 0.000000
4.316180 35.105113 2.403621 0.000000
2.345337 29.811766 2.329133 0.000000
2.155781 29.612888 2.313372 0.000000
1.664848 29.100817 2.313200 0.000000
2.154587 30.010811 2.302601 0.000000
3.578273 31.802795 2.365619 0.000000
3.577042 31.539302 2.353085 0.000000
2.693150 30.616622 2.365865 0.000000
3.344940 31.229867 2.378650 0.000000
2.765029 30.482369 2.304587 0.000000
2.745026 30.238041 2.322843 0.000000
0.449617 27.149858 2.318974 0.000000
-3.765458 35.626073 0.453308 0.000000
6.214033 35.631809 1.416654 0.000000
6.592637 35.635146 1.607252 0.000000
6.462554 35.647522 1.438979 0.000000
3.705384 31.657689 0.846442 0.000000
3.816417 34.137801 0.038175 0.000000
5.106294 35.654022 0.230671 0.000000
-0.109591 33.769856 0.007220 0.000000
0.426121 35.007323 0.004739 0.000000
0.516196 34.756885 0.005136 0.000000
-2.187096 32.422675 0.057398 0.000000
-2.916553 35.063791 0.005276 0.000000
-2.787773 33.207200 0.064537 0.000000
-1.798976 30.015279 0.032996 0.000000
-2.059272 31.074405 0.007255 0.000000
-2.554974 32.870438 0.010522 0.000000
-2.371277 32.664180 0.010600 0.000000
3.318407 31.636739 2.384427 0.000000
4.941105 34.342548 2.341237 0.000000
3.238860 31.456417 2.382625 0.000000
3.124504 31.082991 2.348463 0.000000
4.757488 33.315594 2.360821 0.000000
5.705572 35.044940 2.379565 0.000000
3.193080 30.911649 2.397737 0.000000
3.778579 31.893046 2.363791 0.000000
4.579492 32.977716 2.359367 0.000000
5.484588 34.573099 2.377722 0.000000
4.846064 35.146164 2.402229 0.000000
5.382563 35.441196 2.402914 0.000000
4.286925 32.402451 2.370948 0.000000
5.276998 33.910553 2.390441 0.000000
4.405903 34.859000 2.401230 0.000000
-0.999926 26.439355 0.404115 0.000000
-0.999999 26.445289 0.377471 0.000000
0.041742 35.496989 0.004055 0.000000
4.093659 32.478538 2.398386 0.000000
6.260330 35.050089 2.351181 0.000000
4.214013 33.018127 2.358219 0.000000
5.119404 33.793432 2.336421 0.000000
4.207660 32.878565 2.358073 0.000000
4.901709 33.376424 2.372460 0.000000
5.278248 34.311439 2.376387 0.000000
4.117937 32.132049 2.368869 0.000000
3.854668 31.822540 2.355569 0.000000
5.755012 35.257842 2.391818 0.000000
6.760007 35.655732 1.896160 0.000000
5.555527 34.630372 2.366246 0.000000
6.549379 35.651151 2.327744 0.000000
-2.763541 33.122847 0.010450 0.000000
-3.086258 34.158088 0.010493 0.000000
-2.332211 33.022578 0.010599 0.000000
-2.850418 34.232238 0.005635 0.000000
-2.721834 33.677333 0.015397 0.000000
-2.456564 33.228082 0.015358 0.000000
-3.315477 34.920986 0.010634 0.000000
-3.682462 35.635288 0.106990 0.000000
-3.356092 35.127265 0.010690 0.000000
-3.791260 35.627805 0.730041 0.000000
-3.756792 35.628201 0.812467 0.000000
-3.645234 35.652609 1.136665 0.000000
2.970606 31.990414 2.352595 0.000000
2.873991 31.683556 2.337432 0.000000
4.983318 35.515432 2.294587 0.000000
4.869114 35.086832 2.297439 0.000000
2.554436 30.231094 2.324023 0.000000
2.164790 29.815238 2.325938 0.000000
2.590763 30.043841 2.332548 0.000000
2.094414 29.414153 2.319572 0.000000
2.746409 30.810521 2.344044 0.000000
3.963428 32.036672 2.369161 0.000000
2.369371 30.606287 2.327286 0.000000
3.241264 31.067991 2.376358 0.000000
3.738837 33.814986 0.010840 0.000000
4.907420 35.554038 0.011401 0.000000
3.738461 31.650893 0.308352 0.000000
3.749528 31.651401 0.422819 0.000000
3.699092 31.649630 0.757483 0.000000
6.905161 35.645043 1.373768 0.000000
2.808869 31.803350 0.010782 0.000000
3.507940 32.728203 0.010626 0.000000
2.383355 30.679851 0.033025 0.000000
4.546056 34.108155 0.010824 0.000000
2.793657 31.245309 0.010855 0.000000
2.387350 29.902506 0.017458 0.000000
-3.765569 35.630725 1.201097 0.000000
4.396040 33.508881 2.259345 0.000000
4.170212 32.777746 2.335710 0.000000
3.973948 32.224518 2.396115 0.000000
3.737198 31.612556 2.354611 0.000000
4.711241 34.669439 2.363686 0.000000
4.582441 33.977610 2.263338 0.000000
1.835023 29.293346 2.315629 0.000000
3.706529 31.487170 2.390900 0.000000
2.910202 30.659848 2.344742 0.000000
4.593857 32.432125 2.361438 0.000000
6.262108 35.544106 2.250635 0.000000
6.137374 34.961707 2.368065 0.000000
6.581381 35.632804 2.113343 0.000000
4.615550 32.883354 2.369842 0.000000
5.608956 34.215499 2.325436 0.000000
6.648800 35.630930 2.171611 0.000000
5.438683 33.645591 2.365162 0.000000
6.906227 35.648469 2.251731 0.000000
4.409825 33.065513 2.379209 0.000000
4.395869 32.639824 2.359149 0.000000
5.336740 34.186144 2.365247 0.000000
6.010867 35.639851 2.296789 0.000000
4.088033 32.268788 2.370939 0.000000
2.921550 30.406601 2.324132 0.000000
-3.698870 35.639476 0.351661 0.000000
3.435775 32.368289 0.013602 0.000000
5.742777 35.633258 0.468918 0.000000
3.555967 31.656155 0.501965 0.000000
2.810099 32.016333 0.010535 0.000000
3.528696 33.191890 0.013342 0.000000
4.609022 34.717610 0.013967 0.000000
6.782952 35.635721 1.753204 0.000000
7.128600 35.631746 0.596415 0.000000
6.218836 35.634015 1.330826 0.000000
6.985890 35.635779 0.920386 0.000000
6.880703 35.650523 1.636108 0.000000
2.725271 30.730812 0.022857 0.000000
3.633957 31.646325 0.171310 0.000000
2.990467 30.492518 0.045261 0.000000
5.425215 33.645876 0.020295 0.000000
-0.591845 35.188857 0.004527 0.000000
-0.306617 34.169858 0.006354 0.000000
-2.629538 33.950853 0.006051 0.000000
-3.768411 35.584260 0.004008 0.000000
-3.407513 35.027235 0.004625 0.000000
-3.106795 34.586351 0.005162 0.000000
4.747477 35.390108 2.371567 0.000000
5.382509 33.749459 2.363397 0.000000
4.469810 32.699048 2.373108 0.000000
3.580836 31.202092 2.352645 0.000000
5.442498 35.525295 2.304603 0.000000
6.031391 35.653982 1.884873 0.000000
5.270294 34.842647 2.346236 0.000000
6.060831 35.462112 2.378507 0.000000
4.885007 33.930192 2.374037 0.000000
5.843570 34.962427 2.376544 0.000000
4.734845 33.571941 2.372456 0.000000
0.095210 35.333742 0.004289 0.000000
3.265020 32.851389 0.025494 0.000000
4.411602 34.547427 0.009884 0.000000
3.616650 33.161141 0.010095 0.000000
5.677592 35.631014 0.242079 0.000000
4.881984 34.962626 0.009982 0.000000
7.090263 35.678783 1.139402 0.000000
3.282025 32.092407 0.017016 0.000000
2.552068 31.212483 0.011173 0.000000
3.014038 32.073634 0.010541 0.000000
3.856146 33.208802 0.010159 0.000000
5.183278 35.003261 0.010116 0.000000
3.158009 31.976816 0.010639 0.000000
-1.976848 31.063478 0.011586 0.000000
-1.589440 29.191880 0.036511 0.000000
-1.947829 30.767158 0.014162 0.000000
-2.257211 31.969133 0.064532 0.000000
-2.165645 31.345138 0.006291 0.000000
1.673747 28.998507 0.021312 0.000000
1.597344 28.653516 0.012552 0.000000
2.177749 29.398888 0.014689 0.000000
0.333613 30.527800 -0.005867 0.000000
0.608029 31.896909 -0.010795 0.000000
0.891017 32.177849 -0.000960 0.000000
0.950688 33.223166 -0.000319 0.000000
0.545022 31.387982 -0.000991 0.000000
1.038745 31.434330 -0.003069 0.000000
-2.135460 31.797296 -0.046063 0.000000
-2.773335 32.654101 -0.033475 0.000000
-1.910937 31.418725 -0.038760 0.000000
-2.336149 32.051179 -0.049331 0.000000
-1.897585 31.313835 -0.037751 0.000000
5.639923 35.629725 0.977416 0.000000
5.487521 35.628157 0.516422 0.000000
5.399418 33.268695 2.377777 0.000000
6.550001 35.649370 1.931667 0.000000
7.128919 35.636865 1.391128 0.000000
7.339173 35.649613 1.479105 0.000000
6.964529 35.657184 2.028593 0.000000
7.243800 35.649115 1.898233 0.000000
6.146289 35.171379 2.368081 0.000000
7.040773 35.648951 2.215858 0.000000
5.887725 34.483885 2.367131 0.000000
6.937620 35.313351 2.341856 0.000000
5.617924 34.180200 2.364934 0.000000
2.757597 31.812436 -0.014556 0.000000
3.366338 32.608479 -0.017598 0.000000
2.308812 30.752920 -0.004785 0.000000
4.221785 33.731588 -0.021573 0.000000
5.514321 35.433982 -0.027181 0.000000
7.318991 35.670903 0.816959 0.000000
7.161883 35.675628 0.760535 0.000000
2.602877 30.628320 -0.008813 0.000000
3.289058 31.288787 -0.002757 0.000000
2.699450 30.491217 -0.001250 0.000000
3.412650 31.084060 -0.004978 0.000000
7.372954 35.638776 -0.006896 0.000000
7.234491 35.655989 0.371023 0.000000
-3.179836 33.279828 -0.025911 0.000000
6.484876 35.648070 1.343545 0.000000
6.679889 35.128704 2.384803 0.000000
6.975733 35.636301 1.904551 0.000000
6.713444 35.654340 1.449893 0.000000
6.237460 34.495296 2.375229 0.000000
7.173272 35.658663 2.166495 0.000000
7.386457 35.638558 2.346248 0.000000
7.228214 35.651920 1.616142 0.000000
3.313870 32.080316 0.851565 0.000000
6.406487 35.485628 2.368961 0.000000
0.559285 30.401056 -0.002325 0.000000
0.989466 31.086403 -0.005176 0.000000
-1.646493 30.058479 -0.002181 0.000000
-1.562364 29.473015 -0.001634 0.000000
-1.979406 30.312393 -0.007165 0.000000
-2.268607 31.377534 -0.023256 0.000000
-2.123705 31.025258 -0.013452 0.000000
-1.963706 30.910412 -0.023006 0.000000
-1.794538 30.682609 -0.020063 0.000000
-1.786832 30.410079 -0.006381 0.000000
-3.950025 35.634891 0.081077 0.000000
-3.933176 35.628766 0.579751 0.000000
-3.931937 35.634255 0.634223 0.000000
-3.974317 35.634323 0.974693 0.000000
2.057163 30.293376 -0.039277 0.000000
2.873443 31.508466 -0.035041 0.000000
2.541463 30.890637 -0.010399 0.000000
3.087610 31.553015 -0.006550 0.000000
3.575017 31.516088 -0.002610 0.000000
7.371671 35.668753 0.073559 0.000000
5.737934 33.913647 -0.007679 0.000000
2.747603 30.800671 -0.000878 0.000000
3.269463 31.555678 -0.005466 0.000000
7.370748 35.669994 0.450993 0.000000
7.183261 35.672071 0.373009 0.000000
5.833338 35.185146 2.345450 0.000000
5.619218 34.634069 2.336685 0.000000
5.437932 34.064606 2.372753 0.000000
5.184310 33.388929 2.379098 0.000000
3.588678 31.703081 2.394792 0.000000
4.844613 32.900715 2.377674 0.000000
2.460695 29.820856 2.323896 0.000000
3.923538 31.699694 2.388257 0.000000
3.149743 30.650050 2.328772 0.000000
3.110163 30.422830 2.358286 0.000000
-3.920547 35.634023 1.023656 0.000000
-1.994660 31.001699 -0.023918 0.000000
-2.101113 31.212692 -0.020424 0.000000
-2.710405 32.466717 -0.032194 0.000000
-2.467005 32.103600 -0.050007 0.000000
-2.262249 31.603722 -0.071426 0.000000
-2.253381 31.823978 -0.044485 0.000000
-2.811583 33.077592 -0.024523 0.000000
-1.709494 30.904283 -0.032847 0.000000
-2.044166 31.474861 -0.042711 0.000000
-2.597441 32.552090 -0.052802 0.000000
-2.579198 31.813096 -0.021538 0.000000
5.425175 35.233038 2.239202 0.000000
5.223830 34.799893 2.255353 0.000000
2.271317 29.628018 2.316856 0.000000
4.268096 31.896586 2.359336 0.000000
5.006085 34.258741 2.324449 0.000000
4.946208 33.680006 2.362280 0.000000
4.360022 32.334004 2.359557 0.000000
2.583408 30.058838 0.003614 0.000000
2.172977 29.623868 0.007178 0.000000
2.328506 29.689081 0.005892 0.000000
1.993471 29.087379 0.011941 0.000000
2.822948 30.204634 0.007384 0.000000
2.500782 29.636930 2.310263 0.000000
1.808852 29.062202 2.315688 0.000000
3.373210 30.913166 2.304469 0.000000
3.947018 31.459946 2.358692 0.000000
3.662402 31.301797 2.383056 0.000000
-4.133296 35.627495 0.920828 0.000000
-4.144579 35.641804 1.322255 0.000000
-4.173660 35.631258 1.546666 0.000000
-3.924564 35.625399 1.504558 0.000000
5.065082 34.743152 2.340905 0.000000
3.352310 32.686279 0.025392 0.000000
4.211598 34.181682 0.029134 0.000000
2.713050 31.843039 0.023316 0.000000
4.281239 33.917405 0.028813 0.000000
2.751704 31.607358 0.023092 0.000000
7.701166 35.637742 1.115501 0.000000
7.553735 35.639084 1.312838 0.000000
7.147935 35.631238 0.888120 0.000000
7.715546 35.640051 1.421859 0.000000
7.204037 35.630839 1.197181 0.000000
7.383309 35.633834 0.609950 0.000000
7.660635 35.637358 0.941645 0.000000
4.235588 33.438425 0.027956 0.000000
7.503191 35.635607 1.675165 0.000000
6.764697 35.633341 2.242197 0.000000
5.702599 33.859589 2.336336 0.000000
4.208018 32.076601 2.358555 0.000000
5.228255 33.429401 2.327034 0.000000
3.567013 31.001431 2.292610 0.000000
5.952865 34.322015 2.336197 0.000000
5.162748 32.896349 2.375532 0.000000
6.521940 34.510781 2.370340 0.000000
4.190498 31.795086 2.398873 0.000000
4.958088 32.662997 2.363087 0.000000
6.156751 33.871834 2.370820 0.000000
-3.430445 34.926260 0.015789 0.000000
-3.039665 34.230083 0.015527 0.000000
-2.089221 30.629138 0.024121 0.000000
-2.757841 32.561132 0.013839 0.000000
-4.190884 35.642221 0.147076 0.000000
-4.181232 35.641940 0.393963 0.000000
-2.504971 32.377441 0.069605 0.000000
-3.941869 35.634517 0.375464 0.000000
7.629360 35.660618 2.010448 0.000000
7.007295 35.647812 1.749528 0.000000
5.210080 34.573070 2.346899 0.000000
5.071642 34.006317 2.363079 0.000000
6.853326 35.062682 2.371513 0.000000
5.715317 35.485725 2.248084 0.000000
6.934490 35.655857 1.580480 0.000000
0.645087 33.739923 -0.011250 0.000000
0.355208 31.637377 -0.009044 0.000000
0.283677 31.571311 -0.008601 0.000000
0.790315 32.113911 -0.000239 0.000000
0.348019 30.683180 -0.000004 0.000000
0.918742 31.545443 -0.003774 0.000000
0.704909 31.338099 -0.000959 0.000000
5.146720 32.686538 2.378508 0.000000
4.109833 31.459784 2.302670 0.000000
-1.055398 31.610609 -0.016810 0.000000
-3.424549 35.624401 -0.018375 0.000000
-3.137942 35.143056 -0.055403 0.000000
-3.162703 35.313052 -0.056706 0.000000
-1.048056 31.385202 -0.012834 0.000000
-0.770381 31.812277 -0.001165 0.000000
-0.411487 32.105937 -0.004440 0.000000
-3.212304 34.284195 -0.048676 0.000000
-2.894732 33.778412 -0.044839 0.000000
-3.873856 35.612168 -0.075436 0.000000
-2.629949 33.372142 -0.041720 0.000000
-3.653693 35.624726 -0.042748 0.000000
-2.404426 33.040323 -0.039144 0.000000
-3.312800 35.107111 -0.055034 0.000000
-2.929837 34.398978 -0.049710 0.000000
-4.194401 35.638832 -0.027996 0.000000
-3.600517 34.920461 -0.053444 0.000000
-3.958313 35.634203 1.236077 0.000000
-4.146282 35.641850 1.037229 0.000000
3.382403 30.613190 2.327803 0.000000
2.720537 30.033813 2.327575 0.000000
4.590283 34.200967 2.251742 0.000000
3.660392 33.174593 -0.038697 0.000000
2.354725 30.938838 -0.047375 0.000000
4.767928 34.538480 -0.063653 0.000000
2.011511 30.135976 -0.020774 0.000000
5.747390 35.617807 -0.057932 0.000000
2.967791 31.005137 -0.003678 0.000000
3.414516 31.631294 -0.043955 0.000000
2.982644 32.202498 -0.041631 0.000000
7.308694 35.657391 1.384361 0.000000
7.561882 35.659072 1.530276 0.000000
6.382534 34.760197 -0.066174 0.000000
7.415789 35.616045 0.057036 0.000000
7.779120 35.639785 0.086082 0.000000
7.795627 35.650546 0.402692 0.000000
7.546019 35.655514 0.943577 0.000000
3.074625 30.747068 -0.021768 0.000000
2.382251 29.643363 -0.001837 0.000000
3.858351 31.328691 -0.007102 0.000000
1.946147 29.573304 -0.002583 0.000000
1.797242 29.377220 -0.014040 0.000000
1.416789 28.847929 -0.015129 0.000000
1.795068 29.131351 -0.004600 0.000000
2.584588 30.032674 -0.010371 0.000000
1.863459 29.293444 -0.001075 0.000000
-4.310667 35.639616 1.563078 0.000000
-4.340881 35.639810 1.887046 0.000000
-4.294196 35.633901 1.798388 0.000000
-4.249525 35.634426 2.050455 0.000000
-4.154176 35.631967 1.786489 0.000000
-4.061117 35.634979 1.894981 0.000000
-4.190798 35.347364 2.258879 0.000000
-3.857365 35.624756 1.752123 0.000000
-4.156111 35.625281 2.231144 0.000000
-3.781070 35.632726 1.488786 0.000000
-3.945391 35.634324 1.823065 0.000000
-4.150610 35.632802 2.029261 0.000000
-3.358290 35.626003 1.614078 0.000000
-3.594065 35.622595 1.654897 0.000000
-3.702888 35.663380 1.714987 0.000000
-3.922980 35.624581 2.076870 0.000000
-3.718992 35.669175 2.024426 0.000000
-3.663147 35.667564 1.958002 0.000000
-3.598726 35.667035 1.953230 0.000000
2.790112 29.825951 2.320121 0.000000
4.062508 31.835201 2.357507 0.000000
4.776855 33.082055 2.336167 0.000000
6.198715 35.636415 1.397517 0.000000
5.013172 33.502280 2.273279 0.000000
4.952679 33.018680 2.376712 0.000000
7.558856 35.305460 2.375447 0.000000
7.731953 35.651788 2.216445 0.000000
4.448941 32.007593 2.395745 0.000000
4.740407 32.683947 2.374430 0.000000
4.665573 32.594881 2.375561 0.000000
5.561737 33.215560 2.369887 0.000000
7.159470 35.651680 1.860036 0.000000
5.344073 32.885224 2.368856 0.000000
7.228137 35.634658 2.062590 0.000000
6.366493 34.030165 2.386281 0.000000
0.219715 32.903027 -0.003138 0.000000
0.089046 32.726172 -0.001630 0.000000
3.599412 30.848433 2.329651 0.000000
2.872265 30.236162 2.336800 0.000000
2.283004 29.507401 2.322270 0.000000
-4.380716 35.640314 1.011896 0.000000
-4.355579 35.639993 1.268896 0.000000
-2.979711 32.521432 -0.038388 0.000000
-2.820161 32.311488 -0.025951 0.000000
-2.157617 30.864983 -0.003572 0.000000
-2.496747 31.735776 -0.032562 0.000000
-1.992860 30.676144 -0.001963 0.000000
-2.205924 31.542460 -0.027384 0.000000
-2.826556 32.770133 -0.022746 0.000000
-2.695996 31.622128 -0.021222 0.000000
7.967708 35.665464 2.141449 0.000000
7.966294 35.651534 1.079551 0.000000
7.949261 35.640539 1.593853 0.000000
7.721414 35.664035 1.974179 0.000000
4.325986 34.500299 -0.055478 0.000000
2.564269 31.580743 -0.027478 0.000000
7.492176 35.652663 0.436329 0.000000
6.735121 35.629185 1.310021 0.000000
7.656900 35.633703 0.739654 0.000000
5.794639 35.641920 0.005401 0.000000
5.242555 35.652560 -0.043817 0.000000
3.712917 32.873765 -0.060549 0.000000
3.092530 31.035465 -0.011742 0.000000
2.289186 29.844997 -0.003113 0.000000
2.736241 30.212776 -0.005018 0.000000
5.825913 33.930380 -0.044450 0.000000
3.709409 31.399822 -0.004905 0.000000
2.637683 30.001041 -0.001632 0.000000
7.400067 35.632131 -0.063358 0.000000
4.467294 32.158904 -0.007787 0.000000
7.923724 35.651424 0.073995 0.000000
5.847640 34.197560 2.377919 0.000000
7.184867 34.963188 2.390065 0.000000
5.795933 33.575343 2.370887 0.000000
5.546208 33.042783 2.368121 0.000000
4.541933 32.375367 2.372206 0.000000
4.281474 31.762364 2.392738 0.000000
7.251954 35.422538 2.238537 0.000000
5.488089 34.938079 2.358192 0.000000
6.020294 34.530563 2.348825 0.000000
-4.399628 35.636350 0.890658 0.000000
-4.139280 35.641920 0.762414 0.000000
7.936528 35.649411 0.879108 0.000000
7.136773 35.667474 0.158761 0.000000
7.581878 35.650369 0.201362 0.000000
7.877770 35.635349 0.449815 0.000000
2.740587 31.318698 -0.052484 0.000000
7.587946 35.656407 1.005308 0.000000
7.944151 35.651894 1.359202 0.000000
2.657284 31.487801 -0.026316 0.000000
3.110939 32.266782 -0.032191 0.000000
3.872348 33.227395 -0.038475 0.000000
4.842763 34.619848 -0.080804 0.000000
4.765654 34.641732 -0.048080 0.000000
-1.563722 29.318152 -0.000436 0.000000
-1.486362 29.042546 -0.000588 0.000000
-1.756403 29.435032 -0.004338 0.000000
-1.036723 32.288285 -0.005654 0.000000
-0.650641 32.323801 -0.006162 0.000000
-1.021961 33.204515 -0.000356 0.000000
-3.465405 34.994689 -0.080822 0.000000
-3.056202 34.299389 -0.073003 0.000000
-2.725289 33.753138 -0.066761 0.000000
-4.299511 35.640797 0.195380 0.000000
-4.330219 35.634197 0.386285 0.000000
-4.288471 35.640329 0.451442 0.000000
-4.096250 35.633404 0.504545 0.000000
-2.539658 32.362605 -0.020120 0.000000
2.117498 29.518308 -0.000661 0.000000
2.430446 29.813395 -0.003687 0.000000
2.352870 29.504222 -0.000774 0.000000
2.164507 29.379601 -0.004989 0.000000
1.714520 28.830254 -0.004811 0.000000
-0.999899 26.784305 0.541864 0.000000
-0.999258 26.921777 0.438299 0.000000
8.278613 35.649175 0.441007 0.000000
8.712933 35.664445 0.745907 0.000000
2.728452 30.082087 0.015768 0.000000
2.141539 29.407957 0.014877 0.000000
3.040123 30.413027 -0.000102 0.000000
5.757175 33.350942 -0.014154 0.000000
3.818823 31.144647 -0.007378 0.000000
2.908150 30.020711 -0.001293 0.000000
7.822338 35.657953 0.308011 0.000000
7.904088 35.339846 -0.024028 0.000000
4.815682 31.980449 -0.013301 0.000000
8.057066 35.652438 0.335645 0.000000
8.409344 35.669659 0.177620 0.000000
5.848330 35.631574 1.071792 0.000000
3.344206 32.523817 0.008357 0.000000
4.137817 33.464951 0.005878 0.000000
5.614178 35.623299 0.602608 0.000000
7.734416 35.390177 2.379505 0.000000
8.783285 35.661690 2.359211 0.000000
7.303677 34.748641 2.377091 0.000000
7.073357 34.109507 2.376976 0.000000
8.205474 35.636931 2.146411 0.000000
8.118530 35.637781 1.531764 0.000000
8.265496 35.639312 1.151122 0.000000
7.660834 35.650489 1.716632 0.000000
8.534987 35.669817 1.049487 0.000000
7.418681 35.647160 1.880888 0.000000
7.909453 35.665025 1.658737 0.000000
8.343220 35.667427 1.493220 0.000000
8.179929 35.666556 1.831268 0.000000
8.768710 35.663235 1.603055 0.000000
7.986082 35.653168 2.388018 0.000000
-2.753364 32.209362 0.004011 0.000000
-2.597112 32.085952 0.008642 0.000000
-3.774907 34.119203 0.004688 0.000000
-2.289718 31.661913 0.005270 0.000000
-3.074423 33.124782 0.086919 0.000000
-4.457006 35.477101 0.007431 0.000000
-2.176649 30.896478 0.002002 0.000000
-2.575979 31.542940 0.008806 0.000000
-3.490164 33.201515 0.006093 0.000000
-2.374947 31.330540 0.009638 0.000000
-3.134438 32.752568 0.007006 0.000000
-4.708203 35.641196 0.008860 0.000000
-2.632123 32.093259 0.008999 0.000000
-3.977588 34.487579 0.107098 0.000000
-2.402255 31.655737 0.019334 0.000000
-3.366962 33.466037 0.092671 0.000000
-4.700420 35.634332 0.224921 0.000000
-2.912862 32.712564 0.082162 0.000000
-2.615440 31.927719 0.009310 0.000000
-3.191767 32.323699 0.004189 0.000000
-0.999901 26.992856 0.374302 0.000000
6.730306 34.562612 2.389254 0.000000
7.134412 35.161840 2.392416 0.000000
7.039081 35.631644 1.409504 0.000000
6.316651 33.843566 2.378579 0.000000
5.835717 33.433566 2.369475 0.000000
7.793033 35.595189 2.235593 0.000000
5.643108 35.639638 1.016552 0.000000
8.287738 35.562834 2.333655 0.000000
5.736568 33.126591 2.380787 0.000000
7.098229 34.695120 2.378006 0.000000
5.459152 32.737497 2.378201 0.000000
6.915750 34.178054 2.374806 0.000000
8.157526 35.658535 2.180538 0.000000
5.037404 32.367164 2.365361 0.000000
6.429175 33.789145 2.373092 0.000000
6.052429 33.149211 2.377824 0.000000
7.790814 34.835548 2.332625 0.000000
8.430498 35.641503 1.958085 0.000000
8.637473 35.662059 2.197813 0.000000
-1.969504 29.853896 0.009915 0.000000
-2.325355 30.987640 0.024577 0.000000
-3.194906 32.595632 0.003426 0.000000
-4.510971 35.642464 0.024222 0.000000
-1.783317 29.622104 0.023983 0.000000
-2.109199 30.572286 0.003106 0.000000
-4.283960 35.404418 0.108294 0.000000
-1.915255 30.253326 0.001601 0.000000
-3.652565 34.317793 0.094249 0.000000
-3.177275 33.507249 0.083867 0.000000
-2.804526 32.877270 0.075880 0.000000
-4.727321 35.641514 1.695945 0.000000
-4.684892 35.638186 1.105157 0.000000
-4.780764 35.639742 1.315522 0.000000
-4.589544 35.640460 1.630662 0.000000
-4.593143 35.635903 0.723993 0.000000
-4.484800 35.627975 1.035966 0.000000
-4.470206 35.628010 1.275035 0.000000
-4.314451 35.631576 0.657654 0.000000
2.598417 30.569220 0.020500 0.000000
7.664840 35.639312 0.211663 0.000000
2.837525 30.929504 0.040243 0.000000
8.714487 35.651860 0.564021 0.000000
8.338706 35.634987 -0.053440 0.000000
8.663984 35.651801 0.085664 0.000000
8.026353 35.649293 0.528761 0.000000
4.488800 32.401379 -0.007181 0.000000
8.276149 35.653558 0.694476 0.000000
5.887933 33.708174 -0.078770 0.000000
3.195435 30.849149 -0.003910 0.000000
8.616541 35.652101 0.831019 0.000000
7.989134 35.613956 -0.098871 0.000000
8.424221 35.650756 0.405522 0.000000
8.199887 35.651216 0.100760 0.000000
4.681819 32.366655 -0.020028 0.000000
8.495425 35.653132 0.356077 0.000000
6.125725 33.601999 -0.017333 0.000000
-4.472109 35.628163 1.517902 0.000000
4.168210 33.012001 2.368540 0.000000
6.967549 34.962380 2.342978 0.000000
6.683151 34.366630 2.380951 0.000000
3.967486 31.018599 2.372304 0.000000
3.617419 30.942677 2.330904 0.000000
3.775291 30.747390 2.329836 0.000000
3.178100 30.291560 2.341891 0.000000
6.090831 33.345723 2.371674 0.000000
5.140732 32.580776 2.367794 0.000000
5.826153 32.924810 2.372986 0.000000
4.813429 32.075353 2.363965 0.000000
4.660560 31.955383 2.364768 0.000000
3.950603 31.276549 2.302993 0.000000
4.519251 31.430863 2.331240 0.000000
2.926847 30.023597 2.329139 0.000000
5.470806 33.440169 2.336358 0.000000
5.380768 33.044698 2.380961 0.000000
4.950197 32.299399 2.366705 0.000000
4.771457 32.038791 2.365594 0.000000
3.329765 30.580689 2.327291 0.000000
4.491380 31.730512 2.362638 0.000000
4.942924 33.422862 2.336332 0.000000
4.181568 31.380105 2.288991 0.000000
3.034811 30.111391 2.330444 0.000000
2.004922 29.371442 2.318241 0.000000
-4.562203 35.635051 1.855528 0.000000
-4.654150 35.642941 2.008640 0.000000
-4.492735 35.349592 2.465880 0.000000
-4.578196 35.641327 2.025305 0.000000
-4.501032 35.619591 2.442800 0.000000
-4.272773 35.625640 2.311832 0.000000
4.028587 31.959552 -0.005000 0.000000
6.481966 34.552948 -0.001087 0.000000
3.312950 31.179943 -0.055848 0.000000
8.253741 35.634986 0.367402 0.000000
8.813854 35.652211 0.824266 0.000000
5.102758 32.939064 -0.007838 0.000000
6.802832 34.494823 -0.011759 0.000000
9.050378 35.665857 0.913598 0.000000
8.666898 35.651732 0.319835 0.000000
3.107247 31.202013 -0.048774 0.000000
3.611153 31.622922 -0.042410 0.000000
8.978674 35.652887 0.478386 0.000000
8.826891 35.665854 0.341280 0.000000
2.576719 29.635768 -0.003751 0.000000
1.906123 29.127339 -0.001402 0.000000
2.405329 29.483650 -0.000988 0.000000
1.509707 28.713838 -0.003004 0.000000
3.528506 30.420793 2.346177 0.000000
4.008502 30.905096 2.327657 0.000000
2.982185 29.821138 2.322030 0.000000
3.731083 31.003650 2.331171 0.000000
4.624562 32.270153 2.398826 0.000000
4.542040 31.953749 2.369099 0.000000
4.940871 32.553683 2.373330 0.000000
4.345428 31.581749 2.288031 0.000000
3.431130 30.629281 2.328050 0.000000
4.126727 31.168408 2.331198 0.000000
5.635985 34.497426 2.374627 0.000000
2.609267 29.617726 2.311366 0.000000
-4.956992 35.626609 1.436953 0.000000
-4.866129 35.629876 1.998598 0.000000
-4.937908 35.643673 2.249997 0.000000
-4.146305 34.303688 2.378900 0.000000
-4.799721 35.640547 1.450551 0.000000
-4.206977 34.684046 2.267437 0.000000
-4.258152 34.909844 2.382220 0.000000
-4.314557 35.239190 2.383943 0.000000
5.838329 35.625067 0.692349 0.000000
7.226583 34.851062 2.375896 0.000000
6.475195 34.144548 2.336054 0.000000
6.195929 33.707956 2.336265 0.000000
5.882565 33.132875 2.380078 0.000000
7.947537 35.655924 1.812825 0.000000
6.804393 34.286075 2.374497 0.000000
5.293603 32.254885 2.280632 0.000000
8.218535 35.666901 2.315186 0.000000
8.053339 35.655652 1.672497 0.000000
6.675068 35.644975 1.185788 0.000000
6.849490 34.763068 2.246391 0.000000
5.161129 32.157038 2.373586 0.000000
8.923666 35.663259 2.392322 0.000000
6.383357 33.397059 2.377738 0.000000
7.994330 34.996170 2.388499 0.000000
5.821036 32.664779 2.293858 0.000000
7.593128 34.372237 2.383740 0.000000
7.143876 33.799321 2.381162 0.000000
-2.287077 31.193073 -0.015732 0.000000
-3.058382 33.014709 -0.038043 0.000000
-2.388845 30.605580 -0.003657 0.000000
-4.811503 35.633152 -0.017214 0.000000
-1.948099 29.872565 -0.002404 0.000000
-3.176856 32.068065 -0.012358 0.000000
-4.741734 35.633605 -0.020175 0.000000
-1.792683 29.652460 -0.001767 0.000000
-2.119828 30.424179 -0.009166 0.000000
-4.012100 34.505965 -0.076431 0.000000
-2.462357 31.574888 -0.026492 0.000000
-3.482538 33.671894 -0.067433 0.000000
-4.886448 35.637968 0.842529 0.000000
-4.917525 35.629680 1.041197 0.000000
-4.651145 35.635099 0.472859 0.000000
-4.607179 35.636788 0.898971 0.000000
-4.466592 35.627983 0.464867 0.000000
-0.999977 27.006244 0.404265 0.000000
-5.033278 35.630587 0.686762 0.000000
-4.992384 35.628274 0.431357 0.000000
-5.035532 35.639045 0.905635 0.000000
-4.898040 35.629349 0.773586 0.000000
-4.739015 35.636921 0.781897 0.000000
-5.089697 35.630313 1.103324 0.000000
0.736529 32.481505 -0.000089 0.000000
0.723792 31.577150 -0.003515 0.000000
0.152903 31.175392 -0.004075 0.000000
0.498730 35.045100 -0.009337 0.000000
-0.345780 33.784953 -0.004366 0.000000
-0.033912 33.701963 -0.003696 0.000000
5.450222 32.435878 2.370040 0.000000
5.264186 32.054099 2.296804 0.000000
4.712925 31.635181 2.332462 0.000000
5.053092 31.974596 2.282546 0.000000
4.287099 31.356240 2.332746 0.000000
4.383198 31.124182 2.300261 0.000000
8.495915 35.659711 2.167195 0.000000
6.782196 34.629855 2.335709 0.000000
7.987834 35.446078 2.346615 0.000000
7.521868 34.678833 2.378520 0.000000
8.993250 35.470124 2.368660 0.000000
7.133446 35.265599 2.378659 0.000000
6.298721 33.668456 2.387387 0.000000
7.203142 34.201341 2.347565 0.000000
8.389248 34.912258 2.395492 0.000000
5.973358 33.211735 2.384461 0.000000
6.936829 33.611076 2.379820 0.000000
5.783036 32.947343 2.370239 0.000000
6.557520 33.170645 2.376671 0.000000
6.219662 34.825751 2.335930 0.000000
1.608298 28.808992 2.313449 0.000000
1.689032 28.641023 2.315675 0.000000
2.154256 29.091889 2.320869 0.000000
2.235345 29.233570 2.321774 0.000000
3.250729 30.227738 2.332903 0.000000
-5.150169 35.630129 1.737715 0.000000
-4.606790 35.644193 2.255096 0.000000
-4.515776 35.634884 2.260330 0.000000
-4.653961 35.642760 1.977930 0.000000
-4.992002 35.629531 1.668784 0.000000
-5.146384 35.630045 2.072301 0.000000
-5.026734 35.646113 2.231518 0.000000
-4.414890 34.480202 2.292691 0.000000
-4.527872 34.898772 2.302110 0.000000
-4.652740 35.229663 2.359646 0.000000
9.068316 35.664483 1.776495 0.000000
8.620413 35.663300 1.103576 0.000000
8.529853 35.654283 1.404066 0.000000
9.147732 35.658790 1.203181 0.000000
9.225481 35.531753 1.079293 0.000000
8.929265 35.657166 1.605548 0.000000
9.237989 35.514195 1.431264 0.000000
8.376764 35.653584 1.288026 0.000000
9.218080 35.541220 1.933604 0.000000
7.930678 35.651002 0.611071 0.000000
8.362632 35.650584 0.168082 0.000000
8.096110 35.641610 0.922769 0.000000
8.084111 35.641285 1.186347 0.000000
8.557333 35.655253 0.855602 0.000000
8.807397 35.655821 0.761040 0.000000
9.243998 35.600875 0.538121 0.000000
-2.051619 30.009606 -0.005611 0.000000
-2.226143 30.321007 -0.018255 0.000000
-1.875498 30.060314 -0.010516 0.000000
-2.207308 30.469719 -0.001761 0.000000
-1.794027 29.839805 0.028183 0.000000
-2.051744 30.209322 -0.014842 0.000000
2.767750 30.267091 0.030484 0.000000
3.227235 30.705649 -0.000683 0.000000
2.596145 29.872616 0.009498 0.000000
2.842672 30.184745 0.023895 0.000000
4.781378 31.997678 -0.011105 0.000000
3.321032 30.431805 0.014675 0.000000
2.553166 29.607168 0.005429 0.000000
2.165949 29.191357 0.010215 0.000000
6.067475 32.998599 -0.007557 0.000000
4.118496 30.886837 -0.007284 0.000000
8.199083 34.725696 -0.011475 0.000000
5.011855 33.994292 2.362763 0.000000
3.931623 30.901059 2.330548 0.000000
3.668710 30.508920 2.312922 0.000000
1.957810 28.918384 2.318470 0.000000
3.516806 30.304009 2.334532 0.000000
2.481212 29.459084 2.324927 0.000000
3.205403 30.060089 2.345394 0.000000
4.002837 30.621739 2.351239 0.000000
4.966134 34.019393 2.347318 0.000000
5.348788 35.207833 2.249991 0.000000
6.142508 35.223091 2.254820 0.000000
5.870352 34.649697 2.366486 0.000000
5.414117 33.808811 2.326308 0.000000
-3.881683 34.490018 2.209093 0.000000
-4.364271 35.260707 2.195862 0.000000
-3.791239 33.948671 2.217116 0.000000
-3.850206 34.211063 2.213187 0.000000
-3.921179 34.882375 2.203290 0.000000
-3.963206 35.231230 2.198042 0.000000
-3.783891 33.690384 2.220742 0.000000
-4.612927 34.409519 2.387269 0.000000
-4.043315 33.493819 2.331494 0.000000
-3.525119 32.481973 2.237893 0.000000
-5.001148 35.629489 1.996808 0.000000
-4.811652 34.952287 2.198491 0.000000
-4.091635 33.700049 2.332236 0.000000
-3.569441 32.695695 2.234961 0.000000
-4.876290 35.323666 2.192717 0.000000
-4.140069 33.915806 2.332987 0.000000
-3.786622 32.987911 2.373848 0.000000
-5.225072 35.601473 2.053658 0.000000
-4.940340 35.629253 2.031157 0.000000
-4.236504 34.378004 2.334521 0.000000
-3.658279 33.157502 2.228502 0.000000
-4.202150 34.598580 2.380541 0.000000
-3.749392 33.447691 2.224219 0.000000
-1.173590 28.337738 0.784747 0.000000
6.703965 35.233206 2.369085 0.000000
6.479574 34.847295 2.262760 0.000000
6.200524 34.339531 2.388892 0.000000
5.904369 33.864681 2.386131 0.000000
7.485907 35.635211 2.278434 0.000000
3.110716 29.901590 2.322927 0.000000
4.791282 31.548599 2.298872 0.000000
5.686965 32.398017 2.370760 0.000000
4.597608 31.297391 2.333202 0.000000
5.414365 32.072376 2.369200 0.000000
5.162221 31.699057 2.386661 0.000000
4.222000 30.851471 2.332166 0.000000
7.361590 35.113558 2.386840 0.000000
6.811669 34.431461 2.387382 0.000000
5.279988 32.687255 2.366742 0.000000
6.734438 34.180422 2.376789 0.000000
6.307467 33.590314 2.370436 0.000000
4.867583 31.993114 2.299350 0.000000
-5.484500 35.638790 1.082888 0.000000
-5.426195 35.603920 1.787367 0.000000
-5.446853 35.606788 1.439618 0.000000
-5.276817 35.604306 1.704239 0.000000
-5.282248 35.607136 1.359629 0.000000
-5.108650 35.627113 1.509068 0.000000
-5.361685 35.617403 0.613495 0.000000
-5.345151 35.631689 0.817611 0.000000
-5.102520 35.627349 1.264912 0.000000
-5.117763 35.631316 0.441912 0.000000
0.058238 34.597349 -0.007783 0.000000
0.157844 34.673580 -0.008034 0.000000
0.429232 35.510318 -0.008662 0.000000
-0.854140 33.648492 -0.006951 0.000000
-1.069363 34.298140 -0.053238 0.000000
-0.505614 33.918043 -0.005165 0.000000
-0.333911 34.177766 -0.004141 0.000000
-4.559894 35.637190 0.934712 0.000000
-4.515718 35.628202 0.353043 0.000000
-1.053609 33.953784 -0.003885 0.000000
-4.544829 35.456815 2.192179 0.000000
-4.468340 34.619383 2.302858 0.000000
-4.499066 35.105244 2.197566 0.000000
-3.817457 33.944548 2.217069 0.000000
-3.912037 34.783073 2.204762 0.000000
-3.693620 32.650836 2.369770 0.000000
-3.771175 32.506744 2.382881 0.000000
-4.352152 33.801898 2.374626 0.000000
-5.547970 35.637163 1.816687 0.000000
-5.169751 35.355237 2.190983 0.000000
-4.349980 34.101076 2.304156 0.000000
-3.714313 33.215802 2.227511 0.000000
-5.338738 35.602786 1.910506 0.000000
-3.941077 35.090910 2.200182 0.000000
-3.968271 35.414137 2.195345 0.000000
4.290406 33.581146 -0.084528 0.000000
-2.799679 32.230494 -0.097647 0.000000
-4.909960 35.561865 -0.167208 0.000000
-2.819439 32.072963 -0.024629 0.000000
-4.425263 34.620775 -0.148431 0.000000
-5.322755 35.630073 0.199492 0.000000
-2.033552 30.625938 -0.009977 0.000000
-3.666406 33.464614 -0.124243 0.000000
-5.092228 35.635444 -0.018867 0.000000
-1.902897 30.510468 -0.008092 0.000000
-3.133129 32.688055 -0.030009 0.000000
-2.672128 32.123624 -0.034039 0.000000
-3.833877 34.021988 -0.050200 0.000000
-3.299625 32.933434 -0.045654 0.000000
9.240205 35.587895 0.902472 0.000000
9.218129 35.337442 0.474958 0.000000
9.216699 35.108654 0.636123 0.000000
8.830651 35.639754 1.507319 0.000000
9.239153 35.490787 1.367920 0.000000
9.259437 35.005542 1.184298 0.000000
9.244995 35.254940 1.459481 0.000000
9.266114 35.067246 1.778781 0.000000
8.011619 35.659824 0.790668 0.000000
9.245383 35.216156 1.929448 0.000000
9.238644 35.017982 2.182581 0.000000
-4.041588 33.469529 -0.126450 0.000000
-3.460343 32.783628 -0.032621 0.000000
-5.528722 35.637628 -0.054364 0.000000
-1.089881 28.290345 0.347644 0.000000
-4.726422 34.786250 -0.152939 0.000000
-3.850319 33.679564 -0.050483 0.000000
-5.291699 35.636482 -0.023532 0.000000
-2.541734 31.244759 -0.001734 0.000000
-1.440841 28.987801 -0.000641 0.000000
-5.245127 35.609936 1.022515 0.000000
-1.125890 28.326689 0.587142 0.000000
-5.262350 35.627626 1.584844 0.000000
-4.942278 35.626814 1.200629 0.000000
0.518370 34.036217 -0.004936 0.000000
0.765349 34.313071 -0.006042 0.000000
1.088910 34.915229 -0.003238 0.000000
1.034004 34.468972 -0.116310 0.000000
-0.036739 34.542456 -0.007620 0.000000
-0.327959 33.069521 -0.012342 0.000000
0.093144 34.205749 -0.116634 0.000000
-1.083947 35.064833 -0.030605 0.000000
-1.087929 34.737265 -0.001330 0.000000
4.923064 31.477036 2.382936 0.000000
6.097553 32.524357 2.273252 0.000000
4.829392 31.718103 2.284217 0.000000
7.175025 34.224256 2.276909 0.000000
8.516879 34.816744 2.387284 0.000000
7.831220 34.261132 2.391944 0.000000
6.556191 33.264535 2.287543 0.000000
7.540828 33.663287 2.393063 0.000000
6.353134 32.981198 2.377374 0.000000
7.902222 35.391043 2.263333 0.000000
8.218746 35.657800 1.986267 0.000000
6.060388 35.633515 1.171157 0.000000
-4.536817 34.980164 -0.050021 0.000000
-2.772073 31.467794 -0.003928 0.000000
-3.626796 33.933226 -0.029823 0.000000
-3.286750 32.460399 -0.039821 0.000000
-3.361602 33.024901 -0.043731 0.000000
-3.046942 31.736345 -0.006418 0.000000
-4.578400 34.264712 -0.124868 0.000000
-2.782624 31.317793 -0.020032 0.000000
-3.903046 33.283781 -0.037973 0.000000
-2.450595 30.861560 -0.000637 0.000000
9.272108 35.004230 1.933937 0.000000
8.544140 35.639545 1.324898 0.000000
8.953801 35.670733 1.870006 0.000000
8.669770 35.642725 1.257475 0.000000
9.226775 35.633447 2.066881 0.000000
9.246943 35.459783 2.246470 0.000000
9.210500 35.653277 1.654916 0.000000
8.976454 34.931768 2.296560 0.000000
5.953103 35.643912 0.226522 0.000000
8.367314 35.637945 1.714513 0.000000
5.866014 35.642389 0.136406 0.000000
1.301926 28.561080 -0.000286 0.000000
1.655905 28.750220 -0.003492 0.000000
1.425128 28.575861 -0.000541 0.000000
3.315660 30.884737 -0.011027 0.000000
4.086217 31.471504 -0.014882 0.000000
5.117271 32.431256 -0.047245 0.000000
2.896578 30.590826 -0.022374 0.000000
6.899987 33.944683 -0.060684 0.000000
3.542973 30.940095 -0.030268 0.000000
8.969174 35.622831 -0.027623 0.000000
3.948035 30.800992 -0.006006 0.000000
9.220272 35.184506 0.150441 0.000000
4.995953 31.435509 -0.010354 0.000000
6.308408 32.578384 -0.043659 0.000000
8.093587 34.207675 -0.080413 0.000000
4.280030 31.556647 -0.038205 0.000000
9.243568 35.637247 0.050495 0.000000
5.477318 32.524323 -0.046887 0.000000
9.242462 35.351807 0.286472 0.000000
7.419951 34.098222 -0.060324 0.000000
3.738960 30.813737 -0.010949 0.000000
9.243909 35.181940 0.569111 0.000000
9.269596 35.482845 -0.005135 0.000000
4.466817 31.440282 -0.040958 0.000000
9.244407 35.335317 0.075243 0.000000
5.845869 32.551105 -0.045502 0.000000
3.226202 30.364804 -0.002616 0.000000
-1.200820 28.557122 -0.008548 0.000000
1.905835 28.968029 0.019628 0.000000
1.715227 28.740482 0.010983 0.000000
2.363307 29.521358 0.013706 0.000000
4.504446 32.161758 0.051378 0.000000
3.061673 30.645684 0.004558 0.000000
5.744559 33.197853 0.014973 0.000000
3.864756 31.196906 0.002381 0.000000
3.605917 31.290492 0.064523 0.000000
7.683778 34.862315 0.001074 0.000000
4.817602 31.948624 0.004723 0.000000
3.425135 30.457957 0.006064 0.000000
2.740386 29.723515 0.003835 0.000000
8.856813 35.646627 0.106632 0.000000
6.322223 33.171639 0.029881 0.000000
4.270846 31.167459 0.037007 0.000000
3.307480 30.125417 0.015088 0.000000
9.153193 35.646985 0.276752 0.000000
8.853857 35.126793 0.000290 0.000000
5.448524 32.068671 0.044036 0.000000
3.106038 30.922871 0.021241 0.000000
9.214694 34.649288 0.588927 0.000000
3.934113 30.767635 0.062812 0.000000
9.219607 35.575368 0.310263 0.000000
7.530628 33.498923 0.001748 0.000000
5.074142 31.319204 0.063085 0.000000
9.242276 34.855974 0.379641 0.000000
9.213074 34.470705 0.065745 0.000000
9.215699 34.703935 0.705478 0.000000
2.408636 29.490088 0.013515 0.000000
2.350011 29.373552 0.013832 0.000000
6.678233 32.286531 0.706334 0.000000
9.246505 34.797463 0.027333 0.000000
9.215104 34.562699 0.259198 0.000000
9.238267 35.346737 1.063267 0.000000
9.242938 34.956162 0.710455 0.000000
9.217347 34.525832 0.443526 0.000000
9.214398 34.769457 0.903724 0.000000
9.243318 35.091891 0.228318 0.000000
9.213901 34.714650 1.339678 0.000000
6.673460 32.501991 0.876073 0.000000
9.231527 34.428378 1.431949 0.000000
6.686082 32.474488 1.277493 0.000000
4.075155 31.111143 0.037125 0.000000
5.198778 32.795267 0.002614 0.000000
3.473075 31.140753 0.014012 0.000000
6.934010 34.351238 0.074002 0.000000
4.449159 31.765645 0.023329 0.000000
5.915101 32.817033 0.024557 0.000000
8.115552 34.610464 0.007508 0.000000
5.074351 31.948078 0.017093 0.000000
9.212921 35.655252 0.225124 0.000000
7.051583 33.200769 0.005780 0.000000
9.013574 35.652977 0.730433 0.000000
-1.482241 28.956324 0.018755 0.000000
-1.696815 29.048939 -0.000454 0.000000
-1.783905 29.215761 -0.003225 0.000000
2.690496 31.075796 0.011564 0.000000
4.124509 31.800424 0.024865 0.000000
3.207406 30.295403 0.016470 0.000000
2.760426 29.481170 0.012097 0.000000
4.029369 30.677787 0.013918 0.000000
3.075755 29.977358 0.007164 0.000000
2.483222 29.355706 0.013242 0.000000
3.791020 30.228734 0.019488 0.000000
6.432364 32.328553 0.071605 0.000000
2.961627 29.851890 0.002121 0.000000
-4.128138 33.216569 -0.019500 0.000000
-5.980205 35.631347 -0.074155 0.000000
-4.901854 34.285953 -0.064552 0.000000
-6.155760 35.649294 0.122322 0.000000
-5.879911 35.635030 0.141858 0.000000
-5.678770 35.630405 -0.028263 0.000000
-5.969472 35.647997 0.347369 0.000000
-5.121004 35.029437 -0.069760 0.000000
-4.996532 35.215378 -0.019930 0.000000
-2.689084 31.812271 -0.030226 0.000000
-3.818289 33.976584 -0.040825 0.000000
-3.062813 32.447124 -0.040990 0.000000
-5.419207 35.621824 0.071309 0.000000
-2.845940 31.672885 -0.009679 0.000000
-4.251734 33.845238 -0.057258 0.000000
-5.611077 35.621709 0.140421 0.000000
-3.631351 33.005534 -0.048158 0.000000
-5.799893 35.646788 0.265359 0.000000
-3.107610 32.390090 -0.028265 0.000000
-5.112835 35.403915 -0.071983 0.000000
-2.957276 31.900668 -0.024593 0.000000
-4.007144 34.042815 -0.042322 0.000000
-3.521747 33.161304 -0.034935 0.000000
6.703084 33.413326 2.378983 0.000000
9.207472 34.646399 1.941175 0.000000
7.518403 34.439107 2.382196 0.000000
8.425995 34.753365 2.388186 0.000000
9.212779 34.843764 2.337209 0.000000
9.206324 34.423903 2.085139 0.000000
7.089554 33.896354 2.380592 0.000000
7.868013 34.111342 2.386106 0.000000
8.894688 34.427792 2.373069 0.000000
9.239440 34.379357 2.309098 0.000000
7.565711 33.526694 2.258607 0.000000
8.383703 33.643884 2.383354 0.000000
6.402887 32.853807 2.270374 0.000000
7.126408 33.087719 2.263160 0.000000
7.770063 33.097354 2.377910 0.000000
6.047830 32.755758 2.380158 0.000000
6.731543 32.696831 2.267109 0.000000
8.051053 35.650646 1.353173 0.000000
8.647701 35.655345 1.442391 0.000000
8.147465 35.659013 2.282864 0.000000
9.208511 35.664919 1.966789 0.000000
9.225036 35.308176 1.670700 0.000000
9.207335 35.438199 2.111871 0.000000
9.263228 34.851918 1.625934 0.000000
5.943842 32.361794 2.292487 0.000000
6.588968 32.314870 2.398824 0.000000
5.746394 31.999314 2.329756 0.000000
5.535789 31.734840 2.388547 0.000000
5.322932 31.201874 2.312984 0.000000
3.659636 32.710162 -0.004936 0.000000
5.873283 35.644418 0.488316 0.000000
5.836357 35.646280 0.835167 0.000000
1.576947 28.585356 0.025200 0.000000
-5.724216 35.641101 0.794025 0.000000
-6.018486 35.648856 1.236205 0.000000
-6.059579 35.648867 0.901238 0.000000
-5.844290 35.647545 1.140563 0.000000
-6.141565 35.649228 0.432709 0.000000
-5.817574 35.633795 0.711577 0.000000
-5.753621 35.640503 1.030170 0.000000
-5.849753 35.619210 0.527482 0.000000
-5.584468 35.639813 0.940171 0.000000
-5.547062 35.640355 0.711892 0.000000
-5.490137 35.619531 0.377648 0.000000
-5.202457 35.617568 0.543630 0.000000
-5.314615 35.619672 0.307931 0.000000
-3.509693 34.239405 -0.052132 0.000000
-3.088692 33.592783 -0.045862 0.000000
-2.752614 33.086515 -0.040829 0.000000
-4.499181 34.560130 -0.059331 0.000000
-5.010574 35.631435 0.141174 0.000000
-4.963271 35.628942 0.085188 0.000000
-4.403251 35.631216 -0.042645 0.000000
-4.101687 35.172417 -0.024258 0.000000
5.159998 33.007234 2.364316 0.000000
6.053969 34.196027 2.385457 0.000000
5.531819 32.345629 2.295449 0.000000
3.826320 30.646743 2.312792 0.000000
4.708478 31.022047 2.351729 0.000000
2.815190 29.615771 2.331426 0.000000
3.931086 30.413949 2.337158 0.000000
4.495985 30.853519 2.350111 0.000000
5.704301 32.752973 2.372618 0.000000
3.764591 30.285060 2.335740 0.000000
4.243750 30.603666 2.314496 0.000000
2.683933 29.556703 2.327444 0.000000
3.529659 30.101997 2.349409 0.000000
2.459207 29.211813 2.324826 0.000000
9.049585 35.682220 0.148777 0.000000
4.007051 31.588734 0.025401 0.000000
5.217906 32.497607 0.055795 0.000000
3.032056 30.515192 0.017761 0.000000
7.308844 34.022684 0.071300 0.000000
3.735215 30.986394 0.003276 0.000000
9.244098 35.597962 0.135079 0.000000
6.136198 32.608199 0.031769 0.000000
9.217094 34.931185 0.547944 0.000000
8.643423 34.737066 0.004453 0.000000
4.783281 32.094691 0.025222 0.000000
6.405815 33.509090 0.000941 0.000000
3.275087 30.881374 0.047810 0.000000
9.214053 34.552257 1.048890 0.000000
9.215582 34.805157 0.093232 0.000000
5.208690 31.877429 0.005153 0.000000
6.678444 32.224625 0.974083 0.000000
9.224811 34.525386 0.772694 0.000000
9.218897 34.657337 0.247324 0.000000
6.687356 32.214104 0.580534 0.000000
6.689355 32.304870 0.236675 0.000000
7.086031 32.913498 2.334817 0.000000
9.037119 34.429696 2.394107 0.000000
6.695392 32.535378 2.333292 0.000000
8.560299 33.756284 2.394522 0.000000
5.944548 31.938217 2.335980 0.000000
-2.231585 30.020597 -0.007998 0.000000
-2.951259 31.116630 -0.020047 0.000000
-1.804480 29.593540 -0.000756 0.000000
-2.085527 29.921306 -0.004912 0.000000
-2.617206 30.978778 -0.004093 0.000000
-1.916362 29.731430 -0.004762 0.000000
-2.535434 30.387999 -0.021815 0.000000
-3.230411 31.541927 -0.008135 0.000000
7.696307 35.658802 1.318653 0.000000
4.657652 33.989748 -0.010124 0.000000
8.746291 34.687486 2.387657 0.000000
8.849260 35.657006 1.025780 0.000000
7.374727 33.550164 2.384071 0.000000
9.246170 35.248354 2.370755 0.000000
6.934511 33.055596 2.382071 0.000000
9.022742 35.664019 2.095677 0.000000
6.582110 32.454630 2.372413 0.000000
8.057250 34.022673 2.253343 0.000000
6.041997 32.024445 2.335772 0.000000
7.763973 33.518838 2.330075 0.000000
9.205792 34.738401 2.231234 0.000000
7.568882 35.649425 0.607850 0.000000
8.828065 35.662846 2.072951 0.000000
8.558755 35.638770 1.603088 0.000000
9.062194 35.493895 2.390319 0.000000
8.387643 35.655012 0.958397 0.000000
8.384362 34.781456 2.362867 0.000000
2.353611 29.169451 2.323494 0.000000
1.449981 28.763697 2.311082 0.000000
1.488553 28.409670 2.314267 0.000000
1.414963 28.837329 2.310045 0.000000
6.474018 33.954872 2.384840 0.000000
5.950561 35.498405 2.348135 0.000000
6.640706 35.420168 2.353143 0.000000
6.097996 34.364048 2.354000 0.000000
3.068245 29.676241 2.314584 0.000000
5.340374 31.959586 2.332098 0.000000
4.937753 31.205835 2.353366 0.000000
-5.821809 35.647775 1.249066 0.000000
-6.141250 35.651159 1.734956 0.000000
-5.789934 35.608958 1.261568 0.000000
-5.832836 35.648448 1.514816 0.000000
-6.011169 35.650707 1.914572 0.000000
-5.774187 35.647410 1.470845 0.000000
-5.929200 35.650214 1.944168 0.000000
-5.835896 35.401221 2.344110 0.000000
-5.724065 35.648089 1.683539 0.000000
-5.873833 35.650986 2.346375 0.000000
-5.574475 35.638599 1.323010 0.000000
-5.993962 35.651070 2.091413 0.000000
-5.763829 35.648781 1.841921 0.000000
-0.421788 34.215585 -0.036973 0.000000
-4.605295 33.932867 2.330245 0.000000
-4.495961 33.281321 2.395624 0.000000
-4.677811 33.750217 2.399047 0.000000
-5.738511 34.862368 2.322626 0.000000
-5.722190 35.221531 2.386218 0.000000
-4.668084 34.178780 2.330940 0.000000
-5.724892 35.649640 2.240778 0.000000
-4.846310 34.435123 2.301548 0.000000
-5.663255 35.602003 2.086432 0.000000
-4.854918 34.986752 2.333088 0.000000
-5.440403 35.635952 2.089944 0.000000
-5.056130 35.028722 2.299490 0.000000
-5.121009 35.594839 2.297978 0.000000
-4.586645 35.372866 2.291646 0.000000
-4.914245 34.704314 2.300760 0.000000
-4.971948 35.110509 2.355011 0.000000
-5.051675 35.283333 2.298978 0.000000
-4.080506 33.389745 2.389780 0.000000
-3.832434 32.260138 2.385088 0.000000
-5.559823 34.749062 2.297848 0.000000
-4.585497 33.509378 2.397332 0.000000
-3.900512 32.415857 2.387725 0.000000
-5.598561 35.183272 2.390491 0.000000
-3.830429 32.667327 2.384260 0.000000
-5.720111 35.537515 2.393708 0.000000
-3.890967 32.835504 2.385641 0.000000
-5.491865 35.600628 2.225879 0.000000
-4.750888 34.259701 2.352259 0.000000
4.478811 31.011481 0.015613 0.000000
5.979204 31.899078 0.014325 0.000000
6.677833 32.328752 0.089494 0.000000
6.690848 32.463963 0.111837 0.000000
4.438562 31.382064 0.002877 0.000000
2.734146 29.868521 0.000786 0.000000
5.605742 32.287589 0.027503 0.000000
8.171103 33.932557 0.059283 0.000000
3.990232 30.984267 0.023122 0.000000
5.153295 31.504848 0.075559 0.000000
3.127252 30.002461 0.018029 0.000000
6.674210 32.508942 0.288615 0.000000
6.966394 32.707242 0.010153 0.000000
3.766902 30.419728 0.006019 0.000000
6.900440 33.099109 0.020624 0.000000
3.472136 30.674861 0.005226 0.000000
9.188145 35.640887 1.427621 0.000000
9.246248 35.441537 1.795099 0.000000
9.222565 35.636924 1.443714 0.000000
3.086370 31.451298 0.046776 0.000000
3.179909 31.256710 0.010709 0.000000
9.226288 34.544869 1.215821 0.000000
7.103250 32.428194 2.328185 0.000000
8.957677 33.867118 2.399716 0.000000
6.679282 32.206024 1.427334 0.000000
8.347463 33.242378 2.384231 0.000000
6.678778 32.304539 1.621238 0.000000
6.679393 32.330551 1.315111 0.000000
9.264332 34.460470 1.934887 0.000000
6.686718 32.063276 1.492290 0.000000
9.245031 35.363118 0.962240 0.000000
9.227620 35.647401 1.030761 0.000000
9.223346 35.264343 1.233649 0.000000
9.241799 35.605454 0.645154 0.000000
9.266699 34.874758 1.934726 0.000000
9.221262 35.005915 1.387007 0.000000
8.672104 34.059057 2.330037 0.000000
9.267324 34.688604 2.088790 0.000000
9.224669 34.923065 1.481785 0.000000
8.050610 33.418752 2.277007 0.000000
9.263758 34.653677 1.780721 0.000000
9.242989 34.867289 1.267126 0.000000
7.566767 32.836649 2.329338 0.000000
-2.304247 29.851451 0.018518 0.000000
-2.978343 30.687450 0.023396 0.000000
-1.718141 29.179579 0.034623 0.000000
-1.846745 29.361406 0.026349 0.000000
-2.066418 29.675366 0.020463 0.000000
-2.543688 30.494359 0.002977 0.000000
-1.665557 29.392402 0.028616 0.000000
-1.942692 29.670692 0.021607 0.000000
-2.371088 30.265527 0.024543 0.000000
2.863059 31.510783 0.016731 0.000000
-1.401066 29.380328 0.034211 0.000000
-1.861545 29.549824 0.025334 0.000000
-2.079804 30.009551 0.024417 0.000000
-1.767975 29.529742 0.026908 0.000000
2.193253 28.929749 0.017926 0.000000
2.868918 29.515788 2.329578 0.000000
-4.907910 33.669162 2.376869 0.000000
-5.176218 34.097903 2.327467 0.000000
-6.041852 35.219441 2.388271 0.000000
-5.095254 34.220915 2.382381 0.000000
-6.156235 35.652504 2.201164 0.000000
-5.353005 34.681293 2.328663 0.000000
-6.297919 35.652547 1.851154 0.000000
-5.386148 35.166417 2.391556 0.000000
-6.319076 35.651999 1.563056 0.000000
-5.485683 35.517277 2.394895 0.000000
-6.151029 35.650565 1.453913 0.000000
-5.986285 35.649793 1.622849 0.000000
-5.249137 35.600131 2.235992 0.000000
-4.370887 35.587179 2.385709 0.000000
-4.188323 34.141666 2.333749 0.000000
-4.679707 34.681494 2.390095 0.000000
-3.929011 33.552509 2.380449 0.000000
-4.915868 35.281047 2.333831 0.000000
-5.580406 34.852695 2.383864 0.000000
-3.656369 32.206313 2.380127 0.000000
-6.369798 35.652755 2.305151 0.000000
-4.284483 33.228086 2.374583 0.000000
-5.368487 34.537102 2.384511 0.000000
-4.323746 32.859931 2.392219 0.000000
-4.414271 33.667357 2.379392 0.000000
-5.530829 35.324385 2.329890 0.000000
-4.441422 34.063187 2.376577 0.000000
-3.952743 33.011466 2.387020 0.000000
-3.881272 33.355962 2.378180 0.000000
-3.483916 31.568748 2.328467 0.000000
-3.551989 31.695685 2.329067 0.000000
-4.136838 32.554015 2.390549 0.000000
-3.504623 31.926414 2.378553 0.000000
-4.348432 32.673603 2.280111 0.000000
-3.769474 32.131196 2.284555 0.000000
-5.185756 33.880541 2.377229 0.000000
-6.274557 35.643378 1.066939 0.000000
-6.221894 35.618821 0.692049 0.000000
-6.007362 35.648779 1.090242 0.000000
-6.316562 35.650484 0.521449 0.000000
-6.259266 35.649163 0.148823 0.000000
-6.005349 35.621433 0.290139 0.000000
-6.034252 35.619025 0.607741 0.000000
-5.833333 35.647352 0.996576 0.000000
-5.855093 35.248149 0.024135 0.000000
-4.780999 33.882842 0.052544 0.000000
-5.668436 35.619378 0.450834 0.000000
-2.876111 32.471042 0.003384 0.000000
-3.856494 34.601881 0.007628 0.000000
-3.393372 33.935630 0.007895 0.000000
-2.989154 33.187243 0.020817 0.000000
-2.662057 32.690692 0.020238 0.000000
-4.501519 34.495635 0.003985 0.000000
-4.016257 33.061306 0.045355 0.000000
-3.504195 32.298038 0.041281 0.000000
-3.094808 31.891671 0.037790 0.000000
-5.015855 35.628538 0.349458 0.000000
-2.730595 31.510376 0.025380 0.000000
-3.932623 33.764814 0.005097 0.000000
-2.543220 31.189268 0.024744 0.000000
-3.237453 32.820467 0.008118 0.000000
5.561896 32.825426 2.368021 0.000000
5.382574 32.453129 2.375672 0.000000
8.326642 35.376101 2.379872 0.000000
7.913476 34.621012 2.369866 0.000000
7.342781 34.092730 2.393285 0.000000
5.791994 32.567916 2.367539 0.000000
6.941991 33.596644 2.390169 0.000000
7.485798 35.650444 2.054215 0.000000
3.636480 30.062824 2.319999 0.000000
4.231837 30.431059 2.339536 0.000000
4.814826 30.818946 2.314642 0.000000
3.501209 29.803770 2.313837 0.000000
4.166901 30.231223 2.359944 0.000000
5.171616 31.285480 2.334932 0.000000
6.656322 33.105612 2.288039 0.000000
6.382891 32.630514 2.331862 0.000000
4.606254 31.215176 2.333305 0.000000
5.435458 31.506850 2.335319 0.000000
3.261437 29.800616 2.326471 0.000000
4.584112 30.714638 2.342100 0.000000
6.031377 35.641825 0.906021 0.000000
6.572543 35.053395 2.377495 0.000000
-0.999918 27.399905 0.405131 0.000000
-0.999844 27.398029 0.380845 0.000000
2.052919 28.950222 2.319775 0.000000
3.542891 29.602700 2.336235 0.000000
5.669438 31.284747 2.365431 0.000000
5.058476 31.001497 2.313915 0.000000
4.408009 31.026001 2.332771 0.000000
4.720472 30.617980 2.361585 0.000000
4.106807 30.552179 2.338569 0.000000
7.315940 33.200340 2.377917 0.000000
6.860999 32.656752 2.328484 0.000000
7.601030 32.887491 2.332857 0.000000
6.161458 32.300203 2.397359 0.000000
6.392459 31.985394 2.336551 0.000000
6.736956 31.802557 2.371902 0.000000
5.983228 31.688974 2.339952 0.000000
8.718471 35.662748 1.906364 0.000000
8.097137 35.022809 2.386473 0.000000
9.112412 35.664024 2.249628 0.000000
9.216270 35.301548 2.068982 0.000000
7.675916 34.579104 2.326592 0.000000
8.760679 35.043841 2.326212 0.000000
9.244564 34.996964 2.063470 0.000000
8.215719 34.365781 2.328179 0.000000
7.741699 33.638687 2.380932 0.000000
-3.199327 33.691137 -0.028239 0.000000
-3.591929 34.645641 -0.033697 0.000000
-3.935029 35.468399 -0.038272 0.000000
-4.949526 35.630730 0.382619 0.000000
-4.379443 35.591105 -0.039119 0.000000
-3.702180 34.496685 -0.032944 0.000000
-4.213244 34.800725 -0.034838 0.000000
-6.504452 35.616716 1.306767 0.000000
-5.665968 35.632837 0.959774 0.000000
-6.532873 35.626160 0.786613 0.000000
-6.719105 35.625818 0.886079 0.000000
-6.543444 35.633545 0.872604 0.000000
-6.788718 35.660126 1.211376 0.000000
-6.469067 35.619641 1.007891 0.000000
2.592791 29.144940 2.326605 0.000000
-5.135262 34.945306 2.383526 0.000000
-5.252661 35.294848 2.385775 0.000000
-4.450792 32.874936 2.278305 0.000000
-4.408705 33.065154 2.393920 0.000000
-4.607736 33.495587 2.373254 0.000000
-5.312655 34.184165 2.379378 0.000000
-4.807777 34.022281 2.377190 0.000000
-6.653753 35.608705 2.175657 0.000000
-5.963606 34.719519 2.357489 0.000000
-4.953789 33.451564 2.374033 0.000000
-6.480155 35.609406 2.057602 0.000000
-6.152896 35.190241 2.325284 0.000000
-5.191545 33.605319 2.270696 0.000000
3.022903 30.226634 -0.000590 0.000000
2.880698 29.925819 -0.007200 0.000000
4.589878 31.398137 -0.014731 0.000000
3.473924 30.213136 -0.006717 0.000000
2.678012 29.627141 -0.004391 0.000000
5.928281 32.233338 -0.057082 0.000000
4.063101 30.686644 -0.013658 0.000000
3.010284 29.805736 -0.001529 0.000000
7.877016 33.662095 -0.027274 0.000000
5.321099 31.409856 -0.015945 0.000000
2.082577 29.726452 -0.000624 0.000000
3.985181 30.317722 -0.015500 0.000000
3.166350 29.625538 -0.007580 0.000000
6.683030 32.206081 -0.024237 0.000000
4.800287 30.902470 -0.003827 0.000000
3.757160 30.182962 -0.010043 0.000000
6.682489 32.000214 0.160246 0.000000
6.446909 31.815934 -0.017608 0.000000
6.683212 32.057906 0.375791 0.000000
6.691011 32.009981 0.512932 0.000000
6.690525 31.809179 0.406812 0.000000
2.313387 29.037567 0.010375 0.000000
-2.603956 30.502298 -0.024167 0.000000
-3.271633 31.390933 -0.023909 0.000000
-2.933132 30.878878 -0.001380 0.000000
-3.717190 31.709233 -0.000540 0.000000
-2.433650 30.454630 -0.022120 0.000000
-3.173197 31.199905 -0.010720 0.000000
-2.776719 30.729611 -0.028978 0.000000
3.029911 31.738307 -0.015848 0.000000
6.076390 33.486305 -0.017366 0.000000
8.563200 35.634437 -0.035068 0.000000
5.225104 32.341669 -0.020049 0.000000
7.087484 33.769117 -0.027777 0.000000
9.244913 35.412530 0.427499 0.000000
3.629604 31.531153 -0.007005 0.000000
7.675315 35.632596 -0.033573 0.000000
9.229439 35.495052 0.629437 0.000000
9.234559 34.438419 1.713618 0.000000
6.685938 32.198636 1.111977 0.000000
6.685125 32.459228 1.593664 0.000000
6.686900 32.191934 1.391948 0.000000
6.695015 31.895029 1.530489 0.000000
9.238597 33.892766 2.150968 0.000000
9.240006 33.718260 2.296696 0.000000
9.262751 35.054229 1.471818 0.000000
6.676239 32.414184 0.462057 0.000000
9.228683 34.381273 1.169014 0.000000
6.684852 32.094398 0.920199 0.000000
6.702157 32.446359 1.160771 0.000000
1.216458 28.336050 2.203026 0.000000
-3.723385 31.601336 2.342668 0.000000
-4.374456 32.212089 2.348490 0.000000
-3.788806 31.877509 2.330622 0.000000
-4.516839 32.504432 2.336339 0.000000
-5.363702 33.524231 2.372818 0.000000
-5.491908 33.823123 2.375626 0.000000
-6.772020 35.473247 2.322084 0.000000
-5.474501 34.376249 2.342351 0.000000
-4.770081 33.391191 2.323284 0.000000
-6.634605 35.607168 2.336975 0.000000
-1.148546 28.351809 0.988862 0.000000
-5.724292 34.619103 2.361863 0.000000
-3.680292 31.401079 2.298404 0.000000
-4.408891 34.353509 2.303540 0.000000
-4.647123 35.502673 2.300397 0.000000
-4.024319 32.901675 2.367321 0.000000
-5.892457 35.007380 2.321808 0.000000
-4.985826 33.933401 2.324324 0.000000
-4.015904 33.196021 2.388400 0.000000
-6.301923 35.653396 2.160829 0.000000
-5.191013 34.519478 2.385309 0.000000
-4.265936 33.556320 2.372729 0.000000
-4.233356 33.632097 2.305207 0.000000
-6.156117 35.652044 2.035773 0.000000
-4.190082 32.023972 2.347168 0.000000
-6.850457 35.649641 2.371486 0.000000
-5.618698 34.250317 2.325329 0.000000
-4.976347 33.108427 2.335593 0.000000
-4.126898 32.201619 2.332522 0.000000
-4.733945 32.912930 2.337139 0.000000
-3.930292 31.851350 2.344795 0.000000
-5.729461 33.925213 2.339601 0.000000
-6.363409 35.415214 2.388429 0.000000
-6.843278 35.656634 1.634375 0.000000
-7.054525 35.617544 1.357420 0.000000
-6.618872 35.612700 1.745370 0.000000
-6.456362 35.653958 1.971807 0.000000
-6.558477 35.652936 1.550620 0.000000
-6.252332 35.651114 1.771700 0.000000
0.104211 34.694560 0.005312 0.000000
-0.119943 35.113996 0.004643 0.000000
0.328071 35.157402 0.004521 0.000000
0.213425 35.484354 0.004058 0.000000
-5.834724 34.245342 2.380922 0.000000
-6.003188 34.607917 2.383337 0.000000
2.684738 29.305022 2.327536 0.000000
6.394796 35.243121 2.370023 0.000000
6.109811 34.708831 2.368941 0.000000
-3.738691 31.903535 0.093903 0.000000
-2.427815 30.236269 0.022257 0.000000
-3.348754 31.561811 0.039076 0.000000
-5.637416 34.161432 0.113594 0.000000
-2.240893 30.066342 0.023312 0.000000
-2.837187 30.837748 0.013863 0.000000
-4.568050 32.950988 0.114251 0.000000
-2.137776 29.808878 0.014789 0.000000
-2.691698 30.727171 0.011293 0.000000
-3.343884 31.329869 0.012426 0.000000
-3.124566 30.820338 0.009521 0.000000
-2.938833 30.449644 0.020337 0.000000
-3.451958 31.291227 0.004521 0.000000
-4.732954 32.859087 0.004543 0.000000
-3.946531 32.024074 0.006246 0.000000
7.507299 32.604530 2.280762 0.000000
9.269837 33.945578 2.230295 0.000000
6.679175 31.966092 1.649491 0.000000
9.084370 33.756081 2.384203 0.000000
9.248145 33.243569 2.300548 0.000000
7.803103 33.105399 2.381034 0.000000
8.554183 33.059716 2.272545 0.000000
9.053442 34.268923 2.385799 0.000000
7.972840 32.432396 2.367308 0.000000
7.125409 32.209328 2.337261 0.000000
9.232803 34.230270 1.578779 0.000000
6.678921 32.288812 1.138240 0.000000
9.235880 34.251768 1.860037 0.000000
6.693907 31.822392 1.379731 0.000000
6.669868 31.708334 1.498829 0.000000
6.554644 31.591350 2.360451 0.000000
2.940044 31.203032 0.011803 0.000000
9.005457 35.656680 1.028103 0.000000
3.998245 31.609173 0.047302 0.000000
3.052424 31.161957 0.021042 0.000000
5.057053 32.416233 0.010137 0.000000
6.919208 34.116488 0.032076 0.000000
5.657169 33.681059 2.380112 0.000000
1.855996 28.685109 2.317952 0.000000
5.650708 33.365109 2.376924 0.000000
6.736614 33.217585 2.267104 0.000000
5.806887 33.705619 2.364177 0.000000
5.738657 32.048085 2.334905 0.000000
6.382799 34.712867 2.388284 0.000000
8.432690 35.660456 2.361949 0.000000
6.340676 32.196253 2.331828 0.000000
3.860973 30.053032 2.328141 0.000000
4.502571 30.474313 2.359330 0.000000
4.326239 30.212408 2.321801 0.000000
3.912900 30.308762 2.351861 0.000000
3.799452 29.804443 2.315288 0.000000
5.252326 31.579668 2.335670 0.000000
5.611528 31.422733 2.311816 0.000000
5.350330 31.016106 2.354698 0.000000
5.163130 30.931275 2.343476 0.000000
3.306112 29.642302 2.338601 0.000000
3.066379 29.470527 2.331710 0.000000
-6.921630 35.615408 1.541149 0.000000
-6.710777 35.616090 1.420894 0.000000
-6.811505 35.612000 1.865456 0.000000
-6.253202 35.650295 0.999318 0.000000
-6.660399 35.618988 1.119246 0.000000
-6.364462 35.651726 1.291596 0.000000
-6.430135 35.613353 1.630508 0.000000
-6.871743 35.663938 0.891738 0.000000
-6.990423 35.660755 1.329183 0.000000
-7.029423 35.657119 1.755328 0.000000
-3.445579 33.941628 0.007436 0.000000
-3.040413 33.331516 0.008180 0.000000
-3.566415 34.622026 0.007399 0.000000
-5.462064 35.632530 0.570050 0.000000
2.922264 29.287849 0.011609 0.000000
8.520226 32.830528 2.369266 0.000000
4.866546 31.086635 2.313003 0.000000
4.657099 30.927482 2.357127 0.000000
4.918388 30.759235 2.342170 0.000000
4.126168 30.069997 2.329747 0.000000
2.981142 29.297771 2.330895 0.000000
-3.646179 32.101797 0.043324 0.000000
-5.575390 35.122867 0.000789 0.000000
-3.130683 31.740986 0.025754 0.000000
-4.590809 33.879798 0.005010 0.000000
-2.949059 31.246140 0.037236 0.000000
-3.810261 33.111115 0.025016 0.000000
-2.415681 30.995907 0.032164 0.000000
-3.348567 32.203474 0.037825 0.000000
-2.252088 30.775252 0.023300 0.000000
-2.969891 31.824768 0.035048 0.000000
-6.274046 35.073636 0.002129 0.000000
-6.974409 35.628325 0.683056 0.000000
-6.942398 35.654829 0.498361 0.000000
-6.675673 35.653065 0.710222 0.000000
-6.981359 35.655042 0.175184 0.000000
-6.775030 35.631580 0.262943 0.000000
-6.564674 35.628993 0.479990 0.000000
-4.141658 32.023392 0.010835 0.000000
-3.786777 33.560448 0.006622 0.000000
-6.541573 35.652008 0.301685 0.000000
-3.502152 31.540145 0.007816 0.000000
-5.169754 33.656270 0.128769 0.000000
-3.192210 31.059256 0.012684 0.000000
-4.266667 32.643792 0.047395 0.000000
-2.402256 31.224954 0.010555 0.000000
-1.904580 30.014573 0.020344 0.000000
-2.842069 32.387705 0.007852 0.000000
-2.247505 31.552020 0.005613 0.000000
7.130750 34.459138 2.373456 0.000000
6.747605 33.906315 2.371987 0.000000
6.083714 32.969877 2.369033 0.000000
7.670652 35.011829 2.334933 0.000000
6.996774 31.905973 2.362398 0.000000
4.272537 30.815174 0.004801 0.000000
5.549156 31.777714 0.042352 0.000000
3.894523 30.494170 0.017629 0.000000
4.997100 31.291700 0.073019 0.000000
6.690082 31.874312 0.624454 0.000000
3.797310 30.632046 0.022712 0.000000
4.782195 31.215892 0.030936 0.000000
6.258375 32.419539 0.020020 0.000000
6.690358 31.870531 0.174084 0.000000
4.742163 30.800135 0.005125 0.000000
6.690656 31.946025 0.302457 0.000000
6.117263 31.693590 0.019595 0.000000
6.676691 31.648907 0.242727 0.000000
-2.366881 29.600682 0.019247 0.000000
-1.594475 28.798633 0.030587 0.000000
8.532159 35.651135 0.655406 0.000000
4.965985 32.851648 0.021034 0.000000
6.731497 34.425460 0.024412 0.000000
5.359984 32.902037 0.021578 0.000000
9.256503 34.698652 1.074172 0.000000
9.265626 34.089716 2.241237 0.000000
9.232626 34.323579 1.759619 0.000000
9.003367 33.829917 2.386751 0.000000
7.823282 32.613005 2.379039 0.000000
7.233642 32.361274 2.341016 0.000000
9.093261 33.562174 2.384331 0.000000
7.348122 34.782915 0.038676 0.000000
9.133794 35.667124 0.483785 0.000000
9.264953 34.273634 2.087631 0.000000
-0.999966 27.590338 0.421386 0.000000
-0.999910 27.596802 0.397931 0.000000
5.246618 31.783521 0.043002 0.000000
7.274503 33.002231 0.040948 0.000000
3.507659 30.381304 0.010603 0.000000
4.481414 30.867432 0.053498 0.000000
2.946767 29.664333 0.003472 0.000000
4.135585 30.832449 0.033931 0.000000
6.681711 31.511090 0.222424 0.000000
5.826542 31.609933 0.066267 0.000000
3.436086 30.023721 0.004535 0.000000
4.222500 30.550358 0.046587 0.000000
6.673888 31.732827 0.733223 0.000000
5.566654 31.361627 0.003640 0.000000
6.683268 31.452845 0.958515 0.000000
6.673552 31.422277 0.663417 0.000000
6.675404 31.687574 0.460174 0.000000
2.524490 29.153405 0.008600 0.000000
2.829751 29.442972 0.011868 0.000000
1.901142 28.771524 0.009361 0.000000
3.569371 29.600841 0.009686 0.000000
4.749047 30.620013 0.021293 0.000000
3.424506 29.952040 0.017304 0.000000
5.999641 31.480539 0.031544 0.000000
4.429874 30.354851 0.026591 0.000000
6.677772 31.790171 0.133013 0.000000
5.768122 31.146244 0.045907 0.000000
1.213811 28.301597 0.021501 0.000000
7.181341 32.895575 0.053604 0.000000
9.215058 34.206634 0.104486 0.000000
9.218909 34.292696 0.598824 0.000000
6.688263 32.440761 0.678809 0.000000
6.217963 33.594246 0.063905 0.000000
3.950376 31.559912 0.010296 0.000000
4.939460 32.336745 0.080273 0.000000
3.593017 30.947912 0.004187 0.000000
6.683868 32.008168 0.717369 0.000000
4.362679 31.524637 0.038408 0.000000
9.002346 35.513073 0.045130 0.000000
7.756582 33.942873 0.039412 0.000000
5.160348 31.671203 0.026108 0.000000
6.693160 31.861197 1.123601 0.000000
6.681964 31.467085 0.440169 0.000000
6.692507 31.895078 0.875781 0.000000
6.672911 31.795275 0.935710 0.000000
6.683924 31.429971 1.190866 0.000000
6.670408 31.605752 1.332775 0.000000
6.684774 31.524688 1.319229 0.000000
-1.757796 28.999036 0.027994 0.000000
-2.186240 29.582070 0.021069 0.000000
-1.918065 29.190838 0.021347 0.000000
9.208328 32.834261 2.310341 0.000000
6.686647 31.294406 1.315570 0.000000
6.689592 31.684553 1.655758 0.000000
6.684679 31.402524 1.430824 0.000000
9.222093 33.020408 2.251482 0.000000
6.733263 31.318636 1.604795 0.000000
8.849345 32.504595 2.384528 0.000000
9.227737 34.334674 1.352756 0.000000
6.671979 31.656113 1.044840 0.000000
9.226000 34.303406 0.921983 0.000000
7.667677 34.010312 0.019000 0.000000
7.046744 33.055958 0.019158 0.000000
5.515562 32.435153 0.015620 0.000000
9.256172 34.922432 0.916570 0.000000
5.499459 33.358608 0.013212 0.000000
3.795214 31.404052 0.022664 0.000000
7.456505 35.072102 0.015745 0.000000
4.723612 32.248416 0.028716 0.000000
8.872852 35.567549 0.019577 0.000000
3.206892 29.533522 2.333122 0.000000
2.330166 28.820230 2.324019 0.000000
7.554609 35.080136 2.374915 0.000000
5.122408 31.518194 2.334405 0.000000
5.419377 31.081713 2.364257 0.000000
5.965958 30.819178 2.358901 0.000000
5.341104 30.812116 2.366393 0.000000
5.417338 30.631297 2.365934 0.000000
5.067118 30.636540 2.363885 0.000000
4.815321 30.476793 2.361470 0.000000
8.286832 33.582044 2.381192 0.000000
6.719720 32.963525 2.372585 0.000000
7.393671 32.936934 2.335655 0.000000
7.988805 32.857070 2.254391 0.000000
6.208058 32.573494 2.362427 0.000000
6.988948 32.574328 2.337138 0.000000
7.319850 32.448146 2.376360 0.000000
6.486654 32.004356 2.361865 0.000000
6.820395 32.026425 2.342042 0.000000
7.376869 31.907817 2.376754 0.000000
6.035122 31.694755 2.336440 0.000000
6.444413 31.724627 2.342802 0.000000
6.885181 31.587824 2.348221 0.000000
5.941644 31.508070 2.366587 0.000000
6.051988 31.282555 2.369156 0.000000
4.344495 30.045503 2.320918 0.000000
7.190768 33.242406 2.366034 0.000000
-2.854993 31.493007 -0.010514 0.000000
-2.549992 31.099104 -0.017029 0.000000
-3.069273 31.475548 -0.008813 0.000000
-6.556782 35.631860 0.165862 0.000000
-2.665445 31.047006 -0.002826 0.000000
-3.818379 32.663799 -0.018567 0.000000
-3.429677 32.053678 -0.015003 0.000000
-5.747075 35.031465 -0.032879 0.000000
-4.589563 33.608397 -0.024479 0.000000
-3.268564 31.994003 -0.014095 0.000000
-4.772783 33.621495 -0.025271 0.000000
-7.046169 35.670050 0.430981 0.000000
-4.101896 32.317513 -0.015491 0.000000
-6.933970 35.646074 -0.000841 0.000000
-7.309054 35.674449 0.222644 0.000000
-3.550929 31.686129 -0.001622 0.000000
-5.897368 34.589924 -0.032371 0.000000
-7.136214 35.655444 0.214086 0.000000
-7.535206 35.635715 0.566144 0.000000
-3.006624 31.221793 -0.008258 0.000000
-4.801663 33.376136 -0.024728 0.000000
-4.025417 32.402162 -0.017754 0.000000
-6.761878 35.653529 0.076279 0.000000
-6.848344 35.669351 0.330683 0.000000
-2.564130 30.727028 -0.003441 0.000000
-3.482214 31.874521 -0.012807 0.000000
-5.996887 34.971326 -0.011665 0.000000
-7.359931 35.638532 -0.030613 0.000000
-7.418483 35.653265 0.086673 0.000000
-5.749324 34.079928 -0.010854 0.000000
-4.795744 32.853036 -0.005867 0.000000
-7.121756 35.651483 0.075080 0.000000
8.294602 35.023044 2.382894 0.000000
7.873095 34.524131 2.377617 0.000000
9.267993 34.508722 2.241478 0.000000
7.464990 33.884592 2.375717 0.000000
8.029021 33.813599 2.392196 0.000000
8.866591 34.130539 2.384719 0.000000
8.933168 35.664621 1.270290 0.000000
6.771365 31.327862 0.769160 0.000000
6.681130 31.415002 0.125791 0.000000
5.334441 31.329351 0.038055 0.000000
5.739592 31.779347 0.017350 0.000000
4.069383 30.577580 0.015895 0.000000
3.231344 29.908478 0.025128 0.000000
2.748970 29.311656 0.012199 0.000000
4.058531 30.285660 0.013920 0.000000
3.286675 29.768793 0.001639 0.000000
5.000150 30.971073 0.025508 0.000000
3.806166 29.886577 0.016484 0.000000
5.155845 30.519606 0.012948 0.000000
1.788661 28.552266 0.024922 0.000000
3.098799 29.580832 0.010933 0.000000
-3.579053 34.407010 -0.020376 0.000000
-7.091742 35.664699 1.009340 0.000000
-7.271912 35.665801 1.166048 0.000000
-6.713420 34.689602 2.341010 0.000000
-6.985564 35.139925 2.340755 0.000000
-7.494903 35.644532 2.050565 0.000000
-7.054031 35.410837 2.314329 0.000000
-7.218994 35.657576 1.881726 0.000000
-7.156096 35.653433 2.284009 0.000000
-7.522078 35.642749 1.645486 0.000000
-7.093009 35.674381 1.899753 0.000000
-6.815591 35.652742 2.037131 0.000000
-7.239966 35.669111 1.437242 0.000000
0.870314 35.036432 -0.001241 0.000000
-0.973914 34.181666 -0.002917 0.000000
0.285356 33.528887 -0.000783 0.000000
0.411117 33.934815 -0.004527 0.000000
0.605244 35.177140 -0.018660 0.000000
-0.402439 33.705896 -0.006497 0.000000
0.194708 33.132306 -0.013397 0.000000
6.682783 32.040905 1.622861 0.000000
7.377062 32.008361 2.320150 0.000000
9.187060 33.324810 2.399434 0.000000
6.974339 31.693142 2.319562 0.000000
8.411282 32.758356 2.381941 0.000000
6.471347 31.314363 2.346950 0.000000
7.872867 32.260198 2.378405 0.000000
6.082604 31.040696 2.371424 0.000000
6.680320 32.413599 1.627365 0.000000
9.227454 35.254600 0.771239 0.000000
9.225500 35.018930 0.912272 0.000000
9.242046 34.630033 1.418966 0.000000
9.235914 34.867662 1.124357 0.000000
8.975888 32.957181 2.268941 0.000000
9.222632 34.401456 0.914015 0.000000
8.261231 32.299527 2.338460 0.000000
9.243038 32.874989 2.095533 0.000000
5.099057 32.836152 0.056526 0.000000
7.100808 34.631467 0.011046 0.000000
3.512364 31.285351 0.050144 0.000000
4.376845 32.077829 0.013421 0.000000
8.130305 35.155842 0.018555 0.000000
3.778697 29.614510 2.338210 0.000000
2.715583 29.192244 2.328017 0.000000
4.762409 30.559577 2.360578 0.000000
3.925757 29.857383 2.318044 0.000000
4.581047 30.329820 2.359117 0.000000
8.023266 35.321946 2.380049 0.000000
8.042338 34.229577 2.396664 0.000000
5.833067 32.001893 2.392784 0.000000
6.371632 32.344080 2.270571 0.000000
6.124917 31.970857 2.326786 0.000000
8.491468 35.330594 2.371921 0.000000
6.312508 33.160032 2.373878 0.000000
7.282119 33.812356 2.379386 0.000000
6.858522 33.314799 2.377656 0.000000
8.757522 34.924181 2.381391 0.000000
-7.508026 35.634727 0.333611 0.000000
-7.248142 35.670739 0.535402 0.000000
-6.090425 34.015925 -0.029256 0.000000
-7.334373 35.654074 0.192560 0.000000
-3.701126 31.179768 -0.041569 0.000000
-4.965976 32.915533 -0.022136 0.000000
-3.148858 30.823119 -0.000763 0.000000
-4.185888 32.185056 -0.034328 0.000000
-6.551036 35.054487 -0.001487 0.000000
-3.591751 32.567201 -0.015558 0.000000
-3.789993 32.251989 -0.015504 0.000000
-2.904631 30.408615 -0.004867 0.000000
-5.230320 33.815226 -0.025394 0.000000
-4.375371 32.856438 -0.038897 0.000000
-5.860884 35.391639 -0.078771 0.000000
-3.330630 31.758088 -0.012078 0.000000
-4.848346 34.092606 -0.024554 0.000000
-2.920692 31.269461 -0.005294 0.000000
-1.021851 32.063018 -0.016631 0.000000
-6.646196 35.643261 1.834039 0.000000
-6.124964 34.184053 2.381225 0.000000
-7.016930 35.658002 2.047855 0.000000
-6.291156 34.725234 2.294701 0.000000
-6.629368 35.039293 2.386914 0.000000
-7.382812 35.661162 2.322574 0.000000
-7.196288 35.661357 1.452748 0.000000
-7.262867 35.513188 2.352159 0.000000
-5.811297 33.610397 2.337605 0.000000
-4.480232 33.903158 2.381924 0.000000
-5.797131 34.192058 2.378196 0.000000
-4.945717 33.327791 2.373104 0.000000
-4.162481 32.626229 2.389231 0.000000
-5.948418 34.531323 2.381170 0.000000
-5.063567 33.595645 2.375140 0.000000
-6.179140 34.997015 2.385836 0.000000
-4.337300 33.027843 2.392782 0.000000
-6.272553 35.284061 2.387612 0.000000
-5.241679 33.008381 2.354513 0.000000
-3.846443 31.706766 2.343600 0.000000
-4.441392 32.126433 2.348365 0.000000
-4.558839 32.317054 2.349657 0.000000
-4.680703 32.519902 2.350947 0.000000
-5.466005 33.576478 2.336613 0.000000
-5.726948 33.749245 2.318128 0.000000
-3.727058 31.258976 2.351422 0.000000
-3.501796 31.068663 2.347941 0.000000
-4.190350 31.909387 2.324118 0.000000
-5.155644 32.755423 2.327263 0.000000
-4.286837 32.069567 2.324026 0.000000
-5.109829 33.021516 2.336163 0.000000
-6.115003 35.590238 2.347801 0.000000
-6.266652 34.307389 2.337541 0.000000
-5.281836 33.287514 2.336430 0.000000
-6.537917 34.870422 2.351601 0.000000
-4.534603 32.631825 2.334270 0.000000
-6.795652 35.347510 2.342297 0.000000
-3.959990 32.123275 2.333530 0.000000
-4.738636 33.020088 2.398729 0.000000
5.900855 33.258270 0.064453 0.000000
8.403672 35.406211 0.011674 0.000000
6.880062 33.830550 0.010649 0.000000
8.001774 32.381498 2.316719 0.000000
6.295078 31.027328 2.360942 0.000000
7.640048 31.714673 2.380392 0.000000
9.242862 32.719919 2.250708 0.000000
6.735432 31.297913 1.599299 0.000000
7.145451 31.275061 2.364431 0.000000
8.762346 32.377088 2.304463 0.000000
6.656675 31.258008 2.363055 0.000000
9.260340 33.282883 2.169286 0.000000
8.881732 33.207198 2.321623 0.000000
8.390030 32.688973 2.338020 0.000000
7.698645 32.021040 2.278763 0.000000
7.048419 31.767257 2.363570 0.000000
8.911494 32.726497 2.337857 0.000000
3.526483 31.471614 0.044547 0.000000
-2.062290 29.382581 0.004519 0.000000
-3.181476 31.355508 0.000287 0.000000
-2.636145 31.000589 0.036036 0.000000
-2.756672 30.191729 0.030251 0.000000
-3.311119 30.852364 0.023295 0.000000
-4.253207 32.148975 0.007194 0.000000
-6.460058 34.993890 0.005931 0.000000
-2.484890 29.875447 0.017210 0.000000
-3.639724 31.701782 0.016837 0.000000
-5.286442 33.745605 0.006388 0.000000
-2.652447 30.275281 0.021243 0.000000
-2.473714 30.011938 0.030317 0.000000
-3.842950 32.289396 0.099225 0.000000
-3.421011 31.776150 0.008250 0.000000
-7.876839 35.658649 0.327382 0.000000
-7.624563 35.637941 0.379434 0.000000
-4.276679 31.741005 0.010345 0.000000
-6.063083 33.873717 0.005812 0.000000
-2.929648 30.383032 0.020281 0.000000
-3.653021 31.348184 0.011506 0.000000
-4.997827 32.856778 0.006468 0.000000
8.119643 35.408390 2.371518 0.000000
6.942571 31.316117 0.939844 0.000000
6.772256 31.301422 0.506887 0.000000
6.845296 31.311760 0.456064 0.000000
6.688888 31.331658 0.879460 0.000000
3.131919 30.293565 0.000052 0.000000
4.399584 30.655535 0.010060 0.000000
5.711484 31.342586 0.065479 0.000000
6.834165 31.299856 1.036730 0.000000
4.626369 31.096352 0.054573 0.000000
6.379746 32.160036 0.009931 0.000000
-5.898764 34.837320 2.384872 0.000000
-7.269107 35.677218 2.041873 0.000000
-5.881112 35.235359 2.322979 0.000000
-4.913031 34.310646 2.379239 0.000000
-4.978514 32.567470 2.325956 0.000000
-5.090557 32.816313 2.338618 0.000000
-7.560631 35.559491 2.317017 0.000000
-6.366538 34.590688 2.383990 0.000000
-5.391839 33.674404 2.324438 0.000000
-7.545912 35.643850 2.321904 0.000000
-5.394582 35.599717 2.324470 0.000000
-4.088060 31.508001 2.356122 0.000000
-4.148130 31.710084 2.297788 0.000000
-4.819212 32.265170 2.295288 0.000000
-4.246575 31.864938 2.297270 0.000000
1.722141 28.552712 2.316719 0.000000
7.821519 33.410579 2.367578 0.000000
9.025435 34.713087 2.371723 0.000000
5.521928 31.834949 2.335077 0.000000
8.214998 34.130761 2.384163 0.000000
5.724902 31.752534 2.335605 0.000000
7.410440 34.008887 2.367914 0.000000
5.442565 31.351594 2.355934 0.000000
8.812407 35.108726 2.372027 0.000000
9.205077 35.005475 2.399161 0.000000
4.127401 29.802327 2.316638 0.000000
4.709856 30.239153 2.332147 0.000000
3.124211 29.356291 2.332349 0.000000
3.435429 29.487311 2.335290 0.000000
4.479793 30.111452 2.331561 0.000000
5.932831 31.225941 2.346003 0.000000
5.372172 30.610065 2.372025 0.000000
2.095529 28.643555 2.321563 0.000000
-2.476704 31.847317 0.004841 0.000000
-4.903641 34.915169 0.006975 0.000000
-4.186697 34.003767 0.007300 0.000000
-3.652426 33.333381 0.007692 0.000000
-7.881816 35.646808 2.323608 0.000000
-7.686078 35.645658 2.184251 0.000000
-7.945477 35.645082 1.919217 0.000000
-7.731306 35.643902 1.779217 0.000000
-7.690179 35.641903 1.346020 0.000000
-7.442186 35.671905 1.568219 0.000000
-6.767300 35.628676 0.579135 0.000000
-7.997800 35.637915 0.822568 0.000000
-7.435077 35.658510 1.137045 0.000000
-7.566638 35.639729 0.897072 0.000000
-7.359882 35.657757 0.713797 0.000000
-7.047933 35.655740 0.914935 0.000000
-7.186070 35.627940 0.791687 0.000000
2.209708 28.990539 0.018058 0.000000
4.224584 30.090262 0.016588 0.000000
5.423353 30.723066 0.029296 0.000000
-0.999890 27.792157 0.429713 0.000000
-0.999954 27.798771 0.383235 0.000000
5.336274 30.975854 -0.010535 0.000000
3.814619 30.038269 -0.012474 0.000000
4.940852 30.496380 -0.008424 0.000000
3.662097 29.639412 -0.010596 0.000000
3.164277 29.345616 0.010851 0.000000
6.466291 31.183747 -0.013976 0.000000
4.662499 30.148561 -0.003098 0.000000
6.726236 31.298262 0.212853 0.000000
6.961506 31.231848 0.006329 0.000000
6.897720 31.295371 0.336974 0.000000
9.231864 32.236286 0.054201 0.000000
9.240405 32.213199 0.587977 0.000000
3.486936 30.077063 -0.011393 0.000000
4.254980 30.479127 -0.013683 0.000000
3.366126 29.724575 -0.004374 0.000000
2.437169 28.852514 2.325295 0.000000
6.507848 35.380830 2.335517 0.000000
-4.150595 33.799164 0.001634 0.000000
-2.623595 31.682264 0.005536 0.000000
-3.611745 33.117461 0.002572 0.000000
-4.873686 34.721365 0.000585 0.000000
-4.859829 35.046269 -0.000156 0.000000
-2.861003 32.182045 0.004219 0.000000
-4.087699 33.996408 0.001072 0.000000
-6.346902 35.650638 0.209821 0.000000
-4.671109 34.121500 0.048147 0.000000
-4.061524 33.332649 0.002640 0.000000
-3.575239 32.765580 0.003444 0.000000
-3.287581 33.047598 0.002319 0.000000
-3.828716 33.812486 0.001137 0.000000
7.519286 33.337585 2.336411 0.000000
6.539311 32.616996 2.380101 0.000000
7.186605 32.636701 2.336577 0.000000
6.784950 32.308217 2.336500 0.000000
5.352603 31.760254 2.295668 0.000000
8.162228 34.768827 2.334778 0.000000
8.720504 35.482815 2.333735 0.000000
7.259419 34.428668 2.335566 0.000000
6.884630 33.903648 2.336009 0.000000
7.668212 34.143800 2.335536 0.000000
8.568039 34.432569 2.334784 0.000000
6.546651 33.435937 2.336283 0.000000
7.995466 33.667137 2.392050 0.000000
-8.120458 35.640563 1.366569 0.000000
-7.905361 35.639393 1.217364 0.000000
-8.157769 35.644315 1.626871 0.000000
-7.694560 35.638250 1.073928 0.000000
-7.921076 35.643095 1.482962 0.000000
-7.796104 35.660794 0.950001 0.000000
-7.341544 35.657954 0.965369 0.000000
-7.708526 35.671443 1.422575 0.000000
-7.465075 35.640738 1.215650 0.000000
-8.061494 35.662811 0.949788 0.000000
-7.911282 35.661405 0.625882 0.000000
-8.269936 35.670125 1.100648 0.000000
-7.763738 35.636800 0.691113 0.000000
-7.811542 35.640918 1.027702 0.000000
-8.321645 35.670309 1.541417 0.000000
-3.353081 30.863236 2.344845 0.000000
-3.390095 30.519403 2.354018 0.000000
-3.795113 31.107345 2.350940 0.000000
-3.352111 30.617844 2.315152 0.000000
-3.943317 31.008784 2.319145 0.000000
-4.531801 31.729667 2.361201 0.000000
-3.987173 31.366873 2.354376 0.000000
-4.524137 31.831607 2.361330 0.000000
-3.960853 31.424900 2.298578 0.000000
-5.270541 32.696609 2.353816 0.000000
-4.692159 32.071299 2.296213 0.000000
-3.147639 30.272009 2.320321 0.000000
-3.112049 30.518029 2.311892 0.000000
-6.356097 35.163803 2.318968 0.000000
-5.343348 33.881412 2.321484 0.000000
-6.530699 35.582136 2.319116 0.000000
-5.443713 34.507243 2.381584 0.000000
-4.845489 32.868041 2.335341 0.000000
-5.417301 33.024513 2.337246 0.000000
-4.698211 32.351867 2.350634 0.000000
-3.543194 31.367125 2.321046 0.000000
-5.639933 33.222304 2.356615 0.000000
-5.943108 34.187746 2.263571 0.000000
-6.107815 34.342269 2.296401 0.000000
-5.053653 33.340464 2.273410 0.000000
-4.250036 32.483975 2.281753 0.000000
-4.587390 35.192724 2.301291 0.000000
-6.456748 35.607907 2.212967 0.000000
-5.759379 34.478245 2.381641 0.000000
-6.137208 34.544977 2.259513 0.000000
-6.277073 34.968678 2.294165 0.000000
-6.425028 35.363087 2.292496 0.000000
-5.557127 33.617293 2.339472 0.000000
-7.585886 34.914556 2.257155 0.000000
-6.116678 33.531147 2.327755 0.000000
-5.024411 32.551130 2.327619 0.000000
-7.785152 35.229262 2.364975 0.000000
-6.328290 33.841610 2.326768 0.000000
-7.709754 35.609139 2.369017 0.000000
-6.460104 34.278561 2.341123 0.000000
6.659650 32.444787 -0.016499 0.000000
8.551022 34.736061 -0.025129 0.000000
5.530774 32.116873 -0.010172 0.000000
3.099360 30.139924 -0.004674 0.000000
7.343188 33.337842 -0.019826 0.000000
3.620733 30.507468 -0.006258 0.000000
4.734096 30.973413 -0.008608 0.000000
6.292586 31.835944 -0.014389 0.000000
2.966858 30.276582 -0.002581 0.000000
3.475990 30.772378 -0.004541 0.000000
6.185248 33.016845 -0.016621 0.000000
4.272858 31.299822 -0.008149 0.000000
9.224547 32.217213 1.246240 0.000000
9.232745 32.250847 1.410328 0.000000
6.901135 31.334011 1.402827 0.000000
9.223627 32.209278 1.820460 0.000000
7.039783 31.276588 0.688633 0.000000
6.683070 31.317509 1.073579 0.000000
-3.011014 30.502665 0.016705 0.000000
-2.815260 30.031113 0.014722 0.000000
-3.971777 31.166338 0.011176 0.000000
4.223698 29.886509 2.318977 0.000000
3.882140 29.614469 2.339023 0.000000
2.915013 29.003514 2.330547 0.000000
-3.512386 31.047197 0.008587 0.000000
-3.144400 30.610092 0.023231 0.000000
-3.730611 31.060750 0.023467 0.000000
-3.321762 30.672717 0.019563 0.000000
-4.330901 31.405117 0.035874 0.000000
-5.799915 33.068301 0.005612 0.000000
-4.723223 32.090675 0.050388 0.000000
-4.196851 31.520352 0.024257 0.000000
8.179330 33.037396 2.336369 0.000000
9.227817 33.674360 2.174206 0.000000
8.767635 33.746837 2.396177 0.000000
9.220946 33.447467 2.214715 0.000000
9.238411 33.122409 2.182653 0.000000
8.622330 33.006588 2.342086 0.000000
9.223492 32.556380 2.167301 0.000000
7.697685 32.740853 2.339661 0.000000
8.024429 32.554983 2.343697 0.000000
8.753483 32.575687 2.369307 0.000000
9.207822 32.250035 2.289384 0.000000
8.120273 31.988406 2.307929 0.000000
7.200797 31.610298 2.338896 0.000000
7.548018 31.577278 2.322491 0.000000
6.986566 31.315708 2.376781 0.000000
6.533917 31.047478 2.373588 0.000000
6.079123 30.680635 2.331160 0.000000
5.662476 30.629043 2.356908 0.000000
5.434969 30.410166 2.364973 0.000000
8.733126 35.616531 -0.027207 0.000000
7.189390 35.017952 -0.022872 0.000000
4.587725 32.295290 -0.011320 0.000000
-5.469972 34.187337 2.321879 0.000000
-5.449628 32.949246 2.355213 0.000000
-5.695540 33.476301 2.376094 0.000000
-5.902102 33.814205 2.378599 0.000000
-5.679005 35.157299 2.296402 0.000000
-3.747278 30.895761 2.349007 0.000000
-4.218685 31.302886 2.356225 0.000000
-4.319178 31.437566 2.357862 0.000000
-5.163358 32.132288 2.367577 0.000000
-5.386320 32.499675 2.330128 0.000000
-3.199768 30.040910 2.325549 0.000000
-3.752636 30.650032 2.360538 0.000000
-4.026443 31.034004 2.317734 0.000000
-4.158885 31.379373 2.355846 0.000000
-4.867247 31.923516 2.364140 0.000000
-4.396156 31.670757 2.359465 0.000000
-6.642186 34.415607 2.259707 0.000000
-7.873097 35.643885 2.183268 0.000000
-6.945514 34.852311 2.254386 0.000000
-7.135151 35.217832 2.388765 0.000000
-7.829877 35.551024 2.340024 0.000000
-5.259431 34.241924 2.381723 0.000000
-6.149500 33.369128 2.358201 0.000000
-4.938349 32.085211 2.285078 0.000000
-5.789742 32.661132 2.373172 0.000000
-5.190366 32.324064 2.368242 0.000000
-5.947369 33.149037 2.288906 0.000000
-7.081070 33.954450 2.263587 0.000000
-5.260284 32.995997 2.276396 0.000000
-7.334824 34.598033 2.339439 0.000000
-6.397607 33.706442 2.359674 0.000000
-4.623306 32.702683 2.336763 0.000000
-6.443694 34.174998 2.314550 0.000000
4.844826 32.097855 2.431482 0.000000
4.645738 31.841740 2.426387 0.000000
4.550974 31.580788 2.404153 0.000000
4.284361 31.387212 2.416984 0.000000
5.791532 32.814898 2.449025 0.000000
7.338959 34.598341 2.446562 0.000000
8.321097 35.007536 2.460042 0.000000
5.537973 33.584601 2.420899 0.000000
6.193859 33.790331 2.430385 0.000000
6.935071 34.037575 2.440923 0.000000
7.781845 34.331735 2.452751 0.000000
5.293860 33.303454 2.417183 0.000000
5.917366 33.368166 2.426265 0.000000
6.569699 33.537095 2.435685 0.000000
7.307379 33.744130 2.446169 0.000000
5.161611 32.993983 2.418969 0.000000
6.496916 34.259542 2.434781 0.000000
6.240227 33.091517 2.430834 0.000000
6.880167 33.221687 2.440083 0.000000
4.952066 32.590723 2.411527 0.000000
5.571598 32.618244 2.420972 0.000000
5.936375 32.686450 2.426236 0.000000
6.498145 32.760764 2.434491 0.000000
4.710167 32.332561 2.410760 0.000000
5.349406 32.291626 2.406757 0.000000
5.753844 32.219409 2.414909 0.000000
6.149207 32.345697 2.429240 0.000000
4.617454 32.043483 2.405809 0.000000
6.261561 34.864303 2.431592 0.000000
7.186068 35.348778 2.444390 0.000000
6.002300 34.400080 2.427856 0.000000
6.825187 34.774987 2.439420 0.000000
7.784535 35.225262 2.452625 0.000000
8.786525 35.656324 2.435560 0.000000
5.698477 33.801174 2.428295 0.000000
4.524706 30.452911 2.403567 0.000000
5.464998 31.887589 2.410736 0.000000
5.996147 31.880227 2.412213 0.000000
4.459605 31.605649 2.421568 0.000000
4.814467 31.624113 2.425650 0.000000
5.165876 31.686604 2.413928 0.000000
5.545270 31.641606 2.419762 0.000000
4.317173 31.566872 2.400406 0.000000
4.624917 31.483909 2.405199 0.000000
4.944067 31.407580 2.410178 0.000000
5.396882 31.285423 2.403593 0.000000
4.455098 31.249661 2.402145 0.000000
4.673005 31.069886 2.401725 0.000000
5.093254 31.143418 2.404853 0.000000
4.547029 30.918833 2.403184 0.000000
4.964193 30.840696 2.412484 0.000000
2.783711 28.832003 2.329459 0.000000
3.500877 29.201147 2.336035 0.000000
3.298249 29.274900 2.334116 0.000000
5.215394 30.775169 2.414620 0.000000
5.413919 30.530568 2.424532 0.000000
5.526003 30.240656 2.413004 0.000000
5.146677 30.432694 2.410573 0.000000
5.101870 30.361069 2.404500 0.000000
4.892088 30.233496 2.405741 0.000000
4.860401 30.163820 2.400440 0.000000
4.654968 30.050491 2.401148 0.000000
4.714864 29.906095 2.411471 0.000000
4.463421 29.941498 2.406775 0.000000
4.290138 29.777377 2.403278 0.000000
5.833737 30.446739 2.418229 0.000000
9.110970 35.639078 1.990726 0.000000
7.319033 31.405354 2.456636 0.000000
7.102402 32.541439 2.436576 0.000000
7.534969 32.454175 2.441129 0.000000
7.809893 32.341764 2.412430 0.000000
8.562244 32.333642 2.460945 0.000000
6.710085 32.162229 2.430857 0.000000
7.072786 32.045190 2.434618 0.000000
7.461893 31.933478 2.438679 0.000000
7.958643 31.909551 2.451912 0.000000
6.357740 31.824838 2.425600 0.000000
6.661573 31.685126 2.428684 0.000000
6.984103 31.549680 2.431995 0.000000
9.065949 32.998190 2.412420 0.000000
6.116890 31.554330 2.431356 0.000000
6.287994 31.361409 2.423157 0.000000
6.472261 31.054302 2.424353 0.000000
6.849208 31.033459 2.449012 0.000000
5.790652 31.269191 2.425408 0.000000
5.951748 31.073111 2.418054 0.000000
6.202028 30.877171 2.438208 0.000000
6.553370 30.710198 2.424189 0.000000
5.465682 30.988141 2.411660 0.000000
5.686756 30.779599 2.429393 0.000000
8.436154 34.053789 2.473485 0.000000
9.187309 34.608496 2.465261 0.000000
9.162643 34.121927 2.484517 0.000000
7.929307 33.505157 2.465858 0.000000
8.580166 33.581635 2.417816 0.000000
9.209257 33.519776 2.484623 0.000000
7.470613 33.086321 2.409905 0.000000
7.981927 32.960610 2.466811 0.000000
8.403441 32.822224 2.417603 0.000000
-4.089531 31.539947 -0.015967 0.000000
-5.503471 32.712963 -0.077492 0.000000
-4.966380 31.817808 0.109132 0.000000
-4.616052 31.879569 -0.056642 0.000000
-8.532454 35.649376 -0.120079 0.000000
-4.968377 32.063600 0.129676 0.000000
-6.718800 33.902248 -0.009638 0.000000
-4.968056 32.079455 0.303177 0.000000
-3.581035 31.059827 -0.002945 0.000000
-5.284521 32.851842 -0.005800 0.000000
-8.295649 35.670946 0.182410 0.000000
-4.961052 31.806815 0.362345 0.000000
-3.123458 30.727594 -0.031281 0.000000
-4.499944 32.105553 -0.061619 0.000000
-8.008960 35.655181 -0.018922 0.000000
-3.564512 31.498731 -0.013791 0.000000
-7.818190 35.646120 -0.113355 0.000000
-3.823761 31.435482 -0.037475 0.000000
-6.374098 34.191924 -0.037998 0.000000
-5.153518 32.895123 -0.072723 0.000000
-8.174910 35.644237 0.107601 0.000000
-4.361366 32.177796 -0.002906 0.000000
-3.782014 31.470888 -0.038799 0.000000
-6.111935 33.860938 -0.001448 0.000000
-3.258845 31.008109 -0.028797 0.000000
-4.871583 32.786599 -0.041758 0.000000
4.912211 33.046083 2.416828 0.000000
4.692086 32.707948 2.412745 0.000000
4.515837 32.448383 2.404775 0.000000
4.327263 32.011072 2.401672 0.000000
4.219388 32.751765 2.400708 0.000000
5.232381 33.834776 2.416660 0.000000
5.037969 33.445657 2.413568 0.000000
-3.839453 30.892110 2.318406 0.000000
-6.059961 33.038066 2.341962 0.000000
-6.238474 33.476047 2.347627 0.000000
-6.425405 33.827583 2.348545 0.000000
-6.655640 34.289409 2.338556 0.000000
-5.721338 33.076134 2.355984 0.000000
-6.944071 34.712611 2.338274 0.000000
-7.125351 35.195595 2.340932 0.000000
-6.947377 35.634772 1.070004 0.000000
-8.228755 35.670273 1.231414 0.000000
-8.559051 35.671759 1.688464 0.000000
-8.646202 35.692009 2.126326 0.000000
-8.504033 35.671403 2.098497 0.000000
-7.738850 34.606657 2.288616 0.000000
-8.285426 35.670049 1.951709 0.000000
-8.155962 35.071144 2.364563 0.000000
-8.390335 35.647520 2.219302 0.000000
-8.165041 35.646288 2.065948 0.000000
-3.404480 33.460480 -0.043513 0.000000
-4.539965 35.448207 -0.061834 0.000000
-3.906732 34.530496 -0.052078 0.000000
-3.424252 33.838786 -0.044523 0.000000
-8.685016 35.672973 1.835481 0.000000
-4.383878 34.751128 -0.058640 0.000000
-8.640925 35.686476 1.533952 0.000000
-8.524397 35.671664 1.244227 0.000000
-3.783362 34.637383 -0.050674 0.000000
-4.061658 35.251295 -0.055341 0.000000
9.224937 31.999498 0.066985 0.000000
5.277355 30.170201 0.062850 0.000000
3.583965 29.496764 0.009694 0.000000
6.350346 30.938734 0.034627 0.000000
4.847567 30.387216 0.029455 0.000000
3.280031 29.427844 0.010489 0.000000
9.111190 32.097155 0.100858 0.000000
5.089464 30.282850 0.012286 0.000000
9.229286 31.944238 0.225050 0.000000
6.689970 30.969154 0.013908 0.000000
4.124178 29.613383 0.008529 0.000000
4.553069 30.781057 0.019830 0.000000
6.069825 31.939084 0.068332 0.000000
6.817203 31.296993 0.632241 0.000000
9.212248 32.152751 1.656014 0.000000
9.219812 32.215090 1.099028 0.000000
9.228318 31.813982 1.959105 0.000000
9.211672 32.037576 1.475161 0.000000
9.214096 32.024473 1.031318 0.000000
9.225984 32.033223 0.954391 0.000000
9.229856 31.921858 1.394171 0.000000
9.229254 31.832123 1.141202 0.000000
4.525184 29.915043 2.334063 0.000000
4.766013 30.034579 2.334824 0.000000
3.605368 29.560810 2.336775 0.000000
4.356413 29.621044 2.342414 0.000000
5.769335 31.572287 2.428051 0.000000
6.818773 32.157487 2.429179 0.000000
5.490482 31.009966 2.419831 0.000000
6.423248 31.767195 2.423811 0.000000
5.075937 30.950897 2.406504 0.000000
4.868813 30.744686 2.402921 0.000000
5.737921 31.102532 2.414078 0.000000
-5.241080 33.262006 -0.059685 0.000000
-2.299318 29.600339 -0.002268 0.000000
-2.630798 30.227289 -0.014874 0.000000
-4.481027 32.534355 -0.049425 0.000000
-2.161044 29.649122 -0.002555 0.000000
-2.417619 30.093101 -0.011044 0.000000
-3.803507 31.916989 -0.016043 0.000000
-2.244482 29.977966 -0.007640 0.000000
-7.911856 35.637999 0.173055 0.000000
-8.594155 35.675539 0.327059 0.000000
-4.974336 32.077298 -0.025516 0.000000
-7.601949 34.773924 -0.089379 0.000000
-3.503470 30.584687 -0.013934 0.000000
-4.244099 31.555755 -0.041824 0.000000
-6.063527 33.438551 -0.069563 0.000000
-3.070496 30.389460 -0.000807 0.000000
-5.045680 32.557769 -0.056138 0.000000
-7.656209 35.639617 -0.028173 0.000000
-2.638911 30.179745 -0.014444 0.000000
-3.259770 30.612759 -0.007716 0.000000
-4.322213 31.934132 -0.046335 0.000000
-6.313458 34.292460 -0.073823 0.000000
-2.438930 29.979308 -0.014343 0.000000
-3.075589 30.486350 -0.013536 0.000000
8.290219 35.280151 2.400205 0.000000
7.749971 34.583711 2.441044 0.000000
5.677539 31.796078 2.429258 0.000000
8.224293 34.118943 2.447037 0.000000
5.395980 31.524721 2.423789 0.000000
6.324683 32.429426 2.441491 0.000000
7.754304 33.455602 2.463668 0.000000
4.887035 31.307067 2.405557 0.000000
5.985427 32.096016 2.435134 0.000000
7.134034 33.046108 2.427446 0.000000
8.964879 34.337318 2.456147 0.000000
6.703156 32.804976 2.448462 0.000000
6.768008 32.547152 2.428556 0.000000
8.388650 33.608866 2.470476 0.000000
6.383498 32.140796 2.423370 0.000000
7.759477 33.101821 2.441380 0.000000
6.033629 31.775237 2.418505 0.000000
7.324561 32.633988 2.452561 0.000000
7.250555 33.982413 2.434850 0.000000
6.811592 33.458983 2.429243 0.000000
8.615518 35.109718 2.451579 0.000000
6.420672 32.996673 2.424096 0.000000
8.021097 34.419112 2.444441 0.000000
6.069524 32.585265 2.419329 0.000000
7.478886 33.915967 2.433291 0.000000
7.124673 33.227290 2.456096 0.000000
8.848213 34.804716 2.454537 0.000000
-4.274855 34.446939 -0.056696 0.000000
-3.742111 33.759522 -0.048508 0.000000
-3.325156 33.229291 -0.042000 0.000000
-2.988676 32.808292 -0.036668 0.000000
-3.970982 35.074428 -0.053868 0.000000
-6.259371 35.640239 -0.023438 0.000000
-4.213077 33.499590 -0.054163 0.000000
-3.693560 32.913226 -0.046184 0.000000
6.530017 34.590073 2.435293 0.000000
6.297496 34.155625 2.435537 0.000000
4.926248 32.646732 2.414735 0.000000
5.965636 33.674720 2.430133 0.000000
4.370767 32.345819 2.402422 0.000000
5.646248 33.197758 2.422249 0.000000
4.508653 32.043179 2.406965 0.000000
5.389596 32.855093 2.420441 0.000000
4.251756 31.740798 2.420911 0.000000
5.026887 32.483928 2.412370 0.000000
6.063798 34.622910 2.428780 0.000000
4.370543 32.886371 2.403158 0.000000
4.207356 32.586917 2.400284 0.000000
5.124310 33.674718 2.414995 0.000000
4.916016 33.298937 2.411665 0.000000
4.721901 32.954437 2.408467 0.000000
5.786159 34.139982 2.424713 0.000000
7.128954 35.649762 2.408962 0.000000
4.540717 32.637833 2.405392 0.000000
5.530564 33.702186 2.420858 0.000000
6.881629 35.161452 2.440206 0.000000
-8.410598 35.291965 2.259725 0.000000
-8.534175 35.664283 2.330701 0.000000
-8.803190 35.673227 1.842706 0.000000
-8.297327 35.684032 2.156772 0.000000
-7.454696 35.671415 0.644478 0.000000
-7.746998 35.635794 0.451514 0.000000
-8.063433 35.642138 1.165657 0.000000
-8.076313 35.680852 1.999337 0.000000
-8.786610 35.673226 1.395322 0.000000
-8.862339 35.670521 0.881612 0.000000
-8.025019 35.667449 1.545677 0.000000
-8.550972 35.642136 0.858277 0.000000
-8.309768 35.641053 0.730161 0.000000
-2.058443 29.586019 -0.000270 0.000000
-2.586952 29.614143 -0.003344 0.000000
-1.905697 29.159316 -0.004848 0.000000
-2.185994 29.217429 -0.000089 0.000000
-2.395515 29.486746 -0.003055 0.000000
-1.720194 28.952161 -0.000075 0.000000
-1.890946 29.278749 -0.005405 0.000000
5.901673 33.696637 0.063777 0.000000
6.360507 30.687174 2.422754 0.000000
7.489259 31.219390 2.438162 0.000000
8.979262 31.918292 2.457332 0.000000
7.046594 33.838135 0.075981 0.000000
4.071362 31.631221 0.047833 0.000000
3.266776 31.092824 0.023748 0.000000
8.347659 35.183253 0.088276 0.000000
7.342196 31.754327 2.436121 0.000000
8.820773 32.774539 2.420728 0.000000
6.668435 31.453761 1.693690 0.000000
6.963785 31.217671 2.436577 0.000000
8.321519 32.012497 2.448503 0.000000
7.802870 32.133312 2.400105 0.000000
7.721173 31.734197 2.441122 0.000000
9.212049 32.547442 2.420848 0.000000
6.171589 30.675203 2.423843 0.000000
7.344526 31.287934 2.435345 0.000000
8.678343 32.100508 2.453406 0.000000
5.774228 30.423820 2.401002 0.000000
6.768823 30.812114 2.431085 0.000000
8.046041 31.630085 2.445405 0.000000
9.214580 34.241120 0.782859 0.000000
9.082501 33.375547 2.423299 0.000000
8.455767 32.663532 2.450359 0.000000
-1.981103 28.956953 0.024419 0.000000
-2.048567 29.169115 0.019860 0.000000
8.205383 32.081763 2.382444 0.000000
9.221587 32.761340 2.169188 0.000000
9.241273 32.443926 2.205669 0.000000
5.413816 32.239935 0.022626 0.000000
7.513091 33.725036 0.021005 0.000000
6.021495 30.344600 2.336714 0.000000
7.180378 30.713949 2.345566 0.000000
8.340369 31.269524 2.381786 0.000000
5.323785 29.813791 2.351552 0.000000
7.595936 31.265925 2.340459 0.000000
8.782657 32.061045 2.351689 0.000000
6.713689 31.021025 2.362170 0.000000
7.995936 31.649642 2.364064 0.000000
7.077117 31.294818 1.488611 0.000000
6.397370 30.693720 2.322080 0.000000
8.816380 31.842891 2.349295 0.000000
9.230557 32.000578 2.104577 0.000000
5.996264 30.491304 2.321942 0.000000
6.817427 30.873258 2.331524 0.000000
8.381688 31.519354 2.394616 0.000000
9.228374 31.817761 2.269191 0.000000
5.633084 30.309940 2.321662 0.000000
6.437989 30.413279 2.376803 0.000000
7.754734 31.198521 2.390510 0.000000
9.040135 31.609551 2.385562 0.000000
6.628640 33.471450 0.099794 0.000000
8.556718 34.714887 0.027870 0.000000
4.068342 31.357352 0.054771 0.000000
5.448695 32.836296 0.026441 0.000000
7.769682 34.653541 0.030237 0.000000
9.228451 31.728984 0.059332 0.000000
5.432882 30.298549 0.016310 0.000000
2.782186 29.137228 0.016339 0.000000
9.229511 31.647081 0.343774 0.000000
7.571985 30.856528 0.086291 0.000000
4.594646 29.601144 0.007754 0.000000
3.044963 29.052172 0.007137 0.000000
5.969063 30.231466 0.007033 0.000000
3.894796 29.594045 0.008978 0.000000
3.980923 29.600740 0.008803 0.000000
6.930343 30.897754 0.012344 0.000000
4.964833 31.043855 0.018117 0.000000
3.946827 30.272649 0.013793 0.000000
9.232099 32.023809 1.223908 0.000000
9.221143 32.226287 0.654947 0.000000
7.038602 31.326060 0.353398 0.000000
9.235518 31.808395 1.527775 0.000000
9.209090 32.020895 0.482460 0.000000
9.224237 31.790287 1.712500 0.000000
9.229379 31.937911 0.707381 0.000000
9.222974 31.626371 1.861524 0.000000
9.224572 31.676995 1.490786 0.000000
9.226537 31.751155 1.089488 0.000000
9.228763 31.758207 0.871628 0.000000
9.225091 31.578650 1.252391 0.000000
9.227712 31.406144 1.199002 0.000000
4.892561 30.783404 0.019966 0.000000
4.908627 30.931908 0.069841 0.000000
6.553451 31.640809 0.085564 0.000000
5.512391 31.482626 0.005685 0.000000
5.036764 31.027573 0.013433 0.000000
3.905367 30.004343 0.026822 0.000000
3.040201 29.629652 0.003380 0.000000
9.230521 32.274561 0.960707 0.000000
9.228450 31.711245 0.622459 0.000000
9.229358 31.938389 0.866094 0.000000
9.222097 31.400589 0.902299 0.000000
9.228739 31.659019 1.298066 0.000000
9.225230 31.490975 1.463791 0.000000
5.176316 30.610221 0.028298 0.000000
6.784971 31.302674 0.160226 0.000000
6.798334 31.130775 -0.002855 0.000000
9.209715 32.068766 0.182603 0.000000
7.119876 31.315515 0.593702 0.000000
9.211514 32.040565 0.282032 0.000000
9.224847 32.028261 0.730072 0.000000
9.229724 31.951025 0.586319 0.000000
2.024876 28.787175 0.028557 0.000000
3.702948 29.594325 0.009378 0.000000
2.990723 29.103374 0.007008 0.000000
-2.218129 29.352855 0.001488 0.000000
4.867393 32.467674 0.014469 0.000000
7.062659 32.756731 0.005255 0.000000
9.214457 34.258687 0.206733 0.000000
6.452728 33.692277 0.079060 0.000000
4.390485 31.771901 0.014918 0.000000
3.356264 30.626318 0.032788 0.000000
5.700101 32.726404 0.070774 0.000000
7.957844 34.216978 0.093399 0.000000
5.266193 32.077829 0.065945 0.000000
7.250487 33.273767 0.085357 0.000000
9.003576 31.894491 2.386625 0.000000
9.230102 31.862718 1.770385 0.000000
9.231477 32.282362 2.137334 0.000000
9.229581 32.115905 2.279766 0.000000
9.231131 31.959004 2.178439 0.000000
9.222439 32.059099 1.892960 0.000000
9.230772 31.786278 2.341012 0.000000
8.175138 31.602611 2.340321 0.000000
7.127461 30.945529 2.346256 0.000000
7.079920 31.295559 1.254538 0.000000
6.754044 30.710495 2.336853 0.000000
4.599641 29.889924 0.029257 0.000000
3.440758 29.209547 0.010148 0.000000
2.721226 28.973399 0.008866 0.000000
5.617587 30.356473 0.030973 0.000000
4.201931 29.561301 0.008403 0.000000
7.642506 31.063673 -0.011589 0.000000
-2.918713 29.612761 0.015242 0.000000
-2.494634 29.603835 0.018146 0.000000
-3.309043 30.029614 0.012271 0.000000
-2.347146 29.563586 0.019477 0.000000
-2.847333 29.910583 0.013139 0.000000
-4.013115 30.728362 0.033090 0.000000
-2.662600 29.604631 0.016880 0.000000
-3.598016 30.321616 0.011064 0.000000
-3.087954 30.077923 0.013487 0.000000
-2.763736 29.514461 0.016270 0.000000
-2.536861 29.541409 0.017876 0.000000
-3.045389 29.826590 0.033442 0.000000
3.050227 29.048100 2.331903 0.000000
4.196148 29.621798 2.341318 0.000000
4.143274 29.597943 2.340959 0.000000
3.952108 29.523233 2.339569 0.000000
3.670402 29.260345 2.337445 0.000000
3.539160 29.062294 2.336512 0.000000
4.707054 29.638143 2.344607 0.000000
5.927668 30.154442 2.316802 0.000000
7.431006 30.644986 2.332252 0.000000
6.263149 30.929443 2.379540 0.000000
6.422007 30.640553 2.331609 0.000000
6.757009 30.478269 2.338039 0.000000
6.909033 30.472955 2.341777 0.000000
6.061415 30.430495 2.331540 0.000000
6.352090 30.293939 2.337936 0.000000
5.673976 30.556484 2.322806 0.000000
5.904894 30.274461 2.376678 0.000000
5.578177 30.223348 2.337227 0.000000
5.596768 30.016718 2.317858 0.000000
5.259895 30.071184 2.336625 0.000000
4.857977 29.885178 2.320772 0.000000
7.205717 30.920442 2.386707 0.000000
8.282332 34.248078 0.116832 0.000000
7.010358 31.337248 1.702056 0.000000
8.678843 32.889670 2.398427 0.000000
9.220931 32.825360 2.400856 0.000000
8.408934 32.305426 2.312685 0.000000
9.076705 32.046249 2.371491 0.000000
7.480221 31.999193 2.316995 0.000000
7.978298 31.807106 2.339497 0.000000
8.383168 31.663477 2.368746 0.000000
8.611159 31.442861 2.368267 0.000000
7.128920 31.500833 2.363271 0.000000
7.784010 31.335561 2.366182 0.000000
8.069936 31.112570 2.388471 0.000000
6.958619 31.180911 2.339583 0.000000
9.234044 34.129076 1.887413 0.000000
1.848188 28.480682 2.318994 0.000000
2.305022 28.698296 2.324117 0.000000
-7.428363 35.675725 1.865585 0.000000
-4.277735 34.783879 0.003578 0.000000
-3.376360 33.600264 0.005669 0.000000
-4.080351 35.106246 0.004516 0.000000
7.599290 35.559541 2.392914 0.000000
-5.434325 33.310412 -0.001651 0.000000
-4.967970 32.112183 0.469058 0.000000
-4.532447 32.235949 0.000707 0.000000
-8.413984 35.640142 0.413368 0.000000
-3.852839 31.718794 0.011012 0.000000
-6.783548 34.580841 -0.004907 0.000000
-8.159319 35.639057 0.290139 0.000000
-4.475961 32.593176 0.001155 0.000000
-7.670940 35.636963 0.061444 0.000000
-3.877022 31.981280 0.041879 0.000000
-6.936988 34.875284 -0.036455 0.000000
-9.258427 35.421386 0.939768 0.000000
-9.227251 35.258068 0.764430 0.000000
-9.235837 35.088750 1.310102 0.000000
-4.960926 31.791464 0.476740 0.000000
-9.260001 35.398587 1.197557 0.000000
-5.319418 32.620644 -0.001860 0.000000
-4.961630 31.888541 0.401844 0.000000
-4.554806 31.801978 0.039180 0.000000
-8.460168 35.672826 0.029576 0.000000
-9.019439 35.645488 0.911908 0.000000
-3.899807 31.497371 0.008328 0.000000
-6.642081 34.098665 -0.004963 0.000000
-8.946401 35.642381 0.679346 0.000000
-2.174583 30.268438 0.013474 0.000000
-2.794380 30.880828 0.010482 0.000000
-5.494392 33.455121 -0.009923 0.000000
-2.996723 31.054888 0.036746 0.000000
9.253960 35.618733 2.402823 0.000000
7.787263 34.647074 2.396601 0.000000
8.748856 34.882007 2.484546 0.000000
8.838630 34.404999 2.400432 0.000000
5.062994 30.234569 2.321879 0.000000
5.732789 30.824261 2.368606 0.000000
5.386007 30.457377 2.354986 0.000000
5.902511 31.198623 2.347248 0.000000
6.716926 31.657258 2.310748 0.000000
6.148303 31.550677 2.311325 0.000000
6.378629 31.529241 2.370540 0.000000
-5.088471 31.647297 0.297959 0.000000
-5.220775 31.647838 0.480363 0.000000
-9.227420 34.846799 0.776030 0.000000
-4.960304 31.700384 0.328413 0.000000
-5.020601 31.645934 0.511740 0.000000
-9.235755 34.919144 1.158911 0.000000
-9.256143 35.178799 0.828362 0.000000
8.844074 31.213381 0.032836 0.000000
5.974287 30.029547 0.034249 0.000000
9.228015 31.605074 0.517701 0.000000
9.218813 31.505373 0.216721 0.000000
9.218292 31.304065 0.126338 0.000000
9.221369 31.549149 0.742742 0.000000
9.226612 31.216205 0.518701 0.000000
9.219388 31.212003 0.874997 0.000000
3.632749 29.600571 0.009537 0.000000
4.265383 30.201705 0.025492 0.000000
7.113961 31.247290 0.013345 0.000000
4.770082 29.896506 0.011902 0.000000
6.280427 30.440807 0.008045 0.000000
3.387175 29.183218 0.011513 0.000000
-0.999970 27.814966 0.351201 0.000000
-0.999988 27.864044 0.405912 0.000000
4.706477 31.478885 0.002014 0.000000
6.026130 32.383619 0.032400 0.000000
8.386935 33.874269 0.040846 0.000000
7.120086 31.318918 1.153806 0.000000
6.981922 31.299298 1.343632 0.000000
9.237772 32.261720 1.639702 0.000000
9.220457 31.218887 1.523440 0.000000
9.226099 31.324016 1.627778 0.000000
9.221719 31.600126 2.197198 0.000000
9.228572 31.422206 1.840093 0.000000
9.220604 31.442776 2.338595 0.000000
9.228778 31.201408 2.073053 0.000000
9.229665 31.391604 2.200864 0.000000
8.650893 31.088565 2.390886 0.000000
-1.649980 28.789357 0.029709 0.000000
6.163789 33.521710 2.382397 0.000000
-0.897300 35.447752 0.004116 0.000000
-4.735013 31.588158 2.361837 0.000000
-4.575006 31.110871 2.374706 0.000000
-4.776840 31.329041 2.321875 0.000000
-4.871021 31.757887 2.363715 0.000000
-5.529276 31.956369 2.368411 0.000000
-5.740516 32.188587 2.370717 0.000000
-6.783213 33.865173 2.360427 0.000000
-5.843011 33.518304 2.358027 0.000000
-9.259064 35.642569 2.211882 0.000000
-6.841306 34.218071 2.349176 0.000000
-8.920829 35.674402 2.005850 0.000000
-8.467394 35.516743 2.343142 0.000000
-7.061390 34.617488 2.317428 0.000000
-7.698377 34.452106 2.276053 0.000000
-7.258594 35.180498 2.337823 0.000000
-8.482493 35.671667 1.990795 0.000000
-6.522714 34.707666 2.337314 0.000000
-6.011638 32.933013 2.375529 0.000000
-5.765573 32.542229 2.292397 0.000000
-6.727635 32.849413 2.357954 0.000000
-5.973912 32.712432 2.332242 0.000000
-6.950207 33.354394 2.359465 0.000000
-5.530871 32.616091 2.292520 0.000000
-8.128898 34.076803 2.363011 0.000000
-7.021969 33.627101 2.283182 0.000000
-6.273214 33.327836 2.342216 0.000000
-8.414685 34.730142 2.271683 0.000000
-7.576562 34.088164 2.362239 0.000000
-6.501810 33.642179 2.342388 0.000000
-9.034831 35.266453 2.351205 0.000000
-7.238239 35.672885 1.727236 0.000000
-7.301127 35.624610 1.210239 0.000000
3.060704 28.914045 2.332234 0.000000
2.504366 28.631330 2.326833 0.000000
5.595620 30.980128 2.345877 0.000000
5.062853 30.437946 2.322915 0.000000
4.804629 30.295376 2.322309 0.000000
8.449362 35.030537 2.397053 0.000000
7.339335 33.692712 2.388654 0.000000
5.618021 31.010703 2.344700 0.000000
6.931572 32.807955 2.375087 0.000000
8.614714 34.302729 2.395994 0.000000
7.455302 33.117332 2.388430 0.000000
-4.343447 31.039967 0.018389 0.000000
-3.741258 30.786517 0.018832 0.000000
-4.600854 31.947392 0.007467 0.000000
-3.281662 30.437800 0.019243 0.000000
-4.013841 31.341262 0.007708 0.000000
-5.094945 31.652148 0.150888 0.000000
-4.961048 31.788153 0.150059 0.000000
-3.878629 30.756584 0.023125 0.000000
-1.200257 29.428922 0.208695 0.000000
-5.257289 35.472544 0.002716 0.000000
-3.165559 32.197814 0.027192 0.000000
-2.832443 31.674337 0.007581 0.000000
-2.345533 31.056491 0.000229 0.000000
-3.464559 32.471473 0.040419 0.000000
-9.253711 35.107504 0.771530 0.000000
-8.965777 35.674452 1.076358 0.000000
-8.616092 35.682480 1.108712 0.000000
-9.229849 35.651553 1.235231 0.000000
-8.264757 35.670666 0.964752 0.000000
-8.357351 35.664392 0.591534 0.000000
-9.223266 35.568593 1.957437 0.000000
-9.235298 35.150245 2.146704 0.000000
-9.229763 35.380983 1.836104 0.000000
-9.234743 34.832142 1.601627 0.000000
-9.261474 35.338984 1.468348 0.000000
-9.217506 35.605264 1.700861 0.000000
-9.236965 35.145217 1.022106 0.000000
-9.223957 35.541423 1.531944 0.000000
-8.881958 35.689306 1.677677 0.000000
-9.255585 34.954500 0.961947 0.000000
-4.573995 33.062561 0.002586 0.000000
-3.892599 32.544409 0.083792 0.000000
-6.159040 35.559984 0.000203 0.000000
-3.575565 32.142039 0.094855 0.000000
-5.139845 34.398551 0.001999 0.000000
-2.584321 30.683181 0.033772 0.000000
-4.411041 33.572802 0.003486 0.000000
-2.253969 30.443632 0.008687 0.000000
-3.866324 32.846832 0.029249 0.000000
-5.056838 32.912840 0.000935 0.000000
-7.739966 35.330545 -0.004622 0.000000
-4.318416 32.253740 0.002867 0.000000
-5.385477 33.877647 0.000769 0.000000
-6.137744 33.681964 2.358729 0.000000
-5.582512 32.411140 2.370889 0.000000
-4.423550 31.579690 2.359521 0.000000
-6.297621 33.059096 2.378053 0.000000
-5.321283 32.339441 2.369573 0.000000
-6.465972 33.406443 2.286112 0.000000
-4.644503 31.888284 2.362907 0.000000
-5.013693 31.939013 2.365628 0.000000
-4.191313 30.989179 2.319850 0.000000
-3.329178 30.251250 2.321083 0.000000
-3.860859 30.755404 2.362907 0.000000
-3.466218 30.259403 2.329045 0.000000
-3.549069 30.457742 2.355953 0.000000
-5.323854 31.604471 2.320583 0.000000
-3.945767 30.574093 2.327018 0.000000
-3.430044 30.707555 2.315939 0.000000
-5.642346 32.261933 2.371041 0.000000
-5.846347 32.506067 2.373304 0.000000
-3.374544 30.182639 2.327888 0.000000
-3.116942 29.975938 2.324379 0.000000
-9.234819 35.024729 2.302477 0.000000
-7.835718 33.999343 2.362714 0.000000
-6.491361 32.749045 2.377675 0.000000
-5.438202 31.675255 2.323010 0.000000
-9.235718 35.214437 2.190188 0.000000
-8.289191 34.363060 2.357466 0.000000
-7.600342 34.835288 2.325597 0.000000
-8.273073 35.668047 1.697997 0.000000
-7.008504 34.155476 2.339736 0.000000
-6.738450 33.751481 2.283383 0.000000
-8.199974 35.403090 2.245125 0.000000
-9.229037 35.476793 2.006664 0.000000
-8.643050 34.809012 2.341665 0.000000
-5.966171 32.389149 2.292755 0.000000
-9.223872 35.676288 1.873076 0.000000
-9.166802 35.483060 2.362221 0.000000
-7.335500 33.748822 2.332149 0.000000
-6.163067 32.414534 2.335229 0.000000
-9.172956 35.649477 2.281436 0.000000
-7.418753 34.385736 2.258215 0.000000
-6.228574 32.893104 2.276169 0.000000
-8.771498 35.668793 1.697839 0.000000
-7.810205 34.735262 2.387555 0.000000
-6.437222 33.297014 2.330908 0.000000
-8.588501 35.644664 1.464969 0.000000
-8.201186 35.283855 2.390933 0.000000
-3.426449 30.963407 2.346386 0.000000
-4.299921 31.109815 2.320454 0.000000
-5.133586 31.431417 2.320270 0.000000
-4.412896 31.237319 2.321030 0.000000
-5.450790 32.036468 2.368841 0.000000
-4.719270 31.744185 2.362163 0.000000
-5.563704 32.300184 2.293979 0.000000
-3.770844 30.236369 2.335010 0.000000
-3.600615 30.476909 2.323780 0.000000
-4.321209 30.861653 2.369820 0.000000
-5.418280 33.262555 2.273643 0.000000
-5.981976 32.805443 2.290579 0.000000
-4.585907 31.356643 -0.004727 0.000000
-3.809541 30.377204 -0.030613 0.000000
-4.747265 31.060534 -0.026724 0.000000
-5.266117 31.653747 0.126909 0.000000
-3.331647 30.007872 -0.019718 0.000000
-4.076185 30.691340 -0.020084 0.000000
-3.771167 30.526833 -0.009596 0.000000
-3.999952 30.893247 -0.019072 0.000000
-3.478453 30.623751 -0.003435 0.000000
-2.698859 29.903763 0.015911 0.000000
-9.227229 34.413306 0.009672 0.000000
-5.426116 31.621857 -0.006964 0.000000
-3.062307 30.282873 0.030498 0.000000
5.635820 31.893189 2.408393 0.000000
6.413465 32.529792 2.428719 0.000000
7.853904 33.663337 2.447308 0.000000
6.044281 32.149352 2.423239 0.000000
7.323553 33.124541 2.440074 0.000000
9.101071 34.477961 2.461776 0.000000
8.457844 34.281279 2.455348 0.000000
6.856378 32.653894 2.433541 0.000000
8.410875 33.799722 2.452867 0.000000
5.536351 31.417320 2.414200 0.000000
6.444184 32.242348 2.427626 0.000000
7.809001 33.213159 2.444914 0.000000
5.137874 31.278301 2.418679 0.000000
6.088742 31.868588 2.434006 0.000000
9.147425 35.421381 2.466110 0.000000
8.433752 34.657244 2.456751 0.000000
7.820680 34.005193 2.448522 0.000000
7.291351 33.446359 2.441245 0.000000
9.162125 35.007836 2.464512 0.000000
6.826077 32.958793 2.434687 0.000000
8.938154 33.839073 2.457682 0.000000
-9.222700 35.643389 0.702340 0.000000
-9.231118 34.452301 0.515492 0.000000
-9.235702 34.760389 0.786568 0.000000
-9.224979 35.586124 1.082286 0.000000
-5.268499 31.653840 0.225480 0.000000
-9.128301 35.648026 1.182672 0.000000
-9.236941 35.258352 1.344383 0.000000
-9.231789 34.235735 1.985122 0.000000
-9.232798 34.468762 1.707356 0.000000
-9.232432 34.281551 1.565514 0.000000
-9.233712 34.627879 1.729458 0.000000
-9.254630 34.524894 1.227048 0.000000
-9.234778 34.876328 1.442745 0.000000
-9.222248 34.329761 0.951229 0.000000
-9.255081 34.736668 1.094869 0.000000
-9.235819 35.042014 1.473250 0.000000
-9.234625 34.564464 0.911008 0.000000
5.126343 30.682222 2.405962 0.000000
4.963950 30.563151 2.409763 0.000000
5.728740 30.897591 2.421284 0.000000
5.360856 30.575453 2.408744 0.000000
6.877125 32.230080 2.444834 0.000000
8.267656 33.216811 2.449079 0.000000
4.736244 30.638446 2.407902 0.000000
5.477926 31.304692 2.422516 0.000000
6.479070 31.874381 2.437837 0.000000
7.783723 32.614546 2.456505 0.000000
7.166782 32.208613 2.434432 0.000000
6.303175 31.432864 2.422320 0.000000
2.919111 28.871701 2.330844 0.000000
3.369715 29.008996 2.335068 0.000000
9.220698 31.062597 1.668410 0.000000
9.226917 31.518760 1.747847 0.000000
9.219899 31.217989 2.429223 0.000000
9.227817 31.359897 1.909464 0.000000
8.513235 30.824082 2.426606 0.000000
9.229787 31.045356 2.236268 0.000000
9.220765 31.180291 1.961321 0.000000
7.889275 30.481857 2.420319 0.000000
9.218649 30.915177 2.429431 0.000000
9.229061 30.830100 2.126240 0.000000
9.227721 30.883495 1.967647 0.000000
5.381252 31.530604 0.039995 0.000000
7.035048 31.300967 0.852627 0.000000
9.228729 31.542024 2.041038 0.000000
5.536050 31.188491 0.054884 0.000000
9.228376 33.037690 2.416783 0.000000
8.601446 32.535021 2.432873 0.000000
7.417942 31.641350 2.420267 0.000000
8.811004 32.477747 2.406239 0.000000
9.253855 34.090436 1.544185 0.000000
9.253547 34.057641 1.283229 0.000000
5.190385 29.673843 2.347254 0.000000
7.965897 31.092590 2.412274 0.000000
6.313202 30.252475 2.419780 0.000000
7.380029 30.740285 2.416813 0.000000
6.111335 30.128219 2.418309 0.000000
6.941823 30.477755 2.402926 0.000000
4.572988 29.404245 2.343859 0.000000
6.927734 30.628838 2.431039 0.000000
5.603869 29.806864 2.321441 0.000000
6.563354 30.126372 2.422996 0.000000
4.336071 29.323855 2.342375 0.000000
4.640955 29.430239 2.344253 0.000000
5.205234 29.629862 2.347327 0.000000
6.158726 29.895092 2.416756 0.000000
8.303703 31.829791 2.454326 0.000000
6.545315 30.929865 2.429917 0.000000
7.728925 31.445881 2.445788 0.000000
9.146295 32.324930 2.405303 0.000000
6.876459 31.332351 1.619144 0.000000
7.139615 31.163699 2.416211 0.000000
8.579015 31.666366 2.455385 0.000000
7.955050 31.271091 2.446362 0.000000
9.217576 31.872627 2.404000 0.000000
6.363050 30.547773 2.424662 0.000000
7.293783 30.984028 2.416908 0.000000
8.759123 31.416006 2.454863 0.000000
5.143114 29.915461 2.335658 0.000000
5.902265 30.242708 2.414562 0.000000
-2.216347 29.199698 0.024304 0.000000
8.166306 34.914778 0.078457 0.000000
3.954830 31.243395 0.015438 0.000000
4.857675 32.073386 0.020708 0.000000
6.716172 33.338317 0.066271 0.000000
4.502020 32.265178 0.026472 0.000000
4.381610 31.857113 0.058086 0.000000
5.641535 32.990502 0.059252 0.000000
-4.328199 30.679696 2.330127 0.000000
-3.239988 29.816818 2.341867 0.000000
-5.022229 34.617880 2.381350 0.000000
-5.287919 34.834276 2.388365 0.000000
-5.081967 31.653663 2.322793 0.000000
-6.772795 33.565682 2.268314 0.000000
-5.731511 32.871075 2.290838 0.000000
-4.445179 30.982471 2.372233 0.000000
-5.363537 31.298810 2.384782 0.000000
-5.247353 31.487792 2.322650 0.000000
-4.955741 31.271596 2.319887 0.000000
-4.925265 31.485773 2.322358 0.000000
-6.620257 34.939012 2.341401 0.000000
-6.030665 33.943446 2.337633 0.000000
-6.972791 33.993815 2.328770 0.000000
-5.918031 33.244082 2.328568 0.000000
-7.088659 34.273951 2.361928 0.000000
-7.299341 34.766341 2.342297 0.000000
-7.483292 35.387031 2.287541 0.000000
-6.367528 34.024806 2.360112 0.000000
-6.450664 34.555576 2.340528 0.000000
1.466477 28.296139 2.314911 0.000000
4.611292 31.386429 2.420645 0.000000
4.419369 31.165715 2.415861 0.000000
-3.828149 32.323018 -0.032661 0.000000
-5.280850 33.604957 -0.007619 0.000000
-2.700241 30.455160 0.015129 0.000000
-4.521453 32.865754 -0.003588 0.000000
-6.024664 35.153132 -0.008897 0.000000
-3.527183 31.878738 0.091493 0.000000
-5.072372 34.103648 -0.004534 0.000000
-3.095601 31.506674 0.083225 0.000000
-4.380767 33.345354 -0.001163 0.000000
-4.161626 31.675219 -0.051306 0.000000
-8.133382 35.669517 0.642371 0.000000
-7.847129 35.638957 0.491150 0.000000
-7.281795 34.917823 -0.066604 0.000000
-5.916982 33.539615 -0.012866 0.000000
-3.684721 31.244273 -0.034580 0.000000
-6.353878 34.654985 -0.012977 0.000000
-3.838753 32.696832 0.041667 0.000000
6.188237 33.438131 2.431030 0.000000
5.990483 33.197411 2.426358 0.000000
5.033703 31.884685 2.430987 0.000000
4.488869 32.399666 2.408885 0.000000
5.418068 33.377002 2.423476 0.000000
6.664854 34.694788 2.441394 0.000000
7.730376 35.634380 2.420181 0.000000
4.125465 31.858558 2.401736 0.000000
7.382184 35.079052 2.449453 0.000000
5.664867 33.243831 2.425125 0.000000
6.942199 34.467267 2.442796 0.000000
6.545161 33.922300 2.436664 0.000000
-0.664627 35.446202 0.004142 0.000000
-4.190453 34.999735 0.004955 0.000000
-6.225172 32.456233 2.375087 0.000000
-5.840365 31.806702 2.320709 0.000000
-6.089323 32.029810 2.320740 0.000000
-7.275333 32.961105 2.379678 0.000000
-7.596789 33.320839 2.360790 0.000000
-6.780106 33.071186 2.380373 0.000000
-7.883568 33.617471 2.343256 0.000000
-5.084764 31.331946 2.381992 0.000000
-7.372503 34.911512 2.252681 0.000000
-7.718351 35.661047 1.845243 0.000000
-9.234156 34.805598 2.020312 0.000000
-9.232356 34.426890 2.260763 0.000000
-8.349620 34.085884 2.343080 0.000000
-9.233235 34.613964 2.140564 0.000000
-8.603778 34.625705 2.327606 0.000000
-9.079284 35.105787 2.366093 0.000000
-6.665006 34.075738 2.361158 0.000000
-9.235117 35.002247 1.900040 0.000000
-6.954265 34.481427 2.362656 0.000000
-9.093776 35.658631 2.194184 0.000000
3.614502 29.858758 0.004559 0.000000
4.774869 30.339822 0.016872 0.000000
4.057617 29.927254 0.012844 0.000000
9.218979 31.131479 0.293846 0.000000
9.218645 31.130448 0.133670 0.000000
9.225670 30.888822 1.048406 0.000000
9.219167 30.979954 0.764733 0.000000
9.218787 30.811264 0.431495 0.000000
9.224841 30.935822 0.399320 0.000000
9.220949 31.013791 0.709007 0.000000
7.153042 30.842914 0.012702 0.000000
4.322518 29.802268 0.015551 0.000000
9.220051 31.528767 0.478252 0.000000
8.076161 31.054835 0.069031 0.000000
4.949530 29.982878 0.009188 0.000000
9.220741 31.372582 0.639171 0.000000
6.589443 30.298309 0.010433 0.000000
9.222270 31.062734 0.962298 0.000000
-1.526547 28.589237 0.024943 0.000000
2.561726 28.682576 0.005067 0.000000
1.877011 28.445076 0.017097 0.000000
2.319142 28.740887 0.029373 0.000000
4.577776 29.547480 0.007798 0.000000
5.006742 29.813302 0.028708 0.000000
3.694732 29.380305 0.009485 0.000000
2.973344 28.812740 0.030631 0.000000
6.623664 30.269862 0.010537 0.000000
2.691970 28.681621 0.030833 0.000000
5.932953 29.819022 0.020959 0.000000
4.341208 29.399110 0.008232 0.000000
9.225730 30.961820 0.055357 0.000000
8.261817 30.478346 0.034024 0.000000
9.224663 30.615390 0.389094 0.000000
3.383532 29.380288 0.010234 0.000000
9.221316 30.752736 1.959523 0.000000
9.225574 30.732377 1.206074 0.000000
9.226583 30.893543 1.690880 0.000000
9.227573 30.613775 1.550978 0.000000
9.220501 30.809879 1.593075 0.000000
9.219479 31.339222 0.381773 0.000000
9.219030 31.148199 0.597440 0.000000
9.222861 31.254667 1.060312 0.000000
9.224961 30.662997 0.963240 0.000000
9.227276 31.233563 1.362783 0.000000
9.219988 31.126748 1.288611 0.000000
9.226900 31.062726 1.526634 0.000000
9.230802 31.595694 0.046690 0.000000
6.071528 31.161534 0.071276 0.000000
5.781943 30.690478 0.025383 0.000000
4.594238 30.567111 0.057924 0.000000
7.905381 31.537547 0.038217 0.000000
7.629293 31.118426 0.032039 0.000000
3.794295 30.185444 0.026200 0.000000
0.452415 35.291784 0.004299 0.000000
-3.794298 30.055257 2.333011 0.000000
-4.390139 30.519579 2.338636 0.000000
-3.941066 30.325391 2.334411 0.000000
-5.130822 31.092051 2.334668 0.000000
-4.526518 30.631029 2.339724 0.000000
-8.137341 34.273609 2.342088 0.000000
-6.987649 33.431424 2.337649 0.000000
-8.887360 35.285277 2.266368 0.000000
-7.265191 33.827926 2.338003 0.000000
-6.064335 32.770979 2.375639 0.000000
-5.610391 31.602937 2.320572 0.000000
-6.125036 31.764588 2.320487 0.000000
-4.718125 30.652154 2.344345 0.000000
-4.158407 30.512899 2.336479 0.000000
-6.351478 31.971743 2.373709 0.000000
-5.575781 31.482018 2.388105 0.000000
-4.630485 30.927606 2.331779 0.000000
-6.709545 32.266707 2.320171 0.000000
-4.916532 31.176014 2.379109 0.000000
-6.924229 32.636163 2.376938 0.000000
-7.026719 32.913136 2.358550 0.000000
-5.388270 32.180490 2.368670 0.000000
-6.906569 34.087085 2.370890 0.000000
-7.466484 35.008508 2.377551 0.000000
-9.232728 34.429291 1.857344 0.000000
-9.231515 34.244099 2.381276 0.000000
-9.257432 34.986374 1.206616 0.000000
-9.260526 34.582000 2.003710 0.000000
-9.234597 34.700380 1.294937 0.000000
-9.234675 34.971668 1.982073 0.000000
-9.261166 35.141534 1.603445 0.000000
-9.198536 35.681750 0.606684 0.000000
-9.261832 35.542925 1.332154 0.000000
-9.232329 33.920870 2.082247 0.000000
-9.228802 33.775583 1.428237 0.000000
-9.230716 33.826246 1.400526 0.000000
-9.230471 33.885499 1.835078 0.000000
-9.232558 33.751773 2.208592 0.000000
-9.227863 34.020342 1.245919 0.000000
-9.231425 34.080801 1.700300 0.000000
-9.236118 35.204088 1.779469 0.000000
-7.872823 32.930836 2.324940 0.000000
-9.254235 34.318906 1.359046 0.000000
-9.256326 34.378761 1.601644 0.000000
-9.230895 34.047022 2.112833 0.000000
-8.512522 33.354761 2.345518 0.000000
-9.233487 34.487701 1.430368 0.000000
-8.898285 33.861618 2.335031 0.000000
-7.203550 35.522318 -0.015956 0.000000
-4.720644 33.020585 -0.067144 0.000000
-3.613406 31.881326 -0.011464 0.000000
-5.953881 34.637653 -0.011554 0.000000
-8.679749 35.672784 0.923365 0.000000
-9.258874 35.637046 1.584692 0.000000
-8.295715 35.660991 0.339260 0.000000
-8.875271 35.685390 1.250477 0.000000
-6.750358 34.610029 -0.014501 0.000000
-8.114150 35.661475 0.456446 0.000000
-4.640008 32.673409 -0.006532 0.000000
-4.757780 31.031014 2.376322 0.000000
-4.065667 30.674499 2.327885 0.000000
-4.987927 32.780724 2.353319 0.000000
-2.678490 29.387828 2.315146 0.000000
-2.535483 29.385210 2.312746 0.000000
-2.614889 29.491507 2.314071 0.000000
-1.168773 28.365216 1.181941 0.000000
-3.551815 30.005200 2.330158 0.000000
-2.959492 29.856487 2.322043 0.000000
-4.389126 30.332136 2.338844 0.000000
-3.089986 29.597005 2.321444 0.000000
-3.181738 29.646921 2.322751 0.000000
-2.980093 29.626609 2.319882 0.000000
-3.325270 29.635317 2.324648 0.000000
-3.509465 29.818364 2.340999 0.000000
-2.574342 29.389562 0.017674 0.000000
-3.178281 29.674616 0.013828 0.000000
-2.809902 29.576808 0.015927 0.000000
6.618738 30.251619 2.318150 0.000000
6.857139 30.047176 2.318088 0.000000
6.249540 30.088609 2.319483 0.000000
6.413861 29.884656 2.319696 0.000000
6.039278 29.905712 2.379992 0.000000
5.758882 29.680675 2.349931 0.000000
7.421360 30.078227 2.361695 0.000000
9.054216 35.085194 0.039106 0.000000
7.818698 33.708147 0.034561 0.000000
9.228604 30.935398 2.236021 0.000000
9.221823 31.150531 2.142577 0.000000
8.602878 31.633274 2.396623 0.000000
9.060966 31.561624 2.310627 0.000000
8.019605 31.315331 2.305310 0.000000
8.503351 31.128223 2.366333 0.000000
8.707409 30.944485 2.366461 0.000000
9.081355 30.708991 2.317442 0.000000
7.549379 30.832693 2.386069 0.000000
7.807075 30.687361 2.339080 0.000000
8.156091 30.548357 2.323859 0.000000
7.178907 30.428429 2.325426 0.000000
7.359888 30.232874 2.316058 0.000000
2.066205 28.410251 2.322361 0.000000
-3.519969 32.229211 -0.001823 0.000000
-3.601101 32.166296 -0.002126 0.000000
-4.885406 33.511141 -0.007588 0.000000
-4.145332 32.734475 -0.004570 0.000000
-4.853706 33.701293 -0.007476 0.000000
-4.079889 32.845286 -0.004341 0.000000
8.611476 34.587151 2.247226 0.000000
6.371491 30.518603 2.336853 0.000000
5.230215 30.330037 2.334009 0.000000
5.137375 30.014091 2.320410 0.000000
4.945439 30.182451 2.333499 0.000000
4.800583 29.650951 2.345150 0.000000
5.109532 29.590287 2.346855 0.000000
4.616346 29.936162 2.319823 0.000000
7.532806 31.687850 2.348833 0.000000
8.054918 32.670548 2.366434 0.000000
9.166923 32.498583 2.396138 0.000000
7.486926 32.081394 2.365419 0.000000
8.093952 32.042599 2.350027 0.000000
8.435662 31.887832 2.398979 0.000000
7.823925 31.514637 2.393358 0.000000
6.656709 31.488905 2.361784 0.000000
7.253650 31.047702 2.363732 0.000000
6.416026 30.895787 2.331178 0.000000
4.598327 29.648213 2.343951 0.000000
4.248217 29.468041 2.341720 0.000000
4.114914 29.249674 2.340890 0.000000
3.850728 29.324349 2.338863 0.000000
3.951107 29.029340 2.339874 0.000000
3.717980 29.119625 2.337956 0.000000
4.978221 32.631052 0.025880 0.000000
8.091507 33.304237 2.330521 0.000000
-9.236210 34.274126 0.204778 0.000000
-3.880798 30.669500 -0.035271 0.000000
-5.450334 31.655561 0.304783 0.000000
-3.306896 30.378522 0.022940 0.000000
-4.879486 31.526522 -0.016774 0.000000
-4.570989 31.001219 -0.044052 0.000000
-4.379222 31.037533 -0.002003 0.000000
-3.667227 30.732103 -0.029604 0.000000
-9.223594 33.854322 0.234147 0.000000
-7.010192 32.503660 -0.019162 0.000000
-9.224105 33.643335 0.241435 0.000000
-5.659187 31.470586 -0.000063 0.000000
-9.253796 33.879905 0.037781 0.000000
-9.225276 33.667613 0.492304 0.000000
-8.446546 33.612255 -0.019229 0.000000
-4.719400 31.529650 -0.005568 0.000000
-9.231649 33.797541 0.730302 0.000000
-6.462462 32.339872 -0.012403 0.000000
-9.253582 34.013697 0.195608 0.000000
-9.235989 33.827670 0.429295 0.000000
-5.210346 31.412292 -0.004342 0.000000
-9.254149 34.221291 0.066958 0.000000
-9.222633 34.138611 0.592507 0.000000
-4.062563 31.043572 -0.010970 0.000000
-3.533649 30.784469 0.023182 0.000000
-9.252544 33.718079 -0.008237 0.000000
-1.178354 28.364238 1.215328 0.000000
-2.138833 28.808418 2.307722 0.000000
-2.832771 30.029628 2.320227 0.000000
-3.208528 31.035959 2.298189 0.000000
-2.516389 29.030618 2.313153 0.000000
-2.342119 29.180589 2.309658 0.000000
-2.334158 29.383311 2.309181 0.000000
-2.755880 29.831183 2.318833 0.000000
-3.428282 29.689843 2.325990 0.000000
-2.701708 29.609643 2.315574 0.000000
-3.761339 29.859439 2.344708 0.000000
-3.990855 30.048327 2.335210 0.000000
-2.969302 29.239999 2.319832 0.000000
-2.549099 29.454057 2.312955 0.000000
-2.917245 29.506113 2.318886 0.000000
0.159435 35.279596 -0.008037 0.000000
-0.808075 33.898562 -0.003380 0.000000
-2.753000 29.047644 2.316943 0.000000
-7.280713 35.340160 2.248311 0.000000
-3.952882 29.846670 2.346820 0.000000
-4.013117 30.007272 2.349463 0.000000
-4.135880 30.316888 2.336418 0.000000
-5.270563 31.827664 2.366699 0.000000
2.631411 28.663114 2.328210 0.000000
7.998268 35.053352 2.383799 0.000000
-4.676047 34.588839 -0.049057 0.000000
-4.017881 33.771670 -0.041081 0.000000
-4.725494 34.997376 -0.051259 0.000000
-6.016044 35.640286 -0.040009 0.000000
-5.248402 34.826373 -0.053687 0.000000
-4.475688 33.937085 -0.044743 0.000000
-3.476854 33.343960 -0.035567 0.000000
-3.067914 32.809576 -0.030225 0.000000
-6.441970 32.313144 2.355644 0.000000
-8.587433 33.822493 2.287197 0.000000
-7.177923 32.777621 2.381048 0.000000
-9.233833 34.742266 1.835045 0.000000
-9.186681 34.377548 2.365118 0.000000
-7.501760 33.099843 2.383714 0.000000
-6.316227 32.081290 2.371844 0.000000
-9.232976 34.602257 2.245231 0.000000
-7.765875 33.448752 2.291806 0.000000
-5.632734 31.523270 2.322888 0.000000
-8.152605 33.908425 2.288832 0.000000
-6.637082 32.718061 2.289410 0.000000
-8.577890 34.560124 2.364539 0.000000
-7.060219 33.190662 2.359519 0.000000
-8.800233 33.567042 2.362958 0.000000
-6.546823 31.457091 2.397430 0.000000
-5.731470 31.100581 2.347767 0.000000
-4.891810 30.497104 2.342938 0.000000
-8.168117 32.747347 2.324506 0.000000
-6.679672 31.913866 2.320027 0.000000
-5.877189 31.236920 2.338450 0.000000
-5.080729 30.629418 2.344182 0.000000
-8.515672 33.084279 2.342368 0.000000
-7.020678 32.191682 2.319664 0.000000
-6.139495 31.421880 2.339034 0.000000
-5.221441 30.807854 2.348305 0.000000
-7.576624 32.526118 2.345295 0.000000
-6.231381 31.719520 2.395908 0.000000
-5.212400 31.150735 2.322152 0.000000
-9.230049 33.862705 2.240711 0.000000
-7.738297 32.888693 2.274818 0.000000
-6.404573 32.003353 2.320402 0.000000
-5.415329 31.329160 2.322560 0.000000
-8.173929 33.273309 2.270354 0.000000
-8.999241 35.642649 1.417551 0.000000
-7.253725 33.400112 2.283750 0.000000
-9.142657 35.688396 1.399903 0.000000
-9.230155 35.594545 1.707148 0.000000
-9.205567 35.240424 2.301249 0.000000
-7.690390 33.804451 2.342288 0.000000
-9.145596 35.647308 1.798940 0.000000
-8.518804 35.672224 1.107779 0.000000
-9.130499 35.692222 1.828149 0.000000
-8.447239 34.957538 2.309280 0.000000
-8.837040 35.509499 2.308152 0.000000
0.340633 31.306798 -0.004943 0.000000
0.939648 32.331070 -0.002110 0.000000
-9.233588 34.373562 1.034365 0.000000
-5.409734 31.649189 0.563560 0.000000
-9.228665 33.965045 1.287605 0.000000
-9.238716 34.504561 0.789735 0.000000
-9.232590 34.186926 1.157085 0.000000
-4.963993 31.821846 -0.008466 0.000000
-4.431202 31.593234 -0.037554 0.000000
-9.226333 33.357973 1.243606 0.000000
-9.228873 33.008848 1.736096 0.000000
-9.234051 32.833546 2.147195 0.000000
-9.224706 33.477329 0.634383 0.000000
-9.225989 33.537310 1.102461 0.000000
-9.232216 33.356550 1.448176 0.000000
-9.228723 33.162205 1.970130 0.000000
-9.226920 33.798494 1.166005 0.000000
-9.228986 33.590987 1.568762 0.000000
-9.230283 33.329226 1.833204 0.000000
-9.225425 33.908357 0.819244 0.000000
-9.227256 33.623040 1.305966 0.000000
-9.229214 33.410800 1.709211 0.000000
-9.246346 34.273464 0.508814 0.000000
-9.248181 34.053233 0.710921 0.000000
-9.226622 33.978136 1.025503 0.000000
-9.233644 34.271743 0.750010 0.000000
-2.886893 30.676075 -0.028902 0.000000
-7.115388 34.426893 -0.071016 0.000000
-3.565451 31.267253 -0.042044 0.000000
-5.551475 33.083505 -0.027210 0.000000
-4.679174 32.225867 -0.012653 0.000000
-3.991149 31.636473 -0.040632 0.000000
-4.358665 31.738700 -0.008608 0.000000
-3.956271 31.043148 -0.002480 0.000000
-3.482346 30.807675 -0.000502 0.000000
-5.120245 32.318222 -0.003568 0.000000
-7.495342 34.496265 -0.073967 0.000000
-5.859639 33.088484 -0.049495 0.000000
-3.242112 30.895303 -0.034571 0.000000
-4.979797 32.362688 -0.054425 0.000000
-8.726628 35.646506 -0.036402 0.000000
8.453952 33.837614 2.391732 0.000000
7.942976 33.322377 2.389487 0.000000
8.583743 33.321130 2.336287 0.000000
9.232133 35.654848 0.918315 0.000000
-9.224466 33.374964 0.966372 0.000000
-9.234066 32.907423 1.163763 0.000000
-9.223723 33.009665 1.051542 0.000000
-9.230514 33.180762 1.592160 0.000000
-7.746727 32.321287 2.379407 0.000000
-7.691431 35.089028 2.338956 0.000000
-6.589682 35.052765 2.321933 0.000000
-3.318619 29.418424 2.324538 0.000000
-3.718132 29.637896 2.329378 0.000000
-4.241450 30.004742 2.351884 0.000000
-4.536120 30.440384 2.340034 0.000000
-4.691350 30.556520 2.341210 0.000000
-5.641856 31.878429 2.323297 0.000000
-6.471760 33.018353 2.378096 0.000000
-4.937891 30.938007 2.333920 0.000000
-7.333929 31.996810 2.376459 0.000000
-6.341075 31.323479 2.340419 0.000000
-5.498897 30.929653 2.346600 0.000000
6.170227 31.524663 0.003854 0.000000
6.119535 31.387426 0.023922 0.000000
9.219553 31.047289 1.035182 0.000000
9.230163 30.668783 2.293690 0.000000
6.362593 31.330411 0.004894 0.000000
4.930628 30.539911 0.022356 0.000000
9.226251 30.652103 1.607554 0.000000
9.230794 30.475206 2.261177 0.000000
9.221695 30.598853 2.105945 0.000000
9.227973 30.452477 1.694280 0.000000
9.227378 30.506029 1.490995 0.000000
8.699634 30.248582 2.316907 0.000000
9.225913 30.230512 2.354659 0.000000
9.228423 30.291491 1.837953 0.000000
9.223557 30.211378 1.738222 0.000000
-2.118452 28.930550 0.022582 0.000000
-1.820473 28.792425 0.026684 0.000000
-2.759868 29.335996 -0.008075 0.000000
-3.165400 29.650762 -0.016916 0.000000
-2.509732 29.375340 -0.004177 0.000000
-2.665861 29.430956 -0.003153 0.000000
-2.505187 29.535798 -0.001465 0.000000
-2.323456 29.234149 -0.002496 0.000000
-3.560685 29.640142 -0.022316 0.000000
-4.960882 30.590001 -0.017780 0.000000
-4.366388 30.294506 -0.031452 0.000000
-2.954017 29.395160 -0.006976 0.000000
-3.394645 29.733855 -0.020867 0.000000
-3.777138 30.131299 -0.024973 0.000000
-2.880707 29.432401 -0.010785 0.000000
-3.258967 29.866534 -0.004056 0.000000
-1.367897 28.398373 0.036010 0.000000
6.453907 29.850372 0.031428 0.000000
5.603150 29.935431 0.014998 0.000000
3.990014 29.354102 0.008887 0.000000
7.873040 30.423333 0.035459 0.000000
4.851415 29.596526 0.007375 0.000000
9.220511 30.792073 0.627304 0.000000
9.218556 30.759937 0.115862 0.000000
9.225001 30.498629 0.986330 0.000000
9.222923 30.507076 0.412397 0.000000
9.222640 30.558177 0.301080 0.000000
9.221723 30.529007 0.019125 0.000000
9.224130 30.285375 0.842306 0.000000
9.223590 30.203826 0.726750 0.000000
6.046609 30.223517 0.071652 0.000000
4.024345 29.592393 0.008729 0.000000
8.770066 31.177962 0.036668 0.000000
6.862215 30.384330 0.031121 0.000000
-3.660308 32.660375 -0.033287 0.000000
-3.272528 32.239950 -0.028551 0.000000
-2.352132 30.915330 -0.014396 0.000000
-5.110008 33.577390 -0.047029 0.000000
-6.446998 35.642607 -0.034543 0.000000
-5.673109 34.873527 -0.056519 0.000000
-4.794966 33.903989 -0.046586 0.000000
-4.152459 33.198151 -0.039140 0.000000
6.674502 33.609121 2.375435 0.000000
7.759350 34.379844 2.381137 0.000000
-6.144006 34.596778 -0.058166 0.000000
-9.230432 33.918861 1.697785 0.000000
-8.622689 32.946583 2.289751 0.000000
-9.230471 33.049107 2.079357 0.000000
-9.109422 33.280902 2.350399 0.000000
-9.228822 33.341911 2.190608 0.000000
-9.226974 34.645858 0.910396 0.000000
-9.230858 33.566093 1.964750 0.000000
-9.228203 33.311951 1.762540 0.000000
-9.230625 33.740530 1.831221 0.000000
-9.231582 33.054903 1.267696 0.000000
-8.270451 35.652061 -0.014128 0.000000
-5.901272 33.739808 -0.009293 0.000000
-9.224560 35.230393 0.887210 0.000000
-8.218255 32.568396 2.381948 0.000000
-8.503214 35.677804 0.659673 0.000000
-7.948740 32.177462 2.346428 0.000000
-6.425721 31.625721 2.339533 0.000000
-6.821699 31.872812 2.344467 0.000000
-7.164660 32.319368 2.325640 0.000000
-6.687424 32.118023 2.373845 0.000000
-7.502277 32.609432 2.325369 0.000000
-6.880237 32.484514 2.378501 0.000000
-4.714717 30.374935 2.341678 0.000000
-4.855473 30.681365 2.342368 0.000000
-5.282616 30.773215 2.345404 0.000000
-5.029704 30.815923 2.343506 0.000000
-8.808931 35.033837 2.366034 0.000000
-7.038307 34.452146 2.258407 0.000000
-7.604297 33.796084 2.280278 0.000000
-7.839208 33.117769 2.348706 0.000000
-8.226597 33.486564 2.385281 0.000000
-8.730709 33.944816 2.388611 0.000000
-9.127925 34.508876 2.282613 0.000000
7.270820 30.035767 2.319958 0.000000
5.482160 29.608454 2.348696 0.000000
8.280363 30.649772 2.397229 0.000000
5.896046 29.871156 2.354038 0.000000
6.695109 30.056078 2.319876 0.000000
7.652442 30.246781 2.343726 0.000000
4.831159 29.493132 2.345360 0.000000
6.246856 29.810976 2.353727 0.000000
9.078058 31.102749 2.395308 0.000000
4.657313 29.244726 2.344453 0.000000
5.232210 29.426755 2.347537 0.000000
5.926023 29.652620 2.350648 0.000000
6.681873 29.750249 2.353473 0.000000
4.404139 29.166320 2.342922 0.000000
5.026008 29.219345 2.346557 0.000000
7.453089 31.076078 2.383429 0.000000
8.966833 31.704847 2.340890 0.000000
6.824662 30.734066 2.360833 0.000000
7.723686 30.923913 2.337705 0.000000
8.341480 31.195158 2.313994 0.000000
7.720454 30.650402 2.325207 0.000000
7.925505 31.355349 2.385445 0.000000
5.395319 32.322541 0.016948 0.000000
8.367730 34.513531 0.021962 0.000000
4.914206 31.766098 0.000987 0.000000
5.893527 32.735371 0.089419 0.000000
8.453869 31.670410 2.387518 0.000000
6.474608 32.596237 0.020674 0.000000
7.694329 32.350747 2.305394 0.000000
7.175962 31.981349 2.308343 0.000000
8.630970 32.666072 2.387699 0.000000
4.168274 29.094507 2.341387 0.000000
3.558181 28.914566 2.336870 0.000000
3.213085 28.817367 2.333919 0.000000
2.983910 28.608736 2.332160 0.000000
-9.238902 33.519776 -0.049079 0.000000
-9.221340 33.644503 0.065383 0.000000
-9.227545 34.080218 0.212185 0.000000
-5.478006 31.030510 -0.002001 0.000000
-7.410600 32.521079 -0.048438 0.000000
-4.716934 30.645498 -0.016303 0.000000
-5.878676 31.647939 -0.036344 0.000000
-8.268597 33.521691 -0.057015 0.000000
-6.932897 31.985442 -0.069874 0.000000
-4.964750 31.099122 -0.043220 0.000000
-5.409821 31.654077 0.075086 0.000000
-3.415680 30.096280 -0.005109 0.000000
-5.246706 31.627497 -0.003521 0.000000
-3.068728 29.875397 -0.015827 0.000000
-3.604250 30.398243 -0.007039 0.000000
-9.233334 33.102143 0.901370 0.000000
-9.233988 32.865319 0.688239 0.000000
-9.235566 33.185211 0.502921 0.000000
-9.236513 33.119934 0.225552 0.000000
-9.222712 33.321910 0.536815 0.000000
-9.238056 33.145171 -0.007113 0.000000
-9.238339 33.307105 0.071667 0.000000
-9.222405 33.485006 0.390683 0.000000
-2.991171 30.208214 -0.002597 0.000000
-2.955295 29.627990 -0.013606 0.000000
-5.010788 31.983963 -0.051321 0.000000
-2.909266 29.801427 -0.000696 0.000000
-4.336421 31.236613 -0.015139 0.000000
-2.702889 29.833636 -0.011457 0.000000
-2.824207 30.036269 -0.000555 0.000000
7.226261 32.674644 2.336259 0.000000
6.965706 32.245851 2.399122 0.000000
6.529215 31.833262 2.309433 0.000000
9.223996 30.053406 0.882848 0.000000
7.346607 30.174300 0.012010 0.000000
4.773907 29.279251 0.007623 0.000000
9.223768 30.456653 0.677661 0.000000
9.221661 30.354636 0.087731 0.000000
6.024790 29.523801 0.006096 0.000000
9.222874 30.395240 0.448910 0.000000
9.222212 30.024659 0.394204 0.000000
4.803031 29.198985 0.325951 0.000000
9.223486 30.072223 0.741899 0.000000
4.800164 29.109884 0.409844 0.000000
9.220321 29.812467 1.079257 0.000000
4.260127 29.620061 0.008285 0.000000
5.560698 30.080712 0.009215 0.000000
7.674606 30.554126 0.010305 0.000000
4.787178 29.602044 0.007473 0.000000
2.415470 28.961650 0.001002 0.000000
6.334492 30.049527 0.010359 0.000000
4.151714 29.292449 0.008606 0.000000
9.121467 30.635838 0.011033 0.000000
5.308910 29.612739 0.006807 0.000000
3.737987 29.177642 0.009466 0.000000
9.224596 30.762439 0.561979 0.000000
3.264176 28.887199 0.007429 0.000000
2.087170 28.571326 0.008100 0.000000
3.967304 28.924869 0.033992 0.000000
2.811408 28.756778 0.002957 0.000000
4.800287 29.071881 0.194470 0.000000
4.630335 29.008088 2.344466 0.000000
5.802314 29.311113 2.350245 0.000000
6.576029 29.516067 2.353169 0.000000
4.886120 29.073232 2.345895 0.000000
5.558903 29.021750 2.349332 0.000000
4.393878 28.948481 2.343046 0.000000
6.834264 29.603567 2.421283 0.000000
8.795234 30.966888 2.418823 0.000000
7.015780 30.387577 2.429809 0.000000
8.085420 30.708570 2.442151 0.000000
6.583170 30.192112 2.316661 0.000000
7.503275 30.380913 2.434519 0.000000
8.763888 30.617248 2.418289 0.000000
7.517315 30.552777 2.407984 0.000000
6.199838 29.732402 2.351726 0.000000
7.028171 30.007201 2.403175 0.000000
8.080353 30.266753 2.412443 0.000000
5.894426 29.511699 2.350549 0.000000
6.528575 29.676794 2.352944 0.000000
7.490188 29.966888 2.407187 0.000000
4.932260 29.331141 2.345992 0.000000
5.561063 29.533004 2.349086 0.000000
6.169199 29.407886 2.351705 0.000000
8.590772 31.471027 2.417659 0.000000
7.524600 30.684622 2.437298 0.000000
8.732519 31.253449 2.418576 0.000000
8.081619 30.876758 2.413006 0.000000
6.480839 30.294720 2.341350 0.000000
5.752124 32.402404 0.045643 0.000000
7.578565 33.358358 0.055864 0.000000
6.929011 30.983322 2.429551 0.000000
5.704921 30.188524 2.336460 0.000000
7.098288 31.452935 2.405501 0.000000
8.001560 32.371400 2.446040 0.000000
9.169235 32.628832 2.423215 0.000000
6.129017 30.810260 2.370572 0.000000
8.459179 32.109251 2.417264 0.000000
6.654529 31.118658 2.401238 0.000000
7.803496 31.626867 2.441599 0.000000
3.747280 28.969295 2.338361 0.000000
3.125407 28.641224 2.333469 0.000000
3.274734 28.676086 2.334793 0.000000
4.417524 29.388675 2.342878 0.000000
3.970289 28.843293 2.340241 0.000000
6.324289 33.882943 0.048688 0.000000
6.828708 31.804754 2.440538 0.000000
7.939959 32.777856 2.413980 0.000000
7.408553 32.331652 2.409220 0.000000
6.425289 31.468479 2.433603 0.000000
7.289790 31.923787 2.407715 0.000000
9.209600 33.994396 2.443914 0.000000
8.552491 33.295848 2.419258 0.000000
-5.238889 31.099514 -0.002332 0.000000
-6.877284 32.232371 -0.031144 0.000000
-9.242315 34.155078 -0.051694 0.000000
-4.414285 30.746677 -0.014497 0.000000
-5.573409 31.483503 -0.056174 0.000000
-7.660335 33.135451 -0.036342 0.000000
-5.119514 31.439566 -0.030023 0.000000
-8.945249 33.534354 -0.015585 0.000000
-9.231133 32.302222 0.532658 0.000000
-9.233065 32.758821 0.529774 0.000000
-9.221679 32.218503 0.068197 0.000000
-9.232908 32.597903 0.238567 0.000000
-9.233919 33.009456 0.647310 0.000000
-9.232610 32.513504 0.104430 0.000000
-9.233874 32.750153 0.089546 0.000000
-9.234755 32.937196 0.378181 0.000000
-2.800794 29.134552 0.218771 0.000000
-7.968128 31.995617 -0.038313 0.000000
-9.235681 32.849834 0.089310 0.000000
-6.160402 31.166184 -0.026150 0.000000
-8.356916 32.453878 -0.007508 0.000000
-5.070985 30.611261 -0.011462 0.000000
-6.414763 31.613983 -0.027964 0.000000
-9.220438 32.116578 1.153366 0.000000
-9.220355 32.035735 0.915362 0.000000
-9.220892 32.279519 1.015411 0.000000
-9.228381 32.245656 0.979794 0.000000
-9.232075 32.526070 0.982537 0.000000
-9.220882 32.104050 0.470328 0.000000
-9.231439 32.584128 0.680399 0.000000
-9.233001 32.693998 0.835504 0.000000
6.373547 31.060677 0.049178 0.000000
4.603274 30.417198 0.021642 0.000000
6.893421 31.041743 0.052018 0.000000
-2.468721 28.861939 0.018785 0.000000
-2.135818 28.781073 0.023116 0.000000
-2.278772 28.899340 0.020707 0.000000
-9.156368 32.077979 -0.046034 0.000000
-7.041412 31.216144 -0.032139 0.000000
-2.800798 29.151739 0.189167 0.000000
-4.663058 30.011397 -0.014914 0.000000
-5.735008 30.684412 -0.023084 0.000000
-3.450572 29.459670 -0.013717 0.000000
-4.136313 29.914397 -0.026145 0.000000
-4.869656 30.291736 -0.029037 0.000000
-2.799173 29.109258 0.136831 0.000000
-3.073225 29.286206 -0.012513 0.000000
-4.319949 30.063341 -0.012639 0.000000
-2.765428 29.386485 0.016325 0.000000
-2.578462 29.114828 0.022986 0.000000
-2.874292 29.380754 0.015642 0.000000
-3.178523 29.591791 -0.011341 0.000000
-3.711233 29.950537 -0.007946 0.000000
9.230355 30.156243 2.200287 0.000000
9.226274 30.551475 1.277060 0.000000
9.227117 30.223913 1.577470 0.000000
9.229732 30.303046 2.043353 0.000000
9.224144 30.053568 1.894473 0.000000
9.222799 30.133799 1.490486 0.000000
8.672958 30.001747 2.417098 0.000000
9.221055 29.818333 1.755894 0.000000
8.025742 29.727614 2.411561 0.000000
9.212046 29.922393 2.417862 0.000000
9.225102 30.827223 0.803321 0.000000
9.219607 30.648213 1.099196 0.000000
6.287671 31.403389 0.004553 0.000000
5.839113 31.064547 0.031395 0.000000
8.342784 29.808295 2.358128 0.000000
9.224898 30.141742 2.117859 0.000000
9.221520 29.841187 2.050275 0.000000
8.943749 30.258229 2.343032 0.000000
9.111135 30.018064 2.344556 0.000000
7.721829 29.639866 2.356629 0.000000
9.229157 30.451172 1.885943 0.000000
9.227619 30.060637 1.728310 0.000000
-3.785503 29.697626 -0.019314 0.000000
-5.183513 30.223087 -0.018633 0.000000
-3.229573 29.590350 0.013652 0.000000
-4.266516 29.838234 -0.011892 0.000000
-3.040374 29.481119 0.014659 0.000000
-3.180760 29.327718 0.014007 0.000000
-3.603389 29.575018 -0.016345 0.000000
-1.602473 28.583088 0.023257 0.000000
-9.221419 32.262852 0.341493 0.000000
-9.230322 32.158154 0.678288 0.000000
-9.221406 32.375130 0.624687 0.000000
-7.566213 31.934711 -0.022212 0.000000
-9.234110 32.685321 0.224707 0.000000
-9.221957 32.469457 0.572162 0.000000
-5.956391 31.170449 -0.014503 0.000000
-4.924841 30.681961 -0.009099 0.000000
-8.011362 32.864449 -0.024464 0.000000
-4.028145 30.492601 -0.004128 0.000000
-6.167718 31.858491 -0.058487 0.000000
-3.583761 30.232841 -0.007540 0.000000
-5.075602 31.117935 -0.001865 0.000000
-4.653700 30.914702 -0.014676 0.000000
-4.208818 30.799333 -0.034686 0.000000
-9.221925 32.726342 0.633246 0.000000
-6.515351 31.542146 -0.007285 0.000000
-9.220147 33.165895 0.037661 0.000000
-9.221575 32.895221 0.487921 0.000000
-5.360293 30.997629 -0.017430 0.000000
-9.227308 33.205994 -0.063793 0.000000
-3.268626 29.809846 0.014550 0.000000
-4.416195 30.580058 -0.006342 0.000000
-7.109783 32.123918 -0.002528 0.000000
-5.630369 31.360917 -0.013051 0.000000
-9.220752 33.423960 0.046089 0.000000
5.919904 30.726840 2.376756 0.000000
8.219130 33.171032 2.337919 0.000000
3.432917 28.713410 2.336133 0.000000
5.469493 29.224070 2.348791 0.000000
6.246525 29.439745 2.351984 0.000000
5.607624 29.453549 2.349325 0.000000
5.166177 29.145310 2.347344 0.000000
4.390756 31.255178 0.057286 0.000000
8.772281 34.230582 0.040710 0.000000
5.702025 32.031653 0.001553 0.000000
9.253954 34.106915 0.656221 0.000000
8.175559 31.500294 2.348334 0.000000
9.127100 30.963572 2.398336 0.000000
8.111438 30.673217 2.364203 0.000000
8.263786 30.470862 2.343878 0.000000
7.212304 30.687188 2.337974 0.000000
7.580745 30.433355 2.362031 0.000000
6.971263 30.356761 2.360662 0.000000
7.114139 29.874345 2.319763 0.000000
5.796891 33.215762 0.030347 0.000000
7.936627 34.788157 0.037510 0.000000
5.082744 32.310803 0.028348 0.000000
3.649710 31.071273 0.018518 0.000000
4.609212 31.612965 0.019163 0.000000
1.466370 28.358708 0.018897 0.000000
8.510905 30.100818 0.040598 0.000000
9.222255 30.210770 0.339921 0.000000
9.220139 29.833277 0.672125 0.000000
9.221537 30.230596 1.054461 0.000000
9.220298 29.876157 0.979478 0.000000
9.222052 30.066226 1.224487 0.000000
6.304102 29.967098 0.033242 0.000000
4.584516 29.286588 0.007886 0.000000
8.975670 30.580813 0.042156 0.000000
5.920239 29.652633 0.006139 0.000000
3.512892 29.195724 0.009970 0.000000
4.336718 29.066198 0.008356 0.000000
3.172264 28.604545 0.033206 0.000000
2.424981 28.513749 0.005682 0.000000
5.587573 29.288689 0.006610 0.000000
2.484461 28.497676 2.327108 0.000000
2.373406 28.473974 2.325891 0.000000
4.986235 29.883980 2.403530 0.000000
6.557701 31.210781 2.425873 0.000000
6.174447 30.909536 2.420224 0.000000
5.210756 31.061927 2.417345 0.000000
5.827451 30.640137 2.414970 0.000000
5.244828 30.053919 2.408120 0.000000
2.722103 28.549723 2.329597 0.000000
8.050298 32.914928 2.448219 0.000000
7.905668 33.938946 2.449814 0.000000
8.569022 33.988222 2.456995 0.000000
7.463837 33.456924 2.443539 0.000000
8.020915 33.442876 2.449515 0.000000
8.640094 33.446638 2.456149 0.000000
9.208077 33.397834 2.437774 0.000000
7.533769 32.963005 2.442724 0.000000
8.616661 32.875375 2.454227 0.000000
6.715899 32.613059 2.421993 0.000000
6.337127 32.225051 2.416914 0.000000
8.956766 35.099876 2.464298 0.000000
8.400074 34.482605 2.456695 0.000000
9.215847 34.051877 0.346264 0.000000
8.090235 31.441452 2.444279 0.000000
8.407746 31.263760 2.447324 0.000000
8.747921 31.085023 2.450612 0.000000
7.570000 31.089278 2.437344 0.000000
7.817817 30.897876 2.439630 0.000000
7.106655 30.778251 2.431018 0.000000
7.298250 30.578278 2.432681 0.000000
6.687847 30.499655 2.425157 0.000000
6.836322 30.296822 2.426340 0.000000
6.995001 30.097268 2.427672 0.000000
6.543510 29.847773 2.421420 0.000000
5.970323 30.028478 2.414734 0.000000
6.160400 29.604644 2.423342 0.000000
9.205357 32.243336 2.428410 0.000000
8.684122 31.846671 2.452011 0.000000
9.078610 31.683119 2.455863 0.000000
3.979365 28.668099 2.340568 0.000000
4.471543 28.918539 2.343567 0.000000
4.253990 29.091207 2.341972 0.000000
4.174619 28.893681 2.341638 0.000000
3.779069 28.625312 2.339144 0.000000
5.065654 29.307747 2.408681 0.000000
5.670964 30.103196 2.413342 0.000000
5.761140 29.916739 2.412653 0.000000
5.658863 29.677607 2.414865 0.000000
5.758664 29.494518 2.418140 0.000000
5.368681 29.911897 2.408225 0.000000
5.212808 29.738261 2.407113 0.000000
5.463168 29.504399 2.405642 0.000000
5.444875 29.202107 2.415907 0.000000
5.093778 29.739835 2.403464 0.000000
5.004731 29.482985 2.406011 0.000000
5.098763 29.119370 2.411040 0.000000
4.942745 28.880909 2.346370 0.000000
4.671770 28.820009 2.344897 0.000000
-9.220255 32.058432 1.507151 0.000000
-9.216478 31.463183 2.166839 0.000000
-9.219910 31.870306 1.060377 0.000000
-9.220034 31.955950 1.291322 0.000000
-9.219650 31.752232 1.769364 0.000000
-9.217453 31.671057 2.130174 0.000000
-9.230396 32.198928 1.275888 0.000000
-9.228950 31.881857 1.570108 0.000000
-9.219994 31.878752 1.954825 0.000000
-9.217917 31.668435 1.836308 0.000000
-9.219930 31.904313 1.638032 0.000000
-9.221043 32.372669 1.245587 0.000000
-9.220563 32.177809 1.707115 0.000000
-9.229335 32.503252 1.076213 0.000000
-9.220910 32.329887 1.583641 0.000000
-9.217589 31.389353 1.569027 0.000000
-9.216776 31.344555 1.818461 0.000000
-9.218180 31.525455 1.432894 0.000000
-9.217041 31.254785 1.705463 0.000000
-9.216762 31.360468 2.120108 0.000000
-8.744600 31.186016 2.368909 0.000000
-9.218070 31.526822 1.382713 0.000000
-9.217329 31.490099 1.694802 0.000000
-9.217315 31.513656 1.977627 0.000000
-9.032549 31.334223 2.368401 0.000000
-9.219556 31.689345 1.023396 0.000000
-9.217925 31.636773 1.571760 0.000000
-8.100465 33.203293 -0.056330 0.000000
-9.230820 33.532825 0.581751 0.000000
-6.264716 32.116263 -0.040413 0.000000
-4.234537 30.987285 -0.036592 0.000000
-3.297862 30.365246 -0.005601 0.000000
-4.762246 31.363800 -0.010214 0.000000
-9.237275 33.365036 0.357635 0.000000
-9.232702 32.650779 1.137919 0.000000
-9.231879 32.492507 1.282377 0.000000
-9.233243 32.753494 1.306619 0.000000
-9.233582 32.812193 0.993166 0.000000
-7.159139 32.247099 -0.074522 0.000000
-9.234883 33.271773 0.764950 0.000000
-4.850189 31.736108 -0.055874 0.000000
-3.233267 30.481723 -0.023385 0.000000
7.876047 34.913469 2.452529 0.000000
7.401563 34.313752 2.445631 0.000000
4.794363 31.636249 2.405818 0.000000
5.014728 31.574361 2.400346 0.000000
6.289579 33.604620 2.431182 0.000000
6.849483 33.671401 2.426544 0.000000
6.463958 33.219933 2.421372 0.000000
5.286742 32.679858 2.442616 0.000000
6.240906 32.883701 2.428035 0.000000
5.519223 32.475768 2.442609 0.000000
5.805538 32.460758 2.412175 0.000000
4.835301 32.206127 2.408854 0.000000
5.267526 32.166961 2.436614 0.000000
5.631459 32.159444 2.418244 0.000000
5.256594 31.842182 2.404072 0.000000
-4.091689 29.209228 2.333439 0.000000
-3.113020 29.124004 2.322086 0.000000
-2.920795 29.053722 2.319481 0.000000
-3.598585 29.010235 2.328467 0.000000
-3.214945 29.162618 2.323413 0.000000
-3.896877 29.352816 2.331358 0.000000
-3.798301 29.399503 2.330275 0.000000
-3.402748 29.391605 2.325630 0.000000
-3.115151 29.255011 2.321911 0.000000
-4.075092 29.520119 2.333112 0.000000
-3.933107 29.457652 2.331689 0.000000
-4.383614 29.659700 2.335985 0.000000
-3.510843 29.522101 2.326940 0.000000
-2.742941 28.991845 2.316956 0.000000
-2.922828 28.990807 2.319684 0.000000
-3.150770 28.801670 2.323455 0.000000
-3.303995 29.272206 2.324450 0.000000
-8.221492 35.176592 2.304226 0.000000
-8.909663 35.695265 2.298746 0.000000
-4.548083 30.261998 2.340402 0.000000
-4.012443 29.817593 2.285971 0.000000
-6.307364 31.596736 2.325694 0.000000
-5.465665 31.108651 2.384721 0.000000
-4.552995 29.738492 2.337441 0.000000
-4.146769 29.665308 2.333818 0.000000
-3.751701 29.474581 2.329738 0.000000
-4.503527 29.802758 2.337050 0.000000
-4.731795 29.823123 2.338892 0.000000
-4.291277 29.915842 2.359130 0.000000
-3.964608 29.679470 2.332025 0.000000
-5.700800 31.293476 2.388264 0.000000
-4.971558 30.098650 2.369106 0.000000
-5.122160 30.263451 2.345198 0.000000
-4.428443 30.083521 2.342526 0.000000
-5.136236 30.535608 2.348147 0.000000
-8.430757 34.119982 2.334305 0.000000
-6.894677 32.944144 2.344929 0.000000
-5.859624 32.099025 2.323501 0.000000
-8.876810 34.587069 2.332676 0.000000
-7.359748 33.260561 2.360022 0.000000
-6.148142 32.264139 2.354875 0.000000
-6.210189 32.716993 2.375552 0.000000
-7.977772 34.157594 2.345348 0.000000
-8.364897 34.676821 2.301482 0.000000
-8.611260 35.241907 2.245762 0.000000
-7.377497 32.724932 2.379250 0.000000
-7.778767 33.083001 2.382173 0.000000
-8.020001 33.570442 2.300542 0.000000
-6.688858 32.504293 2.323176 0.000000
-8.973481 35.675780 0.312290 0.000000
-9.233765 34.669741 1.575145 0.000000
-8.713506 35.674293 0.167716 0.000000
-8.433627 35.581538 -0.055101 0.000000
-6.512764 33.977495 -0.039696 0.000000
-8.798635 35.673873 0.424368 0.000000
-9.228659 33.535195 2.371594 0.000000
-9.255608 33.638432 2.125377 0.000000
-9.229150 34.032350 1.481117 0.000000
-9.226560 34.450583 1.043730 0.000000
-4.497157 32.302611 -0.022590 0.000000
-9.231002 34.081943 1.972015 0.000000
-4.389625 32.432892 -0.021350 0.000000
-5.864781 34.200417 -0.033095 0.000000
-5.025899 33.211225 -0.026539 0.000000
-5.195534 33.145617 -0.028294 0.000000
-6.177168 34.290668 -0.035941 0.000000
-5.757551 30.047134 2.277267 0.000000
-6.582908 30.285541 2.356911 0.000000
-5.840518 30.141861 2.376817 0.000000
-5.339741 29.627168 2.343138 0.000000
-4.656499 29.670679 2.338273 0.000000
-6.921802 30.448490 2.357847 0.000000
-6.103068 30.199353 2.357052 0.000000
-5.435245 29.804193 2.343732 0.000000
-4.837012 29.749572 2.339677 0.000000
-7.294558 30.630065 2.358705 0.000000
-6.395901 30.338634 2.358410 0.000000
-5.029765 29.834922 2.341088 0.000000
-7.654903 31.078025 2.356781 0.000000
-6.641997 30.681631 2.357892 0.000000
-5.802973 30.256613 2.354140 0.000000
-8.079143 31.311529 2.357193 0.000000
-6.975026 30.853736 2.359090 0.000000
-6.099154 30.440895 2.351630 0.000000
-5.381159 30.120783 2.372952 0.000000
-8.486999 31.656983 2.370234 0.000000
-7.341563 31.044978 2.360253 0.000000
-7.999529 32.220025 2.324748 0.000000
-8.598278 32.558700 2.343145 0.000000
-7.199945 31.630665 2.342776 0.000000
-9.033088 32.972574 2.323055 0.000000
-7.565227 31.908715 2.325215 0.000000
-9.231455 33.228278 2.232825 0.000000
-6.827567 31.388616 2.342340 0.000000
-9.230931 33.408057 2.036201 0.000000
-8.206867 32.687323 2.382529 0.000000
-8.810366 33.148973 2.293211 0.000000
-9.224306 32.513994 2.169523 0.000000
-6.251124 30.776972 2.342366 0.000000
-5.460645 30.298915 2.347634 0.000000
-9.004614 32.147306 2.369287 0.000000
-7.727250 31.522501 2.318406 0.000000
-6.615117 30.976063 2.395563 0.000000
-5.683254 30.432999 2.348856 0.000000
-9.219887 32.284836 2.048544 0.000000
-8.077896 31.663161 2.376440 0.000000
-6.935524 31.186563 2.343728 0.000000
-6.180291 30.738077 2.351242 0.000000
-8.450582 32.126298 2.359730 0.000000
-7.332782 31.428516 2.344237 0.000000
-6.205248 30.959122 2.325358 0.000000
-9.228152 32.676628 1.809102 0.000000
-9.031141 32.522169 2.361416 0.000000
-7.775750 31.701346 2.344603 0.000000
-6.441173 31.146678 2.351745 0.000000
-9.227293 32.840671 1.880278 0.000000
-8.117448 32.168665 2.278322 0.000000
1.632110 28.222507 2.317850 0.000000
7.556661 30.232277 0.092029 0.000000
9.222598 30.053227 0.498880 0.000000
9.220249 29.787018 0.968343 0.000000
9.224845 30.337678 1.283374 0.000000
4.792775 30.023748 0.015828 0.000000
6.107988 30.527780 0.027142 0.000000
8.381364 31.168359 0.102299 0.000000
5.613328 30.176729 0.012459 0.000000
7.829353 30.639516 0.095635 0.000000
5.429773 29.626350 0.006654 0.000000
9.220306 29.629148 1.125590 0.000000
9.220823 29.824651 1.581921 0.000000
9.220550 29.784426 1.345949 0.000000
9.220666 29.634501 1.500086 0.000000
9.221242 29.647186 1.921044 0.000000
4.051856 30.062483 0.003159 0.000000
-2.800767 28.976053 0.106350 0.000000
-2.642115 28.989380 -0.004736 0.000000
-2.482099 28.895287 -0.001539 0.000000
-2.739619 29.178760 -0.007893 0.000000
-2.823779 29.094610 -0.008178 0.000000
-1.983791 28.588545 0.023207 0.000000
-6.302019 31.096638 -0.016861 0.000000
-3.377556 29.511214 -0.018728 0.000000
-4.076280 30.028643 -0.026660 0.000000
-6.179500 30.906355 -0.025659 0.000000
-8.210782 32.010157 -0.059596 0.000000
-9.230666 32.108178 0.014746 0.000000
-4.915772 30.113882 -0.033686 0.000000
-2.801579 28.985192 0.474499 0.000000
-2.960758 29.155087 0.413844 0.000000
-5.813640 30.495120 -0.038542 0.000000
-9.230912 31.939275 -0.024312 0.000000
-7.499129 31.319480 -0.053939 0.000000
-9.220824 31.852045 0.067580 0.000000
-5.895462 30.692305 -0.039054 0.000000
-9.217605 32.149755 -0.015868 0.000000
-9.221086 32.054316 0.205138 0.000000
-7.776995 31.635388 -0.056076 0.000000
-2.801715 28.963855 0.379039 0.000000
-9.218786 31.244131 0.921983 0.000000
9.226300 30.947272 1.297299 0.000000
6.905390 29.321920 2.424440 0.000000
8.719748 29.880869 2.403359 0.000000
8.936876 29.631126 2.448009 0.000000
7.728637 29.991001 2.436083 0.000000
7.887013 29.776876 2.437365 0.000000
8.196611 29.429401 2.402469 0.000000
7.280024 29.654975 2.439429 0.000000
7.236305 29.522648 2.424651 0.000000
7.570876 29.363943 2.433542 0.000000
6.832133 29.532373 2.424102 0.000000
8.590668 30.123368 2.400390 0.000000
6.447540 29.337881 2.418770 0.000000
6.098184 29.079903 2.416599 0.000000
9.227761 30.716145 2.129942 0.000000
8.858863 30.576879 2.450492 0.000000
9.123435 30.347950 2.449202 0.000000
9.202099 30.105165 2.401092 0.000000
9.222078 29.853247 2.353670 0.000000
8.261626 30.266157 2.442960 0.000000
5.566000 31.896307 0.068216 0.000000
-6.971862 33.748219 2.315162 0.000000
-8.783252 33.575897 2.387598 0.000000
-7.944999 33.291857 2.268867 0.000000
-7.004738 33.364444 2.333267 0.000000
-9.231265 34.180500 2.229411 0.000000
-8.243932 33.849741 2.389474 0.000000
-7.427345 33.571406 2.361103 0.000000
-9.232077 34.362982 2.097937 0.000000
-8.673672 34.289782 2.392623 0.000000
-7.696818 34.175524 2.330736 0.000000
-9.127992 34.875542 2.304457 0.000000
-8.090003 34.458779 2.310227 0.000000
-7.344638 34.018046 2.279862 0.000000
-7.465213 34.518596 2.314491 0.000000
-7.401821 32.399716 2.378189 0.000000
-5.955144 31.496248 2.391985 0.000000
-6.997749 31.772379 2.341332 0.000000
-7.010318 31.838947 2.325615 0.000000
-6.995493 32.241518 2.281956 0.000000
-7.811922 32.745073 2.381134 0.000000
-8.269388 33.134222 2.384258 0.000000
-7.411962 32.884525 2.319183 0.000000
-9.230753 35.611351 2.158457 0.000000
-8.083720 35.636707 2.338259 0.000000
-9.056285 35.674806 1.554688 0.000000
-6.576595 31.208984 2.396400 0.000000
-7.940735 35.616826 1.624792 0.000000
-4.224956 29.587325 2.334544 0.000000
-5.551182 30.797396 2.338374 0.000000
-5.235904 30.517985 2.323847 0.000000
-5.901419 30.799725 2.340392 0.000000
-6.181039 30.967939 2.350712 0.000000
-5.792990 30.956580 2.339129 0.000000
-6.280688 31.010830 2.392511 0.000000
-5.849799 31.133610 2.365347 0.000000
-4.486840 29.597635 2.336875 0.000000
-4.606007 30.076798 2.365313 0.000000
-4.289867 34.363401 -0.015089 0.000000
-2.371194 28.911403 2.311179 0.000000
-2.577338 28.601252 2.316229 0.000000
-2.404052 28.955987 2.311537 0.000000
-2.072694 28.791167 2.306674 0.000000
-2.398603 28.740284 2.312572 0.000000
-8.356854 31.600733 2.317198 0.000000
-7.861151 31.813112 2.356683 0.000000
-9.217095 31.755003 2.214786 0.000000
-8.745009 32.154431 2.316207 0.000000
-8.342325 32.328347 2.366075 0.000000
-9.229388 31.881842 2.163223 0.000000
-9.230778 32.490071 2.286589 0.000000
-8.657233 32.712865 2.316322 0.000000
-9.220257 32.027485 1.830881 0.000000
-8.726223 31.663074 2.360444 0.000000
-9.225771 32.675712 2.024614 0.000000
-9.063502 33.077278 2.268733 0.000000
-9.225235 32.286830 1.904087 0.000000
-9.231706 32.409834 1.911706 0.000000
-9.232318 32.548275 1.771006 0.000000
-7.036407 30.966978 2.399450 0.000000
-6.338078 30.526137 2.356664 0.000000
-6.473723 30.431901 2.386218 0.000000
-6.487464 30.691571 2.353105 0.000000
-7.095182 30.431796 2.362897 0.000000
-6.921764 30.680976 2.355619 0.000000
-7.706927 30.833249 2.359473 0.000000
-7.530359 31.107717 2.365158 0.000000
-7.300751 31.261479 2.319073 0.000000
-8.459037 31.063375 2.367082 0.000000
-7.884647 31.569890 2.380014 0.000000
-7.533301 31.677674 2.318730 0.000000
-9.050392 31.551375 2.359732 0.000000
-9.231753 32.453906 1.591647 0.000000
-3.797559 32.478286 -0.012703 0.000000
-3.381135 32.065430 -0.009295 0.000000
-4.329657 33.008566 -0.016847 0.000000
-9.226143 33.953694 0.752141 0.000000
-9.226687 34.127177 0.831177 0.000000
-9.227626 32.842089 1.667343 0.000000
-9.232473 32.602554 1.449284 0.000000
-9.230221 32.896656 1.395014 0.000000
-9.229969 33.713245 1.759352 0.000000
-9.224929 33.461386 1.388104 0.000000
-9.234450 33.379924 1.011732 0.000000
-9.224949 33.552974 0.826512 0.000000
-4.069016 31.885602 -0.017476 0.000000
-5.631643 33.693821 -0.027141 0.000000
-7.196677 35.650700 -0.025636 0.000000
-6.022731 34.708729 -0.029100 0.000000
-5.036351 33.716337 -0.022095 0.000000
-8.778075 35.680754 0.795973 0.000000
-8.756311 35.640238 0.208123 0.000000
-4.684633 32.070532 -0.049719 0.000000
-6.866392 34.155265 -0.036878 0.000000
5.920958 32.972890 2.415120 0.000000
7.276331 34.176347 2.432122 0.000000
5.622203 32.614991 2.410807 0.000000
8.558428 35.143108 2.446645 0.000000
7.984400 34.487671 2.439627 0.000000
5.101129 32.000390 2.402965 0.000000
6.118953 32.820031 2.416616 0.000000
9.217614 35.328715 2.414790 0.000000
7.029837 33.413180 2.427515 0.000000
8.724883 34.732858 2.447098 0.000000
5.519293 32.136378 2.408006 0.000000
7.023061 34.321383 2.430154 0.000000
6.613766 33.816092 2.424711 0.000000
8.303781 35.409837 2.445035 0.000000
6.249912 33.371015 2.419739 0.000000
7.756445 34.749541 2.438235 0.000000
8.127015 34.092853 2.439884 0.000000
5.935942 32.214242 2.412696 0.000000
5.360859 31.602545 2.404337 0.000000
-1.724490 28.425883 2.304365 0.000000
-1.065492 28.260710 1.677362 0.000000
-1.828294 28.446407 2.305742 0.000000
-1.832014 28.771016 2.302540 0.000000
-1.153235 28.349307 1.910376 0.000000
-1.070108 28.238690 2.060037 0.000000
-1.568160 28.400174 2.302336 0.000000
-1.728142 28.735747 2.301017 0.000000
-2.539011 29.606883 2.312867 0.000000
-3.030217 30.748336 2.340392 0.000000
-3.177367 30.824100 2.342673 0.000000
-2.976240 30.300038 2.345161 0.000000
-2.923812 30.416635 2.311472 0.000000
-1.956511 28.802151 2.304521 0.000000
-2.078589 29.132629 2.304927 0.000000
-3.311962 31.304889 2.338108 0.000000
-4.976092 35.589321 2.334592 0.000000
-4.374874 29.045913 2.336234 0.000000
-4.554868 29.101665 2.337701 0.000000
-4.572773 29.316202 2.337675 0.000000
-9.225688 33.720675 0.961143 0.000000
-5.897295 34.171589 0.016813 0.000000
-4.814508 33.352150 0.031067 0.000000
-4.196117 32.572837 0.018294 0.000000
-3.260181 31.700193 0.019943 0.000000
-8.095272 34.832689 0.005428 0.000000
-4.446475 31.636021 0.098098 0.000000
-6.227578 33.219554 0.005859 0.000000
-3.879779 31.360113 0.036286 0.000000
-5.076487 32.493244 0.010861 0.000000
-7.475380 34.864716 0.065603 0.000000
-3.575580 30.903604 0.015113 0.000000
-4.379750 31.997615 0.051726 0.000000
-5.909062 33.629666 0.012737 0.000000
-3.745069 31.414650 0.000867 0.000000
-4.959986 32.616635 0.009860 0.000000
-7.403804 35.592348 0.016246 0.000000
-3.388132 31.169948 0.009277 0.000000
-6.551978 29.998769 2.349553 0.000000
-5.738091 29.642651 2.345516 0.000000
-5.961929 29.566840 2.346748 0.000000
-5.920252 29.753328 2.346511 0.000000
-5.808182 29.824875 2.345893 0.000000
-6.011245 29.747753 2.346974 0.000000
-6.069504 29.937242 2.347269 0.000000
-6.142335 30.279072 2.381356 0.000000
-5.679625 29.470065 2.345227 0.000000
-6.509019 30.000245 2.349349 0.000000
-6.961696 30.009822 2.351233 0.000000
-6.734333 30.249252 2.384594 0.000000
-6.716015 30.492560 2.359749 0.000000
-7.267966 30.220509 2.390027 0.000000
-5.178216 29.301973 2.342189 0.000000
-4.748467 29.162675 2.339189 0.000000
-4.646058 29.239182 2.338322 0.000000
-4.955588 29.229262 2.340685 0.000000
-4.930964 29.459236 2.340389 0.000000
-5.129331 29.540114 2.341767 0.000000
-5.346037 29.396092 2.343246 0.000000
-5.254298 29.460169 2.342624 0.000000
-5.418013 29.381745 2.343700 0.000000
-5.565323 29.721791 2.344514 0.000000
-5.696894 29.322793 2.345393 0.000000
-9.227383 33.182509 2.320841 0.000000
-9.232979 32.689038 1.629921 0.000000
-8.013185 31.584607 2.357918 0.000000
-7.770469 30.597821 2.362174 0.000000
-7.501163 30.617439 2.364326 0.000000
-7.271030 30.869013 2.356250 0.000000
-7.173598 31.088399 2.355585 0.000000
-8.170164 30.878266 2.399577 0.000000
-7.887827 31.068805 2.363587 0.000000
-7.747925 31.258962 2.361374 0.000000
-8.370918 31.310844 2.364787 0.000000
-8.508083 31.881823 2.359008 0.000000
-9.230151 32.006273 2.335129 0.000000
-8.836655 32.365594 2.344785 0.000000
5.445229 29.728003 2.407430 0.000000
6.499053 30.364766 2.424428 0.000000
7.411759 30.930043 2.438342 0.000000
6.000006 30.313560 2.418788 0.000000
8.097729 31.022494 2.445547 0.000000
2.811236 28.428601 2.330963 0.000000
3.097350 28.484775 2.333622 0.000000
3.253307 28.516154 2.334983 0.000000
1.810202 28.250404 2.320021 0.000000
4.681056 30.849289 2.409385 0.000000
4.477868 30.661613 2.405132 0.000000
7.278179 32.183876 2.448124 0.000000
4.288390 30.488598 2.401090 0.000000
8.355840 33.107231 2.465832 0.000000
6.059039 31.166474 2.427185 0.000000
7.266560 32.984976 2.455181 0.000000
9.039708 34.213402 2.481189 0.000000
6.829501 32.566827 2.447447 0.000000
6.440301 32.198191 2.440444 0.000000
7.971196 33.073117 2.410914 0.000000
9.004891 33.671585 2.476243 0.000000
4.901634 31.055222 2.413916 0.000000
4.729499 30.368057 2.405146 0.000000
5.424884 30.653497 2.415748 0.000000
4.511771 30.189356 2.400772 0.000000
8.134990 34.252244 2.473944 0.000000
9.212367 35.602304 1.361400 0.000000
7.595086 33.702100 2.464473 0.000000
8.942664 34.617580 2.483863 0.000000
8.306308 33.993016 2.473125 0.000000
9.206412 35.636931 2.296898 0.000000
9.205276 35.423509 2.443219 0.000000
5.584667 28.823087 2.401192 0.000000
6.124261 28.837316 2.419014 0.000000
4.423838 28.764963 2.343446 0.000000
4.974613 28.675531 2.346753 0.000000
4.192592 28.714246 2.341995 0.000000
5.181544 28.820141 2.347673 0.000000
9.148523 30.995393 2.454789 0.000000
6.753499 29.315321 2.418035 0.000000
6.057292 29.473220 2.412003 0.000000
7.781914 29.759232 2.431941 0.000000
8.963903 29.949150 2.444494 0.000000
5.716896 29.310483 2.406836 0.000000
6.408768 29.409134 2.415224 0.000000
8.246399 29.657308 2.435501 0.000000
5.407096 29.163654 2.402015 0.000000
6.023797 29.234631 2.409600 0.000000
7.629256 29.408338 2.427567 0.000000
5.710494 29.006152 2.411812 0.000000
6.322860 29.132284 2.411981 0.000000
7.084553 29.190711 2.420381 0.000000
5.235747 28.947485 2.347841 0.000000
5.936318 28.969591 2.406403 0.000000
6.602728 29.000369 2.413855 0.000000
4.691588 28.620807 2.345249 0.000000
7.322807 30.088673 2.430263 0.000000
8.452152 30.647473 2.445625 0.000000
7.851079 30.349136 2.437538 0.000000
9.050632 30.667050 2.402600 0.000000
8.476881 30.367513 2.443512 0.000000
6.851479 29.857654 2.423613 0.000000
7.857470 30.077470 2.435315 0.000000
6.433386 29.654517 2.417572 0.000000
7.314662 29.825079 2.427956 0.000000
-4.618014 30.424325 -0.000022 0.000000
-5.183911 30.520869 -0.039869 0.000000
-6.607634 31.242648 -0.022329 0.000000
-3.683370 29.645194 0.011790 0.000000
-5.462183 30.779339 -0.004518 0.000000
-3.944544 29.880618 0.032693 0.000000
-3.276826 29.666558 0.013380 0.000000
-4.184233 30.098520 0.011045 0.000000
-3.432597 29.849992 0.032892 0.000000
6.563600 31.865020 0.087314 0.000000
-3.727359 30.598142 0.018441 0.000000
-4.521443 31.380599 0.010177 0.000000
-3.885725 30.950997 0.010416 0.000000
9.214237 34.097603 0.586874 0.000000
7.720331 34.485893 0.114813 0.000000
4.509270 31.860219 0.074085 0.000000
7.433201 31.542793 2.443890 0.000000
8.967143 32.276434 2.463989 0.000000
9.202136 32.084689 2.446064 0.000000
7.218581 31.107726 2.438050 0.000000
9.202509 32.798707 2.459638 0.000000
-9.217518 31.101594 1.317461 0.000000
-9.218150 31.251371 1.176891 0.000000
-9.218818 31.663118 1.296812 0.000000
-9.219567 31.555987 0.896222 0.000000
-9.219838 31.745463 0.903437 0.000000
-9.228852 31.876782 0.967182 0.000000
-9.229070 31.902467 0.695662 0.000000
-9.242762 30.442047 2.057571 0.000000
-9.220974 30.758740 2.342985 0.000000
-9.218994 31.158575 2.300294 0.000000
-9.221970 30.243992 1.968393 0.000000
-9.220754 30.702515 2.090759 0.000000
-9.221349 30.898373 2.193206 0.000000
-9.219973 30.414248 1.871731 0.000000
-9.221185 30.849414 1.938776 0.000000
-9.216538 31.121388 1.842095 0.000000
-9.215930 30.660211 1.742501 0.000000
-9.216481 30.972909 1.715272 0.000000
-9.216938 30.953159 1.458497 0.000000
-9.216318 31.080436 1.774927 0.000000
-5.782220 31.806438 0.000387 0.000000
-6.780744 32.009985 -0.005864 0.000000
-4.293333 30.400480 0.016797 0.000000
-5.444564 31.306680 -0.053063 0.000000
-7.278298 32.664979 -0.004772 0.000000
-3.759003 30.204818 0.004998 0.000000
-4.477595 30.856254 0.021653 0.000000
-3.845985 30.551814 0.002515 0.000000
-4.816283 31.203681 0.036609 0.000000
-4.191980 30.810241 0.010508 0.000000
-9.222415 30.228665 2.183223 0.000000
-8.720994 32.583272 -0.016243 0.000000
-9.084843 33.211552 -0.014180 0.000000
-6.959717 29.715883 2.351273 0.000000
-7.359612 29.843723 2.352749 0.000000
-7.605314 29.944273 2.353588 0.000000
-7.649064 30.011605 2.353704 0.000000
-8.031056 30.100445 2.354916 0.000000
-8.053785 30.240116 2.368570 0.000000
-8.631803 30.186227 2.356566 0.000000
-8.536606 30.374364 2.370279 0.000000
-8.430921 30.465064 2.361140 0.000000
-9.222500 30.245041 2.227079 0.000000
-9.012467 30.701940 2.362551 0.000000
-8.899744 30.946246 2.361454 0.000000
3.292941 31.065020 2.401081 0.000000
-3.589855 32.104797 2.378714 0.000000
-3.281719 31.485390 2.327016 0.000000
-3.386209 31.665798 2.373738 0.000000
-1.376202 28.376881 2.299960 0.000000
-1.381012 28.543335 2.297600 0.000000
-1.578288 28.387654 2.302654 0.000000
-1.636193 28.399561 2.303354 0.000000
-1.509382 28.676478 2.297901 0.000000
-2.790405 30.144583 2.315490 0.000000
-2.798790 30.279610 2.309760 0.000000
-2.595816 29.822842 2.316168 0.000000
-3.066653 31.028656 2.317334 0.000000
-2.972625 30.668380 2.339007 0.000000
-1.912046 29.138473 2.301702 0.000000
-1.643977 28.991738 2.297332 0.000000
-2.392066 29.416991 2.310211 0.000000
-2.005040 29.207436 2.303270 0.000000
3.728895 31.405028 2.410808 0.000000
3.540033 30.818336 2.400940 0.000000
4.119414 31.184790 2.412618 0.000000
3.816378 30.821775 2.404459 0.000000
3.675677 30.657387 2.400602 0.000000
4.240488 30.963346 2.411348 0.000000
4.070831 30.774577 2.407012 0.000000
4.420713 31.969628 2.425504 0.000000
3.599155 31.228047 2.406992 0.000000
5.057814 32.376236 2.436878 0.000000
6.087354 33.188744 2.455925 0.000000
3.477683 31.065046 2.403382 0.000000
4.092815 31.528634 2.416542 0.000000
3.943772 31.332862 2.412403 0.000000
3.801616 31.149027 2.408411 0.000000
3.667136 30.977539 2.404589 0.000000
-3.279668 28.888963 2.324864 0.000000
-3.592124 28.886369 2.328651 0.000000
-3.720437 28.926745 2.330000 0.000000
-3.714012 29.055568 2.329695 0.000000
-2.927994 28.646577 2.321061 0.000000
-3.034764 28.721401 2.322199 0.000000
-5.150748 30.011869 2.369095 0.000000
-5.307532 30.383588 2.346338 0.000000
-3.834452 29.103815 2.330934 0.000000
-4.375230 29.329107 2.335982 0.000000
-5.377805 34.699632 0.036560 0.000000
-4.589941 33.629909 0.032174 0.000000
-3.346327 32.607642 0.025183 0.000000
-4.926920 35.148029 0.031204 0.000000
-6.855382 32.056040 2.325773 0.000000
-7.249947 33.075040 2.351342 0.000000
-9.001896 33.688662 2.347480 0.000000
-5.504598 30.513044 2.347462 0.000000
-5.714901 30.652707 2.348568 0.000000
-5.939703 30.803924 2.349652 0.000000
-6.063179 31.395314 2.325510 0.000000
-6.721793 31.341772 2.352743 0.000000
-8.734751 34.081598 2.363824 0.000000
-9.151888 34.783556 2.395997 0.000000
-9.234465 34.969258 2.279767 0.000000
-7.934357 34.513712 2.363651 0.000000
-2.117337 28.497760 2.309819 0.000000
-2.275692 28.557994 2.311838 0.000000
-2.750292 28.644839 2.318549 0.000000
-7.740942 35.424147 2.246159 0.000000
-6.911979 35.232886 2.383249 0.000000
3.910567 30.599439 2.402867 0.000000
-3.622145 29.561486 0.012059 0.000000
2.370741 28.459569 0.025417 0.000000
1.638222 28.392126 0.019079 0.000000
3.129816 28.571185 0.001100 0.000000
0.998477 28.281949 0.376766 0.000000
-1.490838 28.381458 0.032850 0.000000
3.243884 28.597435 0.012909 0.000000
4.799674 28.817671 0.219210 0.000000
5.427053 28.897574 0.006931 0.000000
4.799720 28.727201 0.311676 0.000000
4.799823 28.636826 0.403703 0.000000
4.308278 28.665178 0.038007 0.000000
9.220085 29.087764 0.645533 0.000000
4.143636 29.103598 0.008686 0.000000
3.055188 28.896715 0.014726 0.000000
5.019741 29.246063 0.007297 0.000000
3.711894 28.970537 0.005614 0.000000
4.672251 29.034039 0.007849 0.000000
3.534477 28.751094 0.033473 0.000000
2.733507 28.453370 0.013214 0.000000
4.799930 29.190923 0.380152 0.000000
4.732682 28.995920 0.007773 0.000000
-2.142288 28.592113 0.010650 0.000000
3.384128 28.696913 0.000353 0.000000
3.991492 28.764340 0.023388 0.000000
-2.801195 28.721722 0.350045 0.000000
-2.800162 28.770454 0.041544 0.000000
-2.799366 28.964409 0.088466 0.000000
-2.305823 28.752630 0.021979 0.000000
-9.221347 30.015573 1.729962 0.000000
-9.221120 30.268738 1.421340 0.000000
-9.220980 30.261043 1.310942 0.000000
-9.220259 30.477389 1.498500 0.000000
-4.101431 28.879767 0.731218 0.000000
-4.100658 29.059562 0.633106 0.000000
-9.221204 31.728881 0.493851 0.000000
-9.220540 31.892727 0.341249 0.000000
-6.080765 30.412408 -0.044200 0.000000
-8.243696 31.442545 -0.037916 0.000000
-4.136390 29.687928 -0.000914 0.000000
-5.065680 30.107887 -0.035422 0.000000
-6.397879 30.857074 -0.051650 0.000000
-8.699032 32.142556 -0.019426 0.000000
-9.225623 31.141801 0.920250 0.000000
-4.100314 29.335343 0.682360 0.000000
-2.803576 28.787273 0.542282 0.000000
9.220740 29.598347 1.568378 0.000000
9.220933 29.792339 1.672506 0.000000
9.221909 29.604595 2.308581 0.000000
9.221655 29.767690 2.145168 0.000000
9.220833 29.483054 1.655963 0.000000
9.203125 29.520440 2.421957 0.000000
9.221486 29.477087 2.086373 0.000000
9.221049 29.331165 1.812588 0.000000
9.220787 29.206297 1.606537 0.000000
8.574236 29.292399 2.435583 0.000000
9.221790 29.305380 2.254471 0.000000
9.221541 29.336384 2.117572 0.000000
7.937796 29.082701 2.427890 0.000000
8.969118 29.130702 2.403407 0.000000
9.221226 29.856166 1.860341 0.000000
6.431871 30.900447 0.079206 0.000000
9.225777 30.574094 1.095643 0.000000
9.224548 30.116103 1.005851 0.000000
8.584796 30.871475 0.093114 0.000000
-2.508865 28.718243 0.020942 0.000000
-2.799589 28.788579 0.147190 0.000000
3.653971 28.730164 0.012826 0.000000
2.862428 28.438493 0.003058 0.000000
3.563032 28.539521 0.011759 0.000000
4.653079 28.715436 0.011435 0.000000
7.560597 29.884544 0.014280 0.000000
3.527194 28.976284 0.031453 0.000000
6.398145 29.532489 0.005751 0.000000
9.220117 29.245063 0.838841 0.000000
9.220399 29.138886 1.227993 0.000000
9.220241 29.304006 1.067376 0.000000
4.799993 29.131199 0.414601 0.000000
4.800615 28.939893 0.057920 0.000000
9.220092 29.632341 0.748890 0.000000
4.799450 28.869386 0.437995 0.000000
9.220138 29.467609 0.908508 0.000000
9.220050 29.301971 0.692059 0.000000
9.220334 28.870590 0.989386 0.000000
9.220306 28.958194 1.017320 0.000000
9.220798 28.613562 1.344539 0.000000
9.220148 29.130239 0.854399 0.000000
4.801024 28.659236 0.321978 0.000000
4.023538 28.765683 0.006112 0.000000
4.800493 28.889398 0.366099 0.000000
5.068183 28.728087 0.027014 0.000000
4.800772 28.792359 0.189693 0.000000
9.220012 29.473596 0.530099 0.000000
4.800512 28.599772 0.294554 0.000000
9.220059 29.096930 0.522785 0.000000
9.216526 28.698493 0.387599 0.000000
9.220205 28.926057 0.796638 0.000000
9.220287 28.690494 0.569984 0.000000
5.290315 29.161154 0.006994 0.000000
4.663281 29.479693 0.007699 0.000000
6.004882 29.681332 0.006050 0.000000
4.492507 29.055937 0.008115 0.000000
8.217471 29.821132 0.004451 0.000000
4.113724 28.998424 0.013078 0.000000
9.221351 30.062421 0.109792 0.000000
-4.100165 28.632282 0.340143 0.000000
-4.101672 28.783329 0.654985 0.000000
-4.099700 28.611372 0.534999 0.000000
-3.212720 28.611728 0.272559 0.000000
-3.011473 28.614720 0.523253 0.000000
-3.125032 28.633744 0.227437 0.000000
-3.886959 28.628599 0.019257 0.000000
-4.100701 28.606290 0.188849 0.000000
-2.512947 28.528700 0.006528 0.000000
-2.925983 28.577115 0.020792 0.000000
-3.516715 28.618306 0.019226 0.000000
-3.062498 28.622904 0.019337 0.000000
-2.311533 28.563355 0.008622 0.000000
-2.757073 28.486199 0.004348 0.000000
-4.216038 29.616656 0.010198 0.000000
-5.871718 30.318069 0.009216 0.000000
-4.873987 29.830798 0.008599 0.000000
-7.269232 30.874115 0.015143 0.000000
-9.221967 31.470635 0.088562 0.000000
-4.081328 29.628402 0.010556 0.000000
-5.696846 30.241882 0.007552 0.000000
-9.229692 31.716053 0.116944 0.000000
-3.476490 29.513330 0.012638 0.000000
-4.656694 30.036865 0.004720 0.000000
-7.054032 30.881392 0.014326 0.000000
-5.510156 30.553958 0.037154 0.000000
-3.458479 29.683774 0.012600 0.000000
-4.465101 30.161322 0.032855 0.000000
-9.221508 29.863381 1.879239 0.000000
-9.221182 29.402755 1.762815 0.000000
-9.221470 29.479725 1.923067 0.000000
-9.221728 29.711329 2.029858 0.000000
-9.220825 29.696799 1.502185 0.000000
-9.221043 29.762081 1.634037 0.000000
-4.101652 28.876168 0.810309 0.000000
-9.221287 29.999898 1.701458 0.000000
-9.220660 29.486707 1.412451 0.000000
-9.221242 30.168194 1.581739 0.000000
-8.202396 29.128316 2.355713 0.000000
-9.221433 29.255013 1.894547 0.000000
-9.222099 29.234566 2.221805 0.000000
-8.966058 29.329679 2.357675 0.000000
-9.221115 29.359711 1.722775 0.000000
-9.222006 29.559457 2.181789 0.000000
-9.222341 29.407354 2.335430 0.000000
9.221756 28.935083 2.177147 0.000000
9.220791 29.154187 1.600563 0.000000
9.221056 28.996079 1.759360 0.000000
9.221375 28.835925 1.920454 0.000000
9.221367 28.637763 1.824282 0.000000
9.221629 29.025405 2.128719 0.000000
9.221833 29.171911 2.264290 0.000000
9.221993 28.871215 2.288568 0.000000
8.661367 28.971918 2.359194 0.000000
8.946800 28.714767 2.359914 0.000000
8.115498 28.658322 2.358110 0.000000
9.220737 29.166469 1.557268 0.000000
4.857167 30.139209 0.029834 0.000000
6.408217 30.579438 0.012532 0.000000
9.057472 31.213857 0.018941 0.000000
6.334173 30.347913 0.035312 0.000000
9.220230 29.431457 1.064997 0.000000
9.220508 29.804240 1.293947 0.000000
9.220527 29.331642 1.395435 0.000000
9.220576 29.312914 1.441537 0.000000
9.034280 30.931459 0.011460 0.000000
5.444472 28.777065 0.013205 0.000000
3.820484 28.499661 0.036990 0.000000
4.801026 28.588652 0.150170 0.000000
9.217310 28.738210 0.129978 0.000000
2.530585 28.333648 0.012974 0.000000
-1.892899 28.392727 0.025637 0.000000
-1.641195 28.359866 0.029616 0.000000
-4.492063 28.637810 0.009300 0.000000
4.007748 28.545545 0.011028 0.000000
5.222946 28.408524 0.008790 0.000000
1.866921 28.356997 0.017916 0.000000
2.299961 28.371371 0.016170 0.000000
3.689390 28.540541 0.036014 0.000000
2.783969 28.392769 0.026499 0.000000
4.549606 28.404135 0.041556 0.000000
-6.916895 35.536816 2.390024 0.000000
-1.204134 29.421932 0.427821 0.000000
-1.927186 28.306589 2.308842 0.000000
5.897467 32.420163 2.370891 0.000000
-2.126097 29.539612 2.305312 0.000000
-1.208546 28.606359 2.294243 0.000000
-1.594575 28.978405 2.296499 0.000000
-2.364261 29.601331 2.309802 0.000000
6.460497 33.068092 0.023191 0.000000
6.032685 32.558244 0.000133 0.000000
4.341976 28.643042 2.343080 0.000000
3.967968 28.484894 2.340809 0.000000
3.760512 28.447198 2.339357 0.000000
3.593133 28.586171 2.337745 0.000000
5.292963 29.308232 2.347887 0.000000
3.335368 28.207712 2.336578 0.000000
2.902480 28.299266 2.332347 0.000000
8.842609 34.011230 0.025319 0.000000
9.209166 34.076674 0.016482 0.000000
9.239422 34.186849 0.823439 0.000000
8.338983 30.905944 2.324739 0.000000
7.703105 30.407283 2.393165 0.000000
7.141656 30.234590 2.318235 0.000000
6.686747 29.959392 2.357025 0.000000
6.178201 30.032500 2.318142 0.000000
6.238746 29.629622 2.351892 0.000000
8.810536 32.270391 2.374642 0.000000
8.330408 31.917302 2.367221 0.000000
9.153426 31.259458 2.337868 0.000000
7.632642 31.564180 2.366814 0.000000
5.657244 31.857890 0.018878 0.000000
4.686415 28.411956 2.345512 0.000000
4.431296 28.571202 2.343756 0.000000
5.497612 28.786515 2.349223 0.000000
6.267864 29.252522 2.352146 0.000000
6.305419 29.195960 2.352324 0.000000
6.280768 28.949151 2.352362 0.000000
6.219791 28.777454 2.352267 0.000000
5.911846 29.103670 2.350819 0.000000
5.998051 28.878962 2.351323 0.000000
5.810947 28.702535 2.350692 0.000000
5.987900 28.464448 2.351630 0.000000
5.794311 29.083582 2.350321 0.000000
5.623235 28.803580 2.349791 0.000000
6.673504 28.861663 2.353836 0.000000
5.283768 28.736151 2.348268 0.000000
5.303531 28.512191 2.348602 0.000000
5.162633 28.718449 2.347671 0.000000
5.077831 28.473526 2.347520 0.000000
8.652602 30.591265 2.365891 0.000000
9.085226 29.845979 2.359734 0.000000
8.129884 30.200120 2.362757 0.000000
8.274280 29.693588 2.357993 0.000000
8.533627 29.579677 2.358639 0.000000
7.656922 29.802851 2.356474 0.000000
7.784451 29.549191 2.356835 0.000000
7.849591 29.285699 2.357092 0.000000
7.030126 29.637745 2.354636 0.000000
7.180282 29.494297 2.355138 0.000000
7.009812 29.367191 2.354667 0.000000
7.261204 29.158111 2.355518 0.000000
6.651217 29.562392 2.353407 0.000000
6.740573 29.298898 2.353822 0.000000
6.754200 29.168866 2.353922 0.000000
-7.913843 30.085479 2.354542 0.000000
-9.215582 30.695503 1.995238 0.000000
-8.390888 30.585869 2.317504 0.000000
-8.872436 30.649316 2.354296 0.000000
-9.113846 30.582335 2.371761 0.000000
-9.218616 30.885987 2.266927 0.000000
-9.217001 31.113381 1.576363 0.000000
-9.215796 31.056726 2.067449 0.000000
-6.763583 29.428986 2.350560 0.000000
-7.557133 29.439027 2.353544 0.000000
-6.778208 29.221161 2.350709 0.000000
-6.085734 29.237627 2.347526 0.000000
-8.907012 29.808772 2.357357 0.000000
-7.970217 29.796752 2.354768 0.000000
-7.186782 29.521401 2.352193 0.000000
-6.269744 29.498786 2.348320 0.000000
-9.222367 30.034675 2.247651 0.000000
-8.476922 29.940971 2.356200 0.000000
-7.572954 29.645838 2.353528 0.000000
-9.222195 30.181484 2.110947 0.000000
-9.010093 30.117155 2.357529 0.000000
-7.805117 29.987454 2.354224 0.000000
-7.163843 29.659579 2.352062 0.000000
-8.550949 30.043821 2.356397 0.000000
-7.576140 29.842876 2.353490 0.000000
-8.010014 32.096824 0.025665 0.000000
-6.034840 31.254952 0.031828 0.000000
-4.889172 30.607635 0.008429 0.000000
-8.255356 32.455233 0.027236 0.000000
-4.066600 30.233951 0.010286 0.000000
-6.242628 31.492266 0.023273 0.000000
-9.218832 31.402776 1.036529 0.000000
-8.270866 29.569292 2.355727 0.000000
-9.220390 31.947511 0.598484 0.000000
-6.383940 28.956184 2.349147 0.000000
-4.914228 28.725809 2.340938 0.000000
-6.064500 28.881793 2.347667 0.000000
-5.453566 28.981084 2.344192 0.000000
-5.030025 28.855341 2.341575 0.000000
-6.992700 29.005767 2.351701 0.000000
-5.770062 28.814176 2.346183 0.000000
-5.347986 28.836799 2.343689 0.000000
-7.215290 29.118277 2.352479 0.000000
-6.734773 29.038966 2.350634 0.000000
-6.133731 29.045102 2.347884 0.000000
-5.519925 29.082356 2.344511 0.000000
-7.660842 29.223961 2.353985 0.000000
-7.149574 29.324486 2.352131 0.000000
-6.214331 29.213942 2.348172 0.000000
-5.943236 29.130075 2.346850 0.000000
-3.734544 30.081908 0.011644 0.000000
-5.038320 30.884605 0.000204 0.000000
-8.612498 32.842692 0.021036 0.000000
-6.499587 31.788324 0.024458 0.000000
-5.158248 31.115030 0.017557 0.000000
-4.257843 30.785865 0.000234 0.000000
-6.884884 32.143447 0.025908 0.000000
-5.449863 31.392646 0.025146 0.000000
8.816354 33.545063 2.335479 0.000000
7.621968 32.597223 2.336944 0.000000
7.605722 31.813470 2.365216 0.000000
9.234108 34.037024 1.725207 0.000000
9.237227 34.069433 2.006074 0.000000
9.238204 33.484662 2.162284 0.000000
-4.144616 29.065724 2.334109 0.000000
-2.644051 28.582004 2.317342 0.000000
-3.046272 28.487339 2.323403 0.000000
-2.839258 28.447809 2.320890 0.000000
-3.365575 28.756331 2.326327 0.000000
-3.487253 28.788773 2.327685 0.000000
-4.921552 29.814602 2.340306 0.000000
-5.922351 30.578885 2.350059 0.000000
-4.991260 30.238326 2.347546 0.000000
-2.556685 28.563321 2.316156 0.000000
-4.079969 32.646271 0.028460 0.000000
-5.866444 34.673795 0.063804 0.000000
-4.782147 33.579250 0.053127 0.000000
-2.966555 31.486087 0.035639 0.000000
-5.653974 34.786110 0.036957 0.000000
-5.884710 34.385627 0.035315 0.000000
-4.360233 33.545345 0.031848 0.000000
-3.667696 32.762695 0.028983 0.000000
-8.017714 32.914578 2.345495 0.000000
-8.642853 33.126672 2.323720 0.000000
-7.378550 32.036427 2.341605 0.000000
-7.743064 32.410736 2.325061 0.000000
-6.570717 31.816138 2.325786 0.000000
-7.396157 32.501544 2.319104 0.000000
-6.835439 31.416443 2.357636 0.000000
-6.067687 31.165764 2.353604 0.000000
-7.687060 32.045338 2.318477 0.000000
-6.653886 31.536142 2.340931 0.000000
-8.752047 34.438334 2.393689 0.000000
-8.515616 33.612673 2.338431 0.000000
-7.855326 33.455254 2.386513 0.000000
-5.071262 29.055318 2.341654 0.000000
-6.109173 29.492442 2.347523 0.000000
-5.487884 29.547641 2.344074 0.000000
-6.272645 29.674801 2.348283 0.000000
-6.631838 29.991514 2.349884 0.000000
-7.064580 30.012110 2.351640 0.000000
-6.308307 29.863686 2.348432 0.000000
-4.421840 28.950327 2.336769 0.000000
-4.484924 28.698673 2.337702 0.000000
-4.169851 28.611242 2.335173 0.000000
-3.808971 28.785176 2.331261 0.000000
-3.674957 28.750697 2.329915 0.000000
-4.623967 28.847480 2.338581 0.000000
-4.204483 28.994147 2.334768 0.000000
-4.045184 28.946645 2.333326 0.000000
-4.823554 28.898340 2.340044 0.000000
-3.893599 28.902377 2.331886 0.000000
-5.208793 29.176529 2.342479 0.000000
-4.992638 29.113064 2.341045 0.000000
-8.787978 31.481990 2.349061 0.000000
-7.456433 30.854621 2.362344 0.000000
-9.219338 31.966470 2.332889 0.000000
-7.849172 31.306125 2.318222 0.000000
-9.219586 32.124500 2.190270 0.000000
-8.931886 31.938042 2.315819 0.000000
-9.231086 32.307751 1.734228 0.000000
-9.222896 32.355046 2.315143 0.000000
-7.328592 30.401309 2.361160 0.000000
-5.039061 29.622379 2.341130 0.000000
-7.420093 30.297554 2.389327 0.000000
-7.863345 30.728600 2.358160 0.000000
-6.931437 30.226912 2.360067 0.000000
-8.266305 30.821007 2.363096 0.000000
-8.804525 31.200856 2.350552 0.000000
-9.216919 31.524300 2.269890 0.000000
-8.166359 31.062109 2.360135 0.000000
-7.067987 30.663587 2.361063 0.000000
-3.390299 28.407930 2.327909 0.000000
-3.627572 28.467583 2.330275 0.000000
-9.233688 32.832194 1.488879 0.000000
-9.233365 32.674660 2.291495 0.000000
-4.981648 32.367672 0.006557 0.000000
-4.142374 31.638741 0.024756 0.000000
-4.544693 31.520523 0.024085 0.000000
2.208783 28.317428 2.324668 0.000000
2.103004 28.299076 2.323468 0.000000
-2.190644 29.613410 2.318267 0.000000
-1.824621 29.391938 2.299364 0.000000
-2.571096 30.048058 2.335072 0.000000
-2.335736 29.873871 2.311715 0.000000
-1.798525 29.037167 2.299995 0.000000
-4.870172 34.273780 2.402487 0.000000
-5.497235 34.729043 2.411613 0.000000
-5.766193 35.128493 2.415555 0.000000
-4.722658 33.981877 2.400028 0.000000
-5.792709 35.464193 2.416102 0.000000
-4.970423 34.558593 2.404209 0.000000
-2.974494 30.866740 2.316681 0.000000
-2.778761 30.556510 2.335620 0.000000
-5.443774 33.759973 2.471467 0.000000
-5.610105 34.081329 2.477761 0.000000
-4.818404 33.329752 2.457502 0.000000
-5.842387 34.568995 2.486907 0.000000
-4.971004 33.458776 2.405593 0.000000
-6.101888 34.755986 2.419906 0.000000
-5.101456 33.736341 2.409667 0.000000
-6.344313 35.190359 2.423397 0.000000
-5.339983 34.112082 2.408871 0.000000
-6.447131 35.605556 2.467718 0.000000
-5.328516 34.317188 2.477190 0.000000
-5.095208 32.874646 2.455141 0.000000
-3.021271 31.203131 2.324491 0.000000
-4.946705 32.759722 2.451541 0.000000
-5.227165 33.113886 2.460126 0.000000
-5.216824 33.443615 2.405851 0.000000
0.909267 34.495246 -0.006750 0.000000
0.635152 34.159773 -0.005433 0.000000
-6.959258 34.178204 2.412922 0.000000
-5.555918 32.936323 2.462248 0.000000
-6.946042 33.478003 2.404705 0.000000
-6.281265 33.336939 2.477039 0.000000
-5.656226 33.398958 2.469589 0.000000
-7.275053 33.884099 2.409921 0.000000
-6.524659 33.690258 2.484611 0.000000
-5.933983 33.408058 2.402107 0.000000
-5.220533 33.282708 2.462269 0.000000
-7.682189 34.418002 2.432591 0.000000
-6.054250 33.012903 2.469945 0.000000
-6.111872 33.841170 2.481172 0.000000
-5.540352 33.454318 2.411028 0.000000
-8.035684 34.841249 2.421737 0.000000
-7.069795 34.501358 2.501460 0.000000
-6.349742 34.049057 2.410551 0.000000
-5.663853 33.932724 2.476550 0.000000
-8.479800 35.410202 2.428510 0.000000
-7.451456 34.996980 2.430610 0.000000
-6.580106 34.411033 2.415169 0.000000
-5.430473 31.671241 2.443912 0.000000
-5.632787 31.910521 2.449968 0.000000
-5.848864 32.170849 2.456389 0.000000
-5.456898 32.186957 2.451067 0.000000
-6.080588 32.454633 2.463219 0.000000
-5.643678 32.440645 2.457006 0.000000
-6.464815 32.779218 2.472499 0.000000
-5.842357 32.715246 2.463286 0.000000
-5.405212 32.662489 2.402259 0.000000
-6.755605 33.122368 2.480595 0.000000
-7.711475 35.486508 2.521155 0.000000
-6.784109 34.990739 2.503862 0.000000
-7.041370 35.444920 2.512516 0.000000
-6.015987 34.952185 2.493878 0.000000
-6.368221 35.332459 2.502923 0.000000
-6.070341 34.468943 2.419308 0.000000
-4.845357 33.198218 2.401691 0.000000
-5.708482 33.768135 2.413732 0.000000
-5.885025 34.105744 2.416492 0.000000
-5.081644 33.535876 2.404527 0.000000
-5.208319 33.814834 2.406687 0.000000
-6.265897 34.861248 2.422195 0.000000
-6.471793 35.284740 2.425148 0.000000
-5.476593 34.428913 2.411076 0.000000
-4.939887 32.395945 2.400684 0.000000
-5.164587 32.613783 2.404447 0.000000
-5.311770 32.825701 2.457465 0.000000
-6.616038 35.656230 2.404482 0.000000
-5.618425 34.766982 2.413302 0.000000
-4.772621 34.004741 2.400765 0.000000
-5.919714 35.514856 2.417829 0.000000
-5.694145 35.439878 0.060501 0.000000
-5.888737 35.408971 0.062843 0.000000
8.680924 33.835554 2.331728 0.000000
8.667392 33.243133 2.319817 0.000000
7.481559 32.443584 2.337563 0.000000
6.751244 32.060702 2.362012 0.000000
-2.385115 28.370025 2.315021 0.000000
-2.139547 28.247241 2.312582 0.000000
-7.935469 34.000900 2.412102 0.000000
-8.755759 34.533593 2.455869 0.000000
-7.144256 33.237907 2.433771 0.000000
-9.203717 35.051442 2.433877 0.000000
-7.520999 33.649090 2.439114 0.000000
-6.941975 32.864935 2.479887 0.000000
-8.550213 34.629117 2.503120 0.000000
-8.952957 35.241473 2.458301 0.000000
-7.508925 32.875790 2.473008 0.000000
-6.407353 32.094683 2.422626 0.000000
-5.504060 31.505487 2.408223 0.000000
-8.001183 33.274321 2.445779 0.000000
-6.706462 32.396358 2.427200 0.000000
-5.722573 31.729500 2.411903 0.000000
-8.478645 33.747499 2.452293 0.000000
-7.035298 32.731505 2.432088 0.000000
-5.959467 31.974928 2.415780 0.000000
-9.017187 34.286402 2.459451 0.000000
-7.397566 33.104733 2.437322 0.000000
-6.341868 32.210189 2.463732 0.000000
-7.799956 33.523664 2.442978 0.000000
-6.497216 32.541649 2.424203 0.000000
-8.249261 33.996159 2.449123 0.000000
-4.043216 32.836984 0.046139 0.000000
-5.915437 35.106689 0.063657 0.000000
-9.156296 33.887797 2.461457 0.000000
-6.532648 31.966496 2.400063 0.000000
-6.886562 31.809422 2.429660 0.000000
-5.972019 31.333720 2.415465 0.000000
-5.398691 30.806084 2.422948 0.000000
-7.351464 32.056800 2.484579 0.000000
-6.325700 31.475577 2.462104 0.000000
-5.467988 31.188884 2.428294 0.000000
-7.763378 32.403841 2.494841 0.000000
-5.799651 31.030868 2.448000 0.000000
-5.656329 31.385736 2.433166 0.000000
-8.094031 32.900639 2.447108 0.000000
-6.956108 32.019314 2.478588 0.000000
-5.856906 31.598017 2.438294 0.000000
-5.193452 31.016948 2.431721 0.000000
-8.405992 33.226773 2.487256 0.000000
-7.163287 32.524390 2.465120 0.000000
-6.071219 31.827395 2.443707 0.000000
-5.392077 31.216494 2.437386 0.000000
-5.301144 30.442599 2.417406 0.000000
-5.509583 30.617379 2.422456 0.000000
-5.733532 30.807694 2.427801 0.000000
-5.034505 30.472619 2.413680 0.000000
-5.812872 31.195667 2.433209 0.000000
-5.210985 30.633048 2.418202 0.000000
-6.235093 31.242813 2.439507 0.000000
-5.598703 30.993014 2.427938 0.000000
-6.517961 31.492778 2.445966 0.000000
-3.506307 28.436904 2.329083 0.000000
-6.396297 30.492652 2.411495 0.000000
-7.066738 30.449702 2.459083 0.000000
-6.284007 30.210441 2.444161 0.000000
-5.617467 30.160797 2.432942 0.000000
-7.601615 30.813250 2.440331 0.000000
-6.715322 30.450004 2.415814 0.000000
-5.874772 30.340368 2.439537 0.000000
-5.283790 30.155590 2.427373 0.000000
-8.142184 31.134599 2.400377 0.000000
-7.054795 30.674055 2.420584 0.000000
-5.435953 29.937663 2.405675 0.000000
-5.505245 30.317838 2.433304 0.000000
-8.626204 31.453991 2.455008 0.000000
-7.442722 31.008335 2.437918 0.000000
-6.458721 30.756302 2.454189 0.000000
-5.617975 30.379439 2.400245 0.000000
-9.197343 31.827566 2.452040 0.000000
-7.842775 31.202103 2.431186 0.000000
-6.997781 30.925652 2.420093 0.000000
-6.154005 30.538023 2.446596 0.000000
-9.060700 31.990684 2.372990 0.000000
-5.323899 29.459291 2.418464 0.000000
-5.556045 29.587339 2.424118 0.000000
-4.688985 29.465698 2.338548 0.000000
-5.807567 29.727569 2.430144 0.000000
-5.281840 29.618455 2.419892 0.000000
-6.080524 29.881642 2.436582 0.000000
-5.503241 29.747067 2.425389 0.000000
-6.424022 30.018124 2.411351 0.000000
-5.742097 29.887403 2.431229 0.000000
-6.705896 30.239937 2.450972 0.000000
-6.001419 30.041295 2.437469 0.000000
-2.518741 28.209892 2.318208 0.000000
-2.723120 28.212701 2.320880 0.000000
-2.919183 28.205042 2.323401 0.000000
-3.145509 28.234626 2.325934 0.000000
-3.377424 28.319875 2.328151 0.000000
-8.394035 31.641361 2.451626 0.000000
-9.139724 35.676682 0.052410 0.000000
-6.916606 34.007661 0.077179 0.000000
-5.357380 32.771383 0.061247 0.000000
-8.693178 32.509262 2.455560 0.000000
-9.118674 32.977320 2.426312 0.000000
-7.340330 31.175804 2.424796 0.000000
-6.283800 30.740335 2.420082 0.000000
-8.965030 32.026532 2.459536 0.000000
-7.717127 31.453502 2.429832 0.000000
-6.588401 30.958469 2.424921 0.000000
-9.066263 32.220222 2.360034 0.000000
-8.133188 31.762869 2.435246 0.000000
-6.923110 31.200600 2.430093 0.000000
-8.596202 32.110067 2.441116 0.000000
-7.349588 31.432564 2.404554 0.000000
-9.114714 32.501748 2.447523 0.000000
-7.778822 31.703446 2.409568 0.000000
-8.169748 32.118065 2.448300 0.000000
-5.166470 32.303140 0.009229 0.000000
-4.687473 31.737131 0.006923 0.000000
-5.865469 33.006514 0.066655 0.000000
-4.993654 32.924740 2.454418 0.000000
-7.465505 35.554892 2.438491 0.000000
-6.085317 34.119477 2.416301 0.000000
-5.073573 33.174647 2.401847 0.000000
-6.307430 34.506407 2.421619 0.000000
-5.876393 33.763416 2.411302 0.000000
-6.885541 35.413995 2.430734 0.000000
-5.825450 34.245302 2.482604 0.000000
-5.965802 33.000145 2.468599 0.000000
-5.001058 32.329335 2.446474 0.000000
-7.315102 34.518469 2.436388 0.000000
-6.090527 33.431616 2.418892 0.000000
-7.660150 35.013150 2.441089 0.000000
-6.324556 33.781254 2.422437 0.000000
-8.038230 35.563130 2.446102 0.000000
-6.576562 34.163461 2.426146 0.000000
-5.495351 33.132720 2.402151 0.000000
-6.848656 34.582720 2.430038 0.000000
-5.680423 33.435580 2.406598 0.000000
-7.144108 35.044656 2.434146 0.000000
-6.186570 32.960058 2.419932 0.000000
-5.758967 32.351881 2.457461 0.000000
-4.945005 31.998425 2.441164 0.000000
-5.127621 32.057818 2.403038 0.000000
-5.297210 32.291293 2.406002 0.000000
-6.503343 33.272796 2.479151 0.000000
-5.525195 32.433374 2.455259 0.000000
-6.678925 33.789716 2.407959 0.000000
-5.668286 32.815613 2.412216 0.000000
-5.114463 31.733668 2.440077 0.000000
-5.280741 31.951881 2.445433 0.000000
0.281548 33.236498 -0.014258 0.000000
0.941152 33.167643 -0.004420 0.000000
-3.900956 29.698926 0.011043 0.000000
-4.501331 29.682078 0.009467 0.000000
-5.240344 30.100695 0.034958 0.000000
-6.849721 30.847285 0.007638 0.000000
-3.960554 29.466402 0.010988 0.000000
-4.569019 29.809098 0.009238 0.000000
-5.481552 30.287241 0.039324 0.000000
-6.930311 31.136638 0.061104 0.000000
-5.507995 30.606309 0.007119 0.000000
-4.746141 30.339785 0.010007 0.000000
-3.935906 30.177288 0.009509 0.000000
-6.995370 30.476183 0.043747 0.000000
-9.221383 29.037325 1.825918 0.000000
-9.092872 28.839112 2.429491 0.000000
-9.020190 29.075675 2.428942 0.000000
-8.964496 29.315157 2.428587 0.000000
-9.222578 28.762339 2.326265 0.000000
-9.222480 28.806985 2.297279 0.000000
-9.222081 28.957688 2.161249 0.000000
-9.221733 29.106561 2.027458 0.000000
-9.221759 29.338135 2.069308 0.000000
-9.222155 29.794728 2.216279 0.000000
-9.181956 28.603770 2.430225 0.000000
-9.221645 29.731403 1.984389 0.000000
-7.419693 28.391449 2.410901 0.000000
-6.334260 28.582424 2.349261 0.000000
-6.652534 28.358818 2.401758 0.000000
-6.724571 28.548224 2.402792 0.000000
-7.028759 28.470191 2.406390 0.000000
-7.197995 28.602816 2.437517 0.000000
-9.221758 30.093417 1.928649 0.000000
-7.443300 28.594422 2.411333 0.000000
-7.479458 28.803038 2.411934 0.000000
-7.835022 28.523560 2.445883 0.000000
-7.906911 28.734558 2.416688 0.000000
-7.919318 28.953384 2.417026 0.000000
-8.579570 28.426126 2.455223 0.000000
-8.460692 28.668443 2.422678 0.000000
-8.428915 28.893641 2.422529 0.000000
-8.410930 29.122766 2.422550 0.000000
-9.219358 31.221681 0.646383 0.000000
-9.219657 31.541238 0.572801 0.000000
-9.220871 31.524328 0.393330 0.000000
-9.221697 31.678232 0.266053 0.000000
-4.100836 29.165631 0.809303 0.000000
-2.799006 28.783611 0.539274 0.000000
-6.042504 28.223139 2.348319 0.000000
-8.916873 30.145356 2.402272 0.000000
-8.895156 30.360965 2.443737 0.000000
-8.876354 30.639442 2.403775 0.000000
-9.220378 30.556422 2.244124 0.000000
-9.201402 30.868632 2.404112 0.000000
-9.094404 29.862076 2.446026 0.000000
-7.462770 29.529869 2.452987 0.000000
-6.334170 29.074430 2.430112 0.000000
-6.413743 29.309333 2.434356 0.000000
-6.543936 28.945723 2.431786 0.000000
-6.615038 29.107782 2.413427 0.000000
-6.672495 29.209566 2.437102 0.000000
-6.749616 29.452858 2.441383 0.000000
-6.916772 29.084671 2.439258 0.000000
-6.988451 29.261577 2.418696 0.000000
-7.018343 29.483224 2.419201 0.000000
-7.120830 29.612835 2.449013 0.000000
-7.406473 29.213767 2.424350 0.000000
-7.533308 29.792027 2.457345 0.000000
-7.433652 29.906482 2.425000 0.000000
-7.897808 29.400282 2.430869 0.000000
-7.928732 29.721019 2.462109 0.000000
-7.995914 29.994350 2.466529 0.000000
-7.847122 30.118028 2.430499 0.000000
-8.454855 29.614212 2.438038 0.000000
-8.391378 29.852550 2.437308 0.000000
-8.341328 30.098738 2.436769 0.000000
-8.306716 30.355345 2.436449 0.000000
-9.220353 31.711303 0.755933 0.000000
-8.054850 31.813854 0.138022 0.000000
-6.014510 31.089830 0.006395 0.000000
-9.221207 30.798824 1.439964 0.000000
-9.218182 31.398147 1.299514 0.000000
-6.206337 28.821398 2.424893 0.000000
-4.967505 28.372197 2.341923 0.000000
-4.931264 28.521593 2.341391 0.000000
-5.124421 28.779160 2.342314 0.000000
-5.168653 28.204425 2.343556 0.000000
-5.167906 28.564648 2.342907 0.000000
-5.253117 28.698244 2.343261 0.000000
-5.391150 28.444001 2.344486 0.000000
-5.501276 28.753461 2.344717 0.000000
-5.690422 29.052627 2.345524 0.000000
-5.716911 28.485524 2.346287 0.000000
-5.699998 28.664339 2.345961 0.000000
-5.744316 28.842385 2.417590 0.000000
-5.828706 29.062638 2.421790 0.000000
-5.899158 28.709398 2.418500 0.000000
-5.969726 28.846209 2.403907 0.000000
-6.108153 29.179902 2.427848 0.000000
-6.124631 29.250294 2.406410 0.000000
-6.365208 28.669233 2.425537 0.000000
-4.510132 28.447257 2.338422 0.000000
-4.142225 28.385194 2.335513 0.000000
-4.366582 28.285876 2.337682 0.000000
-4.553972 28.312286 2.339084 0.000000
-4.713212 28.482737 2.339900 0.000000
-4.717734 28.676592 2.339574 0.000000
-4.754304 28.341057 2.340501 0.000000
7.664822 30.061554 2.317590 0.000000
8.193200 29.814970 2.357773 0.000000
8.294168 30.277434 2.314859 0.000000
7.540712 29.775549 2.356104 0.000000
8.563045 29.834933 2.358632 0.000000
6.938114 29.567956 2.354364 0.000000
7.860484 29.422794 2.357072 0.000000
8.900396 29.704758 2.359400 0.000000
6.565171 29.249486 2.353239 0.000000
7.269941 29.286553 2.355491 0.000000
8.241707 29.427184 2.358027 0.000000
8.991893 30.418217 2.380610 0.000000
4.166984 28.330536 2.342472 0.000000
4.190887 28.526077 2.342276 0.000000
4.316911 28.551808 2.343050 0.000000
5.078705 28.272845 2.347808 0.000000
4.415216 28.369053 2.343980 0.000000
4.794125 28.237831 2.346381 0.000000
3.935584 28.295315 2.340969 0.000000
4.982069 28.459555 2.347056 0.000000
3.521609 28.234255 2.338021 0.000000
3.722086 28.263508 2.339492 0.000000
6.414465 28.963705 2.352861 0.000000
6.183323 29.177056 2.351854 0.000000
6.880289 29.059563 2.354404 0.000000
7.511863 29.303421 2.356191 0.000000
5.246165 29.141837 2.347747 0.000000
7.092931 29.164302 2.355020 0.000000
5.515537 28.892622 2.349223 0.000000
6.052092 28.637713 2.351732 0.000000
5.660031 28.571503 2.350168 0.000000
3.811417 30.541381 -0.001787 0.000000
4.857192 31.166609 -0.007267 0.000000
6.681346 31.827115 -0.018972 0.000000
5.376021 30.609139 -0.026015 0.000000
6.782344 31.290585 -0.023175 0.000000
2.697659 29.958951 -0.006528 0.000000
6.688710 31.687062 -0.029623 0.000000
5.037703 30.849941 -0.033951 0.000000
3.234412 30.108604 -0.010521 0.000000
6.680396 31.595563 -0.003195 0.000000
4.007681 30.253498 -0.001917 0.000000
-9.221886 28.450145 1.833427 0.000000
-9.222479 28.351899 2.084185 0.000000
-9.221709 28.315555 1.620609 0.000000
-9.221778 28.667965 1.900950 0.000000
-0.999834 28.279961 0.452744 0.000000
-9.221524 28.445702 1.607918 0.000000
-9.221456 28.607203 1.678712 0.000000
-9.221261 28.420767 1.393559 0.000000
-9.221083 28.763167 1.525691 0.000000
-3.290966 28.627177 0.427555 0.000000
-9.220939 28.917130 1.504079 0.000000
-9.214182 28.404007 1.148262 0.000000
-4.102963 28.549816 0.698997 0.000000
-4.103666 28.476254 0.810004 0.000000
-4.103754 28.391256 0.776603 0.000000
-4.099633 28.400543 0.406054 0.000000
3.424386 28.997196 -0.002918 0.000000
4.104037 29.391957 -0.010637 0.000000
3.085546 28.958498 -0.000169 0.000000
2.578320 28.945611 -0.009689 0.000000
1.952284 28.723039 -0.001684 0.000000
5.378881 29.431574 -0.037528 0.000000
3.718739 29.158668 -0.004245 0.000000
2.860007 28.891666 -0.003059 0.000000
2.275549 28.734812 -0.005973 0.000000
7.571849 29.793413 -0.029487 0.000000
4.672730 29.098182 -0.009508 0.000000
2.194036 28.904156 -0.004982 0.000000
2.688803 28.749510 -0.010979 0.000000
4.264000 28.906122 -0.007901 0.000000
3.366848 28.762924 -0.000075 0.000000
4.192851 28.611491 -0.002612 0.000000
2.228129 29.169470 -0.000587 0.000000
1.892003 28.871335 -0.000937 0.000000
2.625023 29.081144 -0.000469 0.000000
3.302232 29.044990 -0.001979 0.000000
9.221528 28.263892 1.677723 0.000000
9.220778 28.448679 1.150609 0.000000
9.220621 28.474937 0.957106 0.000000
9.220812 28.767509 1.465563 0.000000
9.220869 28.439648 1.248308 0.000000
9.221457 28.435456 1.761347 0.000000
9.221195 28.274011 1.401193 0.000000
5.300648 28.866505 -0.009541 0.000000
9.220974 28.420806 0.304272 0.000000
9.220375 28.764864 0.946784 0.000000
9.220467 28.524572 0.724923 0.000000
9.220517 28.444890 0.557014 0.000000
9.223669 30.519382 -0.022850 0.000000
5.200515 30.100896 -0.035637 0.000000
3.460355 29.413913 -0.003577 0.000000
2.686773 29.361759 -0.005424 0.000000
7.156161 30.604468 -0.052575 0.000000
4.532813 29.641031 -0.015099 0.000000
3.128197 29.231208 -0.004064 0.000000
9.226109 31.076316 -0.007397 0.000000
5.854496 30.191510 -0.006314 0.000000
3.992411 29.429648 -0.010408 0.000000
8.425326 30.677769 -0.063335 0.000000
5.048759 29.664453 -0.002243 0.000000
6.874868 30.118784 -0.005791 0.000000
6.772133 28.372100 2.354542 0.000000
9.222142 28.766588 2.333099 0.000000
9.221882 28.463723 2.047786 0.000000
7.052963 28.622452 2.355235 0.000000
7.831463 28.651433 2.357404 0.000000
8.763020 28.496981 2.359678 0.000000
9.222027 28.303448 2.045490 0.000000
6.665890 28.407480 2.354164 0.000000
7.285814 28.412763 2.356065 0.000000
7.833496 28.215136 2.357720 0.000000
6.104533 28.400988 2.352156 0.000000
8.421229 28.630117 2.358853 0.000000
5.809283 28.302113 2.351092 0.000000
9.220415 29.471174 1.283267 0.000000
9.227545 31.204517 -0.024474 0.000000
8.918808 29.143045 2.359661 0.000000
8.319054 28.894796 2.358450 0.000000
7.637026 28.852634 2.356772 0.000000
2.750364 29.486744 -0.003549 0.000000
2.309780 29.298170 -0.000473 0.000000
3.656777 29.881265 -0.005962 0.000000
3.359095 29.432898 -0.006923 0.000000
2.522596 29.323544 -0.000368 0.000000
6.333005 30.570226 -0.045476 0.000000
4.169473 29.790120 -0.009607 0.000000
2.817377 29.462040 -0.003774 0.000000
-8.006609 32.240876 0.080859 0.000000
-7.163687 32.074562 2.460403 0.000000
-6.051255 31.242536 2.454793 0.000000
-6.756262 31.335740 2.447430 0.000000
-6.290110 31.656015 2.444722 0.000000
-7.115550 31.564926 2.422347 0.000000
-6.845159 31.678586 2.401334 0.000000
-6.300786 32.076055 2.449442 0.000000
-7.499589 31.948227 2.463281 0.000000
-6.247440 31.199454 2.410462 0.000000
-6.547484 32.346412 2.455536 0.000000
-7.934139 32.312644 2.472347 0.000000
-7.565116 32.378572 2.428897 0.000000
-7.203164 32.510340 2.424615 0.000000
-6.813668 32.641183 2.462038 0.000000
-8.421097 32.725565 2.482366 0.000000
-7.947202 32.796858 2.477454 0.000000
-7.102072 32.964113 2.469010 0.000000
-5.867978 30.571581 2.404187 0.000000
-5.740144 30.762927 2.402691 0.000000
-6.003191 30.689644 2.446360 0.000000
-5.983739 30.971056 2.406480 0.000000
-6.435343 31.076325 2.440425 0.000000
-9.000149 33.141407 2.446637 0.000000
-5.676116 35.260967 0.057015 0.000000
-2.759508 31.218376 0.077024 0.000000
-9.230432 35.411603 2.279411 0.000000
-8.449174 33.196412 2.440267 0.000000
-7.889684 33.266873 2.481596 0.000000
-7.415578 33.318961 2.476512 0.000000
-8.920608 33.714227 2.498122 0.000000
-8.311032 33.704290 2.490999 0.000000
-7.822341 33.737471 2.433468 0.000000
-8.850396 34.204542 2.445742 0.000000
-8.205716 34.179096 2.438356 0.000000
-9.234993 34.702600 2.495671 0.000000
-8.629667 34.671858 2.443629 0.000000
-9.063833 35.292664 2.535215 0.000000
-7.108060 35.284256 0.070826 0.000000
-5.535923 33.833366 0.056576 0.000000
-5.448132 34.331820 0.055405 0.000000
-3.318678 31.812931 0.088685 0.000000
-4.502313 33.369241 0.047171 0.000000
7.068245 33.543316 2.285224 0.000000
3.054201 28.324344 2.333713 0.000000
2.622473 28.254439 2.329677 0.000000
2.492785 28.234379 2.328373 0.000000
8.935667 31.595967 2.348529 0.000000
8.881180 31.196153 2.394570 0.000000
5.429800 29.864042 2.339480 0.000000
7.112471 30.050497 2.343392 0.000000
-4.140458 30.441699 0.009713 0.000000
-4.825881 30.588865 0.002903 0.000000
-8.090686 32.659947 0.081477 0.000000
-4.940123 30.810375 0.007616 0.000000
-6.091729 31.768765 0.010494 0.000000
-8.453521 33.268062 0.084686 0.000000
-3.423460 30.135372 0.012277 0.000000
-6.485249 32.072130 0.007869 0.000000
-5.297626 31.556382 0.018689 0.000000
-4.413499 31.160536 0.018599 0.000000
5.093511 32.140959 -0.048200 0.000000
7.138183 33.210779 -0.001760 0.000000
3.698642 31.164598 -0.032255 0.000000
9.244770 34.605590 -0.035802 0.000000
4.713413 31.750223 -0.043863 0.000000
6.343754 32.692513 -0.061676 0.000000
9.242866 34.362240 -0.086001 0.000000
9.246115 33.986023 0.463728 0.000000
8.558714 33.662499 -0.084968 0.000000
8.294886 32.455943 2.274289 0.000000
8.676283 33.568453 2.271850 0.000000
9.261921 33.990124 1.958412 0.000000
-3.924837 28.421356 2.333414 0.000000
-4.196275 28.550123 2.335555 0.000000
-4.323123 28.653420 2.336432 0.000000
-3.497065 28.391761 2.329160 0.000000
-3.776980 28.393076 2.332068 0.000000
-4.133236 31.159150 0.013840 0.000000
-5.742144 32.838494 0.059204 0.000000
-8.542283 35.513751 0.084614 0.000000
-6.497829 33.864368 0.065708 0.000000
-5.252562 32.861497 0.054612 0.000000
-4.529093 32.185626 0.009983 0.000000
-5.859747 29.896845 2.403096 0.000000
-5.884703 30.131676 2.403768 0.000000
-6.109439 29.684772 2.434430 0.000000
-6.130693 30.304202 2.407536 0.000000
-6.420382 29.851713 2.441501 0.000000
-6.593607 30.397480 2.451379 0.000000
-6.804976 29.993980 2.416611 0.000000
-6.684278 30.698895 2.415670 0.000000
-7.139843 30.244310 2.457458 0.000000
-7.637563 30.455208 2.428006 0.000000
-7.466895 30.684556 2.467942 0.000000
-7.428637 30.923370 2.425689 0.000000
-8.029764 30.740249 2.476586 0.000000
-5.825202 29.533882 2.427858 0.000000
-9.225761 32.837907 2.245290 0.000000
-7.914364 30.949370 2.477698 0.000000
-8.698623 31.135859 2.404388 0.000000
-8.418073 31.250064 2.488523 0.000000
-8.304435 31.515798 2.437145 0.000000
-9.201826 31.374224 2.418821 0.000000
-9.185713 31.696051 2.409909 0.000000
-8.822322 31.870927 2.443649 0.000000
-9.218492 32.061093 2.482378 0.000000
5.056851 28.946593 0.007341 0.000000
8.936321 28.683084 0.020018 0.000000
9.221130 28.467927 0.101468 0.000000
9.220390 28.645533 0.798444 0.000000
3.999877 29.114740 0.008940 0.000000
4.891810 29.262742 0.007467 0.000000
9.220652 28.280672 0.380090 0.000000
6.580556 29.588118 0.005588 0.000000
9.221327 28.022796 1.190457 0.000000
9.220524 28.785624 1.181024 0.000000
9.220634 28.374330 0.771382 0.000000
9.220874 28.126079 0.546045 0.000000
9.220698 28.358929 0.879085 0.000000
9.220920 28.107840 0.653236 0.000000
9.221134 28.439313 1.510424 0.000000
9.221093 28.284262 1.309063 0.000000
9.221570 28.108194 1.553746 0.000000
9.221943 28.025288 1.758609 0.000000
7.242729 28.219731 2.356112 0.000000
8.144670 28.003699 2.358638 0.000000
6.395186 28.280540 2.353333 0.000000
6.990689 28.123518 2.355435 0.000000
5.800865 28.033084 2.351383 0.000000
9.222519 28.132496 2.213759 0.000000
8.229022 28.623417 2.358385 0.000000
9.220884 28.807008 1.551760 0.000000
9.034313 28.922048 2.360011 0.000000
9.221859 28.266176 1.911958 0.000000
7.741586 28.787012 2.357075 0.000000
8.406551 28.581016 2.358825 0.000000
9.222326 28.304075 2.208436 0.000000
9.222307 28.096572 2.062599 0.000000
7.055017 28.475730 2.355330 0.000000
8.772279 28.315604 2.359792 0.000000
9.221314 29.178668 1.970117 0.000000
5.058736 30.061193 0.011620 0.000000
6.636305 30.591702 0.006661 0.000000
9.220103 29.796681 0.589479 0.000000
9.220078 29.584101 0.735259 0.000000
9.220365 29.096724 1.171588 0.000000
9.170829 30.594671 0.012696 0.000000
7.497108 30.019616 0.012223 0.000000
-3.477666 29.221354 -0.017727 0.000000
-9.222707 27.950627 1.885813 0.000000
-9.223522 27.972178 2.308271 0.000000
-9.223760 27.688857 2.176400 0.000000
-9.223174 27.847915 2.035485 0.000000
-9.222802 27.673643 1.610370 0.000000
-9.190956 27.695640 2.359247 0.000000
-9.222637 28.005053 1.896162 0.000000
-9.222572 27.719069 1.512662 0.000000
-9.222581 27.827700 1.668429 0.000000
-9.222147 28.161655 1.757192 0.000000
-9.222374 28.292271 1.989623 0.000000
-9.222107 27.881582 1.396676 0.000000
-9.221857 28.097307 1.495530 0.000000
-9.221535 28.247776 1.425613 0.000000
-9.221594 28.179906 1.398447 0.000000
-4.100329 28.408082 0.321596 0.000000
-4.100002 28.399345 0.436068 0.000000
-9.221322 28.467885 1.485368 0.000000
-9.224321 28.096593 1.136567 0.000000
-9.213859 28.227950 1.005263 0.000000
-9.221273 28.268638 0.975864 0.000000
4.312222 28.277389 0.031162 0.000000
6.373213 28.482376 0.015030 0.000000
3.334006 28.303060 0.028512 0.000000
9.156348 28.381390 0.018829 0.000000
5.717934 28.368137 0.007880 0.000000
9.220068 28.340207 0.189944 0.000000
9.220676 28.278311 0.494279 0.000000
9.222361 28.126792 0.295625 0.000000
-9.220740 28.244822 0.131808 0.000000
-9.221445 27.841589 0.148165 0.000000
-9.220304 28.133798 0.298741 0.000000
-6.246541 27.950409 -0.005450 0.000000
-3.900870 28.084038 0.002709 0.000000
-5.009386 28.022413 -0.001680 0.000000
-7.162270 28.163203 -0.008728 0.000000
-3.414242 28.173230 0.005009 0.000000
-4.364979 28.285753 0.021271 0.000000
-5.649114 28.291801 -0.004751 0.000000
-4.099735 28.385810 0.273955 0.000000
-3.042727 28.240762 0.007165 0.000000
-3.646630 28.232094 0.003525 0.000000
-4.680492 28.373304 -0.001615 0.000000
-4.100376 28.436722 0.102539 0.000000
-2.627537 28.385527 0.009958 0.000000
-3.222087 28.296569 0.005786 0.000000
-9.221617 27.647539 0.711040 0.000000
-9.218187 27.693658 0.242927 0.000000
-9.220269 27.820017 0.520232 0.000000
-2.511375 28.335988 0.011206 0.000000
-2.891913 28.346218 0.007918 0.000000
-3.454665 28.554464 0.018909 0.000000
-4.292767 28.411174 -0.007436 0.000000
-2.314599 28.370643 0.013134 0.000000
-3.039039 28.580079 0.020495 0.000000
-2.148919 28.399461 0.015015 0.000000
-3.211446 28.642177 0.066053 0.000000
-9.223821 27.738605 1.007511 0.000000
-9.220722 27.629012 0.801314 0.000000
-9.219776 27.812297 1.049791 0.000000
-9.221444 27.657474 0.524587 0.000000
-9.220144 27.836255 0.793166 0.000000
-4.943169 28.681382 -0.015542 0.000000
-4.004162 28.284073 0.007504 0.000000
-3.738761 28.413275 0.020534 0.000000
-4.450010 28.416785 -0.019624 0.000000
-3.974106 28.463082 0.018900 0.000000
-3.278545 28.506354 0.020453 0.000000
-9.220938 28.017529 0.055234 0.000000
-9.218818 28.021181 0.892239 0.000000
-9.221353 28.099014 0.509512 0.000000
-9.222531 28.355788 0.632905 0.000000
-9.217673 27.752641 0.157828 0.000000
-9.221290 27.834693 0.271951 0.000000
-8.095103 27.963038 -0.010459 0.000000
-9.221462 28.278352 0.213962 0.000000
-6.132868 28.062360 -0.013769 0.000000
-9.072807 28.256224 -0.013809 0.000000
-4.940781 28.240145 -0.009263 0.000000
8.432803 30.951895 2.338637 0.000000
6.230854 32.253316 0.000808 0.000000
8.003777 33.940412 -0.003277 0.000000
5.230989 32.112376 -0.000115 0.000000
6.581310 32.671655 -0.000417 0.000000
7.259389 30.457543 2.339262 0.000000
-6.510584 29.306628 2.349509 0.000000
-5.852295 28.969453 2.346486 0.000000
-5.951066 28.431601 2.347594 0.000000
-6.003378 28.722730 2.347509 0.000000
-6.333660 28.787348 2.349053 0.000000
-6.374516 29.023405 2.349068 0.000000
-6.689170 28.639269 2.350761 0.000000
-6.700385 28.860288 2.350616 0.000000
-7.107278 28.942452 2.352183 0.000000
-7.125305 29.132266 2.352136 0.000000
-7.565206 29.036296 2.353766 0.000000
-7.555871 29.236560 2.353628 0.000000
-4.503310 28.129222 2.339177 0.000000
-4.648014 28.012855 2.340548 0.000000
-5.428451 28.235141 2.345056 0.000000
-5.448270 28.444302 2.344827 0.000000
-9.221641 30.243145 1.786550 0.000000
-9.221237 30.749111 1.206573 0.000000
-9.221712 30.928357 1.296785 0.000000
-9.221803 30.886417 1.061199 0.000000
-9.098619 29.881101 2.357796 0.000000
-7.926865 29.212455 2.354846 0.000000
-7.804303 29.469839 2.354356 0.000000
-8.583776 29.489772 2.356622 0.000000
-8.523344 29.714690 2.356384 0.000000
-8.209188 29.913368 2.355453 0.000000
-8.305353 30.150455 2.355697 0.000000
-9.048020 29.735296 2.357715 0.000000
-8.815465 30.040206 2.357072 0.000000
-8.714591 30.200938 2.356780 0.000000
-9.221930 29.944110 2.071878 0.000000
-3.961128 28.072489 2.334947 0.000000
-4.130612 28.089711 2.336339 0.000000
-4.310923 28.108561 2.337749 0.000000
-8.882234 32.137032 -0.001986 0.000000
-9.073467 32.605012 -0.034747 0.000000
-5.243654 30.712447 -0.015746 0.000000
-6.600729 31.540791 -0.005291 0.000000
-9.218091 31.086373 1.064806 0.000000
-3.156065 30.122080 -0.003791 0.000000
-7.567459 32.692724 -0.031222 0.000000
-5.961152 31.859916 -0.023281 0.000000
-3.988884 30.435227 -0.010975 0.000000
-4.825008 31.371093 -0.016190 0.000000
-7.309209 30.074789 2.352536 0.000000
-6.597935 29.601495 2.349794 0.000000
-6.986835 29.928588 2.351340 0.000000
-7.614534 30.292006 2.366145 0.000000
-8.362426 30.703306 2.360197 0.000000
-5.654817 29.906800 2.345043 0.000000
-5.981185 29.364363 2.346932 0.000000
-8.911778 31.673770 2.324246 0.000000
-8.689133 31.944984 2.359808 0.000000
-3.088257 28.122876 2.325914 0.000000
-3.324408 28.150250 2.328391 0.000000
-2.813772 28.191976 2.322179 0.000000
-4.359902 28.589106 2.336882 0.000000
-3.974785 28.358008 2.334082 0.000000
-5.022047 31.612382 -0.004037 0.000000
-9.214001 35.656620 0.126692 0.000000
-3.719147 30.878392 -0.011061 0.000000
-4.733871 31.783506 -0.001235 0.000000
-8.960598 35.616702 -0.021669 0.000000
-3.933136 31.239368 -0.013739 0.000000
-7.127723 34.244320 -0.036751 0.000000
-5.691765 33.135136 -0.028120 0.000000
-4.743054 32.403839 -0.022068 0.000000
-9.221057 28.974427 1.608048 0.000000
-9.221090 29.187613 1.687074 0.000000
-9.220779 29.126873 1.463263 0.000000
-9.220611 29.391830 1.376619 0.000000
-9.220907 29.903155 1.490939 0.000000
-4.675561 29.907540 -0.038499 0.000000
-8.123866 31.448865 -0.027433 0.000000
-3.818500 29.598294 -0.025353 0.000000
-4.473405 30.071856 -0.007272 0.000000
-3.956029 29.901584 -0.009726 0.000000
-9.226707 31.273697 0.132116 0.000000
-9.219602 31.047474 0.510933 0.000000
-9.220091 31.372238 0.520103 0.000000
-7.511820 30.623428 -0.022283 0.000000
-4.795586 29.604865 -0.037370 0.000000
-5.841800 30.192531 -0.015406 0.000000
-7.711924 30.984673 -0.024361 0.000000
-5.508848 28.140959 2.345675 0.000000
-9.222720 28.356414 2.201250 0.000000
-7.463270 28.246717 2.354026 0.000000
-7.422102 28.442720 2.353707 0.000000
-8.022291 28.089381 2.355921 0.000000
-7.931145 28.304359 2.355463 0.000000
-7.859340 28.513875 2.355074 0.000000
-7.944969 28.695113 2.355200 0.000000
-8.794122 28.347421 2.357805 0.000000
-8.582544 28.560854 2.357099 0.000000
-8.451025 28.620454 2.356715 0.000000
-8.318576 28.907742 2.356169 0.000000
-7.513660 28.046196 2.354392 0.000000
-9.055907 28.445253 2.358365 0.000000
-9.112517 28.887236 2.358226 0.000000
-8.902310 29.003650 2.357662 0.000000
-9.222223 28.512220 2.050756 0.000000
-9.222125 28.734033 2.107958 0.000000
-6.489995 28.214281 2.350382 0.000000
-5.663090 27.896945 2.346956 0.000000
-5.988574 28.073120 2.348288 0.000000
-6.166948 27.850242 2.349466 0.000000
-6.001101 28.071964 2.348344 0.000000
-6.296366 27.946325 2.349896 0.000000
-6.315010 28.108699 2.349744 0.000000
-6.660697 27.975616 2.351384 0.000000
-6.661629 28.149758 2.351166 0.000000
-6.669258 28.321834 2.350995 0.000000
-7.098951 27.818299 2.353238 0.000000
-7.040377 28.195289 2.352586 0.000000
-7.027478 28.379079 2.352347 0.000000
-7.131436 28.449205 2.352675 0.000000
-7.577256 27.840509 2.354816 0.000000
6.772087 28.607644 2.354339 0.000000
5.686249 28.766867 2.350105 0.000000
6.360487 28.532244 2.352981 0.000000
5.435547 28.504662 2.349235 0.000000
5.441732 28.257821 2.349559 0.000000
4.897776 28.229332 2.346947 0.000000
5.389564 28.311385 2.349249 0.000000
4.297238 28.355246 2.343257 0.000000
8.455406 29.276261 2.358591 0.000000
7.942674 29.663452 2.357207 0.000000
7.232398 29.416331 2.355333 0.000000
9.221993 29.569059 2.359121 0.000000
6.057347 29.386076 2.351258 0.000000
6.801920 29.274280 2.354040 0.000000
7.628316 29.286221 2.356518 0.000000
7.948776 29.061937 2.357471 0.000000
7.367154 28.949213 2.355956 0.000000
6.421061 31.206087 0.025441 0.000000
-9.230174 30.424783 1.221938 0.000000
-9.238412 30.470779 1.729029 0.000000
-9.221947 30.841283 0.829847 0.000000
-9.221129 31.327931 0.230120 0.000000
-8.360513 31.908640 -0.024895 0.000000
-8.489125 31.769966 -0.024693 0.000000
-5.391601 30.357622 -0.011452 0.000000
-9.221845 31.410869 -0.027459 0.000000
-6.802054 30.806125 -0.054091 0.000000
-9.220343 31.565182 0.636561 0.000000
-8.782179 31.656359 -0.024958 0.000000
-6.537684 30.889619 -0.016710 0.000000
-5.223317 30.440932 -0.011259 0.000000
-4.841322 28.041102 2.341802 0.000000
-5.385655 27.876035 2.345508 0.000000
-5.049248 28.071795 2.343083 0.000000
-5.271826 28.105050 2.344378 0.000000
-7.865109 29.110197 2.354713 0.000000
-8.559789 28.948468 2.356817 0.000000
-7.720287 28.859212 2.354386 0.000000
-6.994936 28.939574 2.351760 0.000000
-6.595215 28.919728 2.350121 0.000000
-9.186698 29.054636 2.358331 0.000000
-8.077110 29.142625 2.355338 0.000000
-9.222101 29.196085 2.216938 0.000000
-8.658183 29.264852 2.356911 0.000000
-8.379363 29.212249 2.356189 0.000000
-8.839515 29.582242 2.357252 0.000000
-6.549844 28.547085 2.350264 0.000000
-6.342308 28.270109 2.349652 0.000000
-5.887830 28.284258 2.347475 0.000000
-6.876346 28.436926 2.351721 0.000000
-5.982608 28.745754 2.347385 0.000000
-7.268322 28.688375 2.352978 0.000000
9.221298 29.500144 1.971944 0.000000
8.946467 29.590585 2.359533 0.000000
9.039891 29.366185 2.359813 0.000000
5.730821 28.354018 2.350702 0.000000
5.385736 28.049815 2.349588 0.000000
7.229557 28.692013 2.355705 0.000000
8.354276 29.304152 2.358347 0.000000
8.397616 29.183188 2.358501 0.000000
8.483712 28.896884 2.358842 0.000000
8.796912 28.746621 2.359604 0.000000
7.768755 29.068710 2.356999 0.000000
7.972179 28.554683 2.357813 0.000000
6.950447 28.827372 2.354774 0.000000
6.492311 28.713156 2.353315 0.000000
9.175453 31.161447 0.009277 0.000000
8.637468 31.769652 0.006357 0.000000
6.158556 30.678726 0.007047 0.000000
8.738663 31.419249 0.007739 0.000000
6.173146 30.964320 0.006018 0.000000
8.984436 33.083026 2.359573 0.000000
7.948629 31.111616 2.365614 0.000000
4.691675 31.800556 0.001569 0.000000
8.289857 33.834691 -0.001460 0.000000
9.056894 30.234001 2.376613 0.000000
8.294598 30.039425 2.343346 0.000000
8.767464 30.740700 2.364101 0.000000
-8.235681 30.351057 2.394362 0.000000
-6.611677 29.794425 2.349810 0.000000
-8.949322 30.204089 2.357363 0.000000
-7.104032 29.991127 2.351793 0.000000
-7.403668 30.079575 2.352869 0.000000
-7.822992 30.258820 2.260546 0.000000
-6.833389 29.408640 2.350850 0.000000
-7.266927 29.510135 2.352492 0.000000
-9.216260 31.208686 2.263691 0.000000
-3.582939 28.181815 2.330945 0.000000
-3.722860 28.199537 2.332257 0.000000
-6.567905 32.084345 -0.016886 0.000000
-5.239120 31.391409 -0.011522 0.000000
-8.300766 32.734774 -0.022420 0.000000
-6.354276 31.620841 -0.005778 0.000000
-8.838752 33.269852 -0.025085 0.000000
-4.017297 30.933986 -0.006492 0.000000
7.388227 28.488628 0.016135 0.000000
4.988258 28.323868 0.014469 0.000000
4.961063 28.599752 0.438934 0.000000
6.721654 28.192588 0.016374 0.000000
5.146999 29.198668 0.129096 0.000000
4.228777 28.590736 0.013308 0.000000
5.445572 28.537804 0.045437 0.000000
2.165023 28.396242 0.015078 0.000000
6.655115 28.638268 0.014790 0.000000
3.973652 28.246541 0.014485 0.000000
7.895018 28.219903 0.017674 0.000000
9.222327 28.124249 0.166484 0.000000
-4.556136 28.659904 -0.002120 0.000000
-6.964413 28.036518 -0.007769 0.000000
-4.213428 28.145264 0.001073 0.000000
-5.494296 28.192270 -0.003912 0.000000
-7.955368 28.280469 -0.011179 0.000000
-4.553598 28.291168 -0.000837 0.000000
-3.899804 28.359260 0.001813 0.000000
-4.963460 28.456197 -0.002964 0.000000
-4.197406 28.500194 -0.000052 0.000000
6.510329 30.129891 0.009416 0.000000
8.629926 30.165713 0.011971 0.000000
5.899825 29.475498 0.006227 0.000000
9.220613 28.973291 1.389399 0.000000
9.220906 28.304593 1.115354 0.000000
9.221210 28.639874 1.715308 0.000000
8.409570 29.630278 0.004437 0.000000
9.220114 29.816887 0.206520 0.000000
-8.386468 28.210458 2.356858 0.000000
-8.890306 28.508585 2.357941 0.000000
-9.039880 28.268651 2.358467 0.000000
-9.221727 28.886235 1.966129 0.000000
-6.869150 28.080163 2.352084 0.000000
-6.994287 27.886967 2.352778 0.000000
-6.575532 27.863249 2.351197 0.000000
-8.014234 27.762717 2.356228 0.000000
-9.223601 27.798912 2.214683 0.000000
-8.590153 27.983005 2.357568 0.000000
-7.940677 28.004786 2.355768 0.000000
-7.316535 28.117743 2.353671 0.000000
-8.593896 28.138741 2.357446 0.000000
-7.632330 28.229824 2.354605 0.000000
-9.222920 28.133023 2.147833 0.000000
-9.220849 29.337344 1.549295 0.000000
-3.330688 29.397572 0.013298 0.000000
-4.558509 29.733396 -0.001766 0.000000
9.221590 28.472923 1.879018 0.000000
-9.223444 27.806301 0.948857 0.000000
-9.221503 28.247022 1.398046 0.000000
-9.221794 28.180818 0.646305 0.000000
-9.221110 28.212055 0.559332 0.000000
-9.223116 27.675092 1.814537 0.000000
-4.002939 28.623732 -0.008407 0.000000
9.221981 28.087073 1.846659 0.000000
9.005414 32.329589 2.369417 0.000000
9.227224 34.085887 1.071615 0.000000
9.225679 33.973062 1.203381 0.000000
7.216952 31.245514 2.363042 0.000000
-7.254912 31.670637 2.404921 0.000000
-4.868212 30.323438 2.409360 0.000000
-7.569053 31.572134 2.481102 0.000000
-5.872677 30.630325 2.427850 0.000000
-8.024135 31.913896 2.491862 0.000000
-6.899889 31.427884 2.400525 0.000000
-6.142119 30.842327 2.433921 0.000000
-8.536252 32.302507 2.503827 0.000000
-6.284431 30.903564 2.453588 0.000000
-9.116544 32.747226 2.517229 0.000000
-7.714153 32.023824 2.489107 0.000000
-6.645222 31.470397 2.466673 0.000000
-9.225393 32.974246 2.406254 0.000000
-8.082619 32.245138 2.414723 0.000000
-4.923600 30.132751 2.408051 0.000000
-5.180534 30.100464 2.411743 0.000000
-4.752019 29.994953 2.403700 0.000000
-4.196506 29.748431 2.402026 0.000000
-4.333018 29.851859 2.406170 0.000000
-4.477383 29.962793 2.410500 0.000000
-5.624268 30.437530 2.422159 0.000000
-5.106367 30.281503 2.412613 0.000000
-4.711263 30.184526 2.405225 0.000000
-6.793077 30.998784 2.462406 0.000000
-4.672786 30.387812 2.407000 0.000000
-7.161040 31.269037 2.471332 0.000000
-8.700682 33.565818 2.522556 0.000000
-9.231462 34.096561 2.447134 0.000000
-8.185018 33.103523 2.509754 0.000000
-8.695654 32.816255 2.512652 0.000000
-9.226422 33.266592 2.512091 0.000000
-6.625833 31.733161 2.470003 0.000000
-8.225071 32.796193 2.506210 0.000000
-4.535654 29.625494 2.406656 0.000000
-8.692507 33.385833 2.406097 0.000000
-7.321359 32.338661 2.487967 0.000000
-9.229462 33.689887 2.507052 0.000000
-7.728162 32.697466 2.498293 0.000000
-4.411777 29.358994 2.400525 0.000000
-4.581010 29.466808 2.405252 0.000000
-4.760988 29.583443 2.410210 0.000000
-4.376406 29.516815 2.402087 0.000000
-4.953229 29.709977 2.415430 0.000000
-5.158892 29.847403 2.420934 0.000000
-4.704903 29.742695 2.411445 0.000000
-4.303442 29.647920 2.402591 0.000000
-5.379583 29.997193 2.426758 0.000000
-4.981252 29.952516 2.406946 0.000000
-4.905643 33.074892 0.119245 0.000000
-4.371875 32.421408 0.106184 0.000000
-6.113317 34.127544 0.144435 0.000000
-4.102242 32.376831 0.102881 0.000000
-7.377553 35.524631 0.174708 0.000000
-5.637378 33.929167 0.136971 0.000000
-9.260472 35.614788 1.062440 0.000000
-8.891141 35.678590 0.462676 0.000000
-6.656007 34.299979 0.152349 0.000000
-5.272884 33.161189 0.124145 0.000000
-6.669739 35.086112 0.161767 0.000000
-4.275180 31.331671 0.024042 0.000000
-5.462007 31.618142 0.633373 0.000000
-9.212382 31.092988 2.489341 0.000000
-8.560334 31.040010 2.487739 0.000000
-9.164795 31.384407 2.500263 0.000000
-6.934252 30.605299 2.459202 0.000000
-7.311317 30.837090 2.467729 0.000000
-8.988986 31.593676 2.500622 0.000000
-7.731207 31.097525 2.477086 0.000000
-6.404744 29.617051 2.438188 0.000000
-4.908027 29.233927 2.408090 0.000000
-6.756830 29.795499 2.445911 0.000000
-5.076551 29.500346 2.414713 0.000000
-7.146567 29.995350 2.454318 0.000000
-7.580770 30.220494 2.463531 0.000000
-6.762037 30.037136 2.449143 0.000000
-8.067582 30.475814 2.473699 0.000000
-6.378846 30.051540 2.443502 0.000000
-8.618724 30.767550 2.485031 0.000000
-7.559507 30.477125 2.466553 0.000000
-9.217579 31.826111 2.416840 0.000000
-8.202645 31.391967 2.487439 0.000000
-8.735726 31.727350 2.498982 0.000000
-4.706243 29.290789 2.405151 0.000000
-2.435873 28.193099 2.317230 0.000000
-2.711768 28.179747 2.320973 0.000000
-5.524145 29.181755 2.418221 0.000000
-5.047871 28.954319 2.406936 0.000000
-4.698424 28.957255 2.400536 0.000000
-5.277063 29.062882 2.412414 0.000000
-4.892192 29.053594 2.405403 0.000000
-4.834821 28.854903 2.401755 0.000000
-5.099381 29.158011 2.410523 0.000000
-4.720901 29.134433 2.403308 0.000000
-5.792364 29.312454 2.424414 0.000000
-5.322819 29.272110 2.415952 0.000000
-4.538434 29.197489 2.400716 0.000000
-6.084579 29.456908 2.431047 0.000000
-5.563948 29.396956 2.421716 0.000000
-5.108471 29.341903 2.413132 0.000000
-2.394786 28.179919 2.316789 0.000000
-4.223778 30.093889 2.402971 0.000000
-4.209136 30.323224 2.405925 0.000000
-4.537117 30.256826 2.403230 0.000000
-4.177467 30.294215 2.404946 0.000000
-4.667236 30.504403 2.416368 0.000000
-4.965144 30.676275 2.414981 0.000000
-4.223203 31.183707 2.418574 0.000000
-5.240960 31.450619 2.438186 0.000000
-4.666005 31.165031 2.425433 0.000000
-4.014676 30.708338 2.408074 0.000000
-4.807732 31.341558 2.430097 0.000000
-4.219487 30.976229 2.415492 0.000000
-6.629300 32.521438 2.471507 0.000000
-4.957278 31.530838 2.434979 0.000000
-4.440871 31.276637 2.423420 0.000000
-7.284846 33.246289 2.488987 0.000000
-4.664183 31.372321 2.428289 0.000000
-7.758428 33.710753 2.484632 0.000000
-4.306591 30.426474 2.409105 0.000000
-5.123350 30.835472 2.419223 0.000000
-4.442262 30.568011 2.413432 0.000000
-4.627757 30.743546 2.418980 0.000000
-4.161528 30.564219 2.408530 0.000000
-4.735455 30.882711 2.422654 0.000000
-4.279181 30.700336 2.412519 0.000000
-5.604139 31.433234 2.443371 0.000000
-4.894448 31.057926 2.427584 0.000000
-3.824425 30.468260 2.401099 0.000000
-5.832039 31.669458 2.449730 0.000000
-5.062424 31.246698 2.432749 0.000000
-4.402154 30.845333 2.416657 0.000000
-7.117387 34.056051 2.496657 0.000000
-7.471462 34.515347 2.506628 0.000000
-7.864019 35.030429 2.517602 0.000000
-8.713372 35.525014 2.533698 0.000000
-8.292873 35.609881 2.405618 0.000000
-6.786680 34.076993 2.492728 0.000000
-7.597023 35.079958 2.424042 0.000000
-6.234723 32.936579 2.471393 0.000000
-8.134371 34.144752 2.493454 0.000000
-4.974921 31.747153 2.438185 0.000000
-7.073528 33.502233 2.489369 0.000000
-5.145630 31.957342 2.443540 0.000000
-7.422136 33.924167 2.498911 0.000000
-5.328900 32.185546 2.449227 0.000000
-9.190720 35.610976 2.442960 0.000000
-7.807025 34.395500 2.509362 0.000000
-8.234954 34.925509 2.520892 0.000000
-5.736754 32.703890 2.461698 0.000000
-7.879210 35.586446 2.524367 0.000000
-2.053885 28.121294 2.312734 0.000000
-1.646503 28.055630 2.308229 0.000000
-1.937060 28.110608 2.311280 0.000000
6.346217 31.754208 2.360133 0.000000
-5.569519 29.808307 0.007457 0.000000
-8.399953 30.638240 0.004384 0.000000
-9.220039 30.962134 0.286976 0.000000
-9.222886 30.946897 0.452049 0.000000
-6.249157 30.204307 0.038469 0.000000
-9.221153 31.175724 0.133222 0.000000
-4.711561 29.812075 0.008933 0.000000
-5.048364 29.851943 0.008270 0.000000
-7.546532 30.752310 0.010121 0.000000
-6.905818 30.600966 0.010375 0.000000
-5.650544 27.791256 2.403343 0.000000
-4.618861 27.600920 2.341588 0.000000
-4.554571 27.911225 2.340177 0.000000
-5.068257 27.734145 2.344010 0.000000
-4.893140 27.840235 2.342656 0.000000
-4.754578 27.932449 2.341502 0.000000
-5.655922 27.590113 2.401142 0.000000
-5.332639 27.743867 2.345505 0.000000
-5.198215 27.980778 2.344200 0.000000
-5.969997 27.645776 2.406966 0.000000
-6.313170 27.707557 2.413194 0.000000
-5.948471 27.853159 2.409009 0.000000
-5.616812 27.981507 2.404978 0.000000
-5.314186 28.094882 2.401088 0.000000
-6.695737 27.777498 2.419986 0.000000
-6.277719 27.922497 2.415141 0.000000
-5.903652 28.049539 2.410574 0.000000
-5.562895 28.160291 2.406167 0.000000
-7.118920 27.855974 2.427338 0.000000
-4.367020 27.891698 2.338870 0.000000
-7.637241 28.724394 2.445479 0.000000
-8.980062 28.813211 2.465466 0.000000
-8.130625 28.862184 2.454253 0.000000
-8.689806 29.019252 2.464010 0.000000
-8.370229 28.658330 2.455130 0.000000
-9.203218 29.189066 2.445626 0.000000
-4.102062 28.772319 0.803581 0.000000
-6.557262 28.207311 2.422937 0.000000
-6.640987 27.999994 2.421766 0.000000
-6.215042 28.124256 2.416527 0.000000
-5.833115 28.231953 2.411575 0.000000
-7.597262 27.945880 2.435470 0.000000
-7.044303 28.087061 2.428966 0.000000
-6.127795 28.310871 2.417358 0.000000
-8.134607 28.048161 2.444412 0.000000
-7.495103 28.185494 2.436848 0.000000
-6.938778 28.300789 2.429938 0.000000
-8.751730 28.167017 2.454470 0.000000
-8.003177 28.297649 2.445549 0.000000
-7.360782 28.405225 2.437526 0.000000
-6.803541 28.494328 2.430223 0.000000
-9.200487 28.308659 2.406081 0.000000
-9.222572 28.581460 2.250691 0.000000
-9.200868 28.574181 2.456806 0.000000
-9.197717 27.164090 2.421109 0.000000
-6.609949 27.496954 2.415400 0.000000
-7.477167 27.322619 2.426376 0.000000
-7.001031 27.549335 2.421966 0.000000
-7.989167 27.374692 2.434351 0.000000
-7.433525 27.607647 2.429071 0.000000
-8.570958 27.434437 2.443215 0.000000
-7.922692 27.674117 2.436935 0.000000
-9.224617 27.192924 2.042575 0.000000
-9.086867 27.283641 2.359372 0.000000
-9.078205 27.566458 2.401586 0.000000
-8.471932 27.749205 2.445577 0.000000
-9.223963 27.355054 1.897260 0.000000
-9.224048 27.458877 2.075508 0.000000
-9.103963 27.836189 2.455317 0.000000
-9.223355 27.516015 1.752486 0.000000
7.501578 27.885171 2.357131 0.000000
9.223063 27.728295 2.190376 0.000000
8.710588 28.018413 2.359886 0.000000
8.837698 27.808234 2.360304 0.000000
8.327447 27.719857 2.359289 0.000000
9.221995 27.940769 1.707326 0.000000
9.222424 27.851637 1.916117 0.000000
9.222471 27.771526 1.862094 0.000000
3.817714 29.622623 -0.011286 0.000000
3.130838 29.585296 -0.003038 0.000000
2.169018 29.052957 -0.000908 0.000000
4.968211 29.971192 -0.028527 0.000000
2.535604 29.087640 -0.006246 0.000000
6.577231 30.380430 -0.022166 0.000000
9.220119 29.855759 0.534427 0.000000
4.748545 29.342012 -0.014601 0.000000
4.747993 29.617542 -0.015908 0.000000
3.796007 29.354880 -0.008462 0.000000
3.062935 29.199636 -0.000112 0.000000
8.994775 30.802450 -0.066605 0.000000
6.206250 29.952653 -0.043866 0.000000
4.630422 29.581828 -0.011990 0.000000
8.701536 30.370581 -0.068384 0.000000
6.159197 29.608608 -0.022072 0.000000
8.644798 30.004221 -0.072136 0.000000
6.129857 29.424068 -0.049274 0.000000
9.220171 29.863025 0.080953 0.000000
-8.961566 29.903892 2.401740 0.000000
-9.207463 30.044232 2.401128 0.000000
-8.454247 29.938672 2.472225 0.000000
-9.052652 30.188301 2.483552 0.000000
-9.222346 29.938612 2.267888 0.000000
-8.517081 30.224142 2.476708 0.000000
-9.110251 30.487470 2.488106 0.000000
-7.331401 29.240777 2.447414 0.000000
-5.334272 28.858000 2.410781 0.000000
-7.140379 28.934412 2.440748 0.000000
-6.025930 28.952600 2.423627 0.000000
-5.571797 28.955866 2.416119 0.000000
-7.596397 29.093028 2.449445 0.000000
-8.110562 29.273820 2.459069 0.000000
-8.694908 29.481615 2.469813 0.000000
-7.795352 29.417340 2.456376 0.000000
-7.046780 29.360413 2.444695 0.000000
-9.205421 29.698879 2.444724 0.000000
-8.318527 29.618264 2.466302 0.000000
-3.186843 27.814607 2.328863 0.000000
-3.304132 27.829325 2.329944 0.000000
-3.576763 27.813893 2.332620 0.000000
-3.867193 27.841554 2.335060 0.000000
-3.718240 27.827216 2.333830 0.000000
-4.190668 27.873670 2.337581 0.000000
-5.121350 28.433014 2.401708 0.000000
-5.196871 28.284932 2.401269 0.000000
-5.451657 28.366857 2.406730 0.000000
-5.728743 28.457271 2.412554 0.000000
-5.359161 28.516342 2.406944 0.000000
-6.031712 28.557387 2.418797 0.000000
-5.618614 28.608581 2.412552 0.000000
-5.246610 28.650945 2.406631 0.000000
-4.911475 28.686676 2.401029 0.000000
-5.484492 28.741854 2.411918 0.000000
-5.115973 28.769158 2.405789 0.000000
-6.732234 28.794069 2.432814 0.000000
8.975772 31.262197 2.383929 0.000000
8.438463 30.458208 2.315320 0.000000
8.689095 30.015332 2.377991 0.000000
7.814274 30.231595 2.317906 0.000000
7.998774 30.082379 2.344722 0.000000
7.944927 29.871440 2.334062 0.000000
7.217937 29.913799 2.356919 0.000000
7.396994 29.709377 2.355714 0.000000
6.915888 29.870456 2.359691 0.000000
6.909004 29.619552 2.354240 0.000000
5.691540 29.287197 2.349760 0.000000
4.174073 31.146028 -0.005005 0.000000
3.290005 30.410334 -0.008865 0.000000
7.477703 33.149397 -0.020846 0.000000
5.350571 31.711629 -0.012766 0.000000
2.994862 28.160881 2.333741 0.000000
3.480544 28.080785 2.338144 0.000000
3.309123 28.061002 2.336833 0.000000
3.159345 28.183209 2.335145 0.000000
-7.852711 31.885447 0.004147 0.000000
8.178951 29.009967 2.358067 0.000000
7.601325 28.544133 2.356849 0.000000
7.188200 28.958380 2.355422 0.000000
7.140771 28.244487 2.355794 0.000000
8.114738 29.571516 2.357669 0.000000
6.453501 28.337132 2.353489 0.000000
6.133651 28.116016 2.352570 0.000000
5.740756 28.081047 2.351073 0.000000
8.786869 29.727001 2.359155 0.000000
8.861202 29.358187 2.359446 0.000000
4.066432 28.149773 2.342187 0.000000
5.421478 28.000703 2.349822 0.000000
5.063110 28.021750 2.348116 0.000000
4.806875 28.182974 2.346542 0.000000
4.769432 28.104308 2.346465 0.000000
4.511484 28.069807 2.345096 0.000000
4.290615 28.176648 2.343570 0.000000
4.392716 30.750582 -0.012269 0.000000
5.548485 31.193029 -0.021230 0.000000
2.823691 29.725743 -0.005147 0.000000
5.403065 30.870345 -0.023269 0.000000
3.278270 29.950464 -0.003130 0.000000
6.823573 31.328771 -0.013834 0.000000
4.385656 30.102427 -0.012505 0.000000
9.210939 32.104228 -0.000308 0.000000
7.326142 31.196056 -0.042349 0.000000
5.547926 30.232922 -0.020450 0.000000
7.618056 30.958004 -0.048632 0.000000
-5.945164 31.010608 0.012294 0.000000
-7.794243 32.129440 0.138977 0.000000
-5.945218 31.314800 0.109785 0.000000
-7.876432 32.340206 0.142366 0.000000
-5.803834 31.579506 0.041089 0.000000
-4.339527 31.345559 2.422793 0.000000
-4.460461 31.517734 2.427163 0.000000
-4.240025 31.535666 2.423976 0.000000
-4.681699 31.615090 2.431944 0.000000
-4.586823 31.701133 2.431703 0.000000
-4.458712 31.894808 2.432505 0.000000
-4.621341 32.050821 2.437129 0.000000
-4.693526 32.300196 2.441659 0.000000
-3.845317 30.931900 2.408507 0.000000
-3.666195 30.677227 2.401437 0.000000
-4.004071 30.888022 2.410562 0.000000
-4.584904 30.719709 2.417940 0.000000
-4.111673 31.031505 2.414505 0.000000
-4.531058 31.000029 2.420961 0.000000
-4.136403 31.371506 2.419925 0.000000
-7.937892 34.870985 2.516617 0.000000
-8.359368 35.447299 2.528527 0.000000
-7.376634 34.968777 2.510894 0.000000
-7.622692 35.608619 2.405829 0.000000
-7.010481 35.607158 2.427245 0.000000
-5.234754 32.435218 2.451211 0.000000
-4.817599 32.522617 2.446500 0.000000
-6.330313 32.765412 2.470524 0.000000
-5.391088 32.676928 2.456594 0.000000
-6.599409 33.105965 2.478342 0.000000
-7.556326 34.357096 2.505788 0.000000
-4.054224 30.170441 2.400941 0.000000
-3.940588 30.315513 2.400952 0.000000
9.074432 32.771498 2.311775 0.000000
7.311383 31.546727 2.313734 0.000000
9.231193 33.971426 1.463355 0.000000
7.494251 32.263684 2.364393 0.000000
7.022876 32.084071 2.337828 0.000000
7.128428 31.159358 2.386075 0.000000
7.287845 33.061646 2.329292 0.000000
-9.011961 35.172059 2.513763 0.000000
-9.240850 35.552907 2.458573 0.000000
-9.227999 33.526281 2.421115 0.000000
-7.535259 32.415147 2.468545 0.000000
-8.972004 33.197687 2.493547 0.000000
-8.780918 34.196759 2.501373 0.000000
-4.602823 33.200636 0.095718 0.000000
-4.562365 30.054834 2.401252 0.000000
-6.042652 31.415955 2.438791 0.000000
-7.109330 31.624710 2.455017 0.000000
-6.862969 32.240587 2.404485 0.000000
-4.815177 30.527396 2.410912 0.000000
-5.394337 30.261571 2.416804 0.000000
-5.290678 31.005912 2.423654 0.000000
-0.685734 35.341888 0.004286 0.000000
0.958951 35.374664 0.004086 0.000000
-3.900599 30.752881 2.406749 0.000000
-3.596505 30.697355 2.400498 0.000000
-3.607277 30.977812 2.405115 0.000000
-3.939150 31.070221 2.412197 0.000000
-4.573951 32.091214 2.436997 0.000000
-3.966204 31.632550 2.421109 0.000000
-3.519629 31.334543 2.409302 0.000000
-4.024825 31.694338 2.422950 0.000000
-4.727512 32.456102 2.444305 0.000000
-4.114993 31.861637 2.426818 0.000000
-3.586539 31.465023 2.412470 0.000000
-5.152622 32.568805 2.451842 0.000000
-4.207563 32.038235 2.430801 0.000000
-3.724621 31.745342 2.419040 0.000000
-4.302542 32.224613 2.434902 0.000000
-4.400222 32.421536 2.439132 0.000000
-4.155129 31.516005 2.422352 0.000000
-3.851452 31.385287 2.415533 0.000000
-3.529905 30.855237 2.401814 0.000000
-3.423254 31.192335 2.405399 0.000000
-4.718620 31.896834 2.436423 0.000000
-3.686644 31.106705 2.408499 0.000000
-4.856493 32.105772 2.441339 0.000000
-4.347476 31.709903 2.428168 0.000000
-3.768012 31.242386 2.411971 0.000000
-3.389710 31.090884 2.403175 0.000000
-4.370260 31.857831 2.430642 0.000000
-3.936974 31.535755 2.419190 0.000000
-3.803127 31.987647 2.423954 0.000000
-4.419409 33.080198 2.448668 0.000000
-4.532379 33.318794 2.453505 0.000000
-5.045088 33.868628 2.467690 0.000000
-4.094737 32.576460 2.436973 0.000000
-4.500489 32.629625 2.443497 0.000000
-3.868177 32.053590 2.425934 0.000000
-6.545230 34.928862 2.427309 0.000000
-4.603507 32.849814 2.448007 0.000000
-4.017752 32.393570 2.433196 0.000000
-6.799900 35.390744 2.433412 0.000000
-4.636355 33.169330 2.400828 0.000000
-6.815831 35.606375 2.466794 0.000000
-5.785810 34.427610 2.484408 0.000000
-4.208520 32.648127 2.439625 0.000000
-5.971849 34.802125 2.491456 0.000000
-4.253702 32.971526 2.444863 0.000000
-6.197689 35.364711 2.501230 0.000000
-4.173490 32.769054 2.440864 0.000000
-4.156365 32.841227 2.441657 0.000000
-5.518255 33.881227 2.474004 0.000000
-5.691721 34.374986 2.419152 0.000000
-4.935919 33.685326 2.463832 0.000000
-3.573606 32.151860 2.423012 0.000000
-3.607664 31.563482 2.414361 0.000000
-3.296252 31.488409 2.408123 0.000000
-3.349981 31.609851 2.410973 0.000000
-3.795594 31.895652 2.422441 0.000000
-3.459854 31.868817 2.416853 0.000000
-3.942118 32.219280 2.429514 0.000000
-3.129862 31.185155 2.400282 0.000000
-3.191561 31.260710 2.402607 0.000000
-3.243454 31.372121 2.405336 0.000000
-2.920877 31.021683 2.323149 0.000000
-2.913192 31.283132 2.364668 0.000000
-2.950311 31.356850 2.400196 0.000000
-3.404434 31.736466 2.413879 0.000000
-2.991998 31.458142 2.402635 0.000000
-3.034236 31.563592 2.405124 0.000000
-2.767564 30.810126 2.330325 0.000000
-2.764383 30.673768 2.296786 0.000000
-3.326554 30.977148 2.400209 0.000000
-3.631811 32.303180 2.426200 0.000000
-2.187943 29.848786 2.305482 0.000000
-1.808521 29.485806 2.299040 0.000000
-2.464231 30.280174 2.328579 0.000000
-2.598237 30.407192 2.295749 0.000000
-2.367439 30.036753 2.304256 0.000000
-2.388222 30.201088 2.326608 0.000000
-1.566670 29.006698 2.295771 0.000000
-1.731519 29.352003 2.297543 0.000000
-1.233150 28.355335 1.569864 0.000000
9.252596 33.912805 1.696776 0.000000
9.253037 33.991730 1.040176 0.000000
9.252338 33.895663 0.813867 0.000000
1.203590 28.339821 1.835463 0.000000
8.390240 32.534167 2.405922 0.000000
8.164156 32.056610 2.400163 0.000000
9.254866 34.155680 2.421445 0.000000
7.005022 32.677016 2.404117 0.000000
7.440038 32.633959 2.404755 0.000000
-7.843505 33.097068 2.401706 0.000000
-9.164412 33.279292 2.405466 0.000000
-8.256864 33.502906 2.406867 0.000000
-9.217652 33.868493 2.406324 0.000000
-8.717325 33.958585 2.412504 0.000000
-8.355130 32.827024 2.419742 0.000000
-9.217950 34.463045 2.415203 0.000000
-7.095165 31.316198 2.354622 0.000000
-6.713473 31.719940 2.286306 0.000000
-7.459137 31.551135 2.355675 0.000000
-7.279786 31.768637 2.319145 0.000000
-7.398821 32.284571 2.280238 0.000000
-7.043933 32.559009 2.319774 0.000000
-8.476005 32.294448 2.316810 0.000000
-8.076932 32.209533 2.343209 0.000000
-9.041775 32.669216 2.315353 0.000000
-8.575135 32.841474 2.350172 0.000000
-9.249972 35.643089 0.558008 0.000000
-5.563303 30.017573 2.372542 0.000000
-5.629268 30.239744 2.377011 0.000000
-5.696641 33.436317 0.053272 0.000000
-4.609787 32.565963 0.046229 0.000000
-6.499767 34.605561 0.063869 0.000000
-5.147732 33.416275 0.053649 0.000000
-6.054349 34.763007 0.065783 0.000000
5.862333 32.087421 0.045312 0.000000
2.418967 28.087703 2.328320 0.000000
2.292803 28.072876 2.327027 0.000000
2.138957 28.182236 2.324607 0.000000
2.691662 28.121305 2.330986 0.000000
7.547234 30.315336 2.324318 0.000000
8.419613 30.149447 2.398585 0.000000
-7.753387 29.436604 2.354197 0.000000
-6.902150 29.235936 2.351215 0.000000
-7.326037 29.345056 2.352780 0.000000
-7.237109 29.615467 2.352350 0.000000
-7.694633 29.754771 2.353904 0.000000
-8.338817 29.611255 2.355915 0.000000
-8.085546 29.813982 2.355122 0.000000
-8.949582 29.774542 2.357475 0.000000
-8.140737 31.778478 0.034561 0.000000
-6.442713 29.129027 2.349299 0.000000
-1.201180 28.341332 0.994257 0.000000
-7.982900 32.052833 0.037434 0.000000
-4.322475 30.812831 0.017835 0.000000
-8.055324 32.436756 0.041161 0.000000
-6.134682 31.566550 0.034720 0.000000
-8.381408 32.975465 0.046192 0.000000
-4.859629 31.044018 0.011366 0.000000
-6.382728 31.977684 0.038410 0.000000
-5.140548 31.248935 0.017961 0.000000
-8.923287 32.006159 2.276224 0.000000
-7.886339 30.474074 2.394802 0.000000
-7.729989 30.700717 2.349349 0.000000
-8.681048 31.321178 2.360667 0.000000
-8.550470 31.573653 2.357463 0.000000
-8.858871 33.662822 0.052596 0.000000
-6.271027 30.091285 2.273678 0.000000
-4.096697 31.984588 0.006707 0.000000
-5.149003 31.438410 0.009209 0.000000
-6.014333 33.133198 0.050019 0.000000
-1.209082 28.364420 1.177345 0.000000
-5.367364 33.732218 2.410059 0.000000
-5.525243 34.041720 2.414481 0.000000
-1.597212 29.299258 2.294967 0.000000
-1.789806 29.427451 2.298652 0.000000
-1.951593 29.717324 2.304065 0.000000
-2.790986 31.019090 2.359057 0.000000
-2.589616 30.618067 2.327283 0.000000
-7.636436 34.335766 2.415572 0.000000
-7.520597 33.536301 2.406251 0.000000
-6.420526 33.435785 2.403326 0.000000
-6.134931 33.715677 2.406206 0.000000
-8.399426 34.526825 2.418539 0.000000
-8.920330 35.124720 2.425662 0.000000
-7.263744 34.606212 2.418263 0.000000
-6.828438 34.805996 2.420104 0.000000
-6.425017 32.542097 2.356407 0.000000
-7.146528 33.122645 2.400885 0.000000
-7.962513 35.606116 2.430324 0.000000
-7.096166 35.237375 2.425387 0.000000
-7.331135 35.653740 2.414801 0.000000
-3.471215 28.366361 0.010217 0.000000
-4.748271 28.168246 0.004398 0.000000
-6.593527 28.191369 0.001299 0.000000
-5.226074 28.336760 0.004898 0.000000
-4.239938 28.578352 0.019377 0.000000
-4.776025 28.426288 0.020313 0.000000
4.569200 28.603011 0.011108 0.000000
8.192591 28.567729 0.009122 0.000000
3.745473 28.328335 0.009819 0.000000
2.853979 28.280077 0.011425 0.000000
7.082148 28.271422 0.004330 0.000000
4.744483 28.349088 0.043096 0.000000
3.449468 28.176765 0.008987 0.000000
6.278243 28.010922 0.004553 0.000000
4.300353 28.028150 0.006242 0.000000
-9.002710 27.933454 -0.003749 0.000000
-9.225757 26.767799 2.039746 0.000000
-9.221772 26.985544 0.520132 0.000000
-9.218626 27.145955 0.754345 0.000000
-9.218549 27.400075 0.944065 0.000000
-9.222882 27.157026 0.298566 0.000000
-9.218585 27.302584 0.596052 0.000000
-9.222016 27.501080 0.678465 0.000000
-9.217700 27.206151 0.224744 0.000000
-9.217689 27.481339 0.501582 0.000000
-9.222728 27.575066 1.399122 0.000000
-9.222318 27.314378 0.144986 0.000000
-7.720582 27.700800 -0.004568 0.000000
-5.863441 27.993463 0.000602 0.000000
-9.224694 26.755314 1.232520 0.000000
-9.225517 26.675661 1.723426 0.000000
-9.225020 26.936867 1.887773 0.000000
-9.225383 26.581950 1.390472 0.000000
-9.224799 26.847528 1.567837 0.000000
-9.224331 27.104400 1.736710 0.000000
-9.224320 26.892539 1.260719 0.000000
-9.223693 27.269363 1.587500 0.000000
-9.221854 26.655013 0.829819 0.000000
-9.224062 26.925968 1.076480 0.000000
-9.224032 27.028961 1.352647 0.000000
-9.224934 26.676613 0.763898 0.000000
-9.223710 27.016641 0.960520 0.000000
-9.219273 27.232132 1.164313 0.000000
-8.358557 26.720193 2.358303 0.000000
-9.222364 27.732567 1.393658 0.000000
-9.223467 27.250228 1.391763 0.000000
-9.218561 27.303358 0.793503 0.000000
-9.225868 26.659480 1.919387 0.000000
-8.869060 26.681573 2.359504 0.000000
-9.226078 26.859487 2.340233 0.000000
-9.226290 26.500777 1.881260 0.000000
-9.224662 27.102805 1.938778 0.000000
-2.799655 28.777922 0.375374 0.000000
-8.496903 28.052748 -0.002181 0.000000
-6.283234 28.271271 0.002474 0.000000
9.221192 27.902260 0.356741 0.000000
9.169762 27.645738 0.000716 0.000000
5.617875 27.796781 0.002939 0.000000
9.221271 27.849198 0.416922 0.000000
9.220887 27.795308 0.385981 0.000000
9.224680 27.540848 0.183941 0.000000
9.221159 27.951281 0.709023 0.000000
9.221610 27.573206 0.586866 0.000000
9.224238 27.293120 0.377427 0.000000
9.221577 27.762969 0.973157 0.000000
9.221954 27.495506 0.745294 0.000000
9.221990 27.588141 1.134508 0.000000
9.222890 27.234948 1.372766 0.000000
9.223227 27.329052 1.827018 0.000000
4.582303 28.999784 0.007812 0.000000
5.362482 28.687388 0.028550 0.000000
9.221863 27.718411 1.262429 0.000000
9.221584 27.672503 0.581263 0.000000
9.221443 27.895215 1.095604 0.000000
9.221250 28.131778 1.275695 0.000000
9.221648 27.958802 1.435980 0.000000
9.222612 27.606421 1.761886 0.000000
9.222341 27.539825 1.430697 0.000000
9.222671 27.505879 1.665519 0.000000
5.172829 28.580570 0.005000 0.000000
4.801112 28.624466 0.436088 0.000000
9.221083 28.070458 0.929987 0.000000
9.223089 27.866752 0.062765 0.000000
4.019071 28.292187 0.008999 0.000000
3.010494 28.250768 0.010747 0.000000
7.961650 28.187357 0.005616 0.000000
5.124645 28.151948 0.006601 0.000000
3.674745 28.135192 0.008313 0.000000
6.961412 27.917527 0.003717 0.000000
4.639064 27.966346 0.005581 0.000000
6.182465 27.694723 0.002250 0.000000
9.223776 27.593886 0.233842 0.000000
9.221688 27.641775 0.656596 0.000000
9.222113 27.397815 0.783764 0.000000
-9.225377 26.938129 2.093335 0.000000
-9.224335 27.363792 2.111578 0.000000
-7.911241 26.947115 2.356877 0.000000
-9.227388 26.419041 2.351903 0.000000
-8.526136 26.910781 2.358481 0.000000
-7.795956 28.116309 -0.000245 0.000000
-5.908382 28.304945 0.003705 0.000000
-4.280744 28.636799 0.009760 0.000000
-9.222298 27.829329 1.469578 0.000000
-9.221631 27.560205 0.358738 0.000000
-5.139573 30.427803 0.008996 0.000000
-6.398239 30.442022 0.001320 0.000000
-8.417572 31.470249 0.028966 0.000000
-5.078304 30.247032 0.011414 0.000000
-6.435611 30.934056 0.025021 0.000000
-4.200767 29.873217 0.013917 0.000000
-3.672649 29.837465 0.014070 0.000000
-4.200014 30.014415 0.034712 0.000000
-9.220345 30.851435 0.187578 0.000000
-9.218672 31.072602 0.772629 0.000000
-9.220341 31.186779 0.370853 0.000000
-6.120562 30.106639 0.023019 0.000000
-8.126175 30.621402 0.014831 0.000000
-4.831463 29.732567 0.008748 0.000000
-6.137319 30.213104 0.012635 0.000000
-8.142116 31.069599 0.027691 0.000000
-7.515752 28.774166 2.353774 0.000000
-8.173032 28.284010 2.356197 0.000000
-7.803844 28.823844 2.354680 0.000000
-8.711318 28.531673 2.357460 0.000000
-5.486525 27.970429 2.345883 0.000000
-5.622562 27.755038 2.347027 0.000000
-5.766310 28.180345 2.346997 0.000000
-5.937459 27.767699 2.348554 0.000000
-5.965398 27.920243 2.348420 0.000000
-6.637749 28.486653 2.350683 0.000000
-4.387894 27.711559 2.339633 0.000000
-4.598175 27.718129 2.341073 0.000000
-4.772488 27.497899 2.342896 0.000000
-4.824260 27.725617 2.342532 0.000000
-4.191627 27.705807 2.338213 0.000000
6.522618 28.453940 2.353632 0.000000
8.688511 29.439525 2.359044 0.000000
8.002593 29.294174 2.357498 0.000000
7.405423 29.168765 2.355950 0.000000
4.018856 27.933647 2.342395 0.000000
3.663022 28.102048 2.339474 0.000000
3.857813 28.124984 2.340822 0.000000
4.890244 27.856289 2.347551 0.000000
4.499686 27.973648 2.345229 0.000000
7.042027 31.188706 0.032731 0.000000
5.548120 30.561924 0.027679 0.000000
-5.840316 27.202362 2.349254 0.000000
-6.169306 27.393380 2.350290 0.000000
-6.550558 27.339838 2.351919 0.000000
9.220167 28.852153 0.492932 0.000000
6.787750 28.358771 0.007519 0.000000
9.223796 27.245623 2.094778 0.000000
9.223174 27.427854 1.926736 0.000000
9.222877 27.359189 1.600607 0.000000
9.222168 27.680508 1.505529 0.000000
-6.502291 27.402853 2.351626 0.000000
9.222382 27.316697 0.910358 0.000000
6.996594 30.199964 0.023976 0.000000
5.392990 27.956170 2.349747 0.000000
6.139873 27.782711 2.352983 0.000000
9.220019 29.247703 0.495634 0.000000
7.141211 29.668454 0.005145 0.000000
8.432447 30.201551 0.023798 0.000000
5.052323 29.541971 0.007149 0.000000
8.099622 28.242579 2.358333 0.000000
8.833238 28.027909 2.360133 0.000000
9.222809 27.923898 2.215874 0.000000
7.510868 28.179121 2.356880 0.000000
8.801386 27.623211 2.360372 0.000000
9.201841 27.550063 2.361204 0.000000
9.007926 27.429317 2.360931 0.000000
6.567899 28.155023 2.354068 0.000000
6.977988 27.847102 2.355687 0.000000
7.415095 27.778214 2.356995 0.000000
6.131122 27.816631 2.352922 0.000000
6.425470 27.735985 2.354055 0.000000
5.785491 27.868537 2.351529 0.000000
9.221746 28.674787 2.082865 0.000000
9.222171 28.512482 2.246785 0.000000
-7.955792 27.313815 2.356548 0.000000
-7.008845 27.178779 2.353826 0.000000
-6.966387 27.331823 2.353448 0.000000
-6.864744 27.413299 2.352966 0.000000
-7.664664 26.896972 2.356263 0.000000
-7.452629 27.171967 2.355261 0.000000
-7.394991 27.221724 2.355008 0.000000
-7.267937 27.424887 2.354332 0.000000
-8.093042 26.887762 2.357433 0.000000
-7.814548 27.144931 2.356358 0.000000
-7.688200 27.671644 2.355343 0.000000
-8.850402 26.827422 2.359318 0.000000
-8.551988 27.303540 2.358117 0.000000
-8.212275 27.452362 2.357092 0.000000
-9.225340 27.069130 2.256859 0.000000
-9.225019 27.204692 2.262885 0.000000
-8.801899 27.406017 2.358610 0.000000
-8.777249 27.723735 2.358249 0.000000
-2.799867 28.974918 0.228303 0.000000
-3.321381 29.349023 -0.011369 0.000000
-4.173853 29.551928 -0.022479 0.000000
-2.435691 29.005041 -0.001877 0.000000
-9.220706 29.068215 1.389339 0.000000
-8.985302 28.109636 2.358434 0.000000
-9.036445 27.444771 2.359105 0.000000
-8.299515 27.750538 2.357013 0.000000
-7.651259 27.945223 2.354937 0.000000
-9.084564 27.837439 2.358882 0.000000
-8.391237 28.007075 2.357023 0.000000
-9.223700 27.520523 1.962193 0.000000
-4.224127 27.595374 2.338882 0.000000
-5.412524 27.676397 2.346103 0.000000
-6.901427 27.171860 2.353471 0.000000
-6.015854 27.565292 2.349302 0.000000
-7.332353 27.159215 2.354906 0.000000
-6.101878 27.767994 2.349309 0.000000
-5.927521 27.422153 2.349183 0.000000
-6.418013 27.795067 2.350641 0.000000
-8.505927 27.156156 2.358161 0.000000
-7.351038 27.610311 2.354351 0.000000
-9.144035 27.146726 2.359636 0.000000
-8.465892 27.501812 2.357692 0.000000
-7.962079 27.666839 2.356171 0.000000
-7.376113 27.916570 2.354071 0.000000
-4.986937 27.509297 2.344146 0.000000
-4.414882 27.597961 2.340225 0.000000
-4.796335 27.230981 2.343886 0.000000
-5.028390 27.224780 2.345203 0.000000
-5.435523 27.000709 2.347893 0.000000
-5.276749 27.218039 2.346530 0.000000
-5.081062 27.430368 2.344905 0.000000
-6.023390 26.976813 2.350530 0.000000
-5.619148 27.200678 2.348249 0.000000
-5.462081 27.534923 2.346691 0.000000
-5.216841 27.521603 2.345415 0.000000
-6.513631 27.183125 2.352051 0.000000
-6.443678 26.867534 2.352380 0.000000
-6.358563 26.962816 2.351877 0.000000
-7.408116 26.697299 2.355825 0.000000
-6.845643 26.836810 2.353840 0.000000
-7.804646 26.632847 2.357023 0.000000
-7.584750 26.910149 2.356016 0.000000
-9.227995 26.140796 2.204618 0.000000
-8.588814 26.469492 2.359143 0.000000
-9.223779 27.031084 1.063184 0.000000
-9.223112 27.430815 1.441070 0.000000
-9.218608 27.408353 1.140108 0.000000
-9.228013 26.034511 2.013480 0.000000
-9.227116 26.322584 2.041568 0.000000
-9.227134 26.218556 1.846556 0.000000
-9.226549 26.594434 2.195169 0.000000
-9.006008 26.967576 2.359524 0.000000
-9.226928 26.225978 1.713063 0.000000
-9.226127 26.405593 1.550562 0.000000
7.504902 29.481982 0.004996 0.000000
9.220033 29.644852 0.368312 0.000000
4.800359 28.966050 0.421721 0.000000
8.132662 29.800136 0.004508 0.000000
9.222493 27.908621 2.017463 0.000000
9.221722 27.851891 1.348037 0.000000
9.223559 27.052682 1.625332 0.000000
9.223330 27.706942 2.317926 0.000000
9.223578 27.425432 2.177155 0.000000
9.224209 27.248116 2.337871 0.000000
8.598673 27.467959 2.410141 0.000000
9.221221 27.936133 0.812803 0.000000
8.805804 27.161789 2.433809 0.000000
7.960999 27.400381 2.406838 0.000000
-3.521244 27.689360 2.332769 0.000000
-3.767955 27.766605 2.334545 0.000000
-3.940131 27.400531 2.337625 0.000000
-3.927912 27.776224 2.335849 0.000000
-6.569211 28.626097 2.350259 0.000000
-8.040129 28.612654 2.355557 0.000000
-6.892199 28.614069 2.351618 0.000000
-8.698461 28.658903 2.357352 0.000000
-7.207709 28.927534 2.352567 0.000000
-7.078793 28.702434 2.352259 0.000000
-7.675217 29.021226 2.354140 0.000000
-6.471163 28.047488 2.350519 0.000000
-5.708768 28.268958 2.346558 0.000000
-5.356058 28.204969 2.344694 0.000000
-6.011666 28.531446 2.347769 0.000000
-8.346938 28.593916 2.356446 0.000000
-3.337739 27.742449 2.330778 0.000000
6.345276 31.467323 -0.006189 0.000000
4.847478 30.689910 -0.000764 0.000000
6.511384 31.231656 -0.002405 0.000000
3.962228 30.779681 -0.013642 0.000000
5.035226 31.505002 -0.011314 0.000000
6.559689 32.194446 -0.015234 0.000000
6.369465 31.783122 -0.010372 0.000000
8.419211 29.703195 2.358347 0.000000
5.211178 30.502979 0.002956 0.000000
4.988322 29.642504 0.007177 0.000000
6.683555 30.040575 0.014222 0.000000
4.926701 27.694035 2.348026 0.000000
4.768365 27.996413 2.346660 0.000000
5.053015 27.985360 2.348120 0.000000
6.990113 28.513539 2.355117 0.000000
6.818429 28.343133 2.354700 0.000000
7.058582 28.199557 2.355587 0.000000
7.097424 27.867241 2.356015 0.000000
6.585727 27.840237 2.354463 0.000000
6.049174 28.280257 2.352059 0.000000
7.678201 27.898420 2.357577 0.000000
5.726874 27.796071 2.351406 0.000000
5.406130 27.845787 2.349979 0.000000
5.359719 27.777729 2.349892 0.000000
8.971842 28.376433 2.360184 0.000000
9.043648 28.019266 2.462716 0.000000
8.004078 28.583188 2.357885 0.000000
8.304969 28.010523 2.400919 0.000000
7.516892 28.581091 2.356610 0.000000
7.406732 28.346412 2.356477 0.000000
-2.664178 29.637590 -0.009082 0.000000
-9.220750 30.552988 1.126002 0.000000
-9.222296 30.600359 0.219193 0.000000
-9.218905 30.737673 0.559204 0.000000
-9.222141 30.793416 0.602721 0.000000
-9.221321 30.696714 0.977848 0.000000
-9.009810 30.911503 -0.065443 0.000000
-9.220523 29.635852 1.276383 0.000000
-5.777476 30.402026 -0.043315 0.000000
-9.222381 31.666102 -0.065183 0.000000
-5.444197 30.467634 -0.041385 0.000000
-3.442561 29.821643 -0.005523 0.000000
-4.548480 30.244336 -0.032494 0.000000
-3.912745 30.085835 -0.025754 0.000000
-9.222627 30.987306 0.682053 0.000000
-6.616208 30.370261 -0.046421 0.000000
-5.246738 30.060705 -0.034857 0.000000
-8.009712 30.906551 -0.060581 0.000000
-7.351696 30.925471 -0.057612 0.000000
-2.801482 28.866132 -0.005762 0.000000
-9.221787 26.821319 0.674295 0.000000
-9.222919 27.153998 0.405360 0.000000
-9.222638 27.462059 0.094119 0.000000
-9.227783 26.042780 1.878215 0.000000
-9.228526 26.006392 1.404664 0.000000
-9.224646 26.359237 1.200320 0.000000
-8.144981 27.760762 -0.020169 0.000000
-9.224182 26.522705 1.037738 0.000000
-3.388791 28.617302 -0.003509 0.000000
-9.219172 28.018559 -0.019519 0.000000
-6.883034 28.266444 -0.020764 0.000000
-4.151500 28.357105 -0.005687 0.000000
-3.589536 28.439751 -0.002638 0.000000
-3.846148 28.531136 -0.014767 0.000000
-7.755652 26.553933 2.356983 0.000000
-8.371612 26.581718 2.358515 0.000000
-8.804663 26.540262 2.359547 0.000000
-2.392235 29.106051 -0.002216 0.000000
-7.014018 26.616390 2.354763 0.000000
-7.290340 26.802658 2.355307 0.000000
-8.079572 26.769373 2.357536 0.000000
-7.660923 27.336323 2.355665 0.000000
-8.709055 26.719950 2.359107 0.000000
-8.358303 27.128690 2.357825 0.000000
-8.184837 27.330558 2.357143 0.000000
-9.226150 26.769371 2.251361 0.000000
-8.976882 27.110070 2.359306 0.000000
-8.779508 27.323984 2.358634 0.000000
-5.919890 27.195861 2.349618 0.000000
-6.159883 27.193295 2.350638 0.000000
-9.224140 27.015393 1.415352 0.000000
-9.223998 27.264905 1.786277 0.000000
9.223468 27.051028 1.542180 0.000000
9.007962 27.152188 2.469744 0.000000
9.222456 27.412713 1.295856 0.000000
9.222868 27.135858 1.076694 0.000000
9.222979 27.233879 1.459785 0.000000
6.112470 28.408548 0.035097 0.000000
4.783097 28.464646 0.029877 0.000000
8.788509 28.195707 0.048323 0.000000
4.328108 28.933879 0.035752 0.000000
3.456932 28.335389 0.000099 0.000000
6.316217 28.328567 0.036962 0.000000
9.097675 28.079924 0.051209 0.000000
5.594870 28.102825 0.037632 0.000000
7.809076 27.799875 0.050078 0.000000
9.223830 27.151119 1.988988 0.000000
9.223087 27.141373 1.322907 0.000000
9.223799 27.117935 0.541395 0.000000
-3.683193 28.601410 -0.004876 0.000000
-8.665511 28.119029 -0.026672 0.000000
6.840966 28.415446 0.054938 0.000000
4.587139 28.350779 0.030907 0.000000
6.183013 28.113309 0.053522 0.000000
9.222558 27.322935 1.154686 0.000000
4.109985 28.175549 0.032053 0.000000
8.509365 27.901792 0.051385 0.000000
5.267864 27.984089 0.038217 0.000000
9.222492 27.759765 0.064885 0.000000
7.202332 27.662580 0.049689 0.000000
9.221063 27.217098 0.087905 0.000000
9.225006 27.365794 0.573021 0.000000
9.221813 27.050933 0.256871 0.000000
9.221724 27.696537 1.019110 0.000000
9.222083 27.503646 0.986776 0.000000
-8.045841 26.240812 2.358185 0.000000
-8.679137 26.279063 2.359560 0.000000
-9.227527 26.307466 2.243539 0.000000
-9.227287 26.116864 1.753431 0.000000
-9.222371 26.139865 1.307870 0.000000
-9.226466 26.298463 1.590270 0.000000
-9.223963 26.975803 0.348054 0.000000
-9.223779 27.130630 0.191726 0.000000
-7.337302 27.658591 -0.014561 0.000000
-5.678734 27.961101 -0.009759 0.000000
-8.541339 27.858586 -0.023559 0.000000
-4.651134 28.147600 -0.006116 0.000000
-9.221975 26.486386 0.986918 0.000000
-9.225806 26.586606 1.773649 0.000000
-9.225763 26.177610 1.144991 0.000000
-9.224990 26.720254 1.418042 0.000000
-9.224424 26.999120 1.605069 0.000000
-9.223155 26.381441 0.980633 0.000000
-6.387434 28.139929 -0.016280 0.000000
-9.224612 26.761163 1.161432 0.000000
-9.223742 26.993556 0.960078 0.000000
-9.222648 27.343542 0.833310 0.000000
-3.951785 28.273763 -0.003078 0.000000
-5.124551 28.303940 -0.011301 0.000000
-3.444523 28.364605 -0.000397 0.000000
-3.703408 28.486493 -0.004199 0.000000
-4.696042 28.569122 -0.012368 0.000000
-3.263866 28.542095 -0.001354 0.000000
-8.094847 34.651858 2.328987 0.000000
9.236005 33.942933 0.329126 0.000000
7.815618 30.952704 2.326143 0.000000
-7.571252 31.322029 2.356774 0.000000
-4.156455 31.376163 -0.005449 0.000000
-7.952897 30.826483 2.365724 0.000000
-8.532651 31.398736 2.357121 0.000000
-9.054044 31.699638 2.358836 0.000000
-8.201448 31.499662 2.362446 0.000000
-7.106504 30.398065 2.389366 0.000000
-6.646331 30.004887 2.349945 0.000000
-5.303135 29.803244 2.342916 0.000000
-7.520658 30.565107 2.394533 0.000000
-8.147582 30.620487 2.351327 0.000000
-4.492545 30.873032 -0.041803 0.000000
-9.235373 32.709421 -0.017273 0.000000
-6.823990 31.762722 -0.066318 0.000000
-8.641949 30.778310 2.370347 0.000000
-6.547394 29.563210 2.349589 0.000000
-9.233820 32.436939 -0.010023 0.000000
-6.840405 31.577904 -0.063892 0.000000
-2.780859 27.969887 2.323385 0.000000
-2.902032 27.850114 2.325639 0.000000
-2.577220 27.956146 2.321082 0.000000
-7.026600 31.555664 2.353706 0.000000
-8.498468 32.628868 2.275015 0.000000
-8.549032 33.475226 2.265497 0.000000
-9.172258 33.864904 2.348981 0.000000
-8.961150 34.242789 2.255933 0.000000
-9.175043 33.555883 2.322661 0.000000
-7.795850 32.616884 2.276456 0.000000
-8.059292 33.039126 2.271394 0.000000
-5.770304 33.918335 -0.083418 0.000000
-7.438108 35.348780 -0.108692 0.000000
-7.556929 35.652734 -0.021197 0.000000
-7.017496 35.336904 -0.106710 0.000000
-9.256754 35.410194 0.693839 0.000000
-9.061457 35.675370 0.554420 0.000000
-5.485264 33.942139 -0.082424 0.000000
-1.228101 28.353175 1.676406 0.000000
-1.203556 28.348747 1.914183 0.000000
-1.225570 28.344411 2.146983 0.000000
-1.219440 28.363415 1.212477 0.000000
6.390806 31.235699 2.348113 0.000000
8.804190 33.658028 2.335729 0.000000
9.063775 32.852490 2.346341 0.000000
-5.804016 31.681703 2.391581 0.000000
-6.118834 31.967627 2.323264 0.000000
-6.391944 32.222887 2.323286 0.000000
-6.932718 33.042499 2.286774 0.000000
-8.876784 34.620292 2.342680 0.000000
8.000606 32.854640 2.337063 0.000000
9.070477 33.187093 2.337150 0.000000
-2.984496 27.680594 2.327727 0.000000
-3.109001 27.682224 2.328949 0.000000
-2.751599 27.678263 2.325365 0.000000
-3.508638 30.557553 0.031598 0.000000
-5.230127 30.945741 0.008839 0.000000
-6.753379 31.655228 -0.000766 0.000000
-5.331327 31.110502 0.024504 0.000000
-4.512339 30.747172 0.000394 0.000000
-4.709224 31.043127 0.001997 0.000000
-4.395092 30.301147 0.010001 0.000000
-8.037601 29.354564 2.355121 0.000000
-8.001144 29.785007 2.354867 0.000000
-8.689595 29.587697 2.356885 0.000000
-8.640072 29.979065 2.356636 0.000000
-9.122891 30.232826 2.357795 0.000000
-8.965480 31.801167 -0.000692 0.000000
-6.553067 31.022730 0.001691 0.000000
-6.577157 31.299733 0.000609 0.000000
-9.077873 32.598342 -0.003636 0.000000
-9.217438 30.778037 1.024834 0.000000
3.804020 27.916160 2.341005 0.000000
4.250028 27.952731 2.343804 0.000000
3.417529 27.885417 2.338291 0.000000
3.603650 27.900097 2.339633 0.000000
3.241474 27.871751 2.336959 0.000000
9.009817 29.105170 2.359868 0.000000
6.186824 28.961013 2.352010 0.000000
6.131921 31.624886 -0.011502 0.000000
6.069755 31.802949 -0.012104 0.000000
3.699198 30.670850 -0.003052 0.000000
4.618356 31.186546 -0.007206 0.000000
8.511486 30.367347 2.332939 0.000000
8.939642 30.182163 2.345593 0.000000
8.578557 30.712945 2.340103 0.000000
9.021155 30.528913 2.311434 0.000000
6.159982 32.030317 -0.013126 0.000000
8.896009 31.101959 -0.013496 0.000000
5.935793 27.739893 2.352285 0.000000
6.377602 27.232139 2.354554 0.000000
5.537627 27.419699 2.351231 0.000000
4.723107 27.746928 2.346910 0.000000
6.818588 27.422133 2.355666 0.000000
9.220127 29.725961 0.044630 0.000000
5.719645 29.899970 -0.005611 0.000000
8.042968 30.317547 -0.009680 0.000000
6.783530 29.887834 -0.006278 0.000000
4.496918 29.560096 -0.007464 0.000000
5.915781 29.568413 -0.003669 0.000000
8.384322 29.801117 -0.008472 0.000000
5.357311 29.364459 -0.018152 0.000000
8.533344 28.280179 2.359326 0.000000
7.929051 28.175146 2.357985 0.000000
8.777976 27.978980 2.360059 0.000000
7.239240 28.136028 2.356179 0.000000
7.823368 27.997396 2.357851 0.000000
8.658712 27.426000 2.360219 0.000000
7.297004 27.652512 2.356786 0.000000
8.163967 27.443022 2.359160 0.000000
8.780135 27.244551 2.360618 0.000000
6.204379 27.894170 2.353082 0.000000
6.808084 27.625246 2.355400 0.000000
7.354210 27.423224 2.357174 0.000000
8.109890 27.030855 2.359438 0.000000
5.809688 27.801713 2.351714 0.000000
6.370397 27.600827 2.354028 0.000000
5.142140 30.427940 -0.016980 0.000000
6.914190 31.132807 -0.031915 0.000000
4.348186 30.291780 -0.016689 0.000000
5.531406 30.522204 -0.006223 0.000000
9.142539 31.977982 -0.016751 0.000000
6.131155 30.454246 -0.009585 0.000000
4.791302 30.611022 -0.005064 0.000000
6.340667 31.097759 -0.009669 0.000000
-4.045193 27.593106 2.337559 0.000000
-3.716875 27.589405 2.334971 0.000000
-3.848024 27.254796 2.337652 0.000000
-4.191475 27.246508 2.340075 0.000000
-6.891844 27.601448 2.352777 0.000000
-6.869677 28.259294 2.351881 0.000000
-7.287826 28.309676 2.353378 0.000000
-7.992259 27.946145 2.355970 0.000000
-7.713352 28.570234 2.354585 0.000000
-8.209888 28.650572 2.356037 0.000000
-9.223271 28.199219 2.353733 0.000000
-5.338498 29.657764 0.007890 0.000000
-6.886036 30.258899 0.006107 0.000000
-7.106884 30.577543 0.005050 0.000000
-9.223012 30.734391 0.072319 0.000000
-7.495477 30.970194 0.003802 0.000000
-5.925881 30.433880 0.011313 0.000000
-4.982419 30.227512 0.015176 0.000000
-9.218894 30.548333 0.475422 0.000000
-9.220043 30.438007 0.065877 0.000000
-6.877984 29.824128 0.005933 0.000000
-8.087361 34.935742 2.271685 0.000000
-6.754566 33.349010 2.380741 0.000000
-6.453095 32.951396 2.288616 0.000000
-7.664532 33.324939 2.382574 0.000000
-8.239537 33.601067 2.362215 0.000000
-7.580949 33.707925 2.345349 0.000000
8.593226 32.189046 2.339111 0.000000
-2.388757 27.944775 2.318896 0.000000
-2.189481 27.828090 2.317705 0.000000
-9.196090 33.512882 -0.007025 0.000000
-6.673520 32.251058 -0.003124 0.000000
-8.271290 32.847473 2.386088 0.000000
-6.763503 31.104424 2.353528 0.000000
-8.100111 32.454051 2.349801 0.000000
-8.892430 32.719619 2.367761 0.000000
-9.253443 35.645131 0.804555 0.000000
-9.256890 35.569705 0.487675 0.000000
-9.227050 35.526454 0.182186 0.000000
-9.183912 35.676390 0.226649 0.000000
-9.102412 35.640278 -0.008016 0.000000
-6.460085 30.912668 2.352401 0.000000
-7.684104 35.173035 -0.014132 0.000000
7.432511 27.219002 2.357609 0.000000
8.128003 26.994862 2.359500 0.000000
6.573024 27.510880 2.354815 0.000000
6.831807 27.231022 2.355949 0.000000
6.103640 27.504928 2.353247 0.000000
6.402945 27.238566 2.354626 0.000000
5.684422 27.500003 2.351693 0.000000
5.026750 27.761445 2.348394 0.000000
4.657317 27.489946 2.347136 0.000000
8.040228 27.658167 2.358662 0.000000
8.913477 27.304750 2.360855 0.000000
9.224469 27.062111 2.263767 0.000000
8.054509 27.207072 2.359124 0.000000
8.873096 26.968207 2.361051 0.000000
5.247350 29.747173 -0.014614 0.000000
3.639557 29.537645 -0.002871 0.000000
2.976647 29.276165 -0.003094 0.000000
7.127920 29.998731 -0.022615 0.000000
3.590195 29.211313 -0.006200 0.000000
4.209315 29.375447 -0.008690 0.000000
8.959679 29.892329 -0.007819 0.000000
5.483918 29.385647 -0.014113 0.000000
3.828334 29.196340 -0.009177 0.000000
7.611026 29.520887 -0.022440 0.000000
4.847092 29.144715 -0.015829 0.000000
4.073051 29.447727 -0.006778 0.000000
-3.569527 29.259816 0.012372 0.000000
-8.730060 30.921131 0.018873 0.000000
-6.084224 29.899554 0.006735 0.000000
-8.309611 30.500318 0.019544 0.000000
-4.134104 29.523197 0.010465 0.000000
-6.315506 30.136104 0.016747 0.000000
-6.657466 30.540342 0.041254 0.000000
-9.220106 30.485495 0.241838 0.000000
-4.380373 27.241766 2.341326 0.000000
-4.582044 27.236587 2.342600 0.000000
-3.689958 27.258453 2.336472 0.000000
-7.508072 27.409419 2.355124 0.000000
-6.283656 27.782187 2.350095 0.000000
-6.635634 27.416111 2.352123 0.000000
-6.669355 27.798963 2.351660 0.000000
-7.166831 27.401921 2.354037 0.000000
-7.006197 27.645641 2.353139 0.000000
-6.330726 27.582703 2.350636 0.000000
-7.456278 27.655460 2.354649 0.000000
-8.121832 27.866588 2.356415 0.000000
-8.743410 27.897183 2.358022 0.000000
-5.547788 27.210551 2.347888 0.000000
-5.728967 27.549449 2.347994 0.000000
-9.229186 25.810527 2.241694 0.000000
-8.799332 26.417570 2.359659 0.000000
-9.230716 25.756553 1.983117 0.000000
-9.228695 25.855686 2.046311 0.000000
-9.226366 25.857687 1.696497 0.000000
-9.231915 25.576033 2.156367 0.000000
-7.878196 25.895721 2.358288 0.000000
-5.990924 26.588635 2.351281 0.000000
-6.455210 26.364543 2.353437 0.000000
-6.359757 26.542419 2.352737 0.000000
-6.878704 26.304222 2.354906 0.000000
-6.772000 26.490639 2.354224 0.000000
-7.545246 26.164762 2.357024 0.000000
-7.029089 26.512746 2.354978 0.000000
-9.016399 25.275222 2.391912 0.000000
-8.512093 25.780182 2.359866 0.000000
-7.883425 26.160162 2.357896 0.000000
-7.478527 26.573313 2.356209 0.000000
-9.233175 25.391597 2.332937 0.000000
-9.171462 25.613040 2.361360 0.000000
-8.491677 26.072464 2.359426 0.000000
-8.189513 26.591198 2.358063 0.000000
-8.420815 27.733629 0.027907 0.000000
-6.258252 28.078743 0.022898 0.000000
-5.003753 28.277969 0.020726 0.000000
-5.731502 26.466915 2.350573 0.000000
-4.412143 28.466752 0.007833 0.000000
9.224121 26.990800 1.946380 0.000000
9.224978 26.725264 2.092445 0.000000
9.225767 27.196479 0.744187 0.000000
9.222623 26.883561 0.426431 0.000000
9.229562 26.915644 0.918074 0.000000
9.223495 26.714742 0.596772 0.000000
9.223412 26.952715 1.244500 0.000000
9.231173 26.741888 1.091709 0.000000
9.224013 26.767019 1.414020 0.000000
-6.065450 26.784234 2.351122 0.000000
-5.179828 26.963059 2.346765 0.000000
-5.573447 26.747874 2.349186 0.000000
-5.454420 26.942498 2.348136 0.000000
-5.397379 26.817722 2.348221 0.000000
-5.654054 26.630674 2.349834 0.000000
-5.716999 26.989373 2.349202 0.000000
-5.663579 27.015522 2.348901 0.000000
-6.076791 26.418206 2.351999 0.000000
-6.576163 26.433468 2.353706 0.000000
-6.597896 26.654736 2.353337 0.000000
-6.248603 27.190647 2.351004 0.000000
-6.877713 26.700882 2.354183 0.000000
-6.727106 26.947203 2.353243 0.000000
-6.609763 27.184975 2.352407 0.000000
-7.495057 26.313243 2.356669 0.000000
-4.784198 26.817798 2.345223 0.000000
-4.924701 26.982053 2.345405 0.000000
-7.361380 26.651372 2.355752 0.000000
-7.134729 26.929690 2.354627 0.000000
-8.462332 26.641197 2.358641 0.000000
-9.004041 26.670133 2.359821 0.000000
-8.662665 26.862480 2.358855 0.000000
4.139146 28.893196 -0.004921 0.000000
4.451298 29.119287 -0.009864 0.000000
3.362528 28.910432 -0.001276 0.000000
3.887446 28.700661 -0.003145 0.000000
4.793468 28.653227 -0.006875 0.000000
3.589031 28.536061 -0.001187 0.000000
9.223673 26.957419 1.492844 0.000000
8.142285 28.032059 -0.016463 0.000000
6.391642 28.544322 -0.012402 0.000000
4.396152 28.463370 -0.004630 0.000000
4.799785 28.599057 0.290032 0.000000
9.219310 28.290788 -0.003960 0.000000
5.751099 28.307928 -0.009391 0.000000
9.223937 26.792588 1.397156 0.000000
9.224318 26.770794 1.664724 0.000000
9.224491 26.969198 2.154119 0.000000
9.079988 26.812224 2.361590 0.000000
8.230967 26.875732 2.359861 0.000000
7.677586 26.876134 2.358612 0.000000
-8.602294 32.763266 0.011233 0.000000
-6.386833 31.739074 0.018414 0.000000
-8.607201 33.164452 0.009635 0.000000
6.675612 30.910414 2.382755 0.000000
8.485960 31.516225 2.330483 0.000000
1.637831 28.115991 2.318819 0.000000
1.212460 28.336154 2.196217 0.000000
-7.589724 28.854558 2.353955 0.000000
-8.005788 28.855526 2.355293 0.000000
-8.653608 28.967404 2.357064 0.000000
-8.490469 29.339614 2.356430 0.000000
9.220523 30.864607 -0.011208 0.000000
8.037470 30.917497 -0.029351 0.000000
4.884728 30.055755 -0.014405 0.000000
4.728994 30.456523 -0.015445 0.000000
6.274268 30.891275 -0.023129 0.000000
4.033736 30.063820 -0.007940 0.000000
9.060200 31.675258 -0.035705 0.000000
3.589067 29.925976 -0.000284 0.000000
6.977953 30.892730 -0.025629 0.000000
5.720254 30.420236 -0.016376 0.000000
3.846627 29.856582 -0.009025 0.000000
9.082325 29.450248 2.359867 0.000000
8.742152 29.054888 2.359308 0.000000
8.070132 28.946278 2.357816 0.000000
8.870907 28.949775 2.359654 0.000000
7.543272 28.896883 2.356484 0.000000
4.446758 27.734037 2.345455 0.000000
9.041009 28.426042 2.360293 0.000000
6.983268 28.798402 2.354892 0.000000
8.344075 28.592359 2.358694 0.000000
7.613516 28.250417 2.357115 0.000000
4.190372 27.722355 2.344006 0.000000
3.075780 27.859086 2.335647 0.000000
5.062417 31.207731 -0.019948 0.000000
5.230091 31.104372 -0.020149 0.000000
4.997862 31.330753 -0.020226 0.000000
6.682235 32.031636 -0.025465 0.000000
1.204180 28.341545 1.659783 0.000000
-4.100763 29.206294 0.807632 0.000000
-9.226491 30.479056 0.873131 0.000000
-3.845898 30.207535 0.011107 0.000000
-4.697732 30.960481 0.035609 0.000000
-6.803797 31.319068 0.026254 0.000000
-5.353431 30.578946 0.008713 0.000000
-6.774273 31.067521 0.013867 0.000000
-5.222699 30.605889 0.023166 0.000000
-4.579504 30.269045 0.009154 0.000000
-5.502591 30.913049 0.023955 0.000000
-7.095834 31.762539 0.011720 0.000000
-4.404337 30.541071 0.010246 0.000000
-5.662838 31.061740 0.039127 0.000000
4.518928 31.045972 -0.011395 0.000000
5.908026 31.594657 -0.017567 0.000000
4.576773 30.845763 -0.010952 0.000000
6.079421 31.378136 -0.017437 0.000000
1.200101 28.343797 1.435496 0.000000
8.702910 29.823203 2.358940 0.000000
6.604138 28.118096 2.354210 0.000000
6.350038 28.033317 2.353451 0.000000
3.953299 27.711838 2.342575 0.000000
4.204440 27.777659 2.343942 0.000000
7.938862 31.595745 -0.027648 0.000000
4.559872 30.579250 -0.012701 0.000000
5.832524 30.962080 -0.018677 0.000000
4.444302 30.335173 -0.011341 0.000000
5.669432 30.620957 -0.023966 0.000000
4.476341 30.030260 -0.002995 0.000000
3.467829 29.720631 -0.010274 0.000000
7.856889 31.227392 -0.026141 0.000000
4.594035 29.990257 -0.011667 0.000000
7.984994 30.926607 -0.025517 0.000000
5.840256 30.200527 -0.002601 0.000000
3.706535 30.322466 -0.008235 0.000000
8.390143 30.680836 -0.025937 0.000000
-8.226763 31.634476 0.014146 0.000000
-6.181712 30.959120 0.012781 0.000000
-7.806188 31.672927 0.013283 0.000000
-8.884577 31.624992 0.015385 0.000000
-8.413683 29.004099 2.356375 0.000000
-9.108018 29.310063 2.358014 0.000000
8.960554 32.181590 2.305819 0.000000
8.678644 31.271381 2.330926 0.000000
8.006999 30.932830 2.331757 0.000000
-8.181176 31.980742 2.358989 0.000000
-8.682688 32.335331 2.360560 0.000000
-7.114855 34.057216 0.004945 0.000000
-9.228938 35.486091 0.365766 0.000000
-5.504652 32.861297 0.009021 0.000000
-8.468650 35.267535 0.004067 0.000000
-6.233158 33.587120 0.004728 0.000000
-6.944904 32.416906 0.009574 0.000000
-3.787845 30.880750 0.018949 0.000000
-9.017595 32.956158 0.011841 0.000000
-6.464672 31.934984 0.018973 0.000000
-5.220441 31.269687 0.010534 0.000000
-6.646298 32.160991 0.019574 0.000000
-8.718805 30.596061 2.380851 0.000000
-8.045256 30.504400 2.355935 0.000000
5.423101 28.854895 -0.009961 0.000000
9.226589 27.025435 0.916455 0.000000
4.983680 28.786026 -0.005383 0.000000
6.558345 28.504645 -0.012842 0.000000
4.499675 28.428758 -0.004954 0.000000
5.929963 28.259049 -0.009875 0.000000
8.506289 27.951700 -0.017335 0.000000
9.224192 26.868855 1.792707 0.000000
9.224882 26.682143 1.962156 0.000000
9.224826 26.862927 2.203651 0.000000
8.859886 26.708149 2.361265 0.000000
-5.288258 26.773380 2.347840 0.000000
-5.175789 27.010966 2.346604 0.000000
-5.368264 27.033173 2.347485 0.000000
-6.261893 26.206000 2.353133 0.000000
-4.711336 27.028692 2.344091 0.000000
-6.772146 26.372442 2.354456 0.000000
-6.225241 26.688854 2.351940 0.000000
-7.007782 26.377104 2.355172 0.000000
-6.745294 26.709589 2.353739 0.000000
-7.747981 26.367468 2.357247 0.000000
-4.306814 27.043353 2.341666 0.000000
-4.502439 27.036364 2.342867 0.000000
-9.224395 27.527711 2.319116 0.000000
-8.332808 26.293386 2.358782 0.000000
-7.789396 26.764193 2.356791 0.000000
-8.877203 26.249570 2.360021 0.000000
-7.721653 27.168603 2.356056 0.000000
-8.383579 27.223135 2.357776 0.000000
5.592287 27.961169 -0.007720 0.000000
7.423427 28.421178 -0.015432 0.000000
4.806233 28.364369 -0.005999 0.000000
6.224424 28.172759 -0.006514 0.000000
4.297946 28.188514 -0.003350 0.000000
9.219834 27.807786 -0.014434 0.000000
7.845233 27.563653 -0.014035 0.000000
3.811353 28.952984 -0.009849 0.000000
4.629715 28.803066 -0.005833 0.000000
3.456107 28.796986 -0.007900 0.000000
4.305583 28.661047 -0.014064 0.000000
5.422847 28.480426 -0.006217 0.000000
3.811763 28.487480 -0.002105 0.000000
-8.754340 25.647708 2.360522 0.000000
-9.229661 25.664337 2.217635 0.000000
-8.669319 26.158537 2.359711 0.000000
-5.768837 28.144109 0.021388 0.000000
-4.696436 28.335145 0.019562 0.000000
-7.395308 27.878387 0.025459 0.000000
-5.884426 26.719827 2.350553 0.000000
-7.586287 25.993769 2.357404 0.000000
-4.224399 29.441145 0.010253 0.000000
-5.836576 29.710705 0.007151 0.000000
-8.874462 30.592853 0.050293 0.000000
-3.753411 29.337635 0.011697 0.000000
-4.641663 29.605638 0.009190 0.000000
-6.598931 30.046806 0.039525 0.000000
-5.303476 29.854280 0.007839 0.000000
-7.693618 30.445617 0.017559 0.000000
-5.823852 30.193375 0.010695 0.000000
-4.861030 27.356515 2.343860 0.000000
-7.832891 27.435721 2.356044 0.000000
-8.535279 27.680086 2.357704 0.000000
-3.036276 27.584043 2.328927 0.000000
-3.289052 27.585641 2.331276 0.000000
-3.566721 27.587943 2.333715 0.000000
8.869147 27.449585 2.360644 0.000000
8.394790 27.537204 2.359587 0.000000
8.584502 27.224781 2.360250 0.000000
8.743141 26.963883 2.360795 0.000000
7.701465 27.526670 2.357981 0.000000
7.700928 27.001463 2.358528 0.000000
7.932531 26.808869 2.359262 0.000000
7.124152 27.338852 2.356650 0.000000
7.022937 27.046939 2.356736 0.000000
6.188402 27.329627 2.353786 0.000000
7.310183 29.790418 -0.019564 0.000000
5.184457 29.331507 -0.015269 0.000000
7.031256 29.463325 -0.017566 0.000000
5.167813 29.024569 -0.009551 0.000000
4.239373 29.490512 -0.007419 0.000000
3.327369 29.356861 -0.001425 0.000000
7.759034 30.169803 -0.022264 0.000000
5.514986 29.757785 -0.020699 0.000000
-6.455923 34.103287 0.009137 0.000000
-5.576962 33.249852 0.009453 0.000000
-5.493016 32.796512 0.009330 0.000000
-8.278344 35.030534 0.008433 0.000000
-6.193915 33.513056 0.009010 0.000000
-8.898792 35.674794 0.095590 0.000000
-7.246717 34.527603 0.008799 0.000000
-7.035280 33.924170 0.008207 0.000000
-7.939790 31.781033 2.358064 0.000000
-7.613804 31.902435 2.343075 0.000000
-1.966921 27.924580 2.313925 0.000000
-8.457118 30.765452 2.369235 0.000000
-8.956202 33.197296 0.022119 0.000000
-8.099876 33.735259 2.385659 0.000000
-8.589600 34.200768 2.388965 0.000000
-8.293033 34.483003 2.364355 0.000000
-8.534277 35.185862 2.326841 0.000000
-3.398062 27.264882 2.334188 0.000000
-2.918681 27.583479 2.327796 0.000000
-3.540232 27.261809 2.335318 0.000000
-7.272928 28.499705 2.353150 0.000000
-2.798649 28.985300 0.545117 0.000000
-2.798316 29.110683 0.423531 0.000000
-8.863016 28.888554 2.357625 0.000000
-9.073001 28.702485 2.358245 0.000000
-7.233588 30.727040 0.011523 0.000000
-4.100097 29.252202 0.388948 0.000000
-2.799413 29.141299 0.201513 0.000000
-4.100124 29.239471 0.458018 0.000000
-9.220507 30.264616 0.128721 0.000000
-9.224033 30.405307 0.644579 0.000000
-6.301026 29.960068 0.006469 0.000000
-7.160538 30.012908 0.005592 0.000000
2.919388 27.847350 2.334357 0.000000
6.520490 29.073829 2.353176 0.000000
7.500199 28.734312 2.356463 0.000000
4.372708 27.487778 2.345649 0.000000
5.566021 27.723056 2.350846 0.000000
6.694856 27.578614 2.355120 0.000000
6.629887 27.333980 2.355211 0.000000
5.791292 27.325702 2.352377 0.000000
5.307344 27.495941 2.350154 0.000000
5.194396 27.419108 2.349796 0.000000
5.104604 27.318866 2.349608 0.000000
4.968295 27.492654 2.348642 0.000000
8.099437 27.928920 2.358596 0.000000
9.181588 27.757704 2.360999 0.000000
8.587713 27.521762 2.359991 0.000000
7.799825 27.612209 2.358148 0.000000
7.921624 27.227431 2.358798 0.000000
7.159143 27.632150 2.356436 0.000000
7.098783 27.517990 2.356387 0.000000
7.586326 30.530242 0.012358 0.000000
5.418355 29.903072 0.012305 0.000000
7.285410 29.863721 0.011692 0.000000
5.323733 29.499847 0.006820 0.000000
7.290689 29.416136 0.005160 0.000000
7.829731 30.590572 2.342970 0.000000
8.009879 30.026122 2.319596 0.000000
7.415113 29.835749 2.321693 0.000000
-4.727432 31.590476 0.009889 0.000000
-6.716116 32.379408 0.007824 0.000000
5.734424 31.593403 0.012280 0.000000
6.776699 31.034800 0.012929 0.000000
-2.441547 27.702014 2.321849 0.000000
-6.775073 31.393258 0.006947 0.000000
-9.038032 32.410064 0.005523 0.000000
-6.614263 31.477886 0.007217 0.000000
-7.505684 31.329554 0.046962 0.000000
-5.638546 30.615020 0.003545 0.000000
-4.675578 30.587287 0.034577 0.000000
-7.060983 31.323412 0.006540 0.000000
-7.420489 34.725723 2.363440 0.000000
-0.789283 34.959486 0.004882 0.000000
-7.905781 35.064944 0.008284 0.000000
-6.067828 33.666448 0.008819 0.000000
-8.994969 32.975999 2.345320 0.000000
-8.327609 34.986201 2.365082 0.000000
-8.763726 35.514895 2.366541 0.000000
-8.728341 35.672773 2.251974 0.000000
-2.077765 30.048295 2.320016 0.000000
-5.647752 32.872406 -0.016785 0.000000
-7.139003 33.870149 -0.022546 0.000000
-8.208636 35.137719 -0.031224 0.000000
-6.348749 33.770872 -0.023380 0.000000
-8.826816 31.075974 2.363907 0.000000
-8.205314 31.817901 2.317468 0.000000
-9.008451 34.076967 2.337049 0.000000
-8.877001 30.577577 2.369130 0.000000
-6.307007 31.346874 -0.001926 0.000000
-8.500948 32.899909 -0.011069 0.000000
-6.451002 31.972694 -0.007202 0.000000
-8.477497 32.139094 -0.004514 0.000000
1.826563 28.139765 2.321051 0.000000
0.972856 34.752470 -0.049571 0.000000
1.053434 35.383350 -0.002153 0.000000
-7.273319 34.393782 2.327331 0.000000
-5.344183 26.570188 2.348690 0.000000
-5.711329 26.137151 2.351361 0.000000
-5.419235 26.510723 2.349178 0.000000
-7.973642 26.216265 2.358034 0.000000
-9.233421 25.121745 2.109326 0.000000
-9.230079 25.548340 2.260673 0.000000
-8.958840 25.811121 2.400659 0.000000
-8.545485 26.334966 2.359207 0.000000
-9.231760 25.312438 1.940273 0.000000
-9.229093 25.742155 2.088343 0.000000
-9.008536 26.207619 2.360347 0.000000
-9.223739 25.410746 1.975825 0.000000
-8.294890 25.844475 2.359303 0.000000
-9.222963 25.782081 1.636829 0.000000
-9.228163 25.931540 1.919360 0.000000
-9.222642 25.962676 1.471078 0.000000
-5.917248 26.150697 2.352073 0.000000
-5.885268 26.272530 2.351652 0.000000
-6.616865 25.742000 2.389616 0.000000
-6.300551 26.076529 2.353552 0.000000
-6.192632 26.237448 2.352822 0.000000
-7.012459 25.677695 2.331184 0.000000
-6.683724 26.131302 2.354646 0.000000
-8.154203 25.175141 2.418372 0.000000
-7.592997 25.593509 2.396121 0.000000
-7.209371 25.899691 2.356587 0.000000
-8.729571 24.984612 2.406739 0.000000
-8.052509 25.537526 2.328077 0.000000
-7.686504 25.953004 2.357726 0.000000
-7.352756 26.236388 2.356396 0.000000
-9.235150 24.926574 2.281730 0.000000
-8.987991 25.474495 2.419733 0.000000
-6.682758 27.995657 0.001546 0.000000
-5.268150 28.100786 0.023103 0.000000
-7.630221 27.985301 0.027083 0.000000
9.222826 26.586638 1.035275 0.000000
9.232865 26.564583 1.268197 0.000000
9.224132 27.048189 2.034440 0.000000
9.225159 26.444803 1.693749 0.000000
9.234616 26.386028 1.445317 0.000000
9.225911 26.250742 1.868848 0.000000
9.100470 27.767329 -0.011881 0.000000
9.225751 26.532256 2.270615 0.000000
7.132693 26.646270 2.357554 0.000000
8.369160 26.741651 2.360262 0.000000
8.934069 26.269338 2.361817 0.000000
7.687847 26.783173 2.358724 0.000000
5.327215 28.588958 -0.006723 0.000000
7.275633 28.413771 -0.011632 0.000000
4.682358 28.389029 -0.002833 0.000000
2.923520 29.095804 -0.002895 0.000000
3.546409 29.036490 -0.007745 0.000000
4.053581 29.037144 -0.005355 0.000000
5.327141 29.143145 -0.011043 0.000000
3.686303 28.857240 -0.002329 0.000000
9.223282 26.999267 1.193429 0.000000
7.542710 28.252957 -0.011183 0.000000
6.736300 27.153246 2.355763 0.000000
6.324929 27.068272 2.354619 0.000000
9.225198 26.785708 2.320124 0.000000
9.225018 26.581228 1.838811 0.000000
9.225390 26.385431 1.760382 0.000000
8.494298 27.129536 2.360142 0.000000
9.225625 26.492252 2.133910 0.000000
7.827469 27.138667 2.358661 0.000000
8.587481 26.681544 2.360787 0.000000
9.226416 26.300316 2.306949 0.000000
7.375750 27.022880 2.357682 0.000000
7.913203 26.653292 2.359392 0.000000
4.500604 29.245084 -0.008808 0.000000
5.904398 29.393303 -0.001249 0.000000
8.497689 26.956209 2.360338 0.000000
9.153256 26.693746 2.361805 0.000000
7.329830 26.840827 2.357791 0.000000
7.567600 26.766302 2.358480 0.000000
6.425797 27.055756 2.354962 0.000000
6.795136 26.868930 2.356326 0.000000
6.187401 27.196171 2.353992 0.000000
5.016946 29.541807 -0.000811 0.000000
5.439483 29.058048 -0.019613 0.000000
6.801454 29.646713 -0.016951 0.000000
9.220533 29.610432 -0.029356 0.000000
6.025173 29.301356 -0.012284 0.000000
4.394164 29.169814 -0.010048 0.000000
-5.986495 26.996289 2.350335 0.000000
-4.347617 26.855477 2.342689 0.000000
-4.558260 26.837406 2.343944 0.000000
-4.868020 26.587356 2.346446 0.000000
-4.935138 27.020264 2.345336 0.000000
-7.711937 27.437819 2.355700 0.000000
-3.481095 27.070103 2.335998 0.000000
-3.948639 27.055572 2.339326 0.000000
-4.121670 27.049791 2.340479 0.000000
-6.931054 25.891875 2.355835 0.000000
-7.848528 25.384257 2.394496 0.000000
-8.501628 25.267708 2.398268 0.000000
-7.946623 25.683587 2.358758 0.000000
-9.224694 25.020368 2.329624 0.000000
-8.103877 26.080923 2.358532 0.000000
-7.533325 27.828342 0.025516 0.000000
-7.283625 25.484946 2.391044 0.000000
-4.623022 26.621067 2.345111 0.000000
-4.810116 26.735225 2.345645 0.000000
-5.027433 26.796463 2.346525 0.000000
-5.568349 26.217878 2.350607 0.000000
-6.197432 26.046798 2.353272 0.000000
-6.478540 25.983205 2.354317 0.000000
7.956769 31.190566 -0.035395 0.000000
4.845743 30.263424 -0.018281 0.000000
6.491920 30.622653 -0.026575 0.000000
4.399693 29.858204 -0.016489 0.000000
7.763383 30.644806 -0.030529 0.000000
5.090004 30.625312 -0.022074 0.000000
9.229883 31.736059 -0.000737 0.000000
3.339201 27.686106 2.338421 0.000000
2.771416 27.836437 2.333090 0.000000
8.439565 29.197602 2.358588 0.000000
5.043259 31.111866 -0.029089 0.000000
-5.598100 30.176828 0.007067 0.000000
-7.103504 30.742485 0.004623 0.000000
-7.133172 31.026794 0.002397 0.000000
-7.328573 31.378654 -0.000094 0.000000
-5.991783 30.852227 0.007269 0.000000
-9.220458 30.262144 0.432326 0.000000
-7.235901 30.504274 0.006737 0.000000
-9.220689 30.200555 1.083048 0.000000
-9.220570 30.249354 0.851588 0.000000
5.177517 29.923650 -0.003552 0.000000
7.040577 30.074995 -0.007053 0.000000
8.771139 29.987013 -0.028222 0.000000
5.581681 29.521536 -0.001596 0.000000
7.552766 29.577040 -0.021518 0.000000
4.948791 29.219459 -0.010292 0.000000
9.220039 29.566635 0.195339 0.000000
7.453644 26.801806 2.358147 0.000000
6.885621 26.839518 2.356619 0.000000
6.320448 26.893641 2.354879 0.000000
-6.967952 26.494174 2.354823 0.000000
-6.827891 26.086280 2.355177 0.000000
-7.229303 26.432999 2.355721 0.000000
-8.477966 25.979040 2.359505 0.000000
-7.996783 26.525000 2.357661 0.000000
-9.226617 25.753863 2.401775 0.000000
-4.571979 26.764455 2.344298 0.000000
-4.684504 26.482965 2.345936 0.000000
-8.965033 26.152850 2.360315 0.000000
-9.024229 26.522661 2.360034 0.000000
-4.100181 29.338169 0.193595 0.000000
-4.559304 29.554499 0.009405 0.000000
-5.645429 29.684737 0.007409 0.000000
-7.706633 30.355620 0.015018 0.000000
-3.829198 29.384183 0.011431 0.000000
-6.388239 27.391378 2.351202 0.000000
-6.759397 27.396279 2.352618 0.000000
-8.132860 27.415919 2.356927 0.000000
-3.783924 27.060919 2.338188 0.000000
-8.218638 26.864424 2.357783 0.000000
-8.771260 27.468799 2.358483 0.000000
-3.791543 26.901960 2.339070 0.000000
-3.965634 26.887618 2.340251 0.000000
-4.150561 26.872172 2.341458 0.000000
-3.340216 27.074102 2.334939 0.000000
-9.220378 30.157978 0.186524 0.000000
-4.242113 29.274882 -0.028013 0.000000
-5.528655 29.727566 -0.005314 0.000000
-7.988419 30.101990 -0.063582 0.000000
-3.653263 29.343597 -0.021076 0.000000
-4.499311 29.574122 -0.033603 0.000000
-6.182910 29.879995 -0.047475 0.000000
-5.165326 29.605849 -0.004926 0.000000
-4.350735 29.635738 -0.001670 0.000000
8.816787 28.628254 2.414151 0.000000
9.175299 28.230961 2.405867 0.000000
9.210534 28.127412 2.406851 0.000000
8.112219 28.546584 2.431030 0.000000
8.241477 28.366500 2.450180 0.000000
8.466354 28.135257 2.401027 0.000000
8.729598 27.763628 2.420525 0.000000
7.790183 28.225133 2.430013 0.000000
7.751665 28.150817 2.408906 0.000000
7.872277 27.923993 2.411855 0.000000
8.124393 27.709767 2.454398 0.000000
7.024266 28.273919 2.435795 0.000000
7.204309 28.176701 2.424075 0.000000
7.298584 27.844620 2.407391 0.000000
4.951966 27.233671 2.349112 0.000000
4.407723 27.233045 2.346500 0.000000
4.465873 27.494016 2.346126 0.000000
4.112745 27.486113 2.344191 0.000000
3.870860 27.484821 2.342742 0.000000
7.393848 27.627445 2.410093 0.000000
6.747870 27.974005 2.401166 0.000000
6.656874 27.643914 2.436619 0.000000
6.945907 27.599848 2.440729 0.000000
6.365134 27.525664 2.401321 0.000000
5.978945 27.578889 2.352681 0.000000
9.164241 27.253073 2.436186 0.000000
6.158326 27.083696 2.435259 0.000000
7.210505 27.017135 2.449302 0.000000
8.440908 27.238816 2.462301 0.000000
8.876976 26.887144 2.436962 0.000000
9.205208 26.471829 2.453212 0.000000
7.860255 27.158467 2.425127 0.000000
8.184875 26.867253 2.430854 0.000000
8.439218 26.533191 2.468489 0.000000
8.981921 26.185820 2.444367 0.000000
7.575517 26.849978 2.425301 0.000000
7.865909 26.555332 2.430806 0.000000
6.944137 27.091512 2.416878 0.000000
7.063645 26.905985 2.448480 0.000000
6.461889 27.073797 2.412161 0.000000
6.515332 26.950098 2.441137 0.000000
6.685468 29.460554 0.005572 0.000000
5.768137 29.617248 0.006304 0.000000
2.497639 27.816805 2.330625 0.000000
9.107977 29.325472 2.452541 0.000000
8.064462 29.650040 2.357514 0.000000
8.332592 29.197047 2.444322 0.000000
7.507611 29.500085 2.356097 0.000000
7.661617 29.086615 2.436975 0.000000
6.494237 31.549651 0.022088 0.000000
7.110787 30.670282 0.032811 0.000000
6.617863 29.994737 0.035647 0.000000
-7.616291 28.125216 2.354647 0.000000
-8.706445 29.062245 2.357128 0.000000
-8.918758 28.395536 2.358068 0.000000
-8.111229 28.579315 2.355792 0.000000
-2.697018 27.582748 2.325606 0.000000
-8.107517 30.679480 -0.062094 0.000000
-6.223443 30.325439 -0.045941 0.000000
-9.226628 31.117380 -0.036187 0.000000
-7.341928 30.745380 -0.057365 0.000000
-9.104345 31.380007 -0.074584 0.000000
-9.220664 29.990015 1.244380 0.000000
-9.220496 30.233195 0.737332 0.000000
-5.253314 26.278296 2.349175 0.000000
-5.131165 26.550893 2.347796 0.000000
-5.610407 25.995700 2.337699 0.000000
-5.968491 25.935314 2.338818 0.000000
-9.092778 25.530199 2.361316 0.000000
-6.378001 25.999378 2.353967 0.000000
-6.730433 25.993070 2.355064 0.000000
-6.528051 26.199584 2.354020 0.000000
-7.376421 25.799552 2.357197 0.000000
-7.754968 25.793026 2.358144 0.000000
-8.373658 25.671631 2.359713 0.000000
5.852736 28.196226 0.050811 0.000000
8.083895 27.838481 0.067838 0.000000
7.326360 26.629592 2.424998 0.000000
9.204500 26.743974 2.463065 0.000000
9.224676 26.577108 1.586697 0.000000
9.222444 26.222130 1.371186 0.000000
9.222330 26.036025 1.541833 0.000000
9.226719 26.053042 2.046595 0.000000
8.413733 26.796554 2.465860 0.000000
9.216893 26.169043 2.404149 0.000000
7.904705 26.625478 2.430510 0.000000
6.594298 27.301401 2.438916 0.000000
7.497240 26.732317 2.425662 0.000000
6.120105 27.317113 2.432573 0.000000
6.935029 26.735110 2.420180 0.000000
5.700678 27.330837 2.426810 0.000000
5.260408 27.233665 2.350448 0.000000
5.719134 27.111244 2.429156 0.000000
8.908852 26.267065 2.442967 0.000000
5.727324 29.488531 0.006401 0.000000
6.583158 29.600040 0.005594 0.000000
9.181798 29.818856 0.003999 0.000000
7.750749 29.510889 0.004836 0.000000
8.023976 27.518522 2.423359 0.000000
8.697991 27.571800 2.429106 0.000000
7.548339 27.598177 2.448315 0.000000
8.181682 27.188462 2.459641 0.000000
8.881293 26.726480 2.438476 0.000000
7.484336 27.111616 2.421979 0.000000
8.139567 26.729446 2.431716 0.000000
8.725908 26.448522 2.439655 0.000000
9.227027 26.028041 2.200821 0.000000
8.059521 26.456697 2.433528 0.000000
9.226160 26.190320 1.936526 0.000000
8.685769 27.701204 0.072926 0.000000
9.223420 26.942566 0.704973 0.000000
9.223095 26.765549 0.869532 0.000000
7.265712 28.332477 0.058322 0.000000
-8.746766 25.984103 2.360073 0.000000
-6.579780 25.735597 2.332272 0.000000
-6.808029 25.793101 2.340964 0.000000
-7.440790 25.788620 2.357376 0.000000
-7.152940 26.047949 2.356170 0.000000
-8.679992 25.536293 2.360515 0.000000
-4.397312 26.651902 2.343809 0.000000
-4.454251 26.429962 2.345014 0.000000
-4.965202 26.333274 2.347767 0.000000
-6.141841 25.844683 2.332686 0.000000
-4.185521 26.680590 2.342523 0.000000
-3.013815 29.182296 -0.011397 0.000000
-8.755455 27.590788 -0.047362 0.000000
-6.584210 28.008685 -0.034232 0.000000
-9.222147 26.313929 1.146932 0.000000
-2.531041 28.775520 -0.001187 0.000000
-2.761307 28.733481 -0.004053 0.000000
-5.299698 28.254841 -0.025780 0.000000
-5.253361 26.154989 2.389490 0.000000
-8.179501 25.889609 2.358977 0.000000
-9.230164 25.499027 1.774279 0.000000
-6.101786 25.652334 2.338769 0.000000
-6.950898 25.305988 2.335230 0.000000
-7.520014 25.361734 2.341621 0.000000
-8.029637 25.102349 2.332455 0.000000
-8.688752 24.977333 2.330466 0.000000
-7.989674 34.237238 2.276281 0.000000
-1.795249 29.607265 2.300639 0.000000
-1.972975 29.818471 2.298125 0.000000
-1.537162 28.061483 2.306809 0.000000
-6.156790 33.134104 -0.069287 0.000000
-4.440877 31.801609 -0.045524 0.000000
-5.679978 32.695208 -0.062243 0.000000
-8.079553 34.396358 -0.092767 0.000000
-8.385543 31.103160 2.317289 0.000000
-2.340764 27.676735 2.321008 0.000000
-7.900328 32.042824 -0.071964 0.000000
-5.017123 31.339692 -0.045717 0.000000
-8.025710 32.696878 -0.078249 0.000000
-6.067267 31.536979 -0.055041 0.000000
-6.110865 31.386569 -0.054073 0.000000
-4.994307 30.977551 -0.042382 0.000000
-7.826116 32.236280 -0.073071 0.000000
-9.236801 32.946839 -0.015786 0.000000
-7.876316 32.456643 -0.075245 0.000000
-6.091013 31.695968 -0.056563 0.000000
-8.615081 32.544116 2.273627 0.000000
-8.734556 33.688412 2.323498 0.000000
-1.589905 29.400774 2.294673 0.000000
2.224162 27.941481 2.327079 0.000000
5.428160 30.982993 0.000552 0.000000
8.858614 30.819353 2.323088 0.000000
-7.170256 32.422807 0.029485 0.000000
-6.746231 31.623673 0.027203 0.000000
-6.865777 31.966979 0.028083 0.000000
-5.684270 31.752377 0.026085 0.000000
-4.717755 31.316792 0.024333 0.000000
8.521589 31.162234 -0.007952 0.000000
5.154623 30.231503 -0.014291 0.000000
6.992560 30.505773 -0.023659 0.000000
8.161957 30.556369 -0.008331 0.000000
6.048271 30.624662 -0.002353 0.000000
-8.616862 27.002996 2.358602 0.000000
-8.917635 27.777772 2.358543 0.000000
-7.431501 27.323189 2.354991 0.000000
-8.007654 27.033120 2.357036 0.000000
-3.077520 27.080940 2.332903 0.000000
-9.220219 30.001557 0.334094 0.000000
-9.220441 30.235284 0.232701 0.000000
-4.312080 29.257664 0.010100 0.000000
-5.365398 29.594591 0.007869 0.000000
-7.126453 29.999473 0.005639 0.000000
-5.668649 29.814136 0.007315 0.000000
-7.680209 28.770619 2.354332 0.000000
-2.472428 27.449475 2.324607 0.000000
-9.220657 30.136773 1.116141 0.000000
-9.220823 30.044464 1.348465 0.000000
-4.652405 30.758675 0.034953 0.000000
-4.880091 30.189171 0.010031 0.000000
-6.204974 30.608741 0.008166 0.000000
-4.182489 29.869692 0.013043 0.000000
-8.944005 31.986768 0.030914 0.000000
3.159280 27.679022 2.337072 0.000000
2.680537 27.661450 2.333171 0.000000
3.734770 27.702423 2.341174 0.000000
3.529632 27.693823 2.339782 0.000000
3.648053 27.483920 2.341324 0.000000
6.676895 27.923689 2.354657 0.000000
6.796222 27.779077 2.355185 0.000000
8.246975 28.308964 2.358652 0.000000
9.108479 28.343706 2.360455 0.000000
7.766717 28.197327 2.357563 0.000000
8.424626 27.901345 2.359335 0.000000
-8.772072 33.265421 2.389527 0.000000
-8.281863 33.288609 2.324325 0.000000
-7.823380 32.477679 2.382866 0.000000
-7.421047 32.148981 2.379835 0.000000
-7.093638 33.426774 2.383191 0.000000
-7.436714 33.821161 2.386154 0.000000
-5.010815 31.968424 0.025701 0.000000
-2.954587 27.083844 2.331927 0.000000
-8.612033 29.800341 0.004672 0.000000
-5.084967 29.550731 0.008357 0.000000
-6.785170 29.842789 0.006012 0.000000
-3.020984 29.154766 0.158046 0.000000
-3.324005 26.939267 2.335686 0.000000
-3.183559 26.950074 2.334612 0.000000
-3.471628 26.927707 2.336787 0.000000
-2.395424 27.582510 2.322537 0.000000
-9.112449 28.077859 2.358766 0.000000
-8.889904 28.683875 2.357811 0.000000
-9.220274 30.038124 0.611092 0.000000
-7.515689 30.043714 0.005291 0.000000
-5.802293 29.864268 0.007106 0.000000
-7.403182 30.516757 0.008770 0.000000
-9.220425 30.083408 0.871625 0.000000
7.431173 30.642493 0.016926 0.000000
7.792695 30.162465 0.015235 0.000000
6.305621 30.652485 0.017154 0.000000
3.439120 27.483306 2.339918 0.000000
3.063502 27.482945 2.337192 0.000000
2.990046 27.672587 2.335745 0.000000
-3.466094 26.775979 2.337666 0.000000
-3.636343 26.581975 2.339849 0.000000
-4.943042 26.154433 2.335252 0.000000
-4.391646 26.361011 2.380100 0.000000
-3.629802 26.754604 2.338838 0.000000
-3.819777 26.548226 2.341093 0.000000
-3.988957 26.707013 2.341271 0.000000
-4.016785 26.511777 2.342374 0.000000
-4.227679 26.472470 2.343681 0.000000
-4.535282 26.049391 2.385286 0.000000
-4.552267 26.366569 2.345743 0.000000
-4.687314 26.192494 2.334132 0.000000
-4.698605 26.383844 2.346373 0.000000
8.845436 27.007311 2.360978 0.000000
9.225776 26.388401 2.015342 0.000000
8.237854 27.001044 2.359745 0.000000
9.083525 26.462672 2.361917 0.000000
9.226988 25.991463 2.115423 0.000000
5.169127 26.952154 2.350660 0.000000
4.686226 26.915202 2.348680 0.000000
8.283766 26.404166 2.360469 0.000000
9.156899 26.016714 2.362480 0.000000
9.227869 25.788493 2.297340 0.000000
7.097941 26.819000 2.357214 0.000000
7.736355 26.597526 2.359076 0.000000
8.326493 26.125596 2.360863 0.000000
9.069451 25.537996 2.355437 0.000000
6.574488 26.850687 2.355710 0.000000
7.546551 26.076101 2.359299 0.000000
6.112846 26.878512 2.354234 0.000000
6.502991 26.687465 2.355763 0.000000
6.970080 26.388843 2.357493 0.000000
5.764479 26.827936 2.353153 0.000000
6.134071 26.726330 2.354577 0.000000
5.366585 26.860176 2.351634 0.000000
5.712596 26.759830 2.353112 0.000000
5.984292 28.405053 0.009403 0.000000
8.491227 28.052491 0.007698 0.000000
6.949385 29.264545 0.005453 0.000000
5.850349 29.343022 0.006336 0.000000
8.656614 27.647478 2.360041 0.000000
7.847281 27.683193 2.358183 0.000000
5.516068 26.934760 2.352050 0.000000
4.326958 27.130435 2.346371 0.000000
3.731578 27.230781 2.342738 0.000000
7.345362 27.229439 2.357372 0.000000
8.662802 26.592285 2.361003 0.000000
6.343718 27.421201 2.354172 0.000000
7.806856 26.427659 2.359435 0.000000
7.294218 26.440384 2.358217 0.000000
5.966553 27.232971 2.353164 0.000000
6.743184 26.497369 2.356720 0.000000
5.595274 27.233471 2.351792 0.000000
5.898865 26.915303 2.353461 0.000000
6.252080 26.547851 2.355231 0.000000
-8.595368 25.551199 2.360331 0.000000
-8.725298 30.870832 2.352010 0.000000
1.465318 28.197648 2.315784 0.000000
-7.952069 32.919893 0.010450 0.000000
-4.908472 31.515646 0.012602 0.000000
2.010175 27.919359 2.324873 0.000000
-7.794068 31.106899 0.011036 0.000000
-6.131486 30.715343 0.011906 0.000000
-7.722437 32.440774 0.009288 0.000000
-7.548418 31.418344 0.006207 0.000000
-7.415498 31.675207 0.007342 0.000000
-7.468425 32.005371 0.008337 0.000000
8.967923 30.730985 2.343808 0.000000
-9.042629 30.828176 2.368200 0.000000
-8.540550 32.340879 0.019415 0.000000
-6.417875 31.571142 0.017874 0.000000
-8.469138 32.558666 0.020147 0.000000
-8.100826 30.833686 0.014608 0.000000
-6.155967 30.455587 0.014569 0.000000
-5.719869 30.491395 0.010267 0.000000
-9.062682 31.519121 0.016555 0.000000
-6.633385 30.818430 0.009190 0.000000
-8.351732 31.541055 0.016849 0.000000
-6.327971 30.972243 0.016065 0.000000
-5.108522 30.629496 0.016202 0.000000
-9.129664 29.485806 2.357998 0.000000
-2.023928 27.691191 2.317419 0.000000
-1.919736 27.686159 2.316368 0.000000
-1.643728 27.998321 2.309017 0.000000
-5.174004 26.250057 2.348927 0.000000
-5.647559 26.298748 2.350697 0.000000
-4.540805 25.967603 2.333423 0.000000
-4.796170 25.987481 2.388083 0.000000
-7.148851 25.924109 2.356390 0.000000
-8.128133 25.236432 2.342439 0.000000
-7.301185 26.169402 2.356355 0.000000
-6.987866 25.471074 2.340723 0.000000
-8.825336 25.092355 2.343151 0.000000
-7.690018 26.165220 2.357391 0.000000
-8.903826 25.500847 2.360986 0.000000
-8.343716 26.151885 2.359003 0.000000
-9.224195 25.217965 2.150862 0.000000
-5.482366 26.189096 2.350349 0.000000
-5.082028 25.919394 2.391052 0.000000
-5.388170 25.797271 2.336677 0.000000
-5.733668 25.763054 2.397486 0.000000
-6.520864 25.566784 2.339772 0.000000
-8.937732 25.979366 2.360459 0.000000
-9.120831 27.486974 -0.003239 0.000000
7.619756 26.218016 2.359280 0.000000
9.014151 26.273576 2.361954 0.000000
9.227582 25.851367 2.227278 0.000000
8.208972 26.361191 2.360340 0.000000
8.905127 25.866623 2.362195 0.000000
6.925717 27.037864 2.356466 0.000000
8.183406 25.865216 2.360863 0.000000
6.704198 26.751625 2.356236 0.000000
7.002195 26.298499 2.357706 0.000000
7.487261 25.975200 2.359283 0.000000
5.983575 27.071567 2.353486 0.000000
6.205230 26.792157 2.354679 0.000000
6.410223 26.533613 2.355719 0.000000
5.833070 26.739384 2.353547 0.000000
5.423655 26.632200 2.352326 0.000000
4.852907 26.967770 2.349289 0.000000
6.879270 29.485939 0.005412 0.000000
5.278359 28.926016 0.007091 0.000000
8.791758 28.238671 0.008383 0.000000
-2.891252 27.274775 2.329932 0.000000
-2.777027 27.276737 2.328932 0.000000
-3.132709 27.270305 2.332001 0.000000
6.899561 30.600302 0.011388 0.000000
5.312660 30.793087 0.013613 0.000000
9.081759 28.683193 2.360206 0.000000
7.883333 28.893090 2.357394 0.000000
8.319639 30.118479 0.008686 0.000000
6.001022 29.906972 0.009956 0.000000
7.702737 29.792893 0.004748 0.000000
5.283001 29.292291 0.006962 0.000000
7.185316 29.317342 0.005269 0.000000
4.668812 27.233464 2.347796 0.000000
4.600796 27.120771 2.347753 0.000000
4.519251 27.146503 2.347286 0.000000
4.273698 27.310435 2.345582 0.000000
3.941215 27.231702 2.343970 0.000000
5.136702 27.119733 2.350159 0.000000
9.220002 29.407271 0.345621 0.000000
5.586486 27.085729 2.352028 0.000000
9.182961 28.024426 2.360808 0.000000
8.338726 27.934370 2.359138 0.000000
9.046951 27.357870 2.361050 0.000000
8.316796 27.350631 2.359570 0.000000
8.770355 27.193277 2.360652 0.000000
7.210539 27.957669 2.356244 0.000000
7.549844 27.437149 2.357688 0.000000
7.681871 27.344354 2.358104 0.000000
-8.202130 30.124368 0.004771 0.000000
-4.617022 29.402097 0.009341 0.000000
-5.163254 29.761270 0.008126 0.000000
2.538373 27.656647 2.331925 0.000000
8.743463 29.617767 2.401342 0.000000
8.844695 29.374696 2.402288 0.000000
9.106181 28.881918 2.404626 0.000000
6.552846 30.713819 0.035757 0.000000
7.830466 29.412811 0.004830 0.000000
8.911438 30.711244 0.045987 0.000000
8.369643 30.272054 0.044094 0.000000
8.710006 27.876762 2.403096 0.000000
8.847933 27.729229 2.462886 0.000000
8.238826 27.596410 2.456765 0.000000
-9.220898 28.779243 1.399183 0.000000
-5.114763 29.943114 -0.017790 0.000000
-5.680250 29.946730 -0.050301 0.000000
-8.661081 30.380027 -0.038886 0.000000
-6.414275 30.103405 -0.025959 0.000000
-3.888330 29.735093 -0.027409 0.000000
-7.366602 30.430017 -0.031822 0.000000
-5.699649 30.172067 -0.021774 0.000000
-8.785590 30.887830 -0.040161 0.000000
-6.505513 30.467249 -0.026961 0.000000
-9.220219 29.885861 0.751913 0.000000
-9.220220 29.954568 0.162137 0.000000
-9.220384 30.191087 0.470277 0.000000
-7.477479 30.010061 -0.031934 0.000000
-7.835726 32.667682 -0.034049 0.000000
-7.989636 32.962967 -0.035194 0.000000
-8.427371 30.868182 2.317302 0.000000
-9.050016 31.024205 2.370761 0.000000
-8.013624 29.568654 2.354968 0.000000
-5.792765 30.956509 -0.023453 0.000000
-7.542341 31.462274 -0.034113 0.000000
-4.155943 30.381205 -0.012052 0.000000
-7.005109 31.479234 -0.004895 0.000000
-9.217869 32.385298 -0.040409 0.000000
9.181031 30.409806 2.403688 0.000000
8.847447 31.196499 2.400850 0.000000
8.940594 30.928822 2.401661 0.000000
-8.273683 32.011317 2.344798 0.000000
-8.826021 32.401736 2.323542 0.000000
-1.581449 29.608235 2.307987 0.000000
-8.840162 33.203568 2.425294 0.000000
-7.921715 31.475168 2.409665 0.000000
-7.453960 31.205273 2.404354 0.000000
-7.170851 31.922555 2.405479 0.000000
-7.647256 31.941437 2.409637 0.000000
-7.527028 32.192140 2.409893 0.000000
-8.450187 31.783531 2.415471 0.000000
-8.259269 32.009851 2.415008 0.000000
-7.920073 32.492090 2.414633 0.000000
-9.052709 32.138602 2.421878 0.000000
-8.801629 32.359221 2.420966 0.000000
-8.569521 32.587736 2.420250 0.000000
-1.369837 28.188909 2.302819 0.000000
8.434648 31.225412 2.325694 0.000000
-8.779400 30.883819 2.404001 0.000000
-8.633033 31.397629 2.404941 0.000000
4.744291 26.700365 2.349495 0.000000
4.847232 26.693455 2.349941 0.000000
5.627306 28.448217 -0.022703 0.000000
7.925041 28.076432 -0.036416 0.000000
6.399927 26.243463 2.356188 0.000000
7.456963 26.360139 2.358709 0.000000
8.120620 25.689558 2.309345 0.000000
5.676222 27.096781 2.352353 0.000000
8.944657 25.557480 2.306693 0.000000
6.811623 25.898430 2.312939 0.000000
5.227544 27.098525 2.350587 0.000000
5.884139 26.226564 2.354687 0.000000
5.335723 26.789610 2.351677 0.000000
5.468565 26.589698 2.352578 0.000000
9.232846 25.947777 1.987587 0.000000
8.930640 26.189015 2.361899 0.000000
9.234109 25.757487 2.174347 0.000000
8.087235 26.142673 2.360354 0.000000
-3.583732 29.177733 0.012327 0.000000
6.231950 29.320768 -0.023254 0.000000
4.817022 28.842788 -0.016630 0.000000
5.861201 29.642345 -0.021124 0.000000
3.535360 27.229718 2.341529 0.000000
4.565278 26.981743 2.347950 0.000000
4.051770 27.006044 2.345314 0.000000
3.822811 27.016556 2.344031 0.000000
3.349724 27.228549 2.340334 0.000000
6.863733 26.428840 2.357144 0.000000
5.814232 26.592559 2.353764 0.000000
4.901190 27.110133 2.349165 0.000000
8.510845 29.708464 -0.034152 0.000000
7.332644 29.349279 -0.029135 0.000000
4.441285 28.950392 -0.013959 0.000000
7.487161 27.017785 2.357975 0.000000
8.103193 26.758572 2.359692 0.000000
8.138448 26.281098 2.360294 0.000000
6.898567 26.609979 2.356989 0.000000
-8.015709 25.671735 2.358928 0.000000
-2.680682 26.986738 2.330602 0.000000
-2.921685 26.969591 2.332552 0.000000
-3.144774 26.670882 2.336268 0.000000
-3.360568 26.595415 2.338113 0.000000
-3.310068 26.796105 2.336514 0.000000
-3.584509 26.557874 2.339675 0.000000
-3.718404 29.145550 0.011854 0.000000
-4.657281 29.381175 0.009257 0.000000
-6.880609 29.625064 0.006018 0.000000
-5.446433 29.792339 0.007660 0.000000
-4.100266 29.164624 0.302313 0.000000
-4.078608 29.170161 0.010741 0.000000
-3.948408 29.124914 0.011126 0.000000
-8.976838 27.223854 2.359185 0.000000
4.165948 27.232459 2.345224 0.000000
3.245267 27.483000 2.338544 0.000000
2.892552 27.483114 2.335865 0.000000
-2.723239 27.088682 2.330063 0.000000
-2.562303 27.280059 2.327027 0.000000
-2.507824 27.092420 2.328311 0.000000
6.927845 29.232545 -0.021748 0.000000
5.566868 28.763679 -0.014685 0.000000
5.778141 29.592654 -0.013534 0.000000
7.948396 29.646533 -0.022735 0.000000
4.298440 26.994490 2.346621 0.000000
8.424262 26.541745 2.360605 0.000000
9.008929 31.425005 -0.031261 0.000000
1.908968 27.909102 2.323805 0.000000
-5.748898 30.868593 0.038885 0.000000
-7.269299 31.543883 0.046658 0.000000
-7.212740 31.814214 0.047238 0.000000
-5.679987 31.293730 0.039838 0.000000
-7.327957 32.159944 0.048732 0.000000
-9.023226 29.666124 2.401357 0.000000
-9.100206 29.430492 2.401104 0.000000
-9.220103 29.806723 0.293958 0.000000
-5.476236 29.496307 0.007754 0.000000
-7.343843 29.883140 0.005498 0.000000
-7.198780 27.341390 2.354213 0.000000
-2.178447 27.461472 2.321655 0.000000
-9.220405 29.933937 1.006224 0.000000
-8.902488 30.927954 0.051462 0.000000
-9.139481 30.209209 0.004194 0.000000
-6.572136 30.281200 0.040145 0.000000
-9.114399 31.254146 0.009543 0.000000
-5.336759 30.312125 0.035881 0.000000
-9.220120 29.845984 0.481501 0.000000
6.624139 29.742342 -0.024066 0.000000
8.680221 30.448532 -0.039813 0.000000
5.233927 29.902033 -0.020801 0.000000
7.474783 30.057481 -0.027629 0.000000
4.855262 29.630490 -0.016532 0.000000
9.217977 29.830494 -0.010040 0.000000
6.062892 30.160471 -0.019670 0.000000
8.633230 30.813635 -0.015277 0.000000
8.239681 30.469741 -0.010837 0.000000
8.131978 30.061908 -0.010261 0.000000
4.688577 30.246632 -0.005630 0.000000
8.328146 28.013502 2.359055 0.000000
-6.607438 30.828216 -0.001006 0.000000
-8.623890 30.101758 -0.000362 0.000000
-9.220078 29.616455 0.111463 0.000000
-7.411164 29.675565 0.005555 0.000000
-6.463504 29.857516 0.006329 0.000000
-4.100190 29.190973 0.445640 0.000000
-9.220037 29.659129 0.425511 0.000000
-2.266286 27.283799 2.324388 0.000000
-8.943954 31.338912 -0.003612 0.000000
-8.972039 32.309362 -0.009304 0.000000
-8.502577 32.378423 -0.009888 0.000000
-9.220438 29.784842 1.141061 0.000000
-9.220220 29.733891 0.893099 0.000000
-7.390688 30.381685 0.001646 0.000000
-5.643566 30.070458 0.010139 0.000000
-8.605373 30.791364 -0.000517 0.000000
-7.403735 30.808270 -0.000864 0.000000
-8.460800 28.370299 2.356917 0.000000
8.740306 29.381311 2.359187 0.000000
8.800642 26.471401 2.361374 0.000000
8.037310 26.540374 2.359782 0.000000
5.241734 26.442522 2.352095 0.000000
5.067853 26.668036 2.350900 0.000000
7.249797 26.025955 2.358681 0.000000
6.649785 26.229282 2.356897 0.000000
5.720457 26.263502 2.354104 0.000000
6.717312 29.566102 -0.003416 0.000000
9.220013 29.257547 0.366456 0.000000
-4.420073 29.310458 0.009821 0.000000
7.817007 29.533918 -0.004438 0.000000
4.140047 29.849199 -0.015109 0.000000
-4.910099 29.230192 0.008812 0.000000
-7.217754 29.647625 0.005709 0.000000
-8.990464 25.720137 2.360891 0.000000
4.450510 26.729483 2.348122 0.000000
7.963716 27.424511 2.358696 0.000000
8.629040 26.771600 2.360761 0.000000
7.009567 26.530337 2.357394 0.000000
3.609501 27.026136 2.342771 0.000000
9.220033 29.318186 0.170988 0.000000
6.520953 29.530541 -0.002946 0.000000
4.285851 29.735810 -0.014774 0.000000
7.521207 29.991132 -0.031123 0.000000
4.923393 29.522273 -0.000521 0.000000
-2.997704 26.696986 2.335131 0.000000
-3.171666 26.532007 2.366564 0.000000
-9.191091 25.971312 2.360977 0.000000
8.575775 25.799907 2.361688 0.000000
8.425030 26.184769 2.360991 0.000000
9.235438 25.563282 2.364298 0.000000
7.265839 26.705936 2.357799 0.000000
7.711521 25.983400 2.359782 0.000000
6.460964 26.368790 2.356154 0.000000
7.036560 25.902964 2.370729 0.000000
6.039849 26.238038 2.355158 0.000000
6.481072 25.991394 2.368861 0.000000
5.616459 26.527083 2.353240 0.000000
5.802863 26.176731 2.357734 0.000000
8.216835 29.359725 -0.003734 0.000000
-0.457985 32.985773 -0.011594 0.000000
-1.081159 33.779453 -0.008222 0.000000
0.063318 35.552168 -0.017636 0.000000
-7.779055 31.248954 0.006363 0.000000
-7.721697 31.534104 0.005327 0.000000
-7.112783 30.204119 0.009762 0.000000
-7.859452 30.889339 0.007663 0.000000
-9.220305 29.856469 0.933495 0.000000
-9.220080 29.691080 0.628934 0.000000
-9.220073 29.748592 0.311397 0.000000
8.466548 27.717820 2.359581 0.000000
2.273558 27.648226 2.329499 0.000000
-2.173783 27.284729 2.323572 0.000000
-5.012682 30.089917 0.035861 0.000000
-7.335951 30.071625 0.005430 0.000000
-6.896383 29.405284 0.006110 0.000000
-8.580504 27.293887 2.401689 0.000000
-8.859585 27.855567 2.358337 0.000000
-8.724723 27.035253 2.405356 0.000000
-8.085709 27.056874 2.401361 0.000000
4.759612 29.951354 -0.019092 0.000000
6.259018 30.040258 -0.026504 0.000000
8.922966 30.196984 -0.038390 0.000000
5.174227 26.534630 2.351633 0.000000
4.625035 26.431059 2.349729 0.000000
4.119035 26.960884 2.345812 0.000000
3.696505 26.802769 2.344123 0.000000
7.299559 26.271241 2.358451 0.000000
3.410092 27.034867 2.341534 0.000000
3.012576 27.225744 2.338035 0.000000
9.220395 29.156701 -0.010527 0.000000
6.980224 29.985121 -0.028928 0.000000
9.221011 30.053731 -0.001296 0.000000
8.094811 29.643071 -0.030121 0.000000
6.680391 29.300766 -0.021376 0.000000
-9.073311 26.366633 2.411267 0.000000
-7.659279 25.731633 2.409844 0.000000
-7.302587 26.134933 2.403512 0.000000
-8.856145 25.003328 2.423814 0.000000
-8.288253 25.581715 2.414919 0.000000
-7.819697 26.063264 2.407334 0.000000
-7.428141 26.472199 2.400764 0.000000
-8.406290 25.981658 2.411492 0.000000
-7.834891 26.520223 2.402734 0.000000
-9.050563 25.947550 2.415317 0.000000
-8.500294 26.376743 2.408027 0.000000
-7.160730 25.796254 2.406230 0.000000
-3.155445 26.370292 2.368933 0.000000
-3.317265 26.333443 2.370992 0.000000
-3.487563 26.294347 2.373120 0.000000
-3.669867 26.252267 2.375349 0.000000
-3.864321 26.207098 2.377675 0.000000
-2.567649 26.994465 2.329676 0.000000
-2.726405 26.744488 2.332963 0.000000
-2.888161 26.580833 2.362985 0.000000
-5.392462 25.845070 2.394173 0.000000
-6.110933 25.672034 2.401022 0.000000
-6.533904 25.569702 2.404843 0.000000
-7.004980 25.455321 2.408942 0.000000
-6.645034 25.927635 2.401631 0.000000
-7.541487 25.324710 2.413436 0.000000
-4.070922 26.158782 2.380085 0.000000
-4.036885 26.378372 2.376816 0.000000
-4.294346 26.106299 2.382624 0.000000
-3.158087 29.154496 0.314227 0.000000
-3.176619 29.154527 0.519664 0.000000
-4.776200 29.046433 0.009118 0.000000
-6.777686 26.048288 2.401169 0.000000
-7.265779 25.962483 2.405104 0.000000
-7.071821 26.270600 2.400656 0.000000
-7.818931 25.865136 2.409376 0.000000
-7.569006 26.205822 2.404382 0.000000
-8.456598 25.752874 2.414091 0.000000
-8.131804 26.132438 2.408419 0.000000
-9.195044 25.622771 2.419318 0.000000
-8.779938 26.047870 2.412867 0.000000
-8.423025 26.464163 2.406714 0.000000
-8.124933 26.754283 2.402078 0.000000
-8.697092 26.731559 2.405585 0.000000
-9.123037 31.607684 0.005868 0.000000
-1.764258 27.682709 2.314795 0.000000
-8.914600 31.586067 2.365926 0.000000
-2.353680 27.008466 2.327918 0.000000
-3.232093 29.154126 0.103159 0.000000
-9.097182 26.835730 2.406765 0.000000
-9.092284 26.400307 2.411035 0.000000
-8.451209 26.867638 2.402838 0.000000
-7.231841 26.208121 2.402310 0.000000
-7.122770 25.835380 2.405585 0.000000
-8.276058 25.612310 2.414539 0.000000
-7.762149 26.132202 2.406287 0.000000
-8.361525 26.046328 2.410588 0.000000
5.590441 29.909437 -0.022444 0.000000
7.357215 29.977389 -0.030352 0.000000
6.442053 29.625483 -0.023404 0.000000
2.730212 27.483462 2.334553 0.000000
4.435661 26.449850 2.348878 0.000000
8.724544 26.088702 2.361626 0.000000
7.927324 26.374604 2.359744 0.000000
8.582661 29.591670 -0.031504 0.000000
-8.771920 31.218484 0.011013 0.000000
-8.017633 31.289986 0.008278 0.000000
-7.735901 30.076157 0.005128 0.000000
-8.003667 26.860455 2.400291 0.000000
-8.638655 26.824931 2.404330 0.000000
-8.685216 27.201569 2.400876 0.000000
-7.700922 29.423637 0.005429 0.000000
-6.008914 29.518167 0.007011 0.000000
-8.951882 29.810019 0.004473 0.000000
-8.222122 27.827404 2.356729 0.000000
-9.220015 29.466202 0.248569 0.000000
-8.357829 30.398678 0.044089 0.000000
-9.220450 29.546561 1.228128 0.000000
-9.220276 29.582252 1.034586 0.000000
-9.220100 29.536424 0.776770 0.000000
8.936096 29.804861 2.359450 0.000000
-1.599787 27.913901 2.309741 0.000000
-8.829785 30.561832 2.400714 0.000000
-8.412677 30.675196 2.400811 0.000000
-9.013070 30.906413 2.407475 0.000000
-0.246562 35.328604 -0.011114 0.000000
-0.809890 34.277031 -0.003331 0.000000
5.328882 27.135556 2.423589 0.000000
5.546941 27.604546 2.422103 0.000000
6.032055 26.988758 2.434493 0.000000
6.423836 26.588352 2.443350 0.000000
5.176576 27.606025 2.416867 0.000000
5.321357 27.343063 2.421460 0.000000
5.932198 26.651697 2.436401 0.000000
4.690809 27.613060 2.409707 0.000000
4.823274 27.395502 2.413837 0.000000
6.982902 26.516039 2.451051 0.000000
5.498917 26.707309 2.430119 0.000000
4.537704 27.608855 2.407450 0.000000
4.735199 27.342393 2.413087 0.000000
4.974557 27.157475 2.418402 0.000000
5.108603 26.757131 2.424313 0.000000
4.259693 27.610227 2.403177 0.000000
4.385072 27.372336 2.407575 0.000000
4.559907 27.104776 2.412964 0.000000
4.797571 26.932492 2.418173 0.000000
7.126751 27.283556 2.445853 0.000000
7.730876 27.658699 2.433647 0.000000
7.096582 27.656441 2.426870 0.000000
7.739298 27.262817 2.453626 0.000000
9.205652 26.235215 2.470968 0.000000
4.148905 27.369302 2.404003 0.000000
7.686890 26.855587 2.456613 0.000000
8.371475 26.335422 2.469448 0.000000
6.038357 27.652203 2.428378 0.000000
7.625136 26.432648 2.459674 0.000000
5.651536 27.641178 2.423207 0.000000
2.577788 27.484016 2.333275 0.000000
4.362524 27.194894 2.409101 0.000000
4.477326 26.966892 2.413206 0.000000
4.008269 27.147196 2.404250 0.000000
4.187578 26.997868 2.408598 0.000000
3.676053 27.052010 2.400173 0.000000
3.885999 26.911197 2.405016 0.000000
3.640896 26.941550 2.400905 0.000000
3.223061 27.042845 2.340323 0.000000
3.447244 26.954034 2.342096 0.000000
8.788486 29.439664 0.004329 0.000000
6.813638 29.737409 0.005339 0.000000
9.206665 27.689090 2.421686 0.000000
8.473035 27.661705 2.441308 0.000000
9.203557 27.224468 2.458703 0.000000
-3.256452 29.148949 -0.014078 0.000000
-3.943065 29.185339 -0.023550 0.000000
-5.001922 29.242192 -0.036783 0.000000
-4.196109 29.325808 -0.027862 0.000000
-5.564526 29.538080 -0.006092 0.000000
-3.216240 29.154427 0.532277 0.000000
-4.732363 29.176672 -0.001212 0.000000
-3.236359 29.154275 0.257008 0.000000
-5.854385 29.421490 -0.006573 0.000000
-4.020305 29.133643 -0.024111 0.000000
-9.216917 29.419268 -0.030210 0.000000
-7.519016 29.522500 -0.066634 0.000000
-1.997714 27.469289 2.319842 0.000000
6.227921 28.096784 2.413672 0.000000
6.376157 27.882659 2.417059 0.000000
6.422331 27.601464 2.433944 0.000000
5.656301 28.277930 2.417420 0.000000
5.819080 28.063641 2.409086 0.000000
5.929236 27.864128 2.411992 0.000000
5.275073 28.242539 2.412294 0.000000
5.448185 28.033833 2.404784 0.000000
5.529724 27.847788 2.407304 0.000000
5.114802 28.007216 2.400788 0.000000
5.170099 27.833292 2.402940 0.000000
5.301798 27.631071 2.418410 0.000000
4.841920 27.607451 2.412000 0.000000
2.133069 27.791922 2.327111 0.000000
6.082191 28.318119 2.422958 0.000000
8.794332 28.631215 2.437432 0.000000
9.205822 28.350341 2.436115 0.000000
8.462555 28.281064 2.436603 0.000000
8.870032 27.989632 2.442889 0.000000
7.512497 28.472550 2.425213 0.000000
8.106052 27.956357 2.435329 0.000000
6.984674 28.407652 2.419919 0.000000
7.585394 27.964393 2.445572 0.000000
6.557945 28.363727 2.428941 0.000000
6.685052 28.134087 2.418630 0.000000
6.998054 27.942515 2.438356 0.000000
5.449011 27.310003 2.423556 0.000000
7.684973 26.616617 2.458736 0.000000
6.334351 27.270270 2.435827 0.000000
6.652954 27.052493 2.441952 0.000000
7.036662 26.688118 2.450135 0.000000
5.864396 27.291294 2.429400 0.000000
6.476590 26.749692 2.442508 0.000000
5.980796 26.803980 2.435577 0.000000
5.073809 27.326990 2.418126 0.000000
5.541300 26.851906 2.429269 0.000000
5.151202 26.894295 2.423520 0.000000
7.501718 27.692809 2.446904 0.000000
8.737182 27.327542 2.465043 0.000000
9.204417 26.940430 2.420764 0.000000
8.000265 27.340978 2.456113 0.000000
8.595973 26.928666 2.466853 0.000000
6.955696 27.677791 2.440159 0.000000
7.367847 27.352322 2.448251 0.000000
7.854553 26.976103 2.457572 0.000000
6.867015 27.246550 2.442907 0.000000
4.529911 27.400030 2.409464 0.000000
4.655562 27.177064 2.413612 0.000000
4.014770 27.407552 2.401506 0.000000
4.262807 27.403996 2.405384 0.000000
3.848503 27.225724 2.400901 0.000000
3.922104 27.026075 2.404274 0.000000
8.039219 29.542092 0.004663 0.000000
5.133466 29.198712 0.247567 0.000000
-6.747606 29.695160 -0.048148 0.000000
-5.326344 29.697059 -0.035059 0.000000
-4.980403 29.518591 -0.030438 0.000000
-4.435980 29.256907 -0.000295 0.000000
-9.220051 29.425077 0.117552 0.000000
-3.806374 29.287523 -0.016604 0.000000
-4.703289 29.355376 -0.026533 0.000000
-6.386626 29.560019 -0.008997 0.000000
-9.216760 29.704985 -0.048765 0.000000
6.252271 29.398809 2.426669 0.000000
5.394777 29.395885 2.413257 0.000000
5.826268 29.294437 2.421086 0.000000
4.721641 29.400188 2.401969 0.000000
4.766642 29.228432 2.404378 0.000000
4.495118 29.157378 2.400334 0.000000
4.787224 29.045897 2.406502 0.000000
4.501172 28.979384 2.402191 0.000000
7.904353 29.812927 2.446791 0.000000
6.613987 29.730184 2.429012 0.000000
6.735341 29.518537 2.432779 0.000000
4.920253 29.644087 2.403098 0.000000
5.317084 29.575504 2.410316 0.000000
-9.216908 30.044642 -0.049426 0.000000
-7.279715 30.008391 -0.068120 0.000000
-9.217270 30.381847 -0.042543 0.000000
-7.069977 29.717392 -0.009952 0.000000
-8.717580 28.033364 2.357844 0.000000
-9.220021 29.511633 0.556930 0.000000
-9.220187 29.471291 0.937595 0.000000
-7.075037 29.470978 -0.010743 0.000000
5.625274 27.892187 2.420505 0.000000
6.486362 27.923623 2.431882 0.000000
7.476531 27.219547 2.450782 0.000000
5.681283 28.172603 2.418721 0.000000
6.029798 27.906878 2.425934 0.000000
5.323341 28.145795 2.413882 0.000000
5.959456 27.603038 2.427768 0.000000
4.999042 28.121611 2.409366 0.000000
5.258889 27.878977 2.415443 0.000000
4.621977 28.183509 2.403076 0.000000
4.929885 27.867241 2.410763 0.000000
7.588869 28.316775 2.442572 0.000000
8.998888 28.424376 2.458759 0.000000
4.433088 28.079660 2.401144 0.000000
8.256376 27.989535 2.453581 0.000000
9.045401 27.594540 2.466367 0.000000
4.427750 27.356445 2.408384 0.000000
4.628282 27.856564 2.406349 0.000000
4.354472 27.846980 2.402229 0.000000
8.377795 29.759464 0.004396 0.000000
9.220038 29.150828 0.327360 0.000000
5.033227 28.664966 2.404899 0.000000
7.101728 28.416622 2.435555 0.000000
5.361065 28.940136 2.407348 0.000000
5.722107 28.773227 2.413974 0.000000
6.117969 28.582360 2.421127 0.000000
5.044188 28.880730 2.403162 0.000000
5.360470 28.716129 2.409286 0.000000
5.704054 28.529647 2.415848 0.000000
6.586225 28.642680 2.426900 0.000000
5.332593 28.482921 2.410949 0.000000
4.735445 28.618876 2.400774 0.000000
4.994724 28.440952 2.406343 0.000000
4.690100 28.403627 2.402051 0.000000
4.931485 28.211192 2.407519 0.000000
6.531101 29.162847 2.421764 0.000000
9.201737 28.992768 2.451643 0.000000
7.018226 29.256752 2.427382 0.000000
8.413174 28.883116 2.447909 0.000000
9.201954 28.642138 2.441543 0.000000
7.082881 28.992092 2.430422 0.000000
7.718423 28.790891 2.440159 0.000000
8.448013 28.550250 2.451123 0.000000
6.574630 28.909705 2.424470 0.000000
7.112522 28.711196 2.433174 0.000000
7.725186 28.478083 2.442891 0.000000
8.203898 29.487406 2.440365 0.000000
-5.276041 29.400200 0.713941 0.000000
-4.873776 29.377309 -0.001454 0.000000
-6.491729 29.481862 -0.007275 0.000000
-5.162869 29.544692 -0.003245 0.000000
-4.283325 29.419737 -0.000344 0.000000
-7.846803 29.994755 -0.013253 0.000000
8.524412 28.043567 2.359456 0.000000
8.832520 28.422055 2.359861 0.000000
-8.648128 29.706732 2.356717 0.000000
6.549513 29.275901 0.005730 0.000000
-8.427351 29.482076 -0.014712 0.000000
-4.604117 29.580005 -0.002528 0.000000
-6.316634 29.877852 -0.010258 0.000000
-7.960277 29.591581 -0.013906 0.000000
-6.049320 29.640476 -0.008258 0.000000
-8.335744 29.906516 -0.016431 0.000000
-4.902560 29.669220 -0.004191 0.000000
-5.360202 29.404004 0.460068 0.000000
2.908734 27.295161 2.336933 0.000000
3.049927 27.174590 2.338547 0.000000
2.793466 27.397792 2.335516 0.000000
6.710101 29.317783 0.005605 0.000000
5.230101 29.198685 0.208952 0.000000
8.541363 29.222629 0.004521 0.000000
9.220074 29.181946 0.108141 0.000000
4.204507 26.791907 2.346772 0.000000
3.867060 26.981044 2.344402 0.000000
6.014093 26.570410 2.354467 0.000000
-1.057682 34.161026 -0.002815 0.000000
9.130121 29.771947 2.359838 0.000000
7.392204 29.272309 0.005156 0.000000
-2.133499 27.172401 2.324475 0.000000
-4.318346 29.149990 0.010108 0.000000
-9.182820 29.559571 0.004448 0.000000
-4.395968 29.395492 0.460784 0.000000
-5.548961 29.395184 0.167892 0.000000
-6.223416 29.488120 0.006759 0.000000
-9.094130 29.781692 0.004422 0.000000
9.109411 27.976945 2.360718 0.000000
5.909872 29.173655 0.006327 0.000000
3.927517 26.780565 2.345426 0.000000
4.178547 26.756165 2.346762 0.000000
-9.220089 29.396793 0.028942 0.000000
-6.794018 29.788836 0.006042 0.000000
-8.368784 29.461634 0.004960 0.000000
-4.830503 29.470356 0.008872 0.000000
-9.220116 29.389626 0.825918 0.000000
-5.904902 29.395332 0.578826 0.000000
-5.696325 29.395234 0.214455 0.000000
-1.087819 34.803445 -0.002791 0.000000
-0.677702 34.125373 -0.006321 0.000000
1.205029 28.344176 1.386899 0.000000
8.442073 25.871361 2.361372 0.000000
7.864347 26.055995 2.360011 0.000000
7.079045 26.080079 2.358215 0.000000
3.675268 26.793789 2.344042 0.000000
4.829444 26.578657 2.350177 0.000000
6.294908 29.317567 0.005946 0.000000
5.474646 29.568830 0.006634 0.000000
5.512994 29.185696 0.006741 0.000000
5.032693 29.200652 0.390603 0.000000
5.345236 29.200341 0.316842 0.000000
8.768530 29.752219 0.004208 0.000000
7.714907 29.318629 0.004934 0.000000
-7.173832 29.644534 0.005745 0.000000
9.006622 29.615776 0.004162 0.000000
-1.994119 27.358251 2.321153 0.000000
-9.220001 29.388357 0.356583 0.000000
-4.939239 29.030196 0.008802 0.000000
-7.278942 29.538467 0.005704 0.000000
-5.799797 29.537610 0.007272 0.000000
-8.361654 29.724161 0.004857 0.000000
-6.367794 29.747665 0.006492 0.000000
-7.753391 29.912804 0.005173 0.000000
7.357234 29.769054 0.004968 0.000000
-5.260733 29.395298 0.151151 0.000000
-6.617475 29.547527 0.006323 0.000000
-9.017822 26.056690 2.360551 0.000000
7.909208 25.922724 2.360254 0.000000
6.674586 26.115639 2.357130 0.000000
5.316903 26.325528 2.352620 0.000000
8.657491 26.298370 2.361291 0.000000
8.667908 25.803479 2.361839 0.000000
4.325611 26.476311 2.348324 0.000000
4.049000 26.517783 2.346933 0.000000
7.511359 29.773879 0.004876 0.000000
5.019212 29.651090 0.007144 0.000000
7.522003 26.435819 2.358757 0.000000
3.390654 26.949476 2.341785 0.000000
-4.223411 29.395421 0.299188 0.000000
-7.788090 29.698162 0.005239 0.000000
-6.136400 29.631749 0.006813 0.000000
8.821180 29.758548 0.004165 0.000000
-2.369396 26.872823 2.329358 0.000000
-8.521733 29.555416 0.004814 0.000000
-6.462424 29.549997 0.006476 0.000000
-9.220074 29.390577 0.736926 0.000000
-6.153594 29.395255 0.334984 0.000000
-7.111643 29.487958 0.005867 0.000000
-4.468640 29.080825 0.009773 0.000000
6.351441 26.153608 2.356190 0.000000
5.088064 26.349913 2.351737 0.000000
4.789590 26.393682 2.350505 0.000000
8.994178 25.736705 2.362465 0.000000
7.398296 25.992939 2.359075 0.000000
7.541684 29.395510 0.005007 0.000000
6.799304 29.725605 0.005376 0.000000
8.110343 29.353545 0.004689 0.000000
-7.416768 29.450766 0.005636 0.000000
-5.830209 29.403923 0.007277 0.000000
-8.501701 29.921431 0.004678 0.000000
-2.599850 26.766296 2.331925 0.000000
6.167818 26.194323 2.355601 0.000000
5.707830 26.181489 2.354597 0.000000
4.955410 26.380851 2.351168 0.000000
8.756413 25.796880 2.362019 0.000000
8.324570 29.321227 0.004607 0.000000
9.010643 29.111580 0.004369 0.000000
-6.588361 29.620433 0.006315 0.000000
-7.830421 29.678064 0.005219 0.000000
-6.890986 30.014205 0.005832 0.000000
5.768682 29.323123 0.006416 0.000000
-7.897891 29.475016 0.005272 0.000000
-8.436567 30.148838 0.004609 0.000000
7.802120 29.610123 0.004767 0.000000
5.463735 26.291827 2.353196 0.000000
6.882449 26.070371 2.357726 0.000000
6.084583 29.386062 0.006090 0.000000
8.998321 29.833192 0.004072 0.000000
9.071621 27.128063 2.361304 0.000000
-4.792898 29.395374 0.282796 0.000000
5.504977 29.198550 0.296159 0.000000
-8.591310 29.741585 0.004711 0.000000
9.153155 25.776129 2.362714 0.000000
8.320473 25.903066 2.361105 0.000000
-9.077316 30.067168 0.004287 0.000000
-6.749636 30.000099 0.005967 0.000000
9.064603 25.852858 2.362486 0.000000
7.607071 26.011467 2.359519 0.000000
-5.508449 29.395373 0.548341 0.000000
7.952340 29.236248 0.004833 0.000000
-8.124299 29.758558 0.004984 0.000000
-5.515829 29.395307 0.300934 0.000000
8.519629 26.355208 2.360987 0.000000
6.449516 26.186508 2.356424 0.000000
8.871449 29.298458 0.004345 0.000000
0.836327 35.568918 0.003838 0.000000
-5.165292 29.395526 0.719528 0.000000
5.229317 29.198732 0.423001 0.000000
-8.837144 29.422441 0.004688 0.000000
-9.220853 28.832167 1.391539 0.000000
-8.319844 29.861528 0.004814 0.000000
8.529470 29.839697 0.004289 0.000000
8.438015 29.413679 0.004507 0.000000
7.206868 29.159431 0.005315 0.000000
-8.913498 29.760015 0.004508 0.000000
-7.951147 30.093188 0.004950 0.000000
-0.885723 34.883803 0.004997 0.000000
-9.220010 29.389995 0.527687 0.000000
6.288254 29.677106 0.005798 0.000000
-9.157552 29.847249 0.004342 0.000000
2.993510 27.193904 2.338065 0.000000
3.920814 26.598136 2.346045 0.000000
7.983392 29.810916 0.004578 0.000000
7.080130 29.146248 0.005390 0.000000
2.373328 27.592206 2.330801 0.000000
9.151400 29.416960 0.004158 0.000000
7.626163 29.167020 0.005050 0.000000
-5.554928 29.395447 0.632737 0.000000
-0.381838 35.349050 0.004282 0.000000
-4.695419 29.395528 0.649765 0.000000
-8.658476 29.557226 0.004748 0.000000
8.302751 29.586900 0.004504 0.000000
-7.916698 29.923490 0.005052 0.000000
1.200443 28.346526 1.128188 0.000000
9.027045 29.331745 0.004267 0.000000
8.983349 29.582360 0.004185 0.000000
-8.053873 29.535301 0.005123 0.000000
-8.935821 29.387746 0.004643 0.000000
-8.985169 30.055730 0.004340 0.000000
8.207025 29.163296 0.004724 0.000000
-7.038028 29.394950 0.005981 0.000000
-9.220381 29.386672 1.164349 0.000000
-5.252282 29.395400 0.424206 0.000000
5.763882 29.195109 0.006472 0.000000
-6.236029 29.395501 0.754531 0.000000
6.127240 29.191997 0.006130 0.000000
-6.032577 29.395222 0.140349 0.000000
-7.592521 29.934351 0.005280 0.000000
-5.784777 29.395449 0.574869 0.000000
8.129472 29.799976 0.004514 0.000000
-5.622354 29.398596 0.007565 0.000000
7.114485 29.400342 0.005264 0.000000
-8.988885 30.212897 0.004287 0.000000
-4.375789 29.395544 0.651819 0.000000
6.451293 29.173758 0.005870 0.000000
-6.063834 29.395337 0.487917 0.000000
5.117720 29.198816 0.436712 0.000000
5.591649 29.198577 0.436985 0.000000
-8.636914 30.140483 0.004498 0.000000
1.743386 27.997857 2.321143 0.000000
-5.833800 29.393255 0.007286 0.000000
-6.815086 29.392856 0.006176 0.000000
7.545247 29.193889 0.005084 0.000000
-5.394189 29.395387 0.265650 0.000000
-8.184370 30.078317 0.004800 0.000000
-9.042652 29.389917 0.004597 0.000000
-8.104754 29.995854 0.004911 0.000000
-5.337269 29.395515 0.693838 0.000000
-5.082212 29.395438 0.423407 0.000000
8.032385 29.141028 0.004813 0.000000
8.765219 29.800712 0.004174 0.000000
-7.629003 29.391451 0.005483 0.000000
-8.761783 29.775013 0.004584 0.000000
-7.238127 29.392403 0.005799 0.000000
-8.393511 25.594778 2.359858 0.000000
6.204190 29.171688 0.006069 0.000000
-4.502158 29.395513 0.572285 0.000000
-4.820533 29.395495 0.657035 0.000000
-4.466398 29.395524 0.657567 0.000000
-4.916875 29.395393 0.458540 0.000000
-5.689115 29.395467 0.744612 0.000000
-4.447792 29.395415 0.293092 0.000000
-6.216853 29.395189 0.131708 0.000000
-6.147176 29.395421 0.711348 0.000000
-8.341014 29.396542 0.004997 0.000000
-5.825067 29.395204 0.209878 0.000000
-4.532225 29.395609 0.803869 0.000000
-5.190177 29.395298 0.296840 0.000000
-5.923857 29.395484 0.699231 0.000000
-4.739813 29.395411 0.447830 0.000000
-4.330127 29.395589 0.801301 0.000000
-6.220401 29.395380 0.490299 0.000000
-4.846687 29.395353 0.214628 0.000000
-5.136631 29.395289 0.172447 0.000000
-5.248160 29.395552 0.812909 0.000000
-4.624130 29.395554 0.812944 0.000000
-8.712508 29.399250 0.004770 0.000000
7.891494 29.117242 0.004913 0.000000
-5.099826 29.395569 0.800205 0.000000
-6.217274 29.395242 0.334256 0.000000
-4.985247 29.395563 0.809731 0.000000
5.600050 29.198490 0.350074 0.000000
